ts_code,trade_date,turnover_rate,volume_ratio,pe_ttm,pb,ps_ttm,dv_ttm,total_mv,circ_mv
605080.SH,20260318,1.1872,1.71,16.5688,1.5426,3.2944,0.8217,339273.3935,336421.8264
300590.SZ,20260318,0.9549,0.59,73.3234,2.9992,6.1831,1.8253,550981.2105,424526.1828
300697.SZ,20260318,2.9261,0.69,41.1607,5.574,2.239,0.8763,683571.2,318356.1971
300400.SZ,20260318,14.2147,1.97,56.8986,9.0989,8.0869,3.169,620151.5448,613244.2104
600365.SH,20260318,1.0757,0.7,,5.5232,1.9205,,148921.84,140147.84
603606.SH,20260318,2.6249,0.81,44.9927,5.8098,4.503,0.6925,4454332.4385,4454332.4385
002140.SZ,20260318,3.0757,0.73,18.1634,2.1098,0.9655,1.4631,967854.963,966416.1996
002472.SZ,20260318,1.5431,0.95,27.8701,3.4845,3.8807,1.0366,3300608.3622,2933959.7467
300751.SZ,20260318,6.115,1.62,89.8139,9.4922,9.0241,0.4105,7460113.6602,5162509.3203
002200.SZ,20260318,0.826,0.8,,,6.6409,,341050.9392,147968.8333
002068.SZ,20260318,2.9698,0.45,,2.6343,0.7641,,706666.7334,706340.594
920496.BJ,20260318,2.4952,0.58,157.3132,3.0279,2.8087,1.4591,170211.1,149058.3881
002128.SZ,20260318,0.6719,0.7,13.6136,1.8839,2.262,3.5796,6888355.344,6888355.344
002236.SZ,20260318,1.1364,0.93,15.3318,1.5653,1.8048,3.5591,5909586.5221,3804499.7659
688802.SH,20260318,11.8909,1.25,,17.3057,138.6649,,22797698.0,1033558.6815
300254.SZ,20260318,3.1238,0.78,152.4254,10.5608,3.655,,310403.5784,273829.184
603486.SH,20260318,0.5295,0.81,22.8653,4.2244,1.9168,0.7037,3679044.8996,3643646.9141
301288.SZ,20260318,0.9096,1.1,,2.524,16.4666,,200574.57,145049.5662
301118.SZ,20260318,3.4861,0.65,,2.1582,1.9472,0.4771,289265.55,275762.7154
300597.SZ,20260318,3.1162,1.48,,2.8754,5.5442,0.0393,271479.7499,270286.749
002161.SZ,20260318,4.3583,1.16,55.9465,3.6361,10.3988,0.1816,611039.6124,582117.4058
688217.SH,20260318,1.314,1.08,,1.9681,9.6143,0.5608,167288.4085,167288.4085
601088.SH,20260318,0.1947,0.77,19.518,2.3084,3.3871,6.3029,100808436.3679,78299448.2103
603638.SH,20260318,0.4759,0.75,46.7247,5.1554,5.794,0.7029,1773543.5205,1773543.5205
600860.SH,20260318,8.9968,0.98,,9.3693,4.4772,,723228.9901,586577.8809
603317.SH,20260318,0.6326,0.52,23.9963,3.01,3.9641,4.2758,1367093.7955,1367093.7955
600765.SH,20260318,1.3976,0.62,44.676,1.9389,2.6892,0.7055,2719969.7561,2719969.7561
603282.SH,20260318,1.3497,0.86,23.4038,2.1634,2.7822,1.0884,285973.34,285973.34
600729.SH,20260318,1.4211,0.88,10.0541,1.3141,0.6975,6.5285,1026255.6694,448485.0265
300467.SZ,20260318,1.7245,0.79,386.6852,9.7742,22.0027,,624042.2387,517639.3885
002529.SZ,20260318,2.2557,0.97,,9.7368,5.4988,,188240.0,188240.0
300928.SZ,20260318,2.0179,0.74,,2.3666,2.5482,,259840.0,174048.8805
300773.SZ,20260318,6.6368,0.56,117.0524,6.048,3.8181,1.5184,2076025.39,1963473.1384
001301.SZ,20260318,2.5524,0.51,21.609,3.1051,2.9512,0.9896,2099719.7199,1497911.5034
688222.SH,20260318,1.7148,0.73,89.9993,6.8769,19.5243,0.2336,1026141.48,1026141.48
601702.SH,20260318,0.4148,0.53,16.6445,3.3829,1.6849,1.4444,2073948.0562,2073948.0562
603373.SH,20260318,2.0817,0.67,35.1399,2.5462,1.6582,1.6552,454731.184,192123.9267
300421.SZ,20260318,2.4108,0.78,130.4138,5.7716,6.7698,0.4817,732429.9356,573787.0834
600755.SH,20260318,1.9245,1.09,28.1788,0.7113,0.0448,4.2098,1383040.8498,1379506.5411
600415.SH,20260318,0.6496,0.87,18.0736,3.4234,4.1763,2.3827,7594729.528,7594729.528
600486.SH,20260318,1.3214,0.62,25.4386,2.7807,2.7067,1.1904,3133164.5149,3122832.2954
002513.SZ,20260318,4.6741,0.67,,68.7234,1.2125,,266296.1304,204930.2831
300682.SZ,20260318,2.475,0.56,,2.9141,4.6512,1.3714,1965623.9017,1881441.7103
002714.SZ,20260318,0.8267,0.66,12.9338,3.523,1.8754,2.9786,28686010.3463,18925897.3661
688419.SH,20260318,3.4173,1.11,67.4353,5.2598,18.5243,0.5959,546296.9095,283801.0106
300225.SZ,20260318,3.0051,0.96,98.232,3.1615,3.5196,0.3484,272896.5847,272682.7697
300988.SZ,20260318,2.9647,0.42,37.8597,3.0599,2.0284,0.6016,389465.463,296115.4953
002494.SZ,20260318,3.3198,1.0,142.2377,1.7447,5.3709,,213935.1771,162598.8383
601512.SH,20260318,0.2072,1.03,17.1236,0.9025,4.1239,1.4097,1360992.12,1360992.12
688571.SH,20260318,0.8924,0.95,31.2355,2.0212,2.7126,2.4346,338912.3893,338912.3893
002575.SZ,20260318,21.5013,0.89,,6.4687,12.7475,,536355.0,509381.085
600650.SH,20260318,0.5529,0.73,64.177,1.8605,4.6798,0.7618,796524.9945,563968.7483
300157.SZ,20260318,10.3399,0.64,250.0148,,9.8098,,549620.5884,516004.1567
600651.SH,20260318,0.5832,0.98,368.1447,7.3314,9.555,,1827623.4229,1827623.4229
605033.SH,20260318,3.1095,0.89,106.0565,2.769,3.6234,0.6421,315827.2,315827.2
000816.SZ,20260318,4.3723,0.76,,2.5222,4.1651,,516583.7545,512805.6785
300538.SZ,20260318,2.1616,0.86,,2.9963,0.8678,,288340.9382,191761.6181
300766.SZ,20260318,7.3788,0.74,,9.2161,30.6958,,1447152.6092,1313344.6393
688021.SH,20260318,8.4092,0.99,147.0814,2.3675,5.9187,,206393.4496,206393.4496
001210.SZ,20260318,8.9944,1.62,25.2812,2.5329,2.8337,1.3075,339813.0689,206513.024
688468.SH,20260318,0.6009,0.82,68.9173,2.1684,9.1994,1.6117,306045.404,306045.404
600663.SH,20260318,0.2375,0.92,32.6377,1.5884,2.1981,1.8948,3992876.8674,2502457.144
002552.SZ,20260318,1.0802,0.72,38.011,5.2681,2.4,1.0923,710401.1411,674729.5222
688401.SH,20260318,1.6586,1.13,38.4651,6.3485,8.3466,0.5977,964228.7351,964228.7351
300226.SZ,20260318,3.3783,0.82,43.7751,4.1524,0.1185,0.1804,883177.0604,848911.5449
300627.SZ,20260318,1.2081,0.9,40.0025,6.7855,7.398,1.025,2723434.7729,2243130.3516
600082.SH,20260318,2.1182,0.99,40.9477,1.3914,3.2991,,247462.3614,242950.4628
603958.SH,20260318,3.238,0.82,,6.4516,3.3878,,444204.0,444204.0
603668.SH,20260318,2.5536,1.52,241.0866,2.8047,1.1273,,660474.5932,660474.5932
300227.SZ,20260318,2.8577,0.49,,4.3742,5.3331,,692981.1818,539169.3226
002149.SZ,20260318,9.256,0.98,248.1428,7.7215,7.3563,0.6618,2213075.304,2212735.329
600543.SH,20260318,3.4808,2.26,,2.1979,6.7787,,166982.4,166982.4
000908.SZ,20260318,0.0078,0.77,65.7478,275.9761,26.1794,,1029335.9907,514667.9953
301326.SZ,20260318,4.8799,0.56,,7.7021,8.5059,,987616.2354,370907.8297
600339.SH,20260318,2.1731,0.78,43.7905,0.8607,0.2499,1.1622,2305839.9055,2305839.9055
002307.SZ,20260318,2.8349,0.82,,1.7519,0.6314,,786467.6097,604975.0846
301065.SZ,20260318,1.8083,0.83,37.3011,1.9437,4.0059,0.7909,260915.22,212353.5375
300265.SZ,20260318,13.1133,0.84,309.4539,3.5823,3.2176,0.2193,836071.187,835535.4575
603172.SH,20260318,4.0389,0.69,52.6173,2.7096,5.1216,0.4076,294503.04,110576.64
600605.SH,20260318,2.7359,0.99,258.9927,4.4005,60.5812,0.4624,624623.195,624623.195
688521.SH,20260318,2.4516,0.67,,30.8379,34.817,,10975851.7475,10975851.7475
688187.SH,20260318,0.3182,0.65,18.0239,1.7412,2.5728,2.6427,7399460.897,4734677.0329
300200.SZ,20260318,2.5094,0.72,34.9261,2.9636,3.9425,1.2838,486568.7496,478607.0574
002866.SZ,20260318,5.1973,0.76,,2.8758,2.793,,597284.4141,373952.8019
002647.SZ,20260318,1.7871,0.69,28.92,18.5115,12.6379,,1039868.3244,623517.109
002890.SZ,20260318,1.0789,0.82,183.3945,4.569,8.8872,0.1607,274858.0089,261281.4518
600129.SH,20260318,0.9465,1.2,,2.6058,0.9183,,921971.2053,921971.2053
603029.SH,20260318,5.4033,0.96,29.588,2.5848,2.5316,0.8687,240257.16,240257.16
688166.SH,20260318,5.8679,1.58,387.5808,9.1025,17.7555,0.1866,2172638.2749,2172638.2749
000957.SZ,20260318,3.1628,1.26,20.6902,2.2165,0.957,0.8563,684804.0461,684804.0461
002905.SZ,20260318,1.5687,0.91,105.5232,40.6549,3.5115,,386104.32,358525.44
300878.SZ,20260318,0.646,0.3,,4.1284,31.7915,0.4751,418588.8209,416662.3655
688228.SH,20260318,2.5958,0.89,,5.9998,18.7678,0.1273,785412.6865,785412.6865
001287.SZ,20260318,9.7653,2.83,54.1494,3.4813,0.3056,0.4545,1872393.839,1077740.0431
600987.SH,20260318,0.6974,0.54,10.7661,1.2147,0.7166,5.2151,782968.0756,782968.0756
603158.SH,20260318,10.3751,0.83,39.1134,2.6302,1.5371,1.2713,611008.8343,611008.8343
603310.SH,20260318,1.6312,1.31,32.4059,1.4567,5.8398,1.7932,577753.82,324578.73
301177.SZ,20260318,0.3206,0.71,88.0189,1.9131,7.8027,1.6784,1191617.3354,1190827.7605
688469.SH,20260318,1.4482,0.77,,4.4438,7.0898,,5800819.523,3065421.6
603221.SH,20260318,0.9636,0.98,46.0594,1.8902,2.5363,1.4495,303718.68,300899.34
600116.SH,20260318,1.3776,0.92,47.4874,1.171,1.3382,1.2952,1315554.318,1315554.318
605555.SH,20260318,0.543,0.86,28.7711,2.5853,1.775,1.6702,780319.2925,780319.2925
002100.SZ,20260318,2.4925,0.86,23.2697,1.4642,0.5932,2.8609,1049878.415,1049878.415
001378.SZ,20260318,4.4441,1.57,43.0987,1.8611,2.3143,2.5026,345600.6912,167198.9455
688505.SH,20260318,0.3328,0.83,,4.0164,12.3942,0.3659,849989.122,582669.122
605158.SH,20260318,0.6688,1.06,24.8684,1.6473,0.6045,1.8654,407090.32,407090.32
688193.SH,20260318,1.2153,1.36,222.0696,2.3121,13.03,0.4588,211168.2149,211168.2149
300612.SZ,20260318,3.0475,0.86,,5.8968,5.6558,,289088.1026,288166.9526
300235.SZ,20260318,2.7354,1.23,576.318,4.6961,45.7363,0.3445,327522.3721,264277.7126
600360.SH,20260318,0.8225,0.61,50.4744,2.606,3.9833,0.8026,885392.2703,885392.2703
300161.SZ,20260318,1.4003,0.27,,3.9612,3.9056,0.0326,608807.32,597464.3828
001282.SZ,20260318,6.1534,0.68,36.6713,3.0806,3.0034,0.6359,494140.7744,173838.5152
300779.SZ,20260318,2.8584,0.61,717.0104,14.0542,16.4817,0.1018,1914894.3681,1534716.3462
300434.SZ,20260318,0.9941,0.67,31.6407,1.6392,3.914,0.6719,412590.9565,351358.3553
000695.SZ,20260318,8.1384,0.66,,18.8239,6.4554,,323294.2339,309426.5738
920112.BJ,20260318,0.7418,0.89,21.5474,3.4659,2.7712,1.3669,310381.3,84803.414
000905.SZ,20260318,1.7734,0.84,41.177,1.6753,0.3828,1.2259,847146.5598,847144.2758
301332.SZ,20260318,1.0272,1.06,34.7426,1.515,1.2563,1.5564,441715.3125,253506.9075
301278.SZ,20260318,6.9276,0.48,132.649,2.795,4.1496,1.1529,397676.1979,227864.9064
920725.BJ,20260318,4.9852,0.53,,5.2861,18.6804,0.2863,316724.25,146009.8341
920068.BJ,20260318,18.7348,1.94,114.1193,11.9041,25.3097,0.4105,1597041.6365,152747.5798
000573.SZ,20260318,2.6572,1.27,42.5502,1.6877,6.387,1.1494,277652.0627,275339.6963
300521.SZ,20260318,1.1626,0.73,,8.3517,23.7286,,444398.64,444398.64
600639.SH,20260318,1.0537,0.69,11.6265,0.8223,2.0924,2.902,1248123.137,945463.2137
301149.SZ,20260318,3.4761,0.78,38.8582,2.6079,0.9122,1.2295,524600.022,318699.0311
600835.SH,20260318,0.8813,1.21,26.6368,1.7394,1.2352,1.7647,2434119.553,1919480.234
000973.SZ,20260318,6.8776,0.72,323.1943,4.5369,17.2556,0.0871,3888930.5638,1530463.4565
000501.SZ,20260318,0.8456,0.96,31.2231,0.6306,1.1231,3.2797,685941.5161,685259.8809
000822.SZ,20260318,10.6816,1.19,,1.1811,1.191,,566593.1892,566593.1892
688588.SH,20260318,0.5603,0.78,51.0348,4.2211,4.9181,1.4902,518412.9639,518412.9639
300812.SZ,20260318,8.8723,0.62,,6.5419,11.7579,,512681.9261,339311.4886
301205.SZ,20260318,13.6847,0.74,251.4442,17.8336,25.8296,0.0917,2828548.944,1481558.4623
600386.SH,20260318,0.8971,0.89,4103.8654,1.8878,0.8192,0.2392,337075.2,337075.2
605116.SH,20260318,1.6274,1.26,25.2108,4.2437,6.5886,1.0969,1070292.8216,1070292.8216
002651.SZ,20260318,1.2397,1.03,177.4365,3.6798,14.0633,0.6073,1021058.48,558678.0773
300971.SZ,20260318,3.3009,0.84,38.3492,2.6845,5.5502,0.7425,282828.0,221410.3077
300808.SZ,20260318,1.2871,0.73,,4.7542,13.5576,,460960.0,342549.6842
603809.SH,20260318,0.8146,0.69,31.1933,2.9375,4.1809,1.1951,1073056.749,1073056.749
301165.SZ,20260318,1.6427,1.04,84.7945,14.4045,5.1038,0.4818,7146363.6323,7146363.6323
000850.SZ,20260318,0.9446,0.86,15.9438,1.0734,1.451,1.8689,488818.4747,488679.5833
300241.SZ,20260318,12.2077,0.62,131.5613,2.2465,2.8572,0.2734,502089.1783,420434.3646
688378.SH,20260318,1.2919,0.81,120.4903,5.0042,16.7941,0.5307,968841.6578,892999.8761
603193.SH,20260318,1.2843,1.11,29.6828,4.1716,5.9696,1.9196,906289.0234,231473.3434
920000.BJ,20260318,0.9889,1.1,23.0363,2.3602,3.6552,0.8787,156497.76,98312.83
301383.SZ,20260318,1.3417,0.58,145.5235,2.503,2.4633,1.2952,502995.2928,217421.2758
300221.SZ,20260318,2.8322,0.88,52.1073,3.5187,2.2382,,505496.2489,487077.8624
002426.SZ,20260318,10.2687,1.03,,6.2192,4.4771,,1500558.029,1500546.5519
603919.SH,20260318,2.5733,1.26,25.3844,2.9144,3.2073,3.6161,961764.9543,961764.9543
300778.SZ,20260318,1.6755,0.67,,2.2381,20.0034,,276569.7938,276515.262
600027.SH,20260318,1.1095,0.62,8.6963,1.2749,0.4895,4.0293,6072957.8982,4819799.242
300353.SZ,20260318,1.5493,0.53,328.057,6.7058,13.8419,,1332472.8731,1164240.3007
603755.SH,20260318,0.9163,0.68,34.815,4.0719,6.2605,1.6576,293178.4736,293178.4736
301023.SZ,20260318,2.537,0.9,41.5088,4.2118,11.9037,2.6181,335256.7619,186728.9663
600959.SH,20260318,0.8962,0.87,43.4334,0.871,2.4336,0.5556,1980284.2037,1980284.2037
002163.SZ,20260318,5.1261,1.33,,16.3153,3.1654,,1149142.6991,1092826.47
002065.SZ,20260318,0.9738,0.84,78.1114,2.307,2.0657,0.5695,2814413.5253,2553155.2078
688041.SH,20260318,0.6422,0.87,211.5641,24.7995,37.4134,0.1121,53785183.4257,53785183.4257
603016.SH,20260318,3.2863,2.49,77.4303,6.2216,8.1718,1.3659,513078.08,513078.08
920856.BJ,20260318,1.5845,1.3,75.2091,2.8173,3.1537,0.6494,133177.2792,74284.0518
002926.SZ,20260318,0.514,0.8,14.9466,0.9428,4.4232,1.4318,2291625.0,2291625.0
000776.SZ,20260318,0.6614,0.9,11.0345,1.1745,4.4513,2.5681,15234974.2099,11495184.0085
600265.SH,20260318,1.4084,4.48,,319.7073,11.2237,,277772.0,277772.0
600702.SH,20260318,1.219,0.73,111.2508,2.3366,3.6019,0.8539,1656473.6997,1655776.7797
002201.SZ,20260318,2.5883,0.86,96.6975,6.525,4.3181,0.2071,755246.4033,697745.1438
603722.SH,20260318,0.8627,0.71,,3.8645,8.4065,0.2593,369088.897,361459.357
301398.SZ,20260318,2.2841,0.52,82.2488,5.0828,13.8103,0.5261,570192.0,189481.929
600824.SH,20260318,0.9843,0.89,240.6386,1.866,6.9052,0.4215,450069.5602,450069.5602
600011.SH,20260318,0.7754,0.6,8.0735,1.7587,0.5022,3.6048,11757871.9259,8237284.7293
301208.SZ,20260318,1.5721,0.71,68.7755,2.9069,4.0567,0.5375,446520.2233,245854.1353
600305.SH,20260318,0.6535,0.99,58.3929,2.5898,3.7938,1.2723,869686.621,866948.7472
600292.SH,20260318,1.3626,0.64,17490.8487,2.2004,13.8817,,6333778.1666,1129061.2229
920781.BJ,20260318,2.4847,0.78,,3.6437,5.4606,0.2137,131536.563,86903.2733
600406.SH,20260318,1.1445,0.7,28.3682,4.607,3.5605,2.053,22673647.6284,22607019.5155
301487.SZ,20260318,3.3675,0.75,,5.509,4.9191,,1038733.1499,616514.449
600251.SH,20260318,2.7008,0.95,40.2398,2.3302,2.7995,1.5817,884218.6975,884218.6975
002943.SZ,20260318,3.344,0.71,,12.1453,13.3937,,1085770.2747,769277.4254
688343.SH,20260318,4.7074,0.67,,8.2441,24.5914,,3216292.6307,2366644.4714
688314.SH,20260318,2.9797,0.91,35.3427,4.863,9.9899,0.8839,349247.2004,349247.2004
002991.SZ,20260318,1.0115,0.95,19.4917,2.9939,2.2765,4.3548,497306.4584,266396.3215
300428.SZ,20260318,1.595,0.62,17.3406,1.7368,0.4797,1.3918,1541872.9127,1342115.9366
600935.SH,20260318,3.3982,0.82,,1.8013,2.2444,,1078421.4168,1052220.5436
002591.SZ,20260318,3.6845,0.83,,3.3821,6.0092,,222748.0171,165846.2468
600820.SH,20260318,0.7726,0.76,7.9861,0.6599,0.3377,4.6296,2037374.2689,2037374.2689
301169.SZ,20260318,1.6574,0.82,,9.2877,12.0838,,406596.7852,406469.7952
000690.SZ,20260318,3.653,0.57,11.1556,0.8303,1.2188,4.1754,1042250.2859,1041571.7886
000733.SZ,20260318,1.5882,0.76,28.7999,1.7869,5.0551,0.365,2732609.4643,2732241.1186
600551.SH,20260318,1.1076,1.37,13.6961,0.982,0.7538,4.7676,568888.3455,568888.3455
002020.SZ,20260318,1.3494,0.79,19.7083,2.485,3.5126,2.0284,1404338.5273,1180792.3544
300757.SZ,20260318,4.6041,0.89,,35.5308,116.8973,0.0128,5916398.7102,5317892.2694
603011.SH,20260318,4.0815,0.43,,5.6364,5.1909,,1183628.1622,1183628.1622
300484.SZ,20260318,1.7322,1.16,68.9894,5.5246,7.9219,0.8904,373102.1839,299601.0776
920183.BJ,20260318,16.2689,0.78,29.1472,4.7303,9.1088,,218081.16,50117.9793
605198.SH,20260318,0.3622,1.03,36.7815,4.6635,7.4364,0.6555,1274593.032,1031824.304
605050.SH,20260318,0.5601,0.8,16.3781,1.4356,0.5185,2.8075,611108.1844,611108.1844
300166.SZ,20260318,37.2137,3.14,,3.0458,6.5109,,1782137.0956,1417541.8845
600571.SH,20260318,1.007,0.69,68.1535,5.708,3.2854,0.3204,684088.9593,671521.7483
002091.SZ,20260318,1.3957,0.72,11.6715,0.9779,0.3786,5.0644,1510519.2323,1481853.1035
920914.BJ,20260318,0.8837,0.53,44.8704,2.5719,2.3884,0.3974,249094.598,248897.6443
300321.SZ,20260318,1.2608,0.44,394.2692,4.9545,8.05,0.1216,313996.8,313628.7024
002861.SZ,20260318,3.3566,0.61,315.8532,3.0229,3.919,0.5596,332889.4401,268350.8415
300668.SZ,20260318,3.518,0.62,,4.4195,6.1697,,346457.3037,286918.9348
920058.BJ,20260318,0.8821,0.8,32.1441,4.6433,2.0637,3.0004,161217.3724,79361.4599
920634.BJ,20260318,2.1125,0.92,85.632,5.0939,1.7927,0.4323,147501.4319,93378.1326
688710.SH,20260318,1.7884,1.02,,3.5508,10.1687,0.5468,825012.707,530741.0773
301305.SZ,20260318,4.0477,0.7,23.0201,1.6557,3.4839,0.7722,624781.0484,320417.8459
001260.SZ,20260318,5.0792,0.69,56.2377,3.0295,4.3956,0.578,250700.0,250700.0
603273.SH,20260318,3.9888,0.75,133.0962,4.8938,7.4753,0.375,428626.8,112116.8
688158.SH,20260318,25.3531,1.24,,8.9436,12.6991,,2158779.3382,1918297.0587
688377.SH,20260318,0.8669,0.52,64.4016,4.1818,6.5604,0.3428,792100.023,792100.023
002017.SZ,20260318,1.3839,0.52,65.318,6.7689,9.3502,0.795,1197431.0283,1196717.1746
000525.SZ,20260318,4.7169,0.77,94.1715,3.2111,3.2131,,845749.8931,721532.2432
300351.SZ,20260318,3.989,0.71,69.3038,2.6715,2.9877,0.3485,667749.8352,452275.856
001331.SZ,20260318,4.2858,1.53,4632.0788,10.1571,2.9774,,1538208.0,914922.4506
688327.SH,20260318,4.0096,1.32,,20.7738,30.8738,,1545360.1978,1240160.2675
300139.SZ,20260318,12.1589,0.79,205.0335,15.3036,34.5034,,1695786.0,1446116.9435
600171.SH,20260318,1.1743,0.61,59.7396,4.8029,6.8262,0.5585,2157962.5343,2157962.5343
601579.SH,20260318,1.1443,1.08,40.6702,2.2339,4.5622,2.3156,812690.4783,812690.4783
600476.SH,20260318,8.0449,1.86,,16.6448,2.689,,189096.18,189096.18
300492.SZ,20260318,1.3936,2.35,76.1973,44.032,4.1557,0.8057,1315796.278,1315796.278
600352.SH,20260318,1.3583,0.55,22.3533,1.3575,3.1021,3.1579,4635997.9005,4635997.9005
688230.SH,20260318,1.0991,0.9,74.79,3.4967,20.1703,1.185,793917.6,793917.6
600706.SH,20260318,1.6528,0.84,106.1239,4.1235,2.8244,,261691.3394,260634.9698
300260.SZ,20260318,2.2165,0.81,118.8365,9.9221,7.0095,0.1181,2062278.7449,1454580.0309
301517.SZ,20260318,3.7873,1.31,,6.4672,15.1383,0.0698,866438.95,562341.9113
301193.SZ,20260318,3.0843,0.81,,3.0823,1.9033,,469794.7097,333317.8097
300101.SZ,20260318,3.9378,1.12,208.9285,7.0085,13.3292,0.3213,1291985.4675,1287748.7691
000669.SZ,20260318,2.8532,0.42,,,2.7367,,346328.0777,346328.0777
605389.SH,20260318,1.1117,1.22,88.8748,4.7932,10.5683,1.0281,1009041.7512,954276.1203
600477.SH,20260318,2.3693,0.69,71.106,1.6046,1.0336,1.7994,799690.2998,799690.2998
000928.SZ,20260318,1.671,0.67,13.0533,1.1598,0.6891,4.3777,979862.2761,979850.2895
002969.SZ,20260318,9.5022,0.93,200.1443,10.0364,9.3877,0.0959,2965938.417,2949180.1974
688337.SH,20260318,1.0991,0.61,96.0214,2.5891,9.0882,0.9473,818150.0397,784569.5796
688091.SH,20260318,1.5152,0.93,178.8819,8.0231,36.1807,,1147205.202,1147205.202
002662.SZ,20260318,0.8789,0.65,25.1592,1.3456,2.0685,1.8228,592500.0,592492.5345
600482.SH,20260318,1.5446,0.64,39.6596,1.8296,1.3128,0.8194,7358191.2178,7358191.2178
603713.SH,20260318,0.6106,0.56,16.1581,2.0849,0.7321,1.1589,969003.4203,969003.4203
301210.SZ,20260318,3.0042,0.65,85.1097,2.487,2.8724,0.7776,453872.7626,172117.1153
300798.SZ,20260318,7.1974,0.61,,2.7349,3.9092,0.102,459478.2371,373778.6062
688538.SH,20260318,0.9365,0.77,,4.1778,6.1255,,3369502.7805,1403545.5169
002888.SZ,20260318,2.4721,0.93,176.5319,7.8306,10.2187,1.0114,297796.762,151119.7313
301173.SZ,20260318,2.9388,1.28,24.7922,2.7102,1.6843,0.5024,398594.1953,139900.4545
000791.SZ,20260318,2.1128,0.47,10.0779,1.8008,2.0014,2.2222,2627510.191,1567853.6467
002625.SZ,20260318,0.9391,1.04,128.1825,9.6819,49.0216,,9238872.7523,9238832.0163
600731.SH,20260318,2.5774,0.98,15.981,1.3266,1.8736,2.6596,420174.2968,407345.3641
603600.SH,20260318,0.7484,1.03,13.7018,1.5731,0.7438,4.2267,360172.1553,327041.4571
301273.SZ,20260318,3.1108,0.55,,2.5202,6.7966,,232262.6897,178265.1534
002771.SZ,20260318,9.8889,2.15,,5.6021,6.8058,0.062,345271.7086,287251.1221
920427.BJ,20260318,2.5005,0.84,,4.2806,14.0956,1.1214,133301.835,65824.0621
600594.SH,20260318,1.1484,0.89,,1.3115,1.6529,,315187.1052,315187.1052
603993.SH,20260318,1.0705,0.62,21.2533,5.3453,2.038,1.3138,41526356.0516,33891494.6636
301037.SZ,20260318,2.8445,1.0,,3.5189,1.2133,,223284.8877,109204.4427
600060.SH,20260318,0.6656,0.77,11.5821,1.4534,0.4892,3.8664,2970116.8501,2959184.009
603156.SH,20260318,0.6751,1.03,24.8068,4.4488,6.9735,5.862,3998860.7169,3998860.7169
601598.SH,20260318,0.2772,0.83,11.2407,1.108,0.4473,4.9105,4239686.9752,3048064.9042
300275.SZ,20260318,1.4376,0.92,74.6068,3.8613,7.8237,0.2488,364678.0005,321410.3604
920608.BJ,20260318,0.8799,0.81,31.8861,2.2582,7.3624,1.7222,108422.08,68655.643
301630.SZ,20260318,6.7277,0.65,56.8497,4.6197,6.7963,,773320.0,193330.0
301500.SZ,20260318,10.9013,0.93,80.4956,2.5413,0.8415,0.4394,1189652.3904,304955.2642
300598.SZ,20260318,1.5331,0.97,,6.0139,4.1351,,892011.9373,891762.1282
600577.SH,20260318,1.7793,0.71,50.7119,5.0531,1.2603,0.5682,3026166.6111,3026166.6111
688798.SH,20260318,1.0902,0.83,53.0988,4.0061,5.8904,0.4568,1680857.4656,978708.7604
920260.BJ,20260318,3.1462,0.69,27.1071,2.5438,3.7079,1.8149,114112.1,108896.2888
601003.SH,20260318,0.8889,0.79,24.666,1.4128,0.1942,,1317110.8855,1281396.6
601001.SH,20260318,1.37,0.7,14.8955,1.5322,2.1948,4.387,2880437.7,2880437.7
300832.SZ,20260318,0.5439,1.12,24.567,4.6344,8.9096,2.5204,4052737.493,3523544.6326
600400.SH,20260318,1.2086,1.05,,2.2302,3.2435,,520141.4104,520141.4104
688213.SH,20260318,1.3038,0.79,33.9808,6.9508,3.7677,0.3243,3402710.703,2736243.148
301393.SZ,20260318,1.7015,0.82,40.6037,2.3816,9.9584,0.77,556092.0,216797.4865
600111.SH,20260318,2.2953,1.01,82.7806,7.4177,4.249,0.0714,17717437.6916,17717437.6916
688410.SH,20260318,0.8093,0.48,34.8374,2.807,6.1795,0.6411,498576.9703,498576.9703
300621.SZ,20260318,1.6684,0.85,,2.1964,0.2263,0.1101,188915.4836,183896.3438
300919.SZ,20260318,1.1309,0.77,41.3255,2.238,1.1971,1.2475,5190424.2128,4544231.823
301125.SZ,20260318,3.9802,0.91,546.542,5.553,5.676,0.1263,335824.5125,303495.954
600776.SH,20260318,1.5375,0.74,48.7599,5.3086,7.8679,0.3817,2007088.1023,1527688.1023
600231.SH,20260318,3.8921,1.34,,1.3786,0.4068,,649714.308,641579.268
301102.SZ,20260318,1.0557,1.37,110.9607,1.5446,7.6754,0.1748,464464.0,464464.0
600155.SH,20260318,0.9573,0.73,93.6731,0.7432,4.6061,,1485287.0021,1485287.0021
601568.SH,20260318,1.2152,0.47,84.5685,1.5115,1.8553,2.2936,1731888.8897,1731888.8897
601086.SH,20260318,0.8151,1.21,71.3372,3.7403,8.1347,0.8882,594738.0,594738.0
002189.SZ,20260318,0.8067,0.94,,10.2328,4.1609,,538592.9009,538511.7571
688613.SH,20260318,2.0307,0.53,244.3121,2.2406,14.3748,,321285.1295,321285.1295
300933.SZ,20260318,2.5827,0.76,221.8237,2.2127,1.5681,0.297,474327.4236,474327.4236
600510.SH,20260318,0.6727,0.77,86.1906,0.8702,1.6647,0.467,906118.3512,906118.3512
002157.SZ,20260318,1.9691,0.61,,2.6158,2.2432,,3071053.9795,2401772.3967
301319.SZ,20260318,1.9991,0.67,62.8895,4.6032,3.8082,1.2603,539743.5403,405680.651
301283.SZ,20260318,1.013,0.76,24.9849,2.3351,1.8225,1.4572,382225.908,300754.8681
300957.SZ,20260318,1.4399,1.29,49.3152,2.9835,3.4273,2.1347,1776154.8,1776154.8
600623.SH,20260318,1.4226,0.45,32.5117,1.0308,0.494,1.6805,2284166.4573,2014101.9662
301115.SZ,20260318,5.7751,1.18,136.2294,1.6492,2.9465,1.5037,416417.8847,351165.6741
002277.SZ,20260318,1.5141,0.97,,1.4205,8.9589,0.073,955008.368,955008.368
002219.SZ,20260318,2.1876,0.83,353.1089,4.2165,2.4595,,829908.5295,801650.7114
600681.SH,20260318,2.1881,0.53,17.2433,1.6492,1.0944,5.4398,579249.2779,578797.3895
000089.SZ,20260318,0.4364,0.82,25.0611,1.2653,2.8635,1.6807,1464249.4294,1464230.0757
300479.SZ,20260318,2.3492,0.96,174.9454,9.2592,3.9404,,407283.468,407050.9305
002528.SZ,20260318,2.7361,0.62,,40.5165,6.9315,,409946.878,359175.0953
002271.SZ,20260318,1.3296,0.49,,1.8027,1.3929,11.7683,3755036.1894,3010351.1114
301152.SZ,20260318,3.8576,0.81,,2.5821,1.7755,,338765.24,202561.2368
688520.SH,20260318,0.503,0.95,,,11.5405,,1800492.2917,1800492.2917
002823.SZ,20260318,2.3058,0.86,22.5256,2.5853,1.8146,2.0937,525390.3184,350269.2752
301070.SZ,20260318,4.3506,1.23,2173.9777,7.6012,20.5243,,597953.1497,393344.2596
000545.SZ,20260318,14.2437,0.6,,4.1004,2.1394,,374009.7434,373467.7734
920062.BJ,20260318,4.5588,0.67,141.7013,3.0238,1.5807,0.2482,225504.001,159544.456
600643.SH,20260318,9.5605,5.39,,0.7113,6.5529,,850753.1955,849247.8163
600875.SH,20260318,5.9429,1.22,42.5645,3.1242,1.8205,1.0032,13892233.4295,9091943.6121
002299.SZ,20260318,0.711,0.64,15.0866,2.0603,1.1591,2.7298,2263706.4439,2219685.5244
603613.SH,20260318,1.2326,0.63,14.065,2.2746,0.3873,0.235,2018946.952,2018946.952
600688.SH,20260318,1.0543,0.67,,1.3511,0.4097,0.6431,3278754.0425,2279260.9985
688153.SH,20260318,0.6605,1.02,348.3723,3.8908,6.7468,,1565909.0361,1486966.0621
002806.SZ,20260318,2.3277,0.63,46.3634,2.8299,2.7938,,325943.0759,267078.3509
000020.SZ,20260318,1.5964,0.68,124.7504,12.8478,6.111,,545934.8457,349286.8738
300927.SZ,20260318,10.8278,0.83,18.3291,5.177,3.907,0.2606,498475.08,486489.4753
600257.SH,20260318,2.6105,0.94,,3.991,3.4409,,318097.7813,318097.7813
002061.SZ,20260318,1.3161,0.75,9.2481,0.6952,0.2259,3.0445,1096462.8073,1065646.539
603816.SH,20260318,0.5932,1.06,17.7367,2.7418,1.438,4.0051,2831543.386,2799536.9983
002878.SZ,20260318,3.0073,1.27,,3.486,1.4306,,448529.8366,403917.0187
605136.SH,20260318,1.4074,0.9,,1.6953,2.4725,,414875.006,414875.006
300291.SZ,20260318,1.8922,1.21,,2.2519,27.7013,,687579.4452,679453.8101
002232.SZ,20260318,0.7997,1.2,780.1372,5.4561,8.6553,0.0553,738247.0582,738247.0582
688279.SH,20260318,1.0042,1.16,86.6516,3.8996,25.3758,0.4504,1963846.2048,1596100.8448
000546.SZ,20260318,3.1027,0.71,,1.1478,0.5183,,465811.3089,417326.4184
002169.SZ,20260318,4.2307,0.76,,4.4706,3.6812,0.5309,1179535.0697,1143321.6683
002977.SZ,20260318,2.7064,0.89,,3.3645,43.8535,0.6139,352191.84,195330.3384
688065.SH,20260318,1.232,0.73,66.8607,2.1364,11.4778,0.7603,3782443.6797,3059234.4365
002563.SZ,20260318,0.6495,0.77,16.2086,1.3479,0.9885,9.0416,1489831.8585,1221268.614
300044.SZ,20260318,3.8165,0.74,,84.6539,89.5123,,608803.7747,570156.4278
603219.SH,20260318,1.4866,1.9,67.671,6.4513,3.3129,1.0788,1038590.0,1038590.0
002264.SZ,20260318,2.3087,0.78,25.5648,3.1746,1.8922,1.1179,633433.944,576208.8728
688687.SH,20260318,1.3653,1.06,120.6312,2.0664,2.7063,1.4053,357444.7864,357444.7864
301050.SZ,20260318,2.3399,0.89,97.5972,3.8881,17.5595,0.6916,1225925.156,1043203.3377
000829.SZ,20260318,1.4128,0.47,,3.7857,0.1376,0.0929,1104033.1717,1102987.6535
688498.SH,20260318,3.9947,1.28,400.1987,32.7608,127.0421,0.0448,7640752.8414,7542151.54
920510.BJ,20260318,1.1814,0.79,,7.4161,13.7786,,288847.4407,147233.7543
603261.SH,20260318,0.9331,0.72,,3.6949,8.6235,,245690.9197,245690.9197
688211.SH,20260318,0.3231,1.17,,1.2395,1.6946,,431295.516,431295.516
002726.SZ,20260318,1.8902,1.28,,3.8464,0.3919,,415476.8653,415161.5503
600143.SH,20260318,1.6926,0.98,37.4195,2.3659,0.6479,0.5704,4513456.986,4513456.986
600569.SH,20260318,7.2454,2.34,,2.8529,0.2707,,778426.1956,778426.1956
688805.SH,20260318,16.9296,1.98,109.8758,6.7517,14.2436,,825320.96,155135.824
002585.SZ,20260318,7.5945,1.31,,1.0203,1.6093,0.3891,879959.7339,683539.1385
600809.SH,20260318,0.2843,0.73,15.6932,4.9765,5.1356,2.2757,19298614.0278,19298614.0278
301228.SZ,20260318,2.4853,1.12,,7.8338,13.9671,,540840.0,538317.4051
002700.SZ,20260318,3.1658,0.77,38.132,2.0774,4.1088,0.9607,284162.5631,181000.3684
688783.SH,20260318,4.5022,1.32,,7.8922,36.9909,,9799740.6,399526.8812
688192.SH,20260318,0.4399,0.74,,15.8098,29.416,,2356620.3106,2336577.0346
300945.SZ,20260318,3.715,0.57,36.2506,2.6646,1.5434,1.1926,439494.1218,399797.885
002110.SZ,20260318,1.7081,0.89,43.1737,0.5188,0.2211,,1020212.0153,1020212.0153
002831.SZ,20260318,5.6528,1.05,23.7592,3.045,2.0031,2.6678,3505315.408,1945862.178
920007.BJ,20260318,2.7098,0.82,32.2277,4.5097,2.8385,1.4924,292676.5482,70104.453
300739.SZ,20260318,7.4801,0.79,195.7035,3.7607,5.7941,0.4405,1015051.1167,932703.8707
600894.SH,20260318,0.5417,0.91,11.8951,0.9265,1.108,7.5839,790357.5199,782438.045
002623.SZ,20260318,3.1033,0.56,,1.6978,2.3735,2.0072,480935.0,479904.878
688036.SH,20260318,0.9912,1.12,24.5548,3.103,0.9669,4.1334,6345329.212,6345329.212
920346.BJ,20260318,1.1846,1.0,37.0178,3.8915,6.2286,1.5279,179533.8073,99287.8763
300939.SZ,20260318,9.1129,1.64,59.272,3.4687,3.847,0.9852,481440.0,481440.0
603236.SH,20260318,2.1023,1.16,23.4484,3.3561,0.9743,1.1216,2262867.7202,2057152.4757
920033.BJ,20260318,0.896,1.0,88.3157,2.6554,8.0444,,197764.515,137383.1903
000576.SZ,20260318,1.7493,0.73,56.0503,2.648,9.1283,,437291.0504,434682.8915
301076.SZ,20260318,2.2094,0.85,103.9919,5.8365,15.6084,0.4467,692704.4332,434933.8539
920957.BJ,20260318,1.8872,1.35,239.3777,3.2677,2.0832,0.8375,128117.7928,50989.4524
000786.SZ,20260318,0.7115,0.63,14.6788,1.6877,1.7873,3.2239,4533054.5798,4499159.3832
301665.SZ,20260318,15.8073,1.03,28.7659,3.8241,2.6312,2.0107,1342800.0,114138.0
301468.SZ,20260318,6.0746,0.54,155.7632,3.1054,15.1629,0.4848,697800.7224,402238.976
301429.SZ,20260318,3.1325,0.97,48.5433,1.8677,2.5426,1.4014,251335.72,93631.4488
605180.SH,20260318,1.063,1.01,99.5508,2.327,7.5784,0.8259,266006.0,266006.0
002103.SZ,20260318,1.332,0.83,27.7571,3.9788,1.6708,,477640.02,337057.6501
300609.SZ,20260318,3.0948,0.7,,4.5162,12.4156,,450068.6081,449374.7386
920003.BJ,20260318,4.1854,1.49,19.3417,3.4703,5.2791,1.321,195954.858,40316.5664
002479.SZ,20260318,1.8293,0.9,20.9125,1.1187,0.8462,2.7523,471425.0,470374.7
688627.SH,20260318,5.7162,1.31,335.5118,13.2796,20.4408,0.1294,2308928.6782,1776957.4573
601921.SH,20260318,0.2666,0.82,13.7226,1.2937,1.6214,5.0505,1760000.0006,1760000.0006
002925.SZ,20260318,0.8834,0.65,64.8308,3.6503,4.2645,1.3706,1669891.8307,1581988.1274
002123.SZ,20260318,1.8311,1.08,,5.0345,2.7456,,869049.8956,776955.2797
603799.SH,20260318,3.1922,1.29,21.4959,2.4141,1.546,0.7298,11501755.5418,11425054.5527
001360.SZ,20260318,2.6581,0.61,89.8043,3.2464,5.8171,0.6574,460224.0,184498.2654
002049.SZ,20260318,1.7623,1.16,44.256,4.8294,10.3018,0.2794,6338199.9412,6337068.0727
301300.SZ,20260318,3.2412,0.76,37.7357,3.77,6.2136,2.2879,302118.528,180527.1485
000565.SZ,20260318,2.7153,0.89,606.7512,2.8344,9.5662,0.184,353377.6593,353377.6593
605138.SH,20260318,0.3666,0.85,87.7033,1.6644,1.1533,0.7452,401122.5486,401122.5486
605365.SH,20260318,0.8154,0.65,36.7604,2.6257,1.4369,2.1524,978925.1082,978925.1082
002434.SZ,20260318,0.9724,0.76,33.8592,1.8423,1.8511,1.1976,1096021.0,1094969.7768
000523.SZ,20260318,1.7965,0.89,13.036,3.5616,3.1882,,673616.9252,486333.7765
002530.SZ,20260318,1.508,0.72,165.2881,5.6351,6.7335,,746471.8517,665928.154
688219.SH,20260318,0.8279,0.67,30.1942,2.0644,0.9588,1.1416,621048.0,621048.0
688575.SH,20260318,1.1573,0.84,360.4035,3.2085,4.785,1.3838,865653.2745,865653.2745
301638.SZ,20260318,30.6048,0.91,128.2083,9.2786,14.6344,,9895071.5158,731258.2548
688186.SH,20260318,3.9577,0.67,33.8904,1.537,1.4759,1.0523,726747.9214,726747.9214
603226.SH,20260318,2.8714,1.93,,16.0018,44.071,,1452894.864,1452894.864
300986.SZ,20260318,10.9639,1.54,86.1805,5.3503,4.1517,0.2257,1139520.0149,1138579.7629
603312.SH,20260318,4.2956,0.61,24.6336,4.5051,2.5194,2.5619,716317.7615,227966.6015
000430.SZ,20260318,0.9736,0.67,,22.8593,13.3643,,612084.3412,280140.7034
601238.SH,20260318,0.4356,1.61,,0.7156,0.798,0.2575,7902726.0725,5722365.6361
301613.SZ,20260318,1.1165,0.41,31.5594,4.412,2.544,1.3701,699931.5079,408263.4679
600929.SH,20260318,1.2769,0.96,,1.3387,2.2529,1.4152,1008669.6524,1008669.6524
300008.SZ,20260318,3.8331,0.56,48.8123,6.1307,3.014,,1432536.1513,1365603.4689
600028.SH,20260318,0.3312,0.77,20.5288,0.8911,0.2623,3.7287,74006414.7039,57988514.9295
002348.SZ,20260318,3.5665,1.13,,17.3817,23.0379,,773862.4,738186.4602
300331.SZ,20260318,3.9286,0.86,,7.0697,5.6676,,1106161.3384,895520.0322
920807.BJ,20260318,1.6086,1.0,102.16,2.5385,3.9951,0.7628,238444.68,161955.0405
600172.SH,20260318,12.0392,0.62,,13.2625,9.5601,,1309503.5042,1158840.221
920163.BJ,20260318,0.7706,0.3,45.5433,3.8148,2.3366,0.7453,189983.5762,88201.3099
605300.SH,20260318,0.2359,0.64,186.5376,1.7773,2.1213,0.5303,508926.4286,508926.4286
920207.BJ,20260318,6.522,0.74,3728.4767,10.7276,7.0304,0.4714,293364.49,179192.6372
002074.SZ,20260318,2.1166,0.77,20.1763,2.3596,1.6901,0.2668,6714035.1886,6425647.9762
301419.SZ,20260318,10.3933,1.68,66.2393,4.91,11.2416,1.0725,466200.0,308183.841
002693.SZ,20260318,4.678,1.6,,8.7098,15.7511,,340460.2848,337415.8903
600215.SH,20260318,1.0132,0.75,,1.6281,2.9943,0.2126,326671.2592,326671.2592
301287.SZ,20260318,4.2392,0.97,30.484,2.5049,4.8085,1.5636,289947.83,74069.3412
603718.SH,20260318,1.6357,0.93,18.3392,2.0722,12.7547,1.6359,314218.0654,312808.2154
600273.SH,20260318,1.2416,0.61,12.9059,1.3326,1.3675,3.9718,1341953.8473,1341953.8473
920230.BJ,20260318,1.6515,1.23,101.9024,2.8329,3.5436,0.6524,118443.7741,55563.3516
300481.SZ,20260318,2.5036,0.62,33.4337,2.0898,3.5973,2.3242,502283.2088,499220.1489
920765.BJ,20260318,2.3945,1.79,,4.5682,2.6718,1.3395,139767.4838,84913.8232
920030.BJ,20260318,1.3757,0.94,,2.4502,0.4497,0.2815,106588.4499,66770.5696
603206.SH,20260318,0.9133,1.29,100.5341,2.1902,1.1967,,496865.5805,496865.5805
601077.SH,20260318,0.5693,0.8,6.6624,0.6133,2.7908,4.4923,7927186.0,6169093.2015
300738.SZ,20260318,11.6327,1.21,145.7396,6.786,9.9044,0.0537,2384133.1437,2383458.0508
603977.SH,20260318,8.3728,1.81,67.0991,3.0511,4.535,0.5474,1021321.5652,1021321.5652
600801.SH,20260318,0.7108,0.88,13.627,1.4487,1.295,3.7162,4471919.641,2885991.643
603335.SH,20260318,2.0164,0.6,,12.1299,2.756,,262452.6398,262452.6398
603759.SH,20260318,0.8933,0.66,17.6183,1.6346,1.8538,,465454.08,465454.08
002004.SZ,20260318,1.3503,0.51,,1.1044,0.9046,3.6837,1071136.2823,1017956.1111
301355.SZ,20260318,3.3432,0.93,363.8348,1.6886,1.4835,0.7593,254602.796,130768.0835
300244.SZ,20260318,2.6205,0.8,,1.9195,1.1823,1.2302,1241834.1393,996399.1542
920786.BJ,20260318,2.4984,0.82,37.6835,2.5053,1.4424,,190656.336,129683.167
300896.SZ,20260318,0.8802,0.82,28.9924,5.7483,16.8917,3.5475,4248392.5364,2928625.6428
300687.SZ,20260318,1.6774,0.84,114.7877,3.0043,3.7886,0.3445,830300.8031,669032.7305
603203.SH,20260318,1.5158,0.68,39.2031,6.6541,9.0764,1.6609,971268.4208,954008.0546
600850.SH,20260318,1.0963,0.92,34.2403,3.5738,1.5426,1.6307,1722943.411,1722943.411
603703.SH,20260318,1.9806,0.96,,6.6359,6.0937,,549021.3448,549021.3448
605151.SH,20260318,1.076,0.76,,1.9363,1.4144,0.408,263860.8293,263860.8293
300281.SZ,20260318,0.9723,0.89,1766.039,2.4433,7.0078,0.5464,306652.0606,290842.5676
300677.SZ,20260318,4.108,0.71,23.5376,2.2066,4.0683,0.2408,4007089.9696,2849552.7962
603010.SH,20260318,1.4575,0.77,201.1544,1.9296,2.0983,0.6568,697471.4755,697471.4755
600107.SH,20260318,1.7674,1.95,,4.2663,7.9738,,194760.0,194760.0
603279.SH,20260318,1.7046,0.74,16.314,2.2774,1.7938,5.1403,1009229.123,1009229.123
002737.SZ,20260318,0.5786,0.42,,1.8157,3.5138,3.9683,735840.0,735840.0
002193.SZ,20260318,3.7928,1.13,,3.0678,4.9341,,168021.3831,168020.4201
603393.SH,20260318,3.1753,0.61,14.9663,1.8631,4.4266,,1674489.2417,1671724.2575
301009.SZ,20260318,0.999,0.68,88.9189,2.4729,2.9472,0.5655,329766.18,183205.489
002313.SZ,20260318,1.3731,1.11,,257.1662,1.2877,,344073.6,344049.4073
002385.SZ,20260318,3.782,0.68,38.1166,2.0833,0.6091,0.7178,1788832.683,1466016.401
300652.SZ,20260318,1.1822,0.94,37.0986,4.0414,5.931,0.2517,611462.382,548786.9774
603609.SH,20260318,0.5206,0.91,36.1422,1.0215,0.1801,0.7615,659419.3626,659419.3626
002238.SZ,20260318,0.7227,0.92,,2.9414,4.8156,0.6427,624391.0265,624391.0265
605183.SH,20260318,0.954,0.69,16.7259,2.5793,4.2181,1.3281,934905.31,927141.3924
001400.SZ,20260318,14.7367,0.99,75.5514,6.8161,8.1917,0.5725,838380.0,209595.0
688038.SH,20260318,2.0365,0.7,,4.1892,9.4822,,249039.076,249039.076
603128.SH,20260318,1.1328,1.12,20.8025,1.2807,0.4613,2.9342,776264.5709,776264.5709
688163.SH,20260318,0.8774,1.08,50.0151,2.3247,13.1824,1.3389,258645.8,258645.8
300920.SZ,20260318,2.3456,0.74,116.5921,3.4372,9.2266,0.2454,407500.0,225678.8423
600536.SH,20260318,1.1789,1.04,,10.7112,6.8951,,3775299.1591,3410900.7835
600268.SH,20260318,3.5957,0.45,33.3863,4.342,1.5208,0.9545,1490282.4313,1482889.6242
300588.SZ,20260318,2.1611,0.9,,18.2092,27.4199,,498973.5042,460798.2102
600009.SH,20260318,0.3327,0.89,30.8418,1.7577,5.6611,1.7389,7298222.1463,6001737.8175
920419.BJ,20260318,0.5281,0.87,23.7872,2.3839,1.7097,0.7018,147211.62,137681.0761
603028.SH,20260318,1.3109,0.78,,5.2182,1.4701,,267234.24,264580.89
688691.SH,20260318,5.1987,0.75,,10.3592,17.5992,0.1598,1276560.0,760244.7764
603112.SH,20260318,1.6334,0.87,16.6291,2.2234,2.2626,1.9243,934133.2237,878765.2554
002421.SZ,20260318,2.4289,1.07,,2.0418,2.428,0.1748,606486.3488,573914.0564
600736.SH,20260318,1.0093,0.72,43.0079,0.9916,1.3446,0.2799,740281.3392,740281.3392
688311.SH,20260318,2.881,1.21,,4.3775,13.1849,,692336.0813,692336.0813
601007.SH,20260318,1.4523,0.73,101.4852,2.0191,1.811,0.8537,319800.0,319800.0
600059.SH,20260318,1.0885,1.11,41.3265,1.4625,4.643,0.8574,850469.0713,850469.0713
000932.SZ,20260318,0.9787,0.81,14.1229,0.7089,0.307,1.7549,3912839.8304,3912839.8304
002841.SZ,20260318,0.5371,0.86,27.0945,1.8714,1.0538,1.9176,2459026.4535,1841913.4607
688475.SH,20260318,0.4012,0.52,38.7102,3.788,3.7165,1.2567,2193187.5,2193187.5
300987.SZ,20260318,2.0154,0.87,144.9996,4.0424,9.6854,0.6764,320384.064,320384.064
000055.SZ,20260318,1.3039,1.03,379.0312,0.6842,1.1032,1.2887,416663.2001,262230.6649
000997.SZ,20260318,1.0584,0.8,20.3351,3.1385,2.7989,0.981,2255155.9588,2242560.0621
000049.SZ,20260318,1.6538,0.55,24.6831,1.5467,0.4683,1.2318,1030446.6326,1030168.8953
301213.SZ,20260318,3.1444,0.61,,7.3177,36.948,,574159.9928,371130.1987
002440.SZ,20260318,3.5235,0.39,48.5401,1.4698,2.4124,1.1755,1396007.882,1175377.4669
920892.BJ,20260318,0.7371,1.68,24.9834,6.1508,4.5906,3.4327,270688.2999,239704.694
605196.SH,20260318,3.6906,1.32,80.132,7.2543,3.4335,0.1339,2394559.0318,2366255.5918
002534.SZ,20260318,1.362,0.51,76.403,2.764,2.5021,0.9976,1473753.7171,1454019.6682
600881.SH,20260318,1.3161,0.85,,3.2965,0.8274,,559162.1209,559162.1209
688231.SH,20260318,1.7258,0.72,112.2072,3.0549,4.5162,0.7151,843264.0005,843264.0005
003037.SZ,20260318,0.6425,0.95,52.6433,1.5938,0.7024,0.6672,446909.7098,446909.7098
688386.SH,20260318,1.3009,0.81,74.2457,5.6942,11.6178,0.0834,839305.0801,766766.0
603111.SH,20260318,1.0245,1.06,16.168,1.4824,1.344,3.6122,587904.9183,581663.2025
002984.SZ,20260318,0.7774,0.79,13.3887,1.4942,2.295,3.0929,1975624.2112,1360911.4209
600372.SH,20260318,0.7459,0.68,81.4557,1.7637,2.7984,0.66,6740583.0056,6740583.0056
301098.SZ,20260318,2.9036,1.02,,1.424,2.0498,0.5405,170140.4106,138462.6293
603120.SH,20260318,4.7098,0.58,43.0106,3.3576,6.1808,0.9445,382844.0,95711.0
301469.SZ,20260318,2.6493,0.73,43.2065,2.2016,2.8702,1.0205,303247.72,156092.8835
688012.SH,20260318,1.4243,1.05,95.17,8.8545,16.2257,0.0932,20094881.3376,20094881.3376
600971.SH,20260318,1.098,0.47,330.2912,0.7577,1.697,3.5714,907203.6923,907203.6923
300992.SZ,20260318,3.3857,0.69,168.5512,3.4231,3.1635,0.2364,296028.1104,240620.9379
002192.SZ,20260318,3.3564,0.69,81.9686,4.1818,21.676,0.298,1446279.4807,1443299.67
688373.SH,20260318,2.8723,1.98,,15.7846,29.0222,,411455.1943,379734.9602
300736.SZ,20260318,3.8944,0.77,,32.3491,6.259,,265335.788,259428.8555
688212.SH,20260318,0.6747,0.89,466.4332,4.0723,6.9114,0.1978,534621.0425,534621.0425
002022.SZ,20260318,1.5163,1.34,,1.012,1.9607,,313753.2304,313693.7554
300236.SZ,20260318,3.0917,0.57,83.892,4.8944,13.0244,0.3211,2522406.9047,2242043.7262
300909.SZ,20260318,2.6758,0.93,84.5179,3.4712,4.5131,0.5683,700021.646,494588.1234
600622.SH,20260318,2.5091,1.42,,1.4127,2.6466,,415412.8564,415412.8564
603588.SH,20260318,5.1371,0.68,26.699,2.3195,1.5189,0.4765,2237631.4173,2237631.4173
002432.SZ,20260318,8.7874,1.04,14.7555,1.2562,17.7612,0.308,2787529.8611,2628265.8937
688050.SH,20260318,0.5471,0.73,40.1869,3.8285,7.1937,0.6342,1066618.5101,1066618.5101
300592.SZ,20260318,1.4045,0.6,172.1068,2.2566,0.5403,0.3841,521221.9335,449711.4425
600684.SH,20260318,1.5736,0.77,160.5327,4.5593,3.5141,,560779.6615,432704.5866
600241.SH,20260318,2.7208,0.83,1226.334,2.3677,7.2363,,276643.9881,276643.9881
601766.SH,20260318,0.5538,0.8,12.0633,1.0936,0.6561,5.0394,18223778.6959,15448151.7605
688420.SH,20260318,1.5838,0.91,165.9739,1.6073,4.4788,0.5536,231951.89,109481.397
300960.SZ,20260318,0.7275,0.61,81.3671,5.9701,7.895,1.2835,359955.1084,326148.6364
688048.SH,20260318,5.4594,0.77,1480.9336,9.6205,61.7231,,2891167.3451,2891167.3451
601169.SH,20260318,0.6716,0.98,4.4254,0.4185,1.6673,3.6364,11628641.3496,11628641.3496
001358.SZ,20260318,2.2759,0.87,56.2558,2.501,7.2705,1.6881,357896.0,148086.1747
001896.SZ,20260318,11.3612,0.79,84.8681,6.2928,1.8979,,2169661.0513,2169661.0513
603787.SH,20260318,2.1009,1.86,55.5541,2.0409,0.7628,1.4184,324502.7439,324502.7439
300323.SZ,20260318,14.6012,0.59,,2.6585,3.4037,,1804774.6623,977736.971
688499.SH,20260318,1.6178,0.66,177.8762,3.9458,2.8194,,906578.2842,906578.2842
601963.SH,20260318,0.6515,0.84,7.0448,0.7203,2.6532,3.6882,3922813.1306,2125760.58
301459.SZ,20260318,2.3801,0.78,31.8954,3.3045,4.3236,0.9713,411801.7981,103221.5094
002454.SZ,20260318,0.8238,0.76,26.3399,1.3771,1.0363,2.8628,546865.992,545471.9284
603949.SH,20260318,5.8861,0.72,66.3119,4.8293,12.4939,0.4142,509772.0918,508486.5578
300513.SZ,20260318,2.9302,0.83,,2.3249,3.2252,,306789.9496,281935.7197
600258.SH,20260318,1.3702,0.91,22.8165,1.5864,2.5006,2.1028,1911624.5517,1911624.5517
300848.SZ,20260318,2.1136,0.93,79.9632,4.4178,4.0165,0.4391,682052.8774,403477.2841
300972.SZ,20260318,2.2008,2.35,27.7551,24.5444,0.7252,0.2688,3731942.648,3420335.0869
600446.SH,20260318,1.2045,0.98,,3.5789,4.4132,,1317774.4706,1317774.4706
300197.SZ,20260318,3.0738,1.22,,5.7126,8.1366,,560441.3371,560427.1621
300401.SZ,20260318,3.426,0.7,26.9212,2.5713,6.545,0.7625,812487.508,799252.9472
002532.SZ,20260318,1.7379,0.93,16.6618,2.8527,2.6508,2.9288,7850338.6558,6965230.2386
002807.SZ,20260318,1.9367,1.12,5.2318,0.6055,2.7593,6.4516,1144547.6469,1142977.6293
601688.SH,20260318,0.6992,0.81,11.4441,1.043,4.7914,2.6357,17810002.2498,14416233.7431
300251.SZ,20260318,1.8184,0.7,22.204,4.4762,12.7958,1.2154,4811085.0285,4551598.6164
300454.SZ,20260318,4.7331,1.16,72.3598,5.3235,6.2859,0.0521,5036002.4032,3334622.0653
688229.SH,20260318,7.7865,0.89,,11.9361,33.8429,,437029.2,437029.2
000056.SZ,20260318,4.7325,0.67,,,0.6862,,236505.644,180745.3066
920145.BJ,20260318,1.2551,0.47,,4.5706,21.022,,117254.1,80761.566
600309.SH,20260318,0.8818,0.48,20.1564,2.3314,1.2424,0.9077,25250384.1353,25250384.1353
300106.SZ,20260318,2.259,0.83,,5.8937,2.5184,,227393.5656,227393.5656
600271.SH,20260318,0.7981,0.92,,1.2851,2.8325,0.0427,1736152.9058,1736152.9058
600095.SH,20260318,0.5989,0.78,70.1903,2.3277,108.8545,,2844891.8043,2844891.8043
301083.SZ,20260318,2.3299,1.1,88.8895,4.0928,9.0912,0.6243,341859.734,164542.2605
600373.SH,20260318,0.6767,0.66,29.0994,0.6938,1.5429,4.6119,1209928.1297,1209928.1297
300507.SZ,20260318,0.9016,0.7,62.4082,3.353,2.8544,0.673,710173.8065,687417.6805
605338.SH,20260318,1.8617,2.2,23.2547,2.716,3.4149,3.0189,634851.6543,634851.6543
603489.SH,20260318,3.2164,1.27,108.2355,3.1941,6.2414,0.2727,860344.129,860344.129
301303.SZ,20260318,2.8269,0.72,19.3015,1.9387,3.7833,2.193,652444.8,162368.7647
002158.SZ,20260318,0.8375,0.78,27.2051,2.922,4.3652,2.4268,1277990.6922,1275273.2861
688356.SH,20260318,0.9571,0.7,98.0269,4.7103,19.6601,0.146,621427.0722,621427.0722
002637.SZ,20260318,4.0078,0.94,36.9632,1.62,0.4739,0.9034,611521.3,575540.095
601005.SH,20260318,3.0281,0.88,,0.8254,0.5262,,1354319.8564,1271986.3948
920171.BJ,20260318,2.7009,1.02,430.3062,9.4112,8.4409,,206079.5312,138774.0993
688443.SH,20260318,1.7831,0.74,,6.2379,42.8308,,988202.6,314452.6
301390.SZ,20260318,3.9164,1.09,98.4549,2.55,3.7233,0.245,243060.0,124268.1519
300029.SZ,20260318,1.6781,1.07,,,10.9954,,98649.198,98577.243
002910.SZ,20260318,2.3935,0.87,,2.1852,2.621,,227998.8786,199458.2337
603357.SH,20260318,5.3583,3.67,10.9098,1.2625,1.549,4.084,480415.268,476151.7359
688233.SH,20260318,2.8245,1.08,133.3174,7.1687,30.5477,0.0939,1352568.1553,1352568.1553
600563.SH,20260318,7.1158,3.3,24.308,4.8907,5.3072,1.6068,2800575.0,2800575.0
688016.SH,20260318,1.7809,0.97,23.9997,3.3165,10.0078,1.4769,1351692.375,1351692.375
603630.SH,20260318,0.9872,0.85,,2.0005,4.5169,0.5247,382172.1723,382172.1723
300709.SZ,20260318,3.8789,0.75,44.8077,3.3342,2.6852,0.2674,765333.389,614001.2299
600981.SH,20260318,1.0395,0.84,45.5705,1.4812,0.1312,0.2985,751215.1193,751215.1193
300888.SZ,20260318,0.4208,0.73,22.912,1.7434,1.854,2.0349,2003214.5395,2001040.3219
600176.SH,20260318,1.5061,0.75,28.2766,3.1812,5.428,1.668,9839710.0774,9839710.0774
600637.SH,20260318,0.868,0.85,71.398,1.1756,4.6142,2.2031,3509823.4089,3509823.4089
300857.SZ,20260318,3.7675,1.4,74.9146,19.8665,7.1292,0.0824,8722935.6203,8669244.0194
600032.SH,20260318,3.8457,1.28,40.4674,1.6752,4.4263,0.5765,2169017.1422,2169017.1422
300138.SZ,20260318,2.0608,0.43,18.5856,1.9973,1.0296,0.9292,675857.0301,557240.2955
300868.SZ,20260318,4.6194,1.15,,3.4846,8.1603,0.1085,525626.816,331473.4971
688078.SH,20260318,1.0017,0.7,,2.8753,12.3931,0.5107,194114.059,194114.059
920017.BJ,20260318,0.7947,0.95,20.5338,1.3311,3.3367,0.8923,217582.664,215277.3722
920627.BJ,20260318,3.068,0.4,79.0737,4.4644,2.7001,0.5487,206562.15,102324.2625
301395.SZ,20260318,2.9002,0.54,74.6404,2.5317,1.7102,0.5117,390503.5043,220988.1443
002230.SZ,20260318,1.381,1.01,142.4347,6.7589,4.6794,0.1932,11924509.3689,11292153.6303
300984.SZ,20260318,1.5128,0.78,174.9602,7.0901,5.9656,0.1782,736919.2523,528720.034
600110.SH,20260318,5.6286,0.74,,2.3879,2.2096,,1405496.5549,1405496.5549
300266.SZ,20260318,4.0513,1.93,,128.0291,4.106,,435066.0479,434805.5219
000705.SZ,20260318,1.6304,0.91,64.8855,1.5187,1.1481,0.6543,306391.0533,258558.0087
603439.SH,20260318,0.5057,1.1,29.4706,3.2118,2.7281,2.9066,473541.1901,467646.9701
300204.SZ,20260318,2.1863,0.78,,13.9006,49.5239,,1210197.8818,1149132.181
300328.SZ,20260318,4.2701,0.59,,11.7692,7.8995,,1289020.8612,1281446.6756
688151.SH,20260318,0.6175,0.81,171.3701,1.7297,11.6401,0.2044,731373.5,731373.5
603768.SH,20260318,0.884,0.85,,1.1868,0.7939,0.4947,278884.2644,278884.2644
002155.SZ,20260318,3.0987,0.65,40.7176,6.4483,1.0242,0.5618,4920788.9941,4920344.7993
300027.SZ,20260318,3.2899,1.13,,17.3951,16.2879,,457793.4766,410021.4999
688215.SH,20260318,0.7239,0.85,115.1416,8.3736,9.3517,0.1277,406125.7881,406125.7881
600800.SH,20260318,5.1641,0.71,,4.3622,1.2297,,518391.1159,518244.0109
600716.SH,20260318,0.8745,0.72,,0.8578,3.8127,,431523.932,431523.932
002701.SZ,20260318,0.8175,1.1,12.2938,1.3892,0.6423,2.2599,1359232.809,1357982.4591
300979.SZ,20260318,0.1314,0.74,17.2866,3.4135,2.2191,6.9474,5543250.0,5543201.55
600489.SH,20260318,1.1679,0.87,31.7478,4.8082,1.9102,1.3398,14037817.1853,14037817.1853
920014.BJ,20260318,9.2099,0.61,196.4151,2.2054,3.2931,1.4111,173767.7155,95609.4469
003027.SZ,20260318,7.0833,1.08,35.0725,1.6747,3.2467,1.341,285891.6384,229330.937
600377.SH,20260318,0.2417,0.92,13.415,1.5532,2.8285,3.9452,6256882.395,4722311.2872
603163.SH,20260318,5.8223,1.05,76.0763,10.0509,3.9291,0.7665,1174200.0,1174200.0
000739.SZ,20260318,0.4571,0.87,24.5875,3.2665,2.0188,3.8345,2118793.3005,2117997.3727
002314.SZ,20260318,2.2481,0.84,,0.7816,0.473,,717562.3659,354643.475
301353.SZ,20260318,3.6109,1.35,41.7027,2.2254,3.1252,1.2829,288161.9658,93571.4658
600744.SH,20260318,9.6987,0.82,80.1192,11.8332,1.97,,1683802.0231,1683802.0231
002276.SZ,20260318,2.4593,0.87,30.7138,2.5118,0.8116,0.3315,1529757.1498,1523977.7546
688352.SH,20260318,2.5305,0.94,60.796,2.628,7.3777,0.7331,1615901.6744,497232.4462
605077.SH,20260318,0.6148,0.75,18.9503,1.5735,1.2936,4.4785,473667.0453,468008.2038
002517.SZ,20260318,2.2285,0.44,21.3988,4.0468,7.8509,0.5168,4134017.6578,3655382.7123
301220.SZ,20260318,12.0137,1.04,39.5721,2.968,5.2506,0.3071,520550.1974,359286.4985
301212.SZ,20260318,1.6802,0.61,203.0212,2.4455,4.6191,0.3953,327888.0,284625.0
300042.SZ,20260318,25.4884,1.63,,12.2185,11.8105,,1224043.2,1223930.5074
688450.SH,20260318,2.3898,0.59,,2.4117,10.5046,,226380.0,167832.205
601136.SH,20260318,0.2117,0.93,46.0472,3.5526,18.5419,1.1143,4783334.15,4783334.15
002773.SZ,20260318,0.4805,0.75,20.0853,2.7399,5.3835,2.2006,2511520.9206,1872309.5631
600319.SH,20260318,2.8035,0.58,,7.8326,3.5311,,315595.4386,315595.4386
002891.SZ,20260318,2.2852,1.19,27.916,4.1903,2.4195,0.8545,1242680.5737,1242680.5737
301133.SZ,20260318,2.8655,0.95,111.2866,3.6812,4.5087,0.317,504450.8895,461547.6793
300982.SZ,20260318,3.2237,0.48,605.9127,1.885,3.1905,2.217,547215.846,512664.054
600081.SH,20260318,0.4698,0.84,125.9257,1.439,0.9954,0.4191,659760.2208,659760.2208
603662.SH,20260318,0.6967,0.97,51.9413,6.1108,11.5417,0.4653,1682732.5691,1682732.5691
300716.SZ,20260318,2.5667,0.89,,,37.6803,,239549.94,239549.94
601016.SH,20260318,15.0266,0.99,31.4806,1.6421,6.1247,2.49,2833767.5036,2611026.1632
600769.SH,20260318,4.1759,0.52,286.8975,44.1206,67.2633,,530217.7608,530217.7608
688015.SH,20260318,0.3345,0.56,28.8326,1.6844,1.7676,0.9676,448494.1237,448494.1237
003041.SZ,20260318,6.6859,0.78,33.6818,5.7534,8.597,1.3682,841968.0,800006.4198
002174.SZ,20260318,1.6962,0.91,,2.0336,6.9234,,1008225.485,1007657.5542
002214.SZ,20260318,0.4571,0.86,,7.6734,25.037,,1084776.7888,866890.9752
000697.SZ,20260318,1.9237,0.93,,,7.7533,,1414237.4479,661597.7435
000026.SZ,20260318,0.7721,0.63,67.4741,1.7658,1.6793,2.7548,589169.3382,529342.1843
603636.SH,20260318,1.312,1.01,,2.6073,5.9938,,586164.1282,586164.1282
920571.BJ,20260318,15.8918,1.01,224.2168,4.6985,6.3756,0.8741,635386.1262,321954.6456
002640.SZ,20260318,3.996,1.29,,6.7751,1.0436,,578033.3334,574405.2039
600021.SH,20260318,1.1398,0.56,21.9648,2.7411,1.3686,1.3617,5791995.3421,5791995.3421
001226.SZ,20260318,2.1054,0.53,154.5844,4.5492,5.0705,0.9009,331520.148,150634.548
300910.SZ,20260318,1.8114,1.12,19.4183,4.2233,4.5403,2.2521,1547149.6334,1084737.1687
000978.SZ,20260318,2.1149,0.91,,3.1018,8.022,,343607.42,343599.1625
603683.SH,20260318,4.4638,0.83,124.6965,4.9657,3.9297,0.324,799503.3027,790963.761
000037.SZ,20260318,3.8723,0.91,133.4863,4.3215,18.1054,,635311.7762,357209.1901
920175.BJ,20260318,2.131,0.72,,1.963,5.4972,,130305.0,86807.0667
601606.SH,20260318,1.5191,0.91,,13.6835,19.7252,,3027998.9404,3027998.9404
600084.SH,20260318,0.6064,0.95,670.408,6.1495,49.9622,,795598.5956,795598.5956
300170.SZ,20260318,8.9666,0.65,119.2026,4.2613,7.1001,0.2003,2358278.1758,2254186.7926
002323.SZ,20260318,5.3874,0.41,,18.378,17.6257,,642619.108,642475.723
920405.BJ,20260318,1.2214,0.43,55.7912,4.0357,5.5545,0.586,328348.66,257697.8793
600409.SH,20260318,2.851,0.65,69.8906,1.1359,0.812,0.9542,1579227.3277,1579227.3277
688260.SH,20260318,1.6857,0.57,,25.4605,6.1789,,348000.0,348000.0
300761.SZ,20260318,1.4822,0.85,28.0436,2.0129,0.9794,2.741,1815200.5817,1361538.9698
300615.SZ,20260318,9.1156,0.52,205.5612,5.3289,6.3225,0.3408,283853.6948,183995.8123
688459.SH,20260318,0.849,0.96,41.869,1.344,4.1173,1.3416,465120.0,170141.834
603688.SH,20260318,2.3125,0.55,158.491,4.2586,25.5542,0.4146,2469511.3196,2469511.3196
688582.SH,20260318,1.0597,0.68,81.6446,9.7622,47.1357,0.6167,2468686.4991,1537596.0991
300489.SZ,20260318,1.8791,0.66,215.4159,9.7144,3.1678,,615397.5725,613122.7716
600000.SH,20260318,0.1958,0.75,6.9053,0.4686,1.9854,3.5931,34538154.3171,34538154.3171
301156.SZ,20260318,3.1246,0.87,48.3155,3.995,5.2703,2.0782,284525.8282,180323.7391
601901.SH,20260318,0.4915,0.87,15.0535,1.2213,5.3516,1.7632,6083522.9309,6083522.9309
002026.SZ,20260318,1.3427,0.75,18.1213,1.5939,2.9274,0.9566,598682.9051,598631.2291
688249.SH,20260318,1.5717,0.58,89.7646,2.872,5.7413,0.3111,6249632.9528,3698923.3687
002412.SZ,20260318,1.8537,0.82,20.3601,1.5491,3.3314,,350227.2,346500.12
601777.SH,20260318,0.8567,1.83,883.8941,4.5107,5.1441,,4715507.3741,4715507.3741
920699.BJ,20260318,1.0812,1.12,29.085,5.5066,5.0977,1.57,188888.742,86423.742
301360.SZ,20260318,3.0357,0.54,119.9092,3.2878,10.8193,0.4912,380047.5,181402.5
000333.SZ,20260318,0.2929,0.95,13.1013,2.6908,1.2985,5.2061,58590846.2893,52801864.8346
605228.SH,20260318,2.7655,1.62,99.934,2.9885,3.7527,0.1768,646859.6807,644132.6807
300511.SZ,20260318,2.7014,0.73,,2.9992,2.447,,451797.1463,394838.082
301148.SZ,20260318,2.0682,0.58,103.2107,3.3165,11.1779,0.7681,588310.254,297309.054
000610.SZ,20260318,2.2836,0.88,,14.3404,4.2568,,224200.2622,223022.5664
300497.SZ,20260318,3.2865,0.64,,3.8759,8.5822,,832751.252,681542.7941
002570.SZ,20260318,1.2962,0.61,44.9471,3.5915,2.2719,,617784.7865,617757.3305
600793.SH,20260318,1.6449,1.25,208.5915,14.2948,1.1804,,340186.3958,340186.3958
920580.BJ,20260318,2.9511,0.99,72.362,3.7469,9.1835,0.4701,128054.0,75098.5131
002229.SZ,20260318,12.2258,1.06,,6.8852,8.5366,,875281.7848,869941.827
000619.SZ,20260318,1.6274,0.77,,1.0933,0.5756,,278818.7012,227520.0
002790.SZ,20260318,1.0504,0.94,29.4309,1.6232,1.7011,2.442,342237.4137,213511.2525
300097.SZ,20260318,3.7704,1.11,,6.2279,14.9261,,236610.7286,221408.1574
601918.SH,20260318,2.372,0.77,9.7881,1.2394,1.637,2.6923,2020622.604,2020622.604
002985.SZ,20260318,3.0287,1.57,62.9914,4.6835,13.726,0.0606,1260048.1192,1256577.0575
002538.SZ,20260318,2.2003,0.61,28.618,1.1849,1.4309,1.6107,635899.0434,635895.1605
603053.SH,20260318,0.6268,0.81,18.3195,1.8425,1.695,3.0,888890.0,888890.0
603679.SH,20260318,3.5786,0.45,,3.3447,5.8052,,262902.3271,262902.3271
600619.SH,20260318,5.7178,2.3,288.7193,3.1339,0.9565,0.0727,1919139.7979,1411044.5388
300679.SZ,20260318,3.0763,1.36,28.9258,3.0847,2.8911,1.2877,1551867.46,1313039.2333
603757.SH,20260318,5.4677,0.48,45.0558,4.5147,4.4165,1.3891,908671.6986,908671.6986
600467.SH,20260318,7.0559,1.15,93.1579,1.1147,2.7635,0.3418,381319.5133,381319.5133
603336.SH,20260318,1.0157,0.71,574.9231,3.8989,5.2581,0.0548,555760.3968,555760.3968
301595.SZ,20260318,4.4731,0.6,89.8127,7.6702,6.1745,0.4085,662673.6,149101.56
300962.SZ,20260318,1.8102,0.52,44.4344,4.5685,12.5187,0.8439,456723.2818,456723.2818
001979.SZ,20260318,0.6584,0.97,83.4863,0.8753,0.5524,2.0474,8547198.4981,7976077.1902
688472.SH,20260318,7.1487,0.96,54.9005,2.3873,1.3928,0.6,5606792.6324,2074040.1077
603626.SH,20260318,4.531,0.62,,6.0167,3.9942,,1283436.723,1283436.723
688347.SH,20260318,5.4366,0.84,4112.3173,4.9821,13.4626,,22172186.7827,5202890.0
688283.SH,20260318,0.5515,0.98,114.5661,5.4349,22.0794,0.5869,535798.2,535798.2
002635.SZ,20260318,2.8175,0.75,70.2138,1.6977,2.1132,1.3324,990189.8508,593422.8822
002463.SZ,20260318,7.9296,1.35,45.8145,11.5874,9.2433,0.5492,17511708.1867,17497575.4226
603959.SH,20260318,2.0979,0.68,,126.9403,2.8557,,301533.8801,301533.8801
688361.SH,20260318,1.4183,0.51,988.8621,11.1492,27.7941,,5706960.4366,4046647.6307
300624.SZ,20260318,3.4837,0.73,,13.3061,9.3959,,1436875.56,1272605.2613
000839.SZ,20260318,6.8382,0.64,,9.5076,4.4884,,1458175.4029,1458175.4029
300274.SZ,20260318,4.0437,0.65,22.5472,8.0292,3.662,1.2065,34537629.1124,26482969.7109
301356.SZ,20260318,2.0724,0.43,54.6524,1.6461,3.1695,,493992.0,125350.47
600152.SH,20260318,12.2895,1.03,,3.1103,3.6381,,529608.4544,529608.4544
300049.SZ,20260318,1.3077,0.61,115.8267,7.4871,9.7037,,1426630.2456,1257171.2253
600540.SH,20260318,3.5187,0.58,,6.9177,0.696,,301734.6422,301734.6422
300741.SZ,20260318,0.4296,1.45,,1.5877,8.453,0.5695,1081485.28,1081479.4852
002686.SZ,20260318,7.2488,4.05,340.4192,2.5358,2.4663,0.1359,416185.7628,384208.4669
300810.SZ,20260318,5.1405,0.94,,5.6592,17.6097,0.0554,421084.35,406604.2027
920876.BJ,20260318,2.9428,0.45,264.925,6.8229,3.1704,,174956.4764,106990.7268
600927.SH,20260318,0.5252,0.62,34.4916,1.6591,1.9061,0.6019,2176055.5562,2176055.5562
688157.SH,20260318,0.707,0.63,272.0301,4.4002,8.223,0.4363,594438.104,594438.104
002587.SZ,20260318,6.3014,1.26,,3.5672,6.0259,0.274,474324.1456,387803.938
920199.BJ,20260318,6.3127,0.56,412.9099,5.373,10.3667,,284222.1954,158270.4351
603327.SH,20260318,0.9964,0.96,104.915,4.3396,4.0346,1.8415,1038141.1445,1038141.1445
601311.SH,20260318,2.2677,0.96,14.8736,1.1252,0.6759,3.0688,1108623.0815,1108623.0815
002512.SZ,20260318,9.2733,0.66,,12.491,2.6854,,485048.5316,477180.977
600966.SH,20260318,0.79,0.44,73.6512,1.4783,0.5619,0.3225,1090864.939,1090864.939
600358.SH,20260318,1.0344,0.64,,43.2732,7.9606,,317100.2225,317100.2225
002893.SZ,20260318,3.6531,1.37,37.0968,2.4993,2.4695,0.8846,303976.92,233803.7466
603389.SH,20260318,0.4012,0.9,,48.7516,54.6172,,1140343.68,1140343.68
002825.SZ,20260318,1.389,0.89,22.8823,2.3009,1.9146,1.0849,372614.8236,279889.5127
605018.SH,20260318,0.7481,0.64,62.3734,1.9479,2.5751,1.3183,527883.8855,527883.8855
002132.SZ,20260318,2.5944,0.91,361.0817,1.5749,1.0473,1.2148,546602.4322,545798.0408
688020.SH,20260318,1.7955,0.49,,5.2123,20.1558,0.2081,720846.123,720846.123
300659.SZ,20260318,2.7251,0.82,,3.2774,4.7729,,393713.2755,287783.0862
600118.SH,20260318,3.2176,1.07,1755.0293,15.8802,15.317,0.0117,10085449.8324,10085449.8324
300036.SZ,20260318,1.7616,0.99,,3.1248,5.5479,,841645.3818,748920.0431
000837.SZ,20260318,1.4459,0.34,265.7,2.4692,2.931,0.2558,1200150.0668,1181684.1143
688699.SH,20260318,2.1232,0.73,,4.4683,8.0044,,532272.599,532272.599
300413.SZ,20260318,1.1332,0.98,44.4757,1.7974,3.2354,0.9888,4162353.8134,2273282.4066
920855.BJ,20260318,0.7366,1.06,35.0588,2.1342,4.5931,1.2758,123011.0661,110342.7555
002324.SZ,20260318,2.1895,0.67,69.4506,3.9029,1.9068,0.3073,1785299.678,1245922.919
300004.SZ,20260318,3.7718,0.98,94.7289,3.5114,10.5387,,624951.6646,624951.6646
300756.SZ,20260318,2.6117,1.28,77.4504,4.3118,9.2006,0.1248,631338.2931,525708.7941
300915.SZ,20260318,4.157,1.14,398.3692,2.018,2.9498,1.1549,310319.6349,142047.2422
001318.SZ,20260318,0.6087,0.8,34.4588,2.7836,8.1909,1.2676,401377.2,401377.2
300373.SZ,20260318,1.4226,0.87,31.7624,4.4905,5.9665,1.0707,4151177.0927,4142009.6504
002303.SZ,20260318,1.8216,0.95,18.2525,1.3332,1.4508,5.1169,589559.6187,372270.7477
603119.SH,20260318,3.1139,0.66,108.6481,14.8072,22.5606,0.2439,2900479.9041,1625734.9974
605117.SH,20260318,1.4354,0.64,37.8878,13.8495,9.656,2.3087,11622748.9871,11622748.9871
688162.SH,20260318,0.7707,0.7,55.2656,1.8437,1.0315,,447222.7281,447222.7281
301276.SZ,20260318,2.4558,0.61,24.2068,1.5665,2.9139,2.3819,326462.4,182042.102
920204.BJ,20260318,1.3253,0.58,74.013,3.1378,4.7956,0.3663,154443.4115,81884.837
600595.SH,20260318,3.3476,1.34,26.2103,1.8281,1.3459,,3050015.7918,3050015.7918
603398.SH,20260318,6.5235,3.22,,6.952,17.6268,,446650.7697,446650.7697
002588.SZ,20260318,4.4129,1.0,13.2411,1.7665,1.1081,2.7159,1293574.6935,964205.0711
002649.SZ,20260318,1.6502,0.97,56.9916,1.731,1.0858,1.3615,735192.7322,688970.4727
000672.SZ,20260318,1.7248,0.96,18.2126,1.5417,2.6147,4.3913,1367816.98,1367816.98
688083.SH,20260318,0.9649,1.16,454.9323,3.6514,10.9553,0.6161,979537.4244,979537.4244
000892.SZ,20260318,2.8872,0.68,,7.3169,10.767,,618017.698,447826.966
600839.SH,20260318,1.1602,0.55,32.491,2.8719,0.4101,0.5198,4440826.9416,4439590.203
603063.SH,20260318,3.8332,0.58,28.1095,2.953,3.491,0.3701,1466208.8089,1466208.8089
688548.SH,20260318,2.6628,0.55,107.2103,5.1136,12.6527,0.3569,3067601.5613,1607060.9297
300058.SZ,20260318,5.712,0.67,,7.0053,0.8361,,5557662.4594,5387086.0654
002032.SZ,20260318,0.1652,0.86,17.1371,5.7079,1.5779,6.2304,3593172.0835,3590894.2773
002614.SZ,20260318,1.7409,0.95,60.2732,0.9555,0.806,1.5099,412915.353,292118.0
002816.SZ,20260318,2.6468,1.18,,10.3857,12.8394,,240300.0,240300.0
000713.SZ,20260318,2.5235,0.69,111.3516,1.8724,2.0459,0.2198,558753.6318,429810.486
600420.SH,20260318,0.5941,0.8,15.2525,1.0452,1.5384,2.7933,1440419.4712,1440419.4712
301286.SZ,20260318,0.7429,0.58,94.3151,9.9407,17.4552,0.1671,1898874.6,765432.0229
600423.SH,20260318,3.3467,0.77,518.748,5.6863,21.4393,,317880.6203,317880.6203
600491.SH,20260318,1.9478,1.26,,0.4864,0.779,,477284.482,477284.482
300746.SZ,20260318,0.9165,0.77,,3.7919,2.4501,,291653.9198,288820.7214
688282.SH,20260318,1.3503,1.1,,5.0078,21.1818,,637648.0,637648.0
601133.SH,20260318,13.5665,1.35,45.2365,2.8834,1.8018,1.3126,843773.4416,238720.0169
301033.SZ,20260318,0.8918,0.79,42.7543,5.7246,12.9388,0.9112,435688.4308,366936.3418
002278.SZ,20260318,8.757,0.83,103.3143,3.5402,6.1208,0.3679,492617.8854,422060.3045
301128.SZ,20260318,16.0458,3.06,100.2897,15.1142,7.851,0.3296,1344943.3925,1147184.0907
300869.SZ,20260318,1.0872,0.92,,3.3528,11.884,1.7253,582212.8325,367120.3991
601633.SH,20260318,0.2322,0.72,18.1915,2.0945,0.8093,2.136,18031436.8097,13082875.7174
603922.SH,20260318,1.6888,0.66,191.3496,3.6341,5.4078,,377753.6,377753.6
600789.SH,20260318,1.3044,1.01,48.4516,1.7779,1.4773,1.1006,914541.0558,786335.928
600916.SH,20260318,1.7818,0.56,40.0529,2.2687,0.2737,3.6008,1632960.0,1632960.0
003016.SZ,20260318,0.9436,0.91,,1.3206,2.4518,,353658.6757,345552.4701
605189.SH,20260318,1.268,0.79,60.6536,1.5686,0.8498,0.9586,277336.8947,277336.8947
301421.SZ,20260318,6.9572,0.78,330.608,8.8363,21.7862,0.1645,1054885.288,422148.1493
300213.SZ,20260318,1.425,0.51,224.8703,2.3229,5.1872,0.5828,509964.8783,473806.3627
001285.SZ,20260318,5.1443,1.44,29.7188,2.6674,4.314,,985034.1319,222087.5319
002491.SZ,20260318,8.7955,0.69,3476.4154,5.2456,4.0781,,1301334.181,1244704.0655
688234.SH,20260318,0.8868,0.59,,5.4793,26.8331,,3930741.0104,3485386.2779
301255.SZ,20260318,1.9961,0.73,96.8071,3.8191,9.2748,0.5422,401363.2,100340.8
002766.SZ,20260318,2.098,0.69,284.8687,4.0008,4.6454,,460273.8151,455846.376
002115.SZ,20260318,5.8039,0.97,,5.0864,1.09,,1055099.7229,978606.3871
300904.SZ,20260318,10.0104,0.71,,7.0744,7.1044,,466220.3973,141593.9973
688700.SH,20260318,7.8955,0.93,124.1964,8.716,14.5134,0.1854,1607189.725,1607189.725
002408.SZ,20260318,1.6361,0.55,,1.4543,0.6609,0.5105,1657382.5359,1603888.7978
301488.SZ,20260318,4.1547,0.93,131.4513,9.3077,7.2249,0.3698,1243840.0,316532.7818
603208.SH,20260318,0.8517,0.76,,2.105,1.2496,1.319,253356.9238,253356.9238
688138.SH,20260318,0.8785,0.92,48.3584,3.2603,7.3007,0.8994,905050.0,905050.0
688018.SH,20260318,1.142,0.91,50.6962,5.6608,9.8386,0.2645,2523859.451,2366211.1022
603920.SH,20260318,2.5469,0.79,48.0075,6.0721,7.2302,1.6534,3922183.9814,3922183.9814
601377.SH,20260318,0.8326,0.97,16.5273,0.9981,4.338,2.3292,5561575.8173,5561575.8173
300916.SZ,20260318,1.4694,0.74,31.6407,3.1601,2.7098,1.34,431762.3609,278874.1205
300039.SZ,20260318,1.4594,0.68,19.0704,1.46,5.627,2.0635,658980.0,577663.5224
003026.SZ,20260318,3.6674,0.79,103.1322,6.8867,10.732,0.4275,453407.262,334742.2014
688351.SH,20260318,0.4968,0.98,212.522,6.0321,23.4017,,1087086.0,1087086.0
301099.SZ,20260318,21.8176,1.85,73.7269,5.9283,1.281,0.4231,768235.3399,470269.6147
300132.SZ,20260318,3.9897,1.09,35.5975,3.3734,2.2565,,475254.4151,467434.7813
605166.SH,20260318,1.4824,0.63,16.6615,1.7637,0.5542,1.2179,343688.0494,343688.0494
600326.SH,20260318,1.7357,0.75,,3.4476,3.9631,,1389713.7115,1389713.7115
001373.SZ,20260318,3.1764,0.84,,3.1113,4.837,0.1523,270557.6518,130505.8923
920029.BJ,20260318,1.3062,0.85,16.8613,3.1943,3.9452,1.7483,1191647.6029,330215.6029
301337.SZ,20260318,4.1204,1.08,,2.9335,13.0263,,321665.4,114175.0874
300390.SZ,20260318,4.6579,0.9,,3.8348,6.2185,1.1917,4182830.2176,3386221.63
301100.SZ,20260318,1.6022,0.76,,2.0599,3.3965,,411000.0,179812.5
300706.SZ,20260318,4.0607,0.67,,7.9238,4.1363,,556944.3459,412914.0609
300069.SZ,20260318,2.519,0.71,95.7183,7.8725,8.8751,,222300.0,222300.0
600730.SH,20260318,1.4419,0.82,629.8222,2.973,45.4993,0.1101,532683.6498,532683.6498
301520.SZ,20260318,2.8363,1.34,69.7943,1.8844,9.6563,,285066.6681,95880.7138
300604.SZ,20260318,4.3238,1.29,84.4504,18.7124,16.7074,0.0772,8161589.6291,6296844.1713
920675.BJ,20260318,5.2302,0.85,37.0552,2.9962,3.3161,1.8536,185764.956,85260.2817
301127.SZ,20260318,1.1696,0.62,41.8186,3.6636,6.1742,0.5454,1186365.0938,1151457.0003
601298.SH,20260318,0.2479,1.22,11.1314,1.2837,3.1202,3.8418,5867954.4,4874435.8
601117.SH,20260318,2.229,0.55,9.3268,0.8739,0.3025,3.0786,5673092.8645,5655814.5793
688209.SH,20260318,1.8111,1.58,53.1459,4.3005,5.8518,0.4059,943046.5225,943046.5225
000722.SZ,20260318,2.3899,0.56,89.9732,2.0132,17.0123,0.3663,633576.0549,633576.0549
300710.SZ,20260318,3.0636,0.95,,6.671,10.8373,,308419.93,231198.0403
600734.SH,20260318,2.1212,0.96,,28.7778,23.5161,,893104.2735,892919.7735
301618.SZ,20260318,1.6034,1.12,94.8789,4.8422,8.353,0.669,452703.1855,166368.3276
603607.SH,20260318,5.4986,1.19,39.1637,4.1848,4.5565,2.1106,422906.2992,422906.2992
300144.SZ,20260318,1.1186,0.97,26.5583,2.5208,9.4358,2.4856,2110242.9934,1896491.0742
000402.SZ,20260318,1.0363,1.23,,0.3478,0.5989,,818966.7945,818894.8051
605162.SH,20260318,8.4621,5.21,27.5421,3.2213,5.4516,1.7593,409796.411,409796.411
920378.BJ,20260318,0.6868,0.97,57.5936,3.7239,3.6333,1.0526,147749.7,105813.1508
002815.SZ,20260318,8.4705,1.14,64.2617,2.2157,2.7217,0.6534,1985749.4803,1250421.5005
688068.SH,20260318,1.5592,0.79,,4.6126,28.1698,,1148465.9607,1148465.9607
002862.SZ,20260318,1.6655,0.43,,7.1682,6.3068,0.1255,286776.0,215505.1926
300408.SZ,20260318,1.4652,1.06,42.242,5.1205,12.6473,0.6754,10753466.7487,10491492.7834
600819.SH,20260318,0.8599,0.97,52.5862,1.9833,1.3561,0.4282,756009.9745,578500.0359
300580.SZ,20260318,0.9076,1.26,36.7535,3.3867,7.6848,0.7714,1103100.7854,1037813.0685
603086.SH,20260318,2.8749,0.42,21.658,1.6418,1.3997,,354807.5247,354807.5247
300103.SZ,20260318,1.9411,0.77,,5.0608,15.3458,,246140.775,245936.4052
603982.SH,20260318,1.5394,1.06,,1.2849,1.1321,,301596.5499,280471.2306
603022.SH,20260318,2.0342,1.1,43.1201,2.7589,2.3773,0.6897,226200.0,226200.0
300009.SZ,20260318,0.8669,0.97,24.1434,3.8785,6.2642,1.55,1614495.8039,1188418.8261
603079.SH,20260318,1.3274,0.45,57.0332,2.2111,4.1483,,348381.597,348381.597
300681.SZ,20260318,2.2016,1.05,40.8044,2.2731,2.1653,0.1115,688624.515,519288.2145
002560.SZ,20260318,4.9384,0.73,63.2418,2.0173,0.6791,,540459.25,465618.2101
300299.SZ,20260318,1.5254,0.66,,10.47,11.716,,450075.6554,449373.4514
002879.SZ,20260318,5.1244,0.79,31.6735,2.4461,2.9414,0.8733,423678.1622,302484.597
920267.BJ,20260318,0.8482,0.68,,4.1426,1.972,0.9346,101615.3191,60333.4386
603352.SH,20260318,29.9937,2.77,45.0651,3.6571,2.8494,,1050373.3349,205853.2718
920057.BJ,20260318,1.1829,0.65,127.7697,1.6742,0.7772,,119996.3026,76176.7895
300399.SZ,20260318,2.0926,0.76,302.0504,9.0125,9.619,0.2136,462581.6,462536.4772
920076.BJ,20260318,11.4336,1.81,24.9107,2.1176,1.8931,,201140.9509,47526.2079
688201.SH,20260318,2.3177,0.76,62.3585,3.5889,9.1229,,494442.7991,471645.4439
603387.SH,20260318,6.6026,2.61,25.2166,1.9562,5.0489,1.7341,526425.3506,526425.3506
300767.SZ,20260318,2.5591,0.84,,3.564,10.9877,,576066.7934,500174.8137
300758.SZ,20260318,2.4594,0.55,76.9539,3.3551,3.9201,,600937.1221,542125.4134
000528.SZ,20260318,2.5794,1.13,13.7722,1.1043,0.6116,2.6593,2016260.8617,2013610.1198
300133.SZ,20260318,1.9426,0.69,58.2339,2.032,7.0289,0.1661,1467186.5522,1252701.8561
300956.SZ,20260318,1.9457,1.2,267.2178,2.5487,1.5739,0.5122,350500.8028,342406.0483
600348.SH,20260318,0.9812,0.58,22.141,1.227,1.4467,3.2907,3387442.5,3387442.5
002471.SZ,20260318,11.4121,1.15,,6.8411,2.2053,,1193558.72,1170724.3213
300193.SZ,20260318,1.8123,0.64,19.0066,1.9428,3.6387,2.1277,447674.8167,394476.3317
300783.SZ,20260318,1.5615,0.79,34.1035,2.6068,0.6911,0.6465,774821.2371,540632.9211
300700.SZ,20260318,2.3139,0.75,,6.3869,13.5001,,555840.3522,378854.4886
603075.SH,20260318,3.3747,1.18,28.8609,4.3691,4.4528,3.0774,915649.0775,93832.5252
002033.SZ,20260318,1.9927,0.94,24.5615,2.0377,6.2108,3.7194,517070.7591,517060.8503
688195.SH,20260318,3.8151,0.59,400.1029,28.5878,48.237,0.0319,2824486.6,2824486.6
002856.SZ,20260318,0.7715,0.24,,19.6376,3.9721,,163187.2464,149428.7583
002600.SZ,20260318,0.7089,0.5,45.4758,4.5203,2.0695,0.2742,10412970.8715,10258367.0897
600754.SH,20260318,1.0366,1.0,54.1245,1.8841,2.2085,1.3564,2984569.3448,2536017.3323
002789.SZ,20260318,4.8015,1.43,,,0.4156,,184684.4057,181031.2765
688072.SH,20260318,1.2023,0.77,104.8781,15.8403,14.9508,0.0771,9746546.017,9746546.017
300240.SZ,20260318,2.1252,0.8,,1.9026,0.4476,,280901.5902,274714.4325
301329.SZ,20260318,3.7917,0.88,65.4094,2.5831,4.4972,1.5816,403544.2,142127.224
300405.SZ,20260318,3.7828,0.73,,4.7555,3.5049,,199060.8697,153176.3513
002393.SZ,20260318,3.8054,2.23,14.3457,1.227,4.3096,2.7785,600177.3442,583194.0301
920826.BJ,20260318,4.0654,1.33,33.1791,3.9668,2.4651,0.9042,155410.4903,69096.7671
300724.SZ,20260318,5.0396,0.71,12.1407,3.1069,2.1188,0.9998,4163134.3477,3439050.8089
001288.SZ,20260318,1.0458,0.7,41.8685,3.4434,3.9736,0.5556,755140.4699,487858.1174
603214.SH,20260318,2.2827,0.86,20.9963,2.0231,0.625,2.2798,232747.2605,232747.2605
688677.SH,20260318,0.7962,0.85,28.0266,3.5681,7.981,1.4817,480946.524,480946.524
300780.SZ,20260318,5.1114,0.56,,3.1547,5.6818,,322967.34,236792.0964
300365.SZ,20260318,8.0263,1.13,,2.2338,3.6891,,420498.6838,358718.9565
300948.SZ,20260318,6.6374,1.42,,3.7722,33.5011,,364568.5299,343481.467
920454.BJ,20260318,1.2981,1.02,55.069,4.592,10.0145,1.1134,151028.7,90788.4026
605299.SH,20260318,9.7956,2.39,64.4963,4.5146,3.6735,1.4276,575372.4913,575372.4913
300663.SZ,20260318,1.2875,0.8,,9.7889,13.8529,,740164.1626,707829.4168
688597.SH,20260318,1.5619,0.54,41.6755,3.7882,3.1622,1.0726,317240.6438,317240.6438
301489.SZ,20260318,6.116,0.89,192.9342,13.217,15.8776,0.1007,1432250.5851,844241.1733
920022.BJ,20260318,11.6873,2.08,26.3709,4.2255,2.7144,1.932,181083.642,49878.23
600035.SH,20260318,1.0431,1.16,9.5172,0.7197,1.1867,4.2714,640826.1286,640826.1286
300293.SZ,20260318,1.0713,1.04,,6.638,4.9339,,620357.0483,620357.0483
002970.SZ,20260318,2.0955,0.43,37.3289,6.6711,5.0281,1.5314,1283247.3792,875996.0728
600183.SH,20260318,1.8421,1.01,46.2656,9.2235,5.4254,1.5749,15424907.1105,15205084.8044
688216.SH,20260318,1.5608,0.68,,4.7278,4.5415,,348701.0476,322896.2756
600470.SH,20260318,19.1481,0.72,,2.5648,0.6481,,417280.0,417280.0
603248.SH,20260318,65.7797,1.64,74.717,6.566,12.3842,,1489940.0,224491.5854
301368.SZ,20260318,1.2802,0.68,3370.394,6.9816,13.404,0.1188,677364.0,361644.9216
600847.SH,20260318,6.8438,1.33,,4.4633,4.1297,,229624.5252,229624.5252
002387.SZ,20260318,0.6892,0.74,,2.9149,1.4392,,1170515.084,1169006.9354
603918.SH,20260318,2.0628,0.98,,5.3302,6.9468,,533422.0955,533422.0955
001229.SZ,20260318,8.6064,1.37,62.0075,4.1669,19.9483,1.4215,422100.18,217039.2598
002540.SZ,20260318,1.5366,0.77,20.9051,1.5684,1.0945,4.356,850775.8548,592806.7538
600186.SH,20260318,6.3357,0.98,39.9013,6.0755,3.6164,,1158125.9581,1150066.236
300737.SZ,20260318,2.8194,0.81,,1.5721,1.1072,5.4859,708161.0252,565845.4678
600708.SH,20260318,2.4308,2.14,,0.9436,1.5668,,862482.4195,861182.4974
003012.SZ,20260318,0.6834,1.03,21.1107,1.0219,1.2386,3.6108,778648.3193,770255.4023
002941.SZ,20260318,2.6005,1.08,19.4852,2.4363,1.3526,0.8458,1144979.5889,1144979.5889
000063.SZ,20260318,1.6631,0.79,30.867,2.299,1.2951,1.7021,17340313.9654,14600126.966
600918.SH,20260318,0.7757,1.46,28.8958,1.134,4.0187,0.3476,5012309.8505,2485061.3529
600520.SH,20260318,2.2711,0.67,479.3427,11.1975,13.6609,,434573.49,434573.49
600483.SH,20260318,0.9093,0.65,9.8031,1.124,2.09,3.6098,2949726.2058,2949726.2058
688480.SH,20260318,2.1897,0.6,82.0693,7.8537,7.2148,0.6653,902643.589,902643.589
920701.BJ,20260318,0.5356,0.92,32.2898,2.7183,2.5693,1.277,230221.6,168147.7487
301533.SZ,20260318,3.1235,0.56,60.1356,2.9606,4.1824,1.1586,335324.1537,96997.5837
600528.SH,20260318,1.2187,0.92,12.7471,0.7418,0.6451,1.2497,1841666.2665,1841666.2665
600903.SH,20260318,1.0744,0.55,,2.5795,1.1531,0.525,772806.3222,772806.3222
301298.SZ,20260318,1.6567,0.72,37.1348,2.6334,3.8692,1.7497,247504.8,182432.7735
605056.SH,20260318,1.1618,0.47,38.3092,5.939,2.2601,1.8309,974355.816,960075.816
001337.SZ,20260318,3.2683,0.66,53.713,13.0364,25.0655,0.4651,2257500.0,2257500.0
300284.SZ,20260318,0.6809,0.88,58.8446,1.0705,1.9673,1.2605,901659.0306,854909.5843
603677.SH,20260318,0.7336,0.97,48.0961,2.827,1.5841,1.4637,328962.2774,328962.2774
002567.SZ,20260318,1.4492,0.61,,1.1391,0.2416,,624810.4073,624097.764
601618.SH,20260318,1.2976,0.61,16.8014,0.6252,0.1376,1.7778,6527940.0386,5623575.0386
002203.SZ,20260318,1.2476,0.74,42.3731,1.915,0.3765,1.7857,3174081.0545,3063815.6576
300398.SZ,20260318,3.8136,0.76,47.2218,3.197,5.07,0.3802,1565906.0949,1557354.3656
301020.SZ,20260318,0.8374,0.93,36.7026,3.3934,5.8561,1.387,327204.0,327204.0
002331.SZ,20260318,1.7329,1.12,,2.2212,2.8116,0.3428,372307.1899,343989.5614
688318.SH,20260318,0.7685,0.79,95.4632,7.8312,81.5717,0.3042,3006586.4818,3006586.4818
603869.SH,20260318,0.1428,0.76,126.1768,1.2802,7.1728,0.13,479293.0904,479293.0904
000807.SZ,20260318,2.1648,1.04,21.5031,3.4378,1.8083,1.616,10729860.2111,10729747.7318
603135.SH,20260318,0.8556,0.66,150.0764,2.3422,10.2344,0.5925,695780.0168,277164.9001
600438.SH,20260318,1.1136,0.41,,1.9792,0.9353,,8261151.8133,8261151.8133
600329.SH,20260318,0.5639,0.95,9.301,4.6719,6.2016,8.6323,3327577.7123,2450393.1073
920541.BJ,20260318,1.1097,0.99,25.8883,3.9291,5.4247,1.1152,183861.5,121128.93
600336.SH,20260318,1.7218,0.53,,2.5949,0.8839,0.1271,628037.6232,628037.6232
603150.SH,20260318,1.9199,0.66,38.2356,2.7992,1.222,0.5812,470669.398,470669.398
920547.BJ,20260318,0.9799,0.85,29.3013,2.5886,4.5329,0.8453,183809.808,89241.7344
601199.SH,20260318,0.7135,0.67,13.7559,1.2345,3.6112,2.3451,558320.5443,558320.5443
600936.SH,20260318,0.7493,0.71,,6.8471,1.877,,668410.4956,668410.4956
301629.SZ,20260318,19.386,1.55,238.1682,10.6644,28.6883,0.3217,1242638.2197,310656.5918
003004.SZ,20260318,1.0091,0.59,,4.0615,7.7951,,260895.4879,219078.7812
600161.SH,20260318,0.3608,1.08,23.8433,2.7376,4.8853,1.5753,3138088.4848,3138088.4848
002185.SZ,20260318,4.0445,1.11,56.7438,2.5892,2.7897,0.4085,4549980.7623,4548947.329
002142.SZ,20260318,0.5905,2.05,6.8325,0.9008,2.7848,3.9539,20041898.0537,20030658.1558
002098.SZ,20260318,1.0084,0.88,17.2766,2.3404,1.2158,1.0515,340458.0,340447.3013
002337.SZ,20260318,1.6401,0.92,91.4856,3.0083,6.1282,0.312,396138.3998,395721.666
002295.SZ,20260318,1.4438,0.85,231.9708,2.0878,0.6122,0.3194,282444.232,282081.338
600080.SH,20260318,1.8236,0.72,41.3196,2.0426,5.8794,0.327,323625.3371,323625.3371
601908.SH,20260318,4.0963,0.95,,1.1439,3.2346,,1006889.393,1006889.393
300074.SZ,20260318,2.4267,0.92,,2.6363,4.8964,,259641.3472,258225.6776
600179.SH,20260318,0.9425,0.83,17.0692,1.6614,2.1698,,1899955.6136,1734163.0443
920123.BJ,20260318,1.6181,1.23,38.4901,3.5856,1.7714,1.726,149128.98,85077.182
300937.SZ,20260318,1.9696,0.92,,3.6329,0.6886,0.3167,302115.3818,210414.2588
603960.SH,20260318,2.7288,0.45,129.4023,5.0974,10.7552,0.2627,570018.2346,570018.2346
603689.SH,20260318,1.4981,0.69,14.209,1.2504,0.8268,4.4236,443247.7764,439318.3932
603002.SH,20260318,3.814,0.9,317.1442,3.5361,4.5628,0.1862,1218000.3187,1218000.3187
600584.SH,20260318,4.4217,1.15,55.0798,2.9082,2.0655,0.3277,8190150.4869,8190150.4869
688606.SH,20260318,0.3159,0.95,24.1714,1.3376,5.7897,3.698,527614.09,527614.09
688621.SH,20260318,1.3497,0.83,35.9676,5.8306,5.7912,0.2526,705264.0,705264.0
600535.SH,20260318,0.3353,0.72,19.2588,1.7166,2.5847,2.8772,2128878.7571,2128878.7571
920305.BJ,20260318,3.0378,0.62,,1.9871,17.6429,,94251.801,57743.823
301275.SZ,20260318,1.9157,1.13,37.7998,4.6891,4.5324,0.3423,1875456.0,1303301.5183
002779.SZ,20260318,2.2338,1.51,352.9733,22.0422,16.7121,0.087,1668744.0,1497249.2651
002962.SZ,20260318,2.9029,1.06,121.3687,2.548,3.9037,1.2795,451206.2995,323607.6557
603065.SH,20260318,2.8533,0.82,98.1828,1.7794,2.559,1.3321,358636.2416,168352.4775
300770.SZ,20260318,0.8705,0.71,14.4776,2.7902,5.8636,6.8293,954643.6963,954643.6963
600925.SH,20260318,0.9954,0.59,103.3752,2.1566,2.6522,2.5311,3320444.4445,774115.4185
601609.SH,20260318,1.0135,0.71,23.1215,1.7738,0.1421,0.9066,1763210.9569,1763210.9569
002177.SZ,20260318,13.9335,0.51,665.8053,3.9212,111.2804,0.0797,668325.9561,592578.8495
605268.SH,20260318,2.9892,0.4,31.9086,3.3702,1.6823,1.5785,565465.2675,558103.9975
002486.SZ,20260318,2.4444,0.69,47.5474,2.373,2.1194,,257176.3272,255985.665
300589.SZ,20260318,5.4034,0.58,,8.1994,6.4704,0.0586,644679.2692,395353.0022
301331.SZ,20260318,0.973,1.06,54.9439,2.7294,3.2188,1.8821,286039.4459,285494.3713
600550.SH,20260318,6.1844,1.08,199.0168,40.1291,5.1759,,3141647.5869,3141647.5869
300270.SZ,20260318,2.07,0.96,,5.9256,23.0166,,333995.0489,287806.0635
000798.SZ,20260318,7.1005,0.77,,9.434,0.8306,,386346.7999,386323.0399
301282.SZ,20260318,21.7359,2.02,65.1956,3.2698,2.9098,0.6767,552265.4431,429645.198
603712.SH,20260318,1.1168,0.85,,3.3736,8.108,,1408128.0,1408128.0
688079.SH,20260318,1.4221,0.53,,4.0604,8.1052,,538499.0105,529118.8212
601686.SH,20260318,0.8414,1.09,10.7772,1.3941,0.1687,7.1587,890021.3969,890021.3969
002860.SZ,20260318,1.0514,0.59,26.9641,2.0827,2.0531,0.7523,473021.9585,459780.0282
000751.SZ,20260318,3.8208,0.62,139.0097,2.64,0.5344,,951606.4205,830412.7108
002580.SZ,20260318,3.535,1.1,29.3378,2.5101,1.737,0.3108,584129.394,582160.0356
605258.SH,20260318,5.7794,1.28,46.9717,2.7303,3.3816,1.8898,325952.0,325952.0
000028.SZ,20260318,0.9255,1.45,12.7979,0.7812,0.198,1.4012,1453747.9811,1248676.2957
301004.SZ,20260318,0.3643,1.02,12.8481,4.5481,2.7296,6.232,731655.7023,681865.917
688268.SH,20260318,5.5302,0.62,59.4355,4.6467,6.0234,0.8396,854734.1934,854157.2304
600742.SH,20260318,4.3431,2.5,15.9972,0.9565,0.405,6.221,800273.3368,800273.3368
300642.SZ,20260318,1.3634,0.84,179.5259,1.9426,7.6512,0.8455,285752.4241,242088.8462
688591.SH,20260318,1.6137,0.98,71.8694,3.7338,9.0677,0.5265,920844.0252,644272.8867
600399.SH,20260318,2.606,0.65,,2.2375,1.6526,0.2738,1289753.4,1289753.4
600015.SH,20260318,0.4533,0.9,4.2362,0.3754,1.2536,5.5939,11522408.2108,11140350.1637
920274.BJ,20260318,1.0875,0.88,102.0068,3.8309,3.032,0.4276,188042.6682,188042.6682
688289.SH,20260318,1.0853,1.16,55.7898,1.5531,6.707,2.7892,1105472.3154,1105472.3154
300823.SZ,20260318,2.6602,1.02,70.5527,2.4105,5.528,1.8833,226731.1004,146770.4964
600586.SH,20260318,4.8584,1.22,,1.5093,1.7092,0.2528,829142.5545,829142.5545
301592.SZ,20260318,1.8654,0.62,127.1697,9.166,15.8573,0.6098,803600.0,268154.7075
300545.SZ,20260318,5.7599,0.67,43.8591,2.9693,4.7826,0.5679,634092.4445,408771.9988
920593.BJ,20260318,1.4875,1.63,187.3328,7.5162,19.7606,0.4969,541225.6908,459619.6278
603980.SH,20260318,3.1169,0.45,84.6057,1.2323,3.1162,0.9901,478521.1855,478521.1855
002342.SZ,20260318,12.8184,1.02,,5.3356,5.3728,,1298880.0,1291695.57
000830.SZ,20260318,1.9327,0.63,22.1096,1.714,1.0849,2.0471,3265907.1039,3265649.7132
603516.SH,20260318,2.2984,0.76,6252.9622,22.6875,87.2422,0.1601,3158382.5191,3158382.5191
600771.SH,20260318,1.0827,1.31,100.9612,5.0443,5.989,,831645.4486,831645.4486
000962.SZ,20260318,2.4334,0.51,92.0097,8.9561,15.4164,0.2626,2442028.4643,2426550.5819
002920.SZ,20260318,0.9596,0.72,28.082,4.4693,2.1163,0.9665,6890163.2992,6404340.0822
605500.SH,20260318,1.5092,2.68,43.1768,1.491,1.4366,1.6322,380833.6,380833.6
688039.SH,20260318,1.3409,0.86,,4.8087,14.709,,512858.8031,512858.8031
300852.SZ,20260318,4.4862,0.94,52.8462,3.5582,4.4287,0.2521,784466.9334,757271.4919
002652.SZ,20260318,22.8641,1.54,,10.6187,8.8413,,266273.28,266273.28
920662.BJ,20260318,18.4443,2.3,131.9821,5.5971,6.6497,0.586,256959.2559,79262.8507
600575.SH,20260318,3.5276,1.89,39.02,1.3465,1.0803,,2995719.1271,1624457.1252
000509.SZ,20260318,5.4098,0.76,,36.0096,4.9428,,447494.3977,447493.0449
603081.SH,20260318,0.8893,0.9,50.4173,1.6413,2.2135,1.0467,524743.9431,524743.9431
601698.SH,20260318,1.2485,1.06,556.3651,9.0937,54.7597,0.0946,14430500.5674,14430500.5674
002847.SZ,20260318,0.6157,0.98,21.9177,8.134,2.8059,2.3183,1647166.4612,1472797.9005
920504.BJ,20260318,1.3181,0.92,67.5504,4.8811,8.409,0.2151,100749.4575,39738.6791
301536.SZ,20260318,3.949,0.67,108.1066,10.2983,11.2166,0.2526,3333658.909,1479762.7361
300977.SZ,20260318,2.1146,0.58,,2.1744,6.5626,,301408.9195,187708.1243
300185.SZ,20260318,18.5475,1.01,218.8497,2.3331,2.3347,0.2755,1543270.8678,1467963.3807
002746.SZ,20260318,1.8044,0.64,18.9599,1.1957,0.9688,3.9494,544721.0142,449225.0517
301003.SZ,20260318,4.4737,0.82,41.0768,4.5049,8.533,3.4951,500236.6135,386972.8231
600066.SH,20260318,0.6235,0.77,13.8574,5.1409,1.7455,4.8154,6896420.6796,6896420.6796
301068.SZ,20260318,4.9756,0.94,244.149,6.2615,3.9107,0.6544,495029.0442,353024.721
300870.SZ,20260318,4.5907,0.99,86.0352,11.2485,6.3377,0.381,2865216.6616,2864901.3136
920082.BJ,20260318,4.0121,0.92,38.1319,4.4462,3.2284,1.9644,236783.295,64454.6642
600782.SH,20260318,2.1847,0.85,12.9112,0.4742,0.3314,0.2537,1254504.7267,1239386.9467
301018.SZ,20260318,5.91,0.74,213.6075,9.8849,7.3947,0.1623,2622746.1759,1961736.2232
300259.SZ,20260318,1.6816,0.45,25.0745,1.9947,5.8201,1.9241,590749.7656,590614.2817
603676.SH,20260318,0.3788,1.26,21.4759,3.2602,4.0823,2.9642,476937.004,476937.004
605303.SH,20260318,5.5804,2.34,,3.2003,5.2622,,294097.0322,294097.0322
301413.SZ,20260318,3.134,0.75,127.2581,9.4982,10.4185,0.2484,1188203.9689,709404.9701
688539.SH,20260318,2.571,1.03,118.7273,4.1185,17.7066,0.5088,722485.12,406941.92
688479.SH,20260318,4.4593,0.51,114.7585,2.6144,9.5784,1.4557,489668.9382,211442.9382
000552.SZ,20260318,2.327,0.6,,0.8971,1.851,2.4818,1466396.1143,1020871.2281
688719.SH,20260318,2.398,1.2,,2.5727,4.8337,0.4301,435464.5675,338611.9527
002709.SZ,20260318,4.1295,0.55,66.2025,5.0506,5.4152,0.3237,9016241.4052,6669217.7491
300648.SZ,20260318,1.4539,0.48,,7.1651,8.5527,,975801.5586,742914.1939
002382.SZ,20260318,7.3528,1.17,,1.0405,1.3869,,801681.8926,795766.1201
002243.SZ,20260318,1.2306,1.27,53.0005,1.6607,5.0459,0.7021,1206972.4063,1200529.8631
688147.SH,20260318,1.2253,0.88,149.162,11.0258,12.0619,0.0634,3174606.7362,3174606.7362
002898.SZ,20260318,0.7212,0.54,,4.491,8.4462,,206800.0,118983.5092
002760.SZ,20260318,3.2599,0.48,,3.0114,4.1858,,249021.956,249021.956
002963.SZ,20260318,3.4005,1.42,,1.8147,6.7647,1.2829,234411.1309,178056.4332
688728.SH,20260318,0.4861,0.77,726.3949,4.6569,4.702,0.1546,3659025.4405,3515934.2524
301668.SZ,20260318,24.3805,1.63,58.201,6.5986,7.3716,0.8412,653840.0,136997.7043
300059.SZ,20260318,1.3887,0.87,26.84,3.8248,99.6485,0.2786,33994485.0389,28772606.3032
600616.SH,20260318,0.8042,0.83,138.5412,1.862,6.4671,0.9346,357917.6483,357917.6483
300831.SZ,20260318,12.6295,0.71,610.2583,6.5571,50.5429,0.2431,600960.0,346461.4027
688126.SH,20260318,0.8023,0.9,,3.6803,16.774,,6233274.1192,5151908.2271
301011.SZ,20260318,0.8982,0.95,44.9782,3.8728,3.6579,0.7954,368508.3218,335368.2493
000661.SZ,20260318,0.8192,0.78,38.3968,1.6006,2.8581,2.8363,3682452.0743,3607320.7053
301157.SZ,20260318,14.0161,1.75,105.8453,3.3849,13.9321,0.324,370320.0,127513.8595
301279.SZ,20260318,1.1333,0.77,60.9106,2.7614,5.5092,0.6932,371831.8966,281015.5216
000889.SZ,20260318,1.7155,0.96,,45.1148,2.0381,,320211.5617,297488.5892
688679.SH,20260318,1.637,0.82,,5.454,4.2677,0.1098,599451.4006,599451.4006
603177.SH,20260318,1.2147,0.5,210.5866,6.834,2.3873,0.3332,247480.704,247480.704
002967.SZ,20260318,0.9782,1.16,34.6403,2.9576,4.0227,1.2068,1393093.9751,1198777.5692
688709.SH,20260318,3.4109,1.16,127.498,9.8166,35.176,0.0425,3000186.3395,1044646.5885
688367.SH,20260318,2.3703,0.78,327.0417,5.5439,16.6892,0.2923,329731.3698,329731.3698
600017.SH,20260318,1.2915,0.73,18.19,0.7098,1.2629,3.6957,990360.5519,990360.5519
688570.SH,20260318,0.4988,1.07,81.1945,1.8501,4.9178,1.7954,795854.0,345911.6
300570.SZ,20260318,8.6304,0.77,71.0179,16.0735,15.9211,0.6809,2668740.6873,2258268.0203
601038.SH,20260318,2.2255,0.77,19.267,2.0035,1.4451,2.6319,1570856.0945,1022923.9745
600313.SH,20260318,9.6854,0.81,188.8556,4.2535,1.625,,1010395.353,941512.8368
301081.SZ,20260318,3.7629,1.45,228.5167,3.0395,3.6949,2.0093,327162.0413,313873.7645
688608.SH,20260318,1.4796,1.03,50.328,4.201,8.3993,0.4853,2960575.0493,2960575.0493
601519.SH,20260318,1.1361,0.88,,16.5459,27.4857,,2243772.48,2243772.48
002094.SZ,20260318,3.209,0.87,128.4211,3.1506,2.9045,,487082.772,486769.752
301535.SZ,20260318,5.1021,0.61,95.8056,10.8099,15.6488,0.7728,1199754.7069,179963.2069
603067.SH,20260318,2.7381,0.63,50.5075,7.5405,6.1049,0.3659,2619151.6207,2619151.6207
601677.SH,20260318,2.202,0.86,11.1887,1.0498,0.5642,1.3976,1948601.5235,1908616.3845
000659.SZ,20260318,2.2526,0.82,,28.3607,4.8407,,482138.445,482138.445
300076.SZ,20260318,4.7759,1.84,,3.6017,26.8092,,323936.0,323936.0
600658.SH,20260318,0.9913,1.16,,1.0088,4.0141,,559292.5225,559292.5225
002697.SZ,20260318,2.0954,0.93,14.902,1.6328,0.809,2.0426,765680.0,644580.1075
002376.SZ,20260318,1.2314,0.94,87.8363,1.6343,2.3267,2.5633,619269.7813,596920.6131
300661.SZ,20260318,2.6525,0.43,81.1919,9.2455,12.2482,0.2096,4535223.7861,4349599.6981
002515.SZ,20260318,1.3758,0.4,132.1137,2.7498,23.3256,0.5059,717894.1993,717885.6067
002906.SZ,20260318,0.9799,0.68,20.8067,2.2975,1.2855,1.6189,1556384.9566,1555823.2136
600939.SH,20260318,1.1938,1.01,,0.7985,0.2346,,599279.6074,599279.6074
603103.SH,20260318,0.7587,0.75,95.7994,12.3192,6.6383,0.5821,1525251.0,1525251.0
301048.SZ,20260318,0.4928,0.83,27.4714,2.1142,1.783,0.5715,579733.4058,579733.4058
603686.SH,20260318,2.8427,0.99,57.0999,2.4124,1.6882,0.802,818397.8959,818397.8959
603879.SH,20260318,2.4175,1.06,,8.5207,6.4557,,218481.4195,218481.4195
300196.SZ,20260318,4.5832,0.69,22.8046,1.6131,2.4114,1.6097,752039.0666,454341.2419
002768.SZ,20260318,2.2802,1.1,18.7196,2.4384,0.7588,0.5283,1559872.5,915201.7913
301566.SZ,20260318,8.7878,1.35,61.289,6.4694,26.0099,0.3868,930823.27,482854.3802
688306.SH,20260318,0.4678,0.89,971.9658,6.1984,4.5943,,1185292.902,1185292.902
002135.SZ,20260318,5.0855,1.13,109.3817,1.3542,0.9626,0.915,853373.386,798560.8162
003013.SZ,20260318,0.3959,0.82,11.9304,1.8898,2.3397,3.0306,646735.6149,572724.23
000526.SZ,20260318,1.0163,1.18,17.9885,4.2403,1.3416,,422858.0482,414524.3227
600353.SH,20260318,1.9463,0.6,106.7918,7.0103,7.9485,0.38,1310532.4814,1308692.8201
600750.SH,20260318,0.6562,0.96,18.0558,4.6919,3.8774,4.6575,1636068.6059,1618236.1295
002921.SZ,20260318,5.2783,1.44,,3.0164,3.565,,399239.9404,344384.3684
002328.SZ,20260318,2.1617,0.48,35.4741,1.5928,1.2552,2.07,529434.22,391563.2407
002024.SZ,20260318,0.879,3.74,156.3702,1.0526,0.2328,,1324861.7694,1323385.1085
603806.SH,20260318,2.4668,1.49,64.1981,2.9769,3.0025,1.4318,4732252.8925,4732252.8925
000563.SZ,20260318,1.2513,0.87,12.7085,0.9611,6.1663,2.2472,1820573.4474,1820573.4474
600078.SH,20260318,5.8657,0.63,,4.7763,2.3172,,829095.7547,811651.7547
603210.SH,20260318,3.0415,0.82,31.9766,3.5372,3.1916,,646079.2,143091.5448
301080.SZ,20260318,1.6545,0.61,42.489,2.778,9.2392,0.6518,734077.2587,553258.7285
603663.SH,20260318,1.4104,0.67,254.3692,14.7747,18.3937,0.1625,1953528.3463,1951313.1463
600815.SH,20260318,4.0064,1.38,,3.8223,10.504,,580128.895,580128.895
002050.SZ,20260318,1.4073,0.75,48.3455,6.2753,6.2169,0.7964,19529392.6723,17098360.7507
300788.SZ,20260318,3.4389,0.8,48.2634,2.8498,3.6888,1.4476,627880.3025,627880.3025
688122.SH,20260318,2.0269,0.84,57.3943,6.7697,9.2105,0.8754,4823758.8902,4823758.8902
920227.BJ,20260318,3.8554,1.25,56.9464,5.966,15.9858,1.5689,248213.121,112935.9152
688681.SH,20260318,2.4264,0.88,45.3224,3.4716,4.2138,0.4854,213003.45,213003.45
002935.SZ,20260318,1.1567,0.96,128.6759,5.1619,8.847,0.2611,816821.4304,799465.0407
600496.SH,20260318,0.9273,0.66,13.4497,0.9159,0.4008,1.8913,841822.8602,841822.8602
300966.SZ,20260318,1.7717,0.87,,3.1687,3.9208,,245548.7707,162664.4002
920685.BJ,20260318,0.8985,0.62,34.8575,2.1962,7.2258,1.3046,122631.3609,73571.226
300504.SZ,20260318,7.6513,0.52,,2.1716,3.5391,,460470.7614,370809.3512
002223.SZ,20260318,0.5856,0.7,20.6873,2.7438,4.4537,2.2278,3599894.652,3376107.9669
002036.SZ,20260318,1.8961,0.65,,4.9591,1.2008,,1075577.223,1073410.7272
688207.SH,20260318,2.1336,1.0,,2.2499,26.8884,,417982.6593,417982.6593
002401.SZ,20260318,0.9706,0.84,,3.6116,3.3753,0.8186,590209.4827,589725.9367
688137.SH,20260318,2.1014,1.62,,1.4615,19.6431,,297614.0368,138576.5368
600644.SH,20260318,5.6254,0.75,306.6776,3.4686,2.1139,,717696.1351,717696.1351
301160.SZ,20260318,1.3377,0.42,32.9843,4.4255,4.7792,1.0675,724372.563,471594.5582
600160.SH,20260318,0.7755,0.8,25.8692,5.1224,3.7917,1.0832,10218538.9166,10218538.9166
002843.SZ,20260318,8.3526,0.59,140.5371,4.1996,3.8129,0.4235,594352.3839,592121.2389
603803.SH,20260318,18.7362,0.94,,3.5521,4.6562,,557872.1103,557872.1103
600617.SH,20260318,2.3901,0.61,,1.8818,0.4054,,636633.2861,585929.0874
001395.SZ,20260318,1.2322,1.14,20.0114,3.1065,4.6447,1.4544,371904.12,199892.07
600382.SH,20260318,1.7996,0.74,27.0993,2.1662,7.0405,3.3107,587469.2433,587469.2433
603725.SH,20260318,1.2081,0.63,24.7759,3.5409,0.9223,1.0281,292968.2305,275478.0305
300689.SZ,20260318,1.953,0.79,240.5182,8.2137,13.4682,,567249.2,496500.9278
002046.SZ,20260318,1.8356,0.54,91.4318,5.9446,8.1733,0.4377,2573008.2743,2537119.124
000598.SZ,20260318,0.846,0.85,10.4816,1.0652,2.3167,2.6566,2100742.1396,2097376.3156
920374.BJ,20260318,1.2023,0.65,114.8095,6.8395,7.2816,0.4961,178850.492,74845.1309
002706.SZ,20260318,4.9759,0.5,42.6604,3.204,2.8224,1.83,1303948.1482,1062302.914
000488.SZ,20260318,6.9715,1.12,,2.7971,1.4301,,894202.6848,511141.7611
603608.SH,20260318,2.6752,0.59,,4.4216,4.4888,,467564.816,467564.816
002064.SZ,20260318,0.5234,0.45,31.0819,1.9402,2.1002,1.9157,5180895.8285,5166312.8972
002045.SZ,20260318,1.2087,0.96,256.6202,1.6216,0.846,,717728.4764,716898.7574
603223.SH,20260318,0.9297,0.78,27.2646,1.623,4.7894,1.0585,633483.9098,633483.9098
920976.BJ,20260318,1.9896,0.66,33.1561,8.7041,7.3873,2.5453,223006.5362,138667.9028
600267.SH,20260318,0.8694,0.97,23.0869,1.4833,1.2152,1.9441,1262387.1504,1262295.5394
001914.SZ,20260318,1.2021,0.98,16.5001,1.0071,0.5604,2.354,1080062.8545,1080058.9595
301322.SZ,20260318,1.8582,0.66,52.6976,1.6238,5.837,0.9285,456501.1338,307034.4341
603392.SH,20260318,0.2249,0.95,,4.2776,28.7992,,5171366.5684,5171366.5684
600362.SH,20260318,1.4404,0.8,20.8853,2.0812,0.321,2.2679,16711132.1085,10015143.9765
603041.SH,20260318,1.3119,0.8,77.7367,1.6377,3.9607,0.8831,246150.498,246150.498
002835.SZ,20260318,1.4566,1.03,21.7073,3.0126,3.3674,1.8875,370725.2495,214989.7681
920770.BJ,20260318,3.9124,0.5,52.2511,3.6713,12.388,0.6901,226299.8523,142413.3182
688080.SH,20260318,1.8823,0.58,27.513,3.5336,5.3204,0.3565,413505.525,413505.525
688077.SH,20260318,1.7999,0.76,63.5219,3.2784,2.1902,0.613,360263.8521,360263.8521
688178.SH,20260318,2.171,1.19,,2.444,4.4421,,224649.3017,224649.3017
688396.SH,20260318,1.0558,0.94,98.5537,2.8363,5.8968,0.1711,6518169.3442,6518169.3442
002531.SZ,20260318,7.1749,1.17,,2.324,4.1572,0.1721,2087973.0006,2076338.4361
603533.SH,20260318,3.5682,0.77,,4.9873,3.6814,0.3807,1152981.9855,1152981.9855
300298.SZ,20260318,0.7995,0.89,33.423,2.9491,1.9989,1.2909,942369.6087,759087.774
001220.SZ,20260318,17.1459,1.68,25.6351,2.7253,4.3198,,407737.22,99885.0069
600452.SH,20260318,3.2589,0.61,54.3045,3.8722,7.0966,0.6526,2118890.9409,2118890.9409
688516.SH,20260318,4.4554,1.03,56.4031,6.8783,3.8954,2.6489,2501511.9618,2496992.6666
920821.BJ,20260318,1.3169,0.71,175.7498,5.8819,7.8884,0.318,310760.8252,163628.7858
600206.SH,20260318,2.4217,0.75,65.2996,4.2931,1.9859,0.5074,1818396.5571,1818396.5571
000559.SZ,20260318,1.3693,0.63,54.5133,5.8444,3.9553,1.0825,5493548.9417,5492199.7626
002981.SZ,20260318,1.508,0.49,47.1726,3.2613,1.9136,1.0106,347977.3571,302244.465
301053.SZ,20260318,5.6668,1.16,114.1398,4.5379,4.7231,0.7754,316303.9765,290608.3927
603093.SH,20260318,3.591,0.94,33.8107,2.7802,6.9611,0.3543,1525165.3976,1296390.0226
600269.SH,20260318,0.7686,0.84,8.7762,0.5928,1.8409,3.4274,1158361.8789,1158361.8789
300875.SZ,20260318,7.3314,0.83,,4.5963,28.7354,,433881.8278,381542.5935
300557.SZ,20260318,1.9825,0.57,95.5803,4.5157,6.4019,0.4133,450232.8456,444342.8309
300691.SZ,20260318,1.9732,0.67,,2.896,2.3468,0.4614,466530.5602,382759.9001
300563.SZ,20260318,8.0111,1.97,93.3916,5.5347,7.1451,0.6927,611614.4543,430313.5729
301357.SZ,20260318,6.1046,0.87,1045.5022,9.9256,61.8493,,1129167.2,282291.8
002725.SZ,20260318,3.5439,0.43,56.9276,4.0531,6.1079,,417536.0,345794.5225
000010.SZ,20260318,6.9655,0.73,117.1343,16.1983,5.792,,528840.0543,390095.3341
603218.SH,20260318,3.3863,0.75,27.7565,1.4979,2.4049,2.3296,1531087.0975,1527661.8675
301312.SZ,20260318,5.1217,0.62,110.5279,7.6313,14.5859,0.371,940119.1879,469768.3509
600036.SH,20260318,0.3422,1.09,6.7038,0.946,2.9828,7.5476,100677623.6392,82350746.1606
603790.SH,20260318,1.302,0.6,78.8108,3.5832,5.4072,0.5085,451609.6,451609.6
600853.SH,20260318,1.6937,0.49,10.2779,1.1692,0.2351,0.9756,415753.0159,415615.3789
600873.SH,20260318,2.2805,0.6,9.2528,2.1646,1.4179,3.4399,3488476.6126,3488476.6126
002932.SZ,20260318,2.1891,2.26,626.454,0.7994,12.657,5.9243,444580.0698,298434.8278
002597.SZ,20260318,1.3908,0.73,24.977,1.7776,2.8003,3.3755,1345213.1512,1341660.1422
920751.BJ,20260318,1.2796,1.23,43.5058,5.0332,8.778,1.2876,202197.4,193383.3013
601869.SH,20260318,3.3915,0.75,322.3168,13.3264,13.3954,0.1202,18456488.5726,9058500.034
920091.BJ,20260318,19.2472,0.73,110.3864,8.9774,17.9112,,427797.792,94592.664
600777.SH,20260318,0.9703,1.62,21.3006,1.5524,4.8109,,3651866.258,3418623.834
600759.SH,20260318,13.9462,0.84,66.4707,3.1386,12.746,,2759091.1712,2755551.0437
603059.SH,20260318,1.055,0.9,,3.194,2.2778,0.2391,336101.3502,336101.3502
600096.SH,20260318,3.5708,0.62,12.5202,2.9145,1.3468,4.1322,7058620.1104,7058620.1104
601811.SH,20260318,0.3489,0.75,10.436,1.1534,1.4434,4.351,1701466.739,1092035.4781
600355.SH,20260318,0.6508,0.1,,3.6425,1.4355,,38382.9576,38382.9576
300534.SZ,20260318,1.4065,0.78,105.1615,4.2773,3.3535,0.4111,295154.685,293896.0978
300525.SZ,20260318,1.616,0.8,31.5689,3.445,4.239,1.0392,867670.7788,711662.8696
300763.SZ,20260318,5.1398,0.56,44.2475,4.3154,5.577,0.203,3928038.7617,3173464.4779
000088.SZ,20260318,0.8587,0.82,16.6509,1.334,27.9863,4.7186,2402161.3059,1461257.2442
300548.SZ,20260318,6.2502,0.62,155.1632,23.55,19.1328,0.0528,4415024.4471,4077738.9221
001336.SZ,20260318,2.5073,0.77,83.9391,2.8079,6.1693,0.5402,221750.4865,128522.9384
002072.SZ,20260318,1.4678,0.75,,11.9084,6.0367,,280539.84,280426.7634
000155.SZ,20260318,2.4117,0.6,58.2208,2.5875,9.0089,1.2126,2588328.0155,2588328.0155
600327.SH,20260318,1.4045,1.13,,1.1417,1.0263,0.7244,361874.8229,361874.8229
600859.SH,20260318,1.0053,1.0,,0.7525,1.3947,0.6093,1475721.9597,1475586.248
601718.SH,20260318,1.3471,0.99,,1.1556,1.9744,,1412986.519,1412986.519
002311.SZ,20260318,0.4807,0.86,18.3878,3.6549,0.7339,2.3418,9235476.0835,9228655.753
688001.SH,20260318,0.9182,0.48,180.8247,4.2163,6.5485,,1456593.2155,1456593.2155
600266.SH,20260318,2.3706,0.96,,0.5673,0.3341,0.9416,1102219.8022,1102219.8022
688750.SH,20260318,1.5689,0.64,150.5284,3.6213,14.5284,0.4355,892162.5,449299.4509
603655.SH,20260318,5.1966,3.76,104.8753,7.7897,16.462,0.4617,432268.0,432268.0
603267.SH,20260318,1.9654,0.68,50.9394,2.8986,7.233,0.4914,1267016.5308,1267016.5308
603008.SH,20260318,4.2382,1.97,22.2223,2.0633,0.8605,3.8472,770099.4816,770099.4816
920118.BJ,20260318,1.4772,0.72,43.9469,2.022,0.7207,4.4346,114770.48,70669.6705
301359.SZ,20260318,2.7291,1.08,63.5934,3.1737,7.9727,1.603,267752.128,152387.812
603153.SH,20260318,0.3167,0.66,22.2054,1.8689,1.4777,1.5205,677090.5471,677090.5471
002555.SZ,20260318,2.4309,0.76,16.8456,4.0445,3.1736,4.1849,5256276.7301,3799146.2882
300414.SZ,20260318,2.5335,0.68,218.6659,4.7132,10.1327,0.0696,468489.9726,450540.5695
000415.SZ,20260318,1.7256,1.35,,0.9579,0.5155,,2764481.0131,2410651.2127
000429.SZ,20260318,0.5722,0.92,14.6944,2.3812,5.922,4.1311,2646960.5555,1650015.661
601952.SH,20260318,1.3163,0.58,25.7393,2.0232,1.3989,2.6112,1424852.0,1424852.0
300192.SZ,20260318,1.2971,0.64,48.2165,6.6764,8.1768,1.04,632942.6217,624278.3048
300693.SZ,20260318,5.8037,0.71,29.6923,6.5012,4.067,1.1077,1408519.591,1210645.1716
301292.SZ,20260318,17.231,0.7,,5.1913,2.9799,,1405395.7676,536613.0253
688110.SH,20260318,2.8602,0.64,,17.3312,64.2958,,5924377.7582,5924377.7582
002005.SZ,20260318,0.3245,0.52,,13.766,7.4985,,508203.2088,508078.0158
002151.SZ,20260318,9.9633,0.77,,4.9549,13.1604,,2556024.5784,2084791.2023
300393.SZ,20260318,7.81,0.7,,3.933,2.1352,,1163722.0183,1020906.5934
300675.SZ,20260318,2.0648,0.89,,4.4512,8.0714,0.0617,237600.054,237600.054
002859.SZ,20260318,4.5774,1.4,95.7382,6.5461,9.6117,0.4871,1923701.3897,1810716.9156
000557.SZ,20260318,0.7671,0.63,22.2125,1.1637,5.5487,0.9843,740854.3654,740621.4286
688500.SH,20260318,2.2059,0.59,,5.6283,8.0703,,407581.0912,396859.0208
002255.SZ,20260318,4.833,0.51,22.4678,2.3141,3.8015,0.3937,1024476.3408,786619.7756
002059.SZ,20260318,0.9234,0.96,,4.035,17.625,,518366.6243,503319.5817
301006.SZ,20260318,2.3027,1.29,29.4107,2.0318,6.7837,1.0606,259478.64,160378.4043
002793.SZ,20260318,0.966,0.98,,3.6391,2.1229,,528568.0042,527764.5772
688025.SH,20260318,3.6428,0.72,73.1714,8.9314,9.9196,0.1939,2052972.4874,2052972.4874
920252.BJ,20260318,2.6636,0.58,297.9065,10.8967,7.2099,0.2105,287729.814,191252.1629
002830.SZ,20260318,3.7664,0.89,74.7946,4.6352,4.5568,1.0847,302815.14,151822.0275
601515.SH,20260318,1.2167,0.73,,1.6814,6.803,,879483.0966,879483.0966
002696.SZ,20260318,1.9906,0.88,50.3469,1.8879,0.6639,,259078.972,250196.2371
002900.SZ,20260318,1.778,1.01,,2.0059,4.3659,1.657,381839.9419,194474.7368
002741.SZ,20260318,3.0134,0.9,,4.8225,3.3118,,927254.4861,850158.6795
603656.SH,20260318,1.0509,0.87,133.1913,3.091,7.0241,0.2211,407236.3669,407236.3669
600844.SH,20260318,12.3375,0.56,,28.2289,4.53,,394411.4051,319219.486
600033.SH,20260318,1.2899,0.77,12.8546,0.846,3.4041,2.6385,1040127.6,1040127.6
688398.SH,20260318,0.8399,0.75,166.7181,4.0421,4.1814,0.4013,416011.1564,416011.1564
300498.SZ,20260318,0.6254,0.64,22.0271,2.8071,1.11,2.8762,11531255.9468,10315754.1266
601168.SH,20260318,2.2922,1.1,20.8697,3.7312,1.0629,3.7763,6562782.0,6562782.0
301388.SZ,20260318,12.0093,0.37,164.3996,3.7929,7.554,0.2765,370450.5216,98921.4222
688133.SH,20260318,2.5432,1.4,,1.3012,1.4333,0.3193,360445.8536,360445.8536
002648.SZ,20260318,1.6301,0.48,14.3112,2.7399,1.8234,1.9118,8778690.6681,8773053.3559
603012.SH,20260318,2.0362,0.6,33.392,1.3995,1.6645,1.2225,532069.5,532069.5
002488.SZ,20260318,1.9076,0.8,356.9989,3.3422,3.2932,0.0842,1171631.7795,1082938.8668
002345.SZ,20260318,2.787,1.76,47.9179,2.7012,1.1816,3.3333,932938.3424,910654.7258
300087.SZ,20260318,2.6324,0.82,319.0336,4.698,1.7841,0.5787,818494.6329,779583.6576
688620.SH,20260318,2.0049,1.0,,3.5228,8.4831,,455504.0,269954.1202
688683.SH,20260318,0.5978,0.38,134.0708,4.8277,5.9194,0.1781,569319.6252,548398.8011
600283.SH,20260318,0.9089,0.86,22.701,1.7082,2.177,2.6427,530540.3535,514782.1608
600063.SH,20260318,3.631,0.55,26.7742,1.7488,1.8297,1.9835,1471134.6852,1471134.6852
002961.SZ,20260318,2.4864,0.6,25.1223,3.4276,7.0842,1.3544,1248611.7276,1248605.8371
002670.SZ,20260318,0.9335,0.84,89.5362,2.5848,26375.1567,,2921977.826,2451259.4573
920146.BJ,20260318,1.3189,0.92,,5.0437,3.1356,,98813.0043,78424.9077
688076.SH,20260318,0.677,0.84,30.4744,3.3487,5.1293,1.8053,996511.6312,996511.6312
300519.SZ,20260318,2.0721,1.12,45.1472,3.1596,10.1763,1.8349,261600.0,186553.5
300468.SZ,20260318,7.9183,0.6,237.4302,11.7906,29.2366,0.2734,1940584.3987,1937456.8957
300123.SZ,20260318,2.8467,0.81,,4.9111,8.1284,,722436.725,707296.1043
920924.BJ,20260318,2.306,0.93,128.5617,7.1757,4.7245,0.2348,228863.4345,139438.7768
300188.SZ,20260318,1.0948,0.48,,3.7834,7.0227,,1170608.0962,1165197.9326
603118.SH,20260318,4.4449,0.99,,2.0067,1.1398,,1010862.9053,1010862.9053
300781.SZ,20260318,2.7403,0.75,,9.4065,6.6716,,628134.8508,463579.532
002999.SZ,20260318,3.6457,0.87,56.3967,2.2098,0.1965,1.6273,264865.104,261910.7348
603021.SH,20260318,4.2639,1.06,,,5.72,,225563.3894,225563.3894
000936.SZ,20260318,1.4937,0.62,21.8843,1.2991,2.0932,0.5096,695520.1163,695421.5595
605287.SH,20260318,2.7527,0.69,,4.1363,2.0556,,642320.0,642320.0
002593.SZ,20260318,1.7583,0.74,45.9877,1.8831,1.2944,0.8818,455787.5024,316867.4499
688589.SH,20260318,2.2754,1.05,167.0337,3.6532,9.7662,1.0365,349514.6842,349514.6842
000032.SZ,20260318,2.1315,1.26,139.556,3.0035,0.4229,0.6212,2198259.3736,2058568.2543
600518.SH,20260318,1.1086,0.86,1554.0482,3.5983,4.9022,,2586003.681,2584779.8592
603036.SH,20260318,1.9938,0.88,35.0988,2.9461,9.3521,1.0194,404183.8211,404183.8211
920018.BJ,20260318,6.5098,0.65,36.5998,4.1159,1.4652,0.3215,395994.944,137536.018
600178.SH,20260318,0.6018,0.84,1340.5597,2.1328,1.0061,0.043,542511.7752,542511.7752
002474.SZ,20260318,3.9081,0.8,,3.7615,10.5335,,513937.2,438412.6706
300238.SZ,20260318,5.2529,1.51,167.6691,7.7073,11.2251,,440953.9308,440917.9784
002162.SZ,20260318,2.0508,0.39,,5.509,4.1645,,452492.8748,451899.1075
920693.BJ,20260318,2.2844,0.65,335.2974,6.0129,7.263,0.2394,212574.8,107047.64
002554.SZ,20260318,4.449,0.78,,2.1629,1.9656,,512148.5076,512052.6816
688381.SH,20260318,1.8963,1.04,,2.3503,10.5905,0.8609,595237.5,595237.5
002564.SZ,20260318,1.2424,0.88,77.0058,29.8098,2.1599,,586631.7578,586631.7578
688159.SH,20260318,1.9439,0.96,157.1623,4.4739,1.2755,0.2288,402109.373,401330.333
600889.SH,20260318,1.0801,0.55,,7.1479,24.2165,,892270.6525,585787.27
000593.SZ,20260318,6.8792,1.08,3523.8489,6.0005,2.987,,524677.1662,524460.8762
688183.SH,20260318,1.1713,0.89,45.1329,11.5721,7.0033,0.6786,6648746.6518,6648746.6518
300533.SZ,20260318,2.6078,0.53,15.2027,4.7731,2.8515,3.2196,728238.8788,512426.532
603256.SH,20260318,2.2633,0.91,407.3747,24.4021,58.6802,,6268784.0639,6096511.575
600316.SH,20260318,0.8275,0.69,738.4764,5.0757,5.087,0.0447,2724318.0311,2724318.0311
300502.SZ,20260318,6.8863,1.51,56.9661,29.4892,21.3933,0.0745,42831861.2541,38152710.3979
601888.SH,20260318,0.7405,0.59,45.6153,2.8117,2.9088,1.7343,15508167.3938,14635756.6778
002402.SZ,20260318,2.3098,0.91,47.3935,5.5203,2.6629,0.3177,2899665.6618,2551505.7469
920089.BJ,20260318,2.2684,0.95,17.7227,2.2999,1.4699,0.5157,292145.252,166398.6802
000790.SZ,20260318,1.8965,0.89,,2.803,3.97,,261338.4135,260875.5233
603229.SH,20260318,0.4436,0.75,43.0338,3.3887,10.5898,1.0413,795424.6649,795424.6649
600818.SH,20260318,1.2996,0.94,,5.3335,2.8356,0.1079,297982.2126,220586.9826
002317.SZ,20260318,1.5792,0.87,,3.849,6.3359,1.098,1551123.1205,1389951.766
920895.BJ,20260318,1.4514,0.8,,5.2726,15.5566,,102195.392,51956.3152
601137.SH,20260318,2.2076,1.05,15.7611,1.7497,0.9169,2.2682,1791514.0242,1790187.3442
603898.SH,20260318,0.9722,0.78,218.1276,1.4491,2.6353,0.5323,456120.5158,456120.5158
600666.SH,20260318,9.9876,0.96,83.1329,10.813,28.8932,,1221642.6429,1074370.3031
603909.SH,20260318,1.0218,1.23,27.9942,2.7162,0.4296,1.0248,305248.2469,305248.2469
601066.SH,20260318,0.1368,0.81,17.8998,2.2253,7.4371,1.428,17925721.6759,15011495.7619
603061.SH,20260318,2.1273,0.5,84.8037,9.2734,21.4416,0.0662,1497000.0,1497000.0
605086.SH,20260318,0.8222,1.02,57.9252,5.0592,21.898,0.5209,646732.8,646732.8
688223.SH,20260318,2.5047,0.9,,2.5358,1.1225,,7351244.273,7351244.273
601399.SH,20260318,0.9232,0.59,70.3503,2.2766,2.4261,,3368730.6006,3368730.6006
002820.SZ,20260318,1.9067,0.96,,2.6076,4.9438,1.2597,232605.4856,232605.4856
920167.BJ,20260318,2.3959,0.56,96.2079,3.3503,0.6458,0.205,208720.2705,123995.1514
002198.SZ,20260318,3.1563,0.86,102.8305,5.7336,9.915,,406515.3882,406492.0791
601866.SH,20260318,1.5915,0.83,21.9481,1.2117,1.3622,1.4539,3721738.9412,2750059.4372
688599.SH,20260318,1.657,0.68,,2.0205,0.6351,,4272843.4593,4272843.4593
600714.SH,20260318,14.0945,0.76,116.2237,8.7139,18.7308,0.3063,658482.7838,658482.7838
603665.SH,20260318,1.6016,0.94,,6.8754,3.0778,,489455.3912,486589.4939
003030.SZ,20260318,2.4769,0.83,133.9715,2.5101,1.3311,0.7285,255674.22,162661.6067
000156.SZ,20260318,0.7204,0.91,28.0051,0.995,1.574,2.2416,1487904.7509,1365000.3292
688657.SH,20260318,1.455,0.85,63.3456,2.2465,9.5914,1.432,317809.8111,199107.0732
300098.SZ,20260318,2.1806,1.05,,3.6667,5.5736,,995749.2436,883419.0983
002181.SZ,20260318,4.6503,0.96,69.8607,3.0233,21.2608,0.6132,1287613.515,1258201.6483
000927.SZ,20260318,1.7239,0.87,38.1385,1.8807,0.5275,0.903,1809055.7387,1809054.8237
603657.SH,20260318,0.6448,0.6,259.776,3.9759,1.4972,0.1255,374882.0087,374882.0087
603612.SH,20260318,6.6721,1.48,20.4348,2.5842,0.8739,0.7175,1449982.0801,1449982.0801
603779.SH,20260318,1.624,1.06,,4.0795,5.6905,0.1339,223159.6107,223159.6107
300576.SZ,20260318,1.8743,0.78,119.0497,8.1609,13.2084,0.1986,1381205.7464,877105.9909
600697.SH,20260318,2.1819,0.93,,0.8861,0.2946,0.7825,203314.5599,198570.5472
300179.SZ,20260318,6.8882,0.53,131.707,9.19,20.54,0.8818,1095793.1861,843703.1168
301207.SZ,20260318,0.7821,1.15,168.032,2.2265,12.126,4.0202,1184024.175,1183276.8555
002629.SZ,20260318,13.9692,1.93,835.7917,83.5273,11.6771,,299120.796,297152.5635
688557.SH,20260318,0.9267,0.64,30.2369,2.8065,2.3005,0.969,348083.9796,348083.9796
002545.SZ,20260318,1.5217,0.73,31.9883,3.1366,6.6154,1.26,2962111.8196,2690919.7887
688629.SH,20260318,10.9025,1.04,140.867,27.8134,20.329,,5071382.1338,1999795.3
002992.SZ,20260318,1.4357,0.85,,13.6845,6.9594,,1003278.3183,876645.1176
000422.SZ,20260318,5.3451,0.51,21.2431,2.7438,0.7358,1.1467,1888110.9948,1835288.5242
300466.SZ,20260318,1.3069,0.73,,7.0505,9.5701,,508217.8827,425979.6817
600173.SH,20260318,1.6418,1.01,636.4274,1.4159,1.4801,,542191.8329,542122.1729
688484.SH,20260318,1.8626,1.01,68.1989,3.8867,4.9792,0.5222,1623837.0565,1120782.1481
300892.SZ,20260318,1.7753,0.93,116.0864,2.7484,3.4895,0.3429,288700.0,186391.9375
603321.SH,20260318,1.4476,0.95,59.5546,1.9335,3.7907,2.1864,278413.7963,274962.4463
600303.SH,20260318,2.2906,1.14,,2.0683,1.3646,,232425.4317,229705.4317
301525.SZ,20260318,3.3172,0.55,50.6216,2.3833,6.0593,0.5461,777128.9683,407065.8633
000410.SZ,20260318,1.0625,0.5,145.6907,3.2413,6.2833,,1915279.7855,1215302.2275
300234.SZ,20260318,9.0224,1.62,658.1216,2.751,9.5238,0.2219,317500.9578,217055.8248
603400.SH,20260318,10.9994,1.62,43.3133,5.8124,4.949,1.2806,702800.0,140560.0
300599.SZ,20260318,3.8482,0.48,,1.8407,3.776,,364936.0668,216375.4199
000554.SZ,20260318,10.6235,0.69,27.028,3.8129,1.3602,1.6313,430310.0196,324574.6113
002038.SZ,20260318,1.4121,0.92,75.1798,1.1062,10.8841,0.3263,629765.55,522222.9565
000158.SZ,20260318,1.4973,0.67,,6.2048,3.5839,,3237198.86,3215562.7982
002122.SZ,20260318,0.9092,0.97,,2.7417,5.6902,,598448.6719,594477.5073
300223.SZ,20260318,8.7028,1.34,198.5174,5.0835,14.1717,0.0764,6303429.4645,5493911.2658
920857.BJ,20260318,1.0383,1.65,,5.2064,4.7419,0.3957,187016.0731,187016.0731
000068.SZ,20260318,1.2075,0.82,,5.7952,3.5606,,352335.0124,352335.0124
301135.SZ,20260318,2.2299,1.05,76.8546,2.4534,2.1977,0.9623,306671.616,229993.936
603026.SH,20260318,4.3659,0.52,,3.4512,2.7709,,1668466.2704,1668466.2704
002079.SZ,20260318,2.3765,0.9,86.9836,2.7008,1.9501,0.1847,833306.6852,832524.5438
688335.SH,20260318,1.76,0.52,515.9275,4.9642,16.7185,0.5138,569785.1446,569785.1446
002558.SZ,20260318,1.7248,0.69,37.4013,4.454,16.2624,0.8277,6623458.4689,6623458.4689
603205.SH,20260318,1.1492,0.88,41.3087,2.9225,4.3128,0.9883,426192.0,112940.88
600458.SH,20260318,2.1465,0.73,23.5339,1.7459,0.6096,1.8188,1337492.8082,1238962.5394
002584.SZ,20260318,2.2059,0.88,,2.2054,0.6916,,494507.8766,395820.4153
002318.SZ,20260318,1.2547,1.2,18.2836,3.8271,2.3082,2.9482,3121083.2797,3050134.9832
000823.SZ,20260318,8.9817,1.69,35.5374,1.8603,1.4098,1.2255,876386.4529,876349.3347
920429.BJ,20260318,1.2259,0.74,45.5001,2.0793,1.5313,1.7351,177412.5,161738.0572
000551.SZ,20260318,1.5504,0.78,26.2414,2.4015,1.707,0.5978,675717.8661,673315.6277
600792.SH,20260318,3.4948,0.69,,1.7839,0.9242,,507235.0852,507235.0852
603382.SH,20260318,7.7045,1.31,41.1088,3.2672,1.2076,0.64,566410.525,113282.25
300176.SZ,20260318,2.8252,0.84,112.8898,3.0822,1.602,0.2635,293946.1272,293946.1272
000016.SZ,20260318,2.0374,0.81,,6.4116,0.7603,,811477.6025,538052.1106
300339.SZ,20260318,1.8409,0.78,278.7952,10.1418,9.6971,0.1537,3596591.358,3512032.3108
600287.SH,20260318,0.9473,0.93,104.2521,1.1221,0.9306,,259020.0719,259020.0719
688387.SH,20260318,6.1488,1.94,,9.1283,8.9143,,5470000.0,3226843.52
600151.SH,20260318,2.5625,1.16,,4.3053,5.1891,,1997913.4358,1997913.4358
000536.SZ,20260318,3.3422,0.83,,22.4893,8.7967,,1286205.2534,1284833.3699
688269.SH,20260318,0.5783,0.38,51.3872,5.3695,2.7866,0.6919,566732.544,566732.544
002885.SZ,20260318,5.8907,0.73,109.9336,5.0584,2.1193,0.0796,744750.745,634765.1381
001388.SZ,20260318,25.0735,3.32,54.7158,5.4032,7.3046,1.2428,753168.0,150633.6
002289.SZ,20260318,0.462,0.71,,33.5951,26.4574,,735105.5417,734318.6417
600901.SH,20260318,0.4952,1.08,11.8714,1.5473,6.3004,6.1732,3753129.4473,3752213.1753
002353.SZ,20260318,3.0115,0.84,37.1057,4.7522,6.6921,0.8167,10525237.9632,7126547.1892
300435.SZ,20260318,3.0052,0.69,153.4978,3.1547,3.7056,0.7383,1044896.517,999118.8327
300084.SZ,20260318,10.5409,0.78,,4.6952,9.685,,585665.1636,398709.087
002365.SZ,20260318,1.8332,0.97,165.742,2.1306,5.2819,0.6866,421101.2925,350905.3843
300653.SZ,20260318,1.1707,1.29,47.8141,4.2094,10.5899,2.2199,368100.0,368100.0
002206.SZ,20260318,1.6614,0.63,14.806,2.0002,1.317,2.5904,783327.6663,574933.2464
603045.SH,20260318,3.542,0.56,72.056,4.213,0.9215,0.1925,429225.6962,429225.6962
001289.SZ,20260318,0.1668,0.6,29.0027,2.0334,4.6341,1.7952,15265024.3155,9206571.7835
000685.SZ,20260318,0.8656,0.81,12.3682,0.9551,3.1024,0.7009,1717029.6126,1459611.9554
002986.SZ,20260318,2.1056,0.24,,1.5299,0.7931,1.9731,583106.2153,463018.636
301325.SZ,20260318,4.4681,0.99,,2.4636,4.3176,,697735.5083,280731.4003
300268.SZ,20260318,1.3433,0.8,,,1.4759,,244576.8,187725.33
600202.SH,20260318,2.1436,0.94,,3.0385,1.8987,0.1563,245338.0301,245338.0301
600675.SH,20260318,0.7868,1.17,29.9008,1.145,1.334,,1680825.622,1680825.622
603018.SH,20260318,1.0961,0.96,16.0453,1.0246,1.2607,1.2544,539515.362,539515.362
301187.SZ,20260318,0.6188,1.4,27.9262,3.6697,2.9113,2.1768,556519.8851,556518.0841
002795.SZ,20260318,3.5609,0.82,,7.6513,4.3957,,341866.0685,336248.005
300575.SZ,20260318,2.6676,0.47,,1.6213,1.2725,0.726,320061.9004,229957.2129
300247.SZ,20260318,1.4701,0.88,49.947,3.4019,4.4437,,384331.2696,383965.5996
603038.SH,20260318,1.0389,0.85,120.995,3.0413,3.0073,0.3171,423703.7962,423703.7962
002030.SZ,20260318,0.8452,0.85,,1.1295,11.4222,,874346.8779,874346.8779
600157.SH,20260318,4.9494,0.53,137.7934,0.8623,1.7116,,4058104.131,4058104.131
001208.SZ,20260318,7.3312,0.91,114.2718,4.5407,2.967,0.2522,1313725.1891,542072.5633
002772.SZ,20260318,2.5947,0.79,29.6068,2.1635,3.6186,2.337,721597.8938,715866.8108
603212.SH,20260318,2.6465,0.76,,2.4122,2.2529,,616424.3061,616424.3061
920099.BJ,20260318,3.9348,1.1,24.4924,2.8497,4.5311,0.5956,263267.1933,164037.9138
002394.SZ,20260318,3.265,0.66,15.364,1.1889,1.4442,0.6297,514035.6,513377.5423
002723.SZ,20260318,3.0379,0.62,,3.5436,3.0166,,333679.2755,318382.1377
300050.SZ,20260318,9.6956,2.1,231.6615,8.7699,12.3316,,359053.9872,358835.0878
603819.SH,20260318,1.5661,1.0,103.3827,3.3913,1.8484,0.16,272162.7338,272162.7338
920656.BJ,20260318,2.0673,1.51,23.6494,2.3356,7.4479,1.2173,164300.0,53194.2297
000612.SZ,20260318,4.2818,0.89,14.1356,2.1056,2.3312,1.0236,1514093.2304,1514093.2304
301101.SZ,20260318,0.8921,0.53,37.8104,4.1563,8.7801,1.4054,714158.8824,676609.3164
605337.SH,20260318,0.8031,0.84,20.7164,3.0085,3.3545,6.43,444326.4889,444326.4889
300239.SZ,20260318,0.891,0.67,51.2973,2.0661,4.4561,0.4169,349635.0725,347369.6902
601333.SH,20260318,0.9312,0.81,16.8526,0.7816,0.7786,2.2508,2202980.007,1757845.707
688678.SH,20260318,5.9612,1.05,142.6846,3.4947,3.9945,0.3291,787785.2762,787785.2762
301391.SZ,20260318,1.5632,0.57,312.6625,3.1677,10.4938,0.1681,657502.4921,642422.4904
300583.SZ,20260318,1.3281,0.82,,1.6101,2.9784,0.1334,284363.4869,279037.2401
300636.SZ,20260318,1.4863,1.28,36.7466,1.4618,4.2087,0.4837,347299.8864,303804.8047
002952.SZ,20260318,7.6341,0.89,340.053,4.8376,4.8474,0.1929,420710.4,337011.2819
603788.SH,20260318,0.6603,1.08,18.2464,1.7122,2.3149,4.4136,353781.1978,353781.1978
605259.SH,20260318,2.0107,1.04,15.9499,2.2012,1.545,2.6201,394979.2,394979.2
002117.SZ,20260318,1.0199,0.99,29.3279,4.1723,4.6386,1.8683,588662.3534,588475.4603
920925.BJ,20260318,2.4579,1.06,123.0287,5.0126,6.0641,0.155,186484.4578,104728.8304
002634.SZ,20260318,1.5976,0.69,,,5.3643,,302253.9536,293806.566
000859.SZ,20260318,4.3321,0.62,,3.3626,4.0629,,916583.7252,916531.5522
688360.SH,20260318,1.3696,0.8,53.3433,3.4351,2.9307,0.5666,498743.0563,477072.8922
688737.SH,20260318,2.1488,1.02,,1.9383,1.9418,,343030.5763,343030.5763
300286.SZ,20260318,2.5139,0.56,36.2876,3.3048,6.8123,1.3529,738811.5936,612105.3091
603883.SH,20260318,0.7896,1.03,25.862,1.6161,0.4865,1.5469,1079900.8058,1079900.8058
300517.SZ,20260318,2.4559,0.77,,2.4027,8.0447,0.816,242500.3023,150071.1551
600638.SH,20260318,1.5033,0.94,26.9039,0.9497,2.0284,0.5692,437707.9109,437707.9109
300417.SZ,20260318,3.5477,0.88,,4.1207,11.3249,,189195.8592,123112.5066
002756.SZ,20260318,3.7978,0.9,56.6551,2.7686,4.6317,1.2353,3422755.6775,2468050.8397
920245.BJ,20260318,0.9461,1.47,100.5806,3.7131,3.7861,0.5771,129157.305,98751.5052
688022.SH,20260318,1.8375,0.72,78.1717,4.0546,3.7101,,276656.6037,276656.6037
002404.SZ,20260318,1.0848,0.72,24.5566,1.9999,0.8615,4.2493,395396.3879,321785.6898
600057.SH,20260318,1.4296,1.19,10.6402,1.4282,0.0596,4.2344,2300877.3646,1694933.2328
000921.SZ,20260318,0.5493,0.56,9.4444,1.8786,0.3393,5.3528,3179641.2486,2108009.175
002496.SZ,20260318,3.075,0.64,,2.3902,9.1613,,316593.8322,233614.9769
601018.SH,20260318,0.2274,0.87,15.6608,1.0022,2.6057,3.3173,8093025.574,8093025.574
600749.SH,20260318,1.5897,0.83,129.1717,3.506,18.473,,377216.6893,377216.6893
002657.SZ,20260318,1.8979,0.8,,4.823,7.1223,,838568.2197,828857.2226
001259.SZ,20260318,2.3466,0.84,519.1119,3.5597,6.2632,0.4574,254249.608,164266.244
000981.SZ,20260318,8.0135,1.49,,26.4879,12.939,,4458872.016,4242956.8175
301032.SZ,20260318,4.5287,0.64,35.9119,2.7267,1.4131,0.7331,328905.9576,218066.4651
000408.SZ,20260318,1.191,1.04,31.7848,7.5381,34.2339,1.2813,12244620.3595,12244485.844
600117.SH,20260318,1.2511,0.88,,2.282,1.5485,,917942.3897,917942.3897
000601.SZ,20260318,2.9815,0.18,136.6584,1.7743,1.517,,716303.0571,706331.6084
600919.SH,20260318,0.4754,0.83,5.8557,0.804,2.3363,4.9982,20021294.9891,20021294.9891
300980.SZ,20260318,3.9202,1.11,106.5826,3.4293,8.2813,0.5029,483090.1278,344096.7266
605266.SH,20260318,0.7166,0.96,24.323,1.1846,0.342,5.2387,311094.9141,311094.9141
603326.SH,20260318,1.2027,1.02,17.246,2.6867,2.117,4.6632,308005.7375,308005.7375
688236.SH,20260318,0.344,0.47,28.2752,2.6492,7.3717,1.285,769438.411,578586.568
002241.SZ,20260318,1.4168,0.83,30.3672,2.5094,0.8881,1.1737,8828655.8807,7814783.0292
920247.BJ,20260318,1.3037,0.67,80.6173,7.218,7.9143,0.5046,345809.4444,250815.7358
603171.SH,20260318,0.6967,0.77,207.1941,8.7889,10.6267,0.3667,2218643.7,2216159.4
000735.SZ,20260318,3.184,1.1,,2.0243,3.4617,0.2695,854423.0749,853965.9576
603303.SH,20260318,0.2861,0.92,24.5794,2.2588,1.5895,9.1804,703493.2481,703493.2481
002099.SZ,20260318,1.1335,0.65,,2.2762,6.2641,,1165474.9822,1163302.4614
920726.BJ,20260318,3.2734,1.07,97.1288,4.3561,8.8955,0.9005,191952.96,105571.683
300997.SZ,20260318,1.5735,1.2,119.302,8.7066,5.6825,1.4183,884571.3665,780506.6716
600548.SH,20260318,0.2183,0.81,18.5025,0.9823,2.4342,2.6961,2296759.7949,1551555.5146
920080.BJ,20260318,2.8311,1.4,32.1786,4.0007,5.6693,1.8657,222440.0,60729.8747
600381.SH,20260318,2.0437,1.57,,1.7218,6.226,,177292.3438,177292.3438
600602.SH,20260318,10.4632,1.21,163.0331,6.4144,4.9797,0.199,3092309.6818,2428999.0604
002707.SZ,20260318,1.6586,0.84,137.3573,7.3265,0.9738,,679056.0878,570218.1925
000603.SZ,20260318,2.7756,0.94,57.8208,9.0233,13.0866,0.2324,2968938.0958,2868880.4928
301002.SZ,20260318,3.0036,0.72,,4.8761,5.5665,,515323.1733,324558.3871
000042.SZ,20260318,2.3547,2.73,,1.8938,2.4888,,624276.4395,623619.1987
601069.SH,20260318,1.7711,0.81,68.4064,6.8669,2.5297,0.1468,3126548.9901,3044830.7364
002205.SZ,20260318,1.274,0.69,,7.1479,3.4682,,257207.0276,257207.0276
301066.SZ,20260318,1.482,0.82,129.483,2.8541,5.0908,0.9071,354264.0514,351539.9384
301238.SZ,20260318,1.0927,0.82,276.9214,2.0452,7.4119,1.0005,1465933.2667,1465933.2667
600980.SH,20260318,1.3564,0.66,38.1988,2.9278,3.2374,0.6473,423950.2982,423950.2982
600252.SH,20260318,1.4461,0.92,,1.4322,3.6119,,827882.3982,827882.3982
002136.SZ,20260318,6.4126,0.61,,2.6252,1.6437,,296297.56,295520.0373
300199.SZ,20260318,3.264,1.19,,25.2121,18.2235,,1636646.1956,1381778.1068
603080.SH,20260318,1.8073,0.61,17.2348,2.0778,2.0252,2.5034,316535.5,316535.5
002827.SZ,20260318,0.9616,0.67,48.7542,9.0049,5.2564,0.4324,959133.252,955512.0
688433.SH,20260318,2.5607,1.65,534.6083,17.5983,50.7544,0.0557,3634331.22,1773465.408
603868.SH,20260318,0.1281,0.61,34.3837,4.7332,4.0053,1.4065,1548558.0,1548558.0
603506.SH,20260318,1.8023,1.28,21.3103,1.9821,1.3463,,247303.3349,247303.3349
688358.SH,20260318,0.7201,0.84,30.4564,2.5995,7.9404,4.0965,355213.942,354738.742
605277.SH,20260318,11.742,4.55,39.2023,5.1077,2.1016,0.5897,824873.0636,809971.1575
605167.SH,20260318,4.1979,2.48,35.8152,3.9544,2.7082,0.642,781381.8,781381.8
603650.SH,20260318,1.2569,0.78,57.2946,8.2665,9.733,0.9088,3278793.5663,3270227.3709
920469.BJ,20260318,3.6581,0.71,,4.1183,3.3902,0.5112,137845.188,101172.3024
300804.SZ,20260318,10.3158,0.63,78.1996,2.6343,4.5432,,358456.0,133210.0
601696.SH,20260318,1.1351,0.5,33.3147,1.965,10.7596,0.2911,3664182.0,3664182.0
002596.SZ,20260318,3.2467,1.31,,6.8862,3.9639,,460179.7877,459756.6325
603658.SH,20260318,0.2795,0.9,18.1402,2.2768,4.7209,3.6155,1991415.3165,1991415.3165
002912.SZ,20260318,3.0059,1.23,72.866,2.9462,6.7359,0.6752,505767.424,480500.782
002227.SZ,20260318,1.7736,0.67,,2.5257,7.7686,,241115.4034,239296.4733
300822.SZ,20260318,0.4249,0.69,398.954,3.9272,5.793,0.6382,485684.9358,450522.9957
601188.SH,20260318,2.2827,0.95,28.934,1.0004,5.1981,2.0056,462136.3499,462136.3499
300983.SZ,20260318,1.484,0.58,,1.9125,31.022,,542073.6,371052.0927
301122.SZ,20260318,2.2926,0.71,1021.5268,2.2229,11.6394,0.7688,397542.8798,245983.4198
002010.SZ,20260318,0.796,0.79,30.6345,0.9515,0.6454,2.455,1688822.8848,1684564.183
601611.SH,20260318,3.6111,0.54,28.3364,2.2371,0.4478,0.6448,4861314.584,4861314.584
600693.SH,20260318,8.7929,3.41,213.8595,2.7891,5.3364,0.7061,985535.7967,984523.502
002940.SZ,20260318,1.5229,0.89,56.9403,3.9095,4.1827,0.7169,615472.6955,565275.4498
000039.SZ,20260318,1.5856,0.59,23.1227,1.2894,0.378,1.5146,6266108.6874,2674235.0978
002508.SZ,20260318,0.3354,0.6,12.8434,1.7246,1.7687,4.8008,1968307.762,1944588.3723
603020.SH,20260318,1.0178,0.44,22.5197,1.2412,1.6603,1.6473,410447.656,410447.656
688809.SH,20260318,10.2748,1.38,116.8317,11.415,45.9402,,4649624.1584,873980.787
300515.SZ,20260318,0.9535,0.94,21.5053,4.2371,5.9744,1.5278,394225.622,386574.6029
688562.SH,20260318,2.0262,0.85,,4.6614,6.6132,,804400.0,347943.22
301338.SZ,20260318,5.9658,0.68,127.2174,12.0031,17.8291,0.1132,1879449.6,1044825.6
000911.SZ,20260318,1.9693,0.61,54.4837,22.8105,0.9616,,273818.7555,273818.7555
601555.SH,20260318,1.4946,0.78,12.0589,1.0054,4.0341,4.4537,4183647.7888,4183647.7888
002980.SZ,20260318,15.8058,0.92,77.4939,6.7085,9.3226,1.3586,724080.6347,387613.7559
600425.SH,20260318,1.779,0.68,27.7109,1.1072,1.8401,2.2173,723721.3719,723721.3719
002606.SZ,20260318,4.6264,0.67,32.1559,3.0213,3.528,0.2452,549719.6714,527269.8529
920703.BJ,20260318,0.8614,0.55,24.3999,1.9583,6.0026,1.9476,221112.108,111880.9706
002543.SZ,20260318,1.7169,0.7,10.094,1.3623,0.9032,2.7969,689317.2,613313.3998
002642.SZ,20260318,1.9558,1.15,228.7459,4.678,3.2266,,549773.2401,549773.2401
688123.SH,20260318,7.2621,1.62,58.1754,8.2599,17.2904,0.2247,2111019.1849,2111019.1849
688777.SH,20260318,2.7048,1.4,129.7275,5.8316,7.2528,0.9554,5838978.7093,5809529.4687
920078.BJ,20260318,96.391,,51.7664,4.3203,5.3198,,423600.0,73071.0
301339.SZ,20260318,0.5891,0.9,37.0615,2.9785,7.6796,2.6792,820010.9812,805127.4
603808.SH,20260318,1.2152,1.15,,1.3836,1.2413,0.5049,360234.6489,360234.6489
688280.SH,20260318,4.5113,0.79,39.4465,8.554,2.3403,,638029.622,562708.2207
920160.BJ,20260318,2.9149,0.85,36.8974,5.1475,14.5568,,272778.24,61375.104
600048.SH,20260318,1.1606,0.96,74.2304,0.406,0.247,2.6495,7613202.0138,7613202.0138
300830.SZ,20260318,5.7439,0.5,402.5175,4.079,13.9942,0.1854,556873.0411,415625.5239
002811.SZ,20260318,2.433,0.55,32.8797,3.1824,3.3071,3.0202,446864.4773,410796.6365
301499.SZ,20260318,12.5598,0.61,87.6201,3.5777,4.8175,0.3636,463845.0754,115961.2705
002667.SZ,20260318,9.0738,0.59,,17.7982,28.9944,,822947.957,747217.538
002523.SZ,20260318,1.4964,0.75,50.7387,2.4372,2.9688,0.348,610572.1848,608374.8964
600272.SH,20260318,1.3708,1.25,261.8127,4.4715,2.9575,0.297,347225.8713,211520.0
600969.SH,20260318,1.9502,0.62,,1.0593,0.9511,,385592.6043,385592.6043
300439.SZ,20260318,3.2482,2.93,43.0162,1.3704,2.753,1.2796,405072.031,308117.9818
600022.SH,20260318,2.3163,0.93,,0.9469,0.2461,,1786707.8755,1786707.8755
688146.SH,20260318,3.3207,0.49,64.2551,3.8681,9.8668,0.4107,2229882.3542,610617.1865
688698.SH,20260318,0.9799,0.63,56.321,6.6021,7.766,0.5874,1511428.83,1511428.83
603363.SH,20260318,3.3337,0.78,6.1043,3.3102,1.3536,,1106258.7761,904999.3397
300007.SZ,20260318,2.2497,0.7,188.1018,5.2903,6.5141,0.0852,1537357.1812,1330070.2081
000595.SZ,20260318,1.2417,0.88,719.645,14.4552,13.3622,,735572.0124,735572.0124
300856.SZ,20260318,0.7595,1.01,49.6281,2.3417,4.0832,1.6271,626480.0727,605471.8155
603283.SH,20260318,4.9056,1.22,26.908,4.0914,3.8062,0.8526,1291873.0932,1291873.0932
603381.SH,20260318,5.056,0.5,67.9518,1.746,0.5431,2.1277,624458.65,374106.3896
002340.SZ,20260318,2.9657,0.73,34.3203,2.0456,1.1738,0.8003,4205146.8098,4182343.807
688330.SH,20260318,2.2183,0.53,11.3155,1.6529,11.0887,0.6524,722820.0,722820.0
002927.SZ,20260318,2.5565,0.5,263.6754,4.3126,5.1857,0.25,446384.36,441475.664
301392.SZ,20260318,7.6094,0.85,580.5491,17.0182,31.4052,0.2431,1234100.0,503462.3377
002014.SZ,20260318,0.3922,0.64,15.8927,3.1966,2.0322,7.3469,750302.5359,740533.4291
300902.SZ,20260318,2.6134,1.25,,4.2454,10.9545,,348517.0584,232442.3346
001213.SZ,20260318,0.4252,0.75,33.328,0.9896,1.5936,1.9059,1888888.8887,1888888.8887
002851.SZ,20260318,2.7955,0.78,269.1671,7.1542,7.0583,0.0428,6395286.5412,5036640.4617
300447.SZ,20260318,4.6304,0.58,,3.0212,7.74,0.2559,604008.2653,389288.8936
002761.SZ,20260318,0.9473,0.75,53.5966,1.3022,0.1337,0.4919,1099643.1043,897884.3894
600072.SH,20260318,4.5062,0.9,,2.0267,2.0165,0.2297,1967351.7685,1420255.2213
002343.SZ,20260318,1.3285,0.83,,3.3125,6.2338,,315471.0705,315471.0705
002334.SZ,20260318,5.3327,0.74,26.1125,2.4144,1.716,0.6561,735530.0964,656281.4351
600745.SH,20260318,1.3763,0.64,,1.2245,0.8283,,4158381.1326,4158381.1326
000777.SZ,20260318,5.5077,0.71,42.2595,4.1744,5.0063,0.7857,951642.4658,951625.6726
920651.BJ,20260318,1.8438,0.82,26.2287,3.8792,6.158,2.0272,210633.0,52744.1296
600740.SH,20260318,2.998,0.64,,0.7758,1.7779,0.4338,1181137.852,1181137.852
920576.BJ,20260318,2.9309,1.65,341.3019,16.8546,14.1743,0.2895,752626.6,740037.8338
603151.SH,20260318,0.9308,0.87,27.9527,2.3417,0.6268,1.0702,317526.573,317526.573
002785.SZ,20260318,2.2267,0.62,,10.9012,7.4292,,967439.478,826030.2532
300209.SZ,20260318,15.5212,1.47,139.1578,10.3184,86.8161,,1022428.3747,783776.5341
600037.SH,20260318,1.4553,1.34,324.8944,0.8773,5.0222,0.3371,1114814.0851,1114814.0851
920262.BJ,20260318,1.8014,1.21,38.1105,4.1563,2.4878,0.3561,149286.6396,67360.4791
002247.SZ,20260318,3.2942,1.0,65.4746,3.8999,3.2476,,259515.3649,196279.905
688232.SH,20260318,0.6165,0.88,225.6782,1.4619,4.3142,1.4658,790787.7306,790787.7306
601689.SH,20260318,1.0729,1.09,39.1683,4.5996,3.7993,0.8425,10705067.1728,10705067.1728
300705.SZ,20260318,1.0447,0.84,15.8193,2.8146,2.4303,2.072,741931.7399,547060.858
002624.SZ,20260318,2.103,0.61,,5.2451,5.3729,1.1774,3715039.4937,3500108.7735
000987.SZ,20260318,0.8673,0.83,12.398,1.4247,3.4831,2.9239,4445179.3613,4442780.7042
002265.SZ,20260318,0.5087,0.85,212.8486,6.2193,6.0195,,2270622.8146,2270622.8146
603901.SH,20260318,0.6994,0.65,105.5785,2.3662,1.6643,0.1081,672397.3317,625620.9005
001366.SZ,20260318,6.3804,0.95,,2.8086,1.7797,,225434.04,225434.04
601608.SH,20260318,0.8516,0.76,80.0131,3.2152,3.7057,0.436,3004187.0547,3004187.0547
000886.SZ,20260318,1.4607,1.13,557.6982,2.0052,14.7372,,607140.5762,600391.8554
601968.SH,20260318,0.7698,0.88,36.7048,1.5561,0.8029,1.3843,701678.703,701678.703
000801.SZ,20260318,1.1631,0.69,89.0091,5.393,3.5804,0.6665,1534650.3861,1534650.3861
601021.SH,20260318,0.5555,0.65,23.7235,2.677,2.2863,2.5569,4754700.4358,4754700.4358
000665.SZ,20260318,2.282,1.86,,1.4873,4.2133,,597003.4849,596987.8845
688545.SH,20260318,1.645,0.54,87.9964,6.1876,12.4037,0.3935,1829520.0,926194.5
688295.SH,20260318,4.6726,1.06,564.4425,11.5542,24.8511,,5455800.0,5455800.0
688626.SH,20260318,1.6309,0.44,127.2494,4.8376,13.0439,0.3695,1001440.0,1001440.0
688775.SH,20260318,3.8585,1.22,87.7144,14.4542,8.5782,,8456288.0,691686.4
300900.SZ,20260318,20.5311,1.9,,6.8547,11.7279,,1362988.8691,1067968.6445
603798.SH,20260318,1.1904,0.66,68.8013,3.0892,3.6605,0.2829,356977.9128,356977.9128
600862.SH,20260318,1.2627,0.58,31.3524,4.2067,6.4536,1.0733,3231873.9282,3231873.9282
300159.SZ,20260318,0.8901,0.92,,,16.385,,1003578.4145,558710.9569
000034.SZ,20260318,4.4328,0.95,51.6749,2.4626,0.1968,0.6884,2734619.5863,2286042.9984
600721.SH,20260318,2.2861,0.82,71.9303,4.5488,9.171,,361090.2293,361090.2293
002608.SZ,20260318,0.7271,0.82,8.8983,0.9034,0.9259,1.1976,3154696.5528,3154696.5528
920509.BJ,20260318,1.637,0.63,75.4392,14.093,22.4802,0.7694,521314.1234,273120.885
600641.SH,20260318,4.3641,1.83,111.5811,2.1613,13.1226,0.2237,1761682.4386,1761682.4386
600993.SH,20260318,0.9106,1.46,19.592,2.6047,2.9678,2.3865,1119878.0088,1117937.6276
688790.SH,20260318,4.746,0.92,,4.8913,7.2349,,1363086.4672,165129.8043
300726.SZ,20260318,1.8337,0.64,55.6068,3.8154,10.607,1.2887,1917526.3183,998425.2975
603124.SH,20260318,6.1781,1.02,70.7595,8.1135,1.477,0.3699,1458034.9708,292373.6527
301382.SZ,20260318,16.2905,2.91,62.5323,5.9586,5.5338,0.1977,1103820.4351,681355.1994
301515.SZ,20260318,2.5245,0.52,,1.9391,3.8972,0.4879,236200.0,154877.6391
300279.SZ,20260318,5.6711,0.79,84.7273,5.3044,2.9943,,549747.8268,547325.283
301529.SZ,20260318,3.8542,0.8,62.3979,7.006,5.7259,0.3694,950176.752,506671.312
300619.SZ,20260318,6.1736,1.42,,4.4484,4.3792,,701740.6207,586656.5016
300562.SZ,20260318,2.4212,0.9,39.8553,3.0048,3.0968,1.9914,304966.0948,226224.7241
300958.SZ,20260318,3.5404,0.97,,1.8147,3.7776,,226014.1469,131293.2737
603888.SH,20260318,1.3037,1.08,50.5431,3.8677,6.3608,0.496,1423022.7963,1423022.7963
300802.SZ,20260318,2.6298,0.85,68.2446,4.2523,7.7154,0.7363,594575.7877,407542.2603
000401.SZ,20260318,0.7371,0.88,,0.4919,0.5284,1.9881,1337083.0393,1323571.1515
600191.SH,20260318,1.3053,1.03,149.3982,3.4687,11.3635,,587252.652,587252.652
300355.SZ,20260318,2.6051,0.75,109.0183,1.5147,2.5103,0.0985,651322.2849,527178.3969
920299.BJ,20260318,6.3799,0.72,97.8384,8.4877,19.4277,0.4031,245908.2142,121165.0648
300476.SZ,20260318,5.0969,1.27,58.6125,15.1862,13.1004,0.1019,25273622.571,24822413.3319
300416.SZ,20260318,5.0665,2.19,37.4426,3.3719,4.1745,0.8494,898095.4254,892083.3221
600250.SH,20260318,2.8156,1.01,143.6325,5.7683,5.0366,,366591.5255,366591.5255
605358.SH,20260318,1.6226,0.98,,3.5191,7.1368,,2465969.1755,2465969.1755
603682.SH,20260318,2.6547,1.25,,4.4072,3.4691,4.7482,328387.5,328387.5
605289.SH,20260318,2.3475,0.56,,10.9937,14.4954,,1407395.8325,1398745.4625
301518.SZ,20260318,3.6929,0.34,62.1082,3.8543,2.2007,0.371,626246.2621,230311.7012
688298.SH,20260318,0.7363,1.38,,0.7832,4.9023,,470131.2,470131.2
603505.SH,20260318,1.1342,0.61,66.9736,9.3026,4.4089,0.5469,1622737.4715,1622737.4715
600573.SH,20260318,2.0949,0.66,37.5384,2.2835,4.9744,0.6364,314250.0,314250.0
300249.SZ,20260318,21.6197,2.16,,24.9316,5.5115,,832962.7967,706148.6171
000059.SZ,20260318,2.4747,0.67,,0.9171,0.2289,0.3114,924477.7864,924477.7864
600830.SH,20260318,1.4698,0.73,53.9718,1.9348,10.5242,0.1572,433423.9006,433423.9006
688061.SH,20260318,1.51,0.79,,1.6779,6.3008,,393725.943,154287.3371
600868.SH,20260318,9.4646,0.78,,3.8988,24.3656,,755463.1742,755463.1742
605168.SH,20260318,0.7415,0.48,86.4069,2.7779,2.0147,2.0402,743973.1436,743973.1436
920971.BJ,20260318,1.4128,0.45,79.3743,6.3472,10.8056,0.7164,295927.8136,241339.0904
002202.SZ,20260318,13.5072,1.09,49.3599,3.4098,1.8975,0.4514,13093744.8057,10426865.7511
603121.SH,20260318,1.8124,0.41,287.6919,5.2851,5.4645,1.0753,629672.7099,629672.7099
002937.SZ,20260318,1.8643,0.65,50.0199,5.0705,4.413,1.5402,773331.2813,771188.7044
300358.SZ,20260318,1.73,0.98,,1.388,1.335,,741551.0055,727248.4858
600369.SH,20260318,0.4851,0.88,31.4196,1.123,8.7272,1.9495,2897267.5781,2897267.5781
301015.SZ,20260318,0.4358,0.75,22.3604,4.9477,1.5552,3.3987,1178449.1806,1178294.4826
300450.SZ,20260318,2.2,0.65,95.9249,4.8694,6.2869,0.1123,8287396.0983,7719101.0969
600359.SH,20260318,2.454,0.62,3060.0826,4.2652,5.5463,,285371.5894,285371.5894
601949.SH,20260318,0.4346,0.67,22.0804,1.3029,2.2682,1.5455,1256618.9156,1256618.9156
603899.SH,20260318,0.2881,0.96,18.1335,2.6869,0.9812,3.8187,2398206.8617,2398206.8617
000862.SZ,20260318,10.1076,0.72,51.7156,1.5438,5.2805,,692137.8408,473487.1844
300048.SZ,20260318,2.0016,0.53,119.1555,4.7663,1.116,,875558.749,873764.734
002976.SZ,20260318,2.0321,0.5,3012.6688,2.7352,2.0184,,405389.4604,180530.0386
300030.SZ,20260318,3.1839,1.45,,4.1661,5.1623,,262809.2178,231392.1425
920187.BJ,20260318,9.8397,0.92,16.5208,1.9486,2.508,,243609.6,81803.9709
300387.SZ,20260318,12.3116,1.0,34.8827,1.9349,2.1735,0.7049,287033.6189,286933.9485
603687.SH,20260318,6.5166,2.53,53.1467,1.8666,2.7538,0.524,608335.2416,608335.2416
002722.SZ,20260318,1.34,0.97,23.9153,1.1872,1.4692,1.3955,339339.6873,339316.7973
301297.SZ,20260318,1.5111,1.42,110.7394,5.1525,11.2459,0.4458,2660611.6008,1299460.456
002111.SZ,20260318,1.2856,0.84,78.1099,1.9161,1.8199,1.6324,566059.056,512050.9959
600229.SH,20260318,0.5661,1.05,,1.3172,1.9637,1.1094,416906.6117,416906.6117
920351.BJ,20260318,5.5716,0.72,97.8557,4.2853,0.9668,0.4695,187515.4851,84859.9242
688099.SH,20260318,2.1887,0.72,44.4544,5.2735,5.7013,,3873038.9771,3873038.9771
300352.SZ,20260318,6.2741,0.58,,8.3306,40.269,,1026475.4536,903840.5045
600248.SH,20260318,0.854,0.89,12.1858,0.4672,0.0988,2.4931,1350044.4382,1337771.8822
605066.SH,20260318,2.7948,0.69,34.8817,2.3975,1.4823,2.959,428028.106,426063.29
301502.SZ,20260318,3.7754,0.95,78.8137,3.1332,6.0664,0.767,260472.0105,107627.481
003018.SZ,20260318,14.1534,0.96,59.7577,4.45,8.5857,1.1001,709020.0,267188.5285
301601.SZ,20260318,1.4919,1.42,92.8666,3.0516,7.5081,0.6529,387303.36,232911.36
603556.SH,20260318,0.9906,0.98,19.449,2.4865,3.9212,1.842,1833702.1851,1833702.1851
002727.SZ,20260318,1.0324,0.86,85.6082,1.0556,0.4436,3.7165,772411.8409,524055.0991
002959.SZ,20260318,1.6617,0.72,17.8047,2.5675,1.3621,2.1723,713094.1967,688772.6331
688435.SH,20260318,2.5195,0.47,,3.7889,22.0374,,415412.5,278839.5463
001270.SZ,20260318,2.8727,0.99,253.9963,15.6566,55.2634,,2305601.2826,2276346.0893
002159.SZ,20260318,4.4782,0.79,28.4492,2.4272,5.5268,1.2488,354957.2527,277222.0711
301183.SZ,20260318,3.8698,0.49,119.8372,12.2717,13.9828,0.0872,1146533.1793,840514.2217
600177.SH,20260318,0.7421,0.82,13.7567,0.8441,2.8516,4.6307,3583167.4741,3583167.4741
002160.SZ,20260318,3.3052,0.62,106.5086,1.4398,0.6383,,536013.4257,534948.6048
301439.SZ,20260318,3.9402,0.61,32.6436,2.2167,1.7175,1.1855,656414.7518,309137.5608
002817.SZ,20260318,1.9713,0.83,43.6962,2.6734,5.3587,0.8412,252438.8555,244793.165
603876.SH,20260318,3.8514,0.87,48.2713,2.5304,0.7113,0.5028,1850171.0211,1850171.0211
603611.SH,20260318,1.2371,0.77,11.8665,1.8719,0.8568,3.9308,587845.0051,587845.0051
688053.SH,20260318,1.8439,1.68,,2.4739,20.4795,,393000.0,393000.0
601229.SH,20260318,0.2633,0.83,5.8968,0.6019,2.5979,5.2101,14180592.0499,14180592.0499
603160.SH,20260318,0.6969,0.97,40.4781,3.6236,7.2083,0.7452,3368567.2533,3368567.2533
301217.SZ,20260318,2.768,0.68,4957.0487,6.2019,5.3659,0.0494,3345906.7356,3345906.7356
300419.SZ,20260318,2.043,0.51,,6.6463,9.2943,,286847.9406,286847.9406
301073.SZ,20260318,1.3167,0.61,327.9881,5.8576,8.1132,0.7945,550685.3623,504604.344
603991.SH,20260318,2.6295,0.78,,5.1693,29.7762,0.0092,1656900.3535,808704.7283
000803.SZ,20260318,4.5104,0.89,57.3986,3.0269,3.0777,,444380.2338,438177.7543
688105.SH,20260318,0.1996,0.75,,2.1292,5.8655,0.7382,808196.5934,808196.5934
920101.BJ,20260318,2.5217,1.57,28.169,3.1899,3.7228,,337693.2831,105376.6257
601868.SH,20260318,6.7598,0.7,17.7297,1.2845,0.303,0.7751,14091613.309,10960909.941
600779.SH,20260318,0.5598,0.74,32.2081,3.4681,4.6223,2.6928,1745748.952,1745748.952
301687.SZ,20260318,40.4489,1.71,79.4227,6.9537,14.8873,,1032453.92,207633.3348
601456.SH,20260318,0.3989,0.75,30.4909,1.0341,8.0096,0.5913,5379521.3873,4136864.7097
002664.SZ,20260318,1.4685,0.9,155.4788,2.444,1.4419,,862526.6,850643.2739
603301.SH,20260318,1.289,0.95,88.7706,4.3843,5.7684,0.6942,2493537.3183,2493537.3183
300377.SZ,20260318,3.9596,0.85,,5.9536,11.6326,,1501255.1569,1380357.9897
301590.SZ,20260318,8.2458,0.95,44.3468,4.2301,5.7093,0.6116,824115.1494,168586.7396
000517.SZ,20260318,1.2723,1.18,,1.151,0.5833,,662255.8769,518333.1745
002546.SZ,20260318,4.4954,0.57,11.9553,2.2288,10.9312,1.1976,835717.1942,802834.5602
300899.SZ,20260318,1.2251,0.5,115.0042,3.9836,16.5046,0.9752,255070.0805,163703.3279
301680.SZ,20260318,68.8116,1.42,63.1787,6.1057,10.2359,,1131876.0,229689.9016
600497.SH,20260318,2.2901,0.84,39.3489,2.7066,2.108,1.7978,4496019.3908,4496019.3908
002917.SZ,20260318,1.1085,0.69,31.9262,2.8362,2.805,0.718,476579.0641,357115.3805
002641.SZ,20260318,0.9589,0.74,60.7768,0.9806,0.8565,1.1384,534655.8339,493287.6741
600127.SH,20260318,4.363,0.61,328.2964,6.8237,1.1594,,464009.2666,464009.2666
601011.SH,20260318,5.8226,0.73,,1.2041,10.8079,,693470.5631,693470.5631
002363.SZ,20260318,1.6659,0.46,68.396,1.6583,1.626,0.7091,353527.2152,352562.9256
688535.SH,20260318,8.9499,1.25,514.8686,5.839,27.2601,0.1286,1248666.2706,682184.4017
600640.SH,20260318,0.6979,0.99,473.244,2.5566,5.0345,0.0704,1016899.4113,1016899.4113
002695.SZ,20260318,0.6032,0.92,92.6805,2.074,3.4943,1.0574,581969.233,531913.2874
301315.SZ,20260318,3.4418,0.88,107.6272,4.5741,19.7497,0.7566,465256.0,195619.0
000628.SZ,20260318,3.6379,0.61,163.9511,8.5097,3.7617,0.103,1881527.48,1026746.2825
003029.SZ,20260318,1.5415,0.66,,4.2421,12.8117,,457911.8369,409705.4601
300571.SZ,20260318,18.0318,4.33,,3.3839,5.1481,,491697.7081,407505.4047
000338.SZ,20260318,2.0292,0.68,18.6058,2.4304,0.9854,2.7675,22103351.4326,12693861.7968
688512.SH,20260318,4.012,0.9,,3.5349,7.158,,580753.3737,403765.4482
002735.SZ,20260318,3.4866,0.64,,3.6361,2.7118,0.0816,608287.3062,462081.1918
603096.SH,20260318,1.2704,1.23,42.8323,1.5543,4.4024,4.2689,289035.6854,289035.6854
688596.SH,20260318,1.097,0.69,65.4623,2.5059,1.8358,0.9054,903276.648,903276.648
301491.SZ,20260318,6.7813,1.48,34.0753,3.5588,4.7568,,744201.0,164897.9231
300547.SZ,20260318,3.0773,0.86,36.7999,5.5349,4.7914,0.8468,707331.0334,576000.3141
603391.SH,20260318,6.9197,0.81,32.4648,3.1795,6.7098,1.7098,665301.0,166325.25
003043.SZ,20260318,1.8832,0.74,102.9364,3.7953,6.7461,0.4352,655101.58,410328.7399
300062.SZ,20260318,5.2406,0.43,,3.4495,5.019,,554344.8856,403434.46
600761.SH,20260318,1.9115,0.87,12.9876,1.6275,0.9228,3.5842,1739522.9622,1739522.9622
300070.SZ,20260318,1.0336,0.61,682.0,0.549,1.8273,0.0971,1493174.2576,1389197.3372
300981.SZ,20260318,6.8004,1.03,,1.338,2.8942,1.3523,718348.8063,658333.4223
300407.SZ,20260318,2.5287,0.93,45.5953,2.2848,1.693,0.7177,439415.5969,354144.9829
301307.SZ,20260318,12.5391,1.36,,3.1778,2.3344,,908107.2,469971.9517
601727.SH,20260318,1.4895,0.78,127.7482,2.5066,1.1171,,13535445.945,10988222.123
600897.SH,20260318,0.575,0.87,15.3271,1.4433,3.4317,1.9596,680853.222,680853.222
002131.SZ,20260318,7.1552,0.87,110.3351,4.0875,2.729,0.4181,5397107.6263,4662229.9021
002008.SZ,20260318,2.8873,0.92,59.2811,3.9516,3.8639,0.5374,6705806.9963,6231143.5488
002717.SZ,20260318,4.5531,1.04,,3.6263,10.064,,311259.9384,276199.212
601211.SH,20260318,0.3656,0.68,12.3108,1.0106,5.2225,2.388,31485261.5306,24105481.6047
300258.SZ,20260318,2.1189,0.55,59.3719,1.7056,3.9245,0.5112,804439.9591,783600.0398
001255.SZ,20260318,2.0538,0.58,436.8609,3.9687,8.3274,0.0895,351189.5237,286426.736
300978.SZ,20260318,1.7998,0.81,35.0268,3.1404,2.442,3.314,510202.206,230801.7929
688786.SH,20260318,2.2409,0.7,56.0786,6.3064,11.1745,0.6127,488920.0102,488920.0102
600711.SH,20260318,3.4695,0.99,19.5625,2.3457,1.3176,1.1736,3925076.6698,3925076.6698
601969.SH,20260318,2.3101,0.54,52.3728,3.5508,5.8162,0.8846,2473979.2347,2449815.9571
000411.SZ,20260318,1.2341,1.28,13.0641,1.2655,0.1921,3.1051,644095.4696,419282.5517
603238.SH,20260318,0.9832,1.17,25.1821,2.1255,1.136,1.7361,306735.552,306735.552
603386.SH,20260318,2.9614,1.11,,3.4805,1.8866,,473820.3571,473820.3571
300456.SZ,20260318,4.1164,0.74,22.2365,4.9799,31.9195,,3387950.171,2764396.8839
000657.SZ,20260318,3.0504,0.5,78.5548,12.5649,7.1831,0.2939,12404722.3536,7909725.5618
603395.SH,20260318,9.1585,0.67,300.718,5.8381,2.4743,0.3673,816660.0,204165.0
688027.SH,20260318,2.1347,0.61,12135.9724,20.1644,210.7733,,6543605.4396,5113095.9219
603429.SH,20260318,2.188,1.34,,3.4642,23.8022,,427455.654,427455.654
300917.SZ,20260318,4.5168,1.25,45.5558,5.1184,2.0405,0.71,595049.0,595049.0
301266.SZ,20260318,5.1811,1.05,125.1013,3.1184,1.8379,0.1954,562214.8359,533343.4766
688399.SH,20260318,0.7642,0.41,,1.7665,15.2057,5.5096,517572.3903,517572.3903
603737.SH,20260318,0.4586,0.63,55.3243,12.7829,2.9797,1.4606,3680233.5553,3680233.5553
601158.SH,20260318,0.2241,0.79,26.7227,1.3024,2.9985,3.3763,2232010.7308,2232010.7308
603897.SH,20260318,9.3118,1.12,26.0965,2.8449,0.5295,5.4315,684127.8468,684127.8468
600539.SH,20260318,4.425,1.05,,9.4007,6.4041,,281980.0,281980.0
001299.SZ,20260318,1.4009,0.48,32.5343,2.7201,4.5439,5.538,329745.8656,296806.8489
002406.SZ,20260318,1.6449,0.69,44.6243,1.4179,4.0702,1.9255,568845.3389,469123.8475
300121.SZ,20260318,6.2105,0.9,36.5058,1.7718,1.7535,1.0109,609525.3214,587792.6298
003011.SZ,20260318,2.3885,0.53,18.7822,1.8451,2.0553,2.3389,260797.04,198345.4656
688334.SH,20260318,2.0513,0.57,28.6132,2.4464,8.1993,1.6504,711670.6396,352721.7611
000021.SZ,20260318,10.9662,1.58,51.5817,4.1505,3.4652,0.561,5285561.582,5284716.3761
688371.SH,20260318,0.3804,0.65,225.1203,3.455,12.917,,682686.2445,682686.2445
603360.SH,20260318,0.9917,0.94,84.1463,12.0686,12.3508,1.665,1817819.6854,1817819.6854
002928.SZ,20260318,1.6033,0.74,19.969,2.9089,1.5953,,1160643.3274,1160637.5389
688515.SH,20260318,3.4633,0.8,,6.7143,16.3136,,1008000.0,627724.44
000875.SZ,20260318,2.3789,0.54,55.9946,1.5084,1.9733,0.7884,2622516.6626,2416558.7188
600521.SH,20260318,0.869,0.97,50.7007,2.5601,2.725,1.5699,2373144.6356,2373144.6356
300215.SZ,20260318,10.4671,1.22,,3.4185,12.6269,0.0559,670439.2974,447384.0044
001306.SZ,20260318,3.2043,0.97,112.3742,3.3238,5.7158,0.2269,445359.3516,109833.0
300884.SZ,20260318,2.2763,0.68,,2.9686,5.6805,,375463.1108,283095.2214
688488.SH,20260318,0.9974,0.59,,7.1943,9.6281,,693870.8504,693870.8504
002663.SZ,20260318,3.0639,0.95,,1.6748,2.0311,,396370.2475,297365.1874
600221.SH,20260318,1.1176,1.14,,12.3659,0.9941,,6655207.4104,6598209.2997
002572.SZ,20260318,1.2501,0.65,11.488,1.8032,1.3194,7.4129,1299150.6242,878824.4234
603092.SH,20260318,14.8794,0.82,38.3109,5.6515,5.6145,,2995200.7488,250492.0205
300775.SZ,20260318,9.052,1.94,47.0132,3.6698,14.5688,0.5101,2146936.7353,2084342.2285
300043.SZ,20260318,1.9115,0.7,179.8321,4.3091,3.6052,0.1677,740298.0486,739906.0031
603685.SH,20260318,3.7021,1.96,346.1197,3.7815,6.1664,0.0181,746828.8904,599562.0631
688526.SH,20260318,0.4062,1.03,17.9006,1.7537,7.8285,2.6815,743940.3774,743940.3774
000301.SZ,20260318,0.3758,0.58,,2.2707,0.6245,,7589692.4039,7586621.9953
920002.BJ,20260318,1.5309,0.94,63.6703,5.6034,11.2997,0.4023,399061.0294,279369.3059
002164.SZ,20260318,1.4088,0.95,110.5829,4.759,4.5657,,681714.4956,614592.0543
301077.SZ,20260318,1.9037,0.82,33.2286,4.3533,6.3788,2.8887,498501.3761,279625.1056
300248.SZ,20260318,1.3897,0.9,59.5132,2.682,5.8612,0.6695,569236.3296,488890.1653
605298.SH,20260318,0.7807,0.5,114.3864,8.4379,15.5505,0.32,880640.8,873144.688
603948.SH,20260318,1.165,1.12,20.6766,2.1519,2.0719,3.5971,451719.8843,451719.8843
002796.SZ,20260318,5.7994,0.74,1104.0584,16.7955,15.4977,,1437986.8697,1297481.3407
600655.SH,20260318,0.2839,0.97,,0.5577,0.4902,3.8249,1922874.3869,1921584.0589
600307.SH,20260318,9.5013,1.76,,2.2257,0.4615,,1515732.4966,1515732.4966
601006.SH,20260318,0.7896,0.76,15.8816,0.6418,1.3832,4.1905,10577268.3009,10577268.3009
603828.SH,20260318,0.4193,0.68,,5.5774,1.8537,,359363.9753,359351.5939
603955.SH,20260318,0.7294,0.58,,2.3949,18.7925,0.1855,365765.4,365765.4
002763.SZ,20260318,1.3364,1.01,41.5509,1.7417,1.0813,5.6747,325069.732,240754.1656
603711.SH,20260318,0.2702,0.67,36.9253,1.6352,1.7805,1.9113,540039.3228,540039.3228
600982.SH,20260318,2.553,0.65,17.3712,1.2996,1.4863,2.9297,572225.2723,572225.2723
300921.SZ,20260318,10.7519,1.07,145.1449,6.1001,8.948,0.2578,505259.2918,315313.2332
920275.BJ,20260318,0.8809,1.17,276.5028,5.3928,16.3924,0.7595,125908.304,104212.4716
300953.SZ,20260318,2.7644,0.63,58.7986,6.7838,3.3325,0.0883,2901588.5287,2083359.918
600246.SH,20260318,1.5445,0.88,,3.7394,43.3954,,2084825.5617,2028412.5867
600739.SH,20260318,1.2714,1.27,21.4177,0.6282,1.6616,0.1648,1847889.4577,1847889.4577
300790.SZ,20260318,1.6646,0.59,40.6947,3.7659,3.1149,0.5745,969342.2798,841099.5222
300054.SZ,20260318,3.1441,1.11,67.6996,9.0717,12.4484,0.2102,4493839.367,3497240.7253
688049.SH,20260318,4.114,1.92,41.9275,4.1929,9.2998,0.5924,857795.9821,857795.9821
301069.SZ,20260318,1.7474,0.75,83.6204,4.5392,9.9325,0.421,999249.1749,941037.1749
688130.SH,20260318,1.8905,0.82,,2.3161,16.5265,,286874.5661,143056.5281
688319.SH,20260318,4.2751,1.66,569.0064,13.2119,17.9647,,1265000.3502,1264066.1974
688395.SH,20260318,1.5975,1.24,58.7898,3.0403,5.3731,0.5461,237883.9368,237883.9368
600963.SH,20260318,2.0278,0.61,,1.226,1.077,0.5676,933268.5305,933268.5305
001356.SZ,20260318,0.9171,0.73,52.8751,3.4645,3.4135,0.3167,707184.0,240776.1
002582.SZ,20260318,3.1124,0.75,,1.6186,3.2513,8.6315,505462.2089,388649.4472
001298.SZ,20260318,5.1927,1.32,122.6874,5.7083,1.1169,0.1314,934874.4384,518442.309
688510.SH,20260318,2.8547,0.69,92.3982,7.8196,13.5059,0.5476,943624.2027,943624.2027
301528.SZ,20260318,1.7928,0.97,63.9044,2.5186,19.5225,0.2605,385018.0,198106.7325
301167.SZ,20260318,2.9926,0.86,90.0963,2.1227,5.8362,0.3358,200144.0,127087.6802
001286.SZ,20260318,2.2268,0.76,14.2797,1.5969,1.8435,3.2287,4181250.0,1170750.0
600203.SH,20260318,1.7996,1.09,,4.0156,0.5735,0.1704,696168.0083,696168.0083
000852.SZ,20260318,2.4056,0.58,376.3086,2.3102,1.0048,,724623.5083,716869.9998
002390.SZ,20260318,1.472,1.07,84.4419,0.9649,1.1358,1.7473,651190.3758,645819.1084
300708.SZ,20260318,8.1092,0.53,48.2839,3.5788,3.1185,,1009333.7798,763265.3231
301171.SZ,20260318,4.3503,0.76,94.7608,6.0864,6.4902,0.2399,2278265.1493,1838931.8554
301662.SZ,20260318,5.3945,0.77,96.4076,8.4074,7.2792,0.6597,1212720.0,252061.1537
001309.SZ,20260318,11.9647,0.94,123.2554,25.9497,7.8635,0.0572,8484027.6092,6016759.9316
603416.SH,20260318,0.5466,0.67,34.7718,3.2066,4.337,2.8093,815235.228,722403.06
000550.SZ,20260318,1.7473,2.48,12.9991,1.3198,0.3943,3.9799,1544289.846,927530.5932
300173.SZ,20260318,1.3834,0.78,60.0512,3.5117,2.4396,,339443.2725,339443.2725
002455.SZ,20260318,27.0667,0.93,772.3076,4.774,1.4045,0.4286,831961.7894,726921.5716
600512.SH,20260318,2.5726,0.99,148.848,0.6466,1.0362,0.7843,406421.7996,404788.3166
601877.SH,20260318,2.2952,0.66,16.7547,1.7464,1.1833,1.6853,7633137.8028,7633137.8028
600126.SH,20260318,5.5634,0.87,,1.5984,0.5116,,3117145.5236,3117145.5236
300151.SZ,20260318,2.4655,0.85,135.4101,6.0218,9.3441,0.4274,934552.9914,646770.3501
000726.SZ,20260318,1.2774,0.82,9.7401,0.6343,1.0166,2.6846,608893.6554,438892.7521
002813.SZ,20260318,0.9828,1.07,,12.7074,7.6165,,317160.0,316779.6062
002274.SZ,20260318,3.4722,0.53,,1.2011,0.9973,4.3796,652369.7825,642426.6541
601228.SH,20260318,0.3822,0.92,29.6286,1.2473,1.7336,1.1111,2648130.5042,2648130.5042
601326.SH,20260318,0.6538,0.91,12.4763,0.9945,2.8783,2.3546,2017055.732,1717478.799
300587.SZ,20260318,1.8728,0.67,,3.3972,5.1182,0.4298,814014.5357,659564.8194
688070.SH,20260318,1.4977,0.7,411.9615,7.5479,7.7234,,479675.66,479675.66
002997.SZ,20260318,0.7387,0.96,15.2404,2.8371,2.0889,1.3653,689923.0872,689923.0872
002170.SZ,20260318,4.4428,0.51,14.6828,3.7277,2.7927,3.2444,1309257.4518,1061549.6273
300075.SZ,20260318,1.1552,0.95,,2.4539,15.9454,,855296.2276,709758.7815
000820.SZ,20260318,2.9375,2.46,,15.3293,23.657,,228233.9782,104829.3076
000901.SZ,20260318,2.8801,1.06,159.5159,4.3557,3.1366,,1882158.9153,1882139.9924
000881.SZ,20260318,1.4812,0.72,,1.4368,1.2997,,750668.0971,717563.4867
300335.SZ,20260318,11.7104,0.68,68.75,1.7914,3.0855,1.3736,347265.0185,279669.3274
300811.SZ,20260318,4.8401,0.9,60.9393,8.049,13.4313,0.2477,2332892.2862,1912909.2801
603262.SH,20260318,3.0979,1.32,71.1985,7.1653,10.3856,,1098827.47,109901.976
601020.SH,20260318,2.8891,0.69,27.9165,5.8843,11.7235,0.1303,2517291.6229,2517291.6229
603578.SH,20260318,4.7848,1.43,,2.2391,2.3833,,346409.6347,266928.4074
000838.SZ,20260318,4.1314,1.05,,6.1965,8.649,,254206.7613,243419.9125
603052.SH,20260318,9.311,1.71,349.6037,10.9663,13.357,0.2779,1192959.8434,1192959.8434
920168.BJ,20260318,8.4142,0.89,22.9131,2.26,2.5591,,183423.096,68745.8142
300748.SZ,20260318,1.555,0.68,74.0801,6.6741,6.3409,0.9124,4516059.6621,3712003.9666
001326.SZ,20260318,3.9829,0.8,167.2982,3.6969,3.0252,0.457,448496.4,147681.0968
001279.SZ,20260318,1.4121,0.9,91.5712,5.3552,3.7288,0.5614,534400.0,133600.0
002126.SZ,20260318,2.1569,0.57,46.4548,5.8464,2.7165,0.2514,3953691.5572,3707641.7631
301479.SZ,20260318,5.0412,0.88,44.9954,6.7673,5.1293,1.0985,867767.8581,496763.6411
920735.BJ,20260318,0.99,0.59,16.4638,2.9848,3.6878,0.9223,390075.6668,344992.7931
600366.SH,20260318,1.6863,0.75,46.0613,2.2714,2.6241,0.3871,1390286.9295,1390286.9295
600350.SH,20260318,0.1716,0.8,15.2235,1.6977,1.975,4.0423,5023119.0872,5023119.0872
688320.SH,20260318,1.0694,0.8,,3.9302,4.6852,,481582.5873,481582.5873
688819.SH,20260318,0.5004,0.64,19.5504,1.8221,0.6791,1.2787,3109747.9,3109747.9
688170.SH,20260318,6.1654,0.83,212.1537,4.2525,6.7913,,534474.56,534474.56
600601.SH,20260318,1.7809,1.01,123.4986,10.0948,10.1492,,4495977.5171,4387148.5379
603778.SH,20260318,21.5209,1.05,,20.4983,10.0905,,1491234.2545,1459928.5695
603927.SH,20260318,0.7092,0.9,62.9528,4.7819,2.1583,2.1571,1502520.32,1502520.32
920111.BJ,20260318,1.9245,0.66,31.2315,4.1243,3.1332,0.8022,386800.1685,187693.2956
603107.SH,20260318,0.7778,1.05,26.621,2.3871,2.2466,2.0027,505327.83,326824.649
000006.SZ,20260318,1.9311,1.27,,2.3114,3.6243,,1247395.4225,1247388.3539
600635.SH,20260318,2.2623,0.67,30.9139,1.9854,2.9412,0.5902,1800985.1518,1475462.9218
000797.SZ,20260318,3.334,1.44,,0.9174,1.0535,,463372.494,463318.8784
002251.SZ,20260318,2.87,1.2,,1.4873,2.9773,,1220669.6588,977222.342
605005.SH,20260318,0.3908,0.58,35.8143,3.8953,4.2997,1.0091,794782.0,794782.0
002842.SZ,20260318,10.6628,0.61,,10.0382,5.4379,,1121219.8902,920020.3329
301408.SZ,20260318,2.6117,0.86,38.7792,3.4504,1.403,0.5531,723218.08,413958.6006
600390.SH,20260318,0.8601,0.93,594.5251,0.5913,41.7429,0.1077,2505422.4607,2505422.4607
688617.SH,20260318,0.3929,0.63,40.4288,10.7416,12.8399,0.513,3317731.9027,3317731.9027
603369.SH,20260318,0.4545,1.03,12.6059,2.1956,3.4569,4.128,3624447.7076,3624447.7076
000811.SZ,20260318,1.5992,0.68,32.0478,3.0362,2.8645,0.6138,1865858.6118,1839383.8803
603500.SH,20260318,1.2191,0.99,25.8658,3.7336,4.9849,1.1424,378715.2999,377626.4877
600354.SH,20260318,8.8214,0.65,55.8223,5.6,3.0724,,385823.3205,385823.3205
605006.SH,20260318,3.2019,0.6,489.1847,2.2432,2.4553,,562816.7714,562816.7714
300512.SZ,20260318,1.2231,0.65,115.4691,2.4336,3.4869,0.6113,395732.5416,313218.2634
300191.SZ,20260318,9.5038,0.67,,12.1373,23.3635,,1288960.0,890973.46
300807.SZ,20260318,1.5329,0.94,,7.425,17.8456,,348907.0021,266355.9556
300582.SZ,20260318,2.376,0.79,,3.4479,1.9089,0.245,456760.8266,338955.9904
600895.SH,20260318,1.4482,1.22,58.8611,4.249,13.8448,0.5874,5799842.3648,5799842.3648
603933.SH,20260318,1.0783,0.88,265.5552,3.4409,2.1373,0.2742,454107.5301,454107.5301
605566.SH,20260318,1.3858,0.96,122.6099,1.8786,4.68,0.3533,375352.1,375352.1
300219.SZ,20260318,4.854,0.71,87.5529,2.2415,1.3331,1.4093,577681.9009,576625.4951
002338.SZ,20260318,1.0604,1.07,207.5254,9.0041,16.7241,0.1175,1225920.0,1225920.0
301396.SZ,20260318,17.5664,0.64,385.5718,18.8493,12.1632,0.0545,2415291.567,1196983.5372
000783.SZ,20260318,1.0644,1.15,10.8736,1.1529,3.9162,2.0216,4103314.1274,4103314.1274
600193.SH,20260318,1.7687,0.91,,22.4976,,,200350.683,200350.683
600690.SH,20260318,0.4758,0.87,11.1586,1.9978,0.7376,4.9008,23387808.3471,15595052.857
002029.SZ,20260318,1.4169,0.93,16.1829,1.0717,2.4605,0.9219,731109.4079,690025.9795
301197.SZ,20260318,3.1095,0.96,69.3723,2.2239,7.0443,0.4082,285679.8,257735.7225
300821.SZ,20260318,2.1198,0.57,,3.0808,3.6304,0.1193,1508400.0,1508136.9728
920425.BJ,20260318,1.3439,0.71,45.7059,5.7397,12.5401,0.658,154003.2457,128552.07
300457.SZ,20260318,1.3373,0.65,51.4922,2.4629,1.8049,0.469,1593593.1872,1565229.3003
920339.BJ,20260318,0.5512,0.52,50.0339,3.2924,3.5972,1.1019,199284.439,136815.3072
688291.SH,20260318,1.126,0.62,112.6271,4.3856,16.5629,0.4005,419701.4696,419701.4696
920809.BJ,20260318,2.2413,0.52,,2.7364,1.226,,428320.75,328261.6108
000960.SZ,20260318,1.8667,0.64,30.2386,2.9179,1.2218,0.8565,5763948.1279,5763948.1279
300651.SZ,20260318,11.2707,1.01,101.2394,3.818,10.9453,0.8198,407813.5789,252506.5791
601872.SH,20260318,3.1566,1.36,28.8802,3.6185,5.6368,1.2542,14550318.3806,14550318.3806
002526.SZ,20260318,2.1353,0.84,57.7761,2.0344,3.016,0.2717,656068.1316,651759.0732
300442.SZ,20260318,3.7567,1.21,28.5202,10.4866,29.0769,0.6068,14204079.9929,14152198.5296
688278.SH,20260318,0.2866,0.59,27.1449,8.1506,7.6224,0.8954,2816915.6015,2816915.6015
920414.BJ,20260318,4.3569,0.65,,3.882,17.2899,,107500.5345,75592.5873
000686.SZ,20260318,0.6241,0.83,13.6599,1.0169,3.4401,1.986,2003427.6952,2003427.6952
000893.SZ,20260318,2.2175,0.83,31.3628,4.3123,11.4152,,5630243.8824,4946358.7809
600208.SH,20260318,0.5988,0.73,,0.699,8.5217,,2910057.7536,2909727.9073
601139.SH,20260318,1.2944,0.59,14.7438,1.3133,0.6961,2.2191,2074131.2899,2074131.2899
300410.SZ,20260318,3.3759,0.82,,13.7225,4.2329,,330403.3173,330403.3173
300301.SZ,20260318,2.2091,0.81,,16.1903,6.0731,,266387.8748,253550.4268
300285.SZ,20260318,3.2905,0.55,59.2172,5.1719,8.3045,0.547,3624270.5669,3058288.5188
300458.SZ,20260318,1.5887,0.96,120.126,10.1089,11.0931,0.5029,3148180.0349,2577023.6376
605090.SH,20260318,1.7706,0.71,20.7465,2.7366,1.3995,2.7607,2884033.5296,2878354.0712
688686.SH,20260318,0.4944,0.76,63.5243,3.8089,9.1775,0.2616,1164659.4152,1164659.4152
002057.SZ,20260318,2.2317,0.89,31.8724,2.3636,2.4569,1.2388,754637.5897,754178.3409
002233.SZ,20260318,0.6817,0.81,17.537,0.9256,2.7075,4.7518,1111920.5311,1111089.3492
688332.SH,20260318,0.816,0.93,10.6369,2.8497,8.1799,0.7986,1506392.1162,1506392.1162
301376.SZ,20260318,1.6555,1.0,21.5856,2.1244,0.8346,2.2659,707540.4581,340424.1725
300488.SZ,20260318,2.0661,0.42,36.9045,2.9084,7.9103,0.6272,541720.0552,455786.4742
301185.SZ,20260318,2.6782,1.14,43.0852,2.9288,15.0064,1.4684,313432.1568,285755.1516
600029.SH,20260318,0.9245,0.99,,2.9798,0.6227,,11035642.9005,8207448.54
000519.SZ,20260318,2.1185,0.64,,2.402,4.6519,,2453688.9263,2453688.9263
002379.SZ,20260318,1.4415,0.67,,6.1057,135.0101,,39875221.6981,3477303.6842
920009.BJ,20260318,1.9828,0.69,41.7706,5.9916,16.8062,,405676.36,52732.8
300649.SZ,20260318,1.9717,0.74,,4.0106,13.0442,0.3303,200478.746,160660.8564
920132.BJ,20260318,8.369,2.63,66.9731,4.6048,4.1294,0.6085,122496.696,41507.9886
688418.SH,20260318,3.5952,1.27,,9.3059,9.2851,,813543.3287,813543.3287
605008.SH,20260318,0.2715,0.72,1056.6764,4.043,2.0017,,813912.6416,813912.6416
603777.SH,20260318,1.8939,0.45,,2.888,1.2369,,457826.6833,457826.6833
000596.SZ,20260318,0.4668,0.69,12.4078,2.3544,2.8041,5.403,5870103.0,4537503.0
600195.SH,20260318,0.96,0.59,38.3815,1.4396,1.3103,0.2854,823045.4976,823045.4976
600456.SH,20260318,1.5474,0.7,41.004,2.3594,2.7606,1.0934,1704232.4816,1704232.4816
300680.SZ,20260318,2.6678,0.89,33.7887,4.7922,3.7037,0.478,949576.0453,733245.0438
603213.SH,20260318,0.5904,1.07,64.8023,3.2234,2.0942,1.924,598872.541,598872.541
301567.SZ,20260318,5.2482,0.96,113.3344,4.4735,8.3151,0.3874,334512.0,98680.3431
000895.SZ,20260318,0.285,0.87,19.2052,4.8837,1.644,4.9106,9877749.1183,9876468.8881
603882.SH,20260318,0.9139,0.99,,2.0108,2.1135,3.1575,1291100.8124,1282395.0661
000590.SZ,20260318,1.7707,1.3,,5.1061,8.4681,,297902.2561,297778.0552
301380.SZ,20260318,2.3198,1.22,60.4024,4.8312,3.191,0.696,351628.9576,280001.5134
600219.SH,20260318,2.3475,0.9,14.7355,1.5534,2.1175,5.9416,7533308.2227,7533308.2227
000731.SZ,20260318,6.9823,0.65,55.7111,1.0701,0.9499,3.5863,418205.3358,418205.3358
688046.SH,20260318,0.7275,1.23,43.187,2.7971,7.8614,0.9182,623610.0,623610.0
600052.SH,20260318,1.1897,0.9,,1.3082,5.2168,0.4738,352029.207,352029.207
601577.SH,20260318,0.3656,0.73,4.8764,0.5724,1.5265,6.2374,3997424.4315,3996559.5233
301035.SZ,20260318,0.3528,0.61,21.6235,2.9555,1.4967,0.9798,2158567.2481,2155290.6225
600125.SH,20260318,2.3236,1.1,16.1266,1.1266,0.7509,2.1212,861644.4368,861644.4368
002535.SZ,20260318,1.9166,1.36,114.0239,4.1976,1.9443,,297424.4205,276891.5779
002242.SZ,20260318,0.9415,0.84,54.5405,2.3264,0.9773,1.4191,806508.969,805122.9249
603217.SH,20260318,1.5695,1.51,25.0511,1.5107,2.3538,1.4152,507525.6564,507525.6564
600308.SH,20260318,1.1775,0.77,,0.6672,0.4749,0.1943,612815.5511,612815.5511
605188.SH,20260318,0.6922,0.99,1449.953,7.3396,3.1219,0.0572,866066.054,866066.054
920005.BJ,20260318,1.2754,0.4,52.8523,4.9401,7.0393,1.5617,318886.0,82603.0
000656.SZ,20260318,0.9167,0.98,,,1.2557,,1467503.2652,1050200.6663
002931.SZ,20260318,5.3109,0.59,627.6631,16.4644,30.6181,0.0698,1564501.929,1440975.2605
600391.SH,20260318,2.8548,0.52,312.4789,7.97,3.2409,,1399088.2573,1399088.2573
300065.SZ,20260318,7.6687,0.61,482.8422,10.3865,25.7202,,1826215.614,1662591.7968
600698.SH,20260318,0.9844,1.0,1927.0287,10.4423,16.3224,,804684.2122,625330.161
002836.SZ,20260318,1.2667,0.82,59.0246,8.907,7.8419,1.658,336384.0,336384.0
300673.SZ,20260318,1.1391,0.89,29.1161,2.2249,2.8805,2.0513,410527.7193,266319.4938
603009.SH,20260318,1.5651,0.55,163.9789,8.4233,7.434,0.1698,1693846.1954,1654819.8633
600662.SH,20260318,0.6052,1.09,11.2117,2.4581,0.4968,4.42,1239917.3546,1236123.8138
002562.SZ,20260318,4.9969,0.7,71.1437,2.1212,2.188,,780547.3693,479144.1588
300459.SZ,20260318,2.3121,0.94,,7.7367,16.6851,,1620788.8429,1515396.1823
002180.SZ,20260318,0.6181,1.03,,2.75,1.226,,2639007.2811,2533617.8067
300833.SZ,20260318,0.7696,0.45,26.0053,1.9092,4.3299,3.5607,461816.8155,296663.721
600218.SH,20260318,3.5076,1.08,49.4819,1.3798,1.0515,0.7782,447796.7167,447796.7167
601106.SH,20260318,0.9317,0.77,,5.9556,3.2905,,3140864.5806,3140864.5806
002598.SZ,20260318,1.433,0.88,96.2787,2.49,1.5073,1.0214,305494.155,275533.4518
688197.SH,20260318,4.7279,2.18,,8.9033,698.6769,,605585.1647,260627.8795
688478.SH,20260318,1.4419,0.8,,3.0218,20.0951,0.7504,456608.1168,341251.2378
600785.SH,20260318,2.4929,0.85,31.2815,1.8339,0.6888,1.8909,417643.4993,417643.4993
603123.SH,20260318,4.4733,0.63,,5.6278,4.5854,,1028772.8245,840131.4223
600633.SH,20260318,2.7625,1.26,29.0843,1.6296,5.3983,1.8307,1662445.6328,1662445.6328
003038.SZ,20260318,2.2364,0.47,98.8536,1.283,0.4495,,385039.3087,257898.0043
301301.SZ,20260318,3.0548,0.62,27.3101,3.2244,5.394,2.3529,2555677.41,707978.5811
688292.SH,20260318,2.7376,0.65,,4.0478,10.6792,0.4577,410598.3554,410598.3554
688127.SH,20260318,1.9072,0.58,58.9084,10.4634,14.9118,0.3521,2290480.7211,2290480.7211
603192.SH,20260318,2.1507,1.63,32.966,1.8971,1.6682,1.2878,411039.7973,342382.283
603893.SH,20260318,0.6803,0.74,68.6348,17.066,17.0453,0.5695,7019482.9875,7017515.3375
688257.SH,20260318,3.3141,0.86,76.8095,7.6773,7.2671,0.3503,1817341.2288,1817341.2288
300340.SZ,20260318,2.5436,0.6,,,1.6912,,325658.3931,323233.3393
000880.SZ,20260318,5.8837,0.67,58.1276,6.4229,2.3524,0.6519,1321505.3452,646799.3532
605286.SH,20260318,2.1181,0.49,39.3835,4.067,3.9107,0.3502,863520.0,863520.0
603291.SH,20260318,7.7425,1.79,62.4157,2.8657,4.3439,1.25,507864.7248,155931.6924
000779.SZ,20260318,2.109,0.87,21.2248,1.1149,2.1798,0.8439,440658.3205,440606.4554
301024.SZ,20260318,1.5312,0.84,,6.14,17.8672,,245501.685,237683.16
300063.SZ,20260318,5.7932,0.72,72.7246,5.3384,1.3367,,928437.2316,766902.6382
002864.SZ,20260318,3.8778,1.21,30.2247,2.1629,3.316,1.0177,364224.8499,254251.6249
300055.SZ,20260318,3.062,0.53,152.6777,1.639,3.2247,0.1482,846790.6013,640443.5361
603983.SH,20260318,0.3769,0.7,31.9442,3.4362,3.1938,2.7154,1107562.0,1107562.0
688517.SH,20260318,3.9,0.93,32.2618,3.1964,3.587,2.8468,262024.0869,262024.0869
300494.SZ,20260318,1.8763,0.78,,4.2274,4.9845,,608723.0043,494349.9524
300010.SZ,20260318,1.8813,0.86,116.4333,7.7075,14.0802,,1374297.4182,1106116.167
688286.SH,20260318,1.7897,0.73,105.4209,3.6808,6.3557,,394380.496,394380.496
603179.SH,20260318,1.2297,0.69,40.207,5.1316,2.4373,0.398,3673531.7715,3673531.7715
002414.SZ,20260318,1.1695,0.97,706.2603,8.6175,15.18,,5970489.079,4751260.1785
002021.SZ,20260318,3.4008,0.8,,6.6872,5.0003,,416026.1084,416012.3861
002755.SZ,20260318,0.736,1.18,53.6804,4.2979,7.5387,0.8086,1377389.9609,1377376.9388
300278.SZ,20260318,1.0851,0.86,611.083,4.2213,3.1103,,730979.3246,728683.1581
688069.SH,20260318,0.9062,0.68,29.323,2.2621,5.1262,1.4823,294365.0,294365.0
688695.SH,20260318,2.1079,1.18,,2.9037,14.3769,0.5263,226236.6655,142031.9715
688601.SH,20260318,4.4618,0.78,212.6659,6.0871,9.8833,0.6992,759508.2287,759508.2287
603315.SH,20260318,2.3559,0.51,105.6014,2.9445,4.2348,0.5318,500091.7381,500091.7381
688299.SH,20260318,1.9809,0.97,,2.6686,4.8039,,518456.7808,518456.7808
300975.SZ,20260318,14.5009,1.17,80.7427,5.625,1.5869,0.064,1281265.4515,917716.684
300941.SZ,20260318,2.3044,0.79,105.5572,3.5291,19.5434,0.5727,450040.5,233621.2416
920896.BJ,20260318,1.2487,1.1,29.736,4.1335,4.1241,1.6484,184228.1168,80630.8867
600426.SH,20260318,1.2502,0.57,24.8655,2.4946,2.462,1.4524,8025645.5824,8011545.7666
002942.SZ,20260318,1.7333,0.75,36.8467,2.5973,3.06,1.4641,319352.8986,281140.8169
002040.SZ,20260318,3.7055,0.75,29.162,1.5512,5.0275,0.8756,529422.4787,527391.8578
688185.SH,20260318,2.7352,2.01,647.1083,3.6411,16.8897,,1803666.7911,835036.5502
300129.SZ,20260318,12.5102,0.78,63.9622,2.7686,2.852,0.3518,1594530.9663,1033505.2475
600185.SH,20260318,0.8805,0.82,,21.4339,2.3,,1227138.7725,1227138.7725
600738.SH,20260318,0.8979,0.78,47.0969,1.8696,6.0824,0.2892,381428.9532,381093.7642
603999.SH,20260318,1.1495,0.82,60.9181,2.092,5.0173,0.4441,427968.0,427968.0
600751.SH,20260318,3.439,1.01,110.2902,1.5965,9.1153,,1209023.8555,1073019.8347
920270.BJ,20260318,1.7566,1.27,52.0343,4.5881,8.818,2.7871,187681.104,145544.2007
002622.SZ,20260318,2.3247,1.27,,6.5704,3.1775,,239400.0,239392.9463
002916.SZ,20260318,1.8092,1.19,55.0903,9.5968,7.6315,0.4263,18046146.6013,17612796.7589
600576.SH,20260318,1.3947,0.98,34.5487,2.2403,6.1377,,665420.0656,416706.1424
600775.SH,20260318,8.4094,0.56,,4.5694,5.8111,,1381723.8558,1015819.8558
300092.SZ,20260318,4.5484,0.37,56.1539,2.8133,4.4809,1.4269,456904.016,350056.915
600710.SH,20260318,1.4292,0.82,12.7762,2.0353,0.147,2.7849,1731443.0001,1731443.0001
688519.SH,20260318,2.9754,1.02,128.2053,10.7325,5.9067,0.0731,3087942.9893,3087942.9893
300818.SZ,20260318,1.9188,0.79,112.357,3.636,7.1984,0.1794,658550.7008,427200.3716
600798.SH,20260318,2.4604,0.65,,1.2117,1.7172,0.5102,472961.4068,472961.4068
300464.SZ,20260318,9.0645,1.69,,25.2216,2.4391,,350232.0422,271837.1464
601528.SH,20260318,1.1551,0.89,5.5069,0.5723,2.4997,3.5524,1104696.8654,976499.0309
601588.SH,20260318,1.7252,1.2,,0.8367,0.9275,,629632.74,497420.0
301201.SZ,20260318,1.3427,0.52,,3.1008,17.634,0.4588,660318.6008,463267.0895
603967.SH,20260318,0.8098,0.75,17.5737,1.9444,0.4895,4.5732,454826.7235,454826.7235
000159.SZ,20260318,4.5234,0.78,94.9797,1.5565,2.1939,,317252.7554,317244.0929
001396.SZ,20260318,10.1388,0.77,37.9795,3.6493,6.6924,,503831.0866,104662.2697
688030.SH,20260318,0.8868,0.67,,3.7007,3.3816,,308203.2317,308203.2317
002418.SZ,20260318,5.6119,0.72,,3.7238,1.8958,,536380.8,536379.5435
603660.SH,20260318,2.5806,1.18,,5.7066,4.1967,,559088.2507,554919.4078
301189.SZ,20260318,5.5052,3.12,,2.4882,6.3482,,522969.3172,502128.1234
600778.SH,20260318,1.856,0.92,350.0532,9.3183,1.4548,,214306.0502,214115.8388
688665.SH,20260318,0.397,0.85,36.0941,4.1176,4.6275,0.742,475199.2333,472198.4893
300881.SZ,20260318,4.5054,0.86,28.2508,4.768,1.7184,2.0965,521400.0,272105.625
002120.SZ,20260318,0.6849,0.75,16.1142,0.9785,0.3942,2.9038,1991751.1358,1933994.075
688680.SH,20260318,2.2414,0.79,,4.3182,3.5497,,412221.2092,412221.2092
600817.SH,20260318,0.4586,0.73,22.5731,2.6924,1.7372,3.1633,639965.2152,635093.2152
920810.BJ,20260318,0.9602,0.76,790.8512,5.0079,8.948,,114888.2,74764.2389
002542.SZ,20260318,1.0698,0.96,,11.2311,5.689,,586987.9399,571600.6673
603719.SH,20260318,0.6552,1.06,,2.0973,0.7284,2.3557,423857.0,423857.0
300730.SZ,20260318,9.9048,3.69,,13.0541,12.7775,,327225.5511,262333.9902
000100.SZ,20260318,1.9345,0.8,30.8078,1.5602,0.5348,1.0396,9505994.1383,8743317.8986
300272.SZ,20260318,17.1048,4.66,54.7177,3.6869,2.8966,1.9689,518526.1123,393872.2687
600239.SH,20260318,1.2408,0.91,,2.917,1.9812,,374125.0498,374125.0498
000759.SZ,20260318,2.4153,0.94,,3.2309,0.4448,,391515.9817,387522.2608
000539.SZ,20260318,1.0263,0.47,363.169,1.2568,0.5625,0.3565,2945409.3161,1433572.0503
002818.SZ,20260318,0.8039,0.7,14.4409,1.6284,7.0384,8.6739,897402.2691,357730.272
000548.SZ,20260318,1.5665,1.06,61.9723,1.3784,5.7533,0.8757,285052.2281,285028.3534
301211.SZ,20260318,0.7027,0.96,136.8105,2.2901,12.0113,1.3916,517406.4,517406.4
920368.BJ,20260318,3.0638,0.75,119.4458,2.2176,4.2773,0.3766,935130.4925,889651.5789
002339.SZ,20260318,7.8161,0.8,135.8973,3.6594,2.1538,0.1599,630619.4348,598970.7986
300522.SZ,20260318,1.2888,0.63,762.0037,4.8668,5.5111,0.3295,391456.1295,319410.2239
301096.SZ,20260318,2.0065,0.69,,2.2125,9.69,,572028.5233,433556.4564
920961.BJ,20260318,1.6415,0.63,938.423,4.744,17.5853,0.1986,359672.3991,255948.5863
688353.SH,20260318,3.5824,0.72,1302.0089,5.0561,19.8686,,1727544.5,1727544.5
002989.SZ,20260318,1.3345,0.76,,3.8877,19.2838,,581838.789,529087.7595
301153.SZ,20260318,0.8688,0.75,231.6087,4.5999,11.1318,0.814,773801.3219,722001.4075
002880.SZ,20260318,1.1286,0.46,29.0398,2.8575,5.8252,0.6831,664070.4,664070.4
603031.SH,20260318,4.8938,0.98,56.928,4.74,2.6945,0.6343,1286545.7171,1053488.8
002792.SZ,20260318,9.6477,1.45,1439.049,7.8392,18.723,0.0598,2182824.737,1407714.6165
603040.SH,20260318,1.734,1.24,43.8953,8.0079,14.6441,1.3712,1137632.805,1131698.9452
300617.SZ,20260318,8.4036,0.76,85.9529,3.6111,11.9285,0.3779,1041638.3759,873274.5291
600863.SH,20260318,0.8813,0.72,19.7061,1.7958,1.9586,3.5311,4066463.3816,3387454.7739
301159.SZ,20260318,5.5114,1.29,,6.3807,10.9285,,372208.2,255108.0597
688659.SH,20260318,1.2338,0.84,,3.3188,2.439,,170400.0,170400.0
301021.SZ,20260318,2.1266,0.53,192.287,8.2104,16.6124,0.183,828003.5526,827388.6256
300102.SZ,20260318,5.1549,1.1,223.1783,7.1247,9.1335,0.1371,3017774.7368,3004678.4928
300088.SZ,20260318,2.94,0.78,47.7605,1.9093,1.4663,0.8758,1668486.0308,1660316.4362
002261.SZ,20260318,17.4588,1.0,,18.8071,15.1308,,4903264.0968,4458878.6777
000719.SZ,20260318,1.2267,0.77,9.9126,1.0928,1.4301,4.5907,1337327.2999,871961.8387
300568.SZ,20260318,3.3047,0.49,152.883,2.0078,5.0598,0.338,1970120.3755,1781897.087
603068.SH,20260318,1.2629,0.88,278.613,3.0089,5.9299,,519567.9929,519567.9929
000882.SZ,20260318,2.385,1.24,,0.7415,4.0487,,500935.4063,500599.1107
001238.SZ,20260318,0.2092,0.78,,4.8,3.5305,,548559.0,513152.1153
002112.SZ,20260318,13.9281,0.58,86.2015,8.1602,3.6911,0.2582,710621.1773,633184.1928
600187.SH,20260318,1.6983,0.94,178.521,1.0349,17.6907,,329211.345,329211.345
002759.SZ,20260318,7.6421,0.7,,5.5441,7.1634,,1720745.1004,1719233.2632
000716.SZ,20260318,1.51,1.41,98.6737,1.6583,1.8011,0.892,422367.9521,414458.0131
603519.SH,20260318,1.0813,0.75,21.7978,3.0589,2.1237,7.2505,363803.8281,363803.8281
300925.SZ,20260318,1.867,0.95,80.9878,3.913,1.7797,0.3193,858704.0168,700140.8643
300153.SZ,20260318,4.1142,0.53,216.1032,11.4477,5.9528,,1040320.0,1034891.2136
688035.SH,20260318,2.6999,0.58,86.8799,3.9385,5.9103,0.5379,914460.96,914460.96
301025.SZ,20260318,2.5905,0.85,732.1426,7.2897,12.1986,0.2662,451148.6938,312348.884
002083.SZ,20260318,3.2106,0.66,33.577,2.2579,1.9968,1.3187,1031836.5231,1031494.8081
301311.SZ,20260318,1.1536,0.73,,2.4022,2.0531,0.3015,429840.0,429840.0
600335.SH,20260318,0.9377,1.26,22.1586,0.8087,0.2634,1.7628,933372.1438,933372.1438
301293.SZ,20260318,7.9805,0.46,186.134,6.6977,9.5231,0.1919,1565501.1012,1223187.2592
300537.SZ,20260318,2.4131,0.66,,5.3783,10.1142,,485643.8396,354850.1875
300658.SZ,20260318,12.2487,0.95,248.6037,6.771,5.265,0.2165,909111.5349,616104.2862
002733.SZ,20260318,11.0983,0.61,121.3644,3.7433,3.1097,0.3673,1028543.3221,987445.6058
688071.SH,20260318,1.9593,0.89,,2.8268,5.6121,,289896.0664,289896.0664
601665.SH,20260318,0.817,0.87,6.2147,0.7496,2.7033,3.9985,3550767.1369,3550767.1369
300523.SZ,20260318,0.7678,0.55,,5.0928,4.4187,,538090.8567,537445.118
603197.SH,20260318,0.6145,0.84,29.1537,2.3395,0.9129,2.409,734562.5437,734562.5437
000977.SZ,20260318,3.4699,1.14,36.9319,4.3938,0.6012,0.1849,9157420.4206,9147163.1297
300795.SZ,20260318,0.9641,0.72,30.9311,6.7412,5.1742,2.6393,376307.3823,218140.8868
600196.SH,20260318,0.4544,0.8,20.9564,1.4323,1.7394,1.2306,6879025.9412,5457227.2132
002329.SZ,20260318,2.7408,1.07,,3.6514,1.7638,,326302.3621,254952.4582
600757.SH,20260318,0.584,0.88,9.9801,1.1252,1.6094,4.4711,1112917.3003,1112776.8435
301598.SZ,20260318,2.2596,0.9,32.8506,3.984,6.79,3.125,376942.2272,112305.4272
002949.SZ,20260318,2.9004,1.11,34.1101,1.9856,2.2948,2.394,286616.1292,222051.9065
601816.SH,20260318,0.2695,0.85,19.1501,1.2342,5.8678,3.0665,25001022.1581,25001022.1581
688329.SH,20260318,1.3464,0.85,103.9355,2.4649,4.3386,,196319.6,196319.6
603050.SH,20260318,2.1984,0.63,39.9205,5.3719,2.0853,0.5545,982888.8733,982888.8733
603311.SH,20260318,4.7743,2.7,45.292,2.9898,4.8226,0.6889,410909.766,410909.766
603355.SH,20260318,0.3153,0.96,18.0658,3.2167,1.7876,,1757459.1385,1757459.1385
000615.SZ,20260318,0.7289,1.16,,,5.6139,,573785.1545,297026.5638
002420.SZ,20260318,2.3759,0.86,53.6792,5.3296,1.1138,,328209.42,318848.3613
600599.SH,20260318,0.7065,0.33,,8.4339,3.6259,,97774.0,97774.0
688720.SH,20260318,3.3351,0.82,118.6736,5.8155,10.0748,,598866.0045,383131.468
600284.SH,20260318,1.0286,0.55,20.7408,0.9242,0.5068,2.3841,732543.28,732543.28
000651.SZ,20260318,0.6411,0.9,6.8981,1.5742,1.2168,7.666,21856685.2014,21520136.9834
300931.SZ,20260318,2.9831,0.8,,4.8931,7.2272,,313390.53,241392.9466
002809.SZ,20260318,22.7995,0.76,1085.502,1.7256,3.6527,2.362,268747.7645,176680.4696
688103.SH,20260318,0.8581,0.73,82.0609,5.1596,4.3791,0.3455,579423.2345,579423.2345
600826.SH,20260318,0.8567,0.94,26.941,1.8106,4.4303,2.6356,769368.0923,769368.0923
002182.SZ,20260318,2.1771,0.72,191.3257,3.3203,1.8585,0.2778,1785224.7954,1557922.4298
001209.SZ,20260318,3.7744,0.83,106.6163,2.1241,1.4784,0.9424,272909.644,199396.3697
601200.SH,20260318,1.0172,0.55,19.805,1.0161,1.7979,1.1429,1177951.4696,1177951.4696
300866.SZ,20260318,1.1132,0.85,20.3585,5.3024,1.7908,2.2363,5243633.7779,3006667.2582
000729.SZ,20260318,0.8234,1.02,23.9147,2.362,2.4113,2.2222,3678193.84,3275036.7004
000538.SZ,20260318,0.2941,0.75,19.5109,2.5533,2.4883,3.8762,10145317.1607,10080107.3322
002134.SZ,20260318,1.4003,0.5,291.5845,10.2321,3.9736,,526118.7501,525793.2895
300727.SZ,20260318,2.9746,1.33,50.9896,4.7703,4.5503,0.6693,620209.4599,557348.0267
000993.SZ,20260318,10.5113,1.55,31.9984,2.4787,10.2807,,660365.9981,634115.9988
600315.SH,20260318,0.8968,0.68,,2.0819,2.3723,0.1789,1462091.5065,1462091.5065
301026.SZ,20260318,3.0747,0.7,34.8182,2.8975,1.7587,0.958,469124.0975,338812.3028
000810.SZ,20260318,0.8261,0.89,129.5086,2.0116,1.5208,0.4399,1297420.6131,1252763.7654
301078.SZ,20260318,1.6495,0.76,43.3218,2.7026,1.1352,0.7808,1122470.3282,1116242.4776
000066.SZ,20260318,2.3758,0.55,,4.6964,3.4982,,5209665.5271,5209327.5884
300930.SZ,20260318,2.2572,0.64,56.2293,3.463,4.6234,0.315,317500.0,149621.8782
605060.SH,20260318,2.3667,0.82,66.5401,6.0249,12.3771,0.5737,1457265.744,1447262.0028
300903.SZ,20260318,7.6117,0.6,,8.1656,4.4841,,1634876.5441,1233123.8333
002042.SZ,20260318,2.9802,1.19,,1.3434,0.7507,,773810.0165,773810.0165
002650.SZ,20260318,0.3932,0.6,,4.4233,5.7379,,730675.3238,730650.5738
300289.SZ,20260318,0.7596,0.83,,2.2747,11.0511,,376455.949,375864.289
600566.SH,20260318,0.4529,1.03,15.3335,1.8288,4.121,7.5891,2531854.0265,2523308.0213
601886.SH,20260318,1.1445,2.78,14.1996,1.3397,0.4366,6.6265,940391.7098,940391.7098
001234.SZ,20260318,1.6524,0.52,77.6275,3.3923,3.576,1.0597,309750.1847,259094.5355
600529.SH,20260318,0.8621,1.09,18.803,1.5633,2.8983,3.0706,1296701.9768,1296701.9768
300729.SZ,20260318,1.2531,1.49,18.8596,1.2403,0.6904,2.2673,451611.9987,420981.6447
601388.SH,20260318,3.52,0.69,217.9148,1.8461,1.119,,845269.4845,845269.4845
300264.SZ,20260318,6.842,0.85,,464.4808,27.3199,,451969.5364,388579.9717
688456.SH,20260318,1.4328,0.73,85.0488,4.7576,1.5455,0.3438,603093.88,603093.88
300796.SZ,20260318,1.8714,0.68,,2.0051,2.3508,,344891.4428,344891.4428
688506.SH,20260318,0.3965,0.89,,17.2269,45.28,,11411067.7434,10855872.0
605007.SH,20260318,1.9636,0.43,32.383,2.0384,0.8082,1.706,698847.3744,589881.4305
601678.SH,20260318,3.3484,0.54,48.2916,0.9394,0.7774,0.7487,1073668.5361,1066621.5361
002235.SZ,20260318,8.9706,0.75,3172.9429,8.7836,16.6515,,660132.8315,630525.686
002688.SZ,20260318,2.8924,0.63,39.3479,2.1019,1.7961,1.523,493846.0147,478376.7149
300506.SZ,20260318,0.6076,0.52,,,61.3486,,748438.1987,385715.6693
688129.SH,20260318,0.7176,0.44,29.4131,2.9952,4.4548,0.5645,295414.0176,295414.0176
300018.SZ,20260318,3.1985,0.69,52.5432,4.6694,10.4441,0.5206,646466.934,598483.9183
001221.SZ,20260318,6.8683,2.01,41.0919,10.52,8.1669,0.5272,2731268.28,245869.452
601858.SH,20260318,2.5774,0.78,35.1165,3.3663,6.1244,1.174,1845027.0,1845027.0
001313.SZ,20260318,0.7877,0.59,635.6902,2.048,0.8091,1.508,522200.0,521547.8848
000702.SZ,20260318,1.9499,0.94,,6.9023,2.1444,,242984.0885,186910.8378
001387.SZ,20260318,2.3339,0.8,27.4042,2.0577,1.3176,0.8535,257340.7424,160157.9282
301007.SZ,20260318,1.9798,1.17,105.1596,7.8759,8.4125,0.426,539910.14,538690.1135
300622.SZ,20260318,6.0515,1.17,55.0352,7.0071,4.3437,,594243.6493,406254.9486
002829.SZ,20260318,2.9533,0.79,,3.0036,11.2809,,516198.5347,362785.5769
300229.SZ,20260318,2.5975,0.8,,4.387,35.1475,,1739379.2756,1738203.1939
920455.BJ,20260318,1.4057,1.36,52.3864,4.2252,9.0098,2.1924,145686.45,76859.6071
300360.SZ,20260318,1.7234,0.59,14.7776,2.1885,5.1392,4.0416,890572.1022,866479.1353
601789.SH,20260318,25.115,0.66,36.0905,1.6128,0.4835,1.1105,978659.585,697724.6948
300115.SZ,20260318,1.6377,0.63,76.9169,5.5397,2.4477,0.3822,4612042.4846,4598434.8294
300859.SZ,20260318,3.2427,1.14,79.5393,6.8553,17.3224,0.8378,555055.0,555055.0
688551.SH,20260318,4.7675,1.0,55.8704,2.7988,7.0598,1.1476,362596.9679,362596.9679
688380.SH,20260318,5.7123,2.63,72.6947,6.5121,18.4422,0.4818,2069486.685,2069486.685
688722.SH,20260318,0.9475,0.51,36.9802,2.8341,4.1505,0.3701,405298.7268,404285.7808
601336.SH,20260318,0.8476,1.11,5.8897,2.2983,1.389,3.6685,22619832.3966,15121520.6543
601615.SH,20260318,2.8176,0.64,152.9728,1.7585,1.3967,1.4092,4640591.2407,4640591.2407
000727.SZ,20260318,2.3739,0.75,,5.4227,0.2365,,1254690.0535,1254690.0535
600114.SH,20260318,1.562,0.78,35.2459,5.8218,3.1734,0.9795,1887836.5962,1842986.5962
002285.SZ,20260318,11.0526,2.35,,2.4823,3.1852,,695497.3343,689545.9029
002882.SZ,20260318,1.2231,0.71,108.0896,6.0566,2.6898,1.0128,1282249.8,730835.4383
600611.SH,20260318,1.0325,1.3,146.8448,1.2469,5.7944,0.9346,1264805.7322,836374.2547
300657.SZ,20260318,8.3062,1.22,168.4291,12.4304,2.2364,,1560158.5905,1516078.6625
603409.SH,20260318,2.7574,0.6,30.8162,3.284,4.0022,1.2863,489878.61,140570.6652
600992.SH,20260318,1.4421,0.72,,2.3527,1.5666,,327685.33,327685.33
300012.SZ,20260318,1.2335,0.81,26.4377,3.4897,4.0821,0.962,2608383.7317,2219243.0164
601601.SH,20260318,0.4946,1.08,7.4923,1.3802,0.8946,2.649,39222132.112,27907234.012
002539.SZ,20260318,2.1985,0.45,22.3743,1.9583,0.882,0.6662,1812793.3668,1322684.5097
300261.SZ,20260318,2.1938,0.61,,3.4044,5.4266,,682986.4149,663746.8442
920982.BJ,20260318,0.8646,0.85,31.7608,10.9178,12.9636,1.4123,2068184.4212,986864.0517
001332.SZ,20260318,4.742,0.59,25.4084,2.4878,4.7352,1.4045,627583.2,272659.8857
002886.SZ,20260318,4.214,0.69,149.7898,3.4583,3.0807,0.1773,623529.2455,495306.1705
300437.SZ,20260318,19.3874,0.71,,3.207,5.0519,,446760.0427,316573.5877
603356.SH,20260318,2.5495,0.5,,6.4127,2.5852,,245878.96,245878.96
002869.SZ,20260318,7.067,1.5,233.1539,1.9666,7.3667,0.8247,420880.7636,374735.9263
601518.SH,20260318,0.8367,0.75,10.4085,1.0093,3.7275,2.8667,567165.9507,567165.9507
300308.SZ,20260318,3.4175,1.49,59.6787,21.4788,16.8527,0.1552,64444863.372,64119027.956
300425.SZ,20260318,1.3446,0.82,57.1523,1.5207,2.1424,0.4962,357485.823,355832.8513
603182.SH,20260318,1.3887,1.14,22.5956,2.3699,1.8421,2.5365,259495.35,259495.35
300003.SZ,20260318,2.1425,0.71,78.5639,2.202,5.3535,1.6387,3349451.5204,2868832.0136
002252.SZ,20260318,0.49,1.24,22.4995,1.2649,5.1664,0.7736,4108912.6141,4106749.0698
300946.SZ,20260318,0.8292,0.44,141.1424,6.2148,11.8784,0.4969,739008.9486,359084.9691
000812.SZ,20260318,1.1703,0.77,,1.8172,2.294,0.6588,326694.361,326468.4123
002612.SZ,20260318,1.6719,0.94,7.5117,2.2818,1.3333,2.2727,778703.86,448341.0395
301548.SZ,20260318,5.5662,0.54,50.7386,4.4433,11.3217,0.5564,670857.0,202297.9462
920953.BJ,20260318,1.5094,0.67,63.3978,7.1146,13.0832,0.3806,428163.6386,200138.1865
300047.SZ,20260318,3.3644,1.14,283.1813,2.5396,0.9457,0.1142,837358.7543,717740.6059
002802.SZ,20260318,1.9056,0.9,54.1762,4.0031,6.0588,0.7198,247944.3775,204766.6272
300942.SZ,20260318,0.9478,0.81,123.17,4.5502,15.2805,0.1819,384815.3258,384815.3258
000157.SZ,20260318,0.9992,0.87,17.7726,1.3509,1.5846,5.6561,7645305.1486,6250248.9489
300305.SZ,20260318,2.1742,0.93,,1.2355,2.6343,,253019.8507,216674.7546
601096.SH,20260318,3.2057,0.73,50.047,3.653,1.6909,0.639,1674647.0851,1028503.3147
688501.SH,20260318,1.4887,0.77,18.461,2.9628,1.6357,0.8842,334043.714,334043.714
688141.SH,20260318,1.4868,0.55,,14.0965,8.2537,,2194417.2007,2194417.2007
300203.SZ,20260318,0.918,0.7,239.4227,2.2597,1.9164,1.7434,643489.7184,642960.4649
603825.SH,20260318,0.5812,1.02,,14.0375,1.9308,,230789.5989,230789.5989
600668.SH,20260318,1.0701,1.05,6.5799,0.783,1.6296,0.761,452126.1504,452126.1504
000036.SZ,20260318,2.7137,1.24,181.1868,1.381,16.826,,701909.3625,700575.4915
600872.SH,20260318,1.6562,0.96,21.2518,2.6016,3.131,2.198,1480724.5517,1466419.0809
601008.SH,20260318,0.9055,0.63,41.4555,1.5437,2.4812,1.1696,636447.2971,636447.2971
603383.SH,20260318,1.0855,1.13,33.7555,4.663,10.5396,2.483,661731.3281,661722.6287
300565.SZ,20260318,6.5331,0.8,,5.8671,5.1568,,330109.4971,301687.2017
920375.BJ,20260318,21.695,0.72,203.5042,2.4196,2.6592,,188342.1783,112499.7538
688277.SH,20260318,1.3141,0.73,,9.0991,38.1204,,1079789.1365,1079789.1365
600615.SH,20260318,1.2398,0.73,304.2735,3.8091,5.0369,,280000.141,279555.1681
002482.SZ,20260318,2.0544,1.21,,13.9132,4.5188,,667671.3006,666353.6446
300541.SZ,20260318,5.4312,1.33,74.2411,3.9587,2.2921,0.1135,682050.5643,613113.474
688663.SH,20260318,1.8923,0.51,85.5456,5.9501,4.0551,1.0209,814469.2722,814469.2722
600141.SH,20260318,2.5967,0.74,25.9743,1.699,1.3841,2.6457,4170037.3038,4170037.3038
600280.SH,20260318,1.4299,0.95,,6.2085,1.8004,,382505.4931,382505.4931
688400.SH,20260318,2.0727,0.66,132.3651,4.5231,7.2833,0.0534,2129220.645,2048119.6247
920037.BJ,20260318,2.822,0.5,38.335,8.9408,9.5691,0.7882,761245.7833,246063.7355
301559.SZ,20260318,2.7024,0.62,47.7207,2.3401,3.8814,2.4775,1065600.0,159840.0
300271.SZ,20260318,1.5058,0.86,,1.6624,3.8045,,607271.7834,596337.393
603728.SH,20260318,0.926,1.0,311.0101,8.4428,9.5192,0.0402,2502822.9375,2502822.9375
600613.SH,20260318,3.4037,2.2,52.177,1.3941,1.7269,2.4631,325249.6215,291905.8666
300518.SZ,20260318,2.8231,0.47,,5.6524,25.7458,,424946.0685,424908.0301
600018.SH,20260318,0.2233,0.83,8.9819,0.8667,3.0517,3.7719,12035739.5806,12018553.387
301557.SZ,20260318,8.7217,1.01,53.867,4.8498,4.2276,0.9939,490399.5162,196622.8429
600199.SH,20260318,1.5188,0.62,,2.8017,7.7553,,579519.0019,579519.0019
000597.SZ,20260318,0.7158,0.83,20.3063,1.4181,1.1109,1.8762,760638.0452,751165.4211
002857.SZ,20260318,11.6813,1.13,299.9725,6.2036,4.0052,0.0592,323188.516,316672.0
002275.SZ,20260318,0.2877,0.88,15.8555,2.6509,3.9828,3.8979,829059.2946,788807.2969
600869.SH,20260318,2.2832,0.65,,6.5746,0.9974,,2800823.1655,2800823.1655
002234.SZ,20260318,1.875,0.83,,1.7719,1.5055,,320345.4746,276693.1306
600570.SH,20260318,1.0447,0.82,49.5077,5.7771,8.8602,0.3624,5212648.2561,5212648.2561
600628.SH,20260318,3.6464,0.4,74.6334,1.2138,4.6667,0.5019,515559.681,515559.681
300021.SZ,20260318,2.6405,0.74,76.5939,1.8925,1.0466,1.1075,477445.608,407569.2115
603167.SH,20260318,1.8024,1.14,15.4274,1.2697,2.4295,8.4211,445687.2779,445687.2779
600159.SH,20260318,3.1493,1.41,,1.5424,3.7894,,264771.031,264771.031
688618.SH,20260318,1.1053,0.72,96.6861,4.1322,9.8505,0.4994,353585.6867,353143.5442
000818.SZ,20260318,11.1874,1.53,,6.8923,3.7754,,1591920.0941,1587605.9909
603155.SH,20260318,1.6028,0.29,55.941,2.4256,8.5716,3.2974,526732.3824,526732.3824
301327.SZ,20260318,3.4994,0.45,46.7028,1.6767,2.3549,1.3711,1039661.6445,454801.3685
002080.SZ,20260318,2.0648,0.85,41.8843,3.765,2.5578,0.5112,7385421.8932,7385421.8932
300715.SZ,20260318,2.7837,1.17,,2.888,2.2494,,536838.7106,474505.6039
603968.SH,20260318,2.8365,0.63,,1.5704,1.0329,,283613.76,283613.76
688081.SH,20260318,1.2506,0.92,,10.2117,27.6061,,404225.92,404225.92
600876.SH,20260318,1.6727,0.8,,2.0176,1.9299,,690226.5354,422976.5354
300990.SZ,20260318,4.7941,0.78,55.2436,7.2462,5.0857,0.5824,1458281.1534,659324.3988
603633.SH,20260318,3.4458,2.03,219.0375,1.8202,2.263,0.3236,352972.5465,352972.5465
001323.SZ,20260318,0.3393,1.34,16.5923,2.675,2.1532,1.6484,1181244.2743,845038.4259
000404.SZ,20260318,1.1732,0.47,11.1264,1.1883,0.4345,4.1322,505293.0808,502914.4093
002052.SZ,20260318,1.8445,0.88,28.6161,27.1504,8.8684,,903680.0725,827953.9732
002034.SZ,20260318,0.9458,0.49,13.1672,1.1517,2.3943,2.6922,789855.0096,785935.1154
300814.SZ,20260318,4.3908,0.87,486.3072,10.2889,9.5823,0.1132,1691285.2162,1691285.2162
001280.SZ,20260318,5.594,0.62,102.4138,10.6503,8.7949,,17474068.1803,1335679.2513
000065.SZ,20260318,1.848,0.5,19.2916,1.3455,1.0073,1.0576,1498260.3851,1257701.3515
920249.BJ,20260318,13.8412,1.56,82.3475,5.3087,1.6646,,404764.8,119682.793
300824.SZ,20260318,1.1706,1.0,31.8512,4.7051,3.7071,1.8884,352122.6749,341498.4363
000766.SZ,20260318,2.0055,1.59,356.6529,8.9081,16.4492,,2049935.2735,2048902.2914
000591.SZ,20260318,4.1228,0.56,22.2906,0.9802,4.4018,1.9743,2362514.3808,2361972.0859
002993.SZ,20260318,4.5006,1.39,27.0753,2.9597,2.0038,2.893,1415809.16,1222994.3194
603259.SH,20260318,0.9414,0.81,18.6056,3.9318,6.2832,1.8131,27895145.6421,23122697.0199
000541.SZ,20260318,0.7701,0.71,27.8594,1.3962,1.0777,1.9672,936824.7203,750625.2557
688152.SH,20260318,1.1237,0.98,,3.2294,12.6555,,392914.8017,392914.8017
600222.SH,20260318,2.4583,0.78,90.1989,2.672,2.3692,0.1828,423528.0769,423528.0769
601318.SH,20260318,0.4601,0.73,7.9888,1.1563,1.0315,4.1525,112068196.3071,65975142.7987
300531.SZ,20260318,8.7085,0.73,,4.3517,4.1812,0.26,611334.3494,587876.6372
300696.SZ,20260318,1.1686,0.51,218.4435,4.6688,19.5541,,883563.0908,801382.336
600479.SH,20260318,1.5121,1.07,18.9129,1.7965,1.4978,2.7676,544384.2777,462868.8714
688218.SH,20260318,3.6744,0.87,,3.1531,5.2582,0.8179,270572.2102,270572.2102
920122.BJ,20260318,1.9443,1.13,123.3428,7.8299,13.6897,0.9411,265657.271,107640.3974
603309.SH,20260318,1.3715,0.8,18.6609,2.429,2.7798,4.4924,455903.1549,455903.1549
002381.SZ,20260318,1.7115,1.09,42.7235,1.3612,1.0545,2.849,288927.6009,224918.402
603912.SH,20260318,8.4444,1.13,,3.1676,6.6492,0.7812,554847.146,554847.146
688276.SH,20260318,0.3563,1.07,,2.0341,13.2036,0.8947,781399.2026,781399.2026
002901.SZ,20260318,0.4096,0.89,33.8662,5.497,7.388,1.1085,1834106.4116,1277950.4431
002544.SZ,20260318,3.1761,1.92,1818.9931,5.1108,4.0586,0.0296,1909578.0953,1909396.1431
603330.SH,20260318,1.4667,0.8,,2.0751,3.1474,,316717.1111,316717.1111
601375.SH,20260318,1.0976,1.07,41.8923,1.3844,10.7669,0.5869,1977868.8822,1468643.3922
301575.SZ,20260318,7.5224,1.51,34.1179,3.1823,3.9381,,436903.47,87756.43
688082.SH,20260318,0.4486,0.93,53.6119,5.5561,11.0281,0.3852,7483848.4014,6801415.7187
920015.BJ,20260318,2.8251,0.83,31.1941,3.6229,5.8847,,607474.2348,169136.7476
002462.SZ,20260318,0.9594,0.64,39.0763,1.0001,0.2229,1.1394,435227.023,434873.8651
603659.SH,20260318,2.7287,0.76,27.3406,3.1565,4.1052,0.5547,6449788.8104,6449788.8104
300499.SZ,20260318,27.4045,1.6,8090.4826,9.1288,13.7756,,1263729.055,1123611.053
688026.SH,20260318,1.5758,1.69,50.7739,2.2538,4.3299,0.4104,244795.4177,244717.2481
301181.SZ,20260318,1.2545,0.48,40.1477,3.4542,8.9739,1.6344,494861.9874,386246.1781
920679.BJ,20260318,1.0327,1.18,53.0915,2.0509,9.2124,1.9459,103322.5,68773.75
300943.SZ,20260318,14.0412,1.0,119.1701,6.6239,12.921,0.3729,655892.76,432307.0436
688179.SH,20260318,2.4746,0.54,55.9263,5.8019,8.4281,0.878,578556.5451,578556.5451
300858.SZ,20260318,1.3927,0.95,43.6343,2.3748,12.3401,0.9113,433712.9642,322188.2902
002605.SZ,20260318,1.3277,1.01,19.1842,2.6322,3.7409,2.1484,968951.125,782415.2301
300887.SZ,20260318,10.7855,1.21,,2.3466,4.9872,,673439.7208,446951.3695
600076.SH,20260318,1.4086,0.92,,1.2559,12.3934,,478657.4387,478657.4387
300277.SZ,20260318,5.5764,0.87,3548.863,2.7425,141.8299,0.0213,3146954.8874,1587094.5555
002204.SZ,20260318,2.4087,0.93,22.5194,1.6917,0.8547,0.7216,1324919.842,1324919.842
300366.SZ,20260318,1.0232,0.83,,2.3134,2.5903,,379127.5176,331033.5538
601390.SH,20260318,1.0973,0.57,5.6822,0.4497,0.1267,4.5611,14095832.7215,11693413.0315
603225.SH,20260318,1.5867,0.69,23.4545,1.4338,0.4134,1.1722,2870191.8576,2854881.6585
300551.SZ,20260318,6.2368,1.56,,13.7358,31.6168,,601231.0994,599480.8129
000890.SZ,20260318,28.6703,1.29,,,23.0543,,570525.3965,570507.8226
920433.BJ,20260318,0.8531,1.45,,3.7115,10.5895,1.087,141267.6639,93462.6506
003015.SZ,20260318,2.0284,0.72,53.7198,4.3406,7.3884,1.1679,473035.2006,416377.0476
301082.SZ,20260318,3.4182,0.64,,4.1184,1.802,0.5311,426140.1746,393982.9352
603307.SH,20260318,0.8585,1.21,22.6862,1.9569,3.1324,2.4796,273737.617,269407.0
920729.BJ,20260318,3.0422,1.66,57.5538,3.4586,9.8016,1.5222,233440.9,65608.585
688028.SH,20260318,2.4066,0.63,156.2503,7.4204,19.537,0.3488,1472507.495,1472507.495
300006.SZ,20260318,1.4237,0.82,,2.8484,6.7927,,523731.9577,523687.1654
300694.SZ,20260318,1.8511,0.94,89.3208,2.0073,2.0067,0.6151,280020.785,280020.785
002822.SZ,20260318,0.6983,0.69,,4.7429,6.246,,655516.5792,359718.3636
688165.SH,20260318,1.0197,0.83,,8.1877,10.7644,,997121.58,997121.58
600791.SH,20260318,7.4015,2.05,,10.675,1.0473,,421178.4,420651.7373
301446.SZ,20260318,2.9665,0.76,47.7863,3.5423,7.7871,0.4975,418080.0,127723.44
920045.BJ,20260318,4.5824,0.85,78.8834,23.8028,10.7464,,2380938.5344,704000.7917
000544.SZ,20260318,0.544,0.62,8.1781,0.9561,1.6507,2.9213,867469.1943,867469.1943
000681.SZ,20260318,3.0237,0.78,140.0935,4.3186,19.2592,0.1072,1565790.5695,1511448.7951
600210.SH,20260318,1.3095,0.9,8.8673,1.6582,0.981,4.1152,1105700.6592,1105700.6592
920363.BJ,20260318,1.1856,0.71,330.5891,4.6901,8.4951,,165033.05,88333.8665
600137.SH,20260318,4.8415,1.59,82.6867,4.1848,5.9402,0.7962,227100.2856,227100.2856
300250.SZ,20260318,4.8238,1.27,,9.3476,20.6722,,486066.3152,357827.6509
600909.SH,20260318,1.1471,0.88,14.6853,1.2274,6.102,2.1197,3089888.706,3089888.706
688610.SH,20260318,2.9737,1.19,81.1859,3.4319,11.8175,0.2614,520336.0,313216.0103
603017.SH,20260318,10.7921,1.44,93.8778,2.6807,3.2031,1.4268,382247.3655,382247.3655
300194.SZ,20260318,1.2286,1.0,34.9932,1.1356,2.9542,1.6471,505627.7624,411546.2918
300350.SZ,20260318,3.7564,0.61,,3.9479,9.442,,364745.9691,306045.9556
000639.SZ,20260318,9.5692,1.3,,1.1299,0.7033,,328146.1409,328145.7387
300152.SZ,20260318,2.7402,0.49,,7.5668,11.4592,,178200.0,178154.6063
600302.SH,20260318,6.2033,1.15,,6.9443,11.4263,,412097.6766,412097.6766
300448.SZ,20260318,6.8971,0.5,,4.6528,20.7623,0.3859,570980.4147,392075.0719
002383.SZ,20260318,2.3795,0.42,,4.5312,6.0691,,767013.276,767013.276
603681.SH,20260318,2.2792,0.36,23.2272,1.3197,0.5139,0.8087,343463.4439,343463.4439
300426.SZ,20260318,1.2659,0.57,,25.5409,15.4281,,376069.6464,334000.0
688045.SH,20260318,1.8652,0.76,269.5097,2.3131,4.7615,,325444.2365,325444.2365
920946.BJ,20260318,0.3315,0.9,33.42,3.4751,7.9577,1.3592,439725.8902,439590.7027
300787.SZ,20260318,3.6338,1.3,34.9895,2.6364,1.2947,1.3144,397433.0694,242135.8345
002296.SZ,20260318,5.141,1.07,15.8057,1.9916,3.4783,1.6287,478404.7558,426626.1652
300406.SZ,20260318,0.7694,1.0,16.9491,1.9739,5.1053,7.179,731713.1677,529671.5486
300625.SZ,20260318,2.4981,1.36,,1.8397,1.9073,2.2918,365644.279,212021.0286
688448.SH,20260318,2.5685,0.74,401.8718,3.9563,10.8975,0.5346,401252.88,268644.88
688595.SH,20260318,1.7391,1.04,,7.2833,5.8177,,493662.9332,493662.9332
600618.SH,20260318,1.7611,0.47,20.1679,1.7652,2.0355,1.5173,1600457.5668,1037778.5268
688778.SH,20260318,0.5692,0.49,49.7137,4.083,1.8733,0.7156,3752882.8932,3752882.8932
300608.SZ,20260318,5.4895,1.94,,3.1103,5.2623,,415374.5512,360621.0815
300889.SZ,20260318,4.1038,0.99,,4.3429,5.2498,,618617.8677,411144.844
603108.SH,20260318,1.8735,1.05,,2.135,1.1904,0.2055,881375.3652,881375.3652
002850.SZ,20260318,2.2056,0.9,25.957,3.3718,3.0317,1.2851,4256671.6752,3069637.0871
002777.SZ,20260318,1.3645,1.07,77.5013,4.5589,5.5477,0.8126,753594.4961,746728.2124
600211.SH,20260318,1.101,0.75,15.1584,3.743,4.7685,3.6477,1421749.9736,1421749.9736
688345.SH,20260318,2.2387,0.8,71.8808,3.5811,1.4685,,401664.6645,397100.0
002388.SZ,20260318,2.5972,0.85,,2.733,1.3405,,267605.5424,265261.1114
688788.SH,20260318,0.9647,0.86,,5.1489,33.1705,,944227.0618,944227.0618
002256.SZ,20260318,19.439,2.13,196.4011,7.0331,16.8245,,835462.862,817508.1962
002896.SZ,20260318,1.2257,0.67,202.0493,12.3109,14.7193,0.2671,1471365.2303,1471365.2303
000767.SZ,20260318,4.7522,0.78,17.4661,1.8199,0.7145,,1141545.5632,1080443.4278
600123.SH,20260318,3.3913,0.56,471.4289,0.6384,1.1013,2.1898,1009169.4144,1009169.4144
000631.SZ,20260318,0.6916,0.8,95.5734,1.6599,20.4589,,910800.0337,910800.0337
300602.SZ,20260318,5.9519,0.88,53.0906,4.9662,3.1668,0.1118,1971353.3042,1339628.3217
002097.SZ,20260318,1.4554,1.03,84.6468,2.4313,1.6277,0.1883,1141243.5344,1139206.4856
603669.SH,20260318,1.0116,1.19,,4.9271,7.7215,,332494.4687,332494.4687
300826.SZ,20260318,1.2166,0.82,192.4198,2.025,4.3297,0.1635,299239.9825,287776.6457
688598.SH,20260318,1.492,0.74,,1.3695,6.4553,,531179.6038,520950.0013
688266.SH,20260318,1.0849,1.02,,21.009,27.9875,,2274637.4423,2274637.4423
603195.SH,20260318,0.1615,1.11,19.5769,4.9891,4.7528,3.9725,7806553.3851,7775268.551
603200.SH,20260318,2.9087,1.25,98.7368,10.3703,23.0041,0.1403,1125704.8607,1125704.8607
920237.BJ,20260318,0.8241,0.51,43.7749,3.4656,5.191,1.1005,181165.7016,177736.9493
601366.SH,20260318,1.8893,1.36,270.2011,1.0112,0.5713,0.4157,409613.6758,409613.6758
600588.SH,20260318,0.8602,0.75,,6.0468,4.9779,,4479683.6032,4479683.6032
002855.SZ,20260318,1.0796,0.55,,9.3808,1.8686,,306792.5041,306552.9038
002865.SZ,20260318,6.6292,1.04,,5.3191,3.5872,,2665993.7354,1925975.5085
002012.SZ,20260318,2.4998,0.75,690.2516,2.1737,5.5707,0.0558,335287.462,334689.4144
000785.SZ,20260318,1.0678,1.23,40.4335,0.8548,1.3936,,1762254.8144,1669018.9503
001328.SZ,20260318,2.7948,0.99,33.9211,4.1582,3.5011,2.1252,607601.3402,162444.1048
603823.SH,20260318,0.7395,0.46,41.2996,2.8496,3.0779,0.902,692419.4918,692419.4918
002371.SZ,20260318,0.9113,1.01,53.2991,9.3001,9.112,0.169,33519884.3269,33493092.1937
601669.SH,20260318,5.7717,0.5,9.8851,0.7343,0.1632,2.071,10559635.6717,8012845.3461
920212.BJ,20260318,1.3453,1.26,128.3794,3.1748,2.6986,0.4728,134640.9,65395.0762
600493.SH,20260318,2.2649,1.09,327.3936,1.8442,2.3309,0.7703,207264.0,207264.0
920489.BJ,20260318,2.8196,1.16,,4.4879,4.0015,1.1407,215332.6176,137010.6848
301371.SZ,20260318,1.3909,0.88,26.4647,2.2378,6.7668,3.1998,1250330.016,187005.7176
001278.SZ,20260318,10.091,1.25,,2.225,1.2953,0.4413,280379.8844,193314.445
300797.SZ,20260318,0.7304,0.87,38.2753,4.7847,5.1206,0.7591,605093.3,598395.6386
600537.SH,20260318,11.5057,0.81,,19.0089,1.8383,,427321.1215,427321.1215
301631.SZ,20260318,2.1125,0.66,31.2641,3.3847,1.8034,0.926,846133.3525,284210.0895
301333.SZ,20260318,1.7197,1.29,38.8378,3.0604,7.4468,0.2602,587890.1053,587053.021
688368.SH,20260318,2.2307,1.57,320.226,9.7263,7.263,0.3811,1140151.6967,1140151.6967
301200.SZ,20260318,1.308,1.41,129.5104,7.3485,15.583,0.2499,7639269.1729,6657479.4363
002372.SZ,20260318,0.4965,0.55,21.1038,3.9124,3.1266,5.1468,1832435.7242,1692957.6835
300002.SZ,20260318,1.4456,0.73,25.6299,2.6769,3.5129,0.9593,2045860.8206,1920933.5184
002063.SZ,20260318,4.5073,0.57,44.4049,3.3829,5.1559,0.4275,1337045.8857,1234605.9495
920100.BJ,20260318,2.4705,1.05,71.732,9.3771,7.8387,0.8548,431710.5957,100018.7072
300311.SZ,20260318,2.1363,0.93,,6.278,8.8222,,371170.2127,296112.4102
003009.SZ,20260318,2.4257,0.83,,4.9975,13.9866,0.0873,1014824.0123,1014638.4738
002689.SZ,20260318,0.8457,0.97,58.639,3.276,3.0516,,399588.0077,399435.1137
600578.SH,20260318,0.6827,0.61,10.3951,1.5214,0.9882,2.2222,3615095.3481,3615095.3481
300685.SZ,20260318,3.7651,1.16,24.6374,4.3299,7.3621,1.3321,881739.3963,877373.2615
600621.SH,20260318,0.9197,0.86,28.8868,1.838,8.103,0.7578,1638028.5068,1638028.5068
688090.SH,20260318,1.42,0.45,552.1837,7.2952,6.961,0.1428,657739.094,657739.094
301636.SZ,20260318,22.9756,0.93,59.3868,4.6625,5.8221,0.6346,503214.5774,125803.6463
300404.SZ,20260318,2.2526,1.06,531.4223,3.8573,5.1149,0.1163,393941.0258,291410.852
601155.SH,20260318,0.4901,0.61,127.1723,0.5586,0.4812,,3455614.2154,3455614.2154
603366.SH,20260318,6.1087,0.83,43.699,1.9119,1.7272,0.5527,794347.9947,794347.9947
300480.SZ,20260318,9.837,1.31,,8.673,17.0371,0.1581,1111413.2463,779721.7491
603616.SH,20260318,6.7859,0.95,,10.9126,2.9273,,273922.6,269005.1
688789.SH,20260318,1.2443,1.35,25.1894,3.7271,5.773,1.2123,1332272.8868,1332272.8868
301259.SZ,20260318,2.2889,0.8,,6.3614,19.5848,,526344.0,333590.8822
300452.SZ,20260318,1.9026,0.93,27.8132,3.8628,3.8552,1.9366,360355.7888,305294.227
000571.SZ,20260318,1.6213,0.58,,41.2195,9.0885,,584872.913,567352.6331
600581.SH,20260318,3.3625,1.06,,,0.2366,,436875.893,436875.893
000721.SZ,20260318,1.6214,1.03,,21.7514,8.0881,,473479.3041,422697.2541
002165.SZ,20260318,27.9307,0.93,175.0305,4.2692,3.1167,0.337,872765.2965,863696.2118
300842.SZ,20260318,5.4246,1.21,150.1144,7.788,0.875,0.2912,1449455.9959,1293442.6239
300154.SZ,20260318,1.5366,1.12,37.9747,2.2127,4.4972,2.2753,395159.0217,276960.7267
300719.SZ,20260318,4.6013,0.43,498.6606,4.3763,6.3595,0.224,454049.6899,320801.5558
301308.SZ,20260318,8.8524,1.43,230.1421,20.007,7.1954,,15059889.4433,9858981.7376
688549.SH,20260318,4.2322,1.16,,4.8409,11.9998,0.0508,1453639.584,579889.896
600228.SH,20260318,0.7563,0.55,,5.8024,6.5361,,239586.6455,239221.3768
605598.SH,20260318,1.3255,1.01,191.2745,6.6149,8.1109,0.2319,1202134.3362,1194427.6162
001201.SZ,20260318,1.8254,1.06,166.8093,1.1193,1.8511,,380231.4015,299623.6102
600376.SH,20260318,2.2138,0.51,,2.1005,0.4159,,1369749.1435,1369749.1435
600463.SH,20260318,1.082,0.89,,3.4782,5.4062,,319800.0,319800.0
002249.SZ,20260318,1.962,1.14,22.9799,2.5524,1.9594,2.2924,2439422.0611,1832880.9104
300898.SZ,20260318,1.6073,0.74,31.9803,3.1356,3.9342,2.4203,307396.0,284427.294
603402.SH,20260318,5.6546,1.22,28.6955,3.7421,10.2005,,1078026.676,269506.676
688726.SH,20260318,4.3467,0.67,41.3129,6.2214,4.6322,0.593,2528830.0932,1372108.7933
300690.SZ,20260318,27.9628,0.95,39.0801,4.1096,6.2436,0.5342,649986.6006,435481.6008
300851.SZ,20260318,2.7054,1.51,52.8569,2.1467,8.0059,1.356,275665.8114,171582.8893
601061.SH,20260318,2.2871,0.85,22.1493,2.7349,0.455,2.23,6306300.0,644985.0011
301206.SZ,20260318,0.94,0.79,60.3148,1.3071,8.1734,5.4535,550932.8811,354760.9412
688085.SH,20260318,0.5219,0.65,106.4306,3.2001,12.4098,0.0173,673594.246,643857.6886
603726.SH,20260318,1.0985,0.81,21.8916,3.3503,2.3994,1.5755,470811.4432,468414.9232
920799.BJ,20260318,1.6747,0.9,129.4845,20.3038,17.5911,0.6177,845413.6015,486439.4211
603066.SH,20260318,0.8211,1.06,471.8726,2.1628,2.5247,0.4929,310359.9781,310359.9781
301302.SZ,20260318,4.2757,0.42,,2.792,17.3117,,438448.245,390978.87
300397.SZ,20260318,2.5455,0.57,,4.6688,17.0917,,671892.495,526346.0196
603297.SH,20260318,0.7248,0.72,57.7527,6.3394,13.8442,0.7443,1266897.114,1264526.322
600133.SH,20260318,1.5465,0.69,25.9607,1.1398,2.6519,1.7591,1000133.0028,1000133.0028
300011.SZ,20260318,2.6454,0.64,635.2931,3.3364,3.1976,,521383.1882,436747.4194
300872.SZ,20260318,3.0595,0.85,173.4741,2.3799,4.6139,0.2626,867391.1645,749968.0885
301110.SZ,20260318,2.1337,0.75,57.0293,3.8295,4.0884,0.6628,558450.7347,394487.3284
301036.SZ,20260318,1.741,1.0,41.11,1.8143,1.9808,0.6653,300600.0,211723.5068
001219.SZ,20260318,1.6011,0.94,27.993,2.7835,5.237,2.6882,290135.82,282901.6416
603950.SH,20260318,2.2761,0.71,40.6602,4.9039,6.1822,0.2798,1420341.1656,1418044.9976
301088.SZ,20260318,0.7541,0.8,40.2064,1.3631,5.2809,3.8503,337975.7,278581.55
688097.SH,20260318,1.9607,0.39,45.047,5.3892,4.0541,0.3919,2663807.2705,2654032.2745
000951.SZ,20260318,0.6807,0.33,16.1878,1.7022,0.4984,3.2578,2583537.7226,2583537.7226
300529.SZ,20260318,0.5308,0.85,31.3447,4.5621,7.4113,4.1021,1510162.575,969075.4752
600449.SH,20260318,1.7482,0.87,22.3848,0.8821,1.103,1.5362,653673.4844,653673.4844
920526.BJ,20260318,1.9741,1.34,126.746,7.9798,15.9335,0.4527,182684.3,115679.7766
301365.SZ,20260318,7.0058,1.92,86.7795,2.9858,7.6877,2.5108,501840.0,282653.9974
600608.SH,20260318,1.5489,1.58,,24.017,121.6181,,93396.6492,90417.4892
688102.SH,20260318,1.8487,0.88,193.0671,16.5188,19.0383,0.2018,2978533.7094,2818269.4555
300081.SZ,20260318,2.8258,1.12,,2.9831,8.5521,,316912.7985,316864.8132
603051.SH,20260318,2.4588,0.87,,2.0436,2.2106,1.1591,359794.8265,359794.8265
000966.SZ,20260318,2.3725,0.68,113.8796,1.2234,1.127,1.4845,1688301.9828,1581838.5677
600101.SH,20260318,4.431,0.62,31.581,1.8845,1.924,1.5094,580734.2193,580734.2193
605296.SH,20260318,0.5646,0.7,23.6646,3.1514,2.9119,1.2944,1581115.1914,1560687.0514
002144.SZ,20260318,4.3028,0.96,127.1263,1.3045,4.8696,0.3189,277163.6439,215826.2248
300485.SZ,20260318,1.6626,1.09,65.9584,1.5714,13.3162,,535613.0368,304484.7064
688181.SH,20260318,2.3193,0.95,58.8955,2.1981,5.2955,,461271.7028,461271.7028
301609.SZ,20260318,22.9011,1.42,68.0334,7.3369,12.8857,,903495.36,203286.456
301345.SZ,20260318,2.673,0.76,31.0219,6.6885,6.4733,1.4292,2284578.0375,608763.9687
600461.SH,20260318,0.5665,0.86,10.7043,1.332,1.6049,4.6354,1285439.5374,1285439.5374
603117.SH,20260318,2.2706,0.74,452.1776,3.066,12.0364,,315777.21,315777.21
600405.SH,20260318,3.6295,0.47,,17.9457,8.7009,,371987.5599,370342.474
920906.BJ,20260318,1.1384,0.74,49.8521,2.8745,2.1887,0.3475,166388.17,85424.0066
601956.SH,20260318,0.9407,0.91,33.2762,1.6752,0.6817,1.4581,426428.9807,426428.9807
300389.SZ,20260318,13.1199,1.95,29.1043,4.4922,1.7768,1.7483,738938.8346,466829.0046
301123.SZ,20260318,2.383,0.89,,4.6462,6.236,0.1735,1334866.96,1328950.4
000663.SZ,20260318,2.0049,0.65,,2.4034,7.5709,,240729.0092,219005.3551
605588.SH,20260318,1.942,0.7,,4.0414,2.9669,,412101.3051,411111.9311
688248.SH,20260318,1.2327,0.6,86.6575,11.1978,9.8994,0.4098,3651350.2,3651350.2
601113.SH,20260318,1.6109,0.75,14.3912,1.2756,0.996,,506805.8717,506805.8717
688429.SH,20260318,7.7429,1.46,,4.7084,6.358,,647201.2944,193880.518
000793.SZ,20260318,0.6621,0.81,,48.8242,16.4914,,559228.728,549082.4122
300444.SZ,20260318,11.8602,1.02,143.3974,7.2205,3.0483,,1285786.3949,1000529.1854
000709.SZ,20260318,1.5571,0.86,26.8718,0.5004,0.2006,1.2,2584280.273,2583853.0995
002391.SZ,20260318,1.8156,0.67,,0.9768,1.0882,,416388.8246,297501.4399
003028.SZ,20260318,1.4383,0.85,29.6644,2.4809,3.1168,1.6671,430659.936,209921.6743
001376.SZ,20260318,8.9461,1.21,48.2879,7.2025,7.8634,0.8184,842525.2,390740.1422
600356.SH,20260318,1.2892,0.73,19.7423,1.0346,1.051,1.1786,304162.1932,275729.0619
002349.SZ,20260318,1.3136,1.0,28.346,2.3546,4.3968,1.0222,637190.3293,625290.9373
002506.SZ,20260318,18.9489,1.01,,18.1477,2.0257,,3229374.6677,3226126.0649
002109.SZ,20260318,6.0397,0.79,,1.503,1.6875,,612609.5285,612609.5285
300035.SZ,20260318,6.6199,0.61,28.4588,3.0245,1.9513,1.1553,1483263.316,1262365.3533
688128.SH,20260318,0.327,0.68,21.287,3.4269,2.379,2.6757,1133813.5,1133813.5
300137.SZ,20260318,4.2405,0.92,,4.3962,7.3148,,717410.4148,708655.5997
603890.SH,20260318,1.6091,0.84,21.5709,2.1219,1.5628,0.992,650105.6516,650105.6516
601827.SH,20260318,0.3973,0.55,11.9884,1.2718,2.6886,2.7072,1513099.6365,1513099.6365
301267.SZ,20260318,0.4912,1.02,33.3773,2.4872,3.5788,1.7515,1473360.0,1137371.4478
300514.SZ,20260318,3.3692,0.78,25.1044,2.7103,3.7128,2.095,286400.0,229489.9214
600825.SH,20260318,0.6092,0.5,148.2807,2.6172,4.422,0.1954,641561.1399,641561.1399
688202.SH,20260318,2.8466,0.96,,4.0643,6.8152,,791334.3638,791334.3638
000633.SZ,20260318,1.5191,0.57,175.2903,14.0137,7.6838,,275351.0567,275349.0189
002757.SZ,20260318,6.4339,1.41,,3.2164,2.0175,1.6107,642025.6989,612903.1703
920719.BJ,20260318,3.6415,0.64,,3.2061,5.0205,,108081.4374,84977.8416
002007.SZ,20260318,0.5401,1.02,29.2241,2.6508,6.4963,4.6144,2772251.7623,2387307.2674
301367.SZ,20260318,2.3551,2.42,30.6166,2.1601,6.1334,0.5522,643776.0,502544.5002
002084.SZ,20260318,4.8915,0.75,,1.8929,0.9626,,263590.8643,263010.8523
920438.BJ,20260318,3.1969,1.51,211.8187,6.0138,10.9937,0.2351,600811.75,575697.4265
300072.SZ,20260318,7.3829,0.92,,2.278,5.4347,,1374586.3767,1363846.343
000825.SZ,20260318,0.8351,0.69,190.6562,0.8127,0.2894,,2694325.2075,2694325.2075
300332.SZ,20260318,5.4535,0.56,57.8636,1.2097,1.8721,,514748.0696,493820.7444
301045.SZ,20260318,5.2452,0.71,160.169,5.0653,8.5858,0.1062,519268.5111,301050.2307
688116.SH,20260318,1.6037,0.72,65.7151,4.1506,11.9281,0.3452,1549697.3848,1549697.3848
300181.SZ,20260318,1.0167,0.72,19.2325,3.6789,4.0771,3.6231,1146768.2927,985759.3526
603637.SH,20260318,2.9272,1.1,30.6267,2.7542,5.8574,1.6807,284036.1936,284036.1936
000968.SZ,20260318,5.1775,0.76,21.5344,1.3966,4.1501,0.3363,863012.3727,863012.3727
605179.SH,20260318,0.5761,1.1,188.269,6.4249,2.5497,0.2216,723805.0,723805.0
600089.SH,20260318,3.5378,0.78,27.6393,2.1376,1.4945,0.8533,14708679.1742,14708679.1742
600756.SH,20260318,12.808,1.53,,2.7209,4.1341,,646463.5643,599258.5943
300327.SZ,20260318,2.0448,0.79,89.4171,5.1737,6.7923,0.7502,904972.326,898302.5664
002679.SZ,20260318,1.3512,0.83,182.1309,3.6033,17.4801,0.3265,264282.476,264282.476
603313.SH,20260318,0.6928,0.69,31.4682,1.3867,0.5631,,511245.849,511245.849
688605.SH,20260318,1.8801,0.88,65.751,7.6072,10.1071,0.3235,1251112.2698,669830.3949
301047.SZ,20260318,0.6394,1.21,66.6387,1.6769,13.4043,6.8729,884907.2981,869949.0178
603848.SH,20260318,0.6142,1.62,32.8491,2.6401,4.2733,1.2173,661153.8976,661153.8976
300290.SZ,20260318,2.1286,1.01,,12.8511,13.366,,997343.0751,997046.6702
603877.SH,20260318,0.2495,0.73,39.6556,1.6581,1.0952,2.656,709440.0569,706801.2814
920639.BJ,20260318,3.2271,0.77,91.3912,1.9615,0.7377,,167126.4,98446.7626
000909.SZ,20260318,0.8576,0.99,,2.5876,7.8117,,256938.2618,256936.1046
688060.SH,20260318,0.8043,0.77,,3.1913,7.6191,,286146.7209,286146.7209
600331.SH,20260318,2.3696,0.64,,14.1868,11.8438,,4514494.4,3472688.0
688281.SH,20260318,0.753,0.99,70.1263,4.7352,17.5669,0.6962,2198009.9232,2198009.9232
002675.SZ,20260318,0.7789,0.48,65.4419,2.4852,3.9526,0.2276,1086817.1392,979780.1041
920001.BJ,20260318,3.5894,0.39,,3.8445,12.9082,1.1185,274737.2928,158579.5438
603818.SH,20260318,1.472,0.89,,1.2019,0.754,,261573.2088,261573.2088
002485.SZ,20260318,1.2572,0.7,,2.3327,3.5905,,274720.0,274720.0
600480.SH,20260318,1.0481,1.22,17.0943,1.6298,0.6493,3.1837,1269953.5197,1251124.3024
002577.SZ,20260318,0.3763,0.77,437.3996,4.0516,10.9014,,470994.464,470969.294
002281.SZ,20260318,6.9334,0.61,73.5996,6.8995,5.9021,0.3111,6743809.2867,6516430.7212
603276.SH,20260318,1.9653,0.68,88.8203,2.0788,4.6942,0.7088,362348.3723,131995.8624
002556.SZ,20260318,2.1727,0.68,41.6993,1.754,0.4078,3.6672,626594.969,626001.2053
300245.SZ,20260318,2.122,1.16,,3.2008,7.4072,,377346.8117,376516.2701
002630.SZ,20260318,2.3045,0.83,,11.303,1.372,,272764.8,237993.0369
002703.SZ,20260318,8.8492,0.95,104.5378,9.5573,5.8511,0.2527,1952929.2796,1391278.1277
688350.SH,20260318,1.3231,0.66,287.7866,2.2916,2.9561,,410539.1038,410539.1038
300876.SZ,20260318,3.0386,0.54,,3.0004,5.6886,,301480.2938,224903.8988
603048.SH,20260318,0.8222,0.61,53.0625,2.5682,4.587,1.5721,325192.32,325192.32
601015.SH,20260318,6.2233,0.67,,1.6916,0.8662,,953846.3974,953846.3974
603270.SH,20260318,1.8622,0.66,43.3891,2.4543,2.9978,1.013,540755.2542,174528.7342
301071.SZ,20260318,5.272,0.55,169.9511,2.2546,21.7109,0.3198,1193348.5551,892214.2557
601666.SH,20260318,1.7835,0.83,34.8677,0.887,0.9354,6.9228,2037225.2299,2037225.2299
300789.SZ,20260318,2.2758,1.77,56.1508,3.0417,5.4739,0.6747,324091.9254,222812.5821
301192.SZ,20260318,2.9293,1.46,70.0474,4.5464,6.226,0.8859,281917.8,135085.6125
003001.SZ,20260318,1.217,0.76,67.5552,2.7417,4.8515,1.0636,328821.222,199318.7623
603730.SH,20260318,0.6667,0.9,30.9276,4.2278,3.0299,2.9981,1929429.5832,1929429.5832
688707.SH,20260318,1.2134,0.88,,1.7839,4.9789,,711218.8066,711218.8066
300752.SZ,20260318,3.2362,0.71,58.478,3.6287,3.0062,,442145.4799,304306.9043
920873.BJ,20260318,1.3823,1.17,,4.4835,12.7375,,115500.4125,90214.2154
301117.SZ,20260318,7.4595,0.74,305.8024,4.6237,17.4913,0.0306,603475.7926,371189.8721
002805.SZ,20260318,7.1309,0.75,,4.8443,2.8429,,478346.7637,475750.7574
688168.SH,20260318,1.6322,1.5,,5.5948,9.9622,,561675.2741,561675.2741
300550.SZ,20260318,1.9539,1.33,68.5687,3.1496,8.6839,0.1866,351830.5889,351503.9237
920792.BJ,20260318,1.2927,1.2,26.9743,1.9424,2.4635,0.8177,202455.42,122738.8589
002186.SZ,20260318,1.0567,0.81,,3.8534,2.6116,,333316.8446,332871.3131
605020.SH,20260318,1.663,0.83,24.3967,2.4782,2.7943,0.8382,1400664.9385,1379017.5724
300490.SZ,20260318,6.1003,0.83,,3.0605,3.3365,,674550.7804,665383.4195
688176.SH,20260318,4.1694,0.57,,5.3785,30.6277,,848759.3422,647429.3202
300306.SZ,20260318,1.7663,0.98,49.8225,2.4166,8.8409,3.2287,359866.845,210872.1316
600794.SH,20260318,2.1657,0.75,56.8006,1.832,6.5207,0.7481,481261.015,481261.015
300844.SZ,20260318,1.0451,1.34,,4.729,7.2984,,346744.4736,334948.3536
300665.SZ,20260318,2.3924,0.98,,3.1833,2.9606,,175813.4212,175110.972
002196.SZ,20260318,3.6554,0.76,,4.979,2.6449,,704634.0125,693853.5633
000090.SZ,20260318,1.287,1.05,23.2812,0.6438,0.3292,2.5707,726864.1738,726830.9143
600429.SH,20260318,3.518,2.25,46.8062,1.6814,1.3523,0.2064,877220.014,874573.5368
300077.SZ,20260318,8.7625,1.18,,14.2908,10.5331,,1374429.6319,1334833.6818
301509.SZ,20260318,5.6337,1.15,45.0965,2.1021,7.7546,1.0398,463358.3356,218282.35
300105.SZ,20260318,2.1917,0.77,49.8128,2.0596,3.2428,1.3004,396661.289,396661.289
603239.SH,20260318,2.0269,2.1,31.6716,4.9033,4.37,0.9243,615075.84,615075.84
603906.SH,20260318,2.2596,0.74,,4.1402,1.5803,,1238622.6566,1021662.6566
002765.SZ,20260318,1.2862,1.06,37.1064,2.6995,1.913,,709515.3619,648323.0323
603929.SH,20260318,4.5121,1.66,43.4963,16.8429,7.909,1.0996,3880591.68,3880591.68
300374.SZ,20260318,1.6481,0.63,,4.5345,1.8906,,369114.4178,292596.8346
002718.SZ,20260318,1.6804,1.15,,8.4837,14.4469,,759211.5171,551197.5328
603350.SH,20260318,1.0444,0.79,34.9341,3.2107,2.186,1.9271,422873.22,159720.0
300835.SZ,20260318,3.6034,0.69,66.3218,8.0507,7.5919,0.2411,961373.6675,663371.399
920575.BJ,20260318,2.1152,0.88,,9.9224,1677.6341,,242451.22,162104.7808
300124.SZ,20260318,1.1711,0.93,36.5433,5.5116,4.376,0.5828,18950600.284,16789967.376
603700.SH,20260318,1.4398,1.05,30.6412,1.7543,1.6798,1.409,283745.9843,283745.9843
002960.SZ,20260318,1.9767,0.86,39.0061,1.5839,2.0956,1.4522,997703.2574,916892.8151
920802.BJ,20260318,2.091,0.84,47.8523,2.7555,6.1041,0.8271,122028.3355,32882.7064
300594.SZ,20260318,4.8088,0.94,,3.4982,3.4672,,289033.8737,286280.1013
002734.SZ,20260318,12.7868,1.15,23.3432,2.5587,2.1831,1.0631,980705.4651,895186.6835
600983.SH,20260318,0.3153,0.7,18.7536,3.1486,1.9741,2.5461,872974.021,872974.021
688759.SH,20260318,4.1665,0.65,,11.0497,,,1845150.2937,190494.1221
600064.SH,20260318,0.8464,0.84,6.5412,0.7724,5.3244,3.413,1520968.5471,1520968.5471
002355.SZ,20260318,7.3739,0.93,,4.121,5.6246,,504034.674,466097.6541
920950.BJ,20260318,0.8803,1.0,29.3978,3.8417,6.4708,2.2428,122591.04,59724.0072
002609.SZ,20260318,1.3822,0.92,96.562,2.4083,3.3189,0.7757,579094.9569,413460.1719
000950.SZ,20260318,0.8915,0.98,26.1456,0.8517,0.1179,1.0535,979880.7226,979880.7226
688333.SH,20260318,2.2798,1.2,123.7476,5.2076,13.9431,0.1162,2597556.6656,2597556.6656
688062.SH,20260318,3.368,1.06,,39.8837,20.9898,,1390608.0,710511.6
688003.SH,20260318,0.965,0.98,145.6174,5.7138,6.3933,0.8404,1144547.745,1144547.745
605199.SH,20260318,0.6269,1.0,,3.9239,2.5428,,270473.5164,270473.5164
302132.SZ,20260318,0.9545,0.97,88.6317,9.6844,3.9498,0.8817,19305860.1916,4234352.1303
002023.SZ,20260318,1.3923,0.73,64.8898,1.9005,5.5259,,830504.3234,830504.3234
603998.SH,20260318,1.0453,0.83,17.6756,3.2504,3.1023,4.2052,522067.737,522067.737
001206.SZ,20260318,3.2064,1.21,18.5155,2.2345,2.2873,3.7369,408985.1033,235169.7997
000792.SZ,20260318,1.3821,0.73,31.2683,4.588,11.9257,,18837998.246,18837888.6158
601865.SH,20260318,0.8593,0.7,105.4763,1.6937,2.2222,,3675979.2331,2982708.7381
603558.SH,20260318,6.0583,1.29,11.8127,2.0393,1.8477,4.0308,478322.7164,478322.7164
301377.SZ,20260318,3.5524,0.81,228.0916,30.8296,40.2764,0.3627,7686270.0,1331486.928
688316.SH,20260318,18.8468,1.48,,144.6132,17.0986,,398177.1464,398177.1464
603126.SH,20260318,1.0801,0.6,,2.2937,1.6136,0.0653,467643.0,467643.0
920090.BJ,20260318,5.8509,0.65,,31.4149,41.7661,,143121.486,97179.4332
601878.SH,20260318,0.5128,1.01,18.3384,1.2951,4.3824,1.6429,4692715.3516,4692715.3516
688375.SH,20260318,0.9105,1.31,131.8681,10.3513,28.0497,0.3562,6692651.3121,6692651.3121
920158.BJ,20260318,15.3754,0.7,46.1168,4.4895,7.5225,,252794.34,67621.1562
688255.SH,20260318,1.1797,0.94,121.7406,3.0394,4.9432,0.9779,321227.3359,321227.3359
300717.SZ,20260318,1.8498,0.91,40.1103,3.199,6.4302,1.3489,228571.6,226521.9616
603196.SH,20260318,1.3402,0.6,,5.7193,13.8266,,1134642.9624,642238.2442
600490.SH,20260318,1.7656,0.66,71.9586,2.8833,3.047,,1830057.6143,1647897.8862
300302.SZ,20260318,22.222,3.36,,11.0887,30.6543,,1190012.0104,915764.9013
002694.SZ,20260318,1.9558,0.8,,22.6372,2.703,,238082.4576,224259.5784
603130.SH,20260318,0.589,0.89,68.1611,4.1718,2.0956,0.2413,569996.359,569996.359
688057.SH,20260318,0.574,0.76,38.0333,1.1514,10.7939,1.8896,365148.0,365148.0
600310.SH,20260318,2.4626,0.56,,2.0961,1.7473,0.6897,637584.1641,637584.1641
603587.SH,20260318,0.2885,0.99,23.2562,1.6805,2.8173,3.8667,605890.5818,605890.5818
002319.SZ,20260318,3.0933,0.9,,14.8052,6.7613,,268962.7028,256800.0
603032.SH,20260318,2.3398,0.78,,3.861,8.0068,0.2986,438001.0572,435063.1891
600549.SH,20260318,2.3605,0.54,41.0258,5.5129,2.0403,1.0114,9481062.5529,9280081.7846
600917.SH,20260318,1.1307,0.77,33.8265,1.53,0.8411,1.4669,872621.2258,872621.2258
000683.SZ,20260318,1.4323,0.67,30.7819,2.2638,2.8485,3.3916,3289395.9306,2963875.6404
600874.SH,20260318,0.9516,0.64,12.2004,1.0046,2.0767,2.6316,1014490.0829,794850.0829
688372.SH,20260318,4.8543,0.99,70.216,7.4293,13.3801,0.1842,2106876.0708,2106876.0708
300825.SZ,20260318,0.9802,0.7,,2.1935,4.2446,,462679.6068,450017.0758
600067.SH,20260318,2.3155,1.0,,1.0193,0.5419,5.2315,573367.5205,573367.5205
002039.SZ,20260318,1.4285,0.6,18.1399,1.8612,3.0669,0.8461,808512.4163,808510.1471
920273.BJ,20260318,2.0124,1.41,38.3344,3.9118,3.4386,1.4473,254213.0631,169204.5703
301186.SZ,20260318,1.9684,1.16,32.1014,2.6577,5.4679,1.4354,418294.0313,392846.8045
688721.SH,20260318,1.5402,0.79,100.0817,4.781,23.5275,0.9202,580324.5,232497.2954
920579.BJ,20260318,3.0692,0.66,,5.2681,5.3517,0.1639,252874.44,87053.8423
300409.SZ,20260318,4.6087,0.55,51.8784,2.7468,2.8864,0.629,2205942.0475,1938720.7904
000930.SZ,20260318,2.7009,0.54,140.5408,1.2483,0.7317,,1331069.1979,1331001.5734
002346.SZ,20260318,0.5937,0.45,15.236,3.0263,10.3329,2.3696,872994.5974,777603.5804
600351.SH,20260318,1.3443,0.96,20.6187,1.7637,2.0213,7.5824,459488.0305,459488.0305
300723.SZ,20260318,1.5089,1.0,,8.4362,14.4184,,1477035.3448,1370747.2387
002178.SZ,20260318,2.9433,0.69,,10.8765,10.5716,,474293.8987,474047.5832
003035.SZ,20260318,3.5047,0.62,243.3945,4.6309,9.1756,0.0824,3215909.0902,3215909.0902
600803.SH,20260318,0.4165,0.62,15.3954,2.9424,0.5127,5.4863,6816918.8056,6763942.2088
605055.SH,20260318,0.7008,0.75,,3.8513,2.6156,0.6498,402160.0,402160.0
603338.SH,20260318,0.9707,1.02,15.0936,2.3942,3.1905,1.9029,2660858.1041,2660858.1041
605111.SH,20260318,2.5821,0.95,40.4982,4.1513,9.5222,0.1524,1769316.7354,1769316.7354
301029.SZ,20260318,1.9927,0.74,33.3702,3.8719,5.7905,1.7328,1647024.4431,1199504.3571
688611.SH,20260318,0.5207,0.67,,9.9469,41.6637,0.2545,860975.8248,860975.8248
003022.SZ,20260318,1.3689,1.06,91.2864,3.5694,4.4873,0.3043,2633740.096,2631499.5589
603257.SH,20260318,6.4417,0.59,45.777,3.1101,3.2869,0.7894,760080.0,157716.6
000558.SZ,20260318,1.5983,0.97,,5.7777,11.9853,,605935.256,605681.7658
300334.SZ,20260318,2.1274,0.76,99.5594,3.9789,10.0827,,241652.2848,241623.8088
688518.SH,20260318,1.883,0.7,49.5439,2.6121,2.6171,0.6,853312.7375,853312.7375
301016.SZ,20260318,0.7879,0.63,79.7272,5.2544,13.8283,1.7835,524815.2,497781.8297
600661.SH,20260318,1.2955,0.98,,21.7866,2.1783,,293139.4531,293139.4531
920159.BJ,20260318,27.6772,0.75,26.3644,3.554,1.6161,,379848.0,71971.2
605169.SH,20260318,1.025,0.74,36.2666,1.8685,1.1847,1.8984,364915.2,364915.2
688366.SH,20260318,0.1871,0.73,38.656,1.7862,3.9235,2.342,970289.396,818704.7762
000670.SZ,20260318,6.0305,2.02,,115.2193,1.5252,,701121.9617,682146.1697
301608.SZ,20260318,1.705,0.84,34.5164,3.6127,4.693,0.9816,764068.14,342900.3699
000800.SZ,20260318,0.2673,0.92,52.8851,1.2633,0.5809,0.7375,3336628.5011,3336343.5431
002672.SZ,20260318,0.7042,0.55,,1.7824,1.587,,542680.5988,444413.0863
300628.SZ,20260318,0.8097,0.84,16.498,4.5989,7.1093,5.3031,4289150.7834,2457210.5397
603324.SH,20260318,0.9119,0.8,63.3853,2.2295,2.9095,0.4914,374810.774,374810.774
002975.SZ,20260318,3.6385,0.92,93.8174,5.3183,7.7733,0.2955,1186239.1882,783356.452
301456.SZ,20260318,8.3752,0.83,71.9392,2.2082,7.9586,0.619,486096.858,195475.7197
605378.SH,20260318,0.6257,0.45,59.2214,4.2913,3.897,1.7405,536282.8128,536282.8128
920304.BJ,20260318,3.1741,0.48,40.2091,4.0456,3.1712,1.4098,230232.604,185304.5755
603090.SH,20260318,2.7471,1.0,97.8926,10.5338,8.634,0.4645,645800.0,645800.0
600217.SH,20260318,1.5071,1.41,,2.1517,1.851,,661403.8155,661403.8155
002490.SZ,20260318,19.3525,0.79,,17.643,5.682,,878431.0884,596435.922
300383.SZ,20260318,13.4675,1.68,186.9327,2.4052,4.4201,0.3519,3064895.8041,3058009.7934
688047.SH,20260318,1.3141,0.69,,23.6092,93.1933,,5920765.0,5920765.0
605003.SH,20260318,1.8122,1.23,52.0611,2.3597,6.2979,1.329,339350.0,339350.0
002550.SZ,20260318,1.0607,1.03,22.5774,3.5265,6.3253,1.546,970088.4,713460.0564
600834.SH,20260318,0.5125,0.88,114.4654,2.3926,7.1569,0.4327,408161.5288,408161.5288
920665.BJ,20260318,1.6526,0.85,47.1193,2.1196,4.7136,1.2733,153128.22,75476.4249
688676.SH,20260318,2.7853,0.78,59.1565,7.4634,5.3484,0.5907,3904029.0347,3904029.0347
300613.SZ,20260318,1.8367,0.93,65.9822,3.6918,6.2393,0.2717,1016193.0349,958553.0964
601022.SH,20260318,0.8474,0.59,17.9474,2.0325,2.0354,2.2888,1223572.1673,1223572.1673
600883.SH,20260318,1.8454,0.97,56.8921,2.0869,36.345,0.692,204688.296,204688.296
001390.SZ,20260318,2.8824,1.16,27.1061,2.8954,4.743,,459600.0,114900.0
600368.SH,20260318,1.061,1.01,10.1085,0.9028,4.1689,3.2587,647080.8509,647080.8509
003023.SZ,20260318,3.8037,0.76,30.2728,1.6007,2.1158,1.7007,247763.4432,247200.1721
920476.BJ,20260318,1.3671,0.94,44.8647,4.2093,5.2235,0.6438,189013.9762,178742.0987
300165.SZ,20260318,2.2674,0.71,,2.1535,3.9449,,275009.0074,233396.7468
002868.SZ,20260318,0.6211,0.57,,99.1103,12.1215,,626170.4073,431113.0886
002527.SZ,20260318,1.0805,0.83,,7.8262,2.6138,,979341.5268,781747.0445
002133.SZ,20260318,1.9717,1.04,,0.9796,0.5469,1.3447,284110.9122,282542.3638
920395.BJ,20260318,0.898,1.14,38.5818,6.6303,9.3738,1.7351,158689.1322,107395.521
001338.SZ,20260318,2.0635,0.56,20.0314,1.7899,1.5899,2.259,666298.5476,666298.5476
301310.SZ,20260318,1.229,0.72,45.3923,2.2785,1.4657,1.5672,520545.5253,191530.7379
002225.SZ,20260318,2.2164,0.55,61.7426,1.6031,1.2315,0.7546,660766.3138,555280.8017
002644.SZ,20260318,1.0239,0.91,77.3602,2.5086,5.1023,0.1341,457038.015,457038.015
301296.SZ,20260318,0.6899,0.95,27.4303,1.2665,1.3939,0.6929,348749.283,348741.2783
002998.SZ,20260318,2.5888,0.43,80.9392,1.838,1.1337,5.5938,302447.3381,230013.4275
603227.SH,20260318,1.4567,0.95,20.3771,1.8439,1.6384,2.2857,937731.1029,937731.1029
603368.SH,20260318,0.8753,1.03,8.7979,0.8997,0.3296,4.3206,690353.335,690353.335
002292.SZ,20260318,1.9463,0.9,,4.1867,4.7701,,1236192.9467,850938.2934
000736.SZ,20260318,0.9496,1.33,,3.1498,0.1876,,392973.7589,392973.7589
002480.SZ,20260318,1.802,0.43,,5.1364,2.6584,,495344.6235,494410.3572
603088.SH,20260318,12.1554,2.76,54.9473,6.1132,8.5269,1.8976,669180.7707,583245.2909
002995.SZ,20260318,24.3447,1.58,,5.2176,4.0458,,463511.1018,293633.7473
300776.SZ,20260318,3.3517,0.61,41.3414,5.6895,10.5579,0.4951,2146539.9877,1316452.2385
600293.SH,20260318,3.6256,0.87,,2.4445,2.949,,411851.4913,411851.4913
301049.SZ,20260318,3.333,1.07,,3.8364,10.6622,,229224.1083,104153.7051
300228.SZ,20260318,5.691,0.64,22.7841,2.5276,1.9418,0.7737,605789.5067,569417.0732
002791.SZ,20260318,2.102,0.84,106.3329,1.409,1.3006,0.8921,783501.4188,481997.856
688388.SH,20260318,4.6671,0.57,310.1252,2.4501,1.901,,1833612.3304,1833612.3304
300554.SZ,20260318,5.7892,1.03,,5.732,12.5364,,286100.0004,198132.8397
605133.SH,20260318,1.1644,1.05,42.7751,2.1036,2.9427,0.4118,792319.1639,790494.9498
300091.SZ,20260318,2.2531,3.32,,20.9771,9.6306,,869665.7905,500439.0757
601033.SH,20260318,1.8197,0.56,15.7083,1.3466,3.4165,3.7453,1441800.0,384480.0
301038.SZ,20260318,2.8654,1.41,68.6608,5.5739,6.2711,0.3169,498137.64,498137.64
301239.SZ,20260318,0.7223,0.52,,2.5429,1.9697,,540124.7633,540124.7633
300606.SZ,20260318,25.1189,1.86,,8.6289,10.2325,0.285,582444.3475,495409.5861
301031.SZ,20260318,3.6159,0.86,44.8713,9.8578,7.3409,0.3589,1386740.2579,966914.9523
300907.SZ,20260318,2.1145,1.91,40.6266,3.3905,2.472,,270912.0,270912.0
000868.SZ,20260318,1.5763,1.26,848.5603,5.0766,1.2394,,432176.7781,337331.0723
300702.SZ,20260318,1.4139,0.91,41.0487,2.1158,2.6364,0.221,787124.3337,477654.0605
001319.SZ,20260318,1.9707,0.7,27.5389,2.7691,3.2268,1.4851,371316.4,215332.197
000715.SZ,20260318,1.5003,1.03,28.984,1.6753,4.3365,1.2631,329124.6848,328246.9812
603535.SH,20260318,0.7104,1.26,24.486,1.7425,3.4955,0.6772,458804.575,458804.575
300001.SZ,20260318,1.9498,0.47,27.4373,3.953,2.1543,0.4955,3170835.2899,3098794.5424
000887.SZ,20260318,1.127,0.9,16.7822,1.792,1.3371,1.0411,2528976.804,2524905.938
002263.SZ,20260318,1.9502,0.66,133.4104,2.4505,5.2681,,678087.9961,678082.5811
603885.SH,20260318,0.7901,0.68,35.945,2.6797,1.1927,0.8209,2633910.3532,2633910.3532
603511.SH,20260318,0.4124,1.28,48.3928,1.3698,1.9136,2.7268,596378.7033,593185.6725
300676.SZ,20260318,0.8567,1.04,,2.022,5.0304,,1868622.374,1858479.8272
000607.SZ,20260318,1.1261,0.68,,2.823,3.7099,,437610.3163,380564.3809
002870.SZ,20260318,1.4695,0.92,42.0665,2.996,0.8495,0.2604,507170.4422,495212.4672
600501.SH,20260318,1.6541,1.01,,6.0253,4.5342,,1038329.3334,1038329.3334
300579.SZ,20260318,0.958,0.66,,10.2357,8.3846,0.1012,800280.0,777393.7467
920121.BJ,20260318,10.2898,3.16,25.8728,3.4872,4.5542,,274249.0276,49364.8294
688584.SH,20260318,1.0094,0.7,108.0344,3.2793,10.3269,0.9828,1354207.7484,696857.7281
300080.SZ,20260318,7.0722,1.14,,2.4339,3.1199,,1174609.5334,1173029.5642
002990.SZ,20260318,3.5404,0.99,59.5071,3.0683,5.9445,0.7309,750730.0796,384451.4774
688593.SH,20260318,3.5777,0.97,1775.8944,10.2552,25.853,,1585376.4714,1113251.9444
300326.SZ,20260318,0.7177,0.66,,1.5927,4.3417,,443830.8502,440757.3654
002656.SZ,20260318,2.7706,0.65,,5.0973,4.0463,,216606.0326,205683.3001
002589.SZ,20260318,2.2116,0.99,,0.8833,0.6458,0.1257,472479.0879,428795.7461
002945.SZ,20260318,0.4781,0.71,90.1084,6.1478,27.3428,0.2441,4425300.0,4425300.0
600328.SH,20260318,6.5266,0.89,5817.95,1.2794,1.2704,1.1746,1536692.3906,1536692.3906
600970.SH,20260318,1.132,1.36,9.1154,1.233,0.5764,4.3485,2731935.944,2728721.8127
002892.SZ,20260318,1.1277,0.66,253.9872,6.7583,4.8459,0.3524,880787.3656,571882.5866
000400.SZ,20260318,3.1528,0.73,26.6788,2.5839,1.7679,1.3184,2997805.2788,2977436.8052
603359.SH,20260318,1.909,0.77,,1.0827,10.74,,286393.632,286393.632
301028.SZ,20260318,1.0776,0.72,25.1504,3.5302,4.7812,1.3464,568777.5879,367968.4277
002148.SZ,20260318,1.3515,0.83,363.9357,3.6785,12.3188,0.1988,449425.8133,361251.3592
300220.SZ,20260318,1.7948,1.28,1089.8031,36.2196,8.9887,,228160.8,227888.1961
300655.SZ,20260318,2.0945,0.7,,6.6636,10.8429,0.3444,1693154.5342,1682892.816
300013.SZ,20260318,2.7148,0.75,,11.6598,4.52,,228368.7876,182398.2752
688059.SH,20260318,2.7695,0.71,62.0491,6.2169,11.4233,0.8068,1158846.6411,1084575.5799
688385.SH,20260318,4.2898,2.09,274.763,10.2681,16.0305,0.1028,6383777.6875,4180220.1875
002481.SZ,20260318,1.1783,1.43,89.5609,2.4207,2.6074,0.6189,592174.32,536623.248
603049.SH,20260318,3.7919,1.55,10.5894,1.7922,0.9914,2.6273,4326954.7389,432695.4749
603866.SH,20260318,1.038,0.72,21.6007,1.5928,1.5157,2.5,831853.9606,831853.9606
920837.BJ,20260318,0.8851,0.89,27.4787,3.6217,3.4181,1.6176,206329.3903,186031.3903
002678.SZ,20260318,1.2456,1.2,,2.2526,13.6245,,730776.3338,730375.053
920098.BJ,20260318,1.375,1.26,39.8732,2.41,4.766,1.0745,227046.4702,154608.8539
003005.SZ,20260318,5.1763,2.87,,2.6007,12.5785,1.1315,467405.1558,256495.9761
688525.SH,20260318,10.1403,1.18,139.1009,26.342,10.6728,,12056202.3034,12056202.3034
603716.SH,20260318,5.7276,0.49,,4.5366,3.9044,,487184.8251,487184.8251
300549.SZ,20260318,2.1595,0.95,314.8903,4.4642,7.7973,0.2711,245878.96,186344.8207
002259.SZ,20260318,2.4885,0.57,80.5929,15.4077,4.4516,,418294.5165,418294.5165
688108.SH,20260318,1.4862,0.79,191.4474,9.987,17.2301,,905284.032,905284.032
301113.SZ,20260318,2.4856,0.94,336.4917,3.6496,7.2948,1.7449,247520.0,149919.5075
001333.SZ,20260318,3.0639,0.54,25.3373,1.9144,1.9727,1.4046,328064.0,112772.0
300999.SZ,20260318,3.0594,0.65,52.567,1.7187,0.6761,0.3631,16573805.3256,1658872.1755
300329.SZ,20260318,1.2213,0.84,,4.9958,26.5606,,338618.0764,337600.0441
600249.SH,20260318,2.0563,0.76,162.5533,1.5259,3.1048,0.4934,334400.0,334400.0
300707.SZ,20260318,2.7485,0.86,124.9386,2.5766,3.7112,0.3554,294646.9056,239142.4664
603826.SH,20260318,1.8519,0.99,442.0042,8.1178,15.3421,,1583618.4,1583618.4
600397.SH,20260318,8.0903,0.96,,111.3657,4.3179,,1731439.8336,1731439.8336
000428.SZ,20260318,1.0598,0.84,,2.8365,7.2284,,395343.288,395343.288
600866.SH,20260318,2.2563,0.54,10.1681,1.5679,0.7836,4.8469,1302594.5309,984523.15
002146.SZ,20260318,4.2044,1.18,,0.5672,0.228,,673965.3969,606285.8094
300976.SZ,20260318,1.4648,1.03,26.6079,2.1838,2.5169,0.366,773244.9095,496898.1504
600648.SH,20260318,0.2875,0.87,15.1283,0.8898,2.3806,3.3493,1421108.2678,1188970.3721
300911.SZ,20260318,3.8274,1.01,,6.3487,14.9456,1.8438,745076.297,696312.0846
920879.BJ,20260318,0.8207,0.35,45.3295,6.1834,9.1473,1.5828,373113.8235,291569.7682
688114.SH,20260318,0.5982,1.01,,2.9196,8.0168,,2228361.4293,2216690.8055
600967.SH,20260318,1.0217,0.93,50.7277,2.232,2.5032,0.4499,2647992.5019,2647992.5019
920403.BJ,20260318,5.3127,0.64,31.4767,4.5076,6.9893,0.5615,252774.5875,150334.0675
688765.SH,20260318,3.0548,1.21,,8.9123,539.4462,,2581865.0,295948.6986
600039.SH,20260318,0.2928,1.46,10.8797,1.7018,0.7748,4.2316,8417331.7444,8417331.7444
000031.SZ,20260318,0.6113,1.01,,1.3366,0.3766,,1354475.0151,1354472.2855
000738.SZ,20260318,1.4075,0.62,58.9705,2.4577,5.8793,0.7344,3080160.9303,3080160.9303
600888.SH,20260318,3.8964,0.47,15.8351,1.1104,1.7541,2.7794,1363609.4632,1363609.4632
600340.SH,20260318,6.2814,1.73,,,0.4473,,614454.0937,611256.7447
688489.SH,20260318,0.4155,0.57,,2.6356,8.7414,0.2624,483995.8489,480302.6658
603209.SH,20260318,2.1943,0.69,18.9755,1.5195,3.2888,1.1077,505050.0,499597.9417
603159.SH,20260318,0.6768,0.77,558.6151,7.3021,8.2883,0.2486,366100.0,366100.0
600812.SH,20260318,1.6869,0.77,52.5876,1.7484,0.9828,0.5348,962524.7376,962524.7376
300206.SZ,20260318,4.8927,2.62,35.7893,4.1204,4.6536,1.3583,883406.9393,515690.4571
688150.SH,20260318,4.0455,0.98,72.8577,8.3595,29.0065,0.7746,1601701.5883,1601701.5883
688717.SH,20260318,9.0951,0.84,179.5769,4.7596,5.0913,0.7218,2078240.0,1286531.9781
002470.SZ,20260318,28.5907,1.39,,5.7411,1.2751,,1179683.9594,1179584.0407
600498.SH,20260318,6.9446,0.84,78.7426,3.894,2.6451,0.3276,6471668.0517,6059276.2378
603334.SH,20260318,17.0084,1.72,51.6623,4.7793,2.837,,797860.0,172658.1717
300656.SZ,20260318,2.166,1.01,,4.0683,10.662,,398550.2927,309519.1905
300477.SZ,20260318,2.9898,0.89,,3.0873,1.9072,,304453.3071,281401.5588
301161.SZ,20260318,1.0098,0.57,52.8523,4.1628,4.9775,0.2627,383640.0,383640.0
300893.SZ,20260318,0.5303,0.56,30.8484,5.3002,4.1144,0.4411,1026412.7472,544394.6292
300853.SZ,20260318,2.045,0.82,,5.1666,14.0692,,315205.6329,236502.8973
301516.SZ,20260318,8.6065,0.62,,4.1715,6.5445,,538385.9661,134596.492
688301.SH,20260318,0.8212,0.8,37.6935,4.2105,10.8423,0.5733,2492562.4505,2362317.0743
603886.SH,20260318,0.8751,0.87,24.185,1.9703,1.5603,7.8493,305760.0,305760.0
001324.SZ,20260318,5.4142,0.67,57.3314,2.4345,5.9169,0.6616,276000.0,163307.2
605099.SH,20260318,0.6982,0.68,25.0673,5.2792,5.0092,1.6204,1586377.6425,1582096.1401
000019.SZ,20260318,4.7396,0.98,27.083,1.7603,1.5993,1.9685,878231.8635,317156.9021
605177.SH,20260318,2.0255,1.17,,1.5334,3.1346,,260657.7424,255790.8844
002315.SZ,20260318,2.9676,1.1,26.2785,4.8318,6.8994,2.7538,1324776.9889,844868.5299
603097.SH,20260318,1.9245,0.62,58.8026,5.4809,3.0158,0.5524,595377.2175,576811.4675
600763.SH,20260318,1.4501,0.69,38.508,4.5803,6.7883,1.0117,1989541.9924,1989541.9924
603000.SH,20260318,1.8897,0.89,121.9316,6.1995,11.1105,0.6411,2276617.8843,2276617.8843
603801.SH,20260318,1.6371,1.2,14.3495,1.2647,0.9011,6.242,419583.4495,419583.4495
300095.SZ,20260318,1.9951,0.62,,2.598,3.2199,0.9159,433953.1394,349905.0726
603060.SH,20260318,0.3923,0.55,46.4402,2.7484,2.0845,1.6888,542673.461,542673.461
600422.SH,20260318,0.6295,1.08,26.066,1.7011,1.387,2.4896,912155.7872,912155.7872
603320.SH,20260318,1.9453,0.59,42.5906,2.7432,3.1349,0.6536,319471.1668,319471.1668
002451.SZ,20260318,3.1811,0.45,352.6149,5.9927,2.8755,0.0946,464466.18,462863.046
300471.SZ,20260318,5.3831,0.66,937.26,4.2115,6.1185,,660102.8583,514634.0659
000677.SZ,20260318,10.3837,1.01,549.5153,7.9793,3.8143,,405205.6576,405205.6576
002483.SZ,20260318,1.6575,0.8,15.1051,1.5643,0.8829,3.876,686126.5517,685184.1184
300516.SZ,20260318,2.4146,1.07,345.5389,8.666,18.3088,0.1103,1125540.0,1125540.0
002267.SZ,20260318,1.005,0.47,13.033,1.3366,0.9905,4.4248,879651.677,879651.677
000698.SZ,20260318,0.9393,0.68,30.8418,2.2522,0.6142,,332722.8444,319000.0444
300184.SZ,20260318,15.6347,2.77,86.9644,3.284,1.5409,,1339801.39,1217785.4369
002176.SZ,20260318,2.57,0.84,,4.8094,7.1447,,1632953.581,1632660.294
300829.SZ,20260318,5.5053,0.54,69.434,1.9546,2.9541,0.1989,472277.6723,328831.9276
000970.SZ,20260318,1.7827,0.7,169.6721,2.3784,2.3346,0.1553,1550050.3606,1550050.3606
600692.SH,20260318,2.246,0.93,,3.1082,5.7876,,287391.2403,208343.5924
603113.SH,20260318,4.2439,0.64,,0.8187,0.3922,4.566,659277.2086,659277.2086
688237.SH,20260318,1.0327,0.94,358.8949,3.7578,11.6895,0.6608,454508.1327,454508.1327
000821.SZ,20260318,3.2622,1.09,28.9917,1.898,1.0839,0.536,813474.4601,789673.8978
002782.SZ,20260318,2.7298,0.64,39.72,5.7466,2.2356,0.5945,1231974.6083,1208468.9808
920116.BJ,20260318,1.492,1.35,152.206,26.1434,47.2427,0.1108,1534638.875,1474127.375
000567.SZ,20260318,0.5532,0.97,,2.0045,23.3388,,1080889.4617,1078295.9011
300402.SZ,20260318,1.3908,0.5,85.4202,3.4391,3.6685,0.431,515298.5577,508675.4217
002849.SZ,20260318,2.8751,0.66,98.1908,2.7978,2.3777,0.2305,382800.0178,335839.3002
002358.SZ,20260318,4.7607,0.73,75.8775,2.3018,2.6407,0.2407,772628.0479,772626.9884
300141.SZ,20260318,1.9056,0.54,,5.4997,8.4733,,363818.7306,359436.3904
600010.SH,20260318,2.196,0.61,122.867,2.3915,1.8784,0.0727,12454370.3207,8629719.5289
600861.SH,20260318,0.9105,1.08,8.2195,1.3313,0.2178,4.1607,951069.3662,615845.7446
300560.SZ,20260318,5.2487,1.34,,3.7628,3.6295,,365062.6154,297087.0434
601958.SH,20260318,0.7799,0.56,21.1518,3.5656,4.7978,1.9139,6743603.196,6743603.196
000701.SZ,20260318,1.3896,0.75,,,0.111,,404997.7422,404654.4584
601208.SH,20260318,4.1644,0.68,140.942,5.4875,6.3852,0.5915,3210361.3929,3210361.3929
601026.SH,20260318,15.5159,1.04,70.8915,5.8509,3.9164,0.6628,1492222.2,242556.7493
002425.SZ,20260318,1.1424,0.83,,1.1545,6.0975,,333876.108,333665.2534
688271.SH,20260318,0.4622,0.96,51.4717,4.5006,7.0307,0.1772,9716822.6785,9716822.6785
600592.SH,20260318,1.7595,1.43,112.5287,3.3918,5.8524,0.3937,862636.1598,862636.1598
600997.SH,20260318,1.3215,0.66,28.9394,0.7271,0.551,4.0435,1020955.3042,1020955.3042
603176.SH,20260318,0.9695,1.01,,2.4989,1.1169,0.4027,270885.1208,263235.1508
600216.SH,20260318,4.4441,0.8,12.5692,1.4144,1.7456,2.2528,1563622.9815,1546959.2864
600419.SH,20260318,0.9282,0.82,278.7484,1.2645,1.1034,0.2205,300367.3107,300367.3107
603758.SH,20260318,0.7103,0.83,33.7219,2.3443,4.2485,,594131.2043,594131.2043
688648.SH,20260318,2.3981,0.59,13.1808,3.7932,5.9878,,829600.0,424126.4364
300403.SZ,20260318,1.156,0.68,33.5764,3.5248,6.4204,0.8,753750.0,533829.4913
301105.SZ,20260318,7.8445,1.3,,3.5228,16.3767,,294000.0,96652.4824
301611.SZ,20260318,4.8185,1.05,141.1174,26.9424,44.9445,0.0937,4652556.0,1564183.8636
000885.SZ,20260318,0.7141,0.5,7.6218,0.9904,1.3381,2.5195,907256.5743,907256.5743
300445.SZ,20260318,2.2752,1.14,34.2449,3.5104,7.3025,0.4284,446315.4573,298478.025
000025.SZ,20260318,1.1493,1.17,48.051,4.0449,4.2674,0.5896,731074.9107,666152.0307
300017.SZ,20260318,12.8058,0.97,52.6951,4.478,9.4311,1.3458,4540144.2883,4257137.4471
300867.SZ,20260318,11.204,4.05,22.8888,1.4533,3.5753,0.3283,562775.7208,396861.2194
300803.SZ,20260318,2.3929,0.87,283.604,23.5854,41.9872,0.0755,6463794.299,6416595.3292
002077.SZ,20260318,14.8553,6.24,223.4063,2.9595,27.0833,,992395.9572,992395.9572
300256.SZ,20260318,0.7649,0.86,,9.1172,5.4371,,846110.733,836785.733
002187.SZ,20260318,2.6906,1.81,,1.1676,1.1106,0.5979,471001.1934,471001.1934
002895.SZ,20260318,1.7414,0.6,18.7284,3.1668,3.0232,3.5857,2338909.0629,2296416.4878
603129.SH,20260318,0.59,0.6,21.7243,5.4467,2.1223,1.5063,3923019.4223,3899885.0663
300469.SZ,20260318,3.478,0.78,,47.118,66.0852,,1795511.414,1795466.0631
300532.SZ,20260318,1.1256,0.91,23.1953,2.9409,2.5668,2.6001,523041.1615,497409.1603
002154.SZ,20260318,1.2077,0.88,17.7529,1.2362,1.0994,1.3021,560384.1519,453032.67
600198.SH,20260318,1.1718,0.9,165.0635,41.4594,10.8761,,1136742.2878,1135300.2291
600556.SH,20260318,1.8739,0.79,529.1312,2.9891,3.0614,0.1352,1149727.5003,1149727.5003
603995.SH,20260318,1.141,0.87,9.9412,1.1671,0.1571,4.3595,667252.6584,667252.6584
301617.SZ,20260318,2.402,0.76,46.0692,4.7626,5.7689,0.7157,804379.16,319247.76
300475.SZ,20260318,11.0751,2.02,304.9992,23.3644,2.3134,0.0541,7902593.1532,7571010.6592
920926.BJ,20260318,0.6423,0.52,47.3129,5.0121,2.9467,1.7395,139169.7358,126287.2469
300253.SZ,20260318,2.092,0.8,,3.6088,9.4057,0.162,2036071.106,1676951.5727
000985.SZ,20260318,2.0272,0.68,,4.237,1.3744,0.3234,260575.395,260575.395
002137.SZ,20260318,3.2846,0.67,,3.4149,8.2271,,516289.3395,354434.1055
603183.SH,20260318,2.2122,1.2,59.012,1.5008,2.8448,0.5208,238633.5605,238633.5605
000498.SZ,20260318,1.1879,0.8,4.1545,0.5979,0.135,3.3463,945436.6104,882652.2152
603115.SH,20260318,4.224,0.89,39.1193,3.8641,3.5783,1.7985,797996.4296,797996.4296
000555.SZ,20260318,4.9858,1.1,,3.2523,1.5023,,1802255.3851,1795105.879
603986.SH,20260318,6.2966,1.43,161.2062,9.4607,25.5584,0.1085,21821813.7874,20786668.9643
301058.SZ,20260318,1.5925,0.83,22.7831,2.4618,1.7732,1.4272,538400.2315,538400.2315
600587.SH,20260318,1.0619,0.75,18.1665,1.1925,0.9655,3.281,924526.2927,924526.2927
688058.SH,20260318,1.849,0.97,,3.5301,9.9619,,229481.3821,229481.3821
000737.SZ,20260318,2.0576,0.75,36.3306,4.1225,1.0596,0.7634,2744696.3828,2744439.4886
605208.SH,20260318,1.7087,1.01,82.7109,1.9692,0.7628,0.3003,427932.18,427932.18
300345.SZ,20260318,18.7812,1.42,,8.8795,4.6825,,463023.5743,382519.1398
301168.SZ,20260318,2.9506,1.74,112.3514,2.3533,3.4677,0.145,508680.0,404033.2313
002729.SZ,20260318,6.4752,0.64,90.4389,6.8519,8.9035,0.1362,376186.1555,360753.3898
000045.SZ,20260318,4.211,1.88,96.9361,2.2778,2.0673,0.5306,677726.234,611495.234
688622.SH,20260318,3.9433,1.02,,16.0454,49.9709,,486423.4915,486423.4915
000899.SZ,20260318,3.7165,0.49,13.8962,2.0833,1.8817,2.4499,1314237.9427,1314237.9427
600719.SH,20260318,3.1289,0.63,,9.3525,4.5703,,275532.3276,275532.3276
688656.SH,20260318,0.6318,1.21,388.6087,10.995,22.6306,0.2072,901602.7472,901602.7472
603693.SH,20260318,7.3387,1.86,37.6363,2.0724,6.9789,0.9271,1442407.9738,1442407.9738
600857.SH,20260318,0.973,0.93,73.6756,3.1402,5.5448,,279726.939,279726.939
301448.SZ,20260318,1.5665,1.14,838.8063,6.2978,5.6358,0.5072,430638.2,198779.0525
301000.SZ,20260318,0.9262,0.96,54.1957,6.2848,9.4342,0.6201,781822.0995,738017.9475
301061.SZ,20260318,0.7009,1.26,19.7207,4.4541,5.5876,1.073,1793892.6882,1191766.0814
300601.SZ,20260318,0.792,0.85,,1.7479,5.8974,0.632,1590507.9711,1282132.5119
600418.SH,20260318,0.9327,0.79,,8.2019,2.6968,,10998135.4134,10655783.7703
000030.SZ,20260318,0.9135,1.34,13.3062,1.0974,0.5229,2.9223,894301.6394,868871.3514
600557.SH,20260318,0.6658,0.56,34.4973,1.715,2.5823,,808474.775,808474.775
920075.BJ,20260318,1.7285,1.03,65.0345,3.76,2.9164,1.9911,150500.43,80988.7222
000520.SZ,20260318,1.6244,0.62,,11.1824,6.6161,,450377.1375,450377.1375
002884.SZ,20260318,2.0723,1.07,14.6386,2.9358,4.0053,5.2687,678881.4021,518291.5822
601012.SH,20260318,2.4215,0.71,,2.4685,1.8757,,14049731.0991,14049717.1088
300472.SZ,20260318,3.0734,0.97,,,,,224335.7761,215845.7174
605069.SH,20260318,1.1878,0.42,,3.3818,8.8715,,287908.9781,287908.9781
603678.SH,20260318,1.5163,0.81,62.3613,2.9742,5.3804,0.5782,1801446.3982,1801446.3982
300136.SZ,20260318,8.0533,1.29,104.223,8.3454,7.2723,0.0743,6408207.0895,5461113.3739
300449.SZ,20260318,4.3125,0.98,,10.5438,18.0265,,327358.5187,327358.5187
600383.SH,20260318,2.0659,1.1,,0.2542,0.2378,,1385977.1566,1385977.1566
002636.SZ,20260318,10.5299,1.43,229.1725,7.2725,5.8222,0.2443,2533440.0,2520617.6512
300303.SZ,20260318,8.7747,0.49,44.944,3.6631,3.9843,1.3311,1374301.3612,1289322.0464
000863.SZ,20260318,1.3331,0.78,,1.4729,8.0315,,662372.4532,652788.2495
301589.SZ,20260318,1.4406,0.65,27.7106,4.1807,4.817,0.6848,1600829.568,596795.2474
600683.SH,20260318,13.6686,2.2,,,9.326,,788187.3632,788187.3632
603859.SH,20260318,1.6346,0.83,42.0469,3.2969,6.4379,0.0486,1005707.5511,1005707.5511
000728.SZ,20260318,0.4217,0.86,12.8678,0.9302,4.457,2.2699,3460475.8676,3460475.8676
603375.SH,20260318,1.8701,0.68,166.3614,2.4352,7.5998,0.2615,384949.3346,243898.2725
920642.BJ,20260318,1.5935,0.92,,6.3035,15.4035,0.371,138710.832,133742.3028
300187.SZ,20260318,1.2272,0.5,31.3201,3.2888,4.5893,3.0364,355092.1908,353172.2244
300774.SZ,20260318,4.9396,0.91,100.0416,5.4879,8.0428,1.0045,813848.4471,388006.8286
000933.SZ,20260318,2.2217,0.82,17.3398,3.0816,1.7981,1.5128,7383481.4419,7378576.5578
600396.SH,20260318,4.3478,0.41,119.2831,5.6357,1.7302,,761389.4244,761389.4244
920008.BJ,20260318,3.0711,0.91,86.9652,5.6485,10.3426,,186022.5,98041.0679
300411.SZ,20260318,1.7959,0.87,702.7883,4.6252,9.8481,,448391.5677,340954.3965
000419.SZ,20260318,0.8931,0.81,26.314,0.9667,1.6976,2.4116,338108.4114,338108.4114
300470.SZ,20260318,2.3173,1.14,19.5223,2.9166,4.5721,2.6645,780480.399,740503.2478
002654.SZ,20260318,10.3517,1.12,244.9922,8.9552,2.5309,,1401511.618,1401412.138
688573.SH,20260318,2.8259,0.83,,6.8115,7.9157,,207141.5482,112765.1808
603706.SH,20260318,0.7076,0.66,17.8419,2.3005,2.5747,4.4643,381795.5514,381795.5514
600513.SH,20260318,5.3457,1.36,,4.8066,2.4697,0.3959,641705.695,641705.695
300672.SZ,20260318,11.198,1.38,1245.8415,10.5755,22.091,0.1506,4302970.5986,4168892.441
603979.SH,20260318,1.9313,1.13,16.0692,3.4541,2.7939,0.7785,3605497.4491,3605497.4491
300603.SZ,20260318,13.503,1.83,,3.7749,6.3537,,529869.9833,426281.5726
600885.SH,20260318,1.3893,0.78,24.6082,3.7253,2.7909,1.1915,4506594.6395,4506594.6395
600071.SH,20260318,0.993,1.12,90.5328,11.288,3.5251,,568779.2558,568779.2558
601599.SH,20260318,1.6461,0.63,39.4009,3.1252,1.4797,,474661.8633,474661.8633
603043.SH,20260318,0.5902,0.96,19.4182,2.4241,1.7607,3.4747,947572.1611,939550.3711
301227.SZ,20260318,10.3152,2.11,,2.354,6.1439,,386064.447,137572.186
603188.SH,20260318,2.2407,0.8,,3.8566,4.0954,,295918.23,295918.23
300032.SZ,20260318,10.4944,1.69,,7.0465,2.9585,,486720.7824,486720.7824
688755.SH,20260318,2.5289,1.55,59.634,2.8593,4.8337,0.2476,355344.0,71068.8
603978.SH,20260318,3.644,0.52,,3.4372,1.7124,,519925.2584,519925.2584
002272.SZ,20260318,15.1578,0.81,,6.0756,5.4676,,906720.551,722741.6258
601668.SH,20260318,0.6595,0.79,4.6809,0.4336,0.0987,5.3656,20908117.5647,20908117.5647
002297.SZ,20260318,3.6388,0.68,,3.165,7.2827,,665947.7997,665947.7997
601163.SH,20260318,0.4132,0.67,13.1156,0.8623,1.1987,3.5859,1182400.0,1182400.0
688031.SH,20260318,10.6041,1.6,,25.276,48.7136,,2180083.0803,2180083.0803
000417.SZ,20260318,1.9685,1.29,37.506,1.2282,0.8492,1.4845,577894.1922,577259.3412
688143.SH,20260318,3.4243,0.49,305.7871,5.2724,17.8557,0.0839,710612.4654,675262.0827
003032.SZ,20260318,1.4887,1.01,,2.1704,8.1473,,272054.51,186724.6423
600020.SH,20260318,0.5687,0.77,9.1569,0.7845,1.304,4.0964,932659.3103,932659.3103
300782.SZ,20260318,1.7521,0.82,,4.3213,11.4782,0.1275,4276870.868,3583738.9224
000636.SZ,20260318,7.9164,1.2,86.6763,2.0833,4.7546,0.6612,2603279.7248,2603279.7248
603466.SH,20260318,3.1902,0.55,171.2813,2.7951,3.3667,2.0202,588838.1588,588838.1588
300294.SZ,20260318,1.0328,1.29,31.5724,1.3469,5.2615,1.5129,1033205.6642,1033205.6642
002595.SZ,20260318,0.6098,1.15,29.951,6.2672,6.781,0.4476,7136800.0,7088308.6645
688285.SH,20260318,0.5261,1.11,65.443,1.9927,2.8514,0.2235,336779.4721,336779.4721
600973.SH,20260318,1.8818,0.66,,2.5509,0.1944,,932529.0486,932529.0486
600645.SH,20260318,7.0024,2.01,200.9,4.0463,10.2015,,1501647.988,1501074.4595
600180.SH,20260318,1.2726,0.76,253.2481,0.5163,0.1628,0.9284,406398.6715,406398.6715
689009.SH,20260318,1.108,0.62,20.4744,5.2226,1.6846,3.0648,3592328.1956,2762174.2875
002469.SZ,20260318,5.5454,0.64,22.7691,2.345,2.1953,4.2194,615121.7732,596192.3756
600999.SH,20260318,0.4407,0.88,11.3269,1.1518,5.5952,3.0961,13931835.9432,11890052.4457
002936.SZ,20260318,1.5382,0.88,9.184,0.3836,1.3263,1.0363,1754773.6321,1356654.2996
300430.SZ,20260318,2.9313,0.6,83.3719,2.417,6.9477,0.2222,552919.7619,526204.7732
301062.SZ,20260318,2.2061,0.97,,2.5921,3.1162,1.0429,373055.3487,268918.945
300463.SZ,20260318,1.1584,1.11,,1.0992,3.1478,0.9101,695366.6176,565570.184
601177.SH,20260318,0.9024,0.97,24.6082,2.283,2.6672,0.3841,637256.95,624893.72
600671.SH,20260318,1.5154,0.7,78.0997,38.8784,10.292,,258901.9095,258777.8532
603985.SH,20260318,5.4432,1.14,,2.5324,2.1537,,815587.3056,815587.3056
000403.SZ,20260318,1.0218,1.12,23.8207,1.6614,5.5965,1.919,1333407.5326,1319816.3152
300620.SZ,20260318,4.5664,0.61,301.9333,18.3913,30.3492,0.0652,3818941.0327,3787172.3803
601880.SH,20260318,0.938,0.83,27.5249,1.0214,3.5737,1.3657,4125059.2623,3222283.9625
920670.BJ,20260318,3.9926,0.79,230.0343,7.5427,18.8913,,188261.3952,118141.387
300836.SZ,20260318,6.0017,1.87,94.9566,9.983,9.3555,0.3356,569182.331,388171.609
300348.SZ,20260318,2.6213,0.57,3521.5339,5.342,6.3156,0.0502,1130587.2508,988575.1945
002210.SZ,20260318,2.2198,0.96,835.0491,8.1264,41.7724,,774418.7372,772970.6921
300381.SZ,20260318,3.146,1.35,549.4473,1.379,4.2967,1.345,357001.6821,355750.7427
002748.SZ,20260318,2.7043,0.75,68.145,2.1391,1.444,0.4085,293760.0,293760.0
300918.SZ,20260318,1.0496,1.09,41.872,2.0345,4.5803,1.0982,768818.1946,768818.1946
002395.SZ,20260318,1.0067,0.65,8.7547,3.3313,1.9263,0.8034,500746.203,500704.16
300843.SZ,20260318,3.6826,0.63,78.5448,5.8503,5.7625,0.4064,926569.5246,889130.6395
300684.SZ,20260318,5.3101,0.91,50.5677,7.7499,9.1789,1.1933,1623339.9887,1107322.4334
603667.SH,20260318,3.4651,0.65,279.5881,8.5882,7.4195,0.1716,2561588.3762,2561588.3762
688779.SH,20260318,1.8596,0.78,94.2446,3.2059,2.301,,2149150.3492,2149150.3492
300267.SZ,20260318,3.0032,0.62,,1.8182,6.2912,,812666.3188,560422.4051
300553.SZ,20260318,1.7587,0.81,115.3039,5.0475,12.6709,,429543.5028,325984.2277
002457.SZ,20260318,5.348,0.78,19.674,1.6402,1.5229,1.3065,404519.4884,404319.1602
000510.SZ,20260318,5.605,0.65,,8.743,6.0551,,1079176.5321,1009490.2555
601231.SH,20260318,1.7784,0.85,47.629,4.0078,1.4913,0.5705,8827743.2632,8827743.2632
600207.SH,20260318,2.4334,0.9,,2.6099,1.8718,,624176.0934,624176.0934
600226.SH,20260318,1.7239,0.44,81.0945,4.2801,9.1614,,1546678.2365,1546678.2365
688161.SH,20260318,0.3638,0.54,46.9398,3.0206,8.1315,0.857,1251600.0,1251600.0
301381.SZ,20260318,1.261,0.91,36.4007,3.1241,0.713,1.213,831527.3502,402859.9602
000069.SZ,20260318,1.1728,1.4,,0.4187,0.4563,,1921024.1747,1648765.8257
601360.SH,20260318,1.5156,0.61,,2.8401,9.9165,1.6793,8336473.4339,8336473.4339
600109.SH,20260318,0.6705,0.99,13.1942,0.9374,3.8336,1.3524,3268131.8506,3268131.8506
001203.SZ,20260318,2.4932,1.13,79.978,8.1489,13.9849,0.5429,5440902.4638,4668057.8788
000955.SZ,20260318,1.8631,0.8,,4.3681,6.1179,,283195.77,283046.6359
600527.SH,20260318,10.0438,0.72,159.9605,2.1638,8.365,1.921,446794.3127,446794.3127
002719.SZ,20260318,5.6977,1.45,,8.8807,2.7439,,170656.6679,158623.8731
688772.SH,20260318,1.4821,0.61,39.1136,2.5891,1.2826,1.8227,1846594.8832,1846594.8832
301209.SZ,20260318,0.6627,0.68,170.5178,13.3506,19.2467,0.157,1019088.0,870619.617
000008.SZ,20260318,1.88,0.84,,2.6504,3.6493,,776884.0173,776860.9283
300134.SZ,20260318,1.2006,0.77,,2.2282,3.6009,,848852.7946,787934.3146
301138.SZ,20260318,1.2094,0.67,37.7995,4.0013,6.0085,1.6138,446160.0,254906.6005
603323.SH,20260318,1.22,0.82,5.0093,0.5393,2.4419,5.0027,1023400.5086,1023400.5086
300528.SZ,20260318,1.7475,0.71,,11.7544,8.6482,,621137.626,621137.626
000691.SZ,20260318,1.7072,1.02,,,9.1195,,407805.105,271870.07
002551.SZ,20260318,1.7374,0.94,,1.2526,2.7076,0.2081,324669.918,234695.7012
301361.SZ,20260318,15.9107,0.45,49.8402,4.1045,17.3888,0.3969,492450.288,128869.452
000096.SZ,20260318,2.5676,0.66,91.9184,1.9972,3.777,0.7096,558096.0,539966.336
300698.SZ,20260318,1.8043,0.89,114.836,9.5393,6.705,,491110.0,434470.8811
688602.SH,20260318,2.0049,0.82,,1.5504,5.466,,421732.5,210792.0827
600712.SH,20260318,1.108,0.76,,4.4147,6.053,,351847.3626,347966.8477
300167.SZ,20260318,2.9925,0.93,177.1066,83.1913,5.0531,,239075.636,220360.4555
600773.SH,20260318,3.0701,0.57,340.0351,3.5372,9.2956,0.057,1670034.9481,1670034.9481
920790.BJ,20260318,1.2893,1.08,311.2004,7.7222,12.686,0.982,241244.2461,166036.0667
605398.SH,20260318,1.3975,0.53,716.0154,4.6529,9.1585,0.0502,479199.7362,479199.7362
603855.SH,20260318,1.1914,1.12,15.4417,3.2503,1.7763,4.963,680084.665,676097.9875
002824.SZ,20260318,8.7066,3.11,49.1064,2.7146,1.6317,0.7721,614578.2051,434502.2515
603278.SH,20260318,1.6774,0.95,,1.9452,0.7751,,390289.2257,390289.2257
605577.SH,20260318,0.5308,0.99,22.3323,1.5274,3.9284,1.0981,607111.1119,607111.1119
603106.SH,20260318,0.9187,0.79,54.9245,3.9358,11.5491,0.3033,514794.28,514794.28
688568.SH,20260318,1.4291,0.67,1747.8003,14.3623,20.2707,0.13,5434330.6832,5434330.6832
601101.SH,20260318,1.5598,0.58,25.9065,1.0107,1.4198,5.4009,1221118.2412,1221118.2412
000795.SZ,20260318,1.4365,0.9,44.7514,4.166,2.7988,2.6556,1082668.3184,1082668.3184
603567.SH,20260318,1.3869,1.13,,0.9477,4.3306,2.0433,690691.442,689622.7446
301188.SZ,20260318,1.3379,0.59,103.4652,2.5146,4.9526,0.4736,480891.4414,480891.4414
603939.SH,20260318,0.4966,0.58,18.0977,2.7135,1.232,2.8549,2972785.0835,2972785.0835
300441.SZ,20260318,1.2595,1.43,17.4995,2.056,2.8005,3.8071,507799.704,493720.7389
301349.SZ,20260318,2.4783,0.43,283.2311,1.9418,4.8717,,529482.0,529482.0
603331.SH,20260318,3.3888,0.59,44.7226,2.4049,2.0876,0.507,319033.1536,319033.1536
301248.SZ,20260318,12.5724,2.02,7442.6585,6.0574,11.7848,0.0331,925304.1,676218.774
002565.SZ,20260318,24.7837,4.16,303.0778,9.2131,13.3658,0.2401,1718242.0426,1718169.0976
603345.SH,20260318,1.0238,0.75,20.7666,1.9043,1.8678,2.8122,2880282.9503,2534648.7529
600375.SH,20260318,1.1169,0.68,15.5507,2.6507,1.5844,,886498.466,808865.2253
601699.SH,20260318,0.9535,0.62,35.432,0.9135,1.4097,2.8711,4271732.3376,4271732.3376
300667.SZ,20260318,3.5103,1.04,,3.0449,4.7901,,345016.3618,291054.9792
688787.SH,20260318,7.2676,1.16,690.0674,13.0955,25.7641,0.2157,971235.398,971235.398
300755.SZ,20260318,0.711,0.56,,1.9821,0.8519,0.6549,578932.9776,578443.3273
600163.SH,20260318,2.2166,0.54,21.5988,1.772,7.1338,1.2828,1231238.5045,1231238.5045
301063.SZ,20260318,6.1626,0.69,47.3338,1.7938,1.5749,0.5566,281252.1512,270703.6625
688757.SH,20260318,17.8125,6.32,195.5249,13.7092,23.0017,0.6589,1218000.6877,105835.2024
688531.SH,20260318,3.38,1.14,70.0069,3.6279,11.4067,0.5574,1222083.2698,789393.0949
300318.SZ,20260318,0.8439,1.1,,3.8179,6.1582,,513830.4114,502281.3354
300610.SZ,20260318,3.3525,0.63,38.0447,2.3088,3.0318,1.6078,266394.8872,199761.5527
603915.SH,20260318,0.8046,0.88,39.1575,2.933,3.9955,1.4916,1058491.5578,1058491.5578
300510.SZ,20260318,4.2643,0.85,,1.797,4.1078,,398325.6081,398325.6081
301226.SZ,20260318,17.6165,2.07,152.0841,4.7622,8.4893,0.2506,434112.0,434112.0
600337.SH,20260318,4.7571,0.75,,1.5951,1.2748,,400922.4802,400922.4802
920179.BJ,20260318,1.7686,0.55,133.7931,4.1494,10.999,0.2889,311425.38,248070.541
688580.SH,20260318,1.2797,0.36,40.844,3.299,12.0603,1.3721,558059.2952,558059.2952
300849.SZ,20260318,1.761,0.78,,5.2309,9.9053,,308250.0,249616.7873
002633.SZ,20260318,1.9023,0.49,476.4183,6.7075,9.085,,285450.0,284343.8813
301607.SZ,20260318,2.9531,0.61,51.4151,6.7237,2.3149,0.0261,766222.5671,551398.0093
300543.SZ,20260318,1.9913,1.37,91.635,2.2459,2.0095,0.9302,329349.1841,268963.7186
603233.SH,20260318,0.3651,1.05,18.7701,3.2087,0.7958,3.4462,2135340.1256,2135340.1256
300827.SZ,20260318,5.4859,0.44,48.407,5.1108,3.9303,0.2068,2070892.6739,1433109.328
688455.SH,20260318,1.112,0.81,120.1,4.0035,1.6693,,381597.6425,381597.6425
301558.SZ,20260318,3.528,1.04,2151.2227,5.0952,3.9416,,691033.6713,192090.8367
300912.SZ,20260318,5.01,0.73,,6.2278,5.5153,,306964.704,229620.2572
301511.SZ,20260318,6.5158,0.5,967.0033,6.0884,2.2564,,2474013.85,1470426.8752
688355.SH,20260318,1.5168,0.66,33.807,2.4477,5.0825,2.06,269604.4566,269604.4566
600019.SH,20260318,0.809,0.97,15.5072,0.7166,0.4696,3.2216,14637560.9513,14637560.9513
603507.SH,20260318,7.8993,0.59,119.8465,2.8143,1.7419,0.8001,681546.2333,672193.9913
600886.SH,20260318,0.2752,0.42,17.7181,1.7598,2.1599,3.1332,11662548.1397,10860739.9642
688171.SH,20260318,0.8585,0.56,364.0802,5.3469,31.9932,0.078,445088.0742,445088.0742
002666.SZ,20260318,3.2058,0.62,67.0394,1.3357,0.8696,1.5091,472011.5813,299900.2524
000409.SZ,20260318,1.1598,0.82,118.8492,4.7325,5.3749,,744170.0545,648351.5791
600395.SH,20260318,1.6114,0.79,250.0703,1.228,1.3327,0.6656,1290121.5613,1290121.5613
300906.SZ,20260318,1.2088,0.97,38.8733,2.9392,16.5813,1.511,264720.0,238899.873
601890.SH,20260318,5.1823,0.71,36.3863,2.9485,5.2843,1.2302,1091797.2,1091797.2
301498.SZ,20260318,1.1226,1.18,33.9973,5.0695,3.5948,0.8817,2268678.6386,1016585.7172
300535.SZ,20260318,2.1463,0.77,,2.3971,3.126,,232126.0828,169411.2026
000533.SZ,20260318,36.0067,1.07,132.1067,14.3929,5.8537,,1364361.6,1352682.24
003031.SZ,20260318,2.3222,0.54,57.3693,5.5907,12.1093,0.5385,3518212.3002,2653222.2288
002009.SZ,20260318,6.4938,0.79,,5.1864,3.6594,,1038566.1405,914344.4732
600106.SH,20260318,0.6433,0.91,33.9473,1.5065,69.0863,0.6133,780137.7114,780137.7114
000586.SZ,20260318,3.3508,0.63,370.3899,8.7855,5.8763,,297510.72,294050.22
688013.SH,20260318,0.8927,0.94,38.603,5.7511,9.9353,2.4734,324622.4,324622.4
601800.SH,20260318,0.349,0.56,6.3509,0.4519,0.1759,3.4466,13182461.8223,9540534.1523
603568.SH,20260318,0.4163,1.03,16.8319,3.1407,6.5544,1.7709,4591693.8384,4583413.2984
688425.SH,20260318,0.811,0.81,18.8449,1.5034,2.7821,1.6221,2794752.428,2794752.428
688428.SH,20260318,2.8852,1.08,,6.4468,30.1109,,4296908.0231,653455.9109
002273.SZ,20260318,3.1356,0.61,30.6233,3.6793,5.2706,1.1701,3526643.3125,3454569.2617
600487.SH,20260318,5.6393,0.94,38.7988,3.5674,1.6337,0.512,10979435.9583,10883501.1874
002881.SZ,20260318,2.4651,0.57,84.4124,5.0848,3.7103,0.2947,1328527.4733,800287.943
301092.SZ,20260318,4.9749,0.79,47.148,2.5467,7.714,0.7037,493744.4923,222727.1033
920720.BJ,20260318,1.772,1.06,55.0343,6.7391,4.6916,0.9004,338001.3498,94445.9127
600673.SH,20260318,2.5329,0.84,110.9271,11.0286,7.514,,10738092.4505,10709558.6835
688561.SH,20260318,0.8588,0.7,,3.081,5.2339,,2298509.4305,2298509.4305
600955.SH,20260318,0.6549,0.41,,1.1028,1.024,0.1767,927850.0,927850.0
002712.SZ,20260318,1.776,0.86,,2.213,0.4231,,301529.0137,299658.7512
603566.SH,20260318,0.9097,0.82,32.6143,1.867,4.2449,4.3783,468568.3176,468568.3176
920208.BJ,20260318,0.6755,1.13,17.2594,3.0106,3.3516,2.9479,324208.4343,236850.4646
000061.SZ,20260318,0.5262,0.75,52.5979,2.0958,2.4813,0.6747,1760660.5826,1505179.5763
605507.SH,20260318,0.9972,0.94,17.4378,1.8403,2.5616,2.2008,1522235.214,1522235.214
002082.SZ,20260318,1.4793,0.61,,4.3683,9.4795,,1085136.3836,981470.6836
601108.SH,20260318,0.5705,0.77,13.2665,1.0515,5.5802,2.0302,3854323.7191,3854323.7191
920519.BJ,20260318,2.2876,1.03,51.6436,2.1296,2.5257,0.7901,111572.63,78742.9425
301229.SZ,20260318,1.741,1.11,87.5784,2.7124,3.1974,0.8849,339020.6344,241108.3936
301378.SZ,20260318,3.5335,0.78,,2.5502,8.194,,332883.6,158221.4738
920981.BJ,20260318,1.382,0.69,239.02,4.5515,4.0125,0.4955,231468.636,112936.2137
601100.SH,20260318,0.7142,1.42,49.5804,8.3482,13.5721,0.9644,13902972.866,13902972.866
688075.SH,20260318,0.2088,0.6,68.1115,0.9668,11.0195,2.0341,499816.6721,499816.6721
600478.SH,20260318,2.0933,0.65,65.5766,4.2751,2.7209,,1240827.9824,1240827.9824
688600.SH,20260318,1.428,0.38,61.2279,4.4032,4.9129,0.3592,348894.9891,348894.9891
301336.SZ,20260318,2.2668,0.82,70.1629,2.669,6.0159,0.4054,221240.0,168309.9727
301285.SZ,20260318,3.3035,0.82,,15.7899,18.2971,0.0641,1608925.95,611121.0053
920036.BJ,20260318,39.3531,0.7,40.1029,5.3804,3.959,,317388.0951,76173.3675
603266.SH,20260318,0.9098,0.53,35.5188,2.495,2.9331,0.8629,391806.8975,391806.8975
603076.SH,20260318,1.6011,0.71,224.2822,2.4511,2.1286,1.5192,317806.6388,317806.6388
300880.SZ,20260318,5.3164,0.61,51.4173,4.3666,6.1771,1.919,457596.9216,457548.1175
300175.SZ,20260318,0.4986,0.49,,5.9113,11.3853,,305078.4,305078.4
301281.SZ,20260318,4.9901,0.65,101.9748,3.8858,12.2307,0.4066,532678.51,338682.988
300508.SZ,20260318,2.5824,0.79,49.9973,5.1413,8.3952,0.4661,435276.4737,327891.8385
002058.SZ,20260318,1.0419,1.58,16.4691,77.5476,4.8993,,310278.7421,309563.7603
688303.SH,20260318,0.5685,0.85,,1.2331,9.9445,,4811696.4389,4811696.4389
600262.SH,20260318,2.0558,1.02,18.0068,2.5753,1.3085,1.1849,453390.0,453390.0
002375.SZ,20260318,0.8223,0.82,17.7066,0.6803,0.5211,1.6309,557438.5432,551946.1784
000799.SZ,20260318,2.1013,0.81,,4.0091,15.2043,1.2925,1508320.3252,1508188.0282
300333.SZ,20260318,1.3777,1.0,,5.8629,28.6319,,340032.0,338797.4278
301230.SZ,20260318,1.8792,0.78,149.4707,5.4537,8.1936,1.2575,546900.3184,492162.8219
002386.SZ,20260318,2.5488,0.73,,1.0619,0.6715,,797909.6557,797760.9812
300720.SZ,20260318,6.0032,0.87,265.3023,17.5398,45.8092,0.2846,1027003.1391,920415.9926
301330.SZ,20260318,1.939,0.61,46.6795,2.6201,4.4894,1.0971,889628.859,734535.5006
601002.SH,20260318,1.2202,0.94,24.9155,1.2402,2.2176,1.8116,526851.2774,526851.2774
688121.SH,20260318,1.4726,0.54,39.0151,1.1251,1.3059,,285009.0837,247253.3337
002047.SZ,20260318,1.8465,0.57,,,7.8162,,876391.7446,876347.2495
300210.SZ,20260318,1.1674,0.95,,10.6373,12.4792,,439187.4974,438766.6448
002611.SZ,20260318,1.8213,0.85,29.8901,3.7303,4.1867,0.7775,2035302.7605,1675674.5661
603528.SH,20260318,0.9931,0.91,,3.22,14.8571,0.5726,612041.4236,612041.4236
688609.SH,20260318,0.8949,0.72,,5.5562,1.8136,,433500.0,433500.0
301041.SZ,20260318,9.6456,1.04,132.1709,4.8874,4.5626,0.3232,326120.76,241260.3934
300067.SZ,20260318,3.0006,0.68,,2.2518,5.6126,0.2053,562180.4175,456554.5526
920527.BJ,20260318,1.0709,0.98,57.4249,2.583,2.752,0.8758,101472.163,61336.4155
603329.SH,20260318,1.4149,1.27,77.5618,1.9792,0.6108,0.1711,278306.9578,229704.338
000700.SZ,20260318,1.9483,0.66,24.0672,2.9932,1.5907,2.6964,1112634.6515,1112634.6515
603069.SH,20260318,1.3195,1.2,,7.4892,8.8748,,606088.0,606088.0
600976.SH,20260318,0.4605,0.81,14.9826,1.8932,1.5395,2.824,488881.3382,488562.6382
300947.SZ,20260318,2.3544,1.0,124.9522,2.1944,2.2442,,274163.7805,274055.004
300846.SZ,20260318,19.0166,1.1,,19.5138,13.1478,,1669614.7731,1302868.0449
000007.SZ,20260318,2.8035,0.99,91.2228,28.2966,11.4132,,516900.4816,516900.4816
003816.SZ,20260318,0.3994,0.65,22.2798,1.6997,2.4873,2.2891,20956977.5814,16324073.2064
000788.SZ,20260318,1.4592,0.82,25.1911,2.4166,2.0591,3.7562,361764.367,361764.367
920931.BJ,20260318,2.472,0.76,115.5963,3.118,3.9285,0.7675,122390.79,37494.8674
002632.SZ,20260318,4.4172,0.59,42.1279,4.0383,5.7118,1.8759,865694.3387,806494.0112
301277.SZ,20260318,0.6515,1.34,39.677,3.2247,7.3219,2.2821,490882.1568,490882.1568
920508.BJ,20260318,2.7272,0.73,571.9469,6.6856,14.7208,0.7659,130560.0,69427.2928
002332.SZ,20260318,0.956,1.07,32.9274,1.5291,2.5107,4.3908,901165.6329,896946.6507
002762.SZ,20260318,1.6155,1.06,,3.2249,7.1254,0.7112,248879.575,148599.0391
603232.SH,20260318,4.5122,0.63,566.6791,3.9737,12.378,0.219,534643.7334,528289.1886
300025.SZ,20260318,2.1418,1.15,,5.6233,4.8296,,303240.5815,301809.7041
300605.SZ,20260318,3.2617,1.15,,5.1957,6.6382,,252002.1811,182336.4875
300033.SZ,20260318,2.6458,0.97,53.8224,18.1743,28.6126,0.9661,17250508.8,10048374.9447
301223.SZ,20260318,4.4427,1.97,25.0051,1.3942,1.3291,1.623,413872.3611,240048.2736
000655.SZ,20260318,1.6408,0.59,20.9255,1.6651,3.402,2.1762,574503.322,574503.322
605009.SH,20260318,0.405,1.03,21.4905,1.8815,1.7663,2.0405,637025.3735,636942.4375
688458.SH,20260318,1.505,0.8,,2.2947,7.5446,,418820.0419,319432.3715
605098.SH,20260318,1.1176,0.75,23.1244,7.3766,8.4922,4.0179,667806.16,667806.16
301568.SZ,20260318,8.9749,0.76,54.6936,5.5717,12.6561,1.0223,561932.2128,259035.7171
301095.SZ,20260318,1.8292,0.7,131.8745,4.6071,21.0265,0.3409,1445028.0499,1259048.777
002400.SZ,20260318,2.9588,0.77,152.0908,3.2325,0.7448,0.3142,1609100.1691,1593249.9424
600984.SH,20260318,2.9773,0.77,,2.4828,2.1167,,536757.756,536757.756
603605.SH,20260318,0.4445,0.94,16.9731,5.054,2.4556,2.926,2679173.6025,2679173.6025
600986.SH,20260318,4.7911,0.93,124.155,3.0118,2.0412,,1573641.7576,1573641.7576
600848.SH,20260318,0.3363,1.04,16.6268,1.3431,2.4102,1.9194,2628431.4582,2494456.5885
603456.SH,20260318,0.8696,0.83,20.6221,1.7027,2.7834,2.9573,1490711.5429,1490711.5429
000988.SZ,20260318,9.7922,0.67,71.9319,10.5831,8.3963,0.1742,11541160.0709,11535225.371
603025.SH,20260318,0.6273,1.06,25.2057,6.698,6.1423,2.2229,1746448.065,1734749.345
600023.SH,20260318,0.4897,0.73,10.0527,0.9841,0.9092,6.2271,7321168.081,7321168.081
002683.SZ,20260318,1.0448,0.71,36.7759,4.9746,1.7508,1.4778,3314618.6448,2907530.8684
600212.SH,20260318,1.1319,0.54,175.096,9.967,3.7108,,537266.6125,405290.5025
000720.SZ,20260318,3.432,0.58,,2.1371,3.6011,,503869.16,503869.16
000969.SZ,20260318,1.7939,0.53,72.3426,4.0133,3.0129,0.9252,2271222.9363,2234958.9515
603585.SH,20260318,1.5845,0.57,32.1261,1.5153,1.4111,,384810.0659,376254.9209
600728.SH,20260318,1.1287,0.86,49.5869,1.6856,1.2966,,1324344.1411,1324344.1411
688362.SH,20260318,1.5854,0.73,196.3564,6.2885,3.6697,,1614840.24,1614840.24
300791.SZ,20260318,0.6067,1.17,18.2785,2.5721,1.4181,2.4287,631573.9631,526645.6197
002821.SZ,20260318,0.7554,0.8,34.5497,2.0687,5.7025,1.1012,3589262.4516,3152881.3336
601127.SH,20260318,1.0148,0.71,24.4806,4.4103,1.1856,1.2615,17675922.6676,15319759.9124
000516.SZ,20260318,3.571,0.64,,3.4681,2.7529,,1157509.6213,1139910.6911
000902.SZ,20260318,2.0177,0.92,14.1738,1.9395,1.3397,1.6854,2233425.9415,2034153.4855
600746.SH,20260318,3.095,0.88,76.0015,1.8335,1.6338,0.576,999673.5087,998166.489
603773.SH,20260318,5.9882,0.66,,7.5282,3.5473,0.1261,879089.2309,878784.0169
301072.SZ,20260318,1.672,0.76,,3.394,3.2815,,254421.3757,162612.8935
600004.SH,20260318,0.4242,1.02,17.401,1.1409,3.0122,1.5774,2355601.5626,2163180.5107
300901.SZ,20260318,0.6575,0.84,,4.0568,11.7685,,392880.0,392880.0
600590.SH,20260318,11.4257,1.33,,4.1179,2.816,,1316830.894,1302471.3435
601083.SH,20260318,7.7067,1.13,10.8056,1.8087,2.3339,3.9323,1606002.92,240902.92
920370.BJ,20260318,1.4126,0.86,,1.8704,2.7489,,108702.5702,94646.5062
688766.SH,20260318,5.5506,1.35,197.78,17.0297,17.7537,0.11,4118429.9194,4118429.9194
000099.SZ,20260318,1.2332,0.59,49.8382,2.8004,6.8818,0.9481,1538352.1817,1538352.1817
688293.SH,20260318,0.5653,0.79,147.3482,2.3453,17.3118,0.7947,614420.2229,537800.2277
300342.SZ,20260318,13.9231,2.29,321.73,12.1881,21.7929,0.1446,1910957.868,1882919.688
300964.SZ,20260318,14.7726,1.18,145.5474,5.2578,6.6435,0.2942,518803.3463,380698.7941
688184.SH,20260318,0.3947,0.38,,1.5342,2.4658,,166045.6046,104908.9646
301043.SZ,20260318,2.4799,0.74,46.5971,4.7817,6.7902,2.4763,400928.0,334584.734
300828.SZ,20260318,12.489,2.57,78.8638,4.5997,5.7426,,358140.144,268436.5849
603316.SH,20260318,7.2506,1.01,,8.1853,8.6012,,433128.696,433128.696
301571.SZ,20260318,2.9837,0.83,54.2213,5.4129,10.0186,0.1576,1104187.0378,733353.6565
600468.SH,20260318,5.9102,0.7,,4.8581,4.4942,,975698.5829,975698.5829
300217.SZ,20260318,2.7907,0.58,42.939,1.9287,2.3444,0.5839,809931.3631,672369.4286
600864.SH,20260318,3.1,2.4,22.2527,1.0436,8.4055,0.753,1381498.8253,1381498.8253
688056.SH,20260318,0.9337,0.84,63.0504,3.0682,6.1729,1.6137,248292.5053,248292.5053
600626.SH,20260318,0.8729,0.95,68.8283,1.8295,0.5461,,587731.3768,493050.526
002930.SZ,20260318,2.6507,0.72,,2.6468,4.9868,1.4815,617611.3299,584171.9055
688052.SH,20260318,1.0984,0.66,,3.2319,7.6709,,2583435.8566,2264206.6866
000407.SZ,20260318,4.0515,0.82,34.3505,1.4451,1.0786,1.1446,438282.1587,436139.5416
000668.SZ,20260318,1.2256,1.03,,3.0101,7.6016,,212627.0567,212627.0567
603551.SH,20260318,1.2608,1.35,16.6003,3.8989,2.6855,6.5999,490162.1361,483766.6561
603617.SH,20260318,2.1784,1.36,63.3078,2.0416,2.8057,1.0195,306391.7109,301542.0909
603601.SH,20260318,18.1933,1.4,165.7237,5.0738,9.851,0.2292,1344535.3229,1344535.3229
600724.SH,20260318,0.5561,0.63,41.4089,3.293,5.8149,3.3493,906166.1515,905979.0503
300993.SZ,20260318,0.7726,0.87,24.0016,2.638,5.224,0.749,403343.7408,315199.5751
600232.SH,20260318,2.9625,0.81,,3.1985,2.5357,1.2136,300528.0803,300528.0803
603083.SH,20260318,6.9365,0.62,144.7064,5.2314,9.3415,0.2292,3968374.6474,3101195.9614
002749.SZ,20260318,0.5504,0.51,16.8009,3.5276,3.0408,7.4078,630516.7596,613336.1953
001330.SZ,20260318,3.1483,0.65,,2.3757,6.7519,,995151.7444,995151.7444
603035.SH,20260318,0.7212,0.83,13.9341,1.0182,0.819,2.3611,540728.2901,540728.2901
600649.SH,20260318,2.6391,1.21,41.2152,0.5693,0.8278,0.8368,1197151.3671,1197151.3671
002571.SZ,20260318,2.412,0.79,,4.897,2.7954,,478179.854,363933.5494
600184.SH,20260318,2.005,1.11,,2.805,5.6976,,950428.5003,950428.5003
300212.SZ,20260318,1.6769,0.74,,29.5965,17.9689,,804839.7278,780936.1074
000078.SZ,20260318,1.8796,0.94,,4.6347,0.3096,,844590.5655,843087.6053
603970.SH,20260318,1.3039,0.7,19.9309,2.3104,0.3243,3.3809,357772.9784,357772.9784
300882.SZ,20260318,2.0554,0.61,37.2919,4.9855,5.4641,0.219,653397.3122,608024.6095
688244.SH,20260318,1.0037,0.68,,3.3491,11.0467,0.1552,326982.6502,326982.6502
002738.SZ,20260318,2.7584,0.79,127.0557,4.3937,7.9823,0.6834,5278434.5721,5201981.026
688009.SH,20260318,0.4774,0.69,17.0372,1.3182,1.7987,2.8862,6237403.391,5077779.602
000420.SZ,20260318,15.9019,1.03,,2.8074,2.4327,,1241728.5132,1241305.7272
920553.BJ,20260318,0.9209,0.35,56.8111,3.8295,2.9695,0.8421,136505.937,87271.9571
688690.SH,20260318,0.7908,0.98,77.8479,5.552,11.4504,0.2384,1058802.3138,1058802.3138
603284.SH,20260318,15.2264,1.06,27.439,1.8215,1.4932,,378883.9552,92810.3767
300995.SZ,20260318,1.9234,0.56,154.8651,4.7971,8.1078,0.6217,304022.6052,216926.2506
688533.SH,20260318,3.0054,1.41,24.9914,2.7182,1.5223,1.5926,460148.8573,460148.8573
301158.SZ,20260318,5.5999,0.55,30.3135,2.9,5.5737,1.2296,397579.6284,387400.0196
601118.SH,20260318,2.1821,0.8,105.3858,3.1385,0.5997,0.1533,3042673.1637,3042673.1637
603285.SH,20260318,1.9475,0.42,40.8746,3.2827,8.8236,0.5814,550400.0,214300.9232
000989.SZ,20260318,1.8225,1.21,61.7963,2.157,4.069,3.2241,787466.651,638621.4528
601179.SH,20260318,5.8773,0.86,75.8735,4.044,3.8169,0.3866,9149699.9983,9149699.9983
300453.SZ,20260318,3.4168,0.79,19.8897,3.5861,3.1833,3.0009,522084.275,359859.715
300991.SZ,20260318,2.3641,0.65,333.5057,13.3073,11.8105,0.0509,849312.0,543453.516
301008.SZ,20260318,0.9748,0.82,120.3395,2.7289,3.5582,0.2762,408343.3636,361199.2036
002194.SZ,20260318,2.486,0.58,,3.3459,5.7376,0.5752,831558.8259,621757.7242
002322.SZ,20260318,2.452,0.68,22.5985,1.9877,4.7815,4.5175,516491.0216,496527.7464
300056.SZ,20260318,5.0321,0.87,,24.6581,7.9919,,363902.9782,363581.8294
300567.SZ,20260318,2.8698,0.8,,10.3626,12.1853,,3661869.1186,2972064.0011
688502.SH,20260318,1.5253,0.87,369.1566,13.3858,24.8024,0.1043,1712620.8,1712620.8
600795.SH,20260318,1.0374,0.69,11.9754,1.4945,0.5209,4.2169,8882138.3028,8882138.3028
300965.SZ,20260318,0.7416,0.86,100.6649,2.751,16.0982,1.0404,334500.0,310604.1563
300922.SZ,20260318,1.8121,0.8,76.8761,3.4847,13.1006,0.8596,325145.3133,255742.7937
300614.SZ,20260318,2.1867,0.62,,2.2308,5.7477,,236008.2388,236008.2388
001696.SZ,20260318,3.5117,0.51,28.6301,4.3228,1.872,0.9662,2370205.7244,1845194.3258
000712.SZ,20260318,1.9171,0.76,62.1943,3.8964,12.1251,,988288.0,987994.7399
000679.SZ,20260318,1.3147,0.79,,12.5119,4.8791,,246985.2,246985.2
603290.SH,20260318,3.3376,1.27,57.5019,3.8765,6.7597,0.5682,2680665.9784,2680665.9784
603207.SH,20260318,1.7943,1.0,21.4456,4.8449,9.0738,7.7149,457854.54,154876.8
603039.SH,20260318,1.1917,0.43,51.0652,5.3353,4.8645,0.3498,1106731.8277,1106731.8277
601929.SH,20260318,1.9015,0.84,,2.2243,5.4987,,1113242.4256,1113242.4256
002101.SZ,20260318,0.6114,0.87,22.0404,1.0097,0.8672,2.6347,789278.9719,786708.0924
000826.SZ,20260318,2.7866,0.65,,79.9229,0.69,,334958.0133,334915.6454
920392.BJ,20260318,1.337,0.87,81.0463,4.8916,2.2603,0.3498,166812.745,79657.4911
688290.SH,20260318,1.7361,2.07,,4.3719,27.2765,0.2148,544262.4168,544262.4168
688288.SH,20260318,1.5842,1.09,90.8726,3.5345,3.8319,,267400.913,267400.913
605599.SH,20260318,0.4789,0.88,22.6415,4.4138,0.7247,3.047,1837888.9414,1837888.9414
603082.SH,20260318,2.0523,0.53,36.2848,3.7769,2.994,1.5629,602026.4121,150506.6559
688758.SH,20260318,0.5541,0.72,61.5164,5.7506,19.297,0.3589,777538.4448,556708.9156
920943.BJ,20260318,1.671,0.93,30.555,3.4195,2.2911,1.1226,226088.1088,115376.0441
688331.SH,20260318,5.9119,1.34,98.2724,29.5682,21.4172,,6962829.7528,2011753.5365
920019.BJ,20260318,0.9427,0.62,98.2479,4.6164,2.8037,0.9965,422005.2669,336244.0817
300569.SZ,20260318,15.3342,0.97,,1.5111,1.9737,0.1283,781355.9523,778982.5916
603385.SH,20260318,1.1791,1.26,44.8199,0.7251,0.8515,1.5385,272175.4521,272175.4521
002812.SZ,20260318,3.4714,0.76,,2.6836,5.5192,,6756692.3224,5658900.9232
000017.SZ,20260318,1.5163,0.96,122.4333,13.2023,5.6276,,494145.597,316069.3389
600965.SH,20260318,1.3006,0.62,62.2461,2.1902,4.324,0.6529,476483.9558,476483.9558
301577.SZ,20260318,7.8675,0.55,107.2964,4.0154,7.0962,0.4336,306200.6,128119.854
301565.SZ,20260318,2.0905,0.76,139.7212,3.7554,4.1131,,904422.61,289430.61
688559.SH,20260318,5.1581,1.2,,5.9828,3.3925,,1420898.1173,1420898.1173
600780.SH,20260318,1.8613,0.76,12.6223,0.9467,0.696,,776182.2081,776182.2081
603344.SH,20260318,1.9607,0.63,28.322,2.6145,2.1334,1.0977,549355.4875,152583.4875
601166.SH,20260318,0.3002,0.87,5.1767,0.5021,1.8851,8.5752,40103612.1105,40103612.1105
600629.SH,20260318,1.5942,0.46,69.0628,3.8781,2.6905,0.5755,2057117.9571,2020608.146
600343.SH,20260318,5.1071,0.82,,14.8327,23.9139,,2011626.4089,2011626.4089
920436.BJ,20260318,1.0823,1.52,,3.6941,0.8276,,142091.904,133657.6991
001296.SZ,20260318,2.4621,0.93,26.9498,2.1904,3.2846,1.5366,383401.9534,196969.9819
301052.SZ,20260318,5.2027,1.28,111.5792,4.903,5.1475,0.1485,353284.8402,286299.4308
002294.SZ,20260318,1.0063,1.01,98.012,7.5142,15.5014,0.8456,6591910.1715,6590427.197
000014.SZ,20260318,15.2789,2.51,,2.5302,12.0188,,372751.185,372751.185
002055.SZ,20260318,3.6878,1.12,,2.5558,0.799,,365111.9703,358769.9703
603586.SH,20260318,0.4098,0.57,22.1763,1.5171,1.8466,2.809,348973.9484,348973.9484
002054.SZ,20260318,3.5306,0.63,49.3728,1.7401,1.453,0.7493,441135.6386,351703.7371
600136.SH,20260318,0.8996,1.26,,15.274,5.2366,,363267.0157,345869.9299
002987.SZ,20260318,1.1064,0.66,46.6736,5.2803,3.1956,1.0074,1538006.8495,1495609.4072
603602.SH,20260318,1.9257,1.2,114.3692,2.9946,1.9713,0.4816,323249.4341,323249.4341
001359.SZ,20260318,1.9357,0.59,55.0957,7.1031,12.0156,0.4759,1403145.9401,350818.32
601933.SH,20260318,1.4261,1.29,,9.7863,0.6513,,3611864.7232,3611864.7232
920942.BJ,20260318,1.9618,0.74,79.929,3.4225,9.6143,0.539,170673.3193,115150.3876
601658.SH,20260318,0.2506,1.04,7.0634,0.6168,1.7428,4.1542,61608762.4414,34433788.7376
002819.SZ,20260318,1.0337,0.54,,2.0167,2.6855,0.0882,810744.9306,636124.5317
688718.SH,20260318,0.8251,0.54,60.0705,3.4719,6.5946,0.7239,276964.4961,276964.4961
603306.SH,20260318,2.4733,0.6,105.5502,8.6351,10.9008,0.1069,2678788.7647,2678788.7647
002424.SZ,20260318,0.8627,0.47,3203.9256,2.1801,2.2572,,711377.5856,617526.1866
603328.SH,20260318,3.9073,1.31,27.36,2.965,3.1799,1.5445,1280003.4273,1280003.4273
603989.SH,20260318,1.3128,0.98,32.7228,1.921,1.8606,0.8264,723785.4459,723785.4459
603194.SH,20260318,0.6048,0.58,16.209,2.7418,2.0359,2.4873,1418738.0,559099.2182
600884.SH,20260318,3.4692,0.6,,1.418,1.5397,,3110937.9895,2537956.7787
688325.SH,20260318,3.2985,1.11,119.8407,6.567,23.628,0.7288,1154607.3571,1094643.8661
002237.SZ,20260318,1.6867,0.67,36.3493,1.768,0.2449,0.7027,2303682.3273,1920885.5289
300113.SZ,20260318,19.3107,1.34,54.6145,7.8577,10.1704,0.3057,1985075.9021,1505498.9429
601808.SH,20260318,1.135,0.76,20.9129,1.7748,1.6486,1.3485,8159422.32,5062400.28
603488.SH,20260318,1.7335,0.64,,3.2944,6.4789,0.2947,297246.2679,297246.2679
603006.SH,20260318,1.0266,1.12,46.6892,2.6479,4.061,5.5965,345277.2715,345277.2715
600797.SH,20260318,3.8564,1.07,588.0806,2.9048,2.9787,,1014168.5272,1014168.5272
300041.SZ,20260318,4.2702,1.56,40.727,2.1782,1.4837,1.3321,629923.4429,612642.1028
300678.SZ,20260318,1.4572,0.7,1183.7043,11.0538,19.3858,0.1584,935395.1407,919274.6146
688180.SH,20260318,2.287,1.04,,5.6796,13.7088,,3425037.4097,2556690.9545
920242.BJ,20260318,0.5607,0.95,19.4945,2.4796,2.1318,1.5833,166313.8733,93485.0383
688251.SH,20260318,3.7063,0.92,112.6848,4.3346,3.642,0.3453,372229.1205,369642.173
603127.SH,20260318,4.4753,1.99,97.4768,2.7019,13.1529,0.1019,2194091.5882,1845673.625
000929.SZ,20260318,1.252,0.78,,4.1738,7.7382,,195054.3,195041.9342
920130.BJ,20260318,1.4842,0.48,,4.4433,6.0652,,211974.9563,130038.3485
002191.SZ,20260318,0.7249,0.79,,0.8559,2.2315,,572000.8606,567563.1212
600582.SH,20260318,0.8268,0.64,9.0466,0.9881,0.8688,5.2053,2520400.6352,2520400.6352
300845.SZ,20260318,4.4932,0.92,51.979,3.2118,6.649,1.9638,257257.0161,180906.1392
603565.SH,20260318,0.4872,0.69,10.947,2.368,2.1839,10.9515,2339470.2967,2339470.2967
002076.SZ,20260318,2.155,0.88,,7.743,10.3143,,244007.388,229300.331
688409.SH,20260318,1.6368,1.02,,6.0036,7.5894,0.1695,2694654.7848,2694654.7848
688503.SH,20260318,2.9445,0.77,50.5343,4.1259,1.4158,0.4838,2066967.3112,1715855.1347
002270.SZ,20260318,1.6834,0.66,37.9837,8.5795,11.1087,2.051,2695846.0964,2695802.8956
300246.SZ,20260318,14.0858,0.8,,3.5026,3.8343,0.3261,401141.4438,320345.0928
300314.SZ,20260318,2.0163,0.93,59.9159,3.2733,7.7189,0.6282,398880.0,199081.9055
688569.SH,20260318,0.482,0.96,26.1869,1.5218,3.5171,1.644,448509.4043,448509.4043
603325.SH,20260318,1.8872,1.37,13.8393,2.3459,4.0674,1.5752,622191.108,265842.7464
600805.SH,20260318,2.3906,1.01,62.0144,1.1226,1.7191,1.4134,481606.2836,481255.8583
688246.SH,20260318,1.4579,0.84,,2.3555,7.5228,,306678.2979,306678.2979
603766.SH,20260318,0.5503,0.6,17.5638,3.3184,1.6494,3.8986,3160400.9072,3160400.9072
603408.SH,20260318,0.5499,1.0,12.9162,1.6741,1.1312,5.5112,560361.396,560361.396
000004.SZ,20260318,0.4024,0.07,,18.9177,9.4726,,69896.7889,66679.9415
601628.SH,20260318,0.0832,1.11,7.1535,1.9668,1.9047,1.597,121764349.14,89707767.24
301042.SZ,20260318,2.0267,0.89,587.0742,6.2746,14.0004,,659585.0384,624557.0234
002350.SZ,20260318,6.8978,0.57,111.1032,4.4619,3.3162,0.2085,736485.9747,720488.8976
600505.SH,20260318,3.6115,0.78,336.1705,4.3276,3.4074,0.1381,527893.74,527893.74
688172.SH,20260318,2.0786,0.84,,3.3056,33.0805,,6064521.6761,3305712.8243
688449.SH,20260318,5.0729,2.14,168.563,12.5748,17.991,,2395220.0,1526713.9309
300750.SZ,20260318,0.6233,0.68,25.4118,5.4423,4.3303,1.3762,183476659.7691,171125394.0829
920056.BJ,20260318,2.1078,0.76,36.9276,3.7981,3.4077,,203657.4081,76893.7953
300315.SZ,20260318,3.1777,0.52,,2.901,20.4312,,1435033.8316,1369004.6582
000938.SZ,20260318,4.7749,1.32,53.9341,5.1987,0.7714,0.2852,7522010.0686,7522010.0686
001231.SZ,20260318,3.3686,0.77,38.2912,2.5021,3.4236,0.605,247351.5,123514.875
600887.SH,20260318,0.7208,1.02,21.0675,3.1678,1.4424,6.3718,16876062.2596,16792204.4956
002354.SZ,20260318,2.4636,0.76,,7.9214,5.3934,,1017570.2793,999947.7366
300307.SZ,20260318,0.9414,0.79,58.4384,1.7139,2.9139,1.4173,560387.6432,551958.3538
300637.SZ,20260318,1.9039,0.7,241.7185,3.8603,3.0993,,282873.9067,282578.4575
001311.SZ,20260318,1.5415,0.68,37.5064,2.2457,2.7021,1.5528,1030580.4795,452227.9487
300762.SZ,20260318,4.9566,1.48,,10.0838,48.8997,,2354871.645,2354871.645
000625.SZ,20260318,0.5322,0.91,15.7079,1.3931,0.6522,3.2038,10676219.2686,8903680.6105
301136.SZ,20260318,1.9548,1.03,1506.8773,3.0819,7.646,,449409.4711,449409.4711
002681.SZ,20260318,1.6055,1.2,,4.6082,3.7762,,1049871.5557,896618.2563
301234.SZ,20260318,2.007,1.26,112.8551,3.5822,5.6736,0.7487,272476.0,272476.0
000922.SZ,20260318,2.0124,0.46,42.3524,2.2893,2.0957,0.7407,1041782.7458,880349.2135
688585.SH,20260318,0.5656,0.56,1211.9567,36.8969,27.6242,0.0252,4962962.7013,4962962.7013
688226.SH,20260318,2.2901,0.99,251.0509,4.6596,2.0746,0.3573,798331.6741,798331.6741
600256.SH,20260318,4.2677,0.65,22.0276,1.8218,1.3321,9.1605,4340170.0126,4340170.0126
600030.SH,20260318,0.706,0.72,12.8079,1.3947,5.1435,2.1948,38488960.1149,31622502.8795
920992.BJ,20260318,1.5648,0.85,77.356,2.3647,4.7904,0.5236,147804.8672,74135.478
002309.SZ,20260318,8.801,1.4,,5.6894,5.5818,,1058698.2155,846958.5724
688309.SH,20260318,3.922,0.67,124.5185,5.7931,15.209,0.1562,447426.1508,447426.1508
002800.SZ,20260318,3.3661,0.56,,7.1504,3.0965,0.1298,352009.0909,338413.9136
000755.SZ,20260318,0.3944,0.85,16.9117,1.4743,5.0483,3.6563,802618.6772,802618.6772
002996.SZ,20260318,3.4258,0.75,34.9553,1.5852,0.3319,0.6486,509441.4322,308789.33
688486.SH,20260318,0.7011,0.85,52.3801,5.9633,15.8481,0.7883,900495.1642,900440.5852
600012.SH,20260318,0.3549,0.64,13.6856,2.1183,3.5441,3.917,2634648.6928,1797355.2
002405.SZ,20260318,3.4121,0.8,,3.0751,6.9315,,2529482.2845,2513693.2507
600105.SH,20260318,4.8209,0.6,120.6164,12.3715,8.4275,0.3092,4019023.7107,4019023.7107
601999.SH,20260318,7.5779,4.41,31.7238,1.6199,1.8494,0.7702,429162.5513,429162.5513
603969.SH,20260318,0.9916,0.69,22.8021,3.0156,2.6028,0.8222,834195.712,821025.5732
002216.SZ,20260318,1.1151,0.6,19.5987,2.3536,1.6374,2.4752,1065571.0662,764050.8661
600547.SH,20260318,1.0405,0.8,41.6351,6.8075,2.0302,0.7379,20159221.8128,15805960.7564
001382.SZ,20260318,45.2575,2.59,85.025,6.5046,3.4046,0.9952,1034944.0,155744.0
002522.SZ,20260318,2.167,0.53,71.3888,2.3901,3.3584,0.4105,551619.6467,551157.1063
300861.SZ,20260318,1.9371,0.67,557.3837,1.8389,6.1297,2.0607,1163627.6421,730669.9877
600561.SH,20260318,1.4383,0.79,,2.2051,1.3237,,199702.7136,199702.7136
300368.SZ,20260318,2.4401,0.85,,34.2951,47.0276,,638963.7178,638963.7178
000553.SZ,20260318,0.9694,0.61,,0.7967,0.4959,,1470111.2243,1373732.4074
601600.SH,20260318,2.4151,0.8,15.211,3.0414,0.9042,2.0412,21683883.7573,16651133.5761
300631.SZ,20260318,1.6012,0.75,42.4453,2.6315,5.6859,0.6526,344869.7634,332313.9877
603199.SH,20260318,1.5593,0.69,22.0506,2.9016,5.4428,1.6015,469947.28,469947.28
301522.SZ,20260318,1.5932,0.63,110.8332,6.6453,5.1714,0.3461,1257281.2011,951469.7511
688189.SH,20260318,1.1131,0.89,,2.7993,15.4477,,219245.6,219245.6
002429.SZ,20260318,3.1977,0.47,38.6778,2.9,2.6345,1.0181,4757814.578,4755074.0019
000869.SZ,20260318,0.1871,0.73,48.5891,1.2664,4.0862,2.0226,1305936.1343,904292.2342
001367.SZ,20260318,3.3688,1.02,28.6695,2.4724,6.9558,0.4916,354978.296,92495.6433
603166.SH,20260318,0.8903,1.06,32.0001,3.5794,4.6898,0.6959,914886.9725,907894.0775
600156.SH,20260318,2.2263,0.83,,9.078,4.2737,0.1181,340587.7646,340587.7646
002549.SZ,20260318,4.93,0.96,208.7874,6.0692,19.4717,,1255102.9613,1249708.9444
002373.SZ,20260318,1.1929,0.83,,1.4636,2.3536,0.1888,1670258.9433,1456116.9912
603860.SH,20260318,1.3874,0.96,49.4089,2.7104,8.6134,0.5149,216643.32,216643.32
002003.SZ,20260318,0.6499,0.77,18.7698,2.6406,2.5159,3.8822,1204345.2185,1035388.1793
603230.SH,20260318,0.7933,1.27,17.3769,1.5175,2.485,4.0,424227.6,424227.6
688733.SH,20260318,3.0734,0.63,,2.7718,9.2743,0.3388,584342.4308,584342.4308
300143.SZ,20260318,4.6314,0.71,79.2533,3.7581,5.6166,,948805.7307,811965.7859
002298.SZ,20260318,20.0066,0.81,,4.1332,4.3891,,942901.2879,841672.5743
300292.SZ,20260318,8.9642,1.69,65.451,4.8738,1.5513,,682958.3718,568015.9098
688258.SH,20260318,2.3865,0.77,174.0685,15.8684,42.3301,0.1664,1429478.3966,1429478.3966
688073.SH,20260318,2.312,0.82,34.1017,2.5358,3.9207,1.5001,519032.516,246910.3563
300855.SZ,20260318,1.897,0.65,116.8727,7.8416,14.9079,0.6397,1545737.102,1144872.5873
301215.SZ,20260318,0.6101,0.94,39.8522,2.9994,15.3329,1.3837,860535.0,859560.0
002839.SZ,20260318,1.1724,0.95,5.7481,0.6237,2.3754,6.4935,1129287.378,1128242.8196
601916.SH,20260318,0.808,0.93,6.1431,0.483,1.337,5.0,8568966.4205,6721864.0205
301632.SZ,20260318,5.7379,1.64,87.6829,3.592,7.9272,,991987.2,173630.94
000949.SZ,20260318,5.8575,0.77,66.1888,1.8345,1.5739,,1187997.2441,1187671.0098
002380.SZ,20260318,4.6484,0.59,28.3613,3.6135,4.6995,0.1091,880049.3769,519804.1806
603013.SH,20260318,0.4247,0.74,20.4551,2.5406,1.2324,1.8442,1111476.1865,1111476.1865
603268.SH,20260318,3.0798,0.98,45.5218,12.7847,5.5844,,12084248.3157,2903493.4108
603739.SH,20260318,2.6513,0.65,48.959,2.3063,2.9415,0.6184,409147.6763,409147.6763
301178.SZ,20260318,1.7492,0.63,,4.4348,11.5491,,341885.2192,253022.013
002446.SZ,20260318,3.2576,0.73,,3.7491,8.0128,,953863.1844,883383.9424
600515.SH,20260318,1.0113,1.11,141.8984,1.8684,9.6538,0.1299,4398744.1968,3532764.8156
300148.SZ,20260318,2.9197,0.91,57.557,3.7835,7.6399,,390206.8358,376968.0698
603878.SH,20260318,1.8942,0.57,61.6768,1.8421,2.085,1.0396,481455.9776,481455.9776
002443.SZ,20260318,2.6396,0.86,28.3874,1.4294,1.114,2.097,488782.8533,487741.5511
301141.SZ,20260318,3.2589,0.51,166.4823,5.1494,9.2466,0.1884,658241.0347,236228.3947
300886.SZ,20260318,2.9976,0.87,76.6455,3.8407,6.1792,0.5018,223122.434,130196.9129
600050.SH,20260318,0.5514,0.78,16.4522,0.9243,0.3967,3.4799,15569683.8128,15321879.4112
300149.SZ,20260318,1.5832,0.9,,4.0638,4.7675,,509417.1638,485467.6873
002197.SZ,20260318,4.1262,1.17,,2.5642,6.6069,,531423.9327,461910.0104
688270.SH,20260318,6.6586,1.55,249.3162,14.734,76.943,,3321652.7288,3321652.7288
300093.SZ,20260318,2.1468,1.03,,,43.0885,,1061100.0,548235.0
600026.SH,20260318,4.0691,1.23,40.6581,2.9952,5.859,0.7035,13597469.4474,8645243.6708
002145.SZ,20260318,1.9805,0.57,45.7562,1.6433,2.6476,0.2948,1983276.2073,1942742.7752
300310.SZ,20260318,6.9094,1.02,,3.1706,2.5071,,604817.7523,474636.846
600338.SH,20260318,4.3054,0.83,34.5291,3.5415,7.0685,0.3258,1543186.7636,1543186.7636
300255.SZ,20260318,3.0168,1.69,,23.3583,38.1881,,3543898.7456,3538635.3056
600230.SH,20260318,4.0467,0.59,147.3789,1.9825,1.7069,0.109,797702.8759,797702.8759
301552.SZ,20260318,4.7818,1.11,24.8506,3.4059,5.8749,2.948,392128.8,98032.2
688528.SH,20260318,1.156,1.21,,4.3166,7.2798,,196560.0,196560.0
605028.SH,20260318,2.0573,0.83,27.381,3.4411,14.621,1.6949,472000.0,472000.0
600237.SH,20260318,4.1545,0.56,49.7623,3.041,4.2768,,596646.1306,590886.5421
002465.SZ,20260318,2.8626,0.71,,3.2696,9.1255,0.3785,3933706.8076,3927451.0678
300732.SZ,20260318,1.2229,0.93,,0.9626,1.7069,,280513.9745,280203.2389
002428.SZ,20260318,4.4227,0.53,637.1821,18.2863,25.0261,0.0736,2661464.0,2661120.1719
600007.SH,20260318,0.2406,1.28,17.4642,2.1801,5.467,5.358,2067951.0423,2067951.0423
688701.SH,20260318,1.3997,0.79,,9.3268,10.1038,,132800.3209,132800.3209
000756.SZ,20260318,1.0655,1.25,27.8371,2.0466,1.2523,1.6147,1063835.6052,761819.2479
688118.SH,20260318,4.0756,0.82,392.0167,3.3536,8.6265,0.4705,292734.5287,292734.5287
300068.SZ,20260318,3.6062,0.54,,3.6406,2.3197,,1399656.2518,1329254.0256
920491.BJ,20260318,1.075,0.64,37.082,3.2311,5.0702,1.222,346506.5069,283736.7993
603829.SH,20260318,3.3675,0.54,45.8463,3.4742,2.2869,0.3839,520986.4467,520986.4467
002646.SZ,20260318,0.9913,1.0,622.7451,1.4144,3.5254,0.131,404846.238,402160.5323
003025.SZ,20260318,2.3093,1.04,29.7882,3.4777,6.3294,1.2061,431609.4082,344152.2106
300552.SZ,20260318,3.6271,0.77,,3.514,6.3323,,631087.1446,407914.5434
300801.SZ,20260318,2.6126,0.69,47.0441,2.355,2.0964,0.3644,590853.15,369208.4931
601369.SH,20260318,0.8728,0.54,18.9897,2.1463,1.8534,3.9305,1885481.0942,1866595.1534
002518.SZ,20260318,1.9046,0.86,58.2381,6.0466,5.7948,0.4759,2813893.8793,2731323.6209
600597.SH,20260318,0.5976,1.11,15.5773,1.1422,0.4479,2.0434,1079344.9564,1079330.5492
603515.SH,20260318,0.2045,1.02,16.6927,2.1536,2.0658,4.6509,1432904.9257,1419640.517
603105.SH,20260318,13.4559,1.8,28.8051,2.6171,7.868,1.7921,558010.1578,558010.1578
603132.SH,20260318,0.515,0.5,35.3369,5.2993,10.3405,2.4576,1671402.0,1671402.0
002913.SZ,20260318,2.784,0.69,45.2756,3.6618,3.0549,1.1783,1615999.6864,1536171.9441
600956.SH,20260318,3.273,0.9,27.1698,1.9824,2.3546,2.0096,4715764.2613,2453752.6675
601818.SH,20260318,0.5231,0.84,4.8823,0.4006,1.5458,5.7057,19675488.5033,15453469.5818
600926.SH,20260318,0.3931,0.73,6.5214,0.9318,3.1986,3.8551,12410292.3622,12410292.3622
002166.SZ,20260318,1.2321,0.8,52.2235,2.237,3.6725,1.0554,688213.5464,686576.5544
920047.BJ,20260318,1.0127,0.61,,24.5455,102.5689,,681565.8554,447564.4711
000529.SZ,20260318,1.0998,0.84,34.0722,1.1162,1.6514,1.9802,353776.94,345349.9325
300559.SZ,20260318,1.6201,0.98,136.3532,3.9168,10.9829,1.2648,473824.2765,369008.2839
603189.SH,20260318,6.9951,2.46,942.4294,3.5912,20.4397,0.74,541253.0848,541253.0848
688426.SH,20260318,2.7856,1.29,,1.8809,13.2045,,254910.7605,87076.8691
600006.SH,20260318,0.5907,0.65,56.4112,1.6539,1.3882,0.0723,1384000.0,1384000.0
603520.SH,20260318,1.2606,1.25,,1.6893,1.8375,1.497,439286.7008,439286.7008
300703.SZ,20260318,2.0191,0.56,29.1262,3.9923,1.7279,0.7264,372509.1496,350351.1689
002983.SZ,20260318,2.9059,0.9,41.1158,4.2266,4.9158,1.5769,566313.7589,324494.8356
002668.SZ,20260318,0.7466,0.41,9.0328,2.8631,0.5476,,1014728.2966,1014728.2966
920694.BJ,20260318,1.872,0.94,28.4022,2.847,3.5555,1.2157,252156.9007,119294.2519
600960.SH,20260318,1.6903,0.72,,1.3788,1.5495,,509476.3176,509476.3176
601099.SH,20260318,1.2049,0.83,82.5615,2.7347,18.2376,,2719710.2316,2719710.2316
600526.SH,20260318,0.8618,0.73,17.6711,1.1289,1.0798,1.7625,504783.2131,495868.0555
300938.SZ,20260318,4.8819,1.01,52.5505,5.4438,12.8194,0.6534,988108.1802,688867.2022
002968.SZ,20260318,1.2741,1.0,25.5553,2.2933,0.9168,2.6618,282620.951,266232.0413
300793.SZ,20260318,1.089,0.61,,2.0158,2.7916,0.7496,602783.8597,589385.5957
002378.SZ,20260318,5.5527,0.6,152.6449,18.9634,8.518,0.1952,4430828.3522,4407607.6089
600488.SH,20260318,0.7491,1.17,283.4396,1.5278,1.6067,2.3168,461868.0656,461868.0656
001268.SZ,20260318,3.3601,1.2,44.0629,3.4671,4.4078,1.3517,355964.1355,207554.1355
601198.SH,20260318,0.4368,0.71,19.6278,1.4716,8.7902,1.2425,4318547.2147,4318547.2147
600276.SH,20260318,0.6173,1.2,50.5514,6.3445,12.1847,0.3512,37752392.8833,36283764.9345
605333.SH,20260318,0.3831,1.12,18.7458,3.6044,1.4977,0.816,1231099.1971,1158766.9429
002035.SZ,20260318,0.9465,0.91,12.0356,1.382,0.8827,6.3253,525545.2432,484863.3535
605081.SH,20260318,1.7067,0.99,,1.2352,12.278,,110189.4011,110189.4011
301317.SZ,20260318,7.5632,0.57,21.7916,6.4163,10.1567,1.0608,863130.29,286612.2609
301306.SZ,20260318,23.6532,1.99,,12.0987,36.7195,,1107412.4,764954.3
688348.SH,20260318,2.0117,0.49,,2.5763,7.6595,0.6997,883436.3401,883436.3401
002114.SZ,20260318,3.6867,0.71,,3.493,2.3741,,295259.8788,295255.8214
688590.SH,20260318,2.558,0.95,,2.7005,1.8658,0.2307,394932.0223,394932.0223
002301.SZ,20260318,2.2722,1.81,122.7471,1.7739,0.5109,1.8176,548194.0291,545672.5695
603639.SH,20260318,0.9051,0.73,25.2539,1.3829,1.1959,3.4793,488458.5857,474810.0354
600130.SH,20260318,1.8244,0.98,760.4927,3.5782,7.179,,343500.0,343500.0
605377.SH,20260318,1.2104,0.39,20.8026,1.4452,1.6603,6.0682,555000.2572,555000.2572
300094.SZ,20260318,5.909,1.0,,3.8137,1.3181,,392602.204,384720.0549
300862.SZ,20260318,1.9666,0.72,,2.2076,8.2037,0.063,439390.6068,360500.9967
000692.SZ,20260318,2.61,1.02,,,1.0841,,226986.8478,226986.8478
600299.SH,20260318,1.3868,0.69,37.6125,2.2035,2.5202,1.1028,4342488.7524,3781480.7949
688408.SH,20260318,1.8197,0.73,,2.2579,1.3523,2.3418,926648.6978,926648.6978
603271.SH,20260318,2.2834,0.61,21.6794,3.0201,0.9167,1.1676,850814.0,409041.1827
600674.SH,20260318,0.5499,0.64,17.5536,1.7034,45.4706,2.579,7560515.1902,7560515.1902
603198.SH,20260318,0.2806,0.81,13.5722,2.7984,4.4789,4.2218,2842400.0,2842400.0
002603.SZ,20260318,0.5882,0.81,,2.774,4.7053,1.771,2830174.9069,2332378.3759
002351.SZ,20260318,0.7933,0.98,25.2757,3.6107,3.6386,2.1404,1038476.976,608594.3132
300816.SZ,20260318,6.8107,1.15,80.8989,6.4644,5.8259,0.1035,585680.0,414870.6083
001266.SZ,20260318,8.5461,1.33,93.2373,3.9337,4.8327,0.8254,373613.9329,209499.617
002190.SZ,20260318,0.8523,0.68,,3.1605,5.2796,,1218603.5782,1218603.5782
002728.SZ,20260318,2.8126,0.88,72.2817,3.1954,6.2346,0.433,576101.803,423162.5106
300963.SZ,20260318,2.8112,0.41,118.6224,8.2242,9.4865,,907648.56,687634.3828
002444.SZ,20260318,2.0352,1.57,14.9064,2.0204,2.5299,0.7939,3761411.7951,3612006.2179
603648.SH,20260318,0.5545,0.81,30.2416,2.001,2.4236,2.9183,372560.3584,372560.3584
601825.SH,20260318,0.1456,0.67,6.9388,0.6816,3.3028,4.8764,8583555.5561,8343252.8487
301232.SZ,20260318,11.3449,1.14,,9.3404,5.3002,,1318347.5664,783463.8281
000753.SZ,20260318,1.7233,0.94,119.6091,2.4573,2.1807,0.295,672224.1661,672224.1661
603569.SH,20260318,0.8804,1.32,64.6966,1.5381,0.8912,5.0209,432714.699,432714.699
002291.SZ,20260318,2.8163,0.91,,2.1172,1.8909,,638694.0311,593612.5594
300721.SZ,20260318,5.9401,0.49,,2.2009,1.6053,0.1991,248424.0357,208495.9652
002167.SZ,20260318,3.2084,0.53,40.7189,5.9724,8.4599,,1045808.955,1022492.6501
920641.BJ,20260318,2.4259,0.42,162.7079,4.1504,2.785,0.5206,144219.075,87254.9435
001368.SZ,20260318,4.0123,0.66,30.2343,2.2011,2.7916,2.8372,301098.7169,84867.7319
300169.SZ,20260318,4.4813,1.46,,,4.7198,,219061.4765,202766.4455
603721.SH,20260318,0.6391,0.96,,5.8843,9.8657,,270660.0,270660.0
300171.SZ,20260318,1.8521,1.25,71.5239,1.5752,2.3674,0.6521,1236812.2846,908691.6283
301203.SZ,20260318,1.8925,0.44,27.1954,2.459,11.3103,1.5978,350480.0,192073.9925
301087.SZ,20260318,1.3812,0.63,33.0877,2.5264,3.6297,2.9766,1229567.742,1142119.5577
300959.SZ,20260318,4.5802,1.2,318.0505,6.0733,9.4393,0.3864,681277.8406,443815.1915
688661.SH,20260318,3.421,1.07,498.8448,12.0432,17.0418,0.0632,1478476.0983,1478476.0983
600166.SH,20260318,1.9514,1.14,30.4833,1.51,0.4042,,2319798.3075,2319798.3075
002955.SZ,20260318,1.8532,2.46,117.3473,1.8695,1.8758,4.9397,607454.6541,502225.4691
301097.SZ,20260318,1.9419,0.57,262.4799,2.8891,6.9082,0.8424,341423.1555,167628.4035
601838.SH,20260318,0.4613,0.64,5.5206,0.8665,3.1273,5.1384,7349446.9073,7349446.9073
002456.SZ,20260318,1.647,0.69,,8.0565,1.4586,,3176988.5448,3134592.817
000802.SZ,20260318,1.8633,1.33,,3.7751,6.2949,,294235.0048,294056.2198
301225.SZ,20260318,4.8307,1.07,79.0079,7.1465,11.1586,0.3889,1096138.14,316838.846
300014.SZ,20260318,2.5282,0.59,37.8175,3.48,2.3507,1.0848,14002391.5056,13500724.4323
301335.SZ,20260318,2.0387,0.81,71.7156,1.7877,1.1234,0.7146,342891.3656,136758.7686
920108.BJ,20260318,0.8376,1.08,120.0228,4.0935,3.8356,0.6555,200785.2,85080.2799
688652.SH,20260318,1.6815,0.56,124.0029,8.2601,12.7404,0.1156,1817088.0,1306032.0
688671.SH,20260318,1.8592,0.92,,1.8183,5.722,,185069.0473,110418.6666
603186.SH,20260318,3.9886,0.7,,5.1702,2.4832,,1052064.3758,1052064.3758
688767.SH,20260318,0.7184,0.68,112.7443,2.2271,11.7669,2.0218,527594.669,527594.669
688522.SH,20260318,1.6033,0.73,105.2822,4.9431,24.8193,0.3218,1141990.439,463952.6156
300660.SZ,20260318,0.8959,1.04,63.7607,5.8528,5.0109,0.8339,2029999.9279,2028374.6942
301269.SZ,20260318,0.6422,0.93,822.6976,9.4987,38.452,0.165,4935664.9148,4935664.9148
301256.SZ,20260318,2.3883,0.58,77.0235,4.0415,4.1906,1.1127,690240.0,690240.0
920566.BJ,20260318,1.1691,1.15,18.7656,1.8887,3.7163,1.845,157682.3039,121783.6721
301085.SZ,20260318,9.3002,1.22,,5.1573,5.0432,0.1868,553368.4795,375680.1787
688261.SH,20260318,1.9901,0.77,227.5868,3.3955,8.0041,0.0482,1002663.2955,998750.098
920779.BJ,20260318,8.3596,0.37,45.6801,5.8441,17.0831,2.9707,286827.647,71758.9296
688508.SH,20260318,1.5214,0.56,44.4608,3.0389,7.2485,0.6232,828305.6626,828305.6626
002903.SZ,20260318,15.8917,0.5,1542.0475,5.7986,9.6381,0.2648,470720.792,320356.0196
300952.SZ,20260318,3.7594,1.17,65.678,4.0498,5.3677,0.5427,686032.4863,416534.5022
000948.SZ,20260318,1.2929,1.35,131.5082,2.3897,0.5984,0.552,641756.922,640505.167
603889.SH,20260318,0.8698,0.84,13.8616,1.6791,1.2415,3.6292,603840.2054,599344.3026
002438.SZ,20260318,2.9465,0.66,30.3961,2.4959,4.2672,0.9695,916105.1171,846329.6039
301155.SZ,20260318,5.7951,0.79,56.4552,3.1998,4.642,0.1063,1840218.8613,1044150.9441
300786.SZ,20260318,4.025,0.88,,2.6039,5.4155,,289088.9459,229895.771
601112.SH,20260318,19.5742,1.07,49.1295,6.0343,5.6381,,3827065.641,389772.5433
301166.SZ,20260318,13.2071,8.1,,1.4709,2.7957,0.6616,298046.6713,195743.2993
920128.BJ,20260318,1.1525,0.85,111.9229,4.2652,3.9861,1.4749,220187.28,103693.32
920970.BJ,20260318,2.8103,1.44,,3.0738,4.8532,,81327.7872,51432.3342
601997.SH,20260318,0.796,0.72,4.2085,0.3403,1.6008,4.932,2149844.4687,2149844.4687
600201.SH,20260318,4.6055,2.84,178.4189,3.2871,13.5465,0.1838,1797696.2346,1797696.2346
002399.SZ,20260318,0.2924,1.23,39.7724,1.3511,3.0913,2.1949,1671250.3764,1420562.7409
000630.SZ,20260318,2.576,0.88,47.1349,2.4586,0.541,2.2337,8716156.4815,7242957.4425
002899.SZ,20260318,2.8508,1.31,66.3661,2.7649,4.1041,0.2282,481522.5478,481522.5478
002780.SZ,20260318,2.4909,0.86,,3.3557,2.8723,,254326.3146,200942.4053
000999.SZ,20260318,0.6016,0.98,14.2503,2.1993,1.5417,2.3787,4876158.3239,4871693.4288
688160.SH,20260318,0.9746,0.89,140.7686,7.9175,14.1824,0.2455,1026313.0956,1026313.0956
300128.SZ,20260318,1.9457,1.14,,12.9076,3.9811,,853518.8257,852600.0933
300491.SZ,20260318,5.7062,0.6,199.9085,3.9886,3.2421,0.2531,469398.6541,416804.1551
002677.SZ,20260318,0.9472,0.76,252.8731,3.724,9.8146,3.5253,549789.9516,455174.9819
688702.SH,20260318,3.3122,0.9,,33.6194,65.2133,,7503000.0,3714749.6289
603717.SH,20260318,1.4623,0.64,,4.1024,2.9803,,212387.0477,212387.0477
001202.SZ,20260318,1.5997,0.97,39.8221,3.4839,1.7887,,291376.0603,204208.2733
603351.SH,20260318,0.4143,1.12,23.9329,2.008,2.6869,1.5337,353225.2563,353225.2563
600051.SH,20260318,1.9704,0.91,26.8124,0.7357,1.5005,1.4925,249947.52,249947.52
002988.SZ,20260318,0.8553,0.73,46.6373,3.1456,1.1366,0.4669,842978.5695,842718.0094
600636.SH,20260318,0.5651,0.75,,1.8266,10.6128,0.5834,375911.7393,375911.7393
605089.SH,20260318,0.4638,0.84,48.7841,2.8909,5.1237,1.3868,354660.0,354660.0
000530.SZ,20260318,1.809,0.86,51.0442,1.7011,1.2221,0.7788,541342.4295,385226.6192
300950.SZ,20260318,2.0477,0.85,48.879,4.3371,7.3647,0.8696,346086.748,205666.8343
002674.SZ,20260318,1.0115,0.41,55.4179,1.652,1.3439,1.1177,396629.3668,392620.421
300777.SZ,20260318,4.2536,0.77,42.5236,3.9451,18.3029,0.5468,1764546.346,1699968.0424
301519.SZ,20260318,3.0897,0.91,,1.7538,3.868,0.6413,248121.8193,115856.6255
301060.SZ,20260318,1.2352,1.04,,2.6858,2.78,1.8809,423746.986,381075.2613
688432.SH,20260318,0.9315,0.86,91.1676,4.2204,18.98,0.3912,1907960.6353,1907960.6353
000990.SZ,20260318,5.8777,0.81,113.3138,0.7337,1.137,0.4634,1311241.3003,1311240.3292
301198.SZ,20260318,3.7991,1.22,,2.9772,6.1244,,272090.0,250442.5196
920718.BJ,20260318,1.0555,1.02,31.5527,2.1218,1.0758,1.4738,123034.7119,58500.4627
600676.SH,20260318,1.104,0.52,,1.5633,1.7273,,802224.4963,802224.4963
300686.SZ,20260318,2.2752,0.65,,4.1938,2.4525,,394845.6933,257434.6812
688055.SH,20260318,0.7579,0.73,,3.5298,5.7629,,1440000.0288,1440000.0288
002119.SZ,20260318,9.9289,1.42,85.3317,5.8862,4.1881,0.1317,854896.952,854896.952
000652.SZ,20260318,1.0219,1.06,127.3313,1.0386,0.3173,0.7444,594656.2624,594208.3307
300231.SZ,20260318,11.7037,4.17,,3.2746,3.104,0.8347,532261.5752,532234.2428
688247.SH,20260318,0.2972,0.84,90.5822,3.4278,9.9298,0.6279,443366.52,443366.52
605488.SH,20260318,1.4657,0.51,79.1382,4.7511,3.6972,0.2824,1058047.4101,968059.7807
300412.SZ,20260318,3.9856,1.44,92.2527,2.797,2.1258,1.0345,288698.8495,271359.7547
301622.SZ,20260318,2.2254,0.84,46.5127,4.8365,5.5408,0.1843,754832.4707,409019.568
301196.SZ,20260318,5.0004,1.03,42.4669,3.4775,5.2103,1.336,1125317.3583,736015.2668
300026.SZ,20260318,1.0038,0.85,,1.245,1.9589,0.838,1075487.4316,980393.1951
688633.SH,20260318,1.7646,0.89,22.2561,2.3049,4.5922,1.354,370351.131,370351.131
300269.SZ,20260318,7.5526,0.57,146.0693,42.7652,7.9584,,459608.2715,439993.8277
301588.SZ,20260318,13.1367,2.12,68.8286,3.3456,3.6325,0.5319,312859.9285,193081.3697
601828.SH,20260318,0.6258,0.96,,0.2561,1.6547,,1106102.0989,917815.5479
001228.SZ,20260318,1.7736,0.95,36.2622,2.0028,0.6859,1.7707,336521.3332,258761.3332
600507.SH,20260318,0.7891,0.69,17.3825,1.4699,0.7937,0.5068,1473500.6859,1473500.6859
601187.SH,20260318,0.5263,0.77,7.5948,0.7286,3.4161,3.9578,2000458.9391,1996102.1097
301172.SZ,20260318,5.1798,0.86,141.6786,3.1914,11.0975,0.2636,467420.8,267656.0768
600469.SH,20260318,0.9186,0.52,27.1543,1.3451,0.8428,0.4697,621244.2988,509156.708
603708.SH,20260318,0.543,0.94,48.491,3.2139,0.4097,2.0476,725791.0735,725791.0735
600552.SH,20260318,2.0762,0.71,78.9383,2.9153,2.2016,0.3811,1239324.2449,1239324.2449
603139.SH,20260318,3.4618,1.06,,3.9231,5.5406,,284358.36,284358.36
301222.SZ,20260318,4.869,1.5,33.4876,2.4233,5.2508,0.8661,347236.9024,276502.1956
600930.SH,20260318,18.606,1.05,31.6002,2.5621,7.2577,0.4478,27948571.4284,2163975.1167
300891.SZ,20260318,5.2997,0.68,,3.2107,2.3169,0.0976,407208.3079,338405.5054
601616.SH,20260318,16.2035,1.64,243.7961,1.9153,5.2825,1.2821,466106.7242,466106.7242
301022.SZ,20260318,2.4125,0.77,76.6929,2.3688,4.2601,0.758,335460.4729,226550.9829
003039.SZ,20260318,0.79,0.56,37.8253,3.6633,4.8014,1.2582,1030638.7604,1030638.7604
002553.SZ,20260318,3.521,1.38,24.9161,5.3631,10.1333,0.4054,858432.0131,609193.2
920284.BJ,20260318,2.2066,0.53,,11.6021,15.3516,,361091.3327,233508.9375
603286.SH,20260318,1.6522,0.86,,8.2706,6.4799,0.0503,695688.2871,683948.2885
600764.SH,20260318,0.8482,0.79,80.6939,2.2904,5.8316,0.4873,1881035.9847,1881035.9847
300632.SZ,20260318,5.793,1.03,188.4071,2.6029,5.9607,0.607,465401.9705,337346.101
002093.SZ,20260318,0.9819,0.98,49.1978,2.7748,18.8149,1.1178,1064927.5,1064927.5
300198.SZ,20260318,2.5034,0.73,,156.6588,34.3858,,289865.1397,288366.8396
300183.SZ,20260318,1.301,1.02,,2.3946,7.8254,0.6242,741099.8375,651272.4534
003019.SZ,20260318,3.6575,1.64,28.8861,3.2844,2.2255,1.5724,560917.0192,542173.3149
601928.SH,20260318,0.313,0.83,12.9104,1.2728,1.9119,6.0484,2524540.8,2524540.8
002269.SZ,20260318,3.4121,1.42,,24.0594,9.3284,,452250.0,452250.0
603887.SH,20260318,5.9853,0.87,,2.9762,4.2384,,1062581.9281,1050668.1781
300591.SZ,20260318,2.3615,0.86,,11.9613,5.8595,,303849.659,262483.1754
300057.SZ,20260318,3.0629,0.57,,1.072,0.9385,0.1598,555702.285,448865.686
002769.SZ,20260318,4.1182,1.34,,3.7646,6.5046,,445368.4384,445001.2044
600609.SH,20260318,0.8888,0.94,21.2163,3.6446,1.348,,574005.7655,574005.7655
688148.SH,20260318,3.4151,0.81,,13.1817,1.8948,,431606.4028,431606.4028
001207.SZ,20260318,3.1494,0.5,21.6535,2.6927,2.6888,1.9597,633774.4119,618945.7031
002106.SZ,20260318,2.492,0.67,29.5955,1.5804,1.4279,0.8013,880858.5677,878717.9332
300895.SZ,20260318,12.9842,1.88,,11.4473,33.9559,,895773.7798,879051.8799
600998.SH,20260318,0.6606,1.04,9.5361,1.0036,0.1685,3.7529,2657381.8133,2657381.8133
600158.SH,20260318,3.3885,0.61,558.9508,3.9922,4.6979,0.1822,1037233.6254,1037233.6254
300155.SZ,20260318,3.6393,1.48,,2.4107,18.4749,,295205.7933,173962.2842
002226.SZ,20260318,0.9904,0.6,19.9593,1.568,1.6633,1.0708,1607896.173,1607863.7064
301005.SZ,20260318,7.9652,1.58,1503.89,26.4993,25.9737,0.0326,2038082.147,2009385.4955
002566.SZ,20260318,1.8353,1.03,68.8157,1.247,4.3447,1.1919,277668.3924,194472.2027
301111.SZ,20260318,1.4259,0.61,,4.2469,11.4175,0.2518,317760.0,317760.0
000906.SZ,20260318,1.1438,1.1,21.5915,0.8938,0.0189,3.3337,425088.2442,420042.6186
600979.SH,20260318,7.897,0.76,44.851,1.4186,2.1585,1.092,658584.9509,643239.6104
002787.SZ,20260318,2.1972,0.63,43.2379,2.2624,1.8012,0.7871,422322.5147,316083.7436
000768.SZ,20260318,0.667,0.56,69.1883,3.4017,1.6616,0.4499,7417324.5724,7405274.1409
688586.SH,20260318,2.4266,1.58,218.9285,4.866,12.711,0.5913,1204418.1954,1204418.1954
600436.SH,20260318,0.2774,0.83,39.4704,6.5992,9.7654,2.0341,9550511.4343,9550511.4343
601788.SH,20260318,0.336,0.85,19.9814,1.1565,6.8589,1.3496,7451032.8246,6313225.3238
688795.SH,20260318,5.285,0.98,,23.1202,175.6137,,26439087.2063,1652759.2125
300509.SZ,20260318,1.2712,0.64,39.9997,6.3163,3.2659,1.1398,390062.4,325188.2363
600707.SH,20260318,0.6666,0.76,57.572,1.0313,1.9879,,2246331.9722,2245881.2522
920087.BJ,20260318,5.1951,0.74,234.0538,5.3533,8.8565,0.8436,293725.6,291674.0103
600153.SH,20260318,0.6897,0.97,13.5564,0.5008,0.0395,5.3038,2760360.7006,2760360.7006
603839.SH,20260318,0.6606,0.88,,1.6554,1.3593,1.2841,299945.5995,299945.5995
002698.SZ,20260318,0.6862,0.91,30.7209,3.821,5.3395,1.6858,1516458.7178,1246519.0834
300671.SZ,20260318,5.338,1.38,,5.5645,11.8855,,924067.084,921382.4215
000678.SZ,20260318,1.3599,0.97,,7.038,3.6463,,561186.0041,561186.0041
002321.SZ,20260318,2.13,0.85,,5.3488,1.0431,,496963.3865,494941.4156
002872.SZ,20260318,1.1746,0.53,,0.864,3.2837,,169494.0,114551.3654
688696.SH,20260318,0.7405,0.74,44.0433,2.0336,1.8198,,631020.24,631020.24
301190.SZ,20260318,1.3758,0.87,73.4248,2.6234,8.1356,0.6005,512981.235,380856.06
002156.SZ,20260318,5.8095,1.48,72.9877,4.7386,2.6725,0.0949,7193409.3629,7192723.5323
920190.BJ,20260318,0.9018,0.59,105.5271,2.8446,0.8021,0.4918,244000.0024,242641.0444
000062.SZ,20260318,4.717,1.14,93.9223,4.3362,1.239,2.0984,2890893.366,2888183.756
920124.BJ,20260318,1.8068,0.79,25.8941,2.4922,2.4038,,263555.4342,135613.6567
301112.SZ,20260318,0.4174,0.6,,3.1984,7.3408,0.2848,387146.0326,387146.0326
301109.SZ,20260318,2.9666,0.44,18.4147,1.7696,4.7655,3.7506,1352518.8432,395285.4618
002908.SZ,20260318,1.8528,1.26,265.8025,3.8079,6.9952,0.5065,421077.7179,314110.6008
300195.SZ,20260318,3.6197,0.72,228.1465,1.3531,2.219,,362270.1314,268395.1713
603165.SH,20260318,4.5653,0.89,21.1557,2.1435,2.0212,8.7267,441060.4721,441060.4721
300085.SZ,20260318,8.6994,1.66,,61.5863,40.4538,,3084485.9353,2846036.1339
688112.SH,20260318,0.5377,0.55,46.5785,4.1473,11.0548,1.22,665519.0021,665519.0021
300806.SZ,20260318,4.2925,0.64,499.8103,10.219,7.9318,0.0195,2318178.7723,1617098.8196
605399.SH,20260318,2.0429,0.56,,2.2777,4.5217,0.6391,488601.3383,487540.2683
600388.SH,20260318,0.8465,0.81,24.1526,2.1884,2.0731,1.5284,2326724.8088,2326724.8088
300364.SZ,20260318,4.3127,0.67,,42.2215,14.6544,,1996090.3233,1809527.162
301626.SZ,20260318,4.4205,0.89,146.6733,17.4688,25.7088,0.2354,2751448.8,1251542.8674
000592.SZ,20260318,7.6976,0.82,,10.7667,14.6572,,2065073.7735,2047233.828
600061.SH,20260318,0.3849,0.78,13.464,0.8585,24.6324,1.7397,4667609.3668,4667609.3668
688252.SH,20260318,4.2454,2.38,38.3775,3.7234,4.0929,0.3265,896165.7581,407099.2502
002467.SZ,20260318,16.9106,0.89,129.8551,5.3088,13.1577,0.1326,1037030.3922,1030630.5036
300164.SZ,20260318,24.3903,0.84,173.6303,7.5988,9.3091,,1106890.6811,1097019.4734
601236.SH,20260318,0.5432,1.75,39.4636,1.5759,17.8459,1.8724,3853615.5852,3853615.5852
300487.SZ,20260318,1.0781,0.7,42.7651,9.1399,13.8812,1.0978,3603139.9592,2179839.897
605011.SH,20260318,1.5699,0.94,45.3154,3.5675,2.6216,1.0329,852213.0,852213.0
301291.SZ,20260318,5.7786,0.41,26.7161,3.7768,2.4557,1.3295,1855092.4,960446.7866
600345.SH,20260318,4.9081,0.57,93.9293,3.669,14.4163,0.1403,1291749.9453,829100.8849
000931.SZ,20260318,1.1184,0.97,76.6966,2.4095,1.5882,,394638.5386,393539.4748
605580.SH,20260318,1.0156,0.4,50.7264,6.3902,6.7702,1.1353,616560.0,616560.0
688084.SH,20260318,1.5018,0.74,,3.5425,18.588,,546258.4565,546258.4565
603235.SH,20260318,0.1694,0.45,19.9647,2.5744,5.5344,2.4021,1231912.92,1231912.92
603987.SH,20260318,1.1508,1.23,16.6242,1.5193,1.7797,1.6164,405341.9366,405341.9366
688708.SH,20260318,0.6245,0.61,51.4976,6.4208,20.2202,0.1781,2246456.16,799023.9816
603379.SH,20260318,0.7822,0.66,22.9628,5.5987,7.6496,1.1278,4153088.8887,4153088.8887
000762.SZ,20260318,3.0684,0.73,,4.874,60.1692,0.1821,1431211.2715,1431160.0983
002724.SZ,20260318,4.6213,1.19,,2.2239,3.4658,0.6361,603311.4313,444009.875
300163.SZ,20260318,4.4082,0.96,25.0771,3.9656,9.5508,,232734.0,222810.8689
300205.SZ,20260318,0.8208,0.48,,2.3502,11.5727,,230940.072,230940.072
603057.SH,20260318,0.9304,1.0,60.7148,5.8441,3.6472,1.8515,1163488.0,1163488.0
000828.SZ,20260318,0.4767,0.77,10.676,1.117,7.2732,4.3458,1136192.0723,1136190.5967
002183.SZ,20260318,4.3246,1.25,175.773,1.515,0.1963,0.1852,1402384.9091,1402376.8091
002617.SZ,20260318,3.5572,0.79,59.3719,2.5115,4.3418,,1603786.9231,1577472.4375
301089.SZ,20260318,2.3571,1.14,,2.4172,10.0135,,367991.406,264559.1182
300688.SZ,20260318,3.023,0.45,,12.4695,30.184,,498790.8027,442167.8048
688682.SH,20260318,1.2174,1.03,,7.7308,15.6208,0.3074,473347.184,473347.184
688167.SH,20260318,7.5764,1.05,,12.128,30.6738,,2699290.2414,2699290.2414
688689.SH,20260318,3.8779,0.67,59.3476,3.9506,4.5454,0.6131,477070.969,477070.969
300644.SZ,20260318,2.3272,0.53,26.4275,3.3891,1.2303,0.7949,340894.506,268589.1697
300222.SZ,20260318,4.331,0.8,117.6489,5.488,3.1029,,950281.3867,773874.0845
920184.BJ,20260318,1.8067,1.0,104.7261,3.6083,9.3611,,226902.0561,152871.7794
600533.SH,20260318,1.4199,0.9,,0.8667,0.5246,,279300.0,279300.0
002736.SZ,20260318,0.9351,1.88,10.2293,1.3275,4.7091,3.439,12761211.8528,11977087.0037
688220.SH,20260318,1.8885,1.03,,6.1504,8.7895,,3354773.1298,2960497.4426
920418.BJ,20260318,0.8679,0.93,27.1101,4.5003,5.7329,1.1398,415810.8864,399194.5547
300337.SZ,20260318,3.6845,1.18,891.7172,6.2689,1.785,0.0759,1083311.1617,937624.6267
300871.SZ,20260318,5.1184,1.05,24.7786,2.5316,3.2013,0.7796,533753.2854,533753.2854
920407.BJ,20260318,2.2099,0.93,92.3149,6.3402,6.3805,0.3791,173244.136,70529.856
300500.SZ,20260318,1.2146,0.77,,1.9328,2.3839,1.2156,214684.9883,206815.8765
603125.SH,20260318,3.6185,1.05,50.1479,3.1665,7.6968,0.5532,757044.0213,189270.8345
688300.SH,20260318,2.7881,0.54,72.1574,12.3809,18.93,0.4398,2111648.0666,2111648.0666
603072.SH,20260318,1.8559,0.92,69.3604,4.8405,4.5778,,1035977.6,494821.6
300664.SZ,20260318,4.7783,0.94,21.3581,1.0645,2.7052,1.5547,468878.9258,466392.1058
003006.SZ,20260318,0.7597,0.81,27.0472,5.4093,2.2366,2.9721,794418.7637,792431.4123
300066.SZ,20260318,2.358,0.63,53.2424,2.772,6.094,0.4304,724903.1836,701119.5126
002691.SZ,20260318,1.4569,0.7,,3.2962,7.4858,,279820.0,276511.791
600968.SH,20260318,0.8582,0.7,12.2397,1.634,0.8858,2.9348,4675947.9315,4675947.9315
001277.SZ,20260318,6.493,1.71,27.2321,1.8206,2.697,1.0958,281580.0,168143.3518
000831.SZ,20260318,2.2647,0.73,493.6868,11.0585,14.9774,,5345369.2049,5345369.2049
603917.SH,20260318,1.4534,0.87,280.4655,1.6907,4.2887,1.0768,283949.12,283949.12
002788.SZ,20260318,2.5389,0.83,18.1287,1.7231,0.267,2.4356,558298.5496,548637.692
000848.SZ,20260318,0.6367,0.95,13.2926,2.5991,2.7187,3.7554,838440.0608,831160.4288
600168.SH,20260318,0.7267,0.5,54.1726,0.994,1.3476,0.5028,533454.4946,533454.4946
301289.SZ,20260318,0.6399,0.8,49.6869,4.3882,13.0108,0.7374,433680.0,430905.004
000920.SZ,20260318,1.7309,0.46,26.558,3.2813,3.2583,1.5232,642292.0994,642261.5219
300019.SZ,20260318,2.4536,0.67,29.7892,3.0882,2.2319,1.4085,837338.571,718955.7185
300024.SZ,20260318,0.8945,0.76,,6.0135,6.5796,,2583272.9175,2540879.3916
920061.BJ,20260318,1.6966,1.19,387.4154,6.4788,18.8322,0.5556,180939.24,100615.4064
300772.SZ,20260318,2.1121,0.56,34.3834,2.3396,0.5776,0.3055,1545368.8926,1370522.2096
600392.SH,20260318,2.6655,0.76,46.9336,3.2024,3.1158,0.6211,4233076.1666,4233076.1666
600475.SH,20260318,2.7271,1.1,33.1635,2.188,2.2023,2.2627,1881340.5547,1855599.1147
688543.SH,20260318,3.5142,0.69,57.2411,5.8658,10.0457,1.1055,1416784.318,786686.398
000898.SZ,20260318,1.1516,0.94,,0.5203,0.2405,,2379782.1995,2021165.9279
600546.SH,20260318,1.3773,0.55,18.8126,1.4163,1.0116,5.8974,2319473.6838,2319473.6838
301231.SZ,20260318,4.5361,0.69,,3.5029,9.1842,,294556.0,228354.19
301551.SZ,20260318,1.5434,0.8,44.2761,5.3237,21.2532,2.1061,1282032.05,495344.6726
600961.SH,20260318,1.9867,0.63,19.1679,5.5598,0.9512,,2037385.263,1427691.7438
603596.SH,20260318,1.3332,0.78,22.443,4.0561,2.5331,0.7132,2967664.2289,2967664.2289
301137.SZ,20260318,3.5147,0.51,185.9475,6.73,5.2833,0.1773,922703.005,922703.005
605122.SH,20260318,1.1045,0.86,,1.1854,2.0429,,237848.52,237848.52
301012.SZ,20260318,12.801,1.22,125.3629,5.5276,4.5675,0.3099,644650.6102,644650.6102
600828.SH,20260318,1.4916,0.88,,1.4486,4.2191,,1018405.737,1018039.7864
600165.SH,20260318,0.5605,0.8,,,12.248,,597876.9968,271178.049
000682.SZ,20260318,1.3285,0.5,24.099,3.3193,2.2604,0.6021,1826070.1835,1825838.5509
920110.BJ,20260318,1.5576,1.23,30.1784,3.7337,6.8744,2.8177,138411.0,57632.211
688565.SH,20260318,1.7568,1.01,223.7526,4.3495,7.6047,,216359.85,216359.85
002721.SZ,20260318,1.1247,0.82,,4.0045,12.5657,,821747.992,821747.992
603583.SH,20260318,0.6882,0.87,35.2452,2.7496,3.1561,0.8849,1300048.1184,1288172.2384
600108.SH,20260318,13.5193,0.7,115.089,2.5316,2.5253,0.098,1092219.3829,1092219.3829
600583.SH,20260318,2.0045,0.68,14.9367,1.119,1.1106,2.9429,3019785.3284,3019785.3284
603308.SH,20260318,3.761,1.06,121.9628,8.7842,15.8262,0.1103,4311202.3639,4311202.3639
688135.SH,20260318,5.3749,1.22,,5.5914,9.8865,,611376.9652,611376.9652
300626.SZ,20260318,6.2304,1.48,,7.3994,4.8682,,391500.0,391285.8169
688583.SH,20260318,2.6176,0.56,116.7973,9.4841,30.0955,0.4542,1115254.4,388616.2243
600523.SH,20260318,1.5262,1.19,31.4852,1.8917,2.4035,0.88,606466.98,606066.93
603895.SH,20260318,1.3153,0.89,,15.9198,6.9044,,308460.32,308460.32
002602.SZ,20260318,1.0199,0.57,33.3373,4.3355,3.6602,,12559642.6767,11581804.5004
002631.SZ,20260318,3.5071,0.55,,2.6975,4.8069,,589989.3319,587243.5405
002116.SZ,20260318,1.3404,0.87,14.9078,1.8432,0.7332,2.8218,510976.0718,505387.8572
000959.SZ,20260318,0.4342,0.96,32.2686,0.7813,0.3804,0.4341,3939523.424,3821521.9561
000027.SZ,20260318,0.8547,0.67,18.4967,1.0419,0.7889,2.0921,3411048.5698,3411048.5698
688685.SH,20260318,1.3802,0.74,122.9492,8.1742,11.9105,0.3324,686972.0982,686972.0982
688191.SH,20260318,3.5103,1.69,180.3003,13.2933,9.7251,0.8717,1157556.8989,1157556.8989
603976.SH,20260318,0.747,1.24,174.1879,2.6089,4.7349,1.21,307397.2238,307397.2238
688063.SH,20260318,4.5158,0.54,214.673,1.9647,5.7181,0.5965,1805844.0726,1805844.0726
002217.SZ,20260318,3.518,1.21,6.978,10.3086,12.298,,1929684.9234,1878065.1769
920689.BJ,20260318,11.1227,1.1,45.5016,5.071,4.2582,1.1744,250000.4,129191.6815
000532.SZ,20260318,1.3428,0.94,22.4229,3.2004,9.3816,0.4121,501895.343,500208.4302
002326.SZ,20260318,3.4768,0.71,,8.119,4.1884,,2211055.05,1931500.1104
002808.SZ,20260318,1.9467,0.76,,4.6778,5.3432,,122035.2,74912.6913
603903.SH,20260318,0.9304,0.74,,1.9287,2.8132,,301532.3059,301532.3059
300086.SZ,20260318,3.6324,1.0,,3.7591,9.063,,394592.8643,382071.7466
600298.SH,20260318,0.5392,0.79,24.1287,3.1015,2.2338,1.33,3589958.9561,3545174.3481
600509.SH,20260318,3.4688,0.42,95.6247,1.584,1.4565,0.6138,1231460.0767,1231460.0767
920020.BJ,20260318,1.335,0.86,22.012,3.3062,1.4817,,382406.5,93671.5317
002224.SZ,20260318,13.5906,5.59,458.5037,1.3833,4.3869,0.6036,448351.813,400771.0434
002613.SZ,20260318,1.8001,0.95,,2.0509,2.9681,0.7371,447931.4576,314308.411
300711.SZ,20260318,2.6142,1.11,74.9884,8.9518,10.3254,0.7522,662544.6414,660566.8718
003007.SZ,20260318,6.2945,1.15,176.9205,5.7842,11.1659,0.1429,462262.8,326369.8674
603337.SH,20260318,0.3945,0.63,23.0695,4.1125,3.1753,1.1285,2017603.5114,2006227.4544
300243.SZ,20260318,25.7814,0.83,383.4439,3.5029,1.8934,0.3305,378834.7095,294243.2434
688106.SH,20260318,6.8658,0.77,102.6248,4.2532,4.525,0.3793,1257961.9458,1257961.9458
920300.BJ,20260318,1.6242,0.82,,6.6176,12.313,,110742.7925,85825.8362
001379.SZ,20260318,3.3175,0.87,56.0072,3.1017,2.2951,0.8681,460800.0,155056.896
000426.SZ,20260318,3.0829,0.98,49.1446,8.554,15.4416,0.1587,7834104.8805,7832206.5072
688235.SH,20260318,2.175,0.81,258.5455,12.016,9.6245,,36769955.1485,2744067.951
002085.SZ,20260318,1.4631,0.83,40.4506,4.4852,2.0309,1.2821,3312344.1312,3312344.1312
600600.SH,20260318,0.7906,0.9,18.6148,2.7503,2.6479,3.4827,8617620.5794,4479548.5819
000568.SZ,20260318,0.3873,0.6,12.4405,3.2986,5.239,5.5686,15727699.8747,15720374.6019
605388.SH,20260318,0.5331,0.96,,2.3345,2.9099,1.1701,400522.828,400522.828
605255.SH,20260318,2.1307,1.23,430.951,17.5931,42.4549,0.2152,1401940.48,1401940.48
603618.SH,20260318,11.1944,1.01,,5.1213,1.4943,0.2987,1388973.6125,1388973.6125
600790.SH,20260318,1.1453,1.48,67.127,0.9666,5.8187,2.9102,559932.1345,559932.1345
001389.SZ,20260318,6.0322,0.99,56.2439,13.912,10.4397,0.3999,5103711.4966,1818141.926
600841.SH,20260318,1.4903,0.51,,3.8529,2.2553,,1218507.5264,915775.497
300968.SZ,20260318,0.9879,1.11,209.1939,2.7758,4.1116,0.3925,526646.12,526646.12
300634.SZ,20260318,2.9384,0.97,51.6889,4.1033,6.706,0.6004,1195708.885,1151619.775
300295.SZ,20260318,3.3557,1.27,,1.7999,20.6681,,202886.674,179252.7002
688370.SH,20260318,0.5367,0.72,144.8018,1.3111,6.5908,1.4229,346882.9339,346882.9339
301106.SZ,20260318,0.9892,0.75,35.048,2.634,3.7079,1.2063,336978.9555,336978.9555
300126.SZ,20260318,1.8008,0.97,,2.5201,5.6143,,263227.2816,182425.2417
920578.BJ,20260318,2.5968,0.56,,5.9363,9.4917,,157088.0652,47242.0
301093.SZ,20260318,4.151,1.75,291.7615,6.7983,24.4323,0.1709,1477814.616,1412405.919
600827.SH,20260318,0.432,0.94,63.4223,0.7764,0.6132,3.0707,1539737.085,1384640.281
300718.SZ,20260318,1.3117,0.77,86.6849,12.8199,17.3524,0.5577,2147324.8886,1393142.6912
600330.SH,20260318,11.0874,0.68,950.4062,2.5872,6.9861,0.129,2074636.6877,2074636.6877
300378.SZ,20260318,3.2027,1.01,74.9676,5.1635,4.9571,0.0688,1175819.4239,1167106.3814
000708.SZ,20260318,0.3063,0.81,14.1999,1.9534,0.7841,4.2399,8418659.7725,8418659.7725
603501.SH,20260318,1.0364,1.25,32.8382,4.2682,4.7735,0.5697,13654654.565,13105229.9342
603399.SH,20260318,1.8877,0.57,,3.2712,1.0661,,542515.7973,542515.7973
301616.SZ,20260318,3.0532,0.85,20.5386,2.872,4.2468,0.7803,410080.0,102520.0
603288.SH,20260318,0.3842,0.9,32.9342,5.9696,8.0217,3.6765,22564636.9841,21441675.6977
300158.SZ,20260318,2.0774,0.76,,1.652,2.0484,,597366.4397,596995.2381
688017.SH,20260318,1.8536,0.78,285.8926,10.0968,62.7692,0.0513,3571270.835,3571270.835
002626.SZ,20260318,1.3359,0.85,24.1147,2.6268,3.32,2.0986,1162535.6735,1162359.3685
600816.SH,20260318,0.639,0.77,425.0607,1.9363,,,2687534.3733,1493074.6519
688670.SH,20260318,1.1282,1.2,,2.0664,20.0742,,227304.0,227304.0
301179.SZ,20260318,7.6445,0.53,62.6863,3.7442,7.365,1.2033,908299.4,533437.2385
002909.SZ,20260318,2.5487,1.15,5195.2633,3.1113,2.3977,1.3808,279630.0,272766.4336
688638.SH,20260318,2.5333,0.79,,2.8099,3.1527,,228200.0,107828.6647
002043.SZ,20260318,1.0846,0.7,18.1924,3.9524,1.4771,3.7497,1312671.5874,1164544.6164
688563.SH,20260318,2.7171,0.93,52.3682,2.6964,9.8247,0.8533,2808000.0,730011.3163
000833.SZ,20260318,8.663,0.6,42.534,5.423,7.2512,0.4623,2116694.9812,1197319.6466
600833.SH,20260318,1.1476,1.08,40.4429,2.4043,1.3383,1.7586,279081.0201,279081.0201
603680.SH,20260318,0.3517,0.54,21.3715,1.9675,2.1675,2.1802,1078397.0234,1078397.0234
002188.SZ,20260318,3.3946,1.0,87.0943,7.1204,5.8166,,230935.328,181698.2829
000778.SZ,20260318,1.3422,0.78,49.4095,0.7235,0.5219,0.4184,1894401.1322,1861143.4271
920027.BJ,20260318,2.4566,1.69,36.4958,3.5138,4.4161,0.5914,160703.9015,85630.9015
300596.SZ,20260318,2.6986,0.84,20.2021,2.1383,1.7186,0.8335,1019281.7018,990095.8272
920092.BJ,20260318,3.46,0.99,,5.9717,19.9355,0.1457,210946.8206,111975.609
920185.BJ,20260318,0.5509,0.47,37.7415,2.6858,1.9986,1.3177,3394083.7668,3332821.6334
688529.SH,20260318,0.5685,0.64,,2.7021,2.0875,,306752.9383,306752.9383
688616.SH,20260318,1.7918,0.63,24.7085,2.8832,4.3932,2.0615,256510.919,256510.919
603289.SH,20260318,3.5838,1.29,32.5659,2.3385,2.9523,1.2919,340624.6778,340624.6778
000029.SZ,20260318,0.352,0.78,,5.7772,19.2812,,2116392.72,1865352.72
002016.SZ,20260318,1.306,0.96,35.1739,0.9875,3.3345,0.1672,483839.1879,483839.1879
300760.SZ,20260318,0.6722,1.54,24.6563,5.6313,6.4121,2.6469,21208024.8638,21207399.0875
301603.SZ,20260318,2.909,0.43,24.6003,3.6448,3.3822,0.2862,843750.12,263636.9775
301216.SZ,20260318,4.5753,0.93,,2.5114,0.9214,0.5033,1521834.8027,1438249.2801
601899.SH,20260318,0.9661,0.81,20.3815,5.532,2.8356,1.4285,92851348.1249,71938318.8449
002887.SZ,20260318,2.3743,0.7,29.5423,1.5297,7.1633,2.1834,350355.5226,222818.1633
002392.SZ,20260318,0.6994,0.81,24.8021,1.5337,1.3039,0.4347,884534.6934,849903.8676
300573.SZ,20260318,2.0012,0.64,26.5419,9.1401,7.1232,2.0231,1715149.5079,1319138.1055
002713.SZ,20260318,5.7882,1.31,,,15.0983,,1065573.8061,589680.9307
000963.SZ,20260318,0.4949,0.96,17.1309,2.6256,1.47,2.5752,6334497.495,6331883.31
600715.SH,20260318,0.8274,0.82,,7.7719,25.2857,,872868.5025,615410.0318
300650.SZ,20260318,4.9861,1.54,70.7676,3.0477,1.4383,0.2554,386384.143,301511.2536
301370.SZ,20260318,0.7566,1.07,53.5011,2.0973,0.728,0.7462,525660.2,361627.1426
688173.SH,20260318,1.2978,0.79,,4.3366,6.7494,,634088.789,629799.5643
002511.SZ,20260318,1.2533,0.77,44.8591,2.0753,1.3125,0.7119,1138444.3645,1119538.8131
300061.SZ,20260318,1.1446,1.04,,11.5712,13.0846,,606274.1828,572396.1286
603367.SH,20260318,0.7176,0.78,15.5726,1.2648,2.1538,2.4071,767418.2487,767418.2487
002966.SZ,20260318,0.6226,0.95,6.8821,0.7503,2.9752,4.9637,3692766.8211,3631278.5658
000758.SZ,20260318,1.9438,0.7,25.8579,2.3713,1.5873,0.6487,1413212.3503,1403078.7972
920106.BJ,20260318,0.853,0.86,26.8229,6.5524,9.0205,0.6312,379063.263,292400.3728
920225.BJ,20260318,1.4378,0.53,38.7721,4.3739,6.8873,0.7943,319581.7751,208445.4638
688379.SH,20260318,1.7736,0.55,22.8704,3.7398,1.7146,0.853,438175.9693,438175.9693
000507.SZ,20260318,2.2047,0.7,17.4071,0.9594,1.2114,1.1209,525168.625,515244.3938
000757.SZ,20260318,1.8336,1.0,59.7088,1.7499,0.885,,278610.5177,278605.2485
000876.SZ,20260318,0.7277,0.83,36.2612,1.6145,0.3683,0.2773,3917413.6462,3915526.952
688087.SH,20260318,1.7341,0.48,25.7337,2.7265,2.1872,0.3946,774278.5523,743119.5051
002747.SZ,20260318,1.2796,0.68,,6.5864,4.7263,,2101090.4415,1698601.5872
301170.SZ,20260318,4.0138,1.02,27.3365,1.7386,2.775,0.9769,307100.0,103110.1302
002207.SZ,20260318,14.08,0.79,,78.9303,8.5545,,279613.0883,278286.2973
600784.SH,20260318,1.2015,0.62,23.1477,1.4809,1.4707,0.9231,483091.3781,483091.3781
601996.SH,20260318,2.7347,1.31,,1.1298,1.6285,,288075.0049,288075.0049
001212.SZ,20260318,2.615,0.73,,5.5851,23.6085,0.1188,1069105.1997,924875.2117
688296.SH,20260318,1.6548,1.03,,2.7591,5.3989,,165624.4431,164848.5006
002673.SZ,20260318,0.5568,1.03,17.8972,1.1617,5.1884,1.3003,3432638.7494,3432638.7494
603926.SH,20260318,1.2147,0.71,44.8074,2.6389,1.8911,1.341,455819.6586,448288.5826
002448.SZ,20260318,2.4199,0.38,30.5851,2.4354,2.4453,0.8425,907916.0838,702894.2221
300347.SZ,20260318,1.3596,0.79,74.5338,2.1546,6.9537,0.5616,4562577.039,3000369.0776
600370.SH,20260318,10.6503,2.48,,2.8649,0.6473,,1414495.1003,1414495.1003
603690.SH,20260318,1.9959,0.91,,2.0518,3.0883,0.1848,1029024.9398,1029024.9398
600783.SH,20260318,2.897,0.82,94.4981,3.4437,194.2821,0.3195,1630891.2132,1630891.2132
920706.BJ,20260318,4.413,0.68,47.5712,3.9391,6.2392,0.789,234247.2961,107349.3155
600511.SH,20260318,0.9129,0.94,11.1387,1.2416,0.4312,2.6945,2240119.4011,1642885.5329
920066.BJ,20260318,2.8021,1.22,53.0574,3.7362,3.3048,0.2991,150093.7425,47457.5025
002660.SZ,20260318,1.163,0.83,,2.7476,2.4978,1.0799,330235.6936,317605.6935
600288.SH,20260318,1.3694,0.97,153.2065,3.4722,3.4546,,660878.4,660878.4
603122.SH,20260318,5.3121,1.1,,6.1332,9.5727,0.7975,648825.7918,648825.7918
600079.SH,20260318,0.7129,0.89,21.9134,1.6552,1.295,1.6684,3130609.4009,2959816.8809
920556.BJ,20260318,4.0498,0.47,61.8465,3.2486,5.2031,0.9377,171316.7424,124783.6874
300996.SZ,20260318,2.2294,0.82,45.7723,3.9166,5.8569,0.6099,493444.2038,409696.8672
301202.SZ,20260318,8.4579,1.43,61.5241,4.9009,4.3505,1.4521,563604.8,153627.76
300384.SZ,20260318,3.1344,0.91,21.3534,2.0091,6.6758,1.2636,555391.6484,383425.0767
603776.SH,20260318,0.7649,0.63,,1.5674,13.9402,1.0697,558713.5383,558713.5383
603538.SH,20260318,12.8598,1.32,58.4135,2.5869,3.772,0.1891,581106.6323,569892.3502
002302.SZ,20260318,1.7775,0.96,,0.9438,0.4186,1.9623,804119.6916,804119.6916
688739.SH,20260318,0.3276,0.6,76.8342,1.1297,7.6054,3.1144,1057366.55,1057366.55
688523.SH,20260318,8.2685,1.06,609.9148,15.6338,58.2157,,2618272.8,621080.0546
301219.SZ,20260318,1.5867,0.68,23.1332,2.0901,2.5583,2.3223,1894442.0459,1857418.0772
920871.BJ,20260318,2.8838,1.58,111.1003,4.6044,7.2872,1.2719,121487.351,66928.2825
002356.SZ,20260318,9.7307,0.95,132.9158,8.5495,7.5278,,531058.081,531055.0435
300160.SZ,20260318,1.872,1.17,22.1877,1.768,2.7382,1.6694,462994.8289,456653.3507
600223.SH,20260318,0.5193,0.92,33.4731,1.7118,1.8976,0.8511,716680.9864,716680.9864
600713.SH,20260318,0.7059,1.06,13.121,0.9994,0.1292,3.1948,696351.9384,686196.0711
002213.SZ,20260318,20.833,1.39,,13.3368,5.9412,0.0686,726228.8854,631651.5629
603071.SH,20260318,0.9348,0.97,12.3013,1.4499,0.1987,4.8243,809591.8953,809591.8953
000531.SZ,20260318,4.016,1.37,18.0599,1.1041,1.8419,1.8949,762305.775,665933.6972
920169.BJ,20260318,2.6496,0.88,84.9727,7.6115,12.2536,0.3189,256297.8855,161147.7599
301578.SZ,20260318,3.4795,0.94,80.2908,3.0978,3.3585,1.0819,288376.7987,81998.2761
300111.SZ,20260318,2.2263,0.99,855.6716,7.8995,17.9324,,543202.9213,543202.9213
300607.SZ,20260318,4.5218,2.23,,4.4369,5.4383,,1263976.8918,879930.9206
002011.SZ,20260318,1.9248,1.07,12.0326,2.1849,1.0726,,1401378.9893,1381665.335
601998.SH,20260318,0.2577,1.69,6.225,0.6073,2.0689,4.5595,43959678.1886,32202769.4367
002413.SZ,20260318,9.9856,0.99,,5.5154,12.5405,,1854993.0594,1821375.2788
300145.SZ,20260318,4.6738,0.75,40.0082,3.4096,1.9664,,1002366.3428,997452.5804
002690.SZ,20260318,0.8532,0.97,23.0999,6.0865,6.8344,3.7235,1658590.332,815444.3882
002244.SZ,20260318,0.8393,0.68,9.9453,1.1068,0.3503,0.7758,3288796.1917,2838995.6288
300753.SZ,20260318,6.1032,0.39,,6.0171,10.7475,0.2002,409151.808,285342.1002
605155.SH,20260318,0.8563,0.56,26.6929,2.4836,3.7451,1.4318,329032.732,321345.02
300037.SZ,20260318,2.651,0.58,38.3686,4.1357,4.3708,0.7076,4213039.8518,3017298.9104
002403.SZ,20260318,0.8979,0.67,,2.4047,1.393,0.1592,385262.2328,336089.6045
001217.SZ,20260318,2.243,0.37,147.0403,1.9261,2.2144,0.7663,433090.35,428800.8437
000680.SZ,20260318,1.5269,0.82,14.0479,2.7558,1.1636,0.8336,1701161.722,1490845.4802
605318.SH,20260318,1.054,0.56,,14.1954,15.8144,0.4111,917444.7173,917444.7173
603231.SH,20260318,1.8561,0.85,19.9731,1.8044,2.145,2.0131,351901.835,195316.8749
300967.SZ,20260318,4.5096,0.61,15.5981,4.4991,2.7304,1.007,368765.0185,245199.7677
301328.SZ,20260318,0.9096,0.87,55.3375,2.8207,8.2671,1.0026,548039.3533,548032.6208
301027.SZ,20260318,9.2003,1.07,181.1091,3.7256,5.213,,354858.0,285436.9025
300969.SZ,20260318,2.6198,0.7,87.1876,11.3104,16.6646,0.2047,1562884.2106,701360.3854
301039.SZ,20260318,1.1282,1.17,19.2976,1.1478,0.8263,3.1461,1667970.7338,1292660.475
600371.SH,20260318,3.1161,0.6,134.3475,4.9429,12.3096,1.6164,271512.384,271512.384
300674.SZ,20260318,1.1998,0.65,38.4997,3.451,4.0273,1.1697,1527803.8202,1525535.5952
600704.SH,20260318,1.1954,0.83,7.3918,0.6946,0.0475,5.709,2807950.6803,2807950.6803
300539.SZ,20260318,1.8438,0.68,151.752,6.6936,8.5764,0.3867,777760.0205,632093.7755
000581.SZ,20260318,1.7654,0.77,14.8586,1.1418,1.9912,4.2535,2279680.6641,1871938.5015
003002.SZ,20260318,1.5283,0.82,29.4517,3.5736,4.1461,0.5573,536000.0,490030.697
603709.SH,20260318,1.3238,0.73,,4.4039,1.4246,,228073.6548,226322.6694
002973.SZ,20260318,0.982,0.79,28.9973,2.2666,1.5256,0.7158,570905.9452,435210.7642
688210.SH,20260318,2.3122,1.1,,5.3907,8.1211,0.3379,695831.0973,695831.0973
300932.SZ,20260318,7.1869,0.42,64.0252,2.7273,2.0693,1.0416,478555.477,340850.728
688807.SH,20260318,9.4657,0.65,203.935,10.1772,36.9696,,1797200.0,337776.012
300586.SZ,20260318,1.659,0.69,,3.7955,4.1677,,711927.8616,535131.0645
688107.SH,20260318,5.8021,2.83,,13.9358,25.2922,,1315186.7731,1315186.7731
002767.SZ,20260318,2.5233,0.69,89.5241,3.948,5.1243,0.1964,336000.0,291644.687
603863.SH,20260318,2.3182,0.55,,11.606,8.1954,,422602.25,422602.25
002139.SZ,20260318,0.9265,0.59,29.7572,2.2714,1.4614,0.5356,1605923.4645,1379460.8079
688297.SH,20260318,1.4646,0.51,412.6594,6.3835,12.1197,,3655125.0,3655125.0
300503.SZ,20260318,9.2561,1.63,132.5712,12.193,11.0611,0.099,1639150.0426,1281505.5765
920060.BJ,20260318,7.8219,1.26,44.3768,5.1431,4.6906,1.3736,553442.5733,345160.3501
300817.SZ,20260318,0.9345,0.79,65.4912,4.1342,4.6377,1.4515,421097.305,241628.957
300955.SZ,20260318,1.2561,0.41,,4.0142,3.227,0.8011,352296.0,352296.0
002060.SZ,20260318,2.8786,0.65,13.9472,1.0949,0.2141,3.4826,1509266.0833,628251.4933
002877.SZ,20260318,7.8411,0.59,576.947,2.8374,3.1111,0.2068,344100.8531,232577.6685
301600.SZ,20260318,3.3188,1.21,64.8847,9.4988,11.8751,1.988,1145054.9425,353391.8675
002250.SZ,20260318,1.7655,0.71,37.0234,2.1755,2.3703,0.1258,1430798.415,1423011.452
000503.SZ,20260318,0.7387,0.89,,6.7097,25.7743,,843136.3784,843121.7414
002492.SZ,20260318,1.0919,0.56,53.641,1.9296,9.8268,0.2418,333720.0,327815.8134
301086.SZ,20260318,3.1375,0.78,137.4191,5.7862,12.9052,0.6441,1117890.0,587989.1858
688411.SH,20260318,4.0047,0.56,48.94,9.7184,4.0025,0.4265,4644585.3687,3419090.578
688095.SH,20260318,1.5942,0.64,257.4041,2.7005,6.5882,0.3799,708401.7491,708401.7491
300860.SZ,20260318,3.2238,1.38,179.5398,1.6712,12.8429,0.7769,509382.3043,295753.905
301510.SZ,20260318,1.4123,0.83,203.6302,9.4865,26.9733,0.1167,1336433.41,932671.0877
000537.SZ,20260318,8.0582,0.88,26.4263,1.1922,5.136,2.1323,2374526.1024,2374526.1024
600312.SH,20260318,2.2925,0.78,26.1107,2.696,2.3154,1.1538,2998796.0929,2998796.0929
002786.SZ,20260318,0.9373,0.88,,16.9939,1.6445,,390046.644,388866.144
000421.SZ,20260318,1.3193,0.51,22.2284,1.3942,0.4402,0.8823,391751.5306,391670.0746
605108.SH,20260318,0.7997,1.08,96.49,2.0252,1.77,0.687,452400.0,452400.0
605178.SH,20260318,3.6577,1.33,,5.6963,19.8025,,696235.16,696235.16
600433.SH,20260318,2.3117,0.46,,1.5344,0.908,1.6173,649353.5954,649353.5954
002368.SZ,20260318,0.8959,0.85,56.7695,2.4452,1.5165,0.4545,1268275.667,1262574.4802
603458.SH,20260318,3.1485,0.91,,1.1131,2.166,,317757.2455,317757.2455
600990.SH,20260318,1.2286,0.89,,3.7422,4.3443,,674434.7543,669303.5876
920717.BJ,20260318,4.2149,0.86,359.0231,1.9747,7.3659,0.4255,111354.28,42995.88
600075.SH,20260318,3.1149,0.56,189.6794,1.3892,1.0973,0.2747,1242960.8355,1242960.8355
002377.SZ,20260318,3.1684,1.04,,7.3458,3.5549,,325295.4464,309683.7605
002911.SZ,20260318,0.7002,0.69,19.1512,4.3176,0.5678,3.251,1916429.8643,1870148.091
300349.SZ,20260318,1.8,0.56,22.6192,1.3722,1.9101,3.4114,609131.437,539917.1294
300482.SZ,20260318,0.9293,0.96,35.4718,1.7064,3.5757,2.0926,920254.9311,846163.6004
002557.SZ,20260318,0.7525,0.71,29.1282,2.1954,1.6577,4.3616,1139691.7363,1137254.6099
603406.SH,20260318,17.3724,1.7,36.4374,3.7008,4.5588,1.2118,1650441.26,151269.6524
300053.SZ,20260318,5.1042,1.4,,7.5069,60.4931,,1277370.6341,1192951.095
001258.SZ,20260318,6.3562,0.69,163.0621,2.8659,8.7232,0.1824,869866.6673,869857.5803
603628.SH,20260318,3.0195,0.55,44.4145,3.031,1.7873,0.4441,406651.3438,405262.5535
600459.SH,20260318,2.0585,0.67,24.6799,2.1147,0.2812,1.1653,1566722.2938,1566514.304
600962.SH,20260318,0.7287,0.66,93.789,5.6624,2.3425,,533859.56,533859.56
601985.SH,20260318,0.826,0.58,23.2517,1.5842,2.227,2.0282,18243817.8396,16749473.677
600642.SH,20260318,0.4381,0.6,11.0964,1.2019,1.5666,4.9889,4414459.5972,4414219.4667
600295.SH,20260318,0.3608,0.52,23.7214,2.069,1.6442,3.8635,4346499.5225,3068069.9225
600444.SH,20260318,1.8318,0.88,46.2419,3.5932,3.0105,0.5952,270587.7303,270587.7303
605100.SH,20260318,0.9049,0.66,209.0948,4.0108,9.4959,0.7246,708529.5,705217.8
301399.SZ,20260318,21.6403,1.69,107.0105,3.2088,8.6066,0.9098,420735.48,124350.4746
600606.SH,20260318,0.886,1.17,,0.3999,0.1099,,2290837.5852,2290837.5852
300320.SZ,20260318,1.7454,0.62,32.0147,2.7493,1.8723,0.3546,678192.1674,547968.582
003036.SZ,20260318,5.5657,1.39,85.0511,3.0725,2.9146,0.6304,424972.4305,424961.5248
301233.SZ,20260318,1.8644,0.74,31.7322,2.8625,6.2624,0.9471,276445.37,151358.1369
300313.SZ,20260318,1.0957,0.4,,51.1713,19.6005,,175997.7816,144856.9471
605118.SH,20260318,0.3549,0.64,62.1097,11.4867,21.8693,1.4637,1711535.808,1694009.676
300890.SZ,20260318,5.0822,0.56,291.3704,1.8566,2.5887,,381497.7047,348516.6725
301309.SZ,20260318,19.1379,1.33,29.2818,2.1354,3.9639,0.8685,345436.1984,87552.3724
002436.SZ,20260318,4.5642,0.86,,7.3127,5.7659,0.1284,3943242.6662,3504353.6339
301290.SZ,20260318,2.051,0.47,,1.3295,7.0313,2.0885,283490.5352,192902.422
002173.SZ,20260318,15.0837,0.78,,7.545,16.7313,,1343710.8518,1267647.0289
300936.SZ,20260318,19.7165,0.84,,4.8139,20.7511,0.1563,481280.0,303745.76
002268.SZ,20260318,1.3121,0.57,100.3502,2.9476,7.1077,0.3198,1586413.2917,1585778.8754
688507.SH,20260318,5.4185,1.65,262.7722,2.9601,18.1485,0.3901,845375.0338,467099.3705
001316.SZ,20260318,1.0139,0.66,41.0884,4.422,5.5606,1.2681,552669.1314,534311.1396
300556.SZ,20260318,3.042,0.93,,5.2999,4.3574,,235107.3153,206957.632
600189.SH,20260318,1.3279,1.11,614.9957,4.6757,4.375,,577879.8321,577879.8321
688136.SH,20260318,0.7598,0.92,37.5398,3.4107,3.8837,0.2636,598539.0615,598539.0615
601121.SH,20260318,1.8639,0.59,89.6651,2.0063,5.4944,0.3997,750636.5278,655200.0
600995.SH,20260318,0.9746,0.52,31.6102,2.1353,6.8643,0.7914,4787616.6959,4787616.6959
300233.SZ,20260318,1.2207,0.72,74.3874,1.5754,2.061,1.6491,575044.1313,556813.0609
688579.SH,20260318,1.8659,1.12,81.8381,3.497,9.4475,0.5289,491612.29,491612.29
300701.SZ,20260318,1.2448,0.86,54.1006,3.5493,7.869,0.8183,345502.3154,304426.8677
300847.SZ,20260318,1.0667,0.46,43.2828,3.3995,4.1969,0.809,497592.81,497592.81
002153.SZ,20260318,1.0718,0.89,,4.3252,10.5226,0.0907,3010300.8066,1764539.4758
002410.SZ,20260318,1.3169,0.83,59.1436,3.462,3.3738,1.1933,2059974.5945,1980337.1055
002929.SZ,20260318,8.0153,0.96,,2.3085,1.4706,0.2531,1459050.7194,1081439.976
002489.SZ,20260318,1.0499,0.68,11.8876,1.656,1.3268,1.1173,776507.8401,684864.3562
002283.SZ,20260318,3.1124,0.57,30.7194,1.7544,2.8162,2.6558,1056276.804,930268.9997
600255.SH,20260318,2.5904,1.0,150.9446,4.3904,1.4109,,635763.7282,635763.7282
002583.SZ,20260318,1.4306,0.69,,7.7729,3.4757,,1985932.3641,1400731.3855
300040.SZ,20260318,15.6954,0.87,,1.9445,3.455,0.7198,502503.5505,404070.6911
920445.BJ,20260318,1.2488,0.59,63.0212,5.1873,4.2127,2.7589,158013.8307,112264.4466
688310.SH,20260318,1.2508,1.21,42.5356,3.2188,6.2042,,277586.8823,277586.8823
000796.SZ,20260318,2.999,1.09,,10.4051,12.5694,,862838.4368,715952.5438
002948.SZ,20260318,1.255,1.01,5.8453,0.709,2.0809,3.071,3032404.8112,1621613.2383
300611.SZ,20260318,3.8188,0.75,41.9992,4.9862,3.2403,0.4075,612749.796,430523.5509
300951.SZ,20260318,1.0456,0.73,33.6022,2.7965,4.8718,1.5429,650837.0937,581657.1196
688011.SH,20260318,2.2611,1.56,,6.6394,60.4721,,701200.0,698833.6113
688668.SH,20260318,2.786,0.62,81.8836,10.3878,12.4745,0.492,1975692.8167,1975692.8167
000723.SZ,20260318,3.9876,0.65,,1.7662,1.3284,,2342658.6042,2338360.24
688037.SH,20260318,1.4283,0.59,480.6871,12.3402,17.6866,0.0642,3446213.7432,3446213.7432
603590.SH,20260318,2.2082,1.2,105.2255,1.8834,6.8984,1.5894,601059.6031,598084.7431
002258.SZ,20260318,1.8291,0.5,25.6465,1.5565,1.3631,2.6076,1227870.7078,1225896.6292
688369.SH,20260318,3.9678,1.04,,3.3867,3.1558,,285625.598,285625.598
601107.SH,20260318,0.8226,0.94,11.8502,1.0209,2.133,4.5741,1938810.04,1371177.16
000980.SZ,20260318,2.4628,1.11,,1065.9933,22.6318,,1341317.6986,1338349.387
920198.BJ,20260318,2.3961,0.8,,3.6104,8.8068,,155554.7726,67929.2269
300994.SZ,20260318,1.4421,0.72,21.2361,3.256,1.0684,2.5907,359887.872,180129.216
000521.SZ,20260318,0.7968,0.65,9.9038,1.0479,0.2084,5.2215,650911.7879,553366.3628
002828.SZ,20260318,15.2919,0.77,295.0734,3.8165,2.4292,0.3785,265504.6196,255695.369
002362.SZ,20260318,1.7075,0.96,,4.7533,2.5914,,500154.2057,424737.1849
001216.SZ,20260318,3.7827,0.89,22.8711,2.8524,3.4612,1.9531,515823.0016,502892.9516
600703.SH,20260318,3.714,0.58,892.722,2.3809,4.6582,0.1118,8416474.5924,8416474.5924
002441.SZ,20260318,1.9435,0.53,27.5669,1.2976,0.5217,4.6948,579938.9436,425019.9114
002607.SZ,20260318,2.145,0.66,161.8012,21.3043,7.9649,,1739206.6277,1433687.2606
600598.SH,20260318,1.7231,0.71,27.6563,3.6993,5.9595,3.2239,3032721.9248,3032721.9248
600281.SH,20260318,3.6755,0.76,,22.2089,6.251,,290122.7421,290122.7421
600008.SH,20260318,1.3744,0.9,13.8581,1.1513,1.2074,6.5015,2371010.7887,2371010.7887
000819.SZ,20260318,2.4137,1.1,,2.6858,1.6097,0.6488,569775.9483,563650.8159
002661.SZ,20260318,1.0392,0.9,27.4758,1.3808,0.7352,4.3369,315148.3039,297584.9389
300107.SZ,20260318,2.9783,0.4,385.0696,2.9814,8.961,0.2007,448537.4676,276788.2307
000001.SZ,20260318,0.4077,0.96,4.9327,0.4797,1.5664,5.4563,21268886.345,21268538.3157
002130.SZ,20260318,11.796,1.75,32.6762,4.3131,4.3898,0.5114,3709701.5093,3032956.1402
603789.SH,20260318,1.0958,0.54,,10.9635,4.3089,,162576.5498,159380.0
002078.SZ,20260318,0.7172,1.04,13.5873,1.4509,1.1297,2.5253,4426543.6285,4399393.9778
002361.SZ,20260318,10.5744,0.69,338.3996,5.3147,4.6767,0.4042,1176430.2567,1000885.1312
600696.SH,20260318,2.2649,1.07,,1.9203,6.2195,,55187.4561,55187.4561
688403.SH,20260318,4.1081,1.28,86.4473,3.807,7.529,0.5846,1342516.901,1342516.901
601939.SH,20260318,0.7995,0.88,7.1615,0.7134,3.1988,4.146,241457152.0867,8854945.9703
603727.SH,20260318,3.8518,0.95,168.4379,1.5676,2.2491,0.2797,495825.9275,495825.9275
002066.SZ,20260318,0.9467,0.62,251.1664,6.4432,1.1832,0.7611,455249.766,447678.0
688313.SH,20260318,3.5512,0.62,103.0069,23.1781,16.5305,0.0771,3519165.5498,3519165.5498
688336.SH,20260318,2.0643,2.81,14.0329,6.9971,9.8208,0.184,4123873.148,4115194.8109
301658.SZ,20260318,42.9491,0.86,128.222,6.3049,8.2618,0.2609,1991752.5821,199175.2606
002939.SZ,20260318,0.5178,0.96,15.6373,1.2061,7.1289,1.7968,3772189.2039,3368486.755
603272.SH,20260318,2.0306,0.94,114.4729,4.2891,10.3887,0.4142,239378.37,239378.37
000815.SZ,20260318,11.3266,0.51,,9.0407,27.1129,,1220881.8895,1220881.8895
601128.SH,20260318,1.1084,0.96,5.6924,0.803,2.06,5.2399,2387894.3827,2387894.3827
001239.SZ,20260318,3.3735,1.23,37.5848,2.8874,2.043,,397920.0,189012.0
000002.SZ,20260318,1.1194,1.06,,0.3143,0.194,,5523918.4851,4498693.0282
300929.SZ,20260318,2.5247,0.95,,2.09,4.4866,,168205.253,161349.3842
301563.SZ,20260318,31.4013,4.07,95.6503,9.1056,3.692,,1092517.909,234081.7904
600182.SH,20260318,0.6568,0.5,35.0171,4.7369,1.012,6.0501,488920.0,244460.0
603187.SH,20260318,0.9201,0.57,16.567,1.5405,2.0096,4.849,633335.9994,626691.1393
301091.SZ,20260318,0.6664,0.72,142.425,5.3898,10.5701,0.1621,1276017.6,1276017.6
600058.SH,20260318,0.9574,0.77,123.6537,2.5579,0.2252,,1277717.5675,1277717.5675
002015.SZ,20260318,15.8758,0.73,51.248,2.6801,3.2485,0.4783,3306712.2387,3306712.2387
688200.SH,20260318,2.0791,1.06,67.972,8.9665,27.1768,0.2772,3659126.0086,3659126.0086
301261.SZ,20260318,2.4685,0.63,139.3441,4.6801,6.6702,0.7319,720523.8268,307288.2656
002643.SZ,20260318,1.129,0.83,58.4136,2.0771,3.9798,0.622,1495193.9445,1473058.8234
001211.SZ,20260318,2.0968,1.14,88.3658,2.3217,1.3172,0.7475,200664.0,186719.4545
002466.SZ,20260318,1.8668,0.89,,1.9478,8.395,,8727443.088,7548814.3589
603005.SH,20260318,4.382,0.96,53.2864,4.274,13.363,0.2778,1969558.5521,1969558.5521
002956.SZ,20260318,1.7835,2.5,39.012,3.9201,2.8353,1.523,612142.9587,612081.0333
600975.SH,20260318,1.2676,0.87,286.2933,2.364,0.996,,713556.8535,713556.8535
000710.SZ,20260318,1.7008,0.92,,2.4883,4.2821,,403014.4701,375664.1122
300147.SZ,20260318,0.7812,0.87,,8.8885,4.1852,,615650.7909,612037.8666
603380.SH,20260318,0.6399,0.98,26.3268,3.808,2.4986,2.7533,582722.4384,582722.4384
002753.SZ,20260318,2.88,0.6,43.1588,1.2688,0.8564,1.647,337368.1663,191091.6636
002655.SZ,20260318,9.7965,1.36,78.2149,8.6901,4.7328,0.1652,653938.9795,653760.2221
600585.SH,20260318,0.8125,1.05,14.9789,0.6925,1.5663,3.8183,13184664.8166,9951260.0166
300451.SZ,20260318,1.1778,0.8,,1.8133,6.9978,,780758.8448,769453.6601
301358.SZ,20260318,3.211,0.67,78.3748,4.7751,1.9581,0.2028,5863506.5707,5856843.1756
605369.SH,20260318,0.5264,1.14,39.093,2.3281,3.5537,1.5747,399533.2236,399533.2236
002364.SZ,20260318,4.7307,0.65,182.912,7.2755,7.9961,0.3192,1760013.3701,1742958.0425
300747.SZ,20260318,2.8619,0.6,100.9834,5.1296,4.8466,0.1675,1680307.2,1523746.7369
601065.SH,20260318,2.6882,0.57,18.7811,1.2725,2.3793,2.5114,563071.8452,364640.3252
002501.SZ,20260318,1.8473,0.78,,26.3904,23.759,,695800.0,695107.9644
300540.SZ,20260318,4.474,0.86,68.3542,4.2485,5.6609,0.1748,468989.2617,422343.6778
603856.SH,20260318,2.1612,0.78,22.5682,1.4582,1.9519,1.5522,394314.3719,394314.3719
301090.SZ,20260318,3.378,1.29,,2.105,0.9003,,1320797.8991,1319420.439
002152.SZ,20260318,0.8131,0.74,37.2976,2.5968,2.6463,2.8771,3193630.4068,3192023.9549
002369.SZ,20260318,2.2227,1.3,,14.102,2.5246,,437123.2919,436552.0788
688109.SH,20260318,0.5327,0.32,214.9631,12.6255,23.2393,0.5206,1016592.6162,1016592.6162
600679.SH,20260318,0.7457,1.0,,2.9357,2.862,,628143.6993,418963.2993
603260.SH,20260318,0.4367,0.62,,1.768,2.6289,0.9323,5659224.6266,5659224.6266
300970.SZ,20260318,4.0054,0.98,779.9234,1.951,2.5842,,300882.7314,233464.0606
601339.SH,20260318,0.9168,0.93,20.3028,1.2111,1.4637,5.5331,1111180.629,1111180.629
603817.SH,20260318,12.9056,1.72,23.2468,1.5677,3.6912,0.6897,495973.1139,495973.1139
002620.SZ,20260318,3.0969,0.68,,,5.0517,,265378.282,221698.293
603228.SH,20260318,2.0161,0.7,50.405,4.789,4.1685,1.2236,6112731.1441,6056485.5446
600100.SH,20260318,1.7339,1.11,75.1596,1.8388,1.8726,,2971714.0714,2971714.0714
600162.SH,20260318,1.3156,1.09,,1.0626,3.6566,0.5817,614466.3669,614466.3669
920195.BJ,20260318,0.7407,0.76,18.1143,2.4156,1.7685,0.978,200471.35,144702.1243
002889.SZ,20260318,0.9817,1.54,35.1944,2.1533,1.393,0.3746,540064.485,359336.9108
000012.SZ,20260318,1.4465,0.7,,1.0922,1.027,1.4519,1442130.2164,928716.0675
301121.SZ,20260318,3.22,0.81,100.3651,2.3167,3.0191,0.3638,385125.1441,197155.6289
301056.SZ,20260318,1.0655,0.55,55.938,5.3033,6.9827,3.937,406582.8805,268217.6449
600278.SH,20260318,0.3919,0.61,32.8881,0.8938,0.1912,1.3161,685325.6278,685325.6278
601098.SH,20260318,0.4632,0.75,12.5989,1.2812,1.6,4.9505,1995356.0,1995356.0
000897.SZ,20260318,3.0341,1.1,23.4303,1.1843,2.4526,4.2222,363886.2527,363879.3677
600567.SH,20260318,1.6123,0.78,,0.6535,0.3684,,1059652.1554,1059652.1554
920475.BJ,20260318,1.2081,0.98,,4.1212,8.1031,0.3511,143909.44,80026.5586
301280.SZ,20260318,3.477,1.38,36.0252,4.0864,4.2833,1.5372,762686.0606,223751.7206
920023.BJ,20260318,2.6528,1.26,113.9656,1.1162,2.5056,,134521.944,110480.3058
301139.SZ,20260318,5.4942,1.33,172.6487,1.1748,2.0466,0.1855,229422.9696,143727.4083
688785.SH,20260318,4.8824,0.85,183.1949,9.5823,39.5165,,2095367.2436,393921.2318
301218.SZ,20260318,6.1573,0.59,,4.6127,6.6801,0.0673,423430.52,260165.5881
920866.BJ,20260318,3.2297,0.78,46.241,1.8945,2.9453,1.8239,145606.3672,92202.7376
002484.SZ,20260318,2.6591,0.82,36.5347,4.1378,4.715,0.8643,2539664.4878,2449930.1833
688051.SH,20260318,1.1878,1.02,,4.3367,12.0419,,256362.21,256362.21
601138.SH,20260318,0.5916,1.0,29.2986,6.1988,1.145,1.8625,103381767.2359,103381767.2359
300813.SZ,20260318,7.2493,1.68,201.394,4.1952,10.3678,0.7313,331479.864,207999.6847
600238.SH,20260318,0.5804,0.46,,24.2891,13.0089,,246510.0,244899.369
601975.SH,20260318,10.7067,1.06,19.304,2.1124,4.0801,,2340172.339,2340172.339
300618.SZ,20260318,2.5658,0.61,50.6582,2.4716,2.0813,0.3347,1381868.42,1215880.088
002671.SZ,20260318,2.1349,1.03,30.3702,1.845,2.1146,,328360.9597,321193.4131
000923.SZ,20260318,1.4724,0.66,25.1793,1.2904,2.5314,2.4631,1325039.7908,1274639.7486
002427.SZ,20260318,7.0955,1.3,279.0137,8.0142,3.2789,,759768.6711,759207.9297
601799.SH,20260318,0.9217,0.96,24.0158,3.4282,2.5619,1.1295,3775539.2015,3775539.2015
300357.SZ,20260318,4.1857,2.68,35.0947,5.304,13.0682,0.8407,1370219.328,1266796.0245
002639.SZ,20260318,8.5978,0.87,356.7536,5.9189,5.6982,,1483396.1818,1249189.0675
300593.SZ,20260318,2.6185,0.74,,5.9368,12.1281,,1417006.001,1176088.2646
603530.SH,20260318,0.9465,0.52,74.481,16.9794,17.1878,0.7124,2771846.6561,2744751.3139
688357.SH,20260318,1.3651,0.7,36.5917,2.0668,4.2875,0.5551,360515.7296,360515.7296
301389.SZ,20260318,18.0891,1.08,159.5989,7.4392,32.8001,0.8875,1653939.0,493375.8202
002107.SZ,20260318,1.5005,0.76,40.8867,6.1192,4.7903,3.9233,391348.1088,387405.1428
603833.SH,20260318,0.2834,0.63,14.4957,1.9129,1.9059,6.4748,3480090.3292,3480090.3292
600545.SH,20260318,15.2134,1.41,,2.4899,2.0446,,795620.9388,795620.9388
002676.SZ,20260318,1.168,1.01,73.116,3.9371,1.7895,0.1403,513360.0,513343.2153
600758.SH,20260318,8.9242,2.88,134.4809,1.0093,1.1038,0.7565,559213.3577,558674.4557
000524.SZ,20260318,1.7599,0.81,111.3422,3.9377,2.0124,0.5984,896068.8942,895721.7234
000566.SZ,20260318,1.6971,0.9,,25.8661,8.7208,,720037.6449,719688.2763
920753.BJ,20260318,1.9737,1.54,50.6298,4.1176,6.9217,1.5061,166471.9326,66220.2186
920088.BJ,20260318,22.7856,0.71,110.4726,9.0154,14.0485,0.1125,626188.365,227999.3135
002320.SZ,20260318,0.6242,0.74,109.5244,5.2614,4.3032,0.4209,2118464.4459,2118464.4459
600499.SH,20260318,0.8752,0.61,21.7062,2.5072,1.8946,1.1785,3152955.9068,3152955.9068
002852.SZ,20260318,4.543,1.01,14.683,1.8628,0.6732,2.5312,413105.9343,342606.8656
301586.SZ,20260318,1.5553,0.69,59.8607,3.013,5.0939,0.4313,384757.4074,245348.627
600871.SH,20260318,1.8872,0.75,89.485,6.3706,0.7305,,5895641.2541,4213120.8412
002067.SZ,20260318,1.9611,0.65,124.9355,1.1721,1.3787,,775773.1267,703579.6267
601225.SH,20260318,0.339,0.58,15.0102,2.5672,1.5702,4.5863,24838590.0,24838590.0
688800.SH,20260318,5.446,1.35,61.2526,7.9606,5.9563,0.2931,1880891.7936,1880891.7936
002398.SZ,20260318,1.5343,0.81,75.172,1.0606,1.4875,1.4394,382524.5434,311991.5407
003010.SZ,20260318,7.0788,2.15,63.5133,12.3639,3.5267,1.5051,969883.4462,705111.3235
000958.SZ,20260318,0.9114,0.88,130.2831,5.9378,26.3521,0.8242,11692115.6333,3623029.3071
000050.SZ,20260318,1.1681,0.81,129.366,0.7947,0.5977,,2165275.6893,2165249.0611
300837.SZ,20260318,1.8401,0.51,93.5017,2.8023,6.4233,0.7764,386407.0209,292077.1209
601990.SH,20260318,0.4295,0.88,27.509,1.4692,11.0227,1.4295,3352516.3798,2809007.1079
000048.SZ,20260318,2.6867,0.83,27.5583,2.6737,2.243,3.3541,1129501.1925,1121145.8415
002075.SZ,20260318,1.4316,0.78,39.7977,1.7583,0.8261,0.956,1147370.7077,1147368.8642
300669.SZ,20260318,0.8496,0.36,385.3338,7.1985,19.4762,0.3047,629183.5424,595862.2943
301265.SZ,20260318,12.0739,0.84,108.4125,3.1311,7.5416,0.1822,662299.3759,368227.798
600332.SH,20260318,0.5627,0.78,13.8378,1.0903,0.533,3.1471,4132760.5924,3573774.7924
688485.SH,20260318,5.5392,1.32,,3.084,16.7317,0.0866,387152.3517,228640.5513
600234.SH,20260318,1.4898,0.84,62.1569,7.4082,7.7211,,370417.0929,370417.0929
603881.SH,20260318,10.224,1.69,189.3742,8.4741,15.6448,0.1544,2782992.4941,2782992.4941
600300.SH,20260318,1.9628,0.78,14.6433,1.6902,1.7736,3.4783,595108.3222,595108.3222
000609.SZ,20260318,5.207,0.92,,,19.2647,,299864.053,291640.3885
002705.SZ,20260318,0.5802,0.79,11.1196,1.2907,0.6879,4.3389,1113893.5702,1108717.8648
601368.SH,20260318,0.8115,0.74,54.2281,0.9976,1.9341,0.5474,483869.2462,483869.2462
603348.SH,20260318,0.5543,0.67,311.0894,1.4586,1.0706,0.7489,629897.8156,629897.8156
920046.BJ,20260318,10.2983,0.85,219.4815,13.0621,15.6626,0.2457,329344.4,208635.6465
601919.SH,20260318,0.8192,0.82,6.5201,1.1137,1.0941,9.8568,24806553.8893,20341057.0993
300052.SZ,20260318,2.5536,1.05,,9.2956,18.2217,,351414.3888,351404.3238
301560.SZ,20260318,11.2617,0.94,54.0364,4.9515,4.5234,0.2023,480806.4,96161.28
688004.SH,20260318,2.4604,1.3,,3.2554,11.0714,,189328.032,189328.032
600624.SH,20260318,0.5228,0.68,,5.5145,5.188,,343070.2057,343070.2057
300923.SZ,20260318,2.1194,1.17,46.1435,2.0088,4.2915,1.5461,227311.2,221146.902
600720.SH,20260318,1.4147,1.4,10.8029,1.0781,1.3916,3.1939,1645225.0201,723488.6858
300555.SZ,20260318,1.2126,1.17,,5.4374,16.7574,,258400.0,255796.443
600989.SH,20260318,2.4518,0.73,20.6492,4.8435,4.879,2.1517,23437418.56,23437418.56
600562.SH,20260318,0.7312,0.95,51.1437,5.0784,9.1779,0.9728,3242490.8202,3242490.8202
001380.SZ,20260318,2.1114,1.56,21.4843,3.2147,2.925,0.921,596150.1118,193696.4805
300388.SZ,20260318,1.0327,0.85,16.2374,1.279,1.6252,2.2543,589101.5298,588028.9497
601058.SH,20260318,1.1262,1.24,12.4815,2.1865,1.2882,2.7123,4606628.4629,4606628.4629
601798.SH,20260318,1.8236,0.57,,2.5966,4.2989,,329002.1677,329002.1677
301055.SZ,20260318,1.0573,0.74,69.4572,4.8629,3.1903,0.571,318240.0,318240.0
000009.SZ,20260318,0.9878,0.7,331.5586,2.3186,1.043,0.3311,2336767.8523,2333874.5413
002848.SZ,20260318,3.1612,0.86,,19.3765,14.155,,223646.7,220671.2717
002221.SZ,20260318,2.3663,0.46,36.8511,1.2863,0.4685,,1429547.8847,1325013.7266
603322.SH,20260318,4.1938,1.15,,19.5432,2.2874,,563057.6221,563057.6221
603091.SH,20260318,2.1235,1.29,27.4212,3.7006,5.3901,1.2528,783455.8708,236148.7782
688113.SH,20260318,0.8124,0.79,29.8167,2.7033,5.4691,1.0401,265575.5333,265575.5333
300765.SZ,20260318,0.5384,0.71,,16.8772,20.8637,0.0619,4501720.3855,4501720.3855
301010.SZ,20260318,4.3849,1.12,119.1005,3.109,2.535,0.8386,257580.0,257580.0
688205.SH,20260318,7.632,1.03,376.0887,11.8581,29.469,0.1893,2751790.4447,2751790.4447
300375.SZ,20260318,1.9451,0.63,86.3076,1.7715,1.4827,0.6703,405700.5288,282084.2739
002316.SZ,20260318,6.2932,1.12,370.3974,29.7116,3.8947,,228402.72,197996.085
603305.SH,20260318,1.3432,0.79,44.2436,1.9166,3.9891,2.0816,1739341.3768,1739341.3768
001325.SZ,20260318,9.9516,0.58,25.8151,2.3826,2.9273,,417872.0,104468.0
001230.SZ,20260318,3.1077,0.83,21.5581,1.7025,2.0811,1.7519,326303.5446,190972.7234
002685.SZ,20260318,4.5547,2.1,56.0698,4.6124,8.4402,,724529.5709,724432.9912
688315.SH,20260318,0.6043,1.16,36.28,2.2763,2.7274,0.3361,602657.6,602657.6
301656.SZ,20260318,6.8289,1.5,54.3151,6.7884,3.1407,,6276504.2751,435561.2109
603027.SH,20260318,2.9116,1.86,30.2127,3.8669,4.6023,4.8228,1275801.0193,1195881.9062
603990.SH,20260318,7.8398,1.89,121.392,5.6933,15.7673,,475350.7985,475350.7985
603666.SH,20260318,0.6365,0.5,,2.7436,10.754,,580828.9669,580828.9669
001339.SZ,20260318,8.1855,0.67,102.3979,7.8923,4.2082,0.1127,1778340.222,841703.4269
002006.SZ,20260318,2.8398,0.87,46.5228,4.2323,5.3808,0.7663,1017235.7621,1017235.7621
603353.SH,20260318,8.4365,1.22,970.679,4.724,2.7448,0.4479,770998.41,764324.73
002958.SZ,20260318,1.4684,1.24,5.8907,0.4709,1.6481,3.8095,1750021.0768,1713468.0093
603175.SH,20260318,32.4682,1.75,186.7558,14.8077,9.0307,,4295998.2254,432513.1976
002982.SZ,20260318,3.1097,0.48,95.6577,1.8971,0.6701,0.4823,300930.2651,192346.1783
002300.SZ,20260318,7.4611,0.58,91.2673,3.8929,0.5906,1.0795,736058.0403,735993.342
600657.SH,20260318,0.94,1.26,,0.5064,1.2993,,938268.0578,938268.0578
002867.SZ,20260318,0.463,0.72,12.7618,2.2093,1.3427,7.3831,1323192.6756,1315419.0041
300369.SZ,20260318,10.7979,1.0,,3.2984,3.4255,,809811.2651,807247.8721
600858.SH,20260318,1.4972,1.02,80.4338,1.1524,0.587,0.6333,312039.9534,310528.8174
920394.BJ,20260318,1.056,1.06,56.2834,8.8683,16.1358,0.4055,721305.0,715992.3088
301581.SZ,20260318,1.2595,1.01,55.4261,3.9527,4.8239,1.4104,397040.0,242581.514
603095.SH,20260318,1.2334,0.83,44.7279,2.0652,3.7873,4.6798,478831.0968,478831.0968
600150.SH,20260318,0.9408,0.89,36.1677,1.8438,2.0046,0.4297,26023598.4139,26023598.4139
300536.SZ,20260318,5.8332,3.15,,5.9084,15.4333,,264545.896,264526.7176
605319.SH,20260318,0.8603,0.5,18.7713,3.2257,2.9931,2.0016,837056.3529,719930.8269
300595.SZ,20260318,0.9534,0.71,28.5137,2.8758,7.7229,1.7894,1402022.7666,1046862.7942
603255.SH,20260318,1.1054,0.63,,2.514,4.6982,,399198.8843,179962.7856
000561.SZ,20260318,1.4613,0.85,,2.8543,5.9578,,900307.004,746484.7581
600428.SH,20260318,2.2711,0.98,13.8741,1.3916,1.0771,3.3294,2299405.291,2049149.3186
300546.SZ,20260318,3.4332,0.54,120.6303,3.9474,7.7859,0.1892,443812.5392,318447.4563
600531.SH,20260318,2.6193,0.63,20.0842,2.7019,0.3883,1.3981,1754640.1748,1754640.1748
002498.SZ,20260318,9.1504,0.81,52.2328,3.4703,2.9559,0.4301,3093920.28,3093920.28
000599.SZ,20260318,1.6022,0.65,,4.079,1.1913,,536610.6545,536601.5386
688796.SH,20260318,4.1554,1.06,214.4444,17.0774,26.9376,,3714172.7686,298262.1844
688560.SH,20260318,1.5411,0.7,,1.2733,4.5822,,329732.5417,329732.5417
002863.SZ,20260318,1.9213,1.04,44.1062,1.2278,0.6249,0.2926,348299.9449,348299.9449
002092.SZ,20260318,3.9884,0.59,,0.9671,0.7229,,2087555.7307,2075942.0767
603661.SH,20260318,0.4204,0.95,16.3945,1.2175,0.3864,3.9053,452245.9848,452245.9848
601992.SH,20260318,1.2401,1.06,,0.4919,0.1935,2.6738,1996743.2021,1558487.5954
688550.SH,20260318,1.5275,0.85,23.9375,2.2908,4.4375,1.3647,744054.1946,744054.1946
920396.BJ,20260318,4.9097,0.51,59.8365,6.73,9.4607,0.6134,244468.5454,173680.1289
001215.SZ,20260318,1.3613,0.6,63.2517,1.8939,1.8792,,353664.0234,352289.8033
300211.SZ,20260318,0.9426,1.17,,5.5331,12.9131,,256516.6862,250740.2683
300071.SZ,20260318,3.4114,0.69,,36.761,4.9843,,515678.1198,505762.7133
000608.SZ,20260318,4.3894,1.23,,1.4115,8.5852,,293216.1038,291462.1756
002687.SZ,20260318,2.254,1.26,44.4289,1.7657,2.0551,,263494.8943,215820.7089
300785.SZ,20260318,7.5212,1.2,121.8181,5.4758,7.885,0.2885,1034047.2636,636138.282
600831.SH,20260318,1.1197,0.99,,1.9978,2.2723,,293621.1077,293621.1077
603800.SH,20260318,1.6286,0.93,84.9713,9.2979,6.7141,0.2517,801216.0,801216.0
300740.SZ,20260318,2.9322,1.1,55.0815,4.0296,1.8133,,834358.0298,768021.547
603822.SH,20260318,1.0386,0.62,,18.3347,2.5278,,819040.7706,819040.7706
301418.SZ,20260318,2.5333,0.89,185.906,1.7944,8.5373,,290400.0026,116567.8826
300834.SZ,20260318,0.6754,0.58,74.2759,1.6631,3.4212,1.1955,488348.8419,485107.9099
002876.SZ,20260318,2.5226,0.61,98.1531,1.9936,1.4125,0.5485,474531.9794,406482.9399
301313.SZ,20260318,2.7488,0.65,,4.6124,6.1389,,332188.8674,242391.2487
301163.SZ,20260318,6.6278,0.82,72.401,2.2968,3.182,0.391,260875.2,174957.8679
300172.SZ,20260318,4.1923,0.72,51.8906,2.1017,5.363,0.8306,407379.42,315154.457
300666.SZ,20260318,3.0163,0.71,75.7577,7.3726,7.9169,0.2218,3646036.8258,3039141.0468
000514.SZ,20260318,1.9804,1.49,45.4506,1.1147,14.4964,,422729.2535,422729.2535
600282.SH,20260318,1.2308,1.12,12.4272,1.2857,0.6144,3.5225,3563422.6044,3563422.6044
000166.SZ,20260318,0.32,0.88,13.2184,1.1236,4.6287,1.6364,12394772.5572,11155076.1214
688566.SH,20260318,1.5989,0.98,23.3687,2.4905,6.2644,1.7156,604474.9518,604474.9518
600741.SH,20260318,0.333,1.06,8.5838,0.9157,0.3289,4.2553,5927121.0899,5927121.0899
688631.SH,20260318,3.394,1.01,184.6822,5.3221,8.0096,0.641,1020052.8,404788.8
001317.SZ,20260318,4.6179,1.57,,4.0722,2.6228,0.1977,404982.9219,404583.5751
605305.SH,20260318,4.6978,0.74,17.2176,3.1092,5.1647,1.9655,886633.44,886633.44
300558.SZ,20260318,1.6448,1.86,61.8457,3.2098,5.7453,0.4462,1875631.4721,1869652.4783
000707.SZ,20260318,4.2486,0.96,,1.3183,1.688,2.2441,375388.4379,353551.7041
603138.SH,20260318,11.0734,1.16,,8.3709,15.3006,,642111.8714,630029.1273
600732.SH,20260318,1.8678,0.62,,4.7489,2.068,,3072129.6383,2624164.5296
603517.SH,20260318,0.6602,0.97,107.1679,1.1574,1.3425,2.7071,738716.36,738716.36
600115.SH,20260318,1.173,0.75,,6.4421,0.7604,,10337060.7616,7967683.5699
600589.SH,20260318,14.2904,1.07,384.5305,23.6322,40.7578,,1680646.3155,1673627.9155
603222.SH,20260318,5.3486,3.19,,3.427,7.5168,,479407.7315,479407.7315
000937.SZ,20260318,0.8952,0.64,50.804,1.0697,1.3905,10.3986,2038856.5325,1981070.2
002838.SZ,20260318,0.9167,1.13,73.7286,3.5682,2.134,0.3522,1277802.1317,1123507.3348
688262.SH,20260318,3.2086,1.14,,6.2167,22.9693,,1221695.6837,1221695.6837
300733.SZ,20260318,1.0476,0.94,58.3407,3.0448,2.7011,0.2911,520566.7048,383999.2213
002507.SZ,20260318,2.0777,1.09,19.6237,1.7412,6.1968,4.7473,1507018.2506,1500482.3566
002333.SZ,20260318,0.8754,0.77,77.0981,2.0276,2.3486,0.1739,388081.76,383242.9412
000534.SZ,20260318,5.3804,0.77,98.2023,14.0505,17.7009,0.1098,2198701.8465,2157372.345
003042.SZ,20260318,3.7175,0.75,,1.934,1.2726,,253899.36,226965.7576
002475.SZ,20260318,1.1847,0.7,22.7396,4.5746,1.1502,0.7273,35949047.819,35866591.7732
600361.SH,20260318,1.5599,0.68,18.4007,1.5457,0.2134,1.7753,1709559.6142,1709559.6142
603100.SH,20260318,0.6799,0.75,17.9289,2.5111,1.6625,2.6101,1130520.5067,1126920.7827
300865.SZ,20260318,1.7468,0.94,,3.105,8.6318,,270104.64,158797.8095
300096.SZ,20260318,1.0088,0.71,58.8169,10.5107,7.2939,,368510.0,368510.0
600038.SH,20260318,1.0929,0.85,50.5724,1.6746,1.0502,0.5789,2889303.6826,2357327.7188
600128.SH,20260318,1.7847,0.88,61.2981,1.3151,0.3696,0.8623,286181.4219,280574.6475
603698.SH,20260318,2.4207,0.84,84.1472,4.7808,3.4894,0.5294,1650313.21,1650313.21
920166.BJ,20260318,6.6178,1.11,26.7604,3.7578,6.6509,,229647.0599,72482.3564
002730.SZ,20260318,10.7233,1.26,81.3962,4.7635,6.3625,0.6066,775937.1828,741542.0328
002284.SZ,20260318,2.0382,1.06,29.0789,3.4926,2.1371,0.3307,1117519.7262,1105595.8296
002537.SZ,20260318,7.4203,0.72,49.56,2.4097,1.5374,,1019046.5347,1014865.3787
600593.SH,20260318,2.9328,0.7,,19.4795,9.2878,,470776.005,464839.2
000809.SZ,20260318,2.3584,0.59,,1.1582,7.7232,,309296.7349,309296.7349
601882.SH,20260318,0.5546,0.29,24.3394,3.8934,3.2894,1.6901,1111860.0,1111860.0
000564.SZ,20260318,1.3601,0.94,,2.4898,26.0927,,3918599.7478,3193158.7072
000617.SZ,20260318,2.8506,1.46,28.5896,1.182,138.6647,1.1499,12313385.0229,12313385.0229
002578.SZ,20260318,2.9432,0.65,,2.5098,2.0048,,381083.8543,349631.9998
300396.SZ,20260318,0.7917,0.83,,1.8024,6.6853,2.075,341693.3017,341179.5818
002286.SZ,20260318,2.6424,0.75,27.7325,1.8127,1.4829,0.5708,399595.749,388029.7365
002574.SZ,20260318,1.1097,0.88,,1.0583,1.0357,,315216.0,315216.0
300131.SZ,20260318,3.2037,0.54,394.6042,8.9453,2.9048,,1581082.1426,1451878.6498
600829.SH,20260318,0.799,0.9,49.7905,1.982,0.5807,,593226.0347,593226.0347
603838.SH,20260318,0.5248,0.52,,3.081,8.2365,,288334.416,288334.416
002519.SZ,20260318,5.331,0.88,,4.0054,191.0582,,920294.0437,914047.7216
603529.SH,20260318,0.6047,0.89,10.6736,2.6299,0.9905,4.2226,2499531.7882,2440974.119
000900.SZ,20260318,1.1519,0.93,17.7331,0.5861,0.9231,3.4884,652666.1836,652637.1586
600958.SH,20260318,0.8269,1.35,16.0099,1.06,4.6348,2.2449,8258739.2238,7260337.3438
601156.SH,20260318,0.5553,0.64,10.9913,1.5127,1.2193,1.5868,2881413.3341,1714440.9341
600770.SH,20260318,1.388,0.76,161.7417,2.3052,18.8204,,790400.0,790400.0
600097.SH,20260318,2.5863,0.73,26.4203,1.1999,1.2176,0.6926,278281.7256,278281.7256
688089.SH,20260318,1.2762,0.63,20.8803,1.9866,5.6915,1.0288,327192.9293,327192.9293
603813.SH,20260318,0.2997,0.43,,5.6157,7.4401,,306328.755,306328.755
300174.SZ,20260318,2.2616,1.02,25.1963,1.8025,3.2587,1.3494,617336.5602,613919.7775
688007.SH,20260318,1.2509,1.02,,2.7693,3.9766,0.168,679771.5242,679771.5242
002416.SZ,20260318,1.2347,0.64,42.0588,2.8431,0.3473,3.7425,1655680.4928,1635136.1501
000953.SZ,20260318,3.1051,1.16,343.0718,17.5773,15.5461,,270930.4243,270930.4243
301428.SZ,20260318,32.3775,2.41,89.4617,3.0855,3.6436,0.2489,392594.668,243501.538
600810.SH,20260318,3.265,1.2,,1.276,0.7049,0.5111,953472.0959,945041.3879
300073.SZ,20260318,2.1107,0.73,56.8564,1.9924,3.065,0.3491,2901629.5441,2697333.0643
603477.SH,20260318,2.0552,0.64,26.3899,3.2472,1.2453,0.8851,966583.4288,966583.4288
603376.SH,20260318,15.5461,1.88,54.8467,9.1906,5.6737,,1547203.868,120053.4252
301119.SZ,20260318,1.4704,1.01,41.7336,4.7324,10.5206,1.9819,482768.0,390438.62
000858.SZ,20260318,0.302,0.77,14.1593,3.0387,4.8975,5.5409,40260038.2279,40258342.4785
603162.SH,20260318,4.6793,1.13,31.4833,2.8716,3.0174,0.7489,1231384.7507,370590.6212
300322.SZ,20260318,3.4469,0.47,,12.5195,4.9492,,1248543.5472,1195329.0908
300371.SZ,20260318,2.5514,0.93,41.8785,2.3715,6.155,0.6435,277277.4339,185217.505
603180.SH,20260318,0.5763,1.07,21.4021,1.1133,0.9023,1.9353,309131.3086,309131.3086
603001.SH,20260318,1.8364,0.8,,1.5023,1.6774,1.6835,357273.18,357273.18
603161.SH,20260318,1.1606,0.75,32.5904,2.0125,1.3261,1.0587,300554.3119,294897.5675
688323.SH,20260318,1.4735,0.56,,5.2364,9.9186,,383580.4773,383580.4773
301602.SZ,20260318,0.9964,1.92,64.671,7.0655,24.9728,0.4751,919623.7328,447648.1925
002742.SZ,20260318,0.7589,0.72,,,3.3094,,313318.7348,239973.7363
920599.BJ,20260318,0.7608,0.93,10.5174,2.4899,1.3678,3.5105,902386.275,683970.549
688365.SH,20260318,2.3308,0.95,,9.1481,15.2817,,863998.2838,863998.2838
603173.SH,20260318,0.6579,0.68,17.4701,3.6754,2.395,1.138,696000.0,696000.0
000570.SZ,20260318,2.6352,0.74,253.0446,1.2238,1.6688,0.1678,420592.7342,331192.7342
688509.SH,20260318,1.9446,1.02,,3.2805,6.346,,372680.0,186239.4248
300863.SZ,20260318,0.8749,0.96,57.6312,6.7878,2.4647,0.414,969481.9071,931836.2328
300427.SZ,20260318,7.1395,0.78,,5.6659,9.2097,,679891.6384,672517.5353
300743.SZ,20260318,1.884,1.03,26.7549,4.7144,3.3621,2.5549,292598.4766,246540.0838
002449.SZ,20260318,4.5992,0.57,346.5451,1.4414,1.6816,0.5599,552300.1119,552300.1119
002846.SZ,20260318,2.2674,0.72,,4.3846,2.8451,,619490.6131,379101.6916
003033.SZ,20260318,0.7302,0.8,27.6135,3.4574,2.5028,0.8452,483633.0,477679.3861
002798.SZ,20260318,1.1155,0.77,,1.7352,1.3434,,329570.239,283302.7532
002627.SZ,20260318,3.8431,1.21,70.3068,2.0761,8.1033,1.0714,643446.0237,636791.5195
002384.SZ,20260318,9.9012,1.5,158.4113,9.2299,5.2623,0.0604,19667801.6786,14886322.6616
003020.SZ,20260318,0.7936,1.05,28.979,2.6752,3.1958,2.0254,471081.2648,341143.6435
603992.SH,20260318,3.2281,1.42,50.2634,4.3434,5.342,1.1207,1429204.8115,1429204.8115
001314.SZ,20260318,2.0202,0.69,332.1877,3.2251,1.7839,0.191,666386.048,581129.3363
300662.SZ,20260318,1.3611,1.06,16.4308,2.2073,0.3436,0.6302,499691.3455,498364.0401
001308.SZ,20260318,0.3392,0.89,18.8023,1.8447,0.9769,2.5931,1462942.6202,1032573.6535
300749.SZ,20260318,6.6774,0.64,,12.6933,7.8307,,719939.4246,552301.1604
002228.SZ,20260318,1.4505,0.93,45.7471,1.6142,0.4682,6.4433,497488.1079,495821.9007
000635.SZ,20260318,2.0105,0.61,,2.2984,2.0268,,354720.2607,330137.8344
603070.SH,20260318,1.2341,0.57,68.8012,2.9547,3.2344,0.5041,636387.0,636387.0
002923.SZ,20260318,2.1871,0.73,,5.0881,4.4783,0.9428,532815.218,410612.9693
603810.SH,20260318,1.4055,0.7,97.7645,1.8151,2.4057,,278593.7212,278593.7212
300840.SZ,20260318,9.8874,1.62,,3.7694,7.1155,0.498,481920.0,355586.9511
003008.SZ,20260318,2.7808,1.23,28.6316,2.3781,10.85,4.1186,252512.0,189015.7331
688198.SH,20260318,0.1887,0.8,67.4523,11.285,21.9611,0.794,1384368.7367,1384368.7367
601126.SH,20260318,2.6307,0.71,49.5731,8.4959,5.0287,1.4933,4017543.329,3978561.7988
688125.SH,20260318,1.0094,0.68,,11.2799,29.6748,,2061371.5356,2050412.3736
002306.SZ,20260318,2.3633,0.96,,,5.0206,,193087.275,180690.1095
920832.BJ,20260318,2.7493,0.7,,1.3164,2.4829,1.138,97550.9971,86709.1343
600718.SH,20260318,2.2408,1.75,,1.2073,0.9416,1.5576,1144991.9814,1144991.9814
300530.SZ,20260318,1.159,0.61,,89.05,37.8484,,476993.056,438978.6011
688115.SH,20260318,1.1698,1.0,,2.2703,11.1384,1.0197,287681.05,287681.05
600814.SH,20260318,1.9767,1.29,29.945,1.5893,3.4494,2.2251,588062.8784,588062.8784
601212.SH,20260318,1.4422,0.72,368.8161,4.2284,0.7218,0.0454,6523606.3442,6523606.3442
603211.SH,20260318,3.0325,1.0,108.2338,5.5408,5.3637,0.2396,680607.232,680607.232
301108.SZ,20260318,1.1824,0.96,66.2508,1.8574,4.9561,0.5528,349036.9375,201232.1201
688511.SH,20260318,1.8803,1.41,85.9183,3.4665,19.5256,,293268.713,293268.713
002211.SZ,20260318,1.4291,1.35,,118.5749,3.5531,,160880.9898,160880.9898
301366.SZ,20260318,3.767,1.19,327.137,3.3849,6.9494,0.8226,723738.0383,263503.5427
688799.SH,20260318,1.5757,1.44,24.8536,2.9334,3.9597,0.9378,600132.4,600132.4
002702.SZ,20260318,2.79,0.8,,3.1037,2.1148,,324563.84,267906.35
300800.SZ,20260318,1.4019,1.22,75.1702,1.508,3.7795,1.2212,302814.761,299773.9385
920266.BJ,20260318,0.8143,1.01,,1.2025,2.4341,,105400.006,100716.8885
688393.SH,20260318,1.5534,1.23,,1.9963,6.841,0.3939,237568.3878,237568.3878
603168.SH,20260318,8.1192,6.78,,1.8114,6.1411,,291818.6739,290560.9239
920010.BJ,20260318,5.5537,0.63,88.3829,4.1005,5.5517,0.4129,283979.5,210282.2519
002407.SZ,20260318,7.2741,0.87,,3.9277,4.0309,0.7134,3248690.4808,2948823.2042
002468.SZ,20260318,1.3898,0.78,18.721,2.0806,0.4096,0.4704,2140061.4281,2051145.5525
300168.SZ,20260318,1.0104,0.76,,6.9883,4.2672,,861495.8884,860631.1619
001233.SZ,20260318,2.9992,0.45,20.2659,2.8353,5.8413,2.8699,1296048.1646,246604.4765
688816.SH,20260318,10.6358,0.99,92.5429,4.0404,15.9381,,708200.0,136571.0018
688238.SH,20260318,1.8589,0.94,,3.4585,18.3802,,491969.8186,485988.4406
688607.SH,20260318,2.3245,1.11,,5.6513,14.9848,0.111,480303.1972,480303.1972
002716.SZ,20260318,4.7982,0.7,180.5087,10.9831,3.21,,3698246.1263,3045559.0413
002287.SZ,20260318,0.4242,0.88,21.2741,2.7799,5.6904,2.3748,1374800.0418,1372088.4774
688239.SH,20260318,4.4355,1.0,63.826,6.0254,5.8343,0.2726,1186481.3752,1186481.3752
688383.SH,20260318,0.5553,0.4,,5.4283,9.8409,0.2826,715286.4205,715286.4205
688093.SH,20260318,0.4394,0.75,23.4757,3.3557,8.6174,1.6364,936478.5219,877188.5821
600508.SH,20260318,1.2263,0.61,27.5017,0.7405,1.202,2.2087,948928.734,948928.734
603078.SH,20260318,3.2997,0.92,102.0783,4.8015,7.8273,0.373,930542.6794,930542.6794
300455.SZ,20260318,1.7035,1.16,,10.3556,13.3332,0.0617,1746329.3883,1724078.3868
603598.SH,20260318,4.034,0.72,,26.3642,0.6692,,556647.3885,556027.8885
002797.SZ,20260318,3.9177,0.76,30.7492,1.8616,7.7197,0.9788,3177014.4,3177014.4
301120.SZ,20260318,9.5499,0.81,,5.8439,21.7804,0.1227,901115.9994,530371.545
920371.BJ,20260318,0.8072,0.91,24.0832,3.3581,2.29,0.9911,207294.5458,196159.0856
688256.SH,20260318,1.6348,0.97,218.2936,37.9782,69.1862,,44951639.122,44596133.8784
002476.SZ,20260318,1.8091,0.76,51.9679,3.8373,6.0858,0.1661,368424.0,368380.2497
300578.SZ,20260318,6.2959,2.24,269.993,3.7787,9.9539,,449279.2308,449157.7166
002495.SZ,20260318,3.0093,0.86,131.3878,2.3872,10.1036,0.2802,261975.168,196216.582
688776.SH,20260318,2.0014,0.59,,5.999,37.5852,,1050452.0969,1050452.0969
002019.SZ,20260318,1.9456,0.44,41.8926,1.9325,3.2666,0.7128,1706595.2893,1180588.1342
301633.SZ,20260318,4.1061,1.75,48.5369,4.2359,6.5653,1.4388,386976.0,177298.9619
600439.SH,20260318,1.3007,1.17,,1.173,2.4404,,309032.0251,309032.0251
002304.SZ,20260318,0.3282,0.76,37.3758,1.5929,3.9772,4.5122,7735595.455,7735412.9057
300771.SZ,20260318,1.9053,0.98,46.9307,1.7797,6.1777,1.0046,350880.0,264913.1398
688639.SH,20260318,3.5305,0.8,62.1076,3.1072,2.8736,0.7588,822380.3986,822380.3986
920478.BJ,20260318,1.5464,1.19,26.8973,2.6316,4.7058,1.6611,135378.964,81252.9135
002559.SZ,20260318,5.8741,1.22,76.9629,3.2726,2.6904,0.7042,578902.5703,530787.0357
600421.SH,20260318,1.1025,0.75,,249.4054,10.2774,,153741.6,153741.6
002897.SZ,20260318,9.6464,1.02,79.771,4.7062,2.0463,0.1501,1292408.7195,1216046.4699
300150.SZ,20260318,2.5551,1.06,79.1749,2.1657,3.9094,,341116.8289,268310.1443
603101.SH,20260318,0.9145,1.22,45.1623,2.8182,1.6447,0.5819,399840.0,399840.0
002095.SZ,20260318,1.8535,0.6,,5.2047,7.7868,0.2741,460961.28,459116.149
301237.SZ,20260318,1.6559,0.86,,3.556,7.8947,0.168,465200.0,382990.4375
600879.SH,20260318,6.3594,1.36,386.5673,3.6388,5.4402,0.2184,7552096.1755,7552096.1755
300461.SZ,20260318,7.7601,1.1,,15.0024,44.5858,,797847.9954,730012.5456
603836.SH,20260318,1.1647,0.8,83.5282,1.6005,0.3082,1.0687,283429.8623,283429.8623
300316.SZ,20260318,1.3535,0.62,131.2655,3.3922,5.205,0.8835,5919092.7624,5566630.5572
600808.SH,20260318,1.0857,0.84,,1.2644,0.3906,,3041769.0685,2357261.7185
605288.SH,20260318,0.879,0.95,160.3822,3.2033,5.1952,0.3703,710970.5007,706201.0547
301449.SZ,20260318,39.6162,1.31,50.6029,5.3679,7.0211,,610956.5283,130339.429
688391.SH,20260318,0.7999,1.04,85.7675,1.9776,6.8253,1.879,367659.5395,367659.5395
002051.SZ,20260318,1.7132,0.98,34.8633,0.9204,0.9393,1.4434,1071596.1394,1071534.4629
301369.SZ,20260318,7.068,3.34,541.7237,7.1099,33.2348,0.2702,1060465.9303,546396.4183
688363.SH,20260318,0.4507,0.92,74.0044,3.0408,5.1082,0.2443,2154065.0982,2154065.0982
600877.SH,20260318,1.652,1.22,1048.3509,8.328,21.3808,,2057895.3971,2057895.3971
300841.SZ,20260318,0.8859,0.75,43.4656,2.2542,6.5244,1.6439,790466.9866,723446.7798
002801.SZ,20260318,1.3878,0.57,28.3588,4.3071,5.2947,1.4368,792000.768,399403.5123
920806.BJ,20260318,0.7458,1.44,48.5468,2.3986,2.343,0.8117,370507.5737,370507.5737
300839.SZ,20260318,3.0358,0.63,,5.2163,1.4033,,392891.4819,385865.8239
002731.SZ,20260318,8.4368,0.94,7.1279,1.0435,0.4342,1.1811,195190.872,174998.1768
300883.SZ,20260318,2.8239,0.98,,1.7183,2.7503,,244276.0,233456.25
002102.SZ,20260318,4.3588,0.59,,2.6071,0.8536,,863993.7497,758340.4367
603131.SH,20260318,2.1468,1.1,,4.7122,7.6407,0.0506,753661.4511,753661.4511
920570.BJ,20260318,3.0413,0.63,164.7512,4.6564,13.3976,0.2807,162500.0502,78917.6682
688630.SH,20260318,3.4383,0.97,80.6076,10.1244,16.5972,0.2078,2337080.3018,2337080.3018
301591.SZ,20260318,8.5676,0.93,52.0774,4.1783,8.7833,1.011,374418.12,151105.775
002947.SZ,20260318,3.896,0.9,22.7788,3.869,4.589,1.1882,1261830.9798,948727.1731
603015.SH,20260318,1.7394,1.24,120.8538,4.0232,6.9549,0.3602,561055.972,561055.972
301176.SZ,20260318,13.711,0.77,,3.2741,3.0567,,496717.8676,165572.6235
301059.SZ,20260318,1.2973,0.52,48.7724,5.5052,7.7053,1.1597,336329.07,300802.3728
600768.SH,20260318,3.6932,1.22,108.2838,6.1754,1.5093,0.2796,239139.9936,239139.9936
300051.SZ,20260318,10.478,1.1,,25.0258,8.3463,,404011.2113,399296.1523
002028.SZ,20260318,1.7417,0.91,54.2408,11.0668,8.0899,0.2268,17155009.652,13385767.4493
002965.SZ,20260318,1.7726,1.01,33.784,1.9709,1.1161,1.299,840724.9773,631767.6573
300635.SZ,20260318,2.367,0.73,,4.9889,2.8305,,187758.774,161475.4784
300643.SZ,20260318,3.8469,0.54,27.6498,3.6285,3.8947,0.8014,459038.2888,458238.9611
300207.SZ,20260318,3.2384,0.58,28.8777,1.9313,0.783,0.8024,4797859.9723,4450835.2214
601995.SH,20260318,0.6445,1.05,17.5371,1.6971,5.7567,0.5269,16489909.4611,9986820.975
603019.SH,20260318,2.0508,0.78,60.5908,6.1067,8.5509,0.3884,12800799.9942,12797222.3531
601288.SH,20260318,0.1679,1.91,8.1744,0.8747,3.2707,3.635,235888564.8304,215170598.0637
600612.SH,20260318,0.4251,1.2,12.6236,1.6801,0.4194,4.8406,2215403.7305,1342959.2831
002248.SZ,20260318,4.7503,0.39,186.6179,43.9724,12.8465,,418809.0072,418809.0072
300376.SZ,20260318,1.0689,0.57,218.5373,2.5284,5.2985,0.2858,1692630.8261,1692045.173
600686.SH,20260318,2.4775,1.2,37.8768,3.8329,0.5,0.5184,1244794.3159,1244794.3159
000623.SZ,20260318,0.8291,0.98,8.6533,0.7325,9.49,2.6382,2221973.629,2212921.4642
300045.SZ,20260318,3.3732,0.92,,9.8666,23.8482,,1584456.4893,1234504.8038
000518.SZ,20260318,1.9825,0.85,,8.8039,9.2447,,316073.7602,316067.4578
600167.SH,20260318,0.7684,1.22,21.9115,1.4027,4.5159,2.9258,1520628.7911,1520628.7911
603299.SH,20260318,1.4765,0.7,20.9268,1.3781,2.3536,3.161,1095463.6911,892201.7725
002108.SZ,20260318,4.7591,1.22,51.0068,1.5862,2.7805,2.0906,796272.9335,795741.6335
300079.SZ,20260318,2.8119,1.02,312.915,1.9812,10.9846,0.1708,835652.4443,750947.0784
600025.SH,20260318,0.152,0.74,22.1996,2.7824,7.3226,1.8833,19115502.7077,18468000.0
688132.SH,20260318,1.3043,0.76,,2.174,20.7929,,268981.9355,191711.9337
688259.SH,20260318,1.2712,0.68,54.5403,2.7831,11.9479,0.6288,432279.0,432279.0
301316.SZ,20260318,2.0685,0.88,183.4563,16.9117,8.6324,0.1736,1862036.0,1843646.09
601116.SH,20260318,1.7396,0.98,59.2948,2.5071,2.0709,1.3587,806182.6048,806182.6048
605016.SH,20260318,0.4667,0.56,27.8452,5.2025,7.3857,0.8565,1018529.876,1018529.876
600148.SH,20260318,1.0564,0.85,286.5883,5.7069,3.7028,,271004.0018,271004.0018
002025.SZ,20260318,10.05,1.05,336.8986,4.2104,5.0951,0.3822,2740753.5958,2731429.9806
002915.SZ,20260318,2.3221,1.0,,4.7982,4.6429,,712791.0996,612447.1843
000725.SZ,20260318,1.3898,0.77,23.5203,1.1761,0.7437,1.2026,15558617.7869,15263498.7506
600113.SH,20260318,0.674,1.24,160.0057,9.0291,29.8007,0.2194,2305099.8602,2251762.7387
000543.SZ,20260318,1.9275,0.56,8.1295,1.1295,0.6617,3.7266,1940435.0113,1940435.0113
603089.SH,20260318,0.9458,1.15,20.1362,2.1083,1.1531,0.7192,315403.7142,315403.7142
601860.SH,20260318,1.6724,0.91,7.0429,0.5221,2.4318,3.5211,1039725.2757,1008651.042
600131.SH,20260318,2.4091,0.56,35.834,3.9399,2.2867,1.0918,2430264.0292,2425295.6422
920263.BJ,20260318,0.9521,0.91,82.6827,2.7143,4.9615,,157627.0719,114494.6105
002799.SZ,20260318,1.5658,0.54,,2.2372,3.1297,,284195.52,284191.7904
603390.SH,20260318,0.7593,0.73,67.4756,2.6637,4.6287,0.7353,430422.0284,429029.0785
688612.SH,20260318,2.8715,1.74,22.7754,3.4993,2.0008,1.1842,1268882.3726,764476.814
002628.SZ,20260318,3.4057,0.88,,1.3847,4.8664,,396720.6175,394983.2362
301584.SZ,20260318,13.548,1.34,41.9115,6.0459,0.6508,,1255861.0453,150313.5058
301132.SZ,20260318,8.2003,0.99,43.8328,3.3036,3.7983,1.0343,599897.3947,383769.2205
301314.SZ,20260318,8.4411,1.02,177.7008,2.5338,15.3137,0.4167,265200.0,78000.0
688662.SH,20260318,4.6939,0.6,130.0806,7.1016,9.7004,0.5951,518851.2,518851.2
002576.SZ,20260318,4.8221,1.38,37.8435,2.4546,1.7539,0.4119,320624.2,314657.5429
600665.SH,20260318,1.1171,1.1,,1.1387,0.2743,,302442.8824,302442.8824
300629.SZ,20260318,6.5157,0.47,344.0109,3.7963,18.6317,0.3871,645906.7763,557046.6411
920690.BJ,20260318,1.1528,0.9,24.3226,2.9603,4.58,1.4815,179010.0,116367.516
600568.SH,20260318,1.1914,0.56,,3.4834,10.4774,,597860.9043,500720.1837
002601.SZ,20260318,1.2794,0.63,35.6319,1.9632,1.7478,3.1221,4558682.2831,3800296.5268
300382.SZ,20260318,1.0662,0.85,,3.4548,3.8564,,794938.3926,794862.6602
600774.SH,20260318,1.1671,0.75,,1.6538,2.6672,,276150.3283,275972.2346
301362.SZ,20260318,11.5436,0.7,55.7078,4.3289,6.5758,1.8127,1078729.02,305779.02
600318.SH,20260318,4.2101,0.57,119.9037,4.1088,13.6545,0.2283,449149.4056,449149.4056
603318.SH,20260318,6.4367,0.47,,2.3892,1.8107,0.6838,456496.0584,377815.3705
300110.SZ,20260318,1.8639,1.13,,2.8522,3.0784,,386583.6451,386137.1675
301129.SZ,20260318,4.0341,0.52,53.8947,2.2169,7.9889,0.8885,373581.9526,182210.5925
002171.SZ,20260318,2.2626,0.94,33.8966,2.2227,0.3271,,1928050.1919,1917124.8664
002775.SZ,20260318,2.116,1.17,,7.9181,4.6647,,281230.6465,252581.0905
001227.SZ,20260318,1.9909,1.02,7.0539,0.444,1.7328,4.2979,1338488.8345,991112.5073
301508.SZ,20260318,2.3162,0.83,46.7003,3.475,8.067,0.6724,709455.3576,184628.6232
000750.SZ,20260318,0.7787,0.82,33.8359,1.1496,7.5111,1.0345,2592786.8377,2353258.8147
600737.SH,20260318,0.8018,1.03,23.7786,2.8809,1.0798,2.6991,3248910.4583,3248910.4583
688390.SH,20260318,2.7392,0.52,166.0798,8.2345,2.543,,2259749.4314,2259749.4314
300394.SZ,20260318,5.9389,1.33,128.6761,48.337,49.376,0.2826,23579023.974,23531602.8674
920682.BJ,20260318,1.578,0.75,31.634,2.6028,0.7944,1.796,301117.44,174623.9148
688302.SH,20260318,0.7951,0.93,,3.8904,200.2458,,413984.2152,413984.2152
300564.SZ,20260318,2.1232,1.1,176.6605,2.1377,7.9139,3.125,258104.32,181106.8
601009.SH,20260318,0.3552,0.91,6.5313,0.7846,2.5644,4.3038,14242829.4662,14242829.4662
603300.SH,20260318,2.9688,0.97,22.2944,2.2186,2.4504,0.3473,1444021.4897,1444021.4897
002195.SZ,20260318,4.4826,0.51,330.3681,5.7141,88.4356,,5704578.0242,5634869.2823
301295.SZ,20260318,5.7874,0.78,169.2665,3.7144,4.8841,0.6826,354412.8,103370.4
002573.SZ,20260318,0.7772,0.75,,0.9623,0.6412,,571767.8999,570749.9815
002374.SZ,20260318,1.826,0.78,,4.5461,6.6042,,383078.8769,383078.8769
300792.SZ,20260318,1.7169,0.67,113.1961,3.0827,8.0759,0.2625,902514.8586,809540.7605
688155.SH,20260318,1.398,0.72,28.6,4.3658,3.3604,0.747,1006177.7517,1006177.7517
603332.SH,20260318,9.4712,1.58,59.0682,2.5092,2.0461,1.4817,320193.8323,320193.8323
301397.SZ,20260318,3.0063,1.14,41.8292,2.461,3.4327,1.9752,482243.658,219145.6982
002645.SZ,20260318,5.274,0.67,,2.7106,1.5479,,1081983.0206,963591.0979
300527.SZ,20260318,0.9893,1.07,723.0399,2.8855,8.148,0.0309,839852.3273,839852.3273
688716.SH,20260318,1.4421,0.58,367.3422,3.6812,14.0979,0.5583,435857.76,250479.1229
000717.SZ,20260318,6.884,1.98,,0.8623,0.2405,,676252.9196,676173.5092
688793.SH,20260318,0.9458,0.77,,7.6558,2.3964,,184782.6509,184782.6509
300908.SZ,20260318,0.7961,1.14,22.4416,2.2966,3.7276,2.8891,404274.0,341009.7543
601089.SH,20260318,0.5986,0.93,24.4112,3.0673,3.306,2.0701,1130400.0,1130400.0
002168.SZ,20260318,2.176,2.3,,151.5524,10.2738,,343463.5552,343463.5552
300230.SZ,20260318,1.7856,0.75,18.8962,1.3003,1.7805,1.2476,423684.2028,328137.522
000782.SZ,20260318,2.3599,0.76,,2.3002,1.4933,,395470.9492,304208.4228
300600.SZ,20260318,1.3101,0.52,,3.1896,16.0436,,389566.4515,389566.4515
002774.SZ,20260318,1.6241,0.62,37.7108,3.1187,2.6426,3.2403,374060.2569,313048.6198
000972.SZ,20260318,0.8685,0.98,,,7.6598,,279204.6556,279204.6556
000856.SZ,20260318,9.1697,2.85,140.3785,6.2721,1.0001,,263093.0,263093.0
603896.SH,20260318,0.8014,0.71,29.7098,1.7543,6.053,1.3609,393315.9194,393315.9194
002430.SZ,20260318,1.1005,0.56,27.6941,2.7477,1.8804,1.4129,2781461.5791,2780366.2423
920152.BJ,20260318,0.9176,0.63,,10.2318,3.5477,,213219.3555,157338.7459
688376.SH,20260318,2.1782,1.17,71.0108,4.2508,4.2901,0.3253,826254.1259,826254.1259
002971.SZ,20260318,1.9492,0.6,88.1944,3.9864,4.0422,0.3323,635688.51,483335.6471
688727.SH,20260318,9.3713,1.65,235.5356,9.6342,36.6659,,2417339.448,270308.2277
002743.SZ,20260318,4.2929,0.65,102.7283,0.7722,0.7568,,254632.0596,254224.0221
601700.SH,20260318,3.2809,0.45,250.5022,2.6991,2.5435,0.326,684393.1373,684393.1373
603378.SH,20260318,1.4755,1.03,,2.6453,3.6408,,264015.5315,264015.5315
002919.SZ,20260318,1.3782,0.75,,7.2505,4.0401,0.2234,595685.7575,590907.56
601319.SH,20260318,0.135,0.99,7.1027,1.2196,0.5628,2.2402,37899959.9296,30421577.3916
600610.SH,20260318,10.9675,1.38,247.9278,100.7049,10.8815,,1143050.0035,756211.3942
002215.SZ,20260318,2.5381,1.01,15.7154,2.5511,1.9286,3.3288,1056874.7681,844748.2857
600694.SH,20260318,0.7427,1.06,12.0924,0.6878,0.9313,5.2283,604692.346,604692.346
600121.SH,20260318,11.8842,1.02,,3.9109,1.6297,,599458.7227,599458.7227
920367.BJ,20260318,1.8123,1.07,100.7622,3.0545,10.4216,0.4822,146966.2325,87092.6068
000752.SZ,20260318,0.969,0.75,18.9511,4.5353,6.2351,,278792.725,278792.725
301272.SZ,20260318,2.9788,0.56,63.6548,2.4968,4.4123,1.5709,251793.8992,134837.864
603014.SH,20260318,2.3728,0.97,34.925,2.3955,4.4836,0.3973,1656812.6258,156130.8387
301606.SZ,20260318,3.7706,0.55,49.83,9.6348,3.6782,0.8226,3026352.125,1597504.9578
601162.SH,20260318,1.2391,0.92,60.6124,1.4715,11.5222,,3999372.1379,3413394.2782
603216.SH,20260318,0.8267,0.61,103.7535,4.4388,7.2724,0.5601,795225.99,795225.99
920808.BJ,20260318,1.2292,1.21,438.2375,21.1425,18.1085,0.0776,1597800.008,1554437.138
601881.SH,20260318,0.4039,0.87,11.0002,1.3287,4.9587,2.2734,15439375.9855,10227705.6837
002837.SZ,20260318,7.0156,1.48,208.7847,31.445,18.1398,0.143,10417897.9892,9069879.94
600503.SH,20260318,2.3689,1.24,,1.154,15.8167,,410186.24,410186.24
688008.SH,20260318,4.1851,1.64,83.985,9.8123,34.4105,0.3804,18775436.7226,17611404.2156
603181.SH,20260318,1.1589,0.97,21.1595,2.8503,3.9142,1.2706,951339.2,951339.2
688669.SH,20260318,1.0937,0.66,,2.8879,0.8554,,341674.6685,341674.6685
300242.SZ,20260318,2.6719,0.96,,12.5352,1.5451,,331237.8269,331237.6463
002366.SZ,20260318,6.8028,0.58,,3.6372,15.9832,,1660588.2367,1476584.7464
600031.SH,20260318,0.7537,0.91,23.0905,2.2484,2.2229,3.2172,19033659.1846,17541987.3766
603033.SH,20260318,0.5494,1.05,,3.6743,2.2101,,1069316.6055,1049994.6657
603499.SH,20260318,3.0493,1.2,59.623,8.7176,7.3245,0.5671,762235.2684,762235.2684
603201.SH,20260318,0.7511,0.68,13.664,2.0272,1.1776,2.1614,350512.5871,347514.499
002541.SZ,20260318,0.8307,0.62,24.8745,1.5932,0.7078,1.6227,1524937.8838,1096422.6364
002478.SZ,20260318,4.7002,0.66,17.1725,1.789,1.8359,1.8618,1056643.3594,847755.1793
300638.SZ,20260318,2.6823,1.08,73.7344,3.882,3.3383,1.2826,2449600.1591,1444942.2152
600660.SH,20260318,2.0045,2.99,16.1843,4.013,3.2916,4.6753,15071268.8973,11567246.0673
600016.SH,20260318,0.7972,0.99,5.6401,0.3046,1.196,5.0639,17118925.6343,13865690.1763
002599.SZ,20260318,1.8659,0.9,,3.2174,1.9175,0.2674,398444.4807,297709.0385
920006.BJ,20260318,1.8529,0.68,282.2008,7.0035,19.8351,0.4443,223551.1072,118345.6493
002423.SZ,20260318,0.9892,0.79,26.2886,1.1284,,1.4456,2518387.3935,2518387.3935
600855.SH,20260318,2.2619,0.97,,5.535,7.3816,,847593.795,845960.268
600379.SH,20260318,1.7117,0.61,56.5806,5.2398,3.1904,0.6617,400534.4971,400534.4971
301175.SZ,20260318,4.7506,0.39,26.7184,2.753,5.4471,2.8139,1020012.84,430962.84
920985.BJ,20260318,2.5231,0.76,,3.5511,1.4565,3.1456,241700.9122,171287.2479
600838.SH,20260318,2.9751,0.94,103.9778,2.8257,49.3833,0.288,445379.8809,445379.8809
300300.SZ,20260318,8.211,0.69,206.5798,58.9455,48.288,,836226.2157,836172.9834
002305.SZ,20260318,1.4153,1.09,,,1.7536,,372856.3906,372832.2043
300769.SZ,20260318,5.0186,0.52,,2.4032,1.7558,,1249918.8018,1123090.1094
688768.SH,20260318,1.5729,0.77,51.865,3.9429,6.7409,0.8638,435192.1745,431605.5134
688349.SH,20260318,1.024,0.8,44.6266,2.3655,1.1984,2.2316,3279404.8709,3180680.7909
920564.BJ,20260318,2.7938,1.22,370.0303,7.0482,11.0528,0.1624,228639.8915,105182.1285
002833.SZ,20260318,1.2336,0.68,19.5235,2.8541,3.3721,3.7899,783556.8088,532956.9182
600320.SH,20260318,1.8517,0.7,41.2521,1.6623,0.734,1.5329,2576224.862,1624456.8562
688552.SH,20260318,2.6283,0.5,404.8922,5.0044,15.9675,,1293683.328,333070.4856
603116.SH,20260318,0.7028,0.77,,1.3285,1.7543,4.078,346872.8816,346872.8816
000060.SZ,20260318,2.2527,0.77,26.2932,1.5568,0.4719,1.101,2953379.6846,2953342.2783
688120.SH,20260318,1.0315,0.87,57.052,8.3015,13.3237,0.2098,6193153.6664,6193153.6664
300873.SZ,20260318,1.7298,0.63,20.1131,1.7894,3.1631,1.6289,562668.3408,407088.8314
300641.SZ,20260318,9.7528,1.16,11.7349,3.8957,4.3912,2.584,1220315.0488,1220315.0488
300232.SZ,20260318,5.1382,0.66,88.5692,1.8729,1.092,2.9925,871045.168,707576.8172
002367.SZ,20260318,0.9316,0.89,16.1173,1.7659,1.4946,3.7453,638994.1103,636461.168
300913.SZ,20260318,2.4828,0.9,86.1974,6.8957,8.6385,0.1794,1735843.5917,1295289.4822
603858.SH,20260318,0.4464,1.04,10719.6167,1.6856,1.6261,2.3077,1782220.667,1782220.667
002124.SZ,20260318,1.8926,0.58,14.9831,1.4342,0.6124,,564371.1933,500978.0806
000582.SZ,20260318,2.2282,1.21,25.2435,1.3966,3.6093,1.0931,2756207.5056,2361748.8042
002422.SZ,20260318,1.004,1.09,31.9873,2.2665,2.9114,1.878,5327909.9422,4353818.9397
300505.SZ,20260318,28.63,0.82,26.3115,3.5208,2.5526,0.847,973580.7665,769893.4483
002053.SZ,20260318,1.2364,0.59,34.0904,1.5327,4.0638,2.6764,1135259.4291,1135251.3838
603237.SH,20260318,0.6034,0.9,31.9063,1.9277,1.5542,2.8446,340147.1989,338316.2391
688729.SH,20260318,2.472,0.71,106.1884,7.9885,14.0316,,7122899.6,518152.2461
300440.SZ,20260318,1.4835,0.81,141.9996,4.3724,6.9747,0.3588,700589.4604,697887.5746
301199.SZ,20260318,1.5958,0.69,38.0683,2.3392,4.2696,0.59,447462.372,171867.297
001225.SZ,20260318,5.6643,1.0,73.0767,2.4634,13.5153,2.3228,340202.022,108665.2625
301379.SZ,20260318,7.1177,2.15,35.0577,3.9004,3.1377,1.0103,551316.4083,354114.7249
300343.SZ,20260318,1.1841,0.61,129.3819,3.7014,7.9366,,713002.4024,711168.3325
300683.SZ,20260318,4.338,0.52,,2.0528,7.3969,,458523.0517,427592.4374
301182.SZ,20260318,4.9804,0.79,,7.6128,8.6303,,580775.3237,580775.3237
600530.SH,20260318,1.084,0.98,170.6643,13.6805,13.9252,0.21,435505.04,435505.04
603577.SH,20260318,4.1289,1.22,29.0626,1.9784,0.8959,0.7668,383905.4612,383905.4612
920016.BJ,20260318,2.9857,1.07,69.4026,3.7454,6.1475,0.3741,144033.1892,64057.8349
300022.SZ,20260318,4.1238,1.48,,7.9746,1.5234,,424058.246,424048.8509
603073.SH,20260318,4.895,1.1,25.2473,1.7715,3.0404,1.4211,244876.0,107434.8021
301013.SZ,20260318,3.2787,0.79,,7.3101,10.2889,0.2083,560983.3344,454179.9312
920964.BJ,20260318,1.3654,1.05,445.6819,1.9097,1.6531,0.3072,170046.408,96150.9013
300354.SZ,20260318,1.4416,0.93,43.3059,6.53,10.0812,0.4546,537373.9809,315883.8877
600455.SH,20260318,2.6099,1.14,46.2434,5.413,5.9714,,178942.17,178942.17
600525.SH,20260318,0.7991,0.43,,1.9524,0.9417,,734560.5447,734560.5447
600380.SH,20260318,0.4188,0.69,15.051,1.3832,1.353,1.7794,2056305.6059,2056305.6059
603191.SH,20260318,4.0245,0.62,83.0748,3.0943,2.0713,0.2165,767497.7503,767497.7503
300633.SZ,20260318,2.2313,2.14,169.4055,3.6347,5.4637,0.3791,1133706.5011,702136.9833
002500.SZ,20260318,0.5445,0.82,23.0169,1.1451,6.0853,1.7123,2096426.5834,2096426.5834
002312.SZ,20260318,3.9054,0.69,42.7877,2.4248,2.4506,1.1427,2331320.9163,2326516.7095
688592.SH,20260318,2.1623,0.82,250.5629,3.8836,6.8946,0.2001,365854.4119,175158.5018
920415.BJ,20260318,1.4041,1.16,76.5691,3.4867,11.1127,0.251,194467.898,149792.1787
301320.SZ,20260318,3.2771,0.73,160.6077,3.1502,3.6476,0.537,333988.35,125163.8361
601330.SH,20260318,8.9312,0.92,18.9554,1.6429,3.9049,3.0826,1341888.2254,927770.8005
603365.SH,20260318,0.4049,0.71,14.0967,1.8575,1.223,5.1925,548617.267,542986.807
603281.SH,20260318,1.1421,0.88,24.2516,2.4113,5.8493,3.2562,1133066.6687,1133066.6687
300005.SZ,20260318,2.0653,0.69,321.4187,5.8124,8.4818,0.0832,1218625.3145,1218090.4004
002938.SZ,20260318,2.1065,1.7,34.0466,3.7281,3.2508,1.8215,12726100.0778,12678519.0659
002659.SZ,20260318,1.951,1.16,,1.5422,9.7024,,333840.4543,333838.8852
002883.SZ,20260318,1.8724,0.9,,2.4541,5.3127,0.1963,159124.1522,156238.2249
300713.SZ,20260318,4.4519,0.77,,5.6079,7.4163,,286173.6204,160663.1267
603610.SH,20260318,1.2871,0.56,42.5488,2.0485,2.1836,0.5461,646327.6581,646327.6581
301512.SZ,20260318,3.2548,0.88,70.0165,2.5796,4.4098,0.7688,260160.3252,121039.7652
920748.BJ,20260318,1.7036,0.76,,13.7164,29.5601,0.2532,303046.26,140845.1683
688139.SH,20260318,1.2531,1.06,42.2107,2.4985,4.5449,1.3919,1058352.3312,1058352.3312
003021.SZ,20260318,1.2056,0.46,117.1846,5.7627,16.8162,0.2626,2896302.6756,2245324.2901
688206.SH,20260318,0.6,0.86,399.2327,7.3323,30.216,0.0885,1471336.321,1471336.321
600259.SH,20260318,4.0534,1.03,282.0359,8.4405,3.4736,,2949533.623,2949533.623
300647.SZ,20260318,2.0144,0.88,,5.4476,3.9606,,311892.9384,311429.9415
300276.SZ,20260318,1.2914,0.97,220.7779,5.412,6.6289,,1073198.9303,809757.0307
300122.SZ,20260318,0.8901,0.73,,1.3213,3.552,,3875545.6004,2289761.8155
301387.SZ,20260318,4.0435,0.51,149.5865,3.7431,4.0014,0.2591,616465.1031,246501.9711
002419.SZ,20260318,1.4187,0.6,80.5112,1.6453,0.5794,1.0471,669749.7608,669665.3722
300031.SZ,20260318,1.6525,0.62,48.8986,2.1793,2.6735,0.473,885230.5132,743920.5997
600893.SH,20260318,0.9185,0.55,596.1133,3.6268,3.2188,0.1792,14431527.2045,14428985.4398
688029.SH,20260318,0.409,0.76,24.3527,3.3793,4.351,2.0192,1388380.296,1388380.296
301116.SZ,20260318,0.8191,0.98,,3.2999,0.2541,0.6458,486693.8788,486691.4398
300885.SZ,20260318,1.83,0.87,84.0574,6.512,20.2443,0.5241,572486.2026,385310.0069
688199.SH,20260318,1.6164,0.79,151.176,1.617,2.8248,,419835.7616,419835.7616
603087.SH,20260318,0.895,1.23,40.5521,3.3274,9.7574,1.5917,3754061.7302,3506141.1753
600579.SH,20260318,0.9457,0.51,,2.574,1.1714,,422028.6489,422028.6489
603559.SH,20260318,0.7483,0.93,,3.0866,7.0143,,293734.7486,293734.7486
002658.SZ,20260318,2.5603,0.68,30.3751,2.4322,4.2899,2.4706,631946.3585,356410.13
603867.SH,20260318,2.3496,0.58,30.609,2.4202,2.3851,1.2079,709224.2689,703354.4689
688658.SH,20260318,1.4086,0.73,,2.5656,3.4862,,852750.0,852750.0
601279.SH,20260318,0.77,0.7,,1.6455,1.5901,0.2283,694574.2614,694574.2614
600908.SH,20260318,0.6904,0.72,5.6503,0.5929,2.6926,5.5276,1310224.9719,1193589.661
001335.SZ,20260318,3.4531,0.38,41.5417,4.4475,3.0823,0.329,427358.654,106839.6635
301252.SZ,20260318,8.1704,0.79,58.4242,5.132,5.5238,0.4333,669286.6152,186994.1402
300180.SZ,20260318,2.6553,0.52,279.0728,2.5169,2.9033,0.0742,1186954.5445,1154316.6923
605339.SH,20260318,0.1621,0.62,180.5945,2.1478,2.3964,0.9741,734447.0563,734447.0563
601000.SH,20260318,0.4617,0.66,14.5036,1.2352,4.6804,4.5767,2589630.8043,2589630.8043
002262.SZ,20260318,0.7456,1.08,18.6964,2.8366,3.8165,1.5914,2298725.0373,2000284.8812
600138.SH,20260318,1.3816,1.07,81.5415,1.0793,0.6032,0.7407,684028.8,684028.8
300324.SZ,20260318,2.5827,0.62,,3.4139,3.3407,,941536.8743,931945.0122
920592.BJ,20260318,7.3422,1.84,,8.3231,15.2927,0.4366,284721.58,177206.8456
603843.SH,20260318,9.5498,6.26,,18.3791,4.3227,,514223.0792,514223.0792
300850.SZ,20260318,7.6774,0.62,27.1347,3.027,4.5161,0.1687,2076640.4625,1508445.2704
300082.SZ,20260318,1.8543,0.42,,2.5267,1.5595,,691659.8694,689852.9279
300317.SZ,20260318,30.0332,2.75,,3.2021,8.6816,,498943.2314,498176.9564
300118.SZ,20260318,5.373,0.63,,2.0323,1.3526,,2137525.9931,1737798.9
603518.SH,20260318,1.0378,0.77,12.1593,0.8663,0.7305,3.416,314615.6574,313451.3994
600691.SH,20260318,15.281,1.69,,2.9038,1.0007,,1050184.0228,1050008.9908
001269.SZ,20260318,2.2811,0.73,,5.4139,9.6279,,472947.6784,472947.6784
000789.SZ,20260318,1.2968,1.16,341.6889,0.7255,0.8873,2.4362,467280.7452,467280.7452
600435.SH,20260318,1.46,0.56,92.398,8.1313,5.379,0.1269,2377426.3814,2377426.3814
002184.SZ,20260318,1.6593,0.77,,3.72,1.6532,,434958.7453,297099.1789
601988.SH,20260318,0.1414,1.34,7.3921,0.6717,2.7563,3.9422,177216826.4977,115921033.1653
920834.BJ,20260318,1.5805,0.88,33.9155,5.1778,5.1742,1.7293,159600.0067,83519.2639
600236.SH,20260318,0.238,0.43,29.0615,4.2324,7.7012,1.8162,7377905.6227,7377905.6227
688667.SH,20260318,1.1228,0.49,37.4365,2.9041,4.2258,0.1027,504453.6099,504453.6099
920978.BJ,20260318,1.3889,0.73,28.5037,6.2577,4.4632,1.8516,489317.376,274341.1887
002745.SZ,20260318,1.7051,0.64,58.4733,0.9669,0.7615,0.5767,1286772.2679,923074.1171
603871.SH,20260318,0.9329,0.97,19.3913,3.7447,2.345,3.2273,2058853.0303,2058853.0303
300363.SZ,20260318,1.3806,0.93,,2.1811,3.3277,,1141772.0118,1048097.2649
600620.SH,20260318,0.5563,0.77,72.8333,3.0501,9.2643,0.2276,452520.2175,452520.2175
600056.SH,20260318,0.8218,1.22,28.8939,1.3239,0.4623,1.0039,1569177.8557,1568623.7004
002431.SZ,20260318,1.8374,0.76,,4.4292,1.8726,,493858.9056,493858.9056
301246.SZ,20260318,3.7099,0.46,585.5549,1.921,4.717,0.1429,832814.1576,331972.0893
603699.SH,20260318,0.8977,0.88,29.903,11.5708,5.8365,3.0761,4310572.9184,4215273.5677
002293.SZ,20260318,0.7568,0.84,16.3542,2.0885,1.7632,5.9838,836344.0084,829062.8182
600098.SH,20260318,0.6027,0.47,11.611,0.9852,0.5325,4.8497,2674974.9805,2674974.9805
300654.SZ,20260318,6.0836,2.44,115.1432,5.0262,8.185,0.4693,429098.3265,412850.5178
300288.SZ,20260318,1.826,1.21,,4.2635,15.2,0.1092,463993.5449,352269.7738
002437.SZ,20260318,2.1162,0.95,25.8974,3.547,3.3755,,758889.5628,713737.622
002783.SZ,20260318,2.7812,0.68,28.6028,1.869,1.3293,1.0194,489869.8517,452425.7821
002732.SZ,20260318,0.9959,0.82,36.9618,1.8408,1.7225,0.8523,276936.0,275437.9074
002752.SZ,20260318,1.8472,1.9,20.3878,1.7644,0.8729,1.5601,626204.738,625312.691
603997.SH,20260318,0.8636,1.4,76.9564,3.2124,0.7747,,1664122.4421,1664122.4421
301526.SZ,20260318,6.039,0.58,583.3322,5.4186,5.3059,,4449636.0966,1657183.6491
000998.SZ,20260318,2.3753,0.58,,2.6455,1.7787,0.3876,1516470.399,1357132.1635
300135.SZ,20260318,6.1999,0.62,772.8937,4.2506,2.9578,0.2294,401817.6,401817.6
603023.SH,20260318,1.8207,0.92,1276.1304,3.6682,21.8337,,282407.4079,282407.4079
002327.SZ,20260318,0.7976,0.84,14.2515,1.6771,2.1178,8.9209,582580.6496,341208.6293
688305.SH,20260318,1.261,0.46,91.1751,4.2687,14.6659,0.3095,809268.7623,805049.6942
001872.SZ,20260318,0.1731,0.77,12.423,0.9009,3.4068,3.2293,5698196.6936,5285156.7863
000877.SZ,20260318,0.3363,1.28,18.5982,0.4477,0.455,,3661903.2224,3661902.4499
600664.SH,20260318,1.0289,0.8,20.0178,1.5891,0.564,,899108.0257,899108.0257
603085.SH,20260318,1.5405,1.01,596.8808,5.0874,1.7259,,453488.2,453488.2
002978.SZ,20260318,1.0862,0.65,20.9303,1.9662,7.9762,1.4034,1678396.2906,1313158.1082
688098.SH,20260318,0.382,0.63,,2.649,12.778,,368347.668,368347.668
300432.SZ,20260318,5.0839,1.2,81.4204,7.2947,2.8681,0.3648,3347710.5538,3310108.043
301221.SZ,20260318,1.8796,0.71,78.1795,2.4837,7.2517,0.3723,497566.9956,336948.9176
002246.SZ,20260318,4.4294,0.66,65.6639,4.546,5.4672,0.1821,1356664.976,1356664.976
000952.SZ,20260318,1.7334,1.03,,2.7297,4.3496,,263530.2576,261435.4666
603215.SH,20260318,0.97,1.2,32.7161,2.9645,1.5423,1.5505,360092.1797,358729.5761
301130.SZ,20260318,1.5331,0.81,61.4895,2.6393,9.5721,0.822,241952.6887,186671.9097
920344.BJ,20260318,0.3329,0.75,489.7483,4.2538,9.3147,,266398.47,248723.4837
002832.SZ,20260318,2.2757,0.6,15.3019,1.7894,2.3218,3.0392,976479.8207,666294.6839
605499.SH,20260318,0.2273,0.41,30.2096,7.1352,6.5753,2.134,13232530.641,12183904.59
600630.SH,20260318,1.2261,1.01,112.8426,4.6336,1.9632,0.4524,356883.7415,356883.7415
688646.SH,20260318,2.0511,0.97,,3.292,5.9065,,474297.0565,292070.3846
600807.SH,20260318,1.6166,0.81,,67.3474,9.0986,,295468.0002,262864.167
601328.SH,20260318,0.5582,1.03,6.4254,0.5435,2.3152,4.3657,60971011.1139,17989983.3026
688712.SH,20260318,10.3334,1.02,215.6328,10.2554,32.0688,,1738473.0,154731.1843
600559.SH,20260318,0.7003,0.67,21.4215,2.563,2.9391,3.7212,1351996.7222,1344254.9582
300420.SZ,20260318,2.1127,0.85,,1.8808,4.45,,444320.6573,444286.1507
300639.SZ,20260318,2.5603,1.11,,1.1379,6.3232,,437034.4556,429371.1148
688382.SH,20260318,2.8795,1.02,,7.0668,290.8376,,1085560.1176,1085560.1176
301258.SZ,20260318,1.0618,1.04,41.2499,1.6391,7.1281,0.2637,313328.06,304424.17
688100.SH,20260318,0.738,0.78,28.2643,5.3204,6.3244,1.9989,1883154.2203,1883154.2203
600596.SH,20260318,1.281,0.49,,1.302,1.1141,0.8333,1619516.4588,1619516.4588
300961.SZ,20260318,22.4619,1.67,,3.8289,8.6362,,280811.52,241668.8731
603296.SH,20260318,1.208,0.74,22.6653,3.6227,0.5536,1.0118,9009545.8913,5066352.9402
600519.SH,20260318,0.2839,0.91,20.4308,8.1003,10.3,3.5161,183933449.1792,183933449.1792
300296.SZ,20260318,7.8594,0.57,,2.917,3.3692,1.1508,2353996.2287,1973992.797
000975.SZ,20260318,1.4905,0.98,29.4336,5.8632,5.1154,1.1587,8746675.1348,7961412.1892
002037.SZ,20260318,1.4158,1.13,,2.2064,0.6042,,414204.3325,414204.3325
600289.SH,20260318,2.595,1.04,,4.8328,16.8633,,540180.5711,484429.8175
300395.SZ,20260318,5.1421,0.71,138.1193,12.5439,31.5419,0.1186,5708385.6659,5592110.752
601607.SH,20260318,0.3504,1.06,11.3115,0.8476,0.2275,2.381,6385799.0351,4803015.3236
002458.SZ,20260318,4.0806,2.25,44.9965,2.5157,3.5041,2.5664,1057730.7467,715918.4868
600882.SH,20260318,1.0114,1.56,50.7769,2.2468,1.9946,,1038469.2253,1038469.2253
001283.SZ,20260318,1.3967,0.6,33.2573,1.8191,1.0989,0.5686,628142.1761,501182.9763
000718.SZ,20260318,1.943,1.28,,0.7345,4.4,3.125,679758.55,511188.8593
002141.SZ,20260318,1.8414,0.67,,4.9796,3.1238,,414207.255,408607.3209
920174.BJ,20260318,1.1466,1.04,43.5067,2.7776,6.1824,,866101.2298,347394.0307
600500.SH,20260318,1.5593,0.65,,1.4415,0.3329,,1636267.6742,1636267.6742
300542.SZ,20260318,1.2561,0.68,,9.4037,3.8279,,509044.6278,422266.4448
000423.SZ,20260318,1.0621,1.47,20.3492,3.4342,5.3733,4.7861,3416297.0513,3410320.8044
300015.SZ,20260318,0.5411,0.83,29.578,4.3896,4.2956,2.343,9521230.0001,8122420.4394
300699.SZ,20260318,4.0355,0.76,51.1452,5.4116,10.7607,1.341,3076002.4,3039339.2813
600460.SH,20260318,1.422,0.85,88.0328,3.9813,3.7229,0.14,4754253.2612,4754253.2612
002389.SZ,20260318,3.02,0.51,263.6939,2.9067,8.296,0.2545,2322431.9775,2322059.4253
688625.SH,20260318,1.3866,1.07,41.4597,7.706,11.8209,0.649,1167589.8962,1167589.8962
000650.SZ,20260318,1.1384,0.96,18.5142,1.2982,2.1943,2.5467,824563.6198,784186.2562
605058.SH,20260318,7.2095,2.65,34.2785,2.9089,3.7406,1.6906,507237.0986,507237.0986
300809.SZ,20260318,1.1611,0.48,183.8426,5.2907,17.1158,0.3504,868371.76,515700.5512
002279.SZ,20260318,3.7354,0.9,174.6335,5.4306,2.6175,,760466.4602,696539.5218
002957.SZ,20260318,4.7645,1.14,49.8819,3.4487,4.5056,0.6428,1104553.8856,1101125.4071
301067.SZ,20260318,3.355,1.11,2390.1635,3.8386,3.9791,0.1513,318350.664,208975.8186
000917.SZ,20260318,2.6356,1.0,86.8063,1.3908,3.3343,0.1955,1450160.1338,1450060.9283
600604.SH,20260318,0.6937,1.56,,1.5517,3.6461,0.1942,964751.9741,724839.2241
688267.SH,20260318,1.3606,0.6,25.7964,1.9285,6.3852,2.0595,546396.2,546396.2
301150.SZ,20260318,4.3347,0.42,503.3661,3.248,2.1131,,1156371.5294,1103577.8381
600685.SH,20260318,1.4636,0.8,53.7556,2.5445,2.1602,0.4667,4543009.4989,2640092.6717
600099.SH,20260318,2.0986,0.9,120.2293,4.6542,2.2852,0.2639,249139.44,249139.44
920819.BJ,20260318,0.4205,0.55,,0.9998,0.8688,,480513.6,474957.0
688466.SH,20260318,1.6701,1.31,44.8662,1.9954,3.9199,,227451.031,227451.031
603815.SH,20260318,2.2246,1.21,23.6348,1.6309,0.9072,1.0096,394254.7377,394254.7377
002352.SZ,20260318,0.3987,0.85,17.2225,1.9043,0.6177,2.4243,18706365.6782,17713733.3179
688312.SH,20260318,4.3196,1.05,51.7035,4.6539,11.4796,1.0128,710197.3644,710197.3644
300577.SZ,20260318,0.578,0.85,14.1519,2.2316,0.9697,1.7294,478473.3128,283618.758
000912.SZ,20260318,10.919,0.87,287.0892,1.438,2.0302,,912576.0,912576.0
600094.SH,20260318,1.1603,1.45,,0.9612,4.2907,,985778.8191,901521.4988
002778.SZ,20260318,1.799,0.64,,8.3186,11.7107,,262730.4498,259940.9264
300894.SZ,20260318,0.9955,0.58,,4.2215,4.8571,,456661.0748,330536.1356
000011.SZ,20260318,1.4479,1.41,,1.5858,1.7182,,538169.1201,475407.4153
600941.SH,20260318,0.7973,0.61,14.8225,1.5495,2.0281,4.9029,211732089.22,8827264.2035
002918.SZ,20260318,2.2817,0.75,82.9603,1.6443,1.3351,1.5175,538806.8075,280851.2097
002592.SZ,20260318,1.2686,0.84,25.0088,3.0361,4.1279,2.0182,280781.1766,260351.9227
002396.SZ,20260318,4.6441,0.94,35.3412,2.4889,0.9025,0.8522,1718429.4175,1711344.3357
300304.SZ,20260318,1.7376,0.53,27.9521,3.5424,5.2694,0.6474,1188128.4505,1156159.5175
300935.SZ,20260318,1.8484,0.75,,3.3328,20.0874,,264265.8724,200530.4502
920932.BJ,20260318,1.6663,1.31,,2.7115,5.1697,0.1329,172669.2237,142286.7463
301107.SZ,20260318,2.5483,0.82,38.5607,3.2659,4.341,1.6359,310429.3217,180576.8262
300877.SZ,20260318,2.2171,0.77,37.8648,2.0922,3.3794,0.3334,348960.0,348956.9466
600822.SH,20260318,0.6511,0.87,208.6596,4.1688,2.3475,,510852.1014,408032.3452
000637.SZ,20260318,4.6052,0.64,,4.4695,0.7735,,247980.5448,173907.0712
688513.SH,20260318,0.9755,0.93,38.6535,3.7341,8.2233,0.6831,1094853.0517,1094853.0517
688556.SH,20260318,3.2862,0.6,,3.2152,3.4735,0.7763,1267761.0233,1267761.0233
603277.SH,20260318,0.104,0.56,17.6201,3.5408,3.3262,4.5849,931595.545,925594.466
001965.SZ,20260318,0.2278,0.92,13.4349,1.0449,5.6344,4.0804,6951382.1768,6951382.1768
600120.SH,20260318,1.0449,0.72,15.8859,1.2873,3.5475,1.9024,2093628.8546,2093628.8546
603098.SH,20260318,5.7714,1.86,97.7326,3.3158,2.8433,0.288,936919.1618,935356.7618
600603.SH,20260318,1.9654,0.79,23.3787,1.2968,2.9413,,947503.3459,947503.3459
000925.SZ,20260318,1.544,0.96,80.2022,1.5869,2.2118,,524186.64,521764.3387
688326.SH,20260318,1.2893,0.88,151.7796,3.8337,2.2061,,1510776.3322,1405993.6847
605222.SH,20260318,3.0622,0.88,62.7384,2.0007,0.4137,0.177,933161.0015,933161.0015
688536.SH,20260318,2.1738,0.54,142.3848,4.0025,11.4988,,2463140.1312,2422962.0629
000505.SZ,20260318,3.7461,0.73,,1.6885,0.6375,0.2517,519769.4295,452151.9402
688203.SH,20260318,1.1671,1.28,277.8401,1.7338,3.0059,0.4721,255982.3999,255982.3999
300722.SZ,20260318,1.0286,0.84,139.4665,13.5338,22.1417,0.5797,859328.8704,859328.8704
688981.SH,20260318,1.317,0.81,169.2125,5.6535,12.6696,,85295523.2626,21315336.7723
300190.SZ,20260318,6.8374,1.13,,1.2772,2.2438,,419296.0411,418026.1002
301458.SZ,20260318,3.6358,0.87,78.2885,6.0869,13.4764,0.5245,1006666.7925,443494.5009
600678.SH,20260318,5.4316,1.18,209.5649,14.1478,7.3134,,398895.57,398895.57
300973.SZ,20260318,1.9363,0.95,19.4952,2.5178,1.4301,1.9134,609625.8756,419494.5756
603908.SH,20260318,1.2161,0.88,81.6366,4.2859,2.191,2.6566,228440.5016,228440.5016
300287.SZ,20260318,1.4349,1.01,,6.3551,14.9984,,683190.3326,627473.6568
603169.SH,20260318,5.0301,0.72,206.4241,4.4203,2.1522,,1463046.8138,1463046.8138
920523.BJ,20260318,1.4837,0.76,16.7168,3.4782,4.6788,1.226,247884.4499,196822.507
002199.SZ,20260318,0.6165,0.82,,10.1741,8.1785,,194023.5633,194023.5633
002758.SZ,20260318,1.5679,0.58,12.3903,1.1332,0.1223,2.8194,542148.6115,541524.5636
688307.SH,20260318,7.961,1.54,83.5993,5.8737,8.0588,0.7479,530513.424,530513.424
603341.SH,20260318,1.9796,0.94,37.0803,3.0062,0.5004,1.1871,2141576.4591,1090940.1814
300784.SZ,20260318,4.4396,1.05,45.8937,3.6583,5.6176,0.7683,292772.9456,88131.5931
688553.SH,20260318,0.7529,0.84,,1.9834,7.4692,2.6185,745536.0,604629.916
300109.SZ,20260318,1.1077,0.42,36.8101,2.3688,6.094,1.3743,881694.7091,816339.937
000070.SZ,20260318,5.2333,0.47,,9.4886,3.529,,1430647.8236,1412110.6958
300566.SZ,20260318,2.6722,0.75,27.9291,2.5236,2.4248,0.9899,524733.4552,453814.2229
600227.SH,20260318,31.7814,0.98,,3.5262,3.7622,,844363.8425,638799.9015
688177.SH,20260318,0.3781,1.04,,25.7678,10.2535,,957352.96,957352.96
601186.SH,20260318,0.6819,0.61,4.6409,0.3628,0.0954,4.1152,9899485.7535,8385865.9695
600506.SH,20260318,3.1554,0.84,78.5852,8.8376,1.7658,,423977.8063,423977.8063
600892.SH,20260318,1.4413,0.85,,289.5863,8.6081,,218750.4975,218693.9386
002290.SZ,20260318,1.395,0.58,100.561,16.5542,6.1547,,1570551.0489,1565981.5802
600787.SH,20260318,1.4578,1.12,27.2492,0.9067,0.1981,1.2075,1260816.2371,1260816.2371
600985.SH,20260318,0.7185,0.65,20.3064,0.8763,0.8868,5.5679,3627819.481,3627819.481
002581.SZ,20260318,1.1877,0.78,,2.8198,20.4516,,527128.7332,320232.1376
002803.SZ,20260318,2.2182,0.8,31.4398,3.2271,1.239,1.806,826493.7035,529893.295
603077.SH,20260318,4.543,0.56,,1.4493,3.4356,,2631798.0939,2631798.0939
000919.SZ,20260318,0.8016,0.75,123.3916,1.2201,1.3446,1.3479,462711.8488,462594.4456
603629.SH,20260318,10.0274,0.72,86.4248,8.5507,5.0433,0.2071,1623607.44,1589400.176
300581.SZ,20260318,1.4262,0.95,,8.084,51.2095,,772353.8026,772353.8026
603733.SH,20260318,0.6408,1.25,17.0765,1.9886,1.3645,2.1425,1647581.6769,1647581.6769
688660.SH,20260318,2.0529,0.74,,4.5152,1.3664,,1869333.4268,1869333.4268
920021.BJ,20260318,4.9887,0.69,292.7385,4.7577,7.4046,,306218.9832,245326.6809
301299.SZ,20260318,5.857,1.07,62.3155,7.3716,12.4226,2.4443,419946.7948,419946.7948
301386.SZ,20260318,5.4826,0.66,38.0816,2.4893,6.8917,1.8961,369180.0,113182.6875
301587.SZ,20260318,3.1608,1.05,80.139,1.8684,5.6444,1.9323,369646.0524,184293.6774
688221.SH,20260318,1.9936,0.76,,8.434,51.9101,,745786.0981,745786.0981
603931.SH,20260318,0.7906,0.73,46.6194,3.6872,9.506,0.738,594883.5308,594883.5308
688567.SH,20260318,0.81,0.69,,1.8186,1.8526,,1682837.0496,1682837.0496
688530.SH,20260318,9.8514,0.64,,5.9217,8.758,0.218,477253.6652,202114.6043
301363.SZ,20260318,2.2418,0.51,49.149,4.2223,9.4596,0.5568,1543916.3825,1012872.9637
920533.BJ,20260318,1.3488,0.78,92.5672,8.848,4.6649,0.6181,325454.9894,182038.324
600301.SH,20260318,2.3217,0.65,56.9808,7.7546,6.509,,3484814.2418,1516824.2666
600170.SH,20260318,2.4724,0.59,12.7537,0.8193,0.1059,2.0619,2585808.4655,2585808.4655
603589.SH,20260318,0.4694,0.83,14.6468,1.5197,3.2974,4.8892,1591595.915,1591595.915
002442.SZ,20260318,1.7749,0.53,36.235,1.7977,0.737,1.8321,329654.6605,322629.8674
688169.SH,20260318,1.0031,0.62,24.345,2.3627,1.7787,0.5969,3311120.2767,3311120.2767
600149.SH,20260318,5.6534,0.52,143.3646,9.8933,11.0875,,230757.12,230757.12
300478.SZ,20260318,1.7262,1.02,,60.9179,7.0014,,312882.31,312882.31
002209.SZ,20260318,2.2735,0.99,23.4572,3.7457,1.6228,0.3366,307499.8823,241503.466
601019.SH,20260318,0.2993,0.9,12.1367,1.2147,1.6197,4.1203,1874036.2,1874036.2
300237.SZ,20260318,1.1783,0.74,,,1.9122,,350385.328,350382.0475
002212.SZ,20260318,1.8483,0.42,587.3033,1.062,4.0499,0.2354,988382.3506,977820.2439
002347.SZ,20260318,2.7166,0.99,,3.9157,3.8646,0.2252,448175.6211,438124.0161
688322.SH,20260318,1.0756,0.86,249.3238,10.6417,33.6828,,3168638.3518,2517224.8204
688225.SH,20260318,1.2507,0.52,,4.5378,1.0072,,781219.53,781219.53
300692.SZ,20260318,2.8505,1.0,55.5168,1.5853,3.9468,0.3224,386143.5614,345624.1236
300768.SZ,20260318,1.0461,0.94,69.2694,3.312,9.3249,0.4522,1124769.3311,734906.4876
600865.SH,20260318,1.4939,1.07,176.8492,1.939,24.1249,1.5203,445468.5341,445468.5341
601898.SH,20260318,0.5575,0.66,13.7958,1.5287,1.4865,2.37,23719748.8226,16372928.7156
301075.SZ,20260318,0.9673,0.46,,11.2245,37.8305,,670000.0,670000.0
603170.SH,20260318,0.4767,0.91,21.3669,3.8088,1.8838,2.9018,537613.44,537613.44
688010.SH,20260318,1.043,0.73,379.7056,2.7806,7.1375,0.1878,482005.8572,482005.8572
688119.SH,20260318,0.9877,0.66,,2.2146,3.121,,623250.0,623250.0
301505.SZ,20260318,3.3852,0.53,132.135,2.922,9.6659,0.815,279250.378,182884.1821
301323.SZ,20260318,4.8484,2.59,40.4039,2.6689,6.1192,1.0762,577147.7795,369900.4158
600502.SH,20260318,1.2636,0.77,7.03,0.7631,0.0957,5.9426,837668.5617,837668.5617
301580.SZ,20260318,6.0424,0.6,44.4746,3.86,8.0987,0.6149,804668.8189,543800.3066
601619.SH,20260318,2.7282,0.59,24.9748,2.1414,6.8157,2.484,1683578.7382,1407244.0771
300162.SZ,20260318,13.3347,0.77,,4.435,3.3797,,396436.9784,323342.8821
301079.SZ,20260318,8.6504,0.73,,9.0534,16.0229,0.0511,428103.6796,273234.0321
601595.SH,20260318,0.8504,0.74,94.3314,6.7345,13.4949,0.1868,1151425.8,1151425.8
600398.SH,20260318,0.4741,0.79,14.1582,1.6612,1.4049,2.8892,2992125.8944,2992125.8944
920885.BJ,20260318,2.2119,0.82,105.1091,8.7161,18.0347,0.2146,356330.3114,184617.6669
000883.SZ,20260318,0.493,0.6,18.2587,0.93,1.985,1.8775,3461820.5511,3168517.287
600408.SH,20260318,24.465,1.92,,3.1667,0.81,,429903.6,429903.6
688096.SH,20260318,7.4719,1.76,,2.5195,4.7783,1.0841,226366.5834,226366.5834
603269.SH,20260318,7.8876,0.74,45.9096,5.1177,2.8403,1.3571,487519.0417,487519.0417
301251.SZ,20260318,10.8627,0.62,112.4612,5.6255,6.2847,0.2043,883153.3666,354032.8419
600055.SH,20260318,0.7061,1.06,738.3017,2.2715,6.5671,0.8592,1063731.3808,1063731.3808
001322.SZ,20260318,0.4043,0.76,121.6818,1.734,1.2098,1.5357,819187.0271,665414.0416
002669.SZ,20260318,5.1689,0.67,,1.5638,0.9085,,424456.6,423502.2022
002510.SZ,20260318,2.8416,0.83,134.4811,3.0625,3.3105,0.3979,765414.5858,757654.5973
002041.SZ,20260318,3.3001,0.68,188.3949,2.7057,8.3,0.2603,980320.0,980320.0
002370.SZ,20260318,1.2669,0.77,36.207,4.3563,14.9524,,488412.2322,488412.2322
603339.SH,20260318,0.5895,0.69,26.4266,1.5837,2.4822,1.7318,412485.0863,412485.0863
603508.SH,20260318,1.0371,1.15,16.2667,2.6105,6.4242,12.4887,1003895.4346,1003895.4346
000878.SZ,20260318,2.5343,0.89,38.3906,2.5954,0.266,0.9682,4966776.9139,4103415.4189
920768.BJ,20260318,1.085,0.77,23.8535,1.8323,0.7099,,129612.96,89345.326
000888.SZ,20260318,1.911,0.8,32.0227,2.6878,7.6604,2.414,720290.2104,720290.2104
600725.SH,20260318,1.5175,0.47,,21.1982,9.1328,,594050.54,594050.54
002616.SZ,20260318,3.3275,0.81,17.9497,1.5561,1.4254,2.0995,530136.4991,362475.3254
002875.SZ,20260318,5.1926,2.21,,6.5518,7.5739,,420921.3391,360494.6465
300034.SZ,20260318,1.9484,0.65,114.3675,4.1476,4.1689,0.5038,1581968.7026,1521792.4251
688636.SH,20260318,2.4685,1.32,68.6413,5.3894,10.6768,0.2112,756840.6702,729514.4666
000620.SZ,20260318,7.7958,1.12,,4.3327,9.9483,,1937698.9632,1541677.109
300130.SZ,20260318,2.0798,0.72,41.2012,3.2729,4.6598,1.9984,1419382.4057,1086249.0746
600851.SH,20260318,1.9627,0.68,66.0504,2.2101,13.096,0.4678,1032033.4717,631166.2241
920239.BJ,20260318,0.9594,0.7,23.0879,5.2553,1.2796,1.1331,573897.891,565578.1996
301236.SZ,20260318,1.3529,0.72,230.8445,3.4314,1.3608,0.203,4693548.1955,3550745.9419
600726.SH,20260318,6.2166,1.26,,8.7678,2.1646,,3605745.3118,3408753.3108
600933.SH,20260318,0.9172,0.8,16.4077,1.9207,2.5325,1.6479,1793460.8044,1701611.3078
603767.SH,20260318,0.8052,1.09,705.7137,4.2689,6.6617,1.04,593498.3745,593498.3745
000632.SZ,20260318,2.7247,0.85,,2.596,0.404,,228570.1089,228551.4685
001386.SZ,20260318,4.5512,0.99,21.7867,2.288,4.0333,1.3141,2728002.36,223417.1287
000504.SZ,20260318,1.1227,0.53,,13.7006,26.4609,,332003.2366,331097.1324
002001.SZ,20260318,1.5705,0.64,14.9664,3.4109,4.7955,1.9932,10775416.4101,10647237.9196
688131.SH,20260318,1.4806,0.66,58.8881,4.8611,5.0868,0.3331,1459063.0583,1459063.0583
300905.SZ,20260318,1.694,0.52,41.6653,3.0562,4.1184,1.5357,580368.8864,452733.0809
605366.SH,20260318,5.0954,0.75,,3.2227,5.3567,,782565.3918,782565.3918
688558.SH,20260318,0.5694,0.48,25.549,2.3385,3.1607,1.9594,401148.0,401148.0
603007.SH,20260318,3.2172,0.73,,19.6367,14.8374,,608636.5175,478221.252
300189.SZ,20260318,19.3722,0.82,,10.9419,41.485,,798720.0,691267.2577
002266.SZ,20260318,1.2346,0.49,25.4656,2.0271,1.0913,1.085,2379987.7593,2232941.2779
300623.SZ,20260318,1.2063,0.76,50.6251,4.1813,7.3861,0.5059,2467116.9598,2275350.5147
603062.SH,20260318,6.8691,0.71,24.6044,2.8471,2.7761,3.207,581256.0,199527.4242
300585.SZ,20260318,1.8344,0.65,,3.9365,6.3218,,280451.1109,280451.1109
601717.SH,20260318,1.0234,0.8,8.8675,1.7308,1.0038,4.9889,4008222.8429,3462162.0639
603030.SH,20260318,1.7743,1.25,,3.881,3.9857,,343719.6487,343719.6487
300735.SZ,20260318,0.91,0.85,53.7936,3.5486,2.2024,1.0946,1752880.2137,1729941.0698
603202.SH,20260318,4.363,2.21,14.0716,2.3155,3.5459,3.7286,1497600.0,311332.6757
600699.SH,20260318,1.1736,0.79,34.0453,2.2434,0.6403,1.0315,3878477.1781,3388989.1636
600538.SH,20260318,2.3958,1.35,,4.1648,10.1668,,321333.5873,321333.5873
301318.SZ,20260318,1.2127,1.0,32.8631,2.1363,5.4274,1.2607,401161.194,263242.3303
300474.SZ,20260318,1.8244,1.18,,4.9148,65.9124,0.0915,3426814.2452,2665250.8966
301501.SZ,20260318,2.2278,1.31,24.1005,2.8344,3.2151,0.8717,585092.4,146273.1
300473.SZ,20260318,2.651,0.55,69.884,2.9832,1.2813,,611570.1606,531477.0575
600727.SH,20260318,3.863,0.57,61.3181,1.2869,0.7486,0.641,412294.8453,412294.8453
002871.SZ,20260318,1.415,0.61,32.7227,4.3038,7.321,1.8562,471974.1055,279967.2195
301373.SZ,20260318,22.3796,0.85,56.2656,4.9325,15.9896,0.9459,802693.4734,284698.1502
600846.SH,20260318,0.4368,0.68,32.4314,2.0804,2.3941,1.4485,856548.0384,856548.0384
600928.SH,20260318,0.6863,1.04,6.1879,0.4779,1.5928,2.6954,1648888.8891,1641064.3585
920974.BJ,20260318,2.7759,0.76,53.6944,2.1674,1.2913,,138411.0,108541.7659
002902.SZ,20260318,6.2145,0.77,,6.062,3.1661,,511849.737,386883.0318
301019.SZ,20260318,0.8626,0.64,32.4323,3.4965,7.6612,2.741,361104.8629,228990.132
300640.SZ,20260318,3.4592,0.93,195.8178,2.909,2.3413,0.2632,236355.0045,167769.3388
002460.SZ,20260318,3.1323,0.95,,3.3575,7.1276,0.2251,13974468.2027,8073846.1204
002521.SZ,20260318,0.7255,1.04,41.7498,1.1605,1.3423,4.9566,451969.2674,337655.1228
603358.SH,20260318,2.279,1.42,51.9015,5.7683,4.188,1.0823,2170213.0111,2102929.2577
300731.SZ,20260318,13.5161,1.28,289.2897,15.571,8.0833,0.1039,973165.4137,923577.0675
000910.SZ,20260318,0.6883,1.17,52.2655,0.6079,0.8197,2.5469,408358.535,408199.637
002933.SZ,20260318,1.6742,0.58,130.4511,2.6489,10.0314,0.0579,405326.9,394063.5683
600867.SH,20260318,1.1165,0.7,14.3949,2.4755,6.4371,2.7533,1764647.0889,1764647.0889
600389.SH,20260318,4.0439,0.8,27.4288,3.3608,2.319,1.8062,1311329.25,1311329.25
002172.SZ,20260318,1.8316,0.77,76.3954,18.372,1.7169,,320841.8588,320648.9596
300985.SZ,20260318,2.8283,0.62,,4.3451,3.1576,,438490.8405,436136.1588
600495.SH,20260318,1.4709,1.62,143.0785,1.7153,4.2709,0.3017,560600.5711,560600.5711
301263.SZ,20260318,0.6904,0.47,500.5915,6.7228,17.2852,0.7265,1165863.15,831825.7907
301103.SZ,20260318,0.8728,1.19,316.5982,1.7609,3.0965,0.6927,336280.3303,336280.3303
300201.SZ,20260318,7.409,1.34,44.7871,7.084,6.3617,0.2496,1195716.6743,1189409.5213
605218.SH,20260318,2.2521,0.81,98.9194,2.6966,2.2013,0.242,483686.9242,423964.2523
002245.SZ,20260318,2.5856,0.51,27.6294,2.6834,2.5696,0.3769,1986861.7447,1868653.0228
000703.SZ,20260318,0.9795,0.58,175.4235,1.7627,0.3586,0.4018,4106988.7619,4085039.0309
688005.SH,20260318,2.4617,0.79,,2.7089,1.7659,1.2031,2167047.625,2166724.0561
920039.BJ,20260318,0.4045,0.81,49.3136,3.0136,5.5945,1.9011,161818.64,161818.5348
601398.SH,20260318,0.1407,1.3,7.1817,0.698,3.1528,4.1407,263384223.9888,199243425.0663
002031.SZ,20260318,1.8867,0.67,,7.5759,23.3116,,1609957.6304,1419167.6286
920261.BJ,20260318,0.8421,0.6,23.2602,2.6842,0.59,1.9164,442521.777,259698.121
300341.SZ,20260318,0.6293,0.77,44.5996,4.2481,5.6118,0.443,817508.3309,814282.2869
605123.SH,20260318,3.9671,1.99,48.5405,2.6782,3.4578,0.7498,1225037.7181,1225037.7181
600717.SH,20260318,0.743,0.88,15.6089,0.6895,1.1033,2.1895,1374650.4931,1374650.4931
301262.SZ,20260318,2.172,0.64,26.7798,2.8833,11.182,2.4741,1045002.0,305920.9324
605068.SH,20260318,1.0542,0.57,,3.0143,3.1362,,453344.7935,453344.7935
688033.SH,20260318,3.2491,0.93,,3.5929,7.6627,,523406.8929,523406.8929
301667.SZ,20260318,68.0355,1.52,114.1272,9.9691,7.1594,,1239867.5688,249755.9783
603280.SH,20260318,11.9142,0.69,48.6598,2.9938,4.0736,0.6933,406525.0013,104781.2513
600481.SH,20260318,4.7918,0.88,,2.7616,1.6716,,1465554.8993,1465554.8993
002845.SZ,20260318,2.9942,0.65,,2.1156,0.4932,0.2516,503119.4189,384361.4991
002615.SZ,20260318,2.3034,0.64,24.447,2.3241,1.1625,1.7589,395395.0367,259524.1341
301030.SZ,20260318,5.3369,0.82,,3.0631,,,257633.9791,257280.5688
920223.BJ,20260318,4.1419,1.97,,11.5122,6.3567,,279967.3,145219.075
002708.SZ,20260318,0.9446,0.58,96.5273,4.2426,2.8813,,718361.2018,660287.0722
600733.SH,20260318,1.3088,0.84,,6.0975,2.4387,,4896341.3968,3761726.4672
600119.SH,20260318,0.8346,0.83,,19.0067,10.092,,226832.8998,226832.8998
301321.SZ,20260318,2.5813,0.92,,3.9815,1.2528,,386852.625,306312.0997
688002.SH,20260318,1.2375,0.98,43.2976,7.9243,7.5359,0.1512,4764189.6387,4764189.6387
000860.SZ,20260318,0.7113,0.72,,1.4921,1.3564,1.0684,1041440.8526,1041440.8526
300257.SZ,20260318,1.592,0.39,78.511,4.8017,6.9506,0.3131,3173670.2475,3049280.4988
301628.SZ,20260318,5.7878,0.74,64.3427,7.2532,9.0988,0.3624,831998.0804,360101.5044
600517.SH,20260318,0.5748,0.64,16.8302,1.7112,5.1854,1.342,3962875.9706,3962875.9706
000572.SZ,20260318,12.3305,4.17,,6.4948,5.5073,,1092038.5869,1090456.0365
001256.SZ,20260318,1.6445,1.43,36.14,2.7256,6.3761,0.8612,329435.009,246968.009
300493.SZ,20260318,1.9658,0.91,198.7268,7.7388,3.193,0.1992,900499.4796,890116.0488
002127.SZ,20260318,1.1199,1.01,,1.7653,2.5029,1.3333,736461.1209,598419.8991
603333.SH,20260318,1.7488,0.75,,2.492,3.6107,0.1187,509031.0929,509031.0929
600821.SH,20260318,28.2612,1.19,33.7945,2.2041,5.7604,1.8852,2087140.3084,2087140.3084
600653.SH,20260318,0.9633,0.69,646.2153,5.1123,0.8658,,373705.0209,373705.0209
002344.SZ,20260318,0.6497,0.85,78.3516,0.7143,5.7811,0.8137,598982.1203,598437.193
301162.SZ,20260318,2.0706,0.46,79.5687,6.0258,13.4598,0.8419,921456.8818,592317.5586
920077.BJ,20260318,7.2087,0.77,60.3368,4.3737,4.5549,,1155382.4522,623137.1022
300283.SZ,20260318,4.3281,0.93,,3.6014,1.1344,,412491.9243,304791.3567
688156.SH,20260318,1.9839,0.53,,2.8641,5.7055,,218348.2924,218348.2924
001369.SZ,20260318,50.7974,1.37,41.0192,3.1929,6.1061,,2171271.0,380548.6315
002105.SZ,20260318,2.0931,0.95,,3.0782,2.0785,,257101.8489,255858.6245
601728.SH,20260318,0.1597,0.57,16.1061,1.2124,1.0562,4.5124,55544833.1903,47121245.3203
002461.SZ,20260318,0.3504,0.74,24.0749,1.9695,3.6979,1.7312,2173488.5674,2173488.5674
300501.SZ,20260318,7.207,1.82,74.1107,2.1899,2.8323,2.7104,322628.0227,167907.4898
002253.SZ,20260318,7.8098,4.17,,2.4779,22.8563,,263756.9051,243507.4274
002360.SZ,20260318,7.7318,0.62,,1.3022,5.6716,,260349.7127,212234.405
300949.SZ,20260318,2.0282,0.9,,3.8361,6.6362,,253740.0,145059.1954
301046.SZ,20260318,3.0869,0.4,180.1616,3.8094,3.6191,1.0326,442452.3987,338011.2947
603988.SH,20260318,1.4219,0.48,147.5115,9.3421,8.7688,0.15,627043.2,627043.2
688578.SH,20260318,0.5541,0.69,19.4128,5.9848,8.1878,0.8502,4234500.0,4234500.0
001391.SZ,20260318,1.4746,1.33,25.8308,2.6575,3.0162,1.1444,6934644.5358,862993.0834
300998.SZ,20260318,2.4204,1.26,,2.6259,2.6682,,330989.352,259833.2395
600410.SH,20260318,17.8509,0.65,50.5508,6.357,6.7527,0.024,3015360.3783,3015360.3783
600654.SH,20260318,1.4818,0.86,49.3736,5.9064,3.0277,,1021532.675,822675.1423
601566.SH,20260318,0.9048,1.12,17.96,1.5472,2.0723,2.7322,630951.5907,630951.5907
688023.SH,20260318,5.2645,0.93,,2.46,2.6584,,572334.1254,572334.1254
603496.SH,20260318,7.9035,1.61,276.6018,6.9581,9.2329,0.0828,966391.4954,966391.4954
300177.SZ,20260318,1.1953,0.6,,4.5938,5.9569,,693565.5695,565074.6299
603966.SH,20260318,3.8705,1.49,22.7913,2.4263,1.9034,1.8731,489567.9708,488402.783
002739.SZ,20260318,1.3504,0.97,,2.7526,1.7184,,2113890.4867,2102012.3604
300572.SZ,20260318,2.0545,1.0,,3.307,13.0847,,585753.3811,469641.3844
002125.SZ,20260318,3.1229,0.66,40.0566,2.9953,4.7326,1.1019,914014.896,914014.896
003017.SZ,20260318,4.5479,1.39,29.5534,2.5499,2.7745,1.8324,273420.0,225532.4009
600748.SH,20260318,0.6168,0.91,,0.8955,3.1037,,935193.3862,935193.3862
000965.SZ,20260318,2.1814,0.99,54.8261,0.804,1.3454,0.2513,441712.6962,441712.6962
603275.SH,20260318,2.2756,0.7,34.925,2.3143,9.5098,0.3704,677209.4658,189071.7036
300838.SZ,20260318,2.3094,0.99,457.4995,2.2771,2.381,0.9208,224766.162,165758.6914
600323.SH,20260318,0.6638,0.92,12.6533,1.7013,1.8487,3.5922,2383259.7078,2383259.7078
002088.SZ,20260318,0.6438,0.77,23.1711,2.1566,2.0265,7.326,560329.8639,552324.1848
600103.SH,20260318,5.5353,1.83,135.5067,2.1486,3.6141,0.3167,853754.9906,842897.3669
920663.BJ,20260318,0.7018,0.74,24.3068,4.9069,5.1248,3.505,199661.0025,95794.3974
600192.SH,20260318,2.2318,0.56,,4.0905,2.7047,,414801.372,414801.372
300815.SZ,20260318,0.903,0.53,17.5194,2.0274,1.1744,1.6704,894839.04,876404.465
600363.SH,20260318,1.3508,0.84,81.517,5.8309,7.8634,0.0981,2495667.5708,2495667.5708
600743.SH,20260318,1.3711,1.3,,7.3769,3.3,,466874.0739,466874.0739
688339.SH,20260318,5.2495,1.03,,3.5504,27.2533,,714380.2806,581487.7434
002561.SZ,20260318,0.6834,0.87,853.8037,1.608,9.1808,0.7109,350903.972,349786.9945
002590.SZ,20260318,1.0417,0.79,33.3718,2.3525,1.4826,0.4401,706430.4212,673636.2933
688275.SH,20260318,6.4845,0.72,,2.6995,1.2024,,1382258.3545,927180.654
000513.SZ,20260318,0.8376,1.01,14.5466,2.3323,2.6307,3.1599,3116554.1702,1994170.6769
603136.SH,20260318,1.1134,0.83,31.39,2.3679,6.2184,1.9731,321720.9116,321720.9116
688117.SH,20260318,1.0194,1.04,35.1552,5.4712,7.8635,0.3557,582957.6625,582957.6625
600938.SH,20260318,2.8963,0.78,15.3872,2.5155,4.6597,3.1859,189644516.3962,11930100.0
300496.SZ,20260318,2.5451,0.74,63.3339,3.0399,4.4878,0.0868,3068735.819,2455015.7934
600085.SH,20260318,0.3327,0.9,30.453,3.0173,2.2795,1.6633,4122639.6076,4122639.6076
002953.SZ,20260318,6.8103,1.64,36.9818,2.9646,1.4058,0.7056,642494.5999,355030.253
601567.SH,20260318,1.9593,0.72,20.7896,3.4912,2.6885,4.6945,4098995.8198,4098995.8198
605336.SH,20260318,3.2475,2.44,145.9015,1.4961,9.1387,2.1311,279703.9863,279703.9863
002445.SZ,20260318,19.3577,1.62,92.9648,4.2699,8.1863,,967279.2651,963117.056
002397.SZ,20260318,1.8183,0.94,97.3901,2.5698,1.8915,,306590.3916,265623.4585
688496.SH,20260318,5.1139,1.89,,3.2943,4.5611,,306900.0,162278.8992
300083.SZ,20260318,1.4001,0.42,36.1104,2.5521,2.6867,,1385165.674,1242205.298
300854.SZ,20260318,3.1024,0.96,,2.5889,4.0746,0.489,247970.3625,201562.6883
600560.SH,20260318,0.901,0.95,68.3345,3.6545,5.3022,0.4502,352688.9535,352688.9535
301180.SZ,20260318,12.0347,1.25,,6.525,6.4433,,860021.5,352896.7043
000903.SZ,20260318,1.3139,1.02,,3.9295,1.1752,,522407.9907,518470.645
301235.SZ,20260318,7.7967,0.78,49.7143,2.9614,2.6148,0.0961,538560.7795,363507.1648
002547.SZ,20260318,3.1501,0.56,,,1.8449,,403844.4661,395520.9654
601965.SH,20260318,0.4091,0.55,17.1542,2.3214,3.6608,1.8753,1818538.5101,1810109.5831
603729.SH,20260318,3.4393,1.08,,5.5904,4.1047,0.054,170808.54,170808.54
000995.SZ,20260318,16.485,0.99,,19.1049,19.2951,,281723.904,281723.904
002357.SZ,20260318,2.874,0.78,24.864,2.7399,5.6715,0.6707,467412.1527,467395.3789
603701.SH,20260318,2.0102,0.52,135.3481,7.1631,6.5785,0.1818,574996.1822,574996.1822
300864.SZ,20260318,0.8963,0.86,22.2712,2.6044,4.2996,3.8657,344087.3783,344087.3783
600403.SH,20260318,1.4524,0.7,,3.2754,3.602,,1501430.1885,1501430.1885
601966.SH,20260318,0.7792,1.07,17.7869,0.9337,0.8852,1.7643,2148421.9386,2148421.9386
603444.SH,20260318,1.5065,0.95,18.3937,5.5792,5.1498,4.1829,2761911.7301,2761911.7301
000035.SZ,20260318,4.8195,0.66,75.5255,1.6892,3.2511,0.4842,1736099.8231,1681569.7188
600197.SH,20260318,0.5057,0.7,33.6143,1.6023,3.3105,3.4803,611814.9091,611814.9091
603580.SH,20260318,2.9912,3.88,,5.1185,9.353,0.4973,215480.1068,215480.1068
600516.SH,20260318,2.8854,0.57,585.9476,1.5415,7.4664,0.3026,2496101.6282,2496101.6282
300436.SZ,20260318,5.1295,0.84,,44.4493,39.5045,,1702564.23,1461557.8486
603557.SH,20260318,5.5858,1.41,,32.9574,10.5056,,258102.8716,258102.8716
603861.SH,20260318,3.614,0.6,41.5577,2.3011,1.8695,0.8018,916735.4117,896482.6667
920471.BJ,20260318,5.087,0.6,,2.2671,2.7092,0.7161,114400.0,72917.0846
601222.SH,20260318,1.6436,0.63,65.5742,0.8619,2.5191,1.3581,1322628.5982,1322628.5982
301596.SZ,20260318,1.2558,0.87,50.2903,6.3258,8.2138,1.1496,536993.3227,217932.3099
600261.SH,20260318,1.1753,0.55,28.7888,1.4925,1.9118,3.6082,518000.5508,518000.5508
688182.SH,20260318,0.6798,0.79,96.5682,5.2197,16.028,0.3879,1160000.0,1160000.0
000629.SZ,20260318,1.4206,0.67,,2.762,3.6595,,3391195.9634,3390969.7014
300433.SZ,20260318,0.7903,0.89,39.4754,3.0612,2.0908,1.6275,16168783.2848,15220613.1128
300443.SZ,20260318,8.933,0.74,30.1762,1.5831,3.5777,0.5477,992097.1192,752356.7655
603938.SH,20260318,2.4278,0.45,125.2466,3.901,4.9099,0.0669,969187.8509,969187.8509
688208.SH,20260318,0.7414,0.71,23.8893,6.075,4.6169,2.7116,2233721.4089,2233721.4089
300422.SZ,20260318,1.4053,0.93,,2.4669,1.4281,,273346.7592,261863.3677
300127.SZ,20260318,1.7485,0.63,58.5078,7.0485,12.7027,1.0826,1044732.1819,746228.5806
002653.SZ,20260318,1.3826,1.73,186.2198,13.6099,13.4723,0.2628,5753018.6119,2482394.4176
600169.SH,20260318,0.8016,0.9,39.9641,1.6493,0.8498,,840122.8957,836618.5165
002692.SZ,20260318,6.5441,0.73,61.5809,3.4587,0.9387,0.3419,420115.41,419859.7504
000688.SZ,20260318,2.4779,1.32,135.4078,9.469,17.1489,,3870431.1278,3870417.0187
688066.SH,20260318,3.1468,0.88,,,11.1918,,597542.2623,597542.2623
688628.SH,20260318,1.6623,0.73,32.0743,3.8606,4.0056,2.9565,488983.1975,488983.1975
603696.SH,20260318,1.6186,0.7,98.0165,6.797,6.3606,0.5367,394430.4,394430.4
300429.SZ,20260318,2.3603,0.76,,4.337,7.8983,,747072.0668,555297.13
301556.SZ,20260318,3.2129,0.72,56.8919,8.1234,14.4321,0.8913,786025.76,271717.16
688818.SH,20260318,28.3499,1.73,356.577,22.3885,35.3633,,11672128.5408,887149.7981
000425.SZ,20260318,1.3099,0.93,19.0084,2.11,1.2493,1.6284,12629761.9334,9684914.6713
600325.SH,20260318,1.7315,1.01,,0.5843,0.1383,3.0653,1109117.3027,1109117.3027
605376.SH,20260318,4.083,1.44,161.0567,15.0555,24.2249,0.1582,2479968.0,2479968.0
600996.SH,20260318,3.5333,1.37,,4.6062,8.5861,,1077235.0739,1077235.0739
600132.SH,20260318,1.0538,0.87,22.7183,20.3077,1.8995,3.8075,2796385.582,2796385.582
002096.SZ,20260318,0.6736,0.97,20.0114,2.1278,1.7369,1.7113,1667152.3949,1667149.5604
600845.SH,20260318,1.693,1.72,46.3378,6.039,6.0694,2.6098,6640111.369,4936067.2559
000153.SZ,20260318,1.391,1.0,27.2321,1.475,0.7472,1.4995,309945.2432,306065.2875
002086.SZ,20260318,12.4197,1.72,,3.6046,14.1325,,477982.946,385833.793
300020.SZ,20260318,1.9499,1.22,,1.3537,27.0553,,362373.1561,349587.6503
605567.SH,20260318,1.9065,1.06,58.4092,2.1214,0.8834,0.8636,231600.0,231600.0
000506.SZ,20260318,3.8636,0.78,367.529,25.7235,31.7794,,1647148.4903,1646597.4419
603527.SH,20260318,7.1447,0.61,29.6137,1.9479,0.3863,1.2618,401919.4816,401919.4816
688655.SH,20260318,6.4012,0.53,,5.3258,5.0844,,350415.53,350415.53
600988.SH,20260318,3.0241,0.83,28.55,6.1957,6.7768,0.392,7757478.4286,6792086.245
002548.SZ,20260318,4.0934,1.5,,3.5216,1.0755,,501873.2367,487509.7242
301131.SZ,20260318,2.6389,0.79,48.9929,2.2315,1.4576,1.194,244122.4258,174865.6807
000605.SZ,20260318,1.5755,1.07,150.6959,1.2166,1.5303,0.2721,259204.071,259204.071
000913.SZ,20260318,0.8572,0.58,15.6718,1.7646,1.5018,5.7035,830964.543,820726.479
300584.SZ,20260318,2.7551,0.4,116.169,4.986,8.4532,0.2307,520200.0,355950.0839
003040.SZ,20260318,1.1946,0.67,1348.4735,5.6524,7.6267,0.1747,791770.4639,784411.893
688032.SH,20260318,1.5507,0.45,,2.4976,7.3916,2.7584,1428086.503,1428086.503
605128.SH,20260318,1.2005,1.04,48.8073,3.6375,3.1733,0.7219,757143.3997,757143.3997
000983.SZ,20260318,1.9339,0.97,23.1636,1.0764,0.9978,3.6994,3928553.9328,3928529.8339
688338.SH,20260318,1.3676,0.88,38.1363,1.9695,12.6042,1.0324,332331.8544,332331.8544
002638.SZ,20260318,5.4095,0.67,,2.9491,15.2222,,607679.4096,572184.5956
301195.SZ,20260318,0.7471,0.98,27.0525,1.8574,4.3638,1.9163,447980.8973,297520.2132
002081.SZ,20260318,1.0482,1.06,20.4939,0.6827,0.5519,2.8329,937329.2622,933545.5258
300423.SZ,20260318,8.8055,0.76,,3.5795,4.6551,,482585.9513,323359.6685
603102.SH,20260318,0.8127,0.86,22.9096,1.7121,3.3157,1.6761,278656.0,278656.0
300359.SZ,20260318,1.186,1.12,,6.2646,9.4567,,343900.0481,343882.8215
002452.SZ,20260318,5.7417,0.52,26.1032,2.7699,3.904,0.9549,714622.5619,594322.3181
688088.SH,20260318,0.9244,0.92,69.024,6.4914,19.2724,1.0588,1778789.5536,1778789.5536
002853.SZ,20260318,1.8022,0.94,,5.2763,7.7245,,491678.0682,345958.5427
920086.BJ,20260318,43.5642,2.35,36.1191,3.9617,11.9345,,329699.2,105373.33
002044.SZ,20260318,1.6462,0.75,76.5231,2.9946,2.2582,0.2231,2368123.6234,2343907.7143
000151.SZ,20260318,0.9636,0.93,,12.9633,3.7929,,431497.1611,393848.4749
300616.SZ,20260318,1.4493,0.63,,0.9407,0.8204,6.3338,295912.0616,204300.863
300561.SZ,20260318,3.6368,0.64,,7.0389,43.9429,0.272,422274.9638,310241.0977
688227.SH,20260318,0.8878,0.52,,6.1688,15.8992,,782568.6136,782568.6136
002826.SZ,20260318,2.0867,0.43,47.0962,5.0418,6.4397,0.4631,404427.5078,369746.2711
002027.SZ,20260318,0.7314,0.93,18.2796,6.9378,7.8698,5.5313,9921791.2118,9921791.2118
688092.SH,20260318,1.1415,0.99,49.8273,3.845,5.6397,0.9123,253695.0181,253695.0181
002121.SZ,20260318,3.4303,0.65,,20.3428,2.9471,,1506360.736,1269729.6204
002282.SZ,20260318,2.7905,1.24,24.7965,1.0599,2.2648,2.7473,383538.3173,367643.4129
001223.SZ,20260318,0.7332,0.66,69.2565,2.4152,5.5434,0.2125,470587.432,470587.432
300460.SZ,20260318,3.3105,1.07,,4.6835,4.928,,261428.7577,261428.7577
000638.SZ,20260318,0.2138,0.04,,3.1475,0.9595,,43905.5037,43730.5297
002069.SZ,20260318,3.6624,0.89,,148.332,1.7929,,268800.4093,268461.7213
300099.SZ,20260318,4.9665,1.1,74.48,3.1187,12.403,2.3681,712935.5016,562225.6361
301051.SZ,20260318,1.6802,1.03,,2.0135,2.5247,0.1905,444056.0383,352124.4216
603109.SH,20260318,0.5539,0.67,22.4387,2.5731,1.6586,1.2062,511678.482,511678.482
002873.SZ,20260318,1.8915,1.32,340.91,2.025,3.3868,0.5519,255820.7887,250124.9244
688190.SH,20260318,1.2269,0.77,42.0496,4.7499,6.4966,1.3978,1227600.0,1227600.0
920139.BJ,20260318,1.9611,1.67,,5.0801,16.7708,,530390.5475,511541.8149
002310.SZ,20260318,10.3379,1.2,,11.2068,49.3914,,1721805.4476,1205127.2688
300415.SZ,20260318,1.816,0.63,18.0997,4.0149,2.1983,1.8354,1251997.8884,1210662.1954
600279.SH,20260318,0.7624,1.01,12.4696,0.9303,1.4918,0.7576,626665.3974,626665.3974
002682.SZ,20260318,5.0462,0.71,,3.18,1.4641,,342482.4737,342477.3581
600802.SH,20260318,1.7292,0.73,,2.4713,1.5806,,273574.2948,273574.2948
300805.SZ,20260318,1.8008,0.69,120.2177,3.1972,2.0079,0.17,499143.9708,339101.19
300520.SZ,20260318,4.1726,0.74,,6.5175,6.993,,1153230.4901,1097855.3019
002330.SZ,20260318,1.7689,1.0,,1.4089,0.9852,,322740.1673,322670.7872
688577.SH,20260318,0.6818,0.49,157.5215,7.3587,8.4837,0.6384,747020.8208,747020.8208
301151.SZ,20260318,0.704,0.71,40.936,1.6186,3.7538,1.5901,331248.036,330933.8578
603599.SH,20260318,1.456,0.51,18.0801,1.3148,3.4351,1.875,1310787.8568,1310787.8568
000547.SZ,20260318,13.8946,0.98,,10.6769,21.1261,,5019190.3647,4989840.1347
002453.SZ,20260318,1.4767,0.67,,5.354,14.0709,,490669.7441,370108.9341
002493.SZ,20260318,0.5724,0.64,173.1255,2.9172,0.4124,0.751,12746528.3161,11946165.2911
002810.SZ,20260318,3.2689,1.2,40.688,2.9657,3.3853,0.5225,662856.5777,613850.5484
601010.SH,20260318,1.9135,1.39,40.8693,1.0188,2.5834,4.3186,436128.0,436128.0
301126.SZ,20260318,2.3833,0.97,,1.4267,0.4616,0.8586,248332.4688,166700.8722
688581.SH,20260318,0.6864,1.17,21.1054,1.8692,7.8744,2.3645,470264.692,240921.5867
688019.SH,20260318,1.6118,1.08,52.0738,12.3689,16.4124,0.1414,4109552.531,4109552.531
300125.SZ,20260318,2.77,2.12,,,55.0055,,559313.9891,303080.6957
002524.SZ,20260318,2.3104,0.95,,21.6051,2.8244,,242205.8398,240102.9423
603099.SH,20260318,1.133,0.8,70.0688,6.7223,13.016,0.2127,1021606.8309,1000279.17
600333.SH,20260318,1.9026,0.54,,1.8277,1.5259,,341666.2137,341666.2137
002594.SZ,20260318,1.7722,0.8,24.1758,4.2169,1.1023,1.3027,92712782.0385,35461762.0981
002950.SZ,20260318,6.5504,1.75,16.6885,2.0232,2.1736,0.4918,754852.3651,538778.2891
300418.SZ,20260318,3.1997,0.82,,4.4823,8.2397,,6294359.7623,6290016.3848
002048.SZ,20260318,1.9048,0.9,68.8687,1.9902,0.8165,1.7032,2238041.0855,1951934.0968
300438.SZ,20260318,6.3327,0.48,,5.2149,2.7463,,2717047.4573,2181678.5567
601636.SH,20260318,1.5902,0.95,31.9273,1.2629,1.2075,0.6258,1911290.3083,1911290.3083
002715.SZ,20260318,2.2674,1.16,,4.7127,4.1099,0.1986,222318.0,222318.0
002858.SZ,20260318,2.7942,0.61,,4.6617,5.192,,253583.9894,227375.6436
600900.SH,20260318,0.3271,0.86,19.5434,3.0918,7.7751,3.4555,66773766.147,66773766.147
301017.SZ,20260318,1.2503,0.8,,2.9644,0.5934,,589751.7885,354203.7885
600073.SH,20260318,4.252,2.96,2116.7902,1.1502,0.2568,1.1382,576703.6253,576703.6253
603916.SH,20260318,1.194,0.6,43.2445,1.143,1.3173,0.8981,481713.7715,474967.6715
688328.SH,20260318,12.3435,1.15,189.3271,5.7064,7.0419,,473698.3194,473698.3194
002579.SZ,20260318,6.4148,1.03,238.9672,3.1453,2.3348,,760872.326,724597.5723
605088.SH,20260318,0.9277,0.92,23.2846,2.4503,1.6545,1.5807,703662.13,693211.6432
002568.SZ,20260318,0.7054,1.17,27.8845,4.0764,6.6029,1.6084,1935620.6325,1334211.7757
001300.SZ,20260318,1.3328,1.08,,4.1575,8.5647,0.0563,430752.04,430752.04
300462.SZ,20260318,2.8937,0.68,65.906,1.7582,3.4594,,251354.828,191453.2163
603536.SH,20260318,1.1838,0.74,,6.0406,1.4429,,243350.3031,241494.389
600235.SH,20260318,1.7375,0.97,82.6566,1.6204,2.0706,0.2436,245207.4,245207.4
300820.SZ,20260318,2.2529,0.82,51.5086,4.3234,6.8441,0.804,1095707.3294,551073.4822
003000.SZ,20260318,0.662,0.76,19.2147,3.6001,1.9577,3.719,479300.491,327468.0936
920402.BJ,20260318,1.7218,0.75,,2.7241,8.8783,0.2006,420793.8868,272054.6572
001236.SZ,20260318,2.7867,0.86,678.9651,5.6356,7.7932,0.0958,1052120.0002,791433.2002
688653.SH,20260318,2.0129,1.06,,4.0704,8.5165,,581962.08,433800.2995
002179.SZ,20260318,1.4865,0.49,35.3279,3.1609,3.5219,2.2589,7502045.8486,7427923.4188
300940.SZ,20260318,1.5502,0.77,40.739,4.5314,6.4612,,539022.0246,381257.6807
601778.SH,20260318,8.8382,0.53,41.2765,1.2007,4.7409,0.5135,1899772.3399,1899772.3399
688317.SH,20260318,0.9366,1.39,,1.1407,30.5819,,382010.102,382010.102
600378.SH,20260318,0.7008,1.04,30.0507,2.3948,2.6836,0.8561,4309888.7304,3583440.8778
603697.SH,20260318,1.6612,1.24,22.4164,2.6731,3.0539,4.0,470461.3078,470461.3078
301270.SZ,20260318,1.6039,0.72,240.6525,3.6214,18.6962,0.2802,356700.0,337055.9745
601900.SH,20260318,0.6939,0.85,10.7907,1.413,1.3598,3.974,1220646.6101,1220646.6101
600906.SH,20260318,0.7595,0.77,22.2046,1.7875,7.7466,1.9374,2177395.0,1425361.6515
000058.SZ,20260318,0.5531,0.92,114.8233,5.0888,6.2909,0.1452,1060063.7786,847860.5838
600522.SH,20260318,3.5272,0.73,31.6812,2.4792,1.7555,1.1216,9078446.0743,9078446.0743
603185.SH,20260318,1.6374,0.48,,1.3763,2.1854,,1672172.0113,1662246.3505
300725.SZ,20260318,1.9377,0.77,43.7067,1.2297,4.4405,0.6335,879115.6022,762204.2715
600753.SH,20260318,2.6598,0.66,,128.113,3.3918,,284889.9755,284889.9755
002972.SZ,20260318,1.5417,0.72,38.3121,2.5303,9.3073,2.4176,303820.868,166288.6622
300670.SZ,20260318,4.8663,1.03,,3.88,8.4503,,221210.4943,156836.5697
000926.SZ,20260318,2.5247,1.2,,0.4173,0.4805,,360010.0389,355545.2668
688651.SH,20260318,3.562,0.48,,3.6674,11.0453,,344498.031,148284.2724
603900.SH,20260318,1.3591,0.76,,1.4029,1.7732,1.2565,272999.2166,272032.0766
688697.SH,20260318,0.6288,0.31,23.6646,3.8795,2.4752,2.7367,716184.0731,716184.0731
920026.BJ,20260318,1.2675,0.89,54.3147,4.4715,7.4448,0.6407,281853.2628,127795.0051
603797.SH,20260318,1.1743,0.93,22.7137,0.8887,2.9124,1.8036,287725.9898,287725.9898
603137.SH,20260318,2.4756,0.78,48.6619,2.0717,1.3913,0.5682,257570.1343,103816.5343
688623.SH,20260318,4.6909,2.2,92.123,2.8011,17.6077,1.1807,594088.4215,192288.4215
688067.SH,20260318,2.1717,1.2,67.1911,3.7805,8.4546,0.5327,194480.0,194480.0
301260.SZ,20260318,0.9357,0.96,,1.7211,1.4555,,767589.2047,325257.3101
603738.SH,20260318,11.369,1.04,243.0436,5.4214,10.0743,0.3314,928059.4183,928059.4183
002497.SZ,20260318,2.7999,0.82,61.3386,2.4676,3.4158,0.1708,2677402.734,2459014.7628
002073.SZ,20260318,1.5743,0.93,16.6801,1.2681,0.9774,1.9682,777031.5343,772762.7341
300252.SZ,20260318,3.2136,0.58,630.8285,4.2862,3.8637,,935623.3674,789573.0381
603928.SH,20260318,1.1923,1.04,51.2115,2.5769,2.5398,1.0499,399409.92,399409.92
301257.SZ,20260318,3.6371,1.22,35.9643,3.5048,5.3368,0.3048,437133.3924,416739.5235
600843.SH,20260318,2.1307,1.31,,2.4649,1.7261,,750251.137,493622.312
600135.SH,20260318,5.3981,0.59,,2.4497,4.3425,,584292.2965,584292.2965
002239.SZ,20260318,2.1707,0.93,82.4105,1.8646,1.2252,0.0985,1041957.6032,1025571.7581
002520.SZ,20260318,3.0231,0.54,,19.1757,4.0291,,492911.0773,471358.1923
688111.SH,20260318,1.0217,0.89,67.4475,10.2302,20.9664,0.3347,12430420.5179,12430420.5179
600905.SH,20260318,0.9885,0.61,23.0586,1.3778,4.2044,1.5581,12292689.5611,12292689.5611
600346.SH,20260318,0.6477,0.76,23.1554,2.4942,0.7466,2.3144,16119538.5099,16119538.5099
920870.BJ,20260318,1.3611,0.23,128.2017,4.7006,21.9742,0.6931,212658.0,104746.6023
600104.SH,20260318,0.5455,0.9,57.8821,0.5601,0.2525,0.6074,16553199.6058,16553199.6058
300319.SZ,20260318,6.6636,1.68,36.6251,2.5661,3.3663,0.8166,1234635.3587,1172303.8614
603220.SH,20260318,12.7316,1.26,173.2043,3.8079,4.7748,0.3232,1478170.1134,1196821.5191
301507.SZ,20260318,2.6282,1.14,43.9486,3.2579,7.0922,0.6736,527700.4084,163076.5498
300695.SZ,20260318,0.654,0.99,21.0753,2.5949,10.7045,0.1978,739215.3036,739215.3036
300214.SZ,20260318,3.6365,0.41,,1.4976,0.9226,,362624.0389,362624.0389
920522.BJ,20260318,3.2113,1.52,125.5607,7.6072,8.4168,0.4104,818552.2598,679055.6161
300446.SZ,20260318,3.9267,1.05,20.2442,3.0215,1.9803,1.3276,1782969.9241,787838.4006
688272.SH,20260318,2.6053,0.66,,6.611,13.0634,,274512.0,274512.0
605001.SH,20260318,1.1002,1.0,29.6425,1.1778,1.5919,2.4845,316273.23,316273.23
600796.SH,20260318,4.7132,0.8,32.7577,1.7463,3.5881,0.4493,597944.1785,214919.7434
002979.SZ,20260318,1.1049,0.65,54.6404,7.1927,6.8349,0.8248,1182112.0073,830571.8248
600760.SH,20260318,0.5606,0.92,49.0926,6.7319,3.7807,0.772,14422126.8101,14376808.1362
002907.SZ,20260318,0.5756,1.1,79.2554,3.5015,7.5182,0.6003,591316.3806,424678.9462
002951.SZ,20260318,2.636,0.68,901.397,3.7515,10.5566,3.1778,629370.0,623347.3565
688101.SH,20260318,0.4771,0.73,15.1579,1.2928,3.7663,,572388.8018,572388.8018
605589.SH,20260318,2.2291,0.79,26.2786,2.6784,2.5143,1.6261,2750762.6185,2741699.9935
920149.BJ,20260318,1.1389,1.09,,6.8395,1.7331,,81225.1372,67169.3792
301486.SZ,20260318,7.6492,0.81,115.4733,7.5456,19.7673,0.2584,1972164.9294,1110426.2491
000589.SZ,20260318,2.0475,0.98,14.9315,0.8522,0.6979,3.4916,753992.8844,749238.0414
603396.SH,20260318,3.0554,0.64,115.4167,2.048,2.0484,0.3918,530283.1858,530283.1858
301348.SZ,20260318,23.4608,2.25,,4.7816,9.8024,0.1686,711600.0,459987.6391
301372.SZ,20260318,2.3923,0.8,,2.4211,7.3444,,191040.004,114700.8598
688392.SH,20260318,1.1436,0.57,109.623,7.0024,16.2756,0.4926,1259757.6236,1259757.6236
000676.SZ,20260318,1.1253,0.65,58.5997,2.4245,2.5635,,1035546.7347,1034921.4533
300989.SZ,20260318,1.9749,0.71,,3.2771,10.627,,325721.5205,232546.719
920035.BJ,20260318,7.4064,1.59,37.704,3.8279,4.0513,,223127.45,50194.998
300819.SZ,20260318,2.1584,0.65,122.416,8.4607,12.7927,0.8254,723047.43,653057.8635
002056.SZ,20260318,2.7528,0.62,15.4864,3.555,1.6167,3.6572,3643835.0458,3640070.8042
600188.SH,20260318,1.2958,0.7,19.7287,3.8338,1.4554,3.6126,20004698.7242,11880974.5759
002459.SZ,20260318,2.8338,0.79,,1.8054,0.778,,4090773.8761,4085911.1641
688188.SH,20260318,0.3955,0.62,36.5414,6.7268,18.4487,1.5731,4050880.8758,4050880.8758
600416.SH,20260318,1.6419,1.01,71.6603,2.0896,4.1417,,2018870.3013,1813156.0168
300897.SZ,20260318,0.7655,0.35,86.5738,3.8213,6.772,0.7951,374807.5361,233673.3072
300119.SZ,20260318,1.3705,0.81,21.7437,1.9463,2.3517,1.5013,909524.9596,655520.6751
603937.SH,20260318,2.0407,0.8,,1.7171,1.4452,,264871.2216,264871.2216
600580.SH,20260318,1.6653,1.08,63.644,5.7862,3.8664,0.3142,6193795.9311,6176012.9061
600682.SH,20260318,2.7506,2.11,44.4513,0.5548,1.4876,0.2182,981946.5213,849764.0008
603298.SH,20260318,0.3665,0.77,14.9078,2.9503,1.8519,2.7933,3282388.9948,3282388.9948
300745.SZ,20260318,2.2308,0.8,,1.9045,1.6625,,432710.2568,365313.7001
603936.SH,20260318,8.9433,0.65,,2.1231,2.6377,,928576.2599,928576.2599
002090.SZ,20260318,2.6413,0.66,57.0374,3.0728,2.7311,0.5556,468675.1731,463340.489
920422.BJ,20260318,1.8228,1.28,55.8793,2.4313,2.1105,1.2712,104409.5978,78142.7978
920640.BJ,20260318,2.0212,0.85,91.1521,7.6513,8.0406,0.265,708485.472,681592.8349
688615.SH,20260318,2.7565,1.16,58.8124,9.1413,14.7594,0.7488,2670920.0,1844274.915
603418.SH,20260318,2.6918,1.06,21.4061,2.4459,2.2983,,1079252.602,225961.2719
301678.SZ,20260318,4.1331,1.16,95.5049,8.5054,17.1067,0.7375,1624186.0663,324837.2173
002536.SZ,20260318,8.2305,0.76,56.8672,5.7526,4.454,0.8671,1988759.1725,1883683.512
688273.SH,20260318,3.0549,0.73,48.1668,3.6489,11.3903,1.3927,491600.0,491600.0
301001.SZ,20260318,2.7165,1.04,273.8267,3.1848,7.0228,1.2062,248720.0,156382.7
601226.SH,20260318,3.7612,0.64,88.5947,2.5967,1.236,0.3508,1130843.6601,1130843.6601
688265.SH,20260318,0.4112,0.83,104.6203,1.9841,8.0544,,339297.2086,339297.2086
300112.SZ,20260318,2.5054,1.05,,2.7129,2.4588,,253657.4314,207700.4277
002104.SZ,20260318,3.9658,0.63,290.6783,5.5528,14.2489,0.4793,1189301.4396,1006894.6277
002415.SZ,20260318,0.5464,1.41,20.7801,3.5378,3.1868,3.4244,29483391.7764,29102376.8976
300016.SZ,20260318,8.2977,1.37,181.9887,2.7519,5.4013,0.4043,608465.8892,607645.9777
002516.SZ,20260318,0.7785,1.02,48.4358,2.3529,3.9003,1.3245,888386.5639,882409.9839
002335.SZ,20260318,10.5471,0.88,81.2958,5.4204,4.2475,0.1504,3427503.3727,3023573.0826
301539.SZ,20260318,1.7558,1.03,49.501,3.7093,2.8578,0.4892,302512.0,153426.3172
603811.SH,20260318,2.0068,1.26,17.3521,2.9709,4.9663,2.0221,392765.184,392765.184
301268.SZ,20260318,1.2486,0.49,,5.1591,2.8532,,867259.6421,746615.3698
002586.SZ,20260318,0.8982,0.89,,1.9889,2.4526,,592707.8839,563334.3256
001218.SZ,20260318,1.6668,1.01,25.6722,1.5091,0.754,1.934,343280.0716,244996.2073
603619.SH,20260318,7.4767,0.83,31.341,3.76,3.9344,1.4318,1600615.752,1600615.752
002439.SZ,20260318,1.5452,0.47,,1.5541,6.8573,,1739570.6944,1041592.4561
603037.SH,20260318,2.4162,1.09,45.7067,4.1256,5.1288,1.6806,398775.743,397616.16
300078.SZ,20260318,1.6695,0.73,,8.4553,6.6917,,488510.1645,486541.4437
002946.SZ,20260318,0.8163,0.53,22.7819,4.4415,1.429,1.7602,1564711.1441,1546588.9329
001267.SZ,20260318,7.1811,0.61,363.162,20.7739,25.0633,0.119,3296121.3182,2544656.691
300465.SZ,20260318,1.5798,0.67,267.211,11.415,6.704,,765911.3902,765911.3902
600689.SH,20260318,1.2423,0.51,154.7686,5.6744,1.9971,0.1122,268725.4256,203496.9392
301550.SZ,20260318,2.4615,0.82,175.2199,18.7584,42.3434,0.2244,3381934.325,2063006.5521
603615.SH,20260318,2.7783,1.48,,4.4061,4.8797,,504194.7,504194.7
300346.SZ,20260318,2.6655,0.68,109.1068,9.7065,13.5109,0.5449,3340361.3122,3173111.3648
601857.SH,20260318,0.1334,0.62,13.7003,1.3928,0.7614,3.9629,217062879.6921,192039584.2921
603707.SH,20260318,0.4354,0.61,24.7133,2.395,4.2696,1.006,1605941.4445,1605941.4445
601500.SH,20260318,0.8692,1.03,68.0632,1.1553,0.866,,708834.8178,706018.3278
001205.SZ,20260318,1.6769,0.61,38.1096,1.3854,1.9912,0.7716,288397.4212,244676.5712
300486.SZ,20260318,4.6157,1.24,,7.3916,12.9961,,1239155.7868,1238783.3536
920050.BJ,20260318,6.1458,1.31,26.6688,2.3687,2.5204,,249195.3078,66653.961
688389.SH,20260318,0.4248,0.98,30.5313,2.683,5.4746,2.1267,568172.078,568172.078
600977.SH,20260318,1.0259,0.86,,2.2798,5.6168,0.0815,2520450.0,2520450.0
601218.SH,20260318,21.5911,1.16,60.461,2.209,4.7088,0.1481,654097.6206,654097.6206
300926.SZ,20260318,0.9129,0.85,14.6444,3.905,2.3482,0.4925,1277334.8112,876378.8847
300046.SZ,20260318,3.9619,1.44,130.63,7.2465,22.4459,0.2284,828569.3926,828569.3926
600053.SH,20260318,0.6315,0.66,,2.8041,25.8032,,720978.3504,720978.3504
300224.SZ,20260318,1.5566,0.67,113.193,2.931,2.2134,1.1221,1483536.4647,1475146.2863
002514.SZ,20260318,1.8945,0.88,,28.6417,13.6111,,352816.7894,271476.7894
600880.SH,20260318,1.5381,0.89,395.3378,1.8742,8.5658,0.1919,569626.0199,569468.7212
300140.SZ,20260318,7.8768,1.17,29.1743,1.7332,3.9935,1.5464,2404876.0044,791614.09
301503.SZ,20260318,3.0717,1.47,24.7966,2.8985,2.1137,2.4599,308960.0,125437.76
300100.SZ,20260318,0.7313,0.74,33.7837,5.8472,3.2554,0.4424,1800030.3122,1736470.6459
920180.BJ,20260318,23.83,2.17,30.2779,3.0182,7.8043,,235419.2307,52969.3282
688196.SH,20260318,1.2272,0.47,57.9671,3.0865,3.3516,0.6085,986110.2336,930360.0
300483.SZ,20260318,11.7693,0.87,,2.4811,3.1644,,804826.5582,804573.5982
603370.SH,20260318,3.2635,1.35,47.157,4.3955,5.2392,,837485.65,167497.13
600367.SH,20260318,21.208,0.98,63.8242,3.5848,4.0408,0.1923,886940.3452,837130.2732
920839.BJ,20260318,1.3685,1.36,32.2595,6.1589,5.8468,1.4472,408415.4498,224761.0379
002138.SZ,20260318,2.3332,0.74,30.4517,4.586,4.6094,1.5226,3109163.573,2917063.0244
002840.SZ,20260318,2.1595,0.99,91.5178,2.0664,0.954,,829440.0504,823715.8615
300370.SZ,20260318,2.5493,0.95,,8.737,12.0992,,444566.8479,443457.5039
600088.SH,20260318,0.8023,1.07,,4.7475,5.3543,0.2256,599343.5448,599343.5448
300380.SZ,20260318,1.5687,0.98,227.5387,13.6421,5.0201,0.1311,527868.0977,485644.8155
002409.SZ,20260318,5.5013,1.64,47.1503,5.5485,5.2016,0.6371,4332845.5805,2899831.0887
301538.SZ,20260318,1.7336,0.58,31.4699,4.5327,6.2054,0.54,622182.4,247759.3091
600558.SH,20260318,1.3683,0.52,25.7607,2.2829,1.4733,2.4793,543050.9228,543050.9228
002208.SZ,20260318,7.3373,1.22,,2.0092,1.4986,,1291693.3656,1291359.6879
002254.SZ,20260318,3.6975,0.59,,1.4485,2.7275,0.4187,1019898.0478,1012175.7213
601068.SH,20260318,1.0136,0.78,204.1556,6.211,0.7858,,1813616.6141,1553671.5349
301057.SZ,20260318,4.1613,1.06,129.6085,6.345,5.3253,0.4793,482732.8706,340836.3963
300120.SZ,20260318,2.6251,0.59,,1.6459,1.9212,,491106.8093,450967.1867
603880.SH,20260318,4.118,1.03,,8.6363,3.6928,,219671.92,219671.92
603595.SH,20260318,0.8225,0.91,98.4599,2.5171,1.9433,0.0896,389108.4537,389108.4537
300218.SZ,20260318,1.6238,0.67,21.2515,2.2746,1.5411,1.5217,351301.953,350151.4819
920119.BJ,20260318,4.8898,0.69,25.98,3.8454,5.15,,704932.8117,140745.6
000560.SZ,20260318,9.1123,1.12,73.3537,0.8356,0.659,0.1287,786737.2842,753483.4486
301555.SZ,20260318,11.1904,0.94,51.7424,3.46,1.7908,0.532,381522.8045,199915.8788
688619.SH,20260318,2.1135,0.65,,4.1329,18.0445,,278898.8152,278898.8152
300182.SZ,20260318,4.498,0.72,188.1474,1.9841,5.9439,0.0799,1667554.8456,1414072.6877
603956.SH,20260318,1.163,0.87,,1.7608,3.2286,,348212.7407,348212.7407
688287.SH,20260318,1.0804,0.65,,2.3539,11.8938,,147094.6932,147094.6932
001222.SZ,20260318,1.0527,0.92,22.2943,2.7349,2.3463,0.7253,389606.49,219223.6059
300338.SZ,20260318,1.4735,0.79,,,11.0538,,158634.1286,137648.3293
002222.SZ,20260318,2.6341,0.91,109.244,16.4072,24.7773,0.3282,2865233.25,2852448.3934
002240.SZ,20260318,3.7387,0.93,,3.3148,8.3314,,3480862.5952,3471791.8698
603055.SH,20260318,1.6849,0.55,16.894,1.7262,1.3384,2.5044,888512.6016,885276.2872
600285.SH,20260318,1.2007,0.77,15.7309,3.8724,3.325,4.0577,1257862.1479,1255089.6479
002062.SZ,20260318,2.6266,1.52,36.9065,2.0148,1.7313,1.1985,1021985.7543,929002.993
600854.SH,20260318,1.4677,0.74,23.3233,1.1358,28.7452,2.2388,278429.7764,278429.7764
688308.SH,20260318,4.6933,0.57,143.792,5.6806,10.2432,0.1583,1492865.6186,1492865.6186
000626.SZ,20260318,3.9909,0.48,,1.7528,0.049,,416447.2822,414054.9803
603042.SH,20260318,8.4938,0.68,,3.6781,3.6275,,317325.5238,317325.5238
000813.SZ,20260318,1.386,1.2,,1.4876,19.0052,,740278.2556,740156.4706
603004.SH,20260318,4.517,0.77,30.9006,2.6543,7.2792,0.8997,549703.68,137425.92
600722.SH,20260318,19.1341,0.74,237.8106,9.57,23.7955,,1181715.2772,1181715.2772
000600.SZ,20260318,6.8002,0.9,10.617,1.5327,0.7353,2.3324,1781595.5635,1076970.2655
600322.SH,20260318,2.4128,1.13,,,1.0443,,264262.3,264262.3
600448.SH,20260318,2.6541,0.82,,1.9168,0.6904,,216028.1441,216028.1441
688253.SH,20260318,1.3663,0.63,37.434,2.6639,12.9542,1.3761,546704.4052,546704.4052
603377.SH,20260318,0.457,0.59,,3.2478,4.0681,,263106.5308,263106.5308
002487.SZ,20260318,4.6639,0.85,41.0581,5.4707,7.3376,0.2337,4529933.6259,4481426.6494
300263.SZ,20260318,2.6101,0.67,70.5073,2.6327,3.5588,0.4031,1105386.7305,1041865.1279
603421.SH,20260318,7.9145,0.65,,2.3286,3.436,,652190.511,652190.511
688006.SH,20260318,0.8541,0.58,40.9334,2.979,5.3448,0.4639,1613615.6623,1613615.6623
603258.SH,20260318,1.2377,0.4,,2.043,10.3005,,443404.2006,438758.5743
300146.SZ,20260318,0.9485,0.98,28.4504,1.7388,3.268,3.0804,1967420.3871,1303512.1004
920505.BJ,20260318,2.3816,1.08,157.8206,8.2181,16.8945,0.3483,278217.694,154803.6962
601801.SH,20260318,0.4223,0.53,15.525,1.1005,1.4226,2.9718,1317687.7225,1317687.7225
920221.BJ,20260318,1.1953,1.22,29.2391,4.1709,4.9756,2.209,175104.36,93203.2462
300879.SZ,20260318,4.1671,1.13,42.7287,3.6797,1.4696,0.0825,507211.4755,503777.2907
603190.SH,20260318,1.9238,0.74,29.5635,1.4512,1.8215,0.9723,323679.46,106859.3976
688711.SH,20260318,2.0319,0.79,358.3939,6.0065,4.6406,,624788.0691,624788.0691
920833.BJ,20260318,5.0411,0.83,51.3137,2.4116,3.372,1.9477,148000.92,112239.2723
601991.SH,20260318,2.7811,0.7,11.7491,2.34,0.6547,2.7169,7976392.2272,5342714.4047
002129.SZ,20260318,2.8382,0.77,,1.5686,1.4383,,3942037.8787,3939038.7982
300645.SZ,20260318,2.4897,1.03,307.4988,2.6128,2.2268,0.1028,270002.293,264708.7581
600572.SH,20260318,1.2423,0.86,16.2968,1.5866,1.7046,3.373,1121210.3681,1118230.4691
300386.SZ,20260318,1.3476,0.58,,4.4873,9.0817,,661345.608,396698.607
600233.SH,20260318,0.5341,0.8,17.4901,2.075,0.938,1.7783,6923868.5594,6923868.5594
603319.SH,20260318,2.1694,1.09,81.3452,4.9574,5.7673,0.5183,1223652.0382,1223652.0382
603110.SH,20260318,6.9201,0.97,803.479,5.1404,8.6458,0.2812,357781.1295,357781.1295
600667.SH,20260318,14.3692,1.49,41.6161,2.8172,0.7349,0.8205,2438738.1795,2438738.1795
920278.BJ,20260318,1.7922,1.07,80.0841,3.9467,5.0434,2.3041,151466.0,64273.664
688416.SH,20260318,7.5354,1.34,,6.6225,17.7134,,840764.6239,840764.6239
002218.SZ,20260318,4.9493,0.74,,2.0721,8.2614,0.1675,840747.2267,828476.9582
603178.SH,20260318,0.879,1.5,,3.165,2.2134,0.246,384405.7185,384405.7185
920493.BJ,20260318,5.8397,1.01,451.6694,22.61,8.8755,,985145.4731,722597.5956
601233.SH,20260318,2.7755,1.13,25.8523,1.1914,0.4866,0.5287,4508207.8236,4500003.8569
920357.BJ,20260318,1.4525,0.58,30.3743,4.8898,3.288,2.0358,196676.48,109327.8576
000967.SZ,20260318,1.01,0.49,72.7757,1.6244,2.0727,2.1575,2774242.859,2772922.1138
600062.SH,20260318,0.4664,1.0,11.9949,1.6903,1.7315,2.5814,1895413.0826,1885184.6511
601111.SH,20260318,1.0239,1.16,458.7891,2.6803,0.7378,,12423275.752,8286333.9455
601216.SH,20260318,1.913,0.87,14.9574,1.7447,1.9714,2.5168,5029058.3644,5029058.3644
002175.SZ,20260318,12.146,1.01,,5.6662,15.1021,,458364.281,458364.281
688576.SH,20260318,1.114,0.78,64.5873,1.9529,9.8421,1.3389,337519.4451,161654.8289
301040.SZ,20260318,8.1054,0.76,,5.6001,5.9122,,409204.2189,385599.0054
605186.SH,20260318,1.4265,1.13,323.3353,2.6706,7.3286,,288456.0,288456.0
688603.SH,20260318,3.7797,0.54,117.0683,8.21,20.789,0.2549,979087.5134,372259.615
688321.SH,20260318,1.451,0.8,267.9725,5.5531,15.0482,,1368688.4563,1260127.0661
605368.SH,20260318,0.9958,0.67,19.1434,1.8683,1.4242,10.107,601008.8045,601008.8045
688359.SH,20260318,3.6623,0.85,,14.8864,19.1506,,876809.9208,876809.9208
603058.SH,20260318,4.0221,1.19,40.2874,4.3873,5.4103,0.9177,526207.0513,524873.7892
002922.SZ,20260318,4.9033,0.63,62.4179,4.3419,3.1207,0.978,1623841.8978,1434292.4901
603786.SH,20260318,0.742,1.13,28.5788,4.2603,3.4674,1.1312,2320560.5982,2320560.5982
301585.SZ,20260318,1.0824,1.09,48.1808,3.2896,6.9532,1.0078,317512.0,207936.5633
920271.BJ,20260318,1.0202,1.19,19.6271,3.0928,5.1628,1.2121,196234.5,86835.6465
003003.SZ,20260318,3.6377,1.03,39.4591,1.9258,2.4079,1.4022,248821.76,165857.2256
300424.SZ,20260318,2.6598,0.62,,5.6232,2.4557,,427547.9843,427294.8961
002533.SZ,20260318,2.235,0.64,17.8899,2.516,0.5503,1.6778,1084030.9486,941802.3045
000761.SZ,20260318,0.7465,0.92,,1.6482,0.3097,,1433774.4523,1294174.4523
300712.SZ,20260318,2.2896,0.51,143.0319,4.4183,3.0564,0.1617,569202.2162,566755.9304
688692.SH,20260318,1.7621,0.94,52.4079,7.3216,20.7437,0.2508,2708814.04,1749501.8047
000935.SZ,20260318,0.5524,0.94,56.1133,2.5884,16.1224,,2010901.8371,2010901.8371
002150.SZ,20260318,12.7355,1.43,48.4674,5.9656,3.3929,0.3041,1194475.7379,1186783.8772
301191.SZ,20260318,13.5962,1.78,148.2804,5.3366,5.3572,0.7765,887161.548,667826.1121
688439.SH,20260318,0.8675,0.64,82.8728,2.2265,15.7488,0.2911,1120000.0,1120000.0
000915.SZ,20260318,1.9541,1.39,13.9406,2.8465,3.2988,7.5279,778214.8617,777710.8999
600243.SH,20260318,1.6479,0.71,,2.3205,5.9362,,147014.75,147014.75
300759.SZ,20260318,1.0283,0.5,33.6246,3.1889,3.7548,0.7222,5085601.0823,3930648.4487
601059.SH,20260318,0.4459,1.43,30.7816,2.7916,14.2485,0.4253,5642820.0,5642820.0
600054.SH,20260318,2.7284,0.75,35.1827,2.1068,4.8562,1.769,997791.0739,702194.4
603579.SH,20260318,1.4025,0.89,28.0774,1.6374,2.8466,1.362,449955.1906,449955.1906
