ts_code,trade_date,turnover_rate,volume_ratio,pe_ttm,pb,ps_ttm,dv_ttm,total_mv,circ_mv
600936.SH,20260415,1.158,0.88,,7.0183,1.9239,,685120.758,685120.758
301629.SZ,20260415,12.7338,1.47,225.716,10.1068,27.1883,0.3394,1177668.8541,541770.232
003004.SZ,20260415,1.2675,1.13,,3.9507,7.5823,,253773.5733,213098.3958
600161.SH,20260415,0.6644,1.17,27.1544,2.5241,4.8023,1.6689,2962102.4261,2962102.4261
002185.SZ,20260415,3.0482,0.97,57.2805,2.2827,2.3643,0.4567,4069832.0386,4068870.3023
002142.SZ,20260415,0.3754,1.45,7.0959,0.9355,2.8922,3.8071,20814518.1764,20802844.9776
002098.SZ,20260415,0.4923,0.71,16.2048,2.1952,1.1404,1.1211,319336.0,319325.965
002337.SZ,20260415,1.0609,1.0,83.0575,2.7311,5.5636,0.3437,359644.2233,359265.8811
002295.SZ,20260415,1.1659,0.96,221.0618,1.9896,0.5834,0.3352,269161.584,268815.756
600080.SH,20260415,2.7798,0.66,40.2712,1.9908,5.7302,0.3355,315413.3908,315413.3908
601908.SH,20260415,4.554,0.57,,1.1987,3.3897,,1055181.4503,1055181.4503
300074.SZ,20260415,2.4609,0.98,,2.2676,4.2118,,223335.5656,222117.8498
600179.SH,20260415,0.8173,0.85,17.3003,1.5846,2.0691,,1878797.9787,1714851.6518
920123.BJ,20260415,0.8603,0.63,36.5613,3.4059,1.6826,1.8171,141655.8,80813.7779
300937.SZ,20260415,9.9239,1.92,,3.6018,0.6827,0.3194,299532.3813,208615.2769
603960.SH,20260415,7.5601,1.58,144.7592,5.7023,12.0316,0.2348,637665.2928,637665.2928
603689.SH,20260415,0.6308,0.72,13.1584,1.1651,0.8357,4.5924,426959.9595,425039.2709
603002.SH,20260415,13.9907,2.03,380.3368,4.2406,5.472,0.1553,1460693.1196,1460693.1196
600584.SH,20260415,3.8038,1.08,49.833,2.7205,2.0066,0.3441,7800058.1106,7800058.1106
688606.SH,20260415,0.3019,0.62,22.1193,1.224,5.2981,4.041,482820.407,482820.407
688621.SH,20260415,2.9287,1.28,38.6007,6.2575,6.2152,0.2353,756896.0,756896.0
600535.SH,20260415,0.935,1.61,19.3612,1.7247,2.5974,1.4665,2139336.4072,2139336.4072
920305.BJ,20260415,10.2368,1.66,,1.7806,15.8092,,84455.9678,51742.3583
301275.SZ,20260415,1.1698,0.57,34.9904,4.3406,4.1956,0.3698,1736064.0,1206434.5136
002779.SZ,20260415,1.4564,0.68,102.8899,19.4748,17.4368,0.0818,1775558.4,1593086.4827
002962.SZ,20260415,23.6546,1.76,131.8031,2.7671,4.2393,1.1782,489997.7914,351429.1284
603065.SH,20260415,0.5867,0.67,93.0214,1.6858,2.4244,1.4061,339782.7009,339782.7009
300770.SZ,20260415,0.7984,0.72,13.8545,2.5631,5.6267,7.1251,914999.7815,914999.7815
600925.SH,20260415,0.3248,0.59,97.5844,2.0358,2.5036,2.6813,3134444.4445,730752.1066
688381.SH,20260415,4.4655,3.38,,2.4197,10.9032,0.8362,612810.0,612810.0
002564.SZ,20260415,1.5185,1.07,109.8909,27.7265,2.0282,,516201.5907,516201.5907
688159.SH,20260415,3.1898,1.1,155.3104,4.4212,1.2604,0.2315,397371.0231,396601.1631
600889.SH,20260415,1.4129,1.16,,6.6159,22.4143,,825866.5201,542192.0948
000593.SZ,20260415,4.2015,0.44,4012.804,6.8332,3.4014,,597479.261,597232.9596
688183.SH,20260415,3.0031,0.81,58.9726,15.1206,9.1508,0.5193,8687540.3517,8687540.3517
601033.SH,20260415,2.4271,1.71,15.5936,1.2411,3.1302,4.0241,1341900.0,357840.0
301038.SZ,20260415,0.7447,1.0,63.4643,5.1521,5.7965,0.3429,460437.12,460437.12
301239.SZ,20260415,1.5793,0.46,,2.6641,2.0636,,565859.2395,565859.2395
300606.SZ,20260415,8.1504,0.61,,7.6902,9.1193,0.3198,519081.0432,441514.6715
301031.SZ,20260415,2.3316,0.79,46.0866,10.1248,7.5398,0.3495,1424299.4453,993103.3749
300907.SZ,20260415,1.0713,0.89,40.5402,3.3832,2.4667,,270336.0,270336.0
000868.SZ,20260415,1.233,1.25,,5.0834,1.1921,,408688.9097,318997.9706
300702.SZ,20260415,1.6753,0.82,41.9742,2.1635,2.6959,0.2162,804871.1688,488423.4492
001319.SZ,20260415,2.2293,0.75,26.4902,2.6636,3.1039,1.5439,357176.4,207132.1895
000715.SZ,20260415,1.072,0.68,26.6381,1.5106,4.0781,1.3663,304264.6922,273635.6478
603535.SH,20260415,0.4407,0.73,22.6591,1.6125,3.2347,,424573.0533,424573.0533
300001.SZ,20260415,2.3287,0.85,24.3194,3.5374,1.915,0.5197,3023060.01,2963955.7852
000887.SZ,20260415,1.1979,0.97,16.2493,1.7351,1.2947,1.0753,2448670.9294,2444729.3309
605577.SH,20260415,0.6769,1.02,20.3704,1.3932,3.5833,1.2039,553777.7785,553777.7785
603106.SH,20260415,0.7902,0.6,50.0929,3.5896,10.5332,0.3326,469509.04,469509.04
688568.SH,20260415,2.3572,1.81,1655.1802,12.8566,18.1798,0.1451,4866251.2081,4866251.2081
601101.SH,20260415,0.9664,0.77,25.1427,0.9809,1.3779,5.565,1185118.2931,1185118.2931
000795.SZ,20260415,1.4463,0.48,41.9981,3.9618,2.7026,2.7388,1049791.4794,1049789.9172
603567.SH,20260415,3.1108,1.22,,0.8909,4.071,2.1736,649287.5954,648282.9616
301188.SZ,20260415,6.1797,0.49,135.3841,3.2776,6.4805,0.362,629246.1185,629246.1185
603939.SH,20260415,1.0513,1.36,17.0939,2.563,1.1637,3.0225,2807900.6386,2807900.6386
300441.SZ,20260415,0.456,0.8,15.7673,1.8525,2.5233,4.2254,457535.2663,444849.9043
301349.SZ,20260415,4.5994,0.59,162.038,2.2931,5.3914,,625770.0,625770.0
603331.SH,20260415,2.1521,0.71,42.8804,2.3058,2.0017,0.5288,305891.7373,305891.7373
301248.SZ,20260415,14.6885,2.29,7139.7596,5.8109,11.3052,0.0345,887646.375,648698.2425
002565.SZ,20260415,27.55,1.36,330.9363,10.06,14.5944,0.2199,1876180.3919,1876100.7419
603345.SH,20260415,1.3271,0.82,23.2452,2.0394,1.9512,2.5637,3159579.0754,2780429.3194
600375.SH,20260415,1.5714,1.32,175.8762,2.4839,1.2769,,836803.2536,763521.9667
601699.SH,20260415,0.9504,1.02,33.1741,0.8553,1.3199,3.0666,3999514.1004,3999514.1004
300667.SZ,20260415,4.2662,0.66,,3.2436,5.1027,,367526.326,310044.3313
688787.SH,20260415,2.9888,0.81,557.4116,10.5781,20.8113,0.267,784528.9659,784528.9659
300755.SZ,20260415,0.482,0.56,,1.8751,0.8059,0.6923,547673.0976,547209.8863
600163.SH,20260415,1.7822,0.58,20.2969,1.6652,6.7038,1.3651,1157021.6549,1157021.6549
301063.SZ,20260415,1.9713,0.93,42.4862,1.6101,1.4136,0.6201,252448.5914,242980.3931
688757.SH,20260415,3.4095,1.74,167.3615,11.7345,19.6885,0.7698,1042560.1913,468454.597
603359.SH,20260415,1.3944,0.78,,0.968,9.6025,,256059.104,256059.104
301028.SZ,20260415,0.8667,0.72,24.7938,3.4802,4.7134,1.3658,560712.5445,362750.7795
002148.SZ,20260415,1.8313,1.05,,3.5134,11.1999,0.209,427625.3075,343727.9724
300220.SZ,20260415,1.3067,0.93,991.5836,32.9552,8.1786,,207597.6,207349.5648
300655.SZ,20260415,2.2768,0.88,,6.2329,10.142,0.3682,1583711.0852,1574728.2747
300013.SZ,20260415,2.1387,0.9,,10.6906,4.1442,,209384.5853,167235.5824
688059.SH,20260415,2.7002,0.89,64.8276,6.4953,11.9349,0.7722,1210739.7737,1133142.8557
688385.SH,20260415,1.8285,0.9,243.5287,9.1628,14.2082,0.116,5658086.3143,3705023.5443
002481.SZ,20260415,0.8029,1.2,82.8438,2.2392,2.4119,0.6691,547761.246,496376.5044
603049.SH,20260415,3.6982,1.4,10.8441,1.8353,1.0153,2.5656,4431018.5251,443101.8535
603866.SH,20260415,0.4292,0.88,20.7283,1.5285,1.4545,2.6052,798259.8583,798259.8583
920837.BJ,20260415,0.3428,0.61,24.8723,3.2782,3.0939,1.7872,186758.4408,168385.7658
002678.SZ,20260415,1.8556,0.55,,2.5205,13.7104,,781034.1857,780605.3076
603233.SH,20260415,0.5541,1.38,17.4687,2.9862,0.7406,3.7029,1987289.8769,1987289.8769
300827.SZ,20260415,7.808,0.86,48.6932,5.1411,3.9535,0.2056,2083139.8886,1441584.7057
688455.SH,20260415,1.5953,0.55,148.9219,4.9643,2.0699,,473174.3555,473174.3555
301558.SZ,20260415,2.4783,0.83,2008.7902,4.7578,3.6807,,645280.3004,179372.4936
300912.SZ,20260415,4.1214,1.02,,5.9225,5.2449,,291915.162,218362.6772
301511.SZ,20260415,12.3908,1.06,1159.4185,7.2999,2.7054,,2966295.332,1763013.726
688355.SH,20260415,1.9034,0.76,34.895,2.5265,5.2461,1.9958,278281.3816,278281.3816
600019.SH,20260415,0.43,1.23,14.6764,0.6783,0.4445,3.404,13853405.9004,13853405.9004
603507.SH,20260415,6.1343,0.76,74.659,3.3136,2.0943,0.6556,831751.7985,820338.4215
600886.SH,20260415,0.2559,1.01,16.271,1.6161,1.9835,3.4118,10710013.3226,9973692.5684
688171.SH,20260415,3.4567,1.18,333.5175,4.898,29.3075,0.0852,407725.1378,407725.1378
002666.SZ,20260415,1.7305,0.96,60.1004,1.1975,0.7796,1.6833,423155.6246,268858.8239
000409.SZ,20260415,0.7292,0.61,87.0987,4.4703,4.6998,,717737.7848,625321.9037
600395.SH,20260415,0.963,0.65,235.5071,1.1565,1.2551,0.7067,1214989.69,1214989.69
300906.SZ,20260415,1.5431,0.79,38.1214,2.8824,16.2606,1.5408,259600.0,234279.265
601890.SH,20260415,2.5923,0.95,33.093,2.6816,4.806,1.3527,992979.0,992979.0
301498.SZ,20260415,6.8658,2.61,32.0589,4.7804,3.3899,0.935,2139325.9113,958623.2836
300535.SZ,20260415,2.4634,0.87,,2.1142,2.7571,,204728.9979,155261.081
000533.SZ,20260415,26.5687,2.59,107.8258,11.7475,4.7778,,1113595.392,1104062.6688
003031.SZ,20260415,4.146,0.74,75.9702,7.4034,16.0355,0.4066,4658924.9806,3513478.513
002009.SZ,20260415,6.6075,1.04,,4.8389,3.4142,,968979.7957,853081.2687
300533.SZ,20260415,5.73,1.0,12.4226,3.9002,2.33,3.9401,595064.4799,418718.1385
603256.SH,20260415,5.5511,1.77,457.281,35.0889,78.8458,,9233113.8441,8979378.5925
600316.SH,20260415,3.0198,2.05,721.2657,5.3332,3.8498,0.0425,2867740.9335,2867740.9335
300502.SZ,20260415,5.2026,1.17,65.702,34.0114,24.674,0.0646,49400274.7878,44003560.0221
601888.SH,20260415,1.0365,0.88,39.6187,2.5614,2.6461,1.9011,14207973.4517,13351027.7699
002402.SZ,20260415,3.7275,1.1,47.333,5.5133,2.6595,0.3181,2895967.1086,2548251.2753
920089.BJ,20260415,1.1105,0.87,16.8087,2.1813,1.3941,0.5438,277078.452,157817.0051
000790.SZ,20260415,6.7072,1.84,,3.6514,4.7908,,261338.4135,260875.5233
603229.SH,20260415,1.9161,1.48,46.0435,3.6257,11.3304,0.9733,851054.5736,851054.5736
600818.SH,20260415,1.6313,1.15,,4.8329,2.5695,0.119,270016.2444,199884.6444
002317.SZ,20260415,6.6414,2.18,,4.0261,6.6275,1.0497,1622517.2806,1453927.6281
920895.BJ,20260415,0.7618,0.51,,4.7972,14.1541,,92981.98,47272.2005
601137.SH,20260415,1.7758,0.75,16.3549,1.815,0.9514,2.1858,1859018.5988,1857642.2788
603898.SH,20260415,1.3933,1.15,200.8561,1.3344,2.4267,0.5781,420004.4886,420004.4886
600666.SH,20260415,20.2829,0.92,116.6482,15.1723,40.5416,,1714151.7265,1507506.0785
603909.SH,20260415,5.8613,1.05,31.6787,2.9891,0.453,0.9043,345913.2568,345913.2568
601066.SH,20260415,0.1175,0.6,17.9467,2.0421,7.2639,1.511,16940621.4366,14186545.5404
603061.SH,20260415,3.743,0.8,113.4093,12.4015,28.6741,0.0495,2001960.0,2001960.0
605086.SH,20260415,0.8994,1.09,49.6898,4.5659,20.8476,0.559,602649.6,602649.6
688223.SH,20260415,1.4706,1.03,,2.3722,1.0506,,6880502.2096,6880502.2096
601399.SH,20260415,1.9229,1.76,66.7642,2.0864,2.2303,,3094615.4768,3094615.4768
002820.SZ,20260415,1.9825,0.59,,2.3623,4.3441,1.4315,204684.7926,204684.7926
920167.BJ,20260415,1.6754,0.93,84.8983,2.9564,0.5699,0.2323,184184.361,109419.0213
002198.SZ,20260415,2.7667,0.87,98.3373,5.483,9.4818,,388752.5436,388730.253
601866.SH,20260415,0.9485,0.39,22.715,1.1874,1.4507,1.4801,3655750.6621,2701299.5181
688599.SH,20260415,1.0954,0.72,,1.8123,0.5696,,3832440.7343,3832440.7343
600714.SH,20260415,5.3048,0.84,161.5909,6.5501,14.854,0.4084,493934.1319,493934.1319
603665.SH,20260415,1.3361,0.72,57.3227,6.9349,3.2423,,455944.2913,453274.6108
603121.SH,20260415,1.839,0.52,328.6802,6.0381,6.243,0.9412,719384.1444,719384.1444
002937.SZ,20260415,2.6505,0.86,59.8043,6.0623,5.2762,1.2882,924602.8604,922041.1733
300358.SZ,20260415,3.2169,1.26,,1.3906,1.3376,,742981.1906,728651.0865
600369.SH,20260415,0.3334,0.55,26.5836,1.0759,8.8049,2.0,2824171.3777,2824171.3777
301015.SZ,20260415,4.4858,1.24,25.8112,5.7113,1.7952,2.9443,1360315.1113,1360140.4213
300450.SZ,20260415,3.4857,0.92,56.5933,5.0815,6.1275,0.1052,8849934.5001,8243064.3228
300318.SZ,20260415,2.1,2.19,,3.6176,5.8351,,486872.695,475929.5325
300610.SZ,20260415,1.8481,0.57,39.1061,2.1411,2.746,1.6897,253494.4084,197628.8469
603915.SH,20260415,1.5356,1.96,37.5542,2.8129,3.8319,1.5553,1015153.8141,1015153.8141
300510.SZ,20260415,2.3954,1.19,,1.5589,3.5635,,345545.4033,345545.4033
301226.SZ,20260415,9.0207,0.96,153.685,4.8123,8.5787,0.248,438681.6,438681.6
600337.SH,20260415,9.2191,0.83,,1.8867,1.5079,,474209.3852,474209.3852
920179.BJ,20260415,4.1172,0.96,143.6488,4.455,11.8092,0.2691,334366.2,266344.394
688580.SH,20260415,1.7691,0.91,40.6757,3.2854,12.0106,1.3777,555760.7843,555760.7843
300849.SZ,20260415,1.2928,0.66,,5.1291,9.7125,,302250.0,244758.0663
002633.SZ,20260415,1.3153,1.03,516.2811,6.2734,8.5323,,266400.0,265367.7
301607.SZ,20260415,2.1102,0.68,49.6421,6.4918,2.235,0.027,739801.0992,532384.2849
300543.SZ,20260415,1.5273,0.8,82.3437,2.0182,1.8057,1.0352,295954.7086,241692.0485
920992.BJ,20260415,2.8441,1.02,75.2804,2.3012,4.6618,0.538,143838.8989,72146.2407
002309.SZ,20260415,16.5413,0.69,,6.5137,6.3905,,1212089.1502,969671.3201
688309.SH,20260415,3.1923,0.87,171.8197,7.4686,19.4459,0.1216,574468.1812,574468.1812
002800.SZ,20260415,4.5745,0.73,,5.2081,2.2554,0.1781,256394.1648,248967.3863
000755.SZ,20260415,0.2865,0.84,15.7986,1.3772,4.7161,3.9139,749795.5102,749795.5102
002996.SZ,20260415,2.1571,0.99,33.761,1.531,0.3206,0.6715,492036.0745,305986.7166
688486.SH,20260415,1.8444,1.0,47.3405,5.3779,14.6275,0.8263,859163.5828,859111.5088
600012.SH,20260415,0.6063,1.04,14.288,2.0953,3.9909,3.8471,2682489.2657,1829992.0
002405.SZ,20260415,2.4772,1.1,,2.588,5.8337,,2128842.635,2115554.3947
600105.SH,20260415,15.8924,1.19,164.7122,16.8944,11.5084,0.2264,5488328.4867,5488328.4867
601999.SH,20260415,4.8467,0.95,42.1202,1.6519,2.111,0.7472,442384.5041,442384.5041
603969.SH,20260415,1.6875,1.42,21.6549,2.8875,2.4719,0.8658,792224.2242,767021.8356
002216.SZ,20260415,0.6827,0.57,20.6174,2.476,1.7226,2.3529,1120959.6612,803890.546
600547.SH,20260415,1.3376,1.04,37.7207,5.7751,1.7142,0.8321,17877306.698,14016811.2997
001382.SZ,20260415,12.8362,1.52,68.8797,5.2695,2.7581,1.2285,838420.0,128205.0
002522.SZ,20260415,5.5064,1.32,71.1544,2.3823,3.3474,0.4119,549808.0879,549347.0666
300861.SZ,20260415,1.7393,0.99,529.7076,1.7476,5.8253,2.1683,1105849.3642,694389.6073
600561.SH,20260415,1.5365,0.77,,1.9852,1.1917,,179789.3376,179789.3376
300368.SZ,20260415,2.8929,0.65,,30.6044,41.9667,,570201.0661,570201.0661
000553.SZ,20260415,0.3914,0.62,,0.8219,0.4991,,1444483.2949,1349784.6158
601600.SH,20260415,1.6467,0.63,16.6488,2.8163,0.8751,2.0977,21100614.7322,16203239.1603
300631.SZ,20260415,2.0596,0.87,41.9067,2.5981,5.6138,0.661,340493.2436,328096.8051
600106.SH,20260415,1.1142,0.59,35.0461,1.5553,71.3225,0.5941,805389.1876,805389.1876
000586.SZ,20260415,27.8796,1.16,525.0,12.4528,8.3292,,421699.2,416794.2
688013.SH,20260415,1.7054,0.86,36.75,5.475,9.4584,2.5981,309040.5248,309040.5248
601800.SH,20260415,0.15,0.94,8.3958,0.429,0.1694,3.6685,12385004.2552,8967419.31
603568.SH,20260415,0.2275,0.6,15.4026,2.874,5.9978,1.9352,4201784.641,4194207.253
688425.SH,20260415,0.4079,0.89,17.4783,1.3943,2.5804,1.749,2592079.542,2592079.542
688428.SH,20260415,7.7402,1.4,85.6136,7.1186,23.1605,,5500395.1984,836477.2379
002273.SZ,20260415,4.3699,0.58,35.055,4.2118,6.0334,1.0222,4037005.3376,3954501.0122
600487.SH,20260415,5.3228,0.68,45.4348,4.1779,1.9131,0.4372,12857302.8357,12746729.2046
002881.SZ,20260415,1.6765,0.77,81.8074,4.3815,3.1159,0.3353,1167557.9022,703323.4418
301092.SZ,20260415,2.3396,1.11,43.4738,2.3483,7.1129,0.7631,455267.4011,205370.1683
920720.BJ,20260415,1.3984,0.73,51.3251,6.2849,4.3754,0.9655,315220.6946,88080.4359
600673.SH,20260415,2.1359,0.96,364.9005,10.8564,6.7306,,10051913.8971,10025203.4762
688733.SH,20260415,4.8399,2.08,,2.8172,9.4265,0.3333,593931.6399,593931.6399
300143.SZ,20260415,2.5474,0.78,132.8529,3.6245,4.8292,,910583.6989,779128.0192
002298.SZ,20260415,6.2323,1.17,,3.3578,3.5657,,766014.7825,683776.3849
300292.SZ,20260415,3.3913,0.67,63.7793,4.7494,1.5117,,665515.4271,553508.6272
688258.SH,20260415,2.7292,0.71,157.1042,14.3219,38.2047,0.1844,1290164.8241,1290164.8241
688073.SH,20260415,1.9153,1.15,37.4396,2.7841,4.3045,1.3664,569836.084,569836.084
300855.SZ,20260415,1.429,0.76,129.0145,8.6563,16.4567,0.5795,1706322.891,1263812.7793
301215.SZ,20260415,0.707,1.02,37.4611,2.8194,14.4129,1.472,808902.9,807986.4
002839.SZ,20260415,0.9115,1.06,5.5706,0.5949,2.3224,6.6519,1102399.5833,1101351.0457
601916.SH,20260415,0.4781,1.44,6.4143,0.4663,1.3268,5.1656,8294320.0608,6506419.6608
301632.SZ,20260415,3.422,1.36,75.7776,3.1853,7.0405,,880650.24,154143.248
000949.SZ,20260415,3.487,0.68,61.9238,1.8743,1.5606,,1226105.9423,1225769.243
002380.SZ,20260415,8.4405,1.2,51.4401,3.2604,4.1962,0.121,793412.3916,470126.3909
603013.SH,20260415,0.5823,0.9,18.1943,2.1778,1.0523,2.1329,961043.1955,961043.1955
603268.SH,20260415,2.828,1.15,42.2196,11.8573,5.1793,,11207635.5081,2692868.8486
603739.SH,20260415,2.2929,1.53,46.1735,2.1751,2.7742,0.6557,385869.0207,385869.0207
301178.SZ,20260415,5.756,2.27,466.3871,4.4955,7.3231,,349305.88,258513.887
002446.SZ,20260415,3.6033,1.35,,3.5836,7.6591,,911754.0611,844386.1868
600515.SH,20260415,0.7571,0.97,133.4214,1.7568,9.077,0.1381,4135962.0759,3321716.5279
300148.SZ,20260415,2.5367,0.76,53.579,3.522,7.1119,,363237.8968,350914.1212
603878.SH,20260415,1.4499,0.89,54.0571,1.6145,1.8274,1.1861,421975.876,421975.876
002443.SZ,20260415,5.3607,1.16,34.3524,1.3666,1.1114,2.1662,473166.7877,472158.7539
600359.SH,20260415,1.5819,0.51,,4.0724,5.4968,,265914.4355,265914.4355
601949.SH,20260415,0.3398,0.71,21.0433,1.2417,2.1617,1.6216,1197595.906,1197595.906
603899.SH,20260415,0.3118,1.09,17.9563,2.5336,0.9388,3.8919,2353079.3132,2353079.3132
000862.SZ,20260415,5.3015,0.78,129.0281,1.3383,4.3812,,573721.685,392479.43
300048.SZ,20260415,2.2604,1.03,123.3609,4.2001,1.027,,764985.608,763417.6483
002976.SZ,20260415,5.4637,1.44,532.6152,2.8734,1.9947,,420808.6312,187396.58
300030.SZ,20260415,2.8147,0.87,163.8458,3.8378,4.896,,238074.2326,209615.2135
920187.BJ,20260415,2.3688,0.69,15.2216,1.7954,2.3108,,224452.8,82347.1497
300387.SZ,20260415,2.0363,0.66,29.789,1.6524,1.8562,0.8255,245120.3513,245035.235
603687.SH,20260415,3.8245,0.24,86.6878,3.0445,4.4917,0.3213,992257.4827,992257.4827
002722.SZ,20260415,0.862,0.92,22.8182,1.1327,1.4018,1.4626,323773.6466,323751.8066
301297.SZ,20260415,0.813,0.77,107.708,5.0114,10.9381,0.4584,2587779.2162,1263888.6334
002111.SZ,20260415,1.2489,0.96,74.2925,1.8224,1.7309,1.7163,538394.5157,494615.9472
600229.SH,20260415,0.4827,0.86,,1.2421,1.8517,1.1765,393121.1315,393121.1315
920351.BJ,20260415,4.6632,0.89,78.9737,3.4585,0.7803,0.5817,151332.9196,68485.5445
688099.SH,20260415,2.143,0.92,39.1599,4.6537,5.0324,,3418601.2807,3418601.2807
300352.SZ,20260415,4.0184,0.77,,8.2483,39.8709,,1016326.685,894904.2283
600248.SH,20260415,0.3023,0.96,11.5782,0.4439,0.0939,2.6239,1282729.2031,1271068.5751
605066.SH,20260415,2.0921,1.09,33.7299,2.3183,1.4334,3.0601,413895.1025,411995.1625
301502.SZ,20260415,16.1053,5.19,75.6529,3.0075,5.8231,0.7991,250025.73,103311.06
003018.SZ,20260415,7.8318,1.21,91.7239,5.7806,12.1729,0.8429,925340.0,844862.1125
301601.SZ,20260415,0.9462,0.68,77.4394,2.5446,6.2608,0.7829,322963.52,194219.52
603556.SH,20260415,1.2127,1.52,18.8765,2.4133,3.8058,1.8978,1779726.8622,1779726.8622
002727.SZ,20260415,2.0713,1.52,82.4279,1.0164,0.4271,3.8599,743717.2388,504586.7899
002959.SZ,20260415,0.8826,0.5,16.995,2.2847,1.2756,2.3219,667123.3077,644369.6771
688435.SH,20260415,3.5769,1.13,,3.2139,18.693,,352370.0,236523.193
001270.SZ,20260415,1.2415,0.44,323.2743,19.927,70.3365,,2934457.8455,2897223.25
002159.SZ,20260415,3.1587,0.74,21.6824,2.1269,4.8686,1.4261,310809.2227,242742.4029
688127.SH,20260415,2.2647,0.93,67.9383,12.0674,17.1976,0.3053,2641582.2316,2641582.2316
603192.SH,20260415,0.7188,0.93,31.7982,1.8299,1.6091,1.3351,396479.3485,330253.9203
603893.SH,20260415,2.0576,1.01,69.0139,16.8529,16.3039,0.557,7177115.9408,7175104.2768
688257.SH,20260415,3.9122,1.17,83.2923,7.9841,7.5565,0.338,1883724.6654,1883724.6654
300340.SZ,20260415,2.5672,1.02,,35.2443,1.4602,,302515.1571,300262.4421
000880.SZ,20260415,5.8075,1.0,53.5633,6.1162,2.1016,0.67,1285788.9845,629318.2896
603199.SH,20260415,3.2947,1.15,19.7516,2.5445,4.7847,1.7904,420362.64,420362.64
301522.SZ,20260415,2.2498,1.26,105.0964,6.3014,4.9037,0.3649,1192204.5344,902221.8344
688189.SH,20260415,3.1125,1.14,,2.7118,14.9644,,212385.6,212385.6
002429.SZ,20260415,2.3756,0.96,37.5737,2.8173,2.5593,1.048,4622006.3597,4619344.0114
000869.SZ,20260415,0.1429,0.75,47.1953,1.2301,3.969,2.0823,1268473.447,878351.2894
001367.SZ,20260415,4.8656,1.11,29.0621,2.6436,7.4192,0.4419,394894.3104,315283.2129
603166.SH,20260415,0.6749,0.74,27.7561,3.3066,4.4202,0.7246,878730.536,872014.001
600156.SH,20260415,2.6444,0.8,,8.1992,3.86,0.1307,307614.687,307614.687
002549.SZ,20260415,3.9684,0.63,219.7762,6.3886,20.4966,,1321161.0119,1315483.0994
002373.SZ,20260415,1.1018,0.82,,1.3237,2.1287,0.2087,1510659.9335,1316979.9845
603860.SH,20260415,1.9219,0.95,45.4635,2.4678,7.5542,0.5381,207308.12,207308.12
002003.SZ,20260415,0.5783,1.22,18.3066,2.5755,2.4538,3.9805,1174622.9772,1009835.6576
603230.SH,20260415,1.9056,0.41,22.5708,1.4249,2.6057,4.3011,394531.668,394531.668
301289.SZ,20260415,0.9749,1.26,49.4993,4.3716,12.9616,0.7402,432042.0,429277.4851
000920.SZ,20260415,0.9942,0.75,25.2225,2.7909,2.7528,1.7587,556275.0559,556248.5734
300019.SZ,20260415,1.7392,0.52,27.8211,2.8604,2.0655,1.5221,774833.0157,726530.1247
300024.SZ,20260415,0.9555,0.83,,5.4122,5.9217,,2324945.6258,2286791.4524
920061.BJ,20260415,1.3436,0.43,350.8868,5.8679,17.0566,0.6134,163878.85,91128.586
300772.SZ,20260415,6.7065,1.85,36.966,1.8793,0.4274,0.3757,1256595.7849,1114507.2118
600392.SH,20260415,3.6186,0.74,47.7304,3.2567,3.1687,0.6107,4304942.0559,4304942.0559
600475.SH,20260415,1.3578,1.14,28.6474,1.89,1.9024,2.6194,1625141.7393,1602905.7393
688543.SH,20260415,5.3341,0.99,59.8764,6.1154,10.4696,1.0608,1476513.138,819851.538
000898.SZ,20260415,0.3658,0.75,,0.4975,0.2273,,2183028.5531,1854091.6769
600546.SH,20260415,1.2532,0.84,19.102,1.4381,1.0272,5.8081,2355157.8943,2355157.8943
301231.SZ,20260415,4.5603,0.62,,3.0833,8.0842,,259276.8,201004.032
301551.SZ,20260415,1.8367,0.48,40.7948,4.9051,19.5821,2.2858,1181229.53,456397.1352
600961.SH,20260415,2.463,1.15,18.421,5.3432,0.9141,,1957992.683,1372057.6264
603596.SH,20260415,1.5453,0.96,21.2139,3.559,2.3121,0.7619,2777826.9523,2777826.9523
301137.SZ,20260415,3.3532,1.17,213.399,5.7982,4.4906,0.2043,801069.8404,801069.8404
605122.SH,20260415,1.2142,1.09,,1.0926,1.883,,219234.288,219234.288
301012.SZ,20260415,6.1646,1.47,115.5959,5.097,4.2116,0.3361,594425.7689,594425.7689
600828.SH,20260415,0.9448,1.1,,1.325,3.7756,,893702.9937,893381.8534
600165.SH,20260415,1.2835,0.95,,,12.0494,,588181.6941,266780.5671
000682.SZ,20260415,3.5803,1.84,19.1261,2.9497,2.0821,0.6303,1744285.8361,1744064.5776
920110.BJ,20260415,0.5093,0.46,29.4263,3.5958,6.6103,2.9308,133068.0,55407.468
301141.SZ,20260415,5.7926,0.53,164.0668,5.0747,9.1124,0.1912,648690.5242,232800.9242
300886.SZ,20260415,3.2729,1.17,70.4789,3.5317,5.6821,0.5457,205170.914,119721.8009
600050.SH,20260415,0.3851,0.98,15.6551,0.8475,0.3643,3.7921,14287842.3744,14162616.9825
300149.SZ,20260415,12.8533,1.42,,4.604,5.4013,,577140.2667,550006.8911
002197.SZ,20260415,7.045,1.68,,2.3478,6.0494,,486575.439,422928.0095
688270.SH,20260415,10.3491,1.28,274.0101,16.1933,84.5639,,3650650.038,3650650.038
300093.SZ,20260415,1.4257,0.79,50.7646,5.1386,34.2442,,1030860.0,440936.5343
600026.SH,20260415,1.922,0.7,30.3495,2.6404,5.1284,0.7806,12253025.121,7790448.6776
002145.SZ,20260415,0.8467,0.88,40.1355,1.4414,2.3224,,1739649.1876,1704094.9103
300310.SZ,20260415,3.4192,0.85,496.0349,2.8464,2.1668,,543101.6551,425885.5487
600338.SH,20260415,10.5578,1.73,38.8453,3.9842,7.952,0.2896,1736085.109,1736085.109
300255.SZ,20260415,3.1592,0.95,,27.1807,44.4373,,4123826.1596,4117701.4046
002116.SZ,20260415,1.2303,1.04,14.1196,1.7457,0.6945,2.9793,483960.0169,478667.2595
000959.SZ,20260415,0.8269,0.8,29.6007,0.7167,0.3489,0.4733,3613814.7944,3472449.0503
000027.SZ,20260415,0.4126,0.61,17.2069,0.9692,0.7339,2.2489,3173179.074,3173179.074
688685.SH,20260415,2.3301,0.81,107.3374,7.1363,10.3981,0.3807,599742.208,599742.208
688191.SH,20260415,1.7038,0.77,143.8578,10.6065,7.7595,1.0925,923590.0252,923590.0252
603976.SH,20260415,1.3367,1.57,173.2455,2.5947,4.7093,1.2166,305734.0816,305734.0816
688063.SH,20260415,5.8367,1.18,211.5107,1.947,5.6644,0.601,1792103.9547,1792103.9547
002217.SZ,20260415,2.4194,0.5,793.2556,9.6297,10.697,,1802535.1416,1754316.6962
920689.BJ,20260415,1.6727,0.86,37.0319,4.1271,3.4656,1.443,203464.8,105143.6703
000532.SZ,20260415,1.6966,0.88,28.7885,2.8902,9.5112,0.4396,470526.8841,468945.4033
002326.SZ,20260415,6.1888,1.31,,8.3738,4.3198,,2280439.6227,1992112.0385
002808.SZ,20260415,3.2831,1.37,,4.9045,5.6021,,127948.8,78542.8217
603903.SH,20260415,1.5943,0.64,,1.9369,2.8251,,302808.9033,302808.9033
300086.SZ,20260415,11.8218,1.11,,3.4469,8.3104,,361823.9067,350342.605
600298.SH,20260415,0.4285,0.76,22.7883,2.9274,2.1038,1.3567,3519450.7609,3475745.1599
600509.SH,20260415,1.8416,0.84,84.7388,1.4037,1.2907,0.6927,1091271.5412,1091271.5412
920020.BJ,20260415,1.0077,0.93,19.9921,3.0028,1.3457,,347315.08,85075.7911
002224.SZ,20260415,1.7631,0.83,399.461,1.2051,3.822,0.6928,390616.3683,349162.6998
002613.SZ,20260415,4.6423,1.42,,1.9098,2.764,0.7916,417115.5343,292685.2279
300711.SZ,20260415,2.5539,1.69,73.1424,4.5355,9.4319,0.7111,700803.6464,620815.8093
003007.SZ,20260415,7.2897,0.59,172.8287,5.6504,10.9076,0.1463,451571.7,318821.6657
603337.SH,20260415,0.4514,0.99,21.5987,3.8503,2.9729,1.2053,1888972.3548,1878321.5718
300673.SZ,20260415,3.4384,1.98,28.3794,2.1686,2.8076,2.1175,400140.8734,259581.2897
603009.SH,20260415,2.2683,1.19,167.0305,8.5801,7.5723,0.1667,1725367.6685,1685615.0796
600662.SH,20260415,0.3854,0.78,10.4684,2.2951,0.4639,4.7338,1157712.8891,1154170.8538
920069.BJ,20260415,13.0746,1.09,21.743,2.5443,5.1074,,195199.746,54515.0644
002562.SZ,20260415,2.959,0.99,61.3523,1.8292,1.8869,,673122.1091,413200.4532
300459.SZ,20260415,1.8476,0.76,,6.8976,14.8754,,1444998.2959,1351036.5096
002180.SZ,20260415,2.8768,3.59,,2.734,1.4981,,2474069.326,2366900.2465
300833.SZ,20260415,1.4952,1.29,23.6833,1.7388,3.9433,3.9098,420580.9125,270174.4378
600218.SH,20260415,1.8309,0.41,65.0076,1.2934,0.9529,0.8316,419047.1221,419047.1221
601106.SH,20260415,1.0543,1.38,,5.3964,2.9816,,2845979.9147,2845979.9147
002598.SZ,20260415,3.3871,0.4,80.1516,2.0728,1.2549,1.2269,254322.759,233521.5515
688197.SH,20260415,4.1637,1.91,,9.1373,717.036,,621498.1344,267476.4019
688478.SH,20260415,5.1519,0.76,,3.3377,22.196,0.6794,504344.4199,376927.5036
600785.SH,20260415,3.3864,0.95,29.9464,1.7556,0.6594,1.9752,399818.6282,399818.6282
603123.SH,20260415,6.1504,0.47,,6.0646,4.3381,,1006408.1979,821867.6957
600633.SH,20260415,1.2889,0.69,28.103,1.5703,5.2225,1.8913,1609186.505,1609186.505
003038.SZ,20260415,7.4813,1.47,98.1509,1.274,0.4463,,382302.1713,256102.5119
301301.SZ,20260415,2.3994,1.0,30.3044,2.8833,5.0483,2.5803,2330438.825,645581.7793
688292.SH,20260415,1.5125,0.8,,3.7965,10.0162,0.488,385104.3035,385104.3035
603912.SH,20260415,5.1339,0.74,,3.1561,7.4392,0.7889,549434.672,549434.672
688276.SH,20260415,0.4376,1.26,,1.9426,12.6094,0.9368,746238.3068,746238.3068
002901.SZ,20260415,0.8603,1.42,33.7439,5.4771,7.3613,1.1125,1827482.0995,1273334.8208
002544.SZ,20260415,2.1635,1.18,1728.8862,4.8577,3.8576,0.0311,1814983.8846,1814810.9457
603330.SH,20260415,1.0241,0.95,,1.8965,2.8765,,289458.6712,289458.6712
688811.SH,20260415,56.7662,,144.1669,6.3213,17.2861,,993313.7379,182409.6721
605286.SH,20260415,1.8271,0.55,37.3226,3.4506,3.457,0.4078,741552.0,741552.0
603291.SH,20260415,0.8526,0.87,60.4912,2.7773,4.21,1.2898,492205.5625,492205.5625
000779.SZ,20260415,1.3388,1.0,20.8604,1.029,2.0051,0.9174,405331.2821,405283.575
301024.SZ,20260415,3.156,0.71,,6.3387,18.4456,,253449.81,245378.16
300063.SZ,20260415,7.8627,0.59,70.1698,5.1508,1.2897,,895820.5642,739960.7972
002864.SZ,20260415,4.6216,1.09,28.4696,2.0373,3.1234,1.0805,343074.9389,239487.67
300055.SZ,20260415,4.6389,0.89,187.528,2.0131,3.9608,0.1207,1040079.7603,786631.7346
603983.SH,20260415,0.3653,0.68,40.0612,2.9734,2.8632,3.0364,990470.0,990470.0
688517.SH,20260415,4.8598,0.82,35.7773,3.5447,3.9779,2.5671,290576.2424,290576.2424
300494.SZ,20260415,2.2341,0.84,,3.9583,4.6672,,569972.7083,462880.455
300010.SZ,20260415,1.6252,0.71,106.4533,7.0469,12.8733,,1256500.4967,1011306.2099
688286.SH,20260415,2.8352,1.3,104.6717,3.6547,6.3106,,391577.5074,391577.5074
603179.SH,20260415,3.7794,1.5,40.9267,4.5003,2.1488,0.4382,3335817.8383,3335817.8383
002414.SZ,20260415,2.8182,1.9,81.4075,7.9335,12.0942,,5586122.8293,4445385.0597
002021.SZ,20260415,3.4272,1.31,,5.7649,4.3106,,358643.1969,358631.3673
002755.SZ,20260415,2.5828,1.12,58.4552,4.6801,8.2093,0.7426,1499907.1272,1499892.9468
300278.SZ,20260415,1.2483,1.08,533.0724,3.6824,2.7133,,637662.8151,635659.7762
688069.SH,20260415,1.4169,0.63,39.0711,3.0141,6.8303,1.1125,392223.0,392223.0
688695.SH,20260415,1.9366,1.12,,2.6035,12.8905,0.587,202847.5365,127348.215
688601.SH,20260415,4.6127,0.77,189.2799,5.6191,9.1335,0.7566,701886.675,701886.675
603315.SH,20260415,4.0826,0.52,103.5719,2.8879,4.1535,0.5422,490480.7502,490480.7502
688299.SH,20260415,1.5682,0.85,,2.6538,4.7772,,515582.8518,515582.8518
300975.SZ,20260415,7.6455,0.69,86.6306,6.0352,1.7026,0.0597,1374698.2136,984638.6513
300941.SZ,20260415,2.1136,0.83,96.0484,3.2112,17.7829,0.6294,409500.0,212576.198
920896.BJ,20260415,0.8683,0.68,27.5794,3.8337,3.825,1.7773,170866.5171,74782.9323
600426.SH,20260415,2.0661,1.53,22.7656,2.2817,2.4373,1.5444,7547928.5834,7546933.1763
002942.SZ,20260415,0.8755,0.75,34.6169,2.4401,2.8748,1.5584,300026.5153,264126.9265
002040.SZ,20260415,1.2397,0.67,26.9043,1.4311,4.6383,0.9491,488434.932,486561.5204
688185.SH,20260415,2.4395,1.2,631.4203,3.5528,16.4803,,1759940.0383,814792.5467
300006.SZ,20260415,8.5219,0.89,,3.7344,8.4534,,655720.8583,655664.7777
300694.SZ,20260415,1.8103,0.98,83.2276,1.8704,1.8698,0.6602,260918.592,260918.592
002822.SZ,20260415,1.5593,0.84,,4.8711,6.3916,,670800.0,367717.5936
688165.SH,20260415,1.2282,1.02,,7.3696,9.6281,,897461.6,897461.6
600791.SH,20260415,6.0789,0.72,,13.625,1.3367,,537568.56,536896.3572
688565.SH,20260415,1.58,0.88,195.261,3.7957,6.6364,,188809.53,188809.53
002721.SZ,20260415,1.7637,1.54,,3.9268,12.3217,,805791.7203,805791.7203
603583.SH,20260415,0.7978,0.88,34.67,2.7047,3.1046,0.8995,1278830.7158,1267148.6558
600108.SH,20260415,3.4872,0.91,90.471,1.9901,1.9852,0.1247,858589.5684,858589.5684
600583.SH,20260415,1.0765,0.57,15.0388,1.1795,1.154,2.835,3134740.5532,3134740.5532
603308.SH,20260415,2.9955,0.94,124.8836,8.9943,16.2052,0.1077,4414448.473,4414448.473
688135.SH,20260415,12.8276,1.26,,5.0526,12.8389,,793952.023,793952.023
300626.SZ,20260415,7.0403,0.78,,8.9133,5.8642,,471600.0,471341.9955
688583.SH,20260415,5.3926,1.17,115.7234,9.3969,29.8188,0.4585,1105000.0,385043.025
600523.SH,20260415,1.1159,1.42,29.806,1.7908,2.2754,0.9296,574122.0744,573743.3604
603895.SH,20260415,2.0433,1.3,,15.9867,6.9335,,309757.28,309757.28
002602.SZ,20260415,1.7764,1.03,32.809,4.2668,3.6022,,12360634.254,11398289.9925
002631.SZ,20260415,3.1414,0.9,,2.6319,4.69,,575638.2401,572959.2381
301091.SZ,20260415,1.1249,1.25,126.6523,4.7929,9.3995,0.1823,1134706.56,1134706.56
600058.SH,20260415,1.1598,1.39,612.7183,2.3983,0.2216,,1170526.4964,1170526.4964
002015.SZ,20260415,12.5122,1.39,44.7823,2.3419,2.8387,0.5473,2889517.8129,2889517.8129
688200.SH,20260415,1.5683,0.9,72.0053,9.4986,28.7894,0.2617,3876250.235,3876250.235
301261.SZ,20260415,3.1572,0.94,130.1485,4.3713,6.23,0.7836,672975.2308,287009.7889
002643.SZ,20260415,1.3102,0.88,59.3871,2.1117,4.0461,0.6118,1520113.8436,1497609.8038
001211.SZ,20260415,5.7712,0.56,98.1314,2.5783,1.4627,0.6731,222840.0,207354.3996
002466.SZ,20260415,4.9644,1.08,227.9294,2.345,10.1916,,10544593.9949,9119196.567
603005.SH,20260415,5.6136,1.11,52.3336,4.1976,13.1241,0.2829,1934341.28,1934341.28
002956.SZ,20260415,1.6882,1.24,35.649,3.803,2.7333,1.523,612142.9587,612081.0333
600975.SH,20260415,2.1493,1.31,289.803,2.393,1.0082,,722304.4857,722304.4857
000710.SZ,20260415,1.7443,0.79,,2.2417,3.8577,,363066.5446,338427.2309
300147.SZ,20260415,2.9577,0.83,,9.3945,4.4235,,650698.5803,646879.9794
603380.SH,20260415,2.2356,1.79,26.5878,3.8458,2.5234,2.7263,588498.3216,588498.3216
002753.SZ,20260415,3.2813,1.25,39.5942,1.164,0.7857,1.7952,309504.3189,175309.103
002655.SZ,20260415,10.4311,0.71,94.4898,10.4983,5.7176,0.1367,790010.3997,789794.4465
600585.SH,20260415,0.552,0.95,14.7292,0.621,1.4479,4.2129,11949927.3156,9019329.3156
300451.SZ,20260415,2.3955,1.57,,1.7654,6.7313,,707949.9842,697699.0529
301358.SZ,20260415,3.414,1.09,91.1611,4.0091,2.2775,0.1743,6820092.3106,6145619.6654
605369.SH,20260415,0.3843,1.02,38.4458,2.2896,3.4949,1.6012,392918.4351,392918.4351
002364.SZ,20260415,27.7941,5.37,254.1908,10.1107,11.112,0.2297,2445871.9264,2422170.3184
300747.SZ,20260415,4.2363,0.72,109.1849,5.5462,5.2403,0.1549,1816776.0,1647500.2319
300243.SZ,20260415,24.7406,2.12,84.8769,3.4637,1.9056,0.3258,384359.5189,298618.9519
688106.SH,20260415,9.7289,1.09,105.374,4.1507,5.0067,0.3432,1390142.7211,1390142.7211
920300.BJ,20260415,3.8505,1.52,,6.1816,11.5017,,103445.7868,80170.6455
001379.SZ,20260415,2.7165,1.11,52.1178,2.8863,2.1357,0.9328,428800.0,144289.056
000426.SZ,20260415,4.6885,1.51,48.8662,8.5056,15.3541,0.1596,7789713.987,7787826.3706
688235.SH,20260415,5.2947,2.11,268.4851,12.7998,10.2597,,39217891.9992,2927005.8144
002085.SZ,20260415,1.1544,0.97,36.8722,4.0885,1.8513,1.4065,3019329.0734,3019329.0734
600600.SH,20260415,0.4461,0.63,18.4347,2.7596,2.6046,3.5484,8458009.7502,4396580.8466
000568.SZ,20260415,0.4964,1.06,12.0027,3.1825,5.0547,5.7717,15174249.6966,15167182.1967
605388.SH,20260415,6.5838,4.72,,2.5655,3.1978,1.0648,440154.772,440154.772
605255.SH,20260415,2.664,1.18,465.9431,19.0216,45.9021,0.199,1515774.4,1515774.4
603618.SH,20260415,11.7719,0.87,,5.5113,1.6081,0.2775,1494754.0818,1494754.0818
600790.SH,20260415,0.3407,0.8,64.6669,0.9311,5.6055,3.0209,539411.0615,539411.0615
603817.SH,20260415,2.3165,0.75,19.212,1.2956,3.0506,0.8345,409890.424,409890.424
002620.SZ,20260415,6.4262,0.6,,,6.841,,359374.288,300223.0085
603228.SH,20260415,2.9589,1.04,48.3301,4.5509,3.8864,1.2572,5949285.8582,5894544.4909
600100.SH,20260415,1.427,1.07,68.8892,1.6854,1.7163,,2723792.0407,2723792.0407
600162.SH,20260415,2.063,1.47,,1.0292,4.0967,0.6042,591587.3001,591587.3001
920195.BJ,20260415,0.7161,0.8,16.9805,2.2644,1.6579,1.0433,187923.51,135644.9742
002889.SZ,20260415,0.519,0.77,32.9055,2.0132,1.3024,0.4007,504941.4101,335967.4474
000012.SZ,20260415,0.6588,0.72,,1.0346,0.9728,1.5328,1366068.4961,879733.1525
301121.SZ,20260415,1.939,0.64,95.1369,2.196,2.8619,0.3838,365063.4546,186885.5255
301056.SZ,20260415,1.2196,0.71,54.1395,5.1328,6.7582,4.0678,393510.3338,259593.8493
600278.SH,20260415,0.613,0.75,30.2102,0.821,0.1756,1.4327,629523.0322,629523.0322
601098.SH,20260415,0.3842,0.63,12.4946,1.2317,1.5806,4.9594,1991764.0,1991764.0
000897.SZ,20260415,2.5731,1.33,22.0766,1.1159,2.3109,4.4811,342861.7136,342855.2264
600567.SH,20260415,0.8332,0.71,,0.6029,0.3399,,977655.2624,977655.2624
920475.BJ,20260415,0.9666,0.76,,3.7739,7.4202,0.3834,131782.24,73282.7475
301280.SZ,20260415,5.744,1.2,40.4297,4.407,4.8037,1.3876,844890.9248,247868.4323
920023.BJ,20260415,2.8027,1.0,84.573,0.8284,1.8594,,99827.72,81986.6017
301139.SZ,20260415,11.649,1.9,164.9632,1.1225,1.9555,0.1941,219210.1824,137329.3678
688785.SH,20260415,6.9274,1.57,181.8336,9.5111,39.2229,,2079795.8554,390993.8688
301218.SZ,20260415,3.7774,0.82,,4.3581,6.3113,0.0713,400052.32,245801.4767
920866.BJ,20260415,0.8693,0.77,41.8748,1.7441,2.7053,1.9781,134253.3955,85013.6628
002484.SZ,20260415,9.9496,1.5,42.8544,4.6117,5.2713,0.7592,2890930.8755,2788785.2287
601375.SH,20260415,0.5475,0.47,41.2526,1.3072,9.5793,0.6173,1880368.3035,1396245.4785
301575.SZ,20260415,3.2147,1.07,30.6052,2.8546,3.5326,,391921.74,78721.3998
688082.SH,20260415,0.8589,1.01,53.6601,5.5611,11.038,0.3848,7490570.7084,7409705.7216
920015.BJ,20260415,3.6844,0.86,27.6995,3.217,5.2254,,539419.768,159209.4988
002462.SZ,20260415,1.4506,1.04,38.1335,0.976,0.2175,1.1676,424725.5667,424380.9301
603659.SH,20260415,3.5541,1.07,31.597,3.6479,4.7443,0.48,7453896.3762,7453896.3762
300499.SZ,20260415,14.135,0.91,8027.9475,9.0583,13.6691,,1253961.1009,1114926.1367
688026.SH,20260415,1.0361,1.12,47.2221,2.0562,4.027,0.4413,227671.1006,227598.3993
301181.SZ,20260415,4.6204,0.6,44.2065,3.8035,9.8811,1.4843,544891.2287,425294.6477
920679.BJ,20260415,0.4072,0.63,50.7383,1.96,8.8041,2.0362,98742.8,65725.4
300943.SZ,20260415,17.2622,1.62,114.8743,6.3852,12.4552,0.3868,632249.64,416723.5703
688179.SH,20260415,4.5868,1.35,60.7277,5.7444,9.1516,0.8086,628226.9449,628226.9449
300858.SZ,20260415,15.8315,1.89,56.5444,3.0775,15.9911,0.7032,562035.0867,417513.7442
002605.SZ,20260415,1.3066,0.79,17.2746,2.3702,3.3685,2.3859,872502.4085,704539.6997
300887.SZ,20260415,2.7028,1.01,,1.894,4.0253,,543554.2641,360748.4311
600076.SH,20260415,1.0682,0.68,,1.2523,12.3586,,477312.8953,477312.8953
300277.SZ,20260415,3.5496,0.74,3186.2803,2.4623,127.3393,0.0237,2825434.6772,1426227.7839
002204.SZ,20260415,1.0045,0.57,22.1254,1.6621,0.8398,0.7344,1301743.4016,1301743.4016
300366.SZ,20260415,1.1494,0.81,,2.0761,2.3247,,340242.644,297081.3944
601390.SH,20260415,0.7008,0.96,5.7047,0.4103,0.1197,4.9233,13059011.4004,10833302.0904
603225.SH,20260415,1.0707,0.76,24.2907,1.4849,0.4281,1.1318,2972518.9782,2956662.945
300551.SZ,20260415,2.7322,0.91,,10.6903,24.6067,,467926.4665,466564.2526
000890.SZ,20260415,23.0748,1.04,,,21.6304,,535287.0632,535270.5747
920433.BJ,20260415,1.6388,0.64,,3.4896,9.9564,1.1561,132822.3144,87875.2095
003015.SZ,20260415,8.3849,2.41,43.9834,4.0595,6.8902,1.2015,459825.0672,404624.109
301082.SZ,20260415,2.7581,1.36,108.4974,3.8593,1.7279,0.5643,401019.8563,370758.2375
603307.SH,20260415,0.6881,1.14,22.3082,1.9243,3.0802,2.5217,269176.458,264918.0
920729.BJ,20260415,1.2414,0.64,54.8581,3.2966,9.3425,1.5971,222506.9,62535.5834
688028.SH,20260415,6.9879,1.25,156.2691,7.4386,19.595,0.3477,1476885.016,1476885.016
002319.SZ,20260415,2.8256,0.73,,12.8565,5.8714,,233561.8487,223000.0
603032.SH,20260415,8.3021,2.35,110.3739,4.1193,8.4139,0.2784,469719.9836,466569.3626
600549.SH,20260415,3.7799,1.1,38.642,5.1925,1.9217,1.0738,8930170.2713,8740867.3875
600917.SH,20260415,0.2748,0.65,32.5557,1.4725,0.8095,1.5242,839839.3909,839839.3909
000683.SZ,20260415,0.749,0.65,29.8428,2.1947,2.7616,3.4983,3189041.4785,2873452.3157
301446.SZ,20260415,3.0383,0.92,44.0894,3.2683,7.1847,0.5392,385736.0,117842.348
920045.BJ,20260415,6.8272,0.62,99.5035,30.0249,13.5555,,3003316.6978,888026.8442
000544.SZ,20260415,0.416,0.76,7.4338,0.8775,1.4427,3.1707,799241.2802,799241.2802
000681.SZ,20260415,2.6441,0.7,172.7238,3.9687,18.4218,0.1171,1434082.0115,1384048.433
600210.SH,20260415,0.7796,0.7,8.4903,1.5877,0.9393,4.298,1058681.8383,1058681.8383
920363.BJ,20260415,2.2498,1.35,316.2489,4.4867,8.1266,,157874.3,84502.1488
600137.SH,20260415,2.0666,0.53,74.2977,3.7602,5.3376,0.8861,204059.7172,204059.7172
300250.SZ,20260415,2.7154,0.86,,8.7845,19.4268,,456782.6366,336269.8724
600909.SH,20260415,0.7158,0.57,13.6309,1.1233,5.6701,2.2791,2873847.707,2873847.707
688610.SH,20260415,7.3665,0.99,120.0171,5.0639,17.4359,0.1771,767720.0,462128.6927
603017.SH,20260415,6.1269,0.7,89.2653,2.549,3.0458,1.5005,363466.4256,363466.4256
300194.SZ,20260415,3.3433,1.52,35.4872,1.1517,2.9959,1.6241,512766.0366,417356.3571
300350.SZ,20260415,2.7594,1.04,,3.1997,7.6525,,295618.4588,248043.4093
000639.SZ,20260415,5.9499,0.92,,0.814,0.5067,,236394.7528,236394.4631
300152.SZ,20260415,2.4629,0.72,,6.4469,9.7632,,151826.4,151787.7245
600302.SH,20260415,3.122,0.74,,6.647,10.937,,394451.1766,394451.1766
300448.SZ,20260415,4.8409,1.04,,3.6054,16.0883,0.4981,442442.1697,303811.7263
002383.SZ,20260415,1.5345,1.11,,4.1988,5.6239,,710745.8928,710745.8928
603681.SH,20260415,3.1117,0.93,27.0105,1.296,0.5977,0.6955,399407.7771,399407.7771
300426.SZ,20260415,1.2463,0.71,,29.9675,29.1744,,330580.9825,293600.0
688045.SH,20260415,2.5944,1.11,284.3438,2.4213,5.0236,,343357.0515,343357.0515
920946.BJ,20260415,0.8715,1.22,33.1279,3.4448,7.8882,1.3712,435883.6251,435749.6189
300787.SZ,20260415,1.7695,0.92,33.665,2.5366,1.2457,1.3661,382388.2844,239769.8537
002296.SZ,20260415,2.2083,0.78,14.6087,1.8408,3.2149,1.7621,442173.7767,394316.5289
300406.SZ,20260415,0.7286,1.16,16.433,1.9138,4.9498,7.4044,709433.4399,513430.1173
300625.SZ,20260415,1.0742,1.0,,1.6317,1.6917,2.584,324303.291,188049.2087
688448.SH,20260415,2.9855,1.7,436.3179,4.2954,11.8315,0.4924,435645.984,435645.984
688595.SH,20260415,2.4624,0.79,,6.9771,5.5783,,473347.1738,473347.1738
600618.SH,20260415,0.7932,0.66,18.4338,1.6134,1.8605,1.6601,1462845.9696,948547.5696
688778.SH,20260415,1.7487,1.4,50.6764,4.1621,1.9096,0.702,3825558.4091,3825558.4091
605169.SH,20260415,0.7329,0.64,33.9894,1.7511,1.1103,2.0256,342001.92,342001.92
688366.SH,20260415,0.1842,0.79,35.8245,1.6585,3.6362,2.5271,899225.2995,758742.7531
000670.SZ,20260415,8.5629,0.91,,149.4816,1.4233,,675780.204,657490.284
301608.SZ,20260415,1.8951,1.11,34.4803,3.609,4.6881,0.9826,763267.23,342540.9356
000800.SZ,20260415,0.4256,0.75,47.9532,1.3125,0.5543,0.7082,3474424.3684,3474111.7572
601065.SH,20260415,0.7255,0.7,17.9235,1.2144,2.2707,2.6316,537360.802,347990.082
002501.SZ,20260415,1.6838,0.93,,24.2361,21.8195,,639000.0,638364.4571
300540.SZ,20260415,1.9518,1.03,76.5311,4.0609,6.4717,0.1783,459806.8973,414074.5896
603856.SH,20260415,0.7136,0.71,20.405,1.3185,1.7648,1.7168,356518.8598,356518.8598
301090.SZ,20260415,0.4757,0.67,,1.8234,0.7799,,1144102.528,1142909.3435
002152.SZ,20260415,0.6707,0.68,34.4444,2.3751,2.4597,3.0988,2965159.1802,2963667.6533
002369.SZ,20260415,1.8337,0.86,,13.0777,2.3412,,405373.7402,404844.016
688109.SH,20260415,1.4416,1.39,203.3263,11.942,21.9813,0.5504,961560.6908,961560.6908
600679.SH,20260415,0.8635,1.0,,2.7575,2.6882,,590011.9243,393529.9243
603260.SH,20260415,0.8012,0.71,,1.6154,2.4021,1.0203,5170973.1599,5170973.1599
300970.SZ,20260415,7.5843,0.74,972.5207,2.4328,3.2224,,375183.846,291116.5547
601339.SH,20260415,2.1216,2.05,21.207,1.265,1.5289,5.2972,1160666.406,1160666.406
002019.SZ,20260415,4.0451,1.46,37.9213,1.7493,2.957,0.7874,1544815.408,1068672.0816
301633.SZ,20260415,1.4719,0.91,43.5086,3.7971,5.8852,1.6051,346886.4,158931.2997
600439.SH,20260415,0.9598,0.91,,1.0698,2.2258,,281864.3746,281864.3746
002304.SZ,20260415,0.2755,1.1,36.7717,1.5671,3.9129,4.5863,7610560.5138,7610380.9152
300771.SZ,20260415,2.5098,0.97,40.2296,1.6791,5.5496,1.0589,332880.0,247680.88
688639.SH,20260415,1.3354,0.7,53.4942,2.6763,2.4751,0.881,708327.6426,708327.6426
920478.BJ,20260415,11.1059,1.52,26.1779,2.5612,4.58,1.7068,131758.3638,79079.8705
002559.SZ,20260415,4.5161,0.95,75.8666,3.226,2.6521,0.7144,570656.0949,523225.9668
600421.SH,20260415,3.1097,1.59,,186.5781,7.6885,,115012.8,115012.8
002897.SZ,20260415,7.9983,1.14,79.3401,4.6808,2.0353,0.151,1285429.0145,1209479.1622
300150.SZ,20260415,1.5444,0.77,72.792,1.9911,3.5943,,313616.8444,246679.6524
603101.SH,20260415,5.7432,1.73,49.3066,3.1811,1.7956,1.599,436531.2,436531.2
002095.SZ,20260415,0.8694,0.84,,4.7196,7.061,0.3023,417998.88,416325.7184
301237.SZ,20260415,1.801,1.0,,4.078,7.8709,0.1668,468640.0,341228.5
600879.SH,20260415,7.4699,1.9,337.2335,3.6695,5.5028,0.2155,7654374.4549,7654374.4549
300461.SZ,20260415,9.0828,1.08,,18.059,53.6698,,960401.6716,878745.4166
603836.SH,20260415,0.718,0.92,77.1774,1.4788,0.2848,1.1566,261880.1624,261880.1624
300316.SZ,20260415,3.5124,1.46,64.2826,3.3225,5.0075,0.9195,5687305.2804,5348645.2455
600808.SH,20260415,0.7288,0.58,,1.2532,0.3884,,3010966.3437,2333390.7137
605288.SH,20260415,1.1689,0.88,132.2435,2.6413,4.2837,0.449,586232.6345,582299.975
301449.SZ,20260415,18.6046,1.26,50.6955,4.5537,6.0393,,522913.0491,111556.5267
688391.SH,20260415,0.657,0.9,82.0595,1.8921,6.5303,1.9639,351764.4842,351764.4842
688051.SH,20260415,1.0698,0.97,,4.0597,11.7776,,243215.43,243215.43
601138.SH,20260415,0.9946,1.0,32.5171,6.9004,1.2708,1.6781,114738541.5861,114738541.5861
300813.SZ,20260415,6.3524,0.94,204.5296,4.1922,9.9304,0.7189,337176.2273,211574.0851
600238.SH,20260415,1.5003,0.69,,20.0937,10.7619,,203931.0,202598.5689
601975.SH,20260415,4.1944,0.59,16.1307,1.8179,3.6352,,2115515.7945,2115515.7945
300618.SZ,20260415,6.8505,1.46,52.0888,2.5414,2.1401,0.3255,1420890.2535,1250214.6669
002671.SZ,20260415,1.885,0.66,56.2397,1.621,1.8286,,266969.288,261141.8145
000923.SZ,20260415,1.8355,1.08,23.5049,1.2046,2.3631,2.6385,1236921.3811,1189873.0658
002427.SZ,20260415,2.5316,0.58,233.0542,6.6941,2.7388,,634618.7084,634150.333
601799.SH,20260415,1.6935,1.46,22.7176,3.2369,2.4183,1.1559,3689549.6964,3689549.6964
300357.SZ,20260415,2.6693,1.16,35.3763,5.3465,13.173,0.834,1381214.592,1276961.3728
002639.SZ,20260415,13.7537,0.83,364.7434,6.0514,5.8258,,1516618.0754,1277165.6977
688630.SH,20260415,7.2812,1.1,106.7801,13.4116,21.9861,0.1569,3095906.826,3095906.826
301591.SZ,20260415,5.2568,1.55,49.5619,3.9765,8.3591,1.0623,356332.32,143806.7991
002947.SZ,20260415,8.0048,0.71,33.423,5.7066,6.2212,0.8433,1777836.5825,1336684.0924
603015.SH,20260415,0.9969,1.11,106.1389,3.5333,6.1081,0.4102,492742.961,492742.961
301176.SZ,20260415,5.69,1.12,,3.2752,3.0577,,496886.9343,482153.5539
301059.SZ,20260415,0.9754,0.75,46.426,5.2403,7.3346,1.2184,320148.29,286330.781
600768.SH,20260415,4.4533,0.78,36.3664,4.9584,1.8406,0.3139,213059.2896,213059.2896
300051.SZ,20260415,17.3315,1.8,,36.9857,12.3351,,597088.3925,590120.0041
002028.SZ,20260415,1.9057,0.94,51.7588,10.5604,7.7197,0.2377,16370017.4059,12773251.1134
002965.SZ,20260415,1.8005,0.62,32.5256,1.8975,1.0745,1.3493,809410.095,608235.9075
300635.SZ,20260415,5.3314,1.02,,5.4874,3.1133,,206520.65,177610.9848
300643.SZ,20260415,1.7617,0.77,24.7804,3.2519,3.4905,0.8942,411400.0583,410683.6835
300207.SZ,20260415,6.9544,0.76,32.3581,2.1641,0.8774,0.7161,5376115.7179,4987266.2666
601995.SH,20260415,0.3224,0.57,16.4926,1.6154,5.6694,0.5381,16147174.2235,9779249.4618
603019.SH,20260415,3.4241,1.04,58.3136,5.8,8.3612,0.3849,12917849.2569,12914238.9023
601288.SH,20260415,0.1658,1.78,8.3575,0.879,3.3536,3.5252,243238208.5417,221874726.49
600612.SH,20260415,0.3048,1.11,12.4955,1.6631,0.4151,4.8903,2192909.6667,1329323.569
002248.SZ,20260415,7.5174,2.46,177.9858,41.9385,12.2523,,399436.7844,399436.7844
300376.SZ,20260415,1.3152,1.01,185.1705,2.1424,4.4895,0.3373,1434196.1332,1433699.899
600686.SH,20260415,1.8356,0.46,34.735,3.5149,0.4585,0.5653,1141539.4879,1141539.4879
000623.SZ,20260415,0.6094,0.69,8.5369,0.7227,9.3623,2.6741,2192076.2444,2183145.8794
300045.SZ,20260415,6.8509,1.92,,9.4209,22.771,,1512887.5638,1178742.9808
000518.SZ,20260415,1.188,1.06,,8.8612,9.3049,,318132.8726,318126.5291
600874.SH,20260415,0.5816,0.53,11.1086,0.9337,2.0125,2.7869,957955.0319,750555.0319
688372.SH,20260415,6.3634,1.29,86.4497,6.4718,16.4735,0.1496,2593977.1884,2593977.1884
300825.SZ,20260415,1.6326,1.14,,2.084,3.9952,,435494.8233,426349.352
600067.SH,20260415,1.5425,0.9,,1.0069,0.5353,5.2957,566409.1768,566409.1768
002039.SZ,20260415,3.3555,0.68,14.6336,1.9775,2.673,0.779,878204.3908,878201.926
920273.BJ,20260415,3.387,2.61,34.4807,3.4416,3.1121,1.5992,230071.0758,153135.6298
301186.SZ,20260415,6.0021,1.41,40.5085,3.3537,6.8999,1.1375,527842.5314,495730.9048
688721.SH,20260415,1.8347,0.96,93.8975,4.3457,21.3517,1.0139,526657.5,210996.5103
920579.BJ,20260415,1.7209,0.86,,4.7286,4.8036,0.1825,226978.44,78138.9583
300409.SZ,20260415,8.6002,1.81,36.3455,2.5506,2.4031,0.6688,2074524.2234,1823230.2877
000930.SZ,20260415,1.6707,0.7,128.5841,1.1421,0.6695,,1217826.2118,1217764.3405
002346.SZ,20260415,0.7797,0.84,14.604,2.9008,9.9044,2.4721,836785.4133,745350.9281
600351.SH,20260415,7.3836,1.92,21.2087,1.8142,2.0791,7.3714,472636.0314,472636.0314
300723.SZ,20260415,7.0193,1.73,,9.5714,16.3585,,1675780.1619,1555190.2922
002178.SZ,20260415,1.6544,0.93,,9.8476,9.5716,,429428.2596,429205.2443
003035.SZ,20260415,2.4037,1.61,85.0522,4.2409,8.0122,0.09,2946969.6963,2946969.6963
600803.SH,20260415,0.2712,0.61,13.7353,2.6096,0.4891,5.8165,6429945.6672,6379976.3704
605055.SH,20260415,2.5255,1.29,,4.614,3.1336,0.5424,481800.0,481800.0
603338.SH,20260415,0.6923,0.8,14.2377,2.2584,3.0096,2.0173,2509966.4362,2509966.4362
605111.SH,20260415,2.6219,1.17,39.7678,3.619,8.3395,0.1723,1565388.445,1565388.445
301029.SZ,20260415,2.0143,0.99,34.1669,3.9643,5.9287,1.6924,1686345.0112,1228140.9648
688611.SH,20260415,0.7452,0.92,,9.7361,40.7804,0.26,842722.4624,842722.4624
003022.SZ,20260415,0.8781,0.65,94.4519,3.8821,4.5562,0.2775,2887498.016,2885041.6057
603257.SH,20260415,4.0151,0.68,40.6023,2.7585,2.9153,0.89,674160.0,139888.2
000558.SZ,20260415,1.9989,1.14,,5.4704,11.3478,,573704.6573,573464.6506
300334.SZ,20260415,1.8784,1.01,89.2301,3.5661,9.0366,,216580.8603,216555.3386
688518.SH,20260415,2.4653,0.87,51.4463,2.7124,2.7176,0.5778,886079.9466,886079.9466
301016.SZ,20260415,3.9955,3.63,73.8316,5.088,13.5758,1.7902,522849.6,495917.4783
600661.SH,20260415,0.6874,0.53,,20.7857,2.0782,,279671.6581,279671.6581
920159.BJ,20260415,5.5319,0.65,20.4511,2.7568,1.2536,,294652.0,55828.8
603466.SH,20260415,2.5048,0.75,161.9473,2.6423,3.1832,2.1366,556749.4009,556749.4009
300294.SZ,20260415,0.7056,0.75,83.9383,1.2719,4.5941,1.6525,945970.6325,945970.6325
002595.SZ,20260415,0.3777,0.8,27.0519,5.3834,5.8441,0.4934,6474400.0,6429629.6373
688285.SH,20260415,0.8904,0.85,62.5182,1.9036,2.724,0.2339,321727.8756,321727.8756
600973.SH,20260415,4.034,1.18,,2.761,0.2105,,1009325.5585,1009325.5585
002672.SZ,20260415,0.9674,1.03,,1.9723,1.3556,,468628.46,383770.16
300628.SZ,20260415,1.0423,0.89,17.1947,4.7931,7.4095,5.0882,4470293.3002,2560985.2318
603324.SH,20260415,1.191,0.57,64.7339,2.277,2.9714,0.4812,382785.4714,382785.4714
002975.SZ,20260415,8.6485,0.68,95.2238,6.0883,7.5895,0.2515,1393350.1384,920126.2542
301456.SZ,20260415,1.8217,0.76,65.126,1.9991,7.2049,0.6838,440059.8296,176962.6989
605378.SH,20260415,0.6607,0.72,58.3844,4.2307,3.8419,1.7654,528703.7672,528703.7672
920304.BJ,20260415,0.9126,0.7,35.9454,3.6166,2.835,1.577,205819.132,165655.1948
603090.SH,20260415,6.5043,0.88,81.7986,10.6454,8.8225,0.4452,673900.0,673900.0
600217.SH,20260415,0.59,0.76,,2.0547,1.7675,,631566.0494,631566.0494
002490.SZ,20260415,9.8038,0.7,1371.1174,14.1982,4.0127,,706893.6824,479965.692
300383.SZ,20260415,8.2024,0.82,195.7037,2.5181,4.6275,0.3361,3208703.2319,3201494.1238
688047.SH,20260415,2.0102,1.15,,22.6578,89.4378,,5682170.0,5682170.0
605003.SH,20260415,1.0719,0.96,48.2641,2.1876,5.8385,1.4336,314600.0,314600.0
002550.SZ,20260415,4.8545,1.37,23.8879,3.7312,6.6925,1.4612,1026399.6,754874.6244
600834.SH,20260415,0.4364,0.77,72.6324,2.2651,6.6044,0.4485,393840.0716,393840.0716
920665.BJ,20260415,1.6616,0.72,43.6394,1.9631,4.3654,1.3749,141819.09,69902.1898
688676.SH,20260415,3.4275,0.84,59.6046,7.8016,5.3888,0.5866,3931156.3122,3931156.3122
300613.SZ,20260415,1.6643,0.76,69.8005,3.5894,5.9879,0.2729,1011769.7434,954380.7004
601022.SH,20260415,0.4209,0.62,17.5061,1.8674,1.8749,2.4457,1145054.1673,1145054.1673
600883.SH,20260415,1.699,0.97,51.1176,1.8751,32.656,0.7702,183912.552,183912.552
001390.SZ,20260415,2.247,0.55,25.9855,2.7757,4.5469,,440600.0,110150.0
600368.SH,20260415,0.4985,0.8,9.7313,0.8691,4.5092,3.385,622936.043,622936.043
003023.SZ,20260415,3.9178,0.86,33.9024,1.7926,2.3695,1.5186,277469.7744,276838.9683
920476.BJ,20260415,1.4017,0.89,41.367,3.8811,4.8163,0.6982,174277.8708,164968.9452
300165.SZ,20260415,10.1547,1.3,,2.1884,4.0088,,279468.6129,237181.559
002868.SZ,20260415,1.3864,1.43,,89.6507,12.3913,,623217.5064,429080.041
002527.SZ,20260415,2.7383,2.27,1605.9682,7.0624,2.5023,,884523.7622,705537.4364
002133.SZ,20260415,2.6402,1.39,,0.8728,0.4873,1.5092,253145.1452,251747.5557
920395.BJ,20260415,0.3217,0.58,35.7994,6.1521,8.6978,1.87,147245.2044,101077.5393
001338.SZ,20260415,1.3821,0.76,20.2275,1.8074,1.6055,2.2371,672821.0484,672821.0484
002457.SZ,20260415,4.9518,1.86,17.8574,1.4888,1.3823,1.4394,367168.9668,366987.1355
000510.SZ,20260415,9.4918,1.25,,7.5555,5.2327,,932605.681,872384.0068
601231.SH,20260415,2.2648,0.82,47.2036,3.879,1.4855,0.5756,8748902.7956,8748902.7956
600207.SH,20260415,3.0238,0.63,,2.4277,1.7412,,580603.5913,580603.5913
600226.SH,20260415,1.9865,0.94,82.9659,4.3789,9.3728,,1582370.8112,1582370.8112
002051.SZ,20260415,9.8005,0.83,47.9068,1.2647,1.2907,1.0504,1472516.635,1472431.8832
301369.SZ,20260415,3.7281,0.7,328.788,7.2967,31.1325,0.2598,1103164.0461,568396.2741
688363.SH,20260415,1.0027,2.16,71.6049,2.9422,4.9426,0.2525,2084221.7531,2084221.7531
600877.SH,20260415,1.9408,1.3,994.6667,7.9015,20.2859,,1952514.1023,1952514.1023
300841.SZ,20260415,2.1762,1.3,42.7796,2.2186,6.4214,1.6703,777992.0843,712029.5694
002801.SZ,20260415,1.1574,0.82,20.0193,3.8116,4.9462,1.5598,729540.864,367905.1779
920806.BJ,20260415,0.5612,0.9,45.0004,2.2234,2.1718,0.8757,343441.2737,343441.2737
300839.SZ,20260415,5.8065,0.87,,5.8545,1.5787,,444510.1075,436561.4089
002731.SZ,20260415,6.2523,0.59,6.7443,0.9874,0.4108,1.2483,184688.476,165582.2644
300883.SZ,20260415,5.1512,1.54,,1.6199,2.5886,,229052.0,218906.5687
002102.SZ,20260415,1.7417,0.64,,2.1439,0.702,,710504.8887,623620.9322
603131.SH,20260415,2.4345,1.31,,4.4152,7.1591,0.054,706157.5331,706157.5331
920570.BJ,20260415,1.8021,0.91,146.9994,4.1547,11.9541,0.3146,144990.7827,70414.3443
000975.SZ,20260415,0.9883,0.67,27.8919,5.5561,4.8475,1.2228,8288515.961,7544385.8364
002037.SZ,20260415,1.5617,0.47,,2.1626,0.5922,,405978.3119,405978.3119
600289.SH,20260415,0.9076,0.64,,4.2061,14.6766,,470133.7914,421612.3996
300395.SZ,20260415,7.7626,1.17,135.0865,12.2685,30.8493,0.1212,5583041.4244,5469319.665
601607.SH,20260415,0.5121,1.32,11.1745,0.8429,0.2256,2.3768,6396924.1205,4811382.9461
002458.SZ,20260415,2.2501,1.06,67.487,2.5777,3.7814,2.4316,1116370.6312,726872.5625
600882.SH,20260415,0.9726,0.48,87.8449,2.11,1.6279,,980833.1632,980833.1632
001283.SZ,20260415,5.7386,0.65,34.0862,1.9721,1.1799,0.516,692205.682,552270.3539
000718.SZ,20260415,1.7893,1.22,,0.6985,4.1839,3.2864,646377.5498,486085.835
002141.SZ,20260415,2.0017,1.12,,4.6195,2.8979,,384252.1169,379057.1655
920174.BJ,20260415,1.4276,0.81,41.7852,2.6676,5.9378,,831830.257,333647.9108
600500.SH,20260415,0.8893,1.02,,1.3593,0.3139,,1542971.7103,1542971.7103
300542.SZ,20260415,1.5813,0.37,,8.9404,3.6393,,483965.5963,401462.7021
000423.SZ,20260415,1.1191,1.01,20.4777,3.4447,5.3139,4.5922,3560547.8599,3554319.27
300015.SZ,20260415,0.6464,0.93,27.8688,4.136,4.0473,2.4867,8971031.5965,7653054.3219
300699.SZ,20260415,2.3103,1.13,48.222,5.1172,10.1756,1.4177,2909732.0,2874938.1465
600460.SH,20260415,1.4243,0.97,81.901,3.704,3.4635,0.1505,4423102.964,4423102.964
002389.SZ,20260415,2.8744,1.22,813.987,2.7374,7.4815,0.2695,2192423.0627,2192078.3778
688625.SH,20260415,2.3041,0.82,45.6257,8.4803,13.0087,0.5898,1284913.8487,1284913.8487
000650.SZ,20260415,1.5666,1.21,18.577,1.3026,2.2018,2.5381,827363.4963,786849.0279
605058.SH,20260415,3.1575,0.83,34.6358,2.9392,3.7796,1.6732,512525.2847,512525.2847
600167.SH,20260415,0.2499,0.68,21.292,1.363,4.3882,3.0109,1477634.8223,1477634.8223
603299.SH,20260415,0.8612,0.84,20.197,1.33,2.2715,3.2752,1057260.9468,861087.4997
002108.SZ,20260415,3.1011,0.84,51.9573,1.6157,2.8323,2.0523,811110.3174,810569.1174
300079.SZ,20260415,1.9047,0.95,283.5458,1.7953,9.9536,0.1885,757220.9009,680465.6973
600025.SH,20260415,0.1574,1.29,20.5336,2.5736,6.7731,2.0361,17680908.4499,17680908.4499
688132.SH,20260415,1.0343,1.23,,2.0793,19.8868,,257260.5948,257260.5948
688259.SH,20260415,1.5067,0.99,52.2713,2.6673,11.4508,0.6561,414295.3,414295.3
301316.SZ,20260415,2.9692,1.11,176.9285,16.3099,8.3252,0.18,1795780.0,1778044.45
601116.SH,20260415,1.2249,0.94,56.5959,2.393,1.9766,1.4235,769488.152,769488.152
605016.SH,20260415,1.6,0.6,27.1857,5.3236,7.6004,0.787,1108412.5125,1108412.5125
600148.SH,20260415,0.7517,0.68,269.2284,5.3612,3.4785,,254588.0936,254588.0936
002352.SZ,20260415,0.5725,1.46,17.0713,1.9118,0.6157,2.3895,18978494.9203,17963865.1129
688312.SH,20260415,6.2605,0.86,64.8061,5.7996,14.2929,0.8134,884248.1963,884248.1963
300577.SZ,20260415,0.4969,0.67,13.3078,2.0985,0.9119,1.8391,449932.7994,266701.1479
000912.SZ,20260415,3.0738,0.66,248.12,1.2428,1.7546,,788704.0,788704.0
600094.SH,20260415,1.4609,0.89,,1.0451,4.6651,,1071801.9707,980192.007
002778.SZ,20260415,2.668,0.73,,8.1487,11.4716,,257366.0579,254633.4906
300894.SZ,20260415,0.9776,0.77,,3.7483,4.3126,,405469.5308,293483.1524
000011.SZ,20260415,0.794,0.9,146.1582,1.4588,2.078,,495258.6255,437501.1762
600941.SH,20260415,0.8576,1.2,14.8037,1.4568,1.9325,5.1159,202951866.2292,8459837.6817
002918.SZ,20260415,2.8606,0.88,72.5745,1.4384,1.168,1.7346,471353.8703,246962.8341
002592.SZ,20260415,1.3981,0.47,19.8241,2.4738,3.2568,2.445,231764.8864,214887.157
002396.SZ,20260415,2.3267,0.81,40.2963,2.3626,0.86,0.8889,1647560.3107,1640767.422
300304.SZ,20260415,1.8263,0.9,24.1408,3.2861,4.6969,0.6828,1126658.3902,1096343.4301
300935.SZ,20260415,3.005,1.24,,3.1984,19.1067,,243137.3115,184454.2683
920932.BJ,20260415,1.6546,0.86,,2.577,5.4285,0.1464,156761.3208,129177.9612
301107.SZ,20260415,1.7037,0.8,35.0975,3.0367,3.9511,1.7973,282549.4344,163364.4649
300877.SZ,20260415,2.1872,1.03,36.3153,2.0065,3.2411,0.3476,334680.0,334677.0716
600822.SH,20260415,1.4396,1.15,208.457,4.1647,2.3453,,510356.1285,407636.1973
000637.SZ,20260415,2.1741,0.76,,4.0853,0.707,,226665.6552,158959.084
688513.SH,20260415,2.9224,1.02,41.67,4.0255,8.8651,0.6337,1180294.6636,1180294.6636
688556.SH,20260415,3.8487,0.6,,2.7984,3.0228,0.8921,1103267.7844,1103267.7844
603277.SH,20260415,0.1421,0.68,16.4129,3.2982,3.0983,4.9221,867770.8173,862180.8794
001965.SZ,20260415,0.4172,1.83,13.4865,0.9017,4.6537,4.562,6217511.9177,6217511.9177
600120.SH,20260415,2.0098,1.84,14.8234,1.2012,3.3102,2.0388,1953598.2134,1953598.2134
600645.SH,20260415,2.4974,0.98,179.3638,3.6125,9.108,,1340673.5699,1340161.5227
600180.SH,20260415,1.1831,1.05,218.0371,0.4445,0.1401,1.0784,349894.0434,349894.0434
689009.SH,20260415,2.7641,1.58,18.5702,4.7467,1.5344,3.3721,3264964.5519,2510461.3621
002469.SZ,20260415,1.5087,0.73,29.0553,2.0447,2.0866,4.7904,541800.2961,524716.4307
600999.SH,20260415,0.2311,0.49,11.1616,1.1391,5.5198,3.1293,13783994.9875,11763878.3561
002936.SZ,20260415,0.41,0.52,8.7322,0.3672,1.2807,1.0989,1654760.6272,1279331.8522
300430.SZ,20260415,1.9315,0.93,74.026,2.1461,6.1688,0.2503,490938.1392,467217.8678
301062.SZ,20260415,2.0599,1.12,,2.442,2.9461,1.1031,352699.806,254980.1585
300463.SZ,20260415,1.0457,0.85,,1.0342,2.9617,0.9673,654249.2872,532127.7731
601177.SH,20260415,0.7878,0.71,22.9865,2.1334,2.4914,0.4112,595261.71,584087.6
600671.SH,20260415,2.4882,0.91,70.8261,35.2576,9.3335,,234789.6903,234677.1876
603985.SH,20260415,16.2584,1.38,117.8162,3.0069,2.4838,,983554.2047,983554.2047
000403.SZ,20260415,0.7984,1.12,21.7154,1.5145,5.1019,2.105,1215558.2567,1203168.2588
300620.SZ,20260415,7.1618,0.79,320.7969,26.1137,38.4514,0.044,5667611.496,5620362.0111
601880.SH,20260415,0.3991,0.52,29.5822,0.9582,3.4033,1.4573,3865769.8229,3019740.3991
920670.BJ,20260415,2.7459,0.71,218.2277,7.1556,17.9217,,178598.7968,112077.7287
300836.SZ,20260415,2.9227,0.99,96.039,10.0968,9.4621,0.3318,575670.3237,394101.844
300348.SZ,20260415,3.8448,0.72,538.1516,5.1596,5.6611,0.0513,1108415.7985,961295.1626
002210.SZ,20260415,1.5027,0.96,726.0049,7.0652,36.3176,,673291.8918,672032.9385
300381.SZ,20260415,1.5166,0.83,482.9393,1.2121,3.7766,1.5302,313788.2736,312688.7546
002748.SZ,20260415,1.4978,0.84,66.8088,2.0972,1.4157,0.4167,288000.0,288000.0
300918.SZ,20260415,3.7957,1.94,41.0175,1.993,4.4868,0.266,753128.0274,753128.0274
002395.SZ,20260415,1.6218,0.55,23.6661,3.1418,1.857,0.8413,478216.647,478175.2029
300843.SZ,20260415,5.1577,0.81,94.4551,6.5553,6.0694,0.3563,1056885.8198,1036198.2521
300684.SZ,20260415,5.4635,1.04,50.5304,7.7442,9.1722,1.1941,1622141.9518,1106505.2213
603667.SH,20260415,5.7465,1.03,280.5473,8.6177,7.4449,0.171,2570377.2426,2570377.2426
688779.SH,20260415,1.9767,1.34,90.6914,3.085,2.2142,,2068123.4112,2068123.4112
300267.SZ,20260415,11.0585,1.95,,1.9105,6.6106,,853918.4162,588870.2429
300553.SZ,20260415,2.6076,0.58,124.7523,5.461,13.7092,,464741.8092,355371.9351
601933.SH,20260415,1.6352,1.38,,19.0901,0.6631,,3548339.4643,3548339.4643
920942.BJ,20260415,1.9547,0.75,71.7437,3.072,8.6297,0.6005,153195.0958,103454.705
601658.SH,20260415,0.2364,1.48,7.0213,0.6075,1.7252,4.1705,61368572.3344,37061706.1092
002819.SZ,20260415,1.0713,0.75,,1.9772,2.6329,0.09,794865.5953,623665.3298
688718.SH,20260415,1.1333,0.7,57.9224,3.3477,6.3587,0.7508,267060.4959,267060.4959
603306.SH,20260415,5.5346,0.9,133.1,10.8889,13.746,0.0848,3377981.1509,3377981.1509
688161.SH,20260415,0.7396,1.08,46.4556,3.0112,8.1955,0.8595,1248000.0,1248000.0
301381.SZ,20260415,2.3267,0.86,36.2064,3.1074,0.7092,1.2195,827089.31,400709.81
000069.SZ,20260415,0.6515,0.92,,0.5054,0.5737,,1800457.8039,1545286.7989
601360.SH,20260415,0.9527,0.77,,2.5874,9.0339,1.8433,7594520.2987,7594520.2987
600109.SH,20260415,0.472,0.59,12.9698,0.9214,3.7684,1.3758,3212551.377,3212551.377
001203.SZ,20260415,2.0925,0.82,95.0316,9.6827,16.6172,0.4569,6465000.1944,5507292.8725
000955.SZ,20260415,1.6504,0.86,,4.0692,5.6992,,263813.55,263674.6228
600527.SH,20260415,9.2045,0.77,166.1605,2.2477,8.6892,1.8493,464111.9217,464111.9217
002719.SZ,20260415,2.746,0.7,,7.603,2.3491,,146103.0044,135801.4587
688772.SH,20260415,2.4011,0.77,38.7432,2.496,1.2681,1.8419,1827347.7263,1827347.7263
301696.SZ,20260415,48.5425,,108.2122,22.2423,42.4283,,4559713.99,342920.1522
301209.SZ,20260415,0.7685,0.75,172.3731,13.4958,19.4561,0.1553,1030176.0,880092.234
000008.SZ,20260415,2.7912,0.63,,2.4929,3.4324,,730705.5967,730683.8801
300134.SZ,20260415,3.2241,0.98,,2.1919,3.5423,,835037.8305,775110.7905
301138.SZ,20260415,1.172,0.65,38.2977,4.054,6.0876,1.5928,452040.0,258266.0474
603323.SH,20260415,1.1596,1.34,4.8018,0.517,2.3408,5.2189,981011.1384,981011.1384
300528.SZ,20260415,2.707,0.83,,16.0039,7.4642,,620765.018,620765.018
000691.SZ,20260415,1.3772,0.72,,8.5877,7.4365,,387439.095,258292.73
002551.SZ,20260415,2.4925,0.94,,1.1254,2.4326,0.2316,291695.6294,210859.4191
301361.SZ,20260415,9.8207,1.3,45.9074,3.6154,15.2753,0.4413,442891.152,115900.308
000096.SZ,20260415,1.2897,0.8,45.1066,1.7929,3.7756,0.7677,515856.0,499098.496
300698.SZ,20260415,1.9699,1.13,111.17,9.2348,6.491,,475432.0,420601.0058
688602.SH,20260415,9.4423,4.68,,1.5772,5.5602,,429003.75,214426.429
600712.SH,20260415,1.3731,0.9,,4.2758,6.8547,,322980.6285,319418.484
300167.SZ,20260415,1.723,0.84,177.6835,83.4623,5.0696,,239854.384,221078.242
600773.SH,20260415,5.2419,1.27,,4.5115,21.0894,0.0491,1937430.8571,1937430.8571
920790.BJ,20260415,2.1679,0.55,277.8211,6.7104,11.0166,1.1308,209499.5041,144187.7856
605398.SH,20260415,1.0285,0.68,654.2606,4.2516,8.3686,0.0549,437869.7759,437869.7759
603855.SH,20260415,0.4278,0.44,15.0202,3.1616,1.7278,5.1023,661521.56,657643.7
002824.SZ,20260415,15.5409,1.02,73.6472,4.0712,2.4472,0.5148,921711.7182,651643.3767
603278.SH,20260415,1.9501,1.06,,1.8447,0.7351,,370125.4215,370125.4215
300246.SZ,20260415,12.0791,1.77,,3.7428,4.0974,0.3051,428662.0067,342349.6946
300314.SZ,20260415,2.6736,1.05,42.7104,3.0155,6.3662,0.6739,371808.0,185570.2094
688569.SH,20260415,0.3991,0.67,25.043,1.4553,3.3635,1.7191,428917.4012,428917.4012
603325.SH,20260415,2.3409,1.35,13.2627,2.2481,3.8979,1.6436,596269.812,254767.3896
300809.SZ,20260415,1.6526,0.94,177.6698,5.113,16.5412,0.3625,839214.752,498385.0582
002279.SZ,20260415,2.4478,0.93,159.9817,4.9749,2.3979,,696663.1518,638099.698
002957.SZ,20260415,10.5901,0.99,79.5075,5.4969,7.1816,0.4033,1760566.4975,1755101.7895
301067.SZ,20260415,3.4734,1.38,2464.6279,3.9582,4.103,0.1467,328268.736,215486.3664
000917.SZ,20260415,2.2612,0.59,82.6484,1.3241,3.1746,0.2053,1380699.8732,1380605.4196
600604.SH,20260415,0.6303,1.04,,1.4583,3.4266,0.2066,906679.5251,681208.1251
688267.SH,20260415,1.2138,0.64,25.8963,1.9359,6.4099,2.0515,548510.6,548510.6
301150.SZ,20260415,8.7564,1.34,627.634,4.0499,2.6347,,1441849.293,1376022.2257
600685.SH,20260415,2.464,1.11,40.9922,2.2666,2.0115,0.513,4133092.6493,2401876.4692
600099.SH,20260415,1.4002,0.64,100.1326,4.4998,2.1733,0.2674,245852.64,245852.64
920819.BJ,20260415,0.3825,1.07,,0.8978,0.7801,,431481.6,426492.0
688466.SH,20260415,1.0538,0.8,41.4446,1.8432,3.621,,210105.1414,210105.1414
603815.SH,20260415,3.5124,2.16,23.5977,1.6284,0.9058,1.0112,393635.8135,393635.8135
300443.SZ,20260415,4.1198,0.74,30.3861,1.5195,3.8386,0.5686,955601.775,724680.5243
603938.SH,20260415,3.7403,0.7,134.8885,4.2013,5.2879,0.0621,1043799.6278,1043799.6278
688208.SH,20260415,1.1003,0.55,25.2641,6.4289,4.8925,2.5617,2364407.3386,2364407.3386
300422.SZ,20260415,1.6946,0.93,,2.1778,1.2608,,241313.9358,231176.2543
300127.SZ,20260415,2.3891,0.82,54.7657,6.4261,11.3454,1.162,973316.8363,695218.2137
002653.SZ,20260415,1.9733,1.23,252.6052,15.2853,14.944,0.2306,6557119.7144,3142882.8087
600169.SH,20260415,0.3259,0.78,38.2127,1.577,0.8125,,803304.7608,799953.96
002692.SZ,20260415,16.2464,1.71,69.5812,3.908,1.0606,0.3026,474694.506,474405.6325
000688.SZ,20260415,1.7192,0.77,47.8659,19.8049,10.7214,,5152674.3857,5152655.6023
688066.SH,20260415,7.5958,1.53,,12.4525,9.7776,,522034.1553,522034.1553
688628.SH,20260415,2.9543,0.63,47.294,5.6924,5.9063,2.005,721012.7102,721012.7102
603696.SH,20260415,2.0522,0.99,91.4703,6.3431,5.9358,0.5751,368088.0,368088.0
300429.SZ,20260415,3.2184,0.56,,4.2232,7.7943,,737228.4073,548639.7749
301556.SZ,20260415,4.1529,0.83,51.4292,7.3434,13.0464,0.986,710552.96,245627.36
688818.SH,20260415,27.9376,1.76,355.9403,22.3485,35.3002,,11651285.4541,885565.602
000425.SZ,20260415,0.9753,0.9,18.6194,2.0668,1.2238,1.6624,12371292.3869,9486711.7664
600325.SH,20260415,1.6945,1.07,,0.5133,0.1215,3.4896,974261.8491,974261.8491
605376.SH,20260415,4.0691,1.07,181.4266,16.9596,27.2888,0.1405,2793626.4,2793626.4
600996.SH,20260415,2.1474,0.74,,4.8728,9.083,,1139575.0666,1139575.0666
600132.SH,20260415,0.6191,0.65,21.2713,19.0143,1.7785,4.0665,2618284.1812,2618284.1812
002096.SZ,20260415,0.3818,0.59,18.592,1.8456,1.4989,1.936,1473643.6348,1473641.1293
688175.SH,20260415,1.4418,0.66,,2.6486,19.9463,0.2825,457782.18,457782.18
603098.SH,20260415,1.264,0.79,79.267,2.6893,2.3061,0.3551,759897.569,758630.369
600603.SH,20260415,1.9055,1.38,20.1399,1.1172,2.5338,,816237.1393,816237.1393
000925.SZ,20260415,1.4068,0.87,73.993,1.4641,2.0406,,483604.4485,481369.6802
688326.SH,20260415,0.9954,0.89,142.935,3.6103,2.0776,,1422739.6675,1324078.2061
605222.SH,20260415,5.7132,1.4,71.6217,2.284,0.4723,0.155,1065290.5837,1065290.5837
688536.SH,20260415,4.0324,1.16,151.6508,4.2041,12.2471,,2623434.177,2577330.601
000505.SZ,20260415,1.9652,0.88,,1.6933,0.617,0.2699,484875.8174,421797.6841
688203.SH,20260415,1.4075,1.3,248.5894,1.6603,2.8794,0.4928,245240.4623,245240.4623
300722.SZ,20260415,1.6555,1.31,103.5451,12.7411,19.1004,0.5833,854070.4973,854070.4973
688981.SH,20260415,3.525,1.78,165.183,5.5206,12.3679,,83264378.3317,20777454.4467
300584.SZ,20260415,7.5468,1.11,117.1069,5.0262,8.5214,0.2288,524400.0,358823.96
003040.SZ,20260415,1.1214,0.48,1252.6589,5.2508,7.0848,0.1881,735511.8753,728676.1615
688032.SH,20260415,1.5096,0.94,,2.4542,7.2631,2.8072,1403271.794,1403271.794
605128.SH,20260415,0.7249,0.69,47.9226,3.5715,3.1158,0.7352,743419.3838,743419.3838
000983.SZ,20260415,0.5813,0.77,21.6573,1.0064,0.9329,3.9567,3673084.3852,3673061.8534
688338.SH,20260415,1.0019,1.01,35.5419,1.8355,11.7467,1.1078,309723.5232,309723.5232
002638.SZ,20260415,4.918,0.91,,3.5529,17.6031,,679509.1271,639818.7085
301195.SZ,20260415,0.6896,0.66,25.4574,1.7479,4.1065,2.0363,421566.9293,279977.7478
002081.SZ,20260415,0.6931,1.08,19.565,0.6518,0.5269,2.9674,894844.0832,891231.8476
300423.SZ,20260415,4.9241,1.47,,2.9854,3.8825,,402486.6336,269688.6307
603102.SH,20260415,1.1333,1.43,21.6468,1.6177,3.1329,1.7739,263296.0,263296.0
300359.SZ,20260415,1.2257,1.06,,5.7108,8.6208,,313500.0439,313484.34
002452.SZ,20260415,5.8622,1.63,24.8569,2.6377,3.7176,1.0027,680504.2972,565947.5546
688088.SH,20260415,1.0932,0.84,63.9336,6.0127,17.8511,1.1431,1647606.8328,1647606.8328
002853.SZ,20260415,2.823,1.48,,5.0526,7.3969,,470825.6502,331286.1938
920086.BJ,20260415,4.9303,0.8,26.1084,2.8637,8.6267,,238320.64,76168.336
002044.SZ,20260415,5.811,1.58,68.4281,2.6778,2.0193,0.2495,2117611.3723,2095957.1462
000151.SZ,20260415,1.4069,0.71,,8.5494,3.6397,,414069.4175,363362.9401
002424.SZ,20260415,0.5378,0.65,3166.1583,2.1544,2.2306,,702991.9952,610246.8995
603328.SH,20260415,2.6656,0.53,27.187,2.9341,3.1452,1.5615,1266025.2307,1266025.2307
603989.SH,20260415,2.2494,0.97,35.2648,2.0702,2.0052,0.7669,780013.4062,780013.4062
603194.SH,20260415,0.5974,0.78,15.4347,2.6108,1.9387,2.6121,1350969.0,532392.6699
600884.SH,20260415,6.5497,1.01,,1.5626,1.6966,,3428105.2032,2796707.2529
688325.SH,20260415,1.5676,1.03,105.0005,5.8102,20.9169,0.8233,1022125.552,969042.384
002237.SZ,20260415,2.4211,1.12,33.6607,1.6146,0.191,0.7542,2146385.5824,1789726.368
300113.SZ,20260415,12.9819,1.01,54.8778,7.8956,10.2195,0.3042,1994645.8273,1512756.8579
601808.SH,20260415,0.9517,0.99,19.0156,1.5686,1.4529,1.5062,7305307.352,4532476.508
603488.SH,20260415,4.4898,1.4,,3.5274,6.9372,0.2752,318269.5796,318269.5796
603006.SH,20260415,0.8508,0.88,44.1794,2.5056,3.8427,5.9144,326716.7113,326716.7113
600797.SH,20260415,2.1053,0.77,545.1811,2.6929,2.7614,,940186.6286,940186.6286
300041.SZ,20260415,1.8573,0.75,39.461,2.1105,1.4376,1.3749,610343.2293,593599.0534
300678.SZ,20260415,1.4396,0.89,593.3205,9.9197,13.3035,0.1745,849146.7294,834279.8921
688180.SH,20260415,4.2379,1.38,,7.4059,17.8757,,4466100.9389,3333814.6439
920242.BJ,20260415,0.7188,0.77,18.1535,2.2968,1.9852,1.7003,154872.9613,87174.8316
688251.SH,20260415,4.8895,1.62,111.6493,4.2948,3.6086,0.3485,368808.6367,366245.4611
603127.SH,20260415,8.9193,1.4,98.8007,3.5348,17.7525,0.076,2942690.4599,2475396.286
000929.SZ,20260415,3.5709,1.0,,5.3322,5.2809,,194868.534,194856.1799
920130.BJ,20260415,1.8043,0.82,,3.7975,5.1837,,181165.7155,111138.0837
002191.SZ,20260415,0.6742,0.79,,0.8016,2.0899,,535706.3897,531550.2328
600582.SH,20260415,0.3595,0.6,9.6915,0.9261,0.8109,5.5323,2371411.4351,2371411.4351
300845.SZ,20260415,3.4657,0.51,53.6825,3.3171,6.8669,1.9014,265688.3012,186835.1174
603565.SH,20260415,0.7344,1.06,11.399,2.4658,2.2741,10.5172,2436073.1995,2436073.1995
002076.SZ,20260415,3.599,1.78,,7.6726,10.2205,,241789.139,227215.7826
688409.SH,20260415,1.5516,0.87,,6.8291,8.6329,0.149,3065169.8177,3065169.8177
688503.SH,20260415,6.1454,1.17,53.3398,4.4686,1.534,0.4467,2238569.1641,1858307.2764
002270.SZ,20260415,2.3531,1.38,35.0036,7.9064,10.2371,2.2256,2484336.8947,2484297.0833
920124.BJ,20260415,1.5049,1.1,23.4727,2.2078,2.1283,,232916.3713,119848.1865
301112.SZ,20260415,0.7876,0.98,,3.0153,6.9205,0.3021,364982.446,364982.446
301109.SZ,20260415,1.9496,0.73,16.6173,1.5364,4.3335,4.2602,1190753.1706,347556.4609
002908.SZ,20260415,1.2339,0.84,244.5601,3.5036,6.4362,0.5505,387426.015,289007.4995
300195.SZ,20260415,1.7642,0.71,201.9964,1.198,1.9647,,320746.7713,237631.7481
603165.SH,20260415,2.8438,0.71,22.5565,1.9874,2.2399,7.6263,504700.8404,504700.8404
600805.SH,20260415,1.2218,0.86,121.1557,1.0506,1.7477,1.5238,446719.6094,446394.5682
688246.SH,20260415,1.7876,0.92,,2.0332,6.4934,,264714.6906,264714.6906
603766.SH,20260415,0.994,1.0,17.4839,3.3033,1.6419,3.9164,3146026.1142,3146026.1142
603408.SH,20260415,0.3665,0.79,12.3591,1.6018,1.0824,5.7596,536192.454,536192.454
000004.SZ,20260415,2.0724,0.23,,12.4327,6.2254,,45935.9579,43821.8555
601628.SH,20260415,0.0792,0.77,6.9158,1.7903,1.7307,1.8249,106557937.85,78504708.1
301042.SZ,20260415,2.9441,1.47,588.3774,6.2885,14.0315,,661049.2335,625943.4608
002350.SZ,20260415,5.2367,0.91,112.494,4.5178,3.3577,0.2059,745705.6076,729508.2726
600505.SH,20260415,2.3505,0.87,296.0065,3.8106,3.0003,0.1569,464823.5625,464823.5625
688172.SH,20260415,2.4373,1.39,,3.1507,31.5308,,5780425.6748,3150854.8083
688449.SH,20260415,2.385,0.7,150.4335,11.2218,16.114,,2138540.0,1363106.0236
300750.SZ,20260415,0.8775,0.94,27.2448,5.8338,4.6427,1.2836,196711125.1699,183469506.5669
920056.BJ,20260415,1.7606,0.97,32.9578,3.3898,3.0414,,181764.0325,68627.6352
300315.SZ,20260415,2.1898,0.52,,2.6985,19.0049,,1334852.2245,1273432.6349
000938.SZ,20260415,4.8463,0.88,46.6295,5.3297,0.8124,0.2729,7859499.4938,7859479.7082
001231.SZ,20260415,12.5778,2.18,37.9045,2.4769,3.389,0.6112,244853.0,124561.675
600887.SH,20260415,0.7617,1.58,20.2857,3.0502,1.3889,6.6174,16249851.5535,16169105.4532
002354.SZ,20260415,2.6743,0.93,,7.2387,4.9286,,929877.2308,913773.3788
300307.SZ,20260415,0.6884,0.79,53.432,1.6225,2.671,1.5263,520359.9544,511484.6321
300637.SZ,20260415,2.0829,0.94,234.497,3.7449,3.0067,,274422.902,274136.2795
001311.SZ,20260415,1.7495,0.67,35.4723,2.1239,2.5556,1.6419,974688.7994,427702.1786
300762.SZ,20260415,8.3893,1.73,,10.5221,51.0252,,2457230.0658,2457230.0658
000625.SZ,20260415,0.4046,0.64,24.4222,1.287,0.6069,3.4367,9952575.8084,8300181.3677
301136.SZ,20260415,2.6419,1.07,1457.0479,2.98,7.3932,,434548.4108,434548.4108
002681.SZ,20260415,1.3897,0.83,,4.0804,3.3437,,929629.8562,812879.1757
301234.SZ,20260415,1.6066,0.77,109.1093,3.4633,5.4853,0.7744,263432.0,263432.0
000922.SZ,20260415,2.6112,2.37,38.9517,2.1472,2.0115,0.7798,989658.8593,836476.4723
688585.SH,20260415,0.6656,0.77,1239.471,37.8168,28.341,0.0246,5092441.816,5092441.816
688226.SH,20260415,6.9443,0.73,300.2637,5.573,2.4813,0.2987,954826.5802,954826.5802
600256.SH,20260415,2.6413,0.63,20.6651,1.7091,1.2497,9.7645,4071705.8881,4071705.8881
600030.SH,20260415,0.9096,0.53,11.4227,1.3009,4.8036,2.1915,38548242.3022,31671209.0834
603057.SH,20260415,0.6077,0.81,53.62,5.1612,3.221,2.0964,1027528.0,1027528.0
000828.SZ,20260415,0.4321,0.66,12.7114,1.0277,6.7451,4.717,1046793.6109,1046793.6109
002183.SZ,20260415,6.5238,1.0,195.9544,1.6889,0.2188,0.1661,1563399.4728,1563390.4428
002617.SZ,20260415,3.0531,0.78,53.9975,2.3154,3.9487,,1458608.9001,1434503.0644
600845.SH,20260415,0.5668,0.66,49.3858,5.8368,5.8742,2.6888,6444898.4105,4790951.5735
000153.SZ,20260415,12.8413,3.23,28.4977,1.5436,0.7819,1.4329,324350.4944,320290.2109
002086.SZ,20260415,2.0197,0.7,,2.9989,11.7577,,397666.1395,321001.0655
300020.SZ,20260415,3.4269,1.84,,2.0803,16.7548,,292441.4944,282102.7313
605567.SH,20260415,1.516,0.86,54.0714,1.9638,0.8178,0.9328,214400.0,214400.0
000506.SZ,20260415,4.0777,0.66,102.2835,23.2504,30.8377,,1624852.064,1624308.4748
603527.SH,20260415,10.7771,3.04,27.1381,1.7851,0.354,1.3769,368320.5344,368320.5344
688655.SH,20260415,18.4424,1.67,,7.076,6.7456,,464864.15,464864.15
600988.SH,20260415,2.2286,0.75,26.6963,6.1339,6.5109,0.3695,8228780.4007,7204736.2667
002548.SZ,20260415,3.1918,0.86,,2.9463,0.8998,,419884.0446,407867.0464
301131.SZ,20260415,2.6004,1.07,45.3947,2.0676,1.3506,1.2887,226193.1478,162022.881
000605.SZ,20260415,1.4092,0.91,136.549,1.1024,1.3866,0.3003,234870.6276,234870.6276
000913.SZ,20260415,0.8389,0.58,14.753,1.6614,1.4138,6.0587,782246.746,772872.5751
601233.SH,20260415,1.9288,0.99,27.5439,1.2694,0.5184,0.4962,4803204.0083,4794463.2122
920357.BJ,20260415,2.2304,1.63,29.2736,4.7126,3.1689,2.1124,189549.36,105366.0582
000967.SZ,20260415,9.0418,1.69,98.6959,2.203,2.8109,1.5909,3762330.0363,3760524.9368
600062.SH,20260415,1.8363,1.93,11.7735,1.6669,1.7626,2.5233,1939033.548,1928569.7225
601111.SH,20260415,0.9726,1.19,,2.8622,0.7102,,12178997.858,8123400.4129
601216.SH,20260415,0.7491,0.78,13.5771,1.5837,1.7894,2.7726,4564967.408,4564967.408
002175.SZ,20260415,6.8211,1.57,,4.0721,10.8533,,329409.4276,329409.4276
688576.SH,20260415,1.711,1.04,60.7563,1.8371,9.2583,1.4233,317499.4187,152066.2437
301040.SZ,20260415,10.7905,1.73,,4.4218,4.6682,,323103.3796,304890.5363
605186.SH,20260415,0.9358,0.8,296.3526,2.4478,6.717,,264384.0,264384.0
688603.SH,20260415,22.1335,1.8,146.984,10.308,26.1014,0.203,1229284.9085,467387.3586
688321.SH,20260415,3.2622,1.44,270.4976,5.6616,15.1466,,1378433.2851,1269098.9659
605368.SH,20260415,0.3702,0.73,18.8475,1.8394,1.4022,10.2657,591718.5376,591718.5376
688359.SH,20260415,4.4731,1.2,,13.9165,19.7988,,906489.6295,906489.6295
603058.SH,20260415,2.1595,0.94,38.7341,4.2174,5.2017,0.9545,505918.8781,504637.0973
002922.SZ,20260415,5.2697,0.81,81.5378,4.359,3.1018,0.9727,1632729.2264,1443538.5314
603786.SH,20260415,0.7647,0.87,27.9471,4.1662,3.3908,1.1568,2269270.7973,2269270.7973
301585.SZ,20260415,0.6646,0.69,44.125,3.0127,6.3679,1.1005,290784.0,190432.5683
920271.BJ,20260415,0.7261,0.82,18.1961,2.8697,4.7901,1.3062,182105.616,80583.48
003003.SZ,20260415,2.2063,0.56,36.2082,1.7671,2.2095,1.5281,228322.24,152192.8519
300424.SZ,20260415,4.3797,1.29,,5.7942,2.5305,,440557.4961,440296.7078
002533.SZ,20260415,4.8016,2.02,16.7118,2.1917,0.4934,1.8141,1002563.4907,871023.6615
300085.SZ,20260415,4.461,0.51,,60.3707,34.5281,,2618809.8227,2416359.6592
688112.SH,20260415,2.7622,0.86,55.4038,4.924,13.1226,1.0277,790004.5709,790004.5709
300806.SZ,20260415,3.4989,0.67,507.7268,10.3808,8.0575,0.0192,2354896.1131,1642711.8435
605399.SH,20260415,1.6348,1.17,,2.2049,4.3772,0.6601,472991.0719,471963.9019
600388.SH,20260415,1.4711,0.82,21.2723,2.1558,1.9929,1.503,2366096.2439,2366096.2439
300364.SZ,20260415,6.1935,0.54,,42.2986,14.6812,,1999732.8239,1812829.2189
301626.SZ,20260415,3.4337,0.71,169.6934,20.2104,29.7437,0.2035,3183282.24,1447969.587
000592.SZ,20260415,13.4227,0.77,,11.4113,15.5347,,2188707.7506,2169799.7447
600061.SH,20260415,0.2961,0.54,13.5901,0.812,844.9271,1.8221,4456607.9953,4456607.9953
688252.SH,20260415,1.0891,0.6,42.1383,3.5803,4.0556,0.3323,880622.9472,880622.9472
002467.SZ,20260415,14.384,0.84,131.4051,5.3721,13.3147,0.1311,1049408.7391,1042932.4592
300164.SZ,20260415,20.4242,0.71,223.8488,5.8413,7.1506,,819722.8702,812412.6138
601236.SH,20260415,0.1932,0.61,30.2001,1.4525,15.0575,1.9688,3664944.0755,3664944.0755
300487.SZ,20260415,0.9143,0.96,41.7137,8.915,13.5399,1.1255,3514560.7964,2126254.9706
605011.SH,20260415,0.5957,0.83,41.0179,3.2291,2.373,1.1411,771392.8,771392.8
301291.SZ,20260415,10.2094,1.89,24.3106,3.4368,2.2346,1.4611,1688065.4,873971.0157
600345.SH,20260415,12.6108,0.89,119.0234,4.6492,18.2677,0.1108,1636853.8475,1050603.4689
000931.SZ,20260415,2.9888,1.46,79.0385,2.483,1.6367,,406688.5703,405555.9473
605580.SH,20260415,1.155,1.05,51.3253,6.4657,6.8501,1.1221,623840.0,623840.0
688084.SH,20260415,4.7237,1.34,,3.3506,17.5814,,516675.7617,516675.7617
603235.SH,20260415,0.0914,0.65,19.1914,2.4747,5.32,2.4989,1184194.9,1184194.9
603987.SH,20260415,1.5264,1.25,15.9435,1.4571,1.7068,1.6854,388743.8832,388743.8832
688708.SH,20260415,0.8539,0.81,48.4258,6.0378,19.0141,0.1894,2112452.81,751361.4044
603379.SH,20260415,1.0264,0.8,20.8228,5.0769,6.9367,1.2437,3766045.1793,3766045.1793
000762.SZ,20260415,8.4025,0.74,,6.011,49.921,0.1483,1757244.1158,1757181.2851
002724.SZ,20260415,0.9674,0.95,,1.9935,3.1068,0.7096,540820.0938,398019.0824
300163.SZ,20260415,3.4309,0.9,23.3917,3.6991,8.9089,,217092.0,207835.8003
300205.SZ,20260415,1.1702,0.7,,2.5208,12.4131,,247712.256,247712.256
002828.SZ,20260415,13.3103,0.7,270.2792,3.4958,2.2251,0.4132,243194.996,234209.9898
002362.SZ,20260415,1.2112,0.9,,4.7915,2.407,,454685.6416,386124.7135
001216.SZ,20260415,1.3468,0.68,21.0731,2.6282,3.1891,2.1198,475272.4629,463358.8865
600703.SH,20260415,3.9493,0.71,642.4211,1.7134,3.3521,0.1554,6056668.7346,6056668.7346
002441.SZ,20260415,1.8662,1.15,26.0656,1.2269,0.4932,4.9652,548355.4143,401873.2871
002607.SZ,20260415,1.1577,0.54,150.8997,19.8689,7.4282,,1622026.0393,1337091.3104
301089.SZ,20260415,3.7572,1.41,,2.4215,9.4989,,359386.38,256934.9789
300688.SZ,20260415,3.1327,0.85,,11.1867,29.3555,,414096.7939,367088.3051
688682.SH,20260415,3.7311,2.55,,7.9731,15.8854,0.2953,492696.574,492696.574
688167.SH,20260415,8.1421,1.31,,15.3413,38.801,,3414482.193,3414482.193
688689.SH,20260415,2.1237,0.85,57.6641,3.8385,4.4165,0.631,463538.4208,463538.4208
300644.SZ,20260415,4.2637,1.03,24.6842,3.0058,1.143,0.8288,326958.995,261760.8502
300222.SZ,20260415,2.153,1.0,106.5681,4.9711,2.8106,,860779.0448,700986.681
920184.BJ,20260415,2.334,0.63,96.8916,3.3384,8.6608,,209927.5013,141469.3097
600533.SH,20260415,2.2562,1.38,,0.8016,0.4851,,258300.0,258300.0
002736.SZ,20260415,0.3214,0.9,9.9338,1.2891,4.573,3.5413,12392509.1026,11631039.5462
688220.SH,20260415,2.3584,1.14,,5.8325,8.3401,,3183269.7653,2809150.3165
920418.BJ,20260415,0.9219,0.86,26.4015,4.3183,5.484,1.191,397937.0304,381287.041
300337.SZ,20260415,6.8036,1.79,899.8486,6.3255,1.8013,0.0752,1093189.7175,946176.7497
300871.SZ,20260415,13.8337,3.06,25.7232,2.6281,3.3233,0.7509,554099.8443,554099.8443
920407.BJ,20260415,1.5713,0.5,80.9404,5.559,5.5943,0.4324,151898.136,61839.6322
300500.SZ,20260415,1.8107,0.81,,1.6243,2.0033,1.4465,180411.9392,173799.0793
603125.SH,20260415,0.5304,0.73,46.0817,2.9773,7.0326,0.5747,728705.475,728705.475
688300.SH,20260415,1.7562,0.74,76.7534,13.1695,20.1357,0.4135,2246146.4054,2246146.4054
603072.SH,20260415,1.7475,0.78,65.5385,4.5738,4.3256,,978893.12,467555.92
300664.SZ,20260415,2.3757,0.38,21.1169,1.0525,2.6747,1.5724,463585.1315,461126.3885
003006.SZ,20260415,1.2548,1.09,24.853,4.9705,2.0551,3.2345,729971.5952,728145.4675
300066.SZ,20260415,1.798,0.71,49.1174,2.5572,5.6218,0.4666,668741.3875,646800.3538
002691.SZ,20260415,1.0878,0.9,,2.9157,6.6217,,247520.0,244593.662
600968.SH,20260415,0.7311,0.91,11.2791,1.4813,0.8699,3.1323,4381159.9098,4381159.9098
001277.SZ,20260415,1.6973,1.19,30.8402,1.7151,2.5144,1.1557,266988.0,160015.3549
000831.SZ,20260415,2.3426,0.71,496.3331,11.1177,15.0577,,5374022.1666,5374022.1666
603917.SH,20260415,1.7369,1.11,261.7409,1.5779,4.0024,1.1538,264992.0,264992.0
002788.SZ,20260415,18.7164,0.88,20.1219,1.9126,0.2963,2.1944,619684.1939,608961.1126
000848.SZ,20260415,0.8306,0.64,13.2279,2.5864,2.7055,3.7737,834360.0605,827115.8525
600168.SH,20260415,0.5451,0.75,52.2877,0.9035,1.1961,0.5521,485771.4112,485771.4112
601568.SH,20260415,0.667,0.64,79.5254,1.4214,1.7447,2.439,1628611.1118,1628611.1118
601086.SH,20260415,0.5938,0.75,70.9378,3.7193,8.0892,0.8932,591408.0,591408.0
002189.SZ,20260415,1.006,0.8,,9.8259,3.9955,,517174.5605,517096.6436
688613.SH,20260415,2.111,1.09,222.3293,2.039,13.0814,,292376.3183,292376.3183
000761.SZ,20260415,0.3753,0.76,,1.7637,0.2657,,1232472.15,1112472.15
300712.SZ,20260415,1.4667,1.06,133.6535,4.1286,2.856,0.173,531880.5553,529594.6684
688692.SH,20260415,1.9461,0.96,51.4229,7.181,20.3439,0.2558,2656610.4,1715785.809
000935.SZ,20260415,0.6315,0.99,56.4329,2.6032,16.2142,,2022353.4421,2022353.4421
002150.SZ,20260415,6.2738,0.59,41.1889,5.2946,2.8099,0.3171,1145397.5807,1138021.7602
301191.SZ,20260415,14.5873,1.34,175.0298,6.2993,6.3236,0.6578,1047202.884,788299.9801
688439.SH,20260415,0.9066,0.97,75.6954,2.0336,14.3849,0.3187,1023000.0,1023000.0
000915.SZ,20260415,1.2533,1.03,13.1178,2.6786,3.1041,8.0,732285.8906,731811.6719
600243.SH,20260415,3.9738,1.92,,2.556,6.5387,,161935.65,161935.65
300759.SZ,20260415,3.4662,1.19,34.5616,3.5356,4.0799,0.6387,5750697.7556,4444700.016
601059.SH,20260415,0.1479,0.56,28.9415,2.6011,13.553,0.4379,5480670.0,5480670.0
600054.SH,20260415,4.0787,1.47,31.7879,1.9035,4.3876,1.9579,901512.9878,634438.8
603579.SH,20260415,1.6124,1.09,25.2295,1.4713,2.5578,1.5157,404316.304,404316.304
002528.SZ,20260415,4.4102,1.15,,57.813,9.8906,,584953.44,512507.1536
002271.SZ,20260415,1.532,0.74,,1.8658,1.4417,5.6852,3886414.682,3115675.1006
301152.SZ,20260415,8.3345,1.1,,2.6346,1.8116,,345652.1604,206679.201
688520.SH,20260415,1.2202,1.69,,121.4579,13.0475,,2035612.9702,1927412.9702
002823.SZ,20260415,3.5235,1.57,22.3426,2.5643,1.7998,2.1108,521121.5221,347423.3373
301070.SZ,20260415,15.0146,0.63,3161.4038,11.0537,29.8465,,869544.9681,572002.2076
000545.SZ,20260415,4.3236,0.94,,3.2241,1.6822,,294076.2626,293650.1226
920062.BJ,20260415,4.3191,1.56,124.5074,2.6569,1.3889,0.2825,198141.5909,140185.5053
600643.SH,20260415,2.5261,0.68,,0.6819,6.283,,815703.4383,814260.0786
600875.SH,20260415,3.2694,0.68,34.4996,2.9221,1.7037,1.0544,13217853.166,8650587.1261
002299.SZ,20260415,0.8265,0.79,16.8804,2.078,1.1593,2.6526,2329591.3652,2284289.2217
603613.SH,20260415,3.2343,3.26,13.6384,2.2056,0.3756,0.2423,1957701.2379,1957701.2379
600688.SH,20260415,0.5487,0.75,,1.3035,0.399,0.6993,3015188.605,2096040.661
688153.SH,20260415,0.8002,0.96,329.0342,3.6748,6.3723,,1478985.8085,1406556.4846
002806.SZ,20260415,5.2489,0.54,42.404,2.5882,2.5552,,298108.3022,244270.4865
000020.SZ,20260415,3.2751,0.7,101.7803,10.4821,4.9858,,445412.6101,284973.16
300927.SZ,20260415,3.7365,0.53,15.9776,4.5129,3.4057,0.299,434523.6,424075.6793
600257.SH,20260415,4.4348,0.89,601.3911,3.7956,3.311,,304623.14,304623.14
002061.SZ,20260415,0.5539,0.93,8.8421,0.6646,0.216,3.1843,1048325.4158,1018862.0568
603816.SH,20260415,0.7401,0.77,15.766,2.4372,1.2783,4.5057,2516927.4542,2488477.3318
002878.SZ,20260415,6.6733,1.38,,3.6041,1.4791,,463725.3568,417601.1233
600598.SH,20260415,1.5466,0.78,24.5574,3.5783,5.4766,3.414,2863842.3334,2863842.3334
600281.SH,20260415,1.5358,0.88,,49.0063,6.1428,,277262.6915,277262.6915
600008.SH,20260415,0.7817,0.63,12.6356,1.095,1.1855,6.8852,2238880.1565,2238880.1565
000819.SZ,20260415,1.3844,1.25,,2.5465,1.5262,0.6844,540215.5878,534408.2314
002661.SZ,20260415,1.1283,1.16,25.9946,1.3064,0.6956,4.5841,298158.2791,281541.7762
300107.SZ,20260415,1.9628,0.91,336.2716,2.6036,7.8254,0.2298,391696.4585,241712.1814
000001.SZ,20260415,0.2597,0.9,5.1026,0.4821,1.655,5.3346,21754034.3,21753678.332
002130.SZ,20260415,4.4274,0.99,30.8402,3.9528,4.1745,0.5378,3527716.1522,2890319.6801
603789.SH,20260415,0.9059,0.84,,9.5327,3.7466,,141359.3818,138580.0
002078.SZ,20260415,0.5627,0.84,12.5171,1.334,1.0382,2.7473,4068843.1333,4043828.1345
002361.SZ,20260415,38.1609,1.18,507.1891,7.9656,7.0093,0.2697,1763218.8325,1500114.0123
600696.SH,20260415,1.4812,0.69,,1.257,4.0709,,36122.6985,36122.6985
688403.SH,20260415,4.173,0.7,94.8971,3.6781,8.2346,0.5345,1468348.9059,1468348.9059
601939.SH,20260415,1.0189,1.54,7.3021,0.7145,3.2517,4.0452,247473960.8602,9075600.0953
603727.SH,20260415,2.9199,0.72,90.4101,1.7357,2.9234,0.2496,555550.4142,555550.4142
002066.SZ,20260415,2.0321,0.54,,8.3735,1.3583,0.6588,525956.773,517209.0
688313.SH,20260415,8.6366,0.73,151.5997,34.1122,24.3286,0.0524,5179311.3326,5179311.3326
688336.SH,20260415,2.2556,1.06,19.0331,6.5282,13.1415,0.1375,5518276.2988,5506663.5599
301658.SZ,20260415,13.1917,0.78,109.0285,5.3611,7.0251,0.3068,1693608.2514,400090.3089
002939.SZ,20260415,0.384,0.52,15.3697,1.1855,7.0069,1.8281,3707638.3726,3310844.2009
603272.SH,20260415,4.7338,0.73,163.9292,6.1421,14.8769,0.2892,342798.116,342798.116
000815.SZ,20260415,15.9959,0.76,,10.3947,31.1737,,1403736.0677,1403736.0677
601128.SH,20260415,1.0616,1.24,5.6371,0.7952,2.04,5.2913,2364679.8274,2364679.8274
001239.SZ,20260415,3.5587,1.07,78.0078,2.7378,1.818,,370800.0,176130.0
000002.SZ,20260415,1.2054,1.07,,0.4052,0.2029,,4736491.66,3857623.5384
300929.SZ,20260415,2.1231,0.67,,2.0539,4.4091,,165298.328,158560.9424
301563.SZ,20260415,15.8573,1.13,80.1248,8.2335,2.7809,,1041792.4679,235501.5362
600182.SH,20260415,2.0621,1.8,35.7233,4.8324,1.0324,5.9305,498780.0,249390.0
603187.SH,20260415,1.3164,1.12,15.0811,1.4023,1.8294,5.3268,576532.8316,570483.9414
301108.SZ,20260415,2.5155,0.58,39.9564,1.6406,3.9992,0.625,308741.7992,177838.0573
688511.SH,20260415,0.8002,0.67,87.0601,3.6455,19.7851,1.0381,297165.9384,297165.9384
002211.SZ,20260415,1.4081,0.85,,115.0686,3.448,,156123.7562,156123.7562
301366.SZ,20260415,1.8569,1.05,318.0446,3.2909,6.7563,0.8461,703622.563,392873.7567
688799.SH,20260415,4.9424,1.09,31.5863,3.728,5.0324,0.7379,762706.56,762706.56
002702.SZ,20260415,2.353,0.86,,2.9656,2.0206,,310114.08,255979.0125
300933.SZ,20260415,3.973,2.42,203.4023,2.029,1.4379,0.324,434936.9109,434936.9109
600510.SH,20260415,0.7606,0.65,85.6016,0.8642,1.6533,0.4702,899926.1985,899926.1985
002157.SZ,20260415,9.5526,2.84,,2.7576,2.3649,,3237556.9062,2531988.9725
301319.SZ,20260415,7.2217,1.13,80.0438,5.8588,4.8469,0.9902,686968.9514,516337.8358
301283.SZ,20260415,1.5771,1.14,24.2647,2.2677,1.7699,1.5004,371208.6664,292085.9396
300957.SZ,20260415,1.7624,1.74,43.2699,2.6177,3.0072,2.433,1558424.4,1558424.4
600623.SH,20260415,0.8065,0.57,29.8527,0.9465,0.4536,1.8302,2097357.3046,1853522.3162
301115.SZ,20260415,0.9428,0.49,122.9607,1.4886,2.6595,1.666,375858.8928,316962.2303
002277.SZ,20260415,1.1674,0.95,,1.18,7.4418,0.0879,793284.3232,793284.3232
002219.SZ,20260415,3.0419,0.91,299.4171,4.0081,2.338,,789259.9484,762386.1868
600681.SH,20260415,2.6608,1.24,15.9261,1.5232,1.0108,5.8897,535001.0692,534583.7
000089.SZ,20260415,0.2254,0.54,23.9028,1.2068,2.7312,1.7621,1396574.0356,1396555.5764
300479.SZ,20260415,1.748,0.76,220.0641,6.5678,4.1053,,369451.6219,369240.6844
600319.SH,20260415,1.0136,1.0,,7.0147,3.1624,,282640.1409,282640.1409
002891.SZ,20260415,7.1389,2.61,30.0426,4.0393,2.6039,0.794,1337345.4469,1337345.4469
301133.SZ,20260415,2.2797,0.44,116.5655,3.8558,4.7226,0.3027,528379.8144,483441.4652
300982.SZ,20260415,1.9469,0.77,510.3508,1.5877,2.6873,2.6322,460911.3801,431808.9441
600081.SH,20260415,0.3631,1.05,326.4412,1.3436,0.9801,0.4496,614965.101,614965.101
603662.SH,20260415,1.2177,1.11,48.968,5.761,10.881,0.4936,1586407.9243,1586407.9243
300716.SZ,20260415,3.3005,0.82,,,35.6919,,226908.36,226908.36
601016.SH,20260415,3.8971,0.74,29.1538,1.4908,5.672,2.6887,2624315.9223,2421317.5644
600769.SH,20260415,6.3835,1.81,307.5931,47.3033,72.1154,,568465.4352,568465.4352
688015.SH,20260415,0.9618,1.38,27.656,1.6157,1.6954,1.0088,430192.0918,430192.0918
003041.SZ,20260415,2.5777,0.89,30.358,5.1856,7.7486,1.518,758880.0,721059.318
002174.SZ,20260415,1.1292,0.73,,1.8893,6.4323,,936699.2845,936171.6442
002214.SZ,20260415,0.4649,0.7,,8.5618,32.3793,,1124887.1889,898944.891
000697.SZ,20260415,1.1781,1.1,,4.1668,7.4353,,1393296.1234,651801.1333
000026.SZ,20260415,10.0432,3.54,82.8091,2.1671,2.0609,2.2447,723071.4605,649647.2262
603636.SH,20260415,0.9486,0.86,,2.375,5.4597,,533931.6812,533931.6812
920571.BJ,20260415,6.429,0.85,202.4152,4.15,5.6242,0.9901,560961.5275,285544.9639
002640.SZ,20260415,2.0414,0.68,,11.8449,0.9886,,537524.2589,534150.3917
600021.SH,20260415,1.8042,1.53,18.4115,2.5002,1.2172,1.5479,5095150.3107,5095150.3107
001226.SZ,20260415,1.5567,0.42,151.625,4.4621,4.9734,0.9185,325173.4785,147750.7785
300910.SZ,20260415,1.4567,0.91,19.4546,3.7491,4.0835,2.4321,1432622.6808,1001716.7022
605136.SH,20260415,1.4059,0.7,,1.6793,2.3855,,403662.168,403662.168
300291.SZ,20260415,1.3661,0.8,,2.0328,25.0071,,620705.28,613369.9464
002232.SZ,20260415,0.7755,0.78,222.7124,5.1264,9.3643,0.0564,724764.9592,724764.9592
688279.SH,20260415,1.5679,0.85,90.1151,3.8731,25.4933,0.4484,1972940.2171,1603491.9331
000546.SZ,20260415,5.3907,0.84,,1.234,0.5573,,500805.4807,448678.1527
002169.SZ,20260415,5.1584,1.6,86.0571,4.0978,3.051,0.5369,1166229.1001,1130424.2108
002977.SZ,20260415,5.7415,2.3,,3.4207,44.5864,0.6038,358077.72,198594.7268
688065.SH,20260415,0.5809,0.91,61.8499,1.9763,10.6176,0.8219,3498976.7907,2829966.8672
002563.SZ,20260415,0.8353,1.44,15.6981,1.2299,0.9284,9.6154,1400926.8832,1147688.2508
300044.SZ,20260415,7.3722,1.24,,74.6696,78.955,,537000.0673,502910.8767
603219.SH,20260415,0.4685,0.56,85.4509,5.6838,2.8619,1.2244,915082.0,915082.0
002264.SZ,20260415,2.027,0.86,23.967,2.9761,1.774,1.1925,593844.3225,540195.8183
688687.SH,20260415,2.7742,1.29,123.9773,2.1238,2.7814,1.3673,367359.5629,367359.5629
300615.SZ,20260415,4.844,0.94,,5.1306,5.4747,0.373,259313.5864,203021.2666
688459.SH,20260415,0.2811,0.74,39.7518,1.276,3.9091,1.413,441600.0,441600.0
603688.SH,20260415,7.7855,1.49,182.9945,4.8231,27.835,0.3649,2805893.537,2805893.537
688582.SH,20260415,1.5075,0.81,81.1261,9.7337,46.9976,0.6185,2461455.1961,1533092.1561
300489.SZ,20260415,8.1405,0.63,,13.8838,4.4936,,934444.862,931023.5427
600000.SH,20260415,0.1291,0.93,6.7322,0.4569,1.9356,3.6855,33672202.5213,33672202.5213
301156.SZ,20260415,1.8173,0.88,43.7972,3.6214,4.7774,2.2926,257917.5246,163460.2128
601901.SH,20260415,0.4944,0.61,14.8051,1.1572,5.5959,1.8249,5877720.396,5877720.396
002026.SZ,20260415,1.22,0.88,17.6012,1.5481,2.8434,0.9848,581502.1595,581451.9665
688249.SH,20260415,2.1133,1.09,84.186,2.7234,5.4462,0.3279,5928418.2812,3508808.4509
002412.SZ,20260415,3.179,1.23,19.658,1.4957,3.2166,,338150.4,334551.84
601777.SH,20260415,0.3104,0.76,537.7657,4.4121,4.5396,,4539184.4713,4539184.4713
920699.BJ,20260415,0.5145,0.5,27.5254,5.2113,4.8244,1.659,178759.9254,81789.4254
301360.SZ,20260415,5.3244,1.22,126.2203,3.4608,11.3888,0.4667,400050.0,190950.0
000333.SZ,20260415,0.4647,1.37,13.409,2.7054,1.291,5.1763,58926613.997,53105600.4627
605228.SH,20260415,3.6181,0.9,41.8756,3.1127,3.6534,0.1602,713941.4253,710931.6253
300511.SZ,20260415,4.7249,1.28,,3.0035,2.4505,,452437.9933,395398.136
301148.SZ,20260415,1.4967,0.59,114.2129,3.3236,11.5049,0.7729,584698.8445,295483.9885
000610.SZ,20260415,11.9286,3.06,,13.6135,4.041,,212836.363,211718.3603
300497.SZ,20260415,15.8164,1.12,,4.6798,8.6321,,1022894.3257,837160.2626
002570.SZ,20260415,1.197,0.61,39.5252,3.1583,1.9978,,543261.7965,543237.6525
600793.SH,20260415,0.8662,0.46,199.2629,13.6555,1.1276,,324972.6517,324972.6517
300800.SZ,20260415,1.343,1.09,68.9991,1.3842,3.4692,1.3305,277955.066,275163.881
920266.BJ,20260415,0.7546,0.86,,1.1416,2.3109,,100068.0056,95621.7988
688393.SH,20260415,1.1502,0.82,,1.8485,6.3345,0.4254,219977.6603,219977.6603
603168.SH,20260415,3.1306,1.22,,1.8413,5.376,,248794.1258,247721.8133
920010.BJ,20260415,5.3204,0.65,83.566,3.877,5.2492,0.4367,268502.5,198821.7823
002407.SZ,20260415,9.8058,1.25,,4.3235,4.4371,0.6481,3576059.4373,3245974.6813
002468.SZ,20260415,0.6603,0.41,18.3271,2.2972,0.4514,0.4012,2508984.7501,2404740.7443
300168.SZ,20260415,0.9,0.76,,6.4741,3.9532,,798108.2311,797307.1299
001233.SZ,20260415,4.8296,0.72,20.452,2.8613,5.895,2.8437,1307950.458,248869.1754
688816.SH,20260415,14.0158,2.2,88.2176,3.8516,15.1931,,675100.0,130187.9177
688238.SH,20260415,1.7539,1.27,,3.2852,17.4587,,467306.424,461624.904
688607.SH,20260415,4.2492,1.57,,6.4601,17.1294,0.0971,549043.8382,549043.8382
002716.SZ,20260415,10.4714,1.52,99.0862,9.5349,2.7086,,3370767.8433,2775875.9506
002287.SZ,20260415,0.4642,1.34,20.7606,2.7128,5.553,2.4335,1341617.186,1338971.0693
688239.SH,20260415,2.3195,0.76,63.9189,6.0341,5.8427,0.2723,1188207.0246,1188207.0246
688383.SH,20260415,1.3814,0.6,,7.3436,13.3133,0.2089,967674.68,967674.68
688093.SH,20260415,0.7722,0.78,23.6654,3.3829,8.687,1.6233,944048.8573,944048.8573
600508.SH,20260415,0.8314,0.68,41.9014,0.7311,1.2032,2.2692,923633.604,923633.604
603078.SH,20260415,1.9554,0.8,96.1135,4.5209,7.37,0.3961,876167.8275,876167.8275
300455.SZ,20260415,2.8594,1.89,,10.7343,16.0437,0.0602,1787959.9286,1765178.4881
603598.SH,20260415,7.107,0.78,,26.4432,0.675,,561479.7978,560855.1978
002797.SZ,20260415,3.163,0.44,31.5627,1.9109,7.924,0.9536,3261062.4,3261062.4
301120.SZ,20260415,15.8665,2.1,,5.7813,21.547,0.124,891458.532,524687.4312
920371.BJ,20260415,0.758,1.22,22.6989,3.1651,2.1584,1.0515,195378.7047,184883.3404
688256.SH,20260415,2.9712,1.39,260.8875,45.3886,82.686,,53722690.658,53297818.5376
002476.SZ,20260415,1.7145,0.87,51.5363,3.8054,6.0353,0.1675,365364.0,365320.613
300578.SZ,20260415,3.468,0.95,252.3589,3.5319,9.3038,,419935.3093,419821.7316
002495.SZ,20260415,2.8111,0.85,117.7797,2.1399,9.0572,0.3126,234842.0256,175894.1503
688776.SH,20260415,2.457,1.51,,5.2085,32.633,,912046.4709,912046.4709
603023.SH,20260415,3.4039,1.32,1104.6346,3.1753,18.8995,,244455.4243,244455.4243
002327.SZ,20260415,1.8812,1.54,14.4566,1.7012,2.1483,8.7943,590963.105,346118.1059
688305.SH,20260415,0.8623,0.99,85.6348,4.0093,13.7748,0.3295,760093.2915,756130.5964
001872.SZ,20260415,0.1114,0.79,11.647,0.8344,3.1142,3.4261,5370825.5083,4981531.7978
000877.SZ,20260415,0.115,0.61,,0.4514,0.4562,,3398815.0297,3398814.3127
600664.SH,20260415,18.1574,2.2,24.8961,1.9764,0.7015,,1118218.3849,1118218.3849
000978.SZ,20260415,16.3151,1.26,344.963,3.5141,8.6441,,380589.69,380581.7633
603683.SH,20260415,5.6528,1.18,128.0193,5.0767,4.0344,0.3156,820807.8269,812349.812
000037.SZ,20260415,10.6329,1.16,37.0181,3.5536,14.8409,,596132.2074,335180.1604
920175.BJ,20260415,0.7691,0.88,,1.7407,4.8747,,115549.0,76976.8601
601606.SH,20260415,1.8769,0.81,,13.0027,18.7438,,2877359.4332,2877359.4332
600084.SH,20260415,0.4736,0.87,645.7885,5.9237,48.1275,,766381.6981,766381.6981
300170.SZ,20260415,5.1359,0.77,92.2755,3.6951,6.1222,0.226,2090952.7056,1995664.5256
002323.SZ,20260415,4.9834,0.91,,12.6159,12.0995,,441137.8695,441039.4402
920405.BJ,20260415,1.4673,1.06,49.285,3.565,4.9068,0.6634,290057.68,227645.9694
600409.SH,20260415,2.5769,1.34,62.4904,1.0156,0.7261,1.0673,1412015.0224,1412015.0224
688260.SH,20260415,5.7763,2.67,,24.8899,6.0404,,340200.0,340200.0
300761.SZ,20260415,1.7216,1.13,28.4057,2.0389,0.992,2.7061,1838644.1316,1379123.4215
300385.SZ,20260415,14.133,1.01,,146.0919,10.6794,,457076.2187,398789.1325
601609.SH,20260415,1.1888,1.03,23.4162,1.7964,0.1439,0.8952,1785683.2534,1785683.2534
002177.SZ,20260415,10.1046,0.64,589.9732,3.4746,98.6061,0.09,592206.8267,525086.9532
605268.SH,20260415,1.8372,0.78,31.3798,3.3143,1.6544,1.6051,556092.915,548853.655
002486.SZ,20260415,2.1974,0.88,42.8231,2.1372,1.9088,,231623.5511,230551.1919
300589.SZ,20260415,6.4802,1.04,,7.7094,6.0838,0.0623,606157.1336,371729.097
301331.SZ,20260415,1.2868,1.39,52.4734,2.6066,3.0741,1.9707,273177.96,272657.3941
600550.SH,20260415,9.0849,2.77,129.3195,33.0801,5.0337,,2951970.1534,2951970.1534
300270.SZ,20260415,2.2001,1.23,,5.5066,21.389,,310376.1787,267453.5042
000798.SZ,20260415,1.7159,0.67,45.0803,8.7179,0.8696,,377566.1908,377542.9708
301282.SZ,20260415,21.2616,1.44,66.0425,3.4751,2.8974,0.626,597002.8736,464449.5162
603712.SH,20260415,1.1637,1.09,,3.0462,7.3212,,1271484.0,1271484.0
688079.SH,20260415,3.1698,0.78,,4.9116,9.4779,,629139.4312,618182.7395
601686.SH,20260415,0.3695,1.2,10.3527,1.3388,0.1621,7.4521,854968.8302,854968.8302
002860.SZ,20260415,5.3528,3.41,23.6167,2.0568,2.187,0.7551,471223.396,460517.5546
000751.SZ,20260415,3.1925,1.15,124.6131,2.3666,0.479,,853052.9542,744410.7153
002580.SZ,20260415,23.8553,0.79,57.6042,4.9286,3.4106,0.1583,1146926.9453,1143060.1476
605258.SH,20260415,4.427,0.79,46.2235,2.6868,3.3277,1.9204,320760.0,320760.0
000028.SZ,20260415,2.0595,1.66,12.9596,0.791,0.2005,1.3837,1472114.6287,1264449.7883
301004.SZ,20260415,0.9764,2.0,12.2131,4.3233,2.5947,6.556,695495.7553,649232.0643
688268.SH,20260415,8.2913,0.76,85.9947,6.2923,8.2042,0.6166,1163964.8569,1163179.1569
600742.SH,20260415,0.9715,0.75,15.002,0.897,0.3798,6.6337,750488.4588,750488.4588
300642.SZ,20260415,2.0643,1.01,174.2157,1.8852,7.4249,0.8713,277300.1339,234928.084
920580.BJ,20260415,1.8141,0.63,62.6425,3.2436,7.9499,0.5431,110854.0,70589.6024
002229.SZ,20260415,23.6952,1.95,,8.6061,9.3629,,948718.1251,942914.5837
000619.SZ,20260415,1.9614,0.84,,1.0041,0.5548,,251907.4025,205560.0
002790.SZ,20260415,0.8399,0.49,27.5263,1.5182,1.591,2.611,320090.1818,199694.285
300097.SZ,20260415,20.6808,4.71,,13.2044,16.3102,,283644.3246,265418.3044
601918.SH,20260415,1.6614,0.87,8.9501,1.1359,1.5568,2.8455,1911819.8484,1911819.8484
002985.SZ,20260415,3.2884,1.72,61.6974,4.5873,13.444,0.0618,1234163.5384,1230763.7811
002538.SZ,20260415,2.2217,0.99,32.1391,1.1236,1.2504,1.757,582978.5861,582975.0263
603053.SH,20260415,0.2639,0.71,17.66,1.7762,1.634,3.112,856889.96,856889.96
603679.SH,20260415,2.6794,0.83,,2.6322,5.3791,,243607.8035,243607.8035
600619.SH,20260415,2.8933,0.6,257.0495,3.0145,0.9006,0.0756,1846152.3783,1357380.6526
300679.SZ,20260415,5.1961,0.45,32.4415,3.4596,3.2425,1.1481,1740487.54,1472631.1905
603757.SH,20260415,12.4542,0.93,74.6125,5.1157,5.6005,1.169,1079735.5351,1079735.5351
603516.SH,20260415,2.9906,0.86,5768.0337,20.928,80.4764,0.1735,2913444.2429,2913444.2429
600771.SH,20260415,1.0441,0.68,102.9222,5.1422,6.1053,,847798.6562,847798.6562
000962.SZ,20260415,4.8856,1.35,90.8456,5.9414,15.2048,0.2733,2346142.8184,2231378.1867
002920.SZ,20260415,1.3832,1.28,25.4064,4.2481,1.9147,1.191,6233673.0758,5794138.7751
605500.SH,20260415,0.6281,0.69,42.2842,1.4602,1.4069,1.6667,372960.0,372960.0
688039.SH,20260415,1.6015,0.75,,4.4229,13.529,,471715.0734,471715.0734
300852.SZ,20260415,3.0729,1.05,53.034,3.0215,3.5175,0.2911,679486.0914,655930.0645
002652.SZ,20260415,2.8273,0.81,,9.5977,7.9911,,240670.08,240670.08
920662.BJ,20260415,6.7776,0.98,115.2089,4.8858,5.8046,0.6714,224303.1051,69189.5821
600575.SH,20260415,0.8801,0.84,15.5364,1.2001,0.6793,,2637379.5186,1430144.0719
000509.SZ,20260415,2.3087,0.86,,31.5628,5.1569,,389545.4829,389544.3053
603081.SH,20260415,1.0799,0.94,49.1183,1.599,2.1565,1.0744,511223.9703,511223.9703
601698.SH,20260415,1.8847,1.95,325.2279,8.9757,54.2587,0.0951,14350237.2446,14350237.2446
002847.SZ,20260415,0.9076,0.59,20.0739,7.0443,2.6073,2.5418,1502357.6216,1353678.4379
920504.BJ,20260415,1.1708,0.92,63.57,4.5935,7.9135,0.2285,94812.8228,37397.0881
301536.SZ,20260415,2.7533,0.9,102.0072,9.7173,10.5838,0.2677,3145573.9155,1396274.5413
300977.SZ,20260415,2.768,1.3,136.126,2.1747,6.135,,300647.7858,187234.1139
300185.SZ,20260415,3.7303,0.97,182.5852,1.8416,1.9478,0.3303,1287543.2862,1226883.7065
002746.SZ,20260415,1.6195,0.99,18.5106,1.1674,0.9458,4.0453,531812.9333,438579.9083
301003.SZ,20260415,3.3106,0.75,49.3748,4.4547,9.2262,3.4702,503830.5464,389753.0162
600066.SH,20260415,0.8991,0.89,14.5285,5.1723,1.948,4.1152,8069808.4678,8069808.4678
301068.SZ,20260415,0.5346,0.5,222.055,5.6949,3.5568,0.7195,450231.954,321078.1505
603085.SH,20260415,3.0263,2.51,602.63,5.1364,1.7425,,457856.3,457856.3
002978.SZ,20260415,0.9394,1.04,19.6471,1.8457,7.4872,1.495,1575502.4798,1232655.1646
688098.SH,20260415,2.0389,0.47,,2.6756,12.9062,,372043.464,372043.464
300432.SZ,20260415,4.3505,0.95,105.3725,9.4407,3.7119,0.2819,4332532.4532,4283868.121
301221.SZ,20260415,3.1274,1.06,75.8655,2.4102,7.0371,0.3837,482840.0499,326975.9321
002246.SZ,20260415,3.2768,0.7,53.2913,4.5882,5.0962,0.1763,1401685.8291,1401685.8291
000952.SZ,20260415,2.4838,1.05,,2.489,3.9662,,240297.9849,238387.8663
603215.SH,20260415,0.8071,0.59,32.7503,2.9676,1.544,1.5489,360468.0588,359104.0328
301130.SZ,20260415,4.0134,0.86,61.2951,2.631,9.5418,0.8246,241187.7418,186081.7361
920344.BJ,20260415,1.4925,1.26,522.8086,4.2909,9.3914,,268591.05,250770.5906
002832.SZ,20260415,3.7722,1.89,15.6775,1.8333,2.3787,2.9663,1000449.5183,682650.2519
605499.SH,20260415,1.1059,1.25,24.7511,5.7013,5.235,2.584,10928274.345,10062251.55
600630.SH,20260415,0.8618,0.93,106.6631,4.3799,1.8557,0.4786,337340.108,337340.108
688646.SH,20260415,1.4529,1.0,,3.3521,6.0143,,482960.0164,297405.0035
600807.SH,20260415,3.0855,1.25,,59.2818,8.0089,,260082.6109,231383.4284
601328.SH,20260415,0.5659,1.3,6.404,0.5359,2.3102,4.3468,61236102.4665,18068200.6213
688712.SH,20260415,20.4159,3.01,219.6155,10.4448,32.6611,,1770582.0,157589.0162
600559.SH,20260415,0.6389,0.97,19.6678,2.3532,2.6985,4.0531,1241312.2815,1234204.3155
300420.SZ,20260415,1.6022,0.89,,1.7106,4.0475,,404130.8491,404099.4637
300639.SZ,20260415,11.1706,1.82,,1.1766,6.5384,,451903.9711,443979.8953
688382.SH,20260415,4.0833,1.46,,8.0082,329.8896,,1230147.2404,1230147.2404
301258.SZ,20260415,0.96,0.91,38.9327,1.547,6.7277,0.2794,295727.42,287323.69
688100.SH,20260415,0.6296,1.24,28.1905,5.5352,6.3079,1.4274,1878237.3685,1878237.3685
600596.SH,20260415,2.1279,0.84,110.9176,1.3074,1.1081,0.8285,1628963.6381,1628963.6381
300961.SZ,20260415,7.8474,1.82,,3.3237,7.4967,,243760.0,209782.0079
603296.SH,20260415,2.165,0.76,24.7727,3.8933,0.5858,0.9077,10043561.4175,5640979.9056
600519.SH,20260415,0.2759,1.3,20.4128,8.0932,10.2909,3.5192,183770654.0513,183770654.0513
300296.SZ,20260415,4.9438,0.98,,2.5843,2.9849,1.2989,2085510.4837,1748848.4573
601567.SH,20260415,2.2295,1.51,18.174,3.0519,2.3502,5.3702,3583283.97,3583283.97
605336.SH,20260415,2.0189,0.86,136.1429,1.396,8.5274,2.2839,260995.9164,260995.9164
002445.SZ,20260415,5.3617,0.88,76.7474,3.525,6.7582,,798540.1304,795104.0069
002397.SZ,20260415,2.4243,0.73,96.915,2.5573,1.8822,,305094.8287,264327.7344
688496.SH,20260415,4.6502,1.6,,2.8403,3.9324,,264600.0,139912.0128
300083.SZ,20260415,1.3732,1.0,87.5126,2.3984,2.3563,,1253641.5295,1123879.0161
300854.SZ,20260415,16.8303,1.41,,2.9838,4.6961,0.4243,285796.35,232309.539
688591.SH,20260415,8.237,3.38,65.2169,3.4094,8.1779,0.5841,830083.7121,580772.0035
600399.SH,20260415,2.2903,1.29,,2.0929,1.4822,0.3061,1153678.5,1153678.5
600015.SH,20260415,0.2548,0.83,4.2537,0.3664,1.2588,5.5708,11570152.9962,11186511.8356
920274.BJ,20260415,1.9819,1.83,95.3445,3.5807,2.834,0.4574,175761.3348,175761.3348
688289.SH,20260415,0.4491,0.7,53.3922,1.4863,6.4187,2.9144,1057962.499,1057962.499
300823.SZ,20260415,2.871,0.85,65.0503,2.2225,5.0969,2.0426,209048.4323,135323.9239
600586.SH,20260415,1.8039,0.65,,1.3596,1.5397,0.2806,746936.9679,746936.9679
301592.SZ,20260415,15.3059,2.77,140.8837,10.1544,17.5673,0.5504,890260.0,297072.4364
300545.SZ,20260415,6.5652,1.07,41.7296,2.8251,4.5504,0.5969,603305.8561,388925.2156
920593.BJ,20260415,1.0501,0.82,173.1708,6.9479,18.2668,0.5375,500310.2466,424873.4182
603980.SH,20260415,2.7972,0.65,75.3912,1.0981,2.7768,1.1111,426405.0168,426405.0168
002342.SZ,20260415,30.074,1.09,1006.9982,7.1919,6.8312,,1755840.0,1746128.01
000830.SZ,20260415,1.6618,0.85,20.5497,1.5931,1.0084,2.2025,3035484.5035,3035245.2728
003030.SZ,20260415,1.4098,0.8,131.8792,2.4709,1.3103,0.7401,251681.26,160121.2595
000156.SZ,20260415,0.5405,0.84,29.8729,0.9248,1.5182,2.3936,1393405.1964,1278306.6595
688657.SH,20260415,1.9376,0.73,62.0303,2.2265,9.489,1.4442,315123.7253,197424.247
300098.SZ,20260415,2.0885,0.88,,3.3851,5.1456,,919286.8235,815582.3787
002181.SZ,20260415,8.3348,0.79,164.4279,3.5752,25.4942,0.5215,1514019.8589,1479436.3836
000927.SZ,20260415,2.3223,0.7,31.2013,1.8437,0.5236,0.9091,1796955.0314,1796954.1226
603657.SH,20260415,1.1647,0.71,240.3841,3.6791,1.3854,0.1356,346897.6683,346897.6683
603612.SH,20260415,3.5138,1.28,18.5886,2.3508,0.7949,0.7888,1318980.6074,1318980.6074
603779.SH,20260415,1.3505,0.7,,3.7335,5.2078,0.1463,204230.8937,204230.8937
300576.SZ,20260415,2.1698,0.84,109.7341,7.5223,12.1748,0.2154,1273127.3127,808473.0288
600697.SH,20260415,1.8095,0.85,,0.8147,0.2709,0.8511,186928.4881,182566.8176
300179.SZ,20260415,11.3987,0.72,121.5562,9.2292,19.9808,0.8531,1132708.2048,872125.7395
301207.SZ,20260415,1.1954,1.33,66.6021,2.1357,10.1312,3.9071,1218282.7425,1217513.8001
002629.SZ,20260415,4.7007,0.97,770.3094,76.9831,10.7622,,275685.406,273871.3798
688557.SH,20260415,1.0299,0.54,29.2561,2.5939,2.1319,1.0532,320257.7972,320257.7972
002545.SZ,20260415,1.3881,0.91,29.1804,2.8613,6.0347,1.3812,2702102.8443,2454715.5738
688629.SH,20260415,16.2112,1.46,169.6784,33.4006,24.0698,,6084183.3835,2399172.6543
002992.SZ,20260415,0.7967,0.74,,12.4535,6.3334,,913024.8695,797783.4061
000422.SZ,20260415,4.427,1.18,18.9787,2.8611,0.6574,1.2835,1686843.8883,1640735.7603
300466.SZ,20260415,1.0832,0.99,,6.4041,8.6927,,461626.7807,386927.8036
600173.SH,20260415,7.032,2.24,,1.4618,1.7203,,521176.6455,521109.6855
688484.SH,20260415,1.4965,1.52,67.0674,3.8222,4.8966,0.531,1596894.2768,1596894.2768
300870.SZ,20260415,6.832,1.17,110.6583,14.4679,8.1515,0.2962,3685237.0178,3684831.4178
920082.BJ,20260415,1.6102,0.87,35.3229,4.1187,2.9906,2.1206,219340.695,59706.6226
600782.SH,20260415,1.1159,0.83,11.5676,0.4249,0.297,0.2832,1123959.8186,1110415.2086
301018.SZ,20260415,6.4562,0.75,267.1502,12.3626,9.2482,0.1298,3280162.0616,2438144.9927
300259.SZ,20260415,2.2847,1.05,22.449,1.8429,5.2768,2.0201,562674.5292,562545.4841
603676.SH,20260415,0.7241,1.31,20.7509,3.1501,3.9445,3.0678,460836.0285,460836.0285
605303.SH,20260415,8.4389,1.39,,3.8986,6.4104,,358269.5206,358269.5206
301413.SZ,20260415,8.3677,1.77,128.2593,9.573,10.5004,0.2465,1197552.1575,714986.21
688539.SH,20260415,4.6708,1.83,115.7637,4.0157,17.2646,0.5219,704450.88,396784.08
688479.SH,20260415,2.7852,0.82,109.9896,2.5057,9.1803,1.5188,469320.1848,202656.1848
688719.SH,20260415,3.738,0.83,,3.4085,6.404,0.3246,576927.09,448611.49
002709.SZ,20260415,8.222,1.12,71.8479,5.4577,5.877,0.2983,9785096.3712,7243252.8912
920857.BJ,20260415,0.5595,0.66,,5.2228,4.7569,0.3945,187608.1303,187608.1303
000068.SZ,20260415,0.8458,0.9,,5.4376,3.9423,,328174.8973,328174.8973
301135.SZ,20260415,1.2138,0.79,71.208,2.2731,2.0362,1.0386,284140.224,213096.1103
603026.SH,20260415,17.2032,1.93,1443.9095,4.6747,3.3717,,2295595.5031,2295595.5031
002079.SZ,20260415,4.1045,1.87,83.7781,2.5934,1.8783,0.1918,802598.2408,801845.772
688335.SH,20260415,1.0776,0.78,462.5788,4.4509,14.9898,0.5731,510867.377,510867.377
002558.SZ,20260415,3.2846,0.78,36.4925,4.0961,12.0682,0.9,6091301.1171,6091301.1171
603205.SH,20260415,1.6266,0.86,39.1616,2.7706,4.0886,1.0425,404040.0,107070.6
600458.SH,20260415,1.0857,0.64,21.311,1.3829,0.5098,2.2225,1094566.1395,1013931.765
002584.SZ,20260415,3.0467,0.92,,1.9758,0.6196,,443008.8315,354598.8809
002318.SZ,20260415,1.1091,0.97,17.1559,3.591,2.1658,3.142,2928580.6478,2861202.4805
000823.SZ,20260415,6.1654,0.92,37.7074,1.7616,1.3249,1.2804,838796.4867,838760.9606
920429.BJ,20260415,1.2367,1.23,40.9262,1.8705,1.3774,1.9291,159578.232,145507.5013
000551.SZ,20260415,2.3497,0.67,23.3028,2.3662,1.6284,0.5877,687351.4592,687087.9324
600792.SH,20260415,1.6843,0.64,,1.5653,0.811,,445079.3636,445079.3636
603382.SH,20260415,1.5882,0.73,35.5443,2.825,1.0442,0.7402,489741.1963,97948.3646
300176.SZ,20260415,2.3685,0.91,106.3455,2.9035,1.5092,0.2797,276905.772,276905.772
000016.SZ,20260415,2.1416,0.81,,6.0501,0.7174,,765726.6397,507716.8284
300339.SZ,20260415,2.1413,0.87,248.545,9.0413,8.6449,0.1724,3206350.0459,3130965.9174
600287.SH,20260415,0.9272,0.73,100.2086,1.0786,0.8946,,248973.7622,248973.7622
688387.SH,20260415,7.611,1.83,,9.6361,9.4102,,5774268.75,3406336.6908
600151.SH,20260415,4.6985,0.8,,4.4988,5.5341,,1995044.9312,1995044.9312
600560.SH,20260415,0.9532,0.93,63.1022,3.3199,4.1106,0.4876,325627.848,325627.848
301180.SZ,20260415,6.5027,1.1,,6.3277,6.2485,,834020.85,342227.7342
000903.SZ,20260415,1.1613,0.98,,3.6676,1.0969,,487580.7913,483905.9353
301235.SZ,20260415,8.3397,1.32,51.0375,3.0403,2.6843,0.0936,552895.3226,373182.4861
002547.SZ,20260415,3.3412,0.91,,,1.5409,,337289.0932,330337.3426
601965.SH,20260415,0.5778,0.89,16.1796,2.1895,3.4529,1.9883,1715223.8568,1707273.7932
603729.SH,20260415,2.0014,0.75,,5.0161,3.683,0.0601,153260.996,153260.996
000995.SZ,20260415,10.7691,1.53,,16.7949,16.9622,,247661.568,247661.568
002357.SZ,20260415,4.1077,0.87,18.5104,2.0398,4.2222,0.9009,347972.83,347960.3425
603701.SH,20260415,1.4615,0.59,545.0662,7.8292,6.8229,0.1663,628836.7338,628836.7338
300864.SZ,20260415,0.5712,0.65,20.7892,2.4311,4.0134,4.1413,321190.3292,321190.3292
600403.SH,20260415,0.4576,0.67,,3.6838,3.2906,,1353199.8195,1353199.8195
601966.SH,20260415,0.6035,1.13,17.2174,0.9038,0.8569,1.8227,2079637.3125,2079637.3125
603444.SH,20260415,5.1566,1.99,15.7982,5.1422,4.567,4.077,2833664.6667,2833664.6667
000035.SZ,20260415,2.0526,0.85,70.0195,1.566,3.0141,0.5223,1609534.0863,1558979.3542
600197.SH,20260415,0.424,0.87,31.3266,1.4933,3.0852,3.7344,570175.534,570175.534
603580.SH,20260415,2.6941,1.76,,5.7238,10.459,0.4447,240961.3808,240961.3808
600516.SH,20260415,1.0397,0.97,525.4627,1.3824,6.6957,0.3374,2238439.5246,2238439.5246
300436.SZ,20260415,13.5922,1.61,,51.9753,46.1933,,1990837.5,1709024.6125
603557.SH,20260415,1.5749,0.79,,32.4002,10.328,,253738.8134,253738.8134
603861.SH,20260415,3.6729,1.0,40.8961,2.2644,1.8397,0.8148,902141.1569,882210.8318
920471.BJ,20260415,1.6116,0.56,,2.0379,2.4353,0.7966,102835.2,65545.8303
601222.SH,20260415,1.2941,1.08,62.6434,0.832,2.4065,1.4216,1263515.2766,1263515.2766
301596.SZ,20260415,2.22,0.74,49.8711,6.2731,8.1453,1.1593,532517.7353,216115.9463
600261.SH,20260415,0.9019,0.74,27.1564,1.4079,1.8034,3.8251,488629.3856,488629.3856
688182.SH,20260415,1.1868,1.26,97.6005,5.2755,16.1993,0.3838,1172400.0,1172400.0
000629.SZ,20260415,1.2102,1.29,,2.5417,3.5115,,3121758.4759,3121550.1909
300433.SZ,20260415,1.6239,0.93,38.8762,2.8648,2.0992,1.6847,15619794.2343,14705342.3266
000813.SZ,20260415,1.8774,1.44,,1.4707,18.7899,,731889.8335,731769.4285
603004.SH,20260415,2.9088,0.8,30.3048,2.6032,7.1389,0.9174,539105.28,134776.32
600722.SH,20260415,7.1783,0.54,195.8863,7.5218,19.9851,,938841.1529,938841.1529
000600.SZ,20260415,1.6049,0.74,9.9293,1.4334,0.6877,2.4939,1666188.5634,1007207.0094
600322.SH,20260415,2.7125,1.06,,,1.0574,,267579.4,267579.4
600448.SH,20260415,2.2368,0.76,,1.7771,0.6401,,200282.6525,200282.6525
688253.SH,20260415,4.566,4.18,40.4261,2.8769,13.9896,1.2743,590402.402,590402.402
300892.SZ,20260415,2.0907,1.17,111.784,2.6465,3.3601,0.3561,278000.0,179483.75
603321.SH,20260415,1.0534,0.9,54.032,1.7542,3.4391,2.4099,252595.9756,249464.6756
600303.SH,20260415,2.9823,1.05,,1.8371,1.212,,206448.4717,204032.4717
301525.SZ,20260415,2.6874,1.18,43.87,2.0655,5.2512,0.6302,673480.3353,352773.9478
000410.SZ,20260415,0.7755,1.13,133.1972,2.9634,5.7445,,1751037.2589,1111085.439
300234.SZ,20260415,3.3663,0.97,,2.5857,9.8878,0.2422,290832.89,198824.5114
603400.SH,20260415,6.4301,1.14,42.2779,5.6735,4.8307,1.312,686000.0,137200.0
300599.SZ,20260415,7.3549,0.99,,1.9274,3.9538,,382126.382,226567.7851
000554.SZ,20260415,8.8604,0.84,24.0987,3.3997,1.2128,1.8296,383673.0678,289397.2512
002038.SZ,20260415,16.6917,1.07,98.9724,1.4563,14.3287,0.2478,829071.45,687494.1695
000158.SZ,20260415,2.3373,1.68,839.3025,5.1939,3.7239,,2807170.9621,2788372.7626
002122.SZ,20260415,0.5397,0.68,,2.7325,5.6712,,596447.1714,592489.2882
300223.SZ,20260415,5.1718,0.97,144.2135,4.3584,11.4442,0.0888,5425687.8894,4728895.6577
301183.SZ,20260415,11.4848,0.65,156.1784,15.9931,18.2232,0.0669,1494224.691,1095404.0632
600177.SH,20260415,0.3948,0.81,12.9047,0.7986,2.675,6.0083,3361242.2628,3361242.2628
002160.SZ,20260415,2.3232,0.76,103.4303,1.3982,0.6198,,520521.7082,519487.6625
301439.SZ,20260415,2.0992,1.03,30.9214,2.0998,1.6269,1.2516,621784.6908,292828.5846
002817.SZ,20260415,1.8766,0.77,36.4979,2.4704,5.1514,0.8953,237184.8488,230001.1609
603876.SH,20260415,2.9925,0.81,59.8846,3.1391,0.8825,0.4053,2295290.0161,2295290.0161
603611.SH,20260415,0.7447,0.73,12.2978,1.6633,0.789,4.3777,527824.0208,527824.0208
688053.SH,20260415,1.2565,1.42,,2.4286,20.1043,,385800.0,385800.0
601229.SH,20260415,0.2443,0.95,5.8027,0.5959,2.5636,5.2628,14038509.6496,14038509.6496
603160.SH,20260415,1.0879,0.78,38.0755,3.3911,6.7305,0.7876,3187301.2743,3187301.2743
301217.SZ,20260415,6.9011,0.99,5546.5887,6.9395,6.004,0.0441,3743834.1967,3743834.1967
300419.SZ,20260415,1.6946,0.86,,6.2117,8.6866,,268092.4983,268092.4983
301073.SZ,20260415,3.845,1.73,322.6607,5.7624,7.9814,0.8076,541740.6142,496408.087
603991.SH,20260415,4.9172,1.76,,5.2379,30.1714,0.0091,1678890.5517,819437.768
000803.SZ,20260415,2.5666,0.66,49.3881,2.6044,2.6482,,382362.8455,377025.9796
688105.SH,20260415,0.3415,1.05,,2.0506,5.649,0.7665,778366.5026,778366.5026
920101.BJ,20260415,1.4321,1.09,25.8712,2.9297,3.4191,,310146.4973,96780.6972
601868.SH,20260415,1.8213,1.01,21.4372,1.0613,0.2764,0.8583,12519971.8578,9177329.921
600779.SH,20260415,0.4039,0.9,29.6717,3.195,4.2583,2.923,1608273.0502,1608273.0502
301687.SZ,20260415,10.5956,1.21,63.9675,5.6005,11.9903,,831543.968,167229.0102
601456.SH,20260415,0.3841,0.61,26.3258,1.0075,6.8922,0.6015,5288631.9024,4074969.8854
002664.SZ,20260415,1.4822,0.9,155.9203,2.4509,1.446,,864975.8,853058.7305
000536.SZ,20260415,1.003,0.66,,20.5548,8.04,,1175563.9413,1174310.0693
688269.SH,20260415,1.0866,1.16,44.7978,4.681,2.4293,0.7937,494061.12,494061.12
002885.SZ,20260415,16.4031,3.58,104.215,4.7953,2.0091,0.0839,706009.6186,601745.3437
001388.SZ,20260415,4.6868,1.69,44.7088,4.415,5.9687,1.5209,615420.0,123084.0
002289.SZ,20260415,0.5981,1.16,,33.3133,26.2355,,728939.9595,728159.6595
600901.SH,20260415,0.568,1.07,12.6591,1.65,6.7185,5.7891,4002179.7038,4001202.6298
002353.SZ,20260415,2.4187,0.68,39.5169,5.061,7.1269,0.7668,11209173.6597,7589634.1077
300435.SZ,20260415,2.8757,1.16,152.3646,3.1314,3.6782,0.7438,1037182.257,991742.5401
300084.SZ,20260415,4.4369,0.89,,4.3203,8.9116,,538893.2929,366867.7363
002365.SZ,20260415,3.6059,1.36,162.6104,2.0904,5.1821,0.6999,413144.865,344275.2616
300653.SZ,20260415,1.4073,1.51,43.9242,4.0696,9.9407,2.2574,361980.0,361980.0
002206.SZ,20260415,1.4411,0.85,13.8174,1.8666,1.229,2.7758,731028.3414,536547.4955
603045.SH,20260415,5.249,0.85,75.3529,4.4058,0.9636,0.1841,448865.2437,448865.2437
002363.SZ,20260415,4.0092,0.93,67.5088,1.6368,1.6049,0.7185,348941.3669,347989.5858
688535.SH,20260415,4.4866,1.19,491.3126,5.5718,26.0129,0.1348,1191537.7484,1001442.9817
600640.SH,20260415,0.526,0.85,441.7685,2.3866,4.6997,0.0754,949265.2564,949265.2564
002695.SZ,20260415,1.1407,1.21,99.0969,2.2175,3.7362,0.989,622259.4107,568738.0534
301315.SZ,20260415,2.7125,0.66,102.823,4.3699,18.8681,0.7919,444488.0,186887.0
000628.SZ,20260415,7.3647,1.13,177.519,9.2139,4.073,0.0951,2037235.24,1111715.7371
003029.SZ,20260415,4.8344,3.18,,4.0338,10.2938,,418606.9308,380726.0661
300571.SZ,20260415,10.7583,0.64,,3.3455,5.0897,,486116.5763,402879.9177
000338.SZ,20260415,2.4916,0.96,21.2021,2.487,0.9997,2.6395,23174976.2754,13309291.4385
688512.SH,20260415,4.0599,1.08,,3.6259,7.3422,,595692.3672,414151.6977
002735.SZ,20260415,3.229,1.16,,3.3512,2.4993,0.0886,560630.0034,425878.6555
603096.SH,20260415,0.9932,0.89,38.901,1.4116,3.9983,4.7004,262507.33,262507.33
688596.SH,20260415,2.9382,1.65,67.9137,2.5997,1.9046,0.8727,937101.8089,937101.8089
301491.SZ,20260415,2.0862,1.12,29.9643,3.1295,4.1829,,654417.0,145003.8419
300547.SZ,20260415,10.6466,0.66,44.0335,6.6228,5.7332,0.7077,846367.8909,689222.087
603391.SH,20260415,3.8396,0.6,27.2347,2.7169,5.4066,1.8488,615251.0,153812.75
003043.SZ,20260415,5.7283,1.69,114.6711,4.2279,7.5152,0.3906,729782.6896,457107.2459
300062.SZ,20260415,5.9898,1.6,,3.0144,4.3859,,484421.8375,352546.7043
600761.SH,20260415,0.9825,0.75,12.7206,1.4377,0.786,4.0023,1557821.639,1557821.639
300070.SZ,20260415,2.059,1.31,241.8791,0.5398,1.8949,0.0983,1475053.2107,1397950.5235
300981.SZ,20260415,3.2904,0.57,,1.0976,2.3741,1.6486,589260.4537,540029.9237
300407.SZ,20260415,3.6474,1.15,59.5049,2.1731,1.5532,0.7516,419573.0863,338153.0026
603377.SH,20260415,0.7158,0.83,,3.2682,4.1039,,265421.7048,265421.7048
002487.SZ,20260415,3.2694,1.05,44.7981,6.0093,8.006,0.2232,4942557.4548,4889632.0615
300263.SZ,20260415,3.4948,1.0,67.1404,2.507,3.3889,0.4233,1052601.4091,992113.1415
603421.SH,20260415,3.3903,0.62,,1.9374,2.8588,,542622.5052,542622.5052
688006.SH,20260415,3.4658,1.66,48.0975,3.2861,5.9123,0.4225,1771777.7661,1771777.7661
603258.SH,20260415,0.8119,0.48,,2.2202,11.4136,,439257.9567,434655.7714
300146.SZ,20260415,1.0755,1.02,24.2023,1.704,3.0213,3.2015,1892986.5977,1254046.1334
920505.BJ,20260415,2.9513,0.57,153.6435,7.5354,15.6419,0.3767,257589.7558,143326.0615
601801.SH,20260415,0.5049,0.57,14.9328,1.0292,1.495,3.2733,1196295.9858,1196295.9858
920221.BJ,20260415,1.4089,1.23,28.5028,4.0659,4.8503,2.266,170694.84,90856.1797
300879.SZ,20260415,2.264,0.95,40.9384,3.5256,1.4081,0.0861,485959.598,482669.3036
603190.SH,20260415,2.2556,0.82,28.7104,1.4094,1.7689,1.0012,314338.96,103775.729
688711.SH,20260415,1.8881,1.0,335.5359,5.6234,4.3446,,584939.8129,584939.8129
920833.BJ,20260415,2.1685,1.29,43.5467,2.0466,2.8616,2.2951,125599.0,95250.3563
601991.SH,20260415,1.0256,0.95,9.7466,2.1145,0.5937,3.0103,7199110.3861,4822078.6622
002129.SZ,20260415,1.4535,0.78,,1.5975,1.2081,,3509424.491,3506528.8664
300645.SZ,20260415,1.9037,0.88,273.9977,2.3282,1.9842,0.1154,240586.3299,235869.5117
600572.SH,20260415,8.2006,5.81,17.6994,1.7219,1.8513,3.1057,1217709.6677,1214473.5782
300386.SZ,20260415,1.9758,0.81,1012.7379,4.0432,8.5561,,594040.524,356326.6249
600233.SH,20260415,1.6262,3.13,18.5888,2.2052,0.9969,1.6732,7358820.5617,7358820.5617
603319.SH,20260415,4.5096,1.25,78.3466,4.7746,5.5547,0.5381,1178545.1311,1178545.1311
603110.SH,20260415,2.8435,0.7,749.7028,4.7964,8.0671,0.3014,333835.1484,333835.1484
600667.SH,20260415,8.1978,1.13,35.156,2.3799,0.6208,0.9712,2060169.0453,2060169.0453
920278.BJ,20260415,2.5104,1.24,72.7031,3.583,4.5785,2.5381,137506.0,58349.824
688416.SH,20260415,6.5246,1.36,,5.3666,14.354,,681310.6953,681310.6953
002218.SZ,20260415,5.3197,0.73,,1.9524,7.7356,0.1789,787239.7833,775711.9176
603178.SH,20260415,0.6214,0.82,,3.0191,2.1113,0.2579,366674.8274,366674.8274
920493.BJ,20260415,3.6974,0.81,726.1618,19.9119,7.9933,,887222.0489,650771.4208
600731.SH,20260415,1.8889,1.01,15.6398,1.2012,2.1051,2.9326,381062.3277,369427.5775
603600.SH,20260415,1.8485,1.1,14.0035,1.6077,0.7602,4.1356,368102.5514,334242.3699
301273.SZ,20260415,2.138,0.72,,2.3212,6.2599,,213922.3909,164188.6947
002771.SZ,20260415,8.2147,0.76,,5.7865,9.4614,0.0611,350306.047,291439.4739
920427.BJ,20260415,1.8961,0.98,,3.9727,13.0818,1.2083,123714.0,61089.6168
600594.SH,20260415,23.6507,1.58,,1.5686,1.9768,,376957.4424,376957.4424
603301.SH,20260415,0.8725,0.62,80.3756,3.9982,5.2229,0.7667,2257724.9811,2257724.9811
300377.SZ,20260415,3.1893,0.63,,5.355,10.4629,,1350303.5378,1241562.6141
301590.SZ,20260415,6.4928,0.93,70.9737,3.9384,5.7465,0.6623,760993.4043,155674.1154
000517.SZ,20260415,1.8022,1.9,,1.0569,0.5356,,608129.1946,475969.4055
002546.SZ,20260415,4.7157,1.5,13.3983,2.0422,11.26,1.2917,774831.6102,744344.6172
300899.SZ,20260415,2.6855,1.4,91.3597,3.9088,11.952,0.9997,248819.3009,159691.5935
301680.SZ,20260415,19.8063,1.05,49.9052,4.8229,8.0854,,894074.4,181433.179
600497.SH,20260415,1.7089,0.95,39.9696,2.5444,1.72,1.9533,4138152.3765,4138152.3765
002917.SZ,20260415,1.5365,0.5,27.9171,2.8521,2.755,0.7021,487355.1042,365283.7129
002641.SZ,20260415,0.4506,0.61,57.0044,0.9197,0.8034,1.2138,501470.2994,462669.8184
600127.SH,20260415,5.912,0.55,1241.7967,6.9798,1.3952,,468501.7491,468501.7491
601011.SH,20260415,1.7021,0.92,,1.0677,9.5838,,614928.317,614928.317
300129.SZ,20260415,5.9885,1.56,55.1996,2.3893,2.4613,0.4076,1376086.877,891919.3408
600185.SH,20260415,0.9453,0.77,,18.8328,2.0209,,1078223.3147,1078223.3147
600738.SH,20260415,1.0766,0.71,22.2387,1.7419,5.7539,0.3024,364679.578,364359.1079
603999.SH,20260415,0.9742,0.82,46.2853,1.9153,4.3794,0.4803,395712.0,395712.0
600751.SH,20260415,1.8671,1.04,99.4463,1.4395,8.2191,,1090151.0064,967519.0836
920270.BJ,20260415,0.7785,0.58,45.7113,4.0306,7.7465,3.1726,164874.816,127858.2276
002622.SZ,20260415,3.4489,1.19,,5.6944,2.7538,,207480.0,207473.8868
002916.SZ,20260415,2.1499,0.86,56.338,9.8141,7.8043,0.4169,18454846.5583,18011682.4289
600576.SH,20260415,2.2974,1.43,32.5776,2.1124,5.7876,,627456.3218,392932.0994
600775.SH,20260415,2.8985,0.95,1140.2002,3.9165,4.9183,,1223629.7903,899591.7903
300092.SZ,20260415,2.0482,0.75,69.7027,2.7325,3.8853,1.461,446221.0085,341872.131
600710.SH,20260415,1.7413,1.2,12.5795,2.0028,0.1447,2.8276,1705308.0114,1705308.0114
688519.SH,20260415,4.1133,1.02,159.2117,13.2993,7.3191,0.059,3826297.7906,3826297.7906
300818.SZ,20260415,4.395,2.38,74.9966,3.1717,5.7798,0.2025,583278.1194,378371.2159
600798.SH,20260415,1.3332,0.56,,1.1221,1.5902,0.551,437971.915,437971.915
300464.SZ,20260415,5.2315,0.99,,24.1336,2.3339,,335123.9933,260110.8381
601528.SH,20260415,0.8163,1.02,5.2701,0.5262,2.3503,3.7879,1036021.2166,915793.0521
601588.SH,20260415,12.8341,3.91,,0.9947,1.1,,666669.96,526680.0
301201.SZ,20260415,13.2417,0.75,,3.2512,18.4893,0.4376,692344.3624,485735.7604
603967.SH,20260415,0.7805,0.86,17.1186,1.8709,0.5044,4.6584,446506.7225,446506.7225
000159.SZ,20260415,2.4427,0.81,78.3922,1.4501,1.5002,,298025.3157,298014.4657
001396.SZ,20260415,6.8999,1.05,36.8917,3.5448,6.5007,,489399.2604,101664.3052
301307.SZ,20260415,9.6053,0.91,,3.0607,2.2483,,874621.8,452642.2809
601727.SH,20260415,0.8027,0.99,103.582,2.2844,0.9919,,12494257.7953,10142974.2673
600897.SH,20260415,1.1797,0.79,15.4304,1.453,3.4548,1.9465,685439.496,685439.496
002131.SZ,20260415,9.0113,0.89,108.2586,4.0105,2.6777,0.4262,5295530.9457,4578452.391
002008.SZ,20260415,5.3679,0.99,71.7144,4.7804,4.6743,0.4442,8112245.2516,7538028.5615
002717.SZ,20260415,2.2244,0.81,,3.499,9.7109,,300338.5371,266508.0116
601211.SH,20260415,0.4513,0.5,10.8084,0.938,4.7629,2.5015,30057318.5384,23012231.8791
300258.SZ,20260415,2.126,0.69,55.1403,1.5841,3.6448,0.5505,747105.3293,727750.7278
001255.SZ,20260415,1.6311,1.02,398.2993,3.6244,7.5923,0.0981,320190.1171,261486.08
300978.SZ,20260415,1.5922,0.99,32.357,2.901,2.2559,3.5874,471313.554,213209.6098
688786.SH,20260415,1.7181,0.93,53.6375,6.0319,10.6881,0.6406,467637.6098,467637.6098
600711.SH,20260415,3.9905,1.07,22.4852,2.6761,1.47,1.0445,4410302.6833,4410302.6833
603719.SH,20260415,0.7189,0.87,,1.9961,0.6932,2.4751,403406.0,403406.0
300730.SZ,20260415,6.6258,1.06,,14.5451,14.237,,364602.0879,292298.4474
000100.SZ,20260415,1.4166,0.81,20.0328,1.4729,0.4916,1.0922,9048375.1644,8322414.1923
300272.SZ,20260415,5.7197,1.2,53.7498,3.6217,2.8454,2.0044,509354.0702,386905.1885
600239.SH,20260415,1.9536,1.4,,2.5915,1.7602,,332377.1902,332377.1902
000759.SZ,20260415,1.6545,0.83,,3.0067,0.4139,,364354.9745,360638.3138
000539.SZ,20260415,2.7045,0.83,48.3948,1.2384,0.5633,0.3617,2903407.0443,1413128.9551
002818.SZ,20260415,0.6797,0.99,14.4709,1.4382,6.7034,3.352,803844.9016,320411.6676
000548.SZ,20260415,1.6205,0.8,61.4714,1.2592,4.9785,0.9653,258593.7901,258593.7901
301211.SZ,20260415,1.2296,1.12,146.4147,2.2485,11.2759,1.4086,511142.4,511136.5248
920368.BJ,20260415,4.7833,1.19,104.6613,1.9431,3.7479,0.4298,819383.7356,779557.9287
002339.SZ,20260415,6.4986,1.72,114.3884,3.0802,1.8129,0.1899,530809.1645,504169.665
300522.SZ,20260415,7.4935,1.8,246.576,5.3278,5.928,0.3058,421766.5712,344142.1523
301096.SZ,20260415,5.3093,1.64,,2.3865,10.4523,,617030.5763,467664.7742
920961.BJ,20260415,1.9811,1.15,918.2009,4.2157,15.6349,0.2234,319677.0569,232640.8833
688353.SH,20260415,6.581,1.29,1479.9077,5.7175,22.5633,,1961850.0,1961850.0
002989.SZ,20260415,5.6476,4.97,,3.6545,18.1285,,546981.0636,497392.1714
301153.SZ,20260415,1.8729,0.85,87.7968,4.7168,10.7028,0.7112,885604.6548,826063.3465
002880.SZ,20260415,0.7603,0.84,26.8082,2.638,5.3776,0.7399,613040.4,613040.4
603031.SH,20260415,4.7465,1.3,59.0385,4.9157,2.7944,0.6116,1334243.3038,1122048.3852
002792.SZ,20260415,19.4465,1.04,1627.9523,8.8683,21.1808,0.0528,2469363.0454,1592504.6081
603040.SH,20260415,1.1236,1.01,42.3368,7.7235,14.1241,1.4217,1097241.8597,1091518.678
603993.SH,20260415,2.0642,1.3,21.0064,5.1828,2.0671,1.2769,42724437.4215,34869301.8255
301037.SZ,20260415,1.7737,0.7,,3.1618,1.0902,,200622.7229,98120.8038
600060.SH,20260415,1.4911,1.74,12.268,1.4161,0.522,3.8145,3010570.99,2999489.2393
603156.SH,20260415,0.356,0.59,24.5175,4.3969,6.8922,5.9311,3952230.447,3952230.447
601598.SH,20260415,0.2835,0.58,10.8807,1.0598,0.452,4.7575,4375988.2485,3146056.8385
300275.SZ,20260415,1.415,1.04,69.3138,3.5873,7.2687,0.2678,338805.5748,298607.5983
920608.BJ,20260415,1.4582,3.09,29.8727,2.1156,6.8975,1.8382,101575.68,78693.2252
301630.SZ,20260415,19.9931,0.65,65.3479,5.3103,7.8122,,888920.0,222230.0
301500.SZ,20260415,8.2096,0.43,46.2459,2.7837,0.8952,0.3935,1328454.5351,340535.7792
300598.SZ,20260415,1.2508,0.83,,5.4449,3.7438,,807606.04,807379.869
600577.SH,20260415,3.398,1.49,44.3041,4.4108,1.0758,0.6477,2654450.0466,2654450.0466
688798.SH,20260415,2.1283,1.33,49.4188,3.7334,5.4901,0.4901,1566624.4339,912194.5728
920260.BJ,20260415,1.3212,0.7,24.5489,2.3037,3.358,2.004,103342.9,98681.0514
601003.SH,20260415,0.4176,0.81,22.5447,1.2913,0.1775,,1203839.3493,1171196.4924
601001.SH,20260415,1.0961,0.96,14.5493,1.4966,2.1438,4.4914,2813489.7,2813489.7
300832.SZ,20260415,0.8511,1.11,21.8902,4.1295,7.9388,2.8285,3611163.5359,3139629.9207
600400.SH,20260415,1.3417,1.05,,1.9845,2.8863,,462857.1141,462857.1141
688213.SH,20260415,1.9719,0.66,36.9661,7.0843,4.0982,0.2982,3701222.33,2976287.1792
301393.SZ,20260415,14.0542,1.5,46.999,2.7567,11.5269,0.6652,643680.0,250944.459
600111.SH,20260415,2.9173,1.0,79.3259,7.2416,4.1958,0.0709,17858425.2595,17858425.2595
688410.SH,20260415,1.249,1.11,35.552,2.8646,6.3063,0.6282,508804.1902,508804.1902
300621.SZ,20260415,1.8804,0.9,,2.9223,0.1947,0.1232,168942.0404,164453.5586
300919.SZ,20260415,2.5706,1.04,37.1544,2.4848,1.2096,1.1119,5823072.3046,5098112.3026
301125.SZ,20260415,3.136,0.99,522.0872,5.3046,5.4221,0.1322,320798.173,289916.1435
600776.SH,20260415,1.9052,0.98,46.8681,5.1026,7.5627,0.3971,1929216.0983,1468416.0983
600231.SH,20260415,0.5326,0.67,,1.4501,0.3723,,583028.8663,575785.8263
301102.SZ,20260415,0.3766,0.56,104.7531,1.4582,7.246,0.1852,438480.0,438480.0
600155.SH,20260415,0.7214,0.52,88.2287,0.7,4.3384,,1398958.8455,1398958.8455
600110.SH,20260415,12.395,0.75,,3.0217,2.7962,,1778560.4553,1778560.4553
300266.SZ,20260415,1.4903,1.19,,111.5682,3.5781,,379128.9846,378901.9548
000705.SZ,20260415,3.0634,1.03,63.6826,1.4905,1.1268,0.6667,300710.9574,253764.6759
603439.SH,20260415,0.7151,1.32,28.3254,3.087,2.6221,3.0241,455139.3304,449474.1604
300204.SZ,20260415,19.6317,1.69,,17.775,63.3272,,1547505.3056,1469419.3187
300328.SZ,20260415,9.2407,1.3,,10.8363,7.2733,,1186838.1684,1179864.4003
688030.SH,20260415,0.8753,0.91,,3.8498,3.0158,,274859.6987,274859.6987
002418.SZ,20260415,28.6231,1.7,,4.3392,2.2091,,625020.0,625018.5359
603660.SH,20260415,3.0106,0.76,,5.9593,4.3825,,583847.0506,579493.5937
301189.SZ,20260415,11.9081,1.61,,4.7843,12.2062,,1005549.0611,965476.2648
600778.SH,20260415,1.5864,0.74,320.5429,8.5328,1.3322,,196239.5518,196065.3757
688665.SH,20260415,0.5997,0.8,35.8635,4.1195,4.5979,0.742,472163.4631,472163.4631
300881.SZ,20260415,5.3299,0.82,27.1005,4.5739,1.6485,2.1855,500170.0,261026.2188
002120.SZ,20260415,2.462,3.83,16.1846,0.9828,0.3959,2.8911,2000448.9149,1942439.64
688680.SH,20260415,2.6977,0.91,,2.5886,4.1749,,484830.0903,484830.0903
600817.SH,20260415,1.2292,0.7,21.4082,2.5895,1.8994,3.0563,662363.9977,657321.4777
920810.BJ,20260415,0.6307,0.57,734.0789,4.6484,8.3056,,106640.8,69397.19
002542.SZ,20260415,9.8599,1.5,,7.2225,3.6585,,377478.3982,367583.1984
300608.SZ,20260415,7.3075,0.65,,3.1427,6.7835,,418356.091,363209.6537
300889.SZ,20260415,2.8878,0.77,,4.0012,4.8368,,569947.683,378797.7417
603108.SH,20260415,1.827,1.04,,1.8761,1.0461,0.2338,774551.3865,774551.3865
920011.BJ,20260415,24.9732,0.53,22.4157,2.519,2.2778,,209560.0008,47151.0025
002850.SZ,20260415,2.725,1.15,29.2159,3.8885,3.3877,1.0614,5153768.7709,3720782.3608
002777.SZ,20260415,1.0665,0.7,87.2037,3.9732,5.4406,0.9135,670315.3644,664207.8682
600211.SH,20260415,1.1001,1.09,14.5432,3.5911,4.575,3.802,1364054.8375,1364054.8375
688345.SH,20260415,4.0309,0.62,96.4987,4.8076,1.9714,,539227.9845,533100.0
002388.SZ,20260415,2.9823,1.04,,2.5817,1.2663,,252795.312,250580.63
688788.SH,20260415,1.1119,0.83,,4.859,31.1933,,889634.7678,889634.7678
002256.SZ,20260415,8.8325,1.22,193.8335,6.9489,16.6238,,825493.1381,807752.7285
002896.SZ,20260415,2.0139,0.72,199.5935,12.1613,14.5404,0.2704,1453481.6673,1453481.6673
000767.SZ,20260415,4.9279,0.96,17.6545,1.8395,0.7222,,1153853.3321,1092092.4135
600123.SH,20260415,1.7759,0.82,427.383,0.5788,0.9984,2.4155,914882.053,914882.053
000631.SZ,20260415,1.288,0.87,127.134,1.3774,15.2107,,749800.0277,749800.0277
300602.SZ,20260415,5.2622,0.93,53.6077,5.0146,3.1976,0.1107,1990554.7975,1352676.6495
002097.SZ,20260415,1.1201,0.72,79.8645,2.294,1.5357,0.1996,1076766.4985,1074844.5373
603669.SH,20260415,3.8147,1.2,,5.034,7.889,,339706.9301,339706.9301
300826.SZ,20260415,1.713,0.94,187.9976,1.9784,4.2302,0.1674,292362.9293,281163.0398
688598.SH,20260415,1.3011,0.82,,1.2469,5.8776,,483645.3603,474331.1853
688266.SH,20260415,1.7203,1.51,,24.5758,32.7617,,2655287.8138,2655287.8138
603195.SH,20260415,0.0757,0.68,18.6747,4.7592,4.5338,4.1645,7446779.387,7416936.3506
300617.SZ,20260415,7.6746,1.34,80.6885,3.3899,11.1979,0.4026,977840.9253,819788.8953
600863.SH,20260415,1.3513,0.88,17.9595,1.6366,1.785,3.8745,3706044.6619,3087217.9346
301159.SZ,20260415,2.5329,0.71,,5.491,9.4046,,320306.35,219535.0115
688659.SH,20260415,1.0999,0.64,,3.0072,2.21,,154400.0,154400.0
301021.SZ,20260415,2.604,0.68,207.3377,8.8531,17.9127,0.1697,892813.1347,892150.0761
300102.SZ,20260415,9.2526,1.58,262.4936,6.9945,8.8491,0.1374,3009491.732,2995244.4238
300088.SZ,20260415,16.751,7.89,48.69,1.9465,1.4948,0.8591,1700956.5673,1692627.9836
002261.SZ,20260415,8.7868,1.06,,17.5894,14.1511,,4585786.5654,4170174.3028
000719.SZ,20260415,1.1676,0.77,10.4055,1.1471,1.5012,4.3732,1403835.5436,915326.429
300568.SZ,20260415,5.9641,0.81,578.7244,2.1452,5.1018,0.3164,2104691.4394,1903611.3689
603068.SH,20260415,1.4524,0.96,264.9387,2.8613,5.6388,,494067.7233,494067.7233
000882.SZ,20260415,3.2119,1.2,,0.6645,3.6284,,448925.7193,448624.3396
001238.SZ,20260415,0.882,2.35,,4.7621,3.5026,,544237.02,509109.0986
600493.SH,20260415,1.9142,0.77,124.8304,1.7483,2.1296,0.8141,196112.0,196112.0
920489.BJ,20260415,1.412,0.48,,3.9504,3.5222,1.2959,189541.8288,120600.6598
301371.SZ,20260415,1.8935,0.75,26.3656,2.2294,6.7415,3.2118,1245649.08,186305.613
001278.SZ,20260415,2.1876,0.86,,2.1657,1.2147,0.4669,265036.9428,182735.8964
300797.SZ,20260415,1.2543,1.23,36.8711,4.6091,4.9327,0.788,582895.0638,576443.1104
600537.SH,20260415,14.384,0.86,,22.2736,2.154,,500711.4526,500711.4526
301631.SZ,20260415,18.3653,5.68,34.7871,3.7661,2.0066,0.8323,941478.7594,316235.9239
301333.SZ,20260415,2.6895,1.21,48.8622,3.3987,7.8604,0.2287,668921.7791,667969.3155
688368.SH,20260415,2.166,0.81,516.8649,5.7408,11.7229,0.2361,1840276.6465,1263963.8696
301200.SZ,20260415,0.9901,0.67,110.7355,8.4237,15.811,0.2092,9127570.3638,7954479.0385
002372.SZ,20260415,0.4042,0.57,23.1463,3.5098,3.1859,5.5004,1714624.9131,1584113.8872
300002.SZ,20260415,1.8801,1.02,23.5844,2.4632,3.2325,1.0425,1882585.3898,1767628.2472
002063.SZ,20260415,2.6211,0.98,40.7256,3.1026,4.7287,0.4661,1226262.0837,1132310.028
920100.BJ,20260415,3.0744,0.87,59.9095,7.8316,6.5468,1.0235,360558.4305,95600.1241
300311.SZ,20260415,1.7477,1.14,,6.0274,8.4699,,356350.3494,284289.4102
003009.SZ,20260415,4.0536,2.4,,4.998,12.4977,0.0905,978586.1803,978407.2671
002689.SZ,20260415,1.5036,1.57,59.4045,3.3187,3.0915,,404804.5613,404649.6713
600578.SH,20260415,0.3997,1.0,10.0485,1.4707,0.9552,2.2989,3494592.1698,3494592.1698
300685.SZ,20260415,2.6527,0.85,25.2172,4.4318,7.5354,1.3015,902490.8119,898021.9217
600621.SH,20260415,0.8532,0.62,23.6314,1.6332,5.7907,0.8263,1502233.3975,1502233.3975
688090.SH,20260415,4.4614,0.86,701.6585,9.27,8.8453,0.1124,835787.5371,835787.5371
301636.SZ,20260415,23.1614,1.71,53.5077,4.2009,5.2457,0.7043,453397.6755,113349.4206
688151.SH,20260415,0.5469,0.66,166.4462,1.68,11.3056,0.2105,710359.0,710359.0
603768.SH,20260415,0.716,0.93,,1.1007,0.7363,0.5334,258658.0166,258658.0166
002155.SZ,20260415,3.987,0.91,30.644,5.6178,0.9087,0.6063,4559816.5401,4559406.8266
300027.SZ,20260415,5.5732,1.03,,18.3439,17.1764,,482764.0299,432386.3089
688215.SH,20260415,1.0208,0.53,132.5208,9.6375,10.7632,0.1109,467425.4383,467425.4383
600800.SH,20260415,3.9228,1.01,,4.4891,1.5101,,502850.4828,502707.7878
600716.SH,20260415,0.8277,0.89,,0.8593,7.4756,,391273.3266,391273.3266
002701.SZ,20260415,1.5148,0.65,13.6326,1.4209,0.5744,2.2222,1382270.6533,1380999.1109
300979.SZ,20260415,0.1383,0.72,15.6489,3.0901,2.0088,7.6744,5018100.0,5018067.105
600489.SH,20260415,1.3645,1.01,29.3141,4.4396,1.7638,1.451,12961713.7961,12961713.7961
920014.BJ,20260415,4.4381,0.77,171.0712,1.9208,2.8682,1.6202,151346.0748,83272.7441
003027.SZ,20260415,3.3509,0.79,36.2272,1.7298,3.3535,1.2982,295303.7088,236880.9267
600377.SH,20260415,0.2174,1.09,12.8086,1.4198,2.9001,4.1952,5884089.08,4440949.7452
603163.SH,20260415,2.8556,0.69,71.4285,9.4475,3.6938,0.8153,1103900.0,1103900.0
000739.SZ,20260415,0.7599,1.29,23.2163,3.2624,2.1136,3.929,2067821.7832,2067045.0029
002314.SZ,20260415,10.9567,4.03,,0.7934,0.4802,,728393.496,359996.584
301353.SZ,20260415,1.7634,0.77,39.543,2.1102,2.9634,1.353,273238.416,88725.516
600744.SH,20260415,7.8188,2.36,72.9674,10.7769,1.7942,,1533498.8269,1533498.8269
002276.SZ,20260415,1.7943,1.05,28.9883,2.3707,0.766,0.3513,1443815.7369,1438361.0268
688352.SH,20260415,2.1088,0.77,57.1724,2.4713,6.9379,0.7796,1519589.6541,467596.0752
605077.SH,20260415,1.8606,0.96,17.7864,1.4769,1.2141,4.7716,444574.3412,439263.0677
002517.SZ,20260415,3.5282,0.7,19.9722,3.7771,7.3275,0.5537,3858416.4806,3411690.5314
301220.SZ,20260415,3.0168,0.99,35.2943,2.6472,4.683,0.3443,464277.5483,320446.8185
301212.SZ,20260415,0.9733,0.88,179.215,2.1588,4.0774,0.4478,289440.0,251250.0
300042.SZ,20260415,16.628,0.85,360.0137,9.2555,7.8832,,977350.8,977260.8194
688450.SH,20260415,4.2335,0.71,,2.8125,12.2503,,264000.0,195722.688
601136.SH,20260415,0.192,0.51,42.4333,3.2588,17.7293,1.189,4482667.432,4482667.432
002773.SZ,20260415,2.3909,1.26,20.3948,2.7821,5.4664,2.1672,2550216.4007,1901156.5923
600329.SH,20260415,0.7727,1.45,15.0114,4.5059,6.5055,8.9793,3198971.9548,2355689.1848
920541.BJ,20260415,0.4909,0.53,22.9434,3.4822,4.8076,1.2584,162946.4,107349.9513
600336.SH,20260415,0.9361,1.0,,2.3212,0.7907,0.142,561802.3974,561802.3974
603150.SH,20260415,4.0788,1.36,39.9509,2.9248,1.2768,0.5562,491783.699,491783.699
920547.BJ,20260415,0.7714,0.71,27.617,2.4398,4.2723,0.8969,173244.24,84112.032
601199.SH,20260415,0.3786,0.46,13.0416,1.1704,3.4236,2.4735,529329.0253,529329.0253
603200.SH,20260415,6.6502,1.18,95.2121,10.0001,22.1829,0.1455,1085519.9172,1085519.9172
920237.BJ,20260415,5.1068,0.84,43.7123,3.4607,5.1836,1.102,180906.5232,177482.6762
601366.SH,20260415,1.714,1.77,255.7691,0.9276,0.5408,0.4392,387735.4097,387735.4097
600588.SH,20260415,0.7722,0.73,,5.6086,4.6172,,4155068.8493,4155068.8493
002855.SZ,20260415,1.0679,0.69,,8.7102,1.735,,284861.1524,284638.6802
002865.SZ,20260415,12.46,1.6,,5.637,3.0496,,2270997.1154,1630862.9
002012.SZ,20260415,3.4358,0.84,104.447,2.1267,5.281,0.0565,331078.8328,331078.8328
000785.SZ,20260415,2.2299,3.23,,0.876,1.4816,,1681303.1798,1592350.2353
001328.SZ,20260415,0.6082,0.67,31.2297,3.8282,3.2233,2.3084,559392.6762,525418.2081
603823.SH,20260415,0.9235,1.27,37.5992,2.5943,2.8022,0.9908,630380.7039,630380.7039
002371.SZ,20260415,0.883,0.71,54.7456,9.5525,9.3592,0.1646,34429549.26,34402030.04
601669.SH,20260415,1.9909,1.29,9.1595,0.6804,0.1512,2.235,9784458.5017,7424626.6828
920212.BJ,20260415,0.9219,0.8,119.2745,2.9497,2.5072,0.5089,125091.9,60839.0681
301310.SZ,20260415,20.0615,1.47,67.0048,3.3633,2.1636,1.0617,768391.8339,282723.8883
002225.SZ,20260415,1.2685,0.67,60.7678,1.5778,1.212,0.7667,650333.1615,546513.21
002644.SZ,20260415,1.334,0.82,89.7671,2.4102,4.8247,0.1387,441718.305,441718.305
301296.SZ,20260415,0.3972,0.71,26.2275,1.211,1.3328,0.7247,333456.988,333449.3343
002998.SZ,20260415,5.3888,0.8,45.4321,1.7727,1.1434,5.4308,311526.4743,237490.4167
603227.SH,20260415,2.2869,0.71,21.1712,2.0652,1.9166,2.0101,1066334.2256,1066334.2256
603368.SH,20260415,1.5843,1.92,8.7017,0.8899,0.326,4.3684,682806.3192,682806.3192
002292.SZ,20260415,1.7822,0.81,,3.9063,4.4506,,1153385.7637,793937.6422
000736.SZ,20260415,2.4476,2.99,,3.2335,0.2657,,390732.4637,390732.4637
002480.SZ,20260415,0.9117,0.83,,4.8413,2.5057,,466885.3827,466004.7932
603088.SH,20260415,5.9854,0.77,55.8787,5.8823,7.6195,1.8919,671190.3226,584996.7782
002995.SZ,20260415,13.8673,0.8,,4.6582,3.6121,,413823.8474,262156.9291
300776.SZ,20260415,5.7756,0.96,42.4396,5.8402,10.8384,0.4823,2203563.5702,1351737.3102
600293.SH,20260415,2.4569,1.12,,2.1553,2.6001,,363125.3994,363125.3994
301049.SZ,20260415,2.6173,0.94,,3.4736,9.6538,,207545.8415,94303.6425
300228.SZ,20260415,4.8832,1.02,23.1686,2.2564,1.7735,0.8391,558592.8883,522575.2858
002791.SZ,20260415,1.9988,0.66,,1.271,1.2365,1.0196,685475.2702,421693.6979
688388.SH,20260415,10.5279,1.66,374.5587,2.8443,2.2959,,2214574.6194,2214574.6194
300554.SZ,20260415,3.1543,1.04,,5.1256,11.2102,,255833.9325,177172.679
605133.SH,20260415,5.0944,1.31,43.5676,2.1938,2.5763,0.3925,831341.3069,829427.2493
300091.SZ,20260415,1.0647,1.2,,21.1142,9.6935,,875349.8806,503709.9193
300404.SZ,20260415,6.9253,1.97,549.1541,3.986,5.2855,0.1126,407085.5061,301141.0072
601155.SH,20260415,0.6898,0.98,47.0953,0.52,0.6042,,3202984.4555,3202984.4555
603366.SH,20260415,3.7617,1.42,39.6735,1.7357,1.5681,0.6088,721173.6656,721173.6656
300480.SZ,20260415,10.8136,1.26,,7.9038,19.368,0.1391,1263468.0822,919759.619
603616.SH,20260415,2.3177,0.72,,9.8681,2.6471,,247704.294,243257.469
688789.SH,20260415,1.2234,1.12,23.9216,3.5396,5.4825,1.2765,1265217.615,1265217.615
301259.SZ,20260415,1.3186,0.69,,6.1974,19.0798,,512772.0,324989.1019
300452.SZ,20260415,3.3243,1.27,27.0532,3.7573,3.7499,1.991,350508.9453,296951.9935
000571.SZ,20260415,2.8168,1.29,,30.5746,6.7414,,433829.693,420834.0191
600581.SH,20260415,3.2365,0.88,,,0.2396,,449139.0759,449139.0759
000721.SZ,20260415,4.5364,3.24,,21.0659,7.8332,,458557.5321,409375.8861
002165.SZ,20260415,5.3759,0.78,142.0003,3.4635,2.5285,0.4154,708064.853,700707.2046
300842.SZ,20260415,4.8877,1.27,,7.765,0.6781,,1223691.2753,1087589.8891
002263.SZ,20260415,19.5626,0.78,173.6922,3.1904,6.8588,,882829.247,882822.197
603885.SH,20260415,0.8111,0.88,35.9748,2.6819,1.1937,0.8202,2636094.3585,2636094.3585
603511.SH,20260415,0.2584,0.68,46.6551,1.3206,1.8449,2.8284,574964.0209,571885.645
300676.SZ,20260415,1.0598,0.89,,1.821,4.5304,,1682889.5927,1673755.1701
000607.SZ,20260415,1.1253,0.77,,2.6064,3.4252,,404026.2688,351358.2773
002870.SZ,20260415,1.0253,0.63,49.7798,2.8455,0.7836,0.2795,472566.6256,461424.5332
600501.SH,20260415,2.8456,1.23,,5.7944,4.3605,,998541.6828,998541.6828
300579.SZ,20260415,1.2858,0.98,,8.9825,8.5884,0.1124,720360.0,694942.7084
920121.BJ,20260415,1.9172,1.07,22.6503,3.0529,3.987,,240091.777,43216.5237
688584.SH,20260415,1.2062,1.24,105.8578,3.2132,10.1188,1.003,1326923.9559,682817.8426
300080.SZ,20260415,1.3122,0.76,,1.7895,2.2939,,863628.381,862466.7131
002990.SZ,20260415,21.8894,1.82,129.2463,4.4291,7.6297,0.4977,1102659.3531,571847.9593
688593.SH,20260415,2.4142,0.64,1604.9968,9.2683,23.3651,,1432812.7066,1006121.6123
300326.SZ,20260415,1.2405,0.86,,1.7239,4.6994,,480398.4969,477071.7848
002656.SZ,20260415,1.2497,1.4,,5.1979,4.1261,,220881.1516,209742.8389
002589.SZ,20260415,6.8813,0.7,,1.0099,0.7383,0.1099,540191.0591,490247.3657
002945.SZ,20260415,0.4197,0.56,83.6298,5.8328,24.9355,0.2551,4233600.0,4233600.0
600328.SH,20260415,1.8527,1.04,4663.2424,1.0255,1.0183,1.4654,1231700.0077,1231700.0077
600970.SH,20260415,1.1229,0.73,9.6825,1.2072,0.5587,4.2868,2771263.2369,2771256.2607
002892.SZ,20260415,0.9686,0.87,234.235,6.2327,4.4691,0.3821,812289.9543,527408.2012
000400.SZ,20260415,5.1934,1.2,24.9643,2.1779,1.7794,1.4787,2672864.7814,2654704.1036
301468.SZ,20260415,8.9366,0.69,155.7922,3.106,15.1658,0.4847,697930.8362,402313.9786
600467.SH,20260415,2.1156,1.0,87.4471,1.0464,2.5941,0.3641,357943.6045,357943.6045
603336.SH,20260415,0.9963,0.63,587.5172,3.9843,5.3733,0.0536,567934.7757,567934.7757
301595.SZ,20260415,9.3322,1.05,85.9043,5.8585,5.0578,0.5128,527865.0,118769.625
300962.SZ,20260415,0.6514,0.66,41.7888,4.2965,11.7734,0.8974,429531.0864,429531.0864
001979.SZ,20260415,0.9795,1.38,75.2081,0.7885,0.4976,2.2727,7699691.474,7185200.338
688472.SH,20260415,2.8874,0.86,47.0881,2.0476,1.1946,0.6996,4808944.9478,1778903.7961
603626.SH,20260415,6.1836,1.14,,6.2691,4.1617,,1337260.0529,1337260.0529
688347.SH,20260415,5.0887,1.34,569.0734,4.7458,12.3945,,21431955.4685,5029188.5
688283.SH,20260415,2.2203,1.91,106.0498,5.0309,20.4381,0.634,495969.6,495969.6
002635.SZ,20260415,9.5849,1.21,94.0184,1.7959,2.2017,1.2618,1045603.54,626919.9778
002463.SZ,20260415,6.9495,1.46,46.7107,11.8141,9.4241,0.5386,17854244.8963,17839835.6891
603959.SH,20260415,7.713,1.27,,136.8479,3.0785,,325068.2317,325068.2317
688361.SH,20260415,1.9443,0.76,1054.6932,11.8914,29.6444,,6086887.5488,4316043.4264
300624.SZ,20260415,3.8973,0.77,,12.4127,8.7651,,1340400.7343,1187159.8865
000839.SZ,20260415,1.8649,0.99,,8.0764,3.8127,,1238665.1272,1238665.1272
300274.SZ,20260415,5.6797,1.04,20.6208,5.9553,3.1125,1.5011,27758227.7559,21288707.3137
301356.SZ,20260415,1.7901,0.81,51.7848,1.5597,3.0032,,468072.0,118773.27
600152.SH,20260415,35.6073,2.44,,3.8362,4.5081,,638598.8056,638598.8056
300049.SZ,20260415,2.1787,0.92,95.4738,7.4363,9.2212,,1471146.1968,1297170.4848
600540.SH,20260415,2.0066,0.65,,6.1979,0.6236,,270340.2864,270340.2864
300741.SZ,20260415,2.5958,4.85,130.4464,1.6105,8.1713,0.5634,1093187.0,1093181.0538
002686.SZ,20260415,10.6077,1.38,341.3455,2.5427,2.473,0.1355,417318.241,385253.9321
300810.SZ,20260415,1.773,0.85,,5.1467,16.0151,0.0609,382954.2,369785.2631
920876.BJ,20260415,2.1579,0.8,232.3682,5.9844,2.7808,,153455.9557,93842.5634
600927.SH,20260415,0.3743,0.96,32.9689,1.5858,1.8219,0.6297,2079988.8895,2079988.8895
688157.SH,20260415,2.4545,1.83,289.9268,4.6897,8.764,0.4094,633545.874,633545.874
002587.SZ,20260415,2.5664,0.73,,3.1605,5.3389,0.3092,420245.9806,343590.0275
920199.BJ,20260415,2.5117,0.95,343.5474,4.4704,8.6253,,236477.2256,131683.4294
603327.SH,20260415,4.6202,0.97,111.3599,4.6062,4.2824,1.735,1101914.1654,1101914.1654
601311.SH,20260415,3.3172,0.94,15.8494,1.199,0.7203,2.8798,1181358.1408,1181358.1408
002512.SZ,20260415,5.2496,0.64,,11.8894,2.5561,,461686.1023,454197.4895
600966.SH,20260415,0.756,0.69,57.6754,1.1576,0.44,0.4118,854243.5,854243.5
600358.SH,20260415,1.2223,0.8,,60.1365,7.6243,,325684.1457,325684.1457
600929.SH,20260415,2.6689,0.91,,1.5128,2.546,1.2523,1139878.7129,1139878.7129
300008.SZ,20260415,4.3715,1.2,43.6668,5.3987,2.8836,,1302933.9663,1242056.7135
600028.SH,20260415,0.1982,1.13,21.6312,0.8287,0.2472,4.0104,68806617.5923,53914158.4884
002348.SZ,20260415,2.8143,0.6,,19.9559,26.4498,,888473.6,847513.9531
300331.SZ,20260415,5.3717,1.04,,7.1643,5.7434,,1120962.0887,907502.3425
603389.SH,20260415,0.9007,1.29,,54.7613,61.3499,,1280916.0,1280916.0
002825.SZ,20260415,2.4587,0.71,23.5534,2.3684,1.9707,1.054,383543.9476,288098.921
605018.SH,20260415,1.8243,0.67,67.8721,2.1196,2.8021,1.2115,574420.399,574420.399
002132.SZ,20260415,12.2245,1.79,316.0869,1.6722,1.1322,1.1416,581641.0497,580785.0947
688020.SH,20260415,2.1368,0.84,,5.4131,20.9407,0.2003,748916.01,748916.01
300659.SZ,20260415,2.5353,0.97,,2.6969,4.6421,,336426.9524,244496.5386
600118.SH,20260415,5.767,1.74,2869.3663,16.029,16.7174,0.0116,10202516.2568,10202516.2568
300036.SZ,20260415,2.3138,1.03,,2.8906,5.1321,,778571.2549,692794.8877
000837.SZ,20260415,1.0758,0.9,209.8758,2.2745,2.7143,0.2765,1110113.2331,1093032.6206
688699.SH,20260415,2.0015,0.94,,4.2271,7.5724,,503545.728,503545.728
300413.SZ,20260415,1.1143,0.76,41.8971,1.6932,3.0478,1.0496,3921030.8282,2141483.112
920855.BJ,20260415,0.405,0.86,33.0353,2.011,4.328,1.354,115911.3995,103974.249
002324.SZ,20260415,2.4725,1.16,65.9889,3.7084,1.8117,0.3234,1696312.7782,1183820.8421
300004.SZ,20260415,4.9772,1.23,108.1888,4.0103,12.0361,,713750.4802,713750.4802
300756.SZ,20260415,2.0951,0.7,91.0613,5.0696,10.8174,0.1062,742287.409,618094.9626
300915.SZ,20260415,0.9288,0.64,365.8987,1.8535,2.7094,1.2574,285025.942,130469.1823
001318.SZ,20260415,0.4574,0.82,32.9543,2.662,7.8332,1.3255,383852.28,383852.28
300373.SZ,20260415,2.0524,0.88,33.0434,4.3575,5.8326,1.0688,4158783.9617,4149527.0074
002303.SZ,20260415,1.3242,0.56,19.6009,1.1477,1.2882,5.8982,511462.1108,322938.273
603119.SH,20260415,9.144,1.84,101.9962,13.9417,20.6387,0.2491,2839371.2229,1591483.2443
605117.SH,20260415,2.3102,1.0,39.0889,11.9779,10.1394,2.165,12394202.5475,12394202.5475
688162.SH,20260415,1.1061,0.74,56.7056,1.8918,1.0584,,458876.2939,458876.2939
301276.SZ,20260415,2.7481,1.56,23.4477,1.5174,2.8225,2.459,316224.0,176332.9611
920204.BJ,20260415,0.7029,0.59,68.0937,2.8868,4.4121,0.3981,142091.7101,75336.0497
600595.SH,20260415,1.6913,1.06,28.2424,1.9699,1.4503,,3286482.1935,3286482.1935
603398.SH,20260415,1.5553,0.78,,8.7068,22.0763,,559397.566,559397.566
002588.SZ,20260415,1.2143,0.7,12.1209,1.6171,1.0144,2.9669,1184144.9554,882638.302
002649.SZ,20260415,1.3819,0.78,53.4977,1.6249,1.0192,1.4504,690121.2032,646732.6332
000672.SZ,20260415,0.7992,0.65,17.0896,1.4467,2.4535,4.6798,1283479.5758,1283479.5758
688083.SH,20260415,2.6811,1.04,446.2654,3.5819,10.7466,0.6281,960876.3373,960876.3373
603203.SH,20260415,1.9049,0.59,44.1175,7.4883,10.2142,1.4759,1093025.7575,1073601.6473
600850.SH,20260415,1.3829,0.43,27.2517,2.8443,1.2278,2.0489,1371280.6619,1371280.6619
603703.SH,20260415,1.8394,0.84,,6.5656,6.0292,,543211.5951,543211.5951
605151.SH,20260415,2.5391,1.7,,1.9531,1.4266,0.4044,266148.2511,266148.2511
300281.SZ,20260415,0.8356,0.77,1618.8691,2.2397,6.4238,0.5961,281097.7222,266605.687
300677.SZ,20260415,3.7908,0.73,20.2839,1.9016,3.5059,0.2794,3453168.7091,2455644.0273
300058.SZ,20260415,14.464,0.81,,7.4352,0.8874,,5898733.476,5717688.8924
002032.SZ,20260415,0.1943,0.72,17.4239,5.8122,1.6043,6.1279,3653308.36,3651784.0509
002614.SZ,20260415,1.6014,1.02,56.1761,0.8905,0.7512,1.6201,384847.0889,272261.0362
002816.SZ,20260415,4.0387,1.41,,10.5153,12.9997,,243300.0,243300.0
000713.SZ,20260415,1.476,1.15,103.0798,1.7333,1.8939,0.2374,517246.2192,397881.707
600420.SH,20260415,1.3884,1.16,14.2435,0.9734,1.4324,3.0,1341172.692,1341172.692
301286.SZ,20260415,0.7424,0.76,92.3676,9.7354,17.0947,0.1706,1859664.8,749626.6419
600423.SH,20260415,11.1697,1.88,361.0382,3.9575,14.9213,,221238.5222,221238.5222
600491.SH,20260415,7.87,6.33,,0.3773,0.6043,,370201.4251,370201.4251
300746.SZ,20260415,1.811,1.24,,3.9328,2.5411,,302489.3595,299550.903
688282.SH,20260415,2.3434,1.11,,5.6966,24.0963,,725384.0,725384.0
601133.SH,20260415,7.4882,0.95,73.2333,4.668,2.917,0.8108,1365983.6629,1356588.5067
301033.SZ,20260415,1.5709,0.64,38.4907,5.1537,11.6485,1.0121,392240.277,330344.352
002278.SZ,20260415,3.9929,0.85,92.0982,3.1719,5.4563,0.4127,439138.2428,376010.716
301128.SZ,20260415,9.123,1.09,137.1907,20.6754,10.7397,0.241,1839806.4282,1569282.8978
300869.SZ,20260415,1.5324,1.19,,3.0936,10.9654,1.8699,537211.0482,353153.478
601633.SH,20260415,0.1866,0.75,18.1562,2.0457,0.8038,2.1502,17911626.6506,12995946.3629
603922.SH,20260415,1.9371,0.89,174.7381,3.3187,4.9383,,344960.0,344960.0
600789.SH,20260415,2.6831,1.71,46.9565,1.7231,1.4317,1.1356,886320.9317,762071.8479
600916.SH,20260415,1.8209,0.71,37.4569,2.1217,0.256,3.8504,1527120.0,1527120.0
003016.SZ,20260415,0.9073,1.12,,1.2766,2.3701,,341884.0706,334047.7505
605189.SH,20260415,6.8228,0.79,41.8642,1.732,0.9422,0.8277,321198.5703,321198.5703
301421.SZ,20260415,9.6146,0.69,339.5659,9.0757,22.3765,0.1602,1083467.634,433586.3451
300213.SZ,20260415,1.5343,1.11,203.3792,2.1009,4.6914,0.6443,461226.9762,428524.1696
001285.SZ,20260415,4.6506,1.09,28.6095,2.5149,3.982,,952782.237,219434.9198
002491.SZ,20260415,18.1939,0.83,4665.8883,7.0405,5.4735,,1746592.19,1670585.7968
688234.SH,20260415,1.8186,0.65,,6.1115,29.9297,,4384343.9676,3887595.8151
301255.SZ,20260415,11.9295,0.86,106.2123,4.1902,10.1759,0.4941,440357.12,110089.28
002766.SZ,20260415,1.3452,0.97,,3.7641,5.5912,,411254.5866,407802.7017
600736.SH,20260415,1.1376,1.01,40.8675,0.9422,1.2777,0.2946,703439.9662,703439.9662
688311.SH,20260415,2.6636,1.14,,3.9693,12.8847,,676571.5592,676571.5592
601007.SH,20260415,6.1058,1.46,49.7405,1.9631,1.7311,0.8653,315510.0,315510.0
600059.SH,20260415,0.6719,1.1,39.4661,1.3967,4.434,0.8979,812184.29,812184.29
000932.SZ,20260415,0.8054,0.77,13.2033,0.6219,0.2845,1.9921,3446862.4075,3446862.4075
002841.SZ,20260415,1.2599,1.47,23.9687,1.8211,0.9974,1.9412,2429097.7421,1812708.6454
688475.SH,20260415,0.9795,1.16,37.7019,3.8581,3.8833,1.1962,2304225.0,2304225.0
300987.SZ,20260415,1.5937,0.7,144.7221,3.7108,9.6694,0.7259,298539.696,298539.696
688138.SH,20260415,0.6234,0.77,46.5418,3.1378,7.0265,0.9345,871051.6,871051.6
688018.SH,20260415,1.6821,0.87,50.7298,5.6645,9.8451,0.2643,2525530.8811,2367778.1294
603920.SH,20260415,3.9976,0.73,47.1961,5.9695,7.108,1.6819,3855889.4883,3855889.4883
601377.SH,20260415,0.7948,0.6,18.1122,0.9294,4.3904,2.4917,5198864.351,5198864.351
300916.SZ,20260415,2.293,0.77,32.9975,3.2956,2.826,1.2849,450276.7938,290832.5418
300039.SZ,20260415,2.0285,1.27,18.1925,1.3928,5.3679,2.1631,628646.0,551072.6618
003026.SZ,20260415,7.8605,1.16,108.4391,7.2411,11.2842,0.4066,476738.682,351967.3575
688351.SH,20260415,1.054,1.03,222.8524,6.317,24.506,,1138381.4,1138381.4
301099.SZ,20260415,6.4515,0.54,73.741,5.9294,1.2812,0.4231,768382.0057,470359.3951
300132.SZ,20260415,2.1712,0.85,32.4247,3.0727,2.0554,,432894.7825,425772.116
605166.SH,20260415,1.6199,0.84,21.9898,1.6357,0.5766,1.3142,318509.5329,318509.5329
600326.SH,20260415,1.193,0.89,,3.1675,3.5261,,1252104.8047,1252104.8047
001373.SZ,20260415,3.9255,1.0,,2.7163,4.223,0.1745,236214.2078,113940.0263
920029.BJ,20260415,0.3091,0.67,16.767,3.1764,3.9232,1.7581,1184981.0428,1153050.0328
301337.SZ,20260415,2.8927,0.79,,2.6361,11.7055,,289050.8,102598.5399
300390.SZ,20260415,12.0866,0.9,158.9044,5.6295,8.4662,0.7799,6390965.8121,5171754.5006
301100.SZ,20260415,1.36,1.02,,1.8293,3.0163,,365000.0,159687.5
300706.SZ,20260415,7.433,0.55,,7.9653,4.1579,,559857.0743,415073.5343
300069.SZ,20260415,11.4133,0.88,111.8897,9.2025,10.3746,,259857.0,259857.0
600730.SH,20260415,2.4027,0.79,605.5449,2.8584,43.7455,0.1145,512150.6897,512150.6897
301520.SZ,20260415,13.732,3.4,74.9195,2.0228,10.3654,,306000.0015,102921.5333
300604.SZ,20260415,4.6735,1.09,92.6975,20.5386,18.339,0.0704,8958625.2483,6911826.1336
920675.BJ,20260415,2.2671,0.81,34.6525,2.684,3.1445,2.0768,165793.932,76094.2088
301127.SZ,20260415,1.0868,0.65,39.1339,3.4283,5.7778,0.5828,1110201.0589,1077534.2237
601298.SH,20260415,0.1662,0.87,10.8236,1.2482,3.0339,3.9511,5705676.9,4739633.925
601117.SH,20260415,1.5934,0.8,8.2357,0.7889,0.2797,3.295,5300586.2286,5284442.4702
688212.SH,20260415,1.6556,1.44,407.101,3.5543,6.0322,0.2266,466615.0913,466615.0913
002022.SZ,20260415,1.5025,1.01,,0.9688,1.8771,,300380.7907,300338.0857
300236.SZ,20260415,3.1194,0.77,87.6546,5.1139,13.6085,0.3073,2635537.5908,2342600.0419
300909.SZ,20260415,4.2221,1.57,85.6456,3.5176,4.5733,0.5608,709362.1869,501187.5202
600622.SH,20260415,1.5357,1.04,,1.3311,2.4937,,391417.8899,391417.8899
603588.SH,20260415,7.6121,0.88,19.0363,2.2593,1.4104,0.4605,2315316.3746,2315316.3746
002432.SZ,20260415,7.8486,0.89,18.6025,1.5838,22.3919,0.2443,3514287.0208,3313500.1876
688050.SH,20260415,0.7425,1.23,37.2211,3.546,6.6629,0.6847,987903.4179,987903.4179
300592.SZ,20260415,1.9458,0.78,172.1068,2.2566,0.5403,0.3841,521221.9335,449711.4425
600684.SH,20260415,2.1018,0.91,68.6054,4.0084,3.1984,,507688.0959,391738.4719
920378.BJ,20260415,0.385,0.64,53.4105,3.4534,3.3694,1.1351,137018.406,98127.7746
002815.SZ,20260415,3.6527,0.87,59.9083,2.0656,2.5373,0.7009,1851226.986,1165713.021
688068.SH,20260415,4.644,1.48,,4.7008,28.7087,,1170437.7425,1170437.7425
002862.SZ,20260415,1.7045,0.53,,7.185,6.3216,0.1252,287448.0,216010.1843
300408.SZ,20260415,2.0556,1.28,47.8103,5.7799,13.8985,0.5802,12518560.8274,12213559.3491
600819.SH,20260415,0.5985,0.71,50.2715,1.7709,1.2085,0.4749,681776.437,521696.4148
300580.SZ,20260415,6.5792,2.28,48.4964,4.0987,8.9647,0.6311,1348234.2932,1268438.1948
603086.SH,20260415,1.2245,0.67,19.9858,1.5151,1.2917,,327414.2967,327414.2967
300103.SZ,20260415,2.6109,1.12,,4.8061,14.5736,,233754.336,233560.2506
603982.SH,20260415,1.3944,0.87,,1.1947,1.0526,,280419.0682,260777.1249
603022.SH,20260415,2.4615,1.26,39.2694,2.5125,2.165,0.7573,206000.0,206000.0
300009.SZ,20260415,2.5593,1.47,22.6194,3.9949,6.2836,1.5048,1662964.1045,1224095.9958
603079.SH,20260415,1.1738,0.79,51.1844,1.9844,3.7229,,312654.9981,312654.9981
300681.SZ,20260415,17.0317,2.65,35.5814,2.6688,1.8679,0.093,824819.1413,621991.8836
002560.SZ,20260415,30.23,0.84,45.73,2.7135,0.9228,,738136.9523,635922.1468
300299.SZ,20260415,1.929,0.86,,9.378,10.4941,,403135.2496,402506.2816
002879.SZ,20260415,5.7084,1.74,30.8073,2.3792,2.861,0.8978,412091.7038,294212.4567
920267.BJ,20260415,0.9238,0.81,,3.8716,1.843,1.0,94967.5879,56386.3912
603352.SH,20260415,5.9278,1.24,37.5672,3.0487,2.3754,,875613.3346,171603.623
920057.BJ,20260415,0.4409,0.44,117.7334,1.5427,0.7161,,110570.6112,70193.1142
300399.SZ,20260415,1.5247,0.62,268.5036,8.0115,8.5507,0.2403,411205.6,411165.4887
920076.BJ,20260415,2.3525,1.02,21.2958,1.8103,1.6184,,171952.5135,40629.4734
688201.SH,20260415,2.6198,1.14,55.5986,3.1998,8.134,,440843.8042,420517.7467
603387.SH,20260415,8.3897,0.99,24.6821,1.9148,4.9418,1.7717,515267.9733,515267.9733
300251.SZ,20260415,5.8666,1.24,21.6895,4.3725,12.4993,1.2442,4699608.6681,4446134.746
300454.SZ,20260415,3.8574,0.85,117.3298,4.2652,5.73,0.057,4608619.1483,3075583.3749
688229.SH,20260415,5.3051,0.97,,10.8168,30.6694,,396048.0,396048.0
000056.SZ,20260415,5.3523,1.07,,,0.645,,222315.3054,169900.5882
920145.BJ,20260415,1.4524,1.09,,3.9545,18.1887,,101450.9,69876.734
600309.SH,20260415,1.172,1.02,22.2606,2.5748,1.3721,0.8219,27886241.2444,27886241.2444
300106.SZ,20260415,2.4111,0.83,,5.2747,2.2539,,203513.0145,203513.0145
600271.SH,20260415,1.7906,2.25,,1.196,2.636,0.0459,1615715.4043,1615715.4043
600095.SH,20260415,0.4398,0.51,57.7843,2.1876,89.5945,,2681918.1029,2681918.1029
301083.SZ,20260415,2.0217,0.9,79.0386,3.6393,8.0837,0.7022,303974.1339,146307.3482
603075.SH,20260415,3.7003,1.04,28.8736,4.3711,4.4548,3.0761,916051.5606,93873.7702
002033.SZ,20260415,13.2459,4.93,25.5856,2.1344,6.3484,3.5211,546193.7667,546183.2999
688195.SH,20260415,5.7375,0.84,625.7334,44.7094,75.4394,0.0204,4417302.5,4417302.5
002856.SZ,20260415,4.5935,1.13,,18.7909,3.8008,,156150.9804,142985.7272
002600.SZ,20260415,1.219,0.87,43.3807,4.1282,1.9297,0.2877,9924304.9844,9776970.2927
600754.SH,20260415,1.407,1.13,31.3163,1.8109,2.0985,1.3968,2898199.1708,2462627.7632
002789.SZ,20260415,1.6333,0.86,,,0.4669,,207510.5682,203405.9287
688072.SH,20260415,1.6802,0.82,122.2856,18.4622,17.4323,0.0662,11364259.0824,11364259.0824
300240.SZ,20260415,1.3316,0.78,,1.739,0.4091,,256749.9985,251094.8054
301683.SZ,20260415,36.5622,1.17,39.8838,3.5659,8.3715,,824741.9988,186409.2486
301329.SZ,20260415,3.676,0.88,62.954,2.4841,4.3246,1.6447,388056.0,136672.32
300405.SZ,20260415,3.2772,0.92,,4.0558,2.9892,,169770.4846,130637.5453
002393.SZ,20260415,2.8686,1.42,14.696,1.3443,4.3948,2.7258,611768.7521,594457.4341
920826.BJ,20260415,5.6194,2.12,31.1092,3.7193,2.3113,0.9643,145714.8991,64786.0285
300724.SZ,20260415,5.6818,1.03,11.1921,2.8642,1.9532,1.0846,3837829.6141,3170325.5135
001288.SZ,20260415,2.1018,0.43,31.8945,2.7361,3.4954,0.6721,624314.0675,403793.1081
603214.SH,20260415,2.1854,0.76,26.6682,1.8398,0.5744,2.4426,217230.7764,217230.7764
688677.SH,20260415,7.6927,0.9,48.6204,6.1899,13.8455,0.8541,834343.92,834343.92
300780.SZ,20260415,13.2008,1.08,,3.4699,6.2494,,355234.74,260449.7991
300365.SZ,20260415,4.659,0.97,,2.1742,3.947,,353314.8712,301405.7994
300948.SZ,20260415,2.0464,1.04,,3.1054,27.9691,,304368.0267,286906.1675
920454.BJ,20260415,0.6453,0.36,53.1912,4.4354,9.6731,1.1527,145878.8,87692.6255
605299.SH,20260415,10.8235,0.92,86.6067,6.0622,4.9329,1.0632,772619.6754,772619.6754
300663.SZ,20260415,1.6203,0.62,,8.3082,11.7575,,628206.7368,603529.8222
300709.SZ,20260415,5.0497,0.99,46.529,3.4623,2.7884,0.2576,794733.5046,637587.9535
600981.SH,20260415,0.6651,0.83,40.1292,1.3044,0.1155,0.339,661517.7916,661517.7916
300888.SZ,20260415,1.1763,2.28,22.5524,1.716,1.8249,2.0673,1971768.7299,1969628.6424
600176.SH,20260415,3.4423,1.13,37.8935,4.0038,6.5938,1.3183,12449755.2241,12449755.2241
600637.SH,20260415,0.8999,0.77,66.0637,1.0878,4.2694,2.381,3247595.2232,3247595.2232
300857.SZ,20260415,11.8281,2.46,83.4369,22.1265,7.9402,0.074,9715263.8651,9665079.6649
600032.SH,20260415,3.3883,1.12,43.3387,1.794,4.7404,0.5383,2322916.363,2322916.363
300138.SZ,20260415,1.2344,0.72,15.7554,1.7148,0.8861,1.0806,581169.4119,479170.8903
300868.SZ,20260415,7.9162,0.89,,6.4484,15.101,0.0586,972691.104,613403.4871
688078.SH,20260415,0.9579,1.06,,2.5914,11.1692,0.5667,174943.2,174943.2
920017.BJ,20260415,1.9181,1.43,20.7341,1.3441,3.3692,0.8837,219704.8128,217377.0368
920627.BJ,20260415,3.1042,0.68,69.9802,4.0423,2.4483,0.6051,187294.35,92839.1025
301395.SZ,20260415,11.42,1.33,57.5121,1.9508,1.3177,0.6641,300891.6927,170276.3127
002230.SZ,20260415,1.6434,0.97,131.2785,6.2295,4.3129,0.2096,10990522.9817,10407696.4634
300984.SZ,20260415,2.4294,0.78,151.0213,6.8983,5.841,0.1804,727905.3272,522252.7816
002387.SZ,20260415,0.9408,1.0,,2.8279,1.3963,,1135595.183,1134132.0269
603918.SH,20260415,1.2862,0.68,,4.9727,6.4808,,497641.5579,497641.5579
001229.SZ,20260415,2.6441,0.72,55.2499,3.7128,17.7744,1.5953,376099.4565,193386.1949
002540.SZ,20260415,0.7827,0.7,20.9359,1.5707,1.0961,4.3496,852028.7201,595219.9767
600186.SH,20260415,17.2825,1.69,44.5988,7.2323,3.9933,,1378636.0089,1369041.6958
300737.SZ,20260415,3.0105,1.4,,1.5351,1.0812,5.618,691512.2719,552534.0007
600708.SH,20260415,1.0529,1.08,,0.8144,1.3522,,744364.6722,743242.7755
003012.SZ,20260415,0.8419,1.22,19.5736,0.9475,1.1484,3.8943,721956.2426,714174.3997
002941.SZ,20260415,1.7281,0.84,19.6466,2.4564,1.3638,0.8388,1154466.3541,1154466.3541
000063.SZ,20260415,2.0389,0.69,29.9815,2.233,1.2579,1.7523,16842826.3371,14181254.3579
600918.SH,20260415,0.4015,0.6,33.5559,1.0847,4.2259,0.3619,4814351.3256,2386915.17
600520.SH,20260415,1.8666,0.76,503.8168,9.8303,10.1709,,384984.9,384984.9
600483.SH,20260415,0.8602,0.95,9.1933,1.0541,1.96,3.8492,2766237.111,2766237.111
688480.SH,20260415,3.838,0.89,73.9048,7.0724,6.4971,0.7388,812846.3283,812846.3283
920701.BJ,20260415,0.4032,0.66,29.9614,2.5222,2.3841,1.3763,213620.4,156022.6727
301533.SZ,20260415,2.5028,0.85,56.8564,2.7992,3.9544,1.2254,317039.1075,91708.3575
600528.SH,20260415,1.0659,0.73,12.938,0.7017,0.6386,1.3015,1768355.064,1768355.064
600903.SH,20260415,0.657,1.0,,2.3991,1.0724,0.5645,718755.88,718755.88
301298.SZ,20260415,1.7342,0.87,35.3299,2.5152,3.6885,1.8143,238696.8,175905.9515
605056.SH,20260415,3.1921,0.71,45.2145,7.0096,2.6675,1.5513,1149985.4988,1133131.4988
002893.SZ,20260415,4.0531,0.33,33.3002,2.2435,2.2167,0.9855,272867.4,209875.8696
300648.SZ,20260415,1.7143,1.05,,6.5137,7.7752,,887092.326,675376.5399
002382.SZ,20260415,4.1382,0.78,,0.983,1.3102,,757374.1695,751405.7147
002243.SZ,20260415,0.7175,0.84,59.4878,1.438,4.457,0.8055,1052015.0663,1046399.65
688147.SH,20260415,1.8089,1.09,150.4842,11.0837,12.1688,0.0628,3202746.5673,3202746.5673
002898.SZ,20260415,1.6742,0.88,,5.137,9.661,,236544.0,136096.882
002760.SZ,20260415,2.1909,0.65,113.1224,2.748,3.6039,,228180.1358,228180.1358
002963.SZ,20260415,2.2007,0.82,,1.6576,6.1789,1.4045,214112.5403,162637.8196
688728.SH,20260415,0.4718,0.99,679.9304,4.359,4.4013,0.1652,3424972.6404,3291034.4068
301668.SZ,20260415,9.6746,1.63,53.6644,5.6125,6.2936,0.976,563530.0,124635.2795
300059.SZ,20260415,1.6357,0.6,25.9595,3.4145,88.8126,0.3019,31371014.7849,26475440.8484
600616.SH,20260415,0.7945,0.81,1639.4352,1.7303,6.3388,1.0,334502.475,334502.475
300831.SZ,20260415,8.0239,0.98,546.8928,5.8762,45.2949,0.2713,538560.0,310486.9759
920055.BJ,20260415,14.1211,0.99,15.8961,1.9141,2.2169,,227392.0,51163.2
688126.SH,20260415,1.3939,1.51,,3.4657,15.7957,,5869721.546,4851425.7748
301011.SZ,20260415,3.2025,1.75,47.9741,3.4475,3.3215,0.8857,331241.45,314533.5524
000661.SZ,20260415,1.2263,1.19,36.908,1.5385,2.7473,2.9507,3539673.9391,3467455.6065
301157.SZ,20260415,31.3954,2.17,126.613,4.049,16.6657,0.2709,442980.0,152533.1861
301279.SZ,20260415,0.9662,0.53,55.624,2.636,5.1623,0.7185,358728.2603,277852.0103
000889.SZ,20260415,36.6061,2.37,,62.5275,2.8248,,443801.989,412308.7464
688679.SH,20260415,3.5112,0.91,,6.6849,5.3098,0.0895,735486.8349,735486.8349
603177.SH,20260415,3.9006,1.14,202.0728,6.5577,2.2908,0.3472,237475.296,237475.296
002967.SZ,20260415,1.7027,1.81,31.7937,2.7529,3.7458,1.2455,1349758.9383,1159026.1315
688709.SH,20260415,3.7762,1.15,183.2943,9.4653,37.0467,0.0452,2815500.7019,980340.1757
688367.SH,20260415,4.1074,1.27,322.4355,5.4658,16.4542,0.2965,325087.266,325087.266
600017.SH,20260415,0.7671,0.52,18.5875,0.6588,1.1765,3.9799,919620.5125,919620.5125
688570.SH,20260415,0.2447,0.67,79.1777,1.8008,4.7867,1.8446,774637.0,336689.8
300570.SZ,20260415,14.1865,0.79,98.7856,17.2965,19.0937,0.6152,2953330.6516,2499082.9524
601038.SH,20260415,0.9737,1.2,17.7552,1.8819,1.3321,2.8678,1441636.8878,938777.8678
600313.SH,20260415,3.9552,0.66,158.6821,3.5739,1.3654,,848964.3713,791087.2227
301081.SZ,20260415,1.7657,0.59,234.4777,3.1072,3.7913,1.9582,335696.2686,322094.2408
688608.SH,20260415,2.6848,1.14,47.7342,4.0204,8.0442,0.5067,2835404.2979,2835404.2979
601519.SH,20260415,1.1302,0.72,,15.7345,25.4373,,2102542.12,2102542.12
002094.SZ,20260415,1.9706,0.72,115.6701,2.8378,2.6161,,438719.9436,438438.0036
301535.SZ,20260415,1.3409,0.62,66.4628,7.4991,10.8559,1.1139,832300.5889,332291.0029
000892.SZ,20260415,3.9008,0.5,,7.2821,10.7157,,615074.7566,445694.4567
600839.SH,20260415,7.3013,6.01,31.5791,2.7913,0.3986,0.5348,4316188.3476,4314986.32
603063.SH,20260415,14.4901,1.62,36.5957,3.3426,4.397,0.311,1744820.1726,1744820.1726
688548.SH,20260415,3.104,0.95,110.0232,5.2478,12.9846,0.3478,3148084.8711,1649224.6788
000659.SZ,20260415,3.005,0.6,,31.4615,5.37,,534852.2483,534852.2483
300076.SZ,20260415,2.8026,1.09,,2.7532,20.4929,,247616.0,247616.0
600658.SH,20260415,4.7986,3.72,,1.0249,4.0783,,568241.2029,568241.2029
002697.SZ,20260415,1.1889,0.75,15.1394,1.5199,0.7614,2.1495,727600.0,612757.0338
002376.SZ,20260415,1.0782,0.76,76.9442,1.5232,2.0784,2.7389,579552.2168,558636.4376
300661.SZ,20260415,5.1659,0.98,86.0723,8.8633,12.0795,0.2019,4708664.1367,4544418.6442
002515.SZ,20260415,4.0035,0.89,131.4454,2.7359,23.2076,0.5085,714262.3568,714253.8077
002906.SZ,20260415,1.6662,0.66,20.9066,2.3356,1.2523,1.5419,1634072.9746,1633118.9709
600939.SH,20260415,0.4608,0.76,,0.7351,0.216,,551717.7338,551717.7338
603103.SH,20260415,1.0602,1.05,89.5854,11.5201,6.2077,0.6225,1426315.8,1426315.8
301048.SZ,20260415,2.4721,0.75,27.6736,2.1297,1.7961,0.5673,584000.073,584000.073
603686.SH,20260415,2.6739,0.97,53.5928,2.2642,1.5845,0.8545,768130.817,768130.817
603879.SH,20260415,1.6478,0.75,,7.3995,5.6063,,189733.8643,189733.8643
300196.SZ,20260415,11.7675,1.17,23.7013,1.6354,2.4649,1.5647,773703.7722,467430.9559
002768.SZ,20260415,2.1059,1.23,17.7752,2.2584,0.7037,0.5511,1495405.0,877377.6925
301566.SZ,20260415,4.5541,1.15,54.7571,5.7799,23.2379,0.4329,831620.79,431394.1798
688306.SH,20260415,0.4665,0.71,908.5111,5.7937,4.2944,,1107911.0856,1107911.0856
002135.SZ,20260415,2.4626,0.65,109.3818,1.3542,0.9626,0.915,853373.7945,798561.2247
003013.SZ,20260415,0.3403,0.82,13.0712,1.6633,2.3724,3.2201,608661.0551,528330.1032
000526.SZ,20260415,1.1352,0.47,16.5214,3.8944,1.2322,,388371.3544,380717.2958
600353.SH,20260415,2.9895,0.81,77.876,6.6368,7.696,0.3958,1258243.9783,1256477.717
600750.SH,20260415,0.8034,1.0,18.7876,4.225,4.0371,4.4733,1703443.6145,1684876.7782
002921.SZ,20260415,4.6492,0.7,,3.1514,3.7246,,417116.3556,359804.564
002328.SZ,20260415,40.1092,1.79,64.6394,2.9024,2.2871,1.136,964712.5,713489.87
002024.SZ,20260415,0.3575,0.95,211.9391,0.9755,0.2517,,1232214.0932,1230687.6454
603806.SH,20260415,1.6109,0.79,60.1619,2.9001,2.9892,1.4632,4630522.1709,4630522.1709
000563.SZ,20260415,0.5969,0.68,12.1016,0.9152,5.8718,2.3599,1733635.9514,1733635.9514
600078.SH,20260415,5.8983,1.04,,5.061,2.4553,,878503.0936,860019.5736
603210.SH,20260415,1.0454,0.92,28.3207,3.1328,2.8267,,572212.4,391130.8775
301080.SZ,20260415,7.1212,1.75,48.6722,3.1823,10.5838,0.569,840903.8059,633771.6703
002115.SZ,20260415,5.1462,1.12,,4.7932,1.0272,,994275.373,922191.7222
300904.SZ,20260415,3.6796,0.63,,6.4813,6.5088,,427133.452,129723.052
688700.SH,20260415,4.2308,0.81,134.0427,9.407,15.664,0.1718,1734607.1057,1734607.1057
002408.SZ,20260415,1.9409,0.56,,1.752,0.8133,0.4376,1933139.9088,1870745.8403
301488.SZ,20260415,4.6023,0.89,163.5784,8.9965,6.8574,0.3752,1225992.0,311990.8173
603208.SH,20260415,1.1846,1.37,,2.1816,1.4098,1.4587,229084.2675,229084.2675
688122.SH,20260415,3.0612,1.91,56.6599,6.683,9.0926,0.8868,4762040.763,4762040.763
920227.BJ,20260415,3.3495,0.72,54.0398,5.6329,15.0848,1.6633,234116.298,106521.9206
688681.SH,20260415,2.0769,1.08,42.2712,3.2379,3.9301,0.5205,198663.66,198663.66
002935.SZ,20260415,1.6844,1.44,122.4308,4.8963,8.0948,0.2688,793495.7925,776635.0421
600496.SH,20260415,0.9716,0.76,12.3368,0.8401,0.3676,2.0619,772168.5671,772168.5671
300966.SZ,20260415,2.964,1.03,,3.2237,3.9889,,249814.1719,166136.6717
920685.BJ,20260415,1.4447,1.46,31.7359,1.9995,6.5787,1.4329,111649.448,66982.758
300504.SZ,20260415,3.0094,0.64,,1.9952,3.2516,,423069.3694,340690.6399
002223.SZ,20260415,0.8811,0.87,19.0454,2.526,4.1003,2.4198,3314188.7273,3108162.8902
002036.SZ,20260415,1.7372,0.77,,4.413,1.0686,,957126.2407,955198.3364
688207.SH,20260415,1.3114,0.79,,2.0045,23.9563,,372403.3854,372403.3854
002401.SZ,20260415,0.6811,0.71,169.7225,3.3394,3.0588,0.8748,552299.3018,551825.4016
688137.SH,20260415,3.027,1.59,,1.7148,23.0474,,349192.9845,349192.9845
600644.SH,20260415,4.1297,0.89,276.0346,3.122,1.9027,,645984.3537,645984.3537
301160.SZ,20260415,2.0195,0.62,29.4578,3.9523,4.2682,1.1953,646927.4951,421174.8233
600160.SH,20260415,1.5642,1.35,23.518,4.6569,3.4471,1.1915,9289826.2647,9289826.2647
002843.SZ,20260415,11.4004,0.97,145.5967,4.3508,3.9501,0.4088,615750.0767,613438.6067
603803.SH,20260415,26.1514,1.37,,4.1987,5.5038,,659419.2805,659419.2805
600617.SH,20260415,2.401,0.71,,1.8476,0.398,,625058.1354,575275.8312
001395.SZ,20260415,1.0269,0.68,18.2745,2.8369,4.2416,1.5926,339625.32,182542.77
600382.SH,20260415,2.3128,0.64,29.8861,2.389,7.7645,3.002,647882.747,647882.747
603725.SH,20260415,3.7396,2.11,22.997,3.2867,0.8561,1.1077,271933.0506,255698.6506
300689.SZ,20260415,1.8546,0.93,232.4796,7.9392,13.018,,548290.8,479907.0513
002046.SZ,20260415,3.5694,1.07,99.6208,5.9353,8.5914,0.4342,2593555.1608,2557820.8462
000598.SZ,20260415,0.7836,1.11,9.9456,1.0107,2.1983,2.7998,1993317.8256,1990124.1176
920374.BJ,20260415,1.8656,0.98,104.1344,6.2036,6.6046,0.547,162220.82,67885.9665
002706.SZ,20260415,5.3585,1.03,42.8138,2.6676,2.532,2.1015,1135479.3952,924439.3831
000488.SZ,20260415,0.7189,0.65,,8.7544,1.279,,791251.7178,455745.1128
603608.SH,20260415,4.6905,1.28,,4.5677,4.6381,,483116.3443,483116.3443
688209.SH,20260415,0.9786,0.69,51.3124,4.1522,5.6499,0.4204,910512.7189,910512.7189
000722.SZ,20260415,4.8136,0.71,84.6757,1.9365,17.4941,0.3799,610832.2991,610832.2991
300710.SZ,20260415,2.8449,0.78,,6.3159,10.2605,,292004.0305,218892.3382
600734.SH,20260415,2.3824,0.99,,25.9,21.1645,,803793.8461,803627.7961
301618.SZ,20260415,0.92,0.8,91.2864,4.6588,8.0367,0.6953,435562.1721,160069.0087
603607.SH,20260415,1.3091,0.83,36.9319,3.9464,4.2968,2.2381,398806.5312,398806.5312
300144.SZ,20260415,1.2796,1.23,25.9307,2.4613,9.2128,2.5458,2060374.0669,1851673.499
000402.SZ,20260415,5.2958,1.69,,0.3656,0.6295,,860811.8132,860736.1455
605162.SH,20260415,9.7874,0.83,34.9838,3.9453,6.9246,1.3851,520522.0834,520522.0834
301322.SZ,20260415,3.209,1.02,55.7802,1.7188,6.1785,0.8772,483204.5428,324994.6656
603392.SH,20260415,0.2506,0.97,,4.1207,27.743,,4981707.6478,4981707.6478
600362.SH,20260415,3.3728,1.86,22.7621,1.9969,0.298,2.3351,16229812.7212,9726684.5872
603041.SH,20260415,1.3077,0.89,71.6635,1.5098,3.6512,0.9579,226919.9904,226919.9904
002835.SZ,20260415,1.1055,0.77,20.1137,2.7915,3.1202,2.037,343508.002,199206.0314
920770.BJ,20260415,2.2771,0.79,46.3019,3.2532,10.9775,0.7787,200533.6817,126198.3458
688080.SH,20260415,2.3848,1.25,27.0425,3.4732,5.2294,0.3627,406434.5364,406434.5364
688077.SH,20260415,1.482,0.68,58.571,3.0577,2.0441,0.6568,336223.3662,336223.3662
688178.SH,20260415,3.3839,1.11,,2.9073,5.2841,,267233.2215,267233.2215
688396.SH,20260415,1.4727,0.75,96.9977,2.8041,5.8037,0.1738,6415257.5844,6415257.5844
002531.SZ,20260415,2.4986,0.77,,2.4621,3.9555,0.1686,2131098.0884,2119127.3646
603533.SH,20260415,5.2508,0.95,,4.8298,3.565,0.3931,1116553.5482,1116553.5482
300298.SZ,20260415,0.7204,0.92,31.8532,2.8106,1.9051,1.3546,898108.631,722813.8356
001220.SZ,20260415,18.5909,3.01,25.3972,2.7,4.2797,,403953.33,98958.0523
600452.SH,20260415,3.2397,1.39,47.8069,3.4089,6.2475,0.7414,1865361.568,1865361.568
688516.SH,20260415,5.163,0.74,53.4099,6.5132,3.6887,2.7973,2368760.0192,2364480.5605
920821.BJ,20260415,1.9208,0.77,168.2378,5.6304,7.5512,0.3322,297478.0829,156634.8573
600206.SH,20260415,5.2107,1.12,67.0628,4.4091,2.0396,0.4941,1867496.6504,1867496.6504
000559.SZ,20260415,3.0073,0.98,52.1197,6.185,4.0307,1.1018,5397403.5468,5395759.9099
002981.SZ,20260415,1.1307,0.53,45.0851,3.117,1.8289,1.0574,332578.9122,288869.7593
301053.SZ,20260415,6.1039,0.51,192.5841,5.904,7.9691,0.4596,533688.7783,494493.1779
603093.SH,20260415,1.9664,0.76,28.6344,2.4882,10.0352,0.3881,1392386.2924,1183527.8324
600269.SH,20260415,0.6135,1.06,8.2316,0.5401,1.6764,3.7694,1053268.5633,1053268.5633
300875.SZ,20260415,4.1918,0.54,,4.334,27.0956,,409122.8096,359770.2596
300557.SZ,20260415,2.6635,0.61,87.3437,4.1266,5.8502,0.4523,411434.2567,406051.8111
300767.SZ,20260415,8.0317,1.33,,4.0319,11.5503,,613366.0822,532559.8604
300758.SZ,20260415,2.2695,0.71,69.9176,3.189,3.5617,,545990.1846,492126.9137
000528.SZ,20260415,1.1147,0.76,13.4531,1.0784,0.5974,2.7223,1969548.6558,1966811.4665
300133.SZ,20260415,2.3631,0.67,54.3366,1.896,6.5585,0.178,1368996.4612,1168865.9532
300956.SZ,20260415,1.3824,0.95,244.8812,2.3728,1.4424,0.6707,321202.6411,313784.5224
600348.SH,20260415,0.8015,0.78,21.7637,1.2061,1.4221,3.3478,3329722.5,3329722.5
002471.SZ,20260415,20.4947,1.34,,6.9143,2.402,,1244202.84,1220240.4756
300193.SZ,20260415,1.6915,1.11,20.6468,1.7301,3.2191,2.3283,409098.5825,360243.8981
300783.SZ,20260415,1.2667,0.85,32.6891,2.4987,0.6624,0.6745,742687.6451,518211.6491
300700.SZ,20260415,3.5414,0.8,,6.9891,14.773,,608248.1568,414575.0547
600873.SH,20260415,1.2818,0.84,8.0106,1.874,1.2275,3.9733,3020168.2571,3020168.2571
002932.SZ,20260415,2.5068,0.6,553.3895,0.7062,11.1808,6.7065,392727.8964,263644.4466
002597.SZ,20260415,2.6708,1.58,37.1063,1.6503,2.6223,3.5259,1287812.8435,1285381.2919
920751.BJ,20260415,0.7912,0.97,38.6511,4.4716,7.7985,1.4493,179634.6,171948.9488
601869.SH,20260415,4.2058,0.79,364.8537,21.5053,20.8317,0.0747,29689505.078,14571698.2784
920091.BJ,20260415,6.0665,0.97,94.6373,7.6966,15.3558,,366762.8484,86522.6934
600777.SH,20260415,0.4716,0.9,23.0856,1.6825,5.214,,3957888.5702,3705100.6916
600759.SH,20260415,8.8722,0.71,53.0766,2.5062,10.1776,,2203123.9277,2200297.1492
603059.SH,20260415,1.4097,0.96,,3.1969,2.2798,0.2389,336402.6963,336402.6963
600096.SH,20260415,2.4995,1.05,11.6535,2.4444,1.2411,4.8544,6008577.4494,6008577.4494
601811.SH,20260415,1.2109,0.5,11.3673,1.1683,1.5197,4.1522,1782900.245,1144301.1355
300534.SZ,20260415,2.491,0.83,66.2585,4.1105,3.2833,0.4167,291211.2,289969.4285
300525.SZ,20260415,1.3068,0.69,28.5058,3.1107,3.8277,1.1509,783482.4428,642611.6646
300763.SZ,20260415,7.1004,0.98,41.3553,4.0333,5.2125,0.2172,3671291.1936,2966037.9895
000088.SZ,20260415,0.6437,0.79,16.5788,1.3282,27.8652,4.7391,2391762.3392,1454931.4553
300548.SZ,20260415,8.3781,0.76,206.1944,35.1488,27.2618,0.0337,6904442.199,6376555.799
001336.SZ,20260415,2.5606,0.7,76.6678,2.5647,5.6349,0.5914,202541.22,117389.5632
002072.SZ,20260415,1.9671,0.94,,12.2196,6.0079,,282378.24,282264.4224
000155.SZ,20260415,4.9914,0.78,58.7474,2.8191,8.201,1.0632,2952023.1789,2952023.1789
600327.SH,20260415,1.0641,0.86,,1.0859,0.9761,0.7616,344179.2325,344179.2325
600859.SH,20260415,0.9271,0.96,,0.7038,1.3044,0.6515,1380187.7887,1380060.8626
601718.SH,20260415,0.7174,0.98,,1.0557,1.8038,,1290876.5729,1290876.5729
002311.SZ,20260415,0.627,0.93,16.4169,3.2631,0.6553,2.623,8245544.8513,8239455.5777
688597.SH,20260415,1.5769,1.42,39.5123,3.5915,2.9981,1.1313,300773.947,300773.947
301489.SZ,20260415,11.7769,1.22,215.9305,14.7924,17.77,0.09,1602964.26,944868.476
920022.BJ,20260415,4.0308,2.46,23.3761,3.755,2.4133,2.1731,160996.749,44345.435
600035.SH,20260415,0.4812,0.88,9.1107,0.689,1.136,4.4619,613454.1583,613454.1583
300293.SZ,20260415,1.845,0.55,,6.5402,4.8612,,611219.2194,611219.2194
002970.SZ,20260415,6.0973,0.9,27.9688,5.1679,4.321,1.8361,1070292.6528,731930.7458
600183.SH,20260415,3.8874,1.46,48.7428,9.7173,5.7158,1.4949,16250807.6487,16019215.3294
688216.SH,20260415,1.8828,0.94,,4.4684,4.2834,,329303.2605,304933.9745
600470.SH,20260415,5.2099,0.65,,2.1576,0.5452,,351036.8,351036.8
603248.SH,20260415,15.9317,0.66,62.9063,5.5281,10.4266,,1254420.0,189005.4194
301368.SZ,20260415,2.8673,1.31,3175.5804,6.578,12.6292,0.1261,638211.4,340741.3322
600847.SH,20260415,2.0752,0.81,,3.9627,3.6666,,203872.242,203872.242
300414.SZ,20260415,2.3988,0.96,259.7382,4.5493,9.4096,0.0722,451536.9604,434252.6646
000415.SZ,20260415,1.3282,0.91,,0.9644,0.5189,,2783034.5769,2426830.0799
000429.SZ,20260415,0.431,0.95,14.8801,2.4113,5.9968,4.0796,2680413.4535,1670868.9395
601952.SH,20260415,1.4856,1.0,24.6938,1.941,1.3421,2.7218,1366976.0,1366976.0
300192.SZ,20260415,1.9255,0.71,47.4392,6.5688,8.045,1.0571,622739.1785,614214.536
300693.SZ,20260415,7.3284,0.89,32.7833,7.1985,4.5075,0.9996,1560851.1568,1341576.5948
301292.SZ,20260415,36.9992,1.17,,7.68,4.4085,,2079130.2003,793860.6138
688110.SH,20260415,3.5928,1.12,,15.2922,56.7316,,5227392.1396,5227392.1396
002005.SZ,20260415,0.5025,0.78,,13.671,7.4468,,504698.3591,504574.0295
002151.SZ,20260415,4.1509,1.17,,4.2885,9.3732,,2073919.6877,1691553.7278
300393.SZ,20260415,5.28,0.82,,3.4138,1.8533,,1010084.5609,886123.9814
300675.SZ,20260415,1.1508,0.94,,4.2375,8.4982,0.0677,216773.3826,216773.3826
002859.SZ,20260415,1.9818,1.06,90.3943,6.1807,9.0752,0.5159,1816326.1486,1709648.138
000557.SZ,20260415,0.3856,0.67,23.2796,1.0752,5.1239,1.0707,681061.0012,680846.8645
688500.SH,20260415,1.6186,0.96,,5.0013,7.1712,,362177.1751,352649.5271
002255.SZ,20260415,3.414,1.25,21.6661,1.9994,3.8892,0.4466,903167.7068,693475.8281
002059.SZ,20260415,1.9301,1.33,,4.7499,14.763,,518366.6243,503319.5817
301006.SZ,20260415,1.9025,0.77,27.0585,1.8693,6.2411,1.1528,238725.92,147551.5754
002793.SZ,20260415,3.251,1.32,,3.9086,2.2801,,567721.1897,566858.2496
688025.SH,20260415,4.9258,0.88,92.5917,11.2305,12.4461,0.1542,2581352.2298,2581352.2298
920252.BJ,20260415,3.8469,0.82,290.3606,10.6207,7.0273,0.216,280441.6168,186407.7449
002830.SZ,20260415,2.4959,1.01,70.0849,4.3434,4.2698,1.1576,283747.52,142262.12
601515.SH,20260415,1.8023,0.68,,1.674,6.7732,,875634.1553,875634.1553
001337.SZ,20260415,3.068,0.95,43.4404,11.0649,19.7199,0.5189,2023560.0,2023560.0
300284.SZ,20260415,0.5857,0.73,54.4766,0.991,1.8213,1.3616,834729.1586,791449.9093
603677.SH,20260415,0.5072,0.67,62.5735,2.601,1.4597,1.5954,301805.5555,301805.5555
002567.SZ,20260415,3.0124,1.36,,1.1312,0.24,,620511.2532,619803.5134
601618.SH,20260415,0.6466,1.23,46.8793,0.6095,0.1361,1.8729,6196362.1318,5337933.1318
002203.SZ,20260415,1.3227,0.72,47.207,2.1335,0.4194,1.6029,3536178.3878,3413333.9781
300398.SZ,20260415,5.6759,0.87,47.2902,3.2016,5.0773,0.3796,1568173.8807,1559609.7666
301020.SZ,20260415,0.4523,0.68,35.3325,3.1936,5.5682,1.4513,312710.4,312710.4
002331.SZ,20260415,1.0784,0.71,,2.1011,2.6595,0.3624,352170.8977,325384.8325
688318.SH,20260415,1.1832,0.72,91.9146,7.5501,78.7565,0.3155,2899016.3036,2899016.3036
603869.SH,20260415,0.1886,0.43,140.0355,1.3817,7.5991,0.1204,517340.0676,517340.0676
000807.SZ,20260415,1.3348,0.77,19.7377,3.7308,1.9903,1.451,11950581.2176,11950456.114
603135.SH,20260415,0.4765,0.85,147.7507,2.306,10.0758,0.6018,684997.6464,679901.1264
600438.SH,20260415,1.158,0.7,,1.8702,0.8839,,7806451.3623,7806451.3623
603012.SH,20260415,2.8742,0.98,34.4875,1.4454,1.7191,1.1837,549525.0,549525.0
002488.SZ,20260415,2.3013,0.99,341.2267,3.1945,3.1477,0.0881,1119868.9481,1035094.4989
002345.SZ,20260415,1.5286,0.86,19.0391,2.5141,1.0155,3.2864,946266.033,923599.2737
300087.SZ,20260415,0.9548,0.75,296.8785,4.3717,1.6602,0.6219,761654.7278,725445.9036
688620.SH,20260415,1.6426,0.86,,3.4076,8.2057,,440608.0,261126.0165
688683.SH,20260415,1.2113,0.87,144.3898,5.1992,6.375,0.1654,613138.2268,590607.1978
600283.SH,20260415,0.8743,1.48,22.149,1.6667,2.124,2.7086,517641.3809,502266.3154
600063.SH,20260415,2.4709,0.8,32.6522,1.7455,1.857,1.9752,1477342.0046,1477342.0046
002961.SZ,20260415,2.235,1.1,20.1428,2.8511,8.981,1.535,1101716.2302,1101711.0327
002670.SZ,20260415,0.5738,0.52,85.9784,2.4821,25327.1372,,2805872.7469,2353858.4193
920146.BJ,20260415,1.4321,0.89,,4.7474,2.9514,,93008.4152,73817.98
688076.SH,20260415,0.5402,0.51,29.8945,3.2849,5.0316,1.8403,977548.5174,977548.5174
300519.SZ,20260415,2.3209,0.99,42.0545,2.9432,9.4792,1.9698,243680.0,173774.3
300468.SZ,20260415,6.9584,0.73,225.5399,10.1988,26.5549,0.3167,1675790.4105,1673075.7052
300123.SZ,20260415,2.6869,1.28,,4.3762,7.2431,,643755.4975,630263.8553
920924.BJ,20260415,7.3209,1.61,124.5234,6.9503,4.5761,0.2424,221674.569,135058.8433
300188.SZ,20260415,0.924,0.88,,3.3917,6.2957,,1049421.7955,1044571.7149
603118.SH,20260415,6.2991,0.6,,2.1349,1.2126,,1075419.5706,1075419.5706
300781.SZ,20260415,2.732,0.58,,8.7034,6.1729,,581180.7036,428926.1744
002999.SZ,20260415,2.3259,0.9,50.8458,1.9923,0.1772,1.8049,238795.704,236132.1191
603067.SH,20260415,5.5555,1.24,48.9312,7.3052,5.9144,0.3776,2537414.1889,2537414.1889
601677.SH,20260415,2.4239,0.4,10.7823,1.1145,0.6066,1.2777,2131399.4967,2087663.3587
001289.SZ,20260415,0.1606,0.74,28.425,1.7154,4.2528,2.13,12865757.0764,7759536.6784
000685.SZ,20260415,0.6392,0.72,11.7519,0.9076,2.9479,0.7377,1631473.1542,1386882.1501
002986.SZ,20260415,1.9838,0.58,,1.4681,0.761,2.0562,559538.689,444304.7146
301325.SZ,20260415,2.8896,0.95,,2.2736,3.9846,,643919.6535,259078.7825
300268.SZ,20260415,0.8525,1.12,,,1.4959,,247886.6,190265.7725
600202.SH,20260415,1.8136,0.83,,2.7204,1.6999,0.1745,219654.2051,219654.2051
600675.SH,20260415,0.4963,1.0,135.5623,1.1132,1.5234,,1608271.998,1608271.998
603018.SH,20260415,1.7192,2.56,15.3946,0.983,1.2096,1.3074,517633.8771,517633.8771
301187.SZ,20260415,0.9114,0.76,24.7152,3.2478,2.5766,2.4597,492531.5703,492529.9764
002795.SZ,20260415,4.0752,1.15,,7.8589,4.515,,351141.5045,345371.0129
300575.SZ,20260415,2.7372,0.8,,1.4667,1.1512,0.8026,289534.3868,208023.8871
300247.SZ,20260415,1.4207,1.01,48.1706,3.2809,4.2857,,370662.5843,370309.9193
603038.SH,20260415,1.0028,0.93,115.0872,2.8928,2.8604,0.3333,403015.659,403015.659
002030.SZ,20260415,0.9181,1.08,,1.0842,10.9638,,839260.7271,839260.7271
600157.SH,20260415,2.6697,0.95,125.9402,0.7881,1.5644,,3709019.9047,3709019.9047
001208.SZ,20260415,16.9288,2.25,123.9684,4.6809,3.031,0.2426,1366069.9245,563269.9286
002772.SZ,20260415,4.6812,1.45,20.0593,2.0198,3.2021,2.5098,671913.3617,666313.4533
603212.SH,20260415,1.6234,0.76,,2.2016,2.0562,,562612.9579,562612.9579
920099.BJ,20260415,2.18,1.01,22.4283,2.6095,4.1492,0.6504,241079.9939,149084.3425
002394.SZ,20260415,1.9091,0.97,12.9162,0.9995,1.2141,0.7491,432139.5,431586.284
002723.SZ,20260415,3.6185,0.83,,3.5013,2.9806,,329691.077,314576.7735
300050.SZ,20260415,10.5597,0.74,264.7058,10.0209,14.0906,,410269.5787,410019.4554
603819.SH,20260415,3.5607,0.73,114.7961,3.7657,2.0525,0.1441,302209.4996,302209.4996
920656.BJ,20260415,1.308,0.65,22.6274,2.2347,7.1261,1.2723,157200.0,50895.5137
000612.SZ,20260415,4.8461,0.84,14.6476,2.1819,2.4156,0.9878,1568934.4025,1568934.4025
301101.SZ,20260415,1.2145,0.97,37.1596,4.0848,8.629,1.43,701866.6443,664963.3886
605337.SH,20260415,0.5797,0.93,19.8979,2.8896,3.222,6.6945,426771.9457,426771.9457
300239.SZ,20260415,2.0572,0.77,58.3368,1.8667,4.2531,0.4598,316986.6362,314932.7921
601333.SH,20260415,0.4684,0.53,15.1529,0.7636,0.7532,2.2951,2160478.785,1723932.285
688678.SH,20260415,3.6578,0.7,137.3652,3.3644,3.8456,0.3419,758416.0883,758416.0883
301391.SZ,20260415,3.3449,1.39,372.0774,3.7696,12.4879,0.1413,782446.9686,764501.3307
300583.SZ,20260415,0.9375,0.67,,1.5317,2.8333,0.1403,270515.2317,265448.3685
603663.SH,20260415,2.1426,1.14,238.5504,13.8559,17.2498,0.1733,1832041.318,1829963.878
600815.SH,20260415,6.0508,0.98,,4.7925,13.1702,,727378.7368,727378.7368
002050.SZ,20260415,2.5062,1.1,46.7213,5.9789,6.121,0.8194,18982350.8608,16619415.0714
300788.SZ,20260415,5.229,1.7,48.7896,2.8809,3.729,1.432,634725.7571,634725.7571
603788.SH,20260415,0.7599,1.24,17.9588,1.6852,2.2784,4.4843,348204.5711,348204.5711
605259.SH,20260415,1.5159,1.36,14.6266,2.0186,1.4168,2.8571,362208.0,362208.0
002117.SZ,20260415,1.1693,0.8,36.4733,3.6721,4.4348,2.0916,525815.8388,525639.7493
920925.BJ,20260415,2.3193,0.96,110.6514,4.4872,5.454,0.1724,167723.0931,94001.5901
002634.SZ,20260415,1.0702,0.15,,,5.4703,,308225.5362,299611.255
000859.SZ,20260415,2.6379,0.78,,3.124,3.9111,,849385.5049,849337.1569
688360.SH,20260415,0.9617,0.62,52.9766,3.4115,2.9105,0.5705,495314.3626,473793.1737
688737.SH,20260415,0.938,0.8,,1.7464,1.7489,,308954.6913,308954.6913
300286.SZ,20260415,3.3944,1.38,31.6947,2.8986,5.9428,1.5371,650284.6104,538760.715
603883.SH,20260415,1.7363,1.99,25.0987,1.5684,0.4722,1.594,1048027.4159,1048027.4159
300517.SZ,20260415,2.0085,0.76,,2.2856,7.6524,0.8578,230676.1998,145306.9902
600638.SH,20260415,1.2635,1.2,24.7516,0.8737,1.8661,0.6187,402691.278,402691.278
300417.SZ,20260415,2.9457,0.61,,3.6342,9.9879,,166858.368,108577.1751
002756.SZ,20260415,4.2549,0.82,67.5238,3.2997,5.5202,1.0365,4079381.3532,2941524.7604
920245.BJ,20260415,0.7711,0.48,95.0508,3.5102,3.578,0.6107,122056.389,93356.0786
688022.SH,20260415,2.8976,0.71,84.1352,4.3639,3.9932,,297762.0025,297762.0025
002404.SZ,20260415,1.1906,0.84,21.3029,1.9135,0.8082,4.3796,383635.3056,312047.2502
600057.SH,20260415,0.5319,0.62,10.3775,1.3929,0.0582,4.3416,2244065.5778,1653083.0296
000921.SZ,20260415,1.2611,1.52,9.8001,1.7877,0.3552,5.4501,3122861.9406,2070390.9591
002496.SZ,20260415,3.9649,1.34,,2.3333,8.9432,,309055.8838,228052.7156
601018.SH,20260415,0.1937,0.94,14.7174,0.942,2.4522,3.5294,7606665.864,7606665.864
600749.SH,20260415,11.15,1.15,140.8298,3.8224,20.1403,,411261.5168,411261.5168
002657.SZ,20260415,1.9921,0.71,,4.3458,6.4176,,755595.5329,746845.3969
001259.SZ,20260415,1.5728,0.77,462.3176,3.1703,5.578,0.5136,226433.0084,146294.4234
000981.SZ,20260415,2.5678,0.88,,24.3498,11.8946,,4098963.0641,3900475.9981
301032.SZ,20260415,2.3688,0.64,34.1479,2.5928,1.3437,0.771,312750.0198,207354.9892
000408.SZ,20260415,0.9318,1.15,34.4342,8.1665,37.0875,1.1827,13265267.0938,13265127.7018
600117.SH,20260415,0.2716,0.76,,2.0635,1.4002,,830054.2885,830054.2885
000601.SZ,20260415,7.1585,0.9,133.4095,1.7321,1.4809,,699273.5639,689539.1779
600919.SH,20260415,0.3637,1.09,5.8772,0.8069,2.3449,4.9799,20094700.287,20094700.287
300980.SZ,20260415,5.0912,1.01,113.1621,3.641,8.7925,0.4736,512912.2106,365338.4793
002064.SZ,20260415,0.815,0.89,29.2267,1.9858,2.2436,1.8282,5429023.0233,5417477.6858
002045.SZ,20260415,1.4641,0.98,238.1178,1.5047,0.785,,665980.0283,665210.1323
603223.SH,20260415,0.8753,0.98,25.6694,1.56,4.5092,1.1243,596419.7531,596419.7531
920976.BJ,20260415,1.7874,0.5,32.3541,7.8002,7.2072,2.6059,217826.938,135447.172
600267.SH,20260415,4.1154,2.88,25.2519,1.5865,1.2943,1.7974,1365389.0022,1365389.0022
001914.SZ,20260415,0.5304,0.63,15.8884,0.9698,0.5396,2.4446,1040021.4998,1040017.7492
920247.BJ,20260415,1.0721,0.93,73.005,6.6149,7.2331,0.55,317293.9503,230172.3645
603171.SH,20260415,3.7351,3.31,203.6649,8.6392,10.4457,0.373,2180853.615,2178411.63
000735.SZ,20260415,2.2102,1.18,,1.8906,3.2331,0.2886,797998.9096,797571.9793
603303.SH,20260415,0.2983,0.76,27.7381,2.3057,1.6953,8.8101,733063.8118,733063.8118
002099.SZ,20260415,1.0908,0.68,,2.2477,6.1858,,1150906.5449,1148761.1806
920726.BJ,20260415,9.4274,4.58,92.0872,4.13,8.4338,0.9499,181989.3,100091.797
300997.SZ,20260415,2.1013,2.56,203.2153,8.5865,5.9831,1.3976,897695.5707,814831.444
600548.SH,20260415,0.2379,0.82,20.513,1.0237,2.5448,2.6265,2357668.342,1592701.7382
920080.BJ,20260415,1.1142,0.66,27.3999,3.4066,4.8274,2.1911,189406.0,51711.0351
600381.SH,20260415,1.8841,0.94,,1.6989,6.1436,,174944.1008,174944.1008
600602.SH,20260415,6.8899,0.67,168.7293,6.7031,5.1492,0.1883,3268739.5575,2567584.1461
002707.SZ,20260415,3.4279,1.85,131.9903,7.0403,0.9358,,652522.7819,547937.5974
000603.SZ,20260415,3.7226,1.35,53.9374,8.4173,12.2076,0.2491,2769536.9548,2676199.465
301002.SZ,20260415,5.0514,1.39,,4.7893,5.4674,,506147.4792,318779.3952
000042.SZ,20260415,0.4544,0.85,,1.7728,2.3298,,584386.5712,583771.3266
601069.SH,20260415,2.8637,1.0,64.8758,6.4713,2.2568,0.1499,3061868.0524,2981840.3569
002205.SZ,20260415,1.1894,0.73,,6.5849,3.195,,236950.1157,236950.1157
301066.SZ,20260415,1.5097,0.82,120.5531,2.6573,4.7398,0.9743,329832.0478,327295.8047
301238.SZ,20260415,1.2072,0.99,285.2332,2.1066,7.6344,0.9713,1509933.2647,1509933.2647
600980.SH,20260415,1.2669,0.75,33.9144,2.8387,3.2319,0.6496,422436.19,422436.19
600252.SH,20260415,3.8212,1.95,,1.5716,4.8256,,843803.2136,843803.2136
002136.SZ,20260415,2.006,0.74,,2.4754,1.5834,,267699.9,266997.4212
300199.SZ,20260415,7.63,0.86,,28.4912,20.5936,,1849507.3576,1561491.2874
603080.SH,20260415,1.1464,0.96,16.3796,1.9747,1.9247,2.6341,300829.0,300829.0
002827.SZ,20260415,0.9683,1.0,45.0245,8.3561,4.8785,0.4652,891534.028,888163.8971
688433.SH,20260415,3.0622,1.26,473.5558,15.7981,45.6736,0.062,3267791.832,1594603.0848
603868.SH,20260415,0.2015,0.41,30.7664,4.2353,3.5839,1.5718,1385643.6,1385643.6
603506.SH,20260415,1.1257,1.02,19.7084,1.8331,1.2451,,228713.3348,228713.3348
688358.SH,20260415,0.6682,0.83,28.4951,2.4321,7.4291,4.3784,332340.3169,331895.7169
300691.SZ,20260415,1.408,0.71,,2.7558,2.2331,0.4848,443930.4639,364217.898
300563.SZ,20260415,2.1975,0.7,89.2755,5.2908,6.8302,0.7246,584658.2485,411347.9955
301357.SZ,20260415,12.7246,0.98,1014.4747,9.6311,60.0138,,1095656.8,273914.2
002725.SZ,20260415,3.9381,0.93,55.8805,3.9785,5.9956,,409856.0,339434.1082
000010.SZ,20260415,4.7955,1.18,102.6198,14.1911,5.0743,,463309.8737,349861.2804
603218.SH,20260415,0.9412,0.95,26.3369,1.4213,2.2819,2.4551,1452781.1625,1449531.1125
301312.SZ,20260415,9.959,0.6,172.5022,11.9102,22.7644,0.2377,1467254.8501,733172.8786
600036.SH,20260415,0.51,1.89,6.7004,0.9186,2.9813,7.5514,100627183.948,82309488.2717
603790.SH,20260415,1.0912,0.9,72.0651,3.2765,4.9444,0.5561,412954.88,412954.88
600853.SH,20260415,0.7977,0.61,9.9236,1.1768,0.227,1.0104,401423.6342,401423.6342
002596.SZ,20260415,2.0502,1.04,,6.0963,3.5091,,407391.0839,407016.4701
603658.SH,20260415,0.2832,0.83,17.9164,2.2487,4.6626,3.6607,1966844.0515,1966844.0515
002912.SZ,20260415,2.4286,1.06,64.0345,2.5892,5.9195,0.7683,444467.456,422263.1788
002227.SZ,20260415,6.0154,4.08,,2.0818,6.4033,,198740.5483,197241.2863
300822.SZ,20260415,0.4712,0.81,356.9858,3.5141,5.1836,0.7132,434592.999,403129.9416
601188.SH,20260415,0.9639,0.81,25.3957,0.9541,5.5417,2.1713,426888.6622,426888.6622
300983.SZ,20260415,0.4198,0.66,,1.8163,29.6129,,502502.4,444372.1721
301122.SZ,20260415,4.2932,2.03,975.6649,2.1231,11.1169,0.8049,379695.0137,234939.8837
002010.SZ,20260415,0.7244,1.04,29.1303,0.9048,0.6137,2.5818,1605901.9575,1601852.3573
601611.SH,20260415,2.0135,1.44,25.2445,1.993,0.399,0.7237,4330879.7626,4330879.7626
600693.SH,20260415,5.2969,1.95,218.0172,2.7998,5.4023,0.6975,997713.6442,996688.841
002940.SZ,20260415,12.2872,1.29,60.3929,4.1466,4.4363,0.6759,652792.4099,599551.4112
000039.SZ,20260415,2.0353,0.88,290.1148,1.3828,0.4091,1.4815,6406314.2174,2734071.6835
002508.SZ,20260415,0.5494,0.96,12.4303,1.6691,1.7118,4.9603,1904996.8547,1882040.4026
603020.SH,20260415,0.8491,0.76,23.2346,1.2806,1.713,1.5967,423477.7403,423477.7403
688809.SH,20260415,10.2302,1.03,120.6439,11.7875,47.4392,,4801338.0987,902498.1605
300515.SZ,20260415,0.9265,0.97,20.4278,4.0248,5.6751,1.6083,374473.19,367205.5205
688562.SH,20260415,3.7821,1.51,,4.6081,6.5378,,795200.0,343963.76
301338.SZ,20260415,6.8951,0.6,114.621,10.8147,16.0637,0.1257,1693356.0,941372.25
000911.SZ,20260415,2.4713,1.13,45.7217,19.1422,0.807,,229783.5755,229783.5755
601555.SH,20260415,0.5708,0.52,11.9587,0.9971,4.0005,4.491,4148866.8689,4148866.8689
002980.SZ,20260415,25.6121,1.51,142.9876,12.3782,17.2016,0.7363,1336035.7826,715204.665
600425.SH,20260415,0.9716,0.78,23.3985,0.9991,1.6654,2.4814,646695.5939,646695.5939
002606.SZ,20260415,15.5628,3.19,31.6422,2.973,3.4717,0.2492,540938.207,518847.0118
920703.BJ,20260415,0.7224,0.93,22.5869,1.8128,5.5566,2.1039,204683.192,103568.0696
688001.SH,20260415,1.4771,0.57,229.659,5.355,8.317,,1849966.7266,1849966.7266
600266.SH,20260415,2.046,0.92,,0.5427,0.3196,0.9843,1054477.7016,1054477.7016
688750.SH,20260415,1.6274,1.5,142.3348,3.4241,13.7375,0.4605,843600.0,424843.0266
603655.SH,20260415,1.1149,0.58,101.4292,7.5338,15.921,0.4774,418064.0,418064.0
603267.SH,20260415,2.987,1.27,47.3355,2.6754,6.5927,0.5264,1182903.0861,1182903.0861
603008.SH,20260415,4.8008,0.58,12.7638,1.1851,0.4943,6.6981,442319.2144,442319.2144
920118.BJ,20260415,1.2056,1.2,39.9907,1.84,0.6558,4.8733,104438.592,64307.8332
301359.SZ,20260415,1.9089,0.65,60.2254,3.0056,7.5504,1.6926,253571.36,144317.0032
603153.SH,20260415,0.309,0.75,22.2188,1.87,1.4786,1.5196,677500.4082,667448.6194
002555.SZ,20260415,2.9054,1.15,16.0374,3.8504,3.0213,4.3958,5004081.6344,3616864.0168
300830.SZ,20260415,4.1103,0.78,353.223,3.5794,12.2804,0.2112,488675.2883,364725.7233
002811.SZ,20260415,1.1654,0.93,30.7044,2.9718,3.0883,3.2342,417299.3568,383617.8101
301499.SZ,20260415,11.3529,1.01,88.0119,3.5937,4.8391,0.362,465918.8984,116479.7263
002667.SZ,20260415,10.923,0.94,,16.3047,26.5614,,753891.2095,684515.623
002523.SZ,20260415,1.0497,0.89,47.4425,2.2789,2.776,0.3722,570906.2424,568851.7012
600272.SH,20260415,2.523,0.72,256.0026,4.2648,2.9247,0.3114,331204.1026,201760.0
600969.SH,20260415,2.3988,0.94,,1.0136,0.9101,,368940.3325,368940.3325
300439.SZ,20260415,2.7017,1.49,40.8123,1.3002,2.612,1.3487,384318.815,292332.051
600022.SH,20260415,0.7665,0.69,,0.8505,0.2211,,1604827.4331,1604827.4331
688146.SH,20260415,9.4615,0.66,91.7451,5.523,14.0881,0.2877,3183882.3547,871854.6438
688698.SH,20260415,2.9843,1.4,56.0498,6.5703,7.7286,0.5903,1504152.0557,1504152.0557
603363.SH,20260415,3.9651,1.34,6.1617,3.3414,1.3663,,1116670.6234,919401.0733
300007.SZ,20260415,2.861,0.99,174.1594,4.8982,6.0313,0.092,1423406.1058,1231483.5345
000595.SZ,20260415,1.2589,1.33,719.645,14.4552,13.3622,,735572.0124,735572.0124
300856.SZ,20260415,0.4264,0.67,47.028,2.219,3.8692,1.717,593657.6543,573750.0575
603283.SH,20260415,5.7912,0.88,27.8399,4.2331,3.938,0.8241,1336616.8087,1336616.8087
603381.SH,20260415,3.5099,0.81,58.6059,1.5058,0.4684,2.467,538571.86,322652.5472
002340.SZ,20260415,2.7578,0.98,34.0704,2.0307,1.1653,0.8061,4174526.8087,4151889.8473
688330.SH,20260415,2.016,0.87,11.1336,1.6263,10.9105,0.6631,711200.0,711200.0
002927.SZ,20260415,3.4739,0.91,222.4102,3.6376,4.3741,0.2964,376525.2077,372384.7226
301392.SZ,20260415,12.9556,0.68,704.4585,20.6505,38.1081,0.2003,1497500.0,610918.7672
002014.SZ,20260415,0.3354,0.89,15.5035,3.1183,1.9824,7.5314,731927.7799,722397.9166
300902.SZ,20260415,1.8466,0.82,,3.8999,10.063,,320155.7328,213526.8394
001213.SZ,20260415,0.2672,0.67,31.6812,0.9407,1.5148,2.005,1795555.5554,1795555.5554
002696.SZ,20260415,1.9241,0.9,45.568,1.7087,0.6009,,234487.2514,226447.6638
002900.SZ,20260415,5.6486,0.74,,1.9444,4.232,1.7094,370134.8235,188513.208
002741.SZ,20260415,4.9883,1.53,72.7582,4.3998,2.6059,,871916.8313,799421.6531
603656.SH,20260415,1.2891,1.22,129.07,2.8512,6.1025,0.2395,375952.7107,375952.7107
600844.SH,20260415,10.2273,0.63,,26.2645,4.2148,,366965.2506,297005.7589
600033.SH,20260415,0.7749,0.69,12.4137,0.8169,3.2874,2.7322,1004450.4,1004450.4
688398.SH,20260415,1.7741,0.82,188.0372,4.5568,4.7161,0.3558,469208.5172,469208.5172
300498.SZ,20260415,1.0982,1.42,21.8492,2.7844,1.1011,2.8997,11438101.0803,10226851.4066
601168.SH,20260415,2.5136,1.1,18.4743,3.6673,1.0909,3.6827,6729592.0,6729592.0
301388.SZ,20260415,11.3848,1.92,155.9236,3.3664,6.9218,0.3106,329881.272,88088.2134
688133.SH,20260415,2.3646,1.09,,1.2798,1.4097,0.3247,354526.1224,354526.1224
002648.SZ,20260415,2.4395,1.34,16.0521,2.6529,2.0263,1.7844,9405258.7665,9399219.0981
920576.BJ,20260415,6.6551,1.7,379.938,18.7626,15.7789,0.2601,837825.5,823811.6593
603151.SH,20260415,1.2869,0.92,25.6833,2.1491,0.5759,1.1648,291746.983,291746.983
002785.SZ,20260415,3.3204,1.08,,10.7684,7.3387,,955655.2538,815968.512
300209.SZ,20260415,14.6726,0.87,159.8861,11.8554,99.7478,,1174724.6994,929218.1925
600037.SH,20260415,1.0576,0.92,305.8307,0.8258,4.7276,0.3581,1049400.5245,1049400.5245
920262.BJ,20260415,1.1169,0.72,35.9865,3.8789,2.3185,0.3821,139126.8544,62776.2243
002247.SZ,20260415,3.0764,0.88,59.4638,3.5419,2.9495,,235691.0036,178260.7661
688232.SH,20260415,0.633,0.93,197.2584,1.3176,3.8806,1.626,712868.0927,712868.0927
601689.SH,20260415,1.5402,0.95,36.9695,4.2635,3.4731,0.8779,10274083.949,10274083.949
300705.SZ,20260415,2.0456,1.19,15.2219,2.7083,2.3385,2.1533,713915.4368,526403.1318
002624.SZ,20260415,3.4866,0.85,,5.2889,5.4177,1.1677,3746078.9881,3529352.5022
000987.SZ,20260415,0.8534,0.61,12.5308,1.3769,9.1548,2.9471,4410059.4341,4406729.9368
002265.SZ,20260415,1.113,0.74,215.3664,6.2929,6.0907,,2297481.8652,2297481.8652
603901.SH,20260415,3.6295,1.86,99.6544,2.2334,1.5709,0.1146,634668.0431,590516.6337
001366.SZ,20260415,1.6545,0.94,,2.7946,1.7708,,224309.28,224309.28
601608.SH,20260415,0.5785,0.96,75.0123,3.0142,3.4741,0.465,2816425.3638,2816425.3638
000886.SZ,20260415,1.1364,0.97,516.8246,1.8583,13.6571,,562643.3027,556389.195
601968.SH,20260415,0.4857,0.56,34.5025,1.4628,0.7548,1.4726,659577.9808,659577.9808
000801.SZ,20260415,1.4813,1.37,79.0818,4.5592,3.4457,0.7219,1416756.714,1416259.5913
601021.SH,20260415,0.7109,0.82,20.1585,2.5719,2.1769,2.6024,4671542.0948,4671542.0948
000665.SZ,20260415,1.0562,0.98,,1.3343,3.78,,535597.4121,535583.4164
688545.SH,20260415,4.8632,1.67,90.6538,6.3434,12.7112,0.384,1874880.0,949158.0
688295.SH,20260415,2.1422,1.03,491.0583,10.0037,21.5304,,4723200.0,4723200.0
603021.SH,20260415,2.2022,0.84,,,6.9532,,274195.496,274195.496
000936.SZ,20260415,1.4274,0.88,20.7971,1.2346,1.9892,0.5362,660965.6137,660871.9534
605287.SH,20260415,3.5694,0.68,,3.8505,1.9135,,597940.0,597940.0
002593.SZ,20260415,3.0145,1.16,38.642,1.7355,1.1609,0.9452,425240.8973,296506.79
688589.SH,20260415,2.7749,1.54,157.2207,3.3904,9.0353,1.1203,323355.9526,323355.9526
000032.SZ,20260415,2.446,1.08,143.4904,3.0882,0.4348,0.6042,2260233.5185,2116604.1752
600518.SH,20260415,1.4021,1.32,1470.944,3.4059,4.6401,,2447714.7141,2446556.3373
603036.SH,20260415,1.2633,0.51,35.627,2.7028,8.5725,1.0995,374724.9595,374724.9595
920018.BJ,20260415,3.5156,1.11,33.2929,3.744,1.3328,0.3535,360215.3366,125109.1302
600178.SH,20260415,0.975,1.06,423.2417,2.0733,0.9268,0.044,529916.9189,529916.9189
002474.SZ,20260415,2.801,1.12,,3.4154,9.5643,,466650.0,398074.4588
300238.SZ,20260415,2.4407,0.93,168.2679,7.1863,10.5652,,409665.558,409632.1567
002162.SZ,20260415,1.2825,0.78,632.9936,5.1745,4.0101,,425821.5468,425262.778
920693.BJ,20260415,2.1752,0.85,515.7582,5.4839,6.5751,0.2648,192218.8,96796.84
002554.SZ,20260415,2.0088,0.48,,2.0165,1.8325,,477471.7858,477382.448
688790.SH,20260415,12.8332,2.48,,5.0752,7.5069,,1414345.2865,171339.5049
300726.SZ,20260415,2.5467,1.09,52.5613,3.6064,10.0261,1.3633,1812507.1578,943743.4996
603124.SH,20260415,1.9977,0.62,85.2381,9.7736,1.7792,0.307,1756375.3931,935263.7693
301382.SZ,20260415,4.7477,1.03,56.6269,5.3959,5.0112,0.2183,999578.6605,617009.883
301515.SZ,20260415,3.0139,0.84,,1.8578,3.7338,0.5093,226300.0,148386.1547
300279.SZ,20260415,3.568,1.18,64.0732,4.0113,2.2644,,415734.5665,413902.5717
301529.SZ,20260415,6.8117,1.08,73.6963,7.042,5.6684,0.3587,978427.5429,521735.7358
300619.SZ,20260415,5.1601,1.26,,4.6458,4.5736,,732886.5595,612694.566
300562.SZ,20260415,2.5339,0.93,35.5918,2.8489,2.9593,2.0809,291849.2735,217546.9716
300958.SZ,20260415,3.2377,1.03,,1.6499,3.4344,,205481.6551,119365.7988
603888.SH,20260415,1.0682,0.69,48.0027,3.6733,6.0411,0.5223,1351500.5505,1351500.5505
300802.SZ,20260415,1.5105,0.82,61.3647,3.8236,6.9376,0.8188,534635.2759,366457.0157
000401.SZ,20260415,0.3714,0.66,57.4903,0.4611,0.5132,2.1142,1257336.7522,1244630.7424
600191.SH,20260415,0.9829,1.1,148.0411,3.4372,11.2603,,581918.4,581918.4
300355.SZ,20260415,3.4703,0.51,102.3053,1.4214,2.3557,0.105,611216.2329,494716.673
920299.BJ,20260415,9.9638,1.97,85.9716,7.4583,17.0713,0.4587,216082.0438,108904.6065
300476.SZ,20260415,5.3236,0.98,59.7841,17.2986,13.3622,0.6751,25778833.2553,25318604.5047
300416.SZ,20260415,4.5136,1.43,36.2285,3.3701,4.1496,0.8179,932676.6762,926085.9459
600250.SH,20260415,9.9808,0.78,139.9559,5.6207,4.9077,,357207.7834,357207.7834
300636.SZ,20260415,2.7361,1.38,36.5244,1.453,4.1832,0.4866,345200.1289,301968.0162
002952.SZ,20260415,4.7073,0.6,349.2185,4.968,4.9781,0.1879,432049.86,346094.7891
601969.SH,20260415,1.4391,1.13,50.2805,3.1758,4.9076,1.0098,2167221.7451,2146054.5582
000411.SZ,20260415,1.8476,2.49,12.9232,1.252,0.19,3.139,637149.8367,635894.1358
603238.SH,20260415,0.8645,0.7,23.0107,1.9422,1.0381,1.8999,280286.711,280286.711
603386.SH,20260415,1.6378,0.92,,3.3463,1.8138,,455546.2938,455546.2938
300456.SZ,20260415,8.643,0.66,26.0494,5.6995,46.5749,,3838261.2484,3131827.2806
000657.SZ,20260415,8.2604,1.58,83.944,11.0584,6.0949,0.3392,10750455.5592,6854901.7636
603395.SH,20260415,3.8747,0.99,266.8262,5.1801,2.1955,0.414,724620.0,181155.0
688027.SH,20260415,5.2864,1.85,11026.4588,18.3209,191.5036,,5945365.8578,4645638.586
603429.SH,20260415,1.1496,0.85,,4.1094,30.4052,,520289.5813,520289.5813
300917.SZ,20260415,4.0692,1.24,43.0975,4.8422,1.9304,0.7505,562939.0,562939.0
301266.SZ,20260415,1.8382,0.66,96.6408,2.4089,1.4198,0.253,434310.8976,412007.8854
688399.SH,20260415,1.3484,0.81,,1.4576,12.547,6.6771,427074.8033,427074.8033
603737.SH,20260415,0.5301,0.86,55.4685,12.8163,2.9875,1.4569,3689825.1825,3689825.1825
601158.SH,20260415,0.1101,0.68,25.8757,1.22,2.7813,3.6009,2092811.0543,2092811.0543
603897.SH,20260415,10.179,1.3,36.2232,3.9489,0.735,3.913,949604.1326,949604.1326
600539.SH,20260415,14.7539,1.39,,12.2378,8.3368,,367080.0,367080.0
001299.SZ,20260415,17.537,2.83,39.5135,3.3374,5.5815,4.5093,404963.8334,364509.4648
002406.SZ,20260415,4.4395,2.04,35.5256,1.3626,3.5373,1.9737,554971.0623,457681.8025
300121.SZ,20260415,2.4545,0.6,28.1114,1.5701,1.6111,1.1107,554762.4798,534982.3968
003011.SZ,20260415,5.985,1.55,17.4142,1.7107,1.9056,2.5226,241801.98,183899.0439
688334.SH,20260415,4.4071,2.3,28.3331,2.4224,8.119,1.6667,704705.8913,349269.8577
000021.SZ,20260415,4.8157,0.96,43.3759,3.4902,2.9139,0.6671,4444712.5049,4444001.7578
688371.SH,20260415,0.7215,0.83,231.7577,3.5569,13.2978,,702814.5858,702814.5858
603360.SH,20260415,1.4935,1.09,86.3039,12.378,12.6675,1.6234,1864430.4466,1864430.4466
002928.SZ,20260415,2.6037,0.9,18.6934,2.7231,1.4934,,1086505.3175,1086499.8988
688515.SH,20260415,3.5678,1.07,,6.7463,16.3913,,1012800.0,630713.604
000875.SZ,20260415,1.1138,0.7,50.2635,1.354,1.7713,0.8783,2354098.6363,2169220.7587
600521.SH,20260415,3.212,1.82,92.6024,2.6667,2.879,1.5071,2471963.2765,2471963.2765
300215.SZ,20260415,11.765,3.36,,3.2849,12.1331,0.0581,644221.0008,429888.5406
001306.SZ,20260415,3.5747,0.8,,3.1912,5.3889,0.2432,415568.1672,102484.5123
300884.SZ,20260415,2.1942,1.07,,2.6976,5.162,,341191.6301,257254.8868
688488.SH,20260415,5.6475,1.29,,8.9462,12.0003,,863025.5392,863025.5392
002663.SZ,20260415,6.0641,0.92,,1.5729,1.9075,,372243.3628,279264.6977
605266.SH,20260415,1.1457,1.37,23.1509,1.1276,0.3255,5.5039,296104.25,296104.25
603326.SH,20260415,0.9724,0.77,15.6502,2.3066,1.8809,5.2632,272896.2752,272896.2752
688236.SH,20260415,0.9012,1.47,29.3015,2.6749,7.6364,1.2381,798589.617,600507.096
002241.SZ,20260415,2.0035,0.74,29.3916,2.4287,0.8595,1.2126,8545004.2861,7563705.6628
603092.SH,20260415,5.4309,1.21,33.4118,5.0119,5.1002,,2764400.6911,231189.9511
300775.SZ,20260415,6.9267,1.79,45.2988,3.5359,14.0375,0.5294,2068647.5458,2008539.7018
300043.SZ,20260415,2.1867,0.88,22.7309,3.9164,3.2763,0.1811,685553.319,685186.9591
603685.SH,20260415,1.2798,0.67,340.6535,3.7218,6.0691,0.0184,735034.2137,590093.173
688526.SH,20260415,0.5858,0.96,16.8874,1.6682,7.4454,2.8211,707116.261,707116.261
000301.SZ,20260415,0.2748,0.73,,2.2668,0.6234,,7576470.4177,7572912.7226
920002.BJ,20260415,1.4498,0.95,60.7009,5.3421,10.7727,0.422,380450.3154,266340.5663
002164.SZ,20260415,2.3343,0.65,110.9282,4.7739,4.58,,683843.1904,616511.0588
301077.SZ,20260415,2.6911,1.39,35.5295,3.951,5.9903,3.1243,460913.9301,258541.1246
300248.SZ,20260415,1.4182,0.81,51.2959,2.3117,5.0519,0.7767,490638.8448,421386.5023
605298.SH,20260415,0.8484,0.78,157.5457,8.4212,15.9323,0.315,894541.7,886927.262
603948.SH,20260415,0.6236,0.87,20.0295,2.0845,2.007,3.7133,437583.3267,437583.3267
002796.SZ,20260415,5.4126,0.66,941.1041,14.3166,13.2103,,1225746.2664,1105978.742
600655.SH,20260415,0.4814,0.71,,0.629,0.519,3.8959,1887842.2624,1886575.4424
600307.SH,20260415,1.5552,1.05,,1.6463,0.3414,,1121140.9789,1121140.9789
601006.SH,20260415,0.362,0.87,15.8211,0.6394,1.3779,4.2065,10536973.9455,10536973.9455
603828.SH,20260415,0.3443,0.66,,5.4757,1.8199,,352808.4135,352796.258
603955.SH,20260415,0.9195,0.91,,2.4224,9.6,0.1943,349207.56,349207.56
002763.SZ,20260415,2.0866,0.89,59.6753,1.8183,1.0898,5.6391,327119.352,242284.1316
603711.SH,20260415,0.3497,0.88,35.1468,1.5564,1.6948,2.008,514028.2545,514028.2545
600982.SH,20260415,8.0419,0.91,19.1694,1.4342,1.6401,2.6549,631459.529,631459.529
300921.SZ,20260415,5.532,0.83,134.9546,5.6718,8.3198,0.2773,469786.3768,293175.9273
920275.BJ,20260415,0.4601,0.59,250.6025,4.8877,14.8569,0.838,114114.3616,94450.797
300953.SZ,20260415,7.3269,0.98,62.95,7.4198,3.3511,0.0782,3275953.4722,2352156.4445
600246.SH,20260415,4.6032,0.87,,3.3525,38.9062,,1869153.9519,1818576.8019
600739.SH,20260415,0.4985,0.59,20.7085,0.6074,1.6066,0.1704,1786701.0651,1786701.0651
300790.SZ,20260415,8.2585,0.7,46.5217,4.3051,3.5609,0.5025,1108140.4217,961534.8455
300054.SZ,20260415,3.8691,0.72,68.2284,9.4683,13.4261,0.1922,4913837.5946,3825834.14
688049.SH,20260415,2.8156,0.96,39.942,3.9943,8.8592,0.6218,817157.0873,817157.0873
301069.SZ,20260415,1.7782,1.0,75.9354,4.3257,9.4996,0.4315,974777.7666,917991.3666
605277.SH,20260415,2.1868,0.89,37.1544,4.8409,1.9918,0.6222,781782.6796,767659.2314
605167.SH,20260415,4.6916,3.42,36.3939,4.0176,2.7519,0.6318,794007.5695,794007.5695
603650.SH,20260415,1.4089,0.93,56.4119,8.1391,9.583,0.923,3228274.7628,3219840.5531
920469.BJ,20260415,0.6415,0.48,,3.7309,3.0713,0.5643,124878.156,91655.0715
300804.SZ,20260415,10.1002,0.51,76.8113,2.5875,4.4626,,352092.0,130845.0
601696.SH,20260415,0.8645,0.52,31.5467,1.8607,10.1886,0.3074,3469722.0,3469722.0
001356.SZ,20260415,1.2908,1.26,48.557,3.1815,3.1347,0.3448,649430.64,221112.7185
002582.SZ,20260415,10.9738,1.57,,1.7548,3.5249,7.9615,547994.4586,421352.4565
001298.SZ,20260415,3.5868,1.09,116.692,5.3508,1.0623,0.1381,889189.1828,490683.3614
688510.SH,20260415,3.9415,1.29,84.368,7.14,12.3321,0.5998,861615.0586,861615.0586
301528.SZ,20260415,6.2079,2.68,67.7057,2.6684,20.6838,0.2458,407921.0,209891.2166
301167.SZ,20260415,3.1951,0.78,84.1519,1.9214,5.1372,0.3681,182560.0,115669.1537
001286.SZ,20260415,1.8585,1.34,14.3437,1.6041,1.8518,3.2143,4200000.0,1512000.0
600203.SH,20260415,2.8886,1.26,,4.2412,0.4889,0.1747,678971.3539,678971.3539
000852.SZ,20260415,1.3178,0.88,340.5643,2.0908,0.9093,,655793.8347,648869.0948
002390.SZ,20260415,2.6715,1.65,83.9377,0.9591,1.129,1.7578,647302.672,641963.4719
300708.SZ,20260415,4.9064,1.11,43.2777,3.1017,2.8371,,887274.8111,670963.47
301171.SZ,20260415,9.9253,0.74,137.5905,5.8671,5.6798,0.2512,2175394.0221,1761783.6511
301662.SZ,20260415,10.3093,0.92,89.0175,7.7629,6.7212,0.7144,1119760.0,232739.6245
001309.SZ,20260415,10.3807,0.81,165.1754,35.7681,10.538,0.0798,11369504.379,8063101.8121
603416.SH,20260415,1.3844,1.44,33.0292,3.0459,4.1196,2.9575,774379.1834,686199.36
000550.SZ,20260415,0.9672,0.95,13.4556,1.3656,0.4079,3.8466,1597809.114,959675.3092
300173.SZ,20260415,1.1798,0.9,55.6319,3.2533,2.2601,,314462.5987,314462.5987
002455.SZ,20260415,10.9983,0.81,782.6599,3.1133,1.4234,0.4229,843113.7375,771167.5725
600512.SH,20260415,2.6098,0.63,145.9294,0.634,1.0159,0.8,398452.7448,396851.2908
601877.SH,20260415,2.1545,1.65,16.1981,1.6883,1.144,1.7433,7379559.4636,7379559.4636
600126.SH,20260415,5.7748,0.72,,1.6504,0.5282,,3218461.1961,3218461.1961
300151.SZ,20260415,2.6604,0.81,139.2528,5.7369,9.0503,0.444,899407.4713,622660.4502
000726.SZ,20260415,1.1745,0.9,8.9973,0.5858,0.9391,2.9059,562457.6176,405463.4948
002813.SZ,20260415,0.9894,0.97,,12.771,7.699,,287640.0,287295.0118
002274.SZ,20260415,2.4473,0.82,,1.0538,0.875,4.9917,572371.1522,563647.3271
601228.SH,20260415,0.3465,0.64,29.8424,1.1516,1.763,1.2,2451972.6891,2451972.6891
601326.SH,20260415,0.5848,0.59,12.5923,0.99,2.8954,2.3481,2022643.144,1722236.358
300587.SZ,20260415,2.3654,1.27,,2.8174,4.2447,0.5183,675099.7744,547007.5057
002543.SZ,20260415,0.533,0.57,9.1684,1.2374,0.8204,3.0792,626111.2,557076.4645
002642.SZ,20260415,1.4106,0.86,260.4574,4.3874,2.6742,,521325.2866,521325.2866
688123.SH,20260415,9.6754,1.33,53.6137,7.432,15.9608,0.2433,1949266.1779,1949266.1779
688777.SH,20260415,2.1092,0.91,116.0164,5.2153,6.4863,1.0683,5221850.8782,5195514.159
920078.BJ,20260415,27.877,1.57,35.7232,2.9814,3.6711,,292320.0,50425.2
301339.SZ,20260415,0.4382,0.71,34.4776,2.768,7.1361,2.8833,761977.6492,748147.4
603808.SH,20260415,3.4993,0.87,,1.4573,1.3074,0.4793,379427.4786,379427.4786
688280.SH,20260415,6.3532,2.07,39.4465,8.554,2.3403,,638029.622,562708.2207
920160.BJ,20260415,3.908,1.73,33.2405,4.814,13.6983,,256692.48,57755.808
600048.SH,20260415,1.25,1.19,69.3284,0.3792,0.2307,2.8368,7110443.3903,7110443.3903
000881.SZ,20260415,0.7888,0.75,,1.3553,1.2261,,708123.9354,676895.5309
300335.SZ,20260415,9.7009,1.05,67.5223,1.7594,3.0304,1.3986,341063.8574,274675.2323
300811.SZ,20260415,3.5939,0.95,63.021,8.324,13.8901,0.2395,2412587.3643,1978257.1127
603262.SH,20260415,1.2353,0.43,66.0925,6.6515,9.6408,,1020025.5,102020.4
601020.SH,20260415,4.9928,1.11,26.2251,5.5278,11.0132,0.1387,2364778.189,2364778.189
603578.SH,20260415,1.4721,0.92,,1.8866,2.008,,291873.5233,224905.2189
000838.SZ,20260415,8.6394,2.62,,5.043,7.039,,206886.888,198107.9807
603052.SH,20260415,4.1544,0.71,379.2834,11.8973,14.491,0.2562,1294236.4784,1294236.4784
920168.BJ,20260415,3.1678,1.08,20.3589,2.008,2.2739,,162975.9312,61082.3464
300748.SZ,20260415,2.5648,0.81,62.6184,5.9829,5.7251,0.9326,4418392.822,3629661.7979
001326.SZ,20260415,7.9172,1.82,152.335,3.3662,2.7546,0.5019,408382.8,134472.4725
001279.SZ,20260415,0.8793,0.56,84.9912,4.9704,3.4608,0.6048,496000.0,124000.0
002126.SZ,20260415,3.6736,1.02,43.0461,5.6591,2.6283,0.2412,4120556.5119,3864650.3506
301479.SZ,20260415,10.2746,1.59,46.061,6.9276,5.2508,1.073,888318.85,508528.2917
920735.BJ,20260415,2.1353,1.18,15.4785,2.8061,3.467,0.981,366729.7847,324345.1041
600366.SH,20260415,1.9314,0.8,41.4268,2.2043,2.5081,0.3926,1370504.1906,1370504.1906
600350.SH,20260415,0.1427,0.84,15.2326,1.6283,2.0409,4.1584,4882916.5333,4882916.5333
688320.SH,20260415,1.2055,0.72,,3.8452,4.5838,,471162.6442,471162.6442
688819.SH,20260415,0.4728,0.86,21.1833,1.9756,0.7362,1.1795,3371242.8,3371242.8
688170.SH,20260415,7.179,0.89,234.6368,4.7031,7.511,,591115.84,591115.84
600601.SH,20260415,2.5519,0.98,93.7657,9.5759,8.9641,,4427597.6309,4320423.8453
603778.SH,20260415,0.724,0.04,,24.1192,11.9739,,1769572.9237,1723499.9977
603927.SH,20260415,0.7982,0.97,58.8094,4.4672,2.0163,2.3091,1403626.56,1403626.56
920111.BJ,20260415,1.9388,1.39,31.3119,4.0219,3.0427,0.8261,375629.0445,182272.5506
603107.SH,20260415,0.5347,0.76,25.8391,2.317,2.1806,2.0633,490485.09,317224.9931
002851.SZ,20260415,4.371,1.13,258.4229,6.8686,6.7766,0.0446,6140010.0553,4835596.1661
300447.SZ,20260415,6.195,1.04,210.2086,3.121,7.4338,0.2479,623371.5085,402099.8187
002761.SZ,20260415,0.7233,0.73,52.8863,1.285,0.1319,0.4985,1085069.9256,885985.1214
600072.SH,20260415,1.4568,0.69,,1.8644,1.855,0.2497,1809783.5491,1306504.8031
002343.SZ,20260415,1.8458,1.0,,3.1185,5.8688,,296997.5393,296997.5393
002334.SZ,20260415,4.0155,1.05,33.8455,2.2938,1.576,0.6844,705088.6942,629547.3528
600745.SH,20260415,1.5086,1.07,,1.1406,0.7715,,3873358.885,3873358.885
000777.SZ,20260415,2.3008,1.29,38.4797,3.801,4.5586,0.8628,866523.7602,866508.469
920651.BJ,20260415,2.1994,0.63,20.3039,3.0029,4.767,2.6188,163053.0,110842.288
600740.SH,20260415,1.3308,0.82,,0.7068,1.6198,0.4762,1076090.8847,1076090.8847
000811.SZ,20260415,3.0613,1.09,32.7963,2.9021,2.6248,0.6188,1850971.442,1824707.9451
603500.SH,20260415,1.0943,0.91,25.4339,3.6712,4.9017,1.1618,372392.2853,371321.6518
600354.SH,20260415,3.4181,0.75,48.1095,4.8262,2.6479,,332515.3104,332515.3104
605006.SH,20260415,7.5684,0.76,,2.4378,2.4487,,608449.0512,608449.0512
300512.SZ,20260415,1.078,1.11,107.2298,2.26,3.2381,0.6583,367495.1628,290868.6665
300191.SZ,20260415,7.0518,0.69,,11.2755,21.7046,,1197440.0,827711.69
300807.SZ,20260415,4.547,1.64,,7.9745,22.768,,364692.1863,278398.341
300582.SZ,20260415,3.3539,1.04,,2.9003,1.6058,0.2912,384216.4601,285121.8037
600895.SH,20260415,1.4933,0.71,57.1029,4.1251,13.4658,0.6051,5631035.2038,5631035.2038
603933.SH,20260415,5.694,0.95,275.2647,3.5667,2.2154,0.2646,470711.0961,470711.0961
605566.SH,20260415,1.4363,0.65,133.4553,2.0448,5.0939,0.3246,408553.76,408553.76
300219.SZ,20260415,3.0888,1.08,82.7246,2.1179,1.2595,1.4916,545824.4431,544826.295
002338.SZ,20260415,1.3292,0.69,213.2945,9.2544,17.189,0.1143,1260000.0,1260000.0
301396.SZ,20260415,21.6046,1.04,591.0647,28.8952,18.6456,0.0355,3702536.1985,1834923.3427
000783.SZ,20260415,0.6413,0.59,10.727,1.1374,3.8634,2.0492,4048013.3979,4048013.3979
600193.SH,20260415,3.4587,0.99,,14.7596,,,131440.257,131440.257
600690.SH,20260415,0.7398,1.0,10.0957,1.663,0.6529,5.8065,19739910.4133,13162624.8052
002029.SZ,20260415,1.8688,0.85,20.77,1.0244,2.3004,0.9755,690923.0663,652097.8398
301197.SZ,20260415,9.3468,1.07,84.1542,2.6978,8.5453,0.3365,346552.5,312654.0938
300821.SZ,20260415,4.3524,0.53,,3.287,4.2968,0.1111,1620000.0,1619717.5125
920425.BJ,20260415,1.7346,1.06,40.3795,5.0708,11.0787,0.7448,136056.2991,113571.1056
300457.SZ,20260415,2.7912,1.01,33.1003,2.6157,1.886,0.4196,1781340.4007,1749789.9567
920339.BJ,20260415,0.4478,0.93,45.5557,2.9977,3.2752,1.2102,181447.9312,124569.9592
688291.SH,20260415,2.805,1.15,117.1794,4.5172,17.0532,0.389,432124.1403,432124.1403
920809.BJ,20260415,4.4195,1.11,,2.8856,1.2929,,451683.7,346166.7896
688626.SH,20260415,1.3141,1.0,119.91,4.5586,12.2915,0.3921,943680.0,943680.0
688775.SH,20260415,3.0345,0.93,81.0676,13.3589,7.9281,,7815490.0,639272.0
300900.SZ,20260415,24.9693,1.97,,6.8234,11.6744,,1356762.1828,1063089.7303
603798.SH,20260415,4.5395,0.76,82.4923,3.7039,4.3889,0.236,428014.4659,428014.4659
600862.SH,20260415,1.5258,1.42,29.6766,3.9819,6.1087,1.1339,3059135.839,3059135.839
300159.SZ,20260415,2.2168,2.16,,,17.4057,,1066096.414,593515.9018
000034.SZ,20260415,2.4491,0.75,48.3842,2.2989,0.176,0.744,2530219.3753,2116057.3933
600721.SH,20260415,7.8605,0.65,86.856,4.4074,9.1007,,353399.2766,353399.2766
002608.SZ,20260415,0.3574,0.82,8.568,0.8699,0.8915,1.2438,3037576.082,3037576.082
920509.BJ,20260415,2.4258,1.16,69.1758,12.9229,20.6137,0.8391,478031.5855,250444.7968
600641.SH,20260415,4.3614,0.59,,2.4943,10.9656,0.194,2030634.4854,2030634.4854
600993.SH,20260415,0.7928,1.26,19.1093,2.5405,2.8946,2.4467,1092290.5598,1090397.9785
601139.SH,20260415,1.4234,1.46,13.6665,1.2114,0.6772,2.3358,1970569.0249,1970569.0249
300410.SZ,20260415,7.0301,1.63,89.6429,12.5352,3.7927,,329669.0877,329669.0877
300301.SZ,20260415,9.0652,2.02,,32.8568,7.5743,,300412.4944,285907.3716
300285.SZ,20260415,4.7804,0.97,54.2485,4.738,7.6077,0.5971,3320170.8357,2801678.3405
300458.SZ,20260415,4.3389,0.82,118.5873,9.9807,10.9535,0.5093,3108559.5206,2485259.2058
605090.SH,20260415,2.3536,1.04,20.1984,2.6643,1.3625,2.8356,2807840.9744,2802311.5604
688686.SH,20260415,1.8168,0.97,67.7688,4.1225,9.9423,0.2415,1261714.3665,1261714.3665
002057.SZ,20260415,1.15,0.86,30.4396,2.2573,2.3465,1.2971,720712.8229,720274.2197
002233.SZ,20260415,0.5238,0.85,17.037,0.8992,2.6303,4.8913,1080218.4674,1079410.9834
688332.SH,20260415,1.771,0.82,10.7617,2.8821,8.2716,0.7898,1523275.8642,1523275.8642
301376.SZ,20260415,1.8439,1.52,19.707,1.9395,0.762,2.4819,645962.7049,310796.8128
300488.SZ,20260415,1.6722,0.83,36.8139,2.6124,7.8909,0.6297,540389.9723,458528.2186
301185.SZ,20260415,1.1677,0.65,39.8796,2.7109,13.8899,1.5865,290112.6816,264494.8564
600029.SH,20260415,1.1607,1.08,121.7932,2.9336,0.5727,,10437676.484,7762734.0346
000519.SZ,20260415,1.6213,0.83,,2.4075,4.6624,,2459259.1622,2459259.1622
002379.SZ,20260415,1.2625,0.86,20.6224,3.377,2.3506,,36838971.1571,3212528.5997
920009.BJ,20260415,2.7391,0.69,37.4016,5.3944,15.0887,,365574.0,47520.0
300649.SZ,20260415,1.6664,0.77,,3.9391,12.8116,0.3362,196903.4976,157795.7024
920132.BJ,20260415,2.1704,0.37,60.1354,4.1347,3.7078,0.6777,109990.272,37347.6428
688418.SH,20260415,6.6825,1.48,,10.3962,10.373,,908857.8725,908857.8725
605008.SH,20260415,0.2875,1.01,1006.3585,3.8505,1.9064,,775154.8968,775154.8968
603777.SH,20260415,11.2755,1.0,,3.485,1.4926,,552468.7222,552468.7222
000596.SZ,20260415,0.7147,1.08,11.857,2.2498,2.6796,5.654,5609503.2,4336063.2
605358.SH,20260415,2.2546,0.97,,3.3974,6.89,,2380705.7143,2380705.7143
603682.SH,20260415,8.4822,2.22,,5.1586,3.494,4.7143,330750.0,330750.0
605289.SH,20260415,5.2455,0.95,253.7876,10.4864,7.3197,,1380143.9575,1371661.0875
301518.SZ,20260415,4.4177,1.04,58.5303,3.6322,2.0739,0.3937,590169.8224,217044.0352
688298.SH,20260415,0.5507,0.88,,0.7711,4.8267,,462873.6,462873.6
603505.SH,20260415,1.1677,0.83,61.1725,8.4968,4.027,0.5988,1482178.7797,1482178.7797
600573.SH,20260415,3.9995,0.83,36.6919,2.1619,4.5838,0.6814,293500.0,293500.0
300249.SZ,20260415,6.6852,0.75,,22.8617,5.0539,,763806.1816,647520.7308
000059.SZ,20260415,1.1678,0.74,,0.8362,0.2087,0.3416,842906.217,842906.217
600830.SH,20260415,0.6305,0.67,49.4458,1.7726,9.6417,0.1716,397078.0809,397078.0809
688061.SH,20260415,2.2986,0.89,,1.5746,5.9129,,369484.2815,144787.8833
600868.SH,20260415,2.7719,0.95,,3.5176,17.8289,,658657.5916,658657.5916
605168.SH,20260415,2.0865,1.08,88.7084,2.8519,2.0684,1.9873,763789.9403,763789.9403
920971.BJ,20260415,1.6586,0.77,70.7669,5.7818,9.8691,0.785,270076.1651,220256.2011
002202.SZ,20260415,7.6745,1.18,38.0914,2.4455,1.4472,0.5593,10567919.1948,8415489.7127
600052.SH,20260415,1.1172,0.82,,1.1858,4.7289,0.5227,319105.6121,319105.6121
601577.SH,20260415,0.3724,0.98,4.6458,0.5453,1.4543,6.547,3808411.405,3807587.3929
301035.SZ,20260415,0.3827,0.64,21.9047,2.9939,1.5161,0.9672,2186644.3455,2183325.0999
600125.SH,20260415,2.0039,0.53,15.5155,1.0688,0.7088,2.2436,814645.6494,814645.6494
002535.SZ,20260415,1.1604,0.81,106.3403,3.9148,1.8132,,277382.3436,258233.1158
002242.SZ,20260415,0.5259,0.78,63.4303,2.1735,0.909,1.5337,746230.626,744928.6391
603217.SH,20260415,1.4081,0.48,26.3145,1.5869,2.4725,1.3472,533120.4312,533120.4312
600308.SH,20260415,0.7631,0.89,,0.6342,0.4514,0.2044,582478.1476,582478.1476
605188.SH,20260415,0.6122,1.03,1449.1119,7.3354,3.1201,0.0573,865563.6955,865563.6955
920005.BJ,20260415,1.4617,0.54,49.8809,4.6623,6.6435,1.6547,300958.0,77959.0
000656.SZ,20260415,1.7389,1.86,,,1.3012,,1520673.6734,1088251.4151
002931.SZ,20260415,4.1366,1.08,601.6273,15.7815,29.348,0.0729,1499605.6897,1381202.9627
600391.SH,20260415,2.9771,0.95,215.8311,7.3597,3.0393,,1313914.8807,1313914.8807
300065.SZ,20260415,14.0939,1.11,505.5439,10.8748,26.9295,,1912078.774,1740771.9938
600698.SH,20260415,1.4535,0.58,1863.0504,10.0956,15.7805,,777968.2689,604568.8674
002836.SZ,20260415,1.0502,0.62,51.3838,7.754,6.8267,1.9046,292838.4,292838.4
600221.SH,20260415,0.7312,1.13,,11.7236,0.9425,,6309482.3501,6255445.1802
002572.SZ,20260415,1.0706,1.14,10.7131,1.6815,1.2304,7.9491,1211513.3323,819541.234
002112.SZ,20260415,21.5255,2.64,79.8506,7.559,3.4192,0.2787,658265.8091,586534.0329
600187.SH,20260415,2.0308,1.22,161.894,0.9385,16.043,,298549.5041,298549.5041
002759.SZ,20260415,17.1103,1.48,220.9147,5.5234,6.1265,,1815506.4127,1813910.2325
000716.SZ,20260415,1.4429,1.39,90.231,1.5164,1.647,0.9754,386229.5177,378996.3649
603519.SH,20260415,1.6432,0.95,22.5159,3.1596,2.1937,7.0193,375788.5808,375788.5808
300925.SZ,20260415,1.6683,0.76,73.0629,3.5301,1.6055,0.3539,774677.0636,631629.8262
300153.SZ,20260415,4.2942,0.83,178.546,9.4582,4.9183,,859520.0,855034.6969
688035.SH,20260415,3.8887,0.85,82.7736,3.8323,5.7568,0.5523,890706.88,890706.88
301025.SZ,20260415,1.8539,0.82,696.4124,6.9339,11.6033,0.2799,429131.6768,297105.5933
002083.SZ,20260415,13.3432,1.74,25.7233,2.5349,2.3561,1.099,1238203.8277,1237790.7613
301311.SZ,20260415,0.7397,0.91,,2.2413,1.9155,0.3232,401040.0,401040.0
600335.SH,20260415,0.4731,0.8,21.4484,0.7828,0.255,1.8212,903456.37,903456.37
301293.SZ,20260415,5.2357,1.01,167.839,6.0394,8.5871,0.2128,1411628.8219,1102960.8273
300537.SZ,20260415,2.3921,0.87,,5.0308,9.4607,,454265.0549,331922.3406
300658.SZ,20260415,13.5447,0.85,200.2843,5.455,4.2417,0.2687,732413.7951,496356.3448
002733.SZ,20260415,9.6699,1.01,136.7333,4.2173,3.5034,0.326,1158792.1776,1112490.0811
688071.SH,20260415,1.4597,0.7,,2.6144,5.1903,,268105.1073,268105.1073
601665.SH,20260415,0.9894,1.1,6.5271,0.7873,2.8391,3.8072,3729228.5702,3729228.5702
300523.SZ,20260415,0.5321,0.74,,4.7119,4.0882,,497844.5453,497247.1044
603197.SH,20260415,0.9248,0.82,28.0327,2.2462,0.8778,2.5053,706316.2153,697224.1583
000977.SZ,20260415,6.0442,0.92,41.9205,4.6484,0.6138,0.1674,10114867.1996,10103537.466
300795.SZ,20260415,1.2732,0.73,25.4919,5.3219,4.4407,2.8499,348510.2524,202866.6977
600196.SH,20260415,1.4625,1.84,21.2331,1.4683,1.7178,1.1828,7156750.591,5677550.051
002329.SZ,20260415,6.1343,0.57,,3.8843,1.8763,,347112.4617,271212.1813
600757.SH,20260415,0.5114,0.71,9.8822,1.1142,1.5936,4.5154,1101994.4479,1101855.3695
301598.SZ,20260415,2.9001,1.36,31.0233,3.7624,6.4123,3.3091,355974.8158,106058.4378
002949.SZ,20260415,1.213,0.59,32.0808,1.8674,2.1583,2.5454,269565.0898,208842.9241
601816.SH,20260415,0.2406,1.06,18.513,1.1932,5.6726,3.1721,24169285.6088,24169285.6088
688329.SH,20260415,2.3828,1.14,98.0909,2.3263,4.0947,,185280.0,185280.0
603050.SH,20260415,1.2106,1.48,30.7521,4.2254,1.808,,793328.8526,793328.8526
603311.SH,20260415,6.7368,1.3,49.192,3.2473,5.2379,0.6342,446292.352,446292.352
603355.SH,20260415,0.9215,2.45,17.0226,3.031,1.6844,,1655969.8371,1655969.8371
688130.SH,20260415,2.2961,1.18,,2.0448,14.5904,,253266.8419,126297.2719
688319.SH,20260415,4.4519,2.22,527.4547,12.9927,16.6741,,1174121.5566,1173254.5142
688395.SH,20260415,1.1049,0.9,55.8364,2.8876,5.1032,0.5749,225933.4515,225933.4515
600963.SH,20260415,1.1077,0.86,,1.0967,0.9635,0.6345,834844.7307,834844.7307
600599.SH,20260415,4.2946,1.2,,6.2002,2.6655,,71878.0,71878.0
688720.SH,20260415,5.955,0.67,132.3835,6.4873,11.2387,,668050.6717,427393.1608
600284.SH,20260415,1.1344,1.33,18.7354,0.8348,0.4578,2.6393,661714.592,661714.592
000651.SZ,20260415,0.405,1.02,6.61,1.5085,1.166,8.0002,20943656.0656,20621166.6276
300931.SZ,20260415,2.8079,0.74,,4.7657,7.0389,,305225.566,235103.7817
002809.SZ,20260415,5.0362,0.8,953.4566,1.3962,3.2083,2.5294,236056.0508,162111.0455
688103.SH,20260415,0.8304,0.69,75.9729,4.7768,4.0542,0.3731,536436.0054,536436.0054
600826.SH,20260415,0.951,1.37,24.4427,1.6427,4.0194,2.9049,698021.338,698021.338
002182.SZ,20260415,2.8445,1.13,172.9371,3.0012,1.6799,0.3073,1613644.8567,1408188.774
001209.SZ,20260415,1.5219,0.74,103.5335,2.0627,1.4356,0.9705,265018.2808,193630.6915
601200.SH,20260415,0.4293,0.6,18.0571,0.9335,1.7402,1.2361,1089100.2731,1089100.2731
300866.SZ,20260415,2.1075,0.82,23.5624,5.6988,1.9653,1.9554,5996937.7551,3439655.94
000729.SZ,20260415,2.9938,1.42,21.8048,2.3651,2.3878,2.2325,3661282.604,3259979.0604
000538.SZ,20260415,0.4416,1.14,19.2916,2.4827,2.4138,3.9555,9941911.2239,9878784.7376
002134.SZ,20260415,7.3333,1.9,345.948,10.698,3.6436,,548302.7055,547947.0766
300727.SZ,20260415,2.0193,0.81,49.5383,4.6345,4.4208,0.6889,602556.0974,541483.9237
000993.SZ,20260415,5.7824,0.84,96.2934,2.2045,9.4783,,566943.9013,544407.4941
600315.SH,20260415,0.635,0.8,52.154,2.0235,2.2091,0.1874,1395541.1345,1395541.1345
301026.SZ,20260415,2.3999,0.92,34.1251,2.8399,1.7236,0.9774,459785.9322,332068.0633
000810.SZ,20260415,0.9918,0.5,76.2264,2.1076,1.5564,0.4163,1371033.1302,1323842.5606
301078.SZ,20260415,4.3249,1.84,37.4997,2.6237,1.0865,0.7853,1116164.3152,1110717.1888
000066.SZ,20260415,3.8688,1.58,,4.551,3.3899,,5048375.5727,5048048.0965
300930.SZ,20260415,2.0815,0.72,52.6519,3.2426,4.3293,0.3364,297300.0,140102.628
605060.SH,20260415,4.0409,0.98,56.6253,5.2242,10.2795,0.6485,1289332.528,1280481.6036
300903.SZ,20260415,15.9567,1.76,,8.6462,4.748,,1731096.9745,1305699.1641
002042.SZ,20260415,5.2308,1.18,,1.3906,0.7771,,801020.9182,801020.9182
920188.BJ,20260415,15.1613,0.85,22.3852,2.5817,7.0021,,202088.4371,48198.0954
002650.SZ,20260415,1.7421,0.91,,5.0197,6.5117,,829205.7842,829177.6967
300289.SZ,20260415,1.3179,1.11,,2.2303,11.2034,,365575.7193,365001.1593
600566.SH,20260415,0.5894,0.79,14.122,1.6835,3.7954,8.2401,2331805.5178,2323937.4708
688070.SH,20260415,1.5675,0.93,397.3899,7.1395,6.8352,,424412.68,424412.68
002997.SZ,20260415,1.1219,0.75,14.6393,2.7252,2.0065,1.4214,662711.315,662711.315
002170.SZ,20260415,5.7268,1.51,14.3181,3.4728,2.5811,3.2547,1305123.0459,1058689.2111
300075.SZ,20260415,1.0981,0.79,,2.224,14.4516,,775170.4372,643267.218
000820.SZ,20260415,1.3446,0.79,,14.8516,22.9198,,221121.8712,101562.6719
000901.SZ,20260415,4.5231,1.62,156.1334,4.2633,3.0701,,1842248.845,1842230.3233
300264.SZ,20260415,5.8675,1.45,,367.0682,21.5903,,357180.8824,307085.602
688456.SH,20260415,3.1822,1.23,82.6076,4.6211,1.5012,0.3539,585782.66,585782.66
300796.SZ,20260415,1.9056,1.5,,1.8959,2.2228,,326112.0134,326112.0134
688506.SH,20260415,0.6287,1.33,,19.5623,51.4185,,12958044.7465,12958044.7465
605007.SH,20260415,0.9595,0.58,30.862,1.9427,0.7703,1.7901,666022.0042,562174.27
601678.SH,20260415,2.4129,0.83,46.9039,0.9124,0.7551,0.7708,1042815.9919,1035971.4919
002235.SZ,20260415,5.1922,0.78,2587.9402,7.1641,13.5814,,538422.6518,514274.2426
002688.SZ,20260415,1.3073,0.52,36.0511,1.9298,1.6456,1.6622,452468.586,439508.6068
300506.SZ,20260415,1.6875,1.07,,5.2399,40.1946,,722777.4605,372491.1321
688129.SH,20260415,0.8908,1.13,27.8297,2.8339,4.215,0.5967,279510.816,279510.816
300018.SZ,20260415,2.8457,0.92,50.9259,4.5257,10.1226,0.5372,626568.177,580062.116
001221.SZ,20260415,3.3594,0.66,37.9504,9.7158,7.5425,0.5709,2522463.06,227072.754
601858.SH,20260415,0.7608,0.6,32.0322,3.0706,5.5865,1.287,1682974.5,1682974.5
001313.SZ,20260415,1.6952,0.73,680.001,2.1908,0.8654,1.4097,558600.0,557902.4291
000702.SZ,20260415,10.6611,4.01,,6.8432,2.1261,,240904.3389,185311.0303
001387.SZ,20260415,1.5355,0.7,25.6501,1.9259,1.2333,0.9119,240868.0064,149905.9982
301007.SZ,20260415,1.8642,0.91,104.4627,8.3158,8.3863,0.426,539910.14,532815.7651
300622.SZ,20260415,3.1146,0.69,52.4396,6.6766,4.1389,,566217.5876,387094.9185
002829.SZ,20260415,5.7036,1.82,,2.8053,10.5361,,482117.7941,338833.5501
300229.SZ,20260415,2.413,0.83,,4.1767,31.4189,,1606588.8939,1605502.5985
920455.BJ,20260415,0.7574,1.1,49.334,3.9024,8.3289,2.3778,134329.65,70978.1686
300360.SZ,20260415,1.7329,1.49,13.9927,2.0722,4.8663,4.2683,843266.8866,820453.6847
601789.SH,20260415,5.4454,0.74,31.6494,1.4143,0.424,1.2663,858232.6268,611867.6062
300115.SZ,20260415,2.8827,1.01,75.7594,5.4564,2.4109,0.3881,4542637.3011,4529234.4233
300859.SZ,20260415,3.8511,1.29,71.5211,6.8332,16.387,0.8706,534130.0,534130.0
688551.SH,20260415,3.5583,0.95,59.381,2.9746,7.5034,1.0798,385380.1301,385380.1301
688380.SH,20260415,2.522,1.04,64.891,5.8038,16.4335,0.5407,1844081.19,1844081.19
688722.SH,20260415,1.1874,0.84,35.2779,2.7008,3.9569,0.3884,386202.0573,385236.8388
601336.SH,20260415,0.8102,0.8,5.3013,1.7244,1.2194,4.314,19235124.3356,12858818.9704
000006.SZ,20260415,1.4625,0.88,,2.2107,4.5275,,1185295.6504,1185286.6948
600635.SH,20260415,1.0813,0.67,38.1169,1.7805,2.6274,0.6716,1582504.9858,1296472.3378
000797.SZ,20260415,1.9289,1.08,,0.9301,0.6172,,439811.1808,439760.2913
002251.SZ,20260415,1.2211,0.7,,1.3792,2.7609,,1131942.5691,906190.7621
605005.SH,20260415,1.4601,0.61,37.6393,4.0938,4.5188,0.9602,835283.0,835283.0
002842.SZ,20260415,14.1609,1.12,72.1262,8.5869,4.3033,,1036482.2329,850488.7533
301408.SZ,20260415,28.4329,1.89,44.5703,3.9657,1.6125,0.4812,831220.78,475777.6394
600390.SH,20260415,0.4312,0.66,567.8409,0.5648,39.8693,0.1128,2392970.8242,2392970.8242
688617.SH,20260415,0.7862,0.93,44.4281,11.8005,14.11,0.4668,3645929.9872,3645929.9872
603369.SH,20260415,0.617,1.05,11.4741,1.9984,3.1466,4.5351,3299032.8979,3299032.8979
300657.SZ,20260415,8.5031,1.12,170.7192,12.5995,2.2669,,1581372.1189,1536692.8346
603409.SH,20260415,10.1563,1.15,33.3056,3.5493,4.3255,1.1902,529452.03,151926.2579
301682.SZ,20260415,39.1198,1.88,47.9414,3.1417,5.8395,,1527996.9794,322909.0268
600992.SH,20260415,2.3294,1.41,,2.0993,1.3978,,292392.37,292392.37
300012.SZ,20260415,1.0669,0.68,25.4638,3.3731,3.9092,0.9695,2588189.7931,2201250.4467
601601.SH,20260415,0.3856,0.68,6.8307,1.2096,0.8399,2.8429,36547677.1875,26004312.4875
002539.SZ,20260415,5.4123,1.58,21.2317,1.868,0.8206,0.6878,1756030.3499,1293759.9308
300261.SZ,20260415,1.0676,0.84,,2.9675,4.7301,,595325.2531,578555.0772
920982.BJ,20260415,2.5241,1.49,32.0188,11.0065,13.0689,1.4009,2084983.9608,994880.1946
001332.SZ,20260415,3.389,0.98,23.9188,2.3419,4.4576,1.492,590790.03,256674.7198
002886.SZ,20260415,2.2455,0.95,138.0924,3.1882,2.8401,0.1923,574836.586,456626.7102
300437.SZ,20260415,6.2116,0.87,,2.7335,4.306,,380800.4096,269834.6771
603356.SH,20260415,4.048,1.32,,5.4285,2.1884,,208143.74,208143.74
002869.SZ,20260415,1.9973,0.47,216.591,1.8269,6.8434,0.8878,390982.1301,348115.3413
601518.SH,20260415,1.1667,0.71,10.7463,0.923,3.856,3.0824,527464.3342,527464.3342
300308.SZ,20260415,2.9259,1.08,80.2658,29.1163,22.6635,0.1154,86665007.8153,86226717.3978
300425.SZ,20260415,0.8132,0.79,52.7895,1.4046,1.9788,0.5372,330196.8289,328670.0383
603182.SH,20260415,3.524,0.43,20.6327,2.164,1.6821,2.7778,236952.0,236952.0
300003.SZ,20260415,1.8908,1.24,71.7333,2.0105,4.8881,1.7947,3058241.6038,2619415.0976
002252.SZ,20260415,0.449,1.06,23.9504,1.1637,5.1401,0.8416,3777013.3723,3774620.8837
300946.SZ,20260415,0.9955,0.89,136.8518,6.0259,11.5173,0.5125,716543.8254,348169.1499
000812.SZ,20260415,1.4414,0.77,,1.9161,2.1358,0.7223,297994.4877,297741.6618
002612.SZ,20260415,2.1299,1.32,7.2556,2.2041,1.2878,2.3529,752157.1375,433056.6859
301548.SZ,20260415,5.5248,0.97,46.455,4.0681,10.3659,0.6077,614220.0,185218.9729
920953.BJ,20260415,1.939,0.77,56.3789,6.327,11.6347,0.428,380760.7223,177980.4579
000960.SZ,20260415,3.9994,1.39,28.5204,2.8645,1.2881,0.8804,5607632.0924,5607632.0924
300651.SZ,20260415,22.7259,0.85,106.8482,4.0296,11.5516,0.7768,430407.129,266495.8632
601872.SH,20260415,1.7134,0.64,24.7658,3.4622,5.2842,1.2256,14889448.9977,14889448.9977
002526.SZ,20260415,1.3096,0.87,54.1651,1.9072,2.8275,0.2899,615063.8734,611024.1311
300442.SZ,20260415,3.1175,0.89,28.3575,10.3255,23.3587,0.5843,14751585.0899,14710787.5699
688278.SH,20260415,0.6639,1.15,25.7247,7.6903,7.1784,0.9507,2652823.4305,2652823.4305
920414.BJ,20260415,3.5779,0.84,,3.5278,15.7122,,97691.5095,68695.0441
000686.SZ,20260415,0.4988,0.54,13.2929,0.9896,3.3477,2.0408,1949597.2782,1949597.2782
000893.SZ,20260415,2.8724,1.37,28.0531,3.8572,10.2106,,5036078.9692,4424364.9033
600208.SH,20260415,0.6961,0.89,,0.6602,8.0483,,2748387.8784,2748076.3569
000036.SZ,20260415,3.9786,1.25,177.2007,1.3506,16.4559,,686467.3565,685162.8307
600872.SH,20260415,1.1214,0.79,21.8664,2.6769,3.2216,2.1363,1523542.5592,1508823.4182
601008.SH,20260415,0.4682,0.62,35.0486,1.4251,2.3263,1.2448,597987.5189,597987.5189
603383.SH,20260415,5.8857,2.25,33.1374,4.5776,10.3466,2.5293,649613.9636,649605.4235
300565.SZ,20260415,10.6684,0.64,,6.4174,5.6404,,361072.869,329984.6397
920375.BJ,20260415,10.0411,1.32,167.0613,1.987,2.183,,154614.4286,92375.7355
688277.SH,20260415,1.8007,0.6,,8.2999,34.772,,984942.7934,984942.7934
600615.SH,20260415,0.7972,0.63,277.7936,3.4776,4.5985,,255632.6831,255226.4347
002482.SZ,20260415,1.1471,0.92,,13.1316,4.265,,630161.677,628918.0466
300541.SZ,20260415,4.357,1.59,51.9647,3.5336,1.7314,0.1247,620554.202,557672.1797
688663.SH,20260415,2.1095,0.79,91.5904,6.324,4.3509,0.9515,873888.6042,873888.6042
600141.SH,20260415,2.2488,1.11,25.5562,1.5452,1.3014,2.8933,3813120.5663,3813120.5663
600280.SH,20260415,1.3491,1.02,,5.6957,1.6517,,350912.1191,350912.1191
688400.SH,20260415,3.0281,0.7,140.7068,4.8081,7.7423,0.0502,2263405.1556,2177193.11
920037.BJ,20260415,3.7542,1.02,34.1047,7.9366,8.4815,0.8893,674721.8723,218095.9001
301559.SZ,20260415,3.2978,1.2,88.8926,2.1943,4.1935,2.6347,1002000.0,150300.0
300271.SZ,20260415,1.0897,0.91,,1.4712,3.3671,,537451.7655,527774.5376
603728.SH,20260415,1.1712,1.15,304.868,8.2761,9.3312,0.041,2453394.8025,2453394.8025
600613.SH,20260415,4.908,0.82,54.8329,1.4651,1.8148,2.3438,341805.8419,306764.7859
300518.SZ,20260415,4.0478,1.32,,5.4561,24.8518,,410189.6118,410152.8944
600018.SH,20260415,0.1075,0.68,8.564,0.8242,2.9327,3.908,11616700.2915,11600112.4567
301557.SZ,20260415,13.5027,2.81,55.5364,5.0001,4.3586,0.964,505597.116,202716.2324
600199.SH,20260415,0.8496,0.84,,2.5663,7.1039,,530842.037,530842.037
000597.SZ,20260415,2.6452,1.49,30.1254,1.4168,1.1074,1.8215,783471.4575,773636.3816
600195.SH,20260415,3.1051,0.61,38.572,1.4467,1.3169,0.284,827130.0906,827130.0906
600456.SH,20260415,1.5335,1.07,39.4291,2.2688,2.6546,1.137,1638776.9588,1638776.9588
300680.SZ,20260415,4.7458,1.12,32.7272,4.6417,3.5874,0.4935,919745.239,710210.2475
603213.SH,20260415,0.5598,1.4,65.4718,3.2567,2.1158,1.9043,605060.154,605060.154
301567.SZ,20260415,3.1173,0.79,103.772,4.0961,7.6135,0.4231,306288.0,90354.3219
000895.SZ,20260415,0.3774,1.2,19.5271,4.666,1.6817,4.8662,9967830.3098,9966530.6366
603882.SH,20260415,0.9577,0.86,,1.9639,2.0642,3.2329,1260989.0246,1252486.3186
000590.SZ,20260415,1.2557,0.6,,4.9371,8.0066,,270363.0604,270235.777
301380.SZ,20260415,1.1362,0.71,57.5809,4.6056,3.0419,0.7301,335203.3835,266921.8579
600219.SH,20260415,1.9564,1.01,15.0351,1.4358,2.0566,6.2866,7119894.9666,7119894.9666
000731.SZ,20260415,3.3553,0.82,50.8857,0.9775,0.8676,3.9264,381982.8264,381982.8264
688046.SH,20260415,1.8703,0.62,53.6075,3.472,9.7583,0.7397,774080.0,774080.0
000818.SZ,20260415,6.116,0.66,,4.1205,2.2571,,951720.0562,949140.895
603155.SH,20260415,0.8251,0.74,53.2916,2.3107,8.1656,3.4613,501785.2252,501785.2252
301327.SZ,20260415,2.8697,0.83,49.9223,1.7923,2.5173,1.2827,1111332.3818,1111332.3818
002080.SZ,20260415,4.4962,1.3,44.7832,4.0884,2.696,0.4638,8140577.506,8140577.506
300715.SZ,20260415,1.701,1.05,,2.7049,2.1068,,502813.7219,416235.0151
603968.SH,20260415,4.0147,0.58,,1.3293,0.8743,,240059.52,240059.52
688081.SH,20260415,3.2738,1.05,,12.8485,34.7346,,508605.44,508605.44
600876.SH,20260415,2.9428,1.12,,1.9893,1.9031,,617265.2646,378265.2646
300990.SZ,20260415,10.4066,1.76,56.8927,6.8952,5.0178,0.5903,1438835.1303,650561.8588
603633.SH,20260415,5.7334,2.97,213.4755,1.774,2.2055,0.3321,344009.5193,344009.5193
001323.SZ,20260415,0.4034,2.19,14.5572,2.3469,1.8891,1.8788,1036362.3798,741392.8289
000404.SZ,20260415,0.8794,0.68,10.8045,1.1539,0.422,4.2553,490677.1652,488367.2983
002052.SZ,20260415,1.7848,1.07,42.5861,27.7659,11.1068,,767488.4879,703174.8981
002034.SZ,20260415,1.7577,0.8,13.5506,1.1853,2.464,2.6161,812856.6827,808822.6377
300814.SZ,20260415,5.8743,1.02,539.7542,11.4197,10.6354,0.102,1877163.8744,1877163.8744
001280.SZ,20260415,6.1887,1.14,97.4561,10.1347,8.3692,,16628181.8167,1271021.5624
000065.SZ,20260415,8.4506,0.99,23.7166,1.5453,1.2656,0.9237,1715450.0688,1440019.2994
920249.BJ,20260415,5.8337,0.99,67.6793,4.3631,1.3681,,332666.07,98364.2955
300824.SZ,20260415,1.2128,1.31,29.7772,4.4992,3.5569,1.9668,338089.9826,327889.1381
000766.SZ,20260415,1.9325,0.71,378.5128,9.4541,17.4574,,2175579.5855,2174483.2899
000591.SZ,20260415,1.5264,0.75,19.6314,0.8633,3.8767,2.2417,2080674.2714,2079984.7286
002993.SZ,20260415,2.0015,0.68,27.4923,3.0053,2.0346,2.8492,1437616.32,1241831.6271
600230.SH,20260415,2.4277,0.6,150.2852,2.0216,1.7406,0.1069,813433.3945,813433.3945
301552.SZ,20260415,8.6741,0.49,25.7577,3.3775,5.9046,2.8912,399840.0,99960.0
688528.SH,20260415,0.9331,0.91,,3.8997,6.5767,,177576.0,177576.0
605028.SH,20260415,0.7858,0.68,26.128,3.2836,13.9519,1.7762,450400.0,450400.0
000615.SZ,20260415,0.7727,0.89,,,5.8763,,600597.5448,310906.3097
002420.SZ,20260415,1.7056,0.68,51.3922,5.1025,1.0663,,314225.56,305263.3434
300154.SZ,20260415,1.76,0.58,35.7892,2.0919,4.1779,2.4067,373580.372,261893.3488
300719.SZ,20260415,3.099,1.15,446.4492,3.9181,5.6936,0.2502,406509.2129,287212.5911
301308.SZ,20260415,6.998,1.03,238.0014,20.6902,7.4412,,15574180.6859,10195663.3572
688549.SH,20260415,3.1313,0.79,,4.4965,11.1461,0.0547,1350230.264,538637.566
600228.SH,20260415,2.3471,0.73,,6.3776,7.184,,263336.9739,262935.4959
605598.SH,20260415,4.0687,2.95,197.7429,6.9043,8.3852,0.2244,1242787.9612,1242787.9612
001201.SZ,20260415,4.634,1.13,153.1253,1.0275,1.6992,,349039.5374,275044.3175
600376.SH,20260415,2.1214,1.04,,1.8908,0.3744,,1233032.1857,1233032.1857
600463.SH,20260415,1.3875,1.35,,3.24,5.036,,297900.0,297900.0
002249.SZ,20260415,1.5704,0.95,21.3016,2.3376,1.8872,2.4246,2306362.676,1741188.8155
300898.SZ,20260415,4.5725,2.29,30.5096,2.9914,3.7533,2.537,293260.0,271347.5395
603402.SH,20260415,12.0284,1.41,28.5844,3.7276,10.1609,,1073850.6759,268462.6759
688726.SH,20260415,14.6509,1.32,43.0742,6.4866,4.8297,0.5688,2636646.8594,1430608.7034
300690.SZ,20260415,7.6734,0.98,30.4409,3.2012,4.8634,0.6858,506298.39,339212.5825
300851.SZ,20260415,1.9126,0.96,47.4896,1.9287,7.193,1.5093,247673.2566,154159.4612
601061.SH,20260415,0.3001,0.94,22.2823,2.5788,0.4226,2.3467,5992700.0,5992700.0
301206.SZ,20260415,0.6807,0.91,59.0522,1.2797,8.0023,5.5701,539400.3162,347334.8033
688085.SH,20260415,1.1675,0.91,95.3661,2.8675,11.1197,0.0193,603567.1214,576921.9883
603726.SH,20260415,1.0167,0.95,20.3291,3.1112,2.2282,1.6966,437208.576,434983.101
920799.BJ,20260415,2.576,0.58,115.2865,18.2815,15.6622,0.6938,752714.2946,432131.6457
603066.SH,20260415,0.6624,0.87,439.2217,2.0131,2.35,0.5295,288884.8327,288884.8327
301302.SZ,20260415,2.811,0.6,,2.127,13.1884,,334018.695,297855.57
300397.SZ,20260415,3.1692,1.17,,4.2624,15.6037,,613399.5428,480523.9085
603297.SH,20260415,1.7288,0.99,55.1381,6.0524,13.2174,0.7796,1209542.8401,1207279.3773
600133.SH,20260415,1.2383,0.55,24.051,1.0559,2.4568,1.8987,926562.4514,926562.4514
300011.SZ,20260415,1.3724,0.87,,2.9368,2.6005,,448716.5418,375876.699
300872.SZ,20260415,1.6609,0.66,158.9285,2.1804,4.227,0.2866,794661.1231,687083.8762
301110.SZ,20260415,5.2294,1.33,56.9064,3.8212,4.0796,0.6642,557247.7753,393637.5628
301036.SZ,20260415,1.1794,0.75,38.4432,1.6966,1.8523,0.7115,281100.0,197988.948
001219.SZ,20260415,1.3487,0.88,27.598,2.7442,5.1631,2.7267,286041.1613,278909.0782
603950.SH,20260415,3.2302,0.76,49.8628,6.4391,8.5996,0.2049,1939598.7072,1936463.0912
301088.SZ,20260415,0.4486,0.64,38.3357,1.2997,5.0352,4.0382,322250.6,265619.9
688097.SH,20260415,2.9387,0.79,48.1006,5.9702,4.3463,0.3658,2853632.5706,2843160.9996
601886.SH,20260415,0.5298,0.96,17.6567,1.4753,0.4932,5.7834,1077484.9591,1077484.9591
001234.SZ,20260415,3.8549,1.46,62.4352,3.1628,3.5021,1.1161,294104.0256,245913.024
600529.SH,20260415,1.3164,2.17,17.9947,1.4961,2.7737,3.2086,1240958.3913,1240958.3913
300729.SZ,20260415,1.0389,1.13,17.9466,1.1802,0.6569,2.3826,429748.8231,412729.4166
601388.SH,20260415,2.9944,0.66,221.3197,1.8749,1.1365,,858476.8202,858476.8202
600449.SH,20260415,0.7366,0.75,33.0583,0.8165,1.1637,1.668,602029.9319,602029.9319
920526.BJ,20260415,1.2591,0.75,107.5247,6.7697,13.5171,0.5336,154979.8,98136.6688
301365.SZ,20260415,5.1306,0.9,95.2458,3.2771,8.4377,2.2876,550800.0,310229.9971
600608.SH,20260415,1.6377,0.79,,19.9578,101.0629,,77611.3001,75135.6601
688102.SH,20260415,3.5873,1.44,182.7622,15.4602,18.0222,0.2131,2819555.1442,2819555.1442
300081.SZ,20260415,4.682,0.44,,1.9755,5.6633,,209864.0097,209832.2332
603051.SH,20260415,4.3001,1.44,,2.0069,2.1709,1.1803,353329.5107,353329.5107
000966.SZ,20260415,1.3147,0.73,102.3743,1.0998,1.0132,1.6514,1517731.267,1422023.9495
600101.SH,20260415,2.5932,0.75,27.4897,1.641,1.6756,1.7316,506224.9232,506224.9232
605296.SH,20260415,0.8937,1.19,24.3165,3.2382,2.9921,1.2597,1624670.6381,1603679.7581
002144.SZ,20260415,2.0546,0.65,121.7754,1.2496,4.6646,0.3329,265497.3171,206741.7026
300485.SZ,20260415,11.1041,1.22,386.7614,1.6718,13.9245,,563549.688,320366.1029
688181.SH,20260415,1.7029,0.73,56.1826,2.0968,5.0515,,440023.6185,440023.6185
301609.SZ,20260415,14.0228,1.82,59.0923,6.3726,11.1922,,784755.84,176570.064
301345.SZ,20260415,3.4967,0.7,29.6213,6.6788,6.135,1.3503,2418054.1004,776749.5878
600461.SH,20260415,0.7117,1.0,10.6508,1.3253,1.5969,4.6586,1279018.9637,1279018.9637
603117.SH,20260415,1.9235,1.15,386.1099,2.618,10.2777,,269638.9839,269638.9839
600405.SH,20260415,1.7963,0.91,,15.4623,7.4968,,320509.8745,319092.4446
920906.BJ,20260415,1.383,0.76,45.7058,2.6354,2.0067,0.379,152549.56,78319.2376
601956.SH,20260415,0.7942,0.83,32.4031,1.6312,0.6638,1.4974,415239.8821,415239.8821
300389.SZ,20260415,4.7713,0.68,29.2499,4.4969,1.7717,1.7535,736724.2327,437997.0584
301123.SZ,20260415,4.5313,0.63,,5.0921,6.8345,0.1583,1462980.4,1456496.0
000663.SZ,20260415,2.2972,0.99,,2.1311,6.7132,,213457.611,194194.9583
605588.SH,20260415,1.7933,0.94,,4.2013,2.9652,,404773.757,403801.975
688248.SH,20260415,1.9744,3.02,79.5176,10.2642,9.0818,0.4472,3346412.2,3346412.2
601113.SH,20260415,1.0064,0.64,13.6701,1.2117,0.946,,481410.3705,481410.3705
688429.SH,20260415,8.1017,2.56,,4.4029,5.9454,,605201.2104,181298.655
000793.SZ,20260415,5.4996,2.62,,52.3116,17.6693,,599173.6371,588302.5845
300444.SZ,20260415,21.8803,3.17,66.1871,6.7561,2.5389,,1227486.7633,955163.5764
000709.SZ,20260415,0.677,0.77,24.937,0.4644,0.1862,1.2931,2398212.0933,2397815.6763
601615.SH,20260415,3.1039,0.92,122.9299,1.4132,1.1224,1.7535,3729208.0682,3729208.0682
000727.SZ,20260415,2.7048,0.68,,5.2857,0.2305,,1222983.0846,1222983.0846
600114.SH,20260415,3.5448,1.3,36.6368,6.0516,3.2987,0.9423,1962339.8465,1915719.8465
002285.SZ,20260415,3.0809,1.15,,2.7885,3.1363,,611798.5147,606398.2045
002882.SZ,20260415,4.2308,2.45,113.2881,5.7303,2.6064,1.0714,1212120.0,690991.14
600611.SH,20260415,0.764,0.72,151.8379,1.1108,5.2675,1.0753,1099317.1318,726942.1093
002506.SZ,20260415,8.1965,0.91,,14.3669,1.6036,,2556588.2786,2554016.468
002109.SZ,20260415,3.971,0.87,,1.2556,1.4098,,511784.2103,511784.2103
300035.SZ,20260415,7.9089,1.07,29.9054,3.1782,2.0505,1.0994,1558660.2499,1326533.6476
688128.SH,20260415,0.6683,1.16,19.3884,3.1213,2.1668,2.9377,1032688.5,1032688.5
300137.SZ,20260415,13.1212,1.94,,4.9585,8.2503,,809165.9727,799291.4318
603890.SH,20260415,15.1153,1.59,27.7383,2.7286,2.0096,0.7714,835978.5183,835978.5183
601827.SH,20260415,0.3207,0.67,10.8116,1.1072,2.394,3.0779,1330858.9068,1330858.9068
301267.SZ,20260415,0.5339,0.96,32.6923,2.4362,3.5053,1.7883,1443120.0,1114027.45
300514.SZ,20260415,1.7505,1.0,22.7378,2.4548,3.3628,2.313,259400.0,207855.0475
600825.SH,20260415,0.9247,0.7,146.6283,2.483,4.2701,0.2024,619618.4951,619618.4951
688202.SH,20260415,4.5467,1.37,,4.9207,8.2511,,958065.4241,958065.4241
000633.SZ,20260415,2.2146,0.89,164.2581,13.1318,7.2002,,258021.2699,258019.3604
002757.SZ,20260415,3.3904,0.91,,3.0669,1.9237,1.6892,612184.6517,584415.7243
920719.BJ,20260415,1.6469,0.87,,2.883,4.5145,,97189.5096,76414.1831
002007.SZ,20260415,0.611,0.94,29.188,2.3867,5.9735,4.6605,2744839.9123,2362968.4929
301367.SZ,20260415,0.9167,0.75,29.6749,2.0937,5.9448,0.5697,623974.4,487086.9727
002084.SZ,20260415,2.0819,0.86,,1.7352,0.8824,,241624.959,241093.2813
920438.BJ,20260415,3.4307,0.95,217.4603,6.174,11.2865,0.229,616814.0,591030.772
300072.SZ,20260415,2.2134,0.85,,1.873,4.4685,,1130215.4653,1121384.7709
000825.SZ,20260415,0.5475,0.97,178.5638,0.7612,0.2711,,2523437.7736,2523437.7736
300332.SZ,20260415,4.8224,0.74,56.1198,1.1731,1.8157,,499235.466,478941.2365
301045.SZ,20260415,2.7207,0.66,133.0489,4.2076,7.1321,0.1279,431344.7798,250075.7174
688116.SH,20260415,1.9462,1.04,62.6842,3.9979,11.3779,0.3619,1478223.681,1478223.681
300181.SZ,20260415,2.5358,1.95,18.8914,3.6137,4.0048,3.6885,1126428.06,968274.9359
603637.SH,20260415,4.9871,0.54,36.4947,3.2819,6.9796,1.4104,338456.5736,338456.5736
000968.SZ,20260415,7.8553,0.83,22.9105,1.4858,4.4153,0.3161,918160.0243,918160.0243
605179.SH,20260415,0.6166,1.25,182.5323,6.2291,2.472,0.2286,701750.0,701750.0
600089.SH,20260415,5.187,1.74,26.7943,2.0722,1.4488,0.8802,14258980.6354,14258980.6354
300047.SZ,20260415,2.2143,0.94,250.3026,2.3362,0.8192,0.1245,768482.3298,691563.2141
002802.SZ,20260415,3.3209,0.96,53.5425,3.9563,5.988,0.7283,245044.4433,202371.6959
300942.SZ,20260415,1.6788,0.76,109.4269,4.0425,13.5755,0.2047,341878.1313,341878.1313
000157.SZ,20260415,0.8736,0.87,15.4512,1.304,1.4407,5.7604,7506928.5848,6136473.2128
300305.SZ,20260415,1.8838,0.8,,1.1181,2.3842,,228994.2269,196100.2972
601096.SH,20260415,2.2528,1.24,40.0034,3.185,1.5507,0.7207,1484711.0738,911851.9803
688501.SH,20260415,3.5029,2.66,18.056,2.8978,1.5998,0.9041,326714.38,326714.38
688141.SH,20260415,4.0863,1.09,,19.9455,11.4572,,3041922.4688,3041922.4688
300203.SZ,20260415,2.7542,2.17,229.238,2.1636,1.8349,1.8208,616116.7248,615609.9848
603825.SH,20260415,0.582,0.89,,12.7123,1.7485,,209002.6554,209002.6554
600668.SH,20260415,3.1692,1.84,11.3075,0.846,1.814,0.7388,465751.87,465751.87
603848.SH,20260415,0.2974,0.72,30.6498,2.4633,3.9872,1.3046,616889.1814,616889.1814
300290.SZ,20260415,1.915,0.67,,11.7466,12.2171,,911618.9108,911347.9827
603877.SH,20260415,0.4281,1.32,37.4964,1.5678,1.0356,2.809,670811.8466,668316.7494
920639.BJ,20260415,2.2032,1.31,84.3356,1.8101,0.6808,,154224.0,90846.53
000909.SZ,20260415,1.749,0.93,,4.6287,10.6316,,286702.8305,286700.4234
688060.SH,20260415,0.6204,0.85,,3.0436,7.2665,,272904.7608,272904.7608
600331.SH,20260415,2.2068,0.58,,13.1194,10.8996,,4134104.0,3180080.0
688281.SH,20260415,1.2941,1.12,66.0913,4.4627,16.5561,0.7387,2071537.13,2071537.13
002675.SZ,20260415,5.5854,1.5,61.7512,2.7771,4.4072,0.2048,1208032.7078,1089057.5512
920001.BJ,20260415,1.3155,0.67,,3.3328,11.19,1.2902,238167.1162,137471.081
603818.SH,20260415,1.4007,0.82,,1.0694,0.6709,,232738.3668,232738.3668
002485.SZ,20260415,0.5386,0.95,,2.2634,3.4839,,266560.0,266560.0
600480.SH,20260415,4.6032,0.99,19.2826,1.8384,0.7324,2.8224,1432517.3484,1421513.1932
002577.SZ,20260415,0.9009,1.72,405.0769,3.7522,10.0958,,436189.152,436165.842
002281.SZ,20260415,7.9257,0.78,93.9364,8.8059,7.5329,0.2437,8607230.2738,8317023.4205
603276.SH,20260415,2.3044,0.72,85.0028,1.9895,4.4925,0.7407,346774.66,126322.6878
002556.SZ,20260415,1.5034,0.97,38.0459,1.6003,0.3721,4.0193,571696.9203,571155.1782
300245.SZ,20260415,7.7012,0.86,,3.4777,8.0479,,409987.1583,409084.7752
002630.SZ,20260415,2.1182,0.53,,10.3243,1.2532,,249148.8,217387.5792
002703.SZ,20260415,4.0589,0.92,88.0886,7.6662,4.4806,0.3104,1590148.3983,1132830.927
688350.SH,20260415,1.6124,0.63,264.069,2.2347,2.8909,,401657.9369,401657.9369
300876.SZ,20260415,1.6144,0.82,,2.7212,5.3676,,277779.3547,207223.0297
603048.SH,20260415,1.3555,0.68,104.7054,2.5832,4.4875,1.5672,326220.48,326220.48
002857.SZ,20260415,2.3519,0.88,254.9888,5.2733,3.4046,0.0696,274723.302,269184.0
002275.SZ,20260415,0.7025,1.48,16.2488,2.7167,4.0816,3.8036,849624.1956,808373.7429
600869.SH,20260415,3.854,0.78,,8.0124,1.2155,,3413364.5233,3413364.5233
002234.SZ,20260415,1.6286,0.82,,1.7076,1.3981,,302199.5436,261019.8814
600570.SH,20260415,1.1509,0.75,40.6359,5.085,8.6514,0.3776,5003017.8628,5003017.8628
600628.SH,20260415,1.2993,0.81,69.5856,1.0979,4.212,0.5579,463809.6503,463809.6503
300021.SZ,20260415,0.893,0.82,70.8535,1.7507,0.9681,1.1972,441662.7466,377023.3392
603167.SH,20260415,0.9608,1.02,14.9565,1.2309,2.3553,8.6862,432082.0873,432082.0873
600159.SH,20260415,4.1749,1.13,,1.494,3.6706,,256470.9987,256470.9987
688618.SH,20260415,10.3367,2.5,118.6204,5.0697,12.0852,0.4071,433800.8253,433258.3776
301117.SZ,20260415,9.339,1.55,294.217,4.4485,16.8287,0.0318,580612.9469,357127.2421
002805.SZ,20260415,5.3229,0.96,,4.9946,2.9311,,493190.0766,490513.5151
688168.SH,20260415,2.6673,1.38,,6.1533,10.9491,,608758.1265,608758.1265
300550.SZ,20260415,5.4675,2.41,72.0256,2.6679,7.0453,0.2153,304832.3237,304530.9803
920792.BJ,20260415,0.4757,0.8,24.482,1.7629,2.2359,0.9009,183749.4,110929.3352
002186.SZ,20260415,2.048,2.02,,3.7434,2.537,,323802.2753,323369.4616
605020.SH,20260415,1.5519,1.03,22.82,2.2292,2.4618,0.9161,1281644.176,1261836.2834
300490.SZ,20260415,7.7108,1.11,,3.3879,3.6935,,746710.1724,736562.1423
688176.SH,20260415,4.9705,1.7,,5.1397,29.2674,,811062.0901,618674.0476
300306.SZ,20260415,1.3154,0.76,46.2743,2.2227,8.169,3.5122,330819.2969,193851.0627
600794.SH,20260415,0.8681,0.54,51.418,1.6584,5.9028,0.8264,435655.233,435655.233
300844.SZ,20260415,0.8739,0.59,,4.312,6.6549,,316171.305,305415.273
300665.SZ,20260415,1.9186,0.68,,3.0168,2.8057,,166617.7005,165951.9922
002196.SZ,20260415,6.7926,1.01,147.4884,4.9311,2.1981,,703146.3967,692565.9571
000090.SZ,20260415,0.8056,0.9,21.785,0.6024,0.3081,2.7473,680150.538,680119.416
600429.SH,20260415,1.1951,0.72,46.4856,1.6699,1.343,0.2079,871211.6577,868583.3071
300077.SZ,20260415,5.4858,0.48,,8.4893,10.9327,,1487131.8531,1241957.0847
301509.SZ,20260415,18.4195,1.01,54.6738,2.5485,9.4014,0.8576,561763.2642,264639.6882
300105.SZ,20260415,1.2312,0.77,,1.8462,3.5692,1.506,342500.7749,342273.9857
603239.SH,20260415,1.7228,0.49,29.3162,4.9065,4.2737,0.8739,650540.16,650540.16
603906.SH,20260415,8.0832,1.01,,5.5163,1.7453,,1559924.6621,1286684.6621
002765.SZ,20260415,1.2402,0.67,36.4172,2.5467,1.7468,,672996.1889,614927.6645
603929.SH,20260415,3.9461,1.19,44.307,17.1568,8.0564,1.0795,3952920.72,3952920.72
300374.SZ,20260415,1.4094,0.89,,4.6862,1.8144,,348457.7815,348416.8444
603259.SH,20260415,1.4873,1.01,16.6447,3.9988,7.0124,1.5867,31875477.6869,26422052.868
000541.SZ,20260415,0.3834,0.98,25.9412,1.3001,1.0035,2.1127,872322.0346,698942.861
688152.SH,20260415,0.8834,0.82,,2.893,11.3373,,351988.3189,351988.3189
600222.SH,20260415,6.7518,1.64,70.5925,2.6527,2.4094,0.1828,423528.0769,423528.0769
601318.SH,20260415,0.4819,0.7,7.8864,1.0625,1.0118,4.3782,106291858.5107,62574582.0372
300531.SZ,20260415,5.8601,0.62,72.1561,4.376,3.9949,0.2584,615187.2969,591581.742
300696.SZ,20260415,3.3994,0.94,228.7351,4.8888,20.4753,,925190.8143,839138.239
600479.SH,20260415,2.5389,1.62,18.5367,1.7608,1.468,2.8237,533555.6573,453661.7148
688218.SH,20260415,1.7554,0.67,,3.2291,5.385,0.7987,277094.8291,277094.8291
920122.BJ,20260415,1.0572,0.73,110.7087,7.0279,12.2874,1.0485,238445.8492,96614.7317
603309.SH,20260415,2.1917,1.21,16.7614,2.1818,2.4968,5.0015,409495.5995,409495.5995
002381.SZ,20260415,1.6064,0.74,40.0849,1.2221,0.9786,3.1446,261763.5571,203772.3171
600983.SH,20260415,1.1806,0.79,15.8975,2.7759,1.8373,2.6902,826221.242,826221.242
688759.SH,20260415,10.6198,1.62,,10.861,,,1813647.7277,187241.7834
600064.SH,20260415,0.5899,0.8,6.2658,0.7399,5.1003,3.5629,1456945.9802,1456945.9802
002355.SZ,20260415,2.6694,0.75,,3.334,4.5504,,407773.41,377081.6565
920950.BJ,20260415,0.6553,0.94,27.411,3.5821,6.0334,2.4054,114305.88,55687.6359
002609.SZ,20260415,1.3849,0.94,88.9443,2.2183,3.0571,0.8421,533410.7992,380842.7583
000950.SZ,20260415,9.0144,1.12,29.2812,0.9539,0.1321,0.9407,1097397.282,1097397.282
688333.SH,20260415,3.3351,1.26,124.9369,5.2576,14.0771,0.1151,2622519.9834,2622519.9834
688062.SH,20260415,6.8625,1.86,,44.6925,23.5774,,1562036.4,798100.53
688003.SH,20260415,1.4155,0.57,171.0819,6.713,7.5113,0.7153,1344697.86,1344697.86
605199.SH,20260415,0.6325,0.6,,4.069,2.6369,,280476.2352,280476.2352
302132.SZ,20260415,1.142,0.98,84.8288,9.2689,3.7804,0.9212,18477511.865,4052670.5856
002023.SZ,20260415,14.7076,4.47,73.6305,2.1565,6.2703,,942374.2189,942374.2189
603998.SH,20260415,2.8374,1.3,16.2187,2.9825,2.8466,4.583,479037.7638,479037.7638
001206.SZ,20260415,5.0061,2.16,18.0216,2.1749,2.2263,3.8393,398076.3686,230079.1781
000792.SZ,20260415,1.9168,1.03,19.0685,4.3873,10.4092,,19584109.9742,19583935.3981
601865.SH,20260415,0.8071,0.71,33.5457,1.4936,2.1131,,3289403.9791,2669039.5591
603558.SH,20260415,1.5771,0.58,11.2712,1.9458,1.763,4.2245,456393.8813,456393.8813
301377.SZ,20260415,11.6206,2.12,205.4565,33.6419,41.5635,0.3129,8909300.0,1543351.52
688316.SH,20260415,8.5465,0.79,,128.8698,15.2371,,354829.3396,354829.3396
920012.BJ,20260415,60.6989,,39.0045,3.1532,5.9294,,255858.5674,68837.8444
603126.SH,20260415,1.7854,0.71,358.837,2.4045,1.3201,0.062,492063.0,492063.0
920090.BJ,20260415,3.1885,0.62,,24.8081,32.9824,,113022.1206,76741.9758
600237.SH,20260415,7.5625,1.63,49.9201,3.0506,4.2903,,598538.2431,592760.3895
002465.SZ,20260415,3.9081,1.57,,3.3693,8.7667,0.3871,3846842.6194,3840725.019
300732.SZ,20260415,1.3123,0.83,,0.8571,1.5197,,249757.4885,249480.823
002428.SZ,20260415,12.1529,0.77,893.6186,25.6457,35.0979,0.0525,3732580.8,3732098.5969
600007.SH,20260415,0.2373,0.91,17.954,2.2146,5.7257,5.133,2158606.4704,2158606.4704
688701.SH,20260415,1.269,0.5,,8.6855,9.4091,,123669.4596,123669.4596
000756.SZ,20260415,1.5448,1.16,35.6887,1.9677,1.1817,1.6603,1034574.901,740865.4768
688118.SH,20260415,2.4642,0.76,356.7764,3.0521,7.8511,0.517,266419.2156,266419.2156
300068.SZ,20260415,5.7352,0.72,,2.9186,1.8597,,1122060.7565,1065621.4878
920491.BJ,20260415,4.7645,2.52,37.7967,3.3117,5.2011,1.1914,355398.5272,290990.6455
603829.SH,20260415,2.2869,0.72,45.4201,3.4419,2.2657,0.3875,516143.5266,516143.5266
002646.SZ,20260415,0.6957,0.95,590.3181,1.3408,3.3418,0.1382,383765.4872,381219.6288
003025.SZ,20260415,1.3436,1.01,27.1229,3.1665,5.763,1.3247,392991.7243,313359.6444
300552.SZ,20260415,3.5784,0.89,,3.1521,5.077,,555424.8899,352039.7111
300801.SZ,20260415,3.5589,0.9,45.8789,2.2966,2.0445,0.3737,576218.34,360063.5878
601369.SH,20260415,0.4642,0.73,17.549,1.9835,1.7128,4.2532,1742432.7114,1724979.6162
002518.SZ,20260415,1.5394,0.76,56.9969,5.9178,5.6713,0.4863,2753924.6946,2673114.1582
600597.SH,20260415,0.3043,0.76,,1.1214,0.4309,2.1419,1029719.901,1029706.1562
603515.SH,20260415,0.2904,1.03,17.1169,2.2083,2.1183,4.5357,1469322.1152,1455720.5924
603105.SH,20260415,3.8542,0.9,27.6437,2.5115,7.5507,1.8674,535511.6782,535511.6782
603132.SH,20260415,1.1134,0.87,27.3327,5.2359,9.3553,2.3001,1785828.0,1785828.0
002913.SZ,20260415,3.1846,1.16,45.2756,3.6618,3.0549,1.1783,1615999.6864,1536171.9441
600956.SH,20260415,0.5689,0.69,20.1379,1.5323,1.8546,2.5767,3677844.8545,1913692.2718
601818.SH,20260415,0.2413,0.93,4.885,0.3842,1.5016,5.919,18966461.8906,14896587.7951
600926.SH,20260415,0.375,0.93,6.5824,0.9405,3.2285,3.8194,12526276.4029,12526276.4029
002166.SZ,20260415,1.4257,0.88,46.7895,2.1217,3.2766,1.0846,669673.3108,666942.6388
920047.BJ,20260415,5.8616,1.26,,34.4624,144.0093,,956934.9173,628391.3238
000529.SZ,20260415,1.0936,1.38,32.4417,1.0628,1.5724,2.0797,336847.0204,328823.2855
300559.SZ,20260415,10.1786,1.49,168.7745,4.8481,13.5944,1.0218,586487.3844,456748.8708
603189.SH,20260415,2.706,0.53,788.0174,3.0028,17.0908,0.885,452571.678,452571.678
688426.SH,20260415,2.4631,0.83,,1.6908,11.8701,,229149.6995,78276.956
001389.SZ,20260415,6.6302,0.83,59.4717,8.9051,11.013,0.3743,6041065.1071,1942774.3703
600841.SH,20260415,2.9293,0.76,4.4022,1.9813,2.2028,,1264305.6452,950195.3049
300968.SZ,20260415,1.1031,1.03,199.0133,2.6407,3.9115,0.4125,501016.56,501016.56
300634.SZ,20260415,5.2908,1.33,41.791,4.0291,6.6376,0.591,1214659.7428,1169064.262
000951.SZ,20260415,2.0797,0.89,16.5461,1.7053,0.4774,3.0537,2756243.5186,2756243.5186
300529.SZ,20260415,0.7524,1.12,29.3888,4.2774,6.9488,4.3752,1415927.1526,908630.9406
920098.BJ,20260415,0.8611,0.75,37.274,2.2529,4.4554,1.1494,212246.1631,144530.483
003005.SZ,20260415,1.2396,0.72,,2.3226,11.2335,1.267,417425.1986,229068.6836
688525.SH,20260415,8.4601,0.98,157.5334,24.1103,11.8896,,13438150.5401,13438150.5401
603716.SH,20260415,15.728,1.75,,4.3673,4.361,,544155.7557,544155.7557
300549.SZ,20260415,1.8117,0.99,292.1786,4.1422,7.2349,0.2922,228144.74,172904.5489
002259.SZ,20260415,4.6741,1.3,29.3887,10.1938,3.8761,,387449.0575,387449.0575
688108.SH,20260415,3.0483,1.18,194.8061,9.8694,17.5324,,921166.208,921166.208
301113.SZ,20260415,2.2972,0.66,299.0781,3.3154,6.3733,1.9053,226681.0,137219.0765
001333.SZ,20260415,2.99,0.41,24.5662,1.8562,1.9127,1.4487,318080.0,109340.0
300999.SZ,20260415,1.2948,0.83,48.5776,1.5883,0.6248,0.3929,15315996.0892,1532978.049
300329.SZ,20260415,1.5021,0.75,,5.4696,29.0798,,370734.9515,369620.3619
600249.SH,20260415,4.7726,0.79,336.2736,1.5203,3.116,0.4983,331100.0,331100.0
300707.SZ,20260415,3.3469,0.91,120.2227,2.4793,3.5712,0.3694,283525.0997,234161.4954
603826.SH,20260415,2.8487,1.14,,11.3242,16.1669,,2034396.0,2034396.0
600397.SH,20260415,3.3273,0.99,,89.9713,3.4884,,1398813.3133,1398813.3133
000428.SZ,20260415,1.4959,0.78,,2.8438,7.247,,396362.214,396362.214
600866.SH,20260415,1.4429,0.68,8.9749,1.3839,0.6917,5.4913,1149739.0503,868992.3722
002146.SZ,20260415,2.9734,1.21,,0.505,0.203,,600046.6114,539789.9464
300976.SZ,20260415,1.3488,0.75,26.8109,2.2005,2.5361,0.3633,779145.495,500689.9503
600648.SH,20260415,0.5678,2.03,15.5716,0.9136,2.4836,3.268,1456465.9855,1218552.4101
300911.SZ,20260415,7.6829,1.98,,5.1317,12.0808,2.281,602259.7816,562842.8433
920879.BJ,20260415,0.5922,1.1,39.6129,5.119,8.0228,1.8047,327248.7774,255728.5315
688114.SH,20260415,0.6741,1.0,,2.7875,7.6542,,2127564.5197,2116421.8008
600967.SH,20260415,0.9937,0.71,48.1196,2.1173,2.3745,0.4743,2511848.9285,2511848.9285
920403.BJ,20260415,1.4742,0.58,27.0472,3.8733,6.0058,0.6535,217203.3209,129178.5659
688765.SH,20260415,4.9373,2.19,,8.2274,497.9906,,2383452.5,273205.4796
600039.SH,20260415,0.2209,1.05,10.6774,1.6701,0.7604,4.3118,8260811.1128,8260811.1128
000031.SZ,20260415,0.7208,1.5,,1.2309,0.3468,,1247317.1816,1247314.668
000738.SZ,20260415,3.2139,2.05,85.8505,2.3036,5.5515,0.7879,2871046.6742,2871046.6742
600888.SH,20260415,1.6133,0.78,19.7085,1.0444,1.6526,2.9051,1304592.1972,1304592.1972
600340.SH,20260415,6.8897,2.16,,,0.3989,,547920.8479,545069.7087
688489.SH,20260415,0.4911,0.85,,2.4779,8.2062,0.2794,454617.3815,451148.374
603209.SH,20260415,1.5112,0.63,17.6689,1.4149,3.0623,1.1896,470275.0,465198.3409
002391.SZ,20260415,1.7166,0.93,,0.9448,1.0526,,402747.381,287754.9028
003028.SZ,20260415,2.3871,0.61,54.7021,2.3003,2.9372,1.7878,401573.025,195743.4967
001376.SZ,20260415,4.4403,0.85,41.5519,6.1977,6.7665,0.3179,724995.7,336233.1748
600356.SH,20260415,5.4864,0.96,15.2666,1.0098,1.0695,1.1876,301855.4377,273637.9422
002349.SZ,20260415,5.4921,1.13,28.8627,2.3975,4.477,1.0039,648805.7781,636689.4701
300206.SZ,20260415,2.0579,0.75,28.2209,3.9337,4.3152,1.3911,862539.0588,503508.7927
688150.SH,20260415,2.6861,0.64,85.8915,9.855,34.1956,0.657,1888237.1488,1888237.1488
688717.SH,20260415,10.8813,1.08,146.5621,3.8845,4.1552,0.8844,1696160.0,1050005.8126
002470.SZ,20260415,5.0331,0.62,,4.4617,0.991,,916801.74,916724.0873
600498.SH,20260415,6.9287,0.75,80.1142,3.9618,2.6912,0.322,6584395.9527,6164820.8187
603334.SH,20260415,3.6289,0.49,54.7845,4.5355,2.4285,,770021.0,166633.7678
300656.SZ,20260415,7.081,1.95,,3.974,10.4148,,389309.5388,302342.7043
300477.SZ,20260415,6.9225,2.53,,2.7177,1.6789,,268004.6718,247712.6398
301161.SZ,20260415,1.2391,0.77,50.075,3.9441,4.7159,0.2773,363480.0,363480.0
300893.SZ,20260415,2.1313,1.66,29.3453,5.2716,4.0145,0.4211,1075131.8776,570216.1814
300853.SZ,20260415,3.6025,0.92,,5.0703,13.8069,,309327.7334,206951.01
301516.SZ,20260415,19.4258,1.46,,4.3716,6.8584,,564210.5276,141052.6324
688301.SH,20260415,1.4174,1.11,34.677,3.7886,10.0147,0.6339,2254047.9923,2136265.8655
603886.SH,20260415,2.0769,0.95,22.7631,2.0423,1.5273,7.5529,317760.0,317760.0
001324.SZ,20260415,3.1367,1.34,56.6721,2.4065,5.8489,0.6693,272826.0,161429.1672
605099.SH,20260415,1.1996,0.73,26.0537,5.4867,5.2063,1.559,1648801.0629,1644351.1685
000019.SZ,20260415,4.8537,0.6,27.9005,1.8134,1.6475,1.9108,904740.1744,326729.8795
605177.SH,20260415,1.5815,0.91,,1.3558,2.7716,,230473.2133,226181.7824
002315.SZ,20260415,2.7614,0.7,25.8034,4.7402,6.7903,1.4648,1299398.1194,828379.0336
603097.SH,20260415,4.6275,2.61,55.495,5.1714,2.8461,0.5853,561887.5776,544367.2776
600763.SH,20260415,1.281,0.92,35.8156,4.26,6.3136,1.0877,1850435.077,1850435.077
603000.SH,20260415,1.739,0.94,115.2991,5.8623,10.5061,0.678,2152780.486,2152780.486
603801.SH,20260415,0.333,0.72,13.4137,1.1822,0.8423,6.6775,392219.3115,392219.3115
300095.SZ,20260415,2.0216,0.79,,2.432,3.0141,0.9784,406227.1886,332005.1664
603060.SH,20260415,0.4607,0.9,43.9634,2.6019,1.9733,1.784,513730.8764,513730.8764
600422.SH,20260415,1.1418,1.22,24.5302,1.6008,1.3055,2.6455,858410.5084,858410.5084
603320.SH,20260415,3.9951,1.67,45.2152,2.9123,3.3281,0.6157,339158.4656,339158.4656
002451.SZ,20260415,4.5519,1.9,409.3525,5.6025,2.7495,0.1014,433178.61,431683.467
300471.SZ,20260415,3.4373,1.37,780.3204,3.9035,5.674,,612146.6678,477250.6858
600756.SH,20260415,3.8458,0.69,,2.4428,3.7116,,580383.73,538003.93
300327.SZ,20260415,3.1973,1.18,143.0992,4.8379,6.7041,0.7886,860935.5738,854590.3706
002679.SZ,20260415,0.977,0.58,169.4581,3.3526,16.2638,0.3509,245893.508,245893.508
603313.SH,20260415,0.6353,0.75,28.0966,1.2381,0.5027,,456469.508,456469.508
688605.SH,20260415,2.7056,0.91,68.4936,7.8734,10.4531,0.3128,1293814.4194,692692.6099
301047.SZ,20260415,1.4027,1.31,62.0222,1.724,13.098,6.6375,916289.5775,900800.818
002176.SZ,20260415,8.3167,1.01,,5.4778,8.1377,,1859894.8833,1859560.8364
300829.SZ,20260415,3.0116,0.9,60.6127,1.7063,2.5788,0.2278,412277.0441,287055.3978
000970.SZ,20260415,1.5206,0.82,160.4218,2.2478,2.206,0.1643,1464949.5565,1464949.5565
600692.SH,20260415,2.9739,0.77,178.4114,2.6536,1.8535,,256787.7667,186157.6774
603113.SH,20260415,2.601,0.93,277.5822,0.7613,0.3617,4.9206,611761.7341,611761.7341
688237.SH,20260415,2.1006,1.98,393.5947,4.1211,12.8197,0.6026,498452.2892,498452.2892
000821.SZ,20260415,2.0438,0.81,25.2845,1.6553,0.9453,0.6146,709454.3721,688697.2202
002782.SZ,20260415,2.0328,0.86,36.5303,4.9365,1.9785,0.6691,1094592.5767,1073708.1484
920116.BJ,20260415,2.6371,1.57,145.9074,25.0626,45.7984,0.1156,1471208.2,1413197.8
000567.SZ,20260415,0.5893,0.6,,1.9283,22.4525,,1039843.0265,1037347.9555
300402.SZ,20260415,1.3229,0.96,86.9702,3.1373,3.3978,0.4719,470629.4778,464580.4738
002849.SZ,20260415,4.1882,0.92,103.0579,2.9365,2.4955,0.2197,401774.5431,352486.0897
002358.SZ,20260415,6.005,2.36,68.5728,2.0802,2.3865,0.2663,698247.4897,698246.5322
300141.SZ,20260415,2.7596,0.77,,5.1528,7.9389,,340870.5612,336764.6407
600010.SH,20260415,3.1251,0.62,125.9945,2.4524,1.9262,0.0709,12771390.6561,8849385.1169
600861.SH,20260415,0.5858,0.79,7.8575,1.2727,0.2082,4.3524,909177.0251,588719.2059
300560.SZ,20260415,3.9635,0.87,,3.7841,3.6501,,367130.308,298769.7264
601958.SH,20260415,1.0407,1.07,19.504,3.2573,4.4477,2.0975,6153134.5908,6153134.5908
000701.SZ,20260415,1.492,0.98,,,0.1068,,389626.5408,389296.2859
601208.SH,20260415,5.0043,0.89,146.7074,5.712,6.6464,0.5683,3341685.1754,3341685.1754
601026.SH,20260415,4.4837,1.35,59.2068,4.8865,3.2709,0.7937,1246266.0,202577.2232
002425.SZ,20260415,1.1661,0.8,,1.0685,5.6433,,309002.8163,308807.6701
688271.SH,20260415,0.5292,1.02,49.7691,4.3517,6.7981,0.1833,9395401.0632,9395401.0632
600592.SH,20260415,1.3626,0.93,104.7106,3.1561,5.4458,0.4231,802703.1241,802703.1241
600997.SH,20260415,0.6204,0.69,,0.6652,0.5213,4.5534,906633.7149,906633.7149
603176.SH,20260415,0.664,0.77,,2.3455,1.0483,0.4291,254251.9084,247071.6734
600216.SH,20260415,3.4842,0.97,16.8241,1.3427,1.6546,2.3972,1469382.482,1453723.1178
600419.SH,20260415,0.9022,0.71,73.7768,1.2607,1.1121,0.2164,306046.7593,306046.7593
601015.SH,20260415,2.6493,0.76,,1.4526,0.7437,,819041.5532,819041.5532
603270.SH,20260415,9.4176,3.23,38.7207,2.5218,2.8206,0.9612,569896.4409,183934.0509
301071.SZ,20260415,6.8418,1.47,160.0172,2.1228,20.4419,0.3397,1123595.5752,840063.0189
601666.SH,20260415,0.7598,0.78,33.4307,0.8505,0.8969,7.2203,1953266.8568,1953266.8568
300789.SZ,20260415,1.8291,0.64,52.7862,2.8595,5.1459,0.7177,304672.3027,209461.6285
301192.SZ,20260415,2.5758,0.57,64.2142,4.1678,5.7075,0.9664,258441.3,123836.4563
003001.SZ,20260415,3.3727,1.28,60.2123,2.4437,4.3242,1.1933,293079.7848,177653.6794
603730.SH,20260415,1.1081,1.44,32.2019,4.402,3.1548,2.8795,2008927.8707,2008927.8707
688707.SH,20260415,2.297,1.68,,1.7775,4.9611,,708675.1056,708675.1056
300752.SZ,20260415,12.9675,3.82,59.717,3.7055,3.0699,,451513.9371,310754.7508
920873.BJ,20260415,2.8157,0.95,,4.7038,13.3634,,121175.7316,94647.0521
300445.SZ,20260415,3.4008,1.11,43.3116,3.5295,7.6693,0.4227,452263.4977,299235.159
000025.SZ,20260415,0.7433,0.84,45.7845,3.8541,4.0661,0.6188,696590.2451,634729.7651
300017.SZ,20260415,11.0833,1.0,56.1701,4.3266,9.6356,1.3606,4490955.2928,4209302.7396
300867.SZ,20260415,2.4094,0.69,21.9272,1.3922,3.4251,0.3427,539134.2492,380189.5988
300803.SZ,20260415,2.6268,0.66,271.0826,22.5441,40.1334,0.079,6178411.6828,6133296.592
002077.SZ,20260415,2.9919,0.84,207.7286,2.7518,25.1827,,922754.1357,922754.1357
300256.SZ,20260415,3.0923,3.22,,8.7017,5.1893,,807548.0454,798648.0454
002187.SZ,20260415,0.8502,0.73,,1.1057,1.2859,0.6418,438760.0403,438760.0403
002895.SZ,20260415,1.6467,0.98,18.1064,2.9761,2.7399,3.6754,2281843.4384,2240624.945
603129.SH,20260415,0.9745,1.29,21.6631,5.3625,2.1164,1.5016,3911968.6633,3911968.6633
300469.SZ,20260415,3.1895,1.3,,35.2489,49.4383,,1343220.2767,1343186.3497
300532.SZ,20260415,1.7457,0.86,22.5912,2.9632,2.2504,2.5601,531213.6796,505181.1785
002154.SZ,20260415,0.7685,0.88,16.6433,1.1589,1.0307,1.3889,525360.1424,424718.1281
600198.SH,20260415,0.8925,0.96,156.7346,39.3674,10.3273,,1079383.7319,1078014.4377
600556.SH,20260415,2.1383,0.59,358.4299,2.8861,2.8339,0.1405,1106341.5569,1106341.5569
603995.SH,20260415,1.7852,0.94,12.0808,1.1404,0.1554,4.3883,662865.5138,662865.5138
301617.SZ,20260415,2.733,0.71,43.4898,4.4959,5.4459,0.7581,759342.48,301373.28
300475.SZ,20260415,9.5032,0.86,131.5142,20.0209,2.0301,0.0598,7156451.4972,6856176.1332
920926.BJ,20260415,0.4552,0.72,42.927,4.5475,2.6736,1.9172,126268.9222,114580.6196
300253.SZ,20260415,3.8088,1.36,,3.5063,8.9465,0.175,1884289.3037,1549788.4109
000985.SZ,20260415,1.064,0.82,,3.9229,1.2725,0.3493,241259.1095,241259.1095
002137.SZ,20260415,1.6545,0.68,,3.136,7.5553,,474131.4851,325492.6182
603183.SH,20260415,2.5327,1.02,54.9549,1.3976,2.6492,0.5593,222227.5032,222227.5032
002718.SZ,20260415,2.0806,0.57,776.1346,10.4423,19.2787,,960114.5477,697055.7716
603350.SH,20260415,7.0077,1.31,37.1954,3.1999,2.1348,1.9045,427882.462,161612.0
300835.SZ,20260415,5.6615,1.12,64.8943,8.9263,8.4812,0.212,1093380.6943,762349.2156
920575.BJ,20260415,1.6798,0.68,,8.9451,1512.3978,,218571.32,146138.493
300124.SZ,20260415,1.0067,0.96,35.447,5.3462,4.2447,0.6008,18382082.2755,16286268.3547
603700.SH,20260415,1.3062,1.01,28.8273,1.6504,1.5804,1.4976,266949.1819,266949.1819
002960.SZ,20260415,1.5113,0.85,33.7204,1.682,2.2945,1.3443,1077765.8645,990470.6336
920802.BJ,20260415,1.5802,0.93,44.7329,2.5759,5.7062,0.8848,114073.5314,30739.1429
300594.SZ,20260415,4.7716,1.09,,3.3525,3.3228,,276998.4518,274359.3469
002734.SZ,20260415,4.1367,0.87,19.447,2.1317,1.8187,1.2761,817016.6344,745771.73
002729.SZ,20260415,5.4029,0.53,90.043,6.8219,8.8645,0.1368,374539.4262,359174.2164
000045.SZ,20260415,1.447,0.65,89.0613,2.045,1.8799,0.5902,609345.7843,549797.2843
688622.SH,20260415,3.2477,1.16,,22.391,69.7334,,678794.3638,678794.3638
000899.SZ,20260415,2.7197,1.47,13.4216,2.0121,1.8175,2.5365,1269356.7658,1269356.7658
600719.SH,20260415,2.0638,0.61,,8.7823,4.4545,,269463.3336,269463.3336
688656.SH,20260415,0.5452,0.72,373.8338,10.577,21.7702,0.2153,867323.6876,867323.6876
603693.SH,20260415,1.4537,0.7,32.5189,1.7906,6.03,1.073,1246283.2802,1246283.2802
600857.SH,20260415,0.9026,0.77,81.6311,3.059,5.7803,,265594.7841,265594.7841
301448.SZ,20260415,2.3681,0.75,779.3136,5.8511,5.2361,0.5459,400095.0,184680.5625
301000.SZ,20260415,1.1379,0.72,49.7678,5.7713,8.6634,0.6752,717945.3638,677720.1158
301061.SZ,20260415,0.923,0.96,16.9839,3.8359,4.8122,1.2459,1544935.3859,1026372.2033
300601.SZ,20260415,1.2223,1.04,,1.7528,5.914,0.6303,1594975.6901,1285734.0077
600418.SH,20260415,1.426,1.16,,7.7859,2.2064,,10254256.6091,9935060.5393
000030.SZ,20260415,0.7966,0.64,13.1783,1.0869,0.5179,2.9507,885702.5852,860516.8192
600557.SH,20260415,1.3477,1.47,33.8933,1.6849,2.5371,,794320.8048,794320.8048
920075.BJ,20260415,1.4067,0.85,57.8925,3.3471,2.5961,2.2367,133972.605,72094.6119
000520.SZ,20260415,1.6198,1.17,,10.0767,5.9619,,405845.4655,405845.4655
002884.SZ,20260415,2.8322,1.24,14.7582,2.779,3.8984,5.3277,671370.0694,512557.06
601012.SH,20260415,1.3063,0.67,,2.3141,1.7583,,13170678.8192,13170665.7043
300472.SZ,20260415,1.894,0.72,,,,,225712.0692,217169.9242
605069.SH,20260415,2.2823,0.72,,3.0883,8.1018,,262928.6403,262928.6403
603678.SH,20260415,2.0263,0.93,49.2421,2.5739,3.8212,0.6615,1574601.1152,1574601.1152
300136.SZ,20260415,14.3409,1.63,107.7952,8.6315,7.5216,0.0719,6627845.1703,5635612.5118
300449.SZ,20260415,1.6005,0.85,,8.6539,14.7953,,268681.0483,268681.0483
601878.SH,20260415,0.3519,0.54,18.3337,1.2206,5.0027,1.7431,4422861.3499,4422861.3499
688375.SH,20260415,1.7086,1.74,143.8582,11.2925,30.6001,0.3265,7301182.525,7301182.525
920158.BJ,20260415,11.0908,0.86,44.7923,4.3307,8.2752,,243811.8,65218.374
688255.SH,20260415,3.0735,2.47,121.3243,3.029,4.9263,0.9812,320128.7472,320128.7472
300717.SZ,20260415,1.8962,1.16,36.7738,2.9329,5.8953,1.4713,209558.225,207679.0826
603196.SH,20260415,1.907,0.45,725.7101,6.6294,16.0062,,1305467.4379,738929.4633
600490.SH,20260415,2.248,1.03,69.7833,2.7961,2.9549,,1774735.4374,1598082.3516
300302.SZ,20260415,7.4355,0.65,,10.1553,28.0741,,1089845.8767,838682.7972
002694.SZ,20260415,1.8129,1.04,,21.1861,2.5297,,222820.7616,209883.9644
603130.SH,20260415,0.6696,0.64,48.8242,3.5947,1.909,0.2693,510590.2246,510590.2246
688057.SH,20260415,0.416,0.8,35.6184,1.0783,10.1086,2.0178,341964.0,341964.0
600310.SH,20260415,6.8617,0.68,,2.3632,1.7488,0.6772,649309.8498,649309.8498
603587.SH,20260415,0.3674,1.31,22.4373,1.6214,2.7181,4.0079,584556.4064,584556.4064
300187.SZ,20260415,1.3133,0.94,28.5867,3.0018,4.1888,3.3267,324102.3268,322349.9211
300774.SZ,20260415,7.8425,2.14,84.8647,4.8037,7.0531,1.1455,713701.3504,340261.1365
000933.SZ,20260415,2.0517,0.87,13.5903,2.8231,1.7249,1.4711,7592638.851,7587290.2036
600396.SH,20260415,29.8243,1.84,185.731,8.7752,2.6941,,1185528.9877,1185528.9877
920008.BJ,20260415,3.2687,1.33,99.9426,4.9992,9.4577,,162052.5,86480.6728
300411.SZ,20260415,4.964,2.69,700.2397,4.6084,9.8123,,446765.4877,339717.9345
000419.SZ,20260415,1.3957,0.83,24.8756,0.9139,1.6048,2.551,319626.6011,319626.6011
300470.SZ,20260415,4.9146,2.23,19.6523,2.6136,4.2819,2.7457,757396.6462,717999.4823
002654.SZ,20260415,10.0902,1.79,217.0649,7.9344,2.2424,,1241749.4371,1241661.2971
688573.SH,20260415,9.3048,0.79,,6.7536,7.8485,,205381.9692,111807.2887
603706.SH,20260415,0.3819,0.74,17.2136,2.2194,2.484,4.6272,368349.3787,368349.3787
600513.SH,20260415,19.6646,1.95,,5.0782,2.6092,0.3747,677958.6413,677958.6413
300672.SZ,20260415,7.2055,1.18,1034.6393,8.7827,18.346,0.1813,3573506.3599,3462157.9001
603979.SH,20260415,1.5018,1.02,17.4454,3.7499,3.0332,0.7171,3914275.3977,3914275.3977
300603.SZ,20260415,9.9765,0.7,,3.9306,6.6157,,551715.5002,443856.3391
600885.SH,20260415,1.6816,1.13,24.0655,3.3487,2.4587,1.2696,4229575.2574,4229575.2574
600071.SH,20260415,1.2356,0.52,89.9053,11.2098,3.5006,,564837.2213,564837.2213
601599.SH,20260415,1.4236,0.86,32.6174,2.8594,1.3403,,432882.335,432882.335
603043.SH,20260415,0.4406,0.8,17.9962,2.2307,1.6318,3.7493,878182.1229,870747.7629
301227.SZ,20260415,1.1459,0.33,,1.8894,4.9315,,309880.047,176116.242
603188.SH,20260415,2.1823,0.62,,3.6114,3.835,,277102.62,277102.62
300295.SZ,20260415,8.4211,2.41,,1.699,19.5091,,191509.8511,169201.1469
688370.SH,20260415,0.6386,1.19,138.7923,1.2567,6.3173,1.4845,332486.6066,332486.6066
301106.SZ,20260415,1.2948,0.93,30.1625,2.2669,3.191,1.4016,290006.1314,290006.1314
300126.SZ,20260415,1.4939,0.89,,2.3018,4.7647,,233743.3944,161991.9294
920578.BJ,20260415,2.3894,0.97,,5.3178,8.5028,,140721.5385,42320.0
301093.SZ,20260415,2.1989,0.59,242.2917,5.6456,20.2896,0.2058,1227242.9378,1172924.6487
600827.SH,20260415,0.4712,1.22,24.0592,0.7446,0.6126,3.114,1518327.0676,1365386.8819
300718.SZ,20260415,2.0268,0.8,86.3592,12.7717,17.2872,0.5598,2139257.8548,1387908.9563
600330.SH,20260415,10.9289,0.78,1118.7896,3.0455,8.2238,0.1096,2442200.1437,2442200.1437
300378.SZ,20260415,3.4353,0.87,66.208,4.5975,4.4487,0.0748,1082405.5944,1074268.1754
000708.SZ,20260415,0.2086,0.82,14.1233,1.9428,0.7798,4.2629,8373235.4223,8373198.0948
603501.SH,20260415,1.8698,1.47,28.7774,3.5619,4.0346,0.6682,11641656.108,11173265.0139
603399.SH,20260415,9.6014,1.04,,3.7222,1.2131,,617310.232,617310.232
301616.SZ,20260415,3.0262,1.07,20.2742,2.835,4.1922,0.7905,404800.0,143713.0625
603288.SH,20260415,0.1868,0.61,34.0211,6.0506,8.2933,3.4644,23945667.6708,22753977.426
300158.SZ,20260415,4.5651,1.42,,1.7151,2.1267,,620189.41,619804.0263
688017.SH,20260415,3.2593,1.22,303.0638,10.7032,66.5393,0.0484,3785767.0813,3785767.0813
002626.SZ,20260415,0.6679,0.76,23.0519,2.511,3.1737,2.1954,1111302.0346,1111165.3846
600816.SH,20260415,0.5158,0.81,397.0347,1.8086,,,2510334.3048,1394630.1693
688670.SH,20260415,1.0272,0.98,,1.9779,19.2147,,217571.2,217571.2
301179.SZ,20260415,12.5362,1.27,73.5172,4.3724,9.157,0.9947,1098775.365,645302.3049
002909.SZ,20260415,2.5933,0.92,,2.8158,2.2379,1.5892,242970.0,236987.2139
688638.SH,20260415,3.1118,0.49,,2.8685,3.2185,,232960.0,110077.8515
002043.SZ,20260415,1.1177,0.81,16.6514,3.6176,1.352,4.0967,1201484.487,1169293.776
688563.SH,20260415,3.5923,1.99,51.5205,2.6528,9.6657,0.8673,2762550.0,718195.428
000833.SZ,20260415,9.468,0.95,40.2415,4.9041,6.3149,0.5066,1931413.9882,1092514.4786
600833.SH,20260415,1.8836,0.84,44.8512,2.2303,1.2158,1.8949,259003.2489,259003.2489
603680.SH,20260415,0.3819,1.25,20.2066,1.8602,2.0493,2.3059,1019618.1159,1019618.1159
002188.SZ,20260415,6.6928,0.59,78.7057,6.4346,5.2564,,208692.2652,164197.5985
000778.SZ,20260415,0.9299,0.56,18.6618,0.6702,0.4774,0.4484,1767579.2991,1736510.0939
920027.BJ,20260415,2.6222,0.6,32.2689,3.1068,3.9046,0.6689,142091.079,75713.079
300593.SZ,20260415,8.615,1.87,,6.155,12.5739,,1469085.8541,1219313.5607
603530.SH,20260415,2.6524,1.72,71.2331,16.239,16.4383,0.7449,2650974.9751,2625061.1771
688357.SH,20260415,0.9859,0.78,36.0636,2.037,4.2256,0.5632,355312.6161,355312.6161
301389.SZ,20260415,15.11,1.4,157.6292,7.3474,32.3953,0.8986,1633527.0,487286.8488
603159.SH,20260415,1.6834,1.95,566.3054,7.4026,8.4024,0.2452,371140.0,371140.0
600812.SH,20260415,2.1801,1.23,53.0563,1.764,0.9915,0.53,971103.3894,971103.3894
688561.SH,20260415,0.6169,0.8,,2.7563,4.6824,,2056309.7132,2056309.7132
600955.SH,20260415,2.1979,0.95,,1.2231,1.1357,0.1593,1029050.0,1029050.0
002712.SZ,20260415,1.8661,0.79,,2.0252,0.3872,,275948.0324,274236.4384
603566.SH,20260415,1.1369,0.94,30.9523,1.7719,4.0286,4.6134,444690.0208,444690.0208
920208.BJ,20260415,0.6599,1.34,16.3833,2.8577,3.1815,3.1056,307750.4742,234320.9502
000061.SZ,20260415,0.8274,1.04,39.6772,1.7043,2.2196,0.8198,1449021.6745,1309847.7512
605507.SH,20260415,0.8552,1.53,17.6058,1.6896,2.404,2.3183,1445117.571,1445117.571
002082.SZ,20260415,9.9734,0.89,,6.9957,15.1811,,1737808.6053,1571791.5514
601108.SH,20260415,0.5932,0.44,13.3624,1.0591,5.6205,2.0157,3882186.8185,3882186.8185
920519.BJ,20260415,0.8602,0.82,48.9994,2.0206,2.3963,0.8327,105860.1113,74711.3038
301229.SZ,20260415,1.297,0.87,86.2166,2.6702,3.1477,0.8988,333748.9998,237359.255
301378.SZ,20260415,2.9378,0.76,,2.3644,7.5971,,308637.0,146696.9265
920981.BJ,20260415,4.2244,0.87,232.3163,4.4237,3.8998,0.5099,224968.856,109764.8962
601100.SH,20260415,0.6226,0.93,49.6808,8.3651,13.5996,0.9625,13931130.1069,13931130.1069
688075.SH,20260415,0.4046,1.16,67.5573,0.9589,10.9298,2.0508,495750.0223,495750.0223
600478.SH,20260415,2.9384,0.95,65.9287,4.2981,2.7355,,1247490.1461,1247490.1461
688600.SH,20260415,1.7236,0.97,64.6084,4.6463,5.1842,0.3404,368158.3032,368158.3032
301336.SZ,20260415,2.3395,0.85,63.6553,2.4215,5.4579,0.4468,200720.0,152699.2303
301285.SZ,20260415,1.3558,0.63,,18.745,21.7215,0.054,1910044.14,1910044.14
920036.BJ,20260415,20.5113,1.25,31.6381,4.2447,3.1234,,250394.826,60094.9355
603266.SH,20260415,1.0757,0.61,35.3204,2.4811,2.9167,0.8678,389619.1433,389619.1433
603076.SH,20260415,3.853,0.99,246.77,2.6969,2.342,1.3807,349671.7936,349671.7936
300880.SZ,20260415,9.5488,3.33,50.6718,4.3033,6.0875,1.9472,450962.2541,450914.1575
300175.SZ,20260415,1.1703,1.09,,6.0451,10.4425,,304607.6,304607.6
301281.SZ,20260415,6.5374,0.8,80.8293,3.08,9.6946,0.513,422222.71,276641.848
300508.SZ,20260415,1.962,0.75,47.8718,4.8801,7.7006,0.4827,420364.5265,316139.9716
002058.SZ,20260415,1.0068,1.19,16.6975,78.6231,4.9673,,314582.1921,313857.2937
688303.SH,20260415,0.5676,0.73,,1.2039,9.7096,,4698000.5356,4698000.5356
600262.SH,20260415,2.867,0.9,17.4397,2.4942,1.2673,1.2234,439110.0,439110.0
002375.SZ,20260415,0.831,1.1,16.4723,0.6329,0.4848,1.7531,518578.6447,513469.1611
000799.SZ,20260415,1.6049,1.02,,3.7794,14.3331,1.3711,1421889.2165,1421764.5005
300333.SZ,20260415,1.7722,0.57,,5.272,25.7461,,305760.0,304649.861
301230.SZ,20260415,10.3306,1.45,156.681,5.7168,8.5889,1.1996,573282.1867,515904.2138
000677.SZ,20260415,6.2584,1.21,512.0217,7.4349,3.5541,,377558.3633,377558.3633
002483.SZ,20260415,0.8774,1.01,13.4658,1.3946,0.787,4.3478,611663.205,610823.0513
300516.SZ,20260415,3.3044,1.25,454.6692,8.4405,16.0662,0.1131,1098540.0,1098540.0
002267.SZ,20260415,0.4861,0.64,12.5881,1.291,0.9567,4.5812,849625.64,849625.64
000698.SZ,20260415,0.6317,0.76,,2.2999,0.5653,,317152.0709,304071.4709
300184.SZ,20260415,7.0575,0.72,85.5449,3.2304,1.5158,,1317931.7797,1197907.4959
301330.SZ,20260415,1.1483,0.84,42.1104,2.3636,4.05,1.2161,802548.7855,662636.523
601002.SH,20260415,5.4238,0.8,23.6034,1.3204,2.4469,1.6694,571709.9913,571709.9913
688121.SH,20260415,1.396,1.1,34.7299,1.0015,1.1625,,253704.8073,220096.0004
002047.SZ,20260415,1.4849,0.7,137.7753,160.5962,12.3854,,815741.7968,815693.5081
300210.SZ,20260415,2.2392,0.98,,11.6453,13.7571,,450324.5563,450324.5563
002611.SZ,20260415,2.7998,1.05,28.9527,3.6368,4.0161,0.7536,2099818.9365,1728282.9941
603528.SH,20260415,1.0613,0.82,,3.0157,13.9146,0.6114,573215.2664,573215.2664
688609.SH,20260415,1.3827,1.05,,5.4152,1.7676,,422500.0,422500.0
301041.SZ,20260415,6.308,1.41,121.4485,4.4909,4.1925,0.3517,299664.12,221688.075
920527.BJ,20260415,1.0964,0.87,57.289,2.5769,2.7455,0.8779,101231.9922,61282.7061
603329.SH,20260415,0.6418,0.74,71.9172,1.8351,0.5664,0.1846,258052.8126,212987.3107
000700.SZ,20260415,3.1676,0.89,22.7566,2.8302,1.5041,2.8517,1052045.6358,1052045.6358
603069.SH,20260415,1.0022,0.96,,6.802,8.0605,,550472.0,550472.0
600976.SH,20260415,1.5081,0.76,14.4642,1.9594,1.5445,2.6525,520481.4498,520142.1498
300947.SZ,20260415,2.3655,1.13,115.1021,2.0214,2.0673,,252551.09,252450.8885
300846.SZ,20260415,9.9667,0.77,,19.1448,12.1638,,1504161.9839,1172492.1863
000007.SZ,20260415,1.571,0.73,81.8682,25.3948,10.2428,,463893.9309,463893.9309
003816.SZ,20260415,0.4219,1.06,23.0119,1.825,2.9687,2.1348,22471949.0664,17504135.9414
000788.SZ,20260415,19.3954,1.19,28.0961,2.6953,2.2966,3.3678,403483.4867,403483.4867
920931.BJ,20260415,1.512,0.57,106.015,2.8595,3.6029,0.8368,112246.35,34387.081
002632.SZ,20260415,2.0181,1.08,33.8164,3.4305,5.0254,2.1667,749518.908,689310.9132
301277.SZ,20260415,1.0959,1.04,39.2247,3.0657,7.0733,2.3554,475591.0992,475591.0992
300142.SZ,20260415,2.6401,0.96,115.0866,2.3728,8.4589,0.3127,2045566.7839,1995883.1081
920508.BJ,20260415,1.5588,0.67,520.6925,6.0865,13.4016,0.8413,118860.0,63205.6374
002332.SZ,20260415,1.7958,1.54,32.8912,1.5274,2.508,4.3956,900176.4281,895962.077
002762.SZ,20260415,1.8012,0.98,,3.4405,7.6018,0.6667,265518.75,158533.8255
603232.SH,20260415,8.5491,2.89,511.1028,3.584,11.1641,0.2428,482209.3217,476477.9897
300025.SZ,20260415,2.0966,1.12,,4.878,4.1895,,263045.9407,261804.7266
603758.SH,20260415,0.7542,0.84,37.2966,2.1676,4.1211,,557272.2522,557272.2522
688648.SH,20260415,2.0737,0.75,11.2102,3.2261,5.0926,,705568.0,360716.0577
300403.SZ,20260415,1.8505,1.07,30.136,3.2061,6.0627,0.8475,711540.0,503929.4902
301105.SZ,20260415,2.6081,0.45,,3.5133,16.3322,,293200.0,96389.4824
301611.SZ,20260415,10.4088,1.47,130.9214,24.9957,41.6972,0.101,4316400.0,1451168.6112
000885.SZ,20260415,1.3712,2.06,7.0175,0.9143,1.3217,2.6351,867447.7225,867447.7225
605098.SH,20260415,1.82,1.47,22.4208,7.0987,8.8422,3.7406,717295.3665,717295.3665
301568.SZ,20260415,7.716,0.8,51.0001,5.4675,11.8387,1.0078,569986.368,262748.4672
301095.SZ,20260415,5.5883,1.05,146.2043,5.1078,23.3112,0.3075,1602048.4229,1395860.1757
002400.SZ,20260415,4.1578,0.55,166.6421,2.9948,0.7021,0.3372,1499269.9301,1484501.5715
600984.SH,20260415,1.6759,0.51,,2.4479,2.087,,529215.4924,529215.4924
603605.SH,20260415,0.9515,1.24,14.9938,4.4647,2.1693,3.3123,2366748.5998,2366748.5998
600986.SH,20260415,8.689,0.72,177.7402,2.9331,1.8208,,1520096.2914,1520096.2914
600848.SH,20260415,0.7285,0.94,24.5725,1.4265,3.0,2.1186,2381227.7318,2259853.1857
603456.SH,20260415,2.0141,1.26,21.4957,1.7748,2.9013,2.8372,1553862.2109,1553862.2109
000988.SZ,20260415,13.4121,1.21,76.7734,10.2122,7.8662,0.1781,11291795.3996,11285988.9281
603025.SH,20260415,1.5208,1.11,22.9113,5.9777,5.4201,2.3861,1626966.0043,1616067.6443
600023.SH,20260415,0.4537,1.11,10.2,0.9985,0.9225,6.1372,7428437.9429,7428437.9429
002683.SZ,20260415,2.4639,1.17,34.5415,4.709,1.6232,1.4816,3306259.9091,2900198.7181
600212.SH,20260415,2.9498,0.88,180.6036,10.2805,3.8275,,554166.2176,418038.8276
000720.SZ,20260415,13.1141,0.59,,2.6487,4.4632,,624496.1908,624496.1908
000969.SZ,20260415,2.3098,1.36,60.2887,3.8062,2.7735,0.9553,2199787.6173,2164664.2203
603585.SH,20260415,13.9047,1.36,39.553,1.8304,1.7373,,473770.6672,463395.6322
600728.SH,20260415,1.7859,1.42,68.4454,1.5088,1.175,,1189990.3876,1189990.3876
688362.SH,20260415,4.093,0.96,237.2392,7.6456,4.4338,,1951061.3037,1951061.3037
300791.SZ,20260415,1.5298,2.78,19.2134,2.7036,1.4906,2.3106,663875.6028,553922.3305
002821.SZ,20260415,5.5862,1.48,37.551,2.4116,6.376,0.9293,4252911.5215,3735844.2104
601127.SH,20260415,0.8987,0.86,25.828,3.76,0.9321,1.4493,15385212.2796,13753220.3581
000516.SZ,20260415,1.2707,0.53,,3.1461,2.4973,,1050042.5772,1034077.5902
000902.SZ,20260415,1.6029,1.62,12.1433,1.6616,1.1478,1.9672,1913469.3897,1742744.3922
603459.SH,20260415,32.4519,0.5,95.5022,13.0452,14.0214,,5155674.5419,540714.7087
600746.SH,20260415,1.337,0.56,85.5017,2.0627,1.8381,0.512,1124632.6973,1124632.6973
603773.SH,20260415,8.4061,0.76,,9.5174,4.4908,0.0996,1112895.8066,1112509.5506
301072.SZ,20260415,1.6043,0.71,,3.0605,2.9591,,229420.4312,146633.5918
000498.SZ,20260415,1.2844,1.34,4.0386,0.5812,0.1312,3.4424,919045.3449,858013.5519
603115.SH,20260415,3.5002,0.76,52.7678,5.2122,4.8267,1.3333,1076412.28,1076412.28
000555.SZ,20260415,9.9668,4.8,276.6764,2.7447,1.1861,,1561239.0992,1559410.5392
603986.SH,20260415,5.9441,0.76,116.5652,8.079,20.8728,0.1233,19210207.1574,18298947.1364
301058.SZ,20260415,0.8526,0.89,21.4824,2.3213,1.672,1.5136,507663.7768,507663.7768
600587.SH,20260415,0.8478,1.09,17.2367,1.1315,0.9161,3.458,877208.0179,877208.0179
688058.SH,20260415,1.5626,0.97,,3.3119,9.3462,,215299.9484,215299.9484
000737.SZ,20260415,2.4337,1.13,34.9187,3.9623,1.0184,0.7942,2638032.2625,2637785.3516
605208.SH,20260415,1.6983,0.61,68.4283,2.1021,0.7901,0.2782,461916.0,461916.0
300345.SZ,20260415,4.5623,0.63,,7.4441,3.9255,,388173.8988,320683.339
301168.SZ,20260415,1.9542,0.79,116.3535,2.4371,3.5912,0.1401,526800.0,418425.545
688293.SH,20260415,1.2932,0.7,166.6828,2.653,19.5834,0.7025,695042.559,608368.7231
300342.SZ,20260415,14.5482,0.91,1801.3104,14.8033,28.0592,0.1199,2304115.3476,2270308.6363
300964.SZ,20260415,12.3435,0.85,154.5411,5.5827,7.0541,0.2771,550861.2256,404222.9215
688184.SH,20260415,0.2638,0.39,,1.5357,2.4681,,166204.6521,105009.4521
301043.SZ,20260415,1.328,1.08,40.7645,4.1832,5.9402,2.8306,350744.0,292704.8945
300828.SZ,20260415,10.5912,0.97,111.6534,4.6464,6.1243,,363964.914,184515.6919
603316.SH,20260415,3.6369,0.92,,7.3413,7.7144,,388468.08,388468.08
301571.SZ,20260415,4.4471,1.09,63.1025,6.2995,11.6596,0.1354,1285048.3531,853473.9824
600468.SH,20260415,7.6013,2.27,,4.3707,4.0432,,877802.404,877802.404
300217.SZ,20260415,2.3475,1.0,40.1965,1.8055,2.1946,0.6238,758202.1702,629426.1257
600864.SH,20260415,4.1806,0.55,24.1629,1.1332,9.127,0.6935,1500091.3449,1500091.3449
688056.SH,20260415,0.9093,0.92,59.933,2.9165,5.8677,1.6976,236016.1575,236016.1575
600626.SH,20260415,1.003,1.09,60.1668,1.5992,0.4774,,513769.6755,431003.7182
002930.SZ,20260415,1.1325,0.4,,2.6448,4.9831,1.4826,617154.0154,584574.709
688052.SH,20260415,2.0613,1.05,,3.2988,7.543,,2540340.6469,2226436.6519
000407.SZ,20260415,1.8433,0.89,25.9322,1.3227,0.9699,1.2418,403958.8571,401980.6158
000668.SZ,20260415,1.2391,0.74,,3.0975,7.8221,,218794.4161,218794.4161
603551.SH,20260415,0.8236,0.77,15.5839,3.6602,2.521,7.0303,460152.2094,454340.8454
603617.SH,20260415,1.9528,1.87,58.9585,1.9014,2.6129,1.0947,285341.8987,280825.4587
603601.SH,20260415,23.5674,1.28,201.6282,6.1731,11.9853,0.1884,1635832.2705,1635832.2705
600724.SH,20260415,0.8974,0.82,53.1252,3.5215,6.5933,3.1157,974092.4819,973891.3555
300993.SZ,20260415,0.8194,0.87,22.4798,2.4707,4.8928,0.7997,377768.8512,295213.6586
600232.SH,20260415,2.1537,0.66,150.7101,3.3058,2.2405,1.1614,314022.6664,314022.6664
603083.SH,20260415,23.7121,1.78,168.3716,5.9553,9.1975,0.205,4436341.6923,3466901.7323
600383.SH,20260415,1.9499,1.21,,0.2799,0.3569,,1277627.1509,1277627.1509
002636.SZ,20260415,6.774,0.82,246.7556,7.8305,6.2689,0.2268,2727816.0,2714009.8675
300303.SZ,20260415,9.0015,0.68,44.944,3.6631,3.9843,1.3311,1374301.3612,1289322.0464
000863.SZ,20260415,3.0428,1.51,,1.3731,7.4875,,617505.8699,608570.8636
301589.SZ,20260415,4.0138,3.26,28.1426,4.2459,4.8921,0.6743,1625790.528,606100.7866
600683.SH,20260415,3.9571,1.44,,,8.6862,,734110.5986,734110.5986
603859.SH,20260415,1.8372,0.95,39.2336,3.0763,6.0071,0.0521,938415.6833,938415.6833
000728.SZ,20260415,0.3042,0.52,12.6893,0.9173,4.3952,2.3018,3412474.3108,3412474.3108
603375.SH,20260415,2.0826,0.75,170.7554,2.4995,7.8005,0.2548,395116.668,250340.1463
920642.BJ,20260415,3.1837,2.52,,5.7005,13.9299,0.4102,125441.0364,120947.8224
688244.SH,20260415,1.1529,0.77,,2.9146,9.6136,0.1784,284562.4633,284562.4633
002738.SZ,20260415,3.5556,0.75,127.0226,4.7722,8.8814,0.6206,5813060.053,5730364.2055
688009.SH,20260415,0.2949,0.79,15.4549,1.2034,1.6489,3.1599,5697322.622,4638107.684
000420.SZ,20260415,3.4571,0.56,,2.7685,2.399,,1224516.4348,1224099.5092
920553.BJ,20260415,0.6596,0.63,54.9003,3.5383,2.7369,0.9143,125729.1525,79637.117
688690.SH,20260415,4.4978,0.93,92.9306,6.6277,13.6688,0.1997,1263940.2145,1263940.2145
603284.SH,20260415,17.4119,0.58,30.7978,2.0445,1.6759,,425264.0572,104171.5195
300995.SZ,20260415,1.5698,0.72,153.8364,4.7653,8.0539,0.6258,302003.0805,215485.2791
688533.SH,20260415,0.6218,1.1,23.9072,2.6003,1.4563,1.6648,440185.4254,440185.4254
301158.SZ,20260415,3.0946,0.8,31.6069,2.6411,5.1107,1.3264,368558.12,359121.5764
601118.SH,20260415,0.7668,0.9,97.6783,2.9089,0.5559,0.1654,2820142.9182,2820142.9182
603285.SH,20260415,11.5846,2.59,41.1716,3.3065,8.8877,0.5772,554400.0,215858.3427
000989.SZ,20260415,5.9575,2.73,37.9902,2.2722,3.7935,3.0022,845670.7079,685823.908
601179.SH,20260415,8.6803,2.49,71.4575,3.948,3.8191,0.3898,9072811.763,9072811.763
300453.SZ,20260415,2.5451,1.0,19.4721,3.5108,3.1164,3.0653,511120.5052,352302.661
300991.SZ,20260415,3.6402,0.65,293.7542,11.7211,10.4028,0.0577,748080.0,478677.69
301008.SZ,20260415,14.3754,1.33,151.7569,3.3107,4.3454,0.2263,498315.1054,440783.5054
002194.SZ,20260415,1.7249,0.96,,2.873,4.9267,0.6699,714033.6673,533883.9949
002322.SZ,20260415,1.76,1.02,23.9296,1.9491,4.7304,4.54,513932.3258,494067.8432
300056.SZ,20260415,2.8791,0.66,,23.9267,7.7549,,353109.2458,352797.6226
300567.SZ,20260415,3.2433,0.75,,10.3167,12.1313,,3645645.0762,2958896.3908
688502.SH,20260415,2.1183,0.79,393.7468,15.1674,26.3998,0.0979,1824240.0,1824240.0
600795.SH,20260415,1.0546,1.66,12.1537,1.4635,0.5113,4.3033,8703782.112,8703782.112
300965.SZ,20260415,0.9554,1.0,91.98,2.6737,16.5446,1.049,331740.0,299084.3438
300922.SZ,20260415,2.5296,0.89,74.7252,3.3142,13.6269,0.8833,316413.3835,248874.7011
300032.SZ,20260415,5.5563,1.03,,6.8837,2.8902,,475476.4079,475476.4079
688755.SH,20260415,1.6892,1.22,57.1825,2.7417,4.635,0.2583,340736.0,68147.2
603978.SH,20260415,7.9796,1.73,,3.5168,1.7521,,531957.6335,531957.6335
002272.SZ,20260415,24.6222,1.09,,6.357,5.2505,,927570.2749,780758.6165
601668.SH,20260415,0.3064,0.74,4.6069,0.4267,0.0971,5.4518,20577554.4411,20577554.4411
002297.SZ,20260415,1.7125,0.62,135.4618,3.9386,9.203,,837879.2454,837879.2454
601163.SH,20260415,0.4204,1.09,12.4856,0.8208,1.1411,3.7669,1125600.0,1125600.0
688031.SH,20260415,5.5402,1.03,,19.182,36.969,,1654474.3407,1654474.3407
000417.SZ,20260415,1.0103,0.81,33.1531,1.0857,0.7506,1.6794,510824.151,510262.9804
688143.SH,20260415,6.9306,0.61,342.1956,5.9001,19.9816,0.075,795221.4524,755662.0806
003032.SZ,20260415,0.9624,0.78,,2.0419,7.6652,,255956.61,175675.8469
600020.SH,20260415,0.6548,1.54,8.4729,0.7259,1.2066,4.4271,862990.7835,862990.7835
300782.SZ,20260415,6.6836,0.82,,5.4823,14.562,0.1005,5425928.8573,4546574.5954
000636.SZ,20260415,6.5196,1.18,81.052,1.9481,4.4461,0.7071,2434355.7959,2434355.7959
000826.SZ,20260415,3.7623,1.65,,67.3393,0.5814,,282219.9431,282184.2459
920392.BJ,20260415,1.4152,0.98,72.6418,4.3843,2.0259,0.3903,149514.21,71396.9838
688290.SH,20260415,1.2021,1.08,,4.2865,26.7438,0.2191,533634.6865,533634.6865
688288.SH,20260415,3.3882,1.0,87.718,3.4118,3.6989,,258118.2385,258118.2385
605599.SH,20260415,0.4896,0.91,21.942,4.2775,0.7024,3.1441,1781111.162,1781111.162
603082.SH,20260415,3.3129,0.73,34.5213,3.6093,2.8252,1.5817,594888.4002,148722.1523
688758.SH,20260415,1.8744,0.99,67.8097,6.3389,21.2711,0.3256,857083.0849,613661.997
920943.BJ,20260415,1.7941,1.27,27.4405,3.0709,2.0576,1.25,203042.756,103615.666
688331.SH,20260415,8.1298,1.29,118.5192,23.1072,25.8708,,8410714.4967,2430087.3688
920019.BJ,20260415,1.3072,1.3,88.5064,4.1586,2.5257,1.1062,380162.1936,302904.4841
300569.SZ,20260415,2.8516,0.95,,1.3054,1.705,0.1486,674994.0503,672962.4205
603385.SH,20260415,1.3135,0.84,40.1185,0.649,0.7621,1.7188,243625.5795,243625.5795
002812.SZ,20260415,4.7834,1.07,,2.7604,5.6767,,6949565.3032,5821121.4132
000017.SZ,20260415,1.3577,1.2,115.7738,12.4842,5.3215,,467267.3846,298877.2828
600965.SH,20260415,0.8346,0.84,59.4654,2.0924,4.1308,0.6835,455197.731,455197.731
301577.SZ,20260415,4.9233,0.95,98.1447,3.6729,6.4909,0.4741,280083.49,117191.9841
301565.SZ,20260415,1.6078,0.86,134.1595,3.6059,3.9494,,868421.71,277909.71
688559.SH,20260415,2.4169,0.91,,5.7898,3.2831,,1375062.6942,1375062.6942
600780.SH,20260415,1.7324,0.8,11.9697,0.8977,0.66,,736054.6198,736054.6198
603344.SH,20260415,2.3163,1.07,27.8305,2.5691,2.0963,1.1171,539823.4695,149935.9695
601166.SH,20260415,0.2624,1.01,5.1084,0.4887,1.8602,8.6898,39574543.1379,39574543.1379
002107.SZ,20260415,17.1255,1.64,41.9054,6.7862,5.6087,3.3459,458881.632,454258.2427
603833.SH,20260415,0.3908,0.89,12.7983,1.6889,1.6827,7.3336,3072567.0611,3072567.0611
600545.SH,20260415,6.4531,0.63,,2.3333,1.9159,,745559.3966,745559.3966
002676.SZ,20260415,2.3291,0.67,62.7673,3.7736,1.7249,0.1439,500400.0,500383.639
600758.SH,20260415,5.4685,0.79,123.3536,0.9258,1.0125,0.8247,512942.7489,512448.4369
000524.SZ,20260415,2.3095,1.11,101.4003,3.1062,1.5773,0.7547,710421.1128,710165.3783
000566.SZ,20260415,3.1466,1.13,,86.7822,8.5379,,709658.7239,709314.3913
920753.BJ,20260415,0.9604,0.83,45.5792,3.7069,6.2313,1.673,149865.4415,59614.3875
920088.BJ,20260415,19.1125,0.68,80.0809,6.5352,10.1837,0.1552,453920.511,167846.3494
002320.SZ,20260415,0.7139,1.04,110.3821,4.7787,3.7328,0.4665,1911178.7101,1911178.7101
600499.SH,20260415,1.0439,0.53,26.0821,2.7109,1.9631,1.0884,3413784.376,3413784.376
002852.SZ,20260415,1.1969,0.69,14.3881,1.4965,0.5425,3.1116,336057.034,279227.5379
301586.SZ,20260415,2.7733,2.3,56.7367,2.8558,4.8281,0.4551,364677.3357,232544.1483
600871.SH,20260415,1.5399,0.94,77.9757,5.5513,0.6365,,5137359.4207,3671240.3471
002067.SZ,20260415,1.6176,0.7,112.822,1.0585,1.245,,700555.5802,635361.8302
601225.SH,20260415,0.2939,0.86,14.7407,2.5211,1.542,4.6701,24392620.0,24392620.0
688800.SH,20260415,6.0169,1.49,64.3337,8.361,6.2559,0.2791,1975501.9877,1975501.9877
002398.SZ,20260415,1.3275,0.8,69.6851,0.9831,1.3789,1.5528,354603.2435,309625.6576
003010.SZ,20260415,3.1093,0.57,49.2667,13.3177,2.7908,1.5242,957752.1266,696291.7784
000958.SZ,20260415,0.328,0.69,116.9257,5.329,23.6503,0.9183,10493369.7511,3251574.5936
000050.SZ,20260415,0.7085,0.81,121.143,0.7442,0.5597,,2027641.8203,2027616.8847
300837.SZ,20260415,1.994,1.01,87.6489,2.6266,6.0213,0.8282,362219.3379,273797.2629
601990.SH,20260415,0.2858,0.55,26.7509,1.4287,10.719,1.47,3260124.1961,2731593.5262
000048.SZ,20260415,3.1259,0.77,53.9622,2.0208,1.6926,4.5943,824588.8988,818489.1003
002075.SZ,20260415,0.8869,0.83,35.6125,1.5734,0.7393,1.0684,1026710.3083,1026708.6586
300669.SZ,20260415,0.6336,0.87,377.0724,7.0442,19.0586,0.3113,615694.1556,583087.2987
301265.SZ,20260415,8.8478,0.99,126.4964,3.4378,8.3269,0.168,718046.4413,399222.2696
600332.SH,20260415,0.6848,1.06,12.535,0.9896,0.4815,3.4783,3739319.1827,3233549.1827
688485.SH,20260415,11.3391,0.57,,5.0295,27.2864,0.0531,631376.9525,372872.2656
600234.SH,20260415,2.2622,0.97,78.2358,9.3246,9.7184,,466237.248,466237.248
603881.SH,20260415,8.9409,0.81,197.0,8.8153,16.2748,0.1485,2895059.306,2895059.306
002025.SZ,20260415,8.9956,1.15,198.4382,5.4944,6.2345,0.2887,3628378.8464,3615992.6391
002915.SZ,20260415,1.8275,1.2,,4.744,4.5905,,704744.5397,605533.3873
000725.SZ,20260415,1.4718,1.16,25.2993,1.1143,0.7243,1.2627,14817731.2256,14536665.4768
600113.SH,20260415,0.8977,1.27,133.2552,7.5196,24.8185,,1919723.2163,1875303.2273
002386.SZ,20260415,3.5036,0.92,91.4894,1.0604,0.7108,,803116.244,802966.5993
300720.SZ,20260415,5.6506,0.58,288.2079,19.0542,49.7642,0.262,1115672.2906,999882.6485
600006.SH,20260415,0.3587,0.6,51.8462,1.5201,1.2759,0.0786,1272000.0,1272000.0
603520.SH,20260415,6.9825,1.25,,1.8815,2.0465,1.3441,489265.4272,489265.4272
300703.SZ,20260415,2.2093,0.77,28.1953,3.8647,1.6727,0.7504,360603.2882,339153.5044
002983.SZ,20260415,1.4969,0.6,38.5988,3.9679,4.6148,1.6797,531646.0525,304630.4203
002668.SZ,20260415,0.6181,0.66,8.8687,2.8111,0.5376,,996298.4023,996298.4023
920694.BJ,20260415,1.0443,1.18,25.9364,2.6289,3.2853,1.3149,233136.1601,110295.6284
600960.SH,20260415,1.2609,0.75,,1.3247,1.4888,,489515.4918,489515.4918
601099.SH,20260415,1.1692,0.6,78.837,2.6113,17.4148,,2597016.537,2597016.537
600526.SH,20260415,0.9255,0.88,16.6134,1.0613,1.0152,1.8748,474567.3166,466185.8128
300938.SZ,20260415,5.6162,0.9,56.4866,5.9517,13.7994,0.5821,1109125.8651,962681.4308
002968.SZ,20260415,1.1572,0.92,24.0413,2.1574,0.8625,2.8294,265876.395,250458.4857
300793.SZ,20260415,1.1308,0.97,,1.8071,2.5026,0.8361,540374.7875,528363.7175
002378.SZ,20260415,5.1347,1.29,124.7483,15.4977,6.9613,0.2389,3621072.8453,3602095.8062
600488.SH,20260415,22.3897,1.08,458.3279,2.4705,2.5981,1.4327,746850.4891,746850.4891
001268.SZ,20260415,1.5626,1.02,38.0641,2.9951,3.8077,1.5647,307502.0686,179297.0686
601198.SH,20260415,0.5475,0.78,19.7936,1.3757,8.8311,1.2898,4160157.3842,4160157.3842
600276.SH,20260415,1.6139,1.62,49.6904,6.2535,12.1142,0.346,38316554.8726,36825980.1278
605333.SH,20260415,0.3701,0.83,18.5196,3.5609,1.4796,0.826,1216249.9041,1216249.9041
002035.SZ,20260415,2.4503,0.41,12.4626,1.431,0.914,6.1086,544193.6228,502068.1822
605081.SH,20260415,1.0464,0.36,,0.8746,8.6943,,78027.2326,78027.2326
301317.SZ,20260415,12.8304,0.93,25.3196,7.4551,11.8011,0.913,1002872.2,333015.1565
301306.SZ,20260415,21.044,1.46,,16.1374,48.9771,,1477084.4,1020308.3
688348.SH,20260415,1.6843,0.89,,2.3999,7.1352,0.7511,822956.9727,822956.9727
002114.SZ,20260415,2.104,0.95,,3.2941,2.2389,,278443.3249,278439.4986
688590.SH,20260415,2.7994,0.54,,2.4405,1.8686,0.2303,395531.6435,395531.6435
002301.SZ,20260415,0.9975,0.82,109.3418,1.5801,0.4551,2.0404,488325.4706,486079.381
603639.SH,20260415,0.7616,0.56,23.9523,1.3116,1.1343,3.6684,463283.9127,450338.7952
600130.SH,20260415,2.0198,0.73,655.6273,3.5794,7.318,,344250.0,344250.0
605377.SH,20260415,0.6065,0.42,20.0515,1.3931,1.6004,6.2955,534960.1275,534960.1275
300094.SZ,20260415,2.1693,0.86,,3.4302,1.1855,,353116.3502,346026.9459
300862.SZ,20260415,2.8442,0.9,,2.0926,7.7763,0.0665,416497.9869,341718.5918
000692.SZ,20260415,2.39,0.73,,,1.0765,,225388.3488,225388.3488
300605.SZ,20260415,2.5,0.75,,4.7799,6.1077,,231861.5372,177440.8475
300033.SZ,20260415,3.041,0.84,54.9472,26.0906,29.2106,1.5874,17611023.36,10258376.9767
301223.SZ,20260415,1.0067,0.71,23.1498,1.2908,1.2304,1.7531,383165.079,222237.879
000655.SZ,20260415,4.7114,4.34,19.5859,1.409,2.9346,2.512,497704.4323,497704.4323
605009.SH,20260415,0.3922,0.93,20.5473,1.7989,1.6888,2.1341,609066.7987,608987.5027
688458.SH,20260415,2.316,1.34,,2.1694,7.1327,,395955.033,301993.3206
603271.SH,20260415,3.768,1.4,23.0936,3.28,0.9947,1.0359,959010.0,461057.9805
600674.SH,20260415,0.4725,1.02,16.569,1.6078,42.9201,2.7322,7136424.3962,7136424.3962
603198.SH,20260415,0.351,0.91,13.683,2.8212,4.5154,4.1876,2865600.0,2865600.0
002603.SZ,20260415,1.4129,1.51,,2.7658,4.6914,1.7762,2821821.3801,2325494.1422
002351.SZ,20260415,0.8131,0.72,23.4348,3.3875,3.611,2.2007,1010025.552,591920.4964
300816.SZ,20260415,3.4391,0.65,72.9316,5.8278,5.2522,0.1148,528000.0,374012.5686
001266.SZ,20260415,2.0454,0.7,85.3533,3.601,4.424,0.9016,342021.9591,191784.7894
002190.SZ,20260415,1.3964,0.76,,2.9428,4.916,,1134660.9119,1134660.9119
002728.SZ,20260415,8.3715,1.2,69.7012,3.1253,6.1573,0.4382,569260.5815,368106.5018
300963.SZ,20260415,2.8837,1.34,102.4984,7.1063,8.1971,,784274.4,594166.1418
002444.SZ,20260415,0.8481,0.73,14.5893,1.9774,2.476,0.8112,3681381.7569,3535155.0218
603648.SH,20260415,0.5053,0.89,28.9766,1.9173,2.3222,3.0457,356976.608,356976.608
601825.SH,20260415,0.1671,0.99,7.2507,0.7123,3.4512,4.6667,8969333.3339,8718230.5048
301232.SZ,20260415,26.1456,1.41,429.8536,11.5285,6.3265,,1624408.6434,965348.9312
000753.SZ,20260415,2.2962,0.54,118.0213,2.4247,2.1518,0.299,663300.8365,663300.8365
603569.SH,20260415,0.4469,0.7,61.719,1.4673,0.8502,5.2632,412798.9597,412798.9597
002291.SZ,20260415,2.4392,0.85,,1.9777,1.7663,,596613.1652,554501.9223
300721.SZ,20260415,2.701,0.87,,2.0403,1.4881,0.2147,230290.8944,193277.2816
002167.SZ,20260415,2.8389,0.98,38.1551,5.5964,7.9273,,979961.7245,958113.4832
920641.BJ,20260415,2.8568,0.9,154.238,3.9344,2.64,0.5491,136711.575,82712.7809
001368.SZ,20260415,4.2582,1.62,31.7951,2.2565,2.958,2.7349,312368.5743,296931.2557
300169.SZ,20260415,2.094,0.91,,,4.0877,,189722.8859,175610.2251
603721.SH,20260415,1.6022,0.97,,6.1443,10.3017,,282620.0,282620.0
300171.SZ,20260415,1.0086,0.86,65.8994,1.4513,2.1812,0.7077,1139552.1235,837234.1442
301203.SZ,20260415,1.7718,0.84,25.4572,2.41,10.5875,3.6576,328080.0,179798.0925
301087.SZ,20260415,2.6999,1.83,32.5143,2.6148,3.5668,3.0452,1208260.248,1122045.5057
300959.SZ,20260415,7.4583,1.31,309.5336,5.9106,9.1866,0.397,663034.35,431930.5568
688661.SH,20260415,3.4012,0.98,443.3998,10.759,15.2263,0.0708,1320968.4227,1320968.4227
600166.SH,20260415,4.5518,0.81,35.269,1.7471,0.4677,,2683998.7244,2683998.7244
600004.SH,20260415,0.2484,0.66,17.0012,1.1147,2.943,1.6145,2301479.426,2113479.4267
300901.SZ,20260415,3.1603,3.96,,3.7346,10.834,,361680.0,361680.0
600590.SH,20260415,8.9784,1.07,200.3369,3.7921,2.6823,,1212780.7845,1199555.8617
601083.SH,20260415,4.4042,0.56,11.1271,1.7719,2.3813,3.7829,1669414.8,250414.8
920370.BJ,20260415,0.4375,0.53,,1.7723,2.6046,,102997.1866,89678.8719
688766.SH,20260415,3.4618,0.82,189.377,16.2552,16.9413,0.1152,3929963.4126,3929963.4126
000099.SZ,20260415,1.4379,1.02,44.3342,2.4911,6.1218,1.0658,1368458.5217,1368458.5217
300014.SZ,20260415,3.3973,0.85,36.1713,3.3486,2.4328,1.0157,14954321.7942,14526695.052
301335.SZ,20260415,8.6375,4.06,70.3886,1.7547,1.1026,0.7281,336546.2256,134228.0734
920108.BJ,20260415,0.7901,0.84,111.6851,3.8092,3.5692,0.7044,186837.0,79169.9003
688652.SH,20260415,2.9607,0.99,120.9642,8.1279,12.546,0.1174,1789368.0,1286108.25
688671.SH,20260415,1.6122,0.71,,1.6244,5.0625,,165125.2467,98519.4976
603186.SH,20260415,7.1627,0.73,41.278,5.0788,2.6142,,1142218.9236,1142218.9236
688767.SH,20260415,0.9946,0.84,109.9999,2.1729,11.4805,2.0722,514752.0023,514752.0023
688522.SH,20260415,3.6212,1.24,95.673,4.4919,22.554,0.3541,1037759.9506,421607.2456
300660.SZ,20260415,1.1563,1.03,60.671,5.5692,4.7681,0.8763,1931629.8874,1930083.4094
301269.SZ,20260415,0.8385,1.01,775.0577,8.9487,36.2254,0.1751,4649855.6082,4649855.6082
301256.SZ,20260415,1.3738,0.6,87.2551,3.627,3.7138,1.2261,626400.0,626400.0
920566.BJ,20260415,1.5644,0.67,18.4021,1.8521,3.6443,1.8815,154627.5729,119424.3943
301085.SZ,20260415,6.2021,0.75,,5.2115,5.0962,0.1848,559182.4497,379627.2654
688261.SH,20260415,2.9621,0.94,203.91,3.0423,7.1714,0.0538,898351.9918,894845.9008
920779.BJ,20260415,5.9059,0.59,43.986,5.6286,16.4535,3.0844,276257.784,69114.5469
688508.SH,20260415,2.9949,0.87,44.933,3.0711,7.3255,0.6167,837103.4558,837103.4558
002903.SZ,20260415,11.858,1.01,1593.894,5.9936,9.9621,0.2562,486547.29,331126.9776
300952.SZ,20260415,3.7888,1.18,61.2334,3.7758,5.0044,0.5821,639606.64,388346.3811
000948.SZ,20260415,0.8305,0.84,122.5599,2.2271,0.5577,0.5923,598089.3793,596922.7984
603889.SH,20260415,3.4194,0.93,13.3374,1.7308,1.2675,3.4223,640348.0775,635580.3547
002438.SZ,20260415,1.6891,0.77,29.395,2.2549,3.9401,1.0587,838959.423,775059.7426
301155.SZ,20260415,3.2206,0.86,44.1972,2.505,3.6341,0.1358,1440653.3247,817435.1219
300786.SZ,20260415,2.5243,0.61,,2.4332,5.0604,,270135.3104,214823.0375
601112.SH,20260415,5.9441,0.66,47.2349,5.3774,4.8134,,3466809.8031,353081.8128
301166.SZ,20260415,2.3103,0.99,,1.3131,2.4957,0.7412,266066.6708,174740.3108
920128.BJ,20260415,0.8482,0.78,101.6468,3.8736,3.6202,1.624,199970.97,94172.805
920970.BJ,20260415,15.972,1.91,,3.3167,5.2367,,87754.2336,55496.4696
601997.SH,20260415,0.7114,1.07,4.1512,0.3357,1.5791,5.0,2120594.8841,2120594.8841
002749.SZ,20260415,0.2484,0.74,16.3038,3.4233,2.9508,7.6337,611862.4176,595190.154
001330.SZ,20260415,5.2014,0.85,,2.3789,6.7612,,996526.2634,996526.2634
603035.SH,20260415,0.7975,0.97,13.462,0.9837,0.7913,2.4439,522410.9361,522410.9361
600649.SH,20260415,1.0717,0.87,37.5721,0.5167,0.7519,0.9217,1086953.3333,1086953.3333
002571.SZ,20260415,1.8559,0.95,,4.8569,2.7725,,474260.347,360950.4875
600184.SH,20260415,5.7658,0.56,,3.4894,7.088,,1182354.0326,1182354.0326
300212.SZ,20260415,5.0315,0.9,,21.2046,12.8739,,576633.83,559507.8909
000078.SZ,20260415,17.9011,1.59,,5.8042,0.3878,,1057711.5493,1055829.3375
603970.SH,20260415,0.4651,0.74,18.8976,2.1906,0.3075,3.5658,339225.7691,339225.7691
300882.SZ,20260415,1.6836,0.73,37.4225,5.003,5.4833,0.2182,655686.9217,610155.2257
300128.SZ,20260415,1.9451,1.13,,11.7485,3.6236,,776871.0164,776034.7881
300491.SZ,20260415,3.9741,0.66,111.4329,3.7117,2.8734,0.2656,447439.5105,397305.4577
002677.SZ,20260415,0.9076,0.79,227.6155,3.3521,8.8343,3.9164,494875.5616,409710.9708
688702.SH,20260415,2.7968,0.78,,40.6942,78.9367,,9081910.0,4496470.9852
603717.SH,20260415,5.508,2.4,,3.9455,2.8663,,204262.953,204262.953
001202.SZ,20260415,0.8793,0.73,38.5919,3.3763,1.7334,,282374.7403,197899.7798
603351.SH,20260415,0.9997,1.37,23.6668,1.9857,2.657,1.551,349297.5214,349297.5214
600051.SH,20260415,3.6557,1.37,26.5982,0.6575,1.7708,1.662,224455.36,224455.36
002988.SZ,20260415,2.5352,0.62,47.508,3.2043,1.1578,0.4584,858716.9199,858716.9199
600636.SH,20260415,1.6808,2.61,,1.4387,8.359,0.7407,296079.8414,296079.8414
605089.SH,20260415,0.9894,0.76,47.3415,2.8054,4.9722,1.429,344172.0,344172.0
000530.SZ,20260415,1.9472,0.79,47.2278,1.5739,1.1307,0.8418,500868.2292,356424.629
300950.SZ,20260415,1.7152,0.92,46.1983,4.0993,6.9608,0.9201,327106.316,194387.4502
002674.SZ,20260415,0.7454,0.8,54.9223,1.6372,1.3319,1.1278,393082.7555,389109.6572
300777.SZ,20260415,5.3355,2.22,50.8125,3.5078,18.896,0.6035,1598776.6045,1535796.5904
301519.SZ,20260415,2.2514,0.68,,1.5962,3.5203,0.7047,225815.102,105440.8507
301060.SZ,20260415,1.618,1.12,,2.5233,2.6119,2.002,398113.898,358023.4497
688432.SH,20260415,0.7537,0.89,86.3284,3.9964,17.9726,0.4132,1806686.1848,1806686.1848
920181.BJ,20260415,46.3283,,32.852,3.9156,4.8224,,289353.6,67113.96
000990.SZ,20260415,6.53,0.88,182.0867,0.7178,1.1855,0.4717,1288151.7871,1288150.8331
301198.SZ,20260415,1.0678,0.61,,2.5796,5.3065,,235755.0,216998.3322
920718.BJ,20260415,0.6388,0.82,29.8786,2.0092,1.0188,1.5564,116506.7095,55396.5325
600676.SH,20260415,0.8243,0.83,,1.6097,1.7889,,777540.6657,777540.6657
300686.SZ,20260415,8.7745,0.48,,5.207,3.045,,490234.1578,319626.822
300614.SZ,20260415,1.44,0.68,,1.9608,5.0522,,207449.7979,207449.7979
001696.SZ,20260415,2.866,1.02,26.4448,3.9929,1.7291,1.046,2189291.471,1704353.4062
000712.SZ,20260415,1.0102,0.54,59.1494,3.7056,11.5315,,939904.0,939625.0971
000679.SZ,20260415,1.1382,0.54,,12.0605,4.7031,,238075.2,238075.2
603290.SH,20260415,2.029,1.23,59.3516,3.4661,5.9928,0.6334,2404553.0721,2404553.0721
603207.SH,20260415,2.795,1.59,21.0916,4.7649,8.924,7.8444,450296.0,152320.0
603039.SH,20260415,2.6934,0.81,38.5403,4.9068,4.8653,0.3479,1112628.2447,1112628.2447
601929.SH,20260415,1.8053,0.67,,2.057,5.085,,1029487.5096,1029487.5096
002101.SZ,20260415,3.8362,3.03,19.219,0.8737,0.7569,2.9866,696266.2985,693998.3846
688633.SH,20260415,1.1021,1.38,22.0833,2.287,4.5565,1.3646,367475.734,367475.734
300269.SZ,20260415,4.0455,0.75,126.8726,37.1449,6.9125,,399205.7508,382169.0714
301588.SZ,20260415,12.9206,2.9,57.6623,2.8029,3.0432,0.6349,262103.3976,161756.9985
601828.SH,20260415,0.7598,1.64,,0.4737,1.621,,1066909.5049,885294.5246
001228.SZ,20260415,2.2293,0.74,37.5045,2.0714,0.7094,1.712,348050.3048,267626.3048
600507.SH,20260415,0.6562,0.63,13.502,1.253,0.6978,0.587,1272253.3395,1272253.3395
601187.SH,20260415,0.5493,0.92,7.6649,0.7353,3.4476,3.9216,2018932.8343,2014535.7704
301172.SZ,20260415,8.5176,0.72,153.5461,3.4587,12.0271,0.2432,506573.76,290075.977
600469.SH,20260415,5.5412,2.76,27.7768,1.3759,0.8621,0.4591,635484.8558,520827.9219
603708.SH,20260415,0.7066,1.01,48.6189,3.2224,0.4107,2.0423,727706.0895,727706.0895
600552.SH,20260415,6.9207,1.13,98.8887,2.9931,2.164,0.3712,1272385.4862,1272385.4862
603139.SH,20260415,11.6518,3.45,,4.076,5.7566,,295445.04,295445.04
301222.SZ,20260415,3.5343,0.57,35.3147,2.5555,5.5373,0.8212,366182.5648,291588.4875
600930.SH,20260415,3.4527,0.81,34.6327,2.3059,6.453,0.4975,25153714.2855,1947577.605
300891.SZ,20260415,1.5919,0.91,,2.5894,1.8686,0.121,328406.7765,273782.301
601616.SH,20260415,4.8412,1.66,215.2192,1.6908,4.6633,1.4523,411471.5038,411471.5038
003039.SZ,20260415,0.4687,0.98,33.2926,3.2243,4.2261,1.4295,907135.0144,907135.0144
002553.SZ,20260415,5.838,1.05,25.9325,5.7043,10.4929,0.3883,896246.8445,636028.8
920284.BJ,20260415,3.0195,0.79,,10.0331,13.2756,,312261.2221,201931.6987
603286.SH,20260415,2.2774,0.93,,8.8901,6.9183,0.0485,720458.8285,708300.8178
600764.SH,20260415,0.4624,0.78,73.7738,2.094,5.3315,0.5331,1719723.1141,1719723.1141
300632.SZ,20260415,14.5326,0.79,222.5057,3.074,7.0395,0.514,549632.0976,398400.215
002093.SZ,20260415,0.8008,0.89,44.9623,2.5359,17.1951,1.2231,973245.0,973245.0
300198.SZ,20260415,1.3371,1.04,,146.0662,32.0608,,270265.7175,268868.7259
300183.SZ,20260415,1.4692,0.64,645.1445,2.1691,6.427,0.6845,675871.9492,542073.3865
600629.SH,20260415,1.8223,0.59,283.1335,3.8511,2.907,0.5837,2028007.7973,1992014.6345
600343.SH,20260415,13.8145,1.87,,17.2161,27.0657,,2229254.7736,2229254.7736
920436.BJ,20260415,0.5,0.74,,3.365,0.7539,,129432.12,121749.3669
001296.SZ,20260415,3.9077,1.88,26.771,2.1759,3.2628,1.5469,380858.905,195663.5091
301052.SZ,20260415,3.5201,0.81,,4.6873,5.0807,0.161,325675.1846,263924.7694
002294.SZ,20260415,1.8409,1.92,111.5046,8.5487,17.6353,0.7433,7499370.8309,7497683.7061
000014.SZ,20260415,2.9308,0.91,,2.154,10.2316,,317322.5997,317322.5997
002055.SZ,20260415,2.2171,0.66,,2.5812,0.807,,368738.9104,362333.9104
603586.SH,20260415,0.9323,0.94,26.1941,1.5514,2.0204,2.7442,357208.1652,357208.1652
002054.SZ,20260415,8.5515,2.99,34.5931,1.5968,1.3637,0.8085,408833.9033,325642.4541
600136.SH,20260415,1.4227,0.9,,15.7031,5.3837,,373471.1454,355585.3774
002987.SZ,20260415,0.9535,0.66,43.6463,4.9378,2.9883,1.0773,1438248.932,1398601.4649
603602.SH,20260415,1.14,0.86,106.4394,2.7869,1.8346,0.5175,300836.8572,300836.8572
001359.SZ,20260415,4.6553,1.07,57.5504,7.4195,12.5509,0.4556,1465660.5067,366448.38
688148.SH,20260415,4.6479,1.28,,14.3036,2.056,,468338.8627,468338.8627
001207.SZ,20260415,1.5162,0.55,20.4343,2.6636,2.5374,2.884,598090.7689,577343.3875
002106.SZ,20260415,1.2102,0.92,30.4955,1.3384,1.2484,0.9443,747459.3134,746491.7115
300895.SZ,20260415,7.3715,0.74,,10.8211,32.0985,,846775.1512,830967.9356
600998.SH,20260415,0.9283,1.12,9.7713,1.0284,0.1727,3.6625,2722933.9264,2722933.9264
600158.SH,20260415,6.4106,0.68,582.2188,4.1584,4.8935,0.175,1080411.7134,1080411.7134
300155.SZ,20260415,1.6868,0.76,,2.1265,16.2972,,260409.6732,153457.2241
002226.SZ,20260415,0.7605,0.69,18.4796,1.4518,1.54,1.1566,1488694.6445,1488664.5848
301005.SZ,20260415,11.5425,1.52,1656.2604,29.1842,28.6053,0.0296,2244575.5819,2212971.4567
002566.SZ,20260415,3.2606,0.99,65.0427,1.1787,4.1064,1.261,262444.6188,183809.8411
301111.SZ,20260415,5.8215,0.87,,4.2063,11.3083,0.2542,314720.0,314720.0
000906.SZ,20260415,0.5255,0.63,20.5461,0.8505,0.018,3.5033,404508.012,399706.6655
600979.SH,20260415,2.5491,0.79,37.8054,1.1958,1.8194,1.2955,555129.0774,542194.3076
002787.SZ,20260415,11.1143,0.99,49.2679,3.0236,2.4189,0.5946,559074.5671,418434.6702
000768.SZ,20260415,0.9392,1.07,59.5974,3.0894,1.6729,0.4864,6861094.7582,6849947.9961
688586.SH,20260415,1.277,1.42,207.2772,4.607,12.0345,0.6246,1140319.7238,1140319.7238
600436.SH,20260415,0.2872,0.97,37.1465,6.2107,9.1905,2.1614,8988219.7946,8988219.7946
601788.SH,20260415,0.3043,0.58,19.2767,1.1771,6.6155,1.4008,7178996.3539,6082730.0923
688795.SH,20260415,17.8174,2.32,,25.7163,195.3324,,29407785.4248,1838338.3625
300509.SZ,20260415,1.8108,0.71,35.8356,5.6588,2.9259,1.2723,349455.6,291335.0536
000543.SZ,20260415,1.1185,0.84,7.7307,1.0741,0.6292,3.9189,1845226.7514,1845226.7514
603089.SH,20260415,0.8122,0.84,22.2321,1.7942,1.2732,0.6514,348233.3888,303162.0175
601860.SH,20260415,0.7046,0.74,6.6709,0.4945,2.3034,3.7175,984810.5064,955377.5174
600131.SH,20260415,1.3038,1.06,32.3001,3.5514,2.0612,1.2113,2190593.0204,2186114.6124
920263.BJ,20260415,1.0088,1.1,86.4612,2.8384,5.1882,,164830.4596,119726.8911
002799.SZ,20260415,1.6679,1.24,,2.0281,2.8372,,257632.2,257628.819
603390.SH,20260415,0.6575,0.63,65.4359,2.5832,4.4888,0.7582,417410.905,416060.0622
688612.SH,20260415,2.3488,1.05,23.7986,3.6565,2.0907,1.1333,1325891.954,798823.9719
002628.SZ,20260415,4.2431,1.46,,1.3002,4.5693,,372493.4042,370862.1226
301584.SZ,20260415,18.7784,2.53,40.8149,5.8877,0.6338,,1223000.5416,155932.5694
301132.SZ,20260415,9.4678,1.42,45.1313,3.4015,3.9108,1.0046,617667.7446,395137.3534
301314.SZ,20260415,6.3275,1.5,180.2182,2.5697,15.5307,0.4108,268957.0,88876.8382
688662.SH,20260415,9.0335,1.4,144.416,7.8842,10.7694,0.536,576030.72,576030.72
002576.SZ,20260415,2.7442,0.86,37.5578,2.333,1.7574,0.4268,309397.4,303639.6681
600665.SH,20260415,1.2497,1.01,,1.0281,0.2476,,273062.7166,273062.7166
300629.SZ,20260415,6.2864,1.22,321.1125,3.5436,17.3915,0.4148,602913.3708,519968.0207
920690.BJ,20260415,1.6017,0.78,22.0795,2.6873,4.1576,1.632,162501.3,105635.8451
600568.SH,20260415,0.7622,0.56,,3.4137,10.2679,,585903.6862,490705.78
002601.SZ,20260415,0.9131,0.97,32.8551,1.8102,1.6116,3.386,4203429.3227,3504143.7117
300382.SZ,20260415,1.1937,0.91,,3.3477,3.7368,,770299.1929,770225.8077
600774.SH,20260415,1.1,0.74,,1.5601,2.5161,,260513.611,260379.1963
301362.SZ,20260415,12.0867,0.6,82.0914,6.3791,9.6901,1.2301,1589623.29,450598.29
600318.SH,20260415,2.2261,0.81,110.2264,3.6106,11.158,0.2608,393262.0937,393262.0937
603318.SH,20260415,5.393,1.06,,2.1947,1.6633,0.7444,419332.9528,347057.6185
300110.SZ,20260415,6.5819,1.7,,2.9482,3.1819,,399587.9879,399126.4912
301129.SZ,20260415,2.6552,1.01,50.9147,2.0943,7.5472,0.9405,352925.5478,172135.6525
002171.SZ,20260415,1.8801,1.09,32.6412,2.1404,0.315,,1856640.9256,1846120.2417
002775.SZ,20260415,2.0756,1.02,,6.771,3.9893,,240512.2962,216129.0282
001227.SZ,20260415,0.8533,0.81,6.7238,0.4232,1.6517,4.5089,1275836.1656,944720.0069
301508.SZ,20260415,1.9641,0.91,43.7962,3.2529,7.5465,0.7184,664012.2324,172802.5068
000750.SZ,20260415,0.5089,0.54,32.0461,1.0928,7.1353,1.0881,2465063.3481,2237334.7351
300190.SZ,20260415,2.2694,0.75,,1.1654,2.407,,394405.0448,392804.5231
301458.SZ,20260415,3.7083,1.06,71.8387,5.5855,12.3662,0.5716,923733.4488,406957.603
600678.SH,20260415,2.7256,1.21,193.0637,13.0338,6.7376,,367486.47,367486.47
300973.SZ,20260415,1.5205,0.93,17.8652,2.3073,1.3106,2.088,558654.4118,391144.7771
600299.SH,20260415,1.251,1.05,37.2924,2.1848,2.4988,1.1123,4305531.4013,3749297.9797
688408.SH,20260415,2.6338,1.12,,2.1261,1.2734,2.4871,872539.4239,872539.4239
300596.SZ,20260415,1.7119,1.27,19.747,2.0901,1.6799,0.8527,996319.7351,967791.3481
920092.BJ,20260415,3.0973,0.92,,5.3161,17.7472,0.1636,187791.0925,99683.9957
920185.BJ,20260415,0.6633,1.05,37.6023,2.6759,1.9912,1.3225,3381563.6725,3320527.5227
688529.SH,20260415,0.8021,1.15,,2.6502,2.0475,,300866.7799,300866.7799
688616.SH,20260415,1.1929,0.97,23.0843,2.6937,4.1044,2.2066,239649.362,239649.362
603289.SH,20260415,2.8481,0.88,33.3514,2.3949,3.0235,1.2615,348841.1701,348841.1701
000029.SZ,20260415,0.3211,0.64,199.6884,5.5255,13.4604,,1996005.18,1759245.18
002016.SZ,20260415,1.5226,1.26,34.4093,0.966,3.262,0.1709,473320.9447,473320.9447
300760.SZ,20260415,0.5519,0.76,23.8889,5.1021,5.8396,2.8883,19435435.5458,19418730.5065
301603.SZ,20260415,7.7411,1.43,26.5262,3.9301,3.647,0.2655,909805.84,284276.655
301216.SZ,20260415,2.9098,0.81,,2.812,1.0317,0.4495,1704040.4687,1610448.9018
601899.SH,20260415,1.4522,1.12,17.9283,5.0465,2.6592,1.4288,92828184.7454,71920859.8517
002887.SZ,20260415,0.9612,0.4,29.0521,1.5043,7.0445,2.2202,344542.0838,244602.2648
002392.SZ,20260415,1.0283,0.73,21.2283,1.461,1.2212,0.4518,851200.9499,817875.1888
300573.SZ,20260415,2.1528,1.04,25.9584,8.9391,6.9666,2.0686,1677445.7903,1290139.811
002713.SZ,20260415,7.5199,1.46,,,20.1536,,1422350.7501,787118.7423
000963.SZ,20260415,0.8988,1.36,16.9175,2.5929,1.4517,2.6077,6255579.3368,6252997.7206
600715.SH,20260415,0.7396,0.85,,7.1935,23.404,,807910.8465,569612.076
300650.SZ,20260415,6.3893,1.12,69.9903,2.6476,1.4225,0.2856,382140.4298,269656.6748
301370.SZ,20260415,1.2916,1.38,51.1541,2.0053,0.6961,0.7804,502600.8,345763.4631
688173.SH,20260415,1.2595,0.9,,4.0166,6.265,,588584.5807,584605.3195
002511.SZ,20260415,1.6236,1.29,33.5113,1.9553,1.2161,0.759,1067693.5848,1049962.9546
300061.SZ,20260415,1.3291,0.68,,10.0619,11.3779,,527194.9416,497735.764
603367.SH,20260415,3.8524,1.21,17.6373,1.2,2.1568,2.4863,742969.5257,742969.5257
002966.SZ,20260415,1.3676,2.67,7.182,0.783,3.1049,4.7564,3853710.6535,3789542.5227
000758.SZ,20260415,1.7776,1.04,24.4012,2.2377,1.4979,0.6874,1333594.7531,1324032.1044
920106.BJ,20260415,1.2146,0.98,25.6482,6.2592,8.6179,0.6607,362141.8065,279347.5643
920225.BJ,20260415,5.808,1.42,41.8258,4.7594,7.5447,0.7291,348138.5262,227071.4484
688379.SH,20260415,2.2025,0.99,24.5538,3.5778,1.8408,0.7946,470428.8126,446193.5806
000507.SZ,20260415,1.3321,0.81,16.2487,0.8956,1.1308,1.2008,490218.699,480954.9245
000757.SZ,20260415,2.0328,0.96,52.7447,1.5458,0.7818,,246114.8359,246114.8359
000876.SZ,20260415,1.2698,1.4,37.1365,1.6535,0.3772,0.2707,4011972.7362,4009503.2281
002955.SZ,20260415,1.4506,1.12,114.7874,1.8287,1.8348,,594202.819,491269.2454
301097.SZ,20260415,2.2853,1.19,258.5372,2.8457,6.8044,0.8552,336294.7344,165110.5044
601838.SH,20260415,0.2916,0.65,5.5365,0.869,3.1363,5.1236,7370639.0841,7370639.0841
002456.SZ,20260415,2.4082,0.8,754.9967,7.8468,1.4191,,3143369.6184,3101422.5227
000802.SZ,20260415,1.0677,0.93,,3.5363,5.8967,,275621.5982,275454.1232
301225.SZ,20260415,7.2403,1.0,85.3938,7.7241,12.0605,0.3598,1184734.8,342447.72
301170.SZ,20260415,2.9548,0.84,25.6987,1.6344,2.6087,1.0391,288700.0,96932.252
002207.SZ,20260415,8.2137,0.44,,56.5901,6.1333,,200472.3642,199521.1035
600784.SH,20260415,1.7483,1.65,23.3096,1.4912,1.481,0.9167,486469.6394,486469.6394
601996.SH,20260415,2.8722,0.74,,1.1433,1.6712,,283591.3472,283591.3472
001212.SZ,20260415,2.4236,0.79,,5.0791,21.4696,0.1307,972242.6609,841080.1267
688296.SH,20260415,1.057,0.7,,2.4446,4.7834,,146742.1776,146054.6976
002673.SZ,20260415,0.3849,0.55,18.7077,1.0885,5.4818,1.3605,3280672.9715,3280672.9715
603926.SH,20260415,2.0253,0.98,40.7466,2.3997,1.7197,1.4747,414509.535,407660.987
002448.SZ,20260415,3.2434,0.77,29.8913,2.3801,2.3898,0.8621,887321.7462,686950.4128
300347.SZ,20260415,2.7943,1.25,57.2634,2.4258,7.4411,0.504,5084358.8253,3343494.8864
600370.SH,20260415,1.4304,0.5,,1.8408,0.4468,,976430.394,976430.394
603690.SH,20260415,2.019,0.95,,1.9403,2.9205,0.1954,973112.1593,973112.1593
600783.SH,20260415,1.7342,0.87,89.1931,3.2504,183.3753,0.3385,1539335.02,1539335.02
920706.BJ,20260415,5.4488,0.73,47.8301,3.8823,6.1383,0.8019,230458.681,118893.6438
600511.SH,20260415,1.3828,1.52,11.0345,1.188,0.4199,2.7397,2203148.7542,1615771.5581
920066.BJ,20260415,1.4304,0.79,47.214,3.3247,2.9409,0.3361,133563.3178,42230.8178
002660.SZ,20260415,0.9487,0.72,,2.9607,2.4799,1.1737,303845.3682,292224.6769
600288.SH,20260415,1.0614,1.01,151.4851,3.4331,3.4158,,653452.8,653452.8
603122.SH,20260415,18.7417,1.17,,6.739,10.8613,0.7259,712912.2657,712912.2657
600079.SH,20260415,0.815,1.3,16.5305,1.6216,1.2799,1.703,3066952.5882,2899632.9088
920556.BJ,20260415,1.5099,0.99,54.4505,2.8601,4.5809,1.065,150829.712,109861.3443
300996.SZ,20260415,7.9895,1.84,67.274,3.7787,6.033,0.6047,497685.8445,416309.2454
301202.SZ,20260415,4.6218,0.94,60.0947,4.7871,4.2494,1.4866,550510.4,150058.48
300384.SZ,20260415,1.263,0.86,18.5815,1.7483,5.8092,1.4521,483296.0065,333652.4935
603776.SH,20260415,0.895,1.12,,1.4878,13.2327,1.1269,530356.7205,530356.7205
603538.SH,20260415,32.3465,1.03,123.0084,5.4457,7.9432,0.0898,1223707.5564,1200096.3024
002302.SZ,20260415,0.7307,0.81,,0.8876,0.3911,2.2282,708180.7645,708180.7645
688739.SH,20260415,0.4347,1.29,75.1093,1.1043,7.4346,3.1859,1033628.9,1033628.9
688523.SH,20260415,16.5647,2.26,653.1349,16.7416,62.341,,2803810.08,665091.3219
600201.SH,20260415,1.6588,0.65,165.0678,3.0411,12.5328,0.1987,1663174.7477,1663174.7477
002399.SZ,20260415,0.3541,0.86,48.0302,1.3952,3.0637,2.1853,1678586.8574,1426798.7494
000630.SZ,20260415,2.8861,1.18,45.467,2.3716,0.5218,2.3156,8407738.6368,6986668.1792
002899.SZ,20260415,1.6981,0.46,63.4328,2.6427,3.9227,0.2388,460239.7833,460239.7833
002780.SZ,20260415,3.3941,1.19,,3.2509,2.7827,,246388.9524,194671.1209
000999.SZ,20260415,1.3443,1.65,13.6455,2.1054,1.4771,2.4847,4668131.0917,4663856.6784
688160.SH,20260415,2.5038,1.2,134.8304,7.5416,13.5046,0.2579,977263.7044,977263.7044
600713.SH,20260415,10.2353,1.33,13.4066,1.167,0.1524,2.6557,837691.4867,825473.9021
002213.SZ,20260415,27.7989,1.33,,15.1991,6.7708,0.0602,827634.9462,719851.4377
603071.SH,20260415,0.5624,1.12,11.6146,1.3689,0.1877,5.1095,764397.5855,764397.5855
000531.SZ,20260415,1.8789,0.83,22.7906,1.022,1.6646,2.0953,689407.6818,602251.5131
920169.BJ,20260415,5.1441,1.52,79.0257,7.0788,11.396,0.3429,238360.2655,149869.4489
301578.SZ,20260415,2.5592,0.96,76.2524,2.942,3.1896,1.1392,273872.3992,77874.0339
300111.SZ,20260415,4.0876,1.35,811.0631,7.4877,16.9975,,514884.2856,514884.2856
300607.SZ,20260415,1.9489,0.86,166.7119,4.2928,4.9064,,1231542.7678,871423.3475
002011.SZ,20260415,0.7298,0.79,11.1191,2.019,0.9912,,1294985.9525,1276768.9637
601998.SH,20260415,0.0863,0.97,6.6347,0.6473,2.2051,4.2779,46853226.6263,34322445.3997
002413.SZ,20260415,11.649,1.41,,5.2879,12.0232,,1778471.2973,1746240.31
300145.SZ,20260415,5.0932,0.73,38.9352,3.3181,1.9137,,975482.9543,970700.9786
002690.SZ,20260415,0.6945,0.72,22.2423,5.4646,6.6455,3.8611,1599480.9957,786383.3382
002244.SZ,20260415,0.8138,1.0,9.5595,1.0638,0.3367,0.8071,3161226.9922,2728873.7548
300753.SZ,20260415,3.8108,0.88,,5.2163,9.3171,0.231,354699.072,247366.8115
605155.SH,20260415,0.7941,0.67,26.3461,2.1839,3.3346,1.6012,294216.4778,287342.233
300037.SZ,20260415,3.8995,0.74,43.1769,4.4935,4.9151,0.6292,4737792.037,3395041.6415
002403.SZ,20260415,0.6136,0.66,,2.2134,1.2822,0.1729,354604.7607,309345.0736
001217.SZ,20260415,1.0338,0.75,,1.7141,1.8166,0.8818,376340.58,372613.1469
000680.SZ,20260415,1.5801,0.79,14.6177,2.8676,1.2108,0.8011,1770168.2822,1551320.6937
605318.SH,20260415,2.2911,0.58,,18.4208,20.5217,0.3168,1190528.1661,1190528.1661
603231.SH,20260415,1.7566,0.71,19.245,1.7386,2.0668,2.0892,339074.075,188197.0541
300967.SZ,20260415,10.3666,1.85,15.7092,4.5311,2.7498,0.9999,371391.0156,247090.142
301328.SZ,20260415,2.8895,2.37,60.8302,3.1007,9.0877,0.9121,602436.6823,602429.2816
301027.SZ,20260415,5.1822,0.93,172.2562,3.5435,4.9582,,337512.0,271484.3116
300969.SZ,20260415,3.8014,0.97,78.5731,10.1917,15.0181,0.2272,1408464.5223,637396.4317
301039.SZ,20260415,0.638,0.65,19.0624,1.1699,0.8536,3.0468,1722320.342,1334780.8725
688055.SH,20260415,0.846,1.21,,3.5134,5.7362,,1433333.362,1433333.362
002119.SZ,20260415,9.0656,0.98,69.9526,5.9365,3.7043,0.1382,814741.564,814741.564
000652.SZ,20260415,0.7391,0.4,130.1749,1.0618,0.3244,0.7282,607936.427,607478.4919
300231.SZ,20260415,5.0415,0.77,,2.9302,2.7776,0.9328,476284.1221,476259.6644
688247.SH,20260415,0.7753,1.24,89.1003,3.3717,9.7674,0.6383,436113.08,436113.08
605488.SH,20260415,2.0859,1.05,76.5675,4.5964,3.5771,0.2919,1023678.2641,936617.4792
300412.SZ,20260415,2.7522,1.1,82.8684,2.5125,1.9095,1.1516,259331.2079,243755.9176
301622.SZ,20260415,3.3565,0.86,56.4084,4.7304,5.139,0.1875,741964.032,413820.1344
301196.SZ,20260415,8.4445,1.0,56.1812,4.6005,6.893,1.0099,1488727.1956,973703.9387
300026.SZ,20260415,3.4781,1.87,,1.2763,2.0081,0.8174,1102524.8252,1005039.9514
002973.SZ,20260415,0.7991,0.81,26.3612,2.0606,1.3869,0.7874,519005.439,403419.4091
688210.SH,20260415,2.1625,0.93,,6.0616,9.1317,0.3005,782425.5697,782425.5697
300932.SZ,20260415,4.8998,1.2,61.4346,2.529,1.9335,1.117,446224.9732,317823.3544
688807.SH,20260415,12.1309,0.67,262.1971,13.0847,47.5314,,2310640.0,434274.8522
300586.SZ,20260415,5.7626,1.15,,3.8834,4.3005,,715483.9449,537804.0468
688107.SH,20260415,2.6227,1.4,,12.7921,23.2109,,1206957.444,1206957.444
002767.SZ,20260415,1.8976,1.18,85.1278,3.7541,4.8727,0.2066,319500.0,277322.8497
603863.SH,20260415,3.6204,0.48,,10.6899,7.5485,,389244.3,389244.3
002139.SZ,20260415,0.9347,0.78,42.4209,2.2107,1.3928,0.5572,1543581.7151,1326009.2306
688297.SH,20260415,1.3945,1.02,375.6229,5.8106,11.032,,3327075.0,3327075.0
300503.SZ,20260415,7.1457,1.17,137.3576,12.6332,11.4604,0.0955,1698329.5854,1327772.7955
920060.BJ,20260415,3.1822,0.97,39.1467,4.8819,4.1378,1.5571,488215.4129,304480.7374
300817.SZ,20260415,9.6256,2.11,70.7876,4.4686,5.0128,1.3429,455151.8304,261169.7125
300955.SZ,20260415,2.0889,0.89,,4.3439,3.492,0.7403,381225.6,381225.6
002060.SZ,20260415,9.0005,4.35,13.7122,1.0549,0.2206,3.4568,1520529.263,632939.9373
002877.SZ,20260415,2.6894,0.87,527.4263,2.5939,2.8441,0.2262,314565.8264,212614.9524
301600.SZ,20260415,3.3888,1.25,62.4385,9.1407,11.4274,2.0659,1101886.737,340069.107
002250.SZ,20260415,1.3519,0.83,38.5602,2.2658,2.4687,0.1208,1490190.0474,1482079.8519
000503.SZ,20260415,0.7956,0.73,,5.946,22.8407,,747169.6361,747156.6651
002492.SZ,20260415,2.6207,0.91,,1.8904,9.0104,0.2656,303750.0,298376.0438
301086.SZ,20260415,7.0449,1.44,130.0096,6.7584,14.4766,0.5458,1319130.0,687713.8858
688411.SH,20260415,3.4541,0.86,43.898,8.7172,3.5901,0.4755,4166079.6174,3066840.7267
688095.SH,20260415,2.0475,0.87,242.8973,2.5483,6.2169,0.4026,668477.6371,668477.6371
300860.SZ,20260415,0.9681,0.73,156.7569,1.4591,11.2132,0.8898,444743.7063,258223.9052
301510.SZ,20260415,1.6495,1.0,185.955,8.663,24.632,0.1278,1220430.51,851714.9023
003019.SZ,20260415,3.1693,0.58,30.9981,3.5245,2.3883,1.4653,601929.5463,581815.36
601928.SH,20260415,0.2219,0.87,12.6371,1.2459,1.8714,6.1792,2471097.9,2471097.9
002269.SZ,20260415,2.2043,1.03,,21.9208,8.4992,,412050.0,412050.0
603887.SH,20260415,2.8064,0.82,,2.7654,3.9382,,987328.2504,976258.2504
300591.SZ,20260415,1.6956,0.76,,11.083,5.4292,,281537.6012,243208.7099
300057.SZ,20260415,19.9849,1.99,,1.3002,1.146,0.1311,678571.212,549124.6058
002769.SZ,20260415,1.6791,0.94,,3.3134,5.7249,,391983.9567,391660.7415
600609.SH,20260415,0.9016,0.7,22.6529,3.2406,1.1684,,532259.8917,532259.8917
920717.BJ,20260415,1.7958,0.91,328.3342,1.8059,6.7363,0.4653,101835.84,39320.64
600075.SH,20260415,1.8046,0.65,,1.1861,1.0047,0.3241,1053709.8605,1053709.8605
002377.SZ,20260415,2.9997,0.84,,6.7871,3.2845,,300554.6659,286130.3477
002911.SZ,20260415,1.1361,1.55,17.3255,3.6104,0.5313,3.4903,1784991.7663,1742177.2514
300349.SZ,20260415,2.0603,1.2,21.9375,1.3309,1.8525,3.5174,590774.0512,523645.6542
300482.SZ,20260415,0.9253,0.87,32.0799,1.5432,3.2338,2.3138,832256.7338,764666.0513
002557.SZ,20260415,0.6141,0.77,28.611,2.1564,1.6283,4.4405,1119457.5665,1117063.709
603406.SH,20260415,2.0556,0.8,30.4675,3.0945,3.8119,1.4493,1380034.5,126485.7734
300053.SZ,20260415,6.0886,1.04,,8.8472,45.7411,,1267614.3935,1183839.63
001258.SZ,20260415,3.3091,0.99,153.0894,2.6906,8.1897,0.1943,816666.6673,816658.136
603628.SH,20260415,3.1097,0.81,39.5228,2.6971,1.5904,0.4991,361863.2651,360627.4376
600459.SH,20260415,2.2106,1.15,24.656,2.1127,0.2809,1.1665,1565202.6796,1564994.8915
600962.SH,20260415,1.068,1.3,119.2462,5.1402,2.4595,,487972.81,487972.81
601985.SH,20260415,0.6091,1.3,22.9895,1.5663,2.2019,2.0513,18038137.8189,16560640.8284
600642.SH,20260415,0.7884,1.15,11.244,1.2179,1.5874,4.9234,4473188.5497,4472945.2246
600295.SH,20260415,1.2887,1.9,17.768,1.9265,1.6309,4.0,4198164.381,2963364.381
600444.SH,20260415,2.7002,1.12,43.9281,3.4035,2.8508,0.6286,256238.381,256238.381
605100.SH,20260415,1.2776,0.55,335.8244,4.2572,9.6444,0.6709,765211.86,761635.224
301399.SZ,20260415,20.4645,1.12,113.3163,3.3979,9.1137,0.8592,445528.16,131678.0751
600606.SH,20260415,0.8202,1.22,,0.368,0.1012,,2108132.7471,2108132.7471
300320.SZ,20260415,2.5402,1.66,25.4346,2.3344,1.6425,0.4069,591013.2098,477078.9978
003036.SZ,20260415,6.2962,0.83,128.5583,4.6436,4.4056,0.417,642363.5869,642347.1034
301233.SZ,20260415,1.6188,0.72,31.1118,2.8065,6.14,0.966,271041.02,148399.1713
300313.SZ,20260415,1.8082,0.83,,57.5155,22.0306,,197817.6701,162816.0509
605118.SH,20260415,0.8067,0.84,67.6909,11.4234,21.1941,1.4232,1760214.2,1742456.48
300890.SZ,20260415,4.4071,0.88,285.1897,1.8172,2.5338,,373405.1185,341183.2579
600707.SH,20260415,5.5664,2.2,66.125,1.1845,2.2832,,2580052.2173,2579534.5373
920087.BJ,20260415,2.3818,0.83,198.3797,4.5374,7.5066,0.9954,248956.4,247217.5104
600153.SH,20260415,0.6057,1.25,12.8444,0.4745,0.0375,5.5978,2615383.773,2615383.773
603839.SH,20260415,0.4773,0.77,,1.5895,1.2943,1.3485,285617.9556,285617.9556
002698.SZ,20260415,0.7903,0.94,29.0637,3.6149,5.0514,1.7819,1434653.8897,1178855.1697
300671.SZ,20260415,6.267,0.77,,5.9351,12.6772,,985612.5199,982749.0514
000678.SZ,20260415,3.8949,0.53,,7.2628,3.7628,,579110.8642,579110.8642
002321.SZ,20260415,6.5448,2.36,,5.4407,1.061,,505494.9468,503438.2639
002872.SZ,20260415,1.0694,0.91,,0.8251,3.1358,,161862.0,109393.3302
688696.SH,20260415,0.588,0.55,44.4049,2.1079,1.837,,636971.94,636971.94
301190.SZ,20260415,0.8361,0.82,68.1099,2.4335,7.5467,0.6473,475849.1205,353287.818
002156.SZ,20260415,5.837,1.37,72.3564,4.6976,2.6494,0.0958,7131187.8895,7130507.9912
920190.BJ,20260415,0.917,0.76,96.2247,2.569,0.7312,0.5447,220300.0022,219073.0414
000062.SZ,20260415,4.803,0.77,63.2599,4.35,1.1757,2.0714,2928546.1016,2925720.2156
300556.SZ,20260415,2.5213,0.95,,4.7984,3.9451,,212860.8631,189994.8797
600189.SH,20260415,1.0696,0.66,359.0509,4.4149,4.3038,,541404.7437,541404.7437
688136.SH,20260415,4.0737,1.36,40.9858,3.7238,4.2402,0.2415,653482.2908,653482.2908
601121.SH,20260415,1.353,1.2,88.1773,1.7164,5.4033,0.4064,738182.061,600000.0
600995.SH,20260415,0.8376,1.23,26.7832,1.9985,6.1301,0.8378,4522348.2141,4522348.2141
300233.SZ,20260415,3.8389,0.68,135.5273,1.6347,2.188,1.5836,598844.3557,576911.6543
688579.SH,20260415,2.1438,1.45,72.782,3.11,8.4021,0.5947,437210.93,437210.93
300701.SZ,20260415,1.0361,0.72,52.0641,3.4157,7.5727,0.8503,332496.4999,292967.2638
300847.SZ,20260415,1.1059,0.95,40.2188,3.1588,3.8998,0.8707,462367.62,462367.62
002153.SZ,20260415,0.9291,0.9,,3.8041,9.3623,0.1045,2611838.5058,1530973.9604
002410.SZ,20260415,1.5142,0.82,46.4453,3.111,3.1005,1.3064,1881564.6055,1788364.8804
002929.SZ,20260415,9.4854,0.76,,2.6676,1.6993,0.219,1686033.1035,1249678.0097
002489.SZ,20260415,0.7607,0.85,11.4228,1.5913,1.2749,1.1628,746141.6117,658081.9512
002283.SZ,20260415,3.1051,0.66,32.2184,1.9428,2.9112,2.3672,1185035.4651,1042939.5902
600255.SH,20260415,2.3472,0.67,209.3207,4.4306,1.3611,,646600.6099,646600.6099
002583.SZ,20260415,2.8072,1.1,,9.4054,3.2626,,1960471.6927,1382773.1356
300040.SZ,20260415,8.1749,0.88,,1.6856,2.9949,0.8304,435588.8652,350263.5825
920445.BJ,20260415,1.1463,0.7,59.8954,4.8529,3.932,2.9596,147301.4529,104696.0569
688310.SH,20260415,1.0384,0.93,40.0904,3.0338,5.8475,,261629.7921,261629.7921
000796.SZ,20260415,3.7393,0.96,,10.4825,12.6628,,869253.5925,721275.611
603908.SH,20260415,1.1501,0.82,74.1152,3.891,1.9891,2.9262,207393.8023,207393.8023
300287.SZ,20260415,1.3446,0.88,,5.6475,13.3284,,607120.8208,557607.8925
603169.SH,20260415,2.1733,1.4,183.57,3.9309,1.9139,,1301066.6308,1301066.6308
920523.BJ,20260415,1.9203,0.82,16.2864,3.3886,4.5584,1.2584,241502.4637,193198.1966
002199.SZ,20260415,1.527,1.18,,11.9102,9.5741,,227131.7247,227131.7247
002758.SZ,20260415,1.1608,0.9,11.5247,1.054,0.1138,3.0311,504276.029,503695.5749
688307.SH,20260415,6.4911,0.66,114.4485,7.9925,10.9638,0.5499,721555.072,721555.072
603341.SH,20260415,2.5481,1.03,34.6091,2.8141,0.4807,1.2554,2025038.7455,1031574.7201
300784.SZ,20260415,6.1965,1.82,43.9367,3.5023,5.3781,0.8026,280288.1984,84373.3884
688553.SH,20260415,5.4294,0.75,,2.2809,8.5896,2.277,857366.4,695324.4034
300109.SZ,20260415,1.8897,0.74,37.5363,2.4484,6.2142,1.3478,899087.9253,831895.442
000070.SZ,20260415,16.4078,0.84,,11.274,4.193,,1699850.9069,1677825.6726
300566.SZ,20260415,1.82,1.01,25.5994,2.3131,2.2225,1.08,480961.9832,415958.5909
600227.SH,20260415,7.801,0.57,,2.4895,2.6561,,596120.8728,450992.7305
688177.SH,20260415,2.3423,2.97,,26.0464,10.3644,,967704.96,967704.96
601186.SH,20260415,0.2687,0.69,5.1471,0.3447,0.0918,4.3103,9451360.884,8006258.868
600506.SH,20260415,2.2516,0.61,312.7541,9.2196,1.6963,,409000.3294,409000.3294
600892.SH,20260415,0.5131,0.62,,266.6267,7.9256,,201407.1077,201355.033
002290.SZ,20260415,3.8969,1.15,109.5429,18.4876,7.0052,,1789634.2363,1783025.1447
600787.SH,20260415,0.7593,0.91,21.4403,0.8407,0.1728,1.3016,1169672.8947,1169672.8947
600985.SH,20260415,0.6926,1.07,24.5542,0.8922,0.8992,5.4625,3697844.2075,3697844.2075
002581.SZ,20260415,1.2562,1.45,,2.534,18.3783,,473690.1507,287768.0536
002803.SZ,20260415,1.9626,0.77,26.634,2.7325,1.0969,2.0244,737313.4565,472576.1598
603077.SH,20260415,2.6245,0.8,,1.4347,3.4011,,2605343.4548,2605343.4548
000919.SZ,20260415,11.9653,0.61,95.2821,1.3598,1.6067,1.2141,513709.6601,513579.3173
603629.SH,20260415,17.2165,1.2,122.8075,12.1547,7.1664,0.1457,2307104.4,2259013.34
300581.SZ,20260415,1.6703,1.07,,7.4334,47.0879,,710191.4239,710191.4239
603733.SH,20260415,0.4568,0.92,15.8882,1.8502,1.2696,2.3027,1532930.5999,1532930.5999
688660.SH,20260415,0.7984,0.56,,3.9774,1.2036,,1646666.749,1646666.749
920021.BJ,20260415,8.3364,0.68,303.3728,4.9305,7.6736,,317342.9825,254238.6492
300616.SZ,20260415,1.4987,0.72,,0.8608,0.7507,6.922,270766.2719,186939.9399
300561.SZ,20260415,11.753,1.77,,9.7234,50.5841,0.2025,566970.5808,416547.4879
688227.SH,20260415,4.0849,2.19,,6.2731,16.1679,,795796.0807,795796.0807
002826.SZ,20260415,2.674,1.13,44.476,4.7613,6.0814,0.4903,381927.5333,366507.5599
688087.SH,20260415,1.3658,1.03,24.3922,2.5844,2.0732,0.4163,733915.1591,704380.4432
002747.SZ,20260415,1.2546,0.83,445.8929,6.2458,4.1024,,2005278.3946,1621142.3892
600300.SH,20260415,1.5847,0.78,16.7736,1.5489,1.6757,3.6888,561148.3365,561148.3365
000609.SZ,20260415,2.7965,0.83,,,17.8804,,278316.9355,270684.193
002705.SZ,20260415,6.151,2.41,14.0534,1.6312,0.8694,3.4331,1407792.6025,1401251.2956
601368.SH,20260415,0.5947,0.7,44.4154,0.8793,1.6898,0.6263,422944.1039,422944.1039
603348.SH,20260415,1.36,0.48,314.6615,1.4753,1.0829,0.7404,637130.791,637130.791
920046.BJ,20260415,15.3429,1.89,172.2283,10.2499,12.2905,0.3131,258438.25,163717.4683
601919.SH,20260415,0.452,0.8,7.4807,0.9977,1.052,10.5889,23091532.8797,18934761.7937
301560.SZ,20260415,6.1352,0.5,58.9836,5.4048,4.9375,0.1854,524825.6,104965.12
688004.SH,20260415,1.6101,0.93,,3.0571,10.397,,177795.36,177795.36
600624.SH,20260415,0.5963,0.99,,5.034,4.736,,313178.9403,313178.9403
300923.SZ,20260415,1.756,0.98,42.8407,1.865,3.9844,1.6653,211041.0,205317.9225
600720.SH,20260415,0.6654,1.16,10.9757,1.0024,1.444,3.2902,1597038.5132,702298.6406
300555.SZ,20260415,1.6399,0.95,,5.7152,17.6134,,271600.0,268863.444
600989.SH,20260415,1.7845,1.08,18.3685,4.3085,4.3401,2.4189,20848742.48,20848742.48
600562.SH,20260415,0.9013,0.85,53.5334,5.3157,9.6067,0.9294,3393997.4767,3393997.4767
001380.SZ,20260415,1.67,0.76,19.7319,2.8153,2.7246,1.0115,542791.8328,176358.519
300388.SZ,20260415,0.3786,0.79,15.0915,1.1414,1.4632,2.4715,537342.3203,537342.3203
601058.SH,20260415,1.8614,1.34,12.2944,2.1538,1.2689,2.7536,4537578.3574,4537578.3574
601798.SH,20260415,1.6561,0.97,66.9874,2.5422,3.2833,,325811.414,325811.414
301055.SZ,20260415,7.5719,1.07,112.3573,7.8664,5.1607,0.353,514800.0,514800.0
000009.SZ,20260415,0.8758,0.97,324.2395,2.2675,1.02,0.3386,2285183.573,2282354.132
002848.SZ,20260415,2.1609,0.89,,20.6798,15.1072,,238690.2,235514.6307
002221.SZ,20260415,1.135,0.67,32.5443,1.136,0.4138,,1262478.3414,1170160.9647
688781.SH,20260415,21.3963,1.43,,9.5242,76.0173,,3900000.0,159256.8783
603322.SH,20260415,6.1598,2.53,,18.0281,2.1101,,519406.0796,519406.0796
603091.SH,20260415,2.9213,1.08,29.4508,3.5731,5.2076,1.2518,784069.3035,241125.7761
688113.SH,20260415,1.3092,1.26,27.438,2.4877,5.0328,1.1303,244388.7364,244388.7364
300765.SZ,20260415,1.6107,1.82,,17.8882,22.1136,0.0584,4771402.2308,4771402.2308
301010.SZ,20260415,1.0715,0.64,103.6199,2.7049,2.2055,0.9639,224100.0,224100.0
688205.SH,20260415,8.1383,0.87,535.3606,16.5279,41.0244,0.136,3830821.5325,3830821.5325
300375.SZ,20260415,2.1528,1.07,77.5799,1.5923,1.3328,0.7457,364674.6326,253558.8979
002316.SZ,20260415,5.7983,1.09,325.7712,26.1319,3.4255,,200884.32,174141.135
301219.SZ,20260415,8.63,1.97,21.0876,2.4977,2.8087,1.8781,2342412.1625,2296633.3039
920871.BJ,20260415,0.5292,0.38,102.1594,4.2338,6.7008,1.3832,111710.5523,61776.5129
002356.SZ,20260415,2.0748,0.88,112.24,7.2196,6.3568,,448449.0462,448446.4812
300160.SZ,20260415,0.7398,0.7,20.0022,1.5938,2.4685,1.8519,417390.9977,411674.1392
600223.SH,20260415,0.6769,1.25,36.8182,1.6331,1.8934,0.8824,691266.767,691266.767
002685.SZ,20260415,5.8918,0.76,63.0103,5.1833,9.485,,814214.0379,814105.5033
688315.SH,20260415,0.9717,1.28,37.2096,2.2589,2.671,0.3349,604738.6,604738.6
301656.SZ,20260415,3.3777,0.85,45.2001,5.6492,2.6136,,5223205.8565,442282.2249
603027.SH,20260415,0.7882,0.51,29.9602,3.8345,4.5638,4.8634,1265136.016,1185884.9833
603990.SH,20260415,2.6505,0.64,118.6544,5.5649,15.4117,,464630.9029,464630.9029
603666.SH,20260415,0.892,0.91,,2.5135,9.8522,,532118.2574,532118.2574
001339.SZ,20260415,10.1603,1.92,97.9337,7.547,4.0248,0.1178,1700810.1651,805093.1051
002006.SZ,20260415,1.3135,0.88,42.8856,3.9014,4.9601,0.8313,937707.3658,937707.3658
603353.SH,20260415,2.6791,0.42,836.4937,4.0709,2.3654,0.5197,664416.69,658665.57
002958.SZ,20260415,0.5335,0.75,5.5915,0.4469,1.5644,4.0134,1661131.364,1626407.7513
603175.SH,20260415,10.6128,0.84,169.0126,13.4714,8.2277,,3910101.335,393661.8087
002982.SZ,20260415,3.9164,1.29,92.9449,1.8433,0.6511,0.4964,292396.1185,187201.1361
002300.SZ,20260415,9.4081,2.98,86.2679,3.7878,0.5962,1.1078,717277.3641,717238.9459
600657.SH,20260415,0.7729,1.08,,0.5538,1.9284,,884082.3645,884082.3645
002867.SZ,20260415,3.0322,4.26,13.6621,2.3652,1.4374,6.8966,1416543.4304,1408221.3292
300369.SZ,20260415,3.5042,0.87,,2.6743,2.7775,,656603.7285,654525.3017
600858.SH,20260415,0.8837,0.72,49.3286,1.0879,0.5533,0.6762,292277.423,290861.9923
920394.BJ,20260415,0.8308,0.8,53.8297,8.1334,15.522,0.4265,685766.25,680715.3155
301581.SZ,20260415,0.7288,0.96,50.8026,3.623,4.4215,1.5388,363920.0,222346.022
603095.SH,20260415,0.8733,0.96,53.4798,1.9655,4.2901,4.9074,456619.9456,456619.9456
600150.SH,20260415,0.6762,0.78,34.2118,1.7441,1.8962,0.4542,24616307.233,24616307.233
300536.SZ,20260415,1.9561,1.0,,5.1748,13.517,,231697.6251,231680.8281
605319.SH,20260415,4.3028,1.25,23.459,4.0308,3.7406,1.6016,1046091.3927,1040276.7447
300595.SZ,20260415,0.9096,0.97,26.5119,2.5882,6.8308,1.9734,1271310.5547,949262.5592
603255.SH,20260415,1.8307,0.61,,2.4258,4.5335,,385201.351,173652.5598
000561.SZ,20260415,1.9464,1.45,,2.6872,5.609,,847601.8915,761498.6602
600428.SH,20260415,1.5638,0.84,13.9202,1.4695,1.0675,3.0897,2477760.1167,2208092.8814
300546.SZ,20260415,2.4095,0.55,110.0282,3.6004,7.1016,0.2075,404806.3068,290459.4335
600531.SH,20260415,4.626,1.22,18.6723,2.5119,0.361,1.5038,1631295.3796,1631295.3796
600371.SH,20260415,1.5198,0.68,124.503,4.5807,11.4076,1.7442,251617.08,251617.08
300674.SZ,20260415,1.3788,0.57,33.0309,3.1259,3.937,1.2529,1426419.6036,1424302.1499
600704.SH,20260415,0.6088,0.81,7.2012,0.6767,0.0463,5.8601,2735554.1618,2735554.1618
300539.SZ,20260415,3.7018,1.0,144.1757,6.4306,7.8885,0.3955,760601.5781,618148.9284
000581.SZ,20260415,1.4132,1.26,13.1447,1.01,1.7615,4.8081,2016714.9556,1656006.6642
003002.SZ,20260415,1.3528,0.71,30.5726,3.7096,4.3039,0.5369,556400.0,508681.1191
603709.SH,20260415,0.9715,0.68,,4.0314,1.3041,,208783.8432,207180.9511
002092.SZ,20260415,3.168,0.99,,0.7618,0.5713,,1639482.3543,1630320.2964
603661.SH,20260415,0.3963,0.64,15.5828,1.1572,0.3672,4.1087,429856.1928,429856.1928
601992.SH,20260415,0.7255,0.93,,0.4608,0.2063,2.8409,1879287.7196,1466811.8545
688550.SH,20260415,1.1998,0.72,23.3167,2.2314,4.3224,1.4011,724757.462,724757.462
920396.BJ,20260415,3.0168,1.26,53.0662,5.9685,8.3902,0.6916,216807.8503,154028.8765
001215.SZ,20260415,3.021,1.49,66.5186,1.9917,1.9762,,371930.1873,370484.991
300211.SZ,20260415,1.2314,1.39,,5.461,12.7448,,253173.4593,247472.3265
300071.SZ,20260415,3.6502,0.68,,33.4628,4.5371,,469411.6716,460385.8717
000608.SZ,20260415,2.5749,1.22,,1.4837,9.0243,,308214.37,306370.7267
002687.SZ,20260415,2.2573,0.95,40.3435,1.6034,1.8661,,239265.4787,195975.1265
300785.SZ,20260415,7.6396,0.7,117.1093,5.2642,7.5802,0.3001,994077.3598,611549.0907
600831.SH,20260415,2.2351,1.21,,1.722,1.9587,,253097.1292,253097.1292
603800.SH,20260415,4.2977,0.99,102.6185,11.2289,8.1085,0.2084,967616.0,967616.0
300740.SZ,20260415,1.5515,0.88,55.0498,3.9759,1.8122,,833876.9597,768129.6508
603822.SH,20260415,1.2214,1.0,210.7141,17.5526,1.3673,,660548.9678,660548.9678
301418.SZ,20260415,3.1407,1.05,183.9342,1.7754,8.4468,,287320.0026,115331.5566
300834.SZ,20260415,6.736,0.86,122.0942,2.7338,5.6237,0.7273,802743.9908,797416.5722
002876.SZ,20260415,7.5348,1.25,106.7603,2.1086,1.3631,0.5177,502701.3384,430590.2176
301313.SZ,20260415,4.0693,1.27,,4.5004,5.9897,,324119.5022,236503.2022
301163.SZ,20260415,4.1916,1.2,65.675,2.0835,2.8864,0.431,236640.0,158704.3531
300172.SZ,20260415,3.0004,0.75,43.6556,1.8466,4.9783,0.9488,356626.17,275587.1002
300666.SZ,20260415,4.3701,0.84,85.0909,8.2809,8.8923,0.1975,4095224.7421,3413560.0392
000514.SZ,20260415,1.3932,1.17,43.727,1.0724,13.9467,,406697.6051,406697.6051
600282.SH,20260415,0.475,0.77,12.1477,1.2568,0.6006,3.6035,3483276.4212,3483276.4212
000166.SZ,20260415,0.2402,0.59,12.5105,1.0658,4.9035,1.7053,11893973.666,10704365.9751
688566.SH,20260415,2.3402,1.08,24.7488,2.6376,6.6344,1.6199,640173.0767,640173.0767
600741.SH,20260415,0.4913,0.81,8.9587,0.9616,0.3509,3.9063,6456778.7192,6456778.7192
000537.SZ,20260415,1.8171,0.99,22.8096,1.0339,4.4331,2.4704,2049550.7453,2049550.7453
600312.SH,20260415,3.2037,1.37,24.4161,2.431,2.1844,1.2655,2734196.4376,2734196.4376
002786.SZ,20260415,1.0349,1.01,,15.2664,1.4773,,350397.684,349337.184
000421.SZ,20260415,1.4021,0.62,72.2794,1.2679,0.4978,0.9946,347521.5191,347449.2597
605108.SH,20260415,0.8797,1.42,92.7745,1.9472,1.7019,0.7145,434980.0,434980.0
605178.SH,20260415,4.5644,0.8,,6.567,22.8291,,802647.08,802647.08
600433.SH,20260415,1.9352,1.02,,1.46,0.8639,1.6997,617848.5692,617848.5692
002368.SZ,20260415,0.6968,0.6,55.0678,2.3719,1.471,0.4686,1230258.5586,1224728.2673
603458.SH,20260415,5.4994,0.98,,1.3419,2.6022,,348981.946,348981.946
600990.SH,20260415,1.6257,0.78,,3.5726,4.1466,,643746.9111,638905.153
603517.SH,20260415,0.497,0.57,112.2669,1.2124,1.4064,2.5842,773864.4723,773864.4723
600115.SH,20260415,1.8111,1.35,,7.6921,0.6976,,9762779.6081,7525034.4827
600589.SH,20260415,10.4219,0.88,378.4161,23.2565,40.1097,,1653922.2575,1647015.4575
603222.SH,20260415,10.5122,1.03,,3.915,8.5872,,547669.5114,547669.5114
000937.SZ,20260415,0.3495,0.64,48.6909,1.0252,1.3326,10.8499,1954051.4081,1898668.6665
002838.SZ,20260415,1.1663,0.79,68.023,3.53,2.1219,0.3502,1284978.1078,1129816.8107
688262.SH,20260415,2.7807,1.11,,5.9773,22.0849,,1174655.6958,1174655.6958
300733.SZ,20260415,3.1399,1.29,61.8007,3.2254,2.8613,0.2748,551440.0091,406773.1035
002507.SZ,20260415,0.6793,1.09,18.6452,1.6366,5.8884,4.996,1432013.5137,1428116.9041
002333.SZ,20260415,6.0418,5.15,77.9026,2.0488,2.3731,0.1721,392131.3088,387241.998
000534.SZ,20260415,6.4022,1.07,94.9706,13.5881,17.1184,0.1135,2126345.9573,2086376.546
003042.SZ,20260415,3.5913,0.54,,1.87,1.2304,,245493.04,219451.1786
002475.SZ,20260415,2.7238,0.72,25.7998,5.1457,1.2886,0.6105,42827019.0306,42728787.0467
600361.SH,20260415,1.5057,0.78,17.2356,1.4479,0.1999,1.8953,1601312.3897,1601312.3897
603100.SH,20260415,0.7808,0.75,16.2199,2.2717,1.5041,2.8852,1022754.1398,1019497.5578
300865.SZ,20260415,1.3532,0.95,,2.9224,8.1242,,254221.76,149460.0708
300096.SZ,20260415,1.55,0.61,63.1407,11.2833,7.8301,,395600.0,395600.0
600038.SH,20260415,0.7964,0.94,42.9024,1.5909,0.9615,0.5981,2796655.7495,2281738.0388
600128.SH,20260415,1.9106,0.65,54.7477,1.2325,0.3417,0.9337,264283.635,259105.875
603698.SH,20260415,3.9296,0.74,97.8622,6.101,5.0244,0.4123,2118768.47,2118768.47
920166.BJ,20260415,6.1227,1.06,25.3127,3.5546,6.2911,,217223.5304,68561.1797
002730.SZ,20260415,6.1874,0.72,147.6957,6.0854,8.4732,0.4751,990650.5517,946737.7517
002284.SZ,20260415,1.9479,1.16,21.383,3.1153,1.8691,0.3526,1048044.2935,1036401.2373
002537.SZ,20260415,2.1403,0.48,44.5354,2.1654,1.3815,,915733.0611,911975.8011
600593.SH,20260415,3.9318,1.52,176.1621,24.831,9.4759,,480168.045,474112.8
301309.SZ,20260415,5.0575,0.51,27.5007,2.0055,3.7228,0.9247,324424.5088,195494.5643
002436.SZ,20260415,8.3177,0.9,,7.7855,6.1387,0.1206,4198193.7006,3730928.2223
301290.SZ,20260415,2.6672,1.53,,1.2976,6.8624,2.14,276678.7485,188267.3108
002173.SZ,20260415,5.8403,1.04,,6.3235,14.0224,,1126157.6663,1074047.5591
300936.SZ,20260415,15.5541,1.11,,4.9794,21.4645,0.1511,497824.0,314187.0205
002268.SZ,20260415,0.9719,0.9,92.5405,2.7182,6.5546,0.3468,1462950.4236,1462365.3808
688507.SH,20260415,2.4901,1.02,242.1648,2.728,16.7253,0.4233,779078.0985,430467.9874
001316.SZ,20260415,3.1272,1.12,30.4631,4.2686,4.6035,1.2512,560151.6337,541545.0959
603838.SH,20260415,0.7132,1.04,,3.0023,8.0262,,280974.048,280974.048
002519.SZ,20260415,14.464,2.37,,4.295,17.3761,,951834.1088,944375.778
603529.SH,20260415,0.9225,0.53,10.8441,2.672,1.0063,4.1562,2539454.8653,2479961.9001
000900.SZ,20260415,0.602,0.79,15.4207,0.5656,1.0513,3.6496,623827.4453,623790.4553
600958.SH,20260415,0.448,0.57,13.9963,0.9895,5.134,2.3513,7884886.831,6931680.0978
601156.SH,20260415,0.7992,0.9,10.241,1.3939,1.1345,1.6609,2752821.3341,1637928.6941
600770.SH,20260415,2.5631,1.35,66.9558,2.1307,15.4798,,730600.0,730600.0
600097.SH,20260415,1.0199,0.8,35.1163,1.1189,1.1106,0.7428,259488.674,259488.674
688089.SH,20260415,1.0497,0.87,19.7848,1.8823,5.3928,1.0858,310025.399,310025.399
603813.SH,20260415,1.9806,3.55,,5.325,7.0549,,290471.49,290471.49
300174.SZ,20260415,1.7587,0.87,25.4341,1.8195,3.2895,1.3368,623163.926,619714.8904
688007.SH,20260415,0.7792,0.64,,2.6869,3.8583,0.1732,659548.4362,659548.4362
002416.SZ,20260415,2.6169,1.19,42.2477,2.8559,0.3489,3.7258,1663116.1837,1642479.576
000953.SZ,20260415,1.7896,0.98,307.3738,15.7483,13.9285,,242739.0153,242739.0153
301428.SZ,20260415,6.2424,0.62,75.8367,2.6156,3.0887,0.2936,332802.6678,206416.3578
600810.SH,20260415,1.8122,0.39,,1.2956,0.6966,0.5172,942260.1566,933770.4926
300073.SZ,20260415,3.4001,0.88,48.3755,2.0819,2.9486,0.3312,3058930.4142,2843558.7734
603477.SH,20260415,5.4359,0.98,26.2784,3.2335,1.24,0.8889,962502.8656,962502.8656
603376.SH,20260415,3.76,1.16,47.4308,7.9479,4.9065,,1338003.345,103820.762
301119.SZ,20260415,1.4847,0.66,40.5469,4.5978,10.2214,2.0399,469040.0,379336.1
000858.SZ,20260415,0.2981,1.03,14.1361,3.0338,4.8895,5.55,40194050.8918,40192357.9218
603162.SH,20260415,4.5554,0.85,28.382,2.9491,2.9704,0.6987,1319761.482,397343.0553
300322.SZ,20260415,14.0649,2.05,206.2495,13.2212,4.8163,,1334110.6437,1277249.2127
300371.SZ,20260415,1.7606,0.93,37.6846,2.134,5.5386,0.7151,249509.447,166668.8724
603180.SH,20260415,0.4876,0.98,19.971,1.0388,0.8419,2.0739,288460.8518,288460.8518
603001.SH,20260415,2.9514,2.06,,1.5984,1.7847,1.5823,380129.04,380129.04
002948.SZ,20260415,0.8525,0.6,5.8453,0.7438,2.0809,3.071,3032404.8112,1621613.2383
300611.SZ,20260415,2.4,0.7,38.3375,4.4167,2.7799,0.4464,559347.902,393002.897
920028.BJ,20260415,10.5171,0.93,23.3913,2.3341,3.1134,,260181.88,67371.0553
300951.SZ,20260415,1.3715,0.99,32.7364,2.7244,4.7463,1.5837,634066.4346,566669.0783
688011.SH,20260415,1.5622,0.51,,6.3941,58.2385,,675300.0,673021.0178
688668.SH,20260415,5.2606,0.99,99.9923,12.1549,15.1483,0.4042,2405064.095,2405064.095
000723.SZ,20260415,2.3386,1.68,,1.5305,1.1511,,2030012.5983,2026097.7254
688037.SH,20260415,3.2261,1.37,511.8198,13.1395,18.8321,0.0603,3669415.1599,3669415.1599
603590.SH,20260415,1.8356,0.95,108.8722,1.9487,7.1374,1.5361,621889.9755,618812.0185
002258.SZ,20260415,1.1192,0.74,24.3257,1.4764,1.2929,2.7491,1164636.1667,1162761.0602
688369.SH,20260415,4.6248,0.8,,3.3676,3.1379,,284012.545,284012.545
601107.SH,20260415,0.7572,0.93,11.944,0.9437,2.0636,4.9069,1807313.46,1278179.34
000980.SZ,20260415,2.4076,1.05,,833.5587,17.697,,1048849.9297,1046528.844
920198.BJ,20260415,1.4541,0.72,,3.2284,7.875,,139095.6577,60741.6946
300994.SZ,20260415,2.3245,0.72,20.8097,3.1906,1.047,2.6438,352662.144,176512.632
000521.SZ,20260415,1.1622,1.17,14.254,0.9616,0.1924,5.8099,584996.6701,497295.7258
688509.SH,20260415,1.7067,0.98,,3.0636,5.9265,,348040.0,173926.0744
300863.SZ,20260415,3.355,1.28,66.7703,7.8642,2.8555,0.3574,1123221.5651,1079606.0701
300427.SZ,20260415,15.8309,3.1,,5.471,8.8929,,656499.7047,649379.3104
300743.SZ,20260415,1.3728,0.92,24.6117,4.3368,3.0927,2.7774,269160.3557,226791.3949
002449.SZ,20260415,1.8876,0.58,,1.3156,1.5191,0.6203,498492.5982,498492.5982
002846.SZ,20260415,1.4618,0.73,,4.3311,2.8104,,611930.7277,374475.3659
003033.SZ,20260415,1.901,0.61,27.7768,3.4779,2.5176,0.8402,486494.25,480505.4135
002798.SZ,20260415,4.2276,4.01,,1.7582,1.4959,,366968.4505,319774.5074
002627.SZ,20260415,3.1498,1.05,60.7267,1.7932,6.9992,1.2404,555769.2569,550021.5039
002384.SZ,20260415,5.8672,0.89,200.9197,12.5797,6.6554,0.0445,26704837.8166,20212570.7213
003020.SZ,20260415,1.9916,1.52,28.7217,2.6514,3.1674,2.0436,466897.2568,338113.704
603992.SH,20260415,1.4093,1.11,72.0386,4.2133,5.6478,1.0824,1479759.6788,1479759.6788
001314.SZ,20260415,1.3116,0.81,305.2401,2.9635,1.6392,0.2079,612327.762,533987.2091
300662.SZ,20260415,1.338,0.59,15.4989,2.0821,0.3241,0.6681,471351.2298,470099.2028
001308.SZ,20260415,0.3876,1.31,18.6847,1.8332,0.9708,2.6094,1453794.8309,1026116.964
300749.SZ,20260415,7.7904,1.15,,9.5064,5.8647,,539185.1832,413635.6368
002228.SZ,20260415,1.2494,0.85,43.4039,1.5315,0.4442,6.7911,472007.0097,470426.1448
000635.SZ,20260415,2.0216,1.09,,2.0558,1.8128,,317277.5665,295289.9519
603070.SH,20260415,0.7342,1.0,65.6365,2.8187,3.0856,0.5284,607114.0,607114.0
603305.SH,20260415,1.9962,1.06,43.979,1.9052,3.9652,2.0941,1728939.9998,1728939.9998
001325.SZ,20260415,22.669,0.96,30.6294,2.8269,3.4732,,495801.6,123950.4
001230.SZ,20260415,2.0334,0.72,22.3473,1.7648,2.1573,1.69,338249.6636,197964.3204
600737.SH,20260415,0.8752,1.19,21.9783,2.6628,0.998,2.9202,3002942.9121,3002942.9121
688390.SH,20260415,3.5826,0.78,154.6112,7.6659,2.3674,,2103703.4881,2103703.4881
300394.SZ,20260415,5.3506,0.92,127.4301,46.6875,49.7848,0.2592,25706033.8518,25654334.9955
920682.BJ,20260415,1.5752,0.92,29.4181,2.4539,0.7456,1.9026,284244.48,164838.9541
688302.SH,20260415,2.2342,1.32,,4.324,222.5645,,460125.4839,460125.4839
300564.SZ,20260415,1.7183,1.06,161.6444,1.956,7.2412,3.4153,236165.4528,165712.722
601009.SH,20260415,0.3818,1.2,6.3442,0.7621,2.491,4.4307,13834831.7472,13834831.7472
603300.SH,20260415,1.8051,0.58,20.8479,2.0745,2.2914,0.3714,1350326.7612,1350326.7612
002195.SZ,20260415,3.0107,0.91,296.5431,5.129,79.3811,,5120510.8905,5057939.3259
301295.SZ,20260415,10.4262,0.94,184.383,4.0461,5.3203,0.6266,386064.0,112602.0
002573.SZ,20260415,0.88,1.17,,0.8479,0.565,,503835.0801,502938.1025
002374.SZ,20260415,1.0771,0.78,,4.0696,5.9119,,342926.1334,342926.1334
300792.SZ,20260415,2.3804,0.62,76.6363,2.8052,7.6823,0.2874,824323.7577,739404.6484
688155.SH,20260415,2.569,0.88,28.8372,4.402,3.3883,0.7408,1014522.5282,1014522.5282
603332.SH,20260415,1.2132,0.74,51.3654,2.182,1.7792,1.7039,278438.8258,278438.8258
301397.SZ,20260415,9.9452,0.93,46.5144,2.7366,3.8172,1.7763,536258.6836,243691.7141
002645.SZ,20260415,11.2672,1.03,,3.4008,1.942,,1357499.5787,1208960.2928
300527.SZ,20260415,0.6676,0.88,709.9096,2.8331,8.0,0.0314,824600.7717,824600.7717
688716.SH,20260415,2.1923,0.93,339.0378,3.3975,13.0116,0.605,402274.08,231179.224
000717.SZ,20260415,0.56,0.66,,0.7542,0.2104,,591418.324,591348.8755
688793.SH,20260415,1.6594,0.75,,7.6059,2.3808,,183579.415,183579.415
300908.SZ,20260415,1.5809,2.11,21.7556,2.3204,3.8562,2.7992,417268.0,352687.1287
601089.SH,20260415,0.9582,1.65,23.7257,2.9465,3.1777,2.1013,1113600.0,1113600.0
002168.SZ,20260415,0.8652,0.85,,205.9715,8.9221,,329348.6146,329348.6146
300230.SZ,20260415,1.8139,1.14,17.2641,1.188,1.6267,1.3655,387089.5979,299795.5095
000782.SZ,20260415,2.743,1.15,,2.1086,1.3688,,362515.0368,278857.7209
300600.SZ,20260415,1.307,1.08,,3.0863,13.4207,,371618.1482,371618.1482
002774.SZ,20260415,0.9826,0.91,36.387,3.0092,2.5498,3.3582,360929.4288,302059.5143
000972.SZ,20260415,3.0443,3.39,,,8.2523,,300800.5958,300800.5958
000856.SZ,20260415,3.7591,0.76,94.8331,5.7278,0.8912,,247657.0,247657.0
603896.SH,20260415,0.6746,1.0,27.9727,1.6518,5.6991,1.4454,370319.6257,370319.6257
002430.SZ,20260415,1.4049,0.95,28.9841,2.7821,1.8234,1.429,2750166.4997,2748982.5065
002498.SZ,20260415,5.2133,1.78,47.7396,3.1717,2.7016,0.4706,2827776.6,2827776.6
000599.SZ,20260415,2.0328,1.07,,1.9494,2.7001,,1216291.2407,437775.38
688796.SH,20260415,6.9588,0.91,276.9896,22.0582,34.7942,,4797454.5387,385253.8261
688560.SH,20260415,1.4587,0.75,,1.1256,4.0507,,291485.1773,291485.1773
002863.SZ,20260415,1.5908,0.98,41.6011,1.1581,0.5894,0.3102,328516.9876,328516.9876
688727.SH,20260415,5.941,1.04,219.8186,8.9914,34.2192,,2256033.7116,252270.9315
002743.SZ,20260415,1.5714,0.94,92.8945,0.6983,0.6843,,230257.0249,229888.0474
601700.SH,20260415,1.7495,1.53,218.4079,2.3533,2.2177,0.3739,596708.8252,596708.8252
603378.SH,20260415,1.5897,0.94,,2.3232,3.1976,,231870.7833,231870.7833
002919.SZ,20260415,0.9869,0.7,,6.4622,3.6009,0.2506,530919.9235,526661.2346
601319.SH,20260415,0.126,0.75,7.0916,1.0706,0.4944,2.5666,33079544.9561,26552321.9241
600610.SH,20260415,1.9579,0.71,192.6646,81.3423,9.3534,,977002.4398,646358.755
002215.SZ,20260415,1.3057,1.07,15.3868,2.4978,1.8883,3.3999,1034772.8243,827082.447
600694.SH,20260415,0.9229,1.58,11.7343,0.6675,0.9037,5.3879,586785.7389,586785.7389
600121.SH,20260415,2.9035,0.65,,5.3659,1.4166,,503204.1717,503204.1717
920367.BJ,20260415,8.6105,1.82,99.0132,3.0015,10.2407,0.4907,144415.2275,85580.874
000752.SZ,20260415,2.9518,0.76,17.3913,4.162,5.7219,,255845.7363,255845.7363
301272.SZ,20260415,1.6613,0.81,59.7207,2.3425,4.1396,1.6744,236232.2874,126504.483
603014.SH,20260415,1.9865,1.01,32.6375,2.2112,4.1767,0.4182,1574097.3207,148336.107
301606.SZ,20260415,3.0638,0.94,43.9999,9.1696,3.2666,0.803,3100206.0704,1232871.0112
601162.SH,20260415,0.8866,0.5,57.2535,1.39,10.8837,,3777744.4628,3224238.9278
603216.SH,20260415,4.9804,1.4,96.3737,4.1231,6.7552,0.603,738662.73,738662.73
920808.BJ,20260415,1.9598,1.19,414.6604,20.2336,17.3402,0.081,1530000.0077,1488477.1694
601881.SH,20260415,0.3225,0.55,11.3451,1.2046,5.0186,2.4711,14203788.5305,9409199.4923
002837.SZ,20260415,6.9477,1.02,206.1034,31.0412,17.9069,0.1449,10284109.8354,8953403.2291
600503.SH,20260415,2.0143,1.31,,1.0683,14.6428,,379742.73,379742.73
688008.SH,20260415,4.2856,1.01,80.4642,8.9973,32.9679,0.3971,17988339.9091,16873105.5361
603181.SH,20260415,0.6471,1.0,19.6276,2.6439,3.6308,1.3698,882461.3,882461.3
688669.SH,20260415,4.4726,0.96,,2.6633,0.7888,,315102.6684,315102.6684
300242.SZ,20260415,3.1559,0.78,,11.7958,1.6183,,293164.5135,293164.3536
002366.SZ,20260415,2.3325,1.22,,3.2954,14.481,,1504517.9137,1337807.9845
600031.SH,20260415,0.7302,0.86,22.5937,2.1506,2.129,3.2234,18996879.1668,17508089.8164
603033.SH,20260415,0.7304,0.46,,4.096,2.4637,,1192025.0684,1170485.8568
603499.SH,20260415,1.218,0.78,51.7411,7.5652,6.3563,0.6535,661471.3365,661471.3365
603201.SH,20260415,0.6657,0.75,12.1754,1.8063,1.0493,2.4256,312326.663,309655.1958
688631.SH,20260415,3.1094,1.0,159.4068,4.5937,6.9134,0.7427,880449.42,349389.82
001317.SZ,20260415,1.6028,0.66,,4.1393,2.666,0.1944,411657.0542,411251.1261
605305.SH,20260415,6.7127,1.33,17.0509,3.0762,4.8138,1.9271,904272.6,904272.6
300558.SZ,20260415,3.189,1.68,63.3995,3.2905,5.8896,0.4353,1922753.6625,1916624.4562
000707.SZ,20260415,1.7221,0.56,,1.1992,1.5355,2.467,341474.8407,321610.896
603138.SH,20260415,4.6777,0.62,,7.7963,14.2502,,598030.9649,586777.6998
600732.SH,20260415,1.9302,0.64,,5.0762,2.2105,,3283854.6306,3256263.5504
002599.SZ,20260415,1.6839,0.73,,3.0109,1.7945,0.2857,372875.8509,278604.7152
920006.BJ,20260415,3.0111,1.58,254.505,6.3162,17.8885,0.4926,201611.3176,106730.9511
002423.SZ,20260415,0.3902,0.62,24.8696,1.0675,,1.528,2382445.1646,2382445.1646
600855.SH,20260415,15.7876,4.67,,6.5038,7.4777,,934274.1996,932473.6176
600379.SH,20260415,2.7586,0.71,95.0884,5.0451,3.1917,0.6672,397232.4815,397232.4815
301175.SZ,20260415,3.5689,1.24,24.0581,2.4789,4.9048,3.125,918453.12,388053.12
920985.BJ,20260415,1.3126,0.89,,3.0691,1.2588,3.6396,208896.435,148039.5548
600838.SH,20260415,1.9121,1.31,88.2581,2.5335,41.8294,0.3206,400080.217,400080.217
300300.SZ,20260415,12.0999,0.74,216.1345,61.6718,50.5215,,874903.3453,874847.6509
002305.SZ,20260415,2.5681,2.55,,,1.8596,,395401.1956,395375.5469
300769.SZ,20260415,7.7727,0.99,,2.4791,1.8113,,1289425.3141,1158587.9138
688768.SH,20260415,1.2123,0.71,48.3101,3.6726,6.2789,0.9274,405364.0008,402023.1702
688349.SH,20260415,0.3482,0.77,39.5865,2.0983,1.063,2.5157,2909030.798,2821456.558
920564.BJ,20260415,12.2045,3.14,375.0774,7.1443,11.2035,0.1602,231758.5182,106616.8029
002833.SZ,20260415,0.9754,0.63,18.8364,2.7537,3.2534,3.9282,755981.8838,513624.4469
600320.SH,20260415,1.0833,0.81,36.4257,1.7005,0.7352,1.4814,2665786.8715,1680930.8165
688552.SH,20260415,9.1235,0.78,483.9497,5.9815,19.0853,,1546282.08,398104.3213
603116.SH,20260415,0.7402,0.73,,1.2314,1.6261,4.3996,321520.0464,321520.0464
000060.SZ,20260415,2.05,1.07,25.2257,1.4936,0.4527,1.1476,2833468.0282,2833432.1407
688120.SH,20260415,1.73,1.42,59.7789,8.6983,13.9605,0.2002,6489160.3829,6489160.3829
300873.SZ,20260415,1.056,0.77,18.2666,1.6251,2.8727,1.7935,511013.5423,369716.742
300641.SZ,20260415,1.9512,0.8,9.4405,3.134,3.5327,3.212,981717.7051,981717.7051
300232.SZ,20260415,3.2295,1.19,76.4061,1.6157,0.942,3.4689,751425.9813,610406.4678
002367.SZ,20260415,1.1735,0.78,15.4872,1.4129,1.1497,4.6802,511354.8373,509323.0436
300913.SZ,20260415,2.6674,0.85,90.3337,7.2266,9.053,0.1712,1819139.4038,1357444.9609
603858.SH,20260415,1.3788,2.57,10789.3894,1.6966,1.6367,2.2928,1793820.9198,1793820.9198
002124.SZ,20260415,19.7438,5.17,18.5224,1.773,0.757,,697687.2232,619319.3595
000809.SZ,20260415,2.2848,1.08,,1.0779,7.1877,,287852.1613,287852.1613
601882.SH,20260415,0.5758,0.72,23.1682,3.3715,2.951,1.8908,993888.0,993888.0
000564.SZ,20260415,1.7373,1.42,,2.157,22.6057,,3394915.9106,2837837.3507
000617.SZ,20260415,1.639,0.48,28.9712,1.1978,140.5155,1.1348,12477732.051,12477732.051
002578.SZ,20260415,4.5245,0.73,,2.448,1.9554,,371697.5525,341020.3742
300396.SZ,20260415,0.8683,1.23,,1.6672,6.1837,2.2433,316059.4866,315584.3059
002286.SZ,20260415,1.4578,0.72,26.5175,1.7333,1.4179,0.5969,382089.6495,371030.3385
002574.SZ,20260415,1.1771,0.89,,0.975,0.9542,,290400.0,290400.0
300131.SZ,20260415,11.5869,0.75,437.9455,9.9278,3.2239,,1754740.1238,1611345.5797
600829.SH,20260415,4.4478,1.0,44.6268,1.981,0.5755,,597285.2549,597285.2549
001225.SZ,20260415,4.1471,0.69,94.7967,2.3328,13.5351,2.4445,323274.2544,103258.2979
301379.SZ,20260415,3.4867,0.95,31.9061,3.5498,2.8556,1.11,501755.4223,322281.3264
300343.SZ,20260415,2.2005,1.57,180.761,3.6269,7.0715,,706195.795,704771.0161
300683.SZ,20260415,12.9755,1.16,,2.0839,7.5088,,465460.4544,434061.8634
301182.SZ,20260415,7.1278,1.11,,8.3953,9.5174,,640472.2428,640472.2428
600530.SH,20260415,0.4837,0.63,156.999,12.5851,12.8102,0.2282,400633.64,400633.64
603577.SH,20260415,3.0205,1.72,36.6651,1.9267,0.9033,0.7792,377800.9574,377800.9574
920016.BJ,20260415,1.3024,0.99,61.7612,3.3331,5.4706,0.4204,128174.9118,57004.968
300022.SZ,20260415,4.3474,0.66,,9.4835,1.7352,,479907.409,479893.2324
603073.SH,20260415,2.713,0.76,23.0347,1.6163,2.774,1.5576,223416.0,98019.6252
301013.SZ,20260415,13.8629,2.27,,7.5507,10.6276,0.2017,579449.0358,469130.0206
920964.BJ,20260415,0.7464,0.8,,1.7419,1.469,0.3448,151500.64,85664.3975
300354.SZ,20260415,3.9029,1.36,40.8535,6.1602,9.5103,0.4819,506943.5367,297995.997
600455.SH,20260415,2.5817,0.79,35.5684,4.8582,5.2685,,157956.282,157956.282
600525.SH,20260415,0.9213,0.77,,1.9349,0.9333,,727966.6439,727966.6439
600380.SH,20260415,1.2961,1.69,15.5474,1.3679,1.3647,1.7621,2076429.5931,2076429.5931
603191.SH,20260415,5.2366,1.44,99.833,2.7915,1.7648,0.2403,691275.9187,691275.9187
300633.SZ,20260415,1.3621,0.94,173.479,3.7221,5.5951,0.3702,1160967.3826,719020.4298
002500.SZ,20260415,0.4114,0.62,22.3469,1.1118,5.9081,1.7637,2035400.4671,2035400.4671
002312.SZ,20260415,1.8132,1.15,39.3231,2.2285,2.2522,1.2434,2142549.9919,2138134.7897
688592.SH,20260415,4.2496,1.53,237.503,3.6811,6.5352,0.2111,346785.2463,166028.8416
920415.BJ,20260415,1.1435,0.68,70.5654,3.1423,10.0912,0.2788,175077.3128,134856.2534
301320.SZ,20260415,2.0697,0.63,149.5796,2.9339,3.3972,0.5766,311055.09,116569.4801
601330.SH,20260415,2.1632,0.89,18.5107,1.4202,3.2348,3.6188,1143037.1641,790286.8203
603365.SH,20260415,0.5173,0.77,14.0495,1.8512,1.2189,5.2099,546779.7929,541168.1909
603161.SH,20260415,1.0728,0.96,30.5034,1.8836,1.2412,1.1312,281307.9491,276013.4413
688323.SH,20260415,3.5215,0.96,,4.9094,9.6115,,371703.6674,371703.6674
301602.SZ,20260415,0.6933,0.93,58.2852,6.3678,22.507,0.5271,828817.8495,403446.3216
002742.SZ,20260415,0.673,0.75,,18.8515,3.5275,,317423.347,243117.4971
920599.BJ,20260415,0.7281,0.76,10.2055,2.3754,1.3408,3.6981,856596.3,649263.6888
688365.SH,20260415,2.596,0.65,,8.3185,13.8959,,785646.542,785646.542
603173.SH,20260415,0.7949,0.84,16.6909,3.5115,2.2882,1.1912,664960.0,664960.0
000570.SZ,20260415,14.4913,7.69,85.1202,1.2564,1.7469,0.1631,432589.5068,340639.5068
003021.SZ,20260415,1.6319,1.06,105.0925,5.2391,15.5778,0.2846,2672419.6557,2071176.7618
688206.SH,20260415,0.8535,1.0,387.1884,7.1111,29.3044,0.0912,1426948.18,1426948.18
600259.SH,20260415,4.1818,0.77,242.8662,8.8748,5.3228,,3097901.8593,3097901.8593
300647.SZ,20260415,1.8783,0.78,,5.0003,3.6354,,286282.961,285857.9815
300276.SZ,20260415,1.6106,1.0,198.5848,4.868,5.9625,,965318.6201,728358.478
300122.SZ,20260415,1.1446,0.81,,1.2862,3.4577,,3772612.6413,2228946.6468
301387.SZ,20260415,5.6918,0.57,158.6005,3.9687,4.2425,0.2444,653613.1301,261356.1159
002419.SZ,20260415,1.7974,0.94,80.7923,1.651,0.5814,1.0435,672087.4563,672002.7731
300031.SZ,20260415,1.5303,0.88,48.3897,2.1566,2.6457,0.478,876018.0859,736178.7581
600893.SH,20260415,1.1116,0.77,214.9442,3.3924,2.9428,0.1896,13634514.5274,13632113.1372
688029.SH,20260415,0.4728,0.42,24.7777,3.4382,4.427,1.9846,1412612.6134,1412612.6134
301116.SZ,20260415,0.7077,1.08,,3.1325,0.2412,0.6803,462000.0012,461997.6859
300885.SZ,20260415,5.5694,1.08,109.0134,6.7534,22.5438,0.4984,602016.2668,405185.1222
688199.SH,20260415,2.898,1.32,155.9946,1.6685,2.9149,,433217.6234,433217.6234
603087.SH,20260415,2.0437,2.06,42.5587,3.492,10.2403,1.5166,3939823.5755,3679635.1937
600579.SH,20260415,0.7872,0.95,,2.3663,1.0769,,387970.1966,387970.1966
603559.SH,20260415,0.5722,0.8,,2.998,6.813,,285307.9321,285307.9321
002658.SZ,20260415,2.128,1.08,35.3817,2.0285,3.8213,2.9236,534039.1762,301191.6592
603867.SH,20260415,1.7679,0.61,30.2054,2.3883,2.3536,1.2241,699872.339,694079.939
688658.SH,20260415,5.0773,2.24,,2.7976,3.7916,,927450.0,927450.0
601279.SH,20260415,0.5013,0.65,,1.5042,1.4538,0.2525,627971.2501,627971.2501
600908.SH,20260415,0.6788,0.99,5.408,0.5564,2.5911,5.7996,1248773.8845,1137608.9064
001335.SZ,20260415,3.3518,1.34,38.1885,4.0885,2.8335,0.3579,392862.496,107055.0297
301252.SZ,20260415,7.5863,1.06,56.1936,4.9361,5.3129,0.4505,643733.5738,179854.7938
300180.SZ,20260415,1.2103,0.51,158.2582,2.2564,2.6426,0.0833,1056636.093,1027601.4852
605339.SH,20260415,0.1694,0.82,169.5356,2.0163,2.2497,1.0377,689472.251,689472.251
002923.SZ,20260415,4.6807,0.55,,4.1894,3.6873,1.145,438710.2047,338091.1312
603810.SH,20260415,0.8485,0.75,90.7457,1.6848,2.233,,258592.8908,258592.8908
300840.SZ,20260415,3.7274,0.67,,3.4765,6.5627,0.54,444480.0,327961.67
003008.SZ,20260415,2.5353,0.81,27.1812,2.2577,10.3004,4.3384,239720.0,179151.9852
688198.SH,20260415,0.2492,0.7,63.6736,10.6529,20.7309,0.8411,1306816.5378,1306816.5378
601126.SH,20260415,4.4406,1.28,45.2782,7.6682,4.5811,1.5984,3753428.5975,3717009.727
688125.SH,20260415,1.0455,0.58,,11.128,29.2752,,2033612.8273,2022801.2428
002306.SZ,20260415,2.1549,0.45,,29.9733,6.2701,,207873.2375,194536.5325
920832.BJ,20260415,0.5278,0.58,,1.2433,2.3451,1.2048,92139.2064,81898.8124
600718.SH,20260415,0.6621,0.69,,1.1455,0.8934,1.6416,1086366.4776,1086366.4776
300530.SZ,20260415,1.51,1.08,,77.9749,33.1412,,417669.8389,417669.8389
688115.SH,20260415,1.0743,1.09,,2.1462,10.5292,1.0787,271946.93,271946.93
600814.SH,20260415,0.8262,1.03,24.8555,1.4929,3.2823,2.3453,557924.6559,557924.6559
601212.SH,20260415,2.4111,1.24,330.7205,3.7916,0.6472,0.0506,5849771.8637,5849771.8637
603211.SH,20260415,7.0907,1.73,116.3168,5.9546,5.7643,0.223,731435.328,731435.328
300317.SZ,20260415,5.7816,0.77,,2.5521,6.9192,,397660.246,397049.521
300118.SZ,20260415,6.9466,1.3,,1.783,1.1867,,1875322.8046,1524628.9016
603518.SH,20260415,0.8337,0.88,11.8924,0.8473,0.7145,3.4927,307708.6177,306569.9197
600691.SH,20260415,1.8548,0.6,,2.0563,0.7086,,743682.351,743558.403
001269.SZ,20260415,1.8506,0.68,,4.9403,8.7858,,431580.0913,431580.0913
000789.SZ,20260415,0.6846,0.82,139.8776,0.6268,0.891,2.8048,405880.8512,405880.8512
600435.SH,20260415,1.9647,1.24,186.8332,7.7236,5.3757,0.1339,2253413.046,2253413.046
002184.SZ,20260415,2.3368,1.34,,3.4551,1.5355,,403990.8088,275946.4866
601988.SH,20260415,0.1096,1.05,7.6767,0.6925,2.8339,3.7447,186560986.4403,122033233.0958
920834.BJ,20260415,1.1032,0.75,29.8354,4.5549,4.5517,1.9658,140400.0059,73471.8336
600236.SH,20260415,0.1502,0.74,23.2655,4.1812,7.3417,1.7562,7630141.7123,7630141.7123
688667.SH,20260415,5.5712,1.0,53.3084,4.0452,6.0569,0.0717,723034.3655,723034.3655
920978.BJ,20260415,1.9228,0.74,27.2499,6.0226,4.1777,1.9202,471854.6146,264550.4987
002745.SZ,20260415,1.9706,0.76,56.7198,0.9379,0.7386,0.5945,1248183.9416,895392.5404
603871.SH,20260415,2.0928,1.38,18.09,3.4934,2.1876,3.4595,1920684.1558,1920684.1558
300363.SZ,20260415,3.5558,1.31,125.1148,2.2527,3.5246,,1205354.7464,1106463.4619
600620.SH,20260415,0.8114,0.97,67.5283,2.828,8.5895,0.2455,419559.716,419559.716
600056.SH,20260415,4.6767,1.11,30.7118,1.4072,0.4914,0.9445,1667905.919,1667316.898
002431.SZ,20260415,3.1918,0.61,,4.1867,1.7701,,466822.8341,466822.8341
920152.BJ,20260415,1.3132,0.62,,8.1373,2.8215,,169573.4091,125131.5457
688376.SH,20260415,2.4646,1.02,85.2037,5.1004,5.1475,0.2711,991396.7495,991396.7495
002971.SZ,20260415,2.5071,0.8,103.7874,3.9432,3.7667,0.337,626794.8,476573.4562
301299.SZ,20260415,3.7762,0.61,62.3929,6.9711,11.5056,2.5063,409561.3385,301824.1617
301386.SZ,20260415,5.18,1.35,37.504,2.4516,6.7872,1.9253,363580.0,116865.0
301587.SZ,20260415,10.3867,0.89,86.1758,2.0091,6.0696,1.7969,397491.0519,198176.3019
688221.SH,20260415,4.6529,1.38,,8.7389,53.7873,,772755.7611,772755.7611
603931.SH,20260415,1.4267,1.67,43.5542,3.4448,8.881,0.7899,555770.0883,555770.0883
688567.SH,20260415,1.1878,1.05,,1.7579,1.7907,,1626620.2709,1626620.2709
688530.SH,20260415,13.6458,0.85,,6.3069,9.3277,0.2047,508302.361,215263.5759
301363.SZ,20260415,1.7562,0.93,47.1751,4.0528,9.0797,0.5801,1481909.4239,972193.8358
920533.BJ,20260415,1.5536,0.69,81.1291,7.9942,4.2282,0.6819,294988.532,164997.372
600301.SH,20260415,4.4681,1.23,51.4678,7.0043,5.8793,,3147655.7755,1370070.3487
600170.SH,20260415,1.5516,0.91,19.7523,0.7745,0.1186,2.1818,2443633.4296,2443633.4296
603589.SH,20260415,0.4413,0.91,13.7551,1.4272,3.0967,5.2061,1494700.5605,1494700.5605
002442.SZ,20260415,1.8837,0.44,31.9754,1.5864,0.6503,2.0762,290901.5634,284759.1464
688169.SH,20260415,1.5788,0.99,21.6455,2.1007,1.5815,0.6713,2943966.5532,2943966.5532
600149.SH,20260415,6.3752,0.9,133.681,9.225,10.3386,,215170.56,215170.56
300478.SZ,20260415,1.8639,0.74,,78.6299,8.1452,,319089.287,319089.287
002209.SZ,20260415,2.1074,0.77,22.774,3.6366,1.5755,0.3467,298543.575,234469.3845
601019.SH,20260415,1.1097,1.1,13.7771,1.0513,1.4467,4.7742,1617347.5,1617347.5
300237.SZ,20260415,2.2725,1.78,,,1.8493,,338850.0086,338846.8361
002212.SZ,20260415,1.9469,1.22,522.8261,0.9454,3.6053,0.2644,879872.5937,870470.05
002347.SZ,20260415,7.5276,1.01,,3.6335,3.586,0.2427,415874.6754,406547.5104
688322.SH,20260415,1.8848,0.87,256.615,10.9529,34.6678,,3261302.6712,2590839.067
688225.SH,20260415,0.7315,0.88,,3.8657,0.8671,,671216.78,671216.78
300692.SZ,20260415,1.9853,0.66,66.6874,1.5667,4.741,0.2684,463839.5777,422582.5288
300768.SZ,20260415,3.1197,1.52,55.4969,3.082,9.0979,0.4661,1091290.2211,713031.7668
600865.SH,20260415,1.2714,0.87,169.3809,1.8571,23.1061,1.5873,426656.5183,426656.5183
601898.SH,20260415,0.5197,0.93,12.5517,1.4018,1.5161,2.5044,22446917.1362,15494336.6772
301075.SZ,20260415,2.7652,1.4,,9.0868,30.6257,,542400.0,542400.0
603170.SH,20260415,0.8292,0.95,20.9376,3.7323,1.846,2.9613,526813.17,526813.17
688010.SH,20260415,2.4684,0.73,427.7696,3.1326,8.0409,0.1667,543019.2568,543019.2568
688119.SH,20260415,1.5362,1.66,,2.0347,2.8675,,572625.0,572625.0
301505.SZ,20260415,3.0502,0.94,113.6104,2.5855,9.287,0.9051,251451.1802,171865.0753
002541.SZ,20260415,0.5171,0.47,23.7827,1.5232,0.6767,1.6972,1458008.7799,1048410.9268
002478.SZ,20260415,4.4952,0.7,16.0306,1.6701,1.7138,1.9945,986380.6297,791382.7121
300638.SZ,20260415,2.1217,0.85,64.5219,3.5771,3.2045,1.4031,2239171.9516,1320817.2232
600660.SH,20260415,0.5418,1.05,16.543,4.1019,3.3645,4.5739,15405316.0694,11823628.3178
600016.SH,20260415,0.4244,1.09,5.3433,0.2892,1.1431,5.3083,16330842.1012,13227371.9584
601619.SH,20260415,3.803,0.99,22.5524,2.0456,6.4444,2.5963,1610763.9579,1346381.488
300162.SZ,20260415,10.5395,1.21,,4.4397,3.3833,,396856.4884,323685.0439
301079.SZ,20260415,30.3893,1.34,,11.1013,19.6474,0.0417,524944.4356,335041.934
601595.SH,20260415,0.8727,0.84,90.1822,6.4383,12.9013,0.1954,1100779.2,1100779.2
600398.SH,20260415,0.9457,1.31,15.0337,1.7772,1.5057,2.6549,3256278.2607,3256278.2607
920885.BJ,20260415,3.5589,1.38,100.423,8.3275,17.2306,0.2246,340444.0607,176386.8696
000883.SZ,20260415,0.2972,0.6,17.3999,0.8863,1.8916,1.9702,3298994.6356,3019486.8216
600408.SH,20260415,2.8801,0.62,,2.3361,0.5975,,317142.0,317142.0
688096.SH,20260415,4.8679,1.72,,2.2252,4.2202,1.2275,199929.855,199929.855
603269.SH,20260415,17.782,2.92,45.9677,5.1242,2.8438,1.3554,488136.5452,488136.5452
301251.SZ,20260415,10.6791,0.84,115.8228,5.7936,6.4726,0.1983,909552.3386,364615.4921
600055.SH,20260415,0.3999,0.9,,2.3121,7.6518,0.8868,1030687.511,1030687.511
001322.SZ,20260415,0.448,1.03,105.7353,1.5067,1.0512,1.7673,711831.9386,578211.0208
002669.SZ,20260415,1.8289,0.9,,1.4856,0.8631,,403218.6,402311.9562
002510.SZ,20260415,2.0772,1.03,125.9199,2.8675,3.0997,0.4249,716687.9278,709421.9439
002041.SZ,20260415,1.0685,0.75,175.5421,2.5211,7.7338,0.2794,913440.0,913440.0
002370.SZ,20260415,14.5459,1.52,41.569,5.0014,17.1667,,560741.9826,560741.9826
603339.SH,20260415,0.6094,0.84,25.9904,1.5576,2.4413,1.7608,405677.3804,405677.3804
603508.SH,20260415,0.8131,0.66,16.6524,2.3127,6.0944,13.5376,926115.4617,926115.4617
000878.SZ,20260415,3.1685,1.28,35.9643,2.7783,0.2607,1.0274,4680605.1972,3866988.1633
920768.BJ,20260415,1.4884,1.01,22.9957,1.7664,0.6844,,124952.22,86132.566
000888.SZ,20260415,3.6472,1.47,29.2351,2.4539,6.9936,2.6442,657587.5513,657587.5513
600725.SH,20260415,1.6782,1.11,,18.2076,7.8444,,510242.58,510242.58
002616.SZ,20260415,1.9508,0.68,17.5079,1.3552,1.3383,2.2687,490612.5461,335451.233
002875.SZ,20260415,2.6801,1.09,,6.3263,7.3132,,406436.1918,348088.9603
300034.SZ,20260415,1.996,0.92,174.0702,4.0193,4.1174,0.5236,1522196.5853,1465078.3486
688636.SH,20260415,3.8635,1.36,75.6445,5.5364,10.9049,0.2068,773013.9658,745103.8152
000620.SZ,20260415,9.0339,2.89,,3.8338,8.8027,,1714569.9917,1364150.654
300130.SZ,20260415,1.7643,0.62,27.9163,2.9725,4.1157,2.1673,1308759.0768,1001610.4259
600851.SH,20260415,2.1924,0.89,65.3552,2.1868,12.9582,0.4728,1021169.9614,624522.3691
000582.SZ,20260415,1.2182,0.85,25.5582,1.322,3.4844,1.1356,2653007.0419,2273318.027
002422.SZ,20260415,2.5991,1.59,33.521,2.3551,3.0817,1.7539,5705050.538,4662016.6079
300505.SZ,20260415,7.1504,0.85,16.3898,2.5487,1.8254,1.1086,743791.5172,588179.4667
002053.SZ,20260415,0.7118,0.63,43.4458,1.3845,4.115,2.9596,1026613.3524,1026606.077
603237.SH,20260415,0.7288,0.94,31.7954,1.921,1.5488,2.8545,338964.7636,337140.1687
688729.SH,20260415,3.4119,1.35,101.0773,7.604,13.3562,,6780054.64,493212.138
300440.SZ,20260415,1.8457,0.78,145.2066,4.4712,7.1322,0.3509,716412.058,713649.151
301199.SZ,20260415,1.7664,0.97,35.6701,2.1919,4.0007,0.6297,419274.296,161040.446
000632.SZ,20260415,4.4902,0.61,,2.3845,0.3711,,209949.3261,209932.2043
001386.SZ,20260415,2.3721,0.85,18.7043,1.9643,3.4627,1.5306,2342043.2,191807.9598
000504.SZ,20260415,0.6734,1.07,,13.7006,26.4609,,332003.2366,331097.1324
002001.SZ,20260415,1.8186,1.1,15.6195,3.5597,5.0047,1.9099,11245649.9271,11111877.7946
688131.SH,20260415,1.7909,0.95,65.3599,5.3953,5.6458,0.3001,1619413.643,1619413.643
300905.SZ,20260415,9.2526,1.56,49.6077,3.6388,4.9035,1.2898,691000.5866,539034.4517
605366.SH,20260415,5.3606,1.26,,3.8411,7.1238,,1040720.1957,1040720.1957
688558.SH,20260415,0.7679,1.01,25.1707,2.3039,3.1139,1.9888,395208.0,395208.0
603007.SH,20260415,2.6881,1.32,,19.2371,14.5355,,596251.4721,468490.0055
300189.SZ,20260415,6.7001,0.84,,9.4268,35.7409,,688128.0,595553.3297
002266.SZ,20260415,1.3478,0.82,24.5721,1.956,1.053,1.1244,2296479.4169,2154592.4611
300623.SZ,20260415,1.6826,0.96,48.8323,4.0332,7.1245,0.5245,2379748.5683,2194773.1777
603062.SH,20260415,2.4187,0.74,25.4431,2.56,3.1242,3.4854,534816.0,183585.9912
300585.SZ,20260415,7.4413,1.23,,4.7355,6.482,,302524.4442,302524.4442
601717.SH,20260415,0.9353,0.77,8.4417,1.4985,0.8764,5.5172,3624361.8579,3130596.4319
603030.SH,20260415,1.4716,0.82,,3.4795,3.5734,,308162.4437,308162.4437
300735.SZ,20260415,1.0116,0.81,52.3805,3.4554,2.1446,1.1241,1706832.5723,1684496.0329
603202.SH,20260415,6.3715,0.59,14.8834,2.4491,3.7505,3.5253,1584000.0,329294.1762
600699.SH,20260415,2.5005,0.82,29.6613,2.2873,0.6476,1.0097,3962218.7885,3462162.0604
600538.SH,20260415,1.9484,0.76,,4.3482,10.6146,,335486.9427,335486.9427
301318.SZ,20260415,1.065,0.86,29.5601,1.9216,4.8819,1.4016,360842.1263,236784.9224
300474.SZ,20260415,2.6021,1.4,,4.5603,61.1577,0.0986,3179615.3527,2472988.6313
301501.SZ,20260415,1.62,0.94,22.9491,2.699,3.0615,0.9154,557139.3,163864.5
300473.SZ,20260415,1.9595,0.78,63.5309,2.712,1.1649,,555972.8733,483160.9614
600727.SH,20260415,3.2733,0.8,95.2995,1.1406,0.7166,0.7246,364722.3632,364722.3632
002871.SZ,20260415,5.1802,2.29,32.0242,4.2119,7.1647,1.8967,461899.9517,273991.3984
603281.SH,20260415,0.7166,0.56,28.5026,2.834,6.8746,2.7705,1331680.0024,1331680.0024
300005.SZ,20260415,2.3955,0.98,337.9674,6.1117,8.9185,0.0791,1281368.1697,1271046.4172
002938.SZ,20260415,1.8353,1.06,36.8497,4.0349,3.5185,1.6829,13773859.1371,13722652.223
002659.SZ,20260415,1.1887,0.64,,1.4206,8.9373,,307516.1174,307514.672
002883.SZ,20260415,1.8477,0.75,,2.2952,4.9686,0.2099,148817.7792,146118.7717
300713.SZ,20260415,3.03,0.8,,5.0542,6.6841,,257921.3163,144801.7643
603610.SH,20260415,1.7869,1.83,36.1351,1.7397,1.8545,0.6431,548901.9707,548901.9707
301512.SZ,20260415,2.3254,0.72,65.8971,2.4278,4.1503,0.8168,244853.6394,113918.3194
920748.BJ,20260415,2.079,0.49,,12.789,27.5615,0.2716,282556.68,131322.3372
688139.SH,20260415,1.6109,1.33,40.9106,2.3989,4.4049,1.4361,1025753.5602,1025753.5602
002521.SZ,20260415,3.5538,1.76,31.6964,1.243,1.4621,4.5662,490613.4798,366525.2635
603358.SH,20260415,2.3545,0.82,36.6344,4.0715,2.9561,1.5333,1531832.1708,1484340.3267
300731.SZ,20260415,5.4551,0.67,277.8837,14.957,7.7646,0.1082,934795.9771,887162.7732
000910.SZ,20260415,0.4357,0.76,286.483,0.5741,0.8352,2.7221,382083.455,381932.338
002933.SZ,20260415,1.2491,0.84,97.8043,2.5061,9.3359,0.0608,386081.5,384086.7171
600867.SH,20260415,7.7277,1.72,16.7594,2.8821,7.4944,2.3649,2054511.4276,2054511.4276
600389.SH,20260415,2.3765,0.85,26.2578,3.2173,2.22,1.8868,1255344.75,1255344.75
002172.SZ,20260415,1.8754,0.85,70.8405,16.6264,1.6189,,292509.7615,292283.7589
300985.SZ,20260415,1.2523,1.01,,4.0161,2.9186,,405291.619,403115.2161
600495.SH,20260415,1.7482,0.71,184.4825,1.6189,4.0866,0.3189,530395.799,530395.799
301263.SZ,20260415,1.7059,1.37,524.7076,7.0467,18.1179,0.6931,1222028.82,871899.15
301103.SZ,20260415,1.1941,1.01,287.5866,1.5996,2.8127,0.7626,305465.1684,305465.1684
300201.SZ,20260415,6.3556,1.64,39.8995,6.7056,7.1692,0.2421,1233051.2878,1226547.2025
605218.SH,20260415,0.8786,0.75,90.4775,2.4664,2.0135,0.2646,442408.4217,387782.5641
002245.SZ,20260415,6.7402,0.65,30.9151,2.8744,2.7077,0.3409,2196855.2624,2066868.8778
000703.SZ,20260415,3.281,1.44,26.641,2.2185,0.5043,0.2813,5865362.7289,5835933.3251
688005.SH,20260415,3.1987,1.08,,2.7535,1.7945,1.1843,2201354.4476,2201025.7562
920039.BJ,20260415,0.3459,0.75,44.626,2.7271,5.0627,2.1008,146436.64,146436.5448
601398.SH,20260415,0.0831,0.83,7.2526,0.6926,3.1888,4.08,267304692.8168,202209159.4043
002031.SZ,20260415,1.6769,0.8,,6.3236,19.4581,,1343830.7544,1184578.4441
920261.BJ,20260415,0.4446,0.61,21.6075,2.4935,0.5481,2.063,411079.4402,241735.106
300341.SZ,20260415,1.6526,1.91,42.1438,4.0142,5.3028,0.4689,772493.6316,769445.2242
605123.SH,20260415,3.6477,1.69,48.0124,2.6491,3.4201,0.758,1211708.92,1211708.92
600717.SH,20260415,0.5812,0.91,13.2793,0.6478,1.0181,2.3111,1302300.4671,1302300.4671
301262.SZ,20260415,2.7552,0.69,24.6318,2.6521,10.2851,2.6898,961185.0,281383.7786
601000.SH,20260415,0.6874,0.89,14.2339,1.324,5.0045,4.1667,2844445.7347,2844445.7347
002262.SZ,20260415,1.0803,1.38,18.9112,2.8692,3.8603,1.5733,2325135.4885,2023266.5016
600138.SH,20260415,1.3098,1.33,80.3335,1.0633,0.5943,0.7519,673895.04,673895.04
300324.SZ,20260415,2.2337,0.87,,2.9817,2.9178,,822333.1232,813955.6436
920592.BJ,20260415,2.3225,0.5,,7.4728,13.7304,0.4862,255635.38,159103.9896
603843.SH,20260415,3.5734,0.92,,20.1045,4.7285,,562497.0825,562497.0825
300850.SZ,20260415,5.5411,1.0,21.6315,2.5284,3.8243,0.1979,1769802.8588,1285555.9192
300082.SZ,20260415,5.6599,1.17,,2.7776,1.7143,,760349.7876,758363.3956
002708.SZ,20260415,2.4717,0.48,99.0953,4.3555,2.9579,,737472.5327,677853.3949
600733.SH,20260415,0.9334,0.8,,5.7011,2.2801,,4577983.6987,3517140.8712
600119.SH,20260415,0.9766,0.78,,17.9967,9.5557,,214778.9776,214778.9776
301321.SZ,20260415,4.0783,1.29,,4.2406,1.3343,,412021.35,326240.8387
688813.SH,20260415,43.0462,1.23,54.6447,6.4243,4.6573,,1115360.0,209666.5997
688002.SH,20260415,1.9149,0.82,50.1051,8.4726,8.9385,0.1279,5634940.9287,5634940.9287
000860.SZ,20260415,0.6414,0.91,,1.3848,1.2588,1.1512,966522.3867,966522.3867
300257.SZ,20260415,1.6844,1.02,74.2339,4.5401,6.572,0.3311,3000777.7544,2883164.404
301628.SZ,20260415,8.4078,0.99,67.4961,6.9618,8.557,0.3695,815943.035,301755.535
600517.SH,20260415,0.51,1.3,15.7373,1.6001,4.8486,1.4352,3705546.3621,3705546.3621
000572.SZ,20260415,2.2187,0.7,,5.6732,4.8106,,953889.1271,952506.7789
001256.SZ,20260415,2.0711,0.44,36.7814,2.774,6.4892,0.8462,335282.1239,251351.4239
300493.SZ,20260415,1.6718,0.81,177.9153,6.9283,2.8586,0.2225,806195.6069,796899.5702
002127.SZ,20260415,0.7921,0.69,,1.6418,2.3277,1.4337,684908.8424,556530.5062
603333.SH,20260415,1.2504,0.76,,2.3612,3.4211,0.1253,482305.4067,482305.4067
600821.SH,20260415,20.5834,2.01,28.1594,1.8701,4.7999,2.2624,1739115.2585,1739115.2585
600653.SH,20260415,1.0274,1.02,592.3641,4.6863,0.7937,,342562.9358,342562.9358
002344.SZ,20260415,0.6612,0.91,74.8283,0.6822,5.5211,0.852,572047.1642,571526.741
301162.SZ,20260415,3.3218,1.03,67.7001,5.5672,12.2924,0.8798,881814.3483,566829.8256
920077.BJ,20260415,2.5738,0.79,56.7991,3.8586,3.9989,,1014338.8161,523588.0892
300283.SZ,20260415,14.3732,1.51,180.0435,4.0612,1.2397,,453244.1385,334903.2738
688156.SH,20260415,7.3575,1.42,,3.2538,6.4818,,248058.9687,248058.9687
001369.SZ,20260415,8.9561,0.87,34.4102,2.6785,5.1223,,1821436.0,319234.6681
002105.SZ,20260415,1.4906,0.66,,2.7142,1.8327,,226703.7671,225607.5335
601728.SH,20260415,0.1273,0.97,16.0763,1.1577,1.0183,4.6981,53348661.8615,45258131.8315
002461.SZ,20260415,0.5308,0.69,23.485,1.9232,3.6113,1.7727,2122582.0123,2122582.0123
301246.SZ,20260415,15.9761,0.93,689.8973,2.2633,5.5575,0.1213,981216.6804,417199.9849
603699.SH,20260415,0.7553,0.88,27.4935,10.6385,5.3662,3.3457,3963246.1797,3875625.6255
002293.SZ,20260415,0.7343,0.85,16.7619,2.1405,1.8071,5.8383,857190.0705,849727.3949
600098.SH,20260415,0.6554,0.89,10.8073,0.9218,0.493,5.1753,2506693.4614,2506693.4614
688693.SH,20260415,17.1792,0.73,,8.4852,26.4874,,674284.2149,356014.2925
300654.SZ,20260415,1.9863,0.82,103.845,4.533,7.3819,0.5203,386993.9686,372340.4414
300288.SZ,20260415,1.2781,0.81,,3.9157,13.9601,0.119,426144.1079,323534.0021
002437.SZ,20260415,18.5728,2.62,23.1326,4.0802,4.0829,,871878.4373,815645.4135
002783.SZ,20260415,2.5376,0.99,27.9905,1.829,1.3008,1.0417,479383.3411,442740.8266
002732.SZ,20260415,0.8073,0.79,43.8259,1.6738,1.5928,0.9346,252546.75,251288.7045
002752.SZ,20260415,1.8263,0.38,20.197,1.7479,0.8647,1.5748,620343.2272,619459.5301
603997.SH,20260415,0.9229,1.0,35.7623,3.0287,0.712,,1622137.7016,1622137.7016
301526.SZ,20260415,14.5059,0.85,704.9421,6.5483,6.412,,5377272.0964,2002664.3082
000998.SZ,20260415,1.1834,0.73,,2.5276,1.6995,0.4057,1448875.7881,1296639.8384
300135.SZ,20260415,1.9284,0.83,662.9868,3.6462,2.5372,0.2674,344678.4,344678.4
600410.SH,20260415,12.5948,0.78,49.4111,6.2137,6.6004,0.0246,2947377.7079,2947377.7079
600654.SH,20260415,16.7675,0.83,61.3353,7.337,3.7612,,1269018.9042,1021987.4339
601566.SH,20260415,0.6197,0.8,17.5183,1.5092,2.0213,2.8011,615436.3877,615436.3877
688023.SH,20260415,2.2837,0.9,,2.2183,2.3939,,515029.4637,515029.4637
603496.SH,20260415,3.8264,1.01,264.5039,6.6538,8.829,0.0866,924123.8753,924123.8753
300177.SZ,20260415,1.4346,0.89,,3.9136,5.0749,,590870.2384,481404.7813
603966.SH,20260415,3.2747,0.6,24.3397,2.6904,2.3077,1.643,558139.3804,556810.9904
002739.SZ,20260415,0.9742,0.72,,2.7058,1.6892,,2077990.2487,2066313.8488
300572.SZ,20260415,3.0,0.79,,3.8021,15.0438,,673456.0961,539959.074
002125.SZ,20260415,2.4059,0.98,37.1889,2.7807,4.3938,1.1869,848580.2497,848580.2497
003017.SZ,20260415,1.649,0.61,27.7648,2.3956,2.6066,1.9505,256872.0,211882.6673
600748.SH,20260415,1.8996,1.81,,0.9563,2.9451,,997908.5246,997908.5246
000965.SZ,20260415,2.1025,1.05,209.7248,0.7398,1.4367,0.2755,402868.6149,402868.6149
603275.SH,20260415,4.3957,0.69,35.6078,2.3596,9.6958,0.3633,690450.1605,192768.4043
300838.SZ,20260415,2.0246,0.67,418.1809,2.0814,2.1764,1.0074,205449.242,151513.0089
600323.SH,20260415,1.0089,1.83,12.5451,1.6868,1.8329,3.6232,2362876.0291,2362876.0291
002088.SZ,20260415,0.5551,0.87,21.2614,1.9789,1.8595,7.984,514148.8312,506802.9608
600103.SH,20260415,11.473,1.12,163.5005,2.2573,3.6961,0.3024,894089.8721,882719.2898
920663.BJ,20260415,1.8477,0.42,25.0942,5.2756,5.5061,3.2668,214218.226,102778.7381
002027.SZ,20260415,0.6672,0.72,16.7629,6.3622,7.2169,6.0317,9098585.8274,9098585.8274
688092.SH,20260415,1.4889,1.38,46.5964,3.5957,5.274,0.9756,237244.9338,237244.9338
002121.SZ,20260415,2.6703,1.44,,36.1089,2.0397,,1287132.9332,1084938.8944
002282.SZ,20260415,0.9699,0.97,23.4341,1.0016,2.1404,2.907,362464.7834,347443.2253
001223.SZ,20260415,0.6796,0.38,71.4135,2.4904,5.7161,0.2061,485243.696,485243.696
300460.SZ,20260415,1.399,1.23,,4.3414,4.5681,,242334.0686,242334.0686
002069.SZ,20260415,1.5724,1.14,,145.1927,1.755,,263111.5118,262779.9918
300099.SZ,20260415,4.2353,0.93,36.1307,2.7748,11.4315,2.5501,662064.199,522023.7804
301051.SZ,20260415,1.931,0.88,,2.0374,2.5547,0.1883,449335.1681,356310.6288
603109.SH,20260415,3.3269,1.82,36.0627,2.4712,1.6475,1.2793,482439.7116,482439.7116
002873.SZ,20260415,8.7292,0.51,267.9081,1.9431,3.2559,0.5784,244103.806,239690.548
688190.SH,20260415,1.186,1.24,35.9116,4.023,5.5949,1.6232,1057200.0,1057200.0
920139.BJ,20260415,1.7762,1.25,,4.5858,15.1346,,478645.1282,461635.2964
002310.SZ,20260415,5.2145,0.76,,11.7535,51.8007,,1805795.9572,1263913.9648
300415.SZ,20260415,1.5738,1.21,17.3546,3.8496,2.1078,1.9142,1200456.0592,1160822.0601
002569.SZ,20260415,1.3044,0.58,,65.7372,15.8588,,189661.17,184322.6117
600279.SH,20260415,0.451,0.59,119.428,0.8649,1.3016,0.8147,582751.345,582751.345
002682.SZ,20260415,2.5261,0.72,,3.1278,1.4401,,336858.7878,336853.7562
600802.SH,20260415,1.8722,0.69,,2.3264,1.488,,257535.6008,257535.6008
300805.SZ,20260415,1.7463,0.73,104.986,2.7921,1.7535,0.1947,435902.0901,296136.8385
300520.SZ,20260415,11.069,2.89,,6.1098,6.5556,,1081098.8286,1029187.219
002330.SZ,20260415,2.1581,1.06,,1.334,0.9328,,305586.6545,305520.9619
688577.SH,20260415,0.7751,0.78,155.9728,7.2863,8.4003,0.6448,739676.3587,739676.3587
301151.SZ,20260415,0.5939,0.8,38.9728,1.541,3.5738,1.6702,315361.6506,315062.5401
603599.SH,20260415,1.2988,0.95,17.829,1.2966,3.3874,1.9014,1292582.4699,1292582.4699
000547.SZ,20260415,15.3026,1.69,,9.4086,18.6166,,4422961.7003,4397097.9786
002453.SZ,20260415,1.7967,1.01,,4.2725,11.2288,,391560.9547,295351.8316
002493.SZ,20260415,0.5009,0.86,165.3918,2.7869,0.394,0.7861,12177130.1076,11412519.9764
002810.SZ,20260415,2.7838,0.54,54.2074,3.648,4.257,0.4248,815365.4052,755594.8994
301323.SZ,20260415,4.8348,0.79,46.9309,3.1,7.1078,0.9266,670382.5928,429655.6421
600502.SH,20260415,3.984,0.81,6.5926,0.8431,0.1209,4.9488,1005888.8877,1005888.8877
301580.SZ,20260415,6.4629,1.16,40.7522,3.537,7.4208,0.671,737320.0315,498285.5676
601010.SH,20260415,2.7884,0.75,40.6962,1.0145,2.5724,4.337,434280.0,434280.0
301126.SZ,20260415,3.1619,1.06,,1.3382,0.4329,0.9153,232927.2288,156359.627
688581.SH,20260415,0.5327,0.74,20.3736,1.8044,7.6014,2.4495,453959.1541,232568.0868
688019.SH,20260415,1.7634,1.12,55.8459,10.6191,17.6012,0.1318,4407233.8633,4407233.8633
300125.SZ,20260415,2.3119,1.22,301.4269,5.82,49.0524,,612581.988,331945.5238
002524.SZ,20260415,2.6105,0.9,,18.8929,2.4698,,211801.2769,209962.3602
603099.SH,20260415,3.0245,2.05,75.4861,6.5244,12.3942,0.2226,976395.7581,956011.95
600333.SH,20260415,1.3289,0.92,,1.6909,1.4117,,316086.925,316086.925
002594.SZ,20260415,1.2296,0.78,28.7975,4.1283,1.1684,1.2857,93934486.5122,35922578.8905
002950.SZ,20260415,6.4867,0.89,19.4046,2.3525,2.5274,0.423,877705.8541,626465.3597
300418.SZ,20260415,3.5016,0.81,,4.451,8.1822,,6250422.269,6246109.2102
002048.SZ,20260415,3.3957,1.81,70.1459,2.0271,0.8316,1.6721,2279546.5747,1988148.3071
300438.SZ,20260415,10.5306,0.99,,6.0756,3.1996,,3165526.391,2541788.8928
601636.SH,20260415,1.4114,0.9,28.6159,1.1319,1.0822,0.6982,1713060.5085,1713060.5085
002715.SZ,20260415,2.1828,0.71,,4.5194,3.9567,0.2129,207414.0,207414.0
002858.SZ,20260415,5.2812,0.76,,4.7099,5.2456,,256206.7068,229727.2986
600900.SH,20260415,0.3967,1.39,19.0134,3.008,7.5642,3.5518,64963118.036,64963118.036
301017.SZ,20260415,14.5279,2.97,,3.3191,0.6645,,660327.312,421154.5353
600073.SH,20260415,1.0232,1.21,,1.189,0.2521,1.1765,557949.0358,557949.0358
603916.SH,20260415,1.2779,0.99,40.872,1.0803,1.245,0.9502,455286.0408,448910.0808
688328.SH,20260415,5.4383,0.74,152.8963,4.6084,5.6869,,382547.9948,382547.9948
002579.SZ,20260415,9.3166,0.78,244.5469,3.2187,2.3894,,778638.266,741516.5173
605088.SH,20260415,0.8572,0.64,23.023,2.4228,1.6359,1.5987,695755.8139,685422.7483
002568.SZ,20260415,0.7408,1.03,25.9147,3.7884,6.1365,1.7307,1798884.1316,1317841.4414
001300.SZ,20260415,1.869,1.41,,3.9928,8.2255,0.0586,413687.7261,413687.7261
300462.SZ,20260415,1.2241,0.63,60.9167,1.6251,3.1975,,232326.5245,176959.6418
603536.SH,20260415,1.3575,0.85,,6.0466,1.4443,,243592.6839,241734.9213
600235.SH,20260415,1.9481,1.02,143.4653,1.5462,1.9395,0.2556,233614.5,233614.5
300820.SZ,20260415,2.5348,1.06,48.8235,4.098,6.4874,0.8482,1038588.3064,522346.1222
003000.SZ,20260415,0.6687,0.68,18.6905,3.5019,1.9043,3.8233,466224.5604,318534.345
920402.BJ,20260415,0.9638,0.57,,2.4307,7.9076,0.2252,374789.3395,242311.47
920239.BJ,20260415,0.6041,0.63,21.7255,4.9452,1.2041,1.2041,540032.0891,532203.3439
301236.SZ,20260415,1.5628,0.9,198.3613,2.9486,1.1693,0.2363,4033097.4349,3061123.2536
600726.SH,20260415,3.848,1.18,,8.9986,2.2215,,3700633.3463,3498457.3453
600933.SH,20260415,1.3146,1.19,16.2946,1.9074,2.515,1.6593,1781099.4072,1689882.9916
603767.SH,20260415,0.635,0.94,,4.1965,6.2559,1.0811,570968.275,570968.275
300940.SZ,20260415,3.081,1.49,39.1067,4.3498,6.2024,,517425.5205,365982.1767
601778.SH,20260415,16.9418,2.2,46.9613,1.3654,5.3938,0.4513,2161416.7927,2161416.7927
688317.SH,20260415,1.9221,0.6,,1.1918,31.9511,,399112.1639,399112.1639
600378.SH,20260415,1.0547,0.91,28.9714,2.3088,2.5872,0.8879,4155088.776,3454733.0342
603697.SH,20260415,0.7673,0.73,22.7495,2.3826,2.6567,4.458,422132.1007,422132.1007
301270.SZ,20260415,1.9627,0.77,214.7454,3.2315,16.6835,0.314,318300.0,300770.7225
601900.SH,20260415,1.3831,1.65,10.0656,1.3181,1.2684,4.2603,1138623.3914,1138623.3914
600906.SH,20260415,0.4285,0.47,21.3111,1.7156,7.4349,2.0186,2089780.0,1368007.3078
000058.SZ,20260415,0.4383,0.76,141.5811,4.8797,5.8217,0.1566,982498.1363,785822.0045
600522.SH,20260415,4.5795,0.74,33.1104,2.591,1.8347,1.0732,9488000.0326,9488000.0326
603185.SH,20260415,1.8148,0.69,,1.3578,2.1559,,1649630.4768,1639838.6178
300725.SZ,20260415,4.6458,1.24,45.276,1.2739,4.5999,0.6115,910679.5932,789570.6483
600753.SH,20260415,0.7863,0.5,76.493,42.4236,1.5937,,277750.4531,277750.4531
002972.SZ,20260415,2.5765,0.64,36.0707,2.5679,8.3179,2.329,315383.2816,172616.5758
300670.SZ,20260415,5.622,1.93,,3.5131,7.6512,,200293.7427,142006.7508
000926.SZ,20260415,2.1754,1.26,,0.3767,0.4337,,324964.8139,320934.6656
688651.SH,20260415,4.1956,1.25,,3.1136,9.3773,,292472.721,125890.7185
603900.SH,20260415,1.1591,0.72,,1.3148,1.6618,1.3407,255851.0246,254944.6346
688697.SH,20260415,0.4036,0.82,22.3651,3.6664,2.3393,2.8958,676853.4024,676853.4024
920026.BJ,20260415,3.6631,0.76,57.4136,4.7128,7.8416,0.6082,296873.3988,134605.2805
603797.SH,20260415,0.8027,0.85,21.2116,0.83,2.7198,1.9313,268698.0185,268698.0185
603137.SH,20260415,2.9889,1.22,46.1044,1.9629,1.3182,0.5997,244033.0676,98360.2676
688623.SH,20260415,4.2847,1.41,81.2829,2.4715,15.5358,1.3381,524181.7501,169661.7501
688067.SH,20260415,1.7692,0.9,62.0226,3.4897,7.8043,0.5771,179520.0,179520.0
301260.SZ,20260415,0.7115,0.75,,1.6832,1.4234,,750703.2071,318102.0581
603738.SH,20260415,9.5035,0.78,274.3715,6.1202,11.3729,0.2936,1047684.5408,1047684.5408
002497.SZ,20260415,4.7207,0.82,69.0225,2.7767,3.8437,0.1518,3012798.4273,2767053.2028
000711.SZ,20260415,6.775,1.12,,14.5095,17.4254,,1095534.1447,883603.1739
002073.SZ,20260415,3.0036,1.31,18.3669,1.1679,0.8895,2.0657,740362.5218,732863.2043
300252.SZ,20260415,4.6176,0.77,622.3461,4.2285,3.8118,,923042.4446,778955.9908
301373.SZ,20260415,18.6433,0.72,66.1501,5.799,18.7985,0.8046,943707.1917,334712.6901
600846.SH,20260415,0.26,0.87,28.7412,1.8437,2.1217,1.6345,759085.2419,759085.2419
600928.SH,20260415,0.3221,0.84,6.0878,0.4701,1.567,2.7397,1622222.2224,1614524.2341
920974.BJ,20260415,0.9903,0.7,47.5306,1.9186,1.1431,,122522.4,96081.9419
002902.SZ,20260415,25.9566,0.79,,8.2942,4.3319,,700327.0048,529344.0931
301019.SZ,20260415,0.7534,0.67,30.8322,3.324,7.2833,2.8832,343288.8167,217692.3092
300640.SZ,20260415,3.2696,0.8,175.9784,2.6143,2.1041,0.2928,212408.5106,150771.6558
002460.SZ,20260415,9.4827,1.29,106.8118,3.8162,7.4641,0.1825,17228537.9177,9952578.6182
002520.SZ,20260415,3.7695,1.6,,15.936,3.3484,,409633.8634,391722.3334
688111.SH,20260415,2.3781,1.15,61.6461,8.7931,19.0953,0.3674,11321107.6603,11321107.6603
600905.SH,20260415,0.3185,0.77,32.0238,1.326,4.1373,1.6302,11749524.2084,11749524.2084
600346.SH,20260415,0.7299,1.31,23.5612,2.4963,0.8293,2.2382,16668588.2932,16668588.2932
920870.BJ,20260415,1.3929,1.03,113.984,4.1793,19.5373,0.7796,189074.0,93130.0919
600104.SH,20260415,0.3214,0.84,15.9704,0.5401,0.2498,0.6229,16139369.6156,16139369.6156
300319.SZ,20260415,2.8141,0.76,32.2016,2.2562,2.9597,0.9288,1085520.5203,1030717.198
603220.SH,20260415,14.1377,1.47,182.443,4.011,5.0295,0.3068,1557015.1117,1260659.8978
301507.SZ,20260415,4.4825,1.57,42.7014,3.1654,6.891,0.6933,512725.1265,158448.7018
300695.SZ,20260415,1.1151,0.81,20.9029,2.5292,10.3844,0.1996,732568.6035,732568.6035
300214.SZ,20260415,2.1947,0.96,,1.4189,0.8741,,343563.0317,343563.0317
920522.BJ,20260415,2.4616,0.97,117.8265,7.2134,7.9396,0.4325,776699.8176,644235.7215
300446.SZ,20260415,4.2113,1.09,19.6124,2.9281,1.9193,1.3699,1728018.2669,763556.9895
688272.SH,20260415,5.5832,0.91,,9.1331,18.0472,,379240.0,379240.0
605001.SH,20260415,1.2123,0.99,27.1754,1.0798,1.4594,2.71,289949.868,289949.868
600796.SH,20260415,2.3048,0.92,29.8617,1.592,3.2709,0.4928,545082.4468,195919.5922
002979.SZ,20260415,1.9218,0.76,56.9347,7.4948,7.1219,0.7915,1231746.2611,865445.6883
600760.SH,20260415,0.7673,0.89,40.8288,6.0982,3.2163,0.7752,14362589.8211,14317458.2304
002907.SZ,20260415,2.1369,1.17,80.7106,3.5658,7.6563,0.5895,602173.8848,432476.7234
002951.SZ,20260415,2.3526,1.48,864.8539,3.5994,10.1286,3.3121,603855.0,598076.5177
688101.SH,20260415,0.4762,0.96,14.5689,1.2426,3.62,,550143.9934,550143.9934
605589.SH,20260415,4.1602,0.68,29.5534,3.0122,2.8277,1.4459,3093549.9602,3083357.9927
920149.BJ,20260415,0.7813,0.69,,6.569,1.6646,,78012.8436,64532.3431
301486.SZ,20260415,12.2713,0.81,126.8504,8.289,21.7149,0.2352,2166473.2318,1219831.4192
000589.SZ,20260415,1.0379,0.8,14.1003,0.8048,0.659,3.6974,712018.0228,707527.8824
605068.SH,20260415,1.3934,1.01,,2.8213,2.9354,,424311.2629,424311.2629
688033.SH,20260415,2.5964,1.38,,3.1838,6.7903,,463813.8417,463813.8417
301667.SZ,20260415,39.7516,1.1,105.7704,9.2391,6.6352,,1149080.184,231467.9831
603280.SH,20260415,4.2338,0.69,45.7273,2.8133,3.8281,0.7378,382025.0945,98466.4345
600481.SH,20260415,2.6295,0.88,,2.4426,1.4785,,1296306.0209,1296306.0209
002845.SZ,20260415,1.6797,0.9,,1.8979,0.4424,0.2805,451366.2495,344824.3137
002615.SZ,20260415,5.8536,1.73,156.3359,1.9656,1.4086,1.4842,468562.4113,255889.8254
301030.SZ,20260415,2.2706,0.76,,2.4471,,,205823.8466,205541.5071
920223.BJ,20260415,4.2694,0.72,,11.2211,6.196,,272889.475,141547.8063
002056.SZ,20260415,1.8112,0.76,16.9861,2.9587,1.3922,4.238,3144434.439,3141186.1002
600188.SH,20260415,1.1534,1.07,22.983,2.6859,1.329,3.752,19261925.1639,11439834.5264
002459.SZ,20260415,1.1726,0.62,,1.5863,0.6836,,3594348.2919,3590075.7149
688188.SH,20260415,0.4925,0.73,37.1583,6.8107,18.8284,1.5414,4134035.0948,4134035.0948
600416.SH,20260415,1.4231,0.94,80.7601,1.8745,3.7137,,1815212.3323,1815212.3323
300897.SZ,20260415,1.8749,1.6,79.9666,3.5297,6.2551,0.8608,346202.6961,215839.6541
300119.SZ,20260415,3.0629,1.57,22.0824,1.8805,2.6024,1.5439,884428.2055,634885.4634
603937.SH,20260415,3.4878,0.69,,1.8837,1.5853,,290566.7161,290566.7161
600580.SH,20260415,2.0732,0.98,52.7801,5.4215,3.8463,0.3274,5943857.1294,5926791.7044
600682.SH,20260415,1.4823,0.58,43.8424,0.5472,1.4672,0.2212,968495.1991,838123.398
603298.SH,20260415,0.719,1.39,15.1933,3.0068,1.8874,2.7408,3345259.9731,3345259.9731
300745.SZ,20260415,2.1818,0.76,,1.9171,1.6735,,435575.8877,367732.9961
603936.SH,20260415,5.3983,0.88,,2.0525,2.55,,897686.7577,897686.7577
002090.SZ,20260415,1.6644,1.09,54.3074,2.9257,2.6004,0.5835,446242.8571,441163.5084
920422.BJ,20260415,5.0379,1.23,56.779,2.4704,2.1445,1.251,106090.7693,79401.0293
920640.BJ,20260415,5.0777,1.93,87.2635,7.3249,7.6976,0.2768,678261.264,651467.0212
688615.SH,20260415,4.9144,1.25,55.0884,8.5624,13.8248,0.7994,2501800.0,1727497.2603
603418.SH,20260415,1.6679,0.81,19.6369,2.2438,2.1084,,990054.9808,212117.7303
301678.SZ,20260415,3.7681,0.89,88.1659,7.8519,15.7921,0.7988,1499377.668,299875.5373
002536.SZ,20260415,9.7851,0.92,64.9285,5.8908,4.5275,0.838,2057733.479,1948955.8485
688273.SH,20260415,3.4866,1.29,45.4528,3.4433,10.7485,1.4759,463900.0,463900.0
301001.SZ,20260415,2.2475,0.77,248.1967,2.8867,6.3654,1.3307,225440.0,141745.4
601226.SH,20260415,2.7582,1.6,68.8966,2.4548,1.0356,0.3674,1079705.8173,1079705.8173
688265.SH,20260415,0.9777,0.94,105.2694,1.9964,8.1043,,341402.2234,341402.2234
300112.SZ,20260415,2.3194,1.01,,2.418,2.1916,,226085.9714,185095.0818
300501.SZ,20260415,7.9365,0.95,,2.6934,3.4141,2.3182,377205.8095,196311.7971
002253.SZ,20260415,3.0642,1.11,,2.48,22.8759,,263982.5312,243715.7315
002360.SZ,20260415,5.3097,0.95,,1.3564,5.908,,271197.6174,221077.5053
300949.SZ,20260415,1.4901,0.6,,3.3753,5.839,,223260.0,127634.2554
301046.SZ,20260415,2.3875,1.14,180.3676,3.8137,3.6232,1.0314,442958.2513,338397.7406
603988.SH,20260415,3.2748,0.57,147.8989,9.3666,8.7918,0.1496,628689.6,628689.6
688578.SH,20260415,1.7571,1.78,20.6815,6.376,8.7229,0.798,4511250.0,4511250.0
001391.SZ,20260415,1.5018,1.28,25.1764,2.4242,2.8444,1.2195,6507333.6929,809815.6927
300998.SZ,20260415,3.3943,0.73,,2.7129,2.7566,,341962.8904,268447.6859
001218.SZ,20260415,1.3357,0.89,24.4845,1.4393,0.7191,2.0278,327398.3239,233661.5326
603619.SH,20260415,6.075,0.77,31.6142,3.7307,4.1031,1.4227,1610787.1981,1610787.1981
002439.SZ,20260415,10.6754,2.76,,1.6814,7.7993,,1823157.3085,1096541.7975
603037.SH,20260415,5.8278,3.2,53.432,3.9942,4.7743,1.7045,393175.0749,392031.7912
300078.SZ,20260415,2.3991,0.86,,7.7781,6.1558,,449384.6365,447573.5935
002946.SZ,20260415,0.4024,0.56,21.3537,4.1091,1.3898,1.7641,1561268.4354,1543180.655
001267.SZ,20260415,8.5486,0.93,369.4841,19.99,20.707,0.1205,3254507.5903,2510388.4029
300465.SZ,20260415,1.8182,0.62,230.4117,9.7014,6.4168,,661186.5419,661186.5419
600689.SH,20260415,3.8977,2.44,155.1158,5.6871,2.0016,0.1119,269328.3996,203953.5516
301550.SZ,20260415,4.8479,1.31,190.1621,20.358,45.9543,0.2068,3670334.25,2238932.7759
603615.SH,20260415,1.6169,0.79,,4.0489,4.4842,,463327.12,463327.12
300346.SZ,20260415,4.4862,0.99,102.3046,9.394,12.6525,0.5564,3271245.6219,3104800.8641
601857.SH,20260415,0.1015,0.8,13.6828,1.357,0.7514,3.9966,215232669.914,190420363.514
603707.SH,20260415,0.9472,1.06,24.44,2.3684,4.2224,1.0173,1588177.8937,1588177.8937
601500.SH,20260415,0.5452,0.78,63.7902,1.0827,0.8117,,664333.9772,661694.3072
001205.SZ,20260415,1.0765,0.71,35.5507,1.2923,1.8575,0.8271,269033.0572,238239.0662
300486.SZ,20260415,2.8919,1.08,,6.8536,12.0503,,1148974.6379,1148629.309
920050.BJ,20260415,1.6808,0.83,22.9169,2.0355,2.1658,,214137.4128,57276.7878
688389.SH,20260415,0.513,1.09,29.2419,2.5697,5.2434,2.2205,544176.8771,544176.8771
600977.SH,20260415,1.5346,0.87,,2.371,5.8415,0.0783,2621268.0,2621268.0
601218.SH,20260415,6.3188,1.15,42.8057,1.95,4.1144,0.1675,578513.0067,578513.0067
300926.SZ,20260415,1.5147,0.75,13.1301,3.1773,1.9085,0.5676,1108384.372,760462.0584
300046.SZ,20260415,1.9177,0.68,150.6566,6.5119,20.6242,0.2558,739633.5971,739633.5971
600053.SH,20260415,0.7145,0.61,,2.5326,23.3051,,651178.2816,651178.2816
300224.SZ,20260415,1.9903,0.83,44.4823,2.6582,1.9445,1.2176,1367198.9126,1362164.986
600192.SH,20260415,1.9392,1.37,,3.6811,2.4339,,373277.06,373277.06
300815.SZ,20260415,0.7395,0.79,16.3723,1.8947,1.0975,1.7874,836246.016,819018.5156
600363.SH,20260415,1.7344,1.26,77.246,5.5254,7.4514,0.1035,2364909.9203,2364909.9203
600743.SH,20260415,19.2043,3.51,,10.7132,4.7925,,678023.1526,678023.1526
688339.SH,20260415,2.6549,1.18,,2.9742,22.8304,,598443.8175,487118.3521
002561.SZ,20260415,0.7655,0.88,,1.5412,9.1531,0.7463,334273.452,333209.4119
002590.SZ,20260415,1.1734,1.01,30.503,2.1502,1.3551,0.4815,645701.2814,615726.3401
688275.SH,20260415,4.1314,0.83,,3.1535,1.4046,,1614694.6818,1614694.6818
000513.SZ,20260415,1.1785,1.19,15.1228,2.2031,2.5455,3.2186,3059728.1113,1957809.7301
603136.SH,20260415,1.738,1.28,29.8086,2.2486,5.9051,2.0778,305513.309,305513.309
688117.SH,20260415,2.8136,1.07,35.4305,5.5141,7.9251,0.353,587521.8559,587521.8559
600938.SH,20260415,2.3085,0.99,14.3623,2.1842,4.403,3.4459,175338000.247,11030110.0
300496.SZ,20260415,2.5979,0.91,57.5521,2.7624,4.0781,0.0956,2788586.9635,2230894.2315
600085.SH,20260415,0.3862,1.01,32.3445,2.8169,2.2293,1.7825,3846974.0849,3846974.0849
002953.SZ,20260415,3.4828,1.24,34.1523,2.7378,1.2982,0.7641,593336.6351,327866.4999
920839.BJ,20260415,0.6523,0.46,30.7843,5.8773,5.5794,1.5165,389738.2744,214482.5303
002138.SZ,20260415,3.2799,1.12,28.2009,4.6889,4.2687,2.2188,2879362.8421,2701460.5965
002840.SZ,20260415,10.7761,1.44,121.0797,2.7339,1.2622,,1097363.6256,1089790.4241
300370.SZ,20260415,1.0964,0.79,,8.555,9.5135,,391344.0563,390367.521
600088.SH,20260415,0.6763,0.76,,4.5648,5.1482,0.2346,576276.5736,576276.5736
300380.SZ,20260415,1.494,0.71,205.4591,12.3184,4.533,0.1452,476645.6492,438519.5645
002409.SZ,20260415,3.0419,0.94,44.5867,5.2468,4.9187,0.6737,4097261.3799,2742162.3289
301538.SZ,20260415,3.4554,1.0,32.148,4.3844,6.1132,0.5357,627200.0,249757.368
600558.SH,20260415,1.6989,0.99,26.6531,2.0038,1.3074,2.7726,485604.2136,485604.2136
002208.SZ,20260415,3.4096,0.96,,1.5331,1.1435,,985639.1539,985384.5379
002254.SZ,20260415,3.4859,1.56,207.9348,1.2214,2.3982,0.4953,862199.5261,855671.24
601068.SH,20260415,0.593,0.55,71.9108,6.1832,0.8033,,1852458.4855,1586946.2135
301057.SZ,20260415,1.5069,0.74,100.4961,4.9198,4.1291,0.6181,374302.2016,264278.2816
300120.SZ,20260415,1.6107,1.18,,1.4092,1.6448,,420456.356,386091.2055
603880.SH,20260415,1.8446,0.7,,7.1818,3.0709,,182674.544,182674.544
603595.SH,20260415,1.3768,1.16,96.6953,2.472,1.9085,0.0912,382135.1839,382135.1839
300218.SZ,20260415,1.5008,0.71,25.424,2.1315,1.4697,1.6008,333942.993,332849.3704
920119.BJ,20260415,3.5674,1.26,23.2076,3.435,4.6004,,629708.2442,165686.1527
000560.SZ,20260415,4.905,1.12,65.2277,0.743,0.586,0.1448,699583.7527,670013.7253
301555.SZ,20260415,5.6169,1.33,44.6223,2.9839,1.5444,0.6169,329023.0522,172406.2935
605080.SH,20260415,1.0201,0.82,16.5066,1.5368,3.2821,0.8248,337999.5259,335158.6656
300590.SZ,20260415,1.2912,1.23,71.4872,2.9241,6.0283,1.8722,537183.6844,413895.3101
300697.SZ,20260415,3.3328,1.05,41.3691,5.6022,2.2503,0.8719,687032.32,319968.1272
300400.SZ,20260415,9.9819,1.15,79.8559,9.8503,8.5414,2.9305,670617.7112,668373.896
600365.SH,20260415,0.543,0.5,,5.2201,1.8151,,140749.3,132456.8
603606.SH,20260415,1.168,0.66,32.0218,4.9153,3.7546,0.7576,4071274.9786,4071274.9786
002140.SZ,20260415,1.1101,0.95,16.4892,1.8531,0.8765,1.6116,878645.2152,877339.0664
002472.SZ,20260415,1.6508,0.97,27.5473,3.4441,3.8358,1.0488,3262377.3773,2899975.657
300751.SZ,20260415,6.7008,1.04,75.0703,7.934,7.5427,0.4911,6235481.5189,4315045.7117
002200.SZ,20260415,1.1617,1.01,,2.6596,6.669,,341953.1904,148360.2853
002068.SZ,20260415,3.7752,1.6,,2.6577,0.7425,,644897.7369,644576.8645
920496.BJ,20260415,1.6576,1.17,140.6331,2.7069,2.5109,1.6322,152163.425,133253.559
002128.SZ,20260415,1.3444,1.85,12.5366,1.8507,2.371,3.3557,7347877.9101,7347877.9101
002236.SZ,20260415,3.5716,2.32,16.0822,1.6419,1.8932,3.393,6198821.0126,4542658.197
688802.SH,20260415,25.6463,2.86,,20.6622,165.4585,,27202799.0,1233268.7743
300254.SZ,20260415,8.1834,1.12,148.875,10.3247,3.5698,,303173.3386,267503.0973
603486.SH,20260415,0.737,0.95,22.5271,4.1619,1.8885,0.7142,3624630.4103,3589756.0142
301288.SZ,20260415,0.9903,1.15,,2.5376,16.5553,,201654.67,145830.6624
301118.SZ,20260415,1.7653,0.8,,1.9576,1.7662,0.526,262377.6284,250129.9144
300597.SZ,20260415,1.6341,0.82,,2.6676,5.1435,0.0423,251854.7077,250747.9479
002161.SZ,20260415,2.6762,1.01,49.0378,3.1871,9.1147,0.2072,535584.3576,510233.6583
688217.SH,20260415,1.0201,0.63,,1.8386,8.7631,0.604,155335.2468,155335.2468
601088.SH,20260415,0.171,0.93,18.8088,2.1188,3.3705,6.3666,99402677.4152,75578426.9478
603638.SH,20260415,0.3936,0.72,44.2943,4.8873,5.4926,0.7415,1681292.6626,1681292.6626
600860.SH,20260415,4.4093,1.58,,7.5663,4.246,,648770.8958,526188.3338
603317.SH,20260415,0.5525,0.56,24.5756,3.0826,4.0598,4.175,1400099.9541,1400099.9541
600765.SH,20260415,1.3815,1.05,42.6615,1.8515,2.5679,0.7388,2597322.718,2597322.718
603282.SH,20260415,1.2347,1.07,22.8233,2.1098,2.7132,1.1161,278880.88,278880.88
600729.SH,20260415,1.4712,1.15,9.6183,1.2571,0.6673,6.8243,981769.9086,429044.2593
300467.SZ,20260415,3.4414,1.82,385.0483,9.7328,21.9096,,621400.575,515448.1439
002529.SZ,20260415,1.6675,1.01,,9.5485,5.3925,,184600.0,184600.0
300928.SZ,20260415,1.7107,0.91,,2.0912,2.2516,,229600.0,153793.1919
300773.SZ,20260415,6.2227,0.75,109.7831,5.6724,3.581,1.619,1947099.0096,1841536.535
001301.SZ,20260415,2.9588,0.85,19.9288,2.8636,2.7217,1.073,1936457.4488,1381442.4187
001236.SZ,20260415,0.921,0.68,2352.4187,5.0365,32.6637,0.1073,939248.8891,706528.4891
688653.SH,20260415,1.7139,1.06,,3.8953,8.15,,556917.76,415132.0153
002179.SZ,20260415,1.2764,0.56,35.1383,3.1324,3.5515,2.2312,7595212.6613,7520158.9548
688222.SH,20260415,7.1997,1.73,97.5197,7.4516,21.1558,0.2155,1111887.0,1111887.0
601702.SH,20260415,0.5951,0.57,16.4669,3.0761,1.585,1.5136,1979087.6492,1979087.6492
603373.SH,20260415,3.0081,1.0,33.6027,2.4348,1.5857,1.731,434838.7108,183719.3568
300421.SZ,20260415,5.5585,0.86,131.1468,5.804,6.8078,0.479,736546.3624,577011.9004
600755.SH,20260415,0.7071,0.63,27.6562,0.6981,0.044,4.2893,1357389.3966,1353920.6392
600415.SH,20260415,1.2619,0.6,15.9411,2.9201,3.3627,2.7005,6700909.3742,6700909.3742
600486.SH,20260415,1.2332,0.82,24.5852,2.7578,2.6634,1.1797,3161537.2854,3151111.5012
002513.SZ,20260415,2.1059,0.8,,57.6734,1.0175,,223478.4169,171979.5747
300682.SZ,20260415,1.8846,0.92,166.418,2.5716,3.8672,1.5432,1746742.03,1670745.3935
002714.SZ,20260415,1.3207,1.1,17.1659,3.0404,1.8443,3.214,26584640.5014,17499873.8816
688419.SH,20260415,4.6979,0.64,69.1589,5.3526,18.8389,0.5859,555575.5947,288621.2836
300225.SZ,20260415,4.8349,1.06,100.2856,3.2276,3.5932,0.3413,278601.7397,278383.4547
300988.SZ,20260415,3.6388,0.62,38.0506,3.0753,2.0387,0.5986,391429.626,297608.8731
002494.SZ,20260415,6.0331,1.38,94.0404,1.5461,4.1394,,193183.0876,146826.4643
601512.SH,20260415,0.1665,0.66,16.6898,0.8796,4.0194,1.4463,1326517.65,1326517.65
688571.SH,20260415,0.7172,0.59,30.1018,1.9479,2.6142,2.5263,326611.439,326611.439
002575.SZ,20260415,18.0576,1.5,,4.8403,9.5386,,401341.5,381157.5705
600650.SH,20260415,0.7623,0.67,49.0339,1.5769,4.6264,0.8716,696131.955,492886.8147
300157.SZ,20260415,5.2321,0.73,218.1199,,8.5583,,479504.3817,450176.466
600651.SH,20260415,0.5897,0.63,307.0531,6.7146,9.3138,,1689736.8821,1689736.8821
605033.SH,20260415,1.317,0.62,102.5152,2.6766,3.5024,0.6643,305281.6,305281.6
000816.SZ,20260415,2.0006,1.18,,2.343,3.6906,,461597.2484,459203.394
300538.SZ,20260415,3.6792,0.96,,2.9452,0.8531,,283429.1367,188495.0164
300766.SZ,20260415,7.987,0.95,,9.0502,30.1431,,1421099.1252,1289700.1368
688021.SH,20260415,3.1792,0.96,131.2896,2.1133,5.2832,,184233.4717,184233.4717
001210.SZ,20260415,2.5972,1.2,24.5929,2.4639,2.7566,1.3441,330561.121,200890.3805
688468.SH,20260415,0.7203,0.99,65.1237,2.049,8.693,1.7055,289198.868,289198.868
600663.SH,20260415,0.2532,1.13,32.2673,1.5703,2.1731,1.9166,3947560.4843,2474055.991
002552.SZ,20260415,10.2575,3.09,63.5828,5.2738,2.5103,0.9823,789938.1339,750272.6964
300344.SZ,20260415,6.8888,0.79,,0.7669,0.7202,,17326.0732,17279.8425
688401.SH,20260415,1.6169,0.8,40.5708,6.696,8.8036,0.5667,1017014.1357,1017014.1357
603928.SH,20260415,0.9664,0.81,49.4305,2.4873,2.4515,1.0877,385519.68,385519.68
301257.SZ,20260415,5.0323,1.51,37.5048,3.6549,5.5654,0.2923,455857.5229,434590.1049
600843.SH,20260415,1.3247,0.93,,2.2049,1.544,,671089.6577,441538.5889
600135.SH,20260415,4.5261,1.24,,2.605,4.6955,,619703.9509,619703.9509
002239.SZ,20260415,2.0553,1.21,78.4737,1.7755,1.1666,0.1034,992182.5585,976579.4767
603668.SH,20260415,3.5917,1.26,244.9987,2.849,1.1456,,671192.2634,671192.2634
300227.SZ,20260415,5.2951,0.75,,4.5278,4.4789,,718145.5262,521846.6134
002149.SZ,20260415,26.6471,2.69,293.6876,9.1388,8.7065,0.5592,2619269.58,2618867.205
600543.SH,20260415,2.1127,1.16,,1.995,6.153,,151568.64,151568.64
000908.SZ,20260415,1.2101,0.49,79.9089,335.4171,31.818,,1251039.1271,625519.5636
301326.SZ,20260415,2.4852,1.01,,9.0267,9.9687,,1157466.16,1147081.9575
600339.SH,20260415,2.1515,0.55,63.6305,0.8482,0.2275,1.1823,2266757.8732,2266757.8732
002307.SZ,20260415,2.6305,0.7,,1.6894,0.6089,,758438.3658,583414.1277
301065.SZ,20260415,1.5938,0.85,34.6941,1.8079,3.7259,0.8503,242679.78,197512.0875
300265.SZ,20260415,15.6104,1.05,341.2992,3.9509,3.5487,0.1988,922109.8326,921518.9721
603172.SH,20260415,4.0703,1.04,49.5193,2.5501,4.8201,0.4331,277163.64,104066.24
600605.SH,20260415,9.1625,8.67,276.5268,4.6984,64.6827,0.433,666911.093,666911.093
688521.SH,20260415,4.5973,1.1,,39.0995,42.4143,,13370869.9008,13370869.9008
688187.SH,20260415,0.555,1.14,16.9655,1.6358,2.4214,2.8136,6949979.9726,4447068.6464
300200.SZ,20260415,1.8375,0.83,38.8365,2.4773,3.0605,1.5468,403821.894,397214.1831
002866.SZ,20260415,26.4393,1.46,79.6651,3.2657,3.187,,683851.5687,428023.9392
002647.SZ,20260415,9.1761,4.14,32.0635,20.5237,14.0115,,1152897.4901,1035597.4901
002890.SZ,20260415,1.48,0.91,183.2811,4.5661,8.8817,0.1608,274688.1337,261119.9676
600129.SH,20260415,1.8199,1.24,76.1017,2.6205,0.8739,,917559.8598,917559.8598
603029.SH,20260415,1.851,0.86,29.754,2.3312,2.3162,0.9399,222055.86,222055.86
688166.SH,20260415,6.7328,1.99,447.5162,9.9173,19.9374,0.1662,2439620.2818,2439620.2818
000957.SZ,20260415,4.1106,0.8,21.3171,2.2836,0.986,0.8311,705555.6838,705555.6838
002905.SZ,20260415,2.112,0.74,122.1106,42.5279,3.1357,,360514.56,334763.52
300878.SZ,20260415,1.9114,2.0,,3.9199,30.186,0.5004,397449.4339,395620.2675
688228.SH,20260415,2.3391,0.79,,5.4998,17.2037,0.1389,719956.0001,719956.0001
001287.SZ,20260415,5.474,0.98,60.1928,3.8699,0.3397,0.4089,2081366.3657,2081366.3657
600987.SH,20260415,0.8179,0.74,10.5441,1.1568,0.7226,5.2701,774801.5246,774801.5246
603158.SH,20260415,13.0395,1.06,42.6948,2.871,1.6778,1.1647,666956.6311,666956.6311
603310.SH,20260415,0.61,0.87,31.3018,1.4071,5.6408,1.8564,558069.44,313520.16
603396.SH,20260415,2.9375,1.06,106.2509,1.8854,1.8857,0.4257,488170.8325,488170.8325
301348.SZ,20260415,4.902,0.97,,3.9269,8.0502,0.2053,584400.0,377763.879
301372.SZ,20260415,15.4376,1.71,,2.8313,8.5886,,223405.7189,134133.3098
688392.SH,20260415,1.4782,0.59,125.3161,8.1761,19.0308,0.4213,1473054.2061,1473054.2061
000676.SZ,20260415,1.08,0.76,54.3936,2.2504,2.3795,,961219.171,960638.7699
300989.SZ,20260415,2.2276,0.87,,3.0776,9.98,,305891.3243,218389.082
920035.BJ,20260415,6.1182,1.7,32.832,3.3417,3.5376,,194838.8,43831.152
300819.SZ,20260415,5.1309,0.81,126.8872,8.7697,13.26,0.7963,749456.715,676910.7818
001378.SZ,20260415,6.3925,3.15,40.1226,1.771,2.2419,2.6104,331333.996,160296.8285
688505.SH,20260415,0.8873,1.44,,3.9576,12.2128,0.3713,837550.2568,574142.2568
605158.SH,20260415,0.4868,0.94,23.1189,1.5314,0.562,2.0066,378450.8,378450.8
688193.SH,20260415,0.9927,1.11,210.1444,2.1879,12.3302,0.4848,199828.4417,199828.4417
300612.SZ,20260415,3.0926,0.72,,5.4956,5.2709,,269418.5625,268560.0875
300235.SZ,20260415,2.1534,0.5,577.204,4.7033,45.8066,0.344,328025.8654,264683.9812
600360.SH,20260415,1.239,1.2,51.4051,2.654,4.0567,0.7881,901717.2905,901717.2905
300161.SZ,20260415,1.0862,1.04,,3.6548,3.6035,0.0354,561716.1533,551250.5908
001282.SZ,20260415,9.3256,0.96,44.2894,2.9938,2.961,0.6464,486142.0928,171024.5824
300779.SZ,20260415,2.3352,0.88,705.503,8.5688,16.2171,0.1034,1884161.9819,1434551.7512
300434.SZ,20260415,3.5405,1.67,32.1029,1.6631,3.9711,0.6622,418617.1146,356490.1716
000695.SZ,20260415,10.2926,1.12,,24.8832,5.9638,,342761.4136,328058.7116
920112.BJ,20260415,0.6868,0.84,19.038,3.0623,2.4485,1.547,274235.2,74927.456
000905.SZ,20260415,2.001,0.68,81.8635,1.6339,0.7611,0.6166,1684200.241,810053.8959
301332.SZ,20260415,0.6119,0.91,33.7624,1.4722,1.2209,1.6016,429253.125,246354.675
301278.SZ,20260415,5.2219,1.3,113.6778,2.3953,3.5562,1.3453,340801.2353,195276.0612
920725.BJ,20260415,11.9094,2.12,,4.8763,17.2322,0.3103,292171.275,134690.9162
920068.BJ,20260415,2.3941,0.9,97.4417,10.1644,21.6109,0.4808,1363648.0312,130424.8629
000573.SZ,20260415,5.387,0.68,43.8156,1.8817,5.4821,1.0616,300630.1645,298126.4297
300521.SZ,20260415,1.5504,1.01,,7.4316,21.1143,,395436.93,395436.93
600639.SH,20260415,1.4142,1.36,11.6265,0.8223,2.0924,2.902,1248123.137,945463.2137
301149.SZ,20260415,5.8438,0.6,41.4381,2.781,0.9728,1.153,559430.0234,339858.5569
600835.SH,20260415,0.9522,0.74,29.2057,1.6459,1.1996,1.8559,2314459.054,1825119.2309
000973.SZ,20260415,15.9997,2.38,412.3433,5.8634,19.9662,0.076,4454325.02,1752970.7859
000501.SZ,20260415,0.4711,0.75,36.5249,0.6043,1.084,3.4137,659026.7705,658365.1965
000822.SZ,20260415,3.9171,0.81,,1.3231,1.0676,,506622.0301,506622.0301
688588.SH,20260415,0.6196,0.69,47.1363,3.8986,4.5424,1.6134,478811.9736,478811.9736
002104.SZ,20260415,3.9957,0.59,263.8438,5.0402,12.9335,0.5281,1079508.8707,913941.2821
002415.SZ,20260415,0.6363,0.93,21.4454,3.6511,3.2888,3.3181,30427373.546,30034159.5586
300016.SZ,20260415,6.6268,1.4,176.0964,2.6628,5.2264,0.4178,588765.3285,587971.9636
002516.SZ,20260415,0.6461,0.84,45.2007,2.204,3.6581,1.4134,832494.694,824904.634
002335.SZ,20260415,5.5015,0.99,73.8997,4.9273,3.8611,0.1654,3115677.8778,2748496.133
301539.SZ,20260415,1.4164,0.59,46.4011,3.477,2.6788,0.5219,283568.0,143818.4069
603811.SH,20260415,3.1323,1.5,17.7569,3.0403,5.0822,1.976,401929.705,401929.705
301268.SZ,20260415,0.8667,0.84,,5.3926,2.9823,,906498.654,780395.869
002586.SZ,20260415,0.5771,0.83,,1.8699,2.3058,,557236.9487,529621.2675
301165.SZ,20260415,1.5055,1.2,106.8298,14.9102,5.1963,0.4628,7439090.9048,7439090.9048
000850.SZ,20260415,0.6036,0.73,15.0512,1.0133,1.3698,1.9797,461452.1894,461321.0738
300241.SZ,20260415,6.7772,1.02,124.7722,2.1306,2.7098,0.2883,476179.416,398738.3096
688378.SH,20260415,1.7158,0.93,119.9701,4.9826,16.7216,0.533,964658.8552,889144.507
603193.SH,20260415,5.5683,0.74,32.4788,4.5645,6.5319,1.7544,991658.2126,253277.3056
920000.BJ,20260415,0.7887,0.74,21.228,2.175,3.3682,0.9536,144212.64,90595.244
301383.SZ,20260415,2.2525,0.98,135.5982,2.3323,2.2953,1.39,468689.0208,202592.2833
300221.SZ,20260415,3.5739,1.01,44.1558,3.3361,2.2256,,488914.8349,471793.3295
002426.SZ,20260415,4.1215,1.18,,5.2179,3.7563,,1258971.5889,1258961.9597
603919.SH,20260415,1.0608,1.15,25.8792,2.7536,3.1425,3.7921,917126.0746,917126.0746
300778.SZ,20260415,1.8745,1.11,,2.0585,18.3979,,254370.8929,254320.738
600027.SH,20260415,1.2052,1.36,8.914,1.1235,0.4294,4.5222,5411086.7697,4294505.6344
300353.SZ,20260415,1.9117,0.99,293.5406,6.0003,12.3855,,1192277.2963,1041745.2437
603755.SH,20260415,0.7734,0.69,33.199,3.8829,5.9699,1.7383,279569.7856,279569.7856
301023.SZ,20260415,2.8722,1.01,38.8958,3.9466,11.1543,2.794,314151.7664,174974.0536
600959.SH,20260415,3.5947,1.44,79.3458,0.9041,2.5666,0.5366,2050294.2513,2050294.2513
002163.SZ,20260415,2.5468,0.95,,15.3076,2.9699,,1078166.2383,1025328.3645
002065.SZ,20260415,1.0115,0.77,56.0785,2.1721,2.0703,0.5988,2676577.7831,2428114.5769
688041.SH,20260415,1.5614,1.21,214.8619,24.9276,36.5847,0.103,58573319.8932,58573319.8932
603016.SH,20260415,6.979,1.65,103.2106,8.2931,10.8926,1.0247,683906.56,683906.56
920856.BJ,20260415,1.1606,0.82,69.3535,2.598,2.9082,0.7042,122808.4767,68500.5078
002926.SZ,20260415,0.7521,1.26,14.7583,0.9309,4.3674,1.4501,2262750.0,2262750.0
000776.SZ,20260415,1.4461,1.16,11.3419,1.1988,4.3784,2.5176,15540143.1848,11725441.9316
600265.SH,20260415,0.4077,1.26,,305.0665,10.7097,,265051.6,265051.6
600702.SH,20260415,1.7051,1.14,68.9969,2.2341,3.4818,0.9192,1538677.0565,1538029.6965
002514.SZ,20260415,2.6097,0.91,,25.5437,12.1389,,314654.9734,242112.9734
600880.SH,20260415,8.7099,3.8,390.785,1.8526,8.4671,0.1942,563066.0274,562910.5401
300140.SZ,20260415,2.3668,1.04,22.3758,1.3888,3.2557,1.9078,1949313.1531,641656.2663
301503.SZ,20260415,2.0397,0.79,22.8062,2.6658,1.9441,2.6745,284160.0,115368.96
300100.SZ,20260415,1.1897,0.88,34.6897,5.4108,3.1834,0.4561,1745691.9329,1682128.2127
920180.BJ,20260415,3.8809,1.1,25.3405,2.526,6.5317,,197029.2407,59496.6826
688196.SH,20260415,0.989,0.38,45.6903,2.4328,2.6417,0.7719,777262.9482,733320.0
300483.SZ,20260415,8.9952,0.81,43.9479,2.1597,2.6438,,744120.9497,743887.0697
603370.SH,20260415,2.058,0.91,43.6008,4.064,4.8441,,774328.7,154865.74
600367.SH,20260415,8.0592,0.84,49.6601,2.7892,3.1441,0.2472,690107.8147,651351.7472
301487.SZ,20260415,4.5005,0.94,,5.314,4.745,,1001963.8348,594690.9287
600251.SH,20260415,0.7677,0.61,38.5425,2.2319,2.6815,1.6514,846923.0055,846923.0055
002943.SZ,20260415,19.9086,2.14,,12.3085,13.5737,,1100362.3037,779616.0014
688343.SH,20260415,4.5012,1.11,,8.222,24.5254,,3207662.1496,3207662.1496
688314.SH,20260415,4.7733,1.3,39.9103,5.4883,11.2206,0.7837,393928.745,393928.745
002991.SZ,20260415,1.3119,0.84,18.3262,2.8149,2.1404,4.6317,467570.6083,250467.4693
300428.SZ,20260415,1.0915,0.9,16.3845,1.641,0.4533,1.4731,1456860.8001,1268117.5479
600935.SH,20260415,1.003,0.91,,1.5911,1.9826,,952605.5848,929461.4802
002591.SZ,20260415,2.9144,0.65,,3.0448,5.4099,,200533.2553,149306.3246
600820.SH,20260415,0.408,0.85,7.5671,0.6253,0.32,4.886,1930475.0017,1930475.0017
301169.SZ,20260415,1.2454,0.67,,9.133,11.8825,,399824.9748,399700.0998
000690.SZ,20260415,2.5835,0.75,10.9227,0.8129,1.1933,4.2644,1020491.4073,1019827.0749
000733.SZ,20260415,1.5382,0.99,27.3106,1.6945,4.7937,0.3849,2591296.2594,2590946.9622
600551.SH,20260415,0.3973,0.59,13.0758,0.9375,0.7197,4.9938,543122.2464,543122.2464
002020.SZ,20260415,2.0621,1.31,19.6479,2.4773,3.5018,2.0346,1400033.3816,1177172.5127
300757.SZ,20260415,4.8924,0.92,,49.1541,86.6017,0.0092,8225535.6554,7393435.5368
603011.SH,20260415,5.0394,1.49,,5.0196,4.6228,,1054091.5797,1054091.5797
300484.SZ,20260415,1.9442,1.06,65.1971,5.2209,7.4864,0.9422,352592.9578,283132.1678
920183.BJ,20260415,10.6781,2.13,25.647,4.1623,8.0149,,191891.84,44099.3218
605198.SH,20260415,0.9217,0.94,44.6939,5.3115,8.8032,0.5659,1476442.584,1195228.048
605050.SH,20260415,1.3058,0.66,16.8404,1.4761,0.5331,2.7304,628357.2058,628357.2058
300166.SZ,20260415,16.0832,0.74,,3.2229,6.8895,,1885762.9587,1499967.6427
600571.SH,20260415,1.7443,0.94,63.0896,5.2839,3.0412,0.3461,633260.2636,621626.8127
002091.SZ,20260415,1.3077,0.84,11.7344,0.9832,0.3807,5.0373,1518658.5335,1491111.8634
920914.BJ,20260415,1.9094,1.02,43.5607,2.4969,2.3187,0.4094,241823.944,241632.739
688619.SH,20260415,1.4368,0.57,,4.2043,18.3565,,283720.2043,283720.2043
300182.SZ,20260415,5.1201,0.75,170.1141,1.7939,5.3742,0.0883,1507725.3077,1278538.5643
603956.SH,20260415,1.0823,0.94,,1.6254,2.9803,,321427.1453,321427.1453
688287.SH,20260415,6.7604,0.94,,1.1621,5.872,,72621.0576,72621.0576
001222.SZ,20260415,2.5634,2.64,21.8792,2.684,2.3026,0.739,382352.67,215142.0297
300338.SZ,20260415,1.6733,0.81,,,10.5208,,150984.2595,131010.4658
002222.SZ,20260415,6.2845,0.68,149.8184,22.501,33.9798,0.2393,3929409.0,3911875.7222
002240.SZ,20260415,7.615,1.09,,4.1319,8.3626,,4235064.7457,4224028.6567
603055.SH,20260415,0.8227,0.68,15.8698,1.6011,1.3158,2.6393,843107.7068,840036.7752
600285.SH,20260415,1.1727,0.97,15.3196,3.7712,3.238,4.1667,1224969.4498,1222269.4498
002062.SZ,20260415,1.536,1.1,32.7065,1.7855,1.5343,1.3524,905682.2907,823281.1027
600854.SH,20260415,1.2369,0.88,21.9308,1.068,27.0291,2.381,261807.1032,261807.1032
688308.SH,20260415,7.1389,0.88,149.1448,5.8921,10.6246,0.1526,1548439.2164,1548439.2164
000626.SZ,20260415,3.594,0.97,,1.9539,0.0565,,418980.4165,416573.5629
603042.SH,20260415,9.9918,0.45,,3.9927,3.9378,,344465.2068,344465.2068
688377.SH,20260415,1.3513,1.05,61.0228,3.9624,6.2162,0.3618,750542.336,750542.336
002017.SZ,20260415,1.8078,0.63,59.8405,6.2013,8.5661,0.8677,1097016.308,1096362.317
000525.SZ,20260415,2.5468,0.73,85.1752,2.9044,2.9062,,764954.0636,652603.1229
300351.SZ,20260415,2.8905,1.02,99.5618,2.5335,2.7753,0.374,622248.8512,421457.7232
001331.SZ,20260415,2.4243,0.41,4464.6441,9.79,2.8698,,1482606.72,881850.9418
688327.SH,20260415,2.346,0.94,,18.0654,26.8486,,1343881.7849,1078472.7058
300139.SZ,20260415,16.6802,1.16,187.5416,13.998,31.5598,,1551114.0,1322744.8727
600171.SH,20260415,1.1837,0.86,82.2581,4.2943,6.1226,0.6202,1943158.7735,1943158.7735
601579.SH,20260415,3.6868,1.53,38.0213,2.4696,5.1051,2.0232,930159.0135,930159.0135
600476.SH,20260415,2.6871,0.89,,15.624,2.5241,,177499.14,177499.14
300492.SZ,20260415,2.0134,1.31,57.3815,33.1589,3.1295,1.0698,990879.1702,990879.1702
600352.SH,20260415,1.356,0.63,22.6966,1.2709,3.1181,3.5266,4151251.4534,4151251.4534
688230.SH,20260415,0.694,0.91,71.5773,3.4227,19.3038,0.6655,759813.6,759813.6
600706.SH,20260415,3.4169,1.89,97.6422,3.7939,2.5987,,240776.437,239804.4946
300260.SZ,20260415,3.2296,0.9,113.8547,9.5061,6.7157,0.1232,1975823.7134,1393600.9985
301517.SZ,20260415,15.1557,1.18,,7.7721,18.1929,0.0581,1041269.3613,675811.4958
301193.SZ,20260415,3.2853,1.65,,2.7391,1.6914,,417487.2821,296205.9821
300101.SZ,20260415,3.5775,1.53,193.5918,6.494,12.3507,0.3467,1197145.2156,1193219.5188
000669.SZ,20260415,4.6502,1.36,,,2.4894,,315029.273,315029.273
605389.SH,20260415,0.43,0.82,90.1185,4.8603,10.7162,1.0139,1023162.2841,967630.2628
301050.SZ,20260415,3.9797,1.36,96.1605,3.8309,17.301,0.702,1207878.6675,1027846.6441
000829.SZ,20260415,3.071,1.5,,3.747,0.1362,0.0938,1092757.0669,1091722.2272
688498.SH,20260415,3.8717,1.0,578.9149,47.3908,183.7752,0.0309,11052877.5636,10910243.96
920510.BJ,20260415,1.1642,0.95,,6.858,12.7417,,267110.1971,136153.6631
603261.SH,20260415,0.2677,0.41,,4.167,9.7253,,277080.4537,277080.4537
688211.SH,20260415,0.2287,0.59,,1.2376,1.692,,430640.0517,430640.0517
002726.SZ,20260415,3.1338,0.9,,3.2869,0.3349,,355043.8667,354774.4157
600143.SH,20260415,1.3999,0.81,36.917,2.3341,0.6392,0.5782,4452855.9873,4452855.9873
600569.SH,20260415,0.8894,0.95,,2.2528,0.2137,,614698.1766,614698.1766
688805.SH,20260415,29.8967,3.55,127.0648,7.8079,16.4718,,954434.56,179405.3454
002585.SZ,20260415,8.3158,3.56,,0.9462,1.4924,0.4196,816045.6676,633891.6784
600809.SH,20260415,0.4251,0.72,13.7944,4.3743,4.5143,2.589,16963602.5069,16963602.5069
301228.SZ,20260415,5.9095,1.11,,9.2642,16.5175,,639600.0,636616.767
002700.SZ,20260415,1.4168,0.73,36.4668,1.9867,3.9294,1.0046,271753.7175,173096.4222
688783.SH,20260415,4.075,1.6,,7.3394,34.3998,,9113314.6,371541.8916
688192.SH,20260415,1.1735,1.47,,21.0219,34.9541,,2800298.3688,2776508.8338
300945.SZ,20260415,3.1374,0.93,33.8295,2.4866,1.4403,1.278,410142.0994,373097.0126
002110.SZ,20260415,0.661,0.87,38.6507,0.4645,0.1979,,913332.6614,913332.6614
002831.SZ,20260415,1.5628,0.51,22.6736,2.9058,1.9115,2.7956,3345146.059,1856949.3578
920007.BJ,20260415,1.7282,0.83,27.4036,3.8346,2.4136,1.7552,248866.1525,59610.6029
300739.SZ,20260415,13.1051,1.03,213.0561,4.0942,6.3079,0.4046,1105053.8096,1015404.9866
600894.SH,20260415,0.9589,0.56,12.1949,0.9465,1.1602,7.1306,840606.5433,832183.5672
002623.SZ,20260415,1.647,0.81,,1.5298,2.1387,2.2275,433359.0625,432430.8441
688036.SH,20260415,0.6718,1.03,23.2678,2.9255,0.9155,4.368,6004578.5867,6004578.5867
920346.BJ,20260415,0.7285,0.73,33.509,3.5226,5.6382,1.6879,162516.0025,89876.4918
300939.SZ,20260415,4.6435,0.89,58.9913,3.4523,3.8288,0.9898,479160.0,479160.0
603236.SH,20260415,1.9282,0.88,22.8877,3.2759,0.951,1.1491,2208756.9174,2007960.8368
920033.BJ,20260415,0.8855,1.42,80.3953,2.386,7.2254,,177630.6578,123396.5884
000576.SZ,20260415,2.8403,1.59,54.2044,2.5608,8.8276,,422889.2494,420366.9879
301076.SZ,20260415,2.0963,0.86,99.66,5.5934,14.9582,0.4661,663849.0352,416816.1852
001257.SZ,20260415,31.2162,0.99,49.3717,6.0274,12.4598,,4364055.092,325525.3675
920957.BJ,20260415,1.2436,0.95,217.124,2.9639,1.8895,0.9234,116207.3447,46249.2269
000786.SZ,20260415,0.8993,0.87,15.0112,1.606,1.7258,3.3497,4362830.9756,4330208.599
301665.SZ,20260415,2.1168,0.79,25.9221,3.4461,2.371,2.2313,1210050.0,280113.13
300226.SZ,20260415,1.9584,0.81,39.2254,3.7208,0.1062,0.2014,791385.2908,760681.1137
300627.SZ,20260415,1.5249,1.17,39.3206,6.6698,7.2719,1.0428,2677008.1183,2204891.4927
600082.SH,20260415,0.0807,0.03,33.7845,1.148,2.722,,204172.601,200449.9902
603958.SH,20260415,8.1611,1.22,,7.879,4.1373,,542477.28,542477.28
301429.SZ,20260415,3.7774,1.11,44.0452,1.6946,2.307,1.5445,228046.38,84955.3456
605180.SH,20260415,0.7107,0.8,91.9611,2.1496,7.0006,0.8941,245726.0,245726.0
002103.SZ,20260415,1.7371,0.9,26.266,3.4919,1.5743,,432226.819,305010.7818
300609.SZ,20260415,2.741,0.87,,4.368,12.008,,435294.5385,434623.4462
920003.BJ,20260415,0.7592,0.47,17.6554,3.1678,4.8188,1.4472,178870.2865,36801.5157
002479.SZ,20260415,3.8764,0.94,23.7023,1.1688,0.8888,2.5952,499970.0,498856.1038
688627.SH,20260415,5.2552,0.78,395.8136,15.0275,22.955,0.1154,2589459.7522,1992854.8943
601921.SH,20260415,0.2394,0.62,13.8274,1.2359,1.6861,5.0,1777777.7784,1777777.7784
002925.SZ,20260415,1.6933,1.18,26.5841,3.0707,3.7139,1.492,1534078.0774,1453323.6586
002123.SZ,20260415,1.7489,0.89,,4.6146,2.5165,,796561.9525,712149.0006
603799.SH,20260415,5.1701,1.2,19.4814,2.4648,1.4693,0.7052,11903861.7712,11824479.2831
001360.SZ,20260415,1.4417,0.71,83.3954,3.0147,5.402,0.708,427380.0,262889.7216
002049.SZ,20260415,1.7434,0.99,41.634,4.5432,9.6914,0.297,5962691.3533,5961892.6206
301300.SZ,20260415,1.9774,0.76,35.1746,3.5141,5.7919,2.4545,281613.92,168274.8764
000565.SZ,20260415,1.279,0.73,530.8143,2.4796,8.369,0.2104,309151.2529,309151.2529
605138.SH,20260415,0.3662,0.84,81.8726,1.5537,1.0767,0.7983,374455.1849,374455.1849
605365.SH,20260415,1.8055,1.08,44.6215,3.1872,1.7441,1.7732,1188264.4775,1188264.4775
002434.SZ,20260415,1.3265,1.2,33.5754,1.8268,1.8356,1.2077,1086832.8,1085790.3894
000523.SZ,20260415,1.2402,0.75,74.4719,3.08,2.7891,,591020.8444,426701.5696
002530.SZ,20260415,5.737,2.39,110.2897,5.3701,6.8398,,715303.9247,638123.2206
688219.SH,20260415,0.7802,0.78,28.8849,1.9748,0.9172,1.1934,594117.6,594117.6
688575.SH,20260415,1.181,1.16,356.8352,3.1768,4.7376,1.3976,857082.45,857082.45
301638.SZ,20260415,28.4471,2.39,148.7842,8.4127,12.9832,,9370429.2278,692486.5286
688186.SH,20260415,3.993,1.44,31.1698,1.4136,1.3574,1.1442,668406.1353,668406.1353
603226.SH,20260415,1.0552,0.79,,15.3065,44.9798,,1390683.8042,1390683.8042
300986.SZ,20260415,10.0772,0.72,74.1227,4.6018,3.5709,0.2624,980086.0865,979277.3883
603312.SH,20260415,3.6506,1.2,25.3028,3.7097,2.3726,2.7805,659997.9375,210042.9375
000430.SZ,20260415,6.1979,3.77,,3.5998,14.0236,,654185.3806,299409.6407
601238.SH,20260415,0.1654,0.72,,0.7035,0.7739,0.2749,7403069.8434,5360564.454
301613.SZ,20260415,2.2051,1.64,29.2803,4.1251,2.2009,1.4236,673608.5597,392909.5397
301177.SZ,20260415,0.2943,1.23,85.0327,1.8482,7.5379,1.7374,1151189.6058,1150426.8187
688469.SH,20260415,1.5161,0.94,,4.2447,6.7722,,5540956.2207,2928097.8
603221.SH,20260415,0.5865,0.63,42.1655,1.7304,2.3219,1.5834,278041.98,275460.99
600116.SH,20260415,0.5861,0.62,45.2787,1.1165,1.276,1.3584,1254365.745,1254365.745
605555.SH,20260415,1.7214,1.28,29.1638,2.6205,1.7992,1.6477,790968.8114,790968.8114
002100.SZ,20260415,4.6292,1.68,25.2669,1.5898,0.6441,2.6347,1139985.015,1139985.015
920807.BJ,20260415,1.7526,0.52,91.0946,2.2635,3.5624,0.8554,212617.72,144431.0278
600172.SH,20260415,12.1148,1.19,,12.7805,9.2126,,1261911.4165,1116723.7813
920163.BJ,20260415,0.752,0.94,36.3953,3.2264,1.9867,0.8765,161537.5258,75415.4412
605300.SH,20260415,0.1854,0.59,179.8756,1.7138,2.0456,0.55,490750.4848,490750.4848
920207.BJ,20260415,6.0459,0.7,3478.8961,10.0095,6.5598,0.5052,273726.955,167197.6555
002074.SZ,20260415,4.0384,0.9,21.1086,2.4686,1.7682,0.255,7024248.6491,6722536.8721
301419.SZ,20260415,12.7999,0.91,75.8726,5.6241,12.8764,0.9363,534000.0,353003.37
002693.SZ,20260415,1.6253,0.91,,8.8371,15.9813,,345436.5618,342347.6695
600215.SH,20260415,0.8712,1.05,,1.4983,2.7556,0.231,300628.935,300628.935
301287.SZ,20260415,5.8844,0.7,29.748,2.4444,4.6924,1.6023,282947.48,72281.0494
603718.SH,20260415,1.5756,0.96,17.0836,1.9303,11.8815,1.7562,292705.2103,291391.8853
600273.SH,20260415,0.9192,0.63,11.9481,1.1603,1.1594,4.5163,1180178.2098,1180178.2098
920230.BJ,20260415,21.6551,1.39,113.7736,3.1629,3.9564,0.5843,132242.0709,62036.2931
300481.SZ,20260415,4.7865,1.88,33.0455,1.7906,3.077,2.69,433989.0363,431342.4529
920765.BJ,20260415,0.9787,0.58,,4.0682,2.3794,1.5041,124469.5503,75619.7729
920030.BJ,20260415,0.9351,0.69,,2.2488,0.4127,0.3067,97825.3055,61523.3004
603206.SH,20260415,2.6792,2.18,101.9544,2.2212,1.2136,,503885.1802,503885.1802
601077.SH,20260415,0.4815,0.94,6.7608,0.6253,2.8622,4.3429,8199754.0,6381211.0193
300738.SZ,20260415,5.8838,0.73,140.9223,6.5617,9.577,0.0556,2305326.3246,2304601.0182
603977.SH,20260415,2.8307,0.88,58.5689,2.6632,3.9585,0.6272,891482.0232,891482.0232
600801.SH,20260415,0.8288,0.77,16.6125,1.4784,1.341,3.5059,4740110.0797,3059070.6397
603335.SH,20260415,3.9838,0.67,52.016,8.2857,2.5624,,252177.1694,252177.1694
603759.SH,20260415,0.6835,0.71,16.3249,1.5146,1.7177,,431283.84,431283.84
002004.SZ,20260415,1.5819,1.02,,1.0676,0.8745,3.8104,1035497.7369,984086.9614
301355.SZ,20260415,3.6171,0.77,347.1067,1.611,1.4153,0.7959,242896.9204,124755.7579
300244.SZ,20260415,3.4376,0.83,,1.8248,1.124,1.2941,1180586.1546,947256.1662
920786.BJ,20260415,4.8854,0.92,34.4192,2.2883,1.3175,,174141.149,118449.647
300896.SZ,20260415,1.1947,1.12,27.1251,4.6175,14.2782,4.3038,3501897.922,2366115.1958
300687.SZ,20260415,1.3574,0.73,107.1653,2.8048,3.537,0.3691,775165.2358,624606.0612
300812.SZ,20260415,19.4734,0.86,,7.3462,13.2036,,575716.5892,381030.1143
301205.SZ,20260415,14.5538,0.99,302.0652,21.4238,31.0297,0.0764,3397995.36,2184369.3549
600386.SH,20260415,1.0759,0.97,3956.5975,1.82,0.7898,0.2481,324979.2,324979.2
605116.SH,20260415,3.3927,1.43,27.2296,4.5835,7.1161,1.0156,1155997.484,1155997.484
002651.SZ,20260415,1.078,0.93,172.7671,3.5829,13.6932,0.6237,994188.52,543976.0226
300971.SZ,20260415,2.3426,1.08,36.9141,2.5841,5.3425,0.7714,272244.0,213124.6829
300808.SZ,20260415,1.4929,0.54,,4.1089,11.7176,,398400.0,296059.9492
603809.SH,20260415,2.5756,2.37,36.5832,2.8146,3.843,1.2409,1033484.3303,1033484.3303
603010.SH,20260415,1.8715,0.64,,2.8299,2.1598,0.628,729532.7754,729532.7754
600107.SH,20260415,1.5291,1.49,,4.4319,8.2833,,202320.0,202320.0
603279.SH,20260415,1.6108,1.0,17.3482,2.4218,1.9075,4.8338,1073206.526,1073206.526
002737.SZ,20260415,1.136,1.96,,1.8027,3.4887,3.9968,730584.0,730584.0
002193.SZ,20260415,2.7768,0.47,,3.0774,4.9495,,168544.8142,168543.8482
603393.SH,20260415,2.1373,0.61,17.1852,1.5126,3.534,,1386646.6606,1384356.9737
301009.SZ,20260415,0.8771,0.69,86.2066,2.3975,2.8573,0.5833,319707.36,177617.1929
002313.SZ,20260415,1.418,1.12,,232.8208,1.1658,,311500.8,311478.8976
002385.SZ,20260415,2.711,1.12,37.1087,2.0282,0.593,0.7373,1741531.8188,1427251.5442
300652.SZ,20260415,2.0276,1.37,34.9621,3.8087,5.5894,0.2671,576247.271,517181.4446
603609.SH,20260415,0.5554,1.14,35.2959,0.9976,0.1759,0.7798,643978.4133,643978.4133
002238.SZ,20260415,0.5514,0.82,,2.7637,4.5247,0.684,586670.746,586670.746
605183.SH,20260415,0.4219,0.85,16.2088,2.1592,3.6281,1.5413,805565.6519,798875.835
001400.SZ,20260415,22.7661,1.31,93.9243,8.4736,10.1838,0.4605,1042260.0,260565.0
688038.SH,20260415,2.1852,0.82,,4.43,10.0272,,263353.0042,263353.0042
603128.SH,20260415,0.8466,0.84,19.7501,1.2159,0.438,3.0906,736993.1761,736993.1761
688163.SH,20260415,3.3459,1.28,69.0586,3.2099,18.2016,0.9697,357126.0,357126.0
300920.SZ,20260415,1.5019,0.77,146.4746,3.3386,9.3622,0.2532,395000.0,259390.2788
600536.SH,20260415,1.1471,1.0,,9.882,6.3613,,3483023.9583,3146836.4884
600268.SH,20260415,6.6401,1.87,33.1568,4.2606,1.6506,0.8936,1591869.5091,1583972.7615
300588.SZ,20260415,1.9146,1.03,,17.3707,26.1573,,475996.9806,439579.5666
600009.SH,20260415,0.4001,0.88,28.8123,1.642,5.2886,1.8613,6817977.7296,5606805.8711
920419.BJ,20260415,2.3063,4.88,23.3866,2.3438,1.6809,0.7138,144732.2664,135464.4749
603028.SH,20260415,1.6217,1.17,,4.6913,1.3217,,240252.48,237867.03
688691.SH,20260415,9.6052,0.98,,10.2686,17.4453,0.1612,1265400.0,769416.0305
603112.SH,20260415,3.4998,0.93,19.7259,2.5247,2.6663,1.6335,1100441.3352,1035215.9482
002421.SZ,20260415,1.9075,0.47,,1.8848,2.2412,0.1894,559833.5527,529766.8213
002201.SZ,20260415,6.8036,0.94,98.3661,6.6376,4.3927,0.2036,768279.1281,709785.6122
603722.SH,20260415,0.9132,1.01,,3.6394,7.9169,0.2753,347590.4704,340405.3304
301398.SZ,20260415,7.8245,1.11,77.2405,4.7733,12.9694,0.5603,535472.0,177944.039
600824.SH,20260415,0.6998,0.93,224.2955,1.7392,6.4362,0.4523,419502.7751,419502.7751
600011.SH,20260415,0.7115,0.99,7.626,1.6924,0.4793,3.8571,10988665.3513,7698396.9433
301208.SZ,20260415,1.5376,0.76,63.2121,2.6717,3.7285,0.5848,410400.2052,225966.4452
600305.SH,20260415,0.4041,0.78,57.3887,2.4523,3.6051,1.3423,824321.2884,821726.2299
600292.SH,20260415,2.4434,0.97,126.7447,3.9643,5.551,,6745517.5495,1202458.0106
920781.BJ,20260415,0.9624,0.74,,3.1684,4.7484,0.2457,114379.62,75568.0637
600406.SH,20260415,1.6319,1.94,26.9915,4.3834,3.3877,2.1577,21573297.035,21509961.1711
000055.SZ,20260415,1.3863,0.89,,0.6684,1.1002,1.4451,371560.4825,233845.6324
000997.SZ,20260415,1.3398,0.6,18.1244,2.7973,2.4947,1.1006,2009986.2634,1998759.7319
000049.SZ,20260415,2.2201,0.56,25.0332,1.5686,0.4749,1.2146,1045062.8969,1044781.2201
301213.SZ,20260415,3.9511,1.57,,7.2259,36.4847,,566959.9929,366476.2043
002440.SZ,20260415,2.3394,0.53,45.7653,1.3858,2.2745,1.2468,1316203.8888,1108186.0014
920892.BJ,20260415,0.2855,0.66,23.1037,5.6604,4.2179,3.736,248712.9754,220244.7157
605196.SH,20260415,1.3515,0.68,81.119,7.3444,3.4758,0.1323,2424052.0267,2395543.4331
002534.SZ,20260415,1.407,0.6,34.6569,2.6978,2.4242,0.9717,1513042.6704,1493906.5721
600881.SH,20260415,0.8945,0.87,,3.0297,0.7605,,513912.0071,513912.0071
688231.SH,20260415,1.3456,0.89,109.8422,2.9906,4.421,0.7305,825490.2862,825490.2862
003037.SZ,20260415,0.3718,0.68,50.3146,1.5233,0.6713,0.698,427140.2454,427140.2454
688386.SH,20260415,1.8161,0.83,69.232,5.3097,10.8333,0.0894,782627.583,714987.0
603111.SH,20260415,0.564,0.97,16.168,1.4824,1.344,3.6122,587904.9183,581663.2025
002984.SZ,20260415,1.1616,0.8,12.4443,1.3883,2.1331,3.3277,1836262.3615,1265043.9022
600372.SH,20260415,1.0777,1.45,60.1165,1.6902,2.6501,0.6934,6416376.9314,6416376.9314
301098.SZ,20260415,3.1774,0.94,,1.287,1.8525,0.5981,153770.144,125140.279
603120.SH,20260415,3.2599,0.89,38.4709,3.0032,5.5284,1.056,342435.2,85608.8
301469.SZ,20260415,2.4373,0.77,42.8112,2.1814,2.844,1.03,300473.84,154665.0642
688012.SH,20260415,2.1956,1.14,95.1181,8.8348,16.2168,0.0932,20083938.9612,20083938.9612
600971.SH,20260415,0.8668,0.62,,0.748,1.5898,3.6835,879603.58,879603.58
300992.SZ,20260415,11.9125,1.42,184.58,3.748,3.4644,0.2159,324179.6334,263508.3334
002192.SZ,20260415,13.1233,0.87,70.1195,5.5359,23.2568,0.2205,1954684.3682,1950637.88
688373.SH,20260415,2.8641,1.6,,20.3057,29.4388,,417361.2497,385185.7012
300736.SZ,20260415,10.3654,1.26,,30.9142,5.9814,,253565.8302,247920.9217
300321.SZ,20260415,1.4474,1.07,269.0689,4.7625,7.5871,0.1265,301920.0,301566.06
002861.SZ,20260415,3.1918,0.8,277.4983,2.6558,3.4431,0.6369,292465.8203,235764.3095
300668.SZ,20260415,7.9111,0.92,,8.6808,12.1185,,680515.3363,563569.4019
920058.BJ,20260415,1.5697,0.55,30.7582,4.4431,1.9747,3.1356,154266.4147,75939.7558
920634.BJ,20260415,3.0874,1.49,74.8406,4.5942,1.6134,0.4804,132738.507,84176.0848
688710.SH,20260415,2.1482,1.14,,4.3457,12.445,0.4468,1009696.0026,649550.1702
301305.SZ,20260415,6.3399,0.95,23.9978,1.726,3.6318,0.7407,651316.1508,334026.3258
001260.SZ,20260415,1.0419,0.87,53.5548,2.885,4.1859,0.6069,238740.0,238740.0
603273.SH,20260415,1.9094,0.75,119.3873,4.3897,6.7053,0.4181,384478.2396,100568.7696
688158.SH,20260415,10.371,0.83,,8.6449,12.2927,,2088964.6608,1856259.5508
600241.SH,20260415,4.5157,1.04,,2.801,7.5636,,289887.5833,289887.5833
601766.SH,20260415,0.3719,0.83,13.4774,1.0321,0.6506,5.1696,17764596.8705,15058906.9917
688420.SH,20260415,2.0224,1.21,,1.4965,4.1631,0.6028,213027.87,100549.251
300960.SZ,20260415,1.2172,0.72,65.6807,5.3475,6.7971,1.3332,346521.7917,313976.9577
688048.SH,20260415,8.2583,0.83,2641.1381,17.1574,110.0788,,5156188.3328,5156188.3328
601169.SH,20260415,0.3782,1.02,4.4013,0.4162,1.6582,3.6563,11565212.3968,11565212.3968
001358.SZ,20260415,2.0032,0.99,65.8903,2.2212,6.7083,1.8978,318348.8,128415.6966
001896.SZ,20260415,17.4483,1.89,64.7665,7.2051,2.2513,,2528219.6638,2528219.6638
603787.SH,20260415,2.3245,0.48,49.644,1.8237,0.6816,1.5873,289981.1754,289981.1754
300323.SZ,20260415,4.1637,0.79,,2.4426,2.9651,,1603522.8114,1173441.6779
688499.SH,20260415,2.6711,0.95,167.2825,3.7108,2.6515,,852585.161,852585.161
601963.SH,20260415,1.0973,1.49,6.7908,0.6688,2.5406,3.6416,3839669.0912,2154036.9821
301459.SZ,20260415,3.104,0.86,30.8712,3.1984,4.1847,1.0036,398578.327,99906.9375
002454.SZ,20260415,4.8323,1.01,26.8511,1.6579,1.1806,2.3563,664410.7512,662682.0436
603949.SH,20260415,4.8101,1.0,44.0981,3.6789,9.1377,0.5321,396817.2174,395816.5309
300513.SZ,20260415,3.2007,1.29,,2.0658,2.8658,,272597.6137,250513.436
600258.SH,20260415,1.7669,1.07,21.1582,1.4215,2.2562,2.3422,1716219.0047,1716219.0047
300848.SZ,20260415,1.2259,1.11,77.6105,4.1488,3.6406,0.4711,635841.0137,376140.0528
300972.SZ,20260415,0.9046,1.24,29.2631,25.878,0.7646,0.255,3934713.6361,3606175.2219
600446.SH,20260415,1.2688,0.71,,3.2261,3.9782,,1187879.5585,1187879.5585
300197.SZ,20260415,1.309,1.08,,5.0174,7.1464,,492239.4813,492227.0313
300401.SZ,20260415,2.3434,1.19,25.5988,2.4427,6.2235,0.8019,772576.4006,760094.3381
002532.SZ,20260415,1.2723,0.69,17.7258,2.9339,2.8947,2.6923,8540020.5307,7577151.9989
002807.SZ,20260415,1.2591,1.1,5.1643,0.5977,2.7237,6.5359,1129779.2902,1128229.5308
601688.SH,20260415,0.9824,0.71,10.3969,0.981,4.7567,2.7558,17033691.9642,13787852.546
600477.SH,20260415,1.9335,1.15,65.8622,1.4863,0.9574,1.9427,740716.0889,740716.0889
000928.SZ,20260415,5.5668,1.08,13.4929,1.1989,0.7123,4.2351,1012859.1024,1012846.7121
002969.SZ,20260415,5.7375,0.88,173.9031,8.7205,8.1569,0.1104,2577070.9357,2562509.9049
688337.SH,20260415,3.6507,0.83,123.2832,3.3576,11.7888,0.7303,1061268.5587,1017709.45
688091.SH,20260415,2.9478,1.3,184.4256,8.2717,37.3019,,1182758.2281,1182758.2281
002662.SZ,20260415,1.2726,0.71,24.6536,1.3791,2.1074,1.7604,613500.0,613492.2699
600482.SH,20260415,2.378,0.88,45.1366,2.0823,1.4941,0.72,8374365.5907,8374365.5907
603713.SH,20260415,0.9195,0.73,15.1704,2.0079,0.7128,1.1814,950505.1238,950505.1238
301210.SZ,20260415,4.4024,1.11,85.3246,2.4933,2.8797,0.7756,455018.906,172551.7545
300798.SZ,20260415,19.8195,2.28,,3.12,4.4598,0.0894,524191.1516,426423.6135
688538.SH,20260415,0.7993,0.8,,3.8868,5.6988,,3134742.3409,1305757.5096
002888.SZ,20260415,2.8995,0.95,164.979,7.3181,9.5499,1.0822,278307.8316,141229.8927
301173.SZ,20260415,2.161,1.38,22.1922,2.5111,1.684,0.5215,384013.6232,134782.8971
000791.SZ,20260415,4.5204,1.43,12.6815,1.7286,2.8698,2.2444,2601559.4731,1552365.8654
002625.SZ,20260415,1.3676,1.14,119.2145,9.0045,45.592,,8592496.3937,8592458.5077
600373.SH,20260415,0.3351,0.59,27.4467,0.6544,1.4553,4.8896,1141212.835,1141212.835
300507.SZ,20260415,1.1266,0.72,60.3678,3.2434,2.7611,0.6957,686955.0462,664942.9198
605338.SH,20260415,0.7278,0.6,22.7687,2.6596,3.344,3.0829,621675.4879,621675.4879
603489.SH,20260415,1.8078,1.25,100.3547,2.9616,5.787,0.2941,797701.1286,797701.1286
301303.SZ,20260415,4.6226,1.21,19.5313,1.9618,3.8284,2.1672,660212.0,164301.7262
002158.SZ,20260415,0.7992,0.63,27.888,2.9954,4.4748,2.3673,1310074.1406,1307288.5151
688356.SH,20260415,2.1194,1.35,99.3568,4.7742,19.9268,0.1441,629857.5195,629857.5195
002637.SZ,20260415,3.3255,0.85,34.0346,1.4916,0.4364,0.9812,563069.997,529939.6106
601005.SH,20260415,0.7485,0.83,,0.8908,0.5163,,1239246.9274,1163909.1194
920171.BJ,20260415,8.2353,0.55,435.3292,9.521,8.5394,,208485.1288,140674.5184
688443.SH,20260415,5.598,0.99,,7.4067,50.8567,,1173376.0,373376.0
301390.SZ,20260415,4.4446,1.08,86.1572,2.2315,3.2582,0.28,212700.0,108746.1364
300029.SZ,20260415,3.8311,2.19,,,10.1238,,90829.4445,90763.1933
002910.SZ,20260415,1.5512,0.67,,1.9716,2.3647,,205707.393,179957.1714
603357.SH,20260415,0.7013,1.14,12.3698,1.1395,1.7928,4.3371,452386.3726,448371.5879
688233.SH,20260415,3.3356,1.01,121.6242,6.5659,28.3338,0.1023,1241017.8982,1241017.8982
600563.SH,20260415,4.0053,1.13,23.2553,4.5976,5.2046,1.6231,2772450.0,2772450.0
688016.SH,20260415,1.5392,0.98,22.1218,3.0579,9.2266,1.6019,1246180.0029,1246180.0029
603630.SH,20260415,1.1441,1.02,,1.9003,4.2907,0.5524,363029.783,363029.783
