ts_code,trade_date,turnover_rate,volume_ratio,pe_ttm,pb,ps_ttm,dv_ttm,total_mv,circ_mv
920139.BJ,20260205,1.33,0.46,,5.3649,18.1411,,574589.7597,550742.9688
002310.SZ,20260205,0.7029,0.54,,9.0201,39.7541,,1385843.409,969980.4846
300415.SZ,20260205,1.327,0.85,17.4223,3.8646,2.1161,1.9068,1205141.68,1165352.9815
002569.SZ,20260205,0.647,0.49,,69.3809,16.7379,,200173.9,194539.4308
600279.SH,20260205,0.601,0.51,12.8475,0.9584,1.537,0.7353,645655.258,645655.258
002682.SZ,20260205,11.7777,2.29,,3.7962,1.7478,,408841.9678,408835.861
600802.SH,20260205,4.0632,1.67,,2.6783,1.713,,296486.7148,296486.7148
300805.SZ,20260205,20.1155,1.28,150.9877,4.0155,2.5218,0.1353,626901.0585,425894.9469
300520.SZ,20260205,14.7282,1.09,,7.5902,8.1441,,1343050.6518,1278560.7834
002330.SZ,20260205,2.3009,0.57,,1.4588,1.0201,,334175.8425,334104.0041
688577.SH,20260205,0.8274,0.62,207.0064,8.1686,9.8355,0.585,815235.2947,815235.2947
301151.SZ,20260205,0.8626,0.77,40.9987,1.6211,3.7595,1.5876,331755.0483,331440.3892
603599.SH,20260205,4.7292,0.69,18.9715,1.3797,3.6045,1.7869,1375416.9803,1375416.9803
000547.SZ,20260205,25.214,1.11,,10.8809,21.5298,,5115098.4608,5085187.3984
002453.SZ,20260205,1.7943,0.71,,5.2121,13.6982,,477671.8701,360304.724
002493.SZ,20260205,0.6177,0.72,187.1003,3.1527,0.4457,0.6949,13775440.8683,12910471.737
002810.SZ,20260205,7.7882,1.13,40.4789,2.9504,3.3679,0.5252,659450.1918,610650.5037
605080.SH,20260205,3.281,0.92,18.373,1.7106,3.6531,0.741,376215.5527,373053.4896
300590.SZ,20260205,1.3491,0.58,65.9827,3.1223,6.656,1.7663,569377.912,438700.6797
300697.SZ,20260205,10.5928,0.53,45.4852,6.1596,2.4742,0.793,755389.44,351803.7469
300400.SZ,20260205,1.6134,0.72,45.4565,7.2692,6.4607,3.9667,495441.8836,489923.5828
600365.SH,20260205,1.0842,0.79,,5.2875,1.8385,,142565.42,134165.92
603606.SH,20260205,1.1306,0.64,38.6922,4.9963,3.8724,0.8053,3830574.5998,3830574.5998
002140.SZ,20260205,3.5699,1.78,18.7608,1.8722,0.9312,1.6488,858820.8267,857544.1479
002472.SZ,20260205,2.0115,0.71,29.1255,3.6414,4.0555,0.992,3449284.4145,3066120.0956
300751.SZ,20260205,8.8127,1.07,98.9668,10.4595,9.9437,0.3725,8220374.6815,5688621.2252
002200.SZ,20260205,0.9941,0.69,,,6.0435,,310374.3997,134659.4674
002068.SZ,20260205,3.7348,0.67,,2.5192,0.7307,,675782.2351,675470.3495
920496.BJ,20260205,2.7384,0.83,38.4282,2.9207,2.5376,1.4749,168389.775,147463.4053
002128.SZ,20260205,1.0651,0.73,12.5681,1.7078,2.0883,2.8199,6359343.9996,6359343.9996
002236.SZ,20260205,1.6848,0.65,15.8434,1.6175,1.8651,3.4441,6106791.8565,3931457.4889
688802.SH,20260205,5.3411,0.83,,14.6399,112.1017,,19683319.6,892364.9157
300254.SZ,20260205,12.3335,4.51,141.8613,9.8289,3.4017,,288890.4591,254850.9238
603486.SH,20260205,1.1195,0.99,25.7941,4.7655,2.1623,0.6238,4150286.8427,4110354.7958
002645.SZ,20260205,3.14,0.48,,2.2798,1.3019,,910020.522,810444.949
300527.SZ,20260205,1.7782,1.23,739.6716,2.9519,8.3354,0.0302,859170.9643,859170.9643
688716.SH,20260205,3.7216,0.83,232.1018,3.8976,15.8468,0.528,460923.84,264884.12
000717.SZ,20260205,1.3368,0.63,,0.7974,0.2224,,625352.1622,625278.729
688793.SH,20260205,1.6868,1.17,,7.1367,2.4674,,197416.6274,197416.6274
300908.SZ,20260205,2.7741,1.95,24.0787,2.4641,3.9995,2.6927,433766.0,365886.5945
601089.SH,20260205,0.4643,0.36,27.3758,3.4398,3.7075,1.8459,1267680.0,1267680.0
002168.SZ,20260205,0.5847,0.46,,145.3242,9.8516,,329348.6146,329348.6146
300230.SZ,20260205,1.855,0.82,18.4609,1.2703,1.7395,1.277,413925.6415,320579.652
000782.SZ,20260205,2.7392,0.65,,2.3362,1.5166,,401650.1828,308961.6795
300600.SZ,20260205,1.4966,0.71,,3.416,17.1826,,417224.4926,417224.4926
002774.SZ,20260205,2.2668,0.88,38.2539,3.1636,2.6806,3.1943,379447.2633,317556.9707
000972.SZ,20260205,1.0901,0.78,,,7.4059,,269949.2527,269949.2527
000856.SZ,20260205,9.4193,1.41,135.8971,6.0719,0.9682,,254694.0,254694.0
603896.SH,20260205,1.2858,1.01,31.2372,1.8445,6.3642,1.2943,413536.7983,413536.7983
002430.SZ,20260205,0.9231,0.64,29.6716,2.9439,2.0146,1.3188,2980067.5237,2978893.9761
920152.BJ,20260205,0.8255,0.66,,7.3053,3.9195,,262543.7286,193736.1686
688376.SH,20260205,1.4776,0.43,47.001,4.4568,4.3161,0.3103,866288.7013,866288.7013
002971.SZ,20260205,2.3995,0.87,92.2486,4.1697,4.228,0.3177,664910.7,505554.2744
301299.SZ,20260205,2.1373,0.55,52.7554,6.2406,10.5168,2.8872,355520.7373,355520.7373
301386.SZ,20260205,14.2875,0.83,39.1069,2.5563,7.0773,1.8464,379120.0,116230.0788
301587.SZ,20260205,2.2074,0.7,77.6157,1.8095,5.4667,1.9951,358007.1372,178490.8872
688221.SH,20260205,3.4959,0.9,,8.4646,58.8384,,830815.4524,830815.4524
603931.SH,20260205,1.0908,0.47,49.3562,3.9036,10.0641,0.6971,629806.2473,629806.2473
688567.SH,20260205,0.8011,0.77,,1.8085,1.9266,,1740275.9322,1740275.9322
688530.SH,20260205,18.4229,0.88,,4.9599,8.0509,0.2539,409714.7494,173512.2022
301363.SZ,20260205,2.7388,0.84,56.8455,4.8835,10.941,0.4815,1785686.634,1171484.2421
920533.BJ,20260205,2.012,0.66,134.7885,10.2783,5.2308,0.5548,362590.0705,202407.0157
600301.SH,20260205,4.3315,0.98,52.4711,7.1408,5.9939,,3209014.821,1396777.9097
600170.SH,20260205,3.3858,0.5,12.9729,0.8334,0.1077,2.027,2630238.1642,2630238.1642
603589.SH,20260205,1.3608,0.54,16.4356,1.7053,3.7001,4.357,1785984.7434,1785984.7434
002442.SZ,20260205,1.6889,0.53,35.5159,1.762,0.7224,1.8692,323111.8962,316226.5265
688169.SH,20260205,2.4307,1.8,25.507,2.8588,2.3132,0.5024,3933493.7726,3933493.7726
600149.SH,20260205,15.4251,2.28,140.5304,9.6977,10.8683,,226195.2,226195.2
002685.SZ,20260205,1.9144,0.63,53.6523,4.4135,8.0763,,693291.161,693198.7454
688315.SH,20260205,0.8497,0.58,36.9378,2.4936,2.9785,0.3129,647191.0,647191.0
301656.SZ,20260205,1.9278,0.69,54.7313,6.8404,3.1647,,6324600.0933,438898.8447
603027.SH,20260205,4.0765,3.09,35.0745,4.4891,5.3428,4.1543,1481102.3327,1388322.6727
603990.SH,20260205,1.5968,0.55,,5.4364,13.8759,,453298.4419,453298.4419
603666.SH,20260205,1.2832,0.63,,2.9989,11.7549,,634883.4674,634883.4674
001339.SZ,20260205,2.2983,0.41,77.4157,5.9668,3.1816,0.149,1344475.6572,636351.6688
002006.SZ,20260205,2.3389,0.74,48.0205,4.3686,5.554,0.7424,1049982.7488,1049982.7488
603353.SH,20260205,3.0274,0.41,775.461,3.7739,2.1928,0.5606,615939.198,610607.694
002958.SZ,20260205,1.5614,1.09,5.8907,0.4709,1.6481,3.8095,1750021.0768,1713468.0093
603175.SH,20260205,2.5518,0.38,119.7605,10.2724,6.646,,2957814.4445,297787.3165
002982.SZ,20260205,2.6329,0.49,93.8491,1.8612,0.6574,0.4916,295240.8341,188709.6536
002300.SZ,20260205,12.5624,2.26,83.4751,3.5605,0.5402,1.1803,673215.0084,673155.8339
600657.SH,20260205,1.341,0.99,,0.5464,1.4019,,1012416.9012,1012416.9012
002867.SZ,20260205,0.939,0.34,13.369,2.3144,1.4066,7.0478,1386150.1614,1378006.6187
300369.SZ,20260205,2.493,0.48,,2.6677,2.7706,,654982.4847,652909.1898
600858.SH,20260205,5.704,1.3,94.6437,1.356,0.6907,0.5382,367167.0118,365388.9085
920394.BJ,20260205,1.1061,0.6,68.3277,10.6451,17.6096,0.3539,826458.75,820371.5606
301581.SZ,20260205,8.0715,5.13,57.7825,4.1208,5.029,1.3529,413920.0,252894.772
603095.SH,20260205,2.8663,0.86,49.4323,2.2824,4.1856,4.2344,529193.5908,529193.5908
600150.SH,20260205,0.7509,0.51,36.2513,1.8481,2.0093,0.4287,26083803.3842,26083803.3842
300536.SZ,20260205,1.661,0.59,,5.9215,15.4675,,265132.4722,265113.2514
605319.SH,20260205,1.6063,0.9,18.6064,3.1974,2.9669,2.0193,829704.5405,713607.7205
300595.SZ,20260205,1.7668,1.06,29.0599,2.9308,7.8708,1.7557,1428881.4403,1066917.637
603255.SH,20260205,3.0271,0.81,,2.8166,5.2637,,447248.1094,201623.8491
000561.SZ,20260205,2.6751,0.62,,3.1145,6.5009,,982388.7366,814542.3896
600428.SH,20260205,1.0037,0.55,12.5662,1.2604,0.9756,3.6759,2082635.5798,1855971.7575
300546.SZ,20260205,1.7066,0.65,121.0361,3.9606,7.8121,0.1886,445305.6007,319518.7682
600531.SH,20260205,15.6346,1.4,22.894,3.0799,0.4427,1.2265,2000120.5025,2000120.5025
002498.SZ,20260205,4.9289,0.68,34.4701,2.1937,1.9067,0.7055,1886293.332,1886293.332
000599.SZ,20260205,7.2248,0.86,,4.6067,1.3454,,606035.1684,606024.8731
688796.SH,20260205,6.9568,0.77,130.2221,15.3539,24.4452,,3254761.1929,261369.6894
688560.SH,20260205,5.5484,0.9,,1.5064,6.2497,,399986.9111,399986.9111
002863.SZ,20260205,2.1139,0.86,45.6245,1.2701,0.6464,0.2829,360289.616,360289.616
300231.SZ,20260205,2.5524,0.6,,3.0177,2.8605,0.9058,490498.1461,490472.9583
688247.SH,20260205,0.4557,0.68,47.6377,3.6218,9.7749,0.5927,469660.24,469660.24
605488.SH,20260205,2.7177,0.59,82.0353,7.1456,3.8325,0.2725,1096779.5027,1081018.6075
300412.SZ,20260205,2.6554,0.86,92.2527,2.797,2.1258,1.0345,288698.8495,271359.7547
301622.SZ,20260205,2.8182,0.43,46.6485,4.8506,5.557,0.6126,757035.1764,410213.1438
301196.SZ,20260205,2.2613,0.6,35.5199,2.8426,4.358,0.7985,941231.4786,615613.6602
300026.SZ,20260205,1.1491,0.82,,1.2624,1.9863,0.8264,1090508.2058,994085.8375
002973.SZ,20260205,1.1757,0.57,30.9692,2.4208,1.6294,0.6702,609729.1841,464806.3423
688210.SH,20260205,2.2991,0.44,319.6775,6.901,10.4866,0.2596,905761.9959,905761.9959
300932.SZ,20260205,6.2058,1.02,57.6869,2.4573,1.8644,1.156,431180.0853,307107.6459
688807.SH,20260205,7.9174,0.68,173.4454,8.8243,32.9539,,1535360.0,288564.31
300586.SZ,20260205,1.5388,0.73,,3.75,4.1177,,703393.2619,528715.9069
688107.SH,20260205,1.0707,0.56,,11.0712,21.656,,1134403.7086,1134403.7086
002767.SZ,20260205,1.8759,0.37,95.7188,4.2212,5.4789,0.1837,359250.0,311825.4578
603863.SH,20260205,2.8314,0.61,,11.28,7.9652,,410732.55,410732.55
002139.SZ,20260205,1.2382,0.54,29.4106,2.2449,1.4443,0.5419,1587220.9397,1363395.6587
688297.SH,20260205,0.7986,0.78,525.1546,5.7486,17.6617,,3291300.0,3291300.0
300503.SZ,20260205,5.6899,0.54,136.3355,12.5392,11.3751,0.0962,1685692.2872,1317892.8164
920060.BJ,20260205,1.605,0.66,37.439,4.6329,4.2,1.5615,486847.0109,303627.3189
300817.SZ,20260205,1.3168,0.6,69.4975,4.3871,4.9214,1.3679,446856.4973,256409.7849
300955.SZ,20260205,1.4589,0.64,,4.2968,3.4541,0.7485,377092.8,377092.8
002060.SZ,20260205,2.9364,1.4,13.1492,1.0322,0.2019,3.6939,1422915.0387,592306.7561
002877.SZ,20260205,2.6561,0.88,553.6782,2.723,2.9857,0.2155,330222.949,223197.5971
301600.SZ,20260205,2.2494,0.67,72.0572,10.5489,13.1878,1.7901,1271632.901,392456.911
002250.SZ,20260205,2.0048,0.58,39.8874,2.3438,2.5537,0.1168,1541482.8207,1533093.47
000503.SZ,20260205,1.0038,0.58,,7.2941,28.0195,,916580.3138,916564.4018
002492.SZ,20260205,5.1939,1.43,56.5053,2.0326,10.3516,0.2295,351540.0,345320.5413
301086.SZ,20260205,7.6414,0.99,140.7049,5.9245,13.2137,0.629,1144620.0,602048.6647
688411.SH,20260205,1.89,0.44,41.652,8.8966,3.6289,0.497,3986167.2179,2934399.025
688095.SH,20260205,3.2516,0.64,,3.3991,9.7952,0.3128,860241.278,860241.278
300860.SZ,20260205,3.2486,0.72,190.6324,1.7745,13.6363,0.7317,540853.575,314026.5288
301510.SZ,20260205,2.0245,0.56,222.0977,10.3468,29.4196,0.107,1457636.44,1017256.3434
000537.SZ,20260205,0.7852,0.78,19.6415,0.8861,3.8174,2.8689,1764878.4086,1764878.4086
300478.SZ,20260205,1.5957,0.81,,61.3125,7.0468,,314909.078,314909.078
002209.SZ,20260205,1.9156,0.59,24.1101,3.85,1.6679,0.3275,316058.1314,248224.9217
601019.SH,20260205,0.4416,0.63,12.2718,1.2282,1.6377,4.0749,1894905.2,1894905.2
300237.SZ,20260205,7.4012,3.66,,,2.1168,,387875.1162,387871.4847
002212.SZ,20260205,2.1956,0.65,591.5083,1.0696,4.0789,0.2337,995459.0739,984821.3435
002347.SZ,20260205,3.601,0.63,,4.3038,4.2475,0.2049,492589.4214,481541.7114
688322.SH,20260205,1.3039,0.57,338.8959,11.9993,38.5147,,3572590.6014,2838131.9472
688225.SH,20260205,0.918,0.67,,4.4654,1.0752,,793219.83,793219.83
300692.SZ,20260205,1.5586,0.7,57.7152,1.6481,4.1031,0.3101,401434.1894,358554.396
300768.SZ,20260205,0.8605,0.58,71.9657,3.4409,9.6878,0.4353,1168549.7058,763511.8918
600865.SH,20260205,14.2088,2.86,231.517,2.5384,31.5824,1.1613,583172.4898,583172.4898
601898.SH,20260205,1.1761,1.73,11.0428,1.2236,1.1898,2.9609,18986405.9888,13105664.5728
301075.SZ,20260205,0.6604,0.58,,8.2036,27.649,,489680.0,489680.0
603170.SH,20260205,2.1978,1.98,23.6085,4.2084,2.0814,2.6263,594014.85,594014.85
688010.SH,20260205,3.4848,1.64,,2.7587,7.2441,0.1955,463059.591,463059.591
688119.SH,20260205,2.3331,0.6,,2.3402,3.3977,,697500.0,697500.0
301505.SZ,20260205,3.7102,0.65,135.8159,3.0034,9.9352,0.7929,287029.5774,187978.8665
301323.SZ,20260205,1.59,0.38,39.4356,2.6049,5.9726,1.1027,563315.6612,361035.2576
600502.SH,20260205,1.2271,0.99,6.9579,0.7436,0.0947,5.5901,829085.8921,829085.8921
301580.SZ,20260205,3.7005,1.23,29.8736,2.5928,5.4399,0.9154,540495.3317,365270.1834
601010.SH,20260205,1.4559,0.96,46.7573,1.1656,2.9555,3.7748,498960.0,498960.0
301126.SZ,20260205,5.1276,0.95,,1.4586,0.4719,0.8398,253878.3552,170423.7205
688581.SH,20260205,1.2069,1.06,18.2484,2.0019,7.4486,2.2325,498089.5651,255176.5641
688019.SH,20260205,1.5797,0.73,58.5112,13.1974,18.7794,0.1325,4384815.0119,4384815.0119
300125.SZ,20260205,1.512,0.97,,,50.0288,,508709.3901,275659.1089
002524.SZ,20260205,6.9604,0.76,,21.6051,2.8244,,242205.8398,240102.9423
603099.SH,20260205,3.3647,1.31,82.0987,7.8764,15.2507,0.1816,1197004.0047,1172014.65
600333.SH,20260205,1.5812,0.52,,1.8603,1.5531,,347756.5206,347756.5206
002594.SZ,20260205,1.0158,0.84,21.4228,3.7367,0.9767,1.4701,82155067.2582,31423536.0671
002950.SZ,20260205,1.2551,0.42,14.8125,1.7958,1.9293,0.5541,669994.8006,478210.9311
300418.SZ,20260205,10.3206,1.08,,5.2976,9.7384,,7439245.3035,7434111.906
002048.SZ,20260205,2.4141,0.64,80.1632,2.3166,0.9504,1.4632,2605079.8235,2272074.227
300438.SZ,20260205,6.6066,0.97,,4.557,2.3998,,2374270.6291,1906442.7106
601636.SH,20260205,1.9689,0.66,35.634,1.4095,1.3476,0.5607,2133189.3379,2133189.3379
688727.SH,20260205,7.4902,0.81,240.3254,9.7725,37.708,,2421832.644,270810.6594
002743.SZ,20260205,1.6851,0.54,101.1479,0.7603,0.7451,,250714.6433,250312.8833
601700.SH,20260205,3.2757,0.78,231.6197,2.4761,2.3518,0.3525,632804.6718,632804.6718
603378.SH,20260205,1.8951,1.02,,2.9674,4.0841,,296160.2796,296160.2796
002919.SZ,20260205,3.5836,1.09,,8.4832,4.727,0.1909,696965.6626,691375.0646
601319.SH,20260205,0.1607,0.58,7.5088,1.2893,0.595,2.119,40066935.4682,32160967.4642
600610.SH,20260205,8.0219,0.55,274.6492,111.5588,12.0543,,1266246.5831,837714.9653
002215.SZ,20260205,2.4069,0.75,16.5819,2.6918,2.035,3.1549,1115143.5291,891321.8604
600694.SH,20260205,2.3651,1.02,12.7741,0.7266,0.9838,4.9493,638783.7709,638783.7709
600121.SH,20260205,5.172,0.74,,3.4658,1.4442,,531227.6486,531227.6486
920367.BJ,20260205,4.0789,0.83,150.5992,3.3099,11.2659,0.4505,157311.975,92755.7447
000752.SZ,20260205,0.8923,0.41,19.5966,4.6898,6.4475,,288288.0307,288288.0307
301272.SZ,20260205,2.7773,0.97,63.1519,2.4771,4.3774,1.5834,249804.821,133772.695
603014.SH,20260205,2.1866,0.71,35.5326,2.4372,4.5616,0.3905,1685637.6563,158847.1846
301606.SZ,20260205,1.6824,0.46,43.5107,8.413,3.2117,0.9421,2642560.5544,1394914.872
601162.SH,20260205,1.6812,0.87,63.5132,1.542,12.0736,,4190777.8573,3576755.7172
603216.SH,20260205,1.7471,0.51,126.8518,5.427,8.8915,0.4581,972264.54,972264.54
920808.BJ,20260205,0.572,0.61,,22.8077,24.2431,0.0836,1483600.0074,1443336.4238
601881.SH,20260205,0.5372,0.69,11.9741,1.4463,5.3977,2.0885,16806176.2675,11133132.8866
002837.SZ,20260205,5.8617,0.78,194.2825,29.2608,16.8798,0.1537,9694270.0917,8439885.4672
600503.SH,20260205,1.6903,0.94,,1.2036,16.4964,,427811.43,427811.43
688008.SH,20260205,2.8319,0.46,93.3073,15.9775,37.6086,0.3476,19277161.9506,19277161.9506
603181.SH,20260205,1.924,1.02,20.95,2.8221,3.8754,1.2833,941920.0,941920.0
688669.SH,20260205,1.6118,0.93,,2.3574,0.8009,,308429.335,308429.335
300242.SZ,20260205,5.3747,0.56,,14.3122,1.7642,,378194.9135,378194.7073
002366.SZ,20260205,1.9517,0.69,,3.4093,14.9817,,1556541.3547,1384066.9051
600031.SH,20260205,0.8058,0.78,25.9573,2.5276,2.4989,2.8619,21396775.3249,19719905.6161
603033.SH,20260205,0.6075,0.43,,3.9613,2.3827,,1152840.8534,1132009.6781
603499.SH,20260205,1.1314,0.43,53.8004,7.8662,6.6092,0.6285,687797.0485,687797.0485
603201.SH,20260205,0.6095,0.73,12.879,1.9107,1.11,2.2931,330374.7366,327548.8963
002541.SZ,20260205,1.2609,0.52,25.561,1.6371,0.7274,1.5791,1567028.9295,1126685.8856
002478.SZ,20260205,7.1384,1.23,14.0982,1.4688,1.5072,2.2679,867474.4716,695983.1523
300638.SZ,20260205,2.2829,0.51,77.8218,4.0972,3.5233,1.2152,2585389.3015,1525039.9665
600660.SH,20260205,0.7352,0.8,18.0006,4.9358,3.6958,4.3097,16350043.228,12548709.37
600016.SH,20260205,1.4168,1.3,5.5392,0.2992,1.1746,5.1563,16812448.7048,13617455.3138
300674.SZ,20260205,1.2952,0.66,39.0674,3.5019,4.0867,1.1527,1550333.6461,1548031.9726
600704.SH,20260205,1.1833,0.76,7.7457,0.7278,0.0498,5.4482,2942401.3574,2942401.3574
300539.SZ,20260205,1.4592,0.57,170.8452,7.5358,9.6555,0.3435,875616.7621,563502.6577
000581.SZ,20260205,0.9156,0.46,13.1383,1.0096,1.7606,4.8104,2015748.1699,1655212.7972
003002.SZ,20260205,2.2689,0.62,30.8034,3.7376,4.3363,0.5328,560600.0,512520.9118
603709.SH,20260205,2.9138,1.15,,4.55,1.4718,,235638.2868,233829.2256
002092.SZ,20260205,3.4316,0.67,,0.7631,0.5705,,1647252.4128,1638088.2888
603661.SH,20260205,0.763,0.97,17.5742,1.3051,0.4142,3.6431,484787.6701,484787.6701
601992.SH,20260205,2.3897,1.02,,0.5524,0.2174,2.381,2242331.9381,1750173.2354
688550.SH,20260205,2.7524,1.18,22.5095,2.4064,4.6898,1.2992,781604.5932,781604.5932
920396.BJ,20260205,3.6194,0.93,61.6292,7.032,9.4534,0.6148,243890.7763,173269.6589
001215.SZ,20260205,3.5889,0.96,82.9223,2.4828,2.4636,,463649.6483,461848.0608
300211.SZ,20260205,0.6063,0.46,,5.5396,12.9284,,256820.6159,251037.354
300071.SZ,20260205,9.8093,0.52,,42.4641,5.7576,,595680.5196,584226.8352
000608.SZ,20260205,4.6816,1.41,,1.2557,7.3627,,279717.6643,278044.4795
002687.SZ,20260205,2.6875,0.84,44.0034,1.7488,2.0354,,260970.9968,213753.4608
300785.SZ,20260205,16.1534,0.67,158.7618,7.1365,10.2762,0.2213,1347641.9818,829059.4494
600831.SH,20260205,1.6265,0.87,,2.109,2.3989,,309972.8885,309972.8885
603800.SH,20260205,1.7969,0.81,85.3242,9.3365,6.742,0.2507,804544.0,804544.0
300740.SZ,20260205,6.0874,2.43,60.6345,4.4358,1.9961,,918473.7926,845404.3739
603822.SH,20260205,0.9137,0.47,,18.1455,2.5018,,810589.9232,810589.9232
301418.SZ,20260205,2.4494,0.67,183.5587,1.7718,8.4295,,286733.3359,115096.0659
300834.SZ,20260205,0.4829,0.61,72.4787,1.6229,3.3384,1.2252,476532.3884,473369.8763
002876.SZ,20260205,1.7461,0.57,91.4992,1.8584,1.3168,0.5883,442363.267,378927.299
301313.SZ,20260205,5.0594,0.47,,4.3668,5.8119,,314498.336,229482.839
301163.SZ,20260205,3.0067,0.85,69.457,2.2034,3.0526,0.4076,250267.2,167843.5348
300172.SZ,20260205,3.5986,0.93,49.7356,2.0144,5.1403,0.8666,390461.67,302066.6473
000514.SZ,20260205,2.6397,0.84,47.0836,1.1547,15.0173,,437917.1308,437917.1308
600282.SH,20260205,0.6606,0.6,12.704,1.2645,0.611,3.6817,3409295.3291,3409295.3291
000166.SZ,20260205,0.4268,0.65,13.6189,1.1576,4.7689,1.5882,12770371.7256,11493108.7312
688566.SH,20260205,0.9002,0.98,23.2549,2.3832,5.8678,1.8453,561996.1776,561996.1776
600741.SH,20260205,0.4421,0.59,8.771,0.9357,0.3361,4.1645,6056382.7733,6056382.7733
688631.SH,20260205,2.0663,0.65,173.9626,6.1091,7.8301,0.5908,1106691.9,439169.9
300922.SZ,20260205,2.2254,0.75,84.9841,3.8522,14.4823,0.7776,359437.983,282273.7722
300614.SZ,20260205,5.0713,0.86,,2.3172,5.9705,,245153.3575,245153.3575
001696.SZ,20260205,1.5031,0.53,28.3674,4.2832,1.8548,0.9751,2348450.2129,1828257.7595
000712.SZ,20260205,2.3784,0.78,70.2011,4.398,13.6861,,1115520.0,1115188.9856
000679.SZ,20260205,1.5284,0.97,,13.2341,5.1607,,261241.2,261241.2
603290.SH,20260205,2.8169,1.02,54.3273,3.6625,6.3865,0.6014,2532671.3764,2532671.3764
603207.SH,20260205,1.7212,0.84,22.8994,5.1733,9.6889,7.2251,488892.8,165376.0
603039.SH,20260205,3.6298,1.38,65.7012,6.3779,6.2588,0.2718,1423935.1909,1423935.1909
601929.SH,20260205,3.3604,0.79,,2.6009,6.4295,,1301690.9867,1301690.9867
002101.SZ,20260205,1.0193,0.78,22.4857,1.0301,0.8847,2.5825,805224.0017,802601.1852
688633.SH,20260205,0.6178,0.55,27.7595,2.2557,5.3246,1.3835,362443.7893,362443.7893
300269.SZ,20260205,21.6669,1.33,161.6012,47.3125,8.8046,,508479.402,486779.3124
301588.SZ,20260205,8.2247,1.08,63.7031,3.0965,3.362,0.5747,289561.8487,178702.9698
601828.SH,20260205,0.5722,0.92,,0.2662,1.7198,,1149649.4257,953950.0183
001228.SZ,20260205,3.8238,1.27,34.1581,1.8866,0.6461,1.8797,316994.7867,243746.7867
600507.SH,20260205,1.3006,0.51,17.0551,1.4422,0.7787,0.5166,1445742.4313,1445742.4313
601187.SH,20260205,1.9068,3.23,7.9454,0.7622,3.5738,3.7831,2092828.4152,2088270.413
301172.SZ,20260205,18.7456,1.51,153.3893,3.4552,12.0148,0.2435,506056.32,289779.6787
600469.SH,20260205,2.7747,0.68,23.5622,1.5298,0.7313,0.5413,539064.1937,539064.1937
603708.SH,20260205,4.2035,2.05,57.703,3.8245,0.4875,1.7207,863672.2273,863672.2273
600552.SH,20260205,3.8138,0.75,88.6853,3.2753,2.4734,0.3392,1392350.5618,1392350.5618
603139.SH,20260205,1.4593,0.48,,3.2382,4.5733,,234718.0,234718.0
301222.SZ,20260205,14.8423,10.83,33.8452,2.4492,5.3069,0.8569,350945.8416,279455.5967
600930.SH,20260205,1.3626,0.55,28.0629,2.2495,6.4453,,24819999.9998,1921739.0962
300891.SZ,20260205,2.4186,0.6,,2.9804,2.1508,0.1051,378007.7121,314138.7059
601616.SH,20260205,7.6319,0.62,225.489,1.7715,4.8858,1.3861,431106.0361,431106.0361
301022.SZ,20260205,3.1483,0.72,78.6944,2.4306,4.3713,0.7387,344215.076,232463.3455
003039.SZ,20260205,0.8511,0.63,36.8961,3.5733,4.6835,1.2899,1005320.4924,1005320.4924
002553.SZ,20260205,3.2934,0.61,27.4293,5.9041,11.1554,0.3682,945017.3747,670639.2
920284.BJ,20260205,4.9256,1.03,,12.4362,21.5532,,390850.4559,252753.435
603286.SH,20260205,2.5058,0.61,,9.5755,7.5023,0.0434,805453.4826,791861.1555
600764.SH,20260205,0.8866,0.61,84.9618,2.4116,6.1401,0.4629,1980524.0988,1980524.0988
300632.SZ,20260205,2.4073,0.65,168.6398,2.3298,5.3353,0.6781,416572.9113,301952.4117
002093.SZ,20260205,1.1327,0.63,51.7578,2.9192,19.7939,1.0625,1120340.0,1120340.0
300198.SZ,20260205,1.7375,0.6,,154.9863,34.0187,,286770.4941,285288.1901
301288.SZ,20260205,1.9196,1.58,,2.5607,16.706,,203490.84,147158.526
301118.SZ,20260205,3.1573,0.7,,2.1434,1.9338,0.4804,287282.0148,273871.771
300597.SZ,20260205,2.9113,1.1,,2.8754,5.5442,0.0393,271479.7499,270286.749
002161.SZ,20260205,3.9756,0.58,60.4168,3.9267,11.2297,0.1682,659863.6008,628630.4188
688217.SH,20260205,0.9864,0.63,,1.9063,8.889,0.5503,170472.1946,170472.1946
601088.SH,20260205,0.2189,0.7,16.1029,2.097,2.7944,7.7401,83169624.5316,69031484.8796
603638.SH,20260205,0.8569,0.7,49.1551,5.4236,6.0954,0.6682,1865794.3785,1865794.3785
600860.SH,20260205,6.2802,1.36,,9.3622,4.4738,,722681.5042,586133.8402
603317.SH,20260205,3.9175,3.95,26.4353,3.5203,4.3851,3.7837,1544901.1661,1544901.1661
600765.SH,20260205,1.8551,0.54,126.8789,2.1635,2.9023,0.6281,3078511.667,3056912.151
603282.SH,20260205,2.007,0.6,23.1409,2.1391,2.751,1.1007,282761.66,135621.7619
600729.SH,20260205,4.9243,1.32,10.7402,1.4038,0.7451,6.1114,1096287.7087,479089.7987
300467.SZ,20260205,2.7572,0.68,423.8301,10.7131,24.1163,,683987.6833,567363.7843
002529.SZ,20260205,0.9628,0.46,,9.2257,5.2102,,178360.0,178360.0
300928.SZ,20260205,1.6573,0.67,,2.3564,2.5372,,258720.0,173298.6699
300773.SZ,20260205,4.5412,0.65,118.3661,6.1159,3.861,1.5016,2099325.3382,1985509.874
001301.SZ,20260205,1.221,0.72,20.1703,2.8984,2.7547,1.0602,1959929.6603,1398187.1753
301050.SZ,20260205,4.1359,0.74,109.2483,4.3523,19.6558,0.6179,1372274.7612,1167739.812
000829.SZ,20260205,1.4205,0.72,,3.6205,0.1316,0.0971,1055853.4511,1054853.5591
688498.SH,20260205,4.5482,1.0,641.3281,29.6255,140.6929,0.0532,6433101.3434,6287316.0
920510.BJ,20260205,1.7686,0.92,,7.9653,15.4888,,319242.739,162727.1022
603261.SH,20260205,0.9039,0.36,,3.4397,8.0278,,228717.3199,228717.3199
688211.SH,20260205,0.3659,0.55,,1.2824,2.2788,,433124.2251,433124.2251
002726.SZ,20260205,1.8542,0.69,,4.1061,0.4184,,443535.0432,443198.4342
600143.SH,20260205,1.6332,0.62,39.9097,2.5233,0.691,0.5348,4813827.1532,4813827.1532
600569.SH,20260205,1.1432,0.68,,2.5476,0.2417,,695125.9754,695125.9754
688805.SH,20260205,4.981,0.74,107.7506,6.2352,13.9703,,743828.48,139817.6585
002585.SZ,20260205,2.9063,0.54,,0.8985,1.4172,0.4418,774958.0535,601975.4541
600809.SH,20260205,0.7926,0.63,17.8777,5.6692,5.8505,1.9977,21984975.2447,21984975.2447
301228.SZ,20260205,1.7359,0.84,,6.8291,12.1759,,471480.0,469280.9151
002700.SZ,20260205,2.6415,0.77,40.7962,2.2226,4.3959,0.898,304016.716,193646.6824
688783.SH,20260205,3.5033,0.47,,7.9891,38.369,,10054122.0,409897.7891
688192.SH,20260205,0.4286,0.8,,16.7761,41.1461,,2500656.6466,2474054.3733
300945.SZ,20260205,10.1463,0.54,40.2928,2.9617,1.7155,1.073,488501.5165,444378.806
002715.SZ,20260205,2.3814,0.47,,5.0023,4.3624,0.1871,235980.0,235980.0
002858.SZ,20260205,5.2848,1.15,,4.9298,5.4906,,268172.855,240456.7246
600900.SH,20260205,0.422,0.65,19.0492,2.938,7.5785,2.7556,65085459.1246,65085459.1246
301017.SZ,20260205,4.5544,0.94,,3.3069,0.662,,657893.6733,395129.6733
600073.SH,20260205,1.4024,0.69,2244.1418,1.2195,0.2723,1.0736,611399.6157,611399.6157
603916.SH,20260205,4.7224,0.5,45.2727,1.1966,1.3791,0.8578,504307.4263,497244.9163
688328.SH,20260205,2.4872,0.65,,3.6925,4.8386,,306038.3958,306038.3958
002579.SZ,20260205,2.708,0.59,220.3039,2.8996,2.1525,,701448.3199,667966.3719
605088.SH,20260205,4.9424,2.02,26.5985,2.799,1.8899,1.3838,803808.8001,791870.9781
002568.SZ,20260205,3.4851,1.79,32.5974,4.7654,7.7189,1.3759,2262767.7817,1559712.3575
001300.SZ,20260205,1.2049,1.01,,3.9387,8.114,0.0594,408080.88,408080.88
300462.SZ,20260205,1.2438,0.48,54.5494,1.4552,2.8633,,208042.7848,158463.0802
603536.SH,20260205,6.8097,3.0,,6.907,1.6498,,278253.1354,276131.0345
600235.SH,20260205,1.8542,0.7,83.3671,1.6343,2.0884,0.2415,247315.2,247315.2
300820.SZ,20260205,6.4854,0.68,62.4657,5.2413,8.3001,0.6629,1328790.9639,668165.5196
003000.SZ,20260205,4.3991,3.04,21.2031,3.9726,2.1602,3.3703,528898.8485,352247.452
920402.BJ,20260205,1.8781,0.54,,2.7072,8.6634,0.1947,433455.6888,280240.8555
001236.SZ,20260205,1.0394,0.83,657.5035,5.4575,7.5468,0.0989,1018863.3336,766416.6336
688653.SH,20260205,1.8958,0.59,,4.0537,8.6825,,582811.04,434433.1227
002179.SZ,20260205,0.8532,0.52,28.6189,3.1059,3.2896,2.2969,7377938.0672,7305937.735
688222.SH,20260205,2.5643,0.67,106.1841,8.2393,24.3055,0.1978,1211656.32,1211656.32
601702.SH,20260205,1.145,0.43,19.2008,3.9025,1.9437,1.2521,2392479.3176,2392479.3176
603373.SH,20260205,2.1748,0.6,33.96,2.4607,1.6025,1.7127,439462.3667,185672.8514
300421.SZ,20260205,5.9467,0.73,141.9841,6.2836,7.3704,0.4425,797410.6726,624693.1233
600755.SH,20260205,1.6582,0.98,29.6596,0.7487,0.0472,3.9996,1455719.9671,1451999.9296
600415.SH,20260205,1.135,0.68,20.1484,3.8165,4.6557,2.1373,8466615.4449,8466615.4449
601619.SH,20260205,4.3665,0.69,27.0487,2.3192,7.3817,2.2935,1823382.0427,1524099.1745
300162.SZ,20260205,3.8764,0.64,,4.0079,3.0543,,358261.5656,292206.1601
301079.SZ,20260205,11.4484,0.74,,9.9656,17.6374,0.0464,471240.8443,300766.0109
601595.SH,20260205,2.1636,0.81,107.2566,7.6573,15.344,0.1643,1309192.2,1309192.2
600398.SH,20260205,2.2043,2.66,14.4536,1.6959,1.4343,2.8302,3054561.9083,3054561.9083
920885.BJ,20260205,4.9042,0.6,132.2052,10.1709,21.5763,0.1882,406209.7222,210460.6001
000883.SZ,20260205,0.4283,0.78,17.1012,0.8711,1.8592,2.0046,3242359.5345,2967650.1379
600408.SH,20260205,8.3025,0.94,,2.8108,0.7189,,381577.2,381577.2
688096.SH,20260205,2.7686,0.98,,2.4275,4.1621,1.1252,218105.0293,218105.0293
603269.SH,20260205,2.5693,0.74,36.3148,4.0481,2.2467,1.7157,385630.9582,385630.9582
301251.SZ,20260205,23.2136,1.55,105.1376,5.2591,5.8755,0.2185,825641.3203,330977.7827
600055.SH,20260205,0.5414,0.54,783.1952,2.4096,6.9665,0.81,1128412.9981,1128412.9981
001322.SZ,20260205,0.619,0.49,134.6114,1.9182,1.3383,1.3882,906231.6935,736119.1936
002669.SZ,20260205,3.3244,1.03,,1.5806,0.9183,,429007.6,428042.9692
002510.SZ,20260205,5.5003,1.85,134.3027,3.0584,3.3061,0.3984,764399.4471,756649.7503
002041.SZ,20260205,6.8169,0.68,182.4758,2.6207,8.0393,0.2688,949520.0,949520.0
002370.SZ,20260205,1.5716,0.71,39.3579,4.7354,16.2536,,530915.2814,530915.2814
603339.SH,20260205,0.8583,0.69,27.2394,1.6324,2.5586,1.6801,425172.1745,425172.1745
603508.SH,20260205,1.0848,0.85,16.2543,2.6085,6.4193,12.4982,1003132.8859,1003132.8859
000878.SZ,20260205,5.4774,0.7,40.1743,2.9459,0.2784,0.9252,5197548.4318,4608264.3071
920768.BJ,20260205,3.4389,0.96,29.862,2.0944,0.8265,,146369.43,100895.9632
000888.SZ,20260205,5.1604,1.32,33.3346,2.7979,7.9742,2.319,749797.3441,749797.3441
600725.SH,20260205,1.7979,0.51,,20.2307,8.716,,566936.2,566936.2
002616.SZ,20260205,1.951,0.75,16.8733,1.4628,1.3399,2.2335,498345.4934,340738.5554
002875.SZ,20260205,2.6105,1.18,,5.7892,6.6923,,371927.4585,318534.2373
300034.SZ,20260205,3.3966,0.77,123.9893,4.4965,4.5196,0.4647,1715061.2836,1649822.3168
688636.SH,20260205,3.8218,0.92,75.5227,6.0668,11.275,0.1914,835272.4584,805114.4262
000620.SZ,20260205,4.1177,0.41,,4.2015,9.6468,,1878980.8128,1494959.6208
300130.SZ,20260205,2.3016,0.68,43.9842,3.494,4.9746,1.872,1515255.9575,1159620.8147
600851.SH,20260205,1.1045,0.71,60.3338,2.0188,11.9626,0.5122,942711.2765,576538.9719
920239.BJ,20260205,0.611,0.64,24.8583,5.63,1.3509,1.1323,574262.0394,565937.069
301236.SZ,20260205,1.8287,0.69,218.1277,4.2787,1.2858,0.2149,4434988.2378,3644722.4556
600726.SH,20260205,0.5961,1.07,,4.9031,1.2105,,2016370.7336,1906210.733
600933.SH,20260205,1.1128,0.63,18.1795,2.1281,2.806,1.4873,1987125.7275,1885357.9626
001317.SZ,20260205,5.2672,1.5,,4.2933,2.7652,0.1875,426973.332,426552.3008
605305.SH,20260205,3.0421,0.78,16.256,2.9356,4.8763,2.0817,837116.28,837116.28
300558.SZ,20260205,1.4957,1.23,65.8828,3.4194,6.1203,0.4189,1998065.0204,1991695.7423
000707.SZ,20260205,2.2387,0.68,,1.3327,1.7064,2.2199,379481.4583,301230.6015
603138.SH,20260205,2.2434,0.51,,6.3443,11.5962,,486653.2078,477495.7596
600732.SH,20260205,5.4141,1.63,,4.474,1.9482,,2894280.6447,2472248.7333
002599.SZ,20260205,3.0464,0.93,,3.398,2.0252,0.2532,420817.0317,314425.3214
920006.BJ,20260205,1.9176,0.66,,7.3044,27.3893,0.4195,236733.0384,125324.0277
002423.SZ,20260205,0.56,0.69,26.3127,1.1295,,1.4442,2520691.4991,2520691.4991
600855.SH,20260205,3.1007,0.74,,6.1837,8.2466,,946924.8533,945099.8903
600379.SH,20260205,1.8473,1.0,58.9129,5.4558,3.3219,0.6355,417044.5753,417044.5753
301175.SZ,20260205,3.6405,0.83,24.9237,2.5127,5.1054,3.2392,886071.76,374371.76
920985.BJ,20260205,7.7187,1.45,,2.4782,0.9831,2.8077,270791.675,191903.1266
600838.SH,20260205,10.8811,1.69,119.888,3.2581,56.9397,0.2498,513529.8177,513529.8177
300300.SZ,20260205,32.8242,3.1,239.1976,68.2527,55.9125,,968261.934,968200.2966
002305.SZ,20260205,1.1296,0.6,,,1.7454,,371122.1748,371098.1011
300769.SZ,20260205,3.5293,0.71,,2.136,1.5606,,1110945.539,998218.4003
688768.SH,20260205,2.2275,0.64,43.7339,5.4752,9.1246,0.6527,575974.1153,571227.1918
688349.SH,20260205,0.2914,0.71,27.1702,2.5566,1.4643,2.1566,3393460.4629,3291302.8229
920564.BJ,20260205,3.6005,0.47,228.9534,8.2709,11.5818,0.1455,255192.7705,115969.5119
002833.SZ,20260205,1.0645,0.47,19.5552,2.8588,3.3775,3.7838,784829.5053,533822.5764
600320.SH,20260205,1.7652,0.93,43.8673,1.7677,0.7805,1.4416,2739543.8205,1727438.7837
688552.SH,20260205,9.2915,1.41,820.0292,5.6618,20.4767,,1468040.544,377960.3295
603116.SH,20260205,1.2204,0.76,,1.452,1.9175,3.731,379140.1264,379140.1264
000060.SZ,20260205,4.4596,0.56,27.1631,1.6083,0.4875,1.0658,3051085.4786,3051046.8349
688120.SH,20260205,1.0557,0.69,58.5623,8.8828,15.4453,0.2028,6407466.7729,6407466.7729
300873.SZ,20260205,1.6886,0.67,19.9317,1.7732,3.1345,1.6437,557595.1016,403418.3583
300641.SZ,20260205,2.779,0.76,9.9863,3.3152,3.7369,3.0364,1038476.5446,1038476.5446
300232.SZ,20260205,3.1027,0.41,84.5885,1.7887,1.0429,3.1334,831897.0705,675775.6119
002367.SZ,20260205,1.4633,0.9,16.5398,1.8122,1.5338,3.6496,655746.7648,653147.4159
300913.SZ,20260205,1.4272,0.7,85.1421,6.8113,8.5327,0.1817,1714591.1622,1279430.8827
603858.SH,20260205,0.5974,0.65,11100.1948,1.7455,1.6838,2.2286,1845494.7735,1845494.7735
002124.SZ,20260205,1.3768,0.4,14.8061,1.4172,0.6051,,557705.3918,495061.0166
000582.SZ,20260205,1.2499,0.58,21.5736,1.2424,3.0846,1.279,2355517.0667,2003554.3427
600312.SH,20260205,2.335,0.83,24.7165,2.552,2.1917,1.2189,2838679.3784,2838679.3784
002786.SZ,20260205,1.0219,0.76,,18.1384,1.7552,,416314.08,415054.08
000421.SZ,20260205,1.5763,0.7,23.0432,1.4453,0.4563,0.8511,406111.9239,406027.482
605108.SH,20260205,2.6785,1.34,114.0134,2.393,2.0915,0.5814,534560.0,534560.0
605178.SH,20260205,2.8937,0.68,,5.5196,19.1882,,674635.72,674635.72
600433.SH,20260205,1.5584,0.82,312.0406,1.3618,0.8091,1.7341,605596.6146,605596.6146
002368.SZ,20260205,0.9067,0.38,61.4561,2.6471,1.6417,0.4199,1372978.5231,1366806.6732
603458.SH,20260205,2.7072,0.51,,1.1517,2.2411,,328777.728,328777.728
600990.SH,20260205,1.6492,0.8,,4.0927,4.7511,,737595.2437,731983.5458
603517.SH,20260205,0.814,0.81,111.6515,1.2058,1.3987,2.5984,769622.4587,769622.4587
600115.SH,20260205,1.4652,1.29,,8.7684,1.0349,,14069888.2588,10844902.6368
600589.SH,20260205,12.2224,0.8,307.7603,18.9141,32.6207,,1345110.9203,1339493.7203
603222.SH,20260205,2.6808,1.02,,3.2844,7.204,,459454.2881,459454.2881
000937.SZ,20260205,1.1672,0.98,48.7789,1.0271,1.335,10.8303,1957584.9549,1902102.0638
002838.SZ,20260205,0.8416,0.48,76.2405,3.6897,2.2067,0.3405,1321336.3863,1161784.8217
688262.SH,20260205,11.7361,1.92,,6.5344,37.0911,,1347359.6511,1347359.6511
300733.SZ,20260205,1.5968,1.02,60.9443,3.1807,2.8217,0.2787,543798.1021,401136.004
002507.SZ,20260205,3.1564,1.69,19.5212,1.8078,6.4571,4.5723,1564714.202,1557928.0823
002333.SZ,20260205,1.4154,0.86,82.9978,2.1828,2.5283,0.1616,417778.4512,403936.5589
000534.SZ,20260205,4.2338,0.77,67.9564,9.723,12.2491,0.1586,1521511.8688,1492911.6622
003042.SZ,20260205,9.7331,0.47,,1.9655,1.2933,,258031.28,230659.3642
002475.SZ,20260205,1.0453,0.61,23.8268,4.7233,1.2052,0.3848,37667704.3103,37581304.2784
600361.SH,20260205,1.8525,0.64,17.9097,1.491,0.2077,1.8239,1663939.9682,1663939.9682
603100.SH,20260205,0.9163,0.74,20.4274,2.861,1.8942,2.2909,1288064.6718,1283963.3067
300865.SZ,20260205,1.6965,0.45,,3.2018,8.9009,,278524.48,163747.936
300096.SZ,20260205,1.7395,0.5,55.1795,9.8607,6.8428,,345720.0,345720.0
600038.SH,20260205,1.1722,0.72,54.0883,1.791,1.1232,0.5413,3090177.5198,2521216.8479
600128.SH,20260205,2.428,0.7,63.239,1.3567,0.3813,0.8358,295242.5751,289458.2775
603698.SH,20260205,7.1587,1.2,103.6877,5.891,4.2997,0.4296,2033546.06,2033546.06
002730.SZ,20260205,1.4053,0.74,59.7083,3.4943,4.6672,0.827,569189.5714,543958.9714
002284.SZ,20260205,1.75,0.46,32.0407,3.8483,2.3548,0.3001,1231341.1798,1218202.8122
002537.SZ,20260205,2.4434,0.68,51.1016,2.4847,1.5852,,1050744.9868,1046433.7718
600593.SH,20260205,5.0466,0.78,,21.9785,10.4793,,531172.04,524473.6
000809.SZ,20260205,1.2392,0.74,,1.0562,7.0435,,282078.6222,282078.6222
601882.SH,20260205,0.7315,1.08,23.1053,3.696,3.1226,1.7804,1055484.0,1055484.0
688375.SH,20260205,0.7932,0.67,169.5475,11.634,30.7407,0.3306,7211780.29,7211780.29
920158.BJ,20260205,5.2312,0.61,45.1326,4.1986,7.0102,,227272.52,60794.2036
688255.SH,20260205,1.7,0.8,253.171,3.5212,6.1121,0.8425,372861.0048,372861.0048
300717.SZ,20260205,2.0916,0.95,38.2346,3.0061,6.1295,0.9434,217883.0,215929.208
603196.SH,20260205,0.8624,0.28,,5.2001,12.5715,,1031645.8522,583939.1268
600490.SH,20260205,4.6969,0.56,74.2209,2.9739,3.1428,,1887592.6784,1699706.0423
300302.SZ,20260205,4.4406,0.43,,8.4092,23.2469,,902453.7316,694476.5643
002694.SZ,20260205,4.5826,1.18,,24.8864,2.9716,,261738.0864,246541.7801
603130.SH,20260205,2.7447,1.43,84.7697,5.1883,2.6062,0.194,708885.701,708885.701
688057.SH,20260205,0.5716,0.83,34.0902,1.1269,10.5598,1.941,355488.0,355488.0
600310.SH,20260205,1.0448,0.72,,1.8841,1.5706,0.7673,573092.8923,573092.8923
603587.SH,20260205,0.8742,1.46,24.0387,1.7371,2.912,3.7409,626276.5716,626276.5716
300187.SZ,20260205,1.1606,0.88,30.7506,3.229,4.5058,3.0926,348635.9691,346750.9112
300774.SZ,20260205,4.797,0.62,105.5573,5.9381,8.0279,0.9132,895192.4154,426788.1877
000933.SZ,20260205,1.77,0.63,16.6532,2.9595,1.7269,1.5752,7091110.87,7086400.2092
600396.SH,20260205,1.2197,0.91,71.5237,3.3793,1.0375,,456539.1133,456539.1133
920008.BJ,20260205,1.7543,0.73,78.7745,6.1594,9.1115,,192971.25,101703.3285
300411.SZ,20260205,1.0553,0.62,724.4518,4.7677,10.1516,,462213.248,351464.3235
000419.SZ,20260205,2.3579,1.09,28.4293,1.0445,1.834,2.2321,365287.5442,365287.5442
300470.SZ,20260205,0.9372,0.65,19.3506,2.891,4.5319,2.6882,773617.6616,733992.0282
002654.SZ,20260205,6.5542,0.87,205.3915,7.5077,2.1218,,1174970.5362,1174887.1362
688573.SH,20260205,3.2693,0.64,,3.5093,4.2321,,222880.0046,121332.993
603706.SH,20260205,0.515,0.43,18.4968,2.3849,2.6692,4.3062,395809.8723,395809.8723
600513.SH,20260205,3.3572,0.82,,4.379,2.25,0.4346,584614.441,584614.441
300672.SZ,20260205,3.129,0.65,856.1232,7.2673,15.1806,0.2192,2956935.3962,2864798.9428
603979.SH,20260205,2.1003,0.76,19.8419,4.2651,3.4498,0.6305,4451978.4246,4451978.4246
300603.SZ,20260205,3.249,0.89,,3.3411,5.6236,,468981.4151,377296.5848
600885.SH,20260205,1.3855,0.78,24.5912,3.7227,2.789,1.1924,4503499.4508,4503499.4508
600071.SH,20260205,0.9599,0.68,94.7009,11.8077,3.6874,,594965.6275,594965.6275
601599.SH,20260205,3.9976,0.3,47.204,3.7442,1.7727,,568665.802,568665.802
603043.SH,20260205,1.6057,1.53,21.3379,2.7035,1.9919,3.1157,1056776.1557,1047829.8857
301227.SZ,20260205,3.6785,0.92,,2.0311,5.3012,,333116.289,118704.3677
603188.SH,20260205,5.6398,0.69,,3.8863,4.127,,298198.91,298198.91
300032.SZ,20260205,3.7318,0.96,,6.2558,2.6265,,432105.2491,432105.2491
688755.SH,20260205,1.2648,0.57,49.534,2.9184,4.9739,0.2481,354728.0,70945.6
301115.SZ,20260205,1.6822,0.47,108.6713,1.3156,2.3504,1.885,332179.9785,220599.875
002277.SZ,20260205,1.9264,0.6,,1.5076,9.5082,0.0688,1013563.6256,1013563.6256
002219.SZ,20260205,1.8993,0.55,344.4613,4.1132,2.3992,,809584.239,782018.4491
600681.SH,20260205,2.2795,0.63,16.445,1.5729,1.0437,5.7039,552432.1817,552001.2141
000089.SZ,20260205,0.7772,0.66,25.6227,1.2936,2.9277,1.6438,1497061.7416,1497041.9542
300479.SZ,20260205,4.2162,0.77,177.6538,9.4025,4.0015,,413588.7756,413352.6381
600319.SH,20260205,0.7477,0.59,,7.6979,3.4704,,310167.5072,310167.5072
002891.SZ,20260205,1.7587,1.36,34.0173,5.2363,2.9484,0.7012,1514278.963,1514278.963
301133.SZ,20260205,1.9288,0.43,98.049,3.2433,3.9724,0.3599,444446.3772,406646.5106
300982.SZ,20260205,1.5772,0.55,485.601,1.5107,2.557,2.7663,438559.1444,410868.0524
600081.SH,20260205,0.3896,0.87,125.1868,1.4306,0.9896,0.4216,655889.0376,655889.0376
603662.SH,20260205,1.5961,1.04,56.1021,6.6003,12.4663,0.4308,1817530.9057,1817530.9057
300716.SZ,20260205,2.4279,0.5,,,31.8659,,202585.32,202585.32
601016.SH,20260205,1.7565,1.04,22.1795,1.157,4.3152,3.5342,1996518.0139,1839586.615
600769.SH,20260205,1.8119,1.25,245.3034,37.724,57.5115,,453347.4348,453347.4348
688015.SH,20260205,0.6305,0.53,33.3898,1.7761,1.9969,0.9415,460947.0527,460947.0527
003041.SZ,20260205,3.1606,0.59,33.1864,5.6688,8.4706,1.3886,829584.0,788239.6074
002174.SZ,20260205,1.9607,0.59,,2.255,7.677,,1117964.3133,1117334.5669
002214.SZ,20260205,0.8174,0.5,,8.0537,26.2782,,1138552.0765,910084.6119
000697.SZ,20260205,0.6123,0.61,,,6.7277,,1227161.6157,574081.3589
000026.SZ,20260205,0.7575,0.56,42.6786,1.8672,1.7634,2.574,630557.2669,566530.8756
603636.SH,20260205,1.6054,0.74,,2.9119,6.6941,,654646.6699,654646.6699
920571.BJ,20260205,3.4231,0.35,,3.9073,5.4551,1.073,517639.7462,262072.2078
002640.SZ,20260205,2.12,0.52,,7.2682,1.1196,,620100.4493,616208.278
600021.SH,20260205,2.1484,0.87,21.7402,2.7131,1.3546,1.3758,5732749.4082,5732749.4082
001226.SZ,20260205,2.0919,0.4,180.8358,5.3218,5.9316,0.7701,387818.8398,176215.2798
300910.SZ,20260205,1.2069,0.54,19.9309,4.3348,4.6602,2.1941,1587988.7017,1113370.2463
000978.SZ,20260205,3.3619,1.17,,3.1314,8.0985,,346884.33,346875.9938
603683.SH,20260205,2.3783,0.57,113.9616,4.5382,3.5914,0.3545,730675.7391,722871.3486
000037.SZ,20260205,5.7467,1.33,119.0485,3.8541,16.1472,,566596.8402,318573.661
920175.BJ,20260205,1.2246,0.61,,1.864,5.2834,,133994.0,89264.6184
601606.SH,20260205,1.374,0.67,,14.4198,20.7867,,3190950.3304,3190950.3304
600084.SH,20260205,3.2228,1.0,731.0098,6.7054,54.4786,,867517.1128,867517.1128
300170.SZ,20260205,8.6102,0.54,127.5214,4.5586,7.5956,0.1873,2522856.7567,2411501.0854
002110.SZ,20260205,1.2524,0.56,45.3324,0.5448,0.2321,,1071222.6161,1071222.6161
002831.SZ,20260205,1.4932,0.8,18.8114,2.4109,1.5859,3.3695,2775348.2025,1540644.5553
920007.BJ,20260205,9.7197,1.2,29.499,4.9116,3.5397,1.3703,318758.3963,76351.8059
300739.SZ,20260205,4.0033,0.64,141.8454,2.7258,4.1996,0.6078,735706.6593,676021.5693
600894.SH,20260205,0.4988,0.72,12.3566,0.9624,1.1509,7.3007,821017.941,812791.245
002623.SZ,20260205,17.0292,1.32,,1.8875,2.6388,1.8054,534681.875,533536.6318
688036.SH,20260205,1.6962,1.8,18.6116,3.4577,1.0537,3.7149,7060214.8145,7060214.8145
920346.BJ,20260205,0.9735,0.62,40.7543,4.2213,7.0347,1.4079,194836.4112,107717.979
300939.SZ,20260205,1.444,0.58,51.6044,3.02,3.3493,1.1315,419160.0,419160.0
603236.SH,20260205,1.469,0.51,25.9925,3.7202,1.08,1.0118,2508381.0966,2280346.4546
920033.BJ,20260205,1.8105,0.46,53.3013,2.6706,9.2324,,203721.2775,141521.2382
000576.SZ,20260205,1.917,0.63,59.4626,2.8093,9.684,,463912.5615,461145.6224
301076.SZ,20260205,2.7685,0.79,112.1513,6.2858,16.6025,0.4198,736949.3768,462745.8801
920957.BJ,20260205,3.1286,0.88,276.5429,3.5254,2.2106,0.78,137560.3102,54747.469
000786.SZ,20260205,1.4258,0.58,16.1395,1.8557,1.9651,2.9321,4984147.131,4946878.9614
301665.SZ,20260205,5.6365,0.53,27.879,3.7062,2.55,2.0747,1301400.0,110619.0
301468.SZ,20260205,10.5782,0.81,190.0352,3.7887,18.4992,0.3974,851335.0972,490742.0511
600467.SH,20260205,3.865,0.65,95.2995,1.1403,2.827,0.3341,390085.4792,390085.4792
603336.SH,20260205,3.9678,1.77,605.7788,4.1081,5.5403,0.052,585587.6251,585587.6251
301595.SZ,20260205,4.9751,0.46,76.5462,6.5372,5.2624,0.4793,564788.48,127077.408
300962.SZ,20260205,1.1758,0.61,44.1005,4.5341,12.4246,0.8503,453291.2571,453291.2571
001979.SZ,20260205,0.8087,0.67,25.0212,0.9964,0.5163,1.7774,9845507.1307,9188113.3551
688472.SH,20260205,6.665,1.07,43.699,2.4365,1.2945,0.6008,5599506.3521,2071344.799
603626.SH,20260205,3.9752,0.64,,5.7306,3.8043,,1222399.9571,1222399.9571
688347.SH,20260205,3.3453,0.64,4221.5271,5.1144,13.8202,,22761008.3141,5341117.25
688283.SH,20260205,1.0461,0.52,128.114,6.181,22.7543,0.5264,597429.0,597429.0
002635.SZ,20260205,1.4574,0.49,64.6472,1.5631,1.9456,1.4472,911687.1244,546376.0314
002463.SZ,20260205,2.243,0.79,33.213,8.4002,6.7009,0.7575,12695026.2536,12684780.7761
603959.SH,20260205,1.1955,0.64,,120.3353,2.7071,,285844.3123,285844.3123
688361.SH,20260205,2.1615,0.92,2601.067,13.2726,37.7178,,6674811.6237,4732924.1095
300624.SZ,20260205,6.4412,0.67,,15.9702,11.2771,,1724560.0101,1527400.2867
000839.SZ,20260205,1.2791,0.7,,7.3607,3.4749,,1128909.9894,1128909.9894
300274.SZ,20260205,3.476,0.82,19.7604,7.0368,3.2094,1.3766,30268886.7904,23209757.9554
301356.SZ,20260205,2.3946,0.77,53.4337,1.6093,3.0988,,482976.0,122555.16
600486.SH,20260205,0.9907,0.62,23.3785,2.5555,2.4875,1.2953,2879430.8815,2869935.398
002513.SZ,20260205,3.5189,0.69,,69.4019,1.2245,,268925.2882,206953.5722
300682.SZ,20260205,2.6871,0.85,,2.7655,4.4139,1.4451,1865347.9703,1785460.3175
002714.SZ,20260205,1.0905,0.69,11.5097,3.603,1.6689,3.1672,25527530.126,17798493.0816
688419.SH,20260205,5.1544,0.65,68.567,4.8557,17.0798,0.6548,497154.2435,258271.4166
300225.SZ,20260205,1.5543,0.59,87.1082,2.8035,3.121,0.3929,241993.6613,241804.0588
300988.SZ,20260205,2.464,0.81,33.8228,2.7336,1.8121,0.6734,347937.4454,264541.2206
002494.SZ,20260205,4.9102,0.86,144.2446,1.7694,5.4467,,216953.6629,164893.0019
601512.SH,20260205,0.3158,0.6,18.4437,0.9721,4.4418,1.3088,1465914.42,1465914.42
688571.SH,20260205,0.7493,0.56,29.3134,2.071,2.6568,2.4749,333398.1702,333398.1702
002575.SZ,20260205,14.1351,0.66,,5.9928,11.8097,,496899.0,471909.373
600650.SH,20260205,0.8905,0.5,67.7769,1.9648,4.9423,0.7213,841205.4132,595604.1144
300157.SZ,20260205,22.9226,0.98,207.1453,,8.1277,,455378.375,427526.0777
600651.SH,20260205,0.7206,0.6,404.5046,8.0555,10.4987,,2008129.44,2008129.44
605033.SH,20260205,1.5714,0.92,96.3861,2.5165,3.293,0.7065,287029.6,287029.6
000816.SZ,20260205,10.8562,0.84,,2.6918,4.4451,,551312.0742,547280.0098
300538.SZ,20260205,3.5376,0.8,,3.0341,0.8788,,291979.3097,194181.323
300766.SZ,20260205,8.6988,0.56,,10.5761,35.2256,,1660712.2277,1507157.9099
688021.SH,20260205,2.2954,0.67,,2.1026,5.131,,180336.3721,180336.3721
001210.SZ,20260205,4.1123,0.81,47.746,2.7808,3.1818,1.2319,360669.1548,219187.7966
688468.SH,20260205,0.847,0.74,55.8135,2.2383,8.923,1.5645,315270.888,315270.888
600663.SH,20260205,1.0929,1.69,28.275,1.7141,2.1663,1.7657,4284915.7808,2685486.7964
002552.SZ,20260205,2.5465,0.45,41.5193,5.7543,2.6216,1.0,775970.662,737006.578
300344.SZ,20260205,19.7373,0.91,,7.8966,7.4154,,178394.3836,177918.3781
688401.SH,20260205,1.4132,0.61,40.2127,6.3956,8.8309,0.5933,971382.6279,971382.6279
300226.SZ,20260205,2.781,0.4,44.0279,4.1764,0.1192,0.1794,888276.6031,853813.2356
300627.SZ,20260205,1.6798,0.62,43.4311,7.4266,8.2758,0.9365,2980748.6044,2455064.3664
600082.SH,20260205,2.3414,0.88,45.3311,1.5404,3.6522,,273953.1102,268958.2147
603958.SH,20260205,8.1913,0.67,,6.4325,3.3777,,442887.84,442887.84
301429.SZ,20260205,3.9416,1.01,48.452,1.8435,2.5378,0.8018,250862.84,93455.2842
605180.SH,20260205,1.7438,1.09,101.1952,2.3654,7.7035,0.8125,270400.0,270400.0
002103.SZ,20260205,3.9138,1.04,30.2099,4.3304,1.8184,,519847.5833,366842.3865
300609.SZ,20260205,3.1574,0.83,,4.5813,12.5945,,456554.785,455850.9158
920003.BJ,20260205,2.4144,0.64,20.2368,3.5615,5.4276,,210321.4295,43272.4045
603767.SH,20260205,0.8533,0.62,782.7807,4.7351,7.3891,0.9376,658310.9895,658310.9895
300940.SZ,20260205,2.0288,0.6,44.5925,4.96,7.0724,,590007.5858,417320.4683
601778.SH,20260205,8.6398,1.39,33.285,0.9682,3.823,0.6367,1531959.2741,1531959.2741
688317.SH,20260205,1.579,0.4,,1.2162,31.3871,,412755.3819,412755.3819
600378.SH,20260205,0.6575,0.54,31.8856,2.541,2.8474,0.8068,4573048.6529,3802244.2118
603697.SH,20260205,5.1583,1.13,28.3058,3.3755,3.8563,3.1677,594064.3241,594064.3241
301270.SZ,20260205,2.8691,0.54,296.2474,3.8869,19.7052,0.2639,378800.0,357938.8931
601900.SH,20260205,1.3567,0.58,11.7186,1.5345,1.4767,3.6593,1325601.0513,1325601.0513
600906.SH,20260205,0.9628,0.8,22.6679,1.8248,7.9083,1.8978,2222825.0,1455100.9408
000058.SZ,20260205,1.1863,0.74,122.1582,5.4139,6.6927,0.1365,1127779.8156,902021.2483
600522.SH,20260205,5.0869,1.06,24.8447,1.9442,1.3767,1.4302,7119412.9741,7119412.9741
603185.SH,20260205,7.0103,1.59,,1.4978,2.3782,,1819716.6005,1808915.1461
300725.SZ,20260205,2.8586,0.78,47.7752,1.3442,4.8538,0.5795,960948.1715,833154.1372
600753.SH,20260205,2.0294,1.07,,88.7574,2.3498,,197373.249,197373.249
002972.SZ,20260205,1.8206,0.69,38.9636,2.5733,9.4655,2.3772,308987.0528,169116.2426
300670.SZ,20260205,3.4666,0.66,,3.8411,8.3655,,218992.051,155263.7102
000926.SZ,20260205,2.0088,0.75,,0.4247,0.489,,366381.898,361838.1034
688651.SH,20260205,3.6503,0.64,,3.8325,11.6348,,355657.083,153087.5274
603900.SH,20260205,6.542,0.65,,1.5282,1.9316,1.1534,297401.6693,296296.2443
688697.SH,20260205,0.5866,0.67,22.9527,3.9904,2.5847,2.8103,697433.4045,697433.4045
920026.BJ,20260205,1.772,0.49,86.853,5.0167,10.7049,0.59,306066.0503,138773.318
603797.SH,20260205,0.9153,0.63,23.0323,0.9012,2.9532,1.7787,291762.2261,291762.2261
603137.SH,20260205,1.7513,0.67,50.4245,2.1468,1.4417,0.5483,266899.7343,107576.9343
688623.SH,20260205,1.4722,0.45,86.0659,2.8556,17.2464,1.169,600002.6915,194202.6915
688067.SH,20260205,2.2735,1.06,70.0705,3.6686,8.5399,0.5487,188836.0,188836.0
301260.SZ,20260205,0.8463,0.52,,1.7633,1.4911,,786405.0306,333230.3051
603738.SH,20260205,2.1683,0.83,160.2774,3.5752,6.6436,0.5025,612017.5623,612017.5623
002497.SZ,20260205,3.8867,0.73,63.451,2.5526,3.5335,0.1651,2769607.7356,2543698.87
000711.SZ,20260205,2.5041,0.38,,12.7203,11.7242,,737099.8655,589719.2982
002073.SZ,20260205,2.5877,1.06,17.7309,1.348,1.039,1.8516,825978.4026,821440.7016
300252.SZ,20260205,4.5568,0.65,648.6864,4.4075,3.9731,,962109.5208,811924.7164
603928.SH,20260205,1.3298,0.64,52.0516,2.6191,2.5815,1.0329,405961.92,405961.92
301257.SZ,20260205,3.0258,0.7,45.0057,4.3859,6.6785,0.2435,547029.0275,521508.1259
600843.SH,20260205,1.3485,0.63,,2.6079,1.8262,,793754.2922,522244.8985
002422.SZ,20260205,0.752,1.01,30.2028,2.14,2.7489,1.989,5030672.0151,4110924.4217
300505.SZ,20260205,6.1131,0.61,20.2944,2.7157,1.9689,1.0981,750938.0728,593830.8585
002053.SZ,20260205,0.565,0.58,31.5191,1.4171,3.7573,2.8947,1049631.589,1049624.1505
603237.SH,20260205,0.9696,1.12,32.6457,1.9724,1.5902,2.7801,348030.1003,346156.7081
688729.SH,20260205,2.7924,0.62,115.7028,8.3742,14.437,,7362299.96,535567.3216
300440.SZ,20260205,1.486,0.55,126.0536,3.8814,6.1915,0.4042,621915.989,619517.5145
301199.SZ,20260205,1.7358,0.62,38.1953,2.347,4.2839,0.5881,448955.78,172440.905
000632.SZ,20260205,12.312,2.84,,2.7863,0.4337,,245328.8134,245308.8064
001386.SZ,20260205,25.3379,1.0,25.3653,2.6639,4.6958,1.1287,3176097.36,260115.0802
000504.SZ,20260205,0.5498,0.82,,12.1072,23.3835,,293390.5341,292589.8118
002001.SZ,20260205,1.1531,0.94,11.9483,2.7231,3.8284,2.4967,8602507.2823,8500176.5365
688131.SH,20260205,1.7262,0.67,51.1234,5.0229,5.5629,0.3224,1507632.7655,1507632.7655
300905.SZ,20260205,2.2015,0.63,45.9137,3.3709,4.5384,1.3936,639545.0506,497369.7097
605366.SH,20260205,2.7054,0.96,,2.3024,3.1865,,465513.65,465513.65
688558.SH,20260205,0.5986,0.5,27.9842,2.4795,3.441,1.8885,416196.0,416196.0
603007.SH,20260205,1.612,0.97,,10.3412,24.3718,,514864.0308,404541.8149
300189.SZ,20260205,25.325,0.63,,10.5771,40.1022,,772096.0,668225.0158
002266.SZ,20260205,2.3072,0.53,26.0799,2.076,1.1176,1.0594,2437399.7447,2286806.0894
300623.SZ,20260205,7.9218,1.31,60.6476,5.0091,8.8484,0.4223,2955547.8723,2725816.1984
603062.SH,20260205,3.1764,0.99,23.3472,2.7016,2.6343,3.3796,551556.0,189332.3217
300585.SZ,20260205,1.6031,0.6,,4.095,6.5764,,291744.4443,291744.4443
601717.SH,20260205,1.7287,1.25,9.7167,1.8965,1.0999,4.5528,4392083.8278,3793727.6958
603030.SH,20260205,2.0991,0.99,,4.2676,4.3828,,377959.9202,377959.9202
300735.SZ,20260205,0.9287,0.63,58.1744,3.8376,2.3818,1.0121,1895627.9018,1870820.6841
603202.SH,20260205,2.1604,0.79,13.9333,2.2928,3.5111,3.7656,1482880.0,308272.5682
600699.SH,20260205,1.7169,0.73,37.8296,2.4928,0.7115,0.9283,4309591.3946,3765694.0767
600538.SH,20260205,2.156,0.67,,5.0277,12.2732,,387906.7775,387906.7775
301318.SZ,20260205,1.3143,0.64,32.6303,2.1212,5.389,1.2697,398319.9174,224689.0034
300474.SZ,20260205,1.5718,0.53,,5.3151,71.2803,0.0846,3705892.9103,2882308.0842
301501.SZ,20260205,2.8701,1.21,25.8002,3.0343,3.4418,0.8142,626356.5,156589.125
300473.SZ,20260205,2.0532,0.57,64.0287,2.8383,1.174,,560329.159,494414.7105
600727.SH,20260205,7.2575,2.2,59.1169,1.2407,0.7217,0.6649,397494.5175,397494.5175
002871.SZ,20260205,1.4095,0.54,34.4863,4.5357,7.7155,1.7613,497411.3439,295056.1678
301373.SZ,20260205,6.8454,0.77,26.7566,2.3456,7.6037,1.9892,381713.2882,135385.5122
000564.SZ,20260205,2.2553,1.35,,2.7422,28.7381,,4315877.1416,3516889.0831
000617.SZ,20260205,0.3313,0.59,26.212,1.0837,127.1331,1.2542,11289376.6175,11289376.6175
002578.SZ,20260205,4.1558,0.34,,2.6644,2.1283,,404549.6089,371161.0638
300396.SZ,20260205,0.737,0.7,,1.9088,7.0801,1.9593,361873.1136,361329.0543
002286.SZ,20260205,10.2568,2.14,27.8117,1.8179,1.4871,0.5691,400737.4511,389138.3929
002574.SZ,20260205,2.5403,0.4,,1.1328,1.1086,,337392.0,337392.0
300131.SZ,20260205,12.989,1.32,421.5155,9.5554,3.1029,,1688908.9937,1550894.0638
600829.SH,20260205,2.4865,0.78,55.339,2.2029,0.6454,,659333.3348,659333.3348
001225.SZ,20260205,3.8771,0.7,107.5282,3.6247,19.8869,1.5786,500587.68,159894.6748
301379.SZ,20260205,2.4751,0.55,33.7845,3.7588,3.0238,1.0483,531293.7699,341254.0319
300343.SZ,20260205,1.2486,0.72,119.1012,3.4073,7.306,,656347.0391,654658.7048
300683.SZ,20260205,6.2689,0.97,,1.8934,6.8226,,422919.7773,394390.8551
301182.SZ,20260205,9.5859,1.21,,6.5162,7.3872,,497122.9796,497122.9796
600530.SH,20260205,1.1419,1.22,194.0471,15.5549,15.8331,0.1847,495173.88,495173.88
603577.SH,20260205,3.2064,1.13,27.8046,1.8927,0.8572,0.8015,367287.6453,367287.6453
920016.BJ,20260205,4.679,1.06,77.6364,4.1536,6.6363,0.3415,157812.9545,69163.8594
300022.SZ,20260205,2.1835,0.89,,7.5192,1.4364,,399840.4674,399831.6089
603073.SH,20260205,4.1034,0.91,25.2233,1.7699,3.0375,1.4225,244644.0,107333.0164
301013.SZ,20260205,2.4708,0.66,,7.2553,10.2118,0.2099,556775.9594,450773.5817
920964.BJ,20260205,5.9899,0.83,,2.0862,1.9839,0.2853,183106.808,92782.522
300354.SZ,20260205,1.5546,0.58,47.0178,7.0897,10.9453,0.4187,583434.6078,342959.6495
600455.SH,20260205,2.368,0.82,46.9697,5.498,6.0652,,181752.78,181752.78
600525.SH,20260205,1.1736,0.68,,1.6159,0.7794,,607957.6501,607957.6501
600380.SH,20260205,0.5298,0.6,15.5599,1.4299,1.3987,1.7212,2125824.8345,2125824.8345
603191.SH,20260205,6.7991,0.79,69.8981,2.5844,1.7428,0.2573,645762.6698,641262.6818
300633.SZ,20260205,0.5775,0.77,176.324,3.7831,5.6869,0.3643,1180006.7284,1180006.7284
002500.SZ,20260205,0.8589,0.86,23.8052,1.1843,6.2937,1.6556,2168222.0144,2168222.0144
002312.SZ,20260205,2.0945,0.62,40.016,2.2677,2.2919,1.2218,2180304.1768,2175811.1737
688592.SH,20260205,8.1829,1.39,,4.3485,8.8171,0.182,402303.07,192608.865
920415.BJ,20260205,1.5025,0.67,155.0159,3.7563,11.9083,0.2424,201352.9609,155095.5145
301320.SZ,20260205,3.8882,1.17,159.7324,3.133,3.6277,0.5399,332168.25,124481.7444
601330.SH,20260205,0.6234,0.64,14.5095,1.2576,2.989,4.0271,1027159.5633,710169.8926
603365.SH,20260205,1.4678,1.53,14.4676,1.9063,1.2551,5.0593,563054.5635,557275.9335
603281.SH,20260205,0.4418,0.55,25.0266,2.4884,6.0362,3.1553,1169280.0021,1169280.0021
300183.SZ,20260205,1.1802,0.49,,2.3587,7.7081,0.6337,729997.2182,641515.5627
003019.SZ,20260205,1.1665,0.74,29.6314,3.223,2.4278,1.6418,537211.6792,519259.5464
601928.SH,20260205,0.5944,0.96,13.1316,1.2946,1.9447,5.9465,2567804.1,2567804.1
002269.SZ,20260205,2.1544,0.99,,24.995,9.6911,,469837.5,469837.5
603887.SH,20260205,4.0463,0.53,,2.585,3.6813,,922911.1024,912563.3524
300591.SZ,20260205,8.3368,2.02,,14.229,6.9703,,361455.3353,312246.3409
300057.SZ,20260205,3.8156,0.82,,0.9923,0.8688,0.1729,514406.154,415508.9468
002769.SZ,20260205,6.8122,1.74,,4.0013,6.9135,,473367.2925,472976.9716
600609.SH,20260205,0.9243,0.72,22.7593,3.9096,1.4461,,615751.6394,615751.6394
920717.BJ,20260205,2.6059,0.71,185.9695,2.1931,8.0009,0.3829,123739.72,47778.12
600075.SH,20260205,1.866,0.47,153.4631,1.1239,0.8878,0.3396,1005637.2694,1005637.2694
002377.SZ,20260205,4.7969,1.39,,7.1182,3.4447,,315215.8691,300087.9256
002911.SZ,20260205,0.7908,0.86,18.7231,4.2211,0.5551,3.3253,1873582.8551,1828335.8369
300349.SZ,20260205,6.198,1.36,27.0656,1.642,2.2856,2.8509,728871.6578,646051.524
300482.SZ,20260205,1.5807,0.44,37.2581,1.7923,3.7558,1.9922,966595.3371,888773.0594
002557.SZ,20260205,2.797,1.17,31.2872,2.3581,1.7806,4.0606,1224169.5525,1221551.778
603406.SH,20260205,2.0661,0.59,34.3974,3.4937,4.3036,1.2837,1558038.95,138427.9027
300053.SZ,20260205,7.9942,0.51,,8.7929,70.8558,,1496189.1715,1397308.2384
001258.SZ,20260205,1.5801,0.98,132.2693,2.3247,7.0759,0.2249,705600.0005,705592.6295
603628.SH,20260205,4.5718,1.05,42.2967,2.8864,1.702,0.4663,387260.9842,385938.4156
600459.SH,20260205,4.7903,0.63,25.3502,2.1721,0.2888,1.1345,1609271.4929,1609057.8544
600962.SH,20260205,1.2801,0.69,102.7256,6.202,2.5657,,584728.3,584728.3
601985.SH,20260205,0.3861,0.68,22.675,1.5449,2.1718,2.0798,17791321.794,16334041.41
600642.SH,20260205,0.3361,0.58,10.2598,1.1113,1.4485,5.3957,4081662.1996,4081440.1721
600295.SH,20260205,0.507,0.59,22.3773,1.9518,1.551,4.0956,4100207.2121,2894219.2121
600444.SH,20260205,1.427,0.61,57.6034,3.681,3.6578,0.6008,268098.5575,268098.5575
605100.SH,20260205,1.1311,0.7,222.1444,4.2611,10.0885,0.682,752748.57,749230.188
301399.SZ,20260205,2.752,0.66,92.9871,2.7883,7.4787,1.047,365599.52,108054.7659
600606.SH,20260205,0.9736,0.8,,0.4146,0.114,,2375162.8951,2375162.8951
300320.SZ,20260205,5.771,2.51,29.9145,2.5689,1.7495,0.3795,633700.8373,512020.2885
003036.SZ,20260205,4.8759,2.98,80.7661,2.9177,2.7678,0.6638,403561.6058,403551.2495
301233.SZ,20260205,2.0922,0.72,32.5593,2.9371,6.4257,0.9231,283651.17,155303.4244
300313.SZ,20260205,1.0718,0.56,,56.7486,21.7368,,195180.1011,160645.1702
605118.SH,20260205,1.0586,0.65,63.9009,11.8179,22.5,1.4227,1760895.168,1742863.596
603978.SH,20260205,2.7158,0.66,,3.4916,1.7396,,528157.9361,528157.9361
002272.SZ,20260205,3.4016,0.77,,4.724,4.2513,,705011.5942,561960.601
601668.SH,20260205,0.6737,0.53,4.7642,0.4413,0.1004,5.2718,21280001.0787,21280001.0787
002297.SZ,20260205,15.1002,1.48,,3.5191,8.0974,,740451.4261,740451.4261
601163.SH,20260205,0.7549,0.74,13.8078,0.9078,1.262,3.4062,1244800.0,1244800.0
688031.SH,20260205,5.1239,0.64,,24.8541,57.4388,,2223086.3304,1724584.1275
000417.SZ,20260205,6.4887,1.67,43.7823,1.4337,0.9913,1.2717,674599.833,673858.7451
688143.SH,20260205,6.0534,0.92,134.0565,5.1888,16.8727,0.0849,702756.8365,667797.2427
003032.SZ,20260205,1.0511,0.59,,2.074,7.7857,,259981.085,178438.0457
600020.SH,20260205,0.8347,0.64,9.0024,0.7713,1.2821,4.1667,916927.7075,916927.7075
300782.SZ,20260205,1.106,0.47,,3.9512,10.1788,0.1378,3958044.722,3316583.4005
000636.SZ,20260205,8.5985,1.85,87.7934,2.1101,4.8159,0.6528,2636833.1079,2636833.1079
000826.SZ,20260205,2.5967,0.51,,72.4407,0.6254,,303600.2418,303561.8403
920392.BJ,20260205,3.1353,1.26,108.0686,5.8539,2.76,0.2953,197599.565,94359.0107
688290.SH,20260205,1.2478,1.29,330.8499,4.2574,20.6943,0.2181,536087.2396,536087.2396
688288.SH,20260205,2.097,1.19,40.0768,3.5232,4.1723,,272790.853,272790.853
605599.SH,20260205,3.0072,1.02,25.5447,4.9798,0.8177,2.7007,2073555.6148,2073555.6148
603082.SH,20260205,4.9459,1.5,36.8812,3.839,3.0432,1.5376,611922.2922,152980.6268
688758.SH,20260205,1.0078,0.72,63.4358,5.9549,19.6787,0.3551,785867.7265,562672.5891
920943.BJ,20260205,1.9801,0.55,31.2315,3.9987,2.5081,0.9968,254615.616,129934.0452
688331.SH,20260205,3.4864,0.9,,24.0189,25.3883,,5656064.3797,1634192.9822
920019.BJ,20260205,3.9305,0.47,77.97,5.3379,3.2858,0.8573,490552.2111,390860.7088
300569.SZ,20260205,2.6038,1.03,,1.2105,1.581,0.1602,625902.9356,624001.7619
603385.SH,20260205,1.2939,1.03,46.0736,0.7454,0.8753,1.4966,279788.7515,279788.7515
002812.SZ,20260205,4.1911,1.39,,2.0372,4.1897,,5129153.5554,4295795.9908
000017.SZ,20260205,3.5507,0.46,128.5806,13.8652,5.9101,,518956.2545,331938.9291
600965.SH,20260205,1.7574,0.57,65.9895,2.3219,4.584,0.6159,505138.4892,505138.4892
300802.SZ,20260205,2.1081,0.94,64.3971,4.0125,7.2804,0.7802,561054.5536,384565.678
000401.SZ,20260205,1.5293,1.11,,0.5183,0.5568,1.8868,1408854.8923,1394617.7143
600191.SH,20260205,4.1548,1.79,150.2617,3.4888,11.4292,,590647.176,590647.176
300355.SZ,20260205,2.3432,1.09,106.3331,1.4774,2.4484,0.101,635279.8641,514193.7074
920299.BJ,20260205,10.4441,0.65,81.1945,7.7598,17.5563,0.4555,217613.9015,106416.4679
300476.SZ,20260205,1.8912,0.51,60.6167,14.5222,12.8459,0.1169,22032022.5093,21648591.9841
300416.SZ,20260205,2.6333,0.54,39.2236,3.5323,4.3731,0.8108,940813.4411,934515.3714
600250.SH,20260205,4.3769,1.32,140.9197,5.7559,4.9415,,359667.7119,359667.7119
605358.SH,20260205,3.9853,0.9,,3.7539,7.6128,,2630456.6375,2630456.6375
603682.SH,20260205,2.1745,0.81,53.0619,3.517,3.4712,4.6676,334057.5,334057.5
605289.SH,20260205,4.3914,0.63,,5.9179,7.8029,,757602.125,752945.625
301518.SZ,20260205,3.7988,0.59,56.9866,3.5364,2.0192,0.4044,574604.5843,211319.6794
688298.SH,20260205,0.9247,0.59,,0.7692,5.8102,,489283.2,489283.2
603505.SH,20260205,1.1678,0.6,66.1052,9.1819,4.3517,0.5541,1601695.7511,1601695.7511
600573.SH,20260205,6.2352,1.43,36.4633,2.2181,4.8319,0.6552,305250.0,305250.0
300249.SZ,20260205,3.864,0.66,,19.5524,4.3224,,653243.6951,553789.315
000059.SZ,20260205,1.7146,0.68,,0.9219,0.2301,0.3098,929276.114,929276.114
600830.SH,20260205,1.254,0.76,65.5337,1.987,11.1147,0.1537,443419.0011,443419.0011
688061.SH,20260205,1.9438,0.55,,1.7113,6.5443,,407397.7805,159644.849
600868.SH,20260205,5.0962,0.46,,4.0751,25.4676,,789629.8505,789629.8505
605168.SH,20260205,2.6125,0.79,100.1428,3.2195,2.335,1.7604,862241.4727,862241.4727
920971.BJ,20260205,2.6228,0.86,128.8494,7.1848,11.4197,0.6615,320518.4061,261393.5461
002202.SZ,20260205,10.4467,1.29,39.5317,2.7305,1.5197,0.5636,10486617.8999,8349898.684
600052.SH,20260205,1.2773,0.6,,1.4274,5.6922,0.4342,384108.6072,384108.6072
601577.SH,20260205,0.6927,1.16,4.8617,0.5707,1.5219,6.2563,3985359.7702,3984497.4724
301035.SZ,20260205,0.4384,0.59,22.5601,3.0835,1.5615,0.9391,2252063.9825,2248645.4323
600125.SH,20260205,1.1204,0.66,15.7845,1.1027,0.735,2.1672,843367.1306,843367.1306
002535.SZ,20260205,1.6686,0.65,119.2487,4.39,2.0333,,311053.0327,289579.3322
002242.SZ,20260205,0.9754,0.94,55.3661,2.3616,0.9921,1.3979,818717.241,817310.2161
603217.SH,20260205,0.847,0.57,26.3248,1.5875,2.4735,1.3467,533328.5188,533328.5188
600308.SH,20260205,1.1806,0.57,,0.6491,0.462,0.1997,596129.9792,596129.9792
605188.SH,20260205,5.0197,3.44,1830.9441,9.2682,3.9423,0.0453,1093634.4545,1093634.4545
920005.BJ,20260205,1.9028,0.87,47.9238,5.4084,7.7984,1.4382,346276.0,79268.0
000656.SZ,20260205,1.68,0.7,,,1.3103,,1531307.755,1095861.5649
600152.SH,20260205,3.3001,0.9,,2.3677,2.7694,,403158.4838,403158.4838
300049.SZ,20260205,1.3847,0.61,142.6966,9.224,11.9548,,1757585.1447,1548814.4015
600540.SH,20260205,2.1758,0.45,,6.5578,0.6598,,286037.4643,286037.4643
300741.SZ,20260205,0.489,0.65,,1.6872,8.9825,0.5359,1149232.08,1149225.9222
002686.SZ,20260205,1.6823,0.76,319.114,2.3771,2.312,0.1449,390138.7626,360162.7669
300810.SZ,20260205,3.8155,0.76,,6.6587,20.7199,0.0471,495455.85,478418.2334
920876.BJ,20260205,2.8705,0.45,,6.7723,3.4009,,170656.3723,102546.5659
600927.SH,20260205,0.4078,0.8,35.599,1.7124,1.9673,0.5832,2245922.2229,2245922.2229
688157.SH,20260205,0.9242,0.74,142.3479,4.244,7.4334,0.4519,573945.6325,573945.6325
002587.SZ,20260205,3.4254,1.08,,3.3908,5.7279,0.2882,450868.556,368626.8202
920199.BJ,20260205,7.4344,1.44,279.3772,5.5219,10.434,,290147.748,161570.1063
603327.SH,20260205,1.6547,0.82,106.8168,4.4183,4.1077,1.8088,1056959.413,1056959.413
601311.SH,20260205,1.1192,0.72,14.8578,1.124,0.6752,3.072,1107449.9354,1107449.9354
002512.SZ,20260205,5.0452,1.02,,17.4187,3.7448,,676397.9523,665426.6835
600966.SH,20260205,1.3066,0.69,66.611,1.337,0.5082,0.3565,986591.0845,986591.0845
600358.SH,20260205,1.0978,0.51,,42.1018,7.7451,,308516.2993,308516.2993
002893.SZ,20260205,3.3213,0.98,37.0646,2.4971,2.4673,0.8854,303713.28,233600.9679
300648.SZ,20260205,7.5771,1.95,,7.659,9.1423,,1043074.179,794131.3539
002382.SZ,20260205,0.6916,0.47,,0.7712,1.028,,594211.453,589826.6468
002243.SZ,20260205,1.2893,0.77,56.2964,1.764,5.3597,0.661,1282029.8679,1275186.6851
688147.SH,20260205,1.7402,0.86,101.9537,11.4477,11.4967,0.0608,3307881.191,3307881.191
002898.SZ,20260205,2.368,0.61,,4.7624,8.9565,,219296.0,126173.151
002760.SZ,20260205,2.5434,0.54,,3.0388,4.2239,,251289.7189,251289.7189
002963.SZ,20260205,2.2028,0.49,,1.8159,6.7691,1.2821,234561.4908,178170.6451
688728.SH,20260205,0.4863,0.54,174.1805,5.0975,5.2792,0.1419,3986699.3605,3830794.0362
301668.SZ,20260205,6.1005,0.78,50.3678,5.7105,6.3794,0.972,565840.0,118559.2515
300059.SZ,20260205,2.0337,0.97,28.6119,4.0773,106.2269,0.2614,36238658.3888,30672053.1163
600616.SH,20260205,2.7409,0.58,149.1583,2.0047,6.9627,0.8681,385346.8512,385346.8512
300831.SZ,20260205,7.2086,1.19,448.1077,4.8148,37.1133,0.3311,441280.0,254403.767
688126.SH,20260205,1.0325,0.58,,3.424,19.364,,6874448.6574,5681850.0066
301011.SZ,20260205,1.2535,0.69,48.9236,4.2126,3.9787,0.7313,400833.6132,364786.5168
000661.SZ,20260205,0.8983,0.56,38.7711,1.6162,2.886,2.8089,3718350.5768,3642486.7873
301157.SZ,20260205,4.0366,0.73,90.4624,2.8929,11.9073,0.3791,316500.0,108981.7901
301279.SZ,20260205,1.5704,0.86,66.2663,3.0042,5.9936,0.6371,404526.1178,305724.4928
000889.SZ,20260205,1.6594,0.93,,48.1488,2.1752,,341746.2573,317495.1317
002479.SZ,20260205,1.3235,0.55,20.1067,1.0756,0.8135,2.8626,453260.0,452250.1703
688627.SH,20260205,7.1932,1.06,393.4505,16.2498,27.9195,0.1081,2763945.5676,2127139.6272
601921.SH,20260205,0.9021,0.97,14.5369,1.3704,1.7176,4.7676,1864444.4451,1864444.4451
002925.SZ,20260205,1.175,0.64,60.337,3.3972,3.9689,1.4727,1554141.4727,1472330.9097
002123.SZ,20260205,1.8191,0.51,,5.4498,2.972,,940732.4171,841041.489
603799.SH,20260205,1.9223,0.54,25.1329,2.8226,1.8075,0.6242,13447797.9537,13358119.5215
001360.SZ,20260205,11.3488,0.99,92.3519,3.3385,5.9822,0.6393,473280.0,189732.2587
002049.SZ,20260205,2.0897,0.6,45.9645,5.0159,10.6995,0.269,6582891.8424,6581716.2771
301300.SZ,20260205,3.3125,0.83,36.9576,3.6923,6.0855,2.3361,295889.28,141020.4715
000565.SZ,20260205,4.7344,0.73,615.685,2.8761,9.7071,0.1814,358580.7659,358580.7659
605138.SH,20260205,0.5642,0.83,91.5904,1.7381,1.2044,0.7136,418900.8333,418900.8333
605365.SH,20260205,1.0161,0.75,38.8718,2.7765,1.5194,2.0354,1035150.5503,1035150.5503
002434.SZ,20260205,1.3231,0.53,38.6441,2.1026,2.1127,1.0493,1250907.8,1249708.0207
000523.SZ,20260205,18.5461,3.3,14.7055,4.0177,3.5965,,759883.9429,548616.3038
002530.SZ,20260205,1.9051,0.45,177.538,6.0527,7.2325,,801794.9221,715281.9107
688219.SH,20260205,1.1049,0.65,31.8036,2.2236,1.0135,1.0732,660619.2,660619.2
688575.SH,20260205,0.5262,0.66,57.9294,3.0623,4.3593,1.4429,830227.1999,830227.1999
301638.SZ,20260205,7.0683,0.71,84.25,6.0973,9.6167,,6502384.7204,480534.4252
688186.SH,20260205,1.8509,0.52,21.7309,1.2902,1.2812,1.2388,617357.0726,617357.0726
603226.SH,20260205,0.966,1.25,,11.323,31.185,,1028082.1988,1028082.1988
300986.SZ,20260205,14.7139,0.96,121.8554,7.5651,5.8704,0.1596,1611230.2162,1609900.7422
603312.SH,20260205,3.0197,0.68,25.1563,4.6007,2.5728,2.5086,731517.714,232803.954
000430.SZ,20260205,0.9425,0.79,,22.1336,12.9401,,592653.0923,271247.3478
601238.SH,20260205,0.2906,0.83,,0.7359,0.8207,0.2504,8127061.5223,5884806.9832
301613.SZ,20260205,2.233,0.57,32.3053,4.5163,2.6041,1.3384,716473.2513,417912.1113
600929.SH,20260205,0.9169,0.66,,1.3191,2.2199,1.4362,993908.6331,993908.6331
300008.SZ,20260205,7.6994,0.71,52.3452,6.5745,3.2322,,1536217.8992,1464440.8731
600028.SH,20260205,0.229,0.73,21.4681,0.9319,0.2743,3.5655,77392329.1021,60641584.24
002348.SZ,20260205,1.2705,0.6,,12.8714,17.0599,,573056.0,546637.4644
300331.SZ,20260205,3.3772,0.4,,7.6257,6.1133,,1193148.2042,965942.3822
603389.SH,20260205,0.5002,0.71,,51.088,57.2348,,1194996.096,1194996.096
002825.SZ,20260205,1.7279,0.8,22.7564,2.2882,1.904,1.0909,370565.6128,278350.2487
605018.SH,20260205,0.4208,0.53,62.1512,1.9409,2.5659,1.323,526003.6224,526003.6224
002132.SZ,20260205,2.1951,0.5,354.6007,1.5467,1.0285,1.237,536791.6193,536001.6657
600135.SH,20260205,3.5374,1.33,,2.3267,4.1246,,554967.0203,554967.0203
002239.SZ,20260205,2.357,0.83,84.3492,1.9068,1.254,0.0962,1066469.0034,1048258.5296
603668.SH,20260205,2.2614,0.78,291.8514,3.3953,1.3647,,799548.493,799548.493
300227.SZ,20260205,7.738,0.76,,4.5358,5.5301,,718585.3058,559090.4381
002149.SZ,20260205,21.5011,0.92,303.3221,9.4386,8.9921,0.5414,2705195.2922,2704779.7172
600543.SH,20260205,2.5398,0.42,,2.2655,6.9872,,172120.32,172120.32
000908.SZ,20260205,1.6468,0.91,39.4487,165.5856,15.7076,,617601.5944,617601.5944
301326.SZ,20260205,6.0857,0.54,,7.0421,7.777,,902982.112,339122.7518
600339.SH,20260205,1.9755,0.47,40.9276,0.8044,0.2336,1.2435,2155094.9238,2155094.9238
002307.SZ,20260205,3.7192,0.95,,1.8841,0.6791,,845823.6557,650633.5816
301065.SZ,20260205,1.8678,0.85,36.1795,1.8853,3.8854,0.8154,253069.74,205968.2625
300265.SZ,20260205,15.2283,0.94,277.4354,3.2116,2.8847,0.2446,749564.94,749084.6411
603172.SH,20260205,9.5549,0.5,60.1,3.0949,5.8499,0.3569,336384.36,126301.76
600605.SH,20260205,0.8039,0.83,255.714,4.1326,49.6273,0.4916,587492.3578,587492.3578
688521.SH,20260205,3.1521,0.89,,30.2247,36.7599,,10757596.9092,10757596.9092
688187.SH,20260205,0.612,0.62,19.563,1.8939,2.7917,2.5487,7672408.5278,4909327.4428
300200.SZ,20260205,3.2503,0.51,36.5657,3.1027,4.1276,1.2262,509410.3295,501026.1836
002866.SZ,20260205,6.4392,1.1,,2.6932,2.6156,,559356.9986,350206.8896
002647.SZ,20260205,4.2222,1.45,,15.5307,12.3305,,1018392.783,610640.1252
002890.SZ,20260205,1.0973,0.53,193.2556,4.8146,9.3651,0.1525,289637.1478,275330.5781
600129.SH,20260205,1.5639,0.89,,2.8318,0.9979,,1001926.8421,1001926.8421
603029.SH,20260205,2.4505,0.79,29.8421,2.607,2.5533,0.8613,242319.974,242319.974
688166.SH,20260205,1.2529,0.63,315.6332,8.2091,16.6054,0.207,1959393.934,1959393.934
000957.SZ,20260205,2.4321,1.16,20.8693,2.2357,0.9653,0.8489,690733.0854,690733.0854
002905.SZ,20260205,8.078,1.03,137.0979,52.8196,4.5622,,501634.56,465803.52
300878.SZ,20260205,1.3775,0.49,,3.937,30.3179,0.4982,399186.9178,397349.755
688228.SH,20260205,2.5939,0.46,350.8205,8.6969,18.734,0.0862,1159508.7954,1159508.7954
001287.SZ,20260205,4.9448,0.61,50.6332,3.2553,0.2857,0.4861,1750809.8235,1007756.9234
600987.SH,20260205,1.9931,0.69,10.5837,1.1941,0.7044,5.305,769697.4302,769697.4302
603158.SH,20260205,2.6159,0.55,34.0553,2.2901,1.3383,1.4602,531994.8404,531994.8404
603310.SH,20260205,1.3453,1.02,33.1807,1.4915,5.9794,1.7513,591567.42,316151.28
301177.SZ,20260205,1.052,0.44,95.9723,2.086,8.5077,1.5393,1299291.1893,1298430.269
688469.SH,20260205,2.8377,0.66,,4.5734,8.1856,,6043917.451,3193885.8
603221.SH,20260205,1.3467,0.86,48.9891,2.0104,2.6976,1.3628,323037.34,320038.67
600846.SH,20260205,1.7105,2.28,31.0594,1.9924,2.2929,1.5125,820311.8705,820311.8705
600928.SH,20260205,0.8792,1.44,6.3881,0.4933,1.6443,2.611,1702222.2224,1694144.6073
920974.BJ,20260205,5.3143,0.57,46.2107,2.2,1.3246,,142506.0,111753.0608
002902.SZ,20260205,2.2849,0.63,,5.6863,2.9698,,480123.5137,362902.6786
301019.SZ,20260205,1.367,0.71,34.2547,3.6929,8.0917,2.5952,381395.36,241857.097
300640.SZ,20260205,11.3724,1.93,207.6699,3.085,2.483,0.2481,250660.7022,177923.7988
002460.SZ,20260205,4.0779,0.87,,3.1691,6.7277,0.2384,13190304.4956,7620790.089
002520.SZ,20260205,1.5508,0.7,,17.1326,3.5999,,440393.9154,421137.3804
688111.SH,20260205,1.118,0.63,80.3586,11.817,25.2681,0.2902,14333083.2219,14333083.2219
600905.SH,20260205,0.3459,0.66,22.0397,1.3169,4.0186,1.6302,11749524.2084,11749524.2084
600346.SH,20260205,0.601,0.79,24.3182,2.6195,0.7841,2.2037,16929034.9853,16929034.9853
920870.BJ,20260205,1.2796,0.97,104.5699,5.2398,21.8077,0.6304,233830.0,115175.0605
600104.SH,20260205,0.479,0.72,58.2036,0.5632,0.2539,0.604,16645161.8258,16645161.8258
300319.SZ,20260205,2.4861,0.86,31.754,2.2248,2.9186,0.9419,1070431.5187,999764.1036
603220.SH,20260205,3.4371,0.56,128.076,5.4899,3.5307,0.437,1093033.2959,1093033.2959
301507.SZ,20260205,3.9006,0.89,46.2648,3.4296,7.466,0.6399,555511.6461,171671.1248
300695.SZ,20260205,0.6257,0.52,22.4281,2.7615,11.3915,0.1858,786662.5163,786662.5163
300214.SZ,20260205,1.634,0.58,,1.3593,0.8374,,329151.0507,329151.0507
920522.BJ,20260205,3.949,1.36,170.3385,10.8567,12.9527,0.2898,1159171.5744,961627.0167
600735.SH,20260205,4.2289,0.81,,2.1861,1.9674,,266700.0522,264631.0364
300446.SZ,20260205,3.5669,0.72,21.8779,3.5001,2.206,1.1935,1983332.1204,876372.1612
688272.SH,20260205,1.6409,0.48,,5.0917,10.3021,,231344.0,231344.0
605001.SH,20260205,1.3079,0.71,29.9739,1.191,1.6097,2.457,319809.204,319809.204
600796.SH,20260205,9.8363,2.23,34.6092,1.8451,3.791,0.4252,631741.0234,227067.3811
002979.SZ,20260205,1.5235,0.72,56.5571,7.4451,7.0747,0.7968,1223578.5991,860721.5987
600760.SH,20260205,0.692,0.94,53.8407,7.2487,4.1464,0.453,15816993.4094,15767291.6438
002907.SZ,20260205,0.7853,1.2,84.0689,3.7142,7.9749,0.5659,627229.6636,450471.594
002951.SZ,20260205,2.4438,1.42,848.6125,3.5318,9.9384,3.3755,592515.0,586845.0338
688101.SH,20260205,0.6502,0.96,13.8617,1.2762,3.6851,,554792.1623,554792.1623
605589.SH,20260205,1.6693,0.83,23.5376,2.399,2.2521,1.8155,2463836.9177,2455719.5942
920149.BJ,20260205,1.134,0.7,,5.9118,1.8673,,92315.1983,76340.3396
301486.SZ,20260205,10.481,0.84,147.9846,9.67,25.3328,0.2016,2527423.4228,1423064.202
000589.SZ,20260205,1.9936,0.82,15.7628,0.8997,0.7368,3.3074,795967.746,787039.2852
603396.SH,20260205,5.8751,0.32,145.1754,2.5761,2.5765,0.3115,667009.8066,667009.8066
300005.SZ,20260205,4.145,0.86,343.5613,6.2129,9.0661,0.0778,1302577.0222,1302005.2576
002938.SZ,20260205,1.6418,0.84,33.1783,4.1172,3.4925,1.7235,13449331.9948,13399046.9253
002659.SZ,20260205,2.6101,0.52,,1.7108,10.763,,370335.5577,370333.8171
002883.SZ,20260205,2.6287,0.32,,2.5938,5.6151,0.1857,168181.2678,165131.0778
300713.SZ,20260205,3.1613,0.78,,5.3684,7.0995,,273952.1181,153801.7508
603610.SH,20260205,0.8817,0.68,41.689,2.0071,2.1395,0.5574,633266.9681,633266.9681
301512.SZ,20260205,2.9539,0.61,72.7724,2.6811,4.5834,0.7396,270400.338,125803.938
920748.BJ,20260205,13.0406,6.47,,14.6957,21.9917,0.2116,362749.98,168593.3427
688139.SH,20260205,0.6196,0.71,40.3962,2.4402,4.5677,1.4251,1033665.8833,1033665.8833
002521.SZ,20260205,0.7462,0.73,43.9226,1.2209,1.4122,4.7114,475491.8315,355228.2519
603358.SH,20260205,2.2714,2.05,57.8781,6.4325,4.6703,0.9705,2420116.3276,2314516.3451
300731.SZ,20260205,7.4729,0.59,232.4944,12.6331,6.4963,0.1293,782107.1395,743428.4632
000910.SZ,20260205,0.7601,0.6,53.8769,0.6267,0.845,2.4707,420948.6775,420784.8805
002933.SZ,20260205,2.6526,1.08,135.4743,2.7509,10.4176,0.0558,420934.45,409237.4116
600867.SH,20260205,3.6873,1.48,14.3629,2.47,6.4228,2.7595,1760730.0033,1760730.0033
600389.SH,20260205,1.5108,0.42,22.4925,2.7559,1.9016,2.2026,1075333.05,1075333.05
002172.SZ,20260205,2.659,0.95,80.4066,19.3367,1.807,,337687.9708,337484.9432
300985.SZ,20260205,10.027,2.8,,4.2693,3.1026,,430843.8288,428530.2113
600495.SH,20260205,0.8851,0.72,148.6289,1.7818,4.4366,0.2905,582348.0071,582348.0071
301263.SZ,20260205,2.2379,1.56,602.9022,8.0969,20.8179,0.6032,1404141.75,1001833.9815
301103.SZ,20260205,1.3519,0.75,321.3591,1.7874,3.143,0.6825,341337.1774,341337.1774
300201.SZ,20260205,3.1526,0.71,30.5761,4.8362,4.3431,0.3656,816316.2781,812010.382
605218.SH,20260205,0.6076,0.57,85.7914,3.1764,1.9092,0.279,419494.7497,419494.7497
002245.SZ,20260205,2.6663,0.79,26.2655,2.5509,2.4428,0.3965,1888787.8491,1776414.0524
000703.SZ,20260205,0.9617,0.73,184.3485,1.8524,0.3768,0.3823,4315940.8218,4292874.3501
688005.SH,20260205,2.5975,0.88,,2.56,1.6279,1.2561,2075562.7649,2075252.8558
920039.BJ,20260205,0.5828,0.64,40.2855,3.3228,5.8032,1.7346,177354.46,177354.3447
601398.SH,20260205,0.115,0.71,7.0942,0.6895,3.1144,4.1918,260176567.675,196816915.1535
002031.SZ,20260205,1.7486,0.6,,7.8554,24.1714,,1669341.3135,1471513.9756
920261.BJ,20260205,3.3029,0.68,22.1722,3.1213,0.6873,1.6751,506279.8488,295903.0508
300341.SZ,20260205,1.2866,0.77,47.874,4.56,6.0238,0.4127,877527.9299,874065.0371
605123.SH,20260205,8.3338,1.09,60.1124,3.3546,4.4821,0.6005,1529418.9988,1529418.9988
600717.SH,20260205,0.7173,0.75,15.8061,0.6982,1.1172,2.1622,1392014.4993,1392014.4993
301262.SZ,20260205,10.4074,1.38,29.9749,3.2274,12.5161,2.2103,1169685.0,342421.4746
300890.SZ,20260205,2.8248,0.78,270.8962,1.7262,2.4068,,354690.4019,324026.9
301309.SZ,20260205,3.3333,0.58,26.1627,1.908,3.5417,0.972,308640.608,78390.608
002436.SZ,20260205,5.5407,1.07,,6.8777,5.423,0.1365,3708687.7145,3295905.0126
301290.SZ,20260205,1.3104,0.65,,1.3535,7.158,2.0516,288599.3753,196378.7554
002173.SZ,20260205,17.3865,1.57,,7.2725,16.1269,,1295169.5731,1221853.5402
300936.SZ,20260205,2.4922,0.65,,3.129,13.4882,0.2404,312832.0,197434.744
002268.SZ,20260205,1.7031,1.01,104.0946,3.0576,7.3729,0.3083,1645607.8175,1644949.729
688507.SH,20260205,3.0435,0.8,244.189,3.2278,21.9628,0.3736,882622.5055,487679.9057
001316.SZ,20260205,9.6418,1.46,53.6606,5.775,7.2621,0.971,721773.6834,697798.5515
603838.SH,20260205,0.4501,0.95,,2.5338,6.7739,,237131.856,237131.856
002519.SZ,20260205,16.1353,1.54,,4.2408,202.2832,,974362.7268,967749.4238
603529.SH,20260205,1.3231,1.73,11.2084,2.7579,1.0401,4.0211,2624766.4271,2559632.5046
000900.SZ,20260205,0.7553,0.76,17.5681,0.5806,0.9145,3.5211,646594.8703,646566.1153
600958.SH,20260205,0.8574,0.68,17.0312,1.1276,4.9304,2.1103,8785531.2319,7723445.2814
601156.SH,20260205,0.5487,0.52,11.2516,1.5485,1.2482,1.5501,2949678.223,1755058.543
600770.SH,20260205,5.2664,0.72,181.6934,2.5895,21.142,,887900.0,887900.0
600097.SH,20260205,3.7553,0.84,28.0902,1.2757,1.2946,0.6515,295870.0945,295870.0945
688089.SH,20260205,1.8447,1.33,19.0959,1.9904,5.4318,1.039,323995.056,323995.056
603813.SH,20260205,1.027,1.44,,7.77,10.2942,,423840.54,423840.54
300174.SZ,20260205,1.5839,0.97,24.0219,1.7185,3.1069,1.4154,588563.9418,586514.5354
688007.SH,20260205,0.9109,0.58,,3.0589,3.8477,0.1446,789619.6609,789619.6609
002416.SZ,20260205,1.201,0.65,40.5162,2.7389,0.3346,3.885,1594955.6843,1575164.8392
000953.SZ,20260205,1.2857,0.84,331.4815,16.9835,15.0209,,261777.3694,261777.3694
301428.SZ,20260205,14.886,0.41,85.0999,2.9351,3.466,0.2616,373453.3346,231629.3846
600810.SH,20260205,1.3527,0.54,,1.2388,0.6843,0.5265,925690.2749,917505.2169
300073.SZ,20260205,2.2503,0.75,58.2855,2.0425,3.142,0.3406,2974564.8956,2765133.2201
603477.SH,20260205,1.7303,0.75,24.7048,3.0399,1.1658,0.9455,904864.9091,904864.9091
603376.SH,20260205,6.715,1.32,54.2512,9.0908,5.6121,,1530403.826,118749.8461
301119.SZ,20260205,7.2878,1.78,51.4163,5.8303,12.9615,1.6087,594776.0,481025.09
000858.SZ,20260205,0.9606,0.64,14.8651,3.1902,5.1416,5.2778,42266829.5664,42265049.2912
603162.SH,20260205,7.8691,0.58,32.8813,2.967,3.1514,0.3563,1286066.3619,387000.3005
300322.SZ,20260205,3.182,0.59,,12.0259,4.754,,1199319.4649,1148202.9991
300371.SZ,20260205,1.6086,0.67,38.4181,2.3938,6.0029,0.6361,280496.9106,187368.0711
603180.SH,20260205,0.9231,0.94,22.4167,1.1661,0.945,1.8477,323785.7369,323785.7369
301577.SZ,20260205,2.8995,0.59,97.1979,3.6375,6.4283,0.4787,277381.72,116061.5148
301565.SZ,20260205,1.8239,0.59,149.9793,4.0311,4.4151,,970824.27,310680.27
688559.SH,20260205,3.2309,0.73,,5.856,3.842,,1383486.5017,1383486.5017
600780.SH,20260205,0.6615,0.63,11.3917,0.8544,0.6282,,700513.0416,700513.0416
603344.SH,20260205,3.237,0.54,30.5885,2.8237,2.3041,1.0164,593319.489,164794.489
601166.SH,20260205,0.5663,0.78,5.2942,0.5059,1.9279,5.4696,41013614.9183,41013614.9183
600629.SH,20260205,2.1418,0.92,63.199,3.5488,2.4621,0.6289,1882456.9985,1849047.077
600343.SH,20260205,7.6955,0.73,,16.9173,27.2748,,2294351.8211,2294351.8211
920436.BJ,20260205,0.6746,0.68,,4.1658,1.1885,,159286.536,149831.7026
001296.SZ,20260205,4.0612,0.57,29.0318,2.3596,3.5384,1.4264,413020.9884,212186.547
301052.SZ,20260205,4.7987,0.61,120.7055,5.3041,5.5685,0.1372,382180.9672,309716.6392
002294.SZ,20260205,0.4949,0.7,79.066,6.0617,12.5049,1.0482,5317674.872,5316478.5607
000014.SZ,20260205,2.4071,0.8,,2.0336,60.3267,,323615.8015,323615.8015
002055.SZ,20260205,3.8304,0.84,,2.5939,0.811,,370552.3804,364115.8804
603586.SH,20260205,0.7508,0.59,23.6464,1.6176,1.969,2.6344,372108.1764,372108.1764
002054.SZ,20260205,8.5502,0.96,49.3189,1.7382,1.4514,0.7501,440653.5231,351319.3615
600136.SH,20260205,2.3558,2.26,,15.8747,5.4426,,377552.7972,359471.5564
002987.SZ,20260205,1.0908,0.95,50.0169,5.6585,3.4245,0.9401,1648174.2888,1602739.9175
603602.SH,20260205,6.3106,1.39,118.6203,3.1059,2.0446,0.4644,335264.4238,335264.4238
001359.SZ,20260205,1.7357,0.46,53.0854,6.8439,11.5772,0.494,1351947.0665,338017.44
688148.SH,20260205,2.3045,0.68,,14.566,1.8866,,421913.1148,421913.1148
001207.SZ,20260205,1.9988,0.9,19.4748,2.5733,2.4474,2.1072,589386.3851,536942.1528
002106.SZ,20260205,1.2591,0.55,27.4375,1.4652,1.3238,0.8643,816629.2971,814644.7506
300895.SZ,20260205,3.0613,0.74,,8.8527,26.2595,,692739.2324,679807.4897
600998.SH,20260205,0.7522,0.73,9.5361,1.0036,0.1685,3.7529,2657381.8133,2657381.8133
600158.SH,20260205,4.2419,0.61,508.2781,3.6302,4.272,0.2004,943201.3449,943201.3449
300155.SZ,20260205,3.4459,0.62,,2.4978,19.1422,,305869.1205,180246.0929
002226.SZ,20260205,1.4509,1.12,20.2224,1.5887,1.6852,1.0569,1629087.5558,1629054.6613
301005.SZ,20260205,6.7712,0.68,1647.4431,29.0288,28.453,0.0298,2232626.3519,2201190.4746
002566.SZ,20260205,3.1067,1.26,68.1595,1.2351,4.3032,1.2034,275020.7796,192617.8789
301111.SZ,20260205,3.2742,0.63,,4.3753,11.7625,0.2444,327360.0,327360.0
000906.SZ,20260205,0.7662,0.69,22.3845,0.9266,0.0196,3.2156,440700.8342,435469.8934
600979.SH,20260205,1.1895,0.62,39.438,1.2474,1.898,1.2418,579100.5602,565607.2436
002787.SZ,20260205,4.1902,0.93,42.7575,2.2373,1.7811,0.7959,417630.0424,312571.702
000768.SZ,20260205,1.5645,0.83,78.0347,3.8367,1.8741,0.3989,8365696.4056,8340389.7556
002931.SZ,20260205,12.5631,1.0,1021.2674,26.7892,49.8185,0.0429,2545593.2224,2344603.6012
600391.SH,20260205,14.6033,1.66,414.5249,10.5728,4.2993,,1855987.3013,1855987.3013
300065.SZ,20260205,24.7903,0.95,538.9289,11.593,28.7078,,2038348.127,1855717.8293
600698.SH,20260205,0.8397,0.78,2111.2865,11.4408,17.8831,,881626.1289,685122.6863
002836.SZ,20260205,2.0812,1.2,60.5205,9.1327,8.0406,1.617,344908.8,344908.8
300673.SZ,20260205,2.1794,0.8,30.8663,2.3586,3.0536,1.9469,435204.9643,283265.0929
603009.SH,20260205,3.6188,0.72,172.0605,8.8385,7.8004,0.1618,1777326.1408,1736376.4251
600662.SH,20260205,0.8491,0.48,12.3473,2.707,0.5472,4.0134,1365507.5103,1361329.725
002562.SZ,20260205,11.9143,0.7,75.9352,2.264,2.3354,,833117.1775,511414.4828
300459.SZ,20260205,3.4379,0.52,,8.3409,17.9881,,1747358.0367,1633735.1466
002180.SZ,20260205,1.3989,0.95,,3.236,1.4426,,3105383.5678,2981369.2294
300833.SZ,20260205,1.5027,0.57,32.0169,2.3506,5.3308,2.8921,568574.7975,365243.3377
600218.SH,20260205,3.4824,1.19,50.589,1.4069,1.075,0.5709,457815.5149,457815.5149
601106.SH,20260205,1.485,0.61,,6.6708,3.6857,,3518042.6416,3518042.6416
002598.SZ,20260205,2.0143,0.67,98.6389,2.551,1.5443,0.997,312983.2864,282288.1023
688197.SH,20260205,0.9534,0.78,,7.9653,625.0687,,541784.5665,233169.7851
688478.SH,20260205,2.6941,0.63,,3.3526,17.6786,0.6657,514721.8771,384683.2135
600785.SH,20260205,18.3471,1.16,41.2354,2.4175,0.908,1.4344,550540.3232,550540.3232
603123.SH,20260205,3.5099,1.25,,5.6934,4.6388,,1040753.8745,849915.5615
600633.SH,20260205,4.1254,0.68,33.5213,1.8782,6.2219,1.5884,1916060.5272,1916060.5272
003038.SZ,20260205,20.6262,2.51,108.6138,1.4097,0.4938,,423055.848,287304.3752
301301.SZ,20260205,1.4369,0.61,25.9756,3.0669,5.1304,2.4738,2430792.65,673382.7691
688292.SH,20260205,4.5065,0.51,,4.3319,11.7449,0.4277,439417.8312,279806.1582
603912.SH,20260205,1.8606,0.56,,2.7067,5.6817,0.9142,474112.5515,474112.5515
688276.SH,20260205,0.4206,0.63,,2.0915,12.2171,0.8446,827728.8536,827728.8536
002901.SZ,20260205,0.6113,0.65,38.3308,6.2216,8.3619,0.9794,2075893.8031,1446420.6596
002544.SZ,20260205,1.9344,0.79,2040.695,5.7337,4.5533,0.0264,2142320.6857,2142116.5568
603330.SH,20260205,1.3878,0.75,,2.1062,3.1947,,321476.5212,321476.5212
601375.SH,20260205,1.3966,0.89,43.3674,1.4332,11.1461,0.5669,2047512.1527,1520356.1877
301575.SZ,20260205,7.8132,1.74,35.2955,3.2921,4.074,,451984.05,86209.5457
688082.SH,20260205,0.6681,0.84,51.5584,6.4429,12.6176,0.3366,8564219.1766,7783270.2912
920015.BJ,20260205,2.2894,0.49,33.2527,4.0771,6.3574,,667259.135,185782.4306
002462.SZ,20260205,6.6377,1.08,66.8633,1.0748,0.2376,1.0442,474899.1914,474513.8421
603659.SH,20260205,0.8875,0.69,35.6678,2.984,4.0809,0.6072,5892188.6516,5892188.6516
300275.SZ,20260205,1.5521,0.3,78.7027,4.0732,8.2533,0.2359,384698.3299,339055.3548
920608.BJ,20260205,1.403,0.71,34.7438,2.4658,7.7883,1.6,116700.0,73897.4344
301630.SZ,20260205,2.108,0.62,51.4538,4.1812,6.1512,,699920.0,174980.0
301500.SZ,20260205,16.3712,0.57,72.6628,2.294,0.7596,0.4868,1073890.2777,275280.8265
300598.SZ,20260205,1.5851,0.6,,6.3211,4.3463,,937578.1029,937315.533
600577.SH,20260205,2.3849,0.71,49.2352,4.9059,1.2236,0.5852,2938046.7027,2938046.7027
688798.SH,20260205,1.9523,0.59,49.8787,4.2189,6.4128,0.4365,1759188.6873,1024318.489
920260.BJ,20260205,0.8367,0.4,31.8439,2.7139,4.1262,1.7683,117115.05,111761.9806
601003.SH,20260205,0.7147,0.46,24.3331,1.4397,0.1915,,1299336.1524,1299336.1524
601001.SH,20260205,2.8596,1.38,13.5972,1.3986,2.0035,4.8059,2629382.7,2629382.7
300832.SZ,20260205,0.4557,0.46,25.9054,4.8869,9.3949,2.3901,4273524.4716,3709383.6574
600400.SH,20260205,1.4645,1.47,,2.3382,3.4007,,545346.5008,545346.5008
688213.SH,20260205,2.905,1.07,47.4293,7.9345,4.8086,0.2841,3884271.9126,3123483.9908
301393.SZ,20260205,5.4562,1.66,42.583,2.4977,10.4439,0.7342,583200.0,227365.785
600111.SH,20260205,2.7342,0.48,81.5983,7.3118,4.1883,0.0724,17464383.0827,17464383.0827
688410.SH,20260205,1.6495,0.7,48.2653,3.1134,7.463,0.5839,547475.8655,547475.8655
300621.SZ,20260205,1.8751,0.63,,2.2037,0.2271,0.1098,189539.6537,184503.9308
300919.SZ,20260205,1.5272,0.57,41.9147,2.2699,1.2142,1.2299,5264424.2368,4609019.0639
301125.SZ,20260205,2.5221,0.82,496.0175,5.0397,5.1513,0.1392,304779.528,275439.553
600776.SH,20260205,2.8389,0.53,57.273,6.2354,9.2416,0.325,2357512.1201,1794412.1201
600231.SH,20260205,0.7861,0.5,,1.4149,0.4175,,666812.053,658462.933
301102.SZ,20260205,4.0695,1.08,124.6368,1.735,8.6214,0.1556,521710.0,521710.0
600155.SH,20260205,1.0257,0.75,94.6504,0.7509,4.6541,,1500781.7994,1500781.7994
600110.SH,20260205,1.6274,0.53,,1.9545,1.8086,,1150424.9579,1150424.9579
300266.SZ,20260205,0.9909,0.92,,115.6835,3.7101,,393113.2504,392877.8466
000705.SZ,20260205,1.7633,0.81,67.1498,1.5717,1.1882,0.6322,317082.9984,267580.7527
603439.SH,20260205,1.1561,1.53,30.8449,3.3616,2.8554,2.7771,495623.4218,489454.3418
300204.SZ,20260205,6.0284,1.6,,15.064,53.6688,,1311485.6635,1245309.0552
300328.SZ,20260205,3.8046,0.69,,10.0168,6.7233,,1097083.1004,1090636.726
688151.SH,20260205,0.5688,0.61,,1.7763,13.9118,0.2009,744120.0,744120.0
603768.SH,20260205,0.7361,0.63,,1.2121,0.8108,0.4844,284833.1608,284833.1608
002155.SZ,20260205,12.9429,0.98,42.2951,6.6981,1.0639,0.5409,5111432.4546,5110971.0506
300027.SZ,20260205,5.42,0.8,,20.1361,18.8545,,529930.6305,474630.9483
688215.SH,20260205,1.0998,0.79,247.4359,9.746,10.8261,0.116,446950.606,446950.606
688679.SH,20260205,2.514,0.61,,5.5726,4.3384,0.1052,625657.6459,625657.6459
603177.SH,20260205,1.616,0.65,205.7216,6.6761,2.3321,0.3411,241763.328,241763.328
002967.SZ,20260205,1.3401,0.69,35.0903,4.1287,4.075,1.1913,1411188.7473,1327100.5112
688709.SH,20260205,2.6102,0.5,312.449,10.5221,43.2894,0.0421,3025023.3735,1035130.6923
688367.SH,20260205,4.5587,0.78,268.8815,5.6121,14.9629,0.2914,330782.865,330782.865
600017.SH,20260205,1.2203,0.83,17.7946,0.6944,1.2354,3.7778,968830.9747,968830.9747
688570.SH,20260205,0.4474,0.7,59.3563,1.914,4.746,1.7433,819669.0,356262.6
300570.SZ,20260205,17.1115,0.87,70.4256,15.9394,15.7883,0.6866,2646482.2543,2239433.104
601038.SH,20260205,2.6108,1.1,19.0603,1.982,1.4296,2.6604,1554001.4153,1011948.3953
600313.SH,20260205,14.5477,0.65,167.7993,3.7793,1.4438,,897742.078,836539.5665
301081.SZ,20260205,2.6685,0.8,203.4434,2.706,3.2895,2.2569,291265.0951,279434.8375
688608.SH,20260205,1.3388,0.56,52.3887,5.082,9.4684,0.4075,3525530.3678,3525530.3678
601519.SH,20260205,1.4985,0.9,,18.6582,30.9946,,2530211.52,2530211.52
002094.SZ,20260205,8.6983,0.68,149.3692,3.6645,3.3783,,566535.9902,566171.9102
301535.SZ,20260205,9.9102,0.68,96.0773,10.8406,15.6931,0.7706,1203157.0598,180473.5598
603067.SH,20260205,2.6537,0.91,46.9027,7.0024,5.6692,0.394,2432221.6679,2432221.6679
601677.SH,20260205,3.3131,0.58,11.3886,1.0686,0.5743,1.373,1983420.1851,1942720.5701
001289.SZ,20260205,0.0843,0.83,24.6507,1.7283,3.9388,2.1121,12974434.6865,7825081.8225
000685.SZ,20260205,1.7925,0.83,13.0482,1.0077,3.273,0.6644,1811436.739,1539865.5337
002986.SZ,20260205,1.2053,0.47,,1.2048,0.6245,2.5055,459186.6415,364619.6299
301325.SZ,20260205,7.1403,0.99,,2.7232,4.7726,,771264.6576,310315.592
300268.SZ,20260205,0.492,0.5,,,0.9603,,215833.8,165663.5925
600202.SH,20260205,1.8203,0.71,,2.9626,1.8512,0.1603,239204.5793,239204.5793
600675.SH,20260205,1.0912,0.77,31.9444,1.2233,1.4251,,1795702.1933,1795702.1933
603018.SH,20260205,2.0039,0.53,16.2894,1.0401,1.2799,1.2356,547720.9188,547720.9188
301187.SZ,20260205,0.495,0.84,30.8429,4.053,3.2154,1.971,614644.7288,614642.7397
002795.SZ,20260205,3.4143,0.74,,6.6134,3.7994,,295488.8887,290632.9655
300575.SZ,20260205,2.3658,0.52,,1.5561,1.2213,0.7565,307183.1056,220704.0911
300247.SZ,20260205,1.9328,0.82,53.1862,3.6225,4.7319,,409256.5193,408867.1343
603038.SH,20260205,1.8244,0.59,135.8796,3.4155,3.3772,0.2823,475827.1547,475827.1547
002030.SZ,20260205,2.1815,0.33,,1.164,11.7705,,901012.3525,901012.3525
600157.SH,20260205,3.5202,0.75,121.4952,0.7603,1.5092,,3578113.3198,3578113.3198
001208.SZ,20260205,14.6661,1.1,127.8756,5.0812,3.3203,0.2254,1470121.0449,606605.0113
002772.SZ,20260205,3.0554,0.54,26.9769,1.9713,3.2972,2.5648,657499.5522,652277.5518
688020.SH,20260205,1.8499,0.66,,5.0735,18.8964,0.2138,701653.214,701653.214
300659.SZ,20260205,2.7612,0.73,,3.2189,4.6877,,386682.6813,282644.1026
600118.SH,20260205,5.3661,0.88,1897.8351,17.1724,16.5633,0.0108,10906097.2921,10906097.2921
300036.SZ,20260205,2.3724,0.47,,3.4303,6.0903,,923937.4069,822145.8319
000837.SZ,20260205,1.6278,0.95,270.9098,2.5177,2.9885,0.2508,1223682.4211,1204854.3911
688699.SH,20260205,4.6757,0.71,,5.6768,10.9692,,687683.8707,687683.8707
300413.SZ,20260205,2.6683,0.86,53.2708,2.1529,3.8752,0.8255,4985470.972,2722830.3881
920855.BJ,20260205,0.9791,0.38,29.5865,2.3773,4.9269,1.1507,136388.3327,122342.3626
002324.SZ,20260205,3.8005,0.92,75.5952,4.2483,2.0755,0.2823,1943251.4253,1356154.1056
300004.SZ,20260205,4.3676,0.68,102.0773,3.7838,11.3562,,673431.018,673431.018
300756.SZ,20260205,1.9257,0.69,92.8013,5.1665,11.0241,0.1042,756471.2448,629905.6944
300915.SZ,20260205,2.2019,0.75,415.4929,2.1048,3.0766,1.1073,323658.5973,148153.0847
001318.SZ,20260205,3.2238,1.66,37.4436,3.0247,8.9003,1.1666,436144.38,436144.38
300373.SZ,20260205,5.383,1.3,35.3377,4.996,6.6381,0.9624,4618456.1895,4608256.81
002303.SZ,20260205,2.2685,0.91,19.6748,1.4371,1.5638,4.747,635499.3293,401278.8579
603119.SH,20260205,5.1032,0.88,134.6179,18.3465,27.9532,0.1968,3593772.442,2014329.292
605117.SH,20260205,0.9553,0.88,25.6397,9.3724,6.5345,3.4116,7865441.7997,7865441.7997
688162.SH,20260205,1.0362,0.65,49.334,1.9229,1.1102,,460932.8056,460932.8056
301276.SZ,20260205,8.488,1.17,28.1084,1.819,3.3835,2.0513,379080.0,134737.5101
920204.BJ,20260205,1.1009,0.59,81.716,3.3766,5.2945,0.3429,165003.6448,87477.1415
600595.SH,20260205,2.3986,1.01,29.6545,2.0684,1.5228,,3450806.3032,3450806.3032
603398.SH,20260205,2.5633,0.97,,6.5403,16.5829,,420198.6368,420198.6368
002588.SZ,20260205,1.2219,0.56,12.569,1.6768,1.0519,2.8612,1227916.8507,915265.0096
002649.SZ,20260205,2.5766,0.63,60.9847,1.8522,1.1618,1.2723,786703.051,737242.2893
000672.SZ,20260205,2.049,0.69,19.2839,1.6324,2.7685,4.1473,1448276.8023,1448276.8023
688083.SH,20260205,1.5953,0.97,920.4065,4.3768,12.4392,0.531,1136460.202,1136460.202
000892.SZ,20260205,4.8696,0.66,,8.6874,12.7837,,733773.3938,531705.6676
600839.SH,20260205,1.3883,0.51,32.5923,2.8809,0.4114,0.5181,4454675.6742,4453435.0789
603063.SH,20260205,3.1016,1.1,25.5279,2.6883,3.1703,0.4075,1331550.1686,1331550.1686
688548.SH,20260205,2.7333,0.78,93.2384,4.4472,11.0037,0.4104,2667823.8095,1397624.602
000659.SZ,20260205,2.5859,0.73,,33.4278,5.7056,,568280.5138,568280.5138
300076.SZ,20260205,1.9733,0.72,,3.5452,26.3881,,318848.0,318848.0
600658.SH,20260205,1.3127,0.84,,1.0713,4.263,,593968.6589,593968.6589
002697.SZ,20260205,6.5515,1.6,16.3049,1.7865,0.8852,1.8669,837760.0,705259.94
600116.SH,20260205,0.9757,0.82,46.245,1.1308,1.3032,0.5911,1281135.7457,1281135.7457
605555.SH,20260205,0.6508,0.54,31.1806,2.8018,1.9236,1.5411,845668.6129,845668.6129
002100.SZ,20260205,1.4353,0.6,21.4844,1.3518,0.5477,3.0986,969328.5757,969328.5757
920807.BJ,20260205,2.9264,0.43,95.9292,2.8708,4.5578,0.6698,271546.84,182102.2879
600172.SH,20260205,14.1653,0.68,,11.0423,7.9597,,1090291.4639,964849.347
920163.BJ,20260205,2.8425,1.53,54.8102,4.2721,2.5784,0.6832,207231.4076,96208.7459
605300.SH,20260205,1.0641,1.13,196.5307,1.8725,2.235,0.5034,536190.3445,536190.3445
920207.BJ,20260205,6.1643,0.48,,9.2902,8.0419,,266904.525,162929.0599
002074.SZ,20260205,1.494,0.71,20.2472,2.3679,1.6961,0.2659,6737618.6681,6448218.477
301419.SZ,20260205,3.8498,0.59,58.311,4.3224,9.896,1.2183,410400.0,145406.772
002693.SZ,20260205,2.8009,1.37,,8.3173,15.0412,,325116.764,322209.5713
600215.SH,20260205,1.9844,0.51,,1.7442,3.2079,0.1984,349972.2861,349972.2861
301287.SZ,20260205,5.8287,1.02,32.1101,2.6385,5.065,1.4844,305415.27,78020.6144
603718.SH,20260205,7.3044,1.92,19.8612,2.2442,13.8132,1.5106,340294.2534,338767.4034
600273.SH,20260205,2.1727,0.51,14.3544,1.4821,1.521,3.571,1492567.4742,1492567.4742
920230.BJ,20260205,2.1401,1.0,187.1802,3.2228,4.4328,0.5879,131436.331,61658.3111
300481.SZ,20260205,4.0015,0.94,32.5595,2.0352,3.5032,2.3866,489149.7141,486166.7458
920765.BJ,20260205,5.9877,3.11,,5.9418,3.286,1.1114,168451.1092,102340.1676
920030.BJ,20260205,1.722,0.71,,2.6042,0.4752,0.2542,118034.1895,73940.5636
603206.SH,20260205,0.7413,0.62,103.3748,2.2521,1.2305,,510904.7799,510904.7799
601077.SH,20260205,0.8863,0.94,6.2711,0.5772,2.6269,4.7726,7461549.0,5806725.2627
300738.SZ,20260205,5.5763,0.56,131.7077,6.1326,8.9508,0.0594,2154586.4402,2153976.3459
603977.SH,20260205,1.2833,0.59,58.773,2.6725,3.9723,0.625,894588.2323,894588.2323
600801.SH,20260205,0.6002,0.34,15.1918,1.615,1.4437,3.3334,4985431.5663,3217390.9623
603335.SH,20260205,2.0306,0.74,,12.0904,2.747,,261596.3506,261596.3506
603759.SH,20260205,4.3579,0.85,20.1002,1.8649,2.1149,,531024.0,531024.0
002004.SZ,20260205,1.6455,0.63,,1.1105,0.9096,3.6633,1077076.0399,1023600.9694
301355.SZ,20260205,4.0588,0.86,367.1804,1.7041,1.4971,0.7524,256943.9712,131970.5487
300244.SZ,20260205,5.7816,0.59,,2.33,1.4352,1.0135,1507450.3996,1209519.2551
920786.BJ,20260205,12.6421,1.04,106.6603,3.0095,1.5307,,225568.187,153429.9749
300896.SZ,20260205,4.5342,1.9,31.7925,6.3035,18.5231,3.2351,4658707.3712,3211475.8117
300687.SZ,20260205,2.4124,0.66,123.7652,3.2393,4.0849,0.3196,895238.2491,721357.4743
603203.SH,20260205,1.1023,0.67,36.9916,6.2788,8.5644,1.7602,916477.6193,900190.9379
600850.SH,20260205,1.3246,0.79,36.9303,3.8545,1.6638,1.5119,1858302.9604,1858302.9604
301348.SZ,20260205,9.6406,0.62,,4.5204,9.2668,0.1784,672720.0,434855.0935
301372.SZ,20260205,2.8477,0.64,,2.4463,7.4208,,193028.5755,115894.8027
688392.SH,20260205,1.7874,0.78,95.7824,8.5919,21.9142,0.4063,1527217.4186,1527217.4186
000676.SZ,20260205,4.5713,0.84,67.9386,2.8108,2.9721,,1200579.1219,1199854.191
300989.SZ,20260205,2.2268,0.7,,3.4618,11.2258,,344075.0,245650.064
920035.BJ,20260205,2.3813,0.62,36.7796,3.9085,4.1625,,222144.0,49973.76
300819.SZ,20260205,7.61,1.19,99.1504,6.8527,10.3614,1.0191,585629.625,528941.8313
001378.SZ,20260205,2.1933,0.82,41.2198,1.7799,2.2134,2.6167,330533.9944,163017.0965
688505.SH,20260205,0.4473,0.6,,3.9475,12.5269,0.3488,891452.006,611092.006
605158.SH,20260205,3.8848,5.22,27.524,1.8232,0.6691,1.6854,450561.02,450561.02
688193.SH,20260205,1.1241,0.8,,2.2912,12.6059,0.4633,209084.5817,209084.5817
300612.SZ,20260205,32.725,2.21,,7.7299,7.4139,,378954.4416,377746.9416
300235.SZ,20260205,2.7984,0.77,633.0196,5.1581,50.2361,0.3137,359745.9414,290278.9018
600360.SH,20260205,1.5497,0.67,47.7919,2.4675,3.7716,0.8477,838337.8004,838337.8004
300161.SZ,20260205,1.3159,0.46,,4.0426,3.9859,0.032,621325.2251,609749.0617
001282.SZ,20260205,1.7739,0.56,33.9836,2.8548,2.7832,0.6862,457924.5216,161097.6528
300779.SZ,20260205,4.6953,1.56,764.1842,14.9788,17.566,0.0955,2040879.5484,1635688.7648
300434.SZ,20260205,1.6894,0.69,33.0271,1.711,4.0854,0.6437,430669.4308,366753.8042
000695.SZ,20260205,3.4534,0.81,,16.8673,5.7844,,289690.1738,277263.955
920112.BJ,20260205,0.6779,0.54,22.2201,3.6843,2.9761,1.3182,321836.05,87933.119
000905.SZ,20260205,7.9322,2.87,47.4794,1.9396,0.4701,0.8359,976221.4297,976219.4557
301332.SZ,20260205,1.5658,1.06,36.0495,1.5719,1.3036,1.5,458331.5625,263043.2175
301278.SZ,20260205,11.0299,1.25,115.2637,2.4287,3.6058,1.3268,345555.7668,198000.3653
920725.BJ,20260205,8.0834,0.57,,5.1017,18.0224,0.2934,308965.875,142433.2244
920068.BJ,20260205,3.4843,0.54,127.3797,9.6339,18.8229,0.5376,1219416.0279,116629.9255
000573.SZ,20260205,4.1347,0.35,42.2568,1.6761,6.3429,1.1574,275737.2209,273440.8018
300521.SZ,20260205,1.9532,0.58,,9.5702,27.1903,0.1131,509231.73,509231.73
600639.SH,20260205,1.2364,1.13,12.8107,0.84,5.7792,2.9769,1216695.576,921656.5861
301149.SZ,20260205,5.7589,0.75,38.7626,2.6015,0.91,1.2325,523310.0219,317915.3449
600835.SH,20260205,1.8505,1.11,31.4494,2.0537,1.4584,1.4947,2873897.4555,2266277.083
000973.SZ,20260205,3.8607,0.94,96.3983,3.9875,5.1468,0.2919,1159940.382,1159940.382
000501.SZ,20260205,1.8368,0.78,36.2986,0.7331,1.3056,2.8211,797445.462,796653.0229
000822.SZ,20260205,4.338,1.01,,1.1755,1.1854,,563907.9134,563907.9134
688588.SH,20260205,0.6489,0.54,58.5111,4.6182,5.3201,1.3581,568814.2243,568814.2243
300812.SZ,20260205,9.1403,0.76,,5.3533,9.6216,,419530.7019,277660.6307
605068.SH,20260205,1.0089,0.54,,2.9421,3.061,,442477.4944,442477.4944
688033.SH,20260205,3.3954,1.04,,1.3657,6.5424,,450321.0754,450321.0754
301667.SZ,20260205,10.0537,0.87,69.5679,6.0768,4.3641,,755779.8528,152242.4985
603280.SH,20260205,5.1572,0.86,50.6711,3.1175,4.242,0.6658,423328.0346,109112.2096
600481.SH,20260205,10.3622,1.36,,4.5365,2.1372,,1873774.608,1873774.608
002845.SZ,20260205,1.5581,0.66,,1.9792,0.4614,0.269,470691.8001,359588.1994
002615.SZ,20260205,8.7769,1.89,25.9172,2.4638,1.2325,2.7651,419174.6911,275132.3073
301030.SZ,20260205,13.2075,4.09,,3.3759,,,283943.812,283554.3111
920223.BJ,20260205,5.1505,1.73,,12.4925,8.0541,,313626.29,162677.9975
002056.SZ,20260205,1.9751,0.77,13.5022,3.0995,1.4096,4.1946,3176968.6805,3173686.7324
600188.SH,20260205,3.2117,2.39,15.2841,2.9701,1.1275,4.6632,15497869.9599,9146518.7137
002459.SZ,20260205,4.7679,1.24,,1.7631,0.7597,,3994792.9356,3990044.3164
688188.SH,20260205,0.4991,0.65,41.7065,7.6029,21.5466,1.4397,4426229.7809,4426229.7809
600416.SH,20260205,1.3347,0.69,74.9604,2.1859,4.3325,,2111844.5915,1896656.6228
300897.SZ,20260205,1.3771,0.8,85.3107,3.7656,6.6731,0.8068,369338.9637,230263.9323
300119.SZ,20260205,1.3435,0.67,21.3326,1.9095,2.3073,1.5302,892329.0355,643127.0803
603937.SH,20260205,1.8495,0.71,,1.7388,1.4634,,268213.4452,268213.4452
600580.SH,20260205,2.1308,0.73,68.1866,6.1992,4.1423,0.2933,6635875.1867,6616822.9067
600682.SH,20260205,1.5983,0.9,43.7815,0.5464,1.4651,0.2215,967150.0669,836959.3377
603298.SH,20260205,0.3901,0.4,16.8293,3.3306,2.0906,2.4744,3705458.2866,3705458.2866
300745.SZ,20260205,2.0612,0.54,,1.9146,1.6557,,430936.5993,363435.0225
603936.SH,20260205,2.8161,0.6,,1.7152,2.1309,,750173.6248,750173.6248
002090.SZ,20260205,3.5134,1.02,59.6699,3.2146,2.8571,0.531,490306.3349,484725.4347
920422.BJ,20260205,3.7767,1.03,54.5328,2.7375,2.2592,1.1424,116177.7982,86950.4182
920640.BJ,20260205,3.0329,0.57,118.5384,9.1678,9.8444,0.2229,842335.536,810362.2284
688615.SH,20260205,2.8655,0.67,77.1256,12.2303,20.2862,0.5826,3433080.0,2370547.7234
603418.SH,20260205,1.8805,0.66,21.6933,2.4788,2.3292,,1093732.7353,228992.9527
301678.SZ,20260205,4.2626,0.52,105.2807,9.3761,18.8577,0.669,1790437.5604,358087.5166
002536.SZ,20260205,6.7618,0.88,46.1676,4.6703,3.616,1.068,1614573.5594,1529267.9148
688273.SH,20260205,3.4333,0.95,43.533,3.3014,10.0932,1.5493,441900.0,162737.585
301001.SZ,20260205,11.2447,0.68,313.1083,3.6416,8.0302,1.0549,284400.0,178816.5
601226.SH,20260205,10.6126,1.36,104.3469,3.0584,1.4558,0.2978,1331908.3602,1331908.3602
688265.SH,20260205,0.8728,0.69,73.5779,2.0946,8.5071,,356527.1449,356527.1449
300112.SZ,20260205,2.9591,0.83,,2.5744,2.449,,258301.0457,211502.7239
603001.SH,20260205,1.8525,0.54,,1.6641,1.8581,1.5198,395767.26,395767.26
603161.SH,20260205,4.5148,1.86,32.9277,2.0333,1.3398,1.0479,303664.8352,297949.5475
688323.SH,20260205,6.1389,0.86,,6.0437,11.9614,,457560.5694,457560.5694
301602.SZ,20260205,0.5704,0.71,67.2012,7.3419,25.9499,0.4572,955603.4224,465162.1413
002742.SZ,20260205,1.9684,2.11,,,3.0782,,291427.4695,223207.0124
920599.BJ,20260205,0.9299,0.51,10.9763,2.8989,1.4534,3.3231,953264.025,718411.7271
688365.SH,20260205,5.2202,0.53,,11.9535,21.3626,,1132693.6594,1132693.6594
603173.SH,20260205,1.0901,0.51,18.6147,3.9162,2.5519,1.0681,741600.0,741600.0
000570.SZ,20260205,1.9494,0.79,252.1955,1.2197,1.6632,0.1684,419181.3492,330081.3492
003021.SZ,20260205,2.4879,0.98,115.1353,8.3525,16.5221,0.2406,2845652.3404,2451133.167
688206.SH,20260205,1.0015,0.77,4886.5418,7.7119,34.2358,0.0836,1556196.0023,1556196.0023
600259.SH,20260205,3.2951,0.65,249.8979,7.4787,3.0778,,2613434.1489,2613434.1489
300647.SZ,20260205,2.3505,0.8,,5.4236,3.9432,,310520.9753,310060.0151
300276.SZ,20260205,1.3672,0.52,245.565,6.0196,7.3731,,1193688.6275,900669.7
300122.SZ,20260205,1.5135,0.77,,1.4233,3.8263,,4174769.3188,2466550.0965
301387.SZ,20260205,3.6235,0.62,148.4209,3.714,3.9702,0.2612,611661.4789,244581.1765
002419.SZ,20260205,2.8778,1.35,326.4189,1.6687,0.5876,1.0274,682607.086,682528.0492
300031.SZ,20260205,1.7404,0.52,52.0675,2.3205,2.8467,0.4442,942598.8104,792131.1589
600893.SH,20260205,2.1809,1.1,549.8689,3.3455,2.9691,0.1942,13311977.6246,13309633.0415
688029.SH,20260205,0.6739,0.69,24.8867,3.7367,4.8713,1.8425,1521564.1182,1521564.1182
301116.SZ,20260205,1.2922,0.76,,3.5008,0.2696,0.6087,516326.532,516323.9445
300885.SZ,20260205,3.7676,0.68,98.3038,7.6156,23.6754,0.4481,669513.5564,450613.957
688199.SH,20260205,2.2959,0.67,,1.6429,2.8858,,421770.4886,421770.4886
603087.SH,20260205,1.4517,1.03,42.6491,3.4994,10.262,1.5134,3948185.8451,3687445.2138
600579.SH,20260205,1.5058,0.79,,2.7335,1.244,,448189.4892,448189.4892
603559.SH,20260205,1.5609,0.56,,2.7619,6.2764,,262836.4212,262836.4212
002658.SZ,20260205,10.4212,1.5,31.3835,2.513,4.4323,2.3912,652926.4689,368242.6595
603867.SH,20260205,2.8504,0.81,28.1498,2.2258,2.1934,1.3135,652242.7423,646844.5423
688658.SH,20260205,2.8643,1.26,,2.8918,3.8922,,991800.0,991800.0
601279.SH,20260205,0.6657,0.76,,1.7056,1.6482,0.2203,719946.8372,719946.8372
600908.SH,20260205,1.4979,1.63,5.6503,0.5929,2.6926,5.5276,1310224.9719,1193589.661
001335.SZ,20260205,5.3928,0.64,49.0227,5.2484,3.6373,0.2788,504318.8328,126079.7082
301252.SZ,20260205,4.5279,0.77,45.8973,4.0317,4.3394,0.5516,525783.4421,146900.3271
300180.SZ,20260205,1.2071,0.67,268.7214,2.4235,2.7956,0.077,1142928.0406,1111500.7913
688586.SH,20260205,3.5603,1.19,419.3684,5.2984,13.9293,0.5448,1307292.2857,1307292.2857
600436.SH,20260205,1.4379,1.46,42.4974,7.1053,10.5144,1.8892,10282938.5272,10282938.5272
601788.SH,20260205,0.5635,0.76,20.9582,1.213,7.1942,1.2867,7815285.0481,6621854.5321
688795.SH,20260205,4.3493,0.68,,21.8225,265.9406,,25126768.4244,1570723.5908
300509.SZ,20260205,2.9746,0.46,43.6167,6.8875,3.5612,1.0453,425334.0,354593.5555
600707.SH,20260205,1.0011,0.67,62.9981,1.1285,2.1753,,2458046.9664,2457553.7664
920087.BJ,20260205,10.265,0.75,117.347,5.6614,7.7958,0.8418,294386.4,292330.1948
600153.SH,20260205,0.7735,0.75,13.8127,0.505,0.0403,3.1435,2812552.3945,2812552.3945
603839.SH,20260205,1.2273,1.09,,1.7456,1.4333,1.2177,316285.0485,316285.0485
002698.SZ,20260205,1.0551,0.79,33.2689,4.1379,5.7823,1.5567,1642233.7835,1349905.3594
300671.SZ,20260205,11.8233,1.2,,6.9323,14.8071,,1151209.592,1147865.0196
000678.SZ,20260205,2.4314,0.91,,7.7239,4.0017,,615879.808,615879.808
002321.SZ,20260205,1.9193,0.51,,5.4636,1.0655,,507627.8369,505562.476
002872.SZ,20260205,2.1007,1.58,,0.8041,3.0558,,157728.0,106599.3945
688696.SH,20260205,2.9994,1.48,27.8915,2.3188,1.9412,,669741.3,669741.3
301190.SZ,20260205,1.1848,0.41,69.8918,2.4972,7.7442,0.6308,488298.0375,362530.35
002156.SZ,20260205,5.6477,0.78,73.4805,4.7706,2.6905,0.0943,7241972.4641,7241282.0034
920190.BJ,20260205,1.4133,0.7,111.0343,3.0252,0.8026,0.4622,259600.0026,258154.1604
000062.SZ,20260205,0.9285,0.48,82.8787,3.8263,1.0934,2.378,2550972.8364,2548581.831
300556.SZ,20260205,6.0834,0.98,,5.6344,4.6322,,249936.8114,220011.3984
600189.SH,20260205,1.8497,0.69,643.1576,4.8899,4.5753,,604342.1511,604342.1511
688136.SH,20260205,1.1386,0.7,48.6291,3.5626,4.027,0.2584,610614.4965,610614.4965
601121.SH,20260205,5.9692,0.6,73.9647,1.9684,4.5324,0.4845,619200.0,294120.0
600995.SH,20260205,0.9161,0.97,28.2128,1.9058,6.1265,0.8867,4273059.7613,4273059.7613
300233.SZ,20260205,1.0973,0.61,75.4302,1.5975,2.0899,2.6021,583105.4977,564618.8514
688579.SH,20260205,0.7664,0.53,73.0149,3.4138,8.5339,0.5523,470811.77,470811.77
300701.SZ,20260205,1.6651,0.65,55.4731,3.6393,8.0686,0.7981,354267.1041,312149.6442
300847.SZ,20260205,2.2931,1.19,46.0379,3.6159,4.464,0.7606,529265.88,529265.88
002153.SZ,20260205,5.7044,1.28,,5.2663,12.8122,0.0745,3665307.3285,2148482.7888
002410.SZ,20260205,2.2276,0.66,64.0762,3.7507,3.6552,1.1014,2231776.806,2145497.5377
002929.SZ,20260205,2.8524,0.51,,2.0141,1.283,0.2901,1272976.2994,943522.6894
002489.SZ,20260205,1.6048,0.87,12.585,1.7532,1.4046,1.0554,822057.1826,725037.9637
002283.SZ,20260205,9.1748,1.09,27.1405,1.55,2.4881,3.006,933215.4288,821888.1454
600255.SH,20260205,2.7256,0.42,159.9499,4.6524,1.4951,,673692.8142,673692.8142
300499.SZ,20260205,5.6496,0.75,5333.0742,6.0175,9.0806,,833023.3312,740660.5226
688026.SH,20260205,1.2818,0.88,32.435,2.3237,4.5455,0.3905,257287.8444,257205.6857
301181.SZ,20260205,1.7343,0.64,39.2478,3.3768,8.7728,1.6718,483770.054,377588.7807
920679.BJ,20260205,0.6016,0.43,61.4443,2.33,9.1534,1.7308,116168.0,77324.0
300943.SZ,20260205,15.5327,0.92,117.5777,6.5354,12.7484,0.378,647128.5,426530.4112
688179.SH,20260205,1.3811,0.42,64.3401,5.4464,9.0028,0.9405,540153.729,540153.729
300858.SZ,20260205,1.4638,0.47,49.0422,2.6692,13.8694,0.8108,487465.9683,362119.2812
002605.SZ,20260205,1.7488,0.54,21.1688,2.9045,4.1279,1.947,1069187.4483,863354.7366
300887.SZ,20260205,2.9807,0.63,,2.2154,4.7084,,635783.8531,421959.7613
600076.SH,20260205,2.2755,0.47,,1.337,13.1941,,509581.9361,509581.9361
300277.SZ,20260205,6.508,0.71,707.0982,12.8148,28.2591,0.1069,627019.5,626312.5589
002204.SZ,20260205,2.759,1.07,24.0864,1.8426,0.945,0.6698,1427282.4536,1427282.4536
300366.SZ,20260205,1.9344,0.86,,2.4913,2.7896,,408291.1728,356497.6733
601390.SH,20260205,1.5051,0.46,5.5428,0.4387,0.1236,4.6758,13750225.6145,11406709.3845
603225.SH,20260205,1.1625,1.01,24.9987,1.7322,0.4406,1.0998,3059163.3212,3041249.225
300551.SZ,20260205,2.4274,0.7,,13.2696,30.5438,,580827.329,579136.4415
000890.SZ,20260205,4.865,1.39,,,9.0522,,224015.1189,224008.2186
920433.BJ,20260205,0.7007,0.57,,3.5904,9.9869,1.0135,151504.4512,100235.3064
003015.SZ,20260205,2.3161,0.81,52.0919,4.2091,7.1645,1.2044,458700.8005,403759.5613
301082.SZ,20260205,2.5651,0.74,,4.0681,1.78,0.5376,420935.0636,389170.6105
603307.SH,20260205,3.4882,0.77,23.7582,2.0494,3.2804,2.3678,286672.247,71587.0
920729.BJ,20260205,5.2211,0.57,61.508,3.8482,10.259,1.3934,255035.55,71677.7633
688028.SH,20260205,4.1323,0.81,137.6248,6.6007,17.9001,0.3967,1294689.573,1294689.573
002319.SZ,20260205,3.5991,0.55,,17.8953,8.1725,,325101.3355,310400.0
603032.SH,20260205,1.6973,0.8,,3.8496,7.9995,0.2988,437606.5103,434136.537
600549.SH,20260205,2.952,0.57,37.8932,5.0919,1.8845,1.095,8757123.4162,8571488.8017
600917.SH,20260205,0.4776,0.6,34.6131,1.5656,0.8606,1.4336,892914.7427,892914.7427
000683.SZ,20260205,1.1035,0.54,28.1732,2.072,2.6071,3.7056,3010633.5636,2712699.7386
600874.SH,20260205,0.8791,0.67,11.9171,0.9812,2.0285,2.6941,990933.8116,776393.8116
688372.SH,20260205,3.3881,0.7,66.3811,6.2883,12.5668,0.2177,1783280.1777,1783280.1777
300825.SZ,20260205,1.1313,0.5,,2.3729,4.5919,,500530.6834,486832.251
600067.SH,20260205,2.6467,0.97,,1.0514,0.559,5.0715,591459.2141,591459.2141
002039.SZ,20260205,1.2021,0.69,16.5284,1.6958,2.7944,0.9286,736682.6511,736680.5835
920273.BJ,20260205,2.9245,1.01,38.7775,5.1914,4.5014,1.0906,337368.7972,224553.1432
600800.SH,20260205,3.5129,0.78,,4.1754,1.1771,,496190.2116,496049.4066
600716.SH,20260205,1.0517,0.85,,0.8113,3.6059,,408122.4172,408122.4172
002701.SZ,20260205,0.9649,0.79,13.3356,1.5069,0.6968,2.0833,1474422.0301,1473065.7183
300979.SZ,20260205,0.3926,1.46,17.3525,3.8221,2.366,6.4655,5956368.0,5956315.9392
600489.SH,20260205,3.6501,0.96,32.8002,4.9676,1.9736,1.2968,14503159.1915,14503159.1915
920014.BJ,20260205,10.7757,0.89,38.4433,2.1095,2.716,1.5096,162435.0384,89374.0482
003027.SZ,20260205,2.7536,0.95,36.4517,1.7406,3.3743,1.2902,297133.8336,238348.9803
600377.SH,20260205,0.205,0.55,13.2206,1.5307,2.7875,4.0033,6166202.94,4653871.9932
603163.SH,20260205,3.2631,0.6,75.5169,9.2244,3.8346,0.8766,1026700.0,1026700.0
000739.SZ,20260205,0.67,0.73,25.2731,3.3576,2.0751,3.7305,2177873.9229,2177055.8014
002314.SZ,20260205,4.6925,0.78,,0.7963,0.482,,731101.2785,361334.8613
301353.SZ,20260205,3.0602,0.76,41.9869,2.2406,3.1465,1.2742,290125.5908,94209.0908
600744.SH,20260205,2.2704,0.77,61.08,9.0212,1.5019,,1283670.5412,1283670.5412
002276.SZ,20260205,3.8652,0.96,34.0836,2.7874,0.9006,0.2987,1697595.6738,1691182.1877
688352.SH,20260205,3.3929,0.6,61.9199,2.8012,7.8369,0.7101,1668219.3151,513331.2156
605077.SH,20260205,1.0035,1.02,19.5687,1.6249,1.3358,4.337,489122.5919,483279.1049
002517.SZ,20260205,1.8714,0.51,24.5837,4.6492,9.0194,0.4498,4749313.3092,4199348.4755
301220.SZ,20260205,1.3321,0.53,31.608,2.3707,4.1939,0.3845,415786.0871,286977.7556
301212.SZ,20260205,0.8608,0.57,198.5408,2.3916,4.5171,0.4042,320652.0,278343.75
300042.SZ,20260205,8.6928,0.58,,6.7254,6.5008,,673744.8,673682.7711
688450.SH,20260205,1.4717,0.72,,2.0807,9.0522,,199650.0,148015.2828
601136.SH,20260205,0.4388,1.22,47.8101,3.6886,19.2518,1.0732,4966467.5146,4966467.5146
002773.SZ,20260205,1.2025,0.96,21.3674,2.9148,5.7271,2.0685,2671830.7666,1991818.6841
600329.SH,20260205,1.62,1.83,9.8843,3.9251,6.5906,2.7875,3536273.2828,2604074.3228
920541.BJ,20260205,0.8884,0.75,27.9347,4.2907,5.9162,1.1103,184681.7,121669.2821
600336.SH,20260205,1.0864,0.53,,2.6015,0.8861,0.1267,629633.6527,629633.6527
603150.SH,20260205,3.7957,0.7,34.1801,2.5023,1.0923,0.6501,420747.326,420747.326
920547.BJ,20260205,2.9617,1.36,37.424,2.8387,5.2134,0.7871,197405.208,95842.4544
601199.SH,20260205,0.6028,0.85,13.6867,1.2283,3.593,2.3569,555514.9134,555514.9134
600936.SH,20260205,1.5517,1.21,,7.3264,2.0084,,715199.2303,715199.2303
301629.SZ,20260205,12.475,0.83,235.705,10.5541,28.3915,0.3251,1229786.2193,307443.6224
003004.SZ,20260205,1.0068,0.54,,3.3428,6.4156,,214724.729,180308.2804
600161.SH,20260205,0.5229,0.99,25.0152,2.8721,5.1254,1.5015,3292323.4576,3292323.4576
002185.SZ,20260205,6.0924,0.52,56.5333,2.5875,2.7793,0.41,4533104.3779,4532072.4284
002142.SZ,20260205,0.8124,1.34,7.3233,0.9655,2.9849,3.6889,21481480.8464,21469433.6016
002323.SZ,20260205,3.8172,1.1,,10.7357,10.2962,,375391.3601,375307.6005
920405.BJ,20260205,1.4759,0.68,67.0662,4.5495,6.1893,0.5264,365517.56,286869.1471
600409.SH,20260205,1.9666,0.45,67.2411,1.0928,0.7813,0.9918,1519361.1937,1519361.1937
688260.SH,20260205,1.8522,0.51,,28.4054,6.4081,,350160.0,350160.0
300761.SZ,20260205,1.1529,0.67,25.6764,1.843,0.8967,2.9937,1661980.2374,1246612.0181
300385.SZ,20260205,10.4654,1.28,,52.1504,9.1874,,429758.2523,374954.7966
601609.SH,20260205,2.2263,0.54,25.1617,1.9303,0.1546,0.8331,1918788.3942,1918788.3942
002177.SZ,20260205,7.0695,1.0,601.348,3.5416,100.5072,0.0883,603624.6961,535210.7377
605268.SH,20260205,0.7634,0.87,28.2569,2.9845,1.4897,1.7825,500751.405,491095.1925
002486.SZ,20260205,4.7692,1.16,48.6141,2.4262,2.167,,262946.3089,261728.9331
300589.SZ,20260205,11.932,1.02,,8.8286,6.967,0.0544,694153.7766,425693.5079
301331.SZ,20260205,1.0964,0.84,57.7702,2.8698,3.3844,1.7901,300752.9857,300179.8731
600550.SH,20260205,7.7688,0.95,175.2188,35.3306,4.557,,2765975.777,2765975.777
300270.SZ,20260205,2.1316,0.53,,6.0223,23.3922,,339445.5574,292502.808
000798.SZ,20260205,12.5784,1.24,,10.4882,0.9234,,429518.1279,429491.7129
301282.SZ,20260205,3.8337,0.76,49.1554,2.4653,2.1939,0.8975,416390.6118,219342.6806
603712.SH,20260205,1.3382,0.63,,3.6344,8.7347,,1516980.0,1516980.0
688079.SH,20260205,1.7864,1.0,,4.0096,8.9299,,531306.8835,522048.5149
601686.SH,20260205,1.8866,1.86,11.1335,1.4402,0.1743,6.9296,919443.5919,919443.5919
002860.SZ,20260205,7.7012,0.94,29.7938,2.3012,2.2686,0.6808,522662.2857,508030.708
000751.SZ,20260205,10.7924,0.79,130.9854,2.4876,0.5035,,896674.9802,782477.1723
002580.SZ,20260205,2.4608,1.23,28.9275,2.475,1.7127,0.3152,575959.7521,574017.9372
605258.SH,20260205,1.7261,0.82,42.0894,2.4465,3.0301,2.1091,292072.0,292072.0
000028.SZ,20260205,0.8037,0.68,27.6058,0.8,0.2019,1.3817,1474340.889,1266364.2831
301004.SZ,20260205,1.0685,2.11,13.2757,4.6994,2.8204,6.0313,756005.344,704558.5452
688268.SH,20260205,1.7547,0.78,43.2684,4.0244,5.3617,0.9695,740257.6497,739757.9607
600742.SH,20260205,0.6921,0.63,14.3633,0.8588,0.3636,6.9286,718536.97,718536.97
300642.SZ,20260205,1.8284,0.59,189.9421,2.0554,8.0951,0.7992,302331.9163,256134.9568
688591.SH,20260205,2.4088,0.49,58.9914,4.1182,9.9651,0.4755,1019548.875,713332.2027
600399.SH,20260205,3.2044,0.65,,2.2444,1.6577,0.273,1293697.6,1293697.6
600015.SH,20260205,0.4821,0.93,3.8575,0.3411,1.1521,6.155,10472022.9319,10124793.3808
920274.BJ,20260205,1.8264,0.43,95.9411,4.5589,3.5126,0.3617,222284.0018,222284.0018
688289.SH,20260205,1.083,0.66,42.682,1.625,6.9404,2.6609,1158776.012,1158776.012
300823.SZ,20260205,3.878,0.78,72.5906,2.4801,5.6877,1.8304,233280.2368,151009.9677
600586.SH,20260205,10.0456,1.16,,1.726,1.9546,0.2211,948198.9213,948198.9213
603212.SH,20260205,13.0643,0.88,,2.9018,2.7102,,741546.628,741546.628
920099.BJ,20260205,1.9867,0.63,27.6297,3.0101,3.8098,0.597,262639.9933,163647.1148
002394.SZ,20260205,1.6876,0.78,13.7192,1.0616,1.2896,0.7052,459006.6,458418.9893
002723.SZ,20260205,2.9257,0.51,,3.1483,2.6801,,296456.0894,282865.4052
300050.SZ,20260205,3.145,0.95,,7.815,12.2908,,320369.8702,320174.3196
603819.SH,20260205,1.7755,0.85,102.5556,3.3642,1.8336,0.1613,269985.4319,269985.4319
920656.BJ,20260205,1.7459,0.78,26.1027,2.5414,8.1165,1.1527,173500.0,56172.8475
000612.SZ,20260205,3.8915,0.51,16.0952,2.2243,2.3367,0.9962,1555820.2092,1554803.2879
301101.SZ,20260205,0.9468,0.68,42.9848,4.7251,9.9816,1.2362,811892.2509,769203.9887
605337.SH,20260205,3.1372,0.41,23.6811,3.439,3.8346,5.625,507913.1594,507913.1594
300239.SZ,20260205,1.9434,1.04,53.5617,2.1573,4.6528,0.3993,365068.8788,362703.4965
601333.SH,20260205,0.8484,0.67,17.0151,0.7892,0.7861,2.2293,2224230.618,1774802.418
688678.SH,20260205,3.2046,0.54,255.4497,2.8313,3.374,0.4364,594096.0851,594096.0851
301391.SZ,20260205,0.5667,0.48,323.7322,3.2798,10.8653,0.1624,680781.1208,665167.2173
300583.SZ,20260205,1.4066,0.83,,1.5886,2.9387,0.1352,280569.4444,275314.2616
300636.SZ,20260205,1.6583,0.91,36.4355,1.4494,4.1731,0.4878,344360.2259,301233.3009
002952.SZ,20260205,9.6037,0.78,317.4713,4.5164,4.5255,0.2067,392772.6,314631.6265
000411.SZ,20260205,1.6658,0.62,14.0381,1.3599,0.2064,2.8897,692120.1319,450544.8472
603238.SH,20260205,1.5328,1.06,27.0475,2.283,1.2202,1.6164,329456.704,329456.704
603386.SH,20260205,2.2846,0.83,,3.435,1.8619,,467620.2285,467620.2285
300456.SZ,20260205,9.1787,0.92,24.9038,5.5772,35.7481,,3794328.4604,3095981.1222
000657.SZ,20260205,4.5259,0.62,65.5826,10.49,5.9969,0.3521,10356256.998,6603545.6794
603395.SH,20260205,5.4295,0.61,294.6864,5.721,2.4247,0.3749,800280.0,200070.0
688027.SH,20260205,3.6594,0.74,,21.4159,200.4015,,6881503.8279,5377125.7274
603429.SH,20260205,4.839,2.15,,4.6288,31.8044,,571164.6714,571164.6714
300917.SZ,20260205,7.5992,0.97,55.3372,6.2173,2.4786,0.5845,722813.0,722813.0
301266.SZ,20260205,5.7537,0.55,111.813,2.7871,1.6427,0.2187,502496.0065,476691.382
688399.SH,20260205,1.4639,0.65,,1.9911,17.4285,4.8261,590876.2744,590876.2744
603737.SH,20260205,0.9745,0.9,62.9996,14.5564,3.3931,1.2827,4190803.2466,4190803.2466
601158.SH,20260205,0.2025,0.67,26.2055,1.2772,2.9405,3.443,2188810.5231,2188810.5231
603897.SH,20260205,1.2247,0.53,20.4976,2.2346,0.4159,6.9151,537352.0776,537352.0776
600539.SH,20260205,1.7114,0.77,,7.8873,5.1099,,250700.0,250700.0
001299.SZ,20260205,2.6938,0.73,32.5324,2.725,4.3448,5.6715,321981.4302,289818.0195
002406.SZ,20260205,2.173,0.8,46.171,1.467,4.2112,1.861,588561.4161,485383.5958
002376.SZ,20260205,1.4679,0.73,90.2506,1.6793,2.3906,2.4947,636291.5947,613328.1169
300661.SZ,20260205,2.3614,0.56,77.7287,8.8511,11.7258,0.2189,4341775.2926,4164068.9397
002515.SZ,20260205,1.7136,0.93,132.3365,2.7545,23.365,0.5051,719104.8134,719096.2064
002906.SZ,20260205,1.2364,0.8,21.8803,2.4161,1.3518,1.5394,1636697.5698,1636106.8398
600939.SH,20260205,0.5907,0.69,,0.8036,0.2361,,603084.5572,603084.5572
603103.SH,20260205,4.6114,1.69,217.6854,15.6268,8.9214,0.4422,2007877.2,2007877.2
301048.SZ,20260205,0.7196,1.01,29.0889,2.2386,1.888,0.5397,613866.7434,613866.7434
603686.SH,20260205,10.9786,1.78,73.3603,3.0994,2.169,0.6243,1051454.3525,1051454.3525
603879.SH,20260205,2.9024,0.92,,8.871,6.7212,,227465.0305,227465.0305
300196.SZ,20260205,3.9272,0.85,20.2391,1.4316,2.1401,1.8138,667434.6716,403227.8522
002768.SZ,20260205,2.6731,1.25,18.6943,2.4351,0.7578,0.529,1557763.75,913964.5544
301566.SZ,20260205,8.8767,1.8,58.2337,6.1469,24.7133,0.4071,884422.11,458784.2865
688306.SH,20260205,0.6503,0.65,4848.7117,7.0418,4.904,,1273729.2636,1273729.2636
002135.SZ,20260205,4.9429,1.13,87.7911,1.0869,0.7726,1.1401,684928.2172,640934.8605
003013.SZ,20260205,0.5569,0.83,11.3514,2.1108,2.2261,3.1851,615348.6353,602720.2616
000526.SZ,20260205,1.4685,1.18,19.8962,4.69,1.4839,,467702.9363,458485.4036
600353.SH,20260205,3.7632,0.8,119.7096,7.8583,8.91,0.339,1469057.943,1466995.7514
600750.SH,20260205,1.0707,0.97,17.8548,4.0218,3.8342,4.7099,1617860.9804,1601890.31
002921.SZ,20260205,4.3968,0.87,,2.6326,3.1114,,348441.1271,300565.3126
002328.SZ,20260205,5.4124,1.29,36.0947,1.6207,1.2771,2.0344,538695.46,398412.7434
002024.SZ,20260205,0.2522,0.68,168.3986,1.1335,0.2508,,1426774.2132,1425183.963
603806.SH,20260205,3.1859,0.95,65.8261,3.0524,3.0786,1.3964,4852254.8953,4852254.8953
000563.SZ,20260205,1.2997,0.99,12.8681,0.9659,6.3218,2.2099,1851257.2696,1851257.2696
600078.SH,20260205,2.9052,0.48,,4.4839,2.1753,,778334.7902,761958.7902
603210.SH,20260205,1.6518,0.69,32.9201,3.6416,3.2858,,665141.6,147313.4239
301080.SZ,20260205,2.9443,0.88,47.9755,3.1367,10.4323,0.5773,828867.0118,624699.7896
603663.SH,20260205,2.1186,0.65,215.1252,12.4953,15.5559,0.1922,1652138.9243,1650265.4843
600815.SH,20260205,2.8397,1.47,,3.7522,10.3113,,569484.3281,569484.3281
002050.SZ,20260205,2.497,0.6,52.1789,6.7729,6.7098,0.7379,21077941.8004,18454145.4428
300788.SZ,20260205,1.2972,0.71,37.8027,2.528,3.2788,1.6094,564749.9996,564749.9996
603788.SH,20260205,0.7826,0.7,18.8332,1.7673,2.3894,4.2761,365157.5163,365157.5163
605259.SH,20260205,0.6634,0.51,15.2813,2.1089,1.4803,2.7347,378421.12,378421.12
002117.SZ,20260205,1.3252,0.73,30.3716,4.3208,4.8037,1.8041,609611.1916,609417.6475
920925.BJ,20260205,2.0909,0.71,81.5541,5.996,8.139,0.1294,223407.199,125464.4753
603703.SH,20260205,2.2225,0.57,,7.3481,6.7477,,607948.8058,607948.8058
605151.SH,20260205,9.0107,1.27,,2.0261,1.48,0.3899,276105.2635,276105.2635
300281.SZ,20260205,1.2369,0.44,1860.1313,2.5735,7.3811,0.5188,322990.0802,306338.2782
300677.SZ,20260205,1.2263,0.61,15.7555,1.4767,2.7232,0.3597,2682240.3638,1906153.1109
300058.SZ,20260205,18.1167,0.72,,8.6571,1.0332,,6868093.2073,6657296.9271
002032.SZ,20260205,0.4202,1.1,16.7247,6.5746,1.5966,6.1466,3642179.9865,3639866.1906
002614.SZ,20260205,3.1435,0.48,63.9798,1.0148,0.8556,1.4225,438308.2847,310029.5245
002816.SZ,20260205,2.1578,0.51,,10.8049,13.3576,,250000.0,250000.0
000713.SZ,20260205,2.8697,0.42,108.6474,1.8269,1.9962,0.2253,545183.9007,419372.2313
600420.SH,20260205,0.6208,0.89,15.1531,1.0384,1.5284,2.8116,1431031.2624,1431031.2624
301286.SZ,20260205,2.6481,0.94,116.0755,12.2342,21.4824,0.1358,2336984.1,942032.9637
600423.SH,20260205,1.9757,0.39,503.1074,5.5148,20.7929,,308296.28,308296.28
600491.SH,20260205,1.807,0.59,,0.5036,0.8065,,494111.8195,494111.8195
300746.SZ,20260205,1.2538,0.72,,3.9797,2.5715,,306101.1728,303127.6302
688282.SH,20260205,2.1987,1.5,245.472,5.072,27.3843,,648560.0,648560.0
601133.SH,20260205,14.9392,0.64,50.332,3.2082,2.0048,1.1797,938816.7579,265609.6308
301033.SZ,20260205,1.8046,0.5,46.781,6.2637,14.1574,0.8328,476722.7982,401495.4432
002278.SZ,20260205,21.6944,1.91,115.0118,3.9411,6.8139,0.3305,548393.3071,469599.3054
301128.SZ,20260205,2.865,0.71,76.9952,11.6036,6.0274,0.4293,1032550.7571,880725.3956
300869.SZ,20260205,1.0136,0.67,,3.5911,12.7288,1.6108,623598.5617,393216.6041
601633.SH,20260205,0.3381,1.15,18.2692,2.1034,0.8128,2.1269,18108457.6598,13138758.9074
603922.SH,20260205,4.3754,1.31,188.1725,3.5738,5.318,,371481.6,371481.6
600789.SH,20260205,2.3839,0.45,51.1095,1.8755,1.5584,1.0433,964710.1651,829472.0703
600916.SH,20260205,11.7757,0.88,46.0278,2.6072,0.3146,3.1334,1876560.0,1876560.0
003016.SZ,20260205,2.5231,1.51,,1.4462,2.685,,387300.4047,378423.0975
605189.SH,20260205,0.9781,0.64,64.9405,1.6794,0.9098,0.8953,296938.7326,296938.7326
301421.SZ,20260205,4.3469,0.47,336.5558,8.9953,22.1782,0.1616,1073863.04,429742.7408
300213.SZ,20260205,2.3683,0.68,241.6438,2.4961,5.5741,0.5423,548004.2165,509148.5623
001285.SZ,20260205,4.72,0.87,32.0726,2.8786,4.6557,,1063051.2856,239677.4169
002491.SZ,20260205,17.4825,0.79,2947.3957,4.4474,3.4576,,1103305.0665,1055292.5773
688234.SH,20260205,2.4488,1.1,1221.9632,6.1298,28.3631,,4535060.3348,4021235.9498
301255.SZ,20260205,2.2867,0.63,103.2364,4.0728,9.8908,0.5084,428019.2,107004.8
002766.SZ,20260205,4.6241,1.4,309.9884,4.3536,5.055,,500860.8119,496042.9607
002115.SZ,20260205,10.3683,0.49,,5.8762,1.2592,,1218919.972,1130549.8846
300904.SZ,20260205,3.5105,0.65,,6.5944,6.6224,,434588.9249,131987.3249
301205.SZ,20260205,15.5058,0.83,227.7887,16.1558,23.3996,0.1013,2562444.0,1342176.03
600386.SH,20260205,1.2028,0.81,4575.1227,2.1045,0.9132,0.2146,375782.4,375782.4
605116.SH,20260205,0.7602,0.76,26.2345,4.416,6.8561,1.0541,1113754.4276,1113754.4276
002651.SZ,20260205,1.4383,0.74,130.4541,4.008,15.7532,0.5515,1124404.48,615224.4414
300971.SZ,20260205,2.7588,0.6,40.167,2.8118,5.8132,0.7089,296234.4,231905.4325
300808.SZ,20260205,3.3324,0.62,,5.2162,14.8752,,505760.0,375841.5661
603809.SH,20260205,1.1619,0.62,34.5106,3.2499,4.6256,1.0802,1187172.561,1187172.561
603010.SH,20260205,1.9551,0.5,198.6038,1.9052,2.0717,0.6653,688627.7966,688627.7966
600107.SH,20260205,1.6361,0.7,,4.8262,9.0202,,220320.0,220320.0
603279.SH,20260205,1.319,0.4,17.1339,2.3919,1.884,4.8943,1059949.947,1059949.947
002737.SZ,20260205,0.4193,0.64,,2.0434,3.9545,3.5261,828112.0,828112.0
002193.SZ,20260205,8.1529,1.01,,3.3737,5.426,,184771.1783,184770.1193
603393.SH,20260205,1.339,0.38,10.9462,1.3627,3.2376,,1224708.7137,1222686.4253
301009.SZ,20260205,2.9532,1.6,98.1553,2.7298,3.2533,0.5123,364020.54,202235.9025
002313.SZ,20260205,1.0025,0.51,,273.1167,1.3676,,365414.4,365388.7068
002385.SZ,20260205,5.9318,0.59,37.0171,2.0232,0.5915,0.7392,1737231.7403,1423727.4663
300652.SZ,20260205,1.3535,0.54,40.87,4.4523,6.534,0.2285,673622.3886,604575.5314
603609.SH,20260205,0.4999,0.74,36.8889,1.0427,0.1839,0.7461,673043.7296,673043.7296
002238.SZ,20260205,10.2602,3.44,,3.5538,5.8184,0.5319,754405.6104,754405.6104
605183.SH,20260205,0.61,0.81,15.6545,2.4141,3.9479,1.419,875018.1371,867751.5523
001400.SZ,20260205,21.2283,1.01,57.2164,5.1619,6.2037,0.756,634920.0,158730.0
688038.SH,20260205,4.9206,1.79,,4.3179,11.3203,,255439.613,255439.613
603128.SH,20260205,0.7858,0.84,20.8376,1.2829,0.4621,2.9293,777573.6174,777573.6174
688163.SH,20260205,2.5839,2.39,62.195,2.5182,14.3991,1.2223,283319.96,283319.96
300920.SZ,20260205,2.2927,1.06,117.9655,3.4777,9.3352,0.2425,412300.0,228337.1453
600536.SH,20260205,1.2797,0.65,,11.9432,7.6881,,4209509.9207,3803200.7747
600268.SH,20260205,4.0086,0.95,28.4023,3.6938,1.2938,1.122,1267806.7309,1261517.5535
300588.SZ,20260205,2.4298,0.83,,17.9576,27.0411,,492080.5471,454432.6171
600009.SH,20260205,0.8948,0.93,32.8503,1.8721,6.0298,1.6325,7773489.937,6392577.2049
920419.BJ,20260205,1.0105,0.9,24.3282,2.6566,1.9507,0.6447,160228.2264,149854.9817
603028.SH,20260205,2.8935,0.68,,5.4424,1.5333,,278715.84,275948.49
688691.SH,20260205,5.5997,0.56,,12.2076,22.0292,0.1332,1531200.0,911893.5276
603112.SH,20260205,0.8698,0.44,17.5847,2.2388,2.3391,1.9104,940977.1207,880056.165
002421.SZ,20260205,1.7662,0.68,,2.0418,2.428,0.1748,606486.3488,573914.0564
600736.SH,20260205,3.2239,1.02,47.0211,1.0841,1.4701,0.256,809358.9136,809358.9136
002104.SZ,20260205,2.8271,0.88,313.3578,5.986,15.3606,0.4447,1282093.8687,1085455.1972
002415.SZ,20260205,1.0197,1.39,20.9933,3.5741,3.2195,3.3896,29785832.5375,29400909.2065
300016.SZ,20260205,8.429,0.82,172.3926,2.6068,5.1165,0.4268,576382.1189,575605.4405
002516.SZ,20260205,0.9012,0.77,53.5023,2.5901,4.2369,1.2177,966341.0141,959839.9991
002335.SZ,20260205,4.2551,0.62,68.7286,4.5825,3.5909,0.1779,2897657.7385,2556169.6046
301539.SZ,20260205,2.4358,0.78,50.9541,3.8182,2.9416,0.4753,311392.0,157930.0251
603811.SH,20260205,1.0231,0.63,16.7447,2.867,4.7925,2.0954,379018.4026,379018.4026
301268.SZ,20260205,1.1213,0.9,,4.7423,2.6227,,797190.1881,686293.2601
002586.SZ,20260205,0.8734,0.53,,1.8162,2.2395,,541217.8167,514396.0154
301165.SZ,20260205,0.8368,0.83,69.3344,11.7782,4.1732,0.5892,5843409.0876,5843409.0876
000850.SZ,20260205,1.7365,0.81,18.5909,1.2516,1.6919,1.6028,569973.6654,569811.7149
300241.SZ,20260205,3.9523,0.71,111.561,1.905,2.4228,0.3224,425760.419,356518.9591
688378.SH,20260205,3.0562,0.98,455.2811,5.6145,20.4145,0.5499,935046.493,903843.1018
603193.SH,20260205,3.6834,1.78,32.068,4.5068,6.4493,1.7769,979115.8199,250073.8799
920000.BJ,20260205,1.0787,0.84,25.599,2.6353,3.8595,0.8034,171166.56,107527.858
301383.SZ,20260205,1.1304,0.46,159.1421,2.7395,2.6938,1.1844,550067.4108,237899.4083
300221.SZ,20260205,4.9391,0.63,56.2095,3.7958,2.4144,,545291.6424,525423.2611
002426.SZ,20260205,5.6365,0.74,,5.9795,4.3045,,1442713.3884,1442702.3538
603919.SH,20260205,6.4068,1.03,31.9581,3.5618,4.0379,2.0516,1210829.6128,1210829.6128
300778.SZ,20260205,4.5682,1.08,,2.3881,21.3439,,295102.8213,295044.6352
600027.SH,20260205,0.7051,0.72,8.0977,1.1871,0.4558,4.3272,5654934.0276,4144529.5086
300353.SZ,20260205,6.6469,1.92,361.3622,7.3866,15.2472,,1467749.3069,1282437.2855
603755.SH,20260205,2.1894,1.36,48.1028,4.9265,7.8583,1.37,354713.4106,354713.4106
301023.SZ,20260205,5.4241,0.63,44.2574,4.4907,12.6919,2.4555,357456.0905,191179.1673
600959.SH,20260205,2.6757,0.59,46.9432,0.9414,2.6302,0.514,2140307.1696,2140307.1696
002163.SZ,20260205,21.1288,2.44,,21.4619,4.164,,1511629.6241,1437548.9374
002065.SZ,20260205,1.2964,0.55,83.8942,2.4778,2.2186,0.5302,3022769.8796,2742170.115
688041.SH,20260205,0.6829,0.72,233.9051,25.5251,44.2319,0.1089,55358760.3133,55358760.3133
603016.SH,20260205,3.5501,2.65,74.3895,5.9773,7.8509,1.4217,492928.32,492928.32
920856.BJ,20260205,1.8092,1.14,38.3855,3.2574,2.7117,0.5612,154105.1374,85957.2599
002926.SZ,20260205,0.6997,0.69,15.5116,0.9785,4.5904,1.3797,2378250.0,2378250.0
000776.SZ,20260205,0.5707,0.46,12.168,1.2951,4.9085,2.3288,16799943.3121,12675993.8707
600265.SH,20260205,0.1503,0.57,,298.4931,10.4789,,259340.4,259340.4
600702.SH,20260205,7.0068,0.99,132.7724,2.7886,4.2987,0.7155,1976920.5001,1976088.7601
605339.SH,20260205,0.5655,1.43,99.956,2.3445,28.846,0.8955,798939.2299,798939.2299
601000.SH,20260205,0.7311,0.58,14.3376,1.221,4.6268,4.6296,2560001.1612,2560001.1612
002262.SZ,20260205,0.8491,0.74,19.3656,2.9381,3.9531,1.5364,2381003.7506,2071881.4677
600138.SH,20260205,2.8474,0.96,87.7542,1.1616,0.6492,0.6883,736145.28,736145.28
300324.SZ,20260205,3.2513,0.6,,3.4891,3.4143,,962267.9614,952464.9023
920592.BJ,20260205,3.6916,1.18,,9.1166,16.7508,0.3986,311868.7,194102.8445
603843.SH,20260205,5.2538,1.61,,15.1534,3.5641,,423971.6816,423971.6816
300850.SZ,20260205,3.9087,0.79,23.2823,2.5972,3.8749,0.1966,1781811.348,1294285.1443
300082.SZ,20260205,1.8105,0.87,,2.3751,1.4659,,650173.8792,648366.8126
002708.SZ,20260205,2.6589,1.03,101.5878,4.465,3.0323,,756021.7656,694903.0611
600733.SH,20260205,1.5605,0.53,,6.4781,2.5909,,5201964.787,3996528.6395
600119.SH,20260205,1.3911,0.38,,21.2103,11.2621,,253132.3664,253132.3664
301321.SZ,20260205,7.1387,1.09,,4.8143,1.5148,,467765.415,370379.3051
688002.SH,20260205,2.0812,0.81,65.619,8.6537,9.9,0.1386,5199311.8266,5199311.8266
000860.SZ,20260205,2.1767,0.51,,1.5941,1.4492,1.0,1112650.4835,1112650.4835
300257.SZ,20260205,1.2064,0.92,43.8275,2.6805,3.8801,0.5609,1771651.2371,1702212.6266
301628.SZ,20260205,4.6189,0.77,55.4764,6.2537,7.845,0.4203,717351.4886,310480.7046
600517.SH,20260205,1.0174,1.25,16.0773,1.6346,4.9534,1.4048,3785604.4625,3785604.4625
000572.SZ,20260205,3.8632,1.03,,6.9154,5.864,,1162757.9532,1161072.9184
001256.SZ,20260205,2.3458,1.26,34.5129,2.6029,6.089,0.9018,314603.3029,235849.1029
300493.SZ,20260205,2.355,0.65,217.0499,8.4523,3.4874,0.1824,983527.8892,972187.0789
002127.SZ,20260205,1.6426,0.73,,1.9007,2.6948,1.2384,792923.1402,644298.758
603333.SH,20260205,0.9868,0.7,,2.4035,3.3471,0.1219,495979.0136,495979.0136
600821.SH,20260205,3.55,0.9,18.0453,1.1769,3.0759,3.5305,1114473.0068,1114473.0068
600653.SH,20260205,0.8348,0.73,646.2153,5.1123,0.8658,,373705.0209,373705.0209
002344.SZ,20260205,1.7309,0.95,85.0627,0.7755,6.2762,0.7495,650286.7987,649695.1966
301162.SZ,20260205,5.4399,1.24,87.5255,6.6284,14.8058,0.7654,1013602.57,651549.3145
920077.BJ,20260205,2.9854,0.97,70.5322,3.9187,4.3294,,1010812.7252,545165.7252
300283.SZ,20260205,5.8945,1.05,,3.532,1.1125,,404540.2727,298915.8606
688156.SH,20260205,1.6101,0.71,,2.3559,6.2374,,192766.8965,192766.8965
001369.SZ,20260205,4.708,0.69,32.4166,2.5233,4.8255,,1715912.0,300739.9644
002105.SZ,20260205,2.7411,1.15,,3.1352,2.1169,,261862.9943,260596.7471
601728.SH,20260205,0.21,0.55,15.4428,1.1625,1.0127,4.7062,53257154.7228,45180502.1028
002461.SZ,20260205,0.6628,0.87,22.161,1.8961,3.5497,1.7914,2100448.7275,2100448.7275
002583.SZ,20260205,1.5257,0.72,,7.7516,3.4661,,1980476.5059,1396883.2224
300040.SZ,20260205,6.1115,0.92,,1.6731,2.9728,0.8366,432371.813,347676.7022
920445.BJ,20260205,4.21,2.0,77.9956,5.5504,4.5213,2.5445,171329.603,121219.6461
688310.SH,20260205,1.3274,0.54,,3.4556,9.9463,,278417.9808,278417.9808
000796.SZ,20260205,12.5972,1.61,,12.9967,15.7001,,1077746.1516,894275.2963
002948.SZ,20260205,2.6279,0.57,6.2268,0.7552,2.2167,2.8829,3230296.8718,1727438.2864
300611.SZ,20260205,2.7901,0.68,39.2359,4.6582,3.0271,0.4362,572434.5322,402197.6818
300951.SZ,20260205,0.4967,0.52,31.5294,2.624,4.5713,1.6444,610689.1522,545776.657
688011.SH,20260205,2.3792,1.14,,6.3249,46.5965,,676800.0,674515.9557
688668.SH,20260205,3.6569,0.77,108.843,11.9358,15.289,0.4282,2270110.8778,2270110.8778
000723.SZ,20260205,5.9581,1.34,,1.6666,1.2535,,2210553.7957,2206497.8205
688037.SH,20260205,4.5965,1.46,490.3774,15.4241,25.4644,0.053,4174289.9091,4174289.9091
603590.SH,20260205,1.3638,0.81,115.3861,2.0653,7.5645,1.4494,659098.4272,655836.3122
002258.SZ,20260205,2.0551,0.43,26.8837,1.6316,1.4289,2.4876,1287103.0626,1285033.7548
688369.SH,20260205,3.3075,0.59,,3.5997,3.8844,,304521.3617,304521.3617
601107.SH,20260205,0.5555,0.66,12.1867,1.0499,2.1936,4.4479,1993855.12,1410106.48
000980.SZ,20260205,1.3466,0.57,,1202.2481,25.5246,,1512764.3217,1509416.6019
920198.BJ,20260205,2.6296,1.06,91.931,4.0353,8.144,,161525.2359,70536.469
300994.SZ,20260205,1.9926,0.76,23.2029,3.5575,1.1674,2.3711,393219.456,196812.168
000521.SZ,20260205,1.2635,0.78,10.3896,1.0993,0.2186,4.9774,682839.423,580509.3331
688509.SH,20260205,4.3745,1.13,,3.1338,6.2502,,388850.0,194320.061
300863.SZ,20260205,1.5196,0.48,68.1462,8.0262,2.9144,0.3501,1146367.1929,1101852.9367
300427.SZ,20260205,14.8512,0.75,,5.8,10.9573,,742439.6351,734387.1365
300743.SZ,20260205,2.053,0.82,27.7919,4.8972,3.4924,2.4596,303939.5028,256095.901
002449.SZ,20260205,1.1777,0.58,329.082,1.3687,1.5969,0.5896,524468.6393,524468.6393
002846.SZ,20260205,2.5249,0.73,,4.6045,2.9878,,650570.1422,398121.0307
003033.SZ,20260205,0.8793,0.54,32.5858,3.9926,2.8385,0.7562,540531.0,533878.4486
002798.SZ,20260205,1.7147,0.79,,1.8028,1.3958,,342403.9711,294334.7918
002627.SZ,20260205,5.5253,1.45,79.2535,2.3403,9.1345,0.9505,725325.9794,717824.6746
002384.SZ,20260205,5.9529,1.81,108.2827,6.3091,3.5971,0.0884,13443999.2849,10175601.4468
003020.SZ,20260205,1.2913,1.03,31.0147,2.8631,3.4203,1.8925,504172.9645,365107.7105
603992.SH,20260205,0.523,0.68,62.1329,5.5086,6.6035,0.9066,1766705.2488,1766705.2488
001314.SZ,20260205,3.2433,0.63,324.9353,3.1547,1.745,0.1953,651837.38,236753.9318
300662.SZ,20260205,1.7725,0.46,19.6918,2.628,0.4069,0.5517,570738.4411,569222.4168
301186.SZ,20260205,1.1589,0.6,30.4818,2.5236,5.192,1.5117,397190.0382,373026.6884
688721.SH,20260205,1.955,0.62,85.2288,5.0909,25.293,0.8696,614100.0,246028.884
920579.BJ,20260205,1.9038,0.4,522.2458,5.851,6.9025,0.1361,304407.48,104794.4614
300409.SZ,20260205,5.3628,0.73,52.651,2.7877,2.9294,0.6198,2238796.5035,1967595.3554
000930.SZ,20260205,1.8117,0.52,125.4479,1.1142,0.6531,,1188123.1334,1188062.7712
002346.SZ,20260205,0.8955,0.79,15.367,3.0524,10.4218,2.3494,880501.3795,784290.1058
600351.SH,20260205,1.9457,1.08,21.2708,1.7277,2.0852,4.4302,474020.0315,474020.0315
300723.SZ,20260205,1.1156,0.66,,8.7458,14.9475,,1531238.4767,1415891.7741
002178.SZ,20260205,1.6245,0.84,,10.5662,10.27,,460762.9916,460523.7032
003035.SZ,20260205,4.8876,0.92,199.8186,3.8018,7.5328,0.1004,2640151.5145,2640151.5145
600803.SH,20260205,0.2837,0.84,13.8643,2.6497,0.4617,6.0922,6138941.8672,6091234.06
605055.SH,20260205,0.9163,0.96,,3.9861,2.7072,0.6278,416240.0,416240.0
603338.SH,20260205,0.5312,0.56,16.4952,2.6165,3.4868,1.7413,2907955.8691,2907955.8691
605111.SH,20260205,9.718,1.53,43.4642,4.4553,10.2195,0.142,1898900.4963,1898900.4963
301029.SZ,20260205,1.8352,0.88,35.0535,4.0672,6.0826,1.6496,1730104.9983,1260010.7378
688611.SH,20260205,0.5719,0.58,222.8265,10.5619,22.0624,0.2387,918190.1456,918190.1456
003022.SZ,20260205,1.155,1.12,92.6288,3.6219,4.5532,0.2999,2672471.568,2670198.0818
603257.SH,20260205,4.8998,0.44,40.848,2.7752,2.933,0.8846,678240.0,140734.8
000558.SZ,20260205,4.9297,1.06,,6.7981,14.1018,,712940.8438,712642.5882
300334.SZ,20260205,1.5279,0.72,95.2037,3.8049,9.6416,,231079.9973,231052.7672
688518.SH,20260205,2.296,0.67,56.1,3.1337,3.1387,0.5102,1003495.7793,1003495.7793
301016.SZ,20260205,1.0887,0.68,81.8174,5.3922,14.1908,1.7379,538574.4,510832.2896
600661.SH,20260205,2.6798,0.83,,23.6182,2.3614,,317782.6525,317782.6525
920159.BJ,20260205,19.4179,0.51,23.0499,2.9382,1.387,,314032.0,59500.8
603466.SH,20260205,2.5298,0.68,156.5753,2.5551,3.0776,2.2099,538281.3472,538281.3472
300294.SZ,20260205,0.7433,0.66,34.5925,1.4758,5.7648,1.3808,1132038.4168,1132038.4168
002595.SZ,20260205,0.3204,0.46,28.3126,5.9244,6.4101,0.4735,6746400.0,6700561.2563
688285.SH,20260205,0.7956,0.81,69.8302,2.1263,3.0425,0.2094,359356.8669,359356.8669
600973.SH,20260205,2.1168,0.69,,2.7235,0.2005,,973670.0361,973670.0361
600645.SH,20260205,1.2167,0.87,159.3301,3.209,8.0907,,1190929.9251,1190475.0699
600180.SH,20260205,1.2737,0.58,247.831,0.5053,0.1593,0.9487,397705.6518,397705.6518
689009.SH,20260205,2.5503,1.24,19.9323,5.5155,1.7484,2.9046,3790450.2784,2919425.4087
002469.SZ,20260205,1.3351,0.55,21.7603,2.2411,2.098,4.415,587869.5428,569778.7894
600999.SH,20260205,0.6256,0.71,12.0198,1.2222,5.9375,2.9176,14784095.5702,12617408.9624
002936.SZ,20260205,2.2262,1.4,9.1364,0.3816,1.3194,1.0417,1745681.5407,1349625.0027
002098.SZ,20260205,2.7937,1.25,19.3113,2.616,1.359,0.9407,380554.0,380542.0413
002337.SZ,20260205,1.8207,0.58,89.9902,2.9591,6.028,0.3172,389663.6265,389253.7042
002295.SZ,20260205,2.0272,0.39,239.1748,2.1526,0.6313,0.3098,291215.792,290841.628
600080.SH,20260205,1.3154,0.82,37.7453,1.8659,5.3708,0.3579,295630.0657,295630.0657
601908.SH,20260205,5.5603,1.19,,1.0835,3.0639,,953768.1301,953768.1301
300074.SZ,20260205,3.1275,0.7,,2.6177,4.8619,,257809.4802,256396.8099
600179.SH,20260205,3.5166,1.47,18.7419,1.8242,2.3824,,2086142.8006,1904103.298
920123.BJ,20260205,11.0593,6.37,38.9471,4.3962,2.1464,1.4441,178240.92,101685.3678
300937.SZ,20260205,3.1074,0.71,,3.8446,0.7287,0.2992,319718.0512,222673.9877
603960.SH,20260205,3.5676,0.96,131.9618,5.1982,10.9679,0.2576,581292.7443,581292.7443
603689.SH,20260205,0.6174,0.5,14.1984,1.2492,0.8262,4.427,442916.0602,438796.1457
603002.SH,20260205,5.328,0.96,273.1456,3.0455,3.9298,0.2162,1049022.6208,1049022.6208
600584.SH,20260205,3.6161,0.78,53.744,2.8376,2.0154,0.3359,7991525.4696,7991525.4696
688606.SH,20260205,0.2581,0.5,18.4999,1.4262,6.185,3.5781,545293.7207,545293.7207
688621.SH,20260205,1.0478,0.51,55.197,6.3169,7.2149,0.2426,734160.0,734160.0
600535.SH,20260205,0.6315,0.94,20.4409,1.8714,2.6885,2.7297,2243912.9075,2243912.9075
301275.SZ,20260205,6.1349,0.58,49.9741,6.1994,5.9922,0.2589,2479488.0,198359.04
002779.SZ,20260205,1.0328,0.51,382.3291,23.8754,18.102,0.0803,1807528.8,1621771.3246
002962.SZ,20260205,1.9904,0.81,120.9765,2.5398,3.891,1.2837,449747.9728,322561.7357
603065.SH,20260205,2.4908,0.8,100.1327,1.8147,2.6098,1.3062,365758.6904,171695.9262
300770.SZ,20260205,2.0294,0.77,13.9529,3.0266,6.3112,6.2958,1035526.3961,1035526.3961
600925.SH,20260205,1.4351,1.29,101.6594,2.1208,2.6082,2.5738,3265333.3334,761267.0298
688381.SH,20260205,1.4788,0.59,,2.2322,10.111,0.8845,579397.5,448410.1224
002564.SZ,20260205,1.1847,0.77,83.545,32.3412,2.3433,,636448.2175,636448.2175
688159.SH,20260205,2.7586,0.32,50.3679,4.6893,1.2593,0.2066,445219.0654,444356.5054
600889.SH,20260205,1.4226,0.59,,16.1353,16.3061,,600807.4564,600807.4564
000593.SZ,20260205,3.8247,0.67,3446.7722,5.8693,2.9216,,513200.9739,512989.4148
688183.SH,20260205,1.0372,0.56,54.5448,13.3249,8.2451,0.6564,6873338.369,6873338.369
300533.SZ,20260205,3.1558,0.46,10.8653,5.1001,2.9241,2.9904,784040.8277,551691.6687
603256.SH,20260205,2.6667,0.74,318.0871,30.8336,45.8188,,4894803.81,4894803.81
600316.SH,20260205,3.691,1.48,892.2365,6.1325,6.1461,0.037,3291555.6101,3291555.6101
300502.SZ,20260205,4.1231,0.63,50.6336,26.2111,19.0151,0.0838,38070556.6496,33911552.7556
601888.SH,20260205,2.6111,1.17,56.2706,3.4684,3.5882,1.4059,19130739.5799,18054541.3554
301592.SZ,20260205,1.5956,0.54,130.9693,9.4398,16.331,0.5921,827610.0,276166.647
300545.SZ,20260205,4.9286,0.53,40.4211,2.7366,4.4077,0.6162,584388.7958,376730.2042
920593.BJ,20260205,1.0848,0.76,182.7047,8.81,25.5609,0.4282,628004.4936,533313.9141
002342.SZ,20260205,40.3635,1.65,,7.4454,7.4973,,1812480.0,1802454.72
000830.SZ,20260205,1.692,0.65,22.0323,1.708,1.0812,2.0543,3254481.1898,3254224.6997
003030.SZ,20260205,2.3898,0.59,142.6676,2.673,1.4175,0.6841,272269.96,173219.9247
000156.SZ,20260205,1.7655,0.89,30.4813,1.083,1.7132,2.0595,1619462.9543,1485691.5165
688657.SH,20260205,1.8671,0.75,52.8909,2.6292,11.498,1.2316,369500.5843,231491.2169
300098.SZ,20260205,2.9333,0.6,,3.929,5.9724,,1066998.3169,946630.587
002181.SZ,20260205,10.1028,0.88,76.9791,3.3313,23.4271,0.5565,1418813.0886,1386404.3411
000927.SZ,20260205,1.1115,0.66,36.2252,1.7864,0.501,0.9507,1718300.434,1718299.565
603657.SH,20260205,0.9713,0.78,265.8652,4.0691,1.5323,0.1226,383669.3619,383669.3619
603612.SH,20260205,8.0058,1.14,21.5229,2.7218,0.9204,0.6812,1527188.2713,1527188.2713
603779.SH,20260205,2.2859,0.69,,4.1827,5.8345,0.1306,228805.0175,228805.0175
300576.SZ,20260205,2.7315,0.72,126.1863,8.6501,14.0002,0.1873,1464004.8177,929685.8196
600697.SH,20260205,5.2263,0.99,,0.9797,0.3257,0.7077,224791.45,219546.3092
300179.SZ,20260205,6.9336,0.52,109.639,7.6502,17.0985,1.0593,912189.5405,702337.9669
301207.SZ,20260205,5.6351,1.81,193.5354,2.5644,13.9664,3.4904,1363731.3975,1362870.6524
002629.SZ,20260205,3.1426,0.45,720.3048,71.9858,10.0636,,257789.29,256093.0213
688557.SH,20260205,1.1646,0.79,28.4352,3.2974,2.6879,0.8337,404557.7816,404557.7816
002545.SZ,20260205,1.533,0.69,34.3394,3.3672,7.1016,1.1737,3179822.6841,2888698.4376
688629.SH,20260205,5.3953,0.77,160.3435,24.1865,20.3426,,4072410.6691,1605871.4372
002992.SZ,20260205,1.6421,0.91,,13.5735,6.903,,995139.2298,869533.34
000422.SZ,20260205,3.5481,0.65,23.3463,2.7933,0.7287,1.314,1647608.0958,1601514.0206
300466.SZ,20260205,2.2229,0.65,,7.2734,9.8726,,524283.7799,439445.8466
600173.SH,20260205,12.1312,2.34,724.4089,1.6116,1.6847,,617146.001,617066.711
688484.SH,20260205,2.0163,0.63,79.207,4.3531,5.8794,0.4731,1792336.3455,1237081.3755
300892.SZ,20260205,7.3329,1.22,131.1652,3.1053,3.9427,0.3035,326200.0,210602.875
603321.SH,20260205,1.599,0.46,58.8829,1.9117,3.7479,2.2113,275273.791,271861.366
600303.SH,20260205,3.0041,0.75,,2.0135,1.3284,,226272.9938,223624.9938
301525.SZ,20260205,2.2833,0.49,51.1008,2.4059,6.1167,0.541,784485.2862,410919.1566
000410.SZ,20260205,1.3333,0.75,148.1088,3.2951,6.3876,,1947068.6616,1235473.2188
300234.SZ,20260205,3.9097,0.9,627.8751,2.6246,9.0861,0.2326,302908.9962,207080.2005
603400.SH,20260205,3.2155,0.88,35.4123,4.7522,4.0463,1.5663,574600.0,114920.0
300121.SZ,20260205,1.8438,0.75,34.3459,1.6669,1.6497,1.0745,573461.3688,553014.5414
003011.SZ,20260205,5.219,0.76,18.5604,1.8233,2.031,2.3669,257716.76,196002.8027
688334.SH,20260205,4.5121,0.78,28.5654,2.6318,8.5138,1.5614,752192.8112,372805.5624
000021.SZ,20260205,4.6215,0.58,42.0261,3.3816,2.8233,0.6885,4306404.6193,4305715.9888
688371.SH,20260205,0.724,0.98,146.107,3.477,13.6875,,684699.0786,684699.0786
603360.SH,20260205,1.7544,0.8,101.3744,14.5395,14.8795,1.382,2189999.5511,2189999.5511
002928.SZ,20260205,3.4647,2.04,25.9948,3.7868,2.0767,,1510881.5121,1510873.9769
688515.SH,20260205,2.8318,0.68,,6.0129,17.4348,,902800.0,562211.929
000875.SZ,20260205,4.3399,1.15,53.2839,1.4354,1.8778,0.8285,2495562.1907,2299574.5485
600521.SH,20260205,0.7894,0.64,50.4128,2.5455,2.7096,1.5789,2359669.3663,2359669.3663
300215.SZ,20260205,10.468,0.7,,3.5179,12.9938,0.0543,689915.7462,460380.6347
001306.SZ,20260205,3.6246,0.58,124.4902,3.6821,6.332,0.2048,493377.21,121675.0
300884.SZ,20260205,4.3644,0.83,,3.1412,6.0108,,397295.3133,299556.4716
688488.SH,20260205,1.9998,1.06,,7.413,10.7996,,725008.7782,725008.7782
002663.SZ,20260205,2.0515,0.82,,1.4855,1.8015,,351563.176,263749.9923
600221.SH,20260205,1.285,0.96,,13.9719,1.1232,,7519520.0611,7455119.5983
002572.SZ,20260205,2.99,1.11,12.8421,2.0157,1.4749,6.6313,1452275.1233,982407.139
002112.SZ,20260205,27.6031,0.96,82.4195,7.8022,3.5292,0.27,679443.2614,605403.7605
600187.SH,20260205,3.0177,0.63,189.8973,1.1009,18.818,,350190.4994,350190.4994
002759.SZ,20260205,5.5186,0.73,,5.9338,7.6893,,1836564.4821,1834950.8867
000716.SZ,20260205,2.6423,0.75,109.2271,1.8356,1.9937,0.8058,467540.9951,458785.0733
603519.SH,20260205,0.894,0.49,21.5425,3.023,2.0989,7.3365,359542.5827,359542.5827
300925.SZ,20260205,2.4178,0.5,85.2333,4.1182,1.873,0.3034,903718.4561,736843.2062
300153.SZ,20260205,5.4832,0.85,215.5714,11.4196,5.9382,,1037760.0,1032344.5727
688035.SH,20260205,1.8072,0.53,66.781,3.0979,4.8403,0.6901,712764.64,712764.64
301025.SZ,20260205,6.3513,1.26,726.9455,7.2379,12.112,0.2681,447946.2186,310131.6781
002083.SZ,20260205,4.1128,1.0,35.3637,2.3781,2.103,1.2521,1086741.5858,1086381.6878
301311.SZ,20260205,1.059,0.69,,2.4612,2.1035,0.2943,440400.0,440400.0
600335.SH,20260205,0.8313,0.62,23.4014,0.854,0.2782,1.6692,985724.748,985724.748
301293.SZ,20260205,8.9303,1.07,185.8646,6.688,9.5093,0.1922,1563235.2443,1221416.8566
300537.SZ,20260205,11.1908,0.85,,5.8616,11.0231,,529283.209,386736.5972
300658.SZ,20260205,8.7045,0.49,138.9524,3.7845,2.9428,0.3873,508130.7883,344359.8994
002733.SZ,20260205,2.1646,1.11,90.0826,2.7784,2.3081,0.4949,763435.0321,732930.3021
688071.SH,20260205,4.842,0.64,,3.1071,6.4093,,328984.1291,328984.1291
601665.SH,20260205,2.3013,1.82,6.3763,0.7433,2.7735,1.8533,3643074.7748,3643074.7748
002634.SZ,20260205,4.5158,0.78,,,5.1116,,288014.0257,279964.6153
000859.SZ,20260205,3.6474,0.64,,3.2739,3.9557,,892392.3659,892341.5699
688360.SH,20260205,0.7566,0.54,59.5398,3.4649,3.2753,0.5549,509292.883,487164.3336
688737.SH,20260205,1.514,0.38,,1.8297,1.9377,,329161.0933,329161.0933
300286.SZ,20260205,4.1465,1.19,33.3067,3.0333,6.2527,1.474,678121.7071,572786.776
603883.SH,20260205,0.9809,0.5,27.7703,1.7354,0.5224,1.4406,1159584.2806,1159584.2806
300517.SZ,20260205,2.2397,0.53,,2.4425,8.1777,0.8027,246508.5718,152551.67
600638.SH,20260205,1.1596,0.56,29.9668,1.0578,2.2593,0.511,487539.2731,487539.2731
300417.SZ,20260205,3.9034,0.69,,4.0621,11.1638,,186504.5952,121361.2619
002756.SZ,20260205,2.9632,0.74,41.9403,2.0495,3.4287,1.6687,2533777.238,1827034.0127
920245.BJ,20260205,0.5805,0.53,81.5365,3.9888,4.174,0.5378,138599.355,105970.738
688022.SH,20260205,1.8225,0.67,,3.915,4.8125,,271204.3756,271204.3756
002404.SZ,20260205,3.923,1.21,26.1218,2.1274,0.9165,3.9947,420598.7073,342296.1091
600057.SH,20260205,1.1936,0.66,10.7059,1.437,0.06,4.2085,2315080.3113,1705395.7837
000921.SZ,20260205,1.151,1.23,9.971,1.9834,0.3583,5.0702,3356903.4785,2225528.8503
002496.SZ,20260205,2.3392,0.62,,2.0146,7.7217,,266843.3728,196904.052
601018.SH,20260205,0.3688,0.62,15.3596,0.983,2.5556,3.3824,7937390.4668,7937390.4668
600749.SH,20260205,4.6013,1.92,132.7468,3.603,18.9843,,387657.103,387657.103
002657.SZ,20260205,2.0365,0.5,,5.4371,8.0292,,945344.5461,934397.0312
001259.SZ,20260205,2.96,0.75,506.6412,3.4742,6.1128,0.4687,248141.7303,160320.0506
000981.SZ,20260205,8.3514,0.98,,28.6259,13.9834,,4818780.968,4585437.6368
301032.SZ,20260205,3.2949,0.7,35.3063,2.6807,1.3892,0.7457,323359.8894,214389.3913
000408.SZ,20260205,1.1894,0.81,37.4368,8.5794,38.9466,1.2102,12963783.7507,12963641.3347
600117.SH,20260205,0.5642,0.51,,2.2982,1.5595,,924452.6194,924452.6194
000601.SZ,20260205,1.335,0.73,104.3721,1.3551,1.1586,3.8825,547072.4685,539456.8302
600919.SH,20260205,0.8163,1.05,5.5981,0.7686,2.2336,5.2282,19140431.4149,19140431.4149
300980.SZ,20260205,2.9379,0.55,103.5669,3.3323,8.047,0.5175,469421.6732,334360.9232
605266.SH,20260205,1.5158,1.21,24.7701,1.2064,0.3483,5.1442,316813.0024,316813.0024
603326.SH,20260205,1.333,0.59,18.2289,2.8398,2.2376,6.395,325560.4686,325560.4686
688236.SH,20260205,0.4397,0.44,34.7418,3.0546,8.4201,1.1144,887193.9405,667133.964
002241.SZ,20260205,1.7158,0.49,32.2453,2.6646,0.943,1.1053,9374685.2002,8298106.9595
603092.SH,20260205,5.9156,0.99,34.5913,5.1028,5.0694,,2704400.6761,226172.0821
300775.SZ,20260205,15.6374,1.06,56.0295,4.3736,17.3628,0.428,2558681.8692,2484082.4991
300043.SZ,20260205,8.0699,0.84,203.4068,4.874,4.0779,0.1483,837345.5239,836902.0842
688700.SH,20260205,3.3905,1.02,136.0541,6.5342,12.6535,0.254,1173314.1475,1173314.1475
002408.SZ,20260205,1.3378,0.64,,1.4094,0.6405,0.5267,1606211.2054,1554369.075
301488.SZ,20260205,4.4667,0.72,142.2046,10.0691,7.816,0.3419,1345592.0,342426.6617
603208.SH,20260205,1.7438,0.79,,2.2081,1.3107,1.2574,265759.011,265759.011
688122.SH,20260205,1.844,0.61,63.0495,7.7206,9.9492,0.7909,5338942.8363,5338942.8363
920227.BJ,20260205,7.0934,0.43,76.1228,7.6554,20.117,1.2642,308027.265,139154.302
688681.SH,20260205,1.4174,0.62,40.5066,3.3755,4.1598,0.5071,203897.16,203897.16
002935.SZ,20260205,1.7069,0.66,146.3138,5.8694,10.0597,0.2296,928784.4925,909049.0338
600496.SH,20260205,1.1049,0.65,14.6898,1.0003,0.4378,1.7316,919437.7338,919437.7338
300966.SZ,20260205,1.6206,0.64,,3.1583,3.9079,,244741.8029,162129.8223
920685.BJ,20260205,1.2869,0.71,33.3144,2.4918,7.8089,1.1804,135535.1086,81312.6759
300504.SZ,20260205,1.7601,0.91,,1.8994,3.0954,,402742.5259,324321.7751
002223.SZ,20260205,0.6718,0.52,22.7612,3.0188,4.9002,2.0248,3960786.3465,3714564.906
002036.SZ,20260205,2.173,0.54,,5.222,1.2502,,1119784.4642,1117672.776
688207.SH,20260205,1.6454,0.5,,2.1682,27.528,,415133.9546,415133.9546
002401.SZ,20260205,0.8248,0.68,,3.6981,3.4561,0.7995,604332.8834,603837.7664
688137.SH,20260205,1.9719,0.52,,1.4599,20.6148,,303719.3,141419.3
600644.SH,20260205,2.9974,0.7,269.8565,3.0522,1.8601,,631526.3333,631526.3333
301160.SZ,20260205,2.2412,0.59,32.4703,4.3989,4.7047,1.0844,713085.2352,461060.1355
600160.SH,20260205,0.6845,0.65,25.7735,5.1035,3.7777,1.0872,10180742.4715,10180742.4715
002843.SZ,20260205,1.8857,0.68,106.6677,3.1875,2.894,0.558,451113.7111,449420.2711
603803.SH,20260205,1.7509,0.67,,2.7243,3.5711,,427857.7419,427857.7419
600617.SH,20260205,1.8293,0.76,,1.7906,0.3857,,605766.2177,557520.4043
001395.SZ,20260205,2.7983,1.23,20.6357,3.2034,4.7896,1.4104,383507.04,206128.44
600382.SH,20260205,10.4318,1.8,30.9752,2.476,8.0475,2.8965,671492.6221,671492.6221
603725.SH,20260205,1.9454,0.84,26.5548,3.7952,0.9885,0.9592,314003.4104,295257.4104
300689.SZ,20260205,5.3124,0.56,271.5448,9.2733,15.2055,,640424.0,560549.244
002046.SZ,20260205,1.9702,0.54,89.3928,5.812,7.991,0.4477,2515627.723,2480538.9351
000598.SZ,20260205,1.1129,1.36,10.1229,1.109,2.3023,2.5832,2160422.314,2156960.87
920374.BJ,20260205,1.1986,0.58,221.4225,7.7475,9.5831,0.4504,197029.006,82452.4528
002706.SZ,20260205,4.3728,1.34,37.6264,2.8259,2.4894,2.0748,1150080.0205,936949.3402
000488.SZ,20260205,0.6986,0.63,,1.9414,0.9926,,620647.2582,354772.7355
603608.SH,20260205,3.1193,0.63,,4.112,4.1745,,434826.8845,434826.8845
002064.SZ,20260205,0.8247,0.53,34.0591,2.1261,2.3014,1.7483,5677150.2182,5661170.4544
688311.SH,20260205,2.4519,0.74,,4.7682,25.0892,,754130.8128,754130.8128
601007.SH,20260205,3.094,0.83,105.4456,2.0979,1.8817,0.8216,332280.0,332280.0
600059.SH,20260205,2.6627,0.47,44.7814,1.5848,5.0312,0.7913,921569.3795,921569.3795
000932.SZ,20260205,1.2823,0.67,15.4353,0.7709,0.3355,1.6057,4276443.5169,4276390.3349
002841.SZ,20260205,0.8664,0.93,29.4259,2.0324,1.1444,1.7657,2670615.4832,2000402.4763
688475.SH,20260205,0.3893,0.66,42.4214,4.1512,4.0728,1.1468,2403450.0,2403450.0
300987.SZ,20260205,6.398,0.6,166.4984,4.6417,11.1214,0.5891,367886.896,367886.896
688138.SH,20260205,0.8473,0.65,46.4232,3.3524,7.4692,0.8978,906624.0,906624.0
688018.SH,20260205,1.4536,0.69,58.065,6.2539,10.9788,0.2472,2699861.0405,2531219.0685
603920.SH,20260205,5.6953,1.03,59.5177,7.5279,8.9637,1.3337,4862556.9551,4862556.9551
601377.SH,20260205,1.4312,0.92,17.7078,1.0694,4.6479,2.1739,5958831.2329,5958831.2329
300916.SZ,20260205,1.51,0.61,32.9551,3.2914,2.8224,1.2866,449698.2178,290458.8411
300039.SZ,20260205,1.1015,0.62,18.8282,1.4414,5.5555,2.09,650612.0,570328.1126
003026.SZ,20260205,4.2106,0.86,100.4787,6.7095,10.4559,0.4388,441741.552,326129.6233
688351.SH,20260205,2.4703,0.77,211.5096,6.1711,24.0993,,1105439.4,293295.8605
301099.SZ,20260205,4.5972,0.79,63.9164,5.1394,1.1105,0.4881,666009.2934,407692.692
300132.SZ,20260205,2.7922,0.98,31.9603,3.0287,2.026,,426695.8118,419675.1406
605166.SH,20260205,2.2898,1.05,16.631,1.7605,0.5532,1.2202,343058.5841,343058.5841
600326.SH,20260205,1.171,0.43,,3.5997,4.138,,1451024.6105,1451024.6105
001373.SZ,20260205,3.7072,0.68,,3.4067,5.2963,0.1391,296246.5479,142897.1601
920029.BJ,20260205,1.2994,0.82,18.1925,3.4117,3.9089,1.7055,1221508.2363,338490.2363
301337.SZ,20260205,4.3671,0.69,,2.924,12.9841,,320623.4,113805.2297
300390.SZ,20260205,3.5059,0.78,,3.4944,5.6665,1.3078,3811484.6153,3085597.7832
301100.SZ,20260205,1.5695,0.73,,2.0709,3.4147,,413200.0,180775.0
300706.SZ,20260205,23.0114,1.5,,8.9969,4.6965,,632368.6834,468833.0584
300069.SZ,20260205,1.9103,0.59,94.5597,7.7772,8.7677,,219609.0,219609.0
600730.SH,20260205,4.6042,1.15,737.3359,3.4805,53.2663,0.0941,623615.3301,623615.3301
301520.SZ,20260205,3.1636,0.73,72.308,1.9523,10.0041,,295333.3348,99333.8546
300604.SZ,20260205,3.9256,0.62,84.1878,18.6542,16.6555,0.0775,8136213.5246,6277265.9539
920675.BJ,20260205,5.4388,0.5,42.2719,3.2183,3.7009,1.7241,199710.24,91660.7292
301127.SZ,20260205,3.1792,1.41,42.6263,3.7343,6.2934,0.5351,1209277.983,1173695.5287
601298.SH,20260205,0.6482,1.0,11.5052,1.4207,3.286,3.573,6309349.2,5241096.9
601117.SH,20260205,1.7459,0.61,8.4132,0.7883,0.2729,3.413,5117386.2438,5101800.4494
688209.SH,20260205,2.0034,0.65,69.7062,4.9094,6.6218,0.3669,1043250.6378,1043250.6378
000722.SZ,20260205,2.4218,0.78,84.0409,1.8805,15.8907,0.3922,591801.8096,591801.8096
002201.SZ,20260205,9.1518,0.65,116.3039,7.848,5.1937,0.1722,908380.92,839220.6475
603722.SH,20260205,0.7138,0.5,,3.9197,8.5267,0.2556,374365.7836,366627.1636
301398.SZ,20260205,3.5666,0.54,97.5321,6.0273,16.3765,0.4437,676144.0,224691.103
600824.SH,20260205,3.5183,1.27,266.5622,2.067,7.649,0.3805,498554.8055,498554.8055
600011.SH,20260205,0.4534,0.64,7.4699,1.6272,0.4646,3.8961,10878778.6978,7621412.9739
301208.SZ,20260205,1.3943,0.43,70.2726,2.9702,4.145,0.526,456240.2281,251205.9721
600305.SH,20260205,2.0865,1.32,61.4388,2.7248,3.9917,1.2092,915051.9537,912171.2646
600292.SH,20260205,1.2272,0.51,16317.5345,2.0528,12.9505,,5908898.1651,1053321.9846
920781.BJ,20260205,1.2727,0.71,,3.5195,4.4754,0.202,139110.3486,91874.007
600406.SH,20260205,0.9427,0.72,25.3636,4.119,3.1834,2.2962,20272152.5377,20212581.3876
000055.SZ,20260205,1.9786,0.75,386.8463,0.6983,1.1259,1.2626,425254.1939,267637.4827
000997.SZ,20260205,0.9836,0.67,24.3912,3.7645,3.3572,0.8178,2704971.4331,2689863.1473
000049.SZ,20260205,0.8879,0.71,23.7617,1.4889,0.4508,1.2796,991982.7792,991715.4091
301213.SZ,20260205,2.658,0.65,,7.6909,38.8323,,603439.9925,390056.4426
002440.SZ,20260205,11.7196,0.63,46.9378,1.4213,2.3328,1.2156,1349923.8859,1136576.7615
920892.BJ,20260205,1.4584,0.67,28.6608,7.5224,5.0124,3.1805,292152.5704,254308.101
605196.SH,20260205,1.6061,0.59,69.9573,6.3332,2.9975,0.1534,2090512.3771,2065802.7371
002534.SZ,20260205,2.2132,1.0,77.3998,2.8,2.5348,0.9848,1492980.2261,1472988.728
600881.SH,20260205,0.7888,0.73,,3.4108,0.8561,,578555.0269,578555.0269
688231.SH,20260205,2.1118,0.8,98.7157,2.7823,4.6103,0.7906,762788.5719,762788.5719
003037.SZ,20260205,1.0871,1.09,55.7483,1.6878,0.7438,0.63,473268.9956,473268.9956
688386.SH,20260205,1.8359,0.8,67.475,10.2748,12.5458,0.0842,831649.0,831649.0
603111.SH,20260205,0.8439,0.66,16.6659,1.528,1.3854,3.5043,606007.5624,595096.3746
002984.SZ,20260205,2.4878,1.04,14.8842,1.6611,2.5513,2.7822,2196289.1074,1512916.7343
600372.SH,20260205,1.519,0.66,93.0337,2.0144,3.1962,0.5779,7698684.5383,7698684.5383
301098.SZ,20260205,3.0947,0.79,,1.464,2.1074,0.5258,174922.7356,142354.5519
603120.SH,20260205,17.6738,0.69,44.8082,3.4979,6.4391,0.9066,398844.8,99711.2
301469.SZ,20260205,7.3422,0.95,42.5435,2.1678,2.8262,1.0364,298594.76,153697.8318
688012.SH,20260205,1.8471,0.92,116.7564,10.4069,19.2296,0.0838,22345873.7162,22345873.7162
600971.SH,20260205,3.7901,1.27,300.1456,0.6886,1.5421,3.9301,824403.3553,824403.3553
300992.SZ,20260205,2.7928,0.74,295.5418,3.3956,3.3998,0.2383,293640.7412,238679.6812
002192.SZ,20260205,3.9696,0.82,73.7276,3.7614,19.4967,0.3313,1300872.567,1298192.3423
688373.SH,20260205,0.8128,0.63,,15.7594,30.0521,,410798.9659,379129.3223
300736.SZ,20260205,6.402,1.32,,29.2452,5.6585,,239876.8575,234536.6944
300501.SZ,20260205,2.5191,0.68,68.9092,2.0362,2.6335,2.915,299984.0643,156122.741
002253.SZ,20260205,3.4959,0.63,,2.2129,20.4123,,235553.6432,217469.4219
002360.SZ,20260205,2.9692,0.59,,1.065,4.6388,,212940.3514,173586.7819
300949.SZ,20260205,3.8453,1.16,,3.9192,6.8508,,261945.4786,148935.2155
301046.SZ,20260205,1.628,0.87,172.9377,3.6856,3.474,1.0758,424711.426,326160.289
603988.SH,20260205,3.2361,0.54,161.8422,10.2497,9.6207,0.1368,687960.0,687960.0
688578.SH,20260205,0.5857,0.62,22.2586,6.7907,9.2763,0.8157,4413150.0,4413150.0
001391.SZ,20260205,1.5294,1.09,27.1951,2.7979,3.1755,1.087,7300910.9726,908573.704
300998.SZ,20260205,1.407,0.55,,2.5671,2.6085,,323582.2136,254018.4882
001218.SZ,20260205,2.3905,0.59,25.0005,1.4696,0.7342,1.986,334297.7717,238585.6126
603619.SH,20260205,6.988,0.72,27.9462,3.3527,3.5082,1.6057,1427238.8291,1427238.8291
002439.SZ,20260205,1.8917,0.79,,1.5227,6.7188,,1704440.0884,1020557.511
603037.SH,20260205,2.1201,0.5,50.5711,4.5646,5.6746,1.519,441215.7317,439932.7392
300078.SZ,20260205,3.7305,0.78,,9.6355,7.6258,,556700.3705,554456.8397
002946.SZ,20260205,1.4483,1.87,24.7493,4.8251,1.5524,1.6203,1699837.4641,1680150.2434
001267.SZ,20260205,4.9259,0.6,224.3161,12.8315,15.481,0.1926,2035932.0101,1571771.0338
300465.SZ,20260205,2.6467,1.23,283.9311,12.1293,7.1235,,813836.3207,813836.3207
600689.SH,20260205,1.5717,0.68,160.6722,5.8908,2.0733,0.1081,278975.9841,211259.3505
301550.SZ,20260205,3.832,0.71,197.5913,21.1534,47.7496,0.199,3813724.75,2326402.1093
603615.SH,20260205,1.0754,0.72,,4.9027,5.4297,,561022.4,561022.4
300346.SZ,20260205,4.4222,0.77,118.7465,10.564,14.7046,0.5006,3635485.3098,3453458.6755
601857.SH,20260205,0.1002,0.51,12.1639,1.2366,0.676,4.4634,192721089.6424,170503947.9424
603707.SH,20260205,1.3676,1.51,24.2658,2.3516,4.1923,1.0246,1576860.0099,1576860.0099
601500.SH,20260205,0.9536,0.7,71.5732,1.2148,0.9107,,745389.0797,742427.3447
001205.SZ,20260205,1.6328,0.93,39.9976,1.454,2.0899,0.7352,302685.6897,256798.7481
300486.SZ,20260205,3.0153,0.53,,6.0169,10.579,,1008692.8507,1008389.6841
920050.BJ,20260205,3.4931,0.52,25.6948,2.3585,2.7615,,248112.4384,66364.3186
688389.SH,20260205,0.6713,1.0,23.5224,2.8098,5.6014,2.0464,590453.3359,590453.3359
600977.SH,20260205,4.5873,0.91,,2.9604,7.2935,0.0627,3272851.0,3272851.0
601218.SH,20260205,2.8624,0.7,48.2793,1.7639,3.7601,0.1855,522309.063,522309.063
300926.SZ,20260205,1.5257,0.93,14.729,3.9276,2.3618,0.4897,1284718.2494,881444.6586
300046.SZ,20260205,3.2638,0.76,135.0676,7.4926,23.2084,0.2209,856716.6258,856716.6258
600053.SH,20260205,2.5157,0.68,,3.9153,36.0283,,1006681.7376,1006681.7376
300224.SZ,20260205,3.065,0.47,116.6726,3.0211,2.2814,1.0886,1529140.7851,1520492.6903
001308.SZ,20260205,0.3848,0.83,19.194,1.8831,0.9972,2.5402,1493419.2378,1053941.9332
300749.SZ,20260205,8.5268,0.72,,6.7898,4.1887,,385102.9638,295431.5412
002228.SZ,20260205,3.8825,1.47,49.9871,1.7638,0.5116,5.8967,543596.7618,541776.1256
000635.SZ,20260205,1.7032,0.63,,2.5589,2.2565,,394921.8902,303693.7772
603070.SH,20260205,0.8307,0.64,62.515,2.6847,2.9388,0.5548,578242.0,570191.1813
002923.SZ,20260205,5.0939,0.64,,5.0241,4.422,0.9548,526117.3523,405451.2726
603810.SH,20260205,1.2148,0.71,95.3276,1.7699,2.3458,,271649.5454,271649.5454
300840.SZ,20260205,3.2985,0.57,,3.5929,6.7824,0.5225,459360.0,338940.9484
003008.SZ,20260205,1.9126,0.72,28.4197,2.4088,11.2111,4.1859,248456.0,185979.6484
688198.SH,20260205,0.237,0.95,81.3196,11.7713,24.8016,0.7495,1466466.6239,1466466.6239
601126.SH,20260205,4.9592,1.64,37.4426,6.4169,3.7982,1.9771,3034454.307,3004961.0268
688125.SH,20260205,0.7246,0.87,,7.65,21.3628,,1425959.9192,1418378.8862
002306.SZ,20260205,3.9949,1.35,,,4.9528,,190477.9875,178248.3512
920832.BJ,20260205,1.2172,0.69,471.5845,1.3862,2.8101,1.0738,103379.0794,91889.4808
600718.SH,20260205,2.0672,0.61,,1.2931,1.0059,1.4579,1223258.696,1223258.696
300530.SZ,20260205,1.32,0.69,,89.4994,38.0394,,479400.375,441194.0662
688115.SH,20260205,0.942,0.48,1613.892,2.4871,12.3249,0.9532,307748.72,307748.72
600814.SH,20260205,6.4292,3.34,36.6827,1.9469,4.2255,1.8164,720377.026,720377.026
601212.SH,20260205,4.1575,1.08,427.8434,4.9051,0.8373,0.0391,7567679.5502,7567679.5502
603211.SH,20260205,4.1507,1.19,104.5165,5.3505,5.1795,0.2481,657231.744,657231.744
300317.SZ,20260205,6.7767,1.45,,2.3017,6.2403,,358641.391,358090.591
300118.SZ,20260205,29.6817,1.23,,2.5189,1.6765,,2649392.2176,2153943.8099
603518.SH,20260205,3.5635,2.15,13.494,0.9614,0.8107,3.0781,349150.8558,347858.7978
600691.SH,20260205,0.9747,0.64,,2.0103,0.6928,,727050.4773,726929.3013
001269.SZ,20260205,1.8207,0.91,,5.317,9.4555,,464481.5686,464481.5686
000789.SZ,20260205,0.8567,0.72,330.0272,0.7008,0.857,2.5223,451332.5969,451332.5969
600435.SH,20260205,1.5951,0.61,97.2177,8.5555,5.6595,0.1207,2501439.7168,2501439.7168
002184.SZ,20260205,2.1855,0.91,,3.8825,1.7254,,453961.7973,310079.2402
601988.SH,20260205,0.1264,0.78,7.2577,0.6594,2.7062,4.0152,173994702.3796,113813378.0168
920834.BJ,20260205,2.6214,1.36,39.3446,5.83,5.8144,1.584,174240.0073,91180.4294
600236.SH,20260205,0.1499,0.84,26.2982,3.8299,6.969,2.0071,6676373.9983,6676373.9983
688667.SH,20260205,2.1413,0.67,51.6863,2.4548,3.3969,0.1215,426411.638,426411.638
920978.BJ,20260205,5.765,1.37,33.261,7.9784,5.3889,1.5727,576091.0976,322991.8336
002745.SZ,20260205,2.8368,0.79,63.3292,1.0472,0.8247,0.5325,1393632.2487,999730.7912
300430.SZ,20260205,3.2658,0.92,88.8889,2.577,7.4074,0.2084,589508.0326,561025.2372
301062.SZ,20260205,4.5108,0.66,,2.9706,3.5711,0.91,427522.1379,308181.5779
300463.SZ,20260205,1.9845,0.48,,1.146,3.282,0.8729,724995.2822,589668.3918
601177.SH,20260205,1.0512,0.76,26.1048,2.4219,2.8294,0.3621,676014.575,662899.42
600671.SH,20260205,3.5285,1.29,71.7445,35.7148,9.4545,,237834.1624,237720.2009
603985.SH,20260205,1.7632,0.79,,2.0779,1.7672,,669222.4486,669222.4486
000403.SZ,20260205,0.8945,0.96,23.1925,1.6176,5.4489,1.9709,1298242.8293,1285010.0403
300620.SZ,20260205,8.1667,0.92,316.571,19.2829,31.8205,0.0622,4004082.1776,3970773.3903
601880.SH,20260205,0.6381,0.77,25.9521,0.963,3.3695,1.4485,3889341.5901,3038153.4503
920670.BJ,20260205,4.1837,0.41,401.2985,7.4806,17.844,,181571.904,113968.7999
300836.SZ,20260205,1.5455,0.6,89.7302,9.4336,8.8405,0.3552,537854.5948,366806.6841
300348.SZ,20260205,1.661,0.57,3453.3263,5.2385,6.1933,0.0512,1108689.2194,969427.7553
002210.SZ,20260205,2.5028,1.03,901.0495,8.7687,45.074,,835627.091,834064.5956
300381.SZ,20260205,1.3683,0.72,515.4375,1.2936,4.0308,1.4338,334903.9164,333730.4079
002748.SZ,20260205,2.8637,0.78,68.6461,2.1549,1.4547,0.4055,295920.0,295920.0
300918.SZ,20260205,1.7706,0.87,46.6684,2.2676,5.105,0.9853,856885.5849,856885.5849
002395.SZ,20260205,2.1979,0.53,9.3033,3.54,2.047,0.756,532126.656,532081.9783
300843.SZ,20260205,4.683,0.68,75.3253,5.6105,5.5263,0.4237,888589.9964,852685.7087
300684.SZ,20260205,5.537,0.96,48.5245,7.4368,8.8081,1.2435,1557747.4688,1062580.0694
603667.SH,20260205,9.577,0.73,311.2041,9.5594,8.2585,0.1542,2851254.7672,2851254.7672
688779.SH,20260205,1.7944,0.59,,2.7828,2.7353,,1865555.1056,1865555.1056
300267.SZ,20260205,2.6792,0.49,,1.7075,5.908,,763163.8019,526284.9997
300553.SZ,20260205,2.3253,0.62,124.9299,5.4689,13.7287,,465403.5575,353198.729
601933.SH,20260205,5.1808,1.98,,11.6796,0.7773,,4310642.5717,4310642.5717
920942.BJ,20260205,1.8637,0.69,66.2426,3.8148,10.571,0.4823,190727.281,128680.4547
601658.SH,20260205,0.2877,1.0,7.146,0.624,1.7632,4.1062,62329332.7623,34836523.1088
002819.SZ,20260205,1.3096,0.99,,2.0569,2.7391,0.0865,826923.876,648818.8128
688718.SH,20260205,0.7117,0.71,70.0302,3.306,6.7122,0.7997,250727.5833,250727.5833
603306.SH,20260205,4.0272,0.89,102.3435,8.3727,10.5696,0.1102,2597403.6694,2597403.6694
002424.SZ,20260205,1.2789,1.12,2656.2998,1.8075,1.8714,,589786.5248,511976.5241
603328.SH,20260205,1.5731,0.83,25.1676,2.6159,2.7954,1.7951,1101282.1999,1101282.1999
603989.SH,20260205,1.177,0.96,32.6326,1.9157,1.8555,0.8287,721791.5466,721791.5466
603194.SH,20260205,0.655,0.52,17.8949,3.027,2.2477,2.2529,1566306.0,617253.1222
600884.SH,20260205,1.6118,0.64,,1.3391,1.4539,,2937733.1991,2396653.3283
688325.SH,20260205,1.0425,0.5,104.4942,4.9087,18.514,0.9969,844076.208,783920.0
002402.SZ,20260205,3.2652,0.76,54.4813,6.3459,3.0612,0.2764,3333321.0174,2933092.5439
920089.BJ,20260205,1.4923,0.65,19.0985,2.4603,1.618,0.496,303746.688,188497.6511
000790.SZ,20260205,2.9005,1.28,,2.7093,3.8374,,252606.3424,252158.9187
603229.SH,20260205,0.6447,0.58,44.1119,3.4736,10.8551,1.0159,815351.7964,815351.7964
600818.SH,20260205,1.8574,0.9,,5.7132,3.0375,0.1007,319197.7746,236292.2046
002317.SZ,20260205,4.1444,0.88,,4.0915,6.7351,1.0329,1648865.1254,1477537.7676
920895.BJ,20260205,3.1537,0.37,,5.6241,15.9516,,111691.424,56784.1144
601137.SH,20260205,2.0152,0.72,15.0905,1.6753,0.8778,2.3689,1715298.9222,1714028.6822
603898.SH,20260205,1.4888,0.4,239.4193,1.5906,2.8926,0.485,500642.8597,500642.8597
600666.SH,20260205,1.9555,0.52,64.7837,8.4263,22.5159,,952000.7983,837234.5155
603909.SH,20260205,1.708,1.42,27.8508,2.7023,0.4274,1.03,303684.2081,303684.2081
601066.SH,20260205,0.3367,1.21,19.0383,2.3668,7.9101,1.3426,19065955.811,15966359.404
603061.SH,20260205,7.4163,1.0,112.6015,11.5977,28.2486,0.0555,1785120.0,1244417.0892
605086.SH,20260205,0.9109,0.49,62.018,5.4166,23.4453,0.4865,692428.8,692428.8
688223.SH,20260205,6.2046,1.88,,2.8888,1.1493,,7894105.9631,7894105.9631
601399.SH,20260205,1.3236,0.85,77.7318,2.5155,2.6807,,3722194.8392,3722194.8392
002820.SZ,20260205,3.9414,1.07,,2.7945,5.2981,1.1755,249277.5541,249277.5541
920167.BJ,20260205,6.3457,1.27,,3.3556,0.6692,0.2047,209050.35,124191.2428
002198.SZ,20260205,2.3434,0.92,88.9658,4.9605,8.5782,,351704.3247,351684.1584
601866.SH,20260205,0.8778,0.73,20.3915,1.1258,1.2656,1.5649,3457785.8248,2555019.7608
688599.SH,20260205,4.983,1.09,,2.004,0.7142,,4792893.4856,4792893.4856
600714.SH,20260205,2.5652,0.4,75.3801,5.6517,12.1484,0.4723,427077.2366,427077.2366
603665.SH,20260205,2.3528,0.9,,8.5547,3.8295,,608999.7955,605433.9325
603121.SH,20260205,2.2719,0.69,349.0971,6.4132,6.6308,0.8861,764070.5948,764070.5948
002937.SZ,20260205,2.8434,0.88,43.3942,4.3989,3.8285,1.7753,670895.4088,669036.6388
300358.SZ,20260205,2.1429,0.78,,1.4549,1.3994,,777305.6345,762313.5044
600369.SH,20260205,1.0984,1.26,33.5094,1.1977,9.3077,1.828,3089975.7427,3089975.7427
301015.SZ,20260205,1.2008,1.9,23.8664,5.281,1.6599,3.1843,1257818.4163,1257653.2993
300450.SZ,20260205,3.6475,0.75,103.656,7.0275,6.7936,0.0972,8955320.2284,8916731.3276
600359.SH,20260205,4.0226,0.48,3019.1724,4.2082,5.4722,,281556.4612,281556.4612
601949.SH,20260205,0.6595,0.51,24.0208,1.4174,2.4675,1.4206,1367049.0628,1367049.0628
603899.SH,20260205,1.044,1.76,19.3034,2.8603,1.0445,3.5872,2552929.885,2552929.885
000862.SZ,20260205,4.7651,1.2,42.6619,1.2736,4.356,,570967.8209,390595.5287
300048.SZ,20260205,3.4125,1.09,106.8714,4.275,1.0009,,785294.9605,783685.8955
300599.SZ,20260205,4.3562,0.92,,2.0231,4.1502,,401107.355,237821.855
000554.SZ,20260205,10.9663,0.46,23.7062,3.3443,1.193,1.8599,377422.7546,284682.7596
002038.SZ,20260205,3.2486,0.7,80.2081,1.1802,11.6121,0.3058,671886.9,557151.4087
000158.SZ,20260205,0.9168,0.56,,6.116,3.5326,,3190838.9751,3169512.763
002122.SZ,20260205,0.9513,0.73,,2.8059,5.8234,,612459.176,608395.0409
300223.SZ,20260205,4.2854,0.52,195.0221,4.994,13.9221,0.0778,6192445.0983,5397180.0715
301183.SZ,20260205,12.1127,0.72,128.6002,13.169,15.0053,0.0813,1230373.1178,901976.604
600177.SH,20260205,0.5416,1.05,13.1532,0.807,2.7265,6.1928,3425970.4494,3425970.4494
002160.SZ,20260205,6.5553,0.57,115.5383,1.5619,0.6924,,581455.797,580300.7023
301439.SZ,20260205,3.6481,0.77,31.3084,2.1261,1.6473,1.2361,629566.727,296493.523
002817.SZ,20260205,2.3898,0.74,43.0231,2.6322,5.2762,0.8544,248550.5793,241022.6541
603876.SH,20260205,2.8408,0.6,39.1553,2.0525,0.577,0.6199,1500766.549,1500766.549
603611.SH,20260205,1.0053,0.56,12.1889,1.9228,0.88,3.8268,603816.2541,603816.2541
688053.SH,20260205,1.7013,1.13,,2.7828,23.425,,447700.0,447700.0
601229.SH,20260205,0.7665,1.79,5.7727,0.5892,2.5433,5.322,13882202.8384,13882202.8384
603160.SH,20260205,0.9505,0.57,43.1173,3.8599,7.6783,0.6996,3588205.842,3588205.842
301217.SZ,20260205,1.3281,0.73,3674.7993,4.5977,3.9779,0.0666,2480414.5076,2480414.5076
300419.SZ,20260205,1.3542,0.49,,5.7686,8.067,,248969.3023,248969.3023
301073.SZ,20260205,7.3754,1.31,401.4149,7.1689,9.9295,0.6492,673967.3254,617570.147
603991.SH,20260205,1.7264,0.49,,4.0553,40.3956,,1300475.8904,634740.043
000803.SZ,20260205,3.5127,0.91,52.2189,2.7537,2.8,,404278.7647,398636.0053
688105.SH,20260205,0.2877,0.56,,2.1721,6.2098,0.7146,834844.8079,834844.8079
920101.BJ,20260205,4.5677,0.4,31.5293,3.6296,4.1229,,371747.8856,107046.1476
601868.SH,20260205,0.9853,0.61,12.6941,0.9197,0.2169,1.0826,10089261.5999,7847752.0879
600779.SH,20260205,2.558,0.58,38.2431,4.118,5.4884,2.2679,2072863.5979,2072863.5979
301687.SZ,20260205,9.5895,0.94,66.3174,5.8062,12.4308,,862091.68,173372.3578
601456.SH,20260205,0.89,0.94,31.6178,1.0723,8.3056,0.5703,5578342.1355,4289758.3368
002664.SZ,20260205,1.9215,0.59,190.1359,2.9888,1.7633,,1054788.8,1040256.6114
603301.SH,20260205,0.3508,0.57,66.1994,3.2695,4.3017,0.9309,1859519.5673,1859519.5673
300377.SZ,20260205,16.0765,1.69,,6.9752,13.6285,,1758849.2134,1617207.8099
301590.SZ,20260205,3.6446,0.39,44.1273,4.2092,5.6811,0.6146,820035.996,167752.2795
000517.SZ,20260205,4.1025,2.01,,1.1344,0.5749,,652704.1094,510857.2153
002546.SZ,20260205,5.9617,0.62,10.5236,1.9619,9.6221,1.3605,735631.3027,706686.7087
300899.SZ,20260205,1.1235,0.63,97.2029,3.367,13.9499,1.1538,215588.1151,138363.9031
300523.SZ,20260205,1.7268,1.02,,5.1281,4.4493,,541813.0589,541162.8533
603197.SH,20260205,1.1166,0.54,30.1459,2.4191,0.944,2.3297,759560.7454,759560.7454
000977.SZ,20260205,1.6943,0.66,35.3388,4.2043,0.5753,0.1932,8762400.2004,8752585.3745
300795.SZ,20260205,4.4414,1.99,35.0831,7.6461,5.8688,2.327,426820.4464,247422.7056
600196.SH,20260205,0.5504,0.59,21.6398,1.479,1.7961,1.1917,7103342.0045,5635180.2745
002329.SZ,20260205,4.2221,1.22,,3.6048,1.7413,,322140.3422,251700.5136
600757.SH,20260205,0.814,0.68,10.0236,1.1301,1.6165,4.4517,1117771.9014,1117630.8319
301598.SZ,20260205,1.5438,0.47,34.0671,4.1316,7.0414,3.0134,390900.8691,116464.2376
002949.SZ,20260205,2.3415,0.92,36.0232,2.097,2.4235,2.2668,302691.726,234506.2542
601816.SH,20260205,0.545,0.97,18.7004,1.2053,5.73,3.1403,24413914.0056,24413914.0056
688329.SH,20260205,2.0001,0.71,374.5269,2.5231,5.1378,,196010.8,196010.8
603050.SH,20260205,1.13,0.68,33.5647,4.5166,1.7533,0.6595,826401.0265,826401.0265
603311.SH,20260205,2.2323,0.69,41.47,2.7375,4.4157,0.7524,376234.8317,376234.8317
603355.SH,20260205,0.4086,0.54,19.9107,3.5452,1.9701,,1936932.1271,1936932.1271
000615.SZ,20260205,1.1387,1.04,,,5.5265,,564847.691,292399.9818
002420.SZ,20260205,2.7179,0.54,52.603,5.2227,1.0915,,321628.78,312455.4117
300154.SZ,20260205,1.1404,0.6,38.8388,2.2631,4.5995,2.2247,404150.1257,283262.4497
300719.SZ,20260205,16.3336,1.76,528.8147,4.6409,6.744,0.2112,481506.2221,340200.53
301308.SZ,20260205,3.4819,0.54,187.4957,16.2996,5.8621,,12269220.2556,8032065.5003
688549.SH,20260205,3.2589,0.7,2411.1245,4.3411,11.4006,0.0558,1323639.296,528029.824
600228.SH,20260205,3.7609,0.94,,6.3271,7.1272,,261253.6117,260855.31
605598.SH,20260205,2.6724,0.79,230.619,7.9756,9.7793,0.1924,1449409.5781,1440117.6101
001201.SZ,20260205,1.6658,0.63,169.1842,1.1352,1.8774,,385644.8655,303889.4379
600376.SH,20260205,2.0416,0.7,,2.1598,0.4276,,1408442.6221,1408442.6221
600463.SH,20260205,3.6182,1.77,,3.8697,6.0148,,355800.0,355800.0
002249.SZ,20260205,2.3008,0.72,24.7904,2.7535,2.1138,2.1249,2631618.9508,1977289.7094
300898.SZ,20260205,5.3299,0.94,38.0951,3.7351,4.6864,2.0318,366172.0,338811.5366
603402.SH,20260205,23.0548,1.9,34.2741,4.4696,12.1835,,1287600.0111,321900.0111
688726.SH,20260205,11.507,0.86,36.4513,6.7214,4.7016,0.5551,2701904.3759,1466016.5437
300690.SZ,20260205,2.1461,0.71,30.431,3.2001,4.8618,0.6861,506133.0411,339101.8011
300851.SZ,20260205,2.2177,0.81,51.1567,2.0776,7.7484,1.4011,266798.6046,166063.6667
601061.SH,20260205,2.9596,0.41,24.3522,3.0068,0.5003,2.0283,6933500.0,709132.6935
301206.SZ,20260205,1.017,0.49,60.2483,1.3057,8.1644,5.4595,550325.904,354370.0918
688085.SH,20260205,2.1154,0.91,108.8596,3.4036,13.7856,0.0165,706273.5708,664593.8872
603685.SH,20260205,3.3465,1.06,281.8038,3.0788,5.0206,0.0222,608053.2263,488151.505
688526.SH,20260205,0.6567,0.83,16.6046,1.829,7.5231,2.6143,763051.6277,763051.6277
000301.SZ,20260205,0.3567,0.5,,2.4784,0.6816,,8283871.5872,8280520.3485
920002.BJ,20260205,1.562,0.81,76.5205,6.3866,13.1213,0.141,460945.0658,317823.7458
002164.SZ,20260205,2.3313,0.78,118.0069,5.0785,4.8723,,727481.4329,655852.723
301077.SZ,20260205,1.8724,0.55,33.9769,4.4513,6.5224,2.8251,509726.5862,285921.6791
300248.SZ,20260205,1.8527,0.48,64.5432,2.9086,6.3565,0.6173,617347.5173,530210.5893
605298.SH,20260205,0.5982,0.77,101.5277,7.4894,13.8024,0.3605,781643.85,774990.411
603948.SH,20260205,2.3234,0.59,20.8477,2.1697,2.089,3.5676,455457.1351,455457.1351
002796.SZ,20260205,5.8194,0.68,813.996,12.383,11.4261,,1060193.5485,956602.1608
600655.SH,20260205,0.8161,0.43,,0.5905,0.519,3.6129,2035755.6768,2034389.6008
600307.SH,20260205,1.1793,0.53,,1.7107,0.3547,,1164984.4809,1164984.4809
601006.SH,20260205,0.8946,0.79,15.4581,0.6247,1.3463,4.3053,10295207.8129,10295207.8129
603828.SH,20260205,0.5517,0.55,,6.3544,2.1119,,409424.6285,409410.5224
603955.SH,20260205,0.7262,0.67,,2.5655,20.1313,0.1732,391823.64,391823.64
002763.SZ,20260205,2.132,0.99,43.0704,1.8054,1.1209,5.4745,336957.528,249558.5424
603711.SH,20260205,0.9557,1.14,38.2239,1.6927,1.8431,1.8464,559031.5314,559031.5314
600982.SH,20260205,1.2185,0.82,15.7766,1.1803,1.3498,3.2258,519696.7805,519696.7805
300921.SZ,20260205,26.8362,1.36,155.3351,6.5283,9.5763,0.2409,540732.2068,337450.5391
920275.BJ,20260205,0.9169,0.56,163.7284,6.0639,18.9118,0.6772,141208.5536,116876.2656
300953.SZ,20260205,2.7871,0.76,54.7348,6.3149,3.1022,0.0949,2701048.2717,1942413.4586
600246.SH,20260205,1.6986,0.52,,4.1262,47.8846,,2300497.1716,2238248.3716
600739.SH,20260205,0.9377,0.66,21.3645,0.6266,1.6575,0.1652,1843300.3283,1843300.3283
300790.SZ,20260205,1.7173,0.52,41.3387,3.8255,3.1642,0.5655,984681.158,854409.0862
300054.SZ,20260205,2.2603,0.76,61.9825,8.3056,11.3972,0.2296,4114343.2953,3201215.0462
688049.SH,20260205,2.3512,0.59,47.8792,4.5712,9.8845,0.5666,896858.368,896858.368
301069.SZ,20260205,1.7357,0.61,91.8497,4.9859,10.91,0.3832,1097587.9826,1033647.1826
688130.SH,20260205,1.8532,0.51,,2.2789,17.6153,,284094.0709,141669.9709
688319.SH,20260205,0.9468,0.86,151.6398,10.1696,13.7309,,973701.36,972982.32
688395.SH,20260205,0.7852,0.68,62.7506,2.9541,5.5195,0.5643,230176.7398,230176.7398
600963.SH,20260205,5.5158,0.71,24.0529,1.2762,1.0676,0.5197,1019389.3553,1019389.3553
600599.SH,20260205,1.5625,0.52,,10.3097,4.4323,,119520.0,119520.0
688720.SH,20260205,3.2952,0.64,141.9174,6.1975,11.1955,,626187.3381,400610.6078
600284.SH,20260205,0.8216,0.72,20.3738,0.9724,0.5208,2.2989,759710.448,759710.448
002045.SZ,20260205,1.6165,0.91,280.3515,1.7716,0.9242,,784101.486,783195.0375
603223.SH,20260205,0.621,0.49,29.8159,1.7749,5.2375,0.9679,692761.4346,692761.4346
920976.BJ,20260205,2.7473,0.96,35.4915,7.7431,7.324,2.8612,198385.7064,123358.4016
600267.SH,20260205,1.0039,0.87,23.043,1.4805,1.2129,1.9478,1259989.454,1259296.5822
001914.SZ,20260205,2.0314,1.45,13.9432,1.1744,0.6671,2.0107,1264463.8296,1264459.8696
920247.BJ,20260205,0.9634,0.63,120.9736,8.4104,9.0039,0.4499,387873.7367,281324.9847
603171.SH,20260205,1.4577,1.09,264.8745,11.2356,13.5851,0.2868,2836288.1,2833112.2
000735.SZ,20260205,2.9836,0.45,,2.1334,3.6483,0.2558,900483.618,900001.8583
603303.SH,20260205,0.3136,0.82,24.1628,2.2205,1.5625,9.3387,691569.6338,691569.6338
002099.SZ,20260205,1.8805,0.51,,2.1592,5.9422,,1105582.5178,1103521.6404
920726.BJ,20260205,17.3969,1.28,154.2055,5.7465,11.3016,0.6889,250921.56,138003.6619
300997.SZ,20260205,6.0878,1.46,153.8182,11.2256,7.3266,1.1001,1140493.3493,1006320.9164
600548.SH,20260205,0.4144,0.89,18.7274,0.9942,2.4638,2.6638,2324676.2123,1570414.2004
920080.BJ,20260205,1.6096,0.43,33.0053,4.2527,5.7888,1.8242,227503.0,62112.1591
600381.SH,20260205,0.2293,0.3,,1.6248,5.8756,,167312.3112,167312.3112
600602.SH,20260205,3.3077,0.43,142.7712,5.6172,4.3608,0.2273,2707993.4409,2127119.9202
002707.SZ,20260205,9.1016,1.54,164.3915,8.7685,1.1655,,812705.3323,682446.3751
000603.SZ,20260205,9.9637,1.41,64.9426,10.1347,14.6984,0.2069,3334621.8492,3222240.163
301002.SZ,20260205,6.8875,0.94,,5.2776,5.8199,,538780.1636,336577.6245
000042.SZ,20260205,1.3069,0.71,,1.8111,2.3802,,597018.3628,596389.8194
601069.SH,20260205,5.327,0.73,70.7584,7.103,2.6166,0.1419,3234046.8867,3149518.9727
002205.SZ,20260205,2.5569,1.06,,7.5972,3.6862,,273375.3884,273375.3884
301066.SZ,20260205,4.169,0.58,161.8537,3.5677,6.3636,0.7257,442830.0642,439424.923
301238.SZ,20260205,1.023,0.88,278.4453,2.0564,7.4527,0.995,1473999.933,1473999.933
600980.SH,20260205,1.9879,0.44,39.7506,3.0468,3.3689,0.6221,441173.2791,437749.7161
600252.SH,20260205,1.0021,0.7,,1.4101,3.5563,,815145.7459,815145.7459
002136.SZ,20260205,6.0084,1.17,,2.4576,1.5388,,277375.8,276647.9304
300199.SZ,20260205,4.4445,1.74,,25.6611,18.548,,1665793.1597,1406386.1357
603080.SH,20260205,1.0502,0.43,18.0438,2.1753,2.1203,2.3911,331393.0,331393.0
002827.SZ,20260205,1.1176,0.96,58.9745,9.6818,5.4099,0.4305,963288.942,959652.0
688433.SH,20260205,2.7538,1.23,918.8541,17.6363,63.9866,0.058,3488543.8024,1702324.6874
603868.SH,20260205,0.3648,0.89,37.7206,5.1926,4.394,1.2821,1698840.0,1698840.0
603506.SH,20260205,1.3897,0.52,23.0417,2.1432,1.4557,,267395.5573,267395.5573
688358.SH,20260205,0.8462,0.58,29.3468,2.8509,8.8779,2.8027,399167.1823,398633.1823
605277.SH,20260205,1.9934,0.48,37.6779,4.9091,2.0199,0.6136,792798.2665,778475.814
300710.SZ,20260205,2.2677,0.6,,6.4924,10.5472,,300162.2351,225007.8992
600734.SH,20260205,3.2121,0.77,,30.9537,25.2942,,960631.6697,960433.2197
301618.SZ,20260205,1.4733,0.36,97.6772,4.985,8.5994,0.6499,466055.1328,171275.1655
603607.SH,20260205,1.8153,0.84,38.271,4.0894,4.4526,2.1598,413266.392,413266.392
300144.SZ,20260205,6.6562,1.79,30.0928,2.8563,10.6916,2.1937,2391083.7897,2148884.7868
000402.SZ,20260205,1.4718,0.78,,0.3707,0.6382,,872767.5328,872690.8142
605162.SH,20260205,0.7785,0.79,24.5536,2.8717,4.8601,1.9734,365331.6978,365331.6978
301322.SZ,20260205,1.2057,0.62,46.1247,1.4213,5.109,1.0608,399562.119,257335.783
603392.SH,20260205,0.2133,0.73,,4.4115,29.7005,,5333208.8473,5333208.8473
600362.SH,20260205,3.4357,0.79,24.1743,2.4089,0.3715,1.9593,19342806.4563,11592332.0043
603041.SH,20260205,1.3531,0.71,76.3485,1.6085,3.8899,0.8992,241754.9534,241754.9534
002835.SZ,20260205,2.087,0.49,21.9644,3.0483,3.4073,1.8654,375115.1281,217535.5321
920770.BJ,20260205,10.4116,1.07,56.3561,3.955,14.1178,0.6349,245949.8108,154779.282
688080.SH,20260205,2.1272,0.68,28.5812,3.7944,5.6574,0.346,426027.0675,426027.0675
688077.SH,20260205,3.0401,0.45,77.7463,3.3379,2.3649,0.6093,362438.9437,362438.9437
688178.SH,20260205,0.8407,0.78,,2.142,3.6952,,213344.5884,213344.5884
688396.SH,20260205,0.986,0.76,100.7272,3.4751,7.4133,0.1404,7943935.9176,7943935.9176
002531.SZ,20260205,3.3448,0.72,,1.726,3.0875,0.2317,1550706.2819,1542065.465
603533.SH,20260205,4.1648,0.79,,4.5146,3.3324,0.4205,1043696.6736,1043696.6736
300298.SZ,20260205,1.2119,0.61,36.1454,3.1893,2.1618,1.1937,1019126.2296,820915.9697
001220.SZ,20260205,49.8013,,29.5923,3.146,4.9866,,470679.0,115304.1048
600452.SH,20260205,4.8481,1.17,45.4047,3.2376,5.9336,0.7806,1771632.5271,1771632.5271
688516.SH,20260205,8.8923,1.48,69.1013,9.4491,4.9458,1.9282,3436465.0649,3430256.6596
920821.BJ,20260205,0.9616,0.48,168.7229,6.4136,8.0617,0.2932,337049.586,177469.9811
600206.SH,20260205,2.912,0.75,62.6244,4.1173,1.9046,0.5291,1743899.8639,1743899.8639
000559.SZ,20260205,2.5539,0.67,54.7765,5.8726,3.9744,1.0773,5520071.8093,5518716.1163
002981.SZ,20260205,1.7028,0.99,29.6996,3.5917,2.0418,0.8697,404346.6642,351196.324
301053.SZ,20260205,2.4284,1.52,109.71,4.4709,4.5398,0.8067,304028.1533,279112.4784
603093.SH,20260205,0.7056,0.81,28.8783,2.3746,5.9456,0.4148,1302670.6808,1107269.5958
600269.SH,20260205,0.6345,0.74,8.7586,0.5916,1.8372,3.4343,1156026.4719,1156026.4719
300875.SZ,20260205,2.8134,0.56,,4.2229,26.4014,,398640.1607,350552.1343
300557.SZ,20260205,1.8307,0.75,89.7556,4.2405,6.0117,0.4401,422795.8372,417264.7577
300691.SZ,20260205,1.4083,0.64,,2.8677,2.3238,0.4659,461956.7312,379007.352
300563.SZ,20260205,2.9591,0.57,100.4002,5.95,7.6813,0.6443,657512.8589,462606.3127
688212.SH,20260205,0.9487,0.36,,4.6179,8.5637,0.1838,575155.2828,575155.2828
002022.SZ,20260205,1.6175,0.42,,1.0286,1.9928,,318896.726,318836.276
300236.SZ,20260205,3.3745,0.86,92.2218,4.3659,13.1571,0.3416,2370730.3061,2108569.5054
300909.SZ,20260205,1.3767,0.46,95.0852,3.9053,5.0773,0.5052,787545.9734,556426.9152
600622.SH,20260205,4.3568,1.39,,1.5045,2.8186,,442407.1936,442407.1936
603588.SH,20260205,2.2107,0.51,26.7322,1.5824,1.1475,0.7035,1515618.2847,1515618.2847
002432.SZ,20260205,1.5773,0.75,10.2021,0.8686,12.2803,0.4454,1927324.6496,1817208.0283
688050.SH,20260205,1.2296,1.0,32.5385,4.1791,7.9405,0.5759,1174537.4818,1174537.4818
300592.SZ,20260205,3.3006,0.51,185.9929,2.4386,0.5839,0.3555,563275.5263,485995.3758
600684.SH,20260205,5.3933,0.58,158.9496,4.5143,3.4795,,555249.2901,428437.2829
920378.BJ,20260205,0.7733,0.8,83.5562,4.1042,4.1592,0.9921,156770.208,112273.3221
002815.SZ,20260205,3.6662,0.68,56.9051,1.9883,2.4101,0.7379,1758424.5367,1122193.0682
688068.SH,20260205,0.8985,0.51,,4.3045,29.0578,,1262404.019,1262404.019
002862.SZ,20260205,5.2185,1.31,,7.8737,6.9275,0.1143,315000.0,236714.8425
300408.SZ,20260205,1.9246,1.48,38.8467,4.7089,11.6307,0.7345,9889126.4344,9648209.3677
600819.SH,20260205,1.695,0.92,58.2253,2.196,1.5016,0.3868,837080.8116,640535.5694
300580.SZ,20260205,0.9456,0.76,39.5753,3.654,8.2748,0.7164,1187790.5916,1117240.6135
603086.SH,20260205,2.4284,0.49,21.711,1.6459,1.4032,,355677.151,355677.151
300103.SZ,20260205,2.1317,0.81,,5.0478,15.3062,,245505.573,245301.7306
603982.SH,20260205,1.7524,0.86,,1.3331,1.1746,,312915.5487,290997.3906
603022.SH,20260205,2.1164,0.7,43.5776,2.7882,2.4025,0.6824,228600.0,228600.0
300009.SZ,20260205,1.0439,0.59,24.8432,3.9909,6.4457,1.5064,1661292.7838,1222865.7486
603079.SH,20260205,0.9437,0.7,61.706,2.3923,4.4882,,376925.0703,376925.0703
300681.SZ,20260205,4.165,1.12,46.0859,2.5681,2.4455,0.0987,777757.0309,586444.6416
002560.SZ,20260205,7.4085,0.67,62.9957,2.0095,0.6765,,538356.2957,463806.466
300299.SZ,20260205,4.6034,0.89,,11.4174,12.7762,,490803.3604,490037.6134
002879.SZ,20260205,5.2372,0.68,78.5136,2.3431,2.761,0.8974,412284.8114,294382.3507
920267.BJ,20260205,0.9274,0.5,161.2661,4.4232,2.088,0.8254,115060.7302,68086.3645
603352.SH,20260205,8.6827,1.04,43.5285,3.5324,2.7523,,1014560.0015,198834.5371
920057.BJ,20260205,1.1601,0.56,,1.7307,0.938,,123802.8319,78593.2738
300399.SZ,20260205,3.9638,1.01,356.1124,10.6256,11.3406,0.1812,545376.0,545322.801
920076.BJ,20260205,9.397,0.81,27.7225,2.137,1.9477,,202980.9097,47960.9591
688201.SH,20260205,1.5446,0.39,312.2486,3.8035,9.5408,,494759.953,471947.9747
603387.SH,20260205,1.0516,0.73,20.8681,1.6189,4.1782,2.0955,435644.8711,435644.8711
002514.SZ,20260205,5.5085,1.08,,29.7523,14.1389,,366497.4404,282003.4404
600880.SH,20260205,3.5708,0.6,453.7659,2.1512,9.8317,0.1672,653812.591,653632.0447
300140.SZ,20260205,4.1916,0.9,27.4825,1.6327,3.7619,1.6416,2265417.9887,745708.6338
301503.SZ,20260205,3.141,0.94,25.2332,2.9495,2.1509,2.4173,314400.0,127646.4
300100.SZ,20260205,1.2159,0.72,37.6054,6.5087,3.6237,0.3974,2003656.2388,1932906.4736
688196.SH,20260205,0.8585,0.51,57.3017,3.0511,3.3131,0.6155,974790.2529,919680.0
300483.SZ,20260205,6.5112,0.56,,1.9968,1.9,,483258.2674,483073.5874
603370.SH,20260205,3.5728,0.62,48.5362,4.524,5.3924,,861978.65,168914.4054
600367.SH,20260205,4.5064,0.47,44.456,2.4969,2.8146,0.2761,617788.0635,583093.4326
301487.SZ,20260205,6.4908,1.03,,5.6528,5.0475,,1065850.5197,632609.2953
600251.SH,20260205,1.375,0.4,36.6684,2.1234,2.5511,1.7358,805742.3456,805742.3456
002943.SZ,20260205,7.6372,0.89,,17.6417,19.4368,,1575658.6367,1116225.8029
688343.SH,20260205,4.0835,0.64,,7.2145,20.32,,2814615.6553,2071078.5194
688314.SH,20260205,1.3521,1.01,35.4912,4.6687,9.4242,0.9839,313745.6823,313745.6823
002991.SZ,20260205,2.541,1.42,22.579,3.4681,2.6371,3.7593,576073.8356,308590.3031
300428.SZ,20260205,1.6488,0.74,18.3813,1.7916,0.5009,1.3912,1542558.4943,1342712.6978
600935.SH,20260205,0.7258,0.63,,1.6692,2.0799,,999337.1796,975057.7037
002591.SZ,20260205,11.1166,1.24,,3.61,6.4141,,237757.9913,177021.8699
600820.SH,20260205,0.7873,0.62,8.2203,0.6793,0.3477,4.4978,2097112.0947,2097112.0947
301169.SZ,20260205,1.6369,0.75,,9.5658,12.4456,,418771.6358,418640.8433
000690.SZ,20260205,1.4545,0.61,10.1541,0.7557,1.1094,4.5872,948687.1078,948069.5195
000733.SZ,20260205,2.3412,0.68,31.691,1.9663,5.5625,0.3317,3006923.3326,3006518.0104
600551.SH,20260205,0.9139,0.82,14.1042,1.0113,0.7763,4.6296,585839.7265,585839.7265
002020.SZ,20260205,1.0978,0.82,20.095,2.5337,3.5815,1.9894,1431891.4598,1203959.3411
300757.SZ,20260205,7.3874,0.91,,38.5113,126.703,0.0118,6412686.3269,5763975.1332
603011.SH,20260205,6.9496,1.01,,6.145,5.6593,,1290421.6806,1290421.6806
300484.SZ,20260205,1.6555,0.66,73.1648,5.859,8.4013,0.8396,395683.049,317733.5138
605198.SH,20260205,0.6635,0.54,41.2563,5.2309,8.3411,0.5844,1429656.264,1157353.008
605050.SH,20260205,0.8787,0.59,18.1484,1.5259,0.5566,2.6413,649548.8606,649548.8606
300166.SZ,20260205,3.0344,0.61,,2.0513,4.385,,1200238.0184,954689.5503
600571.SH,20260205,1.5823,0.67,73.1245,6.1243,3.525,0.2986,733985.0184,720501.1805
002091.SZ,20260205,1.0319,0.65,12.2359,0.9136,0.3574,5.4207,1411228.6362,1384446.8112
920914.BJ,20260205,1.7169,0.79,42.9556,2.9835,2.8082,0.3476,284850.28,284625.055
300321.SZ,20260205,1.1748,0.7,470.5363,5.9129,9.6072,0.1019,374736.0,374296.698
603871.SH,20260205,0.5026,0.55,17.8967,3.4561,2.1643,3.4969,1900164.026,1900164.026
300363.SZ,20260205,1.7914,0.92,,2.4936,3.8044,,1305348.1068,1198253.0368
600620.SH,20260205,1.0157,0.75,77.6962,3.2538,9.8829,0.2134,482734.0104,482734.0104
600056.SH,20260205,0.8304,0.63,29.8304,1.3668,0.4773,0.9724,1620037.7671,1619465.6507
002431.SZ,20260205,2.0909,0.99,,4.2999,1.8179,,479439.6675,479439.6675
301246.SZ,20260205,2.3363,0.58,589.2111,1.9329,4.7464,0.1421,838014.246,335289.5613
603699.SH,20260205,0.3956,0.51,30.898,11.9558,6.0307,2.9771,4454000.2548,4355529.9724
002293.SZ,20260205,1.5238,1.19,17.0554,2.178,1.8388,5.7379,872199.2351,864605.8902
600098.SH,20260205,0.6458,0.7,10.6371,0.9026,0.4878,5.2938,2450599.6217,2450599.6217
688693.SH,20260205,3.3758,0.83,,3.4558,13.1286,,292378.9492,154372.7148
300654.SZ,20260205,6.0501,0.58,123.4941,5.3907,8.7786,0.4375,460218.939,442792.7482
300288.SZ,20260205,1.8357,0.47,,4.4126,15.7313,0.1056,480214.7322,364585.1046
002437.SZ,20260205,2.052,0.72,26.0498,3.5679,3.3954,,763353.6191,717936.0786
002783.SZ,20260205,2.3067,0.56,28.6611,1.8728,1.332,1.0173,490868.567,447998.6483
002732.SZ,20260205,2.0716,1.0,37.6128,1.8732,1.7528,0.8375,281813.85,280289.3705
002752.SZ,20260205,1.706,1.09,22.2321,1.9044,0.9138,1.4837,658443.0474,658341.9474
603997.SH,20260205,0.752,0.6,86.7819,3.6225,0.8736,,1876590.6744,1876590.6744
301526.SZ,20260205,11.7366,0.64,464.6884,4.3165,4.2267,,3544625.3651,1320129.3476
000998.SZ,20260205,3.3709,0.51,,2.5327,1.7029,0.4049,1451814.6843,1299269.9394
300135.SZ,20260205,1.5982,0.49,714.3948,3.9289,2.734,0.2481,371404.8,371404.8
600410.SH,20260205,18.4981,0.95,40.2384,5.0602,5.3751,0.0302,2400226.8611,2400226.8611
600654.SH,20260205,1.869,0.66,52.5725,6.289,3.2238,,1087716.4821,875975.2219
601566.SH,20260205,7.8921,3.92,21.4277,1.846,2.4724,2.2901,752774.6665,752774.6665
688023.SH,20260205,2.3952,0.57,,2.446,2.6405,,555236.5648,555236.5648
603496.SH,20260205,2.5795,0.57,,6.4541,9.2152,0.0891,898507.1359,898507.1359
300177.SZ,20260205,1.7123,0.71,,4.6184,5.9888,,697286.4148,568106.1462
603966.SH,20260205,2.9777,0.43,23.7935,2.533,1.9871,1.7942,511096.2041,509879.7784
002739.SZ,20260205,7.2427,1.55,,3.319,2.072,,2548916.9006,2534594.3247
300572.SZ,20260205,3.6036,1.28,,3.6948,14.6192,,654450.0247,524720.5147
002125.SZ,20260205,2.2059,0.48,36.8565,2.756,4.3545,1.1976,840994.4222,840994.4222
003017.SZ,20260205,2.7867,0.8,28.927,2.4959,2.7157,1.8721,267624.0,220751.5298
600748.SH,20260205,0.9918,1.05,,0.9892,3.4281,,1032955.2195,1032955.2195
000965.SZ,20260205,4.1336,0.89,56.6169,0.8303,1.3893,0.2433,456140.4978,456140.4978
603275.SH,20260205,2.7819,0.55,35.9301,2.3809,9.7835,0.36,696698.5782,194512.9147
002237.SZ,20260205,7.8142,0.77,39.0344,1.8986,0.2629,0.6544,2473848.8058,2062775.8938
300113.SZ,20260205,11.9444,0.7,48.6151,6.9946,9.0532,0.3434,1767018.322,1340122.1651
601808.SH,20260205,0.6632,0.41,18.9439,1.6077,1.4934,1.4887,7391196.008,4585764.932
603488.SH,20260205,3.1045,0.45,,3.1326,6.1607,0.3099,282646.7459,282646.7459
603006.SH,20260205,0.9261,0.77,47.5488,2.6967,4.1357,5.4953,351633.6278,351633.6278
600797.SH,20260205,3.9039,0.62,605.9554,2.9931,3.0692,,1044994.3183,1044994.3183
300041.SZ,20260205,4.4885,1.09,43.078,2.304,1.5693,1.2594,666286.6967,648007.7659
300678.SZ,20260205,1.6131,0.48,1219.7105,11.3901,19.9755,0.1538,963848.2248,947237.3405
688180.SH,20260205,0.9937,0.5,,5.7956,14.5093,,3602654.7573,2689277.146
920242.BJ,20260205,0.7208,0.47,18.1884,2.8514,2.343,1.4039,187572.0375,105434.2538
688251.SH,20260205,1.3076,0.56,145.2879,3.1358,3.0698,0.4905,262069.4213,260248.0705
603127.SH,20260205,1.4431,0.65,124.7091,3.4567,16.8275,0.0797,2807058.4321,2361302.3904
000929.SZ,20260205,1.164,0.58,,3.9194,7.2666,,183165.276,183153.6639
920130.BJ,20260205,1.9018,0.55,,4.3237,6.4315,,220922.5502,134014.0356
002191.SZ,20260205,0.8944,0.59,,0.8581,2.2372,,573452.6394,569003.6367
600582.SH,20260205,1.3767,1.36,9.002,0.9833,0.8645,5.231,2507984.8686,2507984.8686
300845.SZ,20260205,3.2769,0.66,50.0261,3.0912,6.3992,2.0404,247591.8844,174109.5057
603565.SH,20260205,0.834,0.98,10.1412,2.1937,2.0231,11.8217,2167265.1223,2167265.1223
002076.SZ,20260205,1.8811,0.59,,7.743,10.3143,,244007.388,229300.331
688409.SH,20260205,2.4402,0.98,556.5082,6.0928,8.1188,0.1629,2804890.6624,2804890.6624
688503.SH,20260205,5.1336,0.76,76.8286,3.7399,1.3626,0.5517,1812589.9524,1504688.4196
002270.SZ,20260205,1.9788,0.9,37.8866,8.5394,11.0645,2.0606,2683298.9404,2683241.6053
920124.BJ,20260205,2.1117,0.48,24.9783,2.6525,2.515,,275900.2993,141965.7637
301112.SZ,20260205,1.0208,0.81,,3.3387,7.6627,0.2729,404127.089,404127.089
301109.SZ,20260205,2.219,0.65,16.6205,1.5972,4.3012,4.1555,1220739.0026,356771.6508
002908.SZ,20260205,2.0763,0.5,273.9727,3.9249,7.2102,0.4914,434020.6805,323765.6398
300195.SZ,20260205,3.2167,0.76,232.1491,1.3768,2.2579,,368625.7477,273103.8585
603165.SH,20260205,1.037,0.6,18.8333,2.1538,1.7993,7.2784,392641.6309,392641.6309
300085.SZ,20260205,5.3881,1.38,,56.3377,37.0062,,2821615.6563,2603487.35
688112.SH,20260205,0.5188,0.68,47.0408,3.9412,10.7974,1.3095,620033.8905,620033.8905
300806.SZ,20260205,7.4663,0.59,488.18,9.9812,7.7473,0.0199,2264236.0125,1579469.8091
605399.SH,20260205,2.4786,0.76,,2.1452,4.2587,0.6785,460190.6535,459191.2815
600388.SH,20260205,1.0283,0.63,23.9153,2.1669,2.0528,1.5436,2303863.9755,2303863.9755
300364.SZ,20260205,9.0157,0.76,,47.4145,16.4568,,2241594.8631,2032085.7947
002976.SZ,20260205,2.195,0.69,3132.8196,2.8443,2.0989,,421557.1346,187729.9072
300030.SZ,20260205,2.2076,0.78,,4.0337,4.9983,,254461.1602,224042.0392
300387.SZ,20260205,6.3895,1.17,32.1778,1.7849,2.005,0.7642,264776.2285,264684.2868
603687.SH,20260205,2.1539,0.65,51.4168,1.8058,2.6642,0.5416,588534.0945,588534.0945
002722.SZ,20260205,1.4582,0.79,24.6205,1.2222,1.5125,1.3555,349346.4277,300510.5872
301297.SZ,20260205,2.2072,0.8,121.8752,5.6706,12.3768,0.4051,2928159.1361,1343355.608
002111.SZ,20260205,1.7929,0.73,81.4868,1.9989,1.8985,1.5647,590531.534,534188.539
600229.SH,20260205,0.9516,0.84,,1.4341,2.138,1.0189,453906.2476,453906.2476
920351.BJ,20260205,2.0019,0.4,60.5215,4.2913,0.9647,0.4706,187075.3079,84288.8475
688099.SH,20260205,1.7146,0.64,37.2359,4.8044,5.4231,,3447661.708,3447661.708
300352.SZ,20260205,4.3907,1.01,,7.2599,35.0932,,894541.4617,787668.9142
600248.SH,20260205,0.4806,0.65,12.1182,0.4646,0.0983,2.507,1342564.9677,1330360.4037
605066.SH,20260205,4.1132,0.89,33.7299,2.3183,1.4334,3.0601,413895.1025,411995.1625
301502.SZ,20260205,3.327,0.78,79.8673,3.175,6.1475,0.7569,263954.104,109066.288
003018.SZ,20260205,12.2382,2.0,40.9122,3.0466,5.8781,1.6069,485420.0,182926.653
301601.SZ,20260205,1.0304,0.47,95.7635,3.1467,7.7423,0.6331,399384.64,240176.64
603556.SH,20260205,1.1793,0.99,19.1138,2.4436,3.8536,1.8743,1802095.014,1802095.014
002727.SZ,20260205,3.0776,1.02,91.7092,1.1309,0.4752,3.4692,827458.6286,561402.4678
002959.SZ,20260205,1.773,1.87,19.9229,2.4713,1.3263,2.1993,704328.9604,680528.2695
688435.SH,20260205,4.4836,0.43,,4.1627,22.4433,,457413.0,307031.7657
001270.SZ,20260205,6.2422,1.02,324.2506,19.9872,70.549,,2943320.7863,2905973.7311
002159.SZ,20260205,6.591,1.61,23.8166,2.0319,4.6269,1.4916,297157.0207,232080.0156
688127.SH,20260205,2.5976,0.96,63.1678,9.5374,15.0226,0.4133,1951150.2439,1951150.2439
603192.SH,20260205,1.4404,0.86,29.8207,2.3326,1.509,1.4236,371821.8358,365663.1629
603893.SH,20260205,0.8909,0.39,74.2984,17.9239,18.4518,0.3599,7598721.8835,7596591.8655
688257.SH,20260205,1.4652,0.54,58.8885,5.3948,5.4185,0.5116,1244373.9247,1244373.9247
300340.SZ,20260205,1.707,0.62,,,1.6984,,327035.9667,324600.6546
000880.SZ,20260205,14.7058,0.99,66.2888,7.3247,2.6827,0.5716,1507044.8812,737610.0732
605286.SH,20260205,0.4392,0.69,28.6412,2.9576,2.844,0.4815,627984.0,627984.0
603291.SH,20260205,17.4424,1.78,59.5029,2.7319,4.1412,1.3112,484164.371,148654.8801
000779.SZ,20260205,1.3249,1.3,19.8367,1.042,2.0373,0.9029,411838.8945,411790.4214
301024.SZ,20260205,1.5331,0.91,,6.0016,17.4646,,239969.79,232327.44
300063.SZ,20260205,22.1726,0.64,92.2129,6.7689,1.6948,,1177234.1368,972412.4955
002864.SZ,20260205,9.9882,1.83,32.1562,2.3011,3.5279,1.0932,387500.3802,270499.3943
600497.SH,20260205,3.7682,0.74,38.3343,2.6368,2.0536,1.8454,4380090.6397,4380090.6397
002917.SZ,20260205,1.6816,0.71,32.9275,2.9252,2.893,0.6962,491526.4746,368315.9358
002641.SZ,20260205,1.4745,0.82,63.5711,1.0257,0.8959,1.0884,559237.7113,515967.5671
600127.SH,20260205,7.4965,0.91,302.8682,6.2952,1.0696,,428069.4064,428069.4064
601011.SH,20260205,7.6821,1.01,,1.1742,10.5391,,676229.5823,676229.5823
300129.SZ,20260205,6.5091,0.71,61.4713,2.6607,2.7409,0.366,1532435.1846,993257.4771
600185.SH,20260205,4.0858,1.83,,24.0349,2.5791,,1376054.2304,1376054.2304
600738.SH,20260205,2.8994,1.26,52.1732,2.0711,6.738,0.261,422541.056,422169.7388
603999.SH,20260205,4.552,1.24,65.8375,2.2609,5.4224,0.411,462528.0,462528.0
600751.SH,20260205,1.9727,0.8,102.6201,1.4854,8.4814,,1124943.0598,998397.3522
920270.BJ,20260205,1.4854,0.48,38.6416,4.6591,8.2262,2.7518,190087.272,147410.152
002622.SZ,20260205,1.9599,0.77,,6.9624,3.367,,253680.0,253672.5255
002916.SZ,20260205,0.7683,0.5,56.506,8.6009,7.0994,0.5014,15343277.5524,14974832.8613
600576.SH,20260205,4.0171,1.35,37.1768,2.4107,6.6046,,716038.3908,448404.8664
600775.SH,20260205,4.9868,0.9,,4.3397,5.519,,1312272.1276,964760.1276
300092.SZ,20260205,3.1008,0.95,52.1477,2.6126,4.1613,1.5365,424307.1468,325082.8305
600710.SH,20260205,2.3076,0.99,11.8602,1.8893,0.1364,3.0,1607301.8038,1607301.8038
688519.SH,20260205,1.8528,0.84,120.5845,6.5907,4.0045,0.123,1834265.8386,1834265.8386
300818.SZ,20260205,8.8511,0.94,115.4669,3.7366,7.3976,0.1746,676778.142,439024.4721
600798.SH,20260205,2.3832,0.67,,1.1468,1.6252,0.5391,447624.1886,447624.1886
300464.SZ,20260205,3.6799,0.74,,22.3203,2.1585,,309943.9119,240566.991
601528.SH,20260205,1.6253,1.41,5.4189,0.5631,2.4598,3.6101,1087037.4128,960888.9221
601588.SH,20260205,2.263,1.3,,0.8412,0.9325,,632999.76,500080.0
301201.SZ,20260205,2.5901,1.02,,2.7404,15.5847,0.5191,583580.5441,409429.1147
603967.SH,20260205,0.8339,0.89,17.2254,1.9058,0.4798,4.6656,445813.3891,445813.3891
000159.SZ,20260205,4.4697,0.71,97.5701,1.599,2.2537,,325905.1033,325896.2045
001396.SZ,20260205,10.0222,0.67,35.4331,3.4046,6.2437,,470049.9232,97644.8122
688030.SH,20260205,1.0928,0.56,,3.8046,3.137,,316854.5505,316854.5505
002418.SZ,20260205,3.5668,0.95,,3.6055,1.8355,,519334.8,519333.5835
603660.SH,20260205,2.0901,0.69,,5.8241,4.2831,,570603.9716,566349.2617
301189.SZ,20260205,3.4897,1.07,,2.537,6.4726,,533212.2062,511962.8162
600778.SH,20260205,28.7914,4.15,426.3729,11.3499,1.772,,261029.753,260798.0711
688665.SH,20260205,0.8892,0.91,32.4454,4.556,4.8746,0.6816,514028.6792,514028.6792
300881.SZ,20260205,4.8505,1.15,24.5317,4.1403,1.4922,2.4143,452760.0,236284.125
600230.SH,20260205,8.4782,0.74,150.3617,2.0227,1.7415,0.1068,813847.3555,813847.3555
301552.SZ,20260205,5.4757,1.42,24.199,3.3166,5.7209,3.0274,381847.2,95461.8
688528.SH,20260205,0.9984,0.81,,3.9837,7.1059,,197568.0,197568.0
605028.SH,20260205,0.6696,0.52,25.772,3.2184,12.9972,1.8882,423680.0,423680.0
600237.SH,20260205,2.759,0.69,52.5571,3.1047,4.2739,,597276.8348,591511.1579
002465.SZ,20260205,4.5852,0.57,,3.5873,10.0122,0.345,4315909.2356,4309045.6826
300732.SZ,20260205,1.4482,0.83,,0.9728,1.7249,,283478.4551,283164.4356
002428.SZ,20260205,4.1105,0.54,534.9202,15.3515,21.0096,0.0877,2234323.52,2234034.8731
600007.SH,20260205,0.2836,0.69,17.7875,2.2205,5.5682,5.2606,2106227.7786,2106227.7786
688701.SH,20260205,1.7388,0.73,,9.6182,11.0453,,141125.518,141125.518
000756.SZ,20260205,1.4362,0.6,28.9491,2.1284,1.3024,1.5526,1106333.2948,792252.1059
688118.SH,20260205,3.5323,0.48,91.8181,3.4758,7.6967,0.4806,286575.6256,286575.6256
300068.SZ,20260205,2.5255,0.78,,3.4911,2.2244,,1342160.7447,1274650.5226
920491.BJ,20260205,1.8557,0.81,42.2022,3.6839,5.7538,1.0949,386732.3132,316675.6945
603829.SH,20260205,1.5335,0.39,38.4702,2.9153,1.919,0.4575,437166.6752,437166.6752
002646.SZ,20260205,3.6736,0.54,685.3881,1.5567,3.88,0.119,445570.4158,442614.5503
003025.SZ,20260205,1.3118,0.62,28.4555,3.3221,6.0462,1.2626,412300.5662,328755.9275
300552.SZ,20260205,4.8871,0.95,,3.8297,6.9011,,687780.5524,444559.3487
300801.SZ,20260205,2.9546,0.7,50.105,2.5082,2.2328,0.3421,629296.83,393230.9311
601369.SH,20260205,0.9668,0.79,19.007,2.1483,1.8551,3.9269,1887204.5687,1868301.3647
603726.SH,20260205,1.4062,0.67,21.5463,3.2975,2.3616,1.6007,463385.3952,461026.6752
920799.BJ,20260205,2.5497,1.1,124.986,23.205,18.5442,0.5581,935619.023,538342.3867
603066.SH,20260205,1.0563,0.83,496.0253,2.2735,2.6539,0.4689,326245.7021,326245.7021
301302.SZ,20260205,2.0737,0.66,,2.3017,14.2716,,361450.935,322317.81
300397.SZ,20260205,3.6797,0.82,,4.9997,18.3031,,719515.0756,563652.5171
603297.SH,20260205,1.0789,0.96,55.1786,6.0568,13.2271,0.779,1210430.3337,1208165.2101
600133.SH,20260205,5.2789,0.83,28.5347,1.2528,2.9148,1.6004,1099293.3111,1099293.3111
300011.SZ,20260205,2.7344,0.87,622.7496,3.2706,3.1345,,511088.7466,428124.0674
300872.SZ,20260205,2.8387,0.65,168.2026,2.3076,4.4737,0.2708,841032.626,727177.837
301110.SZ,20260205,5.9395,0.69,73.2356,4.9177,5.2502,0.5161,717148.8308,506591.0183
301036.SZ,20260205,4.4764,1.71,45.965,2.0285,2.2147,0.5951,336100.0,236727.4472
001219.SZ,20260205,3.1932,1.33,28.3505,2.819,5.3038,2.6543,293840.5113,286513.961
603950.SH,20260205,1.1884,0.51,29.4234,3.5487,4.4737,0.6791,1027818.7668,1026157.1628
301088.SZ,20260205,0.8511,0.57,45.8185,1.5534,6.0181,3.3787,385151.0,317466.5
688097.SH,20260205,1.2154,0.6,40.3916,4.0956,3.6122,0.5419,1926391.8104,1919322.8034
000951.SZ,20260205,1.5785,0.77,14.2076,1.494,0.4375,3.7119,2267497.8648,2267497.8648
300529.SZ,20260205,1.0913,0.92,34.2455,4.9843,8.0972,3.7547,1649918.4982,1058757.2352
920098.BJ,20260205,3.1485,1.32,34.9991,2.6043,5.0131,1.0003,243879.7866,165502.7
003005.SZ,20260205,1.9007,0.5,,2.6148,12.647,1.1254,469950.4314,257892.7364
688525.SH,20260205,3.6614,0.52,,16.6162,9.2236,,7604904.2388,7604904.2388
603716.SH,20260205,4.5724,0.99,,4.4864,3.8072,,475050.0248,475050.0248
300549.SZ,20260205,1.5419,0.61,261.1682,4.5986,7.5292,0.2629,253612.68,192205.9919
002259.SZ,20260205,9.8082,1.02,85.5213,16.3499,4.7239,,443873.6775,443873.6775
688108.SH,20260205,3.1012,0.76,281.446,10.4112,18.7209,,943735.616,943735.616
301113.SZ,20260205,1.8389,0.63,326.8423,3.5027,7.0857,2.0381,240422.0,145620.3452
001333.SZ,20260205,7.9622,1.33,25.7525,1.9458,2.005,1.382,333440.0,114620.0
300999.SZ,20260205,2.9565,0.85,42.6824,1.6946,0.6582,0.3691,16302725.7488,1631739.8207
300329.SZ,20260205,1.5937,0.58,,5.2159,27.7309,,353538.5144,352475.6248
600249.SH,20260205,2.4258,1.26,162.0185,1.5209,3.0946,0.495,333300.0,333300.0
300707.SZ,20260205,8.2325,0.76,134.1462,2.7665,3.9848,0.331,316361.4469,256766.5068
603826.SH,20260205,2.3873,2.59,355.871,6.5359,12.3524,,1275019.2,1275019.2
600397.SH,20260205,5.9829,1.06,,69.2136,2.6836,,1076086.3917,1076086.3917
000428.SZ,20260205,4.3492,1.04,,2.8876,7.3588,,402475.77,402475.77
600866.SH,20260205,1.5852,0.61,9.4159,1.4519,0.7257,5.2342,1206229.1192,911688.5292
002146.SZ,20260205,3.7278,0.71,,0.6038,0.2427,,717447.0354,645401.0229
000651.SZ,20260205,0.6276,0.75,6.8804,1.5702,1.2137,7.6857,21800671.144,21464985.4278
300931.SZ,20260205,2.9611,0.89,,4.2557,6.2857,,272565.71,209947.1221
002809.SZ,20260205,24.4315,0.68,1199.1806,1.9064,4.0352,2.1381,296892.2154,195183.2274
688103.SH,20260205,1.0071,0.6,99.1316,5.2589,4.9949,0.3389,590575.154,590575.154
600826.SH,20260205,0.9179,0.6,31.6029,2.124,5.1969,2.2468,902499.6646,902499.6646
002182.SZ,20260205,4.2343,0.79,195.0459,3.3849,1.8947,0.2725,1819937.4998,1588215.3659
001209.SZ,20260205,11.3526,3.64,118.1258,2.3534,1.638,0.8506,302370.7333,220921.5682
601200.SH,20260205,0.6048,0.72,19.3297,0.9917,1.7548,1.171,1149680.6344,1149680.6344
300866.SZ,20260205,1.8544,1.35,21.7033,5.6526,1.9091,2.0977,5589992.4099,3205267.1609
000729.SZ,20260205,1.5186,1.06,23.4566,2.3168,2.3651,2.2656,3607730.3565,3212296.5338
000538.SZ,20260205,0.8095,1.44,19.6036,2.5655,2.5001,3.8579,10193492.2509,10127972.7733
002134.SZ,20260205,2.1429,0.55,312.2168,10.9561,4.2548,,563346.4592,562997.9693
300727.SZ,20260205,1.7087,0.7,50.1159,4.6885,4.4724,0.6809,609581.4152,547797.1892
000993.SZ,20260205,2.6998,1.02,27.1387,2.1023,8.7194,,560074.6295,537811.2806
600315.SH,20260205,3.0465,1.78,,2.1356,2.4334,0.1744,1499736.1614,1499736.1614
301026.SZ,20260205,7.0235,0.49,36.2513,3.0168,1.831,0.9201,488433.5239,352758.0184
000810.SZ,20260205,0.8978,0.73,134.2159,2.0848,1.5761,0.4245,1344578.6319,1298298.6186
301078.SZ,20260205,5.4368,1.51,54.2252,3.3828,1.4209,0.6238,1404979.7142,1397184.4045
000066.SZ,20260205,1.9437,0.47,,4.6121,3.4354,,5116117.3536,5115785.4831
300930.SZ,20260205,2.8185,0.52,55.2021,3.3997,4.5389,0.3208,311700.0,146888.6281
605060.SH,20260205,2.5766,0.79,49.787,4.508,9.2609,0.7668,1090362.944,1082877.8928
300903.SZ,20260205,6.9473,0.53,,6.165,3.3854,,1234320.9061,931000.2843
002042.SZ,20260205,1.8628,0.81,,1.2666,0.7078,,729592.3013,729592.3013
002650.SZ,20260205,0.2804,0.92,,4.2289,5.4858,,698569.8929,698546.2304
300289.SZ,20260205,1.2064,0.51,,2.3142,11.2427,,382984.0868,382382.1668
600566.SH,20260205,0.7061,1.31,15.1438,1.8062,4.07,7.6841,2500528.3216,2492088.053
601886.SH,20260205,0.3641,0.49,16.3381,1.5415,0.5024,5.7592,1082016.9673,1082016.9673
001234.SZ,20260205,2.0896,1.08,76.4485,3.3408,3.5216,1.076,305045.3956,255159.154
600529.SH,20260205,0.7645,0.69,17.9042,1.6808,2.9137,2.907,1369699.5292,1369699.5292
300729.SZ,20260205,0.8298,0.77,20.2434,1.3313,0.741,2.1123,484748.4312,451870.6156
601388.SH,20260205,5.5442,0.47,217.3473,1.8413,1.1161,,843068.2619,843068.2619
600449.SH,20260205,2.3855,2.21,21.7953,0.8588,1.074,1.5778,636458.9669,636458.9669
920526.BJ,20260205,1.5357,0.73,121.2234,8.5974,16.8872,0.4283,193104.5,122278.0798
301365.SZ,20260205,2.2009,0.78,77.2238,2.657,6.8411,2.8214,446580.0,251529.6153
605167.SH,20260205,2.2303,0.98,36.7414,4.0567,2.7782,0.6258,801589.95,801589.95
603650.SH,20260205,1.7902,0.75,58.9657,8.5068,10.0168,0.8831,3374423.3626,3365470.7461
920469.BJ,20260205,1.186,0.6,,3.3014,1.929,0.4673,150812.22,110689.5333
300804.SZ,20260205,2.8913,0.59,59.6183,2.0084,3.4637,,273282.0,101557.5
601696.SH,20260205,1.437,1.08,34.7291,2.0484,11.2164,0.2793,3819750.0,3819750.0
001356.SZ,20260205,1.0282,0.66,55.5629,3.6406,3.587,0.3013,743132.52,253015.5518
002582.SZ,20260205,9.3566,0.63,,1.7921,3.5998,7.7959,559634.8638,430302.7538
001298.SZ,20260205,2.5118,0.63,183.0586,5.5669,1.1197,0.137,896589.1043,497210.8621
688510.SH,20260205,3.9109,0.97,93.0743,8.6784,14.5664,0.4973,1039128.5224,1039128.5224
301528.SZ,20260205,0.9931,0.41,68.4455,2.6975,20.9098,0.2432,412377.8,212184.4135
301167.SZ,20260205,4.9822,1.29,94.1801,2.2189,6.1008,0.3212,209216.0,132848.2297
001286.SZ,20260205,1.7896,0.9,12.5636,1.405,1.622,3.6697,3678750.0,1030050.0
600203.SH,20260205,1.3422,0.59,,4.1627,0.5945,0.1643,721666.4958,721666.4958
000852.SZ,20260205,3.3578,0.81,400.1382,2.4565,1.0684,,770509.9573,762265.4615
002390.SZ,20260205,1.4631,0.93,84.6939,0.9678,1.1392,1.7421,653134.2276,647746.9266
300708.SZ,20260205,4.9643,0.85,45.6339,3.3823,2.9473,1.0791,953937.7863,721374.4821
301171.SZ,20260205,13.54,0.64,119.6678,7.6862,8.1961,0.19,2877088.3628,2322279.9342
301662.SZ,20260205,16.6507,2.17,125.6052,10.9536,9.4838,0.5063,1580000.0,328399.4845
001309.SZ,20260205,4.8024,0.7,,21.9969,6.8775,0.0901,5388264.9145,3821286.0603
603416.SH,20260205,1.3226,0.6,36.7155,3.3858,4.5794,2.6606,860805.4316,762784.11
000550.SZ,20260205,0.6865,0.65,13.0427,1.3242,0.3956,3.9666,1549469.13,930641.3722
300173.SZ,20260205,2.5134,1.01,59.0114,3.4509,2.3974,,333565.4669,333565.4669
002455.SZ,20260205,28.2373,0.79,558.8197,3.4543,1.0163,0.5923,601983.7805,525979.68
600512.SH,20260205,1.7088,0.68,145.9294,0.634,1.0159,0.8,398452.7448,396851.2908
601877.SH,20260205,1.2665,0.8,14.1321,1.473,0.9981,1.9981,6438311.0521,6438311.0521
600126.SH,20260205,1.8111,0.67,,1.4477,0.4634,,2823330.0734,2823330.0734
300151.SZ,20260205,1.6518,0.62,126.2285,5.6135,8.7105,0.4584,871184.441,602915.2665
000726.SZ,20260205,1.7716,0.82,9.9755,0.6496,1.0412,2.6212,623605.18,449496.8722
002813.SZ,20260205,1.426,0.72,,13.6883,8.2044,,341640.0,341230.2455
002274.SZ,20260205,1.2792,0.51,,1.0854,0.9012,4.8465,589513.7159,580528.6115
601228.SH,20260205,0.3867,0.73,29.2909,1.2331,1.7139,1.1239,2617952.3788,2617952.3788
601326.SH,20260205,0.4826,0.67,12.338,0.9835,2.8464,2.381,1994706.084,1698448.563
300587.SZ,20260205,1.4412,0.53,,3.3105,4.9876,0.4411,793242.235,642733.8192
688070.SH,20260205,1.9584,0.52,,8.462,8.6181,,509540.44,509540.44
301357.SZ,20260205,6.1154,0.76,1118.6636,10.6202,66.1774,,1208183.2,302045.8
002725.SZ,20260205,3.0129,1.04,51.9015,3.6952,5.5686,,380672.0,315264.534
000010.SZ,20260205,7.6667,3.69,95.7446,13.2404,4.7343,,432269.2618,318860.534
603218.SH,20260205,1.0403,0.91,25.3096,1.3658,2.1929,2.5548,1396112.3938,1392989.1188
301312.SZ,20260205,7.7245,0.78,95.3692,6.5846,12.5855,0.43,811183.0167,405340.2089
600036.SH,20260205,0.5909,0.88,6.6685,0.941,2.9671,7.5875,100148006.8816,81917538.3276
603790.SH,20260205,0.8668,0.61,69.9279,3.1794,4.7978,0.5731,400707.84,400707.84
600853.SH,20260205,1.7565,1.0,10.9296,1.2434,0.25,0.9174,442117.8413,441971.4761
002596.SZ,20260205,4.5083,0.89,,7.762,4.468,,518706.3941,518229.4211
603658.SH,20260205,0.4565,0.77,19.1344,2.4016,4.9796,3.4276,2100557.4472,2100557.4472
002912.SZ,20260205,1.5149,0.81,54.4612,3.2027,7.3945,0.6515,524208.64,498021.5738
002227.SZ,20260205,4.0986,0.84,,2.5594,7.8724,,244336.8836,242493.6513
300822.SZ,20260205,0.5235,0.66,177.3055,3.9325,5.8092,0.6265,494719.4856,458903.4748
601188.SH,20260205,1.2491,0.74,29.9149,1.0344,5.3743,1.9399,477801.9889,477801.9889
300983.SZ,20260205,0.2942,0.49,,1.5558,25.2369,,440985.6,301856.8507
301122.SZ,20260205,2.1447,0.78,932.3159,2.0288,10.6229,0.8423,362825.1129,224501.4729
002010.SZ,20260205,0.9607,0.66,32.3392,1.0045,0.6813,2.3256,1782799.9357,1778304.2521
601611.SH,20260205,1.4964,0.73,27.3526,2.1594,0.4323,0.668,4692539.8681,4692539.8681
600693.SH,20260205,17.8599,1.92,324.2812,4.2291,8.0917,0.4657,1494395.8506,1492860.8795
002940.SZ,20260205,3.3081,1.22,60.9154,4.1825,4.4747,0.6701,658440.7991,604739.1243
000039.SZ,20260205,8.2544,1.88,22.466,1.2528,0.3673,1.5589,6088155.5147,2598288.6622
002508.SZ,20260205,1.9065,1.23,13.5648,1.8214,1.868,4.5455,2078865.6152,2053813.9314
603020.SH,20260205,3.717,2.9,24.391,1.3444,1.7983,1.521,444555.8178,444555.8178
688809.SH,20260205,13.3883,0.92,124.0007,11.173,48.5589,,4362261.631,819965.813
300515.SZ,20260205,0.845,0.6,22.5806,4.72,6.0973,1.4791,407188.1555,399285.5632
688562.SH,20260205,3.6716,0.75,,5.4283,8.3271,,887200.0,383758.36
301338.SZ,20260205,5.2,0.63,94.736,8.9385,13.2769,0.152,1399585.6,778059.1
000911.SZ,20260205,4.6956,0.7,52.9702,22.1769,0.9349,,266212.679,266212.679
601555.SH,20260205,1.3024,0.8,13.5913,1.1332,4.5467,3.9515,4715298.9923,4715298.9923
002980.SZ,20260205,1.4159,0.73,45.122,3.9061,5.4282,2.3333,421606.9822,225694.0153
600425.SH,20260205,1.988,0.83,28.2025,1.1269,1.8728,2.1786,736559.0015,632864.6495
002606.SZ,20260205,10.2488,0.78,29.793,2.7992,3.2688,0.2646,509324.9352,488524.7838
920703.BJ,20260205,0.9828,0.77,20.7734,2.0409,5.3927,1.8909,227743.964,115236.6371
002543.SZ,20260205,0.8386,0.53,10.1266,1.3667,0.9061,2.7879,691548.0,615298.2328
002642.SZ,20260205,1.8323,0.67,229.5717,4.6949,3.2382,,551757.981,551757.981
300767.SZ,20260205,1.3724,0.52,,3.1059,9.5754,,502020.7979,435883.7585
300758.SZ,20260205,11.2416,0.73,86.8331,3.7859,4.4234,,678084.4553,611722.5949
000528.SZ,20260205,1.357,0.62,16.2431,1.3024,0.7213,2.2547,2378008.0836,2374880.7437
300133.SZ,20260205,7.7104,0.83,67.902,2.3693,8.1958,0.3617,1710773.5088,1460679.3843
300956.SZ,20260205,1.8688,0.98,270.5727,2.7344,1.6949,0.4781,375490.4114,366818.5262
600348.SH,20260205,1.6604,0.78,21.8816,1.2126,1.4298,3.3297,3347760.0,3347760.0
002471.SZ,20260205,34.0851,1.12,,7.4766,2.4101,,1304428.28,1279472.7961
300193.SZ,20260205,3.921,1.36,19.1684,1.9593,3.6697,2.1097,451484.8151,397833.5771
300783.SZ,20260205,5.8014,1.25,43.2083,3.3028,0.8756,0.5103,981681.2356,684969.8596
300700.SZ,20260205,5.1546,0.76,,6.4188,13.5676,,558619.554,380748.761
600873.SH,20260205,0.8748,0.68,7.9883,1.8688,1.2241,3.9844,3011755.5321,3011755.5321
002932.SZ,20260205,1.2726,0.7,631.041,0.8053,12.7497,5.8813,447835.3632,300620.0201
002597.SZ,20260205,0.9911,0.47,24.3228,1.731,2.727,3.4663,1309977.3188,1306517.3755
920751.BJ,20260205,1.808,0.7,47.751,5.7068,10.1042,1.1583,224760.2,214962.5538
601869.SH,20260205,4.086,0.73,233.876,9.6698,9.7198,0.1657,13392193.027,6572928.5673
920091.BJ,20260205,14.9086,1.33,85.3354,9.9987,15.4331,,470393.1756,104011.1577
600777.SH,20260205,0.2913,0.66,16.1837,1.1795,3.6552,,2774602.2966,2597390.1755
600759.SH,20260205,17.3009,1.16,49.978,2.3599,9.5834,,2074504.64,2071842.89
603059.SH,20260205,4.7524,1.08,,4.055,2.8918,0.1883,426706.0776,426706.0776
600096.SH,20260205,1.8542,0.56,11.3496,2.642,1.2209,4.5584,6398697.4658,6398697.4658
601811.SH,20260205,0.6168,0.48,11.4122,1.2613,1.5785,3.9788,1860632.228,1194191.0812
600355.SH,20260205,0.1728,0.22,,7.1448,2.8157,,75289.6476,75289.6476
300534.SZ,20260205,5.6031,1.26,110.3493,4.4883,3.5189,0.3918,309715.245,308394.5692
300525.SZ,20260205,2.6773,0.64,35.7357,3.8997,4.7985,0.918,982197.254,805597.3918
300763.SZ,20260205,4.0311,0.71,36.2302,3.5335,4.5665,0.2479,3216310.6196,2598458.9564
000088.SZ,20260205,0.9457,0.73,16.6315,1.3323,29.5692,4.8124,2355365.9557,1432791.194
300548.SZ,20260205,10.1439,0.8,163.429,24.8046,20.152,0.0501,4650220.0654,4294966.7854
001336.SZ,20260205,4.4638,0.85,84.3042,2.8201,6.1961,0.5378,222714.9685,129081.9364
002072.SZ,20260205,1.9134,0.98,,92.6997,5.5323,,280907.52,226630.8208
000155.SZ,20260205,2.3333,0.93,51.2028,2.2756,7.923,1.3788,2276325.5657,2276325.5657
600327.SH,20260205,1.6924,0.67,,1.3092,1.1768,0.6317,414961.5939,414961.5939
600859.SH,20260205,2.4635,0.92,,0.8459,1.5678,0.542,1658922.7818,1658770.2225
601718.SH,20260205,1.3305,1.06,,1.1948,2.0415,,1460958.2835,1460958.2835
002311.SZ,20260205,0.834,1.27,18.0367,3.5851,0.7199,2.3874,9059118.5867,9052428.4948
002861.SZ,20260205,3.3751,0.66,342.5425,3.2783,4.2501,0.516,361018.3184,291026.2623
300668.SZ,20260205,3.5412,0.6,,3.8022,5.3079,,298064.0319,246842.0023
920058.BJ,20260205,0.5725,0.45,32.4894,5.2169,2.4062,2.6924,179659.8326,88440.0135
920634.BJ,20260205,8.163,0.65,84.2062,6.1041,1.8857,0.3684,173064.9383,109561.5178
688710.SH,20260205,0.7508,0.49,41892.1112,3.6647,10.3196,0.5267,856451.1611,550965.8313
301305.SZ,20260205,2.2568,0.51,22.4779,1.6167,3.4018,0.7908,610066.1279,312871.3252
001260.SZ,20260205,6.3222,0.54,57.734,3.1101,4.5126,0.563,257370.0,71056.5
603273.SH,20260205,8.8094,1.49,128.4378,4.7225,7.2137,0.3886,413624.862,108192.712
688158.SH,20260205,7.7313,0.52,,6.5003,9.5608,,1564213.8177,1389964.5566
600241.SH,20260205,1.2919,0.65,1114.1375,2.151,6.5743,,251334.0062,251334.0062
601766.SH,20260205,0.5748,0.57,12.1963,1.1057,0.6634,4.9844,18424670.7445,15618446.3468
688420.SH,20260205,1.7587,0.58,192.3066,1.6756,4.4149,0.5339,240529.6,113530.08
300960.SZ,20260205,0.7501,0.7,83.0323,6.0923,8.0566,1.2577,367321.7659,332823.4279
688048.SH,20260205,5.6765,0.67,,7.4053,54.373,,2225534.2804,2225534.2804
601169.SH,20260205,0.9414,1.01,4.3449,0.4109,1.637,3.7037,11417211.5069,11417211.5069
001358.SZ,20260205,1.9348,0.7,54.1643,2.4081,7.0002,1.7533,344590.4,142580.7335
001896.SZ,20260205,1.8426,0.95,36.4061,2.6995,0.8142,,930726.6113,930726.6113
603787.SH,20260205,1.2742,0.57,52.3627,1.9236,0.7189,1.5049,305861.0969,305861.0969
300323.SZ,20260205,2.3152,0.63,,2.068,2.6477,,1403893.9594,760559.7841
688499.SH,20260205,2.3502,0.71,,4.4183,3.9182,,1012371.06,1012371.06
601963.SH,20260205,1.2405,1.84,6.7952,0.6948,2.5592,3.8237,3783828.4654,2050444.7385
301459.SZ,20260205,2.8309,0.48,34.2341,3.5468,4.6406,0.905,441997.1259,110790.2168
002454.SZ,20260205,1.099,0.44,27.4904,1.4373,1.0816,2.743,570752.0928,569297.139
603949.SH,20260205,2.7831,1.17,53.5375,3.899,10.0871,0.513,411568.7868,410530.9001
300513.SZ,20260205,2.0506,0.68,,2.237,3.1032,,295183.3769,271269.4399
600258.SH,20260205,2.2775,1.28,23.9227,1.6633,2.6219,2.0056,2004302.6112,2004302.6112
300848.SZ,20260205,2.4022,0.46,82.3711,4.5508,4.1374,0.4263,702591.4835,415627.1647
300972.SZ,20260205,1.4226,0.73,37.8995,20.0363,0.8356,0.2487,4034154.0997,3587827.9746
600446.SH,20260205,1.2928,0.84,,3.9035,4.8135,,1437315.4404,1437315.4404
300197.SZ,20260205,0.9569,0.73,,5.3801,7.663,,527823.0582,527809.7082
300401.SZ,20260205,3.7411,0.86,32.5395,3.1079,7.9109,0.6309,982050.1183,966053.5623
002532.SZ,20260205,1.3576,0.54,17.2611,2.9069,2.7461,2.2627,8132691.6382,7215748.5432
002807.SZ,20260205,2.3214,1.35,5.2431,0.6068,2.7652,6.4378,1147009.0397,1145435.6457
601688.SH,20260205,0.9787,0.53,12.9869,1.1836,5.4374,2.3226,20211148.0169,16359831.3993
300251.SZ,20260205,8.8986,1.49,28.2153,5.6881,16.26,0.9565,6113598.2923,5783860.6808
300838.SZ,20260205,2.1927,0.62,460.8696,2.2939,2.3985,0.9141,226421.898,166979.7499
600323.SH,20260205,0.6177,0.86,12.7702,1.7171,1.8657,3.5593,2405274.0807,2405274.0807
002088.SZ,20260205,0.6831,0.37,26.5236,2.4687,2.3197,6.4,641403.2325,632239.2225
600103.SH,20260205,2.4209,0.74,133.0171,2.1091,3.5477,0.3226,838069.2034,827411.0636
920663.BJ,20260205,1.3055,1.13,29.9381,6.4484,6.0649,3.1738,220495.194,105790.3345
600192.SH,20260205,2.3245,0.65,,4.108,2.7162,,416568.364,416568.364
300815.SZ,20260205,1.3429,0.81,18.3466,2.1232,1.2299,1.5951,937089.792,917784.8094
600363.SH,20260205,1.7534,0.76,93.9765,6.7221,9.0653,0.0851,2877119.1995,2877119.1995
600743.SH,20260205,1.3302,1.66,,7.3399,3.2835,,464527.9731,464527.9731
688339.SH,20260205,3.3539,0.74,,3.1544,50.2764,,772107.98,628476.652
002561.SZ,20260205,2.2885,1.04,916.5239,1.7261,9.8552,0.6623,376681.278,375482.2477
002590.SZ,20260205,2.1262,0.82,36.1426,2.5478,1.6057,0.4063,765083.3511,729566.419
688275.SH,20260205,5.6078,0.88,,1.8932,0.9888,,989399.3422,663661.6999
000513.SZ,20260205,0.9996,0.84,14.758,2.3662,2.669,3.1146,3161837.4359,2023145.8064
603136.SH,20260205,2.7376,1.08,32.7341,2.4692,6.4846,1.8921,335497.3738,335497.3738
688117.SH,20260205,2.6024,1.9,52.0045,6.0814,9.7831,0.3321,624507.5607,624507.5607
600938.SH,20260205,1.4782,0.57,12.9885,2.1234,3.9333,3.7743,160080885.0181,10070320.0
300496.SZ,20260205,2.8447,0.62,67.1188,3.2216,4.756,0.0819,3252122.7344,2601726.9474
600085.SH,20260205,1.471,1.79,31.8713,3.1578,2.3857,1.5893,4314645.4443,4314645.4443
002953.SZ,20260205,3.1658,0.67,35.4822,2.8444,1.3488,0.7354,616440.8786,340633.4639
920839.BJ,20260205,1.1349,0.67,34.157,7.1153,6.3468,1.347,438795.4124,241479.8764
002138.SZ,20260205,2.8229,0.87,30.979,4.6493,4.4951,1.564,3026919.1009,2839933.367
002840.SZ,20260205,1.2601,0.48,86.5614,1.9545,0.9023,,784518.7324,779104.5576
300370.SZ,20260205,0.8798,0.58,,8.3679,11.588,,425782.3332,424719.8628
600088.SH,20260205,2.5269,1.19,,5.68,6.4059,0.1886,717064.6392,717064.6392
300380.SZ,20260205,2.1442,0.99,244.7846,14.6761,5.4006,0.1219,567876.9831,522453.4574
002409.SZ,20260205,3.2562,0.74,45.9073,5.4022,5.0644,0.6543,4218622.9378,2823385.6294
301538.SZ,20260205,4.289,0.75,33.3773,4.8074,6.5815,0.5092,659892.8,262775.9708
600558.SH,20260205,2.2552,0.9,26.3994,2.3395,1.5099,2.4194,556514.9952,556514.9952
002208.SZ,20260205,7.596,1.33,,1.7593,1.3122,,1131034.9868,1130742.8113
002254.SZ,20260205,2.1735,0.71,,1.4655,2.7596,0.4139,1031896.8483,1024083.6709
601068.SH,20260205,0.8052,0.32,195.0746,5.9347,0.7508,,1732945.0349,1484562.5869
301057.SZ,20260205,3.7196,1.05,129.7027,6.3496,5.3291,0.4789,483083.7789,341084.1572
300120.SZ,20260205,2.1101,0.89,,1.6036,1.8718,,478470.1429,439363.3527
301626.SZ,20260205,2.9897,0.9,107.7557,12.8337,18.8873,0.3205,2021392.32,919464.3711
000592.SZ,20260205,12.2679,0.84,,11.9149,16.2203,,2285296.7952,2265554.3672
600061.SH,20260205,0.6215,0.58,14.0542,0.8962,25.7122,1.6667,4872215.6076,4872215.6076
688252.SH,20260205,2.8286,0.57,33.0648,3.9028,3.9698,0.3182,919479.9746,417690.148
002467.SZ,20260205,15.9504,1.45,126.4107,5.168,12.8087,0.1362,1009522.9548,1003292.8244
300164.SZ,20260205,29.1552,0.66,106.3382,4.6538,5.7012,,677904.3406,671858.8163
601236.SH,20260205,0.4347,1.06,39.85,1.5913,18.0207,1.8543,3891349.8872,3891349.8872
300487.SZ,20260205,0.7598,0.46,41.2604,8.8183,13.3928,1.1378,3476365.641,2103143.5378
605011.SH,20260205,0.6058,0.9,43.6347,3.4352,2.5244,1.0726,820605.1,820605.1
301291.SZ,20260205,5.0226,0.78,19.9044,2.8139,1.8296,1.7845,1382109.4,715566.7998
600345.SH,20260205,6.997,0.52,87.1464,3.4041,13.3753,0.1513,1198469.712,769229.6039
000931.SZ,20260205,1.2209,0.88,76.1111,2.3911,1.5761,,391626.0306,390535.3566
605580.SH,20260205,1.2466,0.53,53.9975,6.8023,7.2068,1.0666,656320.0,656320.0
688084.SH,20260205,0.8772,0.59,,3.9847,20.3094,,624868.2261,612284.4916
603235.SH,20260205,0.1213,1.03,19.0992,2.4628,5.2944,2.5109,1178503.76,1178503.76
603987.SH,20260205,1.1735,0.81,16.66,1.5226,1.7836,1.6129,406215.5184,406215.5184
688708.SH,20260205,0.8778,0.76,55.4052,7.4676,25.0006,0.162,2468861.72,878129.6322
603379.SH,20260205,1.0275,0.7,22.902,5.5838,7.6293,1.1308,4142100.266,4142100.266
000762.SZ,20260205,3.3059,0.61,,4.5246,55.8558,0.1961,1328609.8812,1328562.3765
002724.SZ,20260205,2.2913,0.51,,2.1215,3.3063,0.6668,575537.5035,423569.5227
300163.SZ,20260205,14.9305,0.67,27.6308,4.3695,10.5233,,256434.0,245500.3667
300205.SZ,20260205,1.6456,2.48,,1.9213,9.4607,,188794.584,188794.584
002828.SZ,20260205,9.4862,0.39,277.2037,3.5854,2.2821,0.4029,249425.6116,240210.411
002362.SZ,20260205,1.6365,0.49,,4.9322,2.6889,,518977.2135,440721.9176
001216.SZ,20260205,2.5506,0.94,20.4589,2.5516,3.0961,2.1834,461419.7944,449853.4606
600703.SH,20260205,2.3382,0.84,868.909,2.3174,4.5339,0.1149,8191968.7497,8191968.7497
002441.SZ,20260205,11.0905,3.21,27.2563,1.283,0.5158,4.7483,573404.4203,420230.9546
002607.SZ,20260205,2.4079,0.56,162.375,21.3799,7.9931,,1745374.0271,1438771.258
600598.SH,20260205,2.4241,0.46,25.0301,3.348,5.3936,3.5622,2744737.7795,2744737.7795
600281.SH,20260205,1.7039,0.43,,23.3509,6.5724,,305040.4008,305040.4008
600008.SH,20260205,1.0205,0.72,13.2145,1.0978,1.1514,6.8182,2260901.9285,2260901.9285
000819.SZ,20260205,1.4463,0.56,,2.8426,1.7037,0.6131,603031.3538,596548.7234
002661.SZ,20260205,1.2406,0.94,27.9986,1.4071,0.7492,4.256,321144.7833,303247.2316
300107.SZ,20260205,3.4348,0.49,355.5975,2.7532,8.2751,0.2173,414207.7492,255603.6861
300055.SZ,20260205,1.2343,0.56,111.6418,1.1985,2.358,0.2027,619194.7084,468198.8466
603983.SH,20260205,1.8568,3.81,38.1665,4.1055,3.8159,2.2727,1323300.0,1323300.0
688517.SH,20260205,3.0527,0.81,28.6388,3.009,3.3739,3.0988,240712.4302,240712.4302
300494.SZ,20260205,5.2657,0.63,,4.6634,5.4986,,671508.294,545338.5051
300010.SZ,20260205,4.9848,0.88,123.4368,8.1711,14.9271,,1456961.9246,1172649.4703
688286.SH,20260205,2.1756,0.42,85.7663,3.9545,6.696,,423699.7568,423699.7568
603179.SH,20260205,1.4473,0.57,47.3372,6.0416,2.8695,0.338,4324982.9689,4324982.9689
002414.SZ,20260205,1.363,0.52,847.2093,10.3373,18.2095,,7162024.4531,5699473.0468
002021.SZ,20260205,2.2382,0.56,,6.0339,4.5118,,375379.8794,375367.4978
002755.SZ,20260205,0.8568,0.61,58.5275,4.6859,8.2195,0.7417,1501763.4479,1501749.25
300278.SZ,20260205,1.4757,0.64,655.9982,4.5316,3.3389,,784707.0119,782242.0749
688069.SH,20260205,0.7658,0.43,,2.2176,6.2519,1.5819,275833.0,275833.0
688695.SH,20260205,1.3993,0.7,255.1922,3.1048,12.98,0.4917,242141.2732,145963.3953
688601.SH,20260205,5.6956,0.87,134.6258,5.871,9.7541,0.7288,728625.215,728625.215
603315.SH,20260205,4.0287,1.13,101.0013,2.8162,4.0504,0.556,478306.8322,478306.8322
688299.SH,20260205,2.6632,0.42,,2.697,4.9178,,561565.7149,561565.7149
300975.SZ,20260205,12.0616,0.47,66.196,4.6116,1.301,0.0781,1050431.5685,752380.0589
300941.SZ,20260205,5.9256,1.5,112.7609,3.77,20.8771,0.5362,480753.0,249564.4565
920896.BJ,20260205,1.9316,0.92,34.1944,4.7305,4.8287,1.4948,203157.0497,88915.4888
600426.SH,20260205,1.1859,0.72,23.3526,2.3428,2.3122,1.5466,7537312.6501,7524070.7596
002942.SZ,20260205,1.9659,0.82,38.1055,2.686,3.1645,1.4158,330262.9537,290745.4324
002040.SZ,20260205,2.5813,0.48,29.4466,1.4776,4.8507,0.9286,499169.7657,497255.1802
688185.SH,20260205,1.5405,0.67,,3.3289,16.8919,,1641606.0576,760007.9271
300006.SZ,20260205,1.8273,0.71,,2.8656,6.8338,,526899.6913,526854.6281
300694.SZ,20260205,2.6753,0.47,88.9746,1.9995,1.9989,0.6175,278935.4332,278935.4332
002822.SZ,20260205,1.4954,1.18,,4.7005,6.1902,,649663.7526,356506.5925
600791.SH,20260205,4.9241,0.99,,7.3577,0.7218,,290296.08,289933.0791
301446.SZ,20260205,3.7362,0.42,53.088,3.9353,8.6511,0.4478,464464.0,141893.752
920045.BJ,20260205,7.3584,0.61,87.8799,23.8538,11.411,,2386043.9005,705510.3568
000544.SZ,20260205,0.3571,0.58,7.8841,0.9217,1.5913,3.0303,836279.2907,836279.2907
000681.SZ,20260205,6.8746,0.54,164.4767,5.0702,22.6112,0.0913,1838315.1921,1774515.2744
600210.SH,20260205,1.2448,0.65,9.1228,1.706,1.0092,4.0,1137552.1185,1137552.1185
920363.BJ,20260205,2.0392,0.74,,5.0857,9.7842,,178682.4,95639.675
002518.SZ,20260205,2.3334,1.31,61.7688,6.4132,6.1461,0.4487,2984485.8318,2896909.7622
600597.SH,20260205,0.9595,1.2,15.995,1.1728,0.46,1.99,1108292.9055,1108278.1119
603515.SH,20260205,0.4845,0.83,17.1396,2.2095,2.1211,4.5297,1471271.2781,1456369.8094
603105.SH,20260205,5.9238,1.59,26.7402,2.4295,7.3039,1.9305,518009.4297,518009.4297
603132.SH,20260205,1.8545,0.91,33.2485,4.9861,9.7294,2.6119,1572624.0,1572624.0
002913.SZ,20260205,0.9717,0.62,35.166,2.8442,2.3727,1.5171,1255160.7933,1193157.9024
600956.SH,20260205,0.3189,0.91,19.6298,1.4322,1.7012,2.7815,3407083.2701,1772806.9511
601818.SH,20260205,0.6962,0.76,4.8676,0.3994,1.5411,5.7229,19616402.9523,15407062.7663
600926.SH,20260205,0.8928,1.25,6.3195,0.9029,3.0996,3.9783,12026095.2271,12026095.2271
002166.SZ,20260205,2.337,1.13,52.2798,2.2394,3.6765,1.0543,688955.1558,687316.3998
920047.BJ,20260205,0.7635,0.4,,21.1964,88.9012,,624791.5568,410282.4407
000529.SZ,20260205,1.6615,0.84,35.0842,1.1494,1.7004,1.9231,364285.1659,355607.8512
300559.SZ,20260205,1.3647,0.56,137.8478,3.9597,11.1033,1.251,479017.9658,373053.0628
603189.SH,20260205,1.8629,0.67,926.4719,3.5304,20.0936,0.7527,532088.4409,532088.4409
688426.SH,20260205,2.7825,0.78,,2.0816,17.3149,,289446.3313,98874.1325
001389.SZ,20260205,5.164,0.62,47.0148,11.7146,8.7266,0.4784,4266240.125,1514905.0451
600841.SH,20260205,4.6371,1.01,,4.1821,2.448,,1322594.1602,994002.3333
300968.SZ,20260205,1.0272,0.7,224.9573,2.9849,4.4214,0.365,566330.6,566330.6
300634.SZ,20260205,3.9754,0.52,57.1309,4.5353,7.412,0.5432,1321596.7261,1272865.7815
300295.SZ,20260205,4.2427,0.44,,2.022,23.2178,,227915.6842,201366.1174
688370.SH,20260205,2.3923,0.51,135.7697,1.5627,7.3863,1.1956,412831.8237,131728.5883
301106.SZ,20260205,1.4057,0.72,35.4303,2.6628,3.7484,1.1932,340655.0896,340655.0896
300126.SZ,20260205,1.429,0.46,,2.5433,5.6662,,265658.9424,184110.4633
920578.BJ,20260205,2.4576,0.84,291.4547,6.8665,8.6045,,184238.1447,55407.0
301093.SZ,20260205,2.7026,0.65,263.7848,6.1464,22.0895,0.1891,1336108.6145,1276971.8848
600827.SH,20260205,1.1004,1.07,67.8317,0.8303,0.6558,2.8711,1646787.172,1480907.2762
300718.SZ,20260205,1.3909,0.7,94.0785,13.9133,18.8324,0.5138,2330476.434,1511967.8574
600330.SH,20260205,24.7533,1.95,904.0724,2.461,6.6455,0.1357,1973495.0656,1973495.0656
300378.SZ,20260205,4.1286,0.59,85.3037,5.8755,5.6406,0.0605,1337935.8664,1328021.5107
000708.SZ,20260205,0.3043,0.51,13.7409,1.9054,0.7223,4.6223,7722151.7477,7722151.7477
603501.SH,20260205,0.8472,0.59,35.5255,4.6863,5.1642,0.5245,14772046.0721,14233300.6721
603399.SH,20260205,2.8503,0.65,,3.1291,1.0198,,518950.4274,518950.4274
301616.SZ,20260205,4.7885,0.92,20.8672,2.9179,4.3148,0.768,416640.0,104160.0
603288.SH,20260205,1.0726,2.66,32.4217,5.6161,7.8969,2.945,22213527.4874,21108039.665
300976.SZ,20260205,1.2925,0.49,27.6139,2.2664,2.612,1.2932,802479.6285,515684.7956
600648.SH,20260205,0.3925,1.01,21.4879,0.9629,2.2656,3.2588,1460545.7221,1221965.7221
300911.SZ,20260205,1.6945,0.99,,5.6113,13.2098,2.0861,658541.6799,615441.0277
920879.BJ,20260205,0.4053,0.6,42.9298,5.856,8.663,1.6713,353361.7234,276134.4911
688114.SH,20260205,0.7524,0.6,,3.5953,9.2225,,2778162.7539,2763612.6491
600967.SH,20260205,1.012,0.72,54.3791,2.3927,2.6834,0.4197,2838593.5046,2838593.5046
920403.BJ,20260205,9.4447,0.55,34.4364,4.874,7.1096,0.6136,231312.5942,135027.6782
688765.SH,20260205,2.6151,0.68,,8.8918,1113.0004,,2602957.5,298366.4462
600039.SH,20260205,0.1762,0.63,11.1157,1.7387,0.7916,4.1417,8599939.1479,8599939.1479
000031.SZ,20260205,1.6092,0.5,,1.5777,0.4446,,1598794.8754,1598791.6535
000738.SZ,20260205,7.072,1.45,70.3265,2.931,7.0115,0.6158,3673308.9148,3673308.9148
600888.SH,20260205,2.4032,0.57,13.9046,1.0609,1.5403,3.1653,1197367.369,1197367.369
600340.SH,20260205,4.8626,0.79,,,0.473,,649677.5768,646296.9403
688489.SH,20260205,0.4229,0.63,,2.6497,9.4348,0.2622,484341.4779,480645.6574
603209.SH,20260205,1.1049,0.53,19.0121,1.5224,3.2951,1.1056,506025.0,500562.4165
603159.SH,20260205,3.2988,2.05,583.1814,7.6232,8.6527,0.2381,382200.0,382200.0
600812.SH,20260205,0.533,0.48,52.3064,1.739,0.9775,0.5376,957377.5465,957377.5465
688561.SH,20260205,0.9229,0.62,,2.8958,5.2664,,2357865.4176,2357865.4176
600955.SH,20260205,1.2251,0.48,,1.2336,1.1454,0.158,1037850.0,1037850.0
002712.SZ,20260205,4.9794,0.77,,2.5964,0.4965,,353779.5287,351585.1775
603566.SH,20260205,1.1417,0.66,33.8669,1.9387,4.4079,4.2163,486563.5558,486563.5558
920208.BJ,20260205,1.0121,0.73,18.0396,3.3701,3.4319,2.8617,333976.1668,243986.2813
000061.SZ,20260205,0.9581,0.66,54.9106,2.1879,2.5904,0.6463,1838074.0693,1571359.9636
605507.SH,20260205,0.7074,0.98,17.2457,1.82,2.5334,2.2253,1505470.509,1505470.509
002082.SZ,20260205,1.5093,0.85,670.5747,3.5605,6.8687,,952399.8586,861414.7996
601108.SH,20260205,1.534,0.73,14.4333,1.144,6.071,1.8661,4193318.4559,4193318.4559
920519.BJ,20260205,1.288,0.67,69.0978,2.2086,2.591,0.7801,113000.7597,79750.8522
301229.SZ,20260205,2.1296,0.76,92.697,2.8709,3.3843,0.836,358834.709,255199.9834
301378.SZ,20260205,13.2005,0.55,,3.1067,9.9821,,405526.8,192749.2011
920981.BJ,20260205,1.6017,0.39,455.2369,4.8324,4.3504,0.4683,244927.004,119502.7065
601100.SH,20260205,0.9863,1.06,57.8574,9.7419,15.8378,0.8264,16223934.0032,16223934.0032
688075.SH,20260205,0.2966,0.46,41.8562,0.98,10.9336,2.0095,505916.6467,505916.6467
600478.SH,20260205,2.6545,1.07,60.9115,3.971,2.5274,,1152554.3139,1152554.3139
688600.SH,20260205,1.6795,0.91,54.5458,4.7983,4.5389,0.3437,364655.8824,364655.8824
600608.SH,20260205,0.4631,0.27,,30.6132,155.0202,,119047.8416,115250.4616
688102.SH,20260205,2.3075,0.73,213.6331,17.0349,19.9541,0.1956,3071588.6548,2906317.4468
300081.SZ,20260205,3.5678,0.76,,3.0173,8.65,,320541.571,320493.0363
603051.SH,20260205,11.7366,1.15,,2.4099,2.6069,0.9829,424286.352,424286.352
000966.SZ,20260205,1.2661,0.86,104.4875,1.1225,1.0341,1.618,1549060.5821,1451377.6549
600101.SH,20260205,2.586,0.79,29.8529,1.7797,1.8187,1.1976,548958.1959,548958.1959
605296.SH,20260205,0.3686,0.66,22.188,2.9548,2.7302,1.3805,1482459.4809,1463305.9809
002144.SZ,20260205,7.4987,0.85,120.3971,1.2354,4.6118,0.3367,262492.3541,204401.7499
300485.SZ,20260205,1.4049,0.64,65.128,1.5516,13.1485,,528869.7072,300651.2658
688181.SH,20260205,2.4266,0.88,74.8153,2.1848,5.4315,,452933.8469,452933.8469
301609.SZ,20260205,9.8381,0.82,58.0375,6.2589,10.9924,,770748.16,173418.336
301345.SZ,20260205,3.4318,0.63,32.6181,7.0327,6.8064,1.3593,2402132.936,640088.4345
600461.SH,20260205,0.7277,0.68,10.4904,1.3054,1.5728,4.7299,1259756.4297,1259756.4297
603117.SH,20260205,4.2069,1.05,462.4739,3.1358,12.3104,,322967.5829,322967.5829
600405.SH,20260205,1.1655,0.62,,15.6692,7.5972,,324799.6816,323363.2804
920906.BJ,20260205,1.8423,0.69,33.32,3.0289,2.307,0.3278,176393.55,90560.7879
601956.SH,20260205,1.01,0.63,35.2165,1.7728,0.7214,1.3778,451293.6443,451293.6443
300389.SZ,20260205,2.5888,0.36,35.8955,4.2122,1.734,1.952,661796.8684,418094.1086
301123.SZ,20260205,2.2684,0.44,,4.705,6.315,0.1713,1351761.04,1345769.6
000663.SZ,20260205,6.1385,1.35,,2.6454,8.3333,,264970.2521,241059.0413
605588.SH,20260205,1.0785,0.62,,3.9811,2.9226,,405946.1647,404971.5679
688248.SH,20260205,0.5597,0.75,76.0642,9.0555,9.4254,0.5287,2830276.4,2830276.4
601113.SH,20260205,1.0605,0.51,14.2971,1.2672,0.9894,,503493.4151,503493.4151
688429.SH,20260205,11.6407,2.08,,4.6555,7.0093,,672001.344,201309.8086
000793.SZ,20260205,0.7392,0.97,,46.9061,15.8435,,537259.0279,527511.3174
300444.SZ,20260205,16.4091,0.73,131.9078,6.642,2.8041,,1182763.7583,920362.5612
000709.SZ,20260205,1.3439,0.79,26.7643,0.4984,0.1998,1.2048,2573943.1519,2573517.6871
002391.SZ,20260205,1.8124,0.81,,0.9662,1.0763,,411841.6767,294252.5942
003028.SZ,20260205,1.2855,0.63,30.5217,2.5526,3.2069,1.6203,443105.082,215987.9592
001376.SZ,20260205,8.5246,0.59,51.9333,7.7462,8.4571,0.761,906129.4,420238.0304
600356.SH,20260205,2.4391,0.49,18.7112,1.0734,0.9961,1.2435,288275.7798,288275.7798
002349.SZ,20260205,1.7831,1.13,28.0876,2.3331,4.3568,1.0316,631382.605,619591.671
300206.SZ,20260205,2.1448,0.83,33.9341,3.9068,4.4124,1.4325,837613.535,488958.4714
688150.SH,20260205,1.6443,0.99,50.3451,6.3207,20.3232,1.1334,1094630.2312,1094630.2312
002997.SZ,20260205,1.9137,1.01,16.0773,2.9929,2.2036,1.2942,727810.247,727810.247
002170.SZ,20260205,5.4062,0.72,13.9232,3.5348,2.6482,3.4214,1241520.5548,1006628.3606
300075.SZ,20260205,1.47,0.63,,2.641,17.1613,,920514.8942,763879.8214
000820.SZ,20260205,5.4009,3.53,,14.3305,22.1156,,213363.2091,97999.0694
000901.SZ,20260205,6.8656,0.48,187.6578,5.1241,3.6899,,2214210.7002,2214188.4389
300264.SZ,20260205,7.6408,1.36,,305.0784,17.9441,,296860.8299,255225.5486
688456.SH,20260205,4.5655,1.16,87.2149,4.9407,1.6574,0.3363,616466.02,616466.02
300796.SZ,20260205,1.3024,0.75,,1.9757,2.3163,,339835.4426,339835.4426
688506.SH,20260205,0.5004,1.34,,16.2843,52.4575,,11677310.1662,11341483.0
605007.SH,20260205,1.2465,0.56,30.6415,1.9288,0.7648,1.803,661264.7042,558158.7395
601678.SH,20260205,3.2882,0.46,47.8291,0.9304,0.77,0.7559,1063384.3547,1056404.8547
002235.SZ,20260205,5.5502,1.13,2802.4412,7.7579,14.7071,,583049.7177,556899.7718
002688.SZ,20260205,1.6406,0.57,38.4257,2.0526,1.754,1.5595,482271.4988,467164.7606
300506.SZ,20260205,1.2159,0.82,,,56.207,,685711.9497,353389.0228
688129.SH,20260205,2.6983,0.67,32.574,3.0489,4.6205,0.5792,287944.332,287944.332
300018.SZ,20260205,2.7189,0.7,46.2317,4.1085,9.1896,0.5917,568813.2482,526593.9582
001221.SZ,20260205,6.6052,0.61,42.8312,10.9653,8.5126,0.5058,2846871.17,256276.053
601858.SH,20260205,1.0084,0.56,31.0091,2.9725,5.4081,1.3295,1629220.5,1629220.5
001313.SZ,20260205,1.1337,0.8,656.1413,2.1139,0.8351,1.461,539000.0,538326.9053
000702.SZ,20260205,2.356,0.67,,6.9515,2.1597,,244717.2133,188244.0107
001387.SZ,20260205,2.5601,0.79,29.0805,2.1835,1.3982,0.8043,273081.3568,169954.2168
301007.SZ,20260205,1.4018,0.67,112.3873,8.4172,8.9907,0.3986,577018.42,575714.5405
300622.SZ,20260205,3.2526,0.65,63.3706,8.0684,5.0016,,684246.0425,467785.1268
002829.SZ,20260205,3.7709,0.69,,3.1825,11.9531,,546954.325,384400.8206
300229.SZ,20260205,3.1153,0.47,,4.9092,39.3313,,1946427.4365,1945111.3591
920455.BJ,20260205,2.081,0.76,54.9273,4.6195,9.9706,2.0362,156865.8,82757.4819
300360.SZ,20260205,2.008,0.74,14.7094,2.1784,5.1155,4.0603,886458.6052,862476.9222
601789.SH,20260205,2.1897,0.73,29.2321,1.3063,0.3916,1.371,792683.776,565135.2668
300115.SZ,20260205,4.4575,0.88,83.2207,6.4821,2.9269,0.3283,5370055.9587,5354211.8138
300859.SZ,20260205,5.5733,1.48,86.7358,7.4756,18.8897,0.7682,605275.0,605275.0
688551.SH,20260205,1.6835,1.09,65.2095,2.4508,6.7871,1.0422,319552.7649,319552.7649
688380.SH,20260205,6.084,0.68,118.8593,6.938,20.4121,0.4719,2113126.47,2113126.47
688722.SH,20260205,2.1138,0.76,31.8784,3.1965,4.8049,0.332,451804.7337,450675.5572
601336.SH,20260205,0.7782,0.72,6.5305,2.5484,1.5401,3.3085,25081154.664,16766932.2936
601615.SH,20260205,5.0213,0.71,173.4735,1.9942,1.5839,1.2426,5262502.8349,5262502.8349
688123.SH,20260205,4.9354,0.66,60.4494,9.6472,20.222,0.1968,2410468.0001,2410468.0001
688777.SH,20260205,4.7064,0.91,86.4344,7.049,8.5037,0.7758,7190330.4214,7117919.3912
301339.SZ,20260205,2.6975,0.96,40.1867,3.1458,8.6958,2.5947,846706.3139,245200.8079
603808.SH,20260205,2.643,0.55,,1.5268,1.3698,0.4575,397513.0296,397513.0296
688280.SH,20260205,5.4299,0.59,177.8284,8.9589,2.7273,,596714.1053,526270.1306
920160.BJ,20260205,4.8987,0.45,45.6512,5.8668,17.1569,,289090.56,65045.376
600048.SH,20260205,1.5951,0.62,83.6842,0.4577,0.2784,2.3502,8582807.9307,8582807.9307
000881.SZ,20260205,1.3632,0.55,,1.4947,1.3521,,780921.7232,695154.0504
300335.SZ,20260205,3.1726,0.94,58.362,1.5207,2.6193,1.6181,294793.6558,237411.5994
300811.SZ,20260205,3.7193,0.84,56.3215,7.4391,12.4135,0.268,2156114.113,1767955.9061
603262.SH,20260205,2.9385,0.94,72.4944,7.2957,10.5746,,1118827.97,111902.376
601020.SH,20260205,4.9023,0.6,27.9528,5.892,11.7387,0.1301,2520571.4817,2520571.4817
603578.SH,20260205,4.4178,0.55,,2.8049,1.8923,,275044.4738,275044.4738
000838.SZ,20260205,6.8442,1.53,,7.1353,9.9595,,292722.9372,280301.7174
603052.SH,20260205,5.7349,0.7,381.0454,11.9525,14.5583,0.255,1300249.1914,1300249.1914
300748.SZ,20260205,3.2981,0.49,78.3223,7.0562,6.704,0.863,4774670.4499,3924570.7487
001326.SZ,20260205,10.8763,1.21,152.6354,3.3729,2.7601,0.5009,409188.0,134737.6091
001279.SZ,20260205,2.676,0.98,95.4643,5.5829,3.8873,0.5385,557120.0,139280.0
002126.SZ,20260205,9.2575,2.42,44.1197,5.5525,2.58,0.2647,3754949.8426,3521268.3269
301479.SZ,20260205,2.3651,0.87,42.4455,6.2288,5.112,1.2434,766614.2745,180971.7868
920735.BJ,20260205,1.6698,1.15,18.5152,3.3241,4.0391,0.8807,408494.2772,361282.6783
600366.SH,20260205,3.205,0.44,48.6101,2.3971,2.7693,0.3668,1467219.8031,1467219.8031
600350.SH,20260205,0.1219,0.77,15.0183,1.6748,1.9484,4.0976,4955435.0956,4955435.0956
688320.SH,20260205,1.2297,0.62,,4.1678,5.791,,520997.1546,520997.1546
688819.SH,20260205,0.2686,0.82,22.9594,1.976,0.7308,1.1943,3329442.5,3329442.5
688170.SH,20260205,5.046,0.8,,3.3849,5.4795,,411166.08,411166.08
600601.SH,20260205,2.7338,1.04,125.7291,10.2771,10.3325,,4577178.632,4466384.1104
603778.SH,20260205,23.7199,1.62,,15.1639,7.4646,,1103158.7616,1079999.9986
603927.SH,20260205,1.0756,0.61,66.6437,5.0623,2.2849,2.0376,1590610.56,1590610.56
920111.BJ,20260205,1.5701,0.69,33.9623,4.1284,3.2673,0.8375,370508.946,179788.0425
603107.SH,20260205,0.8633,0.56,27.1719,2.4365,2.2931,1.9621,515785.215,333588.0429
000006.SZ,20260205,1.2703,0.63,,2.2513,3.5301,,1214995.5414,1214988.6564
600635.SH,20260205,1.4576,0.67,31.8768,2.0473,3.0328,0.5723,1857081.4106,1521419.9636
000797.SZ,20260205,4.169,1.42,,1.0076,1.1571,,508924.3663,508865.48
688001.SH,20260205,0.7436,0.78,,4.0426,6.5728,,1396587.0867,1396587.0867
600266.SH,20260205,7.5993,1.26,,0.6346,0.3737,0.8418,1232991.6432,1232991.6432
688750.SH,20260205,2.1195,0.47,107.8089,3.618,14.4193,0.438,887075.0,446737.3493
603655.SH,20260205,3.8525,1.28,114.2107,8.4831,17.9273,0.424,470746.0,470746.0
603267.SH,20260205,3.5336,0.85,52.1658,2.9684,7.4071,0.4799,1297519.2086,1297519.2086
603008.SH,20260205,2.7038,0.88,23.2638,2.16,0.9009,3.6749,806192.1402,806192.1402
920118.BJ,20260205,1.173,0.74,25.9276,2.1136,0.7461,4.2753,119045.744,72277.6729
301359.SZ,20260205,2.015,0.63,60.9675,3.0427,7.6435,1.672,256695.936,146095.317
603153.SH,20260205,1.0282,0.72,23.2538,1.9571,1.5475,1.452,709059.7134,233550.0
002555.SZ,20260205,2.625,0.56,17.7106,4.2521,3.3366,3.9805,5526169.7271,3994220.2979
300830.SZ,20260205,9.6582,0.63,418.8402,4.2444,14.5617,0.1782,579455.0784,432479.7625
002811.SZ,20260205,1.9071,0.75,32.4265,3.1385,3.2615,3.0625,440705.0772,405134.381
301499.SZ,20260205,4.6546,0.64,84.2461,3.2889,4.4669,0.4011,420571.3024,105142.8271
002667.SZ,20260205,13.043,1.03,,10.9619,17.8575,,506850.4675,460208.395
002523.SZ,20260205,2.2683,0.85,52.5046,2.522,3.0722,0.3363,631821.7968,629548.0366
600272.SH,20260205,1.63,0.76,274.8836,4.6948,3.1051,0.2829,364560.8997,222080.0
600969.SH,20260205,2.1105,0.79,,1.2047,1.0817,,438509.8235,438509.8235
300439.SZ,20260205,0.9001,0.55,41.6285,1.3262,2.6642,1.3223,392005.1913,298178.692
600022.SH,20260205,1.3231,0.66,,0.9185,0.2388,,1733213.6277,1733213.6277
688146.SH,20260205,2.3773,0.75,71.0167,3.9499,10.3984,0.409,2239411.766,613226.6617
688698.SH,20260205,1.6292,0.64,73.512,8.3232,10.3948,0.4659,1905444.7569,1905444.7569
603363.SH,20260205,2.135,0.64,6.0037,3.2557,1.3313,,1088038.0433,890093.4682
300007.SZ,20260205,4.4585,0.87,212.9016,5.9878,7.373,0.0753,1740046.0194,1505429.8372
000595.SZ,20260205,0.9158,0.58,672.8569,13.5154,12.4934,,687748.4451,687748.4451
300856.SZ,20260205,2.7424,2.02,52.5673,2.4803,4.325,1.5361,663583.6761,641331.1941
603283.SH,20260205,3.3513,0.6,26.7216,4.063,3.7799,0.8586,1282924.3501,1282924.3501
603381.SH,20260205,15.1193,1.49,62.0912,1.5954,0.4963,2.3285,570601.464,341841.1348
002340.SZ,20260205,3.0281,0.62,35.2366,2.1002,1.2051,0.7795,4317420.1469,4294008.3262
688330.SH,20260205,3.0004,0.51,28.218,1.5938,8.1702,0.764,617260.0,617260.0
002927.SZ,20260205,3.6295,0.87,245.4818,4.015,4.8279,0.2685,415583.8392,411013.8432
301392.SZ,20260205,6.3851,0.85,554.958,16.2681,30.0208,0.2543,1179700.0,481269.3621
002014.SZ,20260205,0.4586,0.78,16.23,3.2644,2.0753,7.1942,766227.3244,756250.8733
300902.SZ,20260205,2.3256,0.77,,4.5931,11.8516,,377060.1873,251479.0829
001213.SZ,20260205,0.3596,0.7,32.4654,0.964,1.5523,1.9565,1839999.9998,1839999.9998
300454.SZ,20260205,2.9186,0.47,84.3049,6.5387,7.3235,0.0447,5867343.3198,3864427.0961
688229.SH,20260205,10.5088,1.56,,8.5241,26.1475,,356754.0,356754.0
000056.SZ,20260205,17.7781,2.71,,,0.7102,,244783.3415,187071.3923
920145.BJ,20260205,2.2862,0.7,,4.6483,17.9108,,121063.8,83385.588
600309.SH,20260205,0.8697,0.51,23.5864,2.4891,1.4648,0.8757,26173873.265,26173873.265
300106.SZ,20260205,7.6595,1.42,,6.3811,2.7267,,246202.1412,246202.1412
600271.SH,20260205,1.2556,0.65,,1.3907,3.0652,0.0394,1878825.0229,1878825.0229
600095.SH,20260205,0.9178,0.72,78.0206,2.5874,120.9981,,3162261.6438,3162261.6438
301083.SZ,20260205,2.0354,0.75,89.6757,4.129,9.1716,0.6189,344883.4673,165997.6291
603075.SH,20260205,3.6644,0.65,30.2818,4.5842,4.672,2.933,960727.186,98451.9725
002033.SZ,20260205,3.7798,0.95,26.1276,2.1676,6.6068,3.4965,550040.2017,550029.6612
688195.SH,20260205,8.3837,1.02,395.6787,31.8297,57.0927,0.0293,3074002.75,3074002.75
002856.SZ,20260205,2.9334,0.63,,25.3693,5.1314,,210817.3549,193043.1222
002600.SZ,20260205,0.8811,0.57,47.0715,4.6789,2.1421,0.2649,10778338.2705,10618309.7946
600754.SH,20260205,2.6129,2.0,54.9947,1.9144,2.244,1.3349,3032552.7747,2576789.3152
002789.SZ,20260205,1.3022,0.68,,,0.361,,160421.6316,157248.4295
688072.SH,20260205,2.4301,1.39,95.6267,15.1277,15.396,0.0808,9308064.3842,9308064.3842
300240.SZ,20260205,2.561,0.71,,2.0008,0.4707,,295392.5453,288886.2088
301329.SZ,20260205,5.5104,0.73,59.4334,2.6906,4.8682,1.53,417160.2,146922.744
300405.SZ,20260205,7.4229,1.16,,4.674,3.4448,,195648.3976,150550.471
002393.SZ,20260205,1.7715,1.4,14.8073,1.1504,4.3313,1.5692,571585.2046,555410.9669
920826.BJ,20260205,9.7998,1.26,41.7872,5.0632,3.1907,0.7375,190539.4438,84715.3854
300724.SZ,20260205,15.585,1.03,13.1432,3.3635,2.2937,0.9236,4506898.5576,3723024.9701
001288.SZ,20260205,3.7962,0.76,45.1112,3.7101,4.2814,0.5157,813625.6883,525642.463
603214.SH,20260205,6.3857,1.73,23.1709,2.2327,0.6897,2.0658,256853.2267,256853.2267
688677.SH,20260205,2.6192,2.13,34.3956,4.5507,10.4867,1.1884,599624.754,599624.754
300780.SZ,20260205,16.2547,0.68,,3.7966,6.8378,,388675.5,284967.7818
300365.SZ,20260205,3.2215,0.73,,1.9343,3.1945,,364112.2697,310616.8425
300948.SZ,20260205,3.4989,0.74,,3.2741,28.9322,,314848.4486,296584.0634
920454.BJ,20260205,0.9272,0.66,56.3932,5.1985,10.5426,1.0044,167424.3,100644.3461
605299.SH,20260205,4.7471,1.33,66.018,4.0396,3.2584,1.6575,495573.3194,495573.3194
300663.SZ,20260205,2.1551,0.88,,10.814,15.3035,,817673.2734,781952.4715
688597.SH,20260205,1.92,1.1,34.9221,3.74,3.2041,1.0864,313207.9237,313207.9237
301489.SZ,20260205,3.9538,0.56,165.6628,11.3488,13.6333,0.1173,1229800.6405,724906.9028
603880.SH,20260205,1.9032,0.45,,7.4545,3.1875,,189611.552,189611.552
603595.SH,20260205,0.7444,0.58,98.5775,2.5201,1.9456,0.0895,389573.3384,389573.3384
300218.SZ,20260205,1.6679,0.73,21.7897,2.3322,1.5801,1.4841,360198.42,359018.814
920119.BJ,20260205,12.9448,,27.5243,4.1003,5.5684,,751668.6887,150076.8
000560.SZ,20260205,13.8338,1.02,77.9657,0.8881,0.7004,0.1211,836202.8021,800858.1565
301555.SZ,20260205,6.7771,0.87,42.5076,2.8425,1.4712,0.6476,313429.9799,164235.6083
688619.SH,20260205,0.934,0.72,,3.2675,14.9383,,261282.2012,261282.2012
300182.SZ,20260205,4.8587,0.78,180.3329,1.9017,5.697,0.0833,1598295.3792,1355341.2342
603956.SH,20260205,2.3035,1.02,,1.9856,3.6408,,392665.4311,392665.4311
688287.SH,20260205,0.8388,0.31,,2.5901,21.9455,,198596.3616,198596.3616
001222.SZ,20260205,2.0105,1.33,24.5226,3.0083,2.5808,0.6594,428548.05,241135.2255
300338.SZ,20260205,5.8357,1.47,,,10.8013,,155010.5064,134504.0782
002222.SZ,20260205,4.9901,1.14,118.6278,18.7356,30.285,0.295,3188295.0,3174068.6209
002240.SZ,20260205,4.2663,0.85,,2.9731,7.4726,,3122067.3974,3113931.6507
603055.SH,20260205,0.7083,0.97,15.8106,1.6155,1.2526,2.676,831533.8376,828505.0624
600285.SH,20260205,1.5149,0.81,15.9012,3.9143,3.3609,4.0143,1271472.9196,1268670.4196
002062.SZ,20260205,1.9151,0.6,43.4299,2.3709,2.0373,1.0184,1202627.3041,1093209.3331
600854.SH,20260205,1.4772,0.84,23.4538,1.1422,28.9061,2.2263,279988.152,279988.152
688308.SH,20260205,4.079,0.76,401.4025,2.8949,5.9452,0.3166,746432.8093,746432.8093
000626.SZ,20260205,1.0864,0.64,,1.6376,0.0458,,389089.4316,386854.2881
603042.SH,20260205,15.6641,1.24,,3.4771,3.4293,,299981.8211,299981.8211
688377.SH,20260205,1.0591,1.06,69.6419,4.1726,6.4588,0.3497,776526.663,776526.663
002017.SZ,20260205,2.0467,0.49,71.6504,7.4251,10.2567,0.7247,1313517.4101,1312734.351
000525.SZ,20260205,4.236,2.03,87.787,2.9934,2.9953,,788410.9173,672614.803
300351.SZ,20260205,2.3443,0.69,69.8689,2.6933,3.0121,0.3457,673194.5048,455963.6032
001331.SZ,20260205,7.405,1.68,5295.0186,11.6108,3.4036,,1758355.2,1045865.4802
688327.SH,20260205,3.015,0.62,,16.3985,29.5761,,1556784.2315,1249328.119
300139.SZ,20260205,21.7077,0.72,194.7967,14.5395,32.7807,,1611120.0,1373916.243
600171.SH,20260205,1.8209,0.58,61.2312,4.9228,6.9966,0.5449,2211840.7054,2211840.7054
601579.SH,20260205,4.4929,0.83,53.0272,2.9126,5.9484,1.776,1059614.1339,1059614.1339
600476.SH,20260205,4.922,0.73,,19.9624,3.225,,226786.56,226786.56
300492.SZ,20260205,0.7498,0.52,89.6942,51.8314,4.8918,0.6844,1548863.3318,1548863.3318
600352.SH,20260205,2.3343,0.56,22.0867,1.3413,3.0651,3.196,4580691.2589,4580691.2589
688230.SH,20260205,1.0086,0.45,80.5618,3.7665,21.7269,1.1001,855187.2,855187.2
000001.SZ,20260205,0.6068,1.04,4.9912,0.4854,1.585,5.3924,21521163.2816,21520811.1242
002130.SZ,20260205,6.0815,0.6,34.1713,5.6143,4.2329,0.4926,3465980.9441,3148551.827
603789.SH,20260205,1.112,0.54,,9.9977,3.9293,,148254.9614,145340.0
002078.SZ,20260205,0.6708,0.56,14.4346,1.5182,1.1724,2.4646,4535530.4981,4507712.3901
002361.SZ,20260205,25.9717,1.05,378.8872,5.9506,5.2362,0.361,1317183.4321,1120635.3328
600696.SH,20260205,3.897,0.79,,2.2928,7.4256,,65890.4779,65890.4779
688403.SH,20260205,2.7384,0.66,90.6096,4.7064,9.6141,0.4728,1659681.088,1659681.088
601939.SH,20260205,1.2753,1.0,6.8511,0.6824,3.0602,4.3338,230993136.8283,8471199.6661
603727.SH,20260205,1.119,0.34,153.0296,1.4242,2.0434,0.3079,450469.1239,450469.1239
002066.SZ,20260205,1.796,1.04,270.8657,6.9486,1.276,0.7058,490955.63,482790.0
688313.SH,20260205,4.7681,0.53,108.9224,25.4622,18.7729,0.0758,3577471.7861,3577471.7861
688336.SH,20260205,0.4411,0.45,41.7199,6.1613,26.5024,0.2089,3631258.2051,3623616.5339
301658.SZ,20260205,13.9056,1.03,86.2512,4.2411,5.5575,0.3878,1339793.8176,133979.3834
002939.SZ,20260205,0.6361,0.79,16.44,1.268,7.4948,1.7091,3965841.6977,3541414.4173
603272.SH,20260205,2.9345,0.98,112.4412,4.213,10.2043,0.4216,235129.663,235129.663
000815.SZ,20260205,9.0797,0.56,,6.9041,20.7052,,932347.7299,932347.7299
601128.SH,20260205,1.6579,1.09,5.8426,0.8242,2.1144,5.1051,2450908.2623,2450908.2623
001239.SZ,20260205,2.0046,0.67,37.6981,2.8961,2.0492,,399120.0,189582.0
000002.SZ,20260205,2.2034,0.6,,0.3313,0.2045,,5822186.2218,4741603.019
300929.SZ,20260205,2.1613,0.67,,1.9866,4.2646,,159880.8768,153364.3008
301563.SZ,20260205,4.9077,0.41,91.6026,8.7203,3.5357,,1046285.4787,224176.0763
600182.SH,20260205,1.3077,0.7,36.332,4.9148,1.05,5.8311,507280.0,253640.0
603187.SH,20260205,0.9074,0.6,15.6472,1.455,1.8981,5.1341,598172.1336,591896.2073
301108.SZ,20260205,4.3823,1.89,72.3396,2.0281,5.4116,0.5063,381115.4693,219726.5264
688511.SH,20260205,1.9436,2.0,500.1287,3.2642,21.0863,,277638.6834,277638.6834
002211.SZ,20260205,1.2945,1.03,,109.9686,3.2952,,149204.1438,149204.1438
301366.SZ,20260205,2.6749,0.75,328.6524,3.4006,6.9816,0.8188,727090.6175,264724.1729
688799.SH,20260205,1.9126,0.81,29.145,3.1167,4.3434,0.9065,620880.96,620880.96
002702.SZ,20260205,17.2729,2.13,,4.087,2.7847,,427379.44,352773.9438
300800.SZ,20260205,1.8297,1.06,76.2281,1.5292,3.8327,1.2043,307076.423,303992.8055
920266.BJ,20260205,0.7729,0.89,,1.2768,2.8388,,113584.0064,108537.2586
688393.SH,20260205,1.6267,0.53,,2.121,7.0081,0.3598,260024.6355,260024.6355
603168.SH,20260205,1.3937,0.64,,1.7138,5.8104,,276105.3607,274915.3357
920010.BJ,20260205,4.411,0.8,74.8535,3.7212,4.9928,0.4575,256308.5,189792.3215
002407.SZ,20260205,3.4398,0.82,,4.0357,4.1417,0.6944,3337972.9235,3029864.5161
600137.SH,20260205,3.1305,0.8,76.7047,3.882,5.5105,0.8583,210670.5132,210670.5132
300250.SZ,20260205,3.7043,0.34,,9.9971,22.1085,,519838.7329,382689.9063
600909.SH,20260205,2.0383,0.7,14.6752,1.3323,6.0978,2.1212,3087755.2365,3087755.2365
688610.SH,20260205,3.7006,0.72,97.0879,3.683,13.6839,0.249,546244.0,328811.3187
603017.SH,20260205,4.7062,1.28,83.2962,2.3785,2.8421,1.608,339161.6798,339161.6798
300194.SZ,20260205,1.2826,0.6,36.4752,1.1837,3.0793,1.5801,527042.5852,428976.4877
300350.SZ,20260205,2.267,0.71,,3.7471,8.9619,,346199.5639,290484.2969
000639.SZ,20260205,5.3782,0.98,,1.0891,0.6779,,316272.4318,316272.0442
300152.SZ,20260205,13.9531,5.47,,7.8392,11.8717,,184615.2,184568.1721
600302.SH,20260205,5.1706,1.32,,8.0347,13.2203,,476801.5099,476801.5099
300448.SZ,20260205,6.7844,0.66,,5.2703,23.5175,0.3407,646750.3275,444103.9913
002383.SZ,20260205,1.952,0.67,,4.903,6.567,,829943.9019,829943.9019
603681.SH,20260205,2.116,0.57,25.153,1.4291,0.5566,0.7468,371941.4592,371941.4592
300426.SZ,20260205,5.2156,1.79,,28.1409,16.9986,,414352.1852,368000.0
688045.SH,20260205,2.9389,0.49,8381.907,2.5172,5.1708,,348141.5277,348141.5277
920946.BJ,20260205,0.4051,0.58,33.9842,3.7313,8.2554,1.2927,462352.5622,462210.4185
300787.SZ,20260205,5.5098,1.22,34.9895,2.6364,1.2947,1.3144,397433.0694,242135.8345
002296.SZ,20260205,4.3981,0.76,16.7324,2.1084,3.6823,1.5385,506454.546,451640.0772
300406.SZ,20260205,0.8335,0.48,17.9405,2.0893,5.4039,6.7823,774513.6976,560653.9389
300625.SZ,20260205,1.9846,1.1,,1.8214,1.8884,2.3148,362012.976,209915.3958
688448.SH,20260205,4.6061,0.54,119.4375,4.7289,10.3737,0.4483,478422.4071,320311.0471
688595.SH,20260205,4.0073,0.91,,7.8245,7.0085,,562827.6174,562827.6174
600618.SH,20260205,3.2312,0.5,22.2954,1.9514,2.2503,1.3725,1769291.9633,1147255.1633
688778.SH,20260205,0.7248,0.65,55.2827,4.5404,2.0831,0.6435,4173290.5653,4173290.5653
605169.SH,20260205,0.7574,0.65,37.3068,1.922,1.2186,1.8455,375381.76,375381.76
688366.SH,20260205,0.9367,2.93,28.4687,1.98,4.3371,2.0828,1093784.2067,920582.0001
000670.SZ,20260205,4.0272,0.54,,115.2193,1.5252,,701121.9617,682146.1697
301608.SZ,20260205,1.6271,0.55,37.2581,3.8997,5.0658,0.9094,824759.32,370137.5062
000800.SZ,20260205,0.3093,0.9,54.4451,1.3005,0.598,0.7163,3435054.1206,3434760.7567
002672.SZ,20260205,0.6626,0.49,,1.6952,1.5094,,516154.4595,422690.247
300628.SZ,20260205,1.2244,0.52,18.328,5.3697,8.0169,4.8834,4657769.4715,2668388.4095
603324.SH,20260205,0.9692,0.6,65.0835,2.2893,2.9874,0.4786,384852.9855,384852.9855
002975.SZ,20260205,4.1847,0.68,98.6351,5.5914,8.1725,0.281,1247154.1735,823582.8644
301456.SZ,20260205,1.7066,0.63,65.6604,2.0155,7.264,0.6782,443670.5769,178414.7005
605378.SH,20260205,0.4678,0.56,62.3383,4.5172,4.1021,1.6534,564508.224,564508.224
300158.SZ,20260205,1.1579,0.63,,1.5752,1.9532,,569581.9541,569228.0177
688017.SH,20260205,4.3878,0.73,413.2264,10.7252,72.5806,0.0487,3760467.524,3760467.524
002626.SZ,20260205,1.0537,1.07,24.0388,2.6186,3.3096,2.1053,1158876.0649,1158700.3149
600816.SH,20260205,0.8076,0.79,443.7447,2.0214,,,2805667.7524,1558704.3069
688670.SH,20260205,2.266,0.7,,2.0718,21.1708,,246769.6,246769.6
301179.SZ,20260205,1.3608,0.72,47.1962,2.819,5.5451,1.5982,683853.1992,401621.7143
002909.SZ,20260205,2.282,0.68,5260.4759,3.1503,2.4278,1.3637,283140.0,276190.2801
688638.SH,20260205,2.2868,0.65,,2.5958,3.8097,,221760.0,104785.6471
002043.SZ,20260205,2.1209,1.02,19.8569,4.5235,1.6075,3.3858,1453729.849,1289685.3148
688563.SH,20260205,6.3904,1.06,60.4469,3.162,11.8735,0.7271,3295350.0,856710.3957
000833.SZ,20260205,4.0323,0.55,30.6393,3.9064,5.2234,0.6418,1524758.3021,862487.5514
600833.SH,20260205,1.5771,0.77,42.9645,2.5542,1.4217,1.6554,296481.7552,296481.7552
603680.SH,20260205,0.3601,0.27,22.7227,2.0919,2.3045,2.0506,1146580.5561,1146580.5561
002188.SZ,20260205,7.6693,0.78,89.8083,7.3423,5.9978,,238131.613,187360.2691
000778.SZ,20260205,3.8099,1.05,53.5442,0.784,0.5656,0.3861,2052928.4236,2016887.6469
920027.BJ,20260205,1.3346,0.71,33.3425,4.1035,4.7404,0.5477,173534.8685,92467.8685
300593.SZ,20260205,3.2248,0.76,,6.5618,13.405,,1566193.08,1299910.7274
603530.SH,20260205,1.1231,0.88,54.0889,12.3306,12.4819,0.981,2012945.1732,1993268.2412
688357.SH,20260205,1.2541,0.84,38.2036,1.9136,4.1354,0.6024,332198.785,332198.785
301389.SZ,20260205,3.4928,0.68,121.6361,6.1772,36.5432,1.0844,1353712.5,403817.1994
002107.SZ,20260205,0.9691,0.62,43.8416,5.7975,5.1365,1.6506,419631.3792,415403.4496
603833.SH,20260205,0.3802,0.55,15.5411,2.0508,2.0433,6.0393,3731061.3104,3731061.3104
600545.SH,20260205,1.522,1.08,,1.4324,1.1762,,457705.5288,457705.5288
002676.SZ,20260205,1.4564,0.61,82.3453,4.4341,2.0153,0.1245,578160.0,578141.0966
600758.SH,20260205,2.1241,0.72,122.7177,0.921,1.0073,0.829,510298.7141,509806.9501
000524.SZ,20260205,2.189,0.97,108.594,3.8405,1.9627,0.6135,873952.0105,873613.4086
000566.SZ,20260205,2.4772,0.74,,29.3615,9.8993,,817340.0294,816943.4488
920753.BJ,20260205,1.8211,0.81,59.7274,4.663,7.6236,1.3622,184055.276,73214.628
920088.BJ,20260205,23.7227,0.59,76.4686,5.7177,8.816,0.1835,383903.6685,138534.678
002320.SZ,20260205,2.1043,1.6,124.7746,5.994,4.9024,0.3694,2413440.508,2413440.508
600499.SH,20260205,2.3282,0.54,22.6832,2.6201,1.9799,1.1277,3294877.2797,3294877.2797
002852.SZ,20260205,1.8563,0.54,13.8639,1.7589,0.6356,2.6808,390060.0579,323493.9097
301586.SZ,20260205,2.23,1.16,64.7018,3.2567,5.5059,0.399,415873.221,265190.2778
600871.SH,20260205,3.3267,0.62,87.4213,5.719,0.6709,,5459629.1999,3901539.5571
002067.SZ,20260205,3.2168,0.76,127.0732,1.1922,1.4023,,789046.8114,715618.0614
301336.SZ,20260205,5.1508,0.57,75.6684,2.8784,6.488,0.3759,238600.0,181516.7216
301285.SZ,20260205,2.4024,0.81,,14.1815,16.4333,0.0714,1445036.64,548870.6575
603266.SH,20260205,1.1919,0.89,38.1691,2.6812,3.152,0.803,421043.2498,421043.2498
603076.SH,20260205,1.2039,0.66,211.0791,2.3068,2.0033,1.6142,299097.9304,299097.9304
300880.SZ,20260205,1.0079,0.62,41.8355,3.5528,5.026,2.3585,372321.9302,372282.2209
300175.SZ,20260205,0.8639,0.81,,5.7927,11.1569,,298958.0,298958.0
301281.SZ,20260205,3.2438,0.57,68.764,2.6203,8.2475,0.603,359197.93,228382.084
300508.SZ,20260205,4.2921,0.7,55.135,5.6728,9.2579,0.4227,480004.996,361530.1247
002058.SZ,20260205,1.1293,0.82,16.8118,79.1609,5.0013,,316733.9171,316004.0604
688303.SH,20260205,1.3824,1.66,,1.2979,10.914,,5073411.5373,5073411.5373
600262.SH,20260205,2.9456,0.53,19.58,2.8003,1.4228,1.0897,493000.0,493000.0
002375.SZ,20260205,6.3246,2.55,19.2815,0.7409,0.5674,1.4977,607018.4136,601037.5452
000799.SZ,20260205,7.2034,0.73,,5.0576,19.1807,1.0246,1902784.1069,1902617.2109
300333.SZ,20260205,1.1951,0.65,,6.2105,30.3295,,360192.0,358884.2318
301230.SZ,20260205,8.06,0.81,178.846,6.5255,9.8039,1.0509,654382.0042,588887.011
002386.SZ,20260205,1.788,0.7,,1.0134,0.6408,,761463.5377,761321.6541
300720.SZ,20260205,1.5339,0.34,166.5313,11.0098,28.7546,0.4534,644653.9628,577748.7862
600006.SH,20260205,0.6545,0.79,56.4112,1.6539,1.3882,0.0723,1384000.0,1384000.0
603520.SH,20260205,2.4104,1.45,,1.7753,1.931,1.4245,461645.6047,461645.6047
300703.SZ,20260205,6.0063,1.73,37.998,5.2084,2.2542,0.5568,485975.617,457068.3046
002983.SZ,20260205,9.6168,1.06,42.5127,4.3701,5.0828,1.5251,585555.025,335440.3318
002668.SZ,20260205,1.3939,1.2,9.3371,3.2167,0.5831,,1093868.4309,1093868.4309
920694.BJ,20260205,0.9003,0.57,24.6611,2.9595,3.5909,1.1841,258893.413,122481.2644
600960.SH,20260205,1.3209,0.93,,1.3247,1.4888,,489515.4918,489515.4918
601099.SH,20260205,2.3186,0.95,87.1138,2.8855,19.2432,,2869669.1918,2869669.1918
600526.SH,20260205,0.9635,0.58,17.9822,1.1488,1.0988,1.7321,513670.2415,504598.1269
300938.SZ,20260205,4.7818,0.61,45.5835,4.7221,11.1198,0.7533,857107.145,597538.825
002968.SZ,20260205,3.3914,1.33,26.7011,2.3961,0.9579,2.5476,295292.5068,278168.7862
300793.SZ,20260205,1.9008,0.7,,2.0018,2.7722,0.7548,598597.8607,585292.6402
002378.SZ,20260205,4.3499,0.62,125.6748,12.098,5.7296,0.3193,2709196.8368,2694998.6871
600488.SH,20260205,0.8314,0.88,285.4499,1.5387,1.6181,2.3005,465143.7257,465143.7257
001268.SZ,20260205,2.5782,0.48,48.5387,3.8193,4.8555,1.2271,392121.8024,228636.8024
601198.SH,20260205,1.0391,1.08,20.5533,1.541,9.2047,1.1866,4522191.2825,4522191.2825
600276.SH,20260205,0.8116,0.72,51.689,6.4873,12.4589,0.3434,38601954.4672,37100277.2256
688717.SH,20260205,4.1869,0.7,78.6595,3.4574,4.1199,0.9857,1521760.0,942043.7019
002470.SZ,20260205,3.4481,0.9,,3.1824,0.7068,,653919.5207,653864.134
600498.SH,20260205,6.3568,0.73,64.564,3.1928,2.1688,0.3996,5306360.3522,4968225.0286
603334.SH,20260205,25.9106,3.74,54.8959,5.0784,3.0145,,847798.0,183464.8342
300656.SZ,20260205,5.6412,0.5,,4.9889,13.0745,,488733.2056,379556.3796
300477.SZ,20260205,7.139,1.09,,3.4026,2.102,,335541.849,310136.225
301161.SZ,20260205,2.7,1.06,57.1671,4.5027,5.3839,0.2429,414960.0,414960.0
300893.SZ,20260205,1.9581,0.79,33.8622,5.818,4.5163,0.4018,1126689.0156,597579.7266
300853.SZ,20260205,1.7718,0.81,,5.1353,13.984,,313295.2957,235069.5465
301516.SZ,20260205,2.8634,0.67,,3.5647,5.5925,,460070.1764,115017.5445
688301.SH,20260205,1.8355,0.89,38.8831,4.3434,11.1844,0.5557,2571221.5302,2436865.9334
603886.SH,20260205,2.6086,1.43,26.2922,2.142,1.6963,7.2202,332400.0,332400.0
001324.SZ,20260205,2.6358,0.66,55.5255,2.3578,5.7305,0.6831,267306.0,158163.0232
605099.SH,20260205,0.5865,0.5,26.1105,5.4989,5.2177,1.5556,1652392.8502,1647933.1782
000019.SZ,20260205,2.8428,0.57,25.5903,1.6633,1.5111,2.0833,829825.3829,299675.813
605177.SH,20260205,1.8237,0.91,,1.4504,2.9649,,246546.3244,241942.9451
002315.SZ,20260205,3.7077,0.73,29.7455,5.7912,8.1647,2.4059,1516387.4538,967066.9476
603097.SH,20260205,4.7287,1.04,58.3948,5.4429,2.9948,0.5562,591248.388,572811.388
600763.SH,20260205,5.5562,1.44,43.9968,5.2331,7.7558,0.8855,2273123.2926,2273123.2926
603000.SH,20260205,3.4416,0.48,138.2167,7.0275,12.5944,0.5656,2580682.9247,2580682.9247
603801.SH,20260205,0.932,0.56,14.4832,1.2765,0.9095,6.1844,423492.6121,423492.6121
300095.SZ,20260205,5.16,0.77,,2.7036,3.3508,0.8801,451596.9263,364131.6099
603060.SH,20260205,1.6681,0.9,47.2658,2.7973,2.1215,1.6593,552320.9892,552320.9892
600422.SH,20260205,1.0485,0.96,17.7514,1.7724,1.2227,2.4135,940920.866,940920.866
603320.SH,20260205,4.2434,2.18,44.9368,2.8944,3.3076,0.6195,337070.4188,337070.4188
002451.SZ,20260205,5.1581,0.9,344.2512,5.8505,2.8073,0.0969,453449.43,451884.321
300471.SZ,20260205,10.4102,0.99,,4.5754,7.2826,,712760.6362,555687.4957
000677.SZ,20260205,2.9316,1.41,472.1848,6.8565,3.2776,,348183.113,348183.113
002483.SZ,20260205,1.6225,1.18,14.4806,1.4997,0.8464,4.0431,657759.5624,656856.0929
300516.SZ,20260205,3.836,0.76,385.4917,9.668,20.4257,0.0989,1255680.0,1255680.0
002267.SZ,20260205,0.6059,0.52,12.9506,1.3282,0.9842,4.4529,874091.2998,874091.2998
000698.SZ,20260205,1.1972,0.62,28.9427,2.1135,0.5764,,312234.9845,299357.1845
300184.SZ,20260205,3.6637,0.74,78.6714,2.9709,1.394,,1212036.8245,1101656.4133
301330.SZ,20260205,2.6729,0.59,46.7042,2.6215,4.4918,1.0965,890099.5621,430826.0421
000727.SZ,20260205,1.0204,0.55,,4.992,0.2177,,1155039.5799,1155039.5799
600114.SH,20260205,1.7462,0.66,37.1319,6.1334,3.3433,0.9298,1988857.9526,1941607.9526
002285.SZ,20260205,3.1705,0.75,,2.0342,2.6103,,569949.1049,565072.0006
002882.SZ,20260205,1.6049,0.71,114.2203,6.4001,2.8424,0.9585,1354977.0,772287.2795
600611.SH,20260205,0.8347,0.74,157.0005,1.3332,6.1951,0.8741,1352278.2782,894216.9602
002506.SZ,20260205,21.6729,1.36,,13.6765,1.5266,,2433731.6336,2431283.4112
002109.SZ,20260205,0.989,0.5,,1.2963,1.4555,,528375.7183,528375.7183
300035.SZ,20260205,2.4823,0.7,26.9201,2.861,1.8458,1.2213,1403068.3955,1194113.6221
688128.SH,20260205,0.5365,0.83,22.4109,3.3498,2.5046,1.6943,1193679.5,1193679.5
300137.SZ,20260205,2.703,0.95,,3.1829,5.296,,519411.5793,513073.0146
603890.SH,20260205,2.0789,0.67,22.2541,2.1246,1.6123,0.9615,670694.8023,670694.8023
601827.SH,20260205,0.3985,0.79,11.8559,1.2578,2.6589,2.7374,1496380.3035,1496380.3035
301267.SZ,20260205,0.8931,1.29,36.0985,2.69,3.8706,1.6195,1593480.0,1230098.9946
300514.SZ,20260205,2.1029,0.59,24.8064,2.6782,3.6688,2.1201,283000.0,226765.5299
600825.SH,20260205,1.5842,0.65,166.6347,2.9412,4.9693,0.1739,720972.6165,720972.6165
688202.SH,20260205,4.0657,1.36,,4.2518,8.131,,877319.7615,877319.7615
000633.SZ,20260205,3.9562,0.87,187.7936,15.0133,8.2319,,294991.4817,294989.2986
002757.SZ,20260205,14.3862,0.88,,3.2682,2.05,1.5851,652366.6559,622775.0576
920719.BJ,20260205,1.7243,0.57,,2.2471,4.9371,,114225.6018,89808.6233
002007.SZ,20260205,0.9257,0.81,29.9562,2.7172,6.659,4.5016,2841695.1156,2447107.9768
301367.SZ,20260205,1.1179,0.83,35.6789,2.5173,7.1476,0.4738,750220.8,585637.453
002084.SZ,20260205,3.1587,0.91,,1.9486,0.9909,,271343.5368,270746.4656
920438.BJ,20260205,6.47,0.85,232.131,7.8052,14.5298,0.1827,773047.35,745061.1973
300072.SZ,20260205,1.5324,0.52,,1.7445,4.1619,,1052674.6953,1044449.849
000825.SZ,20260205,1.1549,0.55,199.5239,0.8505,0.3029,,2819642.659,2819642.659
300332.SZ,20260205,2.4234,0.62,53.1956,1.1121,1.7211,,473222.1749,453983.1046
301045.SZ,20260205,5.7756,0.85,130.5308,4.128,6.9971,0.1303,423181.2213,245342.8266
688116.SH,20260205,1.4796,0.68,63.6368,4.5382,11.9115,0.3188,1677983.5921,1677983.5921
300181.SZ,20260205,2.6513,1.26,20.5382,3.9287,4.3539,3.3927,1224622.2869,1052682.4646
603637.SH,20260205,1.9563,0.43,31.7849,2.8583,6.0789,1.6194,294777.0581,294777.0581
000968.SZ,20260205,2.5176,0.43,18.9029,1.2259,3.6429,0.3831,757554.5828,757554.5828
605179.SH,20260205,1.2936,0.8,216.2226,7.3788,2.9283,0.193,831273.0,831273.0
600089.SH,20260205,5.4972,0.75,26.2341,2.0289,1.4185,0.899,13960865.8737,13960865.8737
600756.SH,20260205,2.8657,0.65,,2.512,3.8166,,596816.2814,553236.5714
002251.SZ,20260205,5.661,1.86,,1.7363,3.4757,,1425010.8352,1140810.2231
605005.SH,20260205,0.4702,0.84,34.2964,3.7302,4.1175,1.0537,761098.0,761098.0
002842.SZ,20260205,17.3564,0.69,,7.5777,4.105,,846395.0557,694511.9934
301408.SZ,20260205,10.2217,0.74,44.6776,3.9752,1.6164,0.4801,833220.83,310723.8241
600390.SH,20260205,0.8,0.68,610.5357,0.6072,42.867,0.1049,2572893.4425,2572893.4425
688617.SH,20260205,0.5681,0.74,41.9249,10.7723,13.3745,0.5284,3221126.3192,3221126.3192
603369.SH,20260205,1.0578,0.69,14.9173,2.5981,4.0908,3.4884,4288992.1273,4288992.1273
300657.SZ,20260205,3.8885,0.62,154.7221,11.3914,2.0544,,1433190.5953,1399195.2239
603409.SH,20260205,17.7185,1.67,30.1265,3.2105,3.9126,1.3158,478914.0,119729.2752
600992.SH,20260205,4.0592,1.15,,2.5498,1.6978,,355135.41,355135.41
300012.SZ,20260205,1.3982,0.61,26.5742,3.5077,4.1032,0.9571,2621846.3574,2230697.1739
601601.SH,20260205,0.387,0.58,8.2237,1.5149,0.9819,2.4134,43051028.0111,30631560.5111
002539.SZ,20260205,2.443,0.55,21.2266,1.8579,0.8367,1.4045,1719798.6371,1254831.9399
300261.SZ,20260205,1.7391,0.62,,3.3564,5.3501,,673353.3202,654385.1115
920982.BJ,20260205,2.9943,1.96,33.861,14.3507,15.103,1.105,2643280.9905,1261279.6815
001332.SZ,20260205,1.9065,0.71,24.9611,2.444,4.6518,1.4297,616534.2,267859.5356
002886.SZ,20260205,2.397,0.78,139.926,3.2306,2.8778,0.1898,582469.4893,462689.9769
300437.SZ,20260205,6.8574,1.02,,2.7179,4.2815,,378634.3665,263715.8955
603356.SH,20260205,2.1445,0.61,,6.2214,2.5081,,238545.26,238545.26
002869.SZ,20260205,1.0191,0.41,220.6092,1.8607,6.9703,0.8716,398235.6447,354573.5898
601518.SH,20260205,0.7272,0.65,10.131,0.9824,3.6281,2.9452,552041.5253,552041.5253
300308.SZ,20260205,2.8826,0.75,73.0271,24.0678,19.7893,0.1601,62443739.2525,62128021.5879
300425.SZ,20260205,1.2544,0.91,57.3704,1.5265,2.1505,0.4943,358850.2727,357190.992
603182.SH,20260205,0.7701,0.58,23.2404,2.4375,1.8947,2.4661,266900.1,266900.1
300003.SZ,20260205,1.8446,0.75,77.3964,2.1693,5.274,1.6634,3299679.8138,2826202.1488
002252.SZ,20260205,0.3763,0.74,22.972,1.2875,5.2749,0.5181,4195206.417,4192997.4348
300946.SZ,20260205,1.4299,0.56,141.6787,6.2384,11.9235,0.495,741817.089,360449.4465
000812.SZ,20260205,1.8636,0.6,,1.9027,2.402,0.6292,342068.2132,341831.6317
002612.SZ,20260205,6.8369,2.12,8.2799,2.5152,1.4696,2.0619,858344.0275,494194.1004
301548.SZ,20260205,6.6175,0.61,44.5204,3.8987,9.9342,0.6341,588642.0,177505.8882
920953.BJ,20260205,2.0862,0.67,65.7966,7.9762,15.3593,0.3604,452121.3287,211336.8223
300047.SZ,20260205,2.3363,0.47,287.2791,2.5764,0.9594,0.1126,849475.9031,728126.799
002802.SZ,20260205,2.5154,0.87,54.6113,3.9492,6.1075,0.7141,249936.0283,249443.6816
300942.SZ,20260205,1.4952,0.84,126.4114,4.6699,15.6826,0.1772,394942.0449,394942.0449
002851.SZ,20260205,3.3462,0.7,272.303,10.2534,7.1405,0.04,6469795.0582,5385406.7518
300447.SZ,20260205,13.0061,1.09,,3.3711,8.6364,0.2293,673965.7893,434377.1626
002761.SZ,20260205,0.9445,0.73,55.5339,1.3493,0.1385,0.4747,1139389.2406,930338.0421
600072.SH,20260205,9.4289,2.06,,1.9891,1.9791,0.2341,1930872.2461,1392088.4511
002343.SZ,20260205,3.9603,0.92,,3.8099,7.1698,,362839.0991,362839.0991
002334.SZ,20260205,11.5064,2.36,28.1864,2.6061,1.8523,0.6078,793944.679,708402.2202
600745.SH,20260205,2.8641,0.71,,1.2201,0.8253,,4143445.3129,4143445.3129
000777.SZ,20260205,2.0356,0.61,42.6,4.2081,5.0467,0.7794,959310.8177,959293.8892
920651.BJ,20260205,10.9142,1.31,24.8475,4.2134,6.5873,1.9724,216489.0,54210.5172
600740.SH,20260205,8.1943,1.15,,0.7842,1.7972,0.4292,1193948.4578,1193948.4578
000811.SZ,20260205,3.2086,0.91,29.218,2.7681,2.6116,0.6733,1701107.2663,1676970.1972
603500.SH,20260205,1.4103,0.65,30.6389,4.4225,5.9048,0.9644,448601.2516,447311.5162
600354.SH,20260205,16.341,0.77,52.3095,5.2476,2.8791,,361544.4248,361544.4248
605006.SH,20260205,7.5916,2.52,438.0759,2.0089,2.1988,,504015.0192,504015.0192
300512.SZ,20260205,1.652,0.62,120.1261,2.5317,3.6276,0.5876,411692.7993,325850.6442
300191.SZ,20260205,11.4492,0.63,,9.3832,18.0621,,996480.0,688801.23
300807.SZ,20260205,3.1662,0.96,,8.0491,19.3455,,378232.0641,288742.7374
300582.SZ,20260205,7.8043,1.23,,4.1082,2.2745,0.2056,544232.0176,403867.1702
600895.SH,20260205,0.9554,0.67,57.6074,4.7368,27.197,0.5436,6267546.6089,6267546.6089
603933.SH,20260205,2.0349,1.11,280.4836,3.6343,2.2574,0.2596,479635.5128,479635.5128
605566.SH,20260205,1.0778,0.82,132.41,2.0288,5.054,0.3271,405353.6,405353.6
300219.SZ,20260205,2.5403,0.76,81.5443,2.0877,1.2416,1.5132,538037.0646,537053.1572
002338.SZ,20260205,1.018,0.52,220.5668,9.5699,17.775,0.1105,1302960.0,1302960.0
301396.SZ,20260205,17.6818,0.56,214.1439,10.4688,6.7553,0.0981,1341436.3257,664796.4246
000783.SZ,20260205,1.0562,0.49,11.7528,1.2462,4.2329,1.8703,4435118.5043,4435118.5043
600193.SH,20260205,0.8106,0.27,,20.4914,,,182485.017,182485.017
600690.SH,20260205,0.7707,0.77,11.7806,2.1091,0.7787,4.6421,24691298.8685,16464223.8062
002029.SZ,20260205,4.5951,1.91,19.4913,1.2907,2.9635,0.7654,880574.3977,831092.0428
301197.SZ,20260205,2.8769,0.65,64.2206,2.0588,6.5212,0.4409,264464.76,180445.53
300821.SZ,20260205,2.7648,0.81,,2.9117,3.4311,0.1263,1425600.0,1425351.411
920425.BJ,20260205,10.8957,1.22,68.2113,6.8359,19.6131,0.5756,176064.5121,146967.4056
300457.SZ,20260205,2.1451,0.81,58.9554,2.8199,2.0664,0.4096,1824567.4224,1792092.4944
920339.BJ,20260205,0.5588,1.11,35.3319,3.5609,3.5306,1.0145,216460.3354,148607.1237
688291.SH,20260205,1.7136,0.65,116.5466,4.8942,19.4052,0.3649,460665.4829,460665.4829
920809.BJ,20260205,2.0654,0.67,,2.6377,1.544,,416339.75,319079.4679
920022.BJ,20260205,3.161,0.84,25.5052,4.4172,2.9971,1.9288,181385.247,49961.305
600035.SH,20260205,0.8118,0.88,9.4933,0.7179,1.1837,4.2821,639216.0127,639216.0127
300293.SZ,20260205,1.5814,0.5,,7.3768,5.483,,689398.4219,571044.2629
002970.SZ,20260205,18.8775,2.01,38.2222,6.8308,5.1484,1.4956,1313955.7202,896958.8167
600183.SH,20260205,0.8925,0.5,54.8837,9.9281,5.8727,1.5754,15420048.872,15200295.8013
688216.SH,20260205,5.4276,0.66,,5.725,4.754,,333571.8714,331717.9974
600470.SH,20260205,3.6886,0.76,,2.039,0.5152,,331737.6,331737.6
603248.SH,20260205,4.5132,0.73,51.9259,4.5631,8.6066,,1035460.0,156014.3744
301368.SZ,20260205,2.7563,0.46,3728.3489,7.7231,14.8276,0.1074,749303.9,400053.6642
600847.SH,20260205,1.4274,0.77,,4.1058,3.7989,,211230.0372,211230.0372
300414.SZ,20260205,3.4859,0.79,234.9479,5.0641,10.8872,0.0648,503374.0555,484088.1275
000415.SZ,20260205,2.4732,1.43,,1.0222,0.5501,,2950016.6515,2572439.8846
000429.SZ,20260205,0.49,0.67,14.2242,2.2998,5.7314,4.2694,2561237.5044,1596579.1349
601952.SH,20260205,1.1122,0.43,23.3745,1.8373,1.2703,2.8754,1293942.0,1293942.0
300192.SZ,20260205,2.4427,0.66,49.9465,6.916,8.4702,1.004,655653.5114,646678.3064
300693.SZ,20260205,3.0871,0.91,26.9136,5.9539,3.7082,1.3326,1170794.7655,1006316.8726
301292.SZ,20260205,6.1785,0.68,,4.2968,2.4664,,1163216.7569,444143.406
688110.SH,20260205,2.932,0.64,,17.8781,72.5543,,5561290.7069,5561290.7069
002005.SZ,20260205,0.5047,0.63,,13.8609,7.5502,,511708.0585,511582.0021
002151.SZ,20260205,5.4098,0.79,,4.6591,12.3749,,2403466.6119,1960359.1021
300393.SZ,20260205,26.0447,2.04,,3.6679,1.9913,,1085268.8486,952081.4298
300675.SZ,20260205,3.1065,0.88,,4.5583,8.2657,0.0603,243320.0553,243320.0553
002859.SZ,20260205,2.0893,1.4,78.7096,5.3958,7.9021,0.5925,1581539.935,1488589.2468
000557.SZ,20260205,0.6381,0.42,21.9064,1.1476,5.4722,0.998,730645.7422,730416.0152
688500.SH,20260205,1.4182,0.44,,6.296,9.1863,,448542.5015,436742.8759
002255.SZ,20260205,2.8798,0.7,22.0487,2.2709,3.7306,0.4012,1005366.0766,771946.414
002059.SZ,20260205,2.7485,1.05,,4.2557,18.5889,,546714.799,530844.8713
301006.SZ,20260205,2.2897,0.89,29.2213,2.0187,6.74,1.0675,257807.28,159345.3711
002793.SZ,20260205,1.1323,0.88,,3.5867,2.0923,,520954.8848,520163.0298
688025.SH,20260205,5.3381,0.73,72.4254,7.657,8.9226,0.2358,1688838.1479,1688838.1479
920252.BJ,20260205,3.5774,0.88,305.3428,11.5873,7.9905,0.2002,302511.5098,201077.4613
002830.SZ,20260205,37.5921,2.39,91.7559,5.6864,5.5901,0.8842,371485.24,186251.065
601515.SH,20260205,0.7839,0.71,,1.5085,6.1034,,789032.9751,789032.9751
002696.SZ,20260205,1.7086,0.62,50.8181,1.9056,0.6701,,261503.5078,252537.6457
002900.SZ,20260205,1.498,0.54,,2.0209,4.3985,1.6447,384690.7808,212743.5776
002468.SZ,20260205,0.9503,0.93,17.4622,1.9407,0.382,0.5043,1996166.0245,1913228.7557
300168.SZ,20260205,1.45,0.82,,7.6661,4.681,,945052.3459,944103.7495
001233.SZ,20260205,5.1489,0.61,22.5748,3.1583,6.5068,2.5763,1443710.9918,274700.897
688238.SH,20260205,1.012,0.68,,3.0537,18.492,,452378.5799,446878.5529
688607.SH,20260205,2.3027,0.52,924.5202,5.8305,15.2326,0.1065,500572.8734,500572.8734
002716.SZ,20260205,7.3815,0.69,191.5321,11.6539,3.4061,,3924093.2179,3231547.3797
002287.SZ,20260205,0.3541,0.78,22.271,2.8403,5.7088,2.3937,1363929.796,1361239.6713
688239.SH,20260205,2.9028,0.81,69.0043,6.554,6.757,0.2507,1290565.3776,1290565.3776
688383.SH,20260205,0.7651,0.42,,5.344,9.6446,0.2765,731072.3088,731072.3088
688093.SH,20260205,0.7009,0.4,23.8357,3.5193,8.8933,1.6052,954703.4034,894259.6174
600508.SH,20260205,1.799,0.83,26.4125,0.7112,1.1544,2.2998,911347.398,911347.398
603078.SH,20260205,5.2982,0.59,103.9819,4.891,7.9733,0.3662,947896.3556,947896.3556
300455.SZ,20260205,2.5837,0.67,,11.7219,15.0924,0.0545,1976732.8957,1951546.1887
603598.SH,20260205,14.8317,0.62,,32.6967,0.83,,690350.5869,689582.2869
002797.SZ,20260205,1.0018,0.78,28.1461,1.704,7.0662,1.0694,2908060.8,2908060.8
301120.SZ,20260205,12.0253,0.83,,4.9045,18.279,0.1462,756253.988,445109.8375
920371.BJ,20260205,3.1126,0.78,39.1144,3.9797,2.6222,0.8643,237700.4852,224350.6292
688256.SH,20260205,1.8984,0.73,237.789,29.237,79.7419,,44628206.5966,44275259.2566
002476.SZ,20260205,1.8799,0.63,54.385,4.0158,6.3689,0.1587,385560.0,385514.2148
300578.SZ,20260205,4.902,0.6,297.7549,4.1672,10.9774,,495476.0803,495342.0714
002495.SZ,20260205,3.7596,1.0,130.9185,2.3787,10.0675,0.2812,261039.5424,195515.8085
688776.SH,20260205,2.4544,0.78,,6.7761,36.6049,,1230151.8057,1230151.8057
603023.SH,20260205,7.2212,1.4,1339.1803,3.8495,22.9125,,296360.3431,296360.3431
002327.SZ,20260205,1.9972,1.52,14.4976,1.706,2.1544,8.7694,592639.5961,347100.0013
688305.SH,20260205,1.1692,0.81,64.232,4.1587,12.5019,0.3208,780826.7333,776755.9458
001872.SZ,20260205,0.1203,0.99,10.724,0.7777,2.9409,3.7409,4918913.6963,4562360.954
000877.SZ,20260205,0.2843,0.45,18.9593,0.4564,0.4639,,3733008.1394,3733007.3519
600664.SH,20260205,0.8297,0.76,19.6813,1.5624,0.5546,,883996.9665,883996.9665
603085.SH,20260205,1.1104,0.6,608.902,5.1898,1.7607,,462621.5,462621.5
002978.SZ,20260205,1.7244,0.63,21.1245,1.9845,8.0502,1.3904,1693971.9593,1327893.9593
688098.SH,20260205,0.5985,0.63,,2.7233,13.1128,,383952.14,383952.14
300432.SZ,20260205,3.8621,1.07,74.0602,6.6353,2.6088,0.4011,3045082.991,3010879.6857
301221.SZ,20260205,2.5239,0.6,85.1359,2.7047,7.897,0.3419,541840.455,366930.5972
002246.SZ,20260205,2.7571,0.53,52.3504,3.6243,4.3587,0.2284,1081598.5442,1081598.5442
920304.BJ,20260205,2.5406,0.55,37.7378,4.2015,3.2378,1.4981,216654.48,182166.1327
603090.SH,20260205,3.8607,0.65,105.6991,11.3738,9.3225,0.4302,697300.0,697300.0
600217.SH,20260205,0.9723,0.52,,2.2164,1.9067,,681295.6596,681295.6596
002490.SZ,20260205,9.3048,0.57,,12.5152,4.0305,,623119.6004,423084.882
300383.SZ,20260205,5.4558,0.64,163.3605,2.1019,3.8627,0.4027,2678413.342,2672395.6552
688047.SH,20260205,1.1404,0.48,,24.2065,113.0659,,6186628.0,6186628.0
605003.SH,20260205,2.3676,0.87,56.685,2.5693,6.8572,1.2206,369490.0,369490.0
002550.SZ,20260205,1.2576,0.77,23.4113,3.6568,6.559,1.4909,1005922.8,739814.7815
600834.SH,20260205,0.775,1.01,119.4189,2.4962,7.4666,0.4148,425824.6593,425824.6593
920665.BJ,20260205,3.6924,0.7,39.9159,2.4486,5.5372,1.1029,176786.4,87137.4685
688676.SH,20260205,4.8356,1.09,65.1974,9.0738,5.864,0.5389,4278753.2914,4278753.2914
300613.SZ,20260205,2.9497,0.7,71.2953,3.9891,6.7417,0.2514,1098021.0338,1035666.901
601022.SH,20260205,0.8045,0.56,18.3889,2.0825,2.0854,2.2338,1253670.734,1253670.734
600883.SH,20260205,3.3188,1.12,58.1389,2.1326,37.1415,0.6772,209173.968,209173.968
001390.SZ,20260205,2.9833,0.83,28.4036,3.034,4.97,,481600.0,120400.0
600368.SH,20260205,1.2927,1.29,10.1588,0.9073,4.1897,3.2426,650300.1586,650300.1586
003023.SZ,20260205,2.3864,1.15,30.2856,1.6013,2.1167,1.7,247868.7848,247305.2742
920476.BJ,20260205,4.0225,1.3,61.6712,5.138,6.2543,0.5503,221126.7608,209109.7288
300165.SZ,20260205,1.8766,0.89,,2.006,3.6748,,256179.5618,217416.429
002868.SZ,20260205,0.7276,0.96,,,9.3852,,550949.1422,546077.5358
002527.SZ,20260205,2.2663,0.65,,8.515,2.8438,,1065539.4946,850553.4871
002133.SZ,20260205,2.7949,0.82,,1.0223,0.5707,1.2885,296497.219,294860.287
920395.BJ,20260205,0.5372,0.6,31.8418,7.4729,9.924,1.553,177304.588,119993.8417
001338.SZ,20260205,1.5396,0.56,19.1113,1.7076,1.5169,2.3678,635692.9667,635692.9667
002457.SZ,20260205,4.5837,0.55,20.3228,1.6943,1.5731,1.2648,417858.9604,417652.0262
000510.SZ,20260205,9.4618,0.6,,7.8498,5.4365,,968924.122,906357.2366
601231.SH,20260205,1.9221,0.81,43.633,3.6715,1.3662,0.6227,8087120.689,8087120.689
600207.SH,20260205,1.678,0.85,,2.2091,1.5844,,528316.5887,528316.5887
600226.SH,20260205,1.483,0.59,91.6991,4.8398,10.3595,,1748936.1597,1748936.1597
688161.SH,20260205,0.1907,0.6,44.9067,2.971,8.1209,0.8951,1198400.0,1198400.0
301381.SZ,20260205,2.2636,0.82,39.4738,3.3878,0.7732,1.1186,901729.077,436871.427
000069.SZ,20260205,1.2485,0.8,,0.4852,0.5288,,2226458.9807,1910912.6933
601360.SH,20260205,2.5321,0.62,,2.8234,9.8582,1.6892,8287476.5287,8287476.5287
600109.SH,20260205,0.814,0.7,13.8225,0.982,4.0162,1.291,3423757.1768,3423757.1768
001203.SZ,20260205,1.3664,0.62,63.7525,6.4957,11.1477,0.6811,4337084.5506,3721030.0758
601225.SH,20260205,0.627,0.63,11.1649,2.2618,1.208,5.3336,21358085.0,21358085.0
688800.SH,20260205,2.4033,0.62,54.2242,7.1481,5.2097,0.3363,1639224.45,1639224.45
002398.SZ,20260205,3.3547,0.64,80.9334,1.1418,1.6015,1.3369,411842.1179,335903.3011
003010.SZ,20260205,2.9879,0.68,70.9687,13.8152,3.9406,1.347,1083731.2144,787879.3621
000958.SZ,20260205,0.467,0.8,125.4435,5.7173,25.3732,0.856,11257787.4151,3488444.266
000050.SZ,20260205,1.1872,0.57,195.7216,0.8338,0.6344,,2293078.5677,2293049.668
300837.SZ,20260205,7.8647,0.63,108.069,3.2389,7.4241,0.6717,446608.1147,337581.8897
601990.SH,20260205,0.5274,0.78,28.6643,1.5309,11.4856,1.3718,3493304.4692,2926970.661
000048.SZ,20260205,2.1386,0.72,23.3146,2.2619,1.8976,3.9646,955568.6145,948499.9091
002075.SZ,20260205,2.2797,0.66,42.2328,1.8658,0.8767,0.9009,1217573.122,1217571.1656
300669.SZ,20260205,0.8039,0.54,380.849,7.1148,19.2495,0.3083,621860.7324,588927.2967
301265.SZ,20260205,2.4412,0.32,69.8283,2.0167,4.8575,0.2828,426586.2403,237175.0867
600332.SH,20260205,1.0163,1.14,13.9086,1.0958,0.5357,3.1311,4153895.8747,3592051.3747
688485.SH,20260205,3.7945,0.42,192.8166,2.7514,11.2967,0.0973,344769.9902,203610.8015
600234.SH,20260205,1.2598,0.82,63.3904,7.5552,7.8744,,377767.6801,377767.6801
603881.SH,20260205,6.4256,0.55,174.0248,7.7872,14.3767,0.1681,2557422.1164,2557422.1164
002025.SZ,20260205,3.0621,0.75,293.6247,3.6695,4.4407,0.4385,2388709.3071,2380583.2915
002915.SZ,20260205,1.6123,0.55,,5.5399,4.7149,,723841.666,640678.522
000725.SZ,20260205,1.6657,0.77,24.6963,1.2349,0.7809,1.1453,16336548.6762,16026673.6882
600113.SH,20260205,0.7981,0.7,175.133,9.9464,34.295,0.2001,2527481.1367,2468998.3912
000543.SZ,20260205,1.2467,0.86,7.5502,1.049,0.6145,4.0126,1802156.3481,1802156.3481
603089.SH,20260205,1.1196,0.6,20.7185,2.1693,1.1865,0.699,324524.9783,324524.9783
601860.SH,20260205,1.8328,1.2,6.9189,0.5129,2.389,3.5842,1021420.2533,990893.1011
600131.SH,20260205,1.3898,0.6,30.3308,3.6174,2.4107,1.1892,2231337.0919,2226775.3874
920263.BJ,20260205,0.9862,0.46,60.3043,3.1041,5.5278,,179802.2066,130601.8272
002799.SZ,20260205,5.9973,1.39,,2.4338,3.4046,,309158.64,309154.5828
603390.SH,20260205,0.9693,0.54,70.5627,2.7856,4.8405,0.7031,450114.5395,448657.8598
688612.SH,20260205,1.7346,1.04,24.545,3.722,1.966,1.1563,1299483.1038,782913.1561
002628.SZ,20260205,1.885,0.46,,1.1628,4.0863,,333124.1826,331665.3129
301584.SZ,20260205,3.7329,0.85,41.2648,5.9526,0.6408,,1236481.7739,147994.0086
301132.SZ,20260205,2.6042,0.94,39.0827,2.9456,3.3867,1.16,534887.5314,342180.8009
301314.SZ,20260205,27.0959,3.53,185.8824,2.6505,16.0188,0.3983,277410.25,81591.25
688662.SH,20260205,3.4626,0.64,114.263,6.238,8.5208,0.6775,455759.6,455759.6
002576.SZ,20260205,2.0484,0.71,34.6281,2.2461,1.6049,0.4501,293382.7,287922.9937
605333.SH,20260205,0.3362,0.55,20.6111,3.963,1.6467,0.7422,1353605.8643,1274075.8283
002035.SZ,20260205,1.2533,0.87,12.1715,1.3976,0.8927,6.2547,531478.8185,490337.6172
605081.SH,20260205,3.6291,1.07,,1.2707,12.6314,,113360.3191,113360.3191
301317.SZ,20260205,5.4748,0.48,14.914,4.3913,6.9512,1.55,590720.02,196155.3226
301306.SZ,20260205,19.2862,2.13,,10.6602,32.3538,,975748.4,674006.3
688348.SH,20260205,3.8798,1.39,150.3453,2.3688,7.265,0.7205,857963.1182,857963.1182
002114.SZ,20260205,5.304,0.42,,3.5734,2.4287,,302051.1794,302047.0287
688590.SH,20260205,2.5996,0.47,638.0852,3.1888,2.2158,0.2005,454286.9699,454286.9699
002301.SZ,20260205,2.8226,0.73,124.0392,1.7925,0.5163,1.7987,553964.4925,551416.4913
603639.SH,20260205,0.6351,0.42,25.1816,1.3789,1.1925,3.4893,487059.9927,473450.522
600130.SH,20260205,1.0191,0.56,713.9997,3.3595,6.7401,,322500.0,322500.0
605377.SH,20260205,1.3123,0.76,18.424,1.28,1.4705,6.8516,491539.8466,491539.8466
300094.SZ,20260205,5.9152,0.5,,4.1863,1.4468,,430959.8906,422307.6464
300862.SZ,20260205,2.095,0.7,,2.126,7.9004,0.0654,423144.2314,347171.548
000692.SZ,20260205,2.2966,0.74,,,0.967,,202476.5309,202476.5309
600299.SH,20260205,0.2578,0.68,24.0658,1.4411,1.6778,1.6836,2867274.4883,2496850.0852
688408.SH,20260205,4.0955,0.98,31.3498,2.399,1.2122,2.1257,1020847.0288,1020847.0288
300596.SZ,20260205,1.2011,0.58,20.2704,2.1455,1.7244,0.8307,1022725.9968,993441.4991
920092.BJ,20260205,2.866,0.52,,6.4155,11.3725,0.129,238261.8886,122186.971
920185.BJ,20260205,0.3266,0.66,33.578,2.7671,2.1082,1.2973,3447401.5886,3391851.0248
688529.SH,20260205,0.6397,0.41,,1.814,2.6881,,321384.2462,321384.2462
688616.SH,20260205,1.3199,1.04,25.1365,2.8146,4.5942,2.2116,239111.2272,239111.2272
603289.SH,20260205,0.9775,0.65,31.1634,2.2378,2.8251,1.35,325955.2257,325955.2257
000029.SZ,20260205,1.4175,0.85,,6.3737,21.272,,2334911.28,2057951.28
002016.SZ,20260205,1.4258,0.73,37.5267,1.0535,3.5576,0.1567,516203.0132,516203.0132
300760.SZ,20260205,0.4687,0.71,27.078,6.1844,7.0419,2.4102,23290999.1787,23290311.941
301603.SZ,20260205,3.7179,0.49,24.6423,3.5253,3.3493,0.2959,816096.08,254996.235
301216.SZ,20260205,1.4164,0.77,,2.0815,0.7636,0.6072,1261330.1034,1192052.5867
601899.SH,20260205,1.7396,0.61,21.8581,5.9329,3.0411,1.332,99578550.6093,77150344.8093
002887.SZ,20260205,5.9193,2.04,26.2913,1.3614,6.375,2.4534,311801.1158,198298.4353
002392.SZ,20260205,1.4621,0.57,26.6714,1.6493,1.4022,0.4043,951202.1804,913961.225
300573.SZ,20260205,2.9762,0.76,26.7135,9.1992,7.1693,2.0101,1726238.8366,1327667.0157
002713.SZ,20260205,4.2844,0.95,,,12.9549,,914300.3818,505967.2986
000963.SZ,20260205,0.7932,1.25,17.5132,2.6834,1.5028,2.519,6475845.7092,6473461.8771
601002.SH,20260205,1.8104,0.69,25.3668,1.2626,2.2578,1.7794,536395.6846,536395.6846
688121.SH,20260205,1.5753,0.88,22.9135,1.0584,1.1124,,275430.9095,238944.0004
002047.SZ,20260205,0.7566,0.56,,,5.8689,,658051.9328,658018.523
300210.SZ,20260205,1.7061,0.74,,11.2941,13.2497,,466303.8147,465856.9779
002611.SZ,20260205,2.1138,0.69,31.7136,3.9579,4.4421,0.7328,2159465.9672,1777898.7322
603528.SH,20260205,1.0993,0.71,,3.5394,16.3309,0.521,672751.4148,672751.4148
688609.SH,20260205,1.3491,0.74,,5.0071,1.8617,,445000.0,445000.0
301041.SZ,20260205,2.554,0.62,120.4109,4.4526,4.1567,0.3548,297103.8,219793.9796
300067.SZ,20260205,3.7371,0.53,,2.3443,5.8431,0.1972,585267.909,475304.2263
920527.BJ,20260205,0.9236,0.63,50.8877,2.7554,2.8118,0.8405,105735.1947,63913.2709
603329.SH,20260205,0.98,0.63,80.9068,2.0645,0.6372,0.1641,290309.4142,239610.7245
000700.SZ,20260205,7.9427,0.93,29.2698,3.6403,1.9346,2.2171,1353154.6834,1353154.6834
603069.SH,20260205,4.0223,1.6,,9.1409,10.8321,,739756.0,739756.0
600976.SH,20260205,0.9694,1.31,16.3506,2.0661,1.6801,2.5877,533520.3308,533172.5308
300947.SZ,20260205,5.1279,1.32,141.8972,2.4919,2.5486,,311343.6538,311220.1259
300846.SZ,20260205,9.055,0.52,,14.459,9.742,,1237124.1994,965378.1296
000007.SZ,20260205,1.3892,0.71,68.4171,21.2224,8.5599,,387675.3612,387675.3612
003816.SZ,20260205,0.4032,0.75,21.045,1.6055,2.3494,2.4235,19795502.5034,15419361.5034
000788.SZ,20260205,2.3764,0.91,26.1871,2.3547,2.1405,0.9509,376068.0652,376068.0652
920931.BJ,20260205,1.9994,0.3,68.7376,3.2127,3.6141,0.7474,125678.34,38502.0204
002632.SZ,20260205,1.787,0.44,36.5655,3.5051,4.9576,2.1613,751392.7053,700008.8712
301277.SZ,20260205,0.5336,0.92,40.4375,3.2866,7.4622,2.2391,500292.0384,500292.0384
300142.SZ,20260205,2.4451,0.73,408.2432,2.0865,8.3804,0.3182,2010381.116,1955822.2855
920508.BJ,20260205,1.8112,0.67,121.1833,7.1743,16.4086,0.725,137940.0,71832.255
002332.SZ,20260205,1.0317,0.89,33.3973,1.5509,2.5466,4.329,914025.2962,909746.109
002762.SZ,20260205,0.5467,0.43,,3.1561,6.9734,0.7267,243569.2,145428.3626
603232.SH,20260205,17.3325,2.05,622.2553,4.3634,13.592,0.1994,587078.1451,580100.3875
300025.SZ,20260205,2.0228,0.8,,5.6328,4.8378,,303749.3744,302316.0962
300605.SZ,20260205,4.6624,0.91,,5.4545,6.9688,,264552.7485,191417.4659
300033.SZ,20260205,2.7634,0.79,79.8273,25.3069,37.1351,0.8777,18986956.8,11059851.2309
301223.SZ,20260205,1.3261,0.79,23.0798,1.2869,1.2267,1.7584,382006.3137,221565.7887
000655.SZ,20260205,1.6179,0.33,21.6627,1.7238,3.5218,2.1021,594744.8898,594744.8898
605009.SH,20260205,1.5312,2.2,23.0141,2.0148,1.8915,1.9054,682189.2251,682100.4091
688458.SH,20260205,2.3919,0.56,,2.4753,8.5221,,458415.5452,349631.7035
300327.SZ,20260205,4.6216,0.73,102.2006,5.9133,7.7633,0.6564,1034351.6212,1026879.8199
002679.SZ,20260205,5.1652,1.28,194.1538,3.8412,18.634,0.3063,281728.42,281728.42
603313.SH,20260205,1.4264,0.48,33.154,1.461,0.5932,,538634.0194,538634.0194
688605.SH,20260205,2.869,0.82,67.9116,8.4478,11.0327,0.297,1363028.3302,729748.9016
301047.SZ,20260205,0.8511,0.99,67.5089,1.6988,13.5793,6.7843,896462.7885,881309.1768
002176.SZ,20260205,2.9365,0.74,,4.4978,6.6818,,1527161.395,1526887.1088
300829.SZ,20260205,2.8232,0.66,60.3454,1.6988,2.5675,0.2288,410458.8432,285789.4424
000970.SZ,20260205,2.425,0.56,113.1614,2.5102,2.4686,0.1473,1633935.4389,1633935.4389
600692.SH,20260205,3.6171,0.59,,3.0245,5.6318,,279652.4309,202733.361
603113.SH,20260205,1.5589,0.54,,0.7344,0.3519,5.09,591397.9594,591397.9594
688237.SH,20260205,0.6411,0.35,1033.4409,3.5208,10.5281,0.7034,426975.7735,426975.7735
000821.SZ,20260205,20.8806,4.01,34.0087,2.2265,1.2714,0.4569,954244.1599,926324.9704
002782.SZ,20260205,3.8171,0.83,33.9315,4.9091,1.9098,0.6959,1052435.6356,1032355.5464
920116.BJ,20260205,1.6113,0.49,181.9143,32.3879,56.6358,0.0957,1776698.0,1706642.0
000567.SZ,20260205,0.602,0.73,,2.135,24.8581,,1151254.7793,1148492.3793
300402.SZ,20260205,2.4801,0.5,90.2885,3.6351,3.8776,0.4078,544666.6269,537666.0229
002849.SZ,20260205,3.1345,0.67,109.6794,3.1252,2.6559,0.2064,427588.723,375133.4662
002358.SZ,20260205,9.91,0.77,66.838,2.0275,2.3261,0.2732,680582.1072,680581.1739
300141.SZ,20260205,5.1899,0.73,,5.8817,9.0618,,389087.5014,384400.7888
600010.SH,20260205,2.06,0.43,106.7826,2.0784,1.6325,0.0837,10823980.0242,7500010.7906
600861.SH,20260205,1.1618,1.05,9.0073,1.4589,0.2387,3.7968,1042213.5138,674864.2952
300560.SZ,20260205,8.2168,1.0,,3.8978,3.7597,,378158.0018,307744.0361
601958.SH,20260205,1.3832,0.68,19.3504,3.262,4.3892,2.0921,6169267.6128,6169267.6128
000701.SZ,20260205,2.056,0.95,,,0.116,,423042.1961,422683.6174
601208.SH,20260205,3.8601,0.59,113.9776,4.4377,5.1636,0.7315,2596170.1635,2596170.1635
601026.SH,20260205,2.5132,0.62,61.8695,5.1063,3.418,0.7595,1302315.0,211687.8391
002425.SZ,20260205,1.6552,0.58,,1.2703,6.709,,367359.3853,367127.3848
688271.SH,20260205,0.5221,0.69,62.3366,5.1519,8.7388,0.1615,10665428.5227,10665428.5227
600592.SH,20260205,1.5332,0.63,123.422,3.7201,6.419,0.359,946142.8561,946142.8561
600997.SH,20260205,2.6671,1.17,28.1743,0.7079,0.5364,4.1534,993962.7067,993962.7067
603176.SH,20260205,0.8931,0.51,,2.5165,1.1248,0.3999,272786.069,265082.415
600216.SH,20260205,2.3267,0.98,11.5721,1.3022,1.6071,2.4469,1439571.7118,1424230.0441
600419.SH,20260205,2.9669,1.75,296.3165,1.3442,1.1729,0.2074,319298.0236,319298.0236
603758.SH,20260205,0.6445,0.57,37.0343,2.5746,4.6658,,652491.2119,652491.2119
000157.SZ,20260205,1.1923,0.66,18.8382,1.4319,1.6796,5.3362,8103677.5161,6624981.0691
300305.SZ,20260205,2.7149,0.98,,1.2061,2.5718,,247013.4448,211531.1402
601096.SH,20260205,12.3176,1.57,47.0889,3.4371,1.591,0.6791,1575666.3468,967713.1826
688501.SH,20260205,1.6538,1.1,17.4914,3.0006,1.5914,0.9212,320627.306,320627.306
688141.SH,20260205,2.07,0.77,,13.0285,9.2953,,2258362.8691,2258362.8691
300203.SZ,20260205,1.0305,0.62,254.4492,2.4015,2.0367,1.6404,683876.1024,683313.6321
603825.SH,20260205,0.6932,0.58,,14.6076,2.0092,,240163.0513,240163.0513
600668.SH,20260205,0.8991,0.64,6.646,0.7908,1.646,0.7535,456668.057,456668.057
603848.SH,20260205,4.2833,3.13,40.9064,3.2876,5.3214,0.9775,823323.7215,823323.7215
300290.SZ,20260205,3.0734,0.93,,14.4751,15.055,,1123370.3912,1123036.5317
603877.SH,20260205,0.4802,1.07,41.9728,1.7549,1.1592,2.5094,750894.7216,748101.7546
920639.BJ,20260205,4.2709,0.95,80.2369,1.9954,0.7877,,172972.8,100663.5673
000909.SZ,20260205,0.8937,1.05,,2.3937,7.2262,,237678.835,237676.8395
688060.SH,20260205,0.8653,0.89,,3.0843,8.953,,277780.2097,277780.2097
600331.SH,20260205,4.176,0.7,,13.5559,11.3171,,4313732.8,3318256.0
688281.SH,20260205,0.8975,0.84,75.3418,5.6197,21.7612,0.5221,2617768.7627,2617768.7627
002675.SZ,20260205,0.8652,0.71,67.6763,2.57,4.0876,0.2201,1123923.9459,1013232.3838
920001.BJ,20260205,1.0343,0.71,151.2182,3.7122,13.3337,1.1135,275966.5424,159289.0719
603818.SH,20260205,1.929,0.86,,1.2272,0.7698,,267065.5596,267065.5596
002485.SZ,20260205,1.5598,2.87,,2.0279,3.1213,,238816.0,238816.0
600480.SH,20260205,0.697,0.64,19.0522,1.8164,0.7236,2.8566,1415405.3665,1394419.5786
002577.SZ,20260205,0.4851,0.47,468.1584,4.3365,11.668,,504115.648,504088.708
002281.SZ,20260205,3.6991,0.76,58.3955,5.4742,4.6828,0.3921,5350680.263,5170273.3222
603276.SH,20260205,2.9124,0.79,92.7905,2.1718,4.9041,0.6785,378545.033,137895.9639
002556.SZ,20260205,1.5948,0.5,39.3687,1.656,0.385,3.8843,591573.8,591013.2225
300245.SZ,20260205,2.0577,0.7,,3.2707,7.5688,,385583.1608,384734.491
002630.SZ,20260205,2.3165,0.51,,11.6944,1.4195,,282211.2,246235.22
002703.SZ,20260205,7.7601,1.26,92.2522,8.4341,5.1635,0.2864,1723414.8445,1227770.715
688350.SH,20260205,5.5305,0.68,555.0451,2.6592,2.8254,,419339.0702,419339.0702
300876.SZ,20260205,1.7658,0.67,,3.2189,6.103,,323441.7144,241287.0894
603048.SH,20260205,0.9964,0.78,52.8707,2.5385,4.5704,1.2622,324017.28,324017.28
601015.SH,20260205,2.4075,0.37,,1.8402,0.9422,,1037588.8006,1037588.8006
603270.SH,20260205,3.6605,0.75,46.9228,2.6542,3.2419,0.9367,584795.6942,188742.7842
301071.SZ,20260205,5.1218,0.53,148.1188,1.965,18.9219,0.367,1040048.1627,777598.2913
000960.SZ,20260205,4.6773,0.88,30.2281,2.9159,1.2214,0.8568,5761952.634,5761952.634
300651.SZ,20260205,10.6087,0.8,91.0033,3.3872,9.8386,0.5268,366580.35,226976.1355
601872.SH,20260205,1.5511,0.95,18.6712,2.3394,3.6442,1.9399,9406837.3548,9406837.3548
002526.SZ,20260205,2.2705,0.65,59.5031,2.0952,3.1061,0.2639,675678.8638,671241.002
300442.SZ,20260205,3.4685,0.69,25.1041,9.2305,25.5941,0.6894,12502728.3335,12457061.1842
688278.SH,20260205,1.0464,2.41,30.3109,9.2957,8.5216,0.8856,2847938.002,2847938.002
920414.BJ,20260205,25.4687,1.06,,4.7566,21.4667,,135013.6535,94939.3548
000686.SZ,20260205,1.4944,0.95,14.5216,1.081,3.6571,1.8681,2129812.1527,2129812.1527
000893.SZ,20260205,0.9649,0.53,27.6619,3.8034,10.0682,,4965851.0789,4362667.3377
600208.SH,20260205,0.6753,0.53,,0.7501,9.1446,,3122781.2736,3122427.3157
000036.SZ,20260205,3.8487,0.72,202.2045,1.5412,18.7779,,783330.8486,781842.2485
600872.SH,20260205,3.4349,2.26,21.0507,2.577,3.1014,2.219,1466711.3856,1452541.2978
601008.SH,20260205,0.9988,0.51,42.6676,1.5888,2.5538,1.1364,655056.8672,655056.8672
603383.SH,20260205,1.1491,0.6,38.03,5.2534,11.8742,2.2039,745525.9842,745516.1832
300565.SZ,20260205,3.433,0.69,,5.4544,4.794,,306886.9681,280464.1232
920375.BJ,20260205,3.6277,1.0,89.797,1.8621,2.3692,,149326.1125,89194.8423
688277.SH,20260205,4.7251,1.41,,8.9913,40.9597,,1123108.3797,1123108.3797
600615.SH,20260205,2.0482,0.71,300.1053,3.7569,4.9679,,276164.5226,275725.6452
002482.SZ,20260205,1.5348,1.07,,13.5224,4.3919,,648916.4888,647635.8456
300541.SZ,20260205,5.2353,0.66,75.1773,4.0086,2.321,0.1121,690651.4542,620845.0437
688663.SH,20260205,1.9958,0.51,55.4706,5.5977,3.7818,1.0852,766226.4336,766226.4336
600141.SH,20260205,1.4369,0.49,25.9129,1.8797,1.3809,2.6519,4160171.2364,4160171.2364
600280.SH,20260205,6.8282,2.08,,7.3074,2.119,,450205.5804,450205.5804
688400.SH,20260205,2.1588,0.79,153.2281,4.8477,7.048,0.0581,1957307.2083,1957307.2083
920037.BJ,20260205,6.3803,0.83,39.0141,9.1431,9.7929,0.818,733532.5222,237105.7502
301559.SZ,20260205,3.0698,0.84,47.9088,2.3493,3.8967,2.4678,1069800.0,160470.0
300271.SZ,20260205,1.5466,0.56,,1.7224,3.9418,,629192.0216,617862.9406
603728.SH,20260205,1.3615,0.89,352.0791,9.5577,10.7762,0.0355,2833321.23,2833321.23
600613.SH,20260205,1.289,0.83,54.5759,1.4582,1.8063,2.3548,340203.627,305326.826
300518.SZ,20260205,2.1003,0.48,,5.4164,24.6706,,407198.4382,407161.9885
600018.SH,20260205,0.2475,0.61,8.7734,0.8466,2.9808,3.8616,11756380.0545,11739592.7668
301557.SZ,20260205,17.3548,1.32,46.3233,4.1707,3.6355,1.1557,421722.3162,105459.44
600199.SH,20260205,5.6443,0.53,,3.2373,8.9612,,669637.1668,669637.1668
000597.SZ,20260205,0.593,0.51,20.0015,1.3968,1.0942,1.9048,749221.3391,739890.8932
002741.SZ,20260205,2.6441,0.87,,4.9023,3.3666,,942600.2224,864228.5072
603656.SH,20260205,1.43,0.61,147.1327,3.4146,7.7593,0.2002,449862.6353,449862.6353
600844.SH,20260205,1.6459,0.69,,22.6268,3.631,,316139.0386,255869.2272
600033.SH,20260205,3.0126,1.98,13.2277,0.8705,3.5029,2.5641,1070316.0,1070316.0
688398.SH,20260205,1.4472,0.52,103.195,3.755,3.868,0.4318,386643.6887,386643.6887
300498.SZ,20260205,0.8,0.74,13.1384,2.5836,1.0082,3.1251,10613013.9845,9494303.4229
601168.SH,20260205,3.4629,0.75,24.1206,4.2892,1.2285,3.1417,7585089.0,7585089.0
301388.SZ,20260205,17.1681,1.09,156.8525,3.6188,7.2072,0.2899,353444.22,94380.2286
688133.SH,20260205,2.0158,0.65,282.7546,1.4537,1.5573,0.2836,405830.4592,405830.4592
002648.SZ,20260205,1.7084,0.57,12.1915,2.3341,1.5533,2.2442,7478393.4318,7473591.1167
920576.BJ,20260205,3.5783,0.64,241.3267,20.901,19.8421,0.2325,937078.95,921404.9521
603151.SH,20260205,1.646,0.53,27.9678,2.3429,0.6271,1.0696,317697.562,317697.562
002785.SZ,20260205,5.6535,0.71,,11.7847,8.0314,,1045849.8924,892979.5311
300209.SZ,20260205,18.0053,2.86,89.2329,6.6165,55.6695,,655617.105,502585.1345
600037.SH,20260205,1.1773,0.61,,0.884,5.2396,0.3354,1120381.1966,1120381.1966
920262.BJ,20260205,7.3805,2.32,49.2153,5.2408,3.0881,1.0371,179420.4243,80957.3166
002247.SZ,20260205,3.3913,0.73,63.9719,3.8104,3.1731,,253559.2746,191775.1203
688232.SH,20260205,0.8386,0.8,82.2777,1.7912,4.7278,1.2632,917648.6288,917648.6288
601689.SH,20260205,1.2688,0.7,44.1533,5.1849,4.2828,0.7474,12067530.2675,12067530.2675
300705.SZ,20260205,1.0376,0.78,16.4273,2.9228,2.5237,1.9953,770448.2324,568194.0911
002624.SZ,20260205,3.573,1.0,,4.8726,4.9913,1.2674,3451203.7907,3251537.0799
000987.SZ,20260205,1.0866,0.58,13.7414,1.5791,3.8605,2.638,4926824.0777,4924165.5209
002265.SZ,20260205,0.4772,0.68,235.218,6.8729,6.6521,,2509255.1486,2509255.1486
603901.SH,20260205,1.3627,0.77,117.266,2.6281,1.8486,0.0974,746831.2397,694863.4319
001366.SZ,20260205,6.1175,0.79,,2.9287,1.8558,,235074.84,81459.84
601608.SH,20260205,1.5005,0.77,91.759,3.7245,4.2713,0.3803,3443824.1846,3443824.1846
000886.SZ,20260205,4.7063,1.35,606.7466,2.1816,16.0333,,660537.3044,653195.0479
601968.SH,20260205,0.8867,0.66,39.3075,1.6665,0.8599,1.2926,751434.1019,751434.1019
000801.SZ,20260205,0.9839,0.71,92.6638,5.6144,3.7274,0.6402,1597662.5211,1597662.5211
601021.SH,20260205,0.4728,0.9,29.0149,3.2741,2.7963,2.0906,5815213.8663,5815213.8663
000665.SZ,20260205,1.3963,0.83,,1.5751,4.4621,,632255.1192,632238.5977
688545.SH,20260205,3.3889,0.71,94.741,6.2485,13.3809,0.3954,1820880.0,921820.5
688295.SH,20260205,0.5206,0.62,,6.0274,14.3094,,2826900.0,2826900.0
688626.SH,20260205,1.8469,1.37,145.7411,5.2862,13.8431,0.3454,1071360.0,1071360.0
688775.SH,20260205,2.4856,0.66,92.5399,15.2709,10.6211,,8741800.0,715040.0
600706.SH,20260205,4.4293,1.12,113.8815,4.4249,3.0309,,280820.8233,279687.2337
300260.SZ,20260205,2.7159,0.69,122.6669,10.2419,7.2355,0.1144,2128751.2454,1501464.8529
301517.SZ,20260205,5.393,0.87,,7.4222,17.3738,0.0608,994385.7735,645382.801
301193.SZ,20260205,2.1317,0.58,,3.0016,1.8535,,457498.4626,324593.6626
300101.SZ,20260205,2.9483,0.79,262.102,8.7922,16.7215,0.2561,1620802.8678,1615487.9064
000669.SZ,20260205,0.9636,0.61,,,1.6291,,206163.8655,206163.8655
605389.SH,20260205,0.5568,0.57,98.3169,5.3025,11.6911,0.9294,1116242.5313,1055658.5897
600477.SH,20260205,4.5981,0.78,75.9303,1.7134,1.1037,1.6851,853946.5738,853946.5738
000928.SZ,20260205,2.1078,0.8,13.168,1.17,0.6952,4.3396,988470.1439,988458.0519
002969.SZ,20260205,7.3876,0.86,187.1119,9.4132,8.7764,0.1026,2772811.9019,2757304.7112
688337.SH,20260205,0.7221,0.59,100.5979,2.3348,8.7395,1.0578,732651.4218,702580.1994
688091.SH,20260205,1.331,0.67,160.8325,7.2135,32.53,,1031451.1636,1031451.1636
002662.SZ,20260205,1.7527,0.68,26.3057,1.4069,2.1628,1.7433,619500.0,619492.1943
600482.SH,20260205,1.1343,0.66,33.3545,1.5498,1.1041,0.9743,6188387.8929,6188387.8929
603713.SH,20260205,1.5575,1.01,16.8701,2.1767,0.7644,1.11,1011697.7616,1011697.7616
301210.SZ,20260205,16.8329,4.39,83.3688,2.4361,2.8137,0.7938,444589.0016,168596.5379
300798.SZ,20260205,10.6635,0.52,,2.534,3.622,0.1101,425720.6524,346317.3208
688538.SH,20260205,1.0721,0.62,,4.4518,6.5272,,3590453.7825,1495581.2885
002888.SZ,20260205,4.008,0.66,189.0475,8.3857,10.9432,0.9444,318909.7699,161833.7232
301173.SZ,20260205,2.2463,0.74,25.7428,2.8141,1.7488,0.4839,413877.4457,83676.6761
000791.SZ,20260205,1.2989,1.08,8.2614,1.4762,1.6407,2.7108,2153909.5887,1285252.8659
002625.SZ,20260205,0.7547,0.61,137.7782,10.4067,52.6914,,9930495.456,9930451.6705
600373.SH,20260205,1.1021,0.77,30.2335,0.7209,1.6031,4.4389,1257085.6848,1257085.6848
300507.SZ,20260205,1.3789,0.65,65.6447,3.5269,3.0024,0.6398,747003.5642,723067.3009
605338.SH,20260205,2.3333,1.59,25.4749,2.9753,3.741,2.7558,695462.0198,695462.0198
603489.SH,20260205,0.6151,0.47,88.2531,2.6044,5.0891,0.3344,701507.7572,701507.7572
301303.SZ,20260205,6.163,0.71,18.8057,1.8889,3.6862,2.2508,635684.0,158197.6373
002158.SZ,20260205,0.804,0.69,24.9121,3.046,4.3064,2.3359,1327720.0371,1324896.891
688356.SH,20260205,0.8757,0.57,151.2724,4.4184,22.7455,0.1583,573452.3685,573452.3685
002637.SZ,20260205,2.8609,0.62,39.0957,1.7134,0.5013,0.8542,646801.375,608744.3313
601005.SH,20260205,1.9471,0.66,,0.8038,0.5125,,1318912.8013,1238731.8485
920171.BJ,20260205,3.2138,1.19,,10.4021,10.9165,,218708.9188,147278.7377
688443.SH,20260205,1.441,0.48,,5.7263,45.4681,,1023770.56,325770.56
301390.SZ,20260205,8.9245,2.33,95.1496,2.4644,3.5983,0.2535,234900.0,120096.2268
000955.SZ,20260205,3.541,0.99,,4.7667,6.6762,,309038.73,308875.9867
600527.SH,20260205,1.6569,0.62,140.7404,1.9038,7.3599,2.1833,393109.7248,393109.7248
002719.SZ,20260205,5.33,0.68,,8.6723,2.6795,,166651.4603,154901.0679
688772.SH,20260205,1.7522,0.96,39.1655,3.0161,1.612,1.5646,2151152.8376,2151152.8376
301209.SZ,20260205,1.0238,0.51,176.5147,13.8201,19.9236,0.1517,1054928.0,901238.177
000008.SZ,20260205,1.2739,0.48,,2.7338,3.7642,,801331.4165,801307.6008
300134.SZ,20260205,1.3007,0.71,,2.3491,3.7962,,894902.675,830679.395
301138.SZ,20260205,2.798,0.82,39.3652,4.167,6.2573,1.5496,464640.0,265464.8621
603323.SH,20260205,2.8074,1.75,5.0389,0.5425,2.4563,4.9733,1029456.1329,1029456.1329
300528.SZ,20260205,17.5816,1.84,,17.4941,12.8712,,924440.582,924440.582
000691.SZ,20260205,1.8993,0.84,,,9.3906,,419927.73,279951.82
002551.SZ,20260205,1.4808,0.78,,1.2559,2.7147,0.2075,325515.4125,235306.888
301361.SZ,20260205,8.4255,0.75,43.2466,3.5615,15.0883,0.4574,427302.128,111820.812
000096.SZ,20260205,1.1733,0.32,96.3535,2.0936,3.9592,0.6769,585024.0,566019.584
300698.SZ,20260205,1.5419,0.6,125.6459,10.4373,7.3362,,537340.0,475369.2314
688602.SH,20260205,3.2963,0.73,,1.5672,5.8538,,437313.75,218579.9676
600712.SH,20260205,2.0138,1.17,,4.5377,6.2216,,361651.159,357662.5183
300167.SZ,20260205,2.1716,0.93,139.8969,65.713,3.9915,,188846.39,174063.2263
600773.SH,20260205,1.3684,0.67,256.5279,2.6685,7.0128,0.0755,1259901.0093,1259901.0093
920790.BJ,20260205,1.6777,0.63,337.2781,8.3693,13.749,0.9061,261459.8032,179949.3999
605398.SH,20260205,1.9386,0.64,731.5757,4.754,9.3575,0.0491,489613.5844,489613.5844
603855.SH,20260205,0.4343,0.54,14.9052,3.1374,1.7146,5.1417,656458.895,652610.7125
002824.SZ,20260205,8.7636,1.0,59.9471,3.3139,1.9919,0.6324,750252.1784,456055.075
603278.SH,20260205,2.9025,0.66,,2.1547,0.8586,,432325.6309,432325.6309
300246.SZ,20260205,6.5399,0.88,,3.1249,3.4192,0.3657,357713.827,285657.9784
300314.SZ,20260205,2.7144,0.84,61.8627,3.3796,7.9697,0.6084,411840.0,205550.2706
688569.SH,20260205,0.7548,1.1,26.0158,1.5292,3.6294,1.6819,438397.4027,438397.4027
603325.SH,20260205,1.817,0.45,13.9371,2.3624,4.0961,1.5641,626591.328,267722.8224
600805.SH,20260205,1.4396,0.82,62.5622,1.1326,1.7342,1.4011,485860.7561,485507.2351
688246.SH,20260205,2.0386,0.46,,2.4394,7.5571,,337084.7151,337084.7151
603766.SH,20260205,0.7475,0.74,17.7806,3.3594,1.6698,3.8511,3199418.2023,3199418.2023
603408.SH,20260205,0.7576,1.12,13.8034,1.789,1.2089,5.157,598852.674,598852.674
000004.SZ,20260205,0.3112,0.16,,36.8323,18.4429,,136086.9299,129823.8255
601628.SH,20260205,0.08,0.71,7.9423,2.1837,2.1147,1.4384,135190084.015,99598943.99
301042.SZ,20260205,2.0939,0.92,525.5121,5.6166,12.5323,,590419.25,559064.363
600715.SH,20260205,1.7981,0.96,,8.1696,26.5794,,917526.891,646896.1265
300650.SZ,20260205,5.3558,0.47,76.2051,3.2818,1.5488,0.2623,416072.4162,324678.2199
301370.SZ,20260205,1.01,0.76,55.369,2.1705,0.7535,0.721,544013.6,374253.3365
688173.SH,20260205,1.9907,0.78,,4.3823,6.9769,,640124.2841,633124.145
002511.SZ,20260205,2.4291,1.01,41.4123,1.9158,1.2117,0.7711,1050970.6732,1033783.5374
300061.SZ,20260205,1.8427,0.42,,13.6213,15.4028,,713690.1522,673809.7905
603367.SH,20260205,1.5151,0.8,15.8574,1.2879,2.1932,2.3638,781453.6267,781453.6267
002966.SZ,20260205,1.0799,1.01,6.9904,0.7621,3.022,4.8868,3750885.4272,3688429.4391
000758.SZ,20260205,3.7734,0.38,26.7684,2.4548,1.6432,0.6266,1462973.3486,1452482.9802
920106.BJ,20260205,0.9424,0.63,29.8392,7.3022,9.479,0.5664,422413.884,325840.0094
920225.BJ,20260205,1.7771,0.45,36.443,5.332,7.6303,0.6664,380883.6009,248429.2442
688379.SH,20260205,1.6597,0.6,28.2196,4.0237,1.9017,0.8285,451148.2842,451148.2842
000507.SZ,20260205,1.1649,0.64,16.645,0.9174,1.1583,1.1722,502175.2527,492685.5324
000757.SZ,20260205,2.3074,1.09,59.138,1.7332,0.8765,,275946.9372,275941.7184
000876.SZ,20260205,0.5169,0.45,36.3029,1.6164,0.3687,0.277,3921916.4205,3920027.5577
688087.SH,20260205,0.747,0.79,18.0307,2.2278,1.8663,0.4998,611272.5413,586673.2935
002747.SZ,20260205,1.5133,0.65,,10.5063,4.5868,,2039054.1985,1831610.4632
600300.SH,20260205,4.2798,1.06,15.2401,1.7591,1.8459,3.342,619365.4549,619365.4549
000609.SZ,20260205,0.5266,0.09,,,15.0734,,234624.1692,228189.6852
002705.SZ,20260205,0.9154,1.01,10.3898,1.3768,0.7018,4.1952,1152051.7318,1146698.7246
601368.SH,20260205,0.594,0.57,52.15,0.9594,1.86,0.5693,465326.8116,465326.8116
603348.SH,20260205,0.4379,0.57,314.1956,1.4731,1.0813,0.7415,636187.3594,636187.3594
920046.BJ,20260205,18.8109,0.79,202.5403,10.6721,13.9491,0.3041,266125.65,168587.3421
601919.SH,20260205,0.5236,0.59,5.8721,1.003,0.9854,10.9445,22341119.8283,18319416.2378
300052.SZ,20260205,3.0537,1.2,,9.3718,18.3711,,354294.8346,354284.6871
301560.SZ,20260205,7.9273,0.73,52.0001,4.7649,4.3529,0.2102,462688.0,92537.6
688004.SH,20260205,2.0355,0.63,,3.2435,10.7807,,191410.32,191410.32
600624.SH,20260205,0.5952,0.52,,5.7765,5.4346,,359374.5323,359374.5323
300923.SZ,20260205,1.875,0.79,45.952,2.0005,4.2737,1.5526,226368.0,220229.28
600720.SH,20260205,1.1695,0.99,11.1193,1.1097,1.4324,3.103,1693411.527,744678.731
300555.SZ,20260205,1.5833,1.14,,6.0182,18.5472,,286000.0,283118.3541
600989.SH,20260205,0.7407,0.54,15.1432,3.5426,3.6788,3.0977,16280059.2,16280059.2
600562.SH,20260205,1.0467,1.1,57.4118,5.7008,10.3027,0.8666,3639885.329,3639885.329
001380.SZ,20260205,2.0302,0.6,22.7337,3.4017,3.0951,0.8703,630819.4504,204960.9736
603271.SH,20260205,20.8903,1.11,26.2909,3.6626,1.1116,0.9628,1031796.4,206443.2
600674.SH,20260205,0.5087,0.9,15.9352,1.5463,41.2783,2.8409,6863446.4138,6863446.4138
603198.SH,20260205,1.1697,0.65,16.1812,3.3363,5.3399,3.5411,3388800.0,3388800.0
002603.SZ,20260205,1.0389,0.52,,2.887,4.8969,1.7016,2945453.5779,2427380.8009
002351.SZ,20260205,1.4617,1.02,26.6824,3.8117,3.8411,2.0276,1096268.931,642463.0036
300816.SZ,20260205,6.3914,1.01,69.937,5.5885,5.0365,0.1197,506320.0,358655.3859
001266.SZ,20260205,2.7521,0.65,87.1369,3.6763,4.5165,0.8832,349168.9958,195792.4061
002190.SZ,20260205,0.9964,0.67,,2.4687,5.6407,,1293936.7402,1293936.7402
002728.SZ,20260205,8.0316,0.74,76.9159,3.4002,6.6343,0.4069,613037.9827,450293.1435
300963.SZ,20260205,2.773,0.55,119.7014,8.299,9.5728,,915904.08,577957.122
002444.SZ,20260205,0.5992,0.53,17.2402,2.3367,2.9259,0.6864,4350289.5388,4177493.3775
603648.SH,20260205,0.5317,0.57,35.4143,2.1227,2.807,2.7985,388506.5216,388506.5216
601825.SH,20260205,0.3533,0.84,6.6893,0.6571,3.184,5.0583,8274933.3338,8043270.7238
301232.SZ,20260205,9.2306,0.54,,11.1158,6.3076,,1568938.8313,932384.4896
000753.SZ,20260205,5.2017,2.64,132.3109,2.7183,2.4123,0.2667,743610.8033,743610.8033
603569.SH,20260205,0.7066,0.66,67.0427,1.5939,0.9235,4.8452,448405.8875,448405.8875
002291.SZ,20260205,12.5428,0.55,,2.8022,2.5027,,845357.8391,785689.2441
300721.SZ,20260205,15.3383,0.76,,2.4594,1.7938,0.1781,277601.9085,232984.2106
002167.SZ,20260205,4.2796,0.61,37.4614,5.4946,7.7831,,962144.2386,940693.238
920641.BJ,20260205,2.5974,0.65,206.324,4.1282,2.8638,0.5102,147147.0,89026.387
001368.SZ,20260205,13.096,0.82,37.2299,2.7103,3.4375,2.3041,370766.9266,104504.4244
300169.SZ,20260205,4.7993,0.7,,,5.0499,,234382.7405,216948.0273
603721.SH,20260205,1.142,1.31,,5.8758,9.8515,,270270.0,270270.0
300171.SZ,20260205,1.0587,0.72,71.2139,1.5684,2.3571,0.6549,1231451.4883,904753.0268
301203.SZ,20260205,3.0286,1.59,22.2293,2.01,9.245,1.9548,286480.0,156999.9925
301087.SZ,20260205,2.3193,1.99,35.5002,2.4104,3.6276,3.2212,1136190.783,1056509.5418
300959.SZ,20260205,4.0538,0.55,340.2994,6.4981,10.0996,0.3611,728935.946,474861.8363
688661.SH,20260205,3.6238,0.92,349.7487,10.9258,15.4646,0.0691,1352409.2027,1352409.2027
600166.SH,20260205,2.1447,0.71,32.8762,1.6286,0.436,,2501898.516,2501898.516
002955.SZ,20260205,0.7673,0.6,110.1587,1.9832,2.0265,4.6026,651942.9576,540750.8159
301097.SZ,20260205,2.2874,0.46,257.5403,2.8347,6.7782,0.8585,334997.8923,164473.7943
601838.SH,20260205,0.9266,0.88,5.2118,0.8181,2.9523,5.4429,6938318.6778,6938318.6778
002456.SZ,20260205,1.2882,0.6,,8.3434,1.5105,,3290106.4445,3246254.7054
000802.SZ,20260205,5.3977,1.68,,4.3354,7.2292,,337904.9204,337699.6004
301225.SZ,20260205,2.4707,0.54,105.4308,9.5365,14.8904,0.2914,1462723.62,422800.418
688648.SH,20260205,2.5639,0.57,13.9288,3.7074,7.3162,,826880.0,422735.8579
300403.SZ,20260205,2.3988,0.81,36.1282,3.7927,6.9083,0.7435,811035.0,574400.5326
301105.SZ,20260205,9.5573,1.52,,3.0274,14.0734,,252650.0,83058.6723
301611.SZ,20260205,9.4907,1.37,168.2142,32.1157,53.5746,0.0786,5545920.0,1864531.7914
000885.SZ,20260205,0.5734,0.47,7.4061,0.9623,1.3002,2.5929,881573.4441,881573.4441
605098.SH,20260205,0.7593,0.75,19.0363,6.0725,6.9909,4.8807,549747.571,549747.571
301568.SZ,20260205,4.5975,0.69,48.3519,4.9256,11.1886,1.1564,496776.1624,229000.521
301095.SZ,20260205,2.1079,0.61,133.355,4.6589,21.2625,0.3371,1461250.818,1273183.6282
002400.SZ,20260205,14.0623,0.53,190.4843,4.0485,0.9328,0.2509,2015297.72,1995446.2984
600984.SH,20260205,3.9183,0.62,,1.6893,2.2388,,563155.6784,563155.6784
603605.SH,20260205,5.6764,3.94,19.1028,5.6882,2.7638,2.5998,3015357.2248,3015357.2248
600986.SH,20260205,33.5282,1.02,182.1254,4.4181,2.9942,,2308404.5442,2308404.5442
600848.SH,20260205,0.4488,0.63,18.3022,1.4784,2.6531,1.7437,2893292.5936,2745817.3771
603456.SH,20260205,1.0696,0.75,22.0494,1.8205,2.976,2.7659,1593887.2822,1593887.2822
000988.SZ,20260205,3.2,0.68,46.7701,6.8811,5.4593,0.268,7504066.7023,7500207.9582
603025.SH,20260205,0.8638,0.9,25.9954,6.9079,6.3347,2.1553,1801164.1488,1789098.9088
600023.SH,20260205,0.3103,0.42,9.1137,0.8922,0.8243,6.8687,6637322.7108,6637322.7108
002683.SZ,20260205,1.6596,0.85,40.7448,5.5101,1.9398,1.3339,3672330.8575,3211516.0156
600212.SH,20260205,1.2999,0.57,177.1614,10.0846,3.7546,,543603.9644,410071.1244
000720.SZ,20260205,1.7978,0.66,,1.9665,3.3137,,463660.1497,463660.1497
000969.SZ,20260205,2.4736,0.61,79.1687,4.392,3.2972,0.8455,2485528.8933,2445843.1448
603585.SH,20260205,1.9257,0.64,31.3303,1.4778,1.3761,,375278.5878,366935.3478
600728.SH,20260205,1.8923,0.58,53.26,1.8104,1.3926,,1422443.7071,1422443.7071
688362.SH,20260205,3.3413,0.83,207.6204,7.0831,4.2752,,1807356.7811,1807356.7811
300791.SZ,20260205,1.4147,0.72,19.5695,2.7537,1.5182,2.2685,676180.9893,563841.7302
002821.SZ,20260205,1.6794,1.37,35.6057,2.1319,5.8767,1.0685,3698968.4425,3249249.3133
601127.SH,20260205,1.0617,0.58,26.3697,4.7507,1.2771,1.1711,19039896.99,16501919.3695
000516.SZ,20260205,1.414,0.73,,3.3205,2.6358,,1108253.8927,1091403.8532
000902.SZ,20260205,0.6588,0.55,13.1148,1.7946,1.2396,1.8215,2066546.3627,1882163.3655
600746.SH,20260205,0.4165,0.43,66.8565,1.6129,1.4372,0.6548,879385.6917,878060.0073
603773.SH,20260205,5.6747,0.87,,7.4609,3.5156,0.1272,871226.1788,870923.6948
301072.SZ,20260205,2.003,0.77,,3.3253,3.2152,,249274.1224,159323.0373
600004.SH,20260205,1.0711,0.95,18.3529,1.2033,3.177,1.4956,2484463.7925,2281516.4248
300901.SZ,20260205,3.4108,2.13,,4.7135,13.6737,,456480.0,456480.0
601666.SH,20260205,1.7241,0.79,35.1212,0.8935,0.9422,6.8728,2052038.765,2052038.765
300789.SZ,20260205,3.7833,2.05,57.3471,3.1065,5.5906,0.6606,330996.6802,227559.5879
301192.SZ,20260205,1.8878,0.64,75.955,4.9298,6.7511,0.817,305694.0,146478.375
003001.SZ,20260205,1.5613,0.79,71.4237,2.8987,5.1293,1.006,347650.8572,210732.562
603730.SH,20260205,0.7051,0.72,34.4405,4.708,3.3741,2.6923,2148585.282,2148585.282
688707.SH,20260205,1.1247,0.79,,1.7407,4.5342,,711218.8066,711218.8066
300752.SZ,20260205,2.3028,0.8,55.9998,3.4749,2.8788,,423408.5655,291411.2112
920873.BJ,20260205,1.889,0.87,,4.2362,14.3629,,121482.5056,94886.6648
300445.SZ,20260205,4.979,0.98,38.8576,3.9832,8.2862,0.3775,506433.151,338682.3473
000025.SZ,20260205,2.0619,0.53,51.9042,4.3693,4.6096,0.5459,789698.8422,719569.8822
300017.SZ,20260205,26.5896,1.07,51.2964,4.3591,9.1807,1.3825,4419631.2493,4144136.5073
300867.SZ,20260205,1.3728,0.72,20.9878,1.3326,3.2783,0.3581,516036.2596,363901.234
300803.SZ,20260205,2.9242,0.97,327.6964,26.7757,48.515,,7468731.3749,7414194.3011
002077.SZ,20260205,4.8468,0.74,217.9191,2.8868,26.4181,,968021.3197,968021.3197
300256.SZ,20260205,0.7635,0.62,,9.655,5.7578,,896015.3875,886140.3875
002187.SZ,20260205,6.4188,1.56,,1.4196,1.3502,0.4918,572630.9152,572630.9152
002895.SZ,20260205,1.6149,0.62,18.1007,3.0606,2.9219,3.7101,2260520.0608,2219451.6328
603129.SH,20260205,0.8255,0.54,21.8903,5.4883,2.1386,1.486,3952982.093,3952982.093
300469.SZ,20260205,3.31,1.41,,41.8218,58.6571,,1593693.2501,1593652.9967
300532.SZ,20260205,0.9826,0.66,24.2625,3.0762,2.6849,2.4858,547104.6871,520293.4359
002154.SZ,20260205,2.9407,1.01,18.9549,1.3199,1.1739,1.2195,598326.8289,483706.757
600198.SH,20260205,1.786,0.69,182.4785,45.8335,12.0236,,1256673.8135,1255079.6111
600556.SH,20260205,11.9312,0.9,651.4304,3.68,3.769,0.1098,1415466.4037,1415466.4037
603995.SH,20260205,1.0414,0.55,10.1863,1.1959,0.1609,4.2546,683705.4637,683705.4637
301617.SZ,20260205,4.0687,1.38,58.8437,6.0832,7.3686,0.5603,1027424.32,407771.52
300475.SZ,20260205,4.6563,0.63,251.0111,19.2286,1.9039,0.0658,6503751.8803,6230862.9403
920926.BJ,20260205,1.2182,0.52,44.2645,5.6232,3.184,1.5882,152423.9963,138314.6038
300253.SZ,20260205,3.9626,0.52,,4.3392,11.3093,0.1347,2448159.4909,2016356.3524
000985.SZ,20260205,1.9735,0.59,,4.471,1.4502,0.3065,274965.3795,274965.3795
002137.SZ,20260205,11.1455,0.75,,3.667,8.8344,,554404.6598,380600.3818
603183.SH,20260205,2.5141,0.86,58.6431,1.4914,2.827,0.5241,237142.1007,237142.1007
000498.SZ,20260205,0.7134,0.77,4.2842,0.6166,0.1392,3.2451,974932.9907,910189.8048
603115.SH,20260205,2.8335,0.87,27.4867,2.7151,2.5142,2.5596,560701.9472,560701.9472
000555.SZ,20260205,3.4809,0.85,,3.0674,1.4169,,1699799.0693,1693056.005
002857.SZ,20260205,1.832,0.44,279.2388,5.7748,3.7284,0.0636,300850.102,294784.0
002275.SZ,20260205,0.6131,1.13,16.4061,2.743,4.1211,3.7671,857850.156,816200.3214
600869.SH,20260205,4.5763,0.78,,6.7882,1.0298,,2891816.628,2891816.628
002234.SZ,20260205,1.4147,0.59,,1.7854,1.517,,322788.1961,278802.9911
600570.SH,20260205,1.2158,0.56,54.1131,6.3145,9.6844,0.3315,5697545.7683,5697545.7683
600628.SH,20260205,3.1774,1.34,76.5999,1.2458,4.7897,0.489,529144.0641,529144.0641
300021.SZ,20260205,8.4192,1.2,80.0382,1.9776,1.0936,1.0598,498915.3249,425896.735
603167.SH,20260205,0.9331,0.56,15.5573,1.2803,2.4499,8.3507,449440.4339,449440.4339
600159.SH,20260205,5.45,1.42,,1.4989,3.6825,,257301.0019,257301.0019
688618.SH,20260205,1.4393,0.9,98.8655,3.8775,9.0867,0.519,340253.2254,339827.7546
301117.SZ,20260205,6.0763,0.57,361.373,5.4639,20.6699,0.0259,713139.951,438642.8261
002805.SZ,20260205,2.2447,0.78,,4.4954,2.6382,,443899.0752,441490.0178
688168.SH,20260205,0.9576,0.68,,5.4933,5.87,,551486.8536,551486.8536
300550.SZ,20260205,1.3404,0.7,72.1507,3.3141,9.1376,0.1773,370209.7988,369866.069
920792.BJ,20260205,2.15,0.78,37.4829,2.0821,2.9741,0.7813,211891.2,128459.3126
002186.SZ,20260205,4.2344,1.51,,4.3608,2.9554,,377206.6317,376702.4344
605020.SH,20260205,2.0842,0.81,24.112,2.4493,2.7617,0.8481,1384318.7393,1362924.0048
300490.SZ,20260205,9.6477,0.93,,2.9412,3.2064,,648238.5159,639428.7471
688176.SH,20260205,1.1862,0.34,,3.9781,24.8719,,693972.1405,529358.428
300306.SZ,20260205,2.0212,0.58,43.3986,2.5812,9.0426,3.0682,378693.9594,221904.3059
600794.SH,20260205,0.8838,0.61,53.6843,1.7315,6.1629,0.7916,454857.6675,454857.6675
300844.SZ,20260205,0.7495,0.51,,5.3608,8.2735,,393070.281,379698.174
300665.SZ,20260205,2.4902,0.77,,3.4885,3.2445,,192672.2424,191902.4351
002196.SZ,20260205,13.3466,0.85,,5.6448,2.9986,,798849.6792,786627.7907
000090.SZ,20260205,1.398,0.63,23.8199,0.6587,0.3369,2.5126,743681.0827,743647.0537
600429.SH,20260205,1.2988,1.0,43.2797,1.5548,1.2504,0.2233,811128.0951,808681.01
300077.SZ,20260205,6.1322,0.71,,13.3995,9.8761,,1288710.007,1251583.554
301509.SZ,20260205,18.1096,5.31,45.1083,2.1027,7.7566,1.0395,463478.7823,218339.0909
300105.SZ,20260205,2.2724,1.08,47.416,1.9605,3.0868,1.3661,377576.1554,377576.1554
603239.SH,20260205,2.4737,1.06,34.9057,5.404,4.8163,0.8387,677882.88,677882.88
603906.SH,20260205,1.8919,0.88,,4.0715,1.5541,,1218070.2895,1004710.2895
002765.SZ,20260205,2.4308,0.93,39.6984,2.888,2.0466,,759077.0968,693610.303
603929.SH,20260205,1.8369,0.65,46.7674,16.019,7.3436,1.4271,2990027.04,2990027.04
300374.SZ,20260205,3.1385,0.72,,4.9544,2.0657,,403296.2327,319692.744
300900.SZ,20260205,18.5269,0.73,,8.9265,10.2505,,1191291.179,908515.1067
603798.SH,20260205,1.3196,0.5,77.9451,3.4998,4.147,0.6868,404421.0981,404421.0981
600862.SH,20260205,2.6007,1.03,34.3408,4.8213,7.1729,0.9647,3595459.7452,3595459.7452
300159.SZ,20260205,1.2446,0.82,,,16.6536,,1020030.5196,567870.1529
000034.SZ,20260205,2.2961,0.75,49.1595,2.3427,0.1872,0.7236,2601505.8287,2174764.7149
600721.SH,20260205,2.2412,0.74,70.1684,4.4373,8.9464,,352245.6337,352245.6337
002608.SZ,20260205,0.4286,0.88,8.1843,0.8309,0.8516,1.3021,2901565.2127,2901565.2127
920509.BJ,20260205,1.809,0.61,85.7844,16.6324,26.6596,0.6991,573734.086,299456.7911
600641.SH,20260205,2.3977,0.7,102.6216,1.9877,12.0689,0.2432,1620226.6907,1620226.6907
600993.SH,20260205,1.6779,1.54,21.1832,2.8162,3.2088,2.2072,1210830.3798,1208732.4079
601139.SH,20260205,0.5246,0.66,13.9054,1.2387,0.6565,2.3529,1956184.8504,1956184.8504
300410.SZ,20260205,3.6435,0.65,,13.1736,4.0635,,317187.1846,317187.1846
300301.SZ,20260205,4.5171,3.95,,12.458,4.6731,,204977.5859,195099.5496
300285.SZ,20260205,2.3389,0.55,50.0292,4.3694,7.016,0.6475,3061935.3262,2583770.0251
300458.SZ,20260205,2.2664,0.47,116.099,10.9223,12.3606,0.4635,3415618.5067,2795942.2686
605090.SH,20260205,1.5645,0.58,23.2867,3.0717,1.5709,2.4596,3237142.1615,3230754.1601
688686.SH,20260205,0.5034,0.74,76.9497,4.7137,12.0852,0.2118,1438711.3054,1438711.3054
002057.SZ,20260205,2.3012,0.73,32.9868,2.4462,2.5428,1.1969,781023.5194,780548.213
002233.SZ,20260205,0.8869,0.72,16.0445,0.9972,2.8022,4.4227,1194659.566,1193857.4149
688332.SH,20260205,1.1234,0.59,52.1958,3.8821,8.4902,0.7567,1589846.0706,1589846.0706
301376.SZ,20260205,1.4204,1.03,24.6675,2.4277,0.9538,1.9828,808560.1708,389028.5339
300488.SZ,20260205,0.557,0.58,38.1846,3.4353,8.1847,0.6071,560511.135,466694.2711
301185.SZ,20260205,2.4904,0.7,42.7688,2.9073,14.8962,1.4793,311130.8928,283657.0962
600029.SH,20260205,0.8297,1.06,,4.0367,0.8435,,14949761.0798,11118463.3007
000519.SZ,20260205,1.8235,0.53,,2.5383,4.9159,,2592944.8245,2592944.8245
002379.SZ,20260205,1.2424,0.51,,5.8663,129.7156,,38311487.5139,3340938.8338
920009.BJ,20260205,6.1486,0.82,43.4244,6.8056,17.9904,,428109.31,55648.8
300649.SZ,20260205,2.3837,0.78,,3.9682,12.9063,0.3338,198360.0803,158962.9874
920132.BJ,20260205,5.3791,1.45,90.7638,5.4318,5.039,0.5348,139392.792,47233.2284
688418.SH,20260205,6.9992,1.31,,10.0452,9.923,,876893.8032,876893.8032
605008.SH,20260205,0.3404,0.71,1125.4443,4.3061,2.1319,,866881.5596,866881.5596
603777.SH,20260205,4.4156,1.42,,2.9323,1.2558,,464849.5907,464849.5907
000596.SZ,20260205,1.6193,0.91,15.4224,2.8656,3.4854,3.6224,7296265.8,5639905.8
600195.SH,20260205,1.1149,0.46,37.6672,1.4128,1.286,0.2908,807728.2737,807728.2737
300029.SZ,20260205,3.9067,1.0,,,12.6938,,113887.692,113804.622
002910.SZ,20260205,15.2475,2.25,,2.4063,2.8862,,251072.5215,219643.5438
603357.SH,20260205,0.7433,0.81,10.7189,1.2404,1.5219,4.1568,472006.5994,467817.6915
688233.SH,20260205,3.4167,0.68,181.1978,8.281,37.9907,0.0826,1537179.5731,1537179.5731
600563.SH,20260205,1.3411,0.65,20.7205,4.1689,4.5239,1.885,2387250.0,2387250.0
688016.SH,20260205,1.8219,1.12,32.38,3.2197,9.7749,1.6318,1223376.5112,1223376.5112
603630.SH,20260205,2.7759,1.17,,2.5145,5.6774,0.4174,480361.3691,480361.3691
300709.SZ,20260205,3.9628,0.56,42.1386,3.1356,2.5253,0.2844,719744.6021,577426.8799
600981.SH,20260205,1.9871,0.98,46.7947,1.521,0.1347,0.2907,771397.018,771397.018
300888.SZ,20260205,0.7069,0.94,23.8911,1.8179,1.9332,1.9515,2088817.0213,2086549.8938
600176.SH,20260205,2.2382,1.02,25.0325,2.8162,4.8052,1.8842,8710825.5201,8710825.5201
600637.SH,20260205,1.5934,0.64,77.4846,1.2758,5.0075,2.03,3809032.4927,3809032.4927
300857.SZ,20260205,2.2228,0.57,85.6813,18.1551,6.8961,0.1007,7134587.4114,7114134.1621
600032.SH,20260205,0.4038,0.81,35.4426,1.4672,3.8767,0.6582,1899693.506,1899693.506
300138.SZ,20260205,2.7744,1.16,19.4956,1.9602,0.959,0.9608,653634.4258,538917.8841
300868.SZ,20260205,1.6048,0.48,,2.7034,6.3308,0.1398,407783.024,257158.2364
688078.SH,20260205,1.0806,0.48,,2.9168,8.869,0.4734,209421.589,209421.589
920017.BJ,20260205,1.0138,0.77,26.012,1.438,3.5901,0.826,235059.1832,232568.7274
920627.BJ,20260205,2.7634,0.96,74.293,4.6879,2.9734,0.5357,211568.0,104804.0
301395.SZ,20260205,3.2039,1.19,65.496,2.2216,1.5007,0.5831,342661.968,193914.348
002230.SZ,20260205,2.3028,0.43,153.9498,7.3053,5.0577,0.1787,12888549.7735,12205071.0525
300984.SZ,20260205,5.5576,1.91,223.5674,9.0721,7.623,0.1395,941648.8507,591807.4622
002387.SZ,20260205,0.7219,0.61,,3.0679,1.5148,,1231974.1099,1230386.7745
603918.SH,20260205,2.8314,0.45,,5.9395,7.7408,,594395.0523,594395.0523
001229.SZ,20260205,2.0234,0.66,57.1763,3.8422,18.3941,1.5416,389213.2485,200129.1622
002540.SZ,20260205,2.6497,0.72,22.6575,1.6999,1.1862,4.0191,922090.8897,642497.9082
600186.SH,20260205,3.697,0.72,36.2639,5.5201,3.2868,,1052553.8918,1045029.2268
300737.SZ,20260205,9.5897,1.27,,1.9269,1.3571,4.4757,867996.7425,693559.8054
600708.SH,20260205,1.6604,0.93,,0.9802,1.6275,,895911.9707,894561.6639
003012.SZ,20260205,1.0858,0.78,23.6201,1.1434,1.3858,3.2272,871206.812,861816.2228
002941.SZ,20260205,1.7715,0.72,19.9943,2.4999,1.3879,0.8242,1174899.3869,1174899.3869
000063.SZ,20260205,1.597,0.6,29.9525,2.3296,1.3275,1.6872,17493387.0818,14729010.8454
600918.SH,20260205,0.696,0.61,29.398,1.1538,4.0885,0.3416,5099411.6014,2528245.6734
600520.SH,20260205,3.1871,1.02,478.2942,11.173,13.6311,,433622.91,433622.91
000952.SZ,20260205,2.1409,0.51,,2.823,4.4984,,272545.7665,270379.3115
603215.SH,20260205,0.6292,0.58,34.4919,3.1254,1.6261,1.4707,379637.893,378201.3276
301130.SZ,20260205,2.7171,1.38,61.7811,2.6518,9.6175,0.8181,243100.1089,187557.1701
920344.BJ,20260205,0.6002,0.84,,4.7536,11.4848,,288324.27,269194.5524
002832.SZ,20260205,7.7907,4.93,13.9514,1.6314,2.1169,3.3333,890303.051,607492.523
605499.SH,20260205,0.7678,1.18,35.1518,8.6967,7.651,1.8214,15397345.5079,14274876.863
600630.SH,20260205,1.4424,0.69,122.5148,5.0308,2.1315,0.4167,387473.7765,387473.7765
688646.SH,20260205,1.7134,0.9,,2.515,5.0932,,373037.4234,231221.153
600807.SH,20260205,2.1354,0.51,,68.3556,9.2348,,299891.1738,266799.2593
601328.SH,20260205,0.6644,0.72,6.2951,0.5325,2.2683,4.4561,59733918.1347,17624969.1486
688712.SH,20260205,75.8831,,314.6914,12.211,42.592,,2069988.0,184237.3708
600559.SH,20260205,2.3267,0.44,23.6825,2.8336,3.2493,3.366,1494697.3235,1486138.4315
300420.SZ,20260205,3.0181,1.04,,1.8855,4.4611,,445437.0408,445402.4475
300639.SZ,20260205,6.1381,0.46,,1.1665,6.4823,,448024.9671,440168.9091
688382.SH,20260205,1.9278,0.69,,7.9976,73.7802,,1331936.5748,1331936.5748
301258.SZ,20260205,1.4111,1.06,41.2499,1.6391,7.1281,0.2637,313328.06,304424.17
688100.SH,20260205,0.5243,0.72,28.9802,5.9173,6.7829,1.9035,1977557.7739,1977557.7739
600596.SH,20260205,1.8536,0.67,,1.3063,1.1178,0.8306,1624914.847,1624914.847
300961.SZ,20260205,1.5353,0.62,,3.4881,7.8674,,255815.04,220156.6817
603296.SH,20260205,0.9218,0.52,20.9967,3.356,0.5128,1.0923,8346272.6706,4693373.4058
600519.SH,20260205,0.7317,0.81,21.6299,8.5757,10.9044,3.3211,194728018.4325,194728018.4325
300296.SZ,20260205,4.1482,0.89,,2.3961,2.7676,1.4009,1933639.7593,1621494.0833
601567.SH,20260205,1.3299,0.98,16.8769,2.8341,2.1825,5.7829,3327535.8592,3327535.8592
605336.SH,20260205,1.9041,0.93,144.2751,1.4794,9.0368,2.1552,276585.9746,276585.9746
002445.SZ,20260205,2.375,0.8,61.9004,2.8431,5.4508,,644060.6409,641289.2437
002397.SZ,20260205,2.8508,0.67,105.2288,2.7767,2.0437,,331267.1792,287002.9076
688496.SH,20260205,3.6714,1.71,,2.8664,4.1406,,280800.0,148478.0544
300083.SZ,20260205,2.2264,0.72,37.6295,2.6595,2.7998,,1443435.8647,1294461.5305
300854.SZ,20260205,4.45,0.58,,2.3235,3.6569,0.5448,222552.9,180902.106
600560.SH,20260205,1.1026,0.75,72.1477,3.8585,5.5981,0.4264,372369.7575,372369.7575
301180.SZ,20260205,2.4052,0.5,,5.5295,5.4604,,728818.22,299059.4396
000903.SZ,20260205,1.5688,1.23,,3.8422,1.1491,,510798.9242,506949.0751
301235.SZ,20260205,9.9177,0.6,50.2803,2.9952,2.6445,0.095,544692.5706,367642.1466
002547.SZ,20260205,9.7983,2.1,,,1.9325,,423021.438,414302.6873
600665.SH,20260205,1.1674,0.91,,1.1745,0.2829,,311948.2301,311948.2301
300629.SZ,20260205,5.768,0.76,340.6632,3.7593,18.4504,0.391,639621.1907,551625.7901
920690.BJ,20260205,1.0879,0.53,30.0414,3.6755,5.7527,1.2346,214812.0,139641.0192
600568.SH,20260205,1.3202,1.1,,3.2512,9.7789,,558003.5107,467338.8381
002601.SZ,20260205,0.7515,0.45,38.4459,2.1182,1.8858,2.8936,4918703.7395,4100424.5475
300382.SZ,20260205,2.5982,1.08,,3.9648,4.4257,,912298.7916,912211.8784
600774.SH,20260205,2.8611,0.54,,1.7138,2.764,,286181.4299,285996.8671
301362.SZ,20260205,57.7983,9.1,50.4268,3.9185,5.9524,2.0025,976466.43,276791.43
600318.SH,20260205,1.3286,0.89,119.2193,4.0853,13.5766,0.2296,446585.7675,446585.7675
603318.SH,20260205,1.5754,0.77,,2.2721,1.2801,0.9673,322726.8596,322726.8596
300110.SZ,20260205,1.6121,0.81,,2.861,3.0878,,387765.8581,387318.0151
301129.SZ,20260205,1.8433,0.73,51.3265,2.1112,7.6082,0.9329,355779.3932,173527.585
002171.SZ,20260205,2.7337,0.59,35.9795,2.3593,0.3472,,2046524.6566,2034927.9937
002775.SZ,20260205,2.3754,0.61,,7.7406,4.559,,274859.3719,203657.9959
001227.SZ,20260205,2.6688,1.44,7.144,0.4455,1.7549,2.1429,1355575.926,1003765.0074
301508.SZ,20260205,2.9422,0.87,48.9178,3.64,8.4501,0.6419,743142.0524,193395.2468
000750.SZ,20260205,1.0969,0.79,35.2527,1.1977,7.8256,0.9929,2701351.8038,2451794.2823
300190.SZ,20260205,3.0957,0.84,,1.2511,1.9516,,364684.8298,363439.9535
301458.SZ,20260205,2.7539,0.46,70.9884,5.5194,12.2198,0.5784,912800.1141,402140.8415
600678.SH,20260205,12.7832,0.66,231.0164,15.596,8.062,,439727.4,439727.4
300973.SZ,20260205,3.6231,0.95,24.1903,3.1242,1.7746,1.542,756444.1073,520522.8526
603908.SH,20260205,1.2623,0.75,84.0993,4.4152,2.2571,2.5788,235331.8987,235331.8987
300287.SZ,20260205,1.5427,0.49,,6.6621,15.7232,,716201.6302,657792.762
603169.SH,20260205,1.6843,0.56,195.9186,4.1953,2.0427,,1388588.1813,1388588.1813
920523.BJ,20260205,1.0401,0.64,16.9644,3.9132,5.0333,1.149,264497.8745,210013.7171
002199.SZ,20260205,0.7686,0.41,,10.4932,8.4351,,200109.6224,200109.6224
002758.SZ,20260205,2.096,0.64,12.0702,1.1039,0.1191,2.8942,528140.944,527533.0198
688307.SH,20260205,2.4313,0.57,75.0591,4.7456,7.0058,0.9542,415817.416,275996.8402
603341.SH,20260205,2.2026,0.6,40.2924,3.2666,0.5438,1.0924,2327096.1377,1185445.7364
300784.SZ,20260205,7.4914,0.43,50.2574,4.0062,6.1517,0.7016,320610.5576,96511.3739
688553.SH,20260205,0.9359,0.75,172.9977,2.1901,8.3017,2.3891,817124.4,662688.1295
300109.SZ,20260205,1.8399,0.56,38.4741,2.4758,6.3695,1.3149,921550.8095,853241.7423
000070.SZ,20260205,30.3425,3.96,,8.4555,3.1448,,1274888.1802,1258369.2544
300566.SZ,20260205,2.5736,0.68,27.7199,2.5047,2.4066,0.9974,520801.8859,450414.0164
301170.SZ,20260205,3.3927,0.76,26.9449,1.7137,2.7352,0.9911,302700.0,101632.8115
002207.SZ,20260205,17.4888,0.7,,69.3876,7.5203,,245807.9446,244641.5622
600784.SH,20260205,1.1939,0.79,23.3419,1.4933,1.4831,0.9154,487145.2917,487145.2917
601996.SH,20260205,2.6468,0.93,,1.0727,1.5461,,273503.1175,273503.1175
001212.SZ,20260205,2.109,0.85,,5.1746,21.8734,0.1282,990529.9867,856900.3606
688296.SH,20260205,1.4829,0.59,,2.7222,4.6004,,172961.552,172151.2355
002673.SZ,20260205,0.6608,0.66,18.5497,1.2041,5.3775,1.2546,3557787.0372,3557787.0372
603926.SH,20260205,5.3936,1.21,59.9663,3.5316,2.5309,1.002,610028.472,599949.55
002448.SZ,20260205,4.0393,0.7,26.5811,2.1166,2.1251,0.9694,789057.3353,610875.6655
300347.SZ,20260205,2.0894,0.68,89.5981,2.59,8.3591,0.4672,5484735.9385,3606784.4922
600370.SH,20260205,0.8052,0.57,,1.9731,0.4458,,974170.1793,974170.1793
603690.SH,20260205,2.5895,0.6,,2.0976,3.1573,0.1808,1052002.7948,1052002.7948
600783.SH,20260205,3.3467,0.86,104.6768,3.8147,215.2089,0.2884,1806560.0065,1806560.0065
920706.BJ,20260205,10.8377,0.84,52.9086,4.3977,6.3174,0.7181,257348.6073,117936.033
600511.SH,20260205,1.0709,1.04,10.9286,1.2182,0.4231,2.7463,2197867.2332,1611898.1331
920066.BJ,20260205,2.0577,0.57,40.2912,3.9698,3.2454,0.2863,156819.0484,49583.9484
002660.SZ,20260205,1.1344,0.62,,2.8099,2.5545,1.056,337724.84,324808.4144
600288.SH,20260205,1.8744,0.91,151.8901,3.4423,3.4249,,655200.0,655200.0
603122.SH,20260205,17.5707,3.8,,7.0889,11.3815,0.6602,783765.6344,783765.6344
600079.SH,20260205,2.0249,1.34,21.9705,1.6595,1.2983,1.6641,3138770.5307,2967532.7747
920556.BJ,20260205,2.4461,0.83,61.7103,3.2108,4.8361,0.9621,166961.232,121611.2207
300996.SZ,20260205,2.0203,0.55,44.3558,3.7954,5.6757,0.6293,478174.2972,397018.5688
301202.SZ,20260205,2.39,0.57,60.7499,4.8393,4.2958,1.4706,556512.0,151694.4
300384.SZ,20260205,1.4557,0.56,20.6666,1.9445,6.4611,1.3056,537527.2415,371092.0473
603776.SH,20260205,0.9414,0.71,,1.4059,12.5041,1.1926,501157.621,501157.621
603538.SH,20260205,2.4907,1.01,46.6182,2.0635,3.0104,0.237,463765.8554,454442.6867
002302.SZ,20260205,0.7255,0.62,,0.8993,0.3989,2.0593,766249.0625,766249.0625
688739.SH,20260205,0.5502,0.9,60.5944,1.1486,7.3374,3.0543,1078189.05,1078189.05
688523.SH,20260205,6.7325,0.63,243.6806,14.7449,46.2418,,2481968.0,588747.2157
301219.SZ,20260205,2.0415,0.61,24.328,2.198,2.6904,2.2082,1992288.1503,1953351.9294
920871.BJ,20260205,1.9652,0.9,71.0484,4.8074,7.4005,1.2182,126843.3364,67110.7135
002356.SZ,20260205,4.302,0.99,131.2749,8.4439,7.4349,,524501.8084,524498.8084
300160.SZ,20260205,1.8669,0.96,22.0766,1.7591,2.7244,1.6779,460675.99,454366.2721
600223.SH,20260205,1.6945,1.81,35.9895,1.8404,2.0402,0.7916,770559.1315,770559.1315
600590.SH,20260205,15.3403,1.48,,3.0484,2.0847,,974830.1243,964199.9648
601083.SH,20260205,3.1878,0.72,10.3267,1.7285,2.2305,4.1147,1534826.32,230226.32
920370.BJ,20260205,0.9252,0.75,,2.0187,3.0017,,123416.454,107502.1513
688766.SH,20260205,3.7274,0.6,318.0858,17.7355,21.5496,0.1124,4030636.802,4030636.802
000099.SZ,20260205,1.0291,0.6,44.0645,2.8696,6.7663,0.9377,1555419.1247,1555419.1247
300014.SZ,20260205,2.0938,0.76,34.4956,3.1743,2.1442,1.1892,12772432.3394,12314831.1192
301335.SZ,20260205,5.3131,1.48,78.2714,1.9512,1.2261,0.6547,374236.3572,149260.4029
920108.BJ,20260205,2.6091,0.68,69.8901,4.5393,4.1798,0.5888,223515.6,45952.8993
688652.SH,20260205,4.5749,1.07,132.9002,9.2362,14.8485,0.1042,2015160.0,1448396.25
688671.SH,20260205,2.3979,0.89,,1.8011,5.4615,,191586.116,114306.9777
603186.SH,20260205,8.4199,1.33,,6.4269,2.2242,,942334.8001,942334.8001
688767.SH,20260205,1.9961,0.91,52.4582,2.3008,11.2399,1.9825,538048.0024,538048.0024
688522.SH,20260205,3.0801,0.64,102.2872,5.5672,27.3362,0.2903,1265915.6419,505579.1157
300660.SZ,20260205,1.2563,0.73,71.9204,6.6018,5.6522,0.7393,2289786.2623,2287953.0416
301269.SZ,20260205,0.6814,0.65,892.3391,10.3028,41.707,0.1521,5353470.1225,5353470.1225
301256.SZ,20260205,2.8201,0.78,83.3439,4.3732,4.5345,1.0283,746880.0,746880.0
920566.BJ,20260205,1.2903,0.88,19.6167,2.055,3.945,1.7544,165828.2532,128075.0795
301085.SZ,20260205,7.7506,0.61,,4.7983,4.6921,0.2008,514840.0798,349523.3653
688261.SH,20260205,2.7474,0.59,189.1941,3.7301,8.5524,0.0439,1100110.4006,1095816.8863
920779.BJ,20260205,3.1464,1.18,47.4815,5.8352,17.1148,3.1279,272414.1974,68152.9532
688508.SH,20260205,5.6756,0.87,42.9687,3.3584,8.0252,0.5669,910637.2495,910637.2495
002903.SZ,20260205,4.9257,0.9,1134.9757,4.2679,7.0938,0.3598,346459.278,235788.0024
300952.SZ,20260205,3.232,0.54,77.0953,4.7538,6.3008,0.4623,805289.9575,488943.393
000948.SZ,20260205,0.9063,0.6,136.4617,2.4797,0.6209,0.532,665930.026,664631.121
603889.SH,20260205,0.8885,0.52,15.0869,1.8274,1.3512,3.3345,657217.2987,652248.9387
002438.SZ,20260205,5.3737,0.93,28.7794,2.3631,4.0402,1.024,867381.5208,801317.0599
301155.SZ,20260205,2.8415,0.6,48.1854,2.7311,3.962,0.1246,1570653.4286,891197.9411
300786.SZ,20260205,2.6782,0.68,,2.6553,5.5224,,294793.4382,234432.2248
601112.SH,20260205,19.8748,0.52,43.7451,5.373,5.0202,,3407637.3466,347055.3159
301166.SZ,20260205,2.778,1.18,,1.4303,2.7185,0.6804,289813.3378,190336.0258
920128.BJ,20260205,1.3027,0.69,74.0323,4.348,3.762,1.4488,224165.59,105566.835
920970.BJ,20260205,2.6148,0.59,,3.2074,7.0683,,88862.2416,56197.1826
601997.SH,20260205,1.4376,1.21,4.187,0.3386,1.5927,4.9573,2138875.8745,2138875.8745
600201.SH,20260205,2.0578,0.45,174.226,3.2099,13.2281,0.1883,1755449.8173,1755449.8173
603986.SH,20260205,3.4297,0.67,142.9604,8.6213,22.6656,0.1216,19351955.3039,18548721.0864
301058.SZ,20260205,2.4507,0.71,24.7991,2.6797,1.9301,1.3112,586041.7363,586041.7363
600587.SH,20260205,0.9558,0.52,18.4168,1.2089,0.9788,3.2364,937265.8282,933739.3456
688058.SH,20260205,1.6338,0.71,,3.7599,10.9287,,239340.1329,239340.1329
000737.SZ,20260205,8.3543,0.78,41.5999,4.7205,1.2132,0.6667,3142782.1178,3142487.964
605208.SH,20260205,1.9294,0.63,82.8385,1.9723,0.7639,0.2999,428592.06,428592.06
300345.SZ,20260205,10.7783,1.11,,8.1563,4.3011,,425308.6215,351361.5658
301168.SZ,20260205,2.8301,0.92,117.5992,2.4632,3.6297,0.1386,532440.0,422905.2718
688293.SH,20260205,1.3774,1.21,137.9757,2.8305,16.9063,0.8183,596645.2473,596645.2473
300342.SZ,20260205,11.5251,0.65,373.6104,14.1535,25.3071,0.1245,2219108.325,2186548.8637
300964.SZ,20260205,2.9275,0.59,121.9165,4.2702,5.5649,0.3513,434570.9526,314448.7707
688184.SH,20260205,1.0551,0.69,,1.0475,3.0133,,166522.7472,105210.4272
301043.SZ,20260205,1.3777,0.41,51.5919,5.2943,7.518,2.2365,443904.0,370449.312
603316.SH,20260205,2.3956,0.35,,5.6849,7.0659,,364684.32,364684.32
301571.SZ,20260205,1.2361,0.62,51.5196,5.0292,9.5491,0.1764,986842.494,655418.445
600468.SH,20260205,2.7773,0.84,,3.932,3.6374,,789695.843,789695.843
300217.SZ,20260205,6.7021,0.93,45.6031,2.0484,2.4898,0.5498,860182.5791,714085.78
600864.SH,20260205,1.1891,0.95,22.0181,1.0326,8.3169,0.761,1366934.8316,1366934.8316
688056.SH,20260205,0.8538,0.74,68.3216,3.1094,6.2859,1.6024,250046.2692,250046.2692
600626.SH,20260205,1.2593,0.86,76.7165,2.0391,0.6087,,655089.3548,549557.4402
002930.SZ,20260205,3.2177,0.66,,2.4684,4.6507,1.5886,575979.7514,544794.3919
688052.SH,20260205,2.8887,1.05,,3.6825,9.9453,,2943646.7607,2579907.1657
000407.SZ,20260205,4.4448,0.42,34.7643,1.4561,1.0916,0.8333,443562.6666,441394.2348
000668.SZ,20260205,1.9978,0.79,,2.8646,7.2341,,202348.1244,202348.1244
603551.SH,20260205,2.0448,1.99,15.2321,3.5776,2.4641,7.1927,449764.1579,443895.7779
603617.SH,20260205,1.6724,0.89,62.0435,1.9971,2.7496,1.0403,300272.4582,295020.1882
603601.SH,20260205,14.1143,0.75,166.1461,5.0867,9.8761,0.2286,1347962.3458,1347962.3458
600724.SH,20260205,0.563,0.51,44.2488,3.3941,6.2137,2.0896,968311.5176,968111.5849
300993.SZ,20260205,1.2639,0.78,26.6603,2.9302,5.8027,0.6743,448022.7648,350114.7305
600232.SH,20260205,3.0471,0.67,,3.5595,2.8219,1.0905,334446.9048,334446.9048
603083.SH,20260205,6.8108,0.83,131.8085,4.7652,8.5088,0.2516,3614666.3233,2824780.8233
002749.SZ,20260205,0.6272,0.56,17.0246,3.5746,3.0813,7.3105,638911.2135,621501.9138
001330.SZ,20260205,11.9663,0.93,,3.3076,9.4004,,1385515.1359,1385515.1359
002718.SZ,20260205,4.2138,0.83,,11.4128,19.435,,1021343.3708,430051.4721
603350.SH,20260205,1.7348,0.6,36.1371,3.3213,2.2613,1.8629,437434.97,165220.0
300835.SZ,20260205,5.5443,0.63,63.1546,7.6662,7.2294,0.2532,915463.3646,631692.1645
920575.BJ,20260205,4.4183,0.97,,9.3565,1961.5385,,302853.32,202490.097
300124.SZ,20260205,0.9477,0.78,38.9082,5.8683,4.6591,0.5474,20176974.8452,17876518.1219
603700.SH,20260205,1.4229,0.79,30.5764,1.7506,1.6763,1.4119,283146.0985,283146.0985
002960.SZ,20260205,0.9279,0.64,37.5417,1.5244,2.0169,1.5088,960247.3075,820247.9086
920802.BJ,20260205,2.0121,0.76,53.9227,2.984,6.4101,0.7809,129245.065,34827.3826
300594.SZ,20260205,4.7327,0.77,,2.861,2.8357,,236390.3869,234138.1756
002734.SZ,20260205,7.7218,0.58,22.4145,2.4569,2.0962,1.1071,941686.6159,859570.3283
002729.SZ,20260205,4.1627,0.87,83.7088,6.342,8.2409,0.1471,348191.7578,333907.442
000045.SZ,20260205,1.0234,0.5,90.1259,2.1178,1.9221,0.5707,630113.1802,568535.1802
688622.SH,20260205,3.8137,0.93,,23.0186,68.2874,,843895.0795,843895.0795
000899.SZ,20260205,1.0188,0.66,10.8735,1.6301,1.4724,3.1309,1028364.359,1028364.359
600719.SH,20260205,1.5401,0.41,,9.1053,4.4495,,268249.5348,268249.5348
688656.SH,20260205,1.0058,1.19,250.6428,11.0137,23.5647,0.2045,913092.5802,913092.5802
603693.SH,20260205,0.553,1.13,28.7739,1.5844,5.3355,1.2126,1102755.6636,1102755.6636
600857.SH,20260205,1.8631,0.85,81.4744,3.4726,6.1317,,309337.1683,309337.1683
301448.SZ,20260205,1.81,0.73,906.8561,6.8087,6.0931,0.4691,465574.6,214905.4075
301000.SZ,20260205,2.4042,0.54,64.1628,7.4406,11.1692,0.5238,925605.4741,873745.3861
301061.SZ,20260205,0.462,0.63,21.5509,4.8674,6.1062,0.9818,1960374.6804,1302367.7872
300601.SZ,20260205,1.2724,0.74,,1.9148,6.4607,0.5769,1742409.825,1404582.777
600418.SH,20260205,1.8749,0.74,,11.7897,2.8704,,11706292.4798,11706292.4798
000030.SZ,20260205,0.7224,0.6,13.818,1.1397,0.543,2.814,928697.8563,902289.4803
600557.SH,20260205,0.9782,0.91,34.7872,1.7294,2.604,,815268.6806,815268.6806
920075.BJ,20260205,2.3936,0.46,64.6551,4.3244,3.3425,1.7264,173574.57,93405.5978
000520.SZ,20260205,1.2176,0.73,,10.9562,6.4823,,441268.3864,441268.3864
002884.SZ,20260205,1.048,0.96,13.7979,2.7672,3.7752,5.5897,639894.0086,488526.681
601012.SH,20260205,4.2996,1.14,,2.4272,1.8443,,13814811.1077,13814797.3513
300472.SZ,20260205,2.4699,1.1,,,,,218555.3451,210284.0486
605069.SH,20260205,17.5732,2.25,,3.3743,8.8519,,287273.8847,114206.8542
603678.SH,20260205,3.1587,0.7,62.8058,2.9954,5.4187,0.5741,1814286.6973,1814286.6973
300136.SZ,20260205,13.1352,0.72,122.4616,9.8059,8.5449,0.0632,7529619.1409,6416787.6001
300449.SZ,20260205,1.2842,0.62,,9.0766,15.5181,,281806.272,281806.272
600456.SH,20260205,2.4802,0.53,44.1537,2.5407,2.9727,1.0154,1835143.5273,1835143.5273
300680.SZ,20260205,4.0003,0.8,40.0764,5.684,4.3929,0.403,1126283.7218,869695.4404
603213.SH,20260205,0.3416,0.6,65.0892,3.2377,2.1035,1.9155,601524.3752,601524.3752
301567.SZ,20260205,4.4732,0.48,115.7494,4.5689,8.4923,0.3793,341640.0,100783.0883
000895.SZ,20260205,0.3714,0.87,17.9792,4.5719,1.539,5.2454,9247180.7775,9245982.2737
603882.SH,20260205,1.3082,0.55,,2.2583,2.3736,2.8115,1449998.4008,1440221.226
000590.SZ,20260205,2.3555,1.36,,4.7203,7.8282,,275391.9571,275277.1411
301380.SZ,20260205,2.2007,0.52,64.1645,5.1321,3.3897,0.6552,373529.7232,297441.054
600219.SH,20260205,2.8426,0.57,14.8254,1.5629,2.1304,5.9056,7579243.0289,7579243.0289
000731.SZ,20260205,1.6926,0.73,50.0815,0.962,0.8539,3.9895,375945.7415,375945.7415
688046.SH,20260205,0.7386,0.68,49.0929,3.1796,8.9365,0.8077,708890.0,708890.0
000818.SZ,20260205,2.8157,0.61,,5.9036,3.2338,,1363560.0806,1359864.833
603155.SH,20260205,0.6078,0.52,56.2429,2.4387,8.6178,3.2797,529574.4636,529574.4636
301327.SZ,20260205,2.6312,0.86,44.2979,1.5904,2.2337,1.4455,986126.5682,431382.3782
002080.SZ,20260205,3.9061,1.06,36.8213,3.3099,2.2486,0.5815,6492660.1465,6492660.1465
300715.SZ,20260205,2.3059,1.11,,2.5117,1.9563,,466898.4561,412686.2119
603968.SH,20260205,6.5906,2.99,,1.4199,0.9339,,256417.92,256417.92
688081.SH,20260205,1.8318,0.66,,9.9142,22.149,,387842.56,387842.56
600876.SH,20260205,2.2061,1.4,,2.0516,1.9624,,701848.6848,430098.6848
300990.SZ,20260205,3.4485,0.86,52.4391,6.8784,4.8275,0.6136,1384249.8023,625853.0233
603633.SH,20260205,1.8916,1.16,243.9342,2.0271,2.5202,0.2906,393092.7634,393092.7634
001323.SZ,20260205,1.4625,1.74,17.8818,2.8829,2.3205,1.5295,1273046.3155,910711.7621
000404.SZ,20260205,1.7074,1.14,10.8811,1.1621,0.425,4.2254,494157.1451,491830.8961
002052.SZ,20260205,1.7772,0.75,26.7338,25.3644,8.285,,844237.3367,773492.3879
002034.SZ,20260205,0.9477,0.83,12.2918,1.0751,2.2351,2.884,737342.671,733683.3852
300814.SZ,20260205,4.3408,1.58,402.6965,8.5199,7.9348,0.1367,1400502.8457,1400502.8457
001280.SZ,20260205,15.2429,0.75,104.2562,10.8419,8.9532,,17788431.8166,1359708.5147
000065.SZ,20260205,1.744,0.74,18.6186,1.2986,0.9722,1.0958,1445995.488,1213828.0486
920249.BJ,20260205,3.462,0.59,,7.8077,2.4833,,569200.5,168303.9276
300824.SZ,20260205,1.6035,1.07,33.2976,4.9187,3.8754,1.8064,368113.4173,357006.7063
000766.SZ,20260205,1.7408,0.69,396.8415,9.9119,18.3028,,2280927.5085,2279778.1272
000591.SZ,20260205,4.4825,0.94,20.1059,0.8842,3.9704,2.1888,2130972.2737,2130483.1274
002993.SZ,20260205,1.2332,0.65,25.0746,2.741,1.8557,3.1239,1311190.0,1132622.9318
603259.SH,20260205,1.593,1.02,19.326,4.084,6.5265,1.7455,28975265.7322,24018024.4689
600483.SH,20260205,0.5343,0.73,8.4819,0.9725,1.8084,4.1721,2552166.5004,2552166.5004
688480.SH,20260205,2.591,0.67,66.1627,6.7431,7.2372,0.8138,737919.9516,737919.9516
920701.BJ,20260205,0.7196,0.5,35.1157,2.9612,2.7266,1.1951,245999.6,179671.5813
301533.SZ,20260205,9.5567,0.88,66.6586,3.2817,4.6361,1.0452,371697.6327,107519.1627
600528.SH,20260205,0.605,0.75,12.7471,0.7418,0.6451,1.2497,1841666.2665,1841666.2665
600903.SH,20260205,1.2312,0.79,,2.6409,1.1805,0.5128,791206.4727,791206.4727
301298.SZ,20260205,2.3633,1.21,37.3991,2.6521,3.8968,1.7373,249266.4,183731.2274
605056.SH,20260205,2.7632,1.14,34.5209,5.3342,2.0366,2.0318,878003.9936,863261.448
001337.SZ,20260205,16.0383,1.42,46.0183,11.1689,21.4747,0.5429,1934100.0,1328339.88
300284.SZ,20260205,1.0456,1.01,60.7402,1.105,2.0307,1.2212,930704.0694,882448.6886
603677.SH,20260205,0.7124,0.72,51.1374,3.0058,1.6842,1.3767,349763.1708,349763.1708
002567.SZ,20260205,1.2308,0.41,,1.1469,0.2433,,629109.5615,628392.0147
601618.SH,20260205,1.0396,0.5,16.3213,0.6073,0.1336,1.8301,6341427.466,5462901.466
002203.SZ,20260205,1.1495,0.51,40.4762,1.8293,0.3596,1.8694,3031992.2275,2926662.8989
300398.SZ,20260205,9.3546,0.95,44.8624,3.0372,4.8167,0.4002,1487667.4848,1479543.0324
301020.SZ,20260205,0.7949,0.64,38.2955,3.5407,6.1102,1.3293,341404.8,341404.8
002331.SZ,20260205,2.1685,0.57,,2.3643,2.9928,0.3221,396299.3678,366156.8979
688318.SH,20260205,0.8396,0.74,98.3796,9.1392,89.8086,0.2702,3385643.3004,3385643.3004
603869.SH,20260205,0.248,0.82,128.128,1.3,7.2837,0.128,486704.8392,486704.8392
000807.SZ,20260205,2.0355,0.65,21.8853,3.4989,1.8405,1.5878,10920597.8683,10920483.3896
603135.SH,20260205,1.6637,0.35,158.832,2.4789,10.8314,0.5598,736372.4699,293334.9581
600438.SH,20260205,2.3322,1.21,,1.9813,0.9364,,8270155.7935,8270155.7935
603012.SH,20260205,2.7249,0.64,32.9051,1.3791,1.6402,1.2406,524311.5,524311.5
002488.SZ,20260205,4.6589,0.85,400.9793,3.7539,3.699,0.075,1315970.4439,1216351.0467
002345.SZ,20260205,1.2755,0.34,56.2693,3.172,1.3876,2.8386,1095536.1677,1069368.8351
300087.SZ,20260205,3.5073,0.46,316.4488,4.6599,1.7697,0.5834,811863.3106,773267.5863
688620.SH,20260205,2.0735,0.67,,3.3398,8.8625,,450016.0,266701.661
688683.SH,20260205,0.516,0.78,135.8159,4.8905,5.9964,0.1759,576730.124,555536.9858
600283.SH,20260205,0.676,0.77,22.221,1.6721,2.1309,2.6998,519323.8555,503898.817
600063.SH,20260205,1.8433,0.63,25.0044,1.6332,1.7087,2.1239,1373886.6821,1373886.6821
002961.SZ,20260205,1.7457,0.92,23.1455,3.1579,6.5268,1.4701,1150363.4404,1150358.0134
002670.SZ,20260205,4.1161,2.01,100.8616,2.9118,29711.352,,3291578.9948,2761319.4284
920146.BJ,20260205,0.9227,0.45,,5.0693,2.8298,,112042.0677,88924.4172
688076.SH,20260205,1.2636,1.09,22.2707,3.5717,5.8461,1.6198,1110606.3661,1110606.3661
601965.SH,20260205,0.7114,0.58,17.9206,2.4251,3.8244,1.7951,1899785.956,1890980.4469
000995.SZ,20260205,37.5105,1.32,,24.1698,24.4105,,356412.672,356412.672
002357.SZ,20260205,4.6236,0.95,24.6138,2.7123,5.6144,0.6775,462709.8171,462693.2121
603701.SH,20260205,0.5485,0.45,124.5817,6.5933,6.0552,0.1975,529257.8495,529257.8495
300864.SZ,20260205,1.8391,0.81,22.5574,2.6378,4.3548,3.8167,348508.8774,348508.8774
600403.SH,20260205,4.486,1.22,,3.724,4.0953,,1707040.055,1707040.055
601966.SH,20260205,1.2619,0.84,18.5987,0.9763,0.9256,1.6873,2246476.6184,2246476.6184
603444.SH,20260205,1.3468,0.44,20.7647,6.2984,5.8136,3.7053,3117938.8513,3117938.8513
000035.SZ,20260205,1.1746,0.97,62.6436,1.4011,2.6966,0.5837,1439983.7597,1394754.526
600197.SH,20260205,1.961,0.51,36.76,1.7523,3.6203,3.1825,669069.0498,669069.0498
603580.SH,20260205,3.1482,1.68,,4.3239,7.901,0.5887,182027.7676,182027.7676
600516.SH,20260205,1.902,0.83,534.9134,1.4073,6.8161,0.3315,2278699.2283,2278699.2283
300436.SZ,20260205,14.2882,1.42,,54.4784,48.418,,2086716.234,1791331.2378
603557.SH,20260205,3.4333,0.82,,25.1559,8.0188,,197006.0566,197006.0566
603861.SH,20260205,9.4073,1.13,40.014,2.2156,1.8001,0.8327,882682.1505,863181.7186
920471.BJ,20260205,16.1925,0.71,,2.6925,3.0544,0.5792,141440.0,90152.0319
601222.SH,20260205,2.2516,1.49,59.5479,0.7827,2.2876,1.4956,1201078.6179,1201078.6179
301596.SZ,20260205,1.5888,0.61,52.003,6.5412,8.4935,1.1117,555281.4988,225354.3471
600261.SH,20260205,1.0042,0.84,27.1564,1.4079,1.8034,3.8251,488629.3856,488629.3856
688182.SH,20260205,1.0009,0.64,140.0179,5.8819,20.7969,0.228,1316000.0,1316000.0
000629.SZ,20260205,1.594,0.46,,2.7771,3.6795,,3409777.8591,3409550.3573
300433.SZ,20260205,1.4048,0.76,45.7228,3.5125,2.4217,1.405,18727656.9825,17630590.3519
000813.SZ,20260205,1.9285,0.43,,1.6646,21.2665,,828356.6883,828220.4133
603004.SH,20260205,3.4179,0.7,31.5758,2.7123,7.4383,0.8805,561715.2,140428.8
600722.SH,20260205,10.348,0.74,107.4734,4.325,10.7539,,534050.9457,534050.9457
000600.SZ,20260205,2.1457,1.01,8.9729,1.2953,0.6215,2.7597,1505700.704,910192.4815
600322.SH,20260205,3.2954,1.43,,,1.0574,,267579.4,267579.4
600448.SH,20260205,3.189,0.82,,1.9,0.6844,,214138.6851,214138.6851
688253.SH,20260205,0.4174,0.3,36.1447,2.3734,11.1917,1.5598,482321.7766,482321.7766
603377.SH,20260205,1.0193,0.87,,3.2572,4.0789,,263804.1335,263804.1335
002487.SZ,20260205,1.7845,0.78,36.954,4.986,6.5712,0.2655,3987846.6793,3945144.4233
300263.SZ,20260205,7.9216,0.9,73.7422,2.7535,3.7221,0.3854,1156102.0393,1089666.0561
603421.SH,20260205,2.169,0.6,,1.7837,2.632,,499577.9314,499577.9314
688006.SH,20260205,0.9722,0.73,53.9978,3.3384,5.9866,0.6055,1814638.4889,1814638.4889
002350.SZ,20260205,5.0242,1.01,77.6413,3.1181,2.3174,0.2983,514672.4521,503493.346
600505.SH,20260205,1.7034,0.65,318.7584,4.1034,3.2309,0.1457,500551.1775,500551.1775
688172.SH,20260205,2.8917,0.95,,3.3797,33.5336,,6312927.2249,3442664.0157
688449.SH,20260205,2.2262,0.53,161.5382,12.0508,17.2412,,2295400.0,1463088.6337
300750.SZ,20260205,0.6678,0.72,25.9712,5.2693,4.2907,1.5244,165638683.7935,154488208.8682
920056.BJ,20260205,9.4264,1.15,37.7548,4.2298,3.5937,,220894.3568,83401.8542
300315.SZ,20260205,3.4339,0.38,,3.213,22.6286,,1589367.6588,1516237.2347
000938.SZ,20260205,1.1128,0.62,50.1813,4.837,0.7178,0.3065,6998615.4517,6998615.4517
001231.SZ,20260205,6.5816,0.71,38.4459,2.5122,3.4374,0.6026,248350.9,124013.925
600887.SH,20260205,1.0734,0.81,21.486,3.2307,1.471,6.2477,17211306.3749,17125782.7708
002354.SZ,20260205,6.0174,0.6,,9.2738,6.3142,,1191301.7904,1170670.5209
300307.SZ,20260205,1.2686,0.87,59.4402,1.7433,2.9639,1.3934,569994.2885,561420.497
300637.SZ,20260205,1.9345,0.76,249.7423,3.9884,3.2022,,292263.9119,291958.6553
001311.SZ,20260205,19.3939,1.83,50.502,3.0238,3.6384,1.1532,1387666.2136,352365.7638
300762.SZ,20260205,4.9009,0.62,,11.1325,53.9853,,2599778.2961,2599778.2961
000625.SZ,20260205,0.9173,1.08,16.4371,1.4578,0.6825,3.0617,11171865.4742,9317142.7522
301136.SZ,20260205,13.9884,4.87,1842.7642,3.7689,9.3503,,549584.0255,549584.0255
002681.SZ,20260205,1.6921,0.67,,4.9706,4.0732,,1132425.5584,967121.5722
301234.SZ,20260205,0.8313,0.73,115.6716,3.6716,5.8152,0.7305,279276.0,279276.0
000922.SZ,20260205,2.2273,1.23,39.4988,2.135,1.9545,0.7943,971589.2453,821032.8222
688585.SH,20260205,0.682,0.71,684.6178,43.2066,34.3874,0.0217,5763232.3697,5763232.3697
688226.SH,20260205,1.0827,0.69,,4.2517,2.144,0.3992,714515.3432,714515.3432
600256.SH,20260205,1.9199,0.5,17.7454,1.4676,1.0732,11.3711,3496425.6213,3496425.6213
600030.SH,20260205,0.9501,0.6,13.9521,1.4704,5.603,0.9897,41927326.9792,34447462.7054
603057.SH,20260205,0.5557,0.47,59.2332,5.6616,3.5582,1.8978,1135095.2438,1130940.0
000828.SZ,20260205,0.5493,0.68,10.6467,1.1139,7.2532,4.3578,1133073.5213,1133072.0498
002183.SZ,20260205,3.6846,0.38,169.5884,1.4617,0.1894,0.1919,1353041.7364,1353033.9214
002617.SZ,20260205,4.7126,0.86,62.4331,2.6409,4.5656,,1686476.1769,1658804.9493
301089.SZ,20260205,3.4381,0.77,,2.438,10.0996,,371155.0185,266833.526
300688.SZ,20260205,4.5248,0.64,,12.6536,30.6296,,506155.4991,448696.457
688682.SH,20260205,1.6676,0.71,455.2153,7.8687,17.1128,0.2873,506342.9859,506342.9859
688167.SH,20260205,12.5405,1.43,,12.0618,34.1948,,2650855.958,2650855.958
688689.SH,20260205,1.7243,0.48,55.148,3.3443,3.9759,0.7243,403853.9167,403853.9167
300644.SZ,20260205,2.6917,0.66,28.4947,3.6542,1.3266,0.7372,367559.7367,289598.579
300222.SZ,20260205,3.0718,0.72,80.5747,5.2274,3.251,,897358.2628,730775.4459
600227.SH,20260205,1.6186,0.52,,1.7561,1.8736,,420493.1936,318122.3509
688177.SH,20260205,0.3632,0.73,,20.3035,11.629,,983025.92,983025.92
601186.SH,20260205,0.59,0.47,4.6282,0.3618,0.0952,4.1265,9872326.6705,8362859.4785
600506.SH,20260205,5.8986,1.54,88.6575,9.9703,1.9921,,478319.1646,478319.1646
600892.SH,20260205,0.9026,0.54,,276.9956,8.2338,,209239.6063,209185.5065
002290.SZ,20260205,2.0564,0.76,92.4272,15.2152,5.6569,,1443517.5359,1439317.6672
600787.SH,20260205,1.1057,0.7,27.2961,0.9083,0.1985,1.2054,1262986.3167,1262986.3167
600985.SH,20260205,1.4461,0.92,19.0099,0.8204,0.8302,5.9477,3396199.232,3396199.232
002581.SZ,20260205,1.1831,0.96,,2.6045,18.8902,,486884.8625,295783.8768
002803.SZ,20260205,3.3034,0.71,32.5363,3.3396,1.2822,1.7451,855319.6419,548374.587
603077.SH,20260205,2.4999,0.48,,1.1721,2.7785,,2128400.4719,2128400.4719
000919.SZ,20260205,1.6713,0.99,129.8597,1.2841,1.4151,1.2808,486966.9054,486843.348
603629.SH,20260205,20.5536,1.07,60.2795,5.9639,3.5176,0.2969,1132432.08,1108573.232
300581.SZ,20260205,1.6216,0.76,,9.0744,57.483,,866972.6445,866972.6445
603733.SH,20260205,0.442,0.51,18.0081,2.0971,1.439,2.0316,1737462.636,1737462.636
688660.SH,20260205,0.9202,0.8,,4.2177,1.6013,,1852000.0926,1852000.0926
920021.BJ,20260205,24.0079,0.74,,6.5921,9.6042,,411896.9773,310379.2311
300616.SZ,20260205,2.6631,0.65,,1.0563,0.9212,5.6405,332283.6504,229412.1982
300561.SZ,20260205,8.6111,1.51,,7.9413,49.5766,0.241,476412.7797,350015.5974
688227.SH,20260205,1.61,0.72,,5.9061,14.0253,,764705.8801,764705.8801
002826.SZ,20260205,7.0142,1.0,47.6513,5.1012,6.5156,0.4577,409194.4515,374104.4308
002027.SZ,20260205,1.0633,0.83,19.7164,7.4831,8.4884,5.1282,10701669.997,10701669.997
688092.SH,20260205,2.0278,0.76,47.0053,3.9253,5.5712,0.9085,254769.6467,254769.6467
002121.SZ,20260205,4.0709,1.05,,18.8401,2.7294,,1395086.0179,1175934.8194
002282.SZ,20260205,1.4412,0.79,22.2699,1.1237,2.382,2.5907,406719.2047,389865.8965
001223.SZ,20260205,2.5625,1.64,80.3711,2.8028,6.4331,0.1832,546109.2,546109.2
300460.SZ,20260205,2.4496,1.14,,4.3163,4.5416,,240930.0474,240930.0474
000638.SZ,20260205,0.3876,2.11,,4.4646,1.361,,62277.3102,62029.1202
002069.SZ,20260205,2.8517,0.85,,155.7879,1.883,,282311.541,281955.829
300099.SZ,20260205,4.3123,0.56,63.4659,2.6575,10.5689,2.7791,607506.5701,479083.6858
301051.SZ,20260205,2.1213,0.91,,1.7898,2.2442,0.2143,394716.4785,312999.4859
603109.SH,20260205,0.7779,0.7,23.4736,2.6918,1.7351,1.153,535278.3467,535278.3467
002873.SZ,20260205,1.5163,0.73,340.5847,2.0231,3.3836,0.5524,255576.6849,249886.2556
688190.SH,20260205,1.3092,0.9,34.1411,4.5963,6.0297,1.4446,1187880.0,1187880.0
300388.SZ,20260205,0.6761,0.58,15.6931,1.2361,1.5707,2.3325,569351.3051,568314.6843
601058.SH,20260205,0.6788,0.64,14.8067,2.5939,1.5281,2.2864,5464822.6305,5464822.6305
601798.SH,20260205,1.6532,0.77,,2.647,4.3823,,335383.6753,335383.6753
301055.SZ,20260205,1.1553,0.48,73.0663,5.1155,3.356,0.5428,334776.0,334776.0
000009.SZ,20260205,0.7971,0.55,343.2693,2.4005,1.0798,0.3198,2419302.6992,2416307.1962
002848.SZ,20260205,3.024,0.57,,16.1181,11.7747,,186037.95,183562.874
002221.SZ,20260205,0.9783,0.53,33.235,1.1601,0.4225,,1289272.5134,1194995.8416
603322.SH,20260205,2.0721,0.56,,19.6854,2.3041,,567154.8788,567154.8788
603091.SH,20260205,2.9958,1.97,28.7703,3.8827,5.6552,1.194,821999.8957,247766.6941
688113.SH,20260205,1.3696,0.53,27.8736,2.9496,5.5528,0.9648,286311.5473,286311.5473
300765.SZ,20260205,0.7182,0.51,,13.2051,23.2462,0.0572,4869723.7368,4869723.7368
301010.SZ,20260205,1.9462,0.67,114.8059,2.9969,2.4435,0.8699,248292.0,248292.0
688205.SH,20260205,9.0209,0.82,427.9163,12.1473,30.8035,0.1894,2750365.8767,2750365.8767
300375.SZ,20260205,4.6773,0.49,90.5098,1.8577,1.5549,0.6392,425453.7381,285340.846
002316.SZ,20260205,5.8802,0.79,447.3353,28.9278,3.5393,,221326.56,191840.8425
603305.SH,20260205,2.8495,0.7,52.2692,2.2643,4.7127,1.762,2054849.8126,2054849.8126
001325.SZ,20260205,6.104,0.72,24.7593,2.2851,2.8076,,400780.8,100195.2
001230.SZ,20260205,3.4129,1.31,20.893,1.65,2.0169,1.8076,316236.5903,185080.9281
600737.SH,20260205,1.042,0.47,25.6414,3.1066,1.1644,2.5031,3503433.3975,3503433.3975
688390.SH,20260205,3.256,0.7,1847.1075,7.2229,2.4641,,1968514.4278,1968514.4278
300394.SZ,20260205,5.4049,0.71,106.8695,40.1454,41.0083,0.3403,19583106.2943,19543721.6033
920682.BJ,20260205,3.2339,0.96,24.871,2.734,0.8466,1.7343,311825.28,180833.6014
688302.SH,20260205,0.8102,0.64,,4.1381,192.9656,,455570.7664,455570.7664
300564.SZ,20260205,2.2101,0.8,169.2629,2.0482,7.5825,3.2616,247296.2016,173522.9528
601009.SH,20260205,0.9659,1.68,6.3385,0.7614,2.4887,4.4347,13822468.1799,13822468.1799
603300.SH,20260205,2.0939,0.69,22.0127,2.1828,2.4194,0.3518,1425771.2419,1425771.2419
002195.SZ,20260205,8.0237,0.73,326.0989,5.6402,87.2928,,5630860.8131,5562052.88
301295.SZ,20260205,4.796,0.69,169.3627,3.7165,4.8869,0.6822,354614.4,103429.2
002573.SZ,20260205,0.5732,0.54,,0.9146,0.6095,,543462.5583,542495.0319
002374.SZ,20260205,3.3128,0.71,,4.559,6.6229,,384164.0862,384164.0862
300792.SZ,20260205,5.3923,0.5,126.5693,3.4469,9.03,0.2348,1009139.0871,905180.9133
688155.SH,20260205,3.1107,0.75,51.3491,5.7293,4.8228,0.6092,1233762.5661,1233762.5661
603332.SH,20260205,1.574,0.68,54.678,2.3227,1.894,1.6007,296395.6421,296395.6421
301397.SZ,20260205,2.4701,0.82,40.7221,2.3959,3.3418,2.029,469479.3004,213345.1988
002399.SZ,20260205,0.2385,0.58,42.4961,1.4436,3.303,2.0542,1785699.4803,1517844.4738
000630.SZ,20260205,6.6353,0.73,52.1384,2.7196,0.5984,2.0193,9641410.0157,8011825.2326
002899.SZ,20260205,2.1888,0.78,65.1643,2.7149,4.0298,0.2325,472802.5262,472802.5262
002780.SZ,20260205,10.5148,0.58,,3.7026,3.1693,,280618.827,221716.035
000999.SZ,20260205,1.3598,1.92,17.2999,2.3452,1.5994,2.4284,4776305.2525,4771931.7886
688160.SH,20260205,1.7171,0.57,186.9171,9.0099,17.2932,0.2209,1141034.1718,1141034.1718
600713.SH,20260205,0.8993,0.63,13.6389,1.0389,0.1343,3.0734,723839.5149,713282.7582
002213.SZ,20260205,5.4874,0.51,,10.8873,5.4129,0.0818,609623.7896,530689.628
603071.SH,20260205,0.366,0.75,11.462,1.3509,0.1852,5.1775,754354.4056,754354.4056
000531.SZ,20260205,1.5044,0.6,15.42,0.9427,1.5727,2.2194,650875.8325,568590.93
920169.BJ,20260205,15.4897,1.67,96.1323,9.9698,16.2273,0.2469,331037.9687,208140.7227
301578.SZ,20260205,3.6973,0.82,81.6293,3.1494,3.4145,1.0642,293184.4368,83365.3002
300111.SZ,20260205,3.0153,0.8,932.7226,8.6109,19.5472,,592116.9284,592116.9284
300607.SZ,20260205,2.899,0.92,,4.9425,6.0581,,1408022.5602,980209.8406
002011.SZ,20260205,1.2764,0.79,11.3405,2.0593,1.0109,,1320778.2038,1302198.3871
601998.SH,20260205,0.159,0.67,5.8862,0.5742,1.9563,4.822,41566936.2112,30449960.4674
002413.SZ,20260205,20.0748,1.41,,5.7468,13.0667,,1932834.1621,1897805.6781
300145.SZ,20260205,2.1187,1.02,34.1066,2.9066,1.6764,,854507.706,850318.7706
002690.SZ,20260205,2.1303,1.22,23.9232,6.3034,7.078,3.5954,1717699.6683,844505.4382
002244.SZ,20260205,1.2272,0.57,11.3472,1.2628,0.3997,0.6799,3752401.3313,3239194.6342
300753.SZ,20260205,16.1232,2.02,,6.4082,11.4461,0.188,435747.936,303890.2158
605155.SH,20260205,2.4635,0.59,32.373,3.0121,4.542,1.1806,399047.8366,389724.251
300037.SZ,20260205,1.7099,0.62,36.8359,3.5748,4.1401,0.8186,3641678.273,2608100.6284
002403.SZ,20260205,0.6903,0.59,,2.594,1.5027,0.1475,415579.0664,362536.9739
001217.SZ,20260205,3.2125,1.08,144.1107,1.8877,2.1702,0.7819,424461.73,420257.6851
000680.SZ,20260205,2.4165,1.47,15.3869,3.3393,1.3105,0.7277,1948685.253,1707797.6434
605318.SH,20260205,1.1351,0.85,,12.3687,13.7794,0.4718,799385.16,799385.16
603231.SH,20260205,5.6007,1.75,21.7335,1.95,2.3341,1.5,382918.21,212531.964
300967.SZ,20260205,12.8765,0.71,17.4785,5.0414,3.0595,0.8987,413219.3977,274758.4376
301328.SZ,20260205,1.5071,0.47,57.8674,2.9497,8.6451,0.9588,573095.0927,263445.0703
301027.SZ,20260205,3.3916,0.58,139.3955,2.8675,4.0123,,273126.0,219694.186
300969.SZ,20260205,4.6985,1.19,87.9624,11.4109,16.8127,0.2029,1576772.5324,707592.9128
301039.SZ,20260205,1.051,0.86,21.8128,1.2974,0.9339,2.7833,1885369.1665,1461142.065
600371.SH,20260205,8.7878,0.67,134.2027,4.9376,12.2964,1.6181,271219.806,271219.806
603035.SH,20260205,1.1851,0.8,14.3211,1.0465,0.8418,2.2973,555748.5204,555748.5204
600649.SH,20260205,4.2525,0.85,18.9477,0.67,0.7834,0.7092,1412538.4332,1412538.4332
002571.SZ,20260205,3.4621,0.92,,4.8047,2.7427,,469164.9879,357072.507
600184.SH,20260205,1.2185,0.67,,3.0268,6.1483,,1025600.3437,1025600.3437
300212.SZ,20260205,4.0055,0.65,,31.3172,19.0136,,851632.7352,826339.3695
000078.SZ,20260205,3.559,0.64,,5.3278,0.3559,,970884.4818,969156.7799
603970.SH,20260205,1.6288,0.55,20.2304,2.3451,0.3292,3.3309,363148.981,363148.981
300882.SZ,20260205,2.5137,0.78,35.7564,4.7802,5.2391,0.2284,626494.4005,582989.8687
300128.SZ,20260205,1.33,0.53,,13.6738,4.2174,,904184.3268,903211.0578
300491.SZ,20260205,7.1789,1.29,203.6493,4.0633,3.3028,0.2485,478182.3116,424603.634
002677.SZ,20260205,1.5296,0.57,283.1822,4.1704,10.991,3.148,615687.2196,509731.7952
688702.SH,20260205,2.0308,0.64,3265.8207,23.7818,51.0872,,5649800.0,2797226.7697
603717.SH,20260205,2.4033,0.78,,4.377,3.1798,,226604.2134,226604.2134
001202.SZ,20260205,3.5792,0.81,40.9612,3.5835,1.8398,,299710.6158,210049.4711
603351.SH,20260205,0.3391,0.44,25.3094,2.1235,2.8414,1.4503,373541.1261,373541.1261
600051.SH,20260205,1.6644,0.7,26.8458,0.7366,1.5024,1.4907,250258.4,250258.4
002988.SZ,20260205,1.2666,0.7,51.1422,3.4494,1.2464,0.4258,924404.055,924118.3267
600636.SH,20260205,0.7713,0.64,,1.8821,10.9348,0.5663,387316.2962,387316.2962
605089.SH,20260205,1.2811,0.87,55.4278,3.2846,5.8215,1.2205,402960.0,402960.0
000530.SZ,20260205,2.8391,0.85,54.8606,1.8283,1.3135,0.7246,581816.6298,414028.6095
300950.SZ,20260205,3.1891,0.74,52.9432,4.6977,7.9771,0.8029,374863.532,222767.836
002674.SZ,20260205,1.4958,0.76,59.1344,1.7627,1.4341,1.0475,423228.9518,418951.1497
300777.SZ,20260205,3.3453,0.72,46.3065,4.2961,19.9312,0.5021,1921521.9367,1851198.6906
301519.SZ,20260205,3.0442,0.8,,1.7059,3.7622,0.6594,241332.8183,112686.6071
301060.SZ,20260205,1.428,0.52,,2.8584,2.9587,1.7673,450982.142,405567.8112
688432.SH,20260205,0.7928,0.76,86.9818,3.7827,17.4375,0.4416,1690408.112,1690408.112
000990.SZ,20260205,2.3298,0.6,86.0093,0.5569,0.863,0.6105,995279.5412,995278.8041
301198.SZ,20260205,2.0064,0.65,,2.6462,5.4435,,241839.0,222598.2892
920718.BJ,20260205,0.7698,0.56,20.8983,2.3329,1.0934,1.3405,135274.7164,63774.5239
600676.SH,20260205,2.4124,0.86,,1.6175,1.7871,,829993.8058,829993.8058
300686.SZ,20260205,2.2424,0.75,,4.2437,2.4816,,399536.9293,260156.0511
688055.SH,20260205,0.2056,0.79,,3.0592,4.6917,,1256666.6918,1256666.6918
002119.SZ,20260205,20.8705,0.9,96.2323,6.6381,4.7231,0.1168,964104.596,964104.596
000652.SZ,20260205,2.2529,0.72,135.2302,1.1031,0.337,0.7009,631545.6087,631069.8897
600383.SH,20260205,4.3354,0.97,,0.2798,0.2619,,1525929.2473,1525929.2473
002636.SZ,20260205,2.6148,0.52,154.4939,4.9027,3.925,0.3623,1707888.0,1699243.9683
300303.SZ,20260205,2.6606,0.64,31.0523,2.6661,2.9159,1.8288,1000264.7021,938413.7781
000863.SZ,20260205,2.2009,0.47,,1.5963,8.7044,,717865.3325,707478.1741
301589.SZ,20260205,1.5155,0.81,28.4819,4.2971,4.9511,0.6663,1645389.504,613407.3581
600683.SH,20260205,9.3006,1.71,,,5.7849,,488913.214,488913.214
603859.SH,20260205,3.17,0.74,46.6608,3.6587,7.1443,0.0438,1116066.2143,1116066.2143
000728.SZ,20260205,0.6578,0.63,13.3384,0.9643,4.62,2.1898,3587025.4264,3587025.4264
603375.SH,20260205,1.8755,0.55,163.7511,2.397,7.4805,0.2657,378909.3346,240071.4168
920642.BJ,20260205,1.8129,0.69,,6.6112,12.4479,0.3298,156023.7684,150435.1014
688244.SH,20260205,0.9177,0.58,,3.4779,10.3413,0.1507,336795.1489,336795.1489
002738.SZ,20260205,3.6079,0.89,137.4237,4.7523,8.6336,0.6319,5709165.2227,5626472.9167
688009.SH,20260205,0.4214,0.88,17.4317,1.2939,1.7847,3.0195,5962068.097,4853633.134
000420.SZ,20260205,2.9185,0.66,,2.5683,2.2256,,1135997.1745,1135610.3881
920553.BJ,20260205,0.9686,0.51,59.0916,4.1782,3.2478,0.779,147570.1024,94345.5789
688690.SH,20260205,1.063,0.59,78.0692,6.1887,12.8413,0.2176,1160159.8198,1160159.8198
300995.SZ,20260205,1.4838,0.63,199.6332,5.1245,8.7787,0.5952,317570.2496,226592.7677
688533.SH,20260205,2.1876,1.47,29.933,3.1919,1.8525,1.3562,540330.3126,540330.3126
301158.SZ,20260205,4.0648,0.41,27.1951,2.6017,5.0003,1.3706,356678.8497,347546.4623
601118.SH,20260205,1.8065,0.43,99.7534,2.9707,0.5677,0.162,2880054.9074,2880054.9074
603285.SH,20260205,12.2836,1.12,44.665,3.5871,9.6418,0.5321,601440.0,234173.596
000989.SZ,20260205,1.2644,1.44,59.9827,2.0937,3.9496,3.3215,764356.2167,619879.3014
601179.SH,20260205,5.5626,0.79,61.3364,3.2692,3.0856,0.4782,7396648.2339,7396648.2339
300453.SZ,20260205,2.9004,1.88,20.1386,3.5674,3.1048,3.1823,492325.4713,339347.7112
300991.SZ,20260205,2.9988,0.42,238.3395,9.51,8.4403,0.0712,606960.0,388378.53
301008.SZ,20260205,3.9043,1.63,133.153,3.0194,3.9371,0.2496,451823.1573,399659.1573
002194.SZ,20260205,2.5598,0.71,,3.4751,5.9591,0.5538,863673.2588,645769.7316
002322.SZ,20260205,1.4651,0.82,21.351,1.878,4.5176,4.7814,487979.84,469118.5715
300056.SZ,20260205,5.4405,0.84,,24.1879,7.8395,,356964.1502,356649.125
300567.SZ,20260205,5.5549,0.83,,10.3341,12.1518,,3651798.2792,2963890.2574
688502.SH,20260205,5.5266,0.9,329.0775,15.5084,29.5979,0.0957,1866585.6,593913.6
600795.SH,20260205,0.847,0.65,11.0857,1.3834,0.4822,4.5553,8222220.3968,8222220.3968
300965.SZ,20260205,1.1324,0.83,109.8015,3.0007,17.5593,0.9538,364860.0,338795.3138
000541.SZ,20260205,0.725,0.72,28.8185,1.4443,1.1148,1.9017,969076.0631,776466.453
688152.SH,20260205,0.9585,0.48,321.8887,3.1624,13.5595,,400627.0787,400627.0787
600222.SH,20260205,2.6242,1.02,82.8656,2.4547,2.1766,0.1989,389094.8999,389094.8999
601318.SH,20260205,0.852,0.6,8.6936,1.2583,1.1225,3.8159,121954968.8363,71795538.334
300531.SZ,20260205,1.0187,0.49,,3.9654,3.8101,0.2853,557072.0043,535696.4104
300696.SZ,20260205,3.7026,0.69,234.0259,5.0018,20.9489,,946590.9821,858547.9638
600479.SH,20260205,1.5084,0.97,20.9455,1.6778,1.4413,2.8768,523711.457,445291.5725
688218.SH,20260205,1.5533,0.57,618.9183,2.8442,3.6536,0.874,253214.6829,253214.6829
920122.BJ,20260205,2.0577,0.83,113.9977,9.3514,15.9669,0.799,312885.2303,121176.2761
603309.SH,20260205,1.7872,1.07,17.4065,2.2657,2.5929,4.8161,425256.656,425256.656
002381.SZ,20260205,1.634,0.69,42.8452,1.365,1.0575,2.8409,289750.7564,225559.1951
600983.SH,20260205,2.0288,1.25,20.1861,3.3891,2.1249,2.3654,939654.214,939654.214
688759.SH,20260205,20.4095,2.07,,11.8147,,,2016164.2234,208149.6749
600064.SH,20260205,1.0717,0.68,6.623,0.7821,5.391,3.3708,1540002.2832,1540002.2832
002355.SZ,20260205,15.0466,2.79,,4.0882,5.5798,,500023.788,462388.6542
920950.BJ,20260205,0.7395,0.7,28.5631,4.3202,6.8015,2.0718,132709.2,64653.381
002609.SZ,20260205,2.387,0.62,111.5828,2.783,3.8351,0.6713,669176.3946,477776.1986
000950.SZ,20260205,1.3771,0.75,27.6673,0.9013,0.1248,0.9955,1036910.8176,1036910.8176
688333.SH,20260205,2.3467,0.59,134.3692,5.8214,16.95,0.1051,2871055.8731,2871055.8731
688062.SH,20260205,2.9913,1.02,,18.9326,23.0729,,1440957.6,736237.02
688003.SH,20260205,1.7289,0.85,120.9245,7.9694,8.588,0.6457,1489660.953,1489660.953
605199.SH,20260205,0.8418,0.84,,3.9123,2.5353,,269673.2988,269673.2988
302132.SZ,20260205,1.1114,0.71,94.9861,10.3787,4.233,0.8227,20690003.5244,4537936.1308
002023.SZ,20260205,2.0091,0.47,69.1154,2.0243,5.8858,,884587.1206,884587.1206
603998.SH,20260205,5.143,3.85,18.2256,3.3516,3.1988,4.0783,538313.7474,538313.7474
001206.SZ,20260205,5.0088,1.32,20.9513,2.5285,2.5882,3.3024,462789.2014,266107.5989
000792.SZ,20260205,1.5411,0.72,28.1854,4.1356,10.7499,,16980656.2841,16980557.4629
601865.SH,20260205,1.7677,0.84,112.1989,1.8017,2.3638,,3910267.1089,3172811.1139
603558.SH,20260205,1.4197,0.92,11.1488,1.7225,1.6279,4.6697,412878.849,412878.849
301377.SZ,20260205,3.5856,0.57,209.817,28.3595,37.0495,0.3943,7070450.0,1224808.88
688316.SH,20260205,8.0566,0.6,,91.5371,15.6457,,349368.9529,349368.9529
603126.SH,20260205,4.9246,0.95,,2.4793,1.7443,0.0604,505494.0,505494.0
920090.BJ,20260205,4.3874,0.72,,21.4819,17.1368,,137938.8138,93660.4008
601878.SH,20260205,0.7066,0.8,19.1427,1.3519,4.5746,1.5738,4898536.2004,4898536.2004
300519.SZ,20260205,2.3119,1.05,44.4292,3.1094,10.0145,1.8645,257440.0,183586.9
300468.SZ,20260205,4.1742,1.03,218.2774,10.8394,26.8781,0.2974,1784042.8626,1781167.6465
300123.SZ,20260205,3.8215,0.81,,4.8207,7.979,,709152.8814,694290.6597
920924.BJ,20260205,7.334,1.25,141.8233,8.3228,6.4016,0.2043,263091.018,157998.3519
300188.SZ,20260205,0.9207,0.5,,3.8528,7.1516,,1192095.029,1186585.5598
603118.SH,20260205,3.0978,0.91,,1.7973,1.0209,,905367.8669,905367.8669
300781.SZ,20260205,10.9304,0.4,,11.8012,8.37,,788041.632,581594.8128
002999.SZ,20260205,4.6008,1.01,55.2865,2.1663,0.1926,1.66,259651.224,256755.0116
603021.SH,20260205,6.3622,2.66,,,4.8681,,191968.842,191968.842
000936.SZ,20260205,2.4601,0.62,23.0273,1.367,2.2026,0.4843,731846.6447,731742.9404
605287.SH,20260205,6.4444,0.96,,4.358,2.1658,,676760.0,676760.0
002593.SZ,20260205,5.357,0.99,48.9076,2.0026,1.3766,0.8292,484726.3915,336986.0182
688589.SH,20260205,2.7335,0.75,63.0377,3.714,8.0641,1.0195,355327.8182,355327.8182
000032.SZ,20260205,1.3919,0.49,153.2107,3.2974,0.4642,0.5658,2413346.1116,2259987.0387
600518.SH,20260205,0.9544,0.84,1578.9794,3.656,4.9809,,2627490.3711,2626246.9157
603036.SH,20260205,1.363,0.54,36.8162,3.0903,9.8097,0.9718,423960.3995,423960.3995
920018.BJ,20260205,9.3561,0.83,38.744,4.5317,1.6019,0.3137,405926.65,140985.4744
600178.SH,20260205,0.7003,0.67,1436.2316,2.285,1.0779,0.0401,581229.2966,581229.2966
002474.SZ,20260205,4.6257,0.9,,4.0803,11.4262,,557491.2,475566.2867
300238.SZ,20260205,1.7976,0.75,156.7801,7.2068,10.4961,,412317.1151,412283.4975
002162.SZ,20260205,2.5443,0.83,,5.8898,4.4522,,483762.7076,483127.9076
920693.BJ,20260205,1.7852,0.62,275.0303,7.6726,9.6943,0.1879,270807.5,136372.25
002554.SZ,20260205,10.8747,1.37,,2.2193,2.0168,,525485.7084,525387.3869
688790.SH,20260205,3.982,0.66,,5.1531,8.3625,,1466101.7642,177609.4938
300726.SZ,20260205,3.9195,0.76,59.3927,4.0751,11.3292,1.2065,2048079.5492,1066402.2776
603124.SH,20260205,6.9899,0.75,64.9312,7.4452,1.3553,0.4031,1337940.9268,268291.6965
301382.SZ,20260205,5.3086,0.57,60.2672,5.7428,5.3333,0.2052,1063837.2887,656674.8041
301515.SZ,20260205,3.7163,0.88,,2.1091,4.2387,0.4486,256900.0,168450.743
300279.SZ,20260205,9.4208,1.54,69.1236,4.3275,2.4429,,448504.2323,446527.8332
301529.SZ,20260205,3.4771,0.58,70.4205,7.9068,6.4621,0.3273,1072342.3344,571814.7664
300619.SZ,20260205,3.3852,0.43,,5.4014,5.3174,,852076.3252,712337.4382
300562.SZ,20260205,2.7356,0.77,41.9981,3.1664,3.2633,1.8898,321362.1214,238387.3437
300958.SZ,20260205,4.5596,0.76,,1.7468,3.6361,,217550.3717,126376.6047
603888.SH,20260205,3.4609,0.53,58.1161,4.4472,7.3138,0.4314,1636240.0574,1636240.0574
603258.SH,20260205,1.1675,0.82,,2.1036,10.6065,,456574.6224,451791.0072
300146.SZ,20260205,2.0814,1.29,30.4319,1.8599,3.4956,2.8798,2104446.2266,1394298.4118
920505.BJ,20260205,4.8199,0.5,153.9351,9.1942,19.1231,0.3168,305851.347,171046.9556
601801.SH,20260205,0.7175,0.8,15.9633,1.1315,1.4628,2.8902,1354888.416,1354888.416
920221.BJ,20260205,0.8385,0.64,34.0045,4.6261,5.5849,2.0488,188797.08,100491.5053
300879.SZ,20260205,2.0642,0.84,42.1831,3.6328,1.4509,0.0836,500734.7128,497344.3804
603190.SH,20260205,2.9852,0.58,30.9968,1.5216,1.9098,0.9274,339371.5,110415.583
688711.SH,20260205,3.758,0.92,,6.1499,4.7925,,639704.5646,639704.5646
920833.BJ,20260205,1.3609,0.48,40.3357,2.2164,3.0406,2.1225,135811.64,102891.5548
601991.SH,20260205,0.9168,0.85,10.059,2.0034,0.5605,3.1734,6828976.176,4574156.8801
002129.SZ,20260205,14.4273,2.13,,1.7278,1.5843,,4342306.3402,4339002.7377
300645.SZ,20260205,2.0807,0.69,318.9896,2.7105,2.31,0.0991,280091.8524,274600.5064
600572.SH,20260205,1.7695,1.06,16.7345,1.6292,1.7503,3.2847,1151326.4034,1148265.6022
300386.SZ,20260205,1.5495,0.8,,4.7313,9.5754,,697297.392,418263.7652
600233.SH,20260205,0.6184,1.59,15.6745,1.8596,0.8406,1.9843,6205127.8785,6205127.8785
603319.SH,20260205,4.5755,1.35,84.6144,5.1566,5.9991,0.4983,1272828.7415,1272828.7415
603110.SH,20260205,3.1883,0.69,766.8751,4.9062,8.2519,0.2946,341481.7642,341481.7642
600667.SH,20260205,7.6088,0.63,33.9068,2.2953,0.5988,1.007,1986965.0691,1986965.0691
920278.BJ,20260205,1.7944,0.46,60.9343,4.2741,5.0094,2.1345,163506.5,69382.976
688416.SH,20260205,8.0253,0.68,,7.1992,22.0691,,914805.6985,719811.6304
002218.SZ,20260205,34.3923,1.69,,2.4935,9.9414,0.1392,1011722.7131,996957.1463
603178.SH,20260205,0.9497,1.0,,3.3928,2.3726,0.2295,412065.9086,412065.9086
920493.BJ,20260205,2.8339,0.45,513.2264,21.2348,9.3777,,895521.6562,656859.1271
600731.SH,20260205,1.0828,0.59,15.6197,1.2966,1.8312,2.7211,410675.6758,398136.7588
603600.SH,20260205,0.9092,0.64,14.896,1.7102,0.8086,3.8878,391563.3065,355545.0703
301273.SZ,20260205,2.3838,0.79,,2.3772,6.4108,,219080.5999,168147.6987
002771.SZ,20260205,3.0608,0.7,,5.2583,6.3882,0.066,324085.5345,269625.142
920427.BJ,20260205,10.0716,0.79,125.9044,4.728,16.7557,0.9615,155467.26,76769.2851
600594.SH,20260205,1.6441,1.06,,1.3346,1.682,,320730.597,320730.597
603993.SH,20260205,1.8936,0.71,24.2754,6.1054,2.3278,1.1502,47431185.6602,38710687.1042
301037.SZ,20260205,2.0167,0.48,,3.5233,1.2148,,223562.9511,109340.4383
600060.SH,20260205,2.5914,2.55,12.7525,1.6003,0.5387,3.5116,3270260.4685,3258222.8148
603156.SH,20260205,0.4052,0.55,23.767,4.2623,6.6812,6.1184,3831243.8006,3831243.8006
601598.SH,20260205,0.6678,0.77,11.1647,1.1005,0.4443,4.944,4210991.9702,3027435.0232
920184.BJ,20260205,3.2375,0.94,258.5117,4.1582,10.8592,,258729.3463,174314.9279
600533.SH,20260205,1.8195,0.88,,0.8765,0.5305,,282450.0,282450.0
002736.SZ,20260205,0.3057,0.69,10.3032,1.323,4.7431,2.6175,12853387.5403,12063598.8681
688220.SH,20260205,1.4455,0.6,,5.9855,8.8566,,3300394.0142,2912509.3295
920418.BJ,20260205,1.8653,1.46,29.1043,4.9589,6.243,1.0751,440834.2848,423217.9863
300337.SZ,20260205,5.9417,0.78,1020.9418,7.1774,2.0437,0.0663,1240300.8672,1073501.9436
300871.SZ,20260205,9.9679,1.0,25.5958,2.6151,3.3069,0.7547,551356.2178,551356.2178
920407.BJ,20260205,1.2351,0.43,91.8596,7.1455,7.0893,0.3353,195870.896,79741.4931
300500.SZ,20260205,1.7486,0.64,,1.9767,2.438,1.1886,219556.2847,211508.6192
603125.SH,20260205,2.5338,0.55,47.4662,2.9972,7.2852,0.5845,716560.3838,179149.3995
688300.SH,20260205,1.6398,0.69,50.4389,8.848,13.2527,0.6426,1445193.1022,1445193.1022
603072.SH,20260205,2.2878,0.35,72.4923,5.059,4.7845,0.3661,1082755.16,517164.31
300664.SZ,20260205,1.8625,1.1,19.8079,0.9872,2.5089,1.6764,434847.3909,432541.0659
003006.SZ,20260205,2.6236,1.91,33.1471,6.6293,2.741,2.4251,973581.8921,971146.3387
300066.SZ,20260205,5.4858,0.56,51.7146,2.6924,5.9191,0.4431,704102.5184,681001.3056
002691.SZ,20260205,4.6649,0.84,,3.7047,8.4136,,314500.0,310781.7821
600968.SH,20260205,0.8099,0.4,11.2019,1.4955,0.8107,3.2067,4279508.8678,4279508.8678
001277.SZ,20260205,4.1081,0.97,30.5764,2.0442,3.0282,0.976,316160.0,188792.5354
000831.SZ,20260205,2.7495,0.46,499.9596,11.199,15.1677,,5413287.3365,5413287.3365
603917.SH,20260205,2.1994,0.68,295.7672,1.783,4.5227,1.0211,299440.96,299440.96
002788.SZ,20260205,17.1863,2.39,21.4214,2.0361,0.3155,2.0612,659701.4177,648285.8741
000848.SZ,20260205,2.6145,1.59,14.0364,2.7445,2.8708,3.5564,885360.0642,877673.0562
600168.SH,20260205,0.5533,0.61,52.962,0.9718,1.3175,0.5143,521533.7237,521533.7237
601568.SH,20260205,0.6169,0.49,79.5254,1.4214,1.7447,2.439,1628611.1118,1628611.1118
601086.SH,20260205,3.094,2.13,82.4412,4.3225,9.401,0.7685,687312.0,687312.0
002189.SZ,20260205,1.2605,0.93,,11.2254,4.5645,,590832.7555,590743.7413
688613.SH,20260205,1.4648,0.69,,2.1186,14.2213,,304022.0479,304022.0479
300933.SZ,20260205,3.3446,0.84,223.6146,2.2306,1.5808,0.2947,478157.0568,478157.0568
600510.SH,20260205,0.6905,0.51,91.7861,0.9267,1.7727,0.4385,964943.8023,964943.8023
002157.SZ,20260205,1.6543,0.63,,2.5213,2.1622,,2960052.0285,2314961.3462
301319.SZ,20260205,1.6818,0.66,65.4623,4.7915,3.964,1.2107,561824.6763,422166.8175
301283.SZ,20260205,2.3858,0.62,25.8838,2.4191,1.888,1.4066,395977.3555,225751.6276
300957.SZ,20260205,6.1027,3.21,55.7957,3.3053,3.8777,1.2579,2009558.4,2009558.4
600623.SH,20260205,0.7461,0.44,28.1909,0.8938,0.4283,1.9381,1980601.5842,1746428.5636
600808.SH,20260205,1.209,0.6,,1.2868,0.3975,,3095673.8368,2399035.9768
605288.SH,20260205,2.5831,0.98,215.2246,4.2986,6.9716,0.2759,954085.662,947685.312
301449.SZ,20260205,5.3972,0.67,42.052,4.4609,5.8347,,507717.3967,108314.7369
688391.SH,20260205,0.8909,0.53,56.09,2.0109,6.7874,1.8483,373764.1622,373764.1622
002051.SZ,20260205,0.9335,0.7,35.3061,0.9321,0.9512,1.4253,1085207.6377,1085145.1778
301369.SZ,20260205,2.3352,1.06,426.6804,5.6,26.1768,0.3431,835259.8353,430360.8153
688363.SH,20260205,2.8576,1.88,379.9829,3.4783,5.2702,0.2143,2455595.6777,2455595.6777
600877.SH,20260205,3.4867,0.53,1214.8324,9.6505,24.7761,,2384695.8169,2384695.8169
300841.SZ,20260205,1.3148,0.68,48.5889,2.5199,7.2934,1.4706,883638.9132,808719.07
002801.SZ,20260205,1.5458,0.61,28.4081,4.3146,5.3039,1.4343,793378.56,400098.3285
920806.BJ,20260205,0.6592,0.58,42.2899,2.7132,2.0574,0.7424,405092.2904,405092.2904
300839.SZ,20260205,4.5243,1.83,,4.8051,1.2926,,361920.3065,355448.4729
002731.SZ,20260205,8.7114,0.58,10.1399,1.4845,0.6176,0.8303,277673.104,248947.5376
300883.SZ,20260205,2.5607,0.96,,1.6477,2.6373,,234242.0,223866.6873
002102.SZ,20260205,1.1988,0.64,,2.51,0.8218,,831810.6014,730092.7986
603131.SH,20260205,2.8964,0.65,,5.203,8.4365,0.0459,832160.8334,832160.8334
920570.BJ,20260205,2.4218,0.97,,5.1138,14.3519,0.2599,175494.0339,85145.9514
000975.SZ,20260205,2.2772,0.78,29.1119,5.8637,5.1229,1.1983,8457896.0192,7698559.2153
002037.SZ,20260205,1.0715,0.49,,2.3198,0.6353,,435495.2094,435495.2094
600289.SH,20260205,0.4464,0.73,,3.8053,13.2779,,425329.0945,381431.889
300395.SZ,20260205,4.6687,1.04,113.3387,10.2933,25.8828,0.1445,4684218.7591,4588805.2456
601607.SH,20260205,0.3636,0.73,11.3706,0.8521,0.2287,2.3686,6419174.2914,4828118.1912
002458.SZ,20260205,1.4381,0.7,45.2789,2.5315,3.5261,2.5504,1064369.2242,720411.699
600882.SH,20260205,1.57,1.42,57.7849,2.5569,2.2698,,1181794.3001,1181794.3001
001283.SZ,20260205,1.9558,0.73,35.4797,1.9406,1.1724,0.533,670118.2642,534674.9175
000718.SZ,20260205,2.0788,0.92,,0.7936,4.7536,2.8926,734382.0049,552266.5355
002141.SZ,20260205,2.3982,0.86,,4.8182,3.0225,,400779.0896,395360.6995
920174.BJ,20260205,4.2394,2.27,132.9617,3.2791,13.1258,,1022489.6562,410121.5779
600500.SH,20260205,1.236,0.68,,1.3783,0.3183,,1564596.2865,1564501.5481
300542.SZ,20260205,1.0395,0.65,,10.0931,4.1085,,546364.6152,453224.3953
000423.SZ,20260205,2.0832,0.85,21.2123,3.5798,5.6012,4.5913,3561191.8367,3555890.0101
300015.SZ,20260205,2.1431,1.7,33.344,4.9486,4.8425,2.0784,10733531.5672,9156616.9694
300699.SZ,20260205,2.186,0.68,55.3889,5.8606,11.6536,1.2383,3331227.464,3291522.2973
600460.SH,20260205,5.3655,1.13,95.8901,4.3367,4.0551,0.1285,5178591.5816,5178591.5816
300207.SZ,20260205,2.3544,0.93,25.9532,1.7357,0.7037,0.8928,4311977.349,4000096.0365
601995.SH,20260205,0.6599,0.69,17.8041,1.7229,5.8443,0.519,16740926.8182,10138845.1819
603019.SH,20260205,1.1452,0.48,59.2814,5.9609,8.9721,0.3979,12495008.7954,12491516.6186
601288.SH,20260205,0.1047,0.76,8.1259,0.8695,3.2513,3.6567,234488632.6949,213893621.2206
600612.SH,20260205,0.8515,0.35,14.5007,1.817,0.4475,4.5892,2336767.0518,1416528.7172
002248.SZ,20260205,3.2039,0.65,164.6951,38.8068,11.3374,,369609.7112,369609.7112
300376.SZ,20260205,0.6898,0.45,200.5012,2.3197,4.8612,0.3115,1552936.3975,1552399.079
600686.SH,20260205,3.2076,0.77,38.095,3.8549,0.5029,0.63,1251964.7901,1251964.7901
000623.SZ,20260205,1.2148,0.55,8.821,0.7467,9.6739,2.588,2265025.863,2255798.3063
300045.SZ,20260205,4.3508,0.58,,11.1582,26.9701,,1791873.8381,1396110.8279
000518.SZ,20260205,0.9033,0.47,,7.6568,8.0402,,274891.5113,274886.03
600167.SH,20260205,0.3576,0.73,22.6614,1.4507,4.6704,2.829,1572674.1218,1572674.1218
603299.SH,20260205,1.1302,0.58,16.4253,1.3969,1.8473,4.0273,859824.0222,855642.502
002108.SZ,20260205,2.9839,0.77,51.0068,1.5862,2.7805,2.0906,796272.9335,795741.6335
300079.SZ,20260205,2.909,0.58,319.8568,2.0252,11.2283,0.1671,854190.8091,767606.3139
600025.SH,20260205,0.0993,0.64,19.7979,2.4814,6.5304,2.1118,17047451.2452,16470000.0
688132.SH,20260205,1.7564,0.8,,2.0784,11.313,,286640.0591,204297.437
688259.SH,20260205,1.3953,0.5,57.5773,3.0514,10.4211,0.5735,473943.1,473943.1
301316.SZ,20260205,1.1708,0.64,170.9977,15.7632,8.0461,0.1862,1735584.0,1718442.96
601116.SH,20260205,14.0663,1.46,81.3692,3.4405,2.8418,0.9901,1106310.368,1106310.368
605016.SH,20260205,3.3885,1.49,30.2565,5.653,8.0253,0.7882,1106732.4632,1106732.4632
600148.SH,20260205,1.3129,0.86,306.6421,6.1062,3.9619,,289967.2061,289967.2061
002352.SZ,20260205,1.1398,1.84,18.1969,2.012,0.6527,2.2945,19764646.0641,18715857.2394
688312.SH,20260205,8.1114,1.04,53.6415,4.4968,11.2875,1.0821,664716.745,664716.745
300577.SZ,20260205,1.2014,0.69,14.9606,2.3591,1.0251,1.6359,505814.6449,299825.5442
000912.SZ,20260205,0.8966,0.45,,1.1407,1.6437,,719712.0,719712.0
600094.SH,20260205,0.8876,0.58,,1.1063,4.9383,,1134575.622,1037600.2156
002778.SZ,20260205,1.358,0.7,,8.5635,12.0555,,270465.1544,267593.5083
300894.SZ,20260205,0.9134,0.63,,4.3905,5.0516,,474943.7691,343769.3439
000011.SZ,20260205,1.3824,0.78,,1.6033,1.7373,,544128.911,480672.1708
600941.SH,20260205,1.2085,0.54,14.4538,1.5109,1.9777,5.0274,206465090.4663,8608794.3797
002918.SZ,20260205,1.6532,0.54,102.6618,2.0348,1.6522,1.2262,666763.2041,347548.0448
002592.SZ,20260205,2.2527,0.59,25.8416,3.1371,4.2654,1.9531,290131.1048,269021.5629
002396.SZ,20260205,2.7735,0.89,32.7876,2.3091,0.8373,0.9186,1594262.0568,1587688.9167
300304.SZ,20260205,1.8895,0.71,26.6505,3.3775,5.024,0.6791,1132805.3962,1102325.0389
002389.SZ,20260205,1.8702,0.73,262.6874,2.8957,8.2643,0.2554,2313567.7333,2313196.6031
688625.SH,20260205,4.017,1.52,48.8054,9.3361,14.0397,0.5543,1367210.1043,1367210.1043
000650.SZ,20260205,1.1573,0.68,18.7028,1.3114,2.2167,2.521,832963.2492,792174.5712
605058.SH,20260205,0.8448,0.7,29.1014,2.4695,3.1756,1.9914,430629.8614,430629.8614
300809.SZ,20260205,2.4937,0.95,201.1801,5.7896,18.73,0.3202,950264.9216,564334.501
002279.SZ,20260205,10.3838,0.7,196.4132,6.1079,2.944,,855309.216,783409.5302
002957.SZ,20260205,8.9293,1.51,49.6163,3.4303,4.4817,0.6462,1098674.1311,1095263.903
301067.SZ,20260205,3.4166,0.62,2517.1911,4.0426,4.1906,0.1437,335269.728,220082.0472
000917.SZ,20260205,2.5565,0.53,90.5399,1.4506,3.4777,0.1874,1512532.6126,1512429.1403
600604.SH,20260205,0.5683,0.74,,1.6451,3.8656,0.1832,1022824.423,768470.323
688267.SH,20260205,1.2515,0.42,24.5298,1.7988,6.1751,2.2385,502698.6,502698.6
301150.SZ,20260205,2.815,0.94,396.4592,2.5582,1.6643,,910776.6886,869195.534
600685.SH,20260205,2.9088,1.31,54.2741,2.569,2.181,0.4622,4586828.1966,2665557.1623
600099.SH,20260205,2.9028,1.19,120.0178,4.646,2.2812,0.2643,248701.2,248701.2
920819.BJ,20260205,0.4965,0.36,,0.9542,0.8629,,482965.2,475757.955
688466.SH,20260205,0.9358,0.64,35.4586,1.9204,3.5405,2.2879,218900.2404,218900.2404
603815.SH,20260205,2.5462,0.9,25.7497,1.7769,0.9884,0.9267,429533.4191,429533.4191
300443.SZ,20260205,3.1751,0.78,25.697,1.3481,3.0466,0.6431,844835.2041,640680.7048
603938.SH,20260205,1.7578,0.55,122.6754,3.8209,4.8091,0.0683,949291.3771,949291.3771
688208.SH,20260205,0.9692,0.63,27.5941,6.8157,4.9707,2.6349,2298729.2026,2298729.2026
300422.SZ,20260205,1.2301,0.76,,2.4331,1.4086,,269609.5964,258283.2045
300127.SZ,20260205,4.5777,0.48,60.6614,7.308,13.1702,1.0442,1083186.5987,773695.7013
002653.SZ,20260205,0.5195,0.57,171.6833,12.5475,12.4207,0.2851,5303931.5059,2288615.9163
600169.SH,20260205,0.7994,1.22,39.168,1.6164,0.8328,,823387.3798,819952.809
002692.SZ,20260205,1.6748,0.82,57.6861,3.2399,0.8793,0.365,393544.008,393304.5183
000688.SZ,20260205,1.6675,0.67,108.1687,7.5642,13.6991,,3091841.645,3091830.3741
688066.SH,20260205,8.0788,0.78,,15.027,9.9515,,629940.7059,629940.7059
688628.SH,20260205,0.659,0.54,24.3263,3.2689,3.3851,3.5603,406051.6472,406051.6472
603696.SH,20260205,9.3351,1.92,124.8439,8.6574,8.1015,0.4213,502387.2,502387.2
300429.SZ,20260205,4.9845,1.02,,4.5705,8.3236,,787294.8988,585194.6782
301556.SZ,20260205,19.0452,1.0,65.3482,9.3309,16.5773,0.776,902859.36,312104.76
000425.SZ,20260205,1.0873,0.75,20.6075,2.2871,1.3544,1.502,13692212.9415,10496358.6685
600325.SH,20260205,5.615,1.62,,0.6597,0.1562,2.715,1252229.2128,1252229.2128
605376.SH,20260205,5.1903,0.86,167.8523,15.6907,25.2471,0.1518,2584608.0,2584608.0
300935.SZ,20260205,4.4124,0.92,,3.7065,22.3395,,293893.516,223012.5235
920932.BJ,20260205,1.5777,0.67,165.2881,2.9796,5.3855,0.1104,207856.2406,171282.3371
301107.SZ,20260205,1.9327,0.68,39.0314,3.3058,4.394,1.6161,314218.7922,182781.1622
300877.SZ,20260205,6.9174,2.38,41.0159,2.2663,3.6606,0.3078,378000.0,377996.6925
600822.SH,20260205,1.0179,0.78,223.2455,4.4602,2.5116,,546562.1512,436554.9946
000637.SZ,20260205,3.7772,0.55,,4.3851,0.7589,,243301.6666,170625.8057
688513.SH,20260205,2.0276,0.78,50.9763,4.2932,9.2586,0.6079,1230429.8243,1230429.8243
688556.SH,20260205,9.1758,0.92,,3.0231,3.3964,0.8343,1179698.9863,1179698.9863
603277.SH,20260205,0.2418,1.0,19.0362,3.8254,3.5935,4.2438,1006466.8602,999983.481
001965.SZ,20260205,0.2237,0.73,12.8045,0.9959,5.37,4.2813,6625217.6172,6625217.6172
600120.SH,20260205,1.2042,0.7,16.4819,1.3356,3.6806,1.8336,2172182.6289,2172182.6289
688175.SH,20260205,1.5102,0.62,,2.6246,16.3527,0.2831,456747.644,456747.644
603098.SH,20260205,1.1679,0.76,88.6687,3.0083,2.5796,0.3175,850027.4654,848609.9654
600603.SH,20260205,0.7598,0.92,19.4921,1.0812,2.4523,,789983.898,789983.898
000925.SZ,20260205,2.2118,0.54,85.1696,1.6852,2.3488,,556652.3931,554080.0655
688326.SH,20260205,2.9562,0.9,,4.213,2.5714,,1660832.9088,1545409.8574
605222.SH,20260205,1.4254,0.94,56.4645,1.8007,0.3724,0.1967,839844.9013,839844.9013
688536.SH,20260205,3.6153,0.96,945.274,4.227,13.6761,,2601314.2669,2558882.3399
000505.SZ,20260205,2.6971,0.47,,1.6814,0.6348,0.2528,517588.5787,450254.7992
688203.SH,20260205,1.8713,0.61,378.4561,1.7875,3.2611,0.459,263278.8103,161229.2911
300722.SZ,20260205,1.1226,0.74,144.7218,14.0438,22.9761,0.5587,891709.3786,891709.3786
688981.SH,20260205,2.2327,0.81,185.9362,5.9165,13.671,,89445426.772,22355109.2978
300584.SZ,20260205,2.5575,0.53,118.554,5.0883,8.6267,0.226,530880.0,363257.9403
003040.SZ,20260205,1.0095,0.73,1412.8735,5.9224,7.9909,0.1668,829583.6136,821873.6141
688032.SH,20260205,1.6343,0.99,340.7017,2.3068,6.5608,2.9278,1345453.522,1345453.522
605128.SH,20260205,0.6095,0.45,52.9449,3.9458,3.4423,0.6655,821329.5663,821329.5663
000983.SZ,20260205,2.2241,0.92,23.6992,1.1013,1.0209,3.6158,4019387.5498,4019362.8937
688338.SH,20260205,5.1537,2.27,40.0851,2.0702,13.2483,0.9822,349314.6384,349314.6384
002638.SZ,20260205,2.9033,1.16,,2.0846,10.7599,,429541.7104,404451.9954
301195.SZ,20260205,2.019,1.38,28.7274,1.9724,4.634,1.8046,475715.5637,315939.8019
002081.SZ,20260205,1.4475,0.82,21.8872,0.7291,0.5894,2.6525,1001057.0308,997016.0432
300423.SZ,20260205,21.9237,3.08,,3.4872,4.5351,,470148.1691,315025.6564
603102.SH,20260205,0.983,1.1,23.9356,1.7888,3.4642,1.6042,291136.0,291136.0
300359.SZ,20260205,1.5863,0.77,,6.5184,9.8399,,357833.3834,357815.4588
600996.SH,20260205,1.4355,0.74,,4.7395,8.8345,,1108405.0702,1108405.0702
600132.SH,20260205,2.0084,1.51,21.8887,19.5661,1.8301,3.9519,2694267.6593,2694267.6593
002096.SZ,20260205,0.5108,0.66,20.3986,2.1689,1.7705,1.6788,1699403.8549,1699400.9656
600845.SH,20260205,0.5993,0.55,44.8754,5.8484,5.8778,2.6948,6430544.5165,4780281.3027
000153.SZ,20260205,1.4957,0.92,27.1096,1.4684,0.7438,1.5063,308551.1866,304688.682
002086.SZ,20260205,1.8806,0.72,,3.3535,13.1478,,444680.8555,358951.9304
300020.SZ,20260205,1.9795,0.95,,1.2676,25.3347,,339327.4949,327355.1024
605567.SH,20260205,3.2259,0.85,60.679,2.2038,0.9177,0.8313,240600.0,240600.0
000506.SZ,20260205,11.4982,1.18,408.3656,28.5816,35.3105,,1830164.9892,1829552.7132
603527.SH,20260205,1.8516,0.44,24.6392,1.6207,0.3214,1.5166,334404.616,334404.616
688655.SH,20260205,1.6008,0.68,,4.0421,4.4126,,271448.65,271448.65
600988.SH,20260205,6.2803,0.83,25.7593,5.5901,6.1144,0.4344,6999214.3686,6128185.6052
002548.SZ,20260205,2.5164,0.41,,3.7831,1.1553,,539141.0514,523710.9413
301131.SZ,20260205,2.7449,0.76,48.0138,2.5419,1.4285,1.2184,239244.0345,158646.9137
000605.SZ,20260205,1.2165,0.71,147.0054,1.1868,1.4928,0.2789,252856.2162,252856.2162
000913.SZ,20260205,1.2439,0.59,15.642,1.7612,1.499,5.7144,829384.7625,729607.725
601233.SH,20260205,1.0624,0.52,28.7394,1.3245,0.5409,0.4756,5011674.7339,5002635.2182
920357.BJ,20260205,1.5959,0.92,28.8655,4.6469,3.1247,2.1422,186906.72,103897.0764
000967.SZ,20260205,0.6333,0.65,59.4834,1.3277,1.6941,2.6397,2267531.8345,2266452.3213
600062.SH,20260205,0.6302,0.74,12.3124,1.7349,1.7773,2.5148,1945592.8144,1934767.5898
601111.SH,20260205,0.9604,0.9,585.085,3.4181,0.9409,,15843166.268,10567403.4024
601216.SH,20260205,0.9982,0.49,14.0791,1.6422,1.8556,2.6738,4733727.7558,4733727.7558
002175.SZ,20260205,7.7678,1.77,,5.3348,14.2187,,431551.8857,431551.8857
688576.SH,20260205,9.1787,2.68,51.3739,2.2773,10.8742,1.1549,391300.516,187413.2554
301040.SZ,20260205,16.0797,3.07,,4.7927,5.0598,,350203.6106,330001.8858
605186.SH,20260205,2.4524,0.95,331.4149,2.7374,7.5117,,295664.0,295664.0
688603.SH,20260205,7.8935,1.48,117.3499,7.8037,20.6029,0.2744,909740.6781,345893.2015
688321.SH,20260205,1.6421,0.64,1742.2613,8.2803,14.9084,,1268689.316,1268689.316
605368.SH,20260205,0.6015,0.67,18.8247,1.8372,1.4005,10.2781,591003.9017,591003.9017
688359.SH,20260205,2.695,0.68,,12.0093,13.9258,,742294.2797,742294.2797
603058.SH,20260205,2.1487,0.72,36.2237,3.9448,4.8646,1.0206,473130.2171,471931.4369
002922.SZ,20260205,7.4758,1.37,65.3949,4.549,3.2696,0.9335,1701288.6185,1502698.9341
603786.SH,20260205,0.6592,0.58,35.4524,5.285,4.3014,0.9119,2878690.5576,2878690.5576
301585.SZ,20260205,2.9802,0.63,51.132,3.4911,7.3791,0.9497,336960.0,220672.9332
920271.BJ,20260205,0.6373,0.68,20.5944,3.4653,5.5109,1.1148,213372.313,94419.293
002452.SZ,20260205,11.653,1.75,22.3871,2.3756,3.3482,1.1134,612888.1,509713.9325
688088.SH,20260205,1.35,0.67,83.9253,7.253,22.2227,0.9753,1931234.3056,1931234.3056
002853.SZ,20260205,9.0868,1.67,,6.4384,9.4257,,599964.3094,422151.7932
920086.BJ,20260205,10.4471,0.89,35.7134,3.5856,11.2619,,298402.88,95370.887
002044.SZ,20260205,3.9346,0.7,89.4246,3.4995,2.6389,0.1909,2767377.5236,2739078.9323
000151.SZ,20260205,1.8313,0.87,,13.7843,4.0331,,458824.1901,418791.1852
003003.SZ,20260205,3.8629,0.69,39.1228,1.9093,2.3874,1.4142,246701.12,164443.6697
300424.SZ,20260205,4.6396,0.85,,6.0978,2.663,,463624.9167,463350.4714
002533.SZ,20260205,4.3853,0.91,16.6544,2.3423,0.5123,1.8022,1009168.9603,876762.4704
000761.SZ,20260205,1.0756,1.43,,1.7852,0.3354,,1552913.3036,1401713.3036
300712.SZ,20260205,2.3724,0.93,138.3663,4.2742,2.9567,0.1671,550635.1588,548268.6694
688692.SH,20260205,2.3276,1.2,58.5204,8.8212,24.3085,0.35,3026905.2,1954942.6545
000935.SZ,20260205,0.6878,0.69,59.0106,2.7221,16.9548,,2114729.7224,2114729.7224
002150.SZ,20260205,5.0756,0.73,34.2493,4.2156,2.3976,0.4303,844072.1302,838636.7035
301191.SZ,20260205,5.1219,1.05,121.4152,4.3697,4.3866,0.9483,726426.792,546830.2603
688439.SH,20260205,1.191,0.69,72.8001,2.4129,12.3821,0.2711,1202600.0,1202600.0
000915.SZ,20260205,1.4094,0.91,13.462,2.7488,3.1855,7.7954,751501.0724,751014.4101
600243.SH,20260205,1.1897,2.58,,2.3967,6.1311,,151842.1,151842.1
300759.SZ,20260205,1.3909,1.03,36.7951,3.4896,4.1089,0.66,5565132.1092,4301276.7887
601059.SH,20260205,0.6856,0.98,31.4892,2.8558,14.576,0.4157,5772540.0,5772540.0
600054.SH,20260205,7.5462,1.4,37.0087,2.2161,5.1082,1.6817,1049577.0142,738638.7
603579.SH,20260205,1.3432,0.66,31.0005,1.8079,3.1429,1.2336,496800.3914,496800.3914
002528.SZ,20260205,1.6319,0.48,,30.6835,5.2493,,310456.8462,272006.8704
002271.SZ,20260205,4.47,1.16,,2.0952,1.6189,10.1258,4364154.6552,3498671.4252
301152.SZ,20260205,3.8339,0.72,,2.558,1.8053,,344464.7603,205969.2072
688520.SH,20260205,0.3905,0.61,,,9.3733,,1769318.7917,1769318.7917
002823.SZ,20260205,1.9218,0.54,21.9625,2.5206,1.7692,2.1474,512255.5604,341512.5433
301070.SZ,20260205,1.8832,0.8,1968.2913,6.882,18.5824,,541379.04,356128.8
000545.SZ,20260205,3.4123,0.8,,3.1159,1.6257,,284207.9316,283796.0916
920062.BJ,20260205,7.3267,0.71,58.5415,2.8727,1.4027,0.2595,215691.2746,152454.4887
600643.SH,20260205,0.7499,0.68,,0.6473,5.9639,,774280.9981,772910.934
600875.SH,20260205,5.1852,2.15,28.2915,2.0765,1.21,1.5094,9233822.0704,6043188.8087
002299.SZ,20260205,1.4569,0.84,14.2747,1.9494,1.0968,2.8851,2141881.4953,2100229.6313
603613.SH,20260205,0.8823,0.54,13.3623,2.161,0.368,0.2473,1918071.6582,1918071.6582
600688.SH,20260205,0.6611,0.45,,1.3424,0.4071,0.6472,3257668.8075,2264603.3715
688153.SH,20260205,1.0071,0.74,956.3699,4.0674,7.4878,,1625292.2312,1543355.5418
002806.SZ,20260205,8.8608,0.79,41.6485,2.5421,2.5097,,292796.3224,239917.8406
000020.SZ,20260205,3.0087,0.55,98.4156,10.1356,4.821,,430688.2263,275552.5597
300927.SZ,20260205,9.7559,0.68,17.4374,4.9252,3.7169,0.274,474222.6,462820.1351
600257.SH,20260205,2.8116,0.51,,4.2929,3.7011,,342159.6407,342159.6407
002061.SZ,20260205,0.9493,0.63,9.2932,0.6986,0.227,3.0297,1101811.4064,1070844.8148
603816.SH,20260205,0.8734,0.75,17.8654,2.7617,1.4485,3.9763,2852079.674,2819841.154
002878.SZ,20260205,7.6219,1.05,,4.1315,1.6955,,531581.2141,478707.7283
605136.SH,20260205,6.7646,1.54,,1.9947,2.9092,,488158.9115,488158.9115
300291.SZ,20260205,3.8075,0.69,,2.6128,32.1411,,797780.5344,788352.5715
002232.SZ,20260205,0.9794,0.54,815.5391,5.7036,9.0481,0.0529,771748.0315,771748.0315
688279.SH,20260205,0.7762,0.6,105.9875,4.3311,30.0714,0.4055,2181181.5878,1772738.4998
000546.SZ,20260205,3.452,0.61,,1.0864,0.4906,,440926.5646,395031.8518
002169.SZ,20260205,5.7138,0.54,,3.8536,3.1731,0.6159,1016732.6181,985517.4831
002977.SZ,20260205,4.7,0.89,,3.5435,46.1868,0.5829,370930.56,205723.085
688065.SH,20260205,0.6839,0.52,66.0066,2.2297,11.9342,0.7329,3923816.4794,3173576.5322
002563.SZ,20260205,1.7515,0.98,16.6482,1.3845,1.0154,8.8028,1530243.2109,1254395.2491
300044.SZ,20260205,7.123,0.75,,68.8277,72.7779,,494987.2597,463565.0755
603219.SH,20260205,4.3502,2.28,66.9394,6.3815,3.2771,1.0906,1027362.0,1027362.0
002264.SZ,20260205,23.29,1.27,36.546,4.5382,2.7051,0.782,905522.6154,823716.775
688687.SH,20260205,1.3777,0.54,27.314,2.0804,3.2592,1.3442,373684.5065,373684.5065
300615.SZ,20260205,3.1829,0.81,195.626,5.0713,6.0169,0.3581,270134.4216,175102.8902
688459.SH,20260205,0.954,0.85,36.3649,1.4084,4.1085,1.3026,479040.0,175233.7981
603688.SH,20260205,2.651,0.83,140.935,3.7868,22.7235,0.4662,2195963.7836,2195963.7836
688582.SH,20260205,1.8949,0.78,79.9877,10.5285,48.3521,0.5896,2582378.652,1608408.092
300489.SZ,20260205,1.5671,0.79,203.0307,9.1559,2.9857,,580015.6539,577871.6413
600000.SH,20260205,0.2919,0.89,6.8121,0.4623,1.9586,3.6422,34071872.5809,34071872.5809
301156.SZ,20260205,2.3561,0.72,46.14,3.8152,5.033,2.1762,271714.4228,172204.2635
601901.SH,20260205,0.6883,0.49,15.8887,1.2869,5.6485,1.5423,6421039.0881,6421039.0881
002026.SZ,20260205,2.3313,0.58,20.2014,1.7768,3.2634,0.8581,667405.8876,667348.2797
688249.SH,20260205,2.1272,0.69,85.8139,3.2229,6.5071,0.2817,6900092.6626,4083906.0771
002412.SZ,20260205,1.9722,1.36,20.1846,1.5358,3.3027,,347208.0,343513.05
601777.SH,20260205,0.5862,0.91,879.6568,4.4891,5.1195,,4692901.8737,4692901.8737
920699.BJ,20260205,3.1753,1.56,29.3415,7.0612,5.6859,1.2718,233190.9083,106693.6583
301360.SZ,20260205,6.0617,0.81,137.4791,3.7695,12.4046,0.4284,435734.46,207982.74
000333.SZ,20260205,0.6267,0.96,13.6715,2.8104,1.355,4.9892,61141128.4288,55097479.8689
605228.SH,20260205,2.2947,1.11,88.2259,3.531,3.313,0.2002,571074.2749,567305.4619
300511.SZ,20260205,3.4192,0.65,,2.6206,2.1381,,394761.7619,344993.2745
301148.SZ,20260205,3.5813,1.0,105.745,3.398,11.4523,0.7497,602755.8919,304609.3159
000610.SZ,20260205,11.7699,1.64,,15.4004,4.5714,,240772.6153,239507.867
300497.SZ,20260205,2.9758,0.69,,3.8057,8.4268,,817669.0818,669199.1989
002570.SZ,20260205,2.8824,1.38,48.4832,3.8741,2.4506,,666386.7365,666357.1205
600793.SH,20260205,1.511,0.71,222.1505,15.224,1.2571,,362299.3961,362299.3961
920580.BJ,20260205,3.1889,0.92,99.4076,3.8715,10.0124,0.4636,129860.0,76157.6594
002229.SZ,20260205,3.1837,0.52,,6.085,7.5445,,773562.5298,768843.1453
000619.SZ,20260205,2.4821,0.86,,1.1417,0.6011,,291171.4285,237600.0
002790.SZ,20260205,2.2213,1.04,31.012,1.7104,1.7925,2.3175,360623.7949,224981.9425
300097.SZ,20260205,2.1132,0.78,,6.0077,14.3983,,228242.7882,213577.8689
601918.SH,20260205,3.432,0.95,9.0979,1.1125,1.5216,2.2069,1878142.805,1878142.805
002985.SZ,20260205,20.5422,1.23,257.8794,5.9573,22.1062,0.049,1558716.3592,825125.7147
002538.SZ,20260205,1.6982,0.52,26.198,1.0847,1.3099,1.7595,582125.0304,582121.4758
603053.SH,20260205,0.2905,0.61,18.4844,1.8591,1.7103,2.9732,896890.01,896890.01
603679.SH,20260205,3.026,0.73,,3.3426,5.8015,,262734.98,262734.98
600619.SH,20260205,1.4448,0.6,294.8554,3.2005,0.9769,0.0712,1959926.8854,1441033.1811
300679.SZ,20260205,1.9979,0.87,33.0433,3.5238,3.3027,1.1272,1772773.86,1498713.1658
603757.SH,20260205,1.648,0.75,36.6847,3.6759,3.5959,1.7061,739846.4292,739846.4292
603516.SH,20260205,2.1818,0.37,6869.4855,24.9244,95.844,0.1457,3469789.5225,3469789.5225
600771.SH,20260205,1.7211,0.84,107.1413,5.353,6.3556,,882552.5272,882552.5272
000962.SZ,20260205,6.8734,0.97,79.6454,7.7525,13.3448,0.3034,2113866.6901,2100468.7381
002920.SZ,20260205,1.1239,0.85,30.6053,4.9865,2.3569,0.912,7301772.7844,6786751.896
605500.SH,20260205,0.803,1.16,42.707,1.4748,1.421,1.6502,376689.6,376689.6
688039.SH,20260205,1.8681,0.57,,5.211,16.6711,,578887.8532,578887.8532
300852.SZ,20260205,3.8303,0.57,48.9749,3.2975,4.1043,0.272,727000.3563,701797.1325
002652.SZ,20260205,4.6332,0.83,,8.5562,7.124,,214554.816,214554.816
920662.BJ,20260205,8.0488,1.73,99.6875,5.3454,6.2686,0.6143,245140.0056,70645.9236
600575.SH,20260205,1.2202,0.89,32.1122,1.1082,0.8891,,2465376.5065,1336873.8064
000509.SZ,20260205,1.2377,0.9,,29.6194,4.0657,,368082.9218,368081.8091
603081.SH,20260205,1.4151,0.71,57.9271,1.8858,2.5432,0.911,602906.2856,602906.2856
601698.SH,20260205,2.0775,0.7,609.4608,9.9615,59.9856,0.0863,15807650.2117,15807650.2117
002847.SZ,20260205,2.1722,1.6,26.1234,9.6948,3.3444,1.9451,1963236.9791,1777381.7567
920504.BJ,20260205,1.7951,0.71,67.6849,5.4742,8.9372,0.1979,109502.7437,43191.2439
301536.SZ,20260205,4.4367,0.73,106.9543,8.9762,10.3599,0.3003,2804406.2928,1244835.1923
300977.SZ,20260205,5.7157,1.08,,2.5193,7.6033,,349208.1117,217475.9784
300185.SZ,20260205,2.9348,0.9,165.2425,1.7616,1.7628,0.3649,1165247.4481,1108386.492
002746.SZ,20260205,2.1872,0.75,19.0497,1.2014,0.9734,3.9308,547302.6304,451354.0804
301003.SZ,20260205,2.2753,1.15,37.1207,4.071,7.7112,3.8676,452058.4852,349703.2075
600066.SH,20260205,0.7219,0.87,13.9953,5.192,1.7629,4.768,6965052.7956,6965052.7956
301068.SZ,20260205,0.921,0.94,185.7428,4.7636,2.9752,0.8602,376606.4524,268572.9036
300870.SZ,20260205,5.2289,0.91,73.8506,9.4239,5.4401,0.4439,2459437.8983,2459437.8983
920082.BJ,20260205,2.2865,0.37,34.5193,4.8202,3.362,1.8307,254080.54,68333.5414
600782.SH,20260205,2.8965,0.76,12.7801,0.4694,0.3281,0.2563,1241768.6381,1226804.3381
301018.SZ,20260205,7.4889,0.98,145.8936,6.7514,5.0506,0.2376,1791331.9134,1339863.0545
300259.SZ,20260205,3.9297,1.19,23.436,1.8643,5.4398,2.0587,552146.3156,552019.685
603676.SH,20260205,0.5699,0.96,22.1029,3.3554,4.2015,2.8801,490862.172,490862.172
605303.SH,20260205,2.0456,1.12,,3.1283,5.1439,,287486.2985,287486.2985
301413.SZ,20260205,7.1902,0.57,174.2408,13.0049,14.2649,0.1815,1626880.018,971311.9975
688539.SH,20260205,4.2325,0.72,136.9541,4.9108,23.0247,0.4301,854860.16,481502.56
688479.SH,20260205,2.1665,0.52,77.5255,1.7436,6.5741,2.2089,322693.7064,139341.7064
000552.SZ,20260205,2.3626,0.9,,0.812,1.6754,2.7419,1327249.0377,924000.2357
688719.SH,20260205,2.1118,0.98,,3.1513,5.5518,0.3505,534349.8708,415503.962
002709.SZ,20260205,2.226,0.8,141.342,4.8728,5.5203,0.3646,8003363.3948,5920002.6714
920857.BJ,20260205,1.6358,1.39,,5.2926,4.7164,0.3761,196785.0172,196785.0172
000068.SZ,20260205,1.072,0.92,,5.8118,3.5708,,353341.6839,353341.6839
301135.SZ,20260205,1.4726,0.52,76.3947,2.4387,2.1845,0.9681,304836.48,228617.6425
603026.SH,20260205,1.5944,0.75,,3.0979,2.4873,,1497663.7261,1304448.48
002079.SZ,20260205,4.1499,0.8,92.0604,2.8584,2.064,0.1745,881943.2622,881115.4705
688335.SH,20260205,4.2733,1.06,,5.0948,22.9815,0.5019,583256.2925,583256.2925
002558.SZ,20260205,1.3769,0.6,44.8149,5.2313,19.4859,0.6908,7936347.0063,7936347.0063
603205.SH,20260205,1.4884,0.9,42.7603,3.0252,4.4643,0.9547,441168.0,116909.52
600458.SH,20260205,1.2134,0.74,22.8952,1.6985,0.5931,1.8695,1301193.421,1205337.2513
002584.SZ,20260205,3.9746,0.67,,2.2629,0.7096,,507382.6379,406125.7989
002318.SZ,20260205,0.7662,0.58,18.982,3.9732,2.3964,2.8398,3240298.1075,3166639.826
000823.SZ,20260205,3.0192,0.79,30.442,1.5936,1.2077,1.4306,750728.1012,750696.3051
920429.BJ,20260205,1.4748,0.62,50.1833,2.3228,1.7951,1.5993,192477.0,175471.6045
000551.SZ,20260205,3.4663,0.76,28.7827,2.634,1.8723,0.545,741156.8273,738480.0208
600792.SH,20260205,13.6793,1.85,,1.8854,0.9768,,536093.0988,536093.0988
603382.SH,20260205,2.7183,0.94,40.6221,3.2286,1.1933,0.6477,559704.2244,111940.9882
300176.SZ,20260205,13.1242,1.06,117.2031,3.1999,1.6632,0.2538,305177.2704,305177.2704
000016.SZ,20260205,8.3558,2.37,,6.7921,0.8054,,859636.5107,569983.9866
300339.SZ,20260205,1.7775,0.57,301.6988,10.9749,10.4937,0.142,3892059.78,3800554.7416
600287.SH,20260205,1.373,0.94,105.6586,1.1373,0.9432,,262514.4405,262514.4405
688387.SH,20260205,5.4006,0.71,,9.3625,9.3307,,5699056.25,3361967.5924
600151.SH,20260205,6.3651,0.87,,4.9141,5.9229,,2280461.1363,2280461.1363
000536.SZ,20260205,1.7384,0.81,,22.7795,8.9102,,1302801.4502,1301411.865
688269.SH,20260205,1.9276,0.34,50.4603,5.476,2.8485,0.6959,563464.944,563464.944
002885.SZ,20260205,5.9632,0.79,104.7749,4.821,2.0199,0.0835,709802.4562,604978.0509
001388.SZ,20260205,1.9401,0.62,50.16,4.9534,6.6964,1.3556,690456.0,138091.2
002289.SZ,20260205,0.7279,0.99,,34.6582,27.2946,,758366.6015,757554.8015
600901.SH,20260205,0.8163,1.23,11.8531,1.5449,6.2907,6.1828,3747337.5809,3746422.7229
002353.SZ,20260205,4.7688,1.45,31.4027,4.0218,5.6635,0.965,8907545.7471,6031221.843
300435.SZ,20260205,5.5157,0.8,169.2499,3.4785,4.0858,0.6696,1152124.731,1101649.2998
300084.SZ,20260205,3.9603,0.61,,4.3814,9.0377,,546519.1414,372059.2609
002365.SZ,20260205,2.3793,0.86,172.5851,2.2186,5.5,0.6594,438487.56,365393.4303
300653.SZ,20260205,1.3012,1.04,48.5389,4.2732,10.7504,2.1867,373680.0,373680.0
002206.SZ,20260205,2.0535,0.54,15.2893,2.0655,1.36,2.5086,808896.2251,593699.6135
603045.SH,20260205,2.7824,0.45,59.3683,3.4712,0.7592,0.2336,353647.2997,353647.2997
002363.SZ,20260205,2.1329,0.69,73.4773,1.7815,1.7468,0.6601,379791.6192,378755.6901
688535.SH,20260205,6.0441,0.69,450.601,5.3303,30.5838,0.1415,1135369.3695,620286.8551
600640.SH,20260205,1.5878,0.53,523.2346,2.8267,5.5663,0.0637,1124318.3632,1124318.3632
002695.SZ,20260205,0.9584,0.79,103.2853,2.3113,3.8941,0.9489,648559.9434,592776.4424
301315.SZ,20260205,8.7804,1.32,126.6202,5.3813,23.2349,0.6431,547360.0,230140.0
000628.SZ,20260205,2.3967,0.71,470.63,7.7697,2.8422,0.1138,1703273.8,929473.5585
003029.SZ,20260205,1.7777,0.87,,4.4269,13.3696,,477854.7202,427548.8691
300571.SZ,20260205,2.4983,0.58,,2.7232,4.143,,395702.2418,327947.0283
000338.SZ,20260205,1.9086,0.72,17.9188,2.3406,0.949,2.8735,21287279.1061,12232384.2585
688512.SH,20260205,1.9812,0.66,,3.0967,7.5735,,536403.2367,372931.2701
002735.SZ,20260205,6.1035,0.92,,3.9493,3.0466,0.0727,683409.7233,501749.2194
603096.SH,20260205,1.2965,0.81,43.8379,1.5908,4.5057,4.171,295822.0088,295822.0088
688596.SH,20260205,2.237,0.81,36.0572,2.6748,1.833,0.8482,964161.7884,964161.7884
301491.SZ,20260205,2.9132,0.88,33.5496,3.5039,4.6834,,732720.0,153737.8279
300547.SZ,20260205,2.9801,0.87,38.7635,5.8302,5.0471,0.8039,745072.7077,606734.4615
603391.SH,20260205,6.7528,0.48,30.1957,2.9573,6.2408,1.8382,618800.0,154700.0
003043.SZ,20260205,2.965,1.14,102.4738,3.7782,6.7158,0.4371,652157.3032,408484.5658
300062.SZ,20260205,9.3662,0.94,,3.5083,5.1046,,563793.9462,410311.1838
600761.SH,20260205,1.9577,0.51,14.557,1.8241,1.0343,3.1978,1949726.4538,1949726.4538
300070.SZ,20260205,0.8377,0.69,667.1019,0.537,1.7874,0.0993,1460556.3733,1358850.7934
300981.SZ,20260205,0.6016,0.87,,1.0329,2.2342,1.7518,554522.392,508194.0985
300407.SZ,20260205,3.9103,0.8,44.3002,2.2199,1.6449,0.7386,426934.0177,344085.5114
301307.SZ,20260205,4.3985,0.77,,2.5256,1.8553,,721726.2,373514.3503
601727.SH,20260205,0.7845,0.81,126.2815,2.4778,1.1043,,13380044.7286,10862065.7266
600897.SH,20260205,4.8413,1.52,18.1053,1.7049,4.0537,1.6589,804265.686,804265.686
002131.SZ,20260205,17.7202,0.77,122.1024,4.5234,3.0201,0.3778,5972708.816,5159456.4286
002008.SZ,20260205,2.2905,0.54,44.5542,2.9699,2.904,0.715,5039908.6822,4683164.0828
002717.SZ,20260205,4.3206,1.48,,3.499,9.7109,,300338.5371,266508.0116
601211.SH,20260205,0.6891,0.67,13.8893,1.1402,5.8921,2.1166,35522285.5454,27190396.4894
300258.SZ,20260205,1.5466,0.66,56.5652,1.625,3.739,0.5366,766411.8883,746557.1288
001255.SZ,20260205,4.4541,0.72,422.6298,3.8776,8.0561,0.0925,339749.2231,279250.08
300978.SZ,20260205,2.7285,0.98,36.3037,3.2549,2.531,3.1974,528801.1265,239215.4456
688786.SH,20260205,1.2577,0.43,57.9875,5.8551,10.221,0.6853,437152.0091,437152.0091
600711.SH,20260205,3.499,0.59,23.9372,2.8703,1.6123,0.9591,4802810.3503,4802810.3503
603719.SH,20260205,2.0186,1.35,,2.4009,0.8338,2.0579,485210.0,485210.0
300730.SZ,20260205,2.6487,0.69,,12.2749,12.0148,,307693.2964,246675.1448
000100.SZ,20260205,2.6775,0.92,33.5043,1.6967,0.5816,0.956,10338028.6362,8994082.7103
300272.SZ,20260205,1.5145,0.51,47.6844,3.213,2.5243,2.2593,451875.9398,343244.8191
600239.SH,20260205,1.5766,1.03,,2.9921,2.0323,,383759.1713,383759.1713
000759.SZ,20260205,8.2683,2.28,,4.0891,0.5629,,495522.7653,490468.1067
000539.SZ,20260205,0.8475,0.79,312.6749,1.0821,0.4843,0.4141,2535887.1652,1234251.8722
002818.SZ,20260205,1.1129,0.9,14.2241,1.6039,6.9328,8.8061,883930.0081,352359.8426
000548.SZ,20260205,2.1818,1.16,63.0576,1.4026,5.8541,0.8606,290044.3862,290020.0934
301211.SZ,20260205,1.5166,0.85,142.7732,2.3899,12.5348,1.3334,539956.8,539956.8
920368.BJ,20260205,9.9068,0.95,219.4012,3.0547,3.938,0.2732,1288944.6156,1226258.3902
002339.SZ,20260205,13.9804,0.93,126.0119,3.3932,1.9971,0.1724,584747.0378,555400.5806
300522.SZ,20260205,0.9947,0.57,763.8867,4.8788,5.5247,0.3287,392423.484,320199.5408
301096.SZ,20260205,2.1478,0.72,,2.0959,9.1793,,541881.5169,410707.195
920961.BJ,20260205,2.7627,0.6,256.5646,4.8522,16.4201,0.1914,373242.2474,265605.1056
002120.SZ,20260205,1.3418,1.32,16.3722,0.9942,0.4005,2.858,2023642.3476,1964960.5013
688680.SH,20260205,8.2438,1.13,,4.4462,3.9109,,550860.6294,550860.6294
600817.SH,20260205,0.8393,0.42,21.7454,2.5936,1.6735,3.2837,616499.824,611806.464
920810.BJ,20260205,1.9543,1.37,,5.2898,12.686,,122752.0,79881.6576
002542.SZ,20260205,0.9545,0.61,,11.7149,5.9341,,612273.5742,596223.4653
300608.SZ,20260205,2.9348,0.92,,2.9714,5.0273,,396825.1295,344516.7908
300889.SZ,20260205,4.6405,1.06,,3.5665,4.7856,,521938.1796,346889.7402
603108.SH,20260205,2.2946,0.46,,2.3471,1.3086,0.1869,968909.22,968909.22
002850.SZ,20260205,2.3305,0.48,27.1373,3.5251,3.1695,1.2292,4450231.7358,3209220.1197
002777.SZ,20260205,1.9579,0.62,81.2798,4.7812,5.8181,0.7748,790335.2896,783134.2466
600211.SH,20260205,0.7416,1.03,13.8526,3.8272,4.9961,3.8155,1359220.0495,1359220.0495
688345.SH,20260205,0.7517,0.59,,3.2132,1.3415,,354731.2965,350700.0
002388.SZ,20260205,2.7241,0.59,,2.8634,1.4045,,280372.9824,277916.6988
688788.SH,20260205,0.9872,0.58,,5.6457,40.7191,,1094198.9958,1094198.9958
002256.SZ,20260205,4.5761,1.04,,6.43,16.9716,,727789.844,712149.1447
002896.SZ,20260205,1.3846,0.63,216.0014,13.161,15.7357,0.2499,1572967.4507,1572967.4507
000767.SZ,20260205,3.3412,0.7,14.6414,1.5256,0.5989,,956929.0301,905708.6416
600123.SH,20260205,2.6182,0.83,428.0712,0.5797,1.0,2.4116,916355.2931,916355.2931
000631.SZ,20260205,2.9982,1.23,96.5164,1.5672,20.6608,,919787.1683,919787.1683
300602.SZ,20260205,6.5056,0.68,50.6461,4.7376,3.021,0.1172,1880582.609,1277945.3175
002097.SZ,20260205,1.5069,0.66,92.5376,2.658,1.7794,0.1723,1247630.6435,1245403.7004
603669.SH,20260205,0.9307,0.97,,4.9378,7.7382,,333215.7148,333215.7148
300826.SZ,20260205,0.9062,0.67,194.1206,2.0429,4.368,0.1621,301885.003,290320.3403
688353.SH,20260205,2.2785,0.77,,4.7571,22.0778,,1571075.0,1571075.0
002989.SZ,20260205,1.5846,0.72,,3.6803,18.2548,,550791.2583,500855.0793
301153.SZ,20260205,1.3012,0.69,239.0016,4.7467,11.4872,0.7888,798500.8625,745047.5081
002880.SZ,20260205,11.2341,3.07,29.4563,2.8985,5.9088,0.6734,673596.0,673596.0
603031.SH,20260205,8.3179,1.61,73.4435,4.6463,3.0414,0.3581,1414942.464,1158626.56
002792.SZ,20260205,18.2244,0.81,1769.8887,9.6415,23.0275,0.0486,2684659.6538,1731350.4703
603040.SH,20260205,1.2902,0.48,57.653,10.5177,19.2338,1.044,1494192.0612,1486398.3987
300617.SZ,20260205,6.2695,0.58,60.6155,2.5466,8.4122,0.5359,734582.0745,615848.8685
600863.SH,20260205,1.5167,1.53,16.9775,1.7517,1.6874,4.0986,3503401.1107,3132906.1493
301159.SZ,20260205,12.0527,0.61,,6.8912,11.8028,,401987.95,275518.8251
688659.SH,20260205,1.4451,0.74,,3.1637,2.4832,,169760.0,169760.0
301021.SZ,20260205,3.451,0.81,203.717,8.6985,17.5999,0.1727,877222.1503,876570.6705
300102.SZ,20260205,14.5956,0.9,285.1155,9.1019,11.6683,0.1073,3855278.5521,3838547.7908
300088.SZ,20260205,2.2026,0.72,45.1866,1.8064,1.3873,0.9257,1578567.6219,1570838.3049
002261.SZ,20260205,2.0032,0.56,,14.9316,12.0129,,3892879.2547,3540065.5483
000719.SZ,20260205,5.0804,1.97,10.0642,1.1095,1.452,4.5215,1357791.3749,885304.7896
300568.SZ,20260205,2.2544,0.63,141.918,1.8638,4.6969,0.3641,1828820.7584,1654097.091
603068.SH,20260205,1.6845,0.58,300.4728,3.3272,6.3951,,560332.9984,560332.9984
000882.SZ,20260205,2.4306,1.11,,0.8023,4.3806,,541995.6855,541631.8247
001238.SZ,20260205,0.6648,1.16,,5.3226,3.9149,,608290.98,569028.679
600493.SH,20260205,2.9626,0.71,348.8761,1.9652,2.4838,0.7229,220864.0,220864.0
920489.BJ,20260205,2.1159,0.78,,4.7712,4.4401,1.0532,233208.7728,148384.8291
301371.SZ,20260205,12.4243,4.72,28.7545,2.4314,7.3523,2.945,1358511.648,203185.9128
001278.SZ,20260205,10.349,0.72,,2.4646,1.4348,0.3984,310570.834,126841.5975
300797.SZ,20260205,1.209,0.66,43.7709,5.4717,5.8558,0.6638,691972.6037,684313.2919
600537.SH,20260205,9.5366,0.72,,18.1138,1.7517,,407197.9662,407197.9662
301631.SZ,20260205,4.0266,0.81,33.007,3.5734,1.9039,0.8771,893303.2758,300054.1265
301333.SZ,20260205,2.014,0.5,49.0018,3.8613,9.3957,0.2062,741744.0461,740687.8925
688368.SH,20260205,2.4246,0.7,301.1596,11.4529,8.7594,0.3237,1342552.2968,1342552.2968
301200.SZ,20260205,0.6017,0.63,112.9675,11.8344,13.5925,0.2521,6663473.3203,6598906.7645
002372.SZ,20260205,1.2307,0.67,22.9923,4.2625,3.4064,4.7241,1996415.637,1844456.0687
300002.SZ,20260205,1.9893,0.4,22.0436,3.0765,3.8838,0.8412,2333068.2051,2190603.0316
002063.SZ,20260205,2.051,0.82,39.8195,3.2346,5.0168,0.469,1218621.8215,1125255.1368
920100.BJ,20260205,2.922,0.52,73.7051,10.6401,8.9174,0.7776,474593.799,109953.8873
688598.SH,20260205,4.7473,1.57,,1.1156,7.7559,,554220.2197,543546.8947
688266.SH,20260205,0.8355,0.66,,20.8493,32.2738,,2395609.0833,2395609.0833
603195.SH,20260205,0.2288,0.62,19.8988,5.0711,4.8309,3.9083,7934914.9623,7903115.718
603200.SH,20260205,2.7454,0.84,125.8875,13.2219,29.3298,0.11,1435251.7624,1435251.7624
920237.BJ,20260205,0.8975,0.83,37.6985,4.009,5.648,0.9696,205614.864,201652.997
601366.SH,20260205,3.3389,1.05,312.0545,1.1678,0.6598,0.3599,473061.8079,473061.8079
600588.SH,20260205,1.5807,0.49,,6.7156,5.5285,,4975148.2275,4975148.2275
002855.SZ,20260205,0.4934,0.47,,12.1913,2.4284,,398707.0455,398395.6614
002865.SZ,20260205,5.0394,0.34,,6.3878,4.308,,3201682.6109,2312969.5365
002012.SZ,20260205,6.4703,0.7,646.9304,2.0373,5.2211,0.0595,314244.3158,313683.8027
000785.SZ,20260205,0.9967,0.6,42.7195,0.9031,1.4724,,1861887.5954,1763380.4457
001328.SZ,20260205,8.459,2.06,41.8606,5.1314,4.3206,1.7222,749816.899,187454.4425
603823.SH,20260205,1.8063,0.94,41.7218,2.8787,3.1094,0.8929,699497.7427,690532.9267
002371.SZ,20260205,1.0647,0.81,54.1565,9.4497,9.2585,0.1664,34059063.7375,34031827.2413
601669.SH,20260205,1.5987,0.68,8.9498,0.6649,0.1477,2.2874,9560518.4304,7254696.8468
920212.BJ,20260205,1.1854,0.77,138.1449,3.4376,3.1316,0.4412,144296.0,70084.5577
301310.SZ,20260205,1.9833,0.77,47.226,2.3705,1.5249,1.5064,541574.909,199268.3386
002225.SZ,20260205,2.096,0.55,69.975,1.8168,1.3956,0.6658,748868.489,629318.2419
002644.SZ,20260205,7.2955,1.7,86.6088,2.8085,5.7123,0.1198,511678.314,511678.314
301296.SZ,20260205,1.0999,0.95,29.3634,1.3715,1.4921,0.6473,373326.4643,256834.5865
002998.SZ,20260205,3.916,0.86,78.772,1.7888,1.1034,5.7477,294349.2138,223854.7444
603227.SH,20260205,0.9337,0.53,20.0277,1.8123,1.6103,2.3256,921655.7125,921655.7125
603368.SH,20260205,0.9014,0.67,9.1877,0.9396,0.3442,4.1373,720938.6093,720938.6093
002292.SZ,20260205,7.6654,0.95,,4.8027,5.472,,1418073.0094,976136.1523
000736.SZ,20260205,1.3696,0.9,,3.1379,0.1869,,391479.5621,391479.5621
002480.SZ,20260205,0.9198,0.44,,4.9929,2.5841,,481499.5874,480591.4342
603088.SH,20260205,1.8478,0.67,46.697,5.1953,7.2466,2.2328,568703.1775,495670.9229
002995.SZ,20260205,34.3084,0.93,,7.315,5.6721,,649838.3058,411671.8157
300776.SZ,20260205,8.2848,0.99,35.6898,6.0809,9.7013,0.4651,2285185.5371,1401482.2145
600293.SH,20260205,3.775,0.66,,2.4514,2.9573,,413011.6364,413011.6364
301049.SZ,20260205,3.0021,0.55,,3.8254,10.6315,,228564.335,103853.9206
300228.SZ,20260205,9.2033,0.99,23.6828,2.6273,2.0184,0.7443,629686.5286,591879.2851
002791.SZ,20260205,13.3452,1.66,124.8235,1.654,1.5268,0.7599,919747.1488,497127.0621
688388.SH,20260205,2.5164,0.77,,2.6108,2.0382,,1777906.0013,1777906.0013
300311.SZ,20260205,5.1902,1.36,,5.9704,8.3899,,352982.1986,281602.3647
003009.SZ,20260205,3.1099,1.06,,6.9908,14.8349,0.0823,1076375.3809,1076166.8345
002689.SZ,20260205,1.7038,0.7,59.0983,3.3016,3.0755,,402717.9399,402563.8483
600578.SH,20260205,0.4176,0.55,9.9523,1.4566,0.9461,2.3211,3461119.0648,3461119.0648
300685.SZ,20260205,1.2893,0.89,28.7479,4.2573,7.4025,1.4085,833971.9867,829842.3832
600621.SH,20260205,7.1913,1.92,32.8719,2.0915,9.2208,0.6659,1864000.056,1864000.056
688090.SH,20260205,5.6166,1.5,7384.2534,7.1421,7.8562,0.1482,633876.9315,633876.9315
301636.SZ,20260205,62.4026,1.79,69.7959,5.4798,6.8426,0.54,591416.041,147854.0126
300404.SZ,20260205,2.9892,0.79,545.8462,3.9655,5.2537,0.1132,404633.3904,294539.0403
601155.SH,20260205,1.2731,0.7,147.7589,0.649,0.5591,,4015008.6837,4015008.6837
603366.SH,20260205,2.1516,0.59,43.4307,1.9001,1.7165,0.5561,789469.7061,789469.7061
300480.SZ,20260205,8.331,0.74,,6.2693,12.3154,0.2187,803393.0038,563627.4358
603616.SH,20260205,0.6809,0.17,,11.7544,3.1531,,295053.772,289756.922
688789.SH,20260205,0.4383,0.61,28.3854,4.0747,6.4752,1.1561,1396984.8293,1396984.8293
301259.SZ,20260205,1.7182,0.47,,6.3049,19.4107,,521664.0,330624.7511
300452.SZ,20260205,14.5391,2.5,29.4596,4.0916,4.0834,1.8284,381686.5764,323365.0262
000571.SZ,20260205,2.3612,0.72,,36.5476,8.0584,,518581.722,503047.2414
600581.SH,20260205,1.5036,0.44,,,0.2416,,446073.2802,446073.2802
000721.SZ,20260205,3.0729,0.78,,23.7815,8.843,,517670.7058,462148.9978
002165.SZ,20260205,38.5105,1.02,190.3659,4.6432,3.3898,0.3098,949233.3596,939369.6793
300842.SZ,20260205,13.8056,1.15,162.061,8.4078,0.9446,0.2697,1564808.1119,1396378.7212
002263.SZ,20260205,2.0761,0.87,126.7584,2.3283,5.0054,,644277.5143,644272.3693
603885.SH,20260205,0.652,0.81,45.8999,3.4219,1.523,0.6428,3363368.1127,3363368.1127
603511.SH,20260205,0.5487,0.51,50.5239,1.4301,1.9978,2.6118,622641.9931,619308.3478
300676.SZ,20260205,1.0337,0.51,,2.2452,5.5856,,2074852.692,2063590.764
000607.SZ,20260205,11.244,0.93,,3.473,4.5641,,538362.4589,468182.6919
002870.SZ,20260205,3.2948,0.89,43.6549,3.1092,0.8816,0.2509,526321.4095,513911.8963
600501.SH,20260205,2.9518,0.9,,6.7105,5.0499,,1156408.8126,1156408.8126
300579.SZ,20260205,0.9016,0.61,,10.5741,8.6619,0.098,826740.0,803097.0487
920121.BJ,20260205,2.2684,0.46,25.1961,3.6781,4.7883,,279600.5505,50328.1036
688584.SH,20260205,0.8956,0.64,103.8307,3.6949,11.9971,0.8737,1523234.17,777775.6316
300080.SZ,20260205,3.1617,1.15,,2.0147,2.5825,,972284.4463,970976.6249
002990.SZ,20260205,1.8551,0.91,56.5391,2.9153,5.648,0.7693,713285.2239,365275.8369
688593.SH,20260205,3.6091,0.85,876.7787,7.4591,19.2448,,1156176.0006,811867.2151
300554.SZ,20260205,4.8441,0.84,,4.3413,11.8199,,277534.1321,192307.092
605133.SH,20260205,1.6525,0.86,47.6144,2.3416,3.2757,0.37,881956.9851,879926.3913
300091.SZ,20260205,1.3733,0.97,,11.0633,5.0792,,458662.5779,454618.249
601033.SH,20260205,1.4219,0.63,15.0023,1.2861,3.263,3.9216,1377000.0,367200.0
301038.SZ,20260205,0.7881,0.79,70.5979,5.7312,6.448,0.3082,512191.68,512191.68
301239.SZ,20260205,1.6254,1.38,,2.538,1.9659,,539077.4299,539077.4299
300606.SZ,20260205,9.1293,0.59,,6.112,7.2478,0.4024,412553.2171,350905.3173
301031.SZ,20260205,4.1696,0.85,43.9391,9.653,7.1884,0.3665,1357931.7713,946828.0209
300907.SZ,20260205,2.5765,1.8,43.8514,3.6596,2.6682,,292416.0,292416.0
000868.SZ,20260205,1.2874,0.89,894.6777,5.3525,1.3068,,455664.6465,355664.2827
300702.SZ,20260205,2.1274,0.82,44.0974,2.2729,2.8322,0.2058,845584.4964,513129.6937
001319.SZ,20260205,3.7079,0.57,30.8947,3.1065,3.62,1.3238,416564.4,241572.221
000715.SZ,20260205,3.8775,1.32,31.1732,1.8018,4.6641,1.1744,353984.6774,353040.6777
603535.SH,20260205,0.6286,0.81,27.24,1.9385,3.8886,0.6087,510407.3168,510407.3168
300001.SZ,20260205,2.1699,0.97,24.4781,3.5266,1.9219,0.5554,2828841.0708,2764570.3641
000887.SZ,20260205,1.4091,0.7,17.9004,1.9114,1.4262,0.9761,2697487.4916,2693145.3758
605577.SH,20260205,1.8064,2.06,23.2478,1.59,4.0894,1.0549,632000.0008,632000.0008
603106.SH,20260205,1.0988,0.66,57.6457,4.1308,12.1213,0.289,540299.76,540299.76
688568.SH,20260205,2.0678,0.7,154.744,14.106,15.7708,0.1295,5454532.656,5454532.656
601101.SH,20260205,1.6807,0.92,23.6458,0.9225,1.2959,5.9173,1114558.3947,1114558.3947
000795.SZ,20260205,2.2291,0.58,46.0635,4.2882,2.8809,2.58,1114411.4732,1114411.4732
603567.SH,20260205,1.9099,0.69,,1.091,4.9855,1.7749,795142.0552,793911.7428
301188.SZ,20260205,1.0677,0.41,93.9738,2.882,4.4983,0.5215,436777.035,436777.035
603939.SH,20260205,2.007,1.56,18.7251,2.8075,1.2747,2.7592,3075838.4,3075838.4
300441.SZ,20260205,0.5943,0.66,17.233,2.0247,2.7579,3.866,500066.7136,486202.1489
301349.SZ,20260205,2.8744,0.58,251.9126,1.7271,4.333,,470934.0,225805.2303
603331.SH,20260205,13.9963,0.78,45.7429,2.4597,2.1353,0.4957,326311.4765,326311.4765
301248.SZ,20260205,3.878,0.69,5680.8996,4.6236,8.9952,0.0434,706274.475,516150.3765
002565.SZ,20260205,15.481,1.04,320.466,9.7417,14.1327,0.2271,1816821.0123,1816743.8823
603345.SH,20260205,1.9548,1.2,21.7206,1.9918,1.9536,2.6887,3012598.6563,2651086.563
600375.SH,20260205,1.1391,0.62,16.9567,2.8903,1.7277,,966652.0343,881999.5133
601699.SH,20260205,2.2022,1.03,33.2237,0.8566,1.3219,3.062,4005496.9188,4005496.9188
300667.SZ,20260205,4.0962,0.47,,3.5506,5.5857,,402314.4527,339391.5119
688787.SH,20260205,2.8685,0.52,709.8841,11.3951,25.8649,0.2517,832487.484,832487.484
300326.SZ,20260205,1.1597,1.14,,1.5772,4.2996,,439528.7741,436485.0807
002656.SZ,20260205,0.8955,0.71,,4.4937,3.5671,,190955.3182,181326.0672
002589.SZ,20260205,2.5939,0.69,,0.9424,0.6889,0.1178,504078.0078,457473.1686
002945.SZ,20260205,3.1544,1.84,114.0786,7.7832,34.6164,0.1928,5602500.0,5602500.0
600328.SH,20260205,1.4534,0.62,4796.4779,1.0548,1.0474,1.4247,1266891.4365,1266891.4365
600970.SH,20260205,0.9334,0.55,9.579,1.2957,0.6058,4.138,2870892.3788,2465783.2387
002892.SZ,20260205,1.4238,0.67,266.78,7.1061,5.09,0.3355,925151.053,600579.0832
000400.SZ,20260205,4.5735,0.99,26.7422,2.5901,1.7721,1.3153,3004935.6346,2984518.7141
603359.SH,20260205,2.7194,1.26,,1.1468,11.3757,,303345.28,303345.28
301028.SZ,20260205,1.5204,0.71,25.4052,3.566,4.8296,1.3329,574538.3332,371695.3192
002148.SZ,20260205,2.5001,0.93,390.1898,3.9439,13.2075,0.1854,481847.0785,387311.7807
300220.SZ,20260205,2.3465,1.18,1133.8575,37.6837,9.3521,,237384.0,237100.3764
300655.SZ,20260205,3.7685,0.81,,7.0563,11.4819,0.3252,1792941.1531,1782074.6569
300013.SZ,20260205,2.9502,0.93,,11.4603,4.4426,,224460.2754,179276.5443
688059.SH,20260205,2.7084,0.89,58.8813,5.2863,10.4249,0.9488,985369.5986,922216.7679
688385.SH,20260205,1.3503,0.56,133.5375,10.2165,16.1578,0.1033,6351652.8708,4159184.2408
002481.SZ,20260205,1.4043,0.86,96.2779,2.6023,2.803,0.5757,636587.394,576869.9916
603049.SH,20260205,3.7245,0.8,11.9184,2.0172,1.1158,2.3344,4870010.2953,487001.0306
603866.SH,20260205,1.4822,1.22,23.013,1.6969,1.6148,2.3466,886244.4119,886244.4119
920837.BJ,20260205,0.5064,0.74,28.8028,3.9824,3.7998,1.5141,220438.6795,198752.6545
002678.SZ,20260205,2.6824,0.83,,2.4076,14.5615,,781034.1857,780605.3076
603233.SH,20260205,0.4871,0.66,19.9213,3.4055,0.8446,3.2471,2266307.6533,2266307.6533
300827.SZ,20260205,4.8438,1.06,47.7043,5.0366,3.8732,0.2098,2040831.3286,1412306.128
688455.SH,20260205,1.5039,0.6,,5.3947,2.5999,,386806.5931,269404.5931
301558.SZ,20260205,9.7492,0.72,2296.111,5.4383,4.2071,,737575.8935,205028.4615
300912.SZ,20260205,0.8665,0.16,,6.6614,5.8992,,328332.756,245604.3021
301511.SZ,20260205,2.6305,0.76,700.677,4.4116,1.635,,1792635.768,1065450.709
688355.SH,20260205,0.9075,0.71,43.3377,2.3423,4.4073,2.2258,249523.5729,249523.5729
600019.SH,20260205,0.5277,0.56,16.4302,0.7593,0.4976,3.0406,15508844.3413,15508844.3413
603507.SH,20260205,7.1582,1.62,101.7949,2.3904,1.4796,0.942,578890.4053,570946.8163
600886.SH,20260205,0.2096,0.62,15.894,1.5786,1.9375,3.4927,10461874.0004,9742612.9947
688171.SH,20260205,0.906,0.57,403.0038,5.2389,40.4228,0.0804,432186.9706,432186.9706
002666.SZ,20260205,2.2544,0.71,62.6745,1.2487,0.813,1.6142,441279.6086,280374.1926
000409.SZ,20260205,1.5061,0.55,126.3626,5.0286,5.7147,,791214.9193,684649.9759
300755.SZ,20260205,3.8756,0.68,,2.4872,1.069,0.5219,726479.6112,725865.1688
600163.SH,20260205,1.693,0.93,19.5625,1.6049,6.4613,1.4164,1115155.7398,1115155.7398
301063.SZ,20260205,1.9471,0.67,45.5774,1.7272,1.5165,0.578,270816.0788,260658.9997
688757.SH,20260205,7.3031,1.04,148.9249,14.0331,24.4178,0.6482,1238166.262,107587.4408
688531.SH,20260205,1.9316,0.75,71.2808,3.51,12.0493,0.586,1162469.4518,750886.1147
300318.SZ,20260205,1.6861,0.49,,3.8421,6.1974,,517098.0133,505475.4934
300610.SZ,20260205,2.2247,0.76,37.1542,2.2548,2.9608,1.6464,260159.6558,195085.9393
603915.SH,20260205,0.9202,0.67,41.0522,3.0749,4.1888,1.4228,1109708.8912,1109708.8912
300510.SZ,20260205,3.0358,0.93,,1.6333,3.7336,,362039.2173,362039.2173
301226.SZ,20260205,1.3379,0.63,116.331,3.6427,6.4936,0.3277,332057.6,332057.6
600337.SH,20260205,2.1235,0.49,,1.5036,1.2017,,377930.51,377930.51
688580.SH,20260205,2.2774,1.37,42.8172,3.2531,12.4308,1.4198,539288.1227,539288.1227
300849.SZ,20260205,1.3967,0.53,,4.8618,9.2064,,286500.0,232003.9239
002633.SZ,20260205,1.811,0.96,415.8333,5.8545,7.9297,,249150.0,248184.5438
301607.SZ,20260205,4.7315,1.05,51.9574,6.7946,2.3393,0.0258,774304.4278,557213.9721
300543.SZ,20260205,1.7208,0.71,93.3399,2.2877,2.0468,0.9132,335476.6107,273967.6948
920992.BJ,20260205,4.1016,1.82,87.1723,2.6858,5.4284,0.4659,166087.0137,81382.6699
002309.SZ,20260205,4.1679,0.98,,4.9621,4.8682,,923353.2732,713064.9308
688309.SH,20260205,3.8493,0.81,78.6198,3.398,9.0186,0.278,251305.0164,251305.0164
002800.SZ,20260205,3.9887,0.81,,5.2679,2.0325,0.1728,264311.3243,243180.9632
000755.SZ,20260205,1.1289,1.35,16.6334,1.45,4.9653,3.7175,789412.8854,789412.8854
002996.SZ,20260205,5.1785,0.65,36.3333,1.6477,0.345,0.624,529524.5373,320962.3654
688486.SH,20260205,2.4424,0.69,56.4461,6.5389,18.9302,0.7189,987426.931,550897.0356
600012.SH,20260205,0.3621,0.6,12.7359,1.9713,3.2982,4.2091,2451829.3607,1672636.0
002405.SZ,20260205,2.6513,0.64,,3.1154,7.0225,,2562671.3679,2546675.1677
600105.SH,20260205,6.8386,0.6,113.64,11.656,7.94,0.3282,3786566.5372,3786566.5372
601999.SH,20260205,1.3464,0.96,31.1944,1.5929,1.8185,0.7833,422000.6602,422000.6602
603969.SH,20260205,1.3239,0.79,24.5869,3.1431,2.5452,0.818,838482.432,825244.6152
002216.SZ,20260205,2.7543,1.14,19.7281,2.3691,1.6483,2.459,1072604.5386,769094.1061
600547.SH,20260205,2.7011,0.9,43.625,7.1328,2.1273,0.7042,21122697.0836,16561379.416
001382.SZ,20260205,3.6016,0.82,69.7936,5.3394,2.7947,1.2124,849544.0,127844.0
002522.SZ,20260205,3.0676,0.7,70.2166,2.3509,3.3033,0.4174,542561.8528,542106.9075
300861.SZ,20260205,6.4086,1.03,576.0489,1.9005,6.3349,1.9939,1202594.3876,755138.1513
600561.SH,20260205,1.6743,0.72,,2.2365,1.3426,,202547.4816,202547.4816
600395.SH,20260205,4.248,1.03,230.098,1.1299,1.2262,0.7233,1187083.5664,1187083.5664
300906.SZ,20260205,3.2927,1.45,41.681,3.1515,17.7789,1.4092,283840.0,256154.956
601890.SH,20260205,4.0822,0.83,35.459,2.8734,5.1496,1.2624,1063974.6,1063974.6
301498.SZ,20260205,3.4085,1.88,39.3504,5.8677,4.1609,0.7617,2625900.4119,1176655.3483
300535.SZ,20260205,3.2618,0.76,,2.3253,3.0324,,225169.7918,164334.3339
000533.SZ,20260205,28.3852,3.57,72.1068,7.856,3.1951,,744699.648,738324.7872
003031.SZ,20260205,2.6301,0.75,55.1113,5.3707,11.6327,0.5605,3379739.0725,2548794.1231
002009.SZ,20260205,27.4702,0.96,,5.785,4.0817,,1158431.6362,1019872.9987
600106.SH,20260205,0.9356,0.81,36.1449,1.6041,73.5587,0.576,830640.6638,830640.6638
000586.SZ,20260205,3.5892,0.55,344.3808,8.1686,5.4636,,276619.2,276619.2
688013.SH,20260205,1.1807,0.72,41.9645,6.0843,10.8332,2.3595,340285.4308,340285.4308
601800.SH,20260205,0.2063,0.54,6.4136,0.4564,0.1777,3.4129,13312658.9761,9634761.6501
603568.SH,20260205,0.3822,0.79,16.6815,3.1126,6.4958,1.7869,4550650.765,4542444.241
688425.SH,20260205,0.4571,0.82,18.9953,1.5553,2.8503,1.6098,2816086.416,2816086.416
688428.SH,20260205,3.6165,0.6,,5.7743,26.97,,3848688.4593,585292.5428
002273.SZ,20260205,6.174,1.2,32.8452,3.9463,5.653,1.091,3782519.6411,3705216.2429
600487.SH,20260205,5.818,0.77,30.2737,2.7835,1.2747,0.6562,8566969.4638,8492114.0471
002881.SZ,20260205,2.594,0.88,76.5216,7.2967,3.3635,0.2817,1204337.9757,837032.186
301092.SZ,20260205,1.9137,0.68,45.4522,2.4551,7.4366,0.7299,475985.8348,214716.2102
920720.BJ,20260205,2.464,0.93,61.8836,7.144,5.2129,0.8441,360579.8946,99291.356
600673.SH,20260205,1.4631,0.75,89.5998,8.9082,6.0693,,8673537.68,8650489.9456
688733.SH,20260205,2.4254,0.87,,2.7507,10.5658,0.3319,596528.7173,596528.7173
300143.SZ,20260205,1.0189,0.76,71.5534,3.393,5.0709,,856623.1834,733078.1147
002298.SZ,20260205,3.4721,0.82,,3.3416,3.5485,,762314.228,680473.1174
300292.SZ,20260205,3.0622,0.81,60.9504,4.5387,1.4446,,635996.5977,528957.8414
688258.SH,20260205,4.0345,0.52,279.1263,18.5434,46.6831,0.1486,1600894.662,1600894.662
688073.SH,20260205,2.1658,0.51,36.5058,2.7948,4.4076,1.3912,559657.1938,266236.0312
300855.SZ,20260205,3.5635,1.05,119.6838,8.0302,15.2665,0.6247,1582917.063,1172410.4643
301215.SZ,20260205,0.8428,0.79,42.8565,3.2255,16.4888,1.2867,925406.1,924357.6
002839.SZ,20260205,1.5988,1.21,5.8103,0.6305,2.4011,6.424,1141509.1029,1140453.2397
601916.SH,20260205,0.7751,1.18,5.8477,0.4598,1.2727,5.2525,8156996.881,6398697.481
301632.SZ,20260205,3.5412,0.52,73.1554,3.8235,8.654,,1019193.6,167682.5178
000949.SZ,20260205,3.8161,0.64,59.5423,1.6503,1.4158,,1068700.4497,1068406.9753
002380.SZ,20260205,3.8267,0.81,23.2026,2.9563,3.8447,0.1333,719974.947,425255.67
300368.SZ,20260205,3.1982,0.89,,36.5379,50.1031,,680750.2523,680750.2523
000553.SZ,20260205,0.3212,0.62,,0.7575,0.4716,,1397887.0596,1306243.1766
601600.SH,20260205,2.9087,0.56,15.211,3.0414,0.9042,2.0412,21683883.7573,16651133.5761
300631.SZ,20260205,1.8956,0.45,43.1994,2.6783,5.7869,0.6413,350996.8912,338522.673
603199.SH,20260205,4.1713,1.27,23.0217,3.0294,5.6825,1.5339,490644.44,490644.44
301522.SZ,20260205,2.2255,0.51,129.8462,7.7853,6.0585,0.2954,1472963.868,1114691.418
688189.SH,20260205,1.5678,0.84,,2.6775,24.323,,231868.0,231868.0
002429.SZ,20260205,2.3675,0.73,34.8137,2.6103,2.3713,1.1311,4282485.8142,4280019.035
000869.SZ,20260205,0.5308,0.63,51.3524,1.3384,4.3186,1.9137,1380204.2688,955719.0195
001367.SZ,20260205,2.2649,0.55,29.8139,2.5711,7.2335,0.4727,369146.9576,96187.5295
603166.SH,20260205,1.3702,0.8,36.4489,4.077,5.3418,0.611,1042080.1507,1034115.0607
600156.SH,20260205,5.5316,2.24,,9.1937,3.8669,0.1107,363105.9639,363105.9639
002549.SZ,20260205,2.6232,0.61,238.168,6.9232,22.2118,,1431721.3282,1425568.264
002373.SZ,20260205,1.9571,0.68,,1.71,2.7499,0.1616,1951532.4455,1701328.7456
603860.SH,20260205,1.5245,0.84,49.7587,2.7296,8.6744,0.5113,218176.96,218176.96
002003.SZ,20260205,2.9984,3.09,19.5065,2.8029,2.724,3.6313,1287567.4942,1106935.24
603230.SH,20260205,1.0998,0.48,18.6802,1.6314,2.6714,3.7209,456044.67,456044.67
301289.SZ,20260205,0.7888,0.69,52.4841,4.6352,13.7432,0.6981,458094.0,455463.4833
000920.SZ,20260205,1.3746,0.98,24.8578,3.0712,3.0497,1.6274,601174.0621,601145.4421
300019.SZ,20260205,3.1835,0.98,29.6074,3.0693,2.2183,1.4171,832228.0539,714567.7258
300024.SZ,20260205,1.1784,0.58,,6.2359,6.8229,,2678775.7345,2634814.9327
920061.BJ,20260205,2.4997,0.33,372.298,7.4687,20.0928,0.4846,207414.7,107719.692
300772.SZ,20260205,3.1646,1.44,31.5123,2.1442,0.5294,0.3334,1416325.869,1256079.4182
600392.SH,20260205,4.1191,0.49,47.6138,3.2488,3.161,0.6122,4294425.0965,4294425.0965
600475.SH,20260205,2.1184,0.84,35.8935,2.3681,2.3835,2.0906,2036207.0028,2008346.6028
688543.SH,20260205,4.0556,0.67,69.2798,5.8051,10.9656,1.1748,1333247.5068,740301.5868
000898.SZ,20260205,0.7638,0.73,,0.5203,0.2405,,2379782.1995,2021165.9279
600546.SH,20260205,3.2001,1.3,17.9122,1.3485,0.9632,6.1939,2208456.14,2208456.14
301231.SZ,20260205,12.3453,0.82,,3.6715,9.6263,,308735.2,197163.4565
301551.SZ,20260205,4.7894,0.47,49.2494,5.9217,23.6404,1.8934,1426035.65,550984.0118
600961.SH,20260205,4.2633,0.74,20.1167,5.835,0.9983,,2138235.2971,1498362.1092
603596.SH,20260205,1.3791,0.52,22.9337,4.1448,2.5885,0.6979,3032561.035,3032561.035
301137.SZ,20260205,3.5281,0.72,188.7321,6.8308,5.3624,0.1747,936520.8234,936520.8234
605122.SH,20260205,1.3453,0.76,,1.1914,2.0533,,239054.998,239054.998
301012.SZ,20260205,2.6818,0.64,104.5649,4.6106,3.8097,0.3715,537701.2423,537701.2423
603013.SH,20260205,1.1241,1.28,24.1973,2.9383,1.4579,1.559,1314817.1122,1314817.1122
603268.SH,20260205,0.8654,0.35,64.7899,10.0783,6.8605,,8131239.0659,1040037.8688
603739.SH,20260205,2.4907,1.05,46.991,2.2136,2.8233,0.6443,392700.8,392700.8
301178.SZ,20260205,4.0456,0.63,,4.4747,11.653,,344960.448,255297.9247
002446.SZ,20260205,6.3659,0.61,,4.1953,8.9663,,1067374.7342,988508.3271
600515.SH,20260205,1.6156,1.09,169.1724,2.2275,11.5093,0.1089,5244217.1073,4211789.7412
300148.SZ,20260205,13.9636,1.29,65.886,4.331,8.7455,,446673.0518,431518.5249
603878.SH,20260205,3.3344,0.51,119.4926,1.915,2.1955,0.9999,500534.6527,500534.6527
002443.SZ,20260205,4.1252,1.23,25.6666,1.2924,1.0073,2.3193,441934.6565,440993.1596
301141.SZ,20260205,8.8365,0.45,182.5439,5.6462,10.1386,0.1719,721745.7285,259018.8485
300886.SZ,20260205,6.4271,1.71,75.0268,3.7596,6.0487,0.5126,218410.16,127447.196
600050.SH,20260205,0.6078,0.57,16.1219,0.9057,0.3888,3.5512,15257039.5596,15014211.15
300149.SZ,20260205,2.1231,0.79,,4.3299,5.0797,,542780.7513,517262.7362
002197.SZ,20260205,2.8731,0.68,,2.5582,6.5917,,530195.2069,460842.0104
688270.SH,20260205,7.7161,0.81,374.4972,18.1915,95.5645,,4045575.24,4045575.24
300093.SZ,20260205,1.2035,1.16,,,39.6896,,977400.0,504990.0
600026.SH,20260205,1.6851,0.83,26.4082,1.9455,3.8055,1.0831,8831796.8758,5615238.6543
002145.SZ,20260205,1.4222,0.58,44.2632,1.5897,2.5612,0.3048,1918562.7802,1879351.9361
300310.SZ,20260205,3.4945,0.67,,3.1475,2.4888,,600409.4596,471177.3937
600338.SH,20260205,4.8101,0.54,35.6747,3.659,7.303,0.3154,1594382.533,1594382.533
300255.SZ,20260205,2.5109,0.94,,27.9258,45.6554,,4236870.6476,4230577.9976
002116.SZ,20260205,1.5644,0.94,15.1253,1.8701,0.7439,2.7813,518428.7765,512759.0566
000959.SZ,20260205,0.3169,0.5,35.2541,0.8536,0.4155,0.3974,4304006.8904,4175087.9639
000027.SZ,20260205,0.4248,0.83,17.2843,0.9736,0.7372,2.2388,3187451.2437,3187451.2437
688685.SH,20260205,1.178,0.97,109.5065,8.5027,11.5378,0.3179,718104.6516,718104.6516
603976.SH,20260205,0.7763,0.94,179.1574,2.6833,4.87,1.1765,316167.0413,316167.0413
688063.SH,20260205,3.1489,1.04,288.3151,1.6265,5.7093,0.7242,1487367.7674,1487367.7674
002217.SZ,20260205,1.3053,0.89,8.141,12.0267,14.3477,,2251299.0773,1709781.5547
920689.BJ,20260205,3.2419,1.54,40.4646,4.5695,3.9221,1.321,222255.2,114853.9083
000532.SZ,20260205,2.2728,1.0,24.6714,3.5213,10.3223,0.3745,552222.7607,550366.6931
002326.SZ,20260205,3.6618,0.52,,8.8833,4.5827,,2419208.7681,2113335.8948
002808.SZ,20260205,3.2755,1.09,,4.9972,5.7081,,130368.0,80027.8751
603903.SH,20260205,1.2121,0.53,,1.9924,2.906,,311489.7656,311489.7656
600828.SH,20260205,7.9726,1.39,,1.9167,5.5824,,1347482.4208,1346998.2208
600165.SH,20260205,1.0845,0.89,,,12.0825,,589797.5779,267513.4808
000682.SZ,20260205,2.2975,1.09,22.8604,3.1487,2.1442,0.6347,1732219.293,1731999.5652
920110.BJ,20260205,1.3217,1.05,31.692,3.921,7.2192,2.6831,145353.0,60522.753
688565.SH,20260205,1.5749,0.82,60.617,3.9986,4.6907,,196745.22,196745.22
002721.SZ,20260205,2.7651,0.47,,4.3803,13.745,,898869.9719,898869.9719
603583.SH,20260205,0.9228,0.66,37.9749,2.9626,3.4005,0.8213,1400734.3376,1387938.6936
600108.SH,20260205,2.9481,0.64,71.3921,1.5704,1.5665,0.158,677526.4621,677526.4621
600583.SH,20260205,1.2305,0.47,14.1931,1.0633,1.0554,3.0971,2869459.2652,2869459.2652
603308.SH,20260205,2.521,0.9,101.0818,7.2802,13.1167,0.133,3573089.7525,3573089.7525
688135.SH,20260205,4.9359,0.45,,6.2055,11.8759,,678516.5321,678516.5321
300626.SZ,20260205,4.8963,0.86,,6.9299,4.5593,,366660.0,366459.4064
688583.SH,20260205,12.0871,0.69,117.1151,12.2551,37.9075,0.362,1399548.8,487680.0937
600523.SH,20260205,1.4668,0.86,34.7126,1.9799,2.4507,0.8611,619809.2536,619400.4025
603895.SH,20260205,1.9098,0.69,,18.72,8.1189,,362716.48,362716.48
002602.SZ,20260205,1.6499,0.41,37.9935,4.9411,4.1714,,14313865.0693,13199450.9036
002631.SZ,20260205,1.4528,0.66,,2.1179,3.7741,,463221.3539,461065.5365
301091.SZ,20260205,0.8901,0.92,147.8984,5.5969,10.9763,0.1561,1325054.64,1325054.64
600058.SH,20260205,2.5685,0.66,134.0273,2.7725,0.2441,,1384908.6386,1384908.6386
002015.SZ,20260205,3.8844,2.19,27.5738,1.442,1.7479,0.8889,1779163.7769,1779163.7769
688200.SH,20260205,2.7218,0.97,72.8456,9.531,30.2314,0.2743,3698701.7103,3698701.7103
301261.SZ,20260205,3.962,0.58,150.2564,5.0466,7.1926,0.6787,776949.3326,331352.5576
002643.SZ,20260205,1.8734,0.75,59.1708,2.104,4.0314,0.614,1514576.0882,1492154.0304
001211.SZ,20260205,2.5392,0.71,92.4877,2.43,1.3786,0.7142,210024.0,195429.0093
002466.SZ,20260205,3.906,1.08,,1.9226,7.805,,8114067.996,7296449.3041
603005.SH,20260205,5.4228,0.91,56.5521,4.2656,14.1583,0.2829,1934341.28,1934341.28
002956.SZ,20260205,0.8965,0.83,39.3108,3.9501,2.857,1.5114,616831.1433,616768.7437
600975.SH,20260205,0.9141,0.49,288.2988,2.3806,1.0029,,718555.5005,718555.5005
000710.SZ,20260205,2.1205,0.6,,2.6717,4.5976,,432710.2732,403344.6258
300147.SZ,20260205,1.1122,0.83,,8.9076,4.1942,,616973.349,613352.6633
603380.SH,20260205,0.7496,0.46,26.827,3.8804,2.5461,2.702,593792.8812,593792.8812
002753.SZ,20260205,2.4178,0.62,42.0072,1.235,0.8336,1.6921,328365.9661,185992.6484
002655.SZ,20260205,1.9547,0.61,54.495,6.0547,3.2975,0.237,455622.1224,455497.5759
600585.SH,20260205,1.3477,0.84,15.1716,0.7014,1.5864,3.7698,13354242.4991,10079250.4991
300451.SZ,20260205,1.7698,0.47,,1.9285,7.4422,,830330.8349,818307.8607
300086.SZ,20260205,7.5813,1.02,,4.184,10.0875,,439195.0566,425258.6337
600298.SH,20260205,1.0208,0.82,25.838,3.3213,2.392,1.242,3844276.6481,3796319.4361
600509.SH,20260205,2.2733,0.93,89.2212,1.4779,1.359,0.6579,1148996.2323,1148996.2323
920020.BJ,20260205,1.8904,0.41,22.758,3.4502,1.5108,,383647.5,95544.9623
002224.SZ,20260205,3.0931,1.0,432.6725,1.3053,4.1397,0.6397,423092.556,378192.3931
002613.SZ,20260205,2.9366,1.05,,2.0408,2.9536,0.7407,445730.3203,312763.8979
300711.SZ,20260205,3.9159,0.67,78.6828,9.3928,10.834,0.7168,695185.9907,693110.7832
003007.SZ,20260205,4.6787,0.59,170.5295,5.5753,10.7625,0.1482,445564.32,314580.2951
603337.SH,20260205,0.5377,0.65,24.4313,4.3553,3.3628,1.0656,2136706.4341,2124658.8271
300243.SZ,20260205,2.5975,0.94,285.4115,2.6249,1.4094,0.444,281980.7232,218859.4568
688106.SH,20260205,1.3849,0.74,97.5008,3.5183,3.8561,0.4585,1040589.9774,1040589.9774
920300.BJ,20260205,1.4418,0.49,,5.9794,12.403,,124821.7212,96737.0278
001379.SZ,20260205,6.0429,0.69,58.4381,3.2363,2.3947,0.8319,480800.0,161786.796
000426.SZ,20260205,8.2637,1.4,55.7166,9.6979,17.5066,0.1399,8881729.9665,8879577.7309
688235.SH,20260205,1.7209,0.85,,14.4774,11.9051,,42469295.7489,3170922.9656
002085.SZ,20260205,1.286,0.59,40.658,4.5082,2.0413,1.2755,3329330.5114,3329330.5114
600600.SH,20260205,1.4803,1.15,18.6619,2.7573,2.6546,3.4739,8639447.7013,4490894.597
000568.SZ,20260205,1.0802,0.59,14.6073,3.8731,6.1515,4.7426,18466983.8678,18433408.5135
605388.SH,20260205,1.1875,1.29,,2.4885,3.1018,1.0977,426944.124,426944.124
605255.SH,20260205,1.7006,0.64,569.6005,23.2533,56.1138,0.1628,1852985.6,1852985.6
603618.SH,20260205,29.4311,4.53,,3.1763,0.9268,0.4815,861454.0175,861454.0175
600790.SH,20260205,0.8844,0.86,70.2901,1.0121,6.0929,2.7792,586316.3712,586316.3712
603817.SH,20260205,2.983,1.43,18.8379,1.2704,2.9912,0.8511,401909.2475,401909.2475
002620.SZ,20260205,1.3341,0.54,,,4.2541,,223476.448,186693.2994
603228.SH,20260205,1.7386,0.75,49.5361,4.7065,4.0967,1.2451,6007356.2073,5952080.2033
600100.SH,20260205,1.8467,0.63,75.2443,1.8409,1.8747,,2975064.3691,2975064.3691
600162.SH,20260205,1.3127,0.85,,1.0739,3.6955,0.5756,621003.2432,621003.2432
920195.BJ,20260205,1.1648,0.57,20.326,2.589,1.918,0.9474,206941.33,149372.2173
002889.SZ,20260205,0.599,0.74,37.1387,2.2722,1.47,0.355,569900.2152,379188.3905
000012.SZ,20260205,1.5287,0.88,,1.0869,1.0256,1.4674,1440154.5982,918919.4845
301121.SZ,20260205,2.5412,0.56,103.095,2.3797,3.1013,0.3542,395600.7062,202518.3429
301056.SZ,20260205,2.283,0.46,63.3157,6.0027,7.9036,3.4783,460207.0006,303592.8068
600278.SH,20260205,0.8447,0.81,36.3192,0.9871,0.2111,1.1917,756822.7035,756822.7035
601098.SH,20260205,0.7376,0.98,12.5422,1.2755,1.5928,4.9729,1986376.0,1986376.0
301358.SZ,20260205,3.4767,0.71,62.3378,3.798,1.5574,0.2549,4663720.6797,2366904.6089
605369.SH,20260205,0.5323,0.44,42.4802,2.5298,3.8617,1.4491,434150.6166,434150.6166
002364.SZ,20260205,7.5739,0.92,174.3023,6.9331,7.6197,0.3349,1677169.321,1660916.7898
300747.SZ,20260205,2.1252,0.67,123.9744,5.1664,5.0735,0.166,1701648.0,1543099.1353
601065.SH,20260205,1.6236,0.68,18.3737,1.2449,2.3277,2.5671,550859.0997,356731.4597
002501.SZ,20260205,4.3193,0.91,,25.7172,23.1529,,678050.0,677375.6183
300540.SZ,20260205,5.2239,1.07,79.4956,4.941,6.5836,0.1503,545432.4454,491183.8367
603856.SH,20260205,1.3299,0.8,22.1323,1.4301,1.9142,1.5828,386698.8583,386698.8583
301090.SZ,20260205,0.4066,0.65,,1.7694,0.7568,,1110235.9152,1109078.0502
002152.SZ,20260205,0.6388,0.67,37.2598,2.5726,2.7146,2.9042,3163829.8121,3162238.3504
002369.SZ,20260205,1.593,0.64,,14.8519,2.6588,,460368.4994,459766.9105
688109.SH,20260205,0.7086,0.53,146.0735,12.246,21.2898,0.543,974727.3549,974727.3549
600679.SH,20260205,0.9906,0.88,,3.138,3.0592,,671428.4169,447833.6169
603260.SH,20260205,0.6167,0.57,,1.7938,2.6673,0.9188,5741979.1124,5741979.1124
300970.SZ,20260205,5.9491,0.81,711.9105,1.7809,2.3589,,274644.384,213104.929
601339.SH,20260205,3.1785,2.45,19.837,1.1833,1.4301,5.663,1085687.956,1085687.956
002019.SZ,20260205,1.0766,0.87,36.1297,1.6667,2.8173,0.8264,1471832.0029,1018183.6368
301633.SZ,20260205,1.2164,0.77,47.3287,4.1305,6.4019,1.4756,377343.36,172885.6208
600439.SH,20260205,1.6667,0.7,,1.203,2.503,,316955.9232,316955.9232
002304.SZ,20260205,0.7528,0.47,40.6002,1.7303,4.3203,4.1538,8402950.6228,8402752.3249
300771.SZ,20260205,2.9496,0.77,48.5036,1.8393,6.3847,0.972,362640.0,273791.8975
688639.SH,20260205,3.081,1.16,49.2626,3.4391,3.2566,0.6765,922426.6758,922426.6758
920478.BJ,20260205,1.2985,0.8,25.5292,2.9099,5.2237,1.5133,148602.0256,88886.0828
002559.SZ,20260205,3.2883,0.87,75.7204,3.2198,2.647,0.7158,569556.5649,522217.8243
600421.SH,20260205,3.4777,0.87,,261.4632,10.7743,,161174.4,161174.4
002897.SZ,20260205,4.2896,0.75,63.3046,3.7348,1.6239,0.1892,1025628.8818,965029.3768
300150.SZ,20260205,3.841,0.86,79.5823,2.1768,3.9295,,342872.1471,269690.814
603101.SH,20260205,1.8603,1.35,52.4945,3.2757,1.9117,0.5006,464755.2,464755.2
002095.SZ,20260205,0.9801,0.49,,5.2361,7.8337,0.2725,463741.2,461884.9415
301237.SZ,20260205,1.3769,0.85,,3.8568,8.5626,0.1549,504560.0,415394.7875
600879.SH,20260205,5.9316,0.58,440.6091,4.1475,6.2008,0.1916,8607871.9624,8607871.9624
300461.SZ,20260205,2.9564,0.36,,12.4449,36.9852,,661836.9001,605565.525
603836.SH,20260205,1.4023,0.97,87.6411,1.6793,0.3234,1.0185,297385.8584,297385.8584
300316.SZ,20260205,7.5004,1.16,162.8622,4.2087,6.4579,0.7121,7343865.5336,6906562.8683
000897.SZ,20260205,3.5047,0.9,23.951,1.2107,2.5071,4.1304,371972.6138,371965.5758
600567.SH,20260205,1.2484,0.9,,0.634,0.3575,,1028114.8889,1028114.8889
920475.BJ,20260205,2.3936,1.47,,4.6031,7.8111,0.3108,162605.54,67613.7166
301280.SZ,20260205,9.2748,2.29,39.0811,4.4331,4.6466,1.417,827383.0669,242732.0944
920023.BJ,20260205,3.6145,0.41,317.0288,1.214,2.7983,,148268.712,121770.2641
301139.SZ,20260205,8.7832,1.32,171.4593,1.1667,2.0325,0.1868,227842.4192,142737.2354
688785.SH,20260205,22.1694,0.72,218.6037,11.3006,47.8773,,2471111.612,464559.7725
301218.SZ,20260205,7.8251,0.46,,4.3568,6.3095,0.0713,399938.28,245731.4079
920866.BJ,20260205,2.952,0.41,40.8421,2.0103,2.9387,1.742,152454.1914,79193.8375
002484.SZ,20260205,2.6273,0.73,34.4425,3.9008,4.445,0.9168,2394224.8939,2309629.426
688051.SH,20260205,1.1252,0.84,,4.1924,12.0527,,273607.692,273607.692
601138.SH,20260205,0.7271,0.71,35.0092,6.9039,1.3776,1.7995,106995958.868,106995958.868
300813.SZ,20260205,1.6994,0.58,181.8069,3.7872,9.3595,0.81,299240.8717,187770.0992
600238.SH,20260205,3.5919,1.44,,25.2607,13.5293,,256370.4,254695.3438
601975.SH,20260205,2.7053,0.63,13.8603,1.5167,2.9295,,1680243.7394,1680243.7394
300618.SZ,20260205,4.0668,0.54,50.4993,2.4639,2.0748,0.3357,1377532.6608,1212065.1348
002671.SZ,20260205,2.9724,1.12,30.3702,1.845,2.1146,,328360.9597,321193.4131
000923.SZ,20260205,4.7075,1.02,28.9748,1.485,2.913,2.1404,1524774.8529,1466777.5629
002427.SZ,20260205,2.254,0.61,272.1378,7.8167,3.1981,,741045.4483,740498.5255
601799.SH,20260205,1.45,0.35,27.0177,3.8568,2.8821,1.004,4247481.6017,4247481.6017
300357.SZ,20260205,1.1759,1.04,37.2001,5.6222,13.8522,0.7931,1452422.016,1342794.1047
002639.SZ,20260205,14.2277,0.98,390.0135,6.4707,6.2294,,1621691.9716,1365649.9233
688630.SH,20260205,3.5118,0.77,107.5028,9.9287,18.7912,0.221,2197698.6243,2197698.6243
301591.SZ,20260205,7.2783,0.77,53.692,4.3078,9.0557,0.9806,386026.68,155790.699
002947.SZ,20260205,2.6826,0.75,20.6836,3.5131,4.1669,1.3085,1145768.1506,861463.5366
603015.SH,20260205,1.9285,0.7,127.2099,4.2348,7.3207,0.3422,590563.959,590563.959
301176.SZ,20260205,3.0013,0.69,,2.6021,2.4293,,394770.6674,131590.2233
301059.SZ,20260205,13.2847,4.44,50.7837,5.7322,8.0231,1.1138,350198.31,313206.5944
600768.SH,20260205,10.1953,0.97,109.7373,6.2583,1.5296,0.2759,242349.9264,242349.9264
300051.SZ,20260205,11.5927,0.99,,24.0349,8.0159,,388014.4507,383486.0836
002028.SZ,20260205,1.8785,0.93,47.511,9.6937,7.0862,0.2589,15026548.0893,11724964.4489
002965.SZ,20260205,2.4375,0.67,36.4287,2.1252,1.2035,1.2047,906539.3063,681224.2163
300635.SZ,20260205,2.8507,0.4,,5.1972,2.9487,,195599.558,168218.6751
300643.SZ,20260205,1.1431,0.58,26.229,3.442,3.6946,0.8448,435450.4271,434692.1731
