ts_code,trade_date,turnover_rate,volume_ratio,pe_ttm,pb,ps_ttm,dv_ttm,total_mv,circ_mv
920027.BJ,20260210,1.053,0.69,33.4338,4.1147,4.7534,0.5462,174010.0895,92721.0895
300593.SZ,20260210,7.4429,1.53,,6.6254,13.535,,1581383.0371,1312518.1054
603530.SH,20260210,0.7152,0.63,55.2257,12.5898,12.7443,0.9608,2055250.2616,2035159.789
688357.SH,20260210,0.7994,0.65,39.1242,1.9597,4.2351,0.5882,340203.575,340203.575
301389.SZ,20260210,10.1692,2.3,127.6988,6.4851,38.3646,1.0329,1421185.5,423944.6326
002107.SZ,20260210,1.3182,0.75,44.0828,5.8294,5.1648,1.6416,421940.2176,417689.0257
603833.SH,20260210,0.3129,0.67,15.366,2.0277,2.0203,6.1081,3689029.7626,3689029.7626
600545.SH,20260210,4.6531,3.37,,1.5163,1.2451,,484524.2122,484524.2122
002676.SZ,20260210,1.5812,1.03,83.0631,4.4728,2.0329,0.1235,583200.0,583180.9318
600758.SH,20260210,1.0175,0.55,122.3998,0.9186,1.0047,0.8312,508976.6967,508486.2067
000524.SZ,20260210,1.6968,0.92,107.8445,3.814,1.9492,0.6178,867920.1331,867583.8682
000566.SZ,20260210,2.3221,0.88,,29.8276,10.0564,,830313.6806,829910.8051
920753.BJ,20260210,0.779,0.55,59.4633,4.6423,7.5899,1.3683,183241.2324,72890.8128
920088.BJ,20260210,22.0884,0.74,80.5385,6.022,9.2852,0.1743,404336.2565,145907.9391
002320.SZ,20260210,0.906,0.6,122.2329,5.8719,4.8025,0.3771,2364277.8309,2364277.8309
600499.SH,20260210,1.4243,0.58,22.1683,2.5606,1.9349,1.1539,3220080.8805,3220080.8805
002852.SZ,20260210,1.6219,0.75,13.7539,1.745,0.6306,2.7022,386964.3431,320926.4978
301586.SZ,20260210,1.9223,1.0,65.8249,3.3132,5.6015,0.3922,423092.0898,269793.5408
600871.SH,20260210,2.3688,0.54,91.9745,6.0169,0.7059,,5743984.8874,4104744.7424
002067.SZ,20260210,7.3889,2.43,133.9612,1.2568,1.4783,,831817.5731,754408.5731
601225.SH,20260210,0.4006,0.57,11.6869,2.3675,1.2645,5.0954,22356670.0,22356670.0
688800.SH,20260210,1.9644,0.81,55.2448,7.2826,5.3078,0.3301,1670075.6002,1670075.6002
002398.SZ,20260210,3.4952,0.87,82.5795,1.1651,1.6341,1.3103,420218.5678,342735.2327
003010.SZ,20260210,2.0567,0.54,72.5576,14.1245,4.0288,1.3175,1107993.8535,805518.4523
000958.SZ,20260210,0.3357,0.8,124.8627,5.6908,25.2557,0.86,11205668.0289,3472294.061
000050.SZ,20260210,1.0002,0.68,203.4833,0.8668,0.6596,,2384015.2312,2383985.1854
300837.SZ,20260210,6.0685,0.77,104.6329,3.1359,7.188,0.6938,432407.8567,326848.2067
601990.SH,20260210,0.3347,0.72,28.5921,1.527,11.4567,1.3753,3484505.2136,2919597.9389
000048.SZ,20260210,1.6543,0.68,22.4736,2.1804,1.8291,4.113,921100.2683,914286.5384
002075.SZ,20260210,1.3179,0.59,42.3849,1.8726,0.8798,0.8977,1221960.7729,1221958.8094
300669.SZ,20260210,1.283,1.1,369.1651,6.8965,18.6589,0.318,602782.8853,570859.8029
301265.SZ,20260210,3.4358,1.13,68.9852,1.9924,4.7989,0.2863,421435.6962,234311.4671
600332.SH,20260210,0.5192,0.51,13.8759,1.0933,0.5345,3.1385,4144141.129,3583616.029
688485.SH,20260210,3.7882,0.66,211.8965,3.0236,12.4146,0.0885,378886.2883,223758.8625
600234.SH,20260210,2.508,1.39,65.5049,7.8072,8.137,,390368.6869,390368.6869
000750.SZ,20260210,0.7261,0.7,35.1694,1.1949,7.8071,0.9953,2694965.6293,2445998.0783
300190.SZ,20260210,3.7566,1.28,,1.3018,2.1057,,393484.9707,392189.9652
301458.SZ,20260210,6.5546,1.61,75.6961,5.8854,13.0302,0.5425,973333.455,428809.2526
600678.SH,20260210,7.1292,0.57,225.1493,15.1999,7.8573,,428559.72,428559.72
300973.SZ,20260210,1.5124,0.44,23.3888,3.0207,1.7158,1.5949,731381.7102,503276.9644
603908.SH,20260210,1.2747,0.82,85.1976,4.4729,2.2866,2.5456,238405.0893,238405.0893
300287.SZ,20260210,2.9458,1.67,,6.9024,16.2903,,742036.5587,681520.7575
603169.SH,20260210,1.247,0.62,198.3146,4.2466,2.0677,,1405569.9746,1405569.9746
920523.BJ,20260210,1.1316,0.85,16.9124,3.9012,5.0179,1.1525,263687.4635,209370.2434
002199.SZ,20260210,2.3119,2.41,,10.123,8.1375,,193049.7939,193049.7939
002758.SZ,20260210,2.3132,0.95,12.3903,1.1332,0.1223,2.8194,542148.6115,541524.5636
688307.SH,20260210,2.8966,0.88,74.8348,4.7314,6.9849,0.9571,414574.58,275171.9137
603341.SH,20260210,2.8558,0.91,41.3511,3.3525,0.5581,1.0645,2388239.2431,1216592.6377
300784.SZ,20260210,6.2249,0.73,50.1605,3.9984,6.1399,0.703,319991.944,96325.1565
688553.SH,20260210,0.817,0.7,175.9573,2.2276,8.4437,2.3489,831103.2,674024.9405
300109.SZ,20260210,4.3518,1.39,39.4684,2.5398,6.5341,1.2818,945367.2597,875292.8211
000070.SZ,20260210,4.3762,0.25,,9.6259,3.5801,,1451355.7531,1432550.3094
300566.SZ,20260210,4.9047,1.23,28.7383,2.5967,2.495,0.962,539935.5234,466961.6879
600227.SH,20260210,2.327,1.17,,1.8266,1.9488,,437380.4704,330898.349
688177.SH,20260210,0.359,0.93,,20.7483,11.8837,,1004558.08,1004558.08
601186.SH,20260210,0.3469,0.58,4.6027,0.3598,0.0946,4.1494,9818008.5045,8316846.4965
600506.SH,20260210,2.2035,0.61,88.3016,9.9303,1.9841,,476398.9753,476398.9753
600892.SH,20260210,1.802,1.4,,282.18,8.3879,,213155.8556,213100.7432
002290.SZ,20260210,1.5675,0.87,91.7917,15.1106,5.618,,1433593.0427,1429422.049
600787.SH,20260210,0.9985,0.8,27.5306,0.9161,0.2002,1.1952,1273836.7146,1273836.7146
600985.SH,20260210,1.2853,1.08,19.4773,0.8405,0.8506,5.805,3479690.252,3479690.252
002581.SZ,20260210,0.8603,0.7,,2.5834,18.7366,,482926.449,293379.1299
002803.SZ,20260210,3.3059,0.87,32.879,3.3748,1.2957,1.7269,864327.7477,554149.9908
603077.SH,20260210,1.599,0.63,,1.1916,2.8246,,2163726.6209,2163726.6209
000919.SZ,20260210,1.7234,0.84,128.8646,1.2742,1.4042,1.2907,483235.3583,483112.7477
603629.SH,20260210,17.3185,0.83,72.5281,7.1758,4.2324,0.2468,1362539.34,1333832.436
300581.SZ,20260210,1.7176,0.97,,9.1262,57.8113,,871923.6304,871923.6304
603733.SH,20260210,0.3138,0.53,17.9494,2.0902,1.4343,2.0383,1731800.8433,1731800.8433
688660.SH,20260210,0.543,0.52,,4.3028,1.6336,,1889333.4278,1889333.4278
603881.SH,20260210,21.6687,1.68,204.8213,9.1653,16.9209,0.1428,3009999.6258,3009999.6258
002025.SZ,20260210,2.4363,0.65,289.9299,3.6234,4.3848,0.4441,2358651.1919,2350627.4293
002915.SZ,20260210,1.7791,0.52,,5.7591,4.9015,,752482.883,666029.111
000725.SZ,20260210,1.2319,0.74,24.1923,1.2097,0.765,1.1692,16003149.7236,15699598.7149
600113.SH,20260210,0.7725,0.95,170.843,9.7028,33.4549,0.2051,2465568.1676,2408518.0106
000543.SZ,20260210,1.4745,1.31,7.4932,1.0411,0.6099,4.0431,1788555.1682,1788555.1682
603089.SH,20260210,1.7328,1.42,21.4694,2.2479,1.2295,0.6746,336286.6085,336286.6085
601860.SH,20260210,1.2413,0.78,6.9933,0.5184,2.4147,3.5461,1032403.2667,1001547.8656
600131.SH,20260210,1.4359,0.8,31.3244,3.7359,2.4897,1.1514,2304436.7496,2299725.6015
920263.BJ,20260210,0.6261,0.7,60.6833,3.1236,5.5625,,180932.1498,131422.5771
002799.SZ,20260210,4.2206,1.01,,2.4917,3.4857,,316519.56,316515.4062
603390.SH,20260210,1.2113,1.08,72.3819,2.8574,4.9653,0.6855,461719.055,460224.8203
688612.SH,20260210,1.0413,0.76,23.4525,3.6033,2.0603,1.15,1306609.3015,787206.5508
002628.SZ,20260210,2.2595,0.76,,1.2182,4.2814,,349023.2913,347494.7937
301584.SZ,20260210,3.2432,0.81,41.3491,5.9647,0.6421,,1239009.505,148296.5517
301132.SZ,20260210,2.9549,1.21,39.6237,2.9864,3.4335,1.1442,542291.8438,346917.5229
301314.SZ,20260210,10.6789,0.61,178.8484,2.5502,15.4126,0.414,266912.75,78503.75
688662.SH,20260210,7.8425,1.41,127.6471,6.9687,9.5189,0.6064,509144.8,509144.8
002576.SZ,20260210,4.5086,2.0,36.2456,2.351,1.6799,0.4301,307086.0,301371.2821
600665.SH,20260210,1.2077,0.95,,1.181,0.2845,,313676.4751,313676.4751
300629.SZ,20260210,5.2209,0.8,343.4753,3.7903,18.6027,0.3877,644901.0826,556179.3049
920690.BJ,20260210,0.9994,0.83,30.2083,3.6959,5.7847,1.2277,216005.4,140416.8026
600568.SH,20260210,1.0673,1.11,,3.1119,9.3598,,534089.0745,447310.0308
002601.SZ,20260210,0.9106,0.89,39.2286,2.1613,1.9242,2.8358,5018842.1579,4183903.8645
300382.SZ,20260210,1.4778,0.67,,3.9085,4.3628,,899330.7917,899245.1139
600774.SH,20260210,1.9017,0.6,,1.7757,2.8638,,296507.564,296316.3417
301362.SZ,20260210,32.7404,1.03,50.2051,3.9013,5.9262,2.0114,972174.96,275574.96
600318.SH,20260210,1.2173,1.0,119.6299,4.0994,13.6233,0.2288,448123.9504,448123.9504
603318.SH,20260210,1.2536,0.74,,2.3044,1.2983,0.9537,327317.5688,327317.5688
300110.SZ,20260210,1.8973,0.97,,2.922,3.1537,,396041.349,395583.9483
301129.SZ,20260210,1.7777,0.83,52.4636,2.158,7.7768,0.9127,363661.4424,177371.97
002171.SZ,20260210,2.1289,0.8,36.5787,2.3986,0.353,,2080606.3519,2068816.5645
002775.SZ,20260210,2.4344,0.87,,8.0273,4.7279,,285039.3486,211200.8846
001227.SZ,20260210,1.2639,0.62,7.0239,0.4421,1.7254,4.3162,1332793.1373,986895.0073
301508.SZ,20260210,2.1035,0.7,49.394,3.6754,8.5323,0.6357,750376.7788,195278.0116
920021.BJ,20260210,41.6849,1.54,,8.0361,11.7081,,502124.9724,378369.2803
300616.SZ,20260210,1.9535,0.75,,1.0663,0.93,5.5876,335426.8741,231582.3135
300561.SZ,20260210,6.8176,0.94,,7.1811,44.8307,0.2666,430805.7712,316508.5947
688227.SH,20260210,1.4958,0.82,,5.8459,13.8822,,756905.0661,756905.0661
002826.SZ,20260210,7.2341,0.77,46.1858,4.9444,6.3152,0.4722,396609.72,362598.8891
002027.SZ,20260210,1.3851,1.58,19.9026,7.5538,8.5686,5.0802,10802765.395,10802765.395
688092.SH,20260210,1.3666,0.57,46.99,3.924,5.5693,0.9088,254686.9829,254686.9829
002121.SZ,20260210,3.3685,1.02,,19.2886,2.7944,,1428302.3517,1203933.2674
002282.SZ,20260210,0.9014,0.56,22.616,1.1411,2.419,2.551,413041.2648,395925.9882
001223.SZ,20260210,1.3632,0.75,82.5418,2.8785,6.6068,0.1783,560858.816,560858.816
300460.SZ,20260210,1.9692,0.95,,4.4169,4.6475,,246546.1324,246546.1324
000638.SZ,20260210,18.2133,68.11,,4.2413,1.2929,,59163.4447,58927.6642
002069.SZ,20260210,2.6846,0.93,,160.8892,1.9447,,291555.9995,291188.6395
300099.SZ,20260210,3.6063,0.83,63.0037,2.6382,10.4919,2.7995,603082.9786,475595.2123
301051.SZ,20260210,1.0755,0.56,,1.8413,2.3088,0.2083,406086.912,322015.932
603109.SH,20260210,0.8133,1.01,24.014,2.7537,1.775,1.1271,547600.3999,547600.3999
002873.SZ,20260210,4.0714,1.01,345.1389,2.0501,3.4289,0.5451,258994.1382,253227.6191
688190.SH,20260210,1.0731,0.65,36.6451,4.9333,6.472,1.3459,1275000.0,1275000.0
920139.BJ,20260210,1.343,0.83,,5.3775,18.1837,,575937.2967,552034.5799
002310.SZ,20260210,1.8535,1.64,,9.3715,41.3029,,1439837.3081,1007771.9321
300415.SZ,20260210,1.6163,1.23,17.8016,3.9488,2.1621,1.8662,1231381.1568,1190726.1413
002569.SZ,20260210,1.0182,0.94,,68.9317,16.6295,,198877.81,193279.8229
600279.SH,20260210,0.8424,1.01,12.8947,0.962,1.5427,0.7326,648028.9905,648028.9905
002682.SZ,20260210,7.4738,0.88,,3.77,1.7358,,406030.1249,406024.0601
600802.SH,20260210,2.0177,0.7,,2.6617,1.7024,,294653.7212,294653.7212
300805.SZ,20260210,15.876,1.07,151.6011,4.0318,2.5321,0.1348,629447.7114,427625.055
300520.SZ,20260210,13.4332,0.88,,8.0012,8.585,,1415766.3753,1347784.8832
002997.SZ,20260210,1.1479,0.75,16.2207,3.0196,2.2233,1.2828,734299.2081,734299.2081
002170.SZ,20260210,2.7903,0.59,14.0643,3.5706,2.675,3.3871,1254100.2643,1016828.0244
300075.SZ,20260210,2.1499,1.19,,2.7105,17.6129,,944738.9703,783981.922
000901.SZ,20260210,4.9145,0.57,180.487,4.9283,3.5489,,2129601.3512,2129579.9405
300264.SZ,20260210,20.9698,1.44,,389.2074,22.8924,,378723.7583,325607.0497
688456.SH,20260210,3.9834,0.79,91.8785,5.2049,1.746,0.3192,649429.9,649429.9
300829.SZ,20260210,1.724,0.64,60.9803,1.7166,2.5945,0.2264,414777.0703,288796.0866
000970.SZ,20260210,1.8031,0.78,116.6135,2.5867,2.5439,0.143,1683780.1956,1683780.1956
600692.SH,20260210,2.6886,0.71,,3.0663,5.7097,,283521.8356,205538.4767
603113.SH,20260210,1.2271,0.57,,0.7502,0.3594,4.9828,604125.3186,604125.3186
688237.SH,20260210,1.0095,0.93,1063.1787,3.6221,10.831,0.6838,439262.2009,439262.2009
000821.SZ,20260210,14.3876,1.42,34.2751,2.2439,1.2814,0.4534,961718.6572,933580.7796
002782.SZ,20260210,1.4252,0.47,34.3633,4.9716,1.9341,0.6871,1065826.6639,1045491.0788
920116.BJ,20260210,2.1887,0.91,177.2847,31.5637,55.1944,0.0982,1731481.675,1663208.575
000567.SZ,20260210,0.6481,0.96,,2.1277,24.7737,,1147345.595,1144592.575
300402.SZ,20260210,1.6728,0.63,90.3294,3.6367,3.8793,0.4076,544913.4174,537909.6414
002849.SZ,20260210,5.7362,1.29,106.6233,3.0381,2.5818,0.2123,415674.4861,364680.8309
002358.SZ,20260210,7.8821,0.55,70.3077,2.1328,2.4469,0.2597,715912.8723,715911.8905
300141.SZ,20260210,3.1756,0.57,,6.0103,9.26,,397596.3732,392807.1679
600010.SH,20260210,5.0419,1.81,116.6119,2.2697,1.7827,0.0766,11820329.6498,8190388.3529
600861.SH,20260210,1.106,1.18,9.1442,1.4811,0.2423,3.74,1058064.6699,685128.3909
300560.SZ,20260210,4.5635,0.7,,3.9286,3.7894,,381144.6689,310174.5783
601958.SH,20260210,0.7568,0.59,19.9981,3.3711,4.5361,2.0243,6375770.2944,6375770.2944
000701.SZ,20260210,1.7716,0.92,,,0.1167,,425715.4485,425354.6039
601208.SH,20260210,4.7431,1.08,120.8074,4.7036,5.473,0.6901,2751738.3367,2751738.3367
601026.SH,20260210,2.3597,0.87,62.3081,5.1425,3.4423,0.7541,1311546.6,213188.4111
002425.SZ,20260210,8.3598,3.9,,1.3728,7.2507,,397016.0024,396765.2727
688271.SH,20260210,0.4844,0.89,61.9802,5.1224,8.6888,0.1624,10604440.8316,10604440.8316
600592.SH,20260210,2.5803,1.26,126.7056,3.8191,6.5897,0.3497,971314.7311,971314.7311
600997.SH,20260210,1.0506,0.55,28.1743,0.7079,0.5364,4.1534,993962.7067,993962.7067
603176.SH,20260210,0.7524,0.62,,2.5691,1.1483,0.3917,278488.9136,270624.2076
600216.SH,20260210,5.8763,1.79,12.4765,1.404,1.7327,2.2695,1552083.3285,1535542.6127
600419.SH,20260210,1.0984,0.59,296.0237,1.3428,1.1718,0.2076,318982.5117,318982.5117
603758.SH,20260210,0.6489,0.78,37.1339,2.5815,4.6784,,654246.4001,654246.4001
688648.SH,20260210,2.2928,0.77,13.9746,3.7196,7.3402,,829600.0,424126.4364
300403.SZ,20260210,5.1677,2.01,37.9816,3.9873,7.2627,0.7072,852642.0,603867.9205
301105.SZ,20260210,5.8129,0.69,,3.1358,14.5775,,261700.0,86033.8593
301611.SZ,20260210,6.7645,0.99,170.5284,32.5576,54.3117,0.0775,5622220.0,1890183.7618
000885.SZ,20260210,0.6753,0.84,7.3629,0.9567,1.2927,2.6081,876436.8181,876436.8181
605098.SH,20260210,1.5531,1.23,20.6509,6.5876,7.5838,4.4991,596374.7511,596374.7511
002092.SZ,20260210,5.2827,1.38,,0.8663,0.6476,,1869994.0913,1859590.7933
603661.SH,20260210,0.3765,0.56,17.8313,1.3242,0.4202,3.5906,491880.0886,491880.0886
601992.SH,20260210,1.7017,0.63,,0.5524,0.2174,2.381,2242331.9381,1750173.2354
688550.SH,20260210,2.3512,1.03,23.4708,2.5092,4.8901,1.246,814982.7253,814982.7253
920396.BJ,20260210,2.7001,0.72,61.8665,7.0591,9.4897,0.6125,244829.651,173936.6727
001215.SZ,20260210,4.2606,0.78,72.7916,2.1795,2.1626,,407005.1083,405423.6226
300211.SZ,20260210,2.8121,2.83,,5.9789,13.9535,,277183.9074,270942.0909
300071.SZ,20260210,15.6081,1.22,,46.3807,6.2886,,650621.9268,638111.8346
000608.SZ,20260210,4.6044,1.25,,1.2725,7.4614,,283467.2308,281771.6173
002687.SZ,20260210,1.9424,0.73,44.6843,1.7759,2.0669,,265009.2328,217061.0579
300785.SZ,20260210,15.0292,0.81,151.5464,6.8121,9.8092,0.2319,1286394.567,791380.4897
600831.SH,20260210,6.77,3.7,,2.259,2.5694,,332012.2453,332012.2453
603800.SH,20260210,1.3664,0.78,86.736,9.491,6.8535,0.2466,817856.0,817856.0
300740.SZ,20260210,2.3775,0.65,61.51,4.4999,2.0249,,931734.1361,857609.7874
603822.SH,20260210,0.729,0.53,,17.8703,2.4638,,798297.7814,798297.7814
301418.SZ,20260210,2.0957,0.65,186.704,1.8022,8.574,,291646.6693,117068.3003
300834.SZ,20260210,4.4098,3.68,78.9605,1.768,3.637,1.1246,519149.106,515703.7677
002876.SZ,20260210,8.4745,2.78,100.2032,2.0352,1.442,0.5372,484443.4206,414973.0563
301313.SZ,20260210,9.3659,1.51,,4.6972,6.2517,,338292.618,246845.0275
301163.SZ,20260210,1.6776,0.61,69.6382,2.2092,3.0606,0.4065,250920.0,168281.3399
300172.SZ,20260210,3.2703,0.9,50.339,2.0388,5.2027,0.8562,395198.64,305731.234
300666.SZ,20260210,9.9973,1.03,68.1746,7.2081,8.2126,0.2306,3507539.4293,2923697.0339
000514.SZ,20260210,1.5166,0.66,47.3558,1.1614,15.1041,,440448.4437,440448.4437
600282.SH,20260210,0.6009,0.78,12.704,1.2645,0.611,3.6817,3409295.3291,3409295.3291
000166.SZ,20260210,0.2785,0.65,13.6189,1.1576,4.7689,1.5882,12770371.7256,11493108.7312
688566.SH,20260210,0.6112,0.67,23.783,2.4373,6.0011,1.8043,574759.7529,574759.7529
600741.SH,20260210,0.2622,0.62,8.7391,0.9323,0.3348,4.1797,6034313.7054,6034313.7054
688631.SH,20260210,2.4634,0.99,184.2411,6.4701,8.2927,0.5579,1172079.9,465117.9
001317.SZ,20260210,3.4111,0.66,,4.5342,2.9204,0.1775,450931.7555,450487.0992
605305.SH,20260210,2.1328,0.65,16.289,2.9416,4.8862,2.0775,838816.44,838816.44
300558.SZ,20260210,1.7212,1.67,66.3128,3.4417,6.1603,0.4162,2011107.7695,2004696.9148
000707.SZ,20260210,1.7542,0.66,,1.3656,1.7485,2.1665,388836.9333,308656.9337
603138.SH,20260210,14.6659,2.04,,7.1603,13.0878,,549248.095,538912.7867
600732.SH,20260210,5.1299,1.0,,4.8308,2.1036,,3125060.8863,2669377.5643
002330.SZ,20260210,2.4875,0.96,,1.4782,1.0336,,338623.0496,338550.2551
688577.SH,20260210,1.3249,1.02,210.0015,8.2868,9.9778,0.5767,827030.9459,827030.9459
301151.SZ,20260210,0.8822,0.9,41.8341,1.6542,3.8361,1.5559,338515.2123,338194.1414
603599.SH,20260210,4.4187,0.84,19.1724,1.3943,3.6426,1.7682,1389981.2898,1389981.2898
000547.SZ,20260210,17.4741,0.71,,9.6908,19.175,,4555634.5667,4528995.0267
002453.SZ,20260210,2.2621,1.04,,5.4426,14.3039,,498793.4154,376236.5655
002493.SZ,20260210,0.5082,0.79,201.2109,3.3905,0.4793,0.6462,14814342.8627,13884140.3814
002810.SZ,20260210,4.9581,0.67,40.324,2.9391,3.355,0.5272,656925.7557,608358.2014
605080.SH,20260210,2.4932,1.07,18.3937,1.7125,3.6573,0.7402,376640.1752,373474.5432
300590.SZ,20260210,1.4319,0.82,67.7416,3.2055,6.8334,1.7205,584555.1908,450394.6396
300697.SZ,20260210,5.6712,0.55,45.7717,6.1984,2.4898,0.7881,760148.48,354020.1508
300400.SZ,20260210,1.52,0.77,46.3469,7.4116,6.5872,3.8905,505146.9156,499520.5188
600365.SH,20260210,0.8133,0.8,,5.2875,1.8385,,142565.42,134165.92
603606.SH,20260210,0.8794,0.73,39.6022,5.1138,3.9635,0.7868,3920665.313,3920665.313
002140.SZ,20260210,1.1829,0.56,18.3277,1.8289,0.9097,1.6878,838996.4383,837749.2294
002472.SZ,20260210,3.0591,1.34,30.7396,3.8433,4.2803,0.9399,3640439.339,3236040.5443
300751.SZ,20260210,5.2944,0.62,103.6425,10.9537,10.4135,0.3557,8608747.6399,5957381.0737
002200.SZ,20260210,0.6215,0.62,,,6.0699,,311727.7765,135246.6453
002068.SZ,20260210,2.9062,0.92,,2.6645,0.7728,,714755.5305,714425.658
920496.BJ,20260210,1.4234,0.57,39.2217,2.9811,2.59,1.4451,171866.85,150508.3724
002128.SZ,20260210,0.5838,0.59,12.7586,1.7337,2.1199,2.7778,6455731.6598,6455731.6598
002236.SZ,20260210,2.0151,1.05,16.1248,1.6463,1.8982,3.384,6215254.7904,4001284.2366
688802.SH,20260210,6.3143,0.96,,15.3062,117.2037,,20579143.5,932978.0763
300254.SZ,20260210,8.5179,0.88,150.9163,10.4562,3.6188,,307330.2756,271118.004
603486.SH,20260210,0.6671,0.67,25.8552,4.7768,2.1675,0.6223,4160128.5049,4120101.7663
301288.SZ,20260210,1.9974,1.53,,2.6259,17.1316,,208675.32,150907.7878
301118.SZ,20260210,1.9293,0.58,,2.1977,1.9828,0.4685,294554.9772,280805.2336
300597.SZ,20260210,3.4574,1.39,,2.9707,5.7279,0.038,280474.5609,279242.0329
002161.SZ,20260210,3.4617,0.82,59.8749,3.8915,11.129,0.1697,653945.5416,622992.4778
688217.SH,20260210,1.3339,1.15,,1.9475,9.0812,0.5387,174158.6837,174158.6837
601088.SH,20260210,0.1293,0.5,16.3414,2.1281,2.8358,7.6271,84401472.7688,70053929.2328
603638.SH,20260210,2.388,1.79,53.4904,5.9019,6.633,0.614,2030349.9628,2030349.9628
600860.SH,20260210,7.1408,1.14,,9.6814,4.6263,,747318.3736,606115.6756
603317.SH,20260210,1.4112,0.61,25.2693,3.365,4.1917,3.9582,1476759.4193,1476759.4193
603882.SH,20260210,1.7774,1.04,,2.3175,2.4358,2.7397,1487985.5793,1477952.2613
000590.SZ,20260210,3.0189,1.09,,5.0856,8.4341,,296704.8998,296581.1981
301380.SZ,20260210,7.2482,2.29,68.8846,5.5097,3.6391,0.6103,401007.0725,319321.2184
600219.SH,20260210,1.7707,0.6,15.4319,1.6268,2.2176,5.6735,7889302.971,7889302.971
000731.SZ,20260210,1.0904,0.69,50.5933,0.9718,0.8626,3.9491,379787.5228,379787.5228
688046.SH,20260210,0.7963,0.78,50.0015,3.2384,9.1019,0.793,722010.0,722010.0
000818.SZ,20260210,8.5273,2.48,,6.7494,3.6971,,1558920.0921,1554695.4189
603155.SH,20260210,0.4971,0.66,57.4838,2.4925,8.808,3.2089,541258.5752,541258.5752
301327.SZ,20260210,3.1484,1.16,45.3476,1.628,2.2866,1.4121,1009493.6699,441604.3479
002080.SZ,20260210,3.2146,1.07,39.2291,3.5263,2.3957,0.5459,6917225.4132,6917225.4132
300715.SZ,20260210,1.8652,0.83,,2.5361,1.9753,,471435.1212,416696.1184
603968.SH,20260210,7.7752,1.98,,1.6135,1.0612,,291384.0,291384.0
688081.SH,20260210,4.4175,1.45,,11.4077,25.4855,,446266.24,446266.24
600876.SH,20260210,1.5886,0.77,,2.1101,2.0184,,721864.6086,442364.6086
300990.SZ,20260210,2.5708,0.76,53.738,7.0487,4.9471,0.5988,1418536.2114,641354.7433
603633.SH,20260210,2.5632,1.74,247.907,2.0601,2.5612,0.2859,399494.9256,399494.9256
001323.SZ,20260210,0.3633,0.41,17.2095,2.7745,2.2333,1.5893,1225187.4314,876474.4778
000404.SZ,20260210,1.8894,1.21,11.0957,1.185,0.4333,4.1436,503901.0888,501528.9701
002052.SZ,20260210,2.8186,1.19,28.354,26.9017,8.7872,,895403.2359,820370.7145
002034.SZ,20260210,0.6317,0.6,12.3497,1.0802,2.2456,2.8705,740814.5612,737138.0451
300814.SZ,20260210,10.1037,2.06,471.7207,9.9803,9.2949,0.1167,1640556.2312,1640556.2312
001280.SZ,20260210,17.3872,1.2,112.2321,11.6713,9.6381,,19149295.4529,1463729.9311
000065.SZ,20260210,2.698,1.18,17.7512,1.2381,0.9269,1.1494,1378631.8427,1157280.2359
920249.BJ,20260210,3.052,0.9,,7.987,2.5404,,582271.03,172168.6845
300824.SZ,20260210,0.9679,0.75,33.4748,4.9449,3.896,1.7969,370071.4674,358905.6781
000766.SZ,20260210,1.0614,0.42,394.6555,9.8573,18.202,,2268363.0773,2267220.0273
000591.SZ,20260210,3.4913,0.71,20.6613,0.9086,4.0801,2.13,2189838.9111,2189336.2524
002993.SZ,20260210,0.9441,0.77,25.4969,2.7872,1.887,3.0721,1333273.2,1151698.6864
603259.SH,20260210,1.7046,1.3,20.1698,4.2623,6.8115,1.6725,30240378.7659,25066695.2932
000541.SZ,20260210,0.8058,0.89,29.2296,1.4649,1.1307,1.875,982898.0672,787541.2518
688152.SH,20260210,0.8511,0.66,331.0596,3.2525,13.9458,,412041.2485,412041.2485
600222.SH,20260210,3.1291,0.89,82.6212,2.4475,2.1702,0.1995,387947.1273,387947.1273
601318.SH,20260210,0.5148,0.6,8.802,1.274,1.1365,3.7689,123476010.7639,72690983.801
300531.SZ,20260210,2.031,1.15,,3.9883,3.8321,0.2837,560282.7939,538783.9978
002599.SZ,20260210,9.7614,3.25,,3.6518,2.1765,0.2356,452245.1392,337907.7189
920006.BJ,20260210,1.6856,0.83,,7.2877,27.3266,0.4205,236191.3152,125037.245
002423.SZ,20260210,0.3495,0.68,26.5292,1.1387,,1.4325,2541428.4492,2541428.4492
600855.SH,20260210,3.3342,0.87,,6.1409,8.1895,,940365.2551,938552.9341
600379.SH,20260210,1.2096,0.77,60.079,5.5637,3.3876,0.6231,425299.6144,425299.6144
301175.SZ,20260210,3.0378,0.89,24.8409,2.5043,5.0885,3.25,883128.0,373128.0
920985.BJ,20260210,5.1497,0.66,,2.4726,0.9808,2.8141,270172.7226,191464.4909
600838.SH,20260210,5.2159,0.78,107.5342,2.9224,51.0723,0.2785,460613.3962,460613.3962
300300.SZ,20260210,13.9012,0.67,213.4987,60.9197,49.9053,,864233.7924,864178.7772
002305.SZ,20260210,0.9952,0.76,,,1.7617,,374590.6063,374566.3076
300769.SZ,20260210,2.6198,0.62,,2.192,1.6015,,1140085.0941,1024401.178
688768.SH,20260210,1.3546,0.54,42.6582,5.3405,8.9002,0.6692,561807.9325,557177.7604
688349.SH,20260210,0.2769,0.75,26.5123,2.4947,1.4288,2.2101,3311291.3805,3211607.3805
920564.BJ,20260210,3.7802,0.66,228.3139,8.2478,11.5495,0.1459,254479.9416,115645.5747
002833.SZ,20260210,1.6379,1.05,19.6715,2.8758,3.3976,3.7614,789496.0591,536996.6566
600320.SH,20260210,1.2644,0.72,43.3611,1.7473,0.7715,1.4584,2707933.6995,1707506.7978
688552.SH,20260210,12.7725,1.78,752.3999,5.1948,18.7879,,1346968.512,346789.2387
603116.SH,20260210,0.9161,0.65,,1.4631,1.9321,3.7028,382021.1304,382021.1304
000060.SZ,20260210,2.2714,0.48,27.1235,1.606,0.4868,1.0673,3046644.3062,3046605.7187
688120.SH,20260210,0.7422,0.68,58.4072,8.8592,15.4044,0.2033,6390491.4774,6390491.4774
300873.SZ,20260210,1.5749,0.79,20.3027,1.8062,3.1929,1.6137,567972.1817,410926.1442
300641.SZ,20260210,2.3931,0.76,10.3199,3.426,3.8617,2.9383,1073162.502,1073162.502
300232.SZ,20260210,4.7244,1.33,87.4634,1.8495,1.0784,3.0304,860170.6964,698743.1491
002367.SZ,20260210,2.3476,1.58,16.7209,1.832,1.5506,3.6101,662926.4739,660298.665
300913.SZ,20260210,4.8772,2.75,93.1252,7.4499,9.3328,0.1661,1875355.5075,1399393.5145
603858.SH,20260210,0.4882,0.54,10998.7073,1.7295,1.6685,2.2491,1828621.6784,1828621.6784
002124.SZ,20260210,1.1328,0.61,14.8651,1.4229,0.6076,,559927.3257,497033.3713
000582.SZ,20260210,2.4057,1.45,21.8386,1.2577,3.1225,1.2635,2384448.699,2028162.9938
002422.SZ,20260210,0.934,1.19,30.7401,2.1781,2.7978,1.9542,5120163.0039,4184053.954
300505.SZ,20260210,3.7859,0.56,20.3316,2.7206,1.9725,1.0961,752312.4105,594917.6646
002053.SZ,20260210,0.5172,0.92,31.2703,1.4059,3.7276,2.9178,1041345.0238,1041337.644
603237.SH,20260210,0.6816,0.79,32.5903,1.969,1.5875,2.7849,347438.8827,345568.6729
688729.SH,20260210,2.3563,0.74,117.1892,8.4818,14.6224,,7456877.88,542447.3514
300440.SZ,20260210,3.6376,1.94,133.6257,4.1146,6.5634,0.3813,659274.9,656732.3475
600765.SH,20260210,1.7612,0.71,124.2816,2.1192,2.8429,0.6412,3015491.9808,2994334.6248
603282.SH,20260210,2.5561,0.93,23.6557,2.1867,2.8122,1.0768,289051.2,138638.4314
600729.SH,20260210,1.6908,0.54,10.5935,1.3846,0.735,6.196,1081312.304,472545.382
300467.SZ,20260210,4.0679,1.05,432.7701,10.9391,24.625,,698415.231,579331.3507
002529.SZ,20260210,0.974,0.72,,9.2661,5.233,,179140.0,179140.0
300928.SZ,20260210,4.3706,2.02,,2.4643,2.6533,,270560.0,181229.4686
300773.SZ,20260210,4.4703,0.68,120.2053,6.211,3.921,1.4786,2131945.2658,2016361.3037
001301.SZ,20260210,1.4008,0.69,20.4817,2.9431,2.7972,1.044,1990182.7329,1419769.306
301050.SZ,20260210,3.6588,0.83,107.1031,4.2668,19.2698,0.6302,1345328.6346,1144809.9544
000829.SZ,20260210,7.4271,4.95,,3.9368,0.1431,0.0893,1148112.4906,1147025.2293
688498.SH,20260210,6.2639,1.25,659.7499,30.4765,144.7342,0.0517,6617888.9543,6467916.0
920510.BJ,20260210,2.8639,1.74,,8.1767,15.9,,327716.5797,167046.4598
603261.SH,20260210,0.7104,0.59,,3.3581,7.8373,,223291.9684,223291.9684
688211.SH,20260210,0.2817,0.59,,1.3046,2.3183,,440625.9209,440625.9209
002726.SZ,20260210,1.43,0.67,,4.196,0.4276,,453247.4894,452903.5094
600143.SH,20260210,1.868,0.97,41.1767,2.6034,0.7129,0.5184,4966647.0628,4966647.0628
600569.SH,20260210,0.8777,0.71,,2.5686,0.2437,,700870.8182,700870.8182
688805.SH,20260210,3.309,0.66,109.4509,6.3336,14.1908,,755566.08,142023.9787
002585.SZ,20260210,3.7558,1.11,,0.966,1.5237,0.411,833165.5068,647190.1052
600809.SH,20260210,0.5565,0.72,16.8926,5.3568,5.5281,2.1142,20773550.7722,20773550.7722
301228.SZ,20260210,3.3072,1.09,,7.7555,13.8276,,535440.0,532942.5918
002700.SZ,20260210,2.1426,0.63,40.7962,2.2226,4.3959,0.898,304016.716,193646.6824
688783.SH,20260210,2.6459,0.56,,8.0468,38.6464,,10126802.4,412860.9057
688192.SH,20260210,0.4707,1.05,,17.013,41.7271,,2535968.7806,2508990.8527
300945.SZ,20260210,6.7545,0.55,41.2223,3.03,1.7551,1.0488,499770.5965,454630.0338
002110.SZ,20260210,1.0055,0.68,44.9212,0.5398,0.23,,1061506.3112,1061506.3112
002831.SZ,20260210,1.7486,1.16,19.9158,2.5524,1.679,3.1827,2938279.092,1631090.355
920007.BJ,20260210,6.4038,0.66,29.9184,4.9814,3.59,1.3511,323290.5062,77437.3766
300739.SZ,20260210,6.1235,1.0,148.6137,2.8558,4.3999,0.5801,770811.444,708278.436
600894.SH,20260210,0.6843,1.1,12.4207,0.9674,1.1569,7.263,825276.3328,817006.9672
002623.SZ,20260210,17.2135,1.35,,2.1995,3.075,1.5493,623065.625,621731.0713
688036.SH,20260210,0.7579,0.84,18.466,3.4306,1.0454,3.7442,7004957.9563,7004957.9563
920346.BJ,20260210,0.8791,0.79,40.9736,4.244,7.0725,1.4008,195885.2201,108297.8273
300939.SZ,20260210,1.4083,0.82,52.7124,3.0849,3.4212,1.1078,428160.0,428160.0
002587.SZ,20260210,3.5124,1.18,,3.479,5.8769,0.2809,462596.3508,378215.3791
920199.BJ,20260210,4.5329,0.74,283.1809,5.5971,10.576,,294098.1164,163769.8871
603327.SH,20260210,0.9353,0.63,108.8242,4.5013,4.1849,1.7754,1076823.1408,1076823.1408
601311.SH,20260210,1.0773,0.83,15.0625,1.1395,0.6845,3.0303,1122700.8349,1122700.8349
002512.SZ,20260210,5.1843,1.13,,17.2754,3.714,,670835.4691,659954.4245
600966.SH,20260210,0.8533,0.67,68.7772,1.3805,0.5247,0.3453,1018675.3475,1018675.3475
600358.SH,20260210,0.7698,0.64,,42.5841,7.8339,,312050.8559,312050.8559
002893.SZ,20260210,2.0543,0.66,37.6438,2.5361,2.5059,0.8718,308458.8,237250.9831
300648.SZ,20260210,3.0244,0.61,,7.6616,9.1454,,1043422.7418,794396.7277
002382.SZ,20260210,0.6053,0.68,,0.7817,1.0419,,602268.5575,597824.2962
002243.SZ,20260210,0.8989,0.67,57.5191,1.8023,5.4761,0.647,1309873.765,1302881.9578
688147.SH,20260210,2.565,1.32,111.7326,12.5457,12.5994,0.0555,3625157.4017,3625157.4017
002898.SZ,20260210,1.6118,0.56,,4.621,8.6906,,212784.0,122426.4362
002760.SZ,20260210,2.5849,0.86,,3.1602,4.3927,,261332.6685,261332.6685
002963.SZ,20260210,2.6305,0.82,,1.8333,6.8341,1.2698,236816.8898,179883.8244
688728.SH,20260210,0.5336,0.96,177.021,5.1807,5.3653,0.1396,4051714.0272,3893266.2155
301668.SZ,20260210,3.7389,0.62,51.1707,5.8015,6.4811,0.9568,574860.0,120449.1929
300059.SZ,20260210,1.1382,0.66,28.562,4.0702,106.0416,0.2618,36175442.2381,30618547.5723
600616.SH,20260210,1.7319,0.66,146.5688,1.9699,6.8418,0.8834,378656.8017,378656.8017
300831.SZ,20260210,5.4544,0.97,452.657,4.8637,37.49,0.3278,445760.0,256986.5463
688126.SH,20260210,0.9723,0.82,,3.4043,19.2522,,6834788.3767,5649070.1027
301011.SZ,20260210,3.5371,1.85,51.7606,4.4568,4.2095,0.6912,424077.037,385939.6519
000661.SZ,20260210,1.5935,1.59,37.9757,1.583,2.8267,2.8678,3642066.2589,3567758.8631
301157.SZ,20260210,11.0833,1.93,97.7337,3.1255,12.8644,0.3509,341940.0,117741.6534
301279.SZ,20260210,1.1086,0.68,66.3513,3.0081,6.0013,0.6363,405045.0737,306116.6987
000889.SZ,20260210,2.2338,1.18,,50.3914,2.2765,,357663.2063,332282.5762
688679.SH,20260210,1.8516,0.56,,5.5011,4.2827,0.1066,617624.5758,617624.5758
603177.SH,20260210,1.2423,0.67,207.2853,6.7268,2.3499,0.3385,243601.056,243601.056
002967.SZ,20260210,1.4436,0.78,34.1913,4.0229,3.9706,1.2226,1375034.3249,1293100.4155
688709.SH,20260210,3.8897,1.13,304.9502,10.2696,42.2504,0.0431,2952422.8125,1028015.6196
688367.SH,20260210,3.8058,0.69,269.2377,5.6195,14.9828,0.291,331220.988,331220.988
600017.SH,20260210,1.3071,0.98,17.6251,0.6878,1.2237,3.8141,959604.0131,959604.0131
688570.SH,20260210,0.626,1.03,60.4537,1.9494,4.8338,1.7116,834824.0,362849.6
300570.SZ,20260210,17.0806,0.86,83.0819,18.8039,18.6256,0.582,3122085.9138,2641885.2942
601038.SH,20260210,1.353,0.6,19.2533,2.0021,1.444,2.6338,1569732.4492,1022192.2692
600313.SH,20260210,6.8578,0.45,161.287,3.6326,1.3878,,862900.859,804073.6066
301081.SZ,20260210,2.604,0.76,208.5215,2.7735,3.3716,2.202,298535.3627,286409.8101
688608.SH,20260210,1.3027,0.84,52.306,5.074,9.4534,0.4082,3519963.4745,3519963.4745
601519.SH,20260210,1.0787,0.73,,18.3355,30.4585,,2486450.0,2486450.0
002094.SZ,20260210,6.1507,0.66,144.0866,3.5349,3.2588,,546499.9613,546148.7573
301535.SZ,20260210,17.6373,1.37,96.7905,10.921,15.8096,0.7649,1212088.2363,181813.2363
603067.SH,20260210,4.4031,1.84,50.713,7.5712,6.1298,0.3644,2629813.0249,2629813.0249
601677.SH,20260210,1.6502,0.59,11.5029,1.0793,0.58,1.3594,2003316.5631,1962208.6761
001289.SZ,20260210,0.0654,0.78,24.6348,1.7272,3.9362,2.1135,12966074.8704,7820039.8884
000685.SZ,20260210,1.0192,0.65,12.9101,0.997,3.2384,0.6715,1792260.2915,1523564.0256
002986.SZ,20260210,1.4231,0.72,,1.2616,0.654,2.3926,480853.5609,381824.3641
301325.SZ,20260210,4.6178,0.56,,2.7471,4.8144,,778027.6126,313036.6429
300268.SZ,20260210,0.6077,0.75,,,1.0138,,227853.6,174889.41
600202.SH,20260210,1.9099,0.91,,3.0528,1.9076,0.1555,246488.0521,246488.0521
600675.SH,20260210,0.7033,0.66,31.4066,1.2027,1.4012,,1765471.5167,1765471.5167
603018.SH,20260210,2.775,1.1,16.1267,1.0298,1.2671,1.248,542250.5476,542250.5476
301187.SZ,20260210,0.4313,0.81,31.3674,4.1219,3.27,1.938,625097.0033,625094.9804
002795.SZ,20260210,9.049,1.19,,7.1472,4.1061,,319340.0097,314092.1287
300575.SZ,20260210,3.7216,0.9,,1.6286,1.2782,0.7228,321492.8776,230985.3376
300247.SZ,20260210,1.8925,0.83,53.2907,3.6296,4.7412,,410060.5596,409670.4096
603038.SH,20260210,1.0004,0.54,133.0408,3.3441,3.3067,0.2884,465886.1018,465886.1018
002030.SZ,20260210,1.9636,0.67,,1.1803,11.9355,,913643.3668,913643.3668
600157.SH,20260210,2.0065,0.6,120.7544,0.7556,1.5,,3556295.5556,3556295.5556
001208.SZ,20260210,18.3041,1.02,129.3748,5.1408,3.3592,0.2228,1487356.5066,613716.7505
002772.SZ,20260210,5.1794,1.01,28.3967,2.0751,3.4707,2.4365,692104.7918,686607.9493
603212.SH,20260210,13.0027,0.85,,3.0199,2.8205,,771733.4819,771733.4819
920099.BJ,20260210,1.3206,0.74,27.6297,3.0101,3.8098,0.597,262639.9933,163647.1148
002394.SZ,20260210,2.0485,1.1,13.5741,1.0504,1.2759,0.7128,454151.1,453569.7052
002723.SZ,20260210,2.087,0.4,,3.7272,3.1729,,350961.4691,334872.0492
300050.SZ,20260210,3.4207,1.08,,8.1207,12.7716,,332901.3447,332698.145
603819.SH,20260210,1.0608,0.58,105.6158,3.4646,1.8884,0.1566,278041.4488,278041.4488
920656.BJ,20260210,1.2324,0.64,25.9673,2.5282,8.0744,1.1587,172600.0,55881.461
000612.SZ,20260210,2.9161,0.7,16.2432,2.2448,2.3582,0.9871,1570126.6019,1569100.3296
688515.SH,20260210,2.409,0.75,,6.2985,18.2629,,945680.0,588915.1274
000875.SZ,20260210,2.9781,0.82,51.8899,1.3978,1.8286,0.8507,2430271.3194,2239411.2609
600521.SH,20260210,0.7129,0.72,51.6283,2.6069,2.7749,1.5417,2416564.9475,2416564.9475
300215.SZ,20260210,9.2616,0.54,,3.6019,13.3041,0.053,706395.8183,471377.7834
001306.SZ,20260210,4.7786,1.11,129.8505,3.8407,6.6047,0.1964,514620.7128,126914.0
300884.SZ,20260210,4.2847,0.96,,3.1352,5.9992,,396533.7248,298982.2419
688488.SH,20260210,1.535,0.89,,7.3484,10.7056,,718697.0361,718697.0361
002663.SZ,20260210,3.0711,1.01,,1.5947,1.9339,,377413.4095,283143.3741
600221.SH,20260210,0.7856,0.58,,13.8916,1.1168,,7476304.4286,7412274.0834
002572.SZ,20260210,1.4186,0.61,12.4929,1.9609,1.4348,6.8166,1412790.1896,955697.1305
002112.SZ,20260210,29.2936,0.8,89.7695,8.498,3.8439,0.2479,740034.3055,659392.1478
600187.SH,20260210,2.217,0.57,196.0231,1.1364,19.425,,361486.9671,361486.9671
002759.SZ,20260210,8.5781,0.82,,6.6514,8.6192,,2058676.9761,2056868.2339
000716.SZ,20260210,1.5572,0.64,108.1717,1.8179,1.9745,0.8137,463023.6908,454352.3673
603519.SH,20260210,1.0467,0.97,21.9254,3.0768,2.1362,7.2083,365934.4508,365934.4508
300925.SZ,20260210,5.3094,1.69,89.964,4.3467,1.9769,0.2874,953877.4026,777740.1014
300153.SZ,20260210,5.1278,0.84,226.473,11.9971,6.2385,,1090240.0,1084550.712
688035.SH,20260210,1.4794,0.81,68.66,3.185,4.9765,0.6712,732820.48,732820.48
301025.SZ,20260210,15.7316,3.07,902.9975,8.9908,15.0453,0.2158,556430.066,385239.5286
002083.SZ,20260210,3.6359,0.76,36.0106,2.4216,2.1415,1.2296,1106621.005,1106254.5235
301311.SZ,20260210,1.5214,1.24,,2.5363,2.1677,0.2856,453840.0,453840.0
600335.SH,20260210,1.2501,1.26,23.4014,0.854,0.2782,1.6692,985724.748,985724.748
301293.SZ,20260210,4.4084,0.53,188.3382,6.777,9.6358,0.1897,1584039.93,1237672.3715
300537.SZ,20260210,10.1743,0.95,,5.8961,11.088,,532400.3068,389014.1979
300658.SZ,20260210,11.058,0.96,152.4199,4.1513,3.228,0.3531,557379.8759,377735.9735
002733.SZ,20260210,1.1753,0.64,90.2639,2.784,2.3128,0.4939,764971.8918,734405.7532
688071.SH,20260210,6.919,1.11,,3.2913,6.7892,,348485.7656,348485.7656
601665.SH,20260210,0.7292,0.5,6.4517,0.7521,2.8063,1.8316,3686151.6725,3686151.6725
300523.SZ,20260210,1.5617,1.04,,5.3857,4.6728,,569031.6625,568348.7932
603197.SH,20260210,1.1553,0.83,30.6292,2.4579,0.9591,2.2929,771739.3565,771739.3565
000977.SZ,20260210,3.4007,1.51,36.7187,4.3684,0.5978,0.1859,9104555.261,9094357.1848
300795.SZ,20260210,3.8259,1.33,35.8938,7.8228,6.0044,2.2744,436683.9441,253140.4572
600196.SH,20260210,0.724,1.13,22.0303,1.5057,1.8285,1.1706,7231522.6121,5736867.7381
002329.SZ,20260210,3.2672,0.85,,3.6141,1.7458,,322972.7462,252350.9025
688475.SH,20260210,0.3376,0.76,42.6438,4.173,4.0942,1.1408,2416050.0,2416050.0
300987.SZ,20260210,17.4326,2.34,180.151,5.0223,12.0333,0.5444,398052.928,398052.928
688138.SH,20260210,0.7175,0.8,47.5193,3.4316,7.6456,0.8771,928030.4,928030.4
688018.SH,20260210,1.4545,0.97,58.9637,6.3507,11.1487,0.2435,2741646.793,2570394.749
603920.SH,20260210,3.1495,0.7,56.9334,7.2011,8.5745,1.3942,4651423.4062,4651423.4062
601377.SH,20260210,0.9516,0.76,18.0158,1.088,4.7287,2.1368,6062463.0804,6062463.0804
300916.SZ,20260210,1.369,0.82,33.6653,3.3623,2.8832,1.2594,459389.3662,296718.3272
300039.SZ,20260210,4.9881,1.29,19.7666,1.5133,5.8324,1.9908,683038.0,598752.8256
003026.SZ,20260210,2.2659,0.59,100.2723,6.6957,10.4344,0.4397,440834.219,325459.7561
688351.SH,20260210,1.8852,0.72,214.571,6.2604,24.4481,,1121439.8,297541.0964
301099.SZ,20260210,2.3153,0.58,64.9298,5.2209,1.1281,0.4805,676569.2293,414156.8791
300132.SZ,20260210,1.9597,0.83,31.8056,3.0141,2.0162,,424629.4883,417642.8154
605166.SH,20260210,1.1518,0.59,16.8751,1.7863,0.5613,1.2025,348094.3065,348094.3065
600326.SH,20260210,4.2061,3.21,,3.8701,4.4488,,1560021.7643,1560021.7643
001373.SZ,20260210,2.111,0.52,,3.4019,5.2889,0.1393,295834.4266,142698.3697
920029.BJ,20260210,1.3197,1.0,18.1202,3.3981,3.8933,1.7123,1216647.2029,337143.2029
301337.SZ,20260210,5.1663,1.0,,2.9934,13.2921,,328230.0,116505.1913
300390.SZ,20260210,5.6668,1.54,,3.3893,5.496,1.3483,3696841.0066,2992787.7365
301100.SZ,20260210,1.1856,0.74,,2.116,3.489,,422200.0,184712.5
300706.SZ,20260210,12.7693,0.71,,9.2805,4.8445,,652297.8782,483608.4032
300069.SZ,20260210,3.9612,1.36,97.935,8.0548,9.0807,,227448.0,227448.0
600730.SH,20260210,1.9222,0.6,723.4632,3.415,52.2641,0.0959,611882.2101,611882.2101
301520.SZ,20260210,3.0664,0.9,73.32,1.9796,10.1441,,299466.6682,100724.0801
300604.SZ,20260210,4.1038,0.93,84.155,18.647,16.649,0.0775,8133041.5115,6274818.6767
920675.BJ,20260210,4.4305,0.61,41.9804,3.1961,3.6753,1.7361,198332.928,91028.5862
301127.SZ,20260210,2.0519,0.87,39.7275,3.4804,5.8655,0.5741,1127041.6876,1093878.9989
601298.SH,20260210,0.251,0.45,11.1619,1.3783,3.1879,3.6829,6121107.3,5084726.725
601117.SH,20260210,1.4561,0.82,8.4031,0.7874,0.2725,3.417,5111279.5776,5095712.382
688209.SH,20260210,2.3194,0.75,59.4041,4.8069,6.5409,0.3632,1054095.2391,1054095.2391
000722.SZ,20260210,1.9366,0.86,83.4477,1.8672,15.7785,0.3949,587624.385,587624.385
300710.SZ,20260210,8.6926,2.06,,6.94,11.2743,,320856.2175,240520.5419
600734.SH,20260210,5.16,1.49,,31.9363,26.0972,,991127.9132,990923.1632
301618.SZ,20260210,1.7597,0.82,97.9041,4.9966,8.6194,0.6483,467137.7231,171673.0172
603607.SH,20260210,4.6406,1.07,41.7592,4.4622,4.8584,1.9794,450933.4368,450933.4368
300144.SZ,20260210,6.3896,1.53,30.7865,2.9222,10.938,2.1442,2446202.0769,2198420.0014
002615.SZ,20260210,2.4028,0.51,25.1965,2.3953,1.1982,2.8442,407517.9978,267481.242
301030.SZ,20260210,12.9885,1.52,,3.8018,,,319765.6614,319327.0218
920223.BJ,20260210,2.1754,0.63,,12.5551,8.0945,,315199.14,163493.835
002056.SZ,20260210,1.0304,0.58,14.1313,3.2439,1.4752,4.0079,3324999.4793,3321564.6088
600188.SH,20260210,1.0547,0.56,15.7295,3.0567,1.1604,4.5312,15949556.5844,9413094.7125
002459.SZ,20260210,2.3358,0.5,,1.8229,0.7855,,4130490.1273,4125580.2045
688188.SH,20260210,0.472,0.86,41.0808,7.4889,21.2233,1.4616,4359821.8977,4359821.8977
600416.SH,20260210,1.4314,0.86,75.4319,2.1996,4.3597,,2125126.633,1908585.2808
300897.SZ,20260210,1.0318,0.83,85.4078,3.7699,6.6807,0.8059,369759.6231,230526.1919
300119.SZ,20260210,0.9517,0.73,21.3549,1.9115,2.3097,1.5287,893258.5449,643797.0044
603937.SH,20260210,1.3855,0.67,,1.774,1.493,,273644.5586,273644.5586
600580.SH,20260210,3.234,1.4,71.0919,6.4633,4.3188,0.2813,6918618.4562,6898754.3912
600682.SH,20260210,1.0123,0.74,43.538,0.5434,1.457,0.2228,961769.538,832303.0966
603298.SH,20260210,0.2614,0.36,17.1327,3.3906,2.1283,2.4306,3772258.7011,3772258.7011
300745.SZ,20260210,1.7558,0.71,,1.9391,1.677,,436467.8742,368099.8828
603936.SH,20260210,2.6172,0.74,,1.7426,2.165,,762151.1868,762151.1868
002090.SZ,20260210,2.2923,0.74,59.8649,3.2251,2.8665,0.5293,491908.6432,486309.5047
920422.BJ,20260210,2.2613,0.88,54.0759,2.7146,2.2403,1.1521,115204.4884,86221.9684
920640.BJ,20260210,3.174,0.74,123.9013,9.5826,10.2898,0.2132,880444.32,847024.4822
688615.SH,20260210,3.5371,1.0,77.9999,12.3689,20.5162,0.576,3472000.0,2397422.0512
603418.SH,20260210,1.7855,0.85,21.8465,2.4963,2.3456,,1101455.473,230609.8491
301678.SZ,20260210,3.6806,0.65,104.4919,9.3058,18.7164,0.674,1777022.4542,355404.4953
002536.SZ,20260210,4.532,0.63,48.2221,4.8781,3.7769,1.0225,1686421.7954,1597320.0648
688273.SH,20260210,2.7094,0.81,43.9369,3.332,10.1868,1.5351,446000.0,164247.4834
301001.SZ,20260210,9.141,0.74,315.7506,3.6724,8.098,1.046,286800.0,180325.5
601226.SH,20260210,5.5215,0.64,97.6089,2.8609,1.3618,0.3184,1245903.8064,1245903.8064
688265.SH,20260210,0.9267,0.95,75.7178,2.1556,8.7546,,366896.2922,366896.2922
300112.SZ,20260210,3.0741,0.92,,2.664,2.5343,,267298.0484,218869.6727
002104.SZ,20260210,2.8462,0.76,313.1847,5.9827,15.3521,0.4449,1281385.5296,1084855.4982
002415.SZ,20260210,0.5792,0.83,21.2258,3.6137,3.2551,3.3525,30115767.9133,29726580.8162
300016.SZ,20260210,11.2429,1.23,177.9482,2.6908,5.2814,0.4134,594956.9333,594155.2252
002516.SZ,20260210,1.0293,1.08,54.6424,2.6453,4.3272,1.1923,986932.7556,980293.2106
002335.SZ,20260210,4.3408,0.81,72.7139,4.8482,3.7991,0.1681,3065682.7159,2704392.8865
301539.SZ,20260210,2.1665,0.89,51.4627,3.8563,2.971,0.4706,314500.0,159506.3229
301101.SZ,20260210,1.2903,1.14,43.6142,4.7943,10.1278,1.2184,823781.4648,780468.0828
605337.SH,20260210,2.4975,0.59,22.9172,3.3281,3.7109,5.8125,491528.864,491528.864
300239.SZ,20260210,2.2209,1.25,54.4326,2.1924,4.7285,0.3929,371004.9581,368601.1144
601333.SH,20260210,0.7323,0.71,16.8526,0.7816,0.7786,2.2508,2202980.007,1757845.707
688678.SH,20260210,2.1581,0.61,275.182,3.0501,3.6346,0.4051,639987.174,639987.174
301391.SZ,20260210,1.1086,1.32,334.3952,3.3879,11.2232,0.1572,703204.6162,687076.4236
300583.SZ,20260210,1.0316,0.75,,1.6219,3.0002,0.1325,286450.2103,281084.8783
300636.SZ,20260210,6.3004,3.41,38.435,1.529,4.4021,0.4624,363258.0432,317764.3967
002952.SZ,20260210,4.5173,0.43,320.925,4.5655,4.5748,0.2044,397045.44,318054.3973
601969.SH,20260210,5.4449,1.72,51.1006,3.4276,5.675,0.9066,2413883.8872,2394686.3512
000411.SZ,20260210,1.3355,0.75,14.1871,1.3743,0.2086,2.8593,699465.0802,455326.1395
603238.SH,20260210,1.0856,0.72,27.3098,2.3051,1.232,1.6009,332651.866,332651.866
603386.SH,20260210,1.8958,0.85,,3.538,1.9178,,481652.0986,481652.0986
300456.SZ,20260210,11.8123,1.04,26.1869,5.8645,37.59,,3989829.3672,3255500.026
000657.SZ,20260210,4.022,0.75,68.6994,10.9885,6.2819,0.3361,10848435.5484,6917377.5533
603395.SH,20260210,2.421,0.47,291.6227,5.6615,2.3995,0.3788,791960.0,197990.0
688027.SH,20260210,3.7664,0.7,,22.5107,210.6461,,7233288.4513,5652006.0728
603429.SH,20260210,1.7443,0.49,,4.6841,32.1841,,577982.9824,577982.9824
300917.SZ,20260210,3.4365,0.53,54.0692,6.0749,2.4218,0.5982,706251.0,706251.0
301266.SZ,20260210,8.3814,1.17,125.6153,3.1312,1.8455,0.1946,564524.4039,535534.4416
688399.SH,20260210,0.8171,0.61,,1.9829,17.3568,4.8461,588443.9945,588443.9945
603737.SH,20260210,0.4905,0.56,61.7351,14.2642,3.325,1.309,4106692.0547,4106692.0547
601158.SH,20260210,0.1149,0.46,26.148,1.2744,2.934,3.4505,2184010.5,2184010.5
603897.SH,20260210,0.9452,0.67,21.0252,2.2921,0.4266,6.7416,551183.2683,551183.2683
600539.SH,20260210,1.3927,0.82,,8.0392,5.2084,,255530.0,255530.0
001299.SZ,20260210,1.6113,0.52,32.5079,2.7229,4.3415,5.6758,321738.7916,289599.6186
002406.SZ,20260210,1.6985,0.74,46.8011,1.487,4.2687,1.836,596593.892,492007.9377
300121.SZ,20260210,1.0058,0.58,35.3858,1.7174,1.6997,1.0429,590825.4941,569759.5469
003011.SZ,20260210,5.0593,0.72,19.2777,1.8938,2.1095,2.2788,267676.332,203577.413
688334.SH,20260210,1.9387,0.42,28.9741,2.6695,8.6356,1.5394,762956.5131,378140.3222
000021.SZ,20260210,3.5017,0.68,44.0047,3.5408,2.9562,0.6576,4509151.4061,4508430.3547
688371.SH,20260210,0.3317,0.49,149.4716,3.557,14.0027,,700466.2793,700466.2793
603360.SH,20260210,2.0169,0.97,92.1555,13.2173,13.5264,1.5203,1990844.4806,1990844.4806
002928.SZ,20260210,1.9529,0.8,25.3131,3.6874,2.0222,,1471256.0241,1471248.6864
600757.SH,20260210,2.0989,2.36,10.3284,1.1645,1.6656,4.3203,1151754.1091,1151608.7507
301598.SZ,20260210,2.4881,1.11,34.2827,4.1577,7.086,2.9945,393374.5524,117201.2419
002949.SZ,20260210,2.645,1.22,35.6499,2.0753,2.3984,2.2906,299555.0242,232076.1376
601816.SH,20260210,0.2436,0.56,18.7754,1.2101,5.753,3.1277,24511765.3644,24511765.3644
688329.SH,20260210,2.0719,0.91,386.4752,2.6036,5.3018,,202264.0,202264.0
603050.SH,20260210,0.7346,0.67,33.7613,4.5431,1.7636,0.6557,831240.8568,831240.8568
603311.SH,20260210,2.8845,1.27,42.692,2.8182,4.5458,0.7308,387321.3753,387321.3753
603355.SH,20260210,0.4795,0.86,18.5963,3.3112,1.8401,,1809064.7902,1809064.7902
000615.SZ,20260210,0.8679,1.01,,,5.5789,,570210.1691,295175.931
002420.SZ,20260210,2.335,0.76,54.9573,5.4565,1.1403,,336023.93,326439.989
300154.SZ,20260210,1.021,0.71,39.9188,2.326,4.7274,2.1645,415389.0057,291139.6035
300719.SZ,20260210,6.0639,0.52,506.4783,4.4449,6.4592,0.2205,461168.0501,325830.9194
301308.SZ,20260210,2.9143,0.72,184.7094,16.0574,5.775,,12086892.0645,7912704.0459
688549.SH,20260210,1.8316,0.55,2451.4893,4.4138,11.5915,0.0549,1345798.436,536869.609
600228.SH,20260210,2.0411,0.51,,6.3069,7.1045,,260420.2669,260023.2356
605598.SH,20260210,3.7668,1.26,241.9048,8.3659,10.2578,0.1834,1520339.1727,1510592.4847
001201.SZ,20260210,1.1528,0.64,169.0711,1.1345,1.8762,,385387.0815,303686.3032
600376.SH,20260210,2.5534,1.08,,2.2191,0.4394,,1447136.1008,1447136.1008
600463.SH,20260210,1.8014,0.6,,3.9774,6.1821,,365700.0,365700.0
002249.SZ,20260210,2.8038,1.12,25.3707,2.8179,2.1632,2.0763,2693220.518,2023574.5809
300898.SZ,20260210,4.2641,0.69,37.0114,3.6288,4.5531,2.0913,355756.0,329173.8227
603402.SH,20260210,11.6352,0.89,32.4811,4.2357,11.5461,,1220242.6772,305060.6772
688726.SH,20260210,10.3984,0.71,40.5743,7.4817,5.2334,0.4987,3007520.3224,1631839.5971
300690.SZ,20260210,2.2734,0.93,31.4947,3.312,5.0318,0.6629,523825.3754,350955.4087
300851.SZ,20260210,1.9669,0.75,52.3402,2.1257,7.9277,1.3694,272970.876,169905.4785
601061.SH,20260210,2.8554,0.89,23.9908,2.9622,0.4928,2.0588,6830600.0,698608.4627
301206.SZ,20260210,1.2541,1.18,61.3115,1.3287,8.3084,5.3648,560037.5376,360623.6817
688085.SH,20260210,1.0382,0.53,109.1166,3.4116,13.8181,0.0165,707940.8833,666162.8057
603726.SH,20260210,4.8313,2.29,24.0151,3.6753,2.6322,1.4362,516481.6384,513852.6484
920799.BJ,20260210,1.704,0.83,126.8076,23.5432,18.8145,0.5501,949254.7263,546188.1838
603066.SH,20260210,0.9616,0.87,500.0507,2.2919,2.6754,0.4651,328893.3227,328893.3227
301302.SZ,20260210,4.2092,1.53,,2.4515,15.2009,,384986.55,343305.3
300397.SZ,20260210,3.6318,0.86,,5.1148,18.7244,,736079.4514,576628.6902
603297.SH,20260210,1.6466,1.57,58.1421,6.3821,13.9375,0.7393,1275439.2399,1273052.4627
920403.BJ,20260210,2.8453,0.32,34.4659,4.8782,7.1157,0.6131,231511.3164,137688.0414
688765.SH,20260210,3.2333,1.05,,9.1214,1141.7387,,2670167.5,306070.4555
600039.SH,20260210,0.1696,0.87,11.0707,1.7317,0.7884,4.1586,8565156.7853,8565156.7853
000031.SZ,20260210,1.279,0.72,,1.4931,0.4207,,1513068.6087,1513065.5595
000738.SZ,20260210,5.7837,0.95,70.1502,2.9236,6.9939,0.6174,3664102.6268,3664102.6268
600888.SH,20260210,1.8507,0.88,13.9861,1.0671,1.5493,3.1468,1204385.935,1204385.935
600340.SH,20260210,3.299,0.53,,,0.4787,,657505.0175,654083.6504
688489.SH,20260210,0.5836,1.07,,2.77,9.8635,0.2508,506346.526,502482.7936
603209.SH,20260210,1.1999,0.97,19.1953,1.5371,3.3269,1.095,510900.0,505384.7905
603159.SH,20260210,0.8194,0.38,568.228,7.4278,8.4309,0.2444,372400.0,372400.0
600812.SH,20260210,0.6222,0.84,52.4938,1.7453,0.981,0.5357,960809.0072,960809.0072
688561.SH,20260210,1.4453,1.26,,3.0491,5.5453,,2482717.6663,2482717.6663
600955.SH,20260210,1.402,0.91,,1.2963,1.2037,0.1503,1090650.0,1090650.0
002712.SZ,20260210,11.462,2.15,,2.8081,0.537,,382626.1672,380252.8919
603566.SH,20260210,0.8013,0.6,33.8187,1.936,4.4017,4.2223,485871.4313,485871.4313
920208.BJ,20260210,0.7191,0.59,17.9673,3.3566,3.4182,2.8732,332638.1212,243008.7722
000061.SZ,20260210,0.8168,0.83,54.3769,2.1666,2.5653,0.6526,1820209.4186,1556087.5665
605507.SH,20260210,0.8105,0.99,18.3276,1.9342,2.6923,2.094,1599911.6805,1599911.6805
002082.SZ,20260210,3.6536,1.67,800.6412,4.2511,8.201,,1137129.9532,1028497.182
601108.SH,20260210,1.0587,0.77,14.2415,1.1288,5.9903,1.8912,4137593.2936,4137593.2936
920519.BJ,20260210,0.8306,0.62,69.8619,2.233,2.6196,0.7716,114250.3731,80632.7731
301229.SZ,20260210,1.5291,0.71,94.3875,2.9233,3.446,0.821,365378.807,259854.0864
301378.SZ,20260210,11.8485,0.62,,3.0319,9.7419,,395770.2,188111.8335
920981.BJ,20260210,1.8919,0.98,458.2216,4.8641,4.379,0.4653,246532.832,120286.2084
601100.SH,20260210,0.6953,0.75,59.1675,9.9625,16.1965,0.8081,16591318.955,16591318.955
688075.SH,20260210,0.3008,0.69,41.7195,0.9768,10.8979,2.0161,504264.5702,504264.5702
600478.SH,20260210,1.5865,0.73,62.2318,4.057,2.5822,,1177537.4276,1177537.4276
688600.SH,20260210,0.8198,0.59,54.8481,4.8249,4.564,0.3418,366676.5098,366676.5098
301336.SZ,20260210,6.7894,1.07,78.3703,2.9812,6.7196,0.3629,247120.0,187998.3749
301285.SZ,20260210,5.1108,1.43,,15.0699,17.4627,0.0672,1535558.1,583253.5734
603266.SH,20260210,1.353,1.17,39.0706,2.7445,3.2264,0.7845,430987.5873,430987.5873
603076.SH,20260210,3.8917,3.11,216.701,2.3682,2.0566,1.5723,307064.2191,307064.2191
300880.SZ,20260210,0.9698,0.85,42.3398,3.5957,5.0866,2.3304,376810.0877,376769.8997
300175.SZ,20260210,0.7789,0.83,,5.8383,11.2447,,301312.0,301312.0
603236.SH,20260210,1.9271,0.8,25.4705,3.6455,1.0583,1.0326,2458011.9983,2234556.3652
920033.BJ,20260210,1.4129,0.89,53.1454,2.6628,9.2054,,203125.6013,141107.4334
000576.SZ,20260210,1.6656,0.77,60.4135,2.8542,9.8388,,471331.6711,468520.4819
301076.SZ,20260210,2.8999,0.78,116.5692,6.5334,17.2565,0.4039,765979.656,480974.5978
920957.BJ,20260210,1.8584,0.75,282.1514,3.5968,2.2554,0.7645,140350.1449,55857.7921
000786.SZ,20260210,1.2026,0.66,15.5663,1.7898,1.8953,3.0401,4807114.5826,4771170.1458
301665.SZ,20260210,4.9153,0.69,28.4671,3.7844,2.6038,2.0318,1328850.0,112952.25
301468.SZ,20260210,11.7996,0.98,209.5528,4.1778,20.3991,0.3604,938771.6226,541143.8023
600467.SH,20260210,4.0601,0.98,97.0841,1.1617,2.88,0.3279,397390.4507,397390.4507
603336.SH,20260210,2.3168,1.01,602.6302,4.0868,5.5115,0.0522,582544.0304,582544.0304
301595.SZ,20260210,7.53,1.03,75.8712,6.4796,5.216,0.4836,559807.6,125956.71
300962.SZ,20260210,0.9472,0.72,44.9994,4.6266,12.6779,0.8333,462531.3235,462531.3235
001979.SZ,20260210,0.8464,0.88,24.0359,0.9572,0.4959,1.8502,9457817.7474,8826310.3567
688472.SH,20260210,4.1508,0.67,43.4147,2.4206,1.286,0.6047,5563074.951,2057868.2551
603626.SH,20260210,12.4249,2.03,,7.0911,4.7074,,1512602.0349,1512602.0349
688347.SH,20260210,2.7485,0.73,4353.7064,5.2745,14.2529,,23473673.2952,5508294.75
688283.SH,20260210,1.0836,0.76,126.0245,6.0802,22.3832,0.5351,587685.0,587685.0
002635.SZ,20260210,1.8607,1.07,66.5651,1.6095,2.0034,1.4055,938734.2822,562585.4506
002463.SZ,20260210,2.1432,0.67,36.3797,9.2012,7.3398,0.6916,13905450.9184,13894228.5718
603959.SH,20260210,14.6966,2.15,,142.8337,3.2132,,339286.9025,339286.9025
688361.SH,20260210,1.7299,0.82,2648.2798,13.5135,38.4024,,6795968.1037,4818832.8148
300624.SZ,20260210,25.4558,2.88,,18.2636,12.8967,,1972223.8411,1746750.0364
000839.SZ,20260210,5.8956,3.91,,8.3575,3.9455,,1281783.2171,1281783.2171
300274.SZ,20260210,4.0143,1.14,21.0448,7.4942,3.418,1.2926,32236364.4318,24718392.2225
301356.SZ,20260210,1.3047,0.49,54.1984,1.6324,3.1431,,489888.0,124309.08
600152.SH,20260210,3.0979,0.66,,2.5013,2.9257,,425908.8969,425908.8969
300049.SZ,20260210,3.2282,1.75,147.9458,9.5633,12.3945,,1822239.2643,1605788.7289
600540.SH,20260210,2.4297,0.99,,6.4378,0.6478,,280805.0717,280805.0717
300741.SZ,20260210,0.426,0.72,,1.7324,9.2232,0.5219,1180026.08,1180019.7572
002686.SZ,20260210,1.5643,0.87,322.3561,2.4012,2.3355,0.1435,394102.4366,363821.8952
300810.SZ,20260210,3.6273,0.7,,6.8904,21.4406,0.0455,512691.15,495060.8501
920876.BJ,20260210,2.1289,0.52,,6.7519,3.3907,,170142.927,102238.0392
600927.SH,20260210,0.3148,0.78,35.3683,1.7013,1.9545,0.587,2231366.6673,2231366.6673
688157.SH,20260210,0.7177,0.71,141.5332,4.2197,7.3909,0.4545,570660.5798,570660.5798
003013.SZ,20260210,0.6318,1.01,11.3288,2.1066,2.2217,3.1915,614123.6546,601520.4204
000526.SZ,20260210,1.0788,0.9,20.0414,4.7242,1.4947,,471115.0474,461830.2685
600353.SH,20260210,3.2181,0.52,129.5164,8.502,9.6399,0.3133,1589404.4977,1587173.3695
600750.SH,20260210,0.5207,0.51,17.6656,3.9792,3.7936,4.7603,1600717.2416,1584915.8052
002921.SZ,20260210,6.812,1.09,,2.789,3.2963,,369147.9747,318427.0391
002328.SZ,20260210,2.2696,0.53,36.6635,1.6462,1.2973,2.0028,547184.93,404691.4543
002024.SZ,20260210,0.3104,0.74,173.8661,1.1703,0.2589,,1473098.0513,1471456.1696
603806.SH,20260210,1.9394,0.53,68.0557,3.1558,3.1829,1.3506,5016605.4643,5016605.4643
000563.SZ,20260210,1.1283,0.9,12.887,0.9746,6.2529,2.2161,1846143.2992,1846143.2992
600078.SH,20260210,2.5341,0.75,,4.4059,2.1375,,764798.5329,748707.3329
603210.SH,20260210,1.5206,0.94,32.8696,3.636,3.2807,,664120.4,147087.2518
301080.SZ,20260210,2.7046,0.96,47.9174,3.1329,10.4196,0.578,827863.9456,623943.7995
603663.SH,20260210,3.9909,1.4,253.3771,14.7171,18.3219,0.1631,1945908.9508,1943702.3908
600815.SH,20260210,1.3526,0.7,,3.7755,10.3755,,573032.517,573032.517
002050.SZ,20260210,5.0266,1.56,55.5228,7.2069,7.1398,0.6935,22428714.2736,19636772.8509
300788.SZ,20260210,9.2042,4.92,44.1668,2.9536,3.8308,1.3775,659825.7571,659825.7571
603788.SH,20260210,0.6645,0.81,19.0633,1.7889,2.4185,4.2245,369618.8177,369618.8177
605259.SH,20260210,0.9865,1.17,15.6017,2.1532,1.5113,2.6786,386355.2,386355.2
002117.SZ,20260210,1.5594,1.11,31.0239,4.4136,4.9069,1.7662,622704.2155,622506.5145
920925.BJ,20260210,1.8739,0.76,146.868,5.9839,7.2392,0.1299,222619.5138,125022.1148
002634.SZ,20260210,9.4253,1.55,,,5.8698,,330733.8094,321490.4674
000859.SZ,20260210,8.8478,1.57,,3.8327,4.6309,,1044708.332,1044648.866
688360.SH,20260210,0.919,0.88,61.6981,3.5905,3.394,0.5354,527755.0797,504824.356
688737.SH,20260210,2.2493,0.75,,1.7951,1.9011,,322943.7388,322943.7388
300286.SZ,20260210,2.1572,0.63,34.2552,3.1197,6.4308,1.4332,697432.1256,589097.642
603883.SH,20260210,0.7131,0.72,27.7158,1.7319,0.5214,1.4435,1157307.6099,1157307.6099
300517.SZ,20260210,5.7051,1.33,,2.506,8.3904,0.7824,252921.8029,156520.494
600638.SH,20260210,1.1934,0.65,29.139,1.0286,2.1969,0.5256,474071.3373,474071.3373
300417.SZ,20260210,5.3174,1.15,,4.2028,11.5505,,192963.6288,125564.2493
002756.SZ,20260210,2.6247,0.89,42.5649,2.08,3.4798,1.6442,2571514.3458,1854245.1576
920245.BJ,20260210,0.6295,0.77,82.092,4.016,4.2025,0.5342,139543.56,106692.6613
688022.SH,20260210,1.6536,0.65,,4.1232,5.0685,,285626.3982,285626.3982
002404.SZ,20260210,2.7252,0.74,25.9479,2.1132,0.9104,4.0214,417798.4496,340017.1736
600057.SH,20260210,0.7105,0.54,10.9161,1.4652,0.0612,4.1274,2360529.7407,1738875.9463
600133.SH,20260210,3.9075,0.79,28.0642,1.2321,2.8668,1.6272,1081167.2333,1081167.2333
300011.SZ,20260210,2.6768,0.69,674.3994,3.5418,3.3944,,553477.6237,463631.9877
300872.SZ,20260210,1.7382,0.65,175.2313,2.404,4.6607,0.26,876177.344,757564.8389
301110.SZ,20260210,4.4993,0.69,72.2528,4.8517,5.1798,0.5231,707525.1561,499792.8936
301036.SZ,20260210,7.2574,0.79,47.9754,2.1173,2.3115,0.5701,350800.0,247081.1916
001219.SZ,20260210,1.6783,0.68,28.4069,2.8247,5.3144,2.649,294425.4625,287084.3272
603950.SH,20260210,2.6791,1.38,32.1514,3.8777,4.8885,0.6215,1123113.222,1121297.562
301088.SZ,20260210,0.7321,0.74,45.8456,1.5543,6.0216,3.3767,385378.9,317654.35
688097.SH,20260210,1.3104,0.68,39.914,4.0472,3.5695,0.5484,1903612.7744,1896627.3564
000951.SZ,20260210,1.2936,0.68,14.826,1.559,0.4565,3.5571,2366186.891,2366186.891
300529.SZ,20260210,0.7382,0.73,33.7151,4.9071,7.9717,3.8137,1624363.1294,1042358.2848
920098.BJ,20260210,1.6465,0.58,35.0458,2.6078,5.0198,0.999,244205.0681,165723.4439
003005.SZ,20260210,4.2317,1.79,,2.7024,13.0705,1.089,485684.8624,266527.2544
688525.SH,20260210,3.1423,0.73,,16.4335,9.1222,,7521287.6627,7521287.6627
603716.SH,20260210,3.4321,0.8,,4.411,3.7432,,467062.458,467062.458
300549.SZ,20260210,2.3338,1.2,271.6039,4.7823,7.8301,0.2528,263746.52,199886.1472
002259.SZ,20260210,9.6746,1.06,83.347,15.9342,4.6038,,432588.7535,432588.7535
688108.SH,20260210,1.8417,0.6,280.0749,10.3605,18.6297,,939138.144,939138.144
301113.SZ,20260210,2.0798,1.0,330.6773,3.5865,7.1688,1.7756,243243.0,147328.9866
001333.SZ,20260210,4.8711,0.65,25.1594,1.901,1.9589,1.4145,325760.0,111980.0
300999.SZ,20260210,1.2242,0.53,42.4695,1.6862,0.6549,0.371,16221401.8757,1623600.1142
300329.SZ,20260210,2.3138,0.91,,5.5741,29.6352,,377815.8373,376679.9596
600249.SH,20260210,1.5871,0.82,163.3553,1.5335,3.1201,0.491,336050.0,336050.0
300707.SZ,20260210,4.9342,0.66,137.964,2.8452,4.0982,0.3219,325365.0372,264074.0357
603826.SH,20260210,1.9377,0.68,350.5677,6.4385,12.1683,,1256018.4,1256018.4
600397.SH,20260210,3.866,0.82,,75.3263,2.9206,,1171122.5404,1171122.5404
000428.SZ,20260210,2.4663,0.6,,2.8949,7.3775,,403494.696,403494.696
600866.SH,20260210,1.3356,0.64,9.364,1.4439,0.7217,5.2632,1199583.2288,906665.4519
002146.SZ,20260210,2.7376,0.65,,0.6111,0.2457,,726143.3631,653224.0656
300976.SZ,20260210,1.1771,0.73,27.96,2.2948,2.6447,1.2772,812537.4447,522148.091
600648.SH,20260210,0.2313,0.67,21.4879,0.9629,2.2656,3.2588,1460545.7221,1221965.7221
300911.SZ,20260210,1.9755,1.02,,5.8644,13.8055,1.996,688242.0564,643197.5551
920879.BJ,20260210,0.3166,0.69,43.4179,5.9226,8.7615,1.6525,357379.0997,279273.8695
688114.SH,20260210,0.6317,0.71,,3.6465,9.3538,,2817731.7886,2802974.4485
600967.SH,20260210,1.0793,0.94,55.2593,2.4314,2.7269,0.413,2884541.9606,2884541.9606
000402.SZ,20260210,0.8798,0.6,,0.3669,0.6317,,863800.7431,863724.8127
605162.SH,20260210,0.707,0.86,25.119,2.9379,4.972,1.929,373743.9409,373743.9409
301322.SZ,20260210,2.3199,0.8,49.9086,1.5379,5.5281,0.9804,432340.9067,278446.7808
603392.SH,20260210,0.2363,1.25,,4.3403,29.2217,,5247230.1366,5247230.1366
600362.SH,20260210,1.7699,0.54,24.0618,2.3977,0.3698,1.9685,19252775.4918,11538375.5718
603041.SH,20260210,1.8634,1.13,77.621,1.6353,3.9548,0.8844,245784.2027,245784.2027
002835.SZ,20260210,2.2577,0.84,22.4528,3.1161,3.4831,1.8248,383455.8975,222372.4837
920770.BJ,20260210,8.9091,0.71,58.4136,4.0994,14.6333,0.6126,254928.9308,160429.9542
688080.SH,20260210,1.5817,0.65,28.8332,3.8279,5.7073,0.343,429783.5302,429783.5302
688077.SH,20260210,2.7278,0.78,83.9837,3.6057,2.5547,0.564,391516.4837,391516.4837
688178.SH,20260210,0.9414,0.98,,2.1522,3.7129,,214364.5626,214364.5626
688396.SH,20260210,0.7876,0.82,100.1549,3.4554,7.3712,0.1412,7898799.9181,7898799.9181
002531.SZ,20260210,2.828,0.62,,1.83,3.2735,0.2186,1644143.9721,1634982.5035
603533.SH,20260210,0.665,0.18,,5.3651,3.9602,0.3539,1240322.4557,1240322.4557
300298.SZ,20260210,0.958,0.8,35.8672,3.1648,2.1451,1.203,1011282.4873,814597.7599
001220.SZ,20260210,36.1087,0.68,26.4184,2.8085,4.4518,,420196.37,102937.1743
600452.SH,20260210,3.4761,1.08,47.8462,3.4117,6.2527,0.7407,1866898.1096,1866898.1096
688516.SH,20260210,6.4445,0.86,68.1566,9.3199,4.8782,1.9549,3389480.9124,3383357.3898
920821.BJ,20260210,1.7061,1.14,170.0389,6.4637,8.1246,0.291,339678.462,178854.1887
600206.SH,20260210,2.1291,0.61,66.4548,4.3691,2.0211,0.4986,1850565.5838,1850565.5838
000559.SZ,20260210,6.9292,1.88,64.2513,6.8884,4.6618,0.9184,6474895.0411,6473304.8499
002981.SZ,20260210,1.2732,0.78,30.3964,3.676,2.0898,0.8498,413833.2062,359435.8842
301053.SZ,20260210,1.1246,0.51,106.9748,4.3595,4.4266,0.8273,296448.504,272153.9955
603093.SH,20260210,0.3835,0.6,29.0851,2.3916,5.9882,0.4119,1312001.1044,1115200.4524
600269.SH,20260210,0.4486,0.67,8.7232,0.5892,1.8298,3.4483,1151355.6579,1151355.6579
300875.SZ,20260210,5.3824,1.12,,4.4376,27.7436,,418906.6152,368373.8431
300557.SZ,20260210,2.1113,0.95,91.8084,4.3375,6.1492,0.4303,432465.2675,426807.6909
300691.SZ,20260210,1.3456,0.94,,2.9378,2.3807,0.4548,473256.7794,388278.3531
300563.SZ,20260210,5.9929,1.6,104.1547,6.1726,7.9685,0.6211,682101.2899,479905.9948
301357.SZ,20260210,13.9836,1.85,1172.3446,11.1298,69.353,,1266160.0,316540.0
002725.SZ,20260210,4.4643,1.55,53.3675,3.7996,5.7259,,391424.0,324169.114
000010.SZ,20260210,3.2477,0.69,92.1796,12.7474,4.558,,416174.1297,306988.0673
603218.SH,20260210,0.7354,0.78,25.7766,1.391,2.2334,2.5085,1421870.925,1418690.025
301312.SZ,20260210,16.515,1.25,115.4004,7.9677,15.2289,0.3553,981562.9572,490477.3965
600036.SH,20260210,0.2404,0.55,6.6064,0.9322,2.9394,7.6589,99214872.5943,81154267.3837
301236.SZ,20260210,2.1522,0.98,222.7677,4.3697,1.3132,0.2104,4529329.4143,3722253.0793
600726.SH,20260210,0.3386,0.63,,4.9031,1.2105,,2016370.7336,1906210.733
600933.SH,20260210,1.5672,0.91,17.5009,2.0487,2.7012,1.5449,1912956.1825,1814986.9033
603767.SH,20260210,0.9175,0.86,792.6894,4.795,7.4827,0.9259,666644.04,666644.04
300940.SZ,20260210,2.7007,1.05,43.6501,4.8552,6.9229,,577539.501,408501.6207
601778.SH,20260210,8.2426,1.01,34.604,1.0066,3.9745,0.6125,1592666.285,1592666.285
688317.SH,20260210,1.4909,0.76,,1.206,31.1241,,409296.5379,409296.5379
600378.SH,20260210,0.384,0.55,32.1015,2.5582,2.8667,0.8014,4604008.6438,3827985.7805
603697.SH,20260210,2.2053,0.41,27.0016,3.2199,3.6786,3.3208,566692.0299,566692.0299
301270.SZ,20260210,15.2857,3.21,332.9264,4.3682,22.1449,0.2348,425700.0,402256.0369
601900.SH,20260210,4.7401,2.48,12.0304,1.5754,1.516,3.5645,1360879.855,1360879.855
600906.SH,20260210,0.6011,0.69,22.5686,1.8168,7.8736,1.9062,2213090.0,1448728.2359
000058.SZ,20260210,0.7415,0.54,123.3584,5.4671,6.7585,0.1351,1138860.6216,910883.9025
600522.SH,20260210,5.7375,1.14,28.9895,2.2685,1.6064,1.2257,8307119.453,8307119.453
603185.SH,20260210,2.9004,0.6,,1.5084,2.3952,,1832695.0598,1821816.568
300725.SZ,20260210,3.1441,1.14,48.5191,1.3651,4.9294,0.5706,975911.8413,846127.8269
600753.SH,20260210,0.9777,0.62,,88.8609,2.3526,,197603.5562,197603.5562
002972.SZ,20260210,1.8672,0.78,39.584,2.6143,9.6162,2.3399,313907.2288,171809.1764
300670.SZ,20260210,2.8872,0.71,,3.9411,8.5834,,224696.6196,159308.2062
000926.SZ,20260210,1.9442,0.82,,0.4303,0.4954,,371160.7923,366557.7308
688651.SH,20260210,5.5991,0.89,,4.099,12.4438,,380387.955,163732.5792
603900.SH,20260210,3.5436,0.47,,1.5846,2.0029,1.1123,308378.4322,307232.2072
688697.SH,20260210,0.516,0.85,23.1935,4.0323,2.6119,2.7811,704750.7386,704750.7386
920026.BJ,20260210,2.0974,1.0,85.2925,4.9265,10.5125,0.6008,300566.8749,136279.9384
603797.SH,20260210,0.8836,0.73,23.1689,0.9065,2.9707,1.7682,293492.0417,293492.0417
603137.SH,20260210,1.4158,0.67,50.8738,2.1659,1.4546,0.5435,269277.8676,108535.4676
688623.SH,20260210,3.3271,1.15,90.8592,3.0146,18.2069,1.1074,633418.317,205018.317
688067.SH,20260210,1.6726,0.71,72.5938,3.8007,8.8475,0.5296,195636.0,195636.0
301260.SZ,20260210,0.8822,0.8,,1.8303,1.5478,,816317.3692,345905.3228
603738.SH,20260210,4.0378,2.0,168.362,3.7555,6.9787,0.4784,642888.5617,642888.5617
002497.SZ,20260210,1.6271,0.44,66.6196,2.68,3.7099,0.1573,2907915.238,2670725.0308
000711.SZ,20260210,18.7777,6.23,,13.3612,12.315,,774240.5564,619433.8365
002073.SZ,20260210,1.2351,0.62,17.9498,1.3646,1.0518,1.829,836175.6669,831581.9449
300252.SZ,20260210,4.1907,0.82,663.4191,4.5076,4.0633,,983960.5973,830364.8511
301281.SZ,20260210,12.4801,3.15,72.6407,2.768,8.7124,0.5708,379448.16,241257.408
300508.SZ,20260210,3.3667,0.53,53.7729,5.5326,9.0292,0.4334,468146.305,352598.3968
002058.SZ,20260210,1.0966,0.83,17.5351,82.5668,5.2165,,330361.5086,329600.2496
688303.SH,20260210,0.4732,0.48,,1.3254,11.1447,,5180671.8235,5180671.8235
600262.SH,20260210,3.0434,0.92,20.7548,2.9683,1.5082,1.028,522580.0,522580.0
002375.SZ,20260210,1.7998,0.44,18.8984,0.7261,0.5562,1.528,594958.4451,589096.4019
000799.SZ,20260210,3.9841,0.59,,4.7078,17.8541,1.1007,1771187.87,1771032.5165
300333.SZ,20260210,1.3654,0.95,,6.3438,30.9802,,367920.0,366584.1734
301230.SZ,20260210,5.0545,0.66,179.2657,6.5409,9.8269,1.0485,655917.4569,590268.7852
002386.SZ,20260210,1.6498,0.89,,1.0411,0.6584,,782289.8909,782144.1267
300720.SZ,20260210,1.5666,0.83,162.1516,10.7203,27.9983,0.4657,627699.6416,562554.063
600006.SH,20260210,0.4892,0.79,56.4112,1.6539,1.3882,0.0723,1384000.0,1384000.0
603520.SH,20260210,1.2493,0.66,,1.7719,1.9273,1.4272,460768.7849,460768.7849
300703.SZ,20260210,5.4966,1.01,38.8302,5.3224,2.3036,0.5449,496618.7355,467078.338
002983.SZ,20260210,8.4535,0.77,42.6589,4.3852,5.1003,1.5199,587568.0102,336593.4881
002668.SZ,20260210,0.8652,0.71,9.2909,3.2008,0.5802,,1088447.8737,1088447.8737
920694.BJ,20260210,0.7921,0.76,24.485,2.9384,3.5652,1.1926,257044.1743,121606.3982
600960.SH,20260210,0.9466,0.78,,1.335,1.5003,,493317.5538,493317.5538
601099.SH,20260210,1.0421,0.59,86.7,2.8718,19.1518,,2856036.559,2856036.559
600526.SH,20260210,0.9151,0.7,17.7645,1.1349,1.0855,1.7533,507449.3216,498487.0769
300938.SZ,20260210,3.6265,0.62,44.159,4.5745,10.7723,0.7776,830322.5467,578865.7367
002968.SZ,20260210,1.507,0.63,26.517,2.3796,0.9513,2.5653,293256.0068,276250.3808
300793.SZ,20260210,1.7748,0.9,,2.0641,2.8586,0.732,617244.5837,603524.8967
002378.SZ,20260210,5.5335,0.83,140.0535,13.4822,6.3851,0.2865,3019162.5947,3003340.0003
600488.SH,20260210,0.7936,1.04,288.8002,1.5567,1.6371,2.2738,470603.1591,470603.1591
001268.SZ,20260210,4.2438,0.96,44.5706,3.507,4.4586,1.3363,360065.6022,209945.6022
601198.SH,20260210,1.3603,1.35,21.0528,1.5784,9.4285,1.1584,4632094.4302,4632094.4302
600276.SH,20260210,1.0172,1.45,51.9023,6.514,12.5103,0.342,38761247.2642,37253373.2802
605333.SH,20260210,0.3553,0.94,20.703,3.9807,1.6541,0.7389,1359638.3896,1279753.9173
002035.SZ,20260210,0.9975,0.8,12.1909,1.3998,0.8941,6.2448,532326.4721,491119.6549
605081.SH,20260210,1.8972,0.79,,1.2542,12.4673,,111888.1071,111888.1071
301317.SZ,20260210,7.0289,0.9,15.8863,4.6776,7.4043,1.4551,629231.57,208943.5222
301306.SZ,20260210,9.2222,0.68,,9.9235,30.1178,,908312.8,627424.6
688348.SH,20260210,2.0175,0.64,149.3868,2.3537,7.2187,0.7251,852493.4079,852493.4079
603790.SH,20260210,4.3182,2.85,77.4082,3.5195,5.311,0.5177,443572.48,443572.48
600853.SH,20260210,1.4717,0.89,11.0299,1.2548,0.2523,0.9091,446173.9682,446026.2602
002596.SZ,20260210,2.9697,0.68,,7.8135,4.4976,,522149.1357,521668.9969
603658.SH,20260210,0.2785,0.66,19.0615,2.3925,4.9606,3.4407,2092557.5004,2092557.5004
002912.SZ,20260210,1.7558,1.02,56.3771,3.3154,7.6547,0.6293,542649.856,515541.551
002227.SZ,20260210,2.259,0.36,,2.6321,8.0959,,251275.4564,249379.8807
300822.SZ,20260210,1.9183,2.25,185.6795,4.1183,6.0836,0.5983,518084.7006,480577.1275
601188.SH,20260210,1.488,1.01,29.9966,1.0372,5.389,1.9346,479107.4588,479107.4588
300983.SZ,20260210,0.8269,1.52,,1.6296,26.4335,,461894.4,316169.0289
301122.SZ,20260210,5.719,2.38,1001.4229,2.1792,11.4103,0.7842,389719.1577,241142.4177
002010.SZ,20260210,0.8995,0.8,33.3419,1.0356,0.7024,2.2556,1838080.5538,1833445.4692
601611.SH,20260210,1.2153,0.74,27.1769,2.1455,0.4295,0.6723,4662401.526,4662401.526
600693.SH,20260210,7.2858,0.57,281.4338,3.6703,7.0226,0.5366,1296940.7528,1295608.598
002940.SZ,20260210,2.5571,0.89,61.158,4.1991,4.4925,0.6675,661063.2655,607147.7054
000039.SZ,20260210,3.7274,0.63,21.9885,1.2262,0.3595,1.5928,5958735.0254,2543054.8908
002508.SZ,20260210,0.5769,0.43,13.2565,1.78,1.8256,4.6512,2031618.6694,2007136.3421
603020.SH,20260210,2.4163,0.98,23.1925,1.2783,1.7099,1.5996,422711.2647,422711.2647
688809.SH,20260210,5.809,0.41,123.3746,11.1166,48.3137,,4340236.55,815825.8015
300515.SZ,20260210,0.9488,0.89,23.0713,4.8225,6.2298,1.4477,416035.599,407961.2981
688562.SH,20260210,2.6979,0.7,,5.4748,8.3985,,894800.0,387045.74
301338.SZ,20260210,4.3172,0.67,94.3471,8.9018,13.2224,0.1527,1393840.0,774865.0
000911.SZ,20260210,2.1184,0.37,54.404,22.7772,0.9602,,273418.4357,273418.4357
601555.SH,20260210,0.671,0.51,13.5197,1.1272,4.5228,3.9725,4690455.4781,4690455.4781
002980.SZ,20260210,1.6267,0.9,46.176,3.9974,5.555,2.2801,431455.8425,230966.2924
600425.SH,20260210,1.9351,0.96,28.0181,1.1195,1.8605,2.193,731744.8904,628728.2792
002606.SZ,20260210,5.728,0.42,29.793,2.7992,3.2688,0.2646,509324.9352,488524.7838
920703.BJ,20260210,1.005,1.03,20.8834,2.0517,5.4213,1.8809,228949.756,115846.7583
002543.SZ,20260210,0.5792,0.62,10.2791,1.3873,0.9197,2.7465,701958.4,624560.7868
002642.SZ,20260210,2.725,1.25,239.7566,4.9032,3.3819,,576236.4526,576236.4526
688123.SH,20260210,2.6687,0.51,59.1435,9.4388,19.7851,0.2011,2358396.8266,2358396.8266
688777.SH,20260210,3.1615,0.69,82.0309,6.6898,8.0705,0.8175,6824009.6704,6755287.7145
301339.SZ,20260210,2.7389,0.83,39.6844,3.1893,8.2231,2.5021,878044.3132,254276.0948
603808.SH,20260210,1.7554,0.65,,1.4814,1.3291,0.4715,385702.0575,385702.0575
688280.SH,20260210,3.443,0.6,174.1347,8.7728,2.6707,,584319.4503,515338.7036
920160.BJ,20260210,3.597,0.72,45.7585,5.8806,17.1972,,289770.24,65198.304
600048.SH,20260210,1.5377,0.78,80.4162,0.4398,0.2676,2.4457,8247635.515,8247635.515
000881.SZ,20260210,1.0561,0.66,,1.5182,1.3734,,793212.2588,706094.7315
300335.SZ,20260210,3.0602,0.81,58.362,1.5207,2.6193,1.6181,294793.6558,237411.5994
300811.SZ,20260210,2.0317,0.68,56.4048,7.4501,12.4319,0.2676,2159301.9161,1770569.8194
603262.SH,20260210,3.0027,1.28,72.4944,7.2957,10.5746,,1118827.97,111902.376
601020.SH,20260210,2.4658,0.5,28.4893,6.0051,11.964,0.1277,2568949.3988,2568949.3988
603578.SH,20260210,4.9715,0.8,,2.7865,1.8799,,273240.9035,273240.9035
000838.SZ,20260210,3.3346,0.52,,7.2158,10.0718,,296024.3237,283463.015
603052.SH,20260210,8.883,1.24,344.9232,10.8195,13.1782,0.2817,1176988.5744,1176988.5744
300748.SZ,20260210,2.6132,0.74,82.7901,7.4588,7.0864,0.8164,5047037.1307,4148444.2745
001326.SZ,20260210,12.7135,1.1,173.8241,3.8411,3.1432,0.4398,465991.2,153441.7924
001279.SZ,20260210,1.2623,0.55,95.903,5.6085,3.9052,0.536,559680.0,139920.0
002126.SZ,20260210,3.887,0.59,46.4648,5.8476,2.7171,0.2514,3954537.2666,3708434.8416
301479.SZ,20260210,2.0699,0.84,42.943,6.3018,5.1719,1.229,775599.7731,183092.9601
920735.BJ,20260210,1.2276,0.64,17.5234,3.1769,3.9251,0.8665,415181.2886,367196.8405
600366.SH,20260210,3.0341,0.86,51.1954,2.5246,2.9166,0.3482,1545251.7177,1545251.7177
600350.SH,20260210,0.052,0.43,14.9451,1.6667,1.9389,4.1176,4931262.2415,4931262.2415
688320.SH,20260210,2.21,1.33,,4.3587,6.0562,,544857.3141,544857.3141
688819.SH,20260210,0.1459,0.55,23.2342,1.9996,0.7396,1.1802,3369298.6,3369298.6
688170.SH,20260210,4.0472,0.67,,3.4266,5.547,,416230.72,416230.72
600601.SH,20260210,1.5896,0.59,130.6596,10.6801,10.7377,,4756675.8332,4641536.4284
603778.SH,20260210,14.5068,0.87,,13.6565,6.7226,,993499.5276,972642.8558
603927.SH,20260210,1.2134,1.06,68.2453,5.1839,2.3398,1.9898,1628838.4,1628838.4
920111.BJ,20260210,1.0728,0.66,34.517,4.1959,3.3207,0.8241,376559.9715,182724.2794
603107.SH,20260210,0.9848,0.86,27.474,2.4636,2.3186,1.9405,521519.91,337297.0009
000006.SZ,20260210,1.3873,0.86,,2.3139,3.6282,,1248745.4176,1248738.3413
600635.SH,20260210,1.1041,0.73,31.8261,2.044,3.028,0.5732,1854128.9759,1519001.1719
000797.SZ,20260210,2.3027,0.76,,0.9952,1.1428,,502641.3494,502583.1901
002251.SZ,20260210,2.3367,0.63,,1.6675,3.338,,1368548.1417,1095608.3086
605005.SH,20260210,0.3831,1.02,34.7481,3.7793,4.1717,1.04,771123.0,771123.0
002842.SZ,20260210,20.1964,0.96,,9.3235,5.0508,,1041389.8192,854515.5295
301408.SZ,20260210,6.4817,0.58,44.0984,3.9237,1.5954,0.4864,822420.56,306696.199
600390.SH,20260210,0.5179,0.68,606.2662,0.603,42.5673,0.1056,2554901.1807,2554901.1807
688617.SH,20260210,1.5082,2.55,44.2744,11.376,14.124,0.5003,3401644.7819,3401644.7819
603369.SH,20260210,0.604,0.65,14.2451,2.481,3.9065,3.653,4095738.1215,4095738.1215
300657.SZ,20260210,4.4098,0.82,164.0471,12.0779,2.1783,,1519568.0756,1483523.8249
603409.SH,20260210,4.495,0.42,29.8331,3.1793,3.8745,1.3287,474250.89,118563.4902
600992.SH,20260210,2.2234,0.51,,2.5797,1.7177,,359301.94,359301.94
300012.SZ,20260210,1.4719,0.86,26.9494,3.5573,4.1611,0.9437,2658868.5781,2262196.107
601601.SH,20260210,0.2889,0.65,8.2604,1.5217,0.9863,2.4027,43243434.8402,30768461.3402
002539.SZ,20260210,2.1645,0.59,22.0017,1.9257,0.8673,1.355,1782600.2727,1300654.4546
300261.SZ,20260210,3.9903,1.5,,3.4957,5.5721,,701289.2949,681534.1362
920982.BJ,20260210,0.9859,0.57,32.4681,13.7604,14.4817,1.1524,2534544.2442,1209394.3734
001332.SZ,20260210,2.0209,0.77,25.3905,2.486,4.7319,1.4055,627141.24,272467.8717
002886.SZ,20260210,1.5859,0.58,145.6799,3.3634,2.9962,0.1823,606421.0138,481716.0899
300437.SZ,20260210,3.8427,0.52,,2.7487,4.3301,,382925.556,266704.6756
603356.SH,20260210,2.7521,0.82,,6.43,2.5922,,246545.66,246545.66
002869.SZ,20260210,1.5421,1.06,224.9215,1.8971,7.1066,0.8549,406019.9043,361504.3929
601518.SH,20260210,0.5024,0.57,10.1657,0.9857,3.6405,2.9352,553932.0785,553932.0785
300308.SZ,20260210,1.9643,0.55,72.2111,23.7988,19.5681,0.162,61745956.9387,61433767.2852
300425.SZ,20260210,1.2186,0.98,57.5885,1.5323,2.1587,0.4924,360214.7224,358549.1327
603182.SH,20260210,0.9589,0.86,23.5843,2.4736,1.9227,2.4301,270849.3,270849.3
300003.SZ,20260210,1.5141,0.9,77.8721,2.1827,5.3064,1.6532,3319957.1757,2843569.8715
002252.SZ,20260210,0.2994,0.87,23.0447,1.2956,5.2916,0.7553,4208482.3867,4206266.414
300946.SZ,20260210,1.8288,1.04,147.3101,6.4864,12.3975,0.4761,771302.5632,374776.4592
000812.SZ,20260210,1.8587,1.0,,1.9241,2.429,0.6222,345911.6763,345672.4365
002612.SZ,20260210,3.6551,0.75,8.2842,2.5165,1.4704,2.0608,858786.4729,494448.8396
301548.SZ,20260210,25.2597,2.66,55.5551,4.8651,12.3965,0.5081,734541.0,221501.953
920953.BJ,20260210,2.6331,1.12,67.7356,8.2113,15.8119,0.3501,465445.3917,217564.9406
300047.SZ,20260210,6.4604,1.86,303.4547,2.7214,1.0134,0.1066,897306.7535,769124.9296
002802.SZ,20260210,2.5139,0.82,55.2088,3.9925,6.1743,0.7063,252670.5581,252172.8248
300942.SZ,20260210,0.9809,0.8,128.6155,4.7514,15.956,0.1742,401828.2139,401828.2139
000157.SZ,20260210,1.1124,0.64,19.4614,1.4792,1.7352,5.1653,8371782.1084,6844164.0074
300305.SZ,20260210,2.7669,0.96,,1.2519,2.6695,,256398.4541,219568.0377
601096.SH,20260210,5.9854,0.68,47.3288,3.4546,1.5991,0.6757,1583691.8121,972642.1123
688501.SH,20260210,3.3404,1.43,19.721,3.3831,1.7943,0.8171,361497.66,361497.66
688141.SH,20260210,1.642,0.7,,12.8857,9.1934,,2233595.1806,2233595.1806
301568.SZ,20260210,3.9267,0.77,49.8494,5.0782,11.5351,1.1216,512161.664,236092.8256
301095.SZ,20260210,3.1672,1.08,142.3843,4.9743,22.7022,0.3158,1560189.6755,1359388.7697
002400.SZ,20260210,19.9871,1.11,199.2175,4.2341,0.9755,0.2399,2107694.5878,2086933.0232
600984.SH,20260210,2.5932,0.44,,1.6177,2.1439,,539271.8438,539271.8438
603605.SH,20260210,1.1973,0.52,18.9423,5.6404,2.7405,2.6219,2990014.7609,2990014.7609
600986.SH,20260210,30.7638,0.97,164.171,3.9826,2.6991,,2080836.3127,2080836.3127
600848.SH,20260210,0.2643,0.6,18.2384,1.4732,2.6439,1.7498,2883202.6456,2736241.728
603456.SH,20260210,1.2438,1.06,22.1601,1.8297,2.9909,2.7521,1601892.2964,1601892.2964
000988.SZ,20260210,2.9768,0.66,47.8982,7.0471,5.591,0.2617,7685057.1896,7681105.3765
603025.SH,20260210,0.5989,0.62,26.7206,7.1006,6.5114,2.0968,1851413.6136,1839011.7736
600023.SH,20260210,0.2446,0.5,9.1505,0.8958,0.8276,6.841,6664140.1763,6664140.1763
002683.SZ,20260210,2.1701,1.34,42.3469,5.7268,2.016,1.2834,3816731.2844,3337796.6536
600212.SH,20260210,1.8137,1.18,178.7678,10.176,3.7886,,548533.0159,413789.3859
000720.SZ,20260210,1.9101,0.71,,1.9985,3.3676,,471199.3391,471199.3391
000969.SZ,20260210,1.9204,0.68,79.704,4.4217,3.3195,0.8398,2502337.2037,2462383.0816
603585.SH,20260210,1.4264,0.67,31.8764,1.5035,1.4001,,381819.7983,373331.1333
600728.SH,20260210,2.2366,1.0,54.857,1.8647,1.4344,,1465095.6923,1465095.6923
688362.SH,20260210,3.0506,1.08,211.7228,7.223,4.3597,,1843068.8047,1843068.8047
300791.SZ,20260210,1.379,0.81,19.5428,2.75,1.5161,2.2716,675258.0853,563072.1555
002821.SZ,20260210,1.2946,1.01,36.4046,2.1798,6.0086,1.0451,3781969.6856,3322159.2978
601127.SH,20260210,0.7988,0.58,26.6254,4.7967,1.2895,1.1598,19224547.4091,16661956.2819
000516.SZ,20260210,1.5496,1.06,,3.3272,2.6411,,1110492.7895,1093608.7094
000902.SZ,20260210,0.461,0.57,13.2661,1.8153,1.2539,1.8007,2090386.3026,1903876.2398
600746.SH,20260210,0.5199,0.85,69.0761,1.6665,1.485,0.6338,908581.7638,907212.066
603773.SH,20260210,4.9539,0.69,,7.1146,3.3524,0.1334,830787.6248,830499.1808
301072.SZ,20260210,1.527,0.72,,3.4164,3.3032,,256102.1114,163687.1323
600004.SH,20260210,0.6507,0.59,18.1244,1.1883,3.1375,1.5144,2453536.8573,2253115.8054
300901.SZ,20260210,1.6274,0.73,,4.6045,13.3573,,445920.0,445920.0
600590.SH,20260210,12.4361,0.97,,3.4058,2.3291,,1089114.6708,1077238.2809
601083.SH,20260210,2.6351,0.77,10.257,1.7169,2.2155,4.1426,1524473.36,228673.36
920370.BJ,20260210,0.9674,1.03,,2.0236,3.009,,123716.7373,107763.7137
688766.SH,20260210,3.979,0.86,305.4675,17.0319,20.6947,0.117,3870743.7718,3870743.7718
000099.SZ,20260210,1.2636,0.87,44.5919,2.9039,6.8473,0.9266,1574037.608,1574037.608
300014.SZ,20260210,1.3201,0.63,35.4983,3.2666,2.2065,1.1556,13143699.8595,12672797.1423
300203.SZ,20260210,1.6174,0.92,266.6374,2.5166,2.1342,1.5654,716633.9472,716044.5344
603825.SH,20260210,1.3287,1.66,,15.0083,2.0643,,246749.8016,246749.8016
600668.SH,20260210,8.5749,8.12,7.0426,0.838,1.7442,0.711,483919.4962,483919.4962
603848.SH,20260210,1.306,0.52,36.268,2.9148,4.718,1.1025,729965.411,729965.411
300290.SZ,20260210,4.3761,1.51,,14.9037,15.5008,,1156636.4848,1156292.7388
603877.SH,20260210,0.3269,0.79,41.7621,1.7461,1.1534,2.5221,747126.1157,744347.1662
920639.BJ,20260210,1.8872,0.47,81.9202,2.0373,0.8042,,176601.6,102775.3904
000909.SZ,20260210,0.494,0.45,,2.4333,7.346,,241618.2632,241616.2346
688060.SH,20260210,1.2314,1.07,,3.2454,9.4205,,292286.1752,292286.1752
600331.SH,20260210,3.6796,0.8,,13.8215,11.5389,,4398264.0,3383280.0
688281.SH,20260210,0.4836,0.53,75.0202,5.5957,21.6683,0.5243,2606593.365,2606593.365
002675.SZ,20260210,0.6993,0.69,67.7259,2.5719,4.0906,0.2199,1124748.5416,1013975.7678
920001.BJ,20260210,0.8513,0.63,153.8283,3.7763,13.5638,1.0946,280729.8847,162038.4935
603818.SH,20260210,1.6316,0.72,,1.2713,0.7975,,276677.1736,276677.1736
002485.SZ,20260210,0.5469,0.56,,2.2219,3.4199,,261664.0,261664.0
600480.SH,20260210,0.767,0.94,19.4306,1.8525,0.738,2.8009,1443517.9083,1422115.3043
002577.SZ,20260210,0.721,1.31,478.585,4.4331,11.9279,,515343.168,515315.628
002281.SZ,20260210,4.4691,0.97,62.41,5.8505,5.0048,0.3668,5718524.4059,5525714.998
603276.SH,20260210,1.998,0.69,93.4522,2.1873,4.939,0.6737,381244.4765,138879.3142
002556.SZ,20260210,3.1403,1.39,40.1875,1.6904,0.393,3.8051,603878.535,603306.2975
300245.SZ,20260210,2.8242,1.28,,3.4259,7.9281,,403886.159,402997.2042
002630.SZ,20260210,6.7871,1.08,,12.5262,1.5205,,302284.8,263749.8591
002703.SZ,20260210,5.7998,0.75,93.0448,8.5065,5.2078,0.284,1738222.2274,1238319.5804
688350.SH,20260210,4.6477,0.82,618.787,2.6095,3.1498,,467496.3835,467496.3835
300876.SZ,20260210,1.4082,0.69,,3.3185,6.2917,,333443.9456,248748.7406
603048.SH,20260210,1.1117,0.99,55.1236,2.6466,4.7652,1.2107,337824.0,337824.0
601015.SH,20260210,9.4235,1.32,,1.775,0.9088,,1000823.8431,1000823.8431
603270.SH,20260210,3.4271,0.76,48.0128,2.7158,3.3172,0.9154,598380.3076,193127.2176
301071.SZ,20260210,4.5806,0.73,153.8641,2.0412,19.6559,0.3533,1080390.3713,807760.3872
601666.SH,20260210,2.5364,1.5,36.9386,0.9397,0.991,6.5347,2158221.2763,2158221.2763
300789.SZ,20260210,1.087,0.56,58.5683,3.1727,5.7096,0.6468,338045.284,232405.4896
301192.SZ,20260210,7.1065,2.59,82.8058,5.3745,7.36,0.7494,333266.4,159690.15
003001.SZ,20260210,1.035,0.71,72.1401,2.9278,5.1808,0.996,351137.8266,212846.2286
603730.SH,20260210,1.5839,1.0,39.7788,5.4378,3.8971,2.331,2481616.0007,2481616.0007
688707.SH,20260210,0.9005,0.87,,1.7768,4.6283,,725972.2725,725972.2725
300752.SZ,20260210,2.2846,0.95,57.7526,3.5836,2.9689,,436661.5049,300532.5551
920873.BJ,20260210,1.2522,0.78,,4.2576,14.4354,,122096.0536,95365.8904
300445.SZ,20260210,2.3789,0.5,38.662,3.9631,8.2445,0.3794,503883.9908,336977.5704
000025.SZ,20260210,1.2469,0.56,52.0742,4.3836,4.6247,0.5441,792285.1922,721926.5522
300017.SZ,20260210,25.1122,1.0,53.3231,4.5314,9.5435,1.33,4594252.1834,4307872.563
300867.SZ,20260210,1.384,0.96,21.1978,1.3459,3.3111,0.3545,521199.3397,367542.1626
300803.SZ,20260210,2.0214,0.76,318.4123,26.0171,47.1405,,7257133.5804,7204141.605
002077.SZ,20260210,2.7366,0.63,217.6578,2.8834,26.3864,,966860.6227,966860.6227
300256.SZ,20260210,0.9904,1.11,,9.6794,5.7723,,898283.7809,888383.7809
002187.SZ,20260210,3.232,0.78,,1.3205,1.256,0.5287,532679.9211,532679.9211
002895.SZ,20260210,0.8973,0.52,18.6359,3.1511,3.0083,3.6035,2327363.3959,2285080.5789
603129.SH,20260210,0.6591,0.51,20.9592,5.2549,2.0476,1.552,3784841.5084,3784841.5084
300469.SZ,20260210,5.018,2.33,,44.7403,62.7504,,1704904.2432,1704861.1809
300532.SZ,20260210,0.874,0.83,24.9672,3.1655,2.7629,2.4156,562995.6946,535405.6934
002154.SZ,20260210,1.6165,0.64,18.8162,1.3102,1.1653,1.2285,593948.8277,480167.4392
600198.SH,20260210,1.692,0.79,185.8858,46.6893,12.2481,,1280138.6773,1278514.7075
600556.SH,20260210,16.161,1.39,688.037,3.8868,3.9808,0.104,1495007.2999,1495007.2999
603995.SH,20260210,0.8394,0.69,10.2626,1.2049,0.1621,4.2229,688824.1142,688824.1142
301617.SZ,20260210,2.714,0.93,57.443,5.9384,7.1932,0.574,1002968.2,398065.2
300475.SZ,20260210,3.7531,0.74,246.3103,18.8685,1.8682,0.067,6381951.8094,6114173.4414
920926.BJ,20260210,0.7879,0.7,44.2132,5.6167,3.1803,1.5901,152247.2729,138154.239
300253.SZ,20260210,5.8826,1.19,,4.4373,11.5652,0.1317,2503547.7146,2061975.2744
000985.SZ,20260210,1.3683,0.72,,4.4984,1.4591,0.3046,276650.693,276650.693
002137.SZ,20260210,6.2259,0.58,,3.6784,8.8621,,556137.1744,381789.758
603183.SH,20260210,2.1212,0.85,59.1349,1.5039,2.8507,0.5198,239130.7137,239130.7137
000498.SZ,20260210,0.5423,0.72,4.2637,0.6136,0.1386,3.2606,970275.6675,905841.7644
603115.SH,20260210,3.2566,1.19,30.1547,2.9786,2.7583,2.3332,615127.2872,615127.2872
000555.SZ,20260210,5.2508,1.04,,3.1819,1.4698,,1763224.4077,1756229.7365
603986.SH,20260210,3.2338,0.85,149.2195,8.9988,23.658,0.1165,20199221.7275,19360820.3461
301058.SZ,20260210,1.7062,0.72,24.5173,2.6492,1.9082,1.3263,579382.1711,579382.1711
600587.SH,20260210,0.9211,0.7,18.4168,1.2089,0.9788,3.2364,937265.8282,933739.3456
688058.SH,20260210,1.6075,0.71,,3.8826,11.2854,,247151.2969,247151.2969
000737.SZ,20260210,3.8419,0.5,41.1713,4.6718,1.2007,0.6736,3110401.9384,3110110.8153
000078.SZ,20260210,3.9728,0.77,,5.3855,0.3598,,981408.9749,979662.5445
603970.SH,20260210,0.8949,0.5,20.3801,2.3625,0.3317,3.3064,365836.9824,365836.9824
300882.SZ,20260210,1.443,0.61,36.1158,4.8283,5.2918,0.2261,632790.8267,588849.0633
300128.SZ,20260210,1.4178,0.73,,13.9685,4.3083,,923671.0579,922676.8133
300491.SZ,20260210,2.9328,0.55,205.8189,4.1065,3.338,0.2459,483276.8329,429127.3318
002677.SZ,20260210,1.829,0.66,268.9191,3.9603,10.4374,3.3149,584676.7405,484058.0007
688702.SH,20260210,3.6907,1.46,3492.153,25.43,54.6278,,6041350.0,2991083.9225
603717.SH,20260210,1.9908,0.81,,4.4443,3.2287,,230085.9683,230085.9683
001202.SZ,20260210,2.2541,0.59,41.4624,3.6274,1.8624,,303377.8202,212619.5981
603351.SH,20260210,0.5923,1.06,25.8233,2.1666,2.8991,1.4215,381125.7174,381125.7174
600051.SH,20260210,1.6323,0.82,27.246,0.7475,1.5247,1.4688,253988.96,253988.96
002988.SZ,20260210,0.9525,0.69,49.9952,3.3721,1.2185,0.4356,903673.0265,903393.7061
600636.SH,20260210,0.8767,0.93,,1.9012,11.0463,0.5605,391264.0274,391264.0274
605089.SH,20260210,1.3436,1.04,54.3838,3.2228,5.7118,1.244,395370.0,395370.0
000530.SZ,20260210,2.1266,0.72,55.2582,1.8415,1.323,0.7194,586032.6924,417028.8168
300950.SZ,20260210,2.6153,0.7,53.2891,4.7284,8.0292,0.7976,377312.62,224223.2404
002674.SZ,20260210,1.4914,0.84,59.7951,1.7824,1.4501,1.0359,427957.7669,423632.1681
300777.SZ,20260210,3.2121,0.86,44.431,4.122,19.1239,0.5233,1843693.7026,1776218.7894
301519.SZ,20260210,2.3134,0.76,,1.7401,3.8378,0.6464,246182.1047,114950.906
301060.SZ,20260210,1.722,0.94,,2.9066,3.0086,1.738,458591.965,412411.3178
688432.SH,20260210,0.4485,0.62,88.0112,3.8274,17.6439,0.4364,1710412.9417,1710412.9417
000990.SZ,20260210,1.6322,0.54,89.1598,0.5773,0.8946,0.5889,1031736.6672,1031735.9031
301198.SZ,20260210,1.4674,0.65,,2.7017,5.5576,,246909.0,227264.92
920718.BJ,20260210,1.5426,1.47,20.9403,2.3375,1.0956,1.3378,135546.7165,63891.5444
600676.SH,20260210,1.2685,0.51,,1.6315,1.8026,,837193.2564,837193.2564
300686.SZ,20260210,5.0277,2.19,,4.4264,2.5885,,416738.1278,271708.2873
688055.SH,20260210,0.2143,0.85,,3.1322,4.8037,,1286666.6924,1286666.6924
002119.SZ,20260210,13.1005,0.77,86.3431,5.956,4.2377,0.1302,865029.62,865029.62
000652.SZ,20260210,1.7683,0.94,132.0706,1.0773,0.3291,0.7177,616789.8701,616325.2661
300231.SZ,20260210,3.2314,0.97,,3.1543,2.99,0.8665,512712.736,512686.4075
688247.SH,20260210,0.6139,1.09,48.0515,3.6533,9.8598,0.5876,473740.3,473740.3
605488.SH,20260210,8.3639,1.48,95.3235,8.3031,4.4533,0.2345,1274438.7272,1256124.8408
300412.SZ,20260210,2.2368,0.76,93.3661,2.8307,2.1514,1.0221,292183.1459,274634.7862
301622.SZ,20260210,2.4047,0.67,48.0415,4.9954,5.7229,0.5948,779641.893,422463.0003
301196.SZ,20260210,4.1028,1.15,37.6906,3.0163,4.6243,0.7525,998750.4839,653234.0397
300026.SZ,20260210,1.9235,0.72,,1.2867,2.0246,0.8108,1111537.2897,1013255.5369
002973.SZ,20260210,1.5265,1.05,31.3844,2.4532,1.6512,0.6614,617902.4976,471036.9903
688210.SH,20260210,2.7656,0.96,329.6174,7.1156,10.8127,0.2518,933925.4318,933925.4318
300932.SZ,20260210,4.8223,0.63,58.7147,2.5011,1.8977,1.1358,438862.5813,312579.4971
688807.SH,20260210,12.5083,1.19,182.3743,9.2785,34.6504,,1614400.0,303419.5381
300586.SZ,20260210,1.2362,0.83,,3.8675,4.2468,,725440.9779,545288.3974
688107.SH,20260210,1.8002,1.32,,11.3568,22.2146,,1163665.7124,1163665.7124
002767.SZ,20260210,2.2402,0.72,96.9578,4.2758,5.5498,0.1814,363900.0,315861.6119
603863.SH,20260210,5.0506,1.57,,10.8922,7.6914,,396611.7,396611.7
002139.SZ,20260210,1.2494,0.94,30.1037,2.2978,1.4784,0.5294,1624625.9894,1395525.957
688297.SH,20260210,0.7698,0.91,526.8778,5.7675,17.7196,,3302100.0,3302100.0
300503.SZ,20260210,10.4415,1.24,142.8419,13.1376,11.918,0.0918,1766139.4781,1380787.3173
920060.BJ,20260210,1.7302,0.99,37.86,4.685,4.2472,1.5442,492320.6188,307040.9927
300817.SZ,20260210,1.4921,0.8,71.5345,4.5157,5.0657,1.3289,459954.3917,263925.4601
300955.SZ,20260210,1.5602,0.98,,4.2979,3.455,0.7483,377193.6,377193.6
002060.SZ,20260210,1.2816,0.61,13.1145,1.0295,0.2013,3.7037,1419160.6455,590743.9415
002877.SZ,20260210,2.6922,0.89,572.174,2.8139,3.0854,0.2086,341254.1035,230653.5513
301600.SZ,20260210,2.4718,0.93,74.4619,10.9009,13.6279,1.7323,1314069.442,405553.862
002250.SZ,20260210,5.0604,1.74,42.0763,2.4724,2.6938,0.1107,1626070.9031,1617221.1911
000503.SZ,20260210,1.2006,1.03,,7.489,28.7679,,941061.6256,941045.2886
002492.SZ,20260210,5.045,1.66,60.281,2.1684,11.0433,0.2152,375030.0,368394.9554
301086.SZ,20260210,4.6727,0.58,140.0633,5.8975,13.1535,0.6319,1139400.0,599303.0426
688411.SH,20260210,1.8531,0.74,41.6106,8.8877,3.6253,0.4975,3982205.1831,2931482.3909
688095.SH,20260210,3.9309,1.02,,3.3644,9.6954,0.316,851470.7637,851470.7637
300860.SZ,20260210,9.7736,2.62,201.0607,1.8715,14.3823,0.6938,570440.3385,331204.9835
301510.SZ,20260210,3.1807,0.95,243.7955,11.3576,32.2937,0.0975,1600040.0,1116637.04
000537.SZ,20260210,0.4118,0.5,19.5725,0.883,3.804,2.879,1758678.6016,1758678.6016
600312.SH,20260210,1.7506,0.91,25.7917,2.663,2.2871,1.1681,2962159.2175,2962159.2175
002786.SZ,20260210,1.1733,1.0,,18.635,1.8033,,427713.156,426418.656
000421.SZ,20260210,1.5544,0.83,23.0432,1.4453,0.4563,0.8511,406111.9239,406027.482
605108.SH,20260210,1.6528,0.87,113.0152,2.3721,2.0732,0.5865,529880.0,529880.0
605178.SH,20260210,3.4027,1.14,,5.1751,17.9905,,632526.72,632526.72
600433.SH,20260210,1.6318,1.09,316.5499,1.3815,0.8208,1.7094,614348.0108,614348.0108
002460.SZ,20260210,1.6479,0.49,,3.2759,6.9544,0.2307,13634803.7092,7877602.5988
002520.SZ,20260210,2.1618,1.15,,17.8039,3.7409,,457649.5543,437638.5043
688111.SH,20260210,1.7421,1.23,81.6,11.9996,25.6585,0.2859,14554518.3206,14548461.5931
600905.SH,20260210,0.2849,0.82,21.9324,1.3105,3.999,1.6381,11692348.9081,11692348.9081
600346.SH,20260210,0.4486,0.62,24.9249,2.6848,0.8037,2.1501,17351380.9725,17351380.9725
920870.BJ,20260210,1.08,0.89,105.0493,5.2638,21.9076,0.6275,234902.0,115703.0837
600104.SH,20260210,0.3517,0.79,58.2036,0.5632,0.2539,0.604,16645161.8258,16645161.8258
300319.SZ,20260210,2.8788,1.18,32.5176,2.2783,2.9887,0.9198,1096171.5801,1023804.8656
603220.SH,20260210,6.2918,1.32,160.9493,3.5385,4.4369,0.3478,1373582.6054,1112140.7512
301507.SZ,20260210,3.0878,0.64,47.7496,3.5396,7.7056,0.62,573339.3626,177180.4677
300695.SZ,20260210,0.7585,0.85,23.5505,2.8997,11.9616,0.177,826031.4321,826031.4321
300214.SZ,20260210,1.3718,0.7,,1.4131,0.8705,,342168.3239,342168.3239
920522.BJ,20260210,3.4311,1.05,158.0152,10.0713,12.0157,0.3124,1075309.9392,892056.9756
600735.SH,20260210,3.3569,0.93,,2.3091,2.0781,,281707.2899,279521.8503
300446.SZ,20260210,3.7485,0.84,22.0737,3.5314,2.2257,1.1829,2001085.7327,884216.9248
688272.SH,20260210,2.6199,1.1,,5.356,10.8369,,243352.0,243352.0
605001.SH,20260210,0.9408,0.67,30.4894,1.2115,1.6373,2.4155,325309.608,325309.608
600796.SH,20260210,6.6083,0.71,32.7102,1.7438,3.5829,0.4499,597077.5928,214608.2655
002979.SZ,20260210,3.0475,1.69,59.8533,7.8789,7.487,0.7529,1294888.5713,910884.3209
600760.SH,20260210,0.8399,1.32,54.1206,7.2863,4.168,0.4506,15899211.1561,15849251.0375
002907.SZ,20260210,0.8366,0.74,84.5726,3.7364,8.0226,0.5625,630988.0305,453170.8246
002951.SZ,20260210,1.2493,0.51,849.1926,3.5343,9.9452,3.3732,592920.0,587246.1582
688101.SH,20260210,0.3484,0.67,14.0608,1.2946,3.738,,562760.4519,562760.4519
605589.SH,20260210,4.7533,3.28,25.4135,2.5902,2.4316,1.6814,2660199.0492,2651434.7937
920149.BJ,20260210,1.7102,0.89,,6.0147,1.8998,,93921.345,77668.5477
301486.SZ,20260210,10.1193,0.78,157.4705,10.2899,26.9566,0.1895,2689432.7955,1514283.4795
000589.SZ,20260210,1.0703,0.52,15.732,0.8979,0.7353,3.3139,794413.1215,785502.0991
603396.SH,20260210,11.2709,0.7,135.3765,2.4022,2.4026,0.3341,621988.3762,621988.3762
301348.SZ,20260210,11.6323,0.99,,4.5123,9.2503,0.1787,671520.0,434079.3977
301372.SZ,20260210,2.7571,0.87,,2.4576,7.4551,,193920.004,116430.0185
688392.SH,20260210,1.4115,0.8,95.0275,8.5242,21.7415,0.4095,1515181.1491,1515181.1491
000676.SZ,20260210,6.3207,1.39,70.2198,2.9052,3.0719,,1240892.3768,1240143.104
300989.SZ,20260210,1.9005,0.72,,3.4767,11.274,,345551.7167,246704.3561
920035.BJ,20260210,2.335,0.81,36.4922,3.878,4.13,,220408.5,49583.34
301512.SZ,20260210,2.8968,0.71,74.6671,2.7509,4.7027,0.7209,277440.3468,129079.3068
920748.BJ,20260210,3.3479,0.54,,13.1444,19.6701,0.2365,324456.72,150795.9918
688139.SH,20260210,0.6476,0.95,40.5941,2.4522,4.5901,1.4182,1038729.77,1038729.77
002521.SZ,20260210,1.1669,1.24,44.8539,1.2467,1.4421,4.6136,485572.9304,362759.5929
603358.SH,20260210,1.5308,0.92,57.3725,6.3763,4.6295,0.979,2398977.8891,2294300.2668
300731.SZ,20260210,8.8327,0.85,233.1709,12.6699,6.5152,0.1289,784382.912,745591.6886
000910.SZ,20260210,0.9207,0.9,54.7177,0.6364,0.8582,2.4328,427517.4475,427351.0945
002933.SZ,20260210,2.2056,0.99,137.3627,2.7892,10.5629,0.055,426801.95,414941.8639
600867.SH,20260210,1.3041,0.59,14.1712,2.437,6.337,2.7968,1737227.4893,1737227.4893
600389.SH,20260210,1.6147,0.64,22.3845,2.7427,1.8925,2.2133,1070165.25,1070165.25
002172.SZ,20260210,2.7149,1.03,81.3183,19.5559,1.8275,,341516.6326,341311.3031
300985.SZ,20260210,11.4293,1.62,,4.7905,3.4813,,483440.3482,480844.2891
600495.SH,20260210,0.7382,0.9,149.2456,1.7892,4.455,0.2893,584764.3888,584764.3888
301263.SZ,20260210,1.2768,0.83,587.7383,7.8932,20.2943,0.6188,1368825.4575,976636.3389
301103.SZ,20260210,0.6427,0.58,322.5493,1.794,3.1547,0.68,342601.3891,342601.3891
300201.SZ,20260210,2.4954,0.7,30.8785,4.8841,4.3861,0.362,824388.6269,820040.151
605218.SH,20260210,0.7035,0.79,85.8785,3.1796,1.9111,0.2788,419920.4166,419920.4166
002245.SZ,20260210,1.9115,0.75,26.9555,2.6179,2.5069,0.3863,1938401.7022,1823076.1198
000703.SZ,20260210,1.3649,1.32,205.1224,2.0612,0.4193,0.3436,4802294.7541,4776628.9721
688005.SH,20260210,3.0283,0.93,,2.7698,1.7613,1.161,2245667.4267,2245332.1188
920039.BJ,20260210,0.4508,0.8,40.3903,3.3315,5.8183,1.7301,177815.92,177815.8044
601398.SH,20260210,0.0723,0.64,7.0942,0.6895,3.1144,4.1918,260176567.675,196816915.1535
002031.SZ,20260210,4.4412,2.1,,8.1659,25.1268,,1735323.1836,1529676.5833
920261.BJ,20260210,3.0382,0.66,21.675,3.0513,0.6719,1.7135,494925.6716,289266.9272
300341.SZ,20260210,1.9338,1.16,49.2007,4.6864,6.1907,0.4016,901846.2156,898287.3582
605123.SH,20260210,5.0045,0.61,55.9024,3.1197,4.1682,0.6458,1422303.9303,1422303.9303
600717.SH,20260210,0.4364,0.5,15.6418,0.6909,1.1056,2.1849,1377544.4941,1377544.4941
301262.SZ,20260210,49.519,5.0,37.9896,4.0903,15.8627,1.744,1482435.0,433978.0186
605068.SH,20260210,1.9002,1.38,,2.9043,3.0218,,436800.547,436800.547
688033.SH,20260210,3.1888,0.9,,1.4492,6.9426,,477868.8066,477868.8066
301667.SZ,20260210,6.7541,0.75,71.4181,6.2384,4.4802,,775880.3808,156291.5011
603280.SH,20260210,6.8227,0.9,52.1633,3.2093,4.3669,0.6468,435794.8013,112325.5013
600481.SH,20260210,13.0522,1.28,,4.7089,2.2184,,1944978.0431,1944978.0431
002845.SZ,20260210,3.4906,1.56,,2.0963,0.4887,0.2539,498533.695,380858.2042
603811.SH,20260210,0.9272,0.76,16.817,2.8793,4.8132,2.0864,380654.9242,380654.9242
301268.SZ,20260210,3.7113,1.38,,5.8499,3.2352,,983374.7373,846577.7231
002586.SZ,20260210,0.8722,0.96,,1.8085,2.2301,,538929.3693,512220.9794
301165.SZ,20260210,1.1569,1.22,73.4306,12.4741,4.4198,0.5564,6188636.3601,6188636.3601
000850.SZ,20260210,4.412,2.8,17.2673,1.1625,1.5715,1.7256,529396.07,529245.6491
300241.SZ,20260210,6.278,1.36,115.0473,1.9645,2.4986,0.3127,439065.4321,367660.1766
688378.SH,20260210,2.2836,0.78,446.6634,5.5082,20.0281,0.5605,917347.6658,886734.9013
603193.SH,20260210,1.0204,0.47,31.6969,4.4547,6.3746,1.7977,967787.2071,247180.4631
920000.BJ,20260210,1.5881,1.54,25.6949,2.6326,4.077,0.7878,174558.72,109658.8332
301383.SZ,20260210,1.2834,0.6,164.6178,2.8315,2.7865,1.145,568994.0256,245949.4328
300221.SZ,20260210,6.7755,1.04,55.7211,3.7628,2.3934,,540554.0956,520858.3327
002426.SZ,20260210,4.3261,0.57,,5.7115,4.1116,,1378063.496,1378052.9559
603919.SH,20260210,2.7215,0.47,30.2578,3.4739,3.823,3.0337,1146407.5932,1146407.5932
300778.SZ,20260210,3.2266,0.74,,2.4804,22.1688,,306507.7612,306447.3264
600027.SH,20260210,0.3909,0.58,8.1143,1.1896,0.4568,4.3183,5666545.8018,4153039.8361
300353.SZ,20260210,4.158,1.0,361.8164,7.3959,15.2663,,1469593.9856,1284049.0626
603755.SH,20260210,7.0259,1.77,46.5649,4.769,7.6071,1.4153,343372.8372,343372.8372
301023.SZ,20260210,5.7535,0.79,45.7284,4.6399,13.1138,2.3765,369337.4213,197533.6902
600959.SH,20260210,5.509,1.77,50.8916,1.0206,2.8515,0.4741,2320333.0063,2320333.0063
002163.SZ,20260210,9.6106,0.72,,19.5424,3.7915,,1376436.3653,1308981.1174
002065.SZ,20260210,1.8725,1.2,86.919,2.5671,2.2986,0.5118,3131756.2804,2841039.4511
688041.SH,20260210,1.2134,1.43,254.3621,27.7575,48.1003,0.1002,60200356.5569,60200356.5569
603016.SH,20260210,2.0334,0.72,77.5868,6.2342,8.1883,1.3631,514115.2,514115.2
920856.BJ,20260210,0.9357,0.67,38.5987,3.2755,2.7267,0.5581,154961.277,86434.8003
002926.SZ,20260210,0.4391,0.64,15.5116,0.9785,4.5904,1.3797,2378250.0,2378250.0
000776.SZ,20260210,0.3188,0.43,12.253,1.3042,4.9428,2.3127,16917315.9948,12764554.6104
600265.SH,20260210,0.2066,1.0,,301.7798,10.5943,,262196.0,262196.0
600702.SH,20260210,3.2428,0.66,124.4811,2.6145,4.0303,0.7631,1853466.956,1852687.156
002201.SZ,20260210,10.2853,0.91,107.8773,7.2794,4.8174,0.1856,842565.6596,778416.2821
603722.SH,20260210,0.8793,0.92,,4.0006,8.7025,0.2505,382085.6731,374187.4731
301398.SZ,20260210,6.3415,1.21,92.5077,5.7168,15.5328,0.4678,641312.0,213115.994
600824.SH,20260210,1.9411,0.79,257.5453,1.9971,7.3903,0.3939,481690.3724,481690.3724
600011.SH,20260210,0.3106,0.62,7.4807,1.6296,0.4653,3.8905,10894476.7911,7632410.6838
301208.SZ,20260210,1.9227,0.86,72.8233,3.078,4.2954,0.5076,472800.2364,260323.9164
600305.SH,20260210,1.143,0.75,60.2502,2.6721,3.9145,1.233,897348.4092,894523.4529
600292.SH,20260210,2.0172,1.23,17031.1999,2.1426,13.5169,,6167330.331,1099390.1811
920781.BJ,20260210,1.3279,0.9,,3.5038,4.4555,0.2029,138492.0804,91465.6781
600406.SH,20260210,0.767,0.86,25.8761,4.2023,3.2477,2.2507,20681772.1017,20620997.2556
000055.SZ,20260210,1.316,0.73,394.6614,0.7125,1.1487,1.2376,433845.1877,273044.3005
000997.SZ,20260210,0.7888,0.67,24.4917,3.78,3.3711,0.8145,2716115.5101,2700944.9805
000049.SZ,20260210,0.9693,0.92,24.1026,1.5103,0.4572,1.2615,1006214.4049,1005943.199
301213.SZ,20260210,5.1422,1.53,,7.8897,39.8361,,619039.9923,400140.0972
002440.SZ,20260210,20.7073,1.93,60.1085,1.8201,2.9873,0.9493,1728711.8539,1455499.6329
920892.BJ,20260210,1.0615,0.68,28.0425,7.3602,4.9042,3.2506,285849.5703,248821.5705
605196.SH,20260210,1.7184,0.84,76.4042,6.9169,3.2737,0.1405,2283160.4255,2256173.7055
002534.SZ,20260210,5.0837,2.16,85.2871,3.0853,2.7931,0.8937,1645120.4283,1623091.7227
600881.SH,20260210,1.2674,1.58,,3.487,0.8753,,591483.6308,591483.6308
688231.SH,20260210,1.7943,0.84,95.8085,2.7004,4.4745,0.8146,740324.5719,740324.5719
003037.SZ,20260210,0.9435,0.96,56.2423,1.7028,0.7504,0.6245,477462.5184,477462.5184
688386.SH,20260210,1.6341,0.64,70.827,10.7852,13.1691,0.0802,872963.0,872963.0
603111.SH,20260210,0.5155,0.58,16.8318,1.5432,1.3992,3.4697,612041.7771,605543.8032
002984.SZ,20260210,1.3668,0.54,14.5121,1.6196,2.4876,2.8535,2141381.8797,1475093.8159
600372.SH,20260210,1.124,0.71,91.221,1.9752,3.1339,0.5894,7548678.7428,7548678.7428
301098.SZ,20260210,3.5503,1.02,,1.5117,2.1761,0.5092,180624.7386,146994.9211
603120.SH,20260210,12.4962,0.59,44.5035,3.4741,6.3953,0.9128,396132.8,99033.2
301469.SZ,20260210,5.231,0.8,43.4232,2.2126,2.8846,1.0154,304768.88,156875.8811
688012.SH,20260210,1.0289,0.65,114.6659,10.2206,18.8853,0.0853,21945766.865,21945766.865
600971.SH,20260210,1.7019,0.63,302.767,0.6946,1.5555,3.8961,831603.3846,831603.3846
300992.SZ,20260210,3.4662,1.07,298.1325,3.4254,3.4296,0.2362,296214.8646,240772.0031
002192.SZ,20260210,1.6862,0.51,75.5229,3.853,19.9715,0.3235,1332550.5018,1329805.0101
688373.SH,20260210,1.0435,1.09,,16.1119,30.7242,,419986.1632,387608.2528
300736.SZ,20260210,10.9489,2.16,,32.2867,6.247,,264824.0507,258928.5106
688212.SH,20260210,1.0526,0.77,,4.6222,8.5717,0.1837,575693.9438,575693.9438
002022.SZ,20260210,1.3748,0.72,,1.0485,2.0314,,325068.9207,325007.3007
300236.SZ,20260210,3.1083,0.96,96.4642,4.5667,13.7623,0.3266,2479787.034,2205566.4899
300909.SZ,20260210,1.551,0.83,93.9575,3.8589,5.0171,0.5112,778205.4325,549827.5184
600622.SH,20260210,2.1034,0.65,,1.5147,2.8377,,445406.5644,445406.5644
603588.SH,20260210,1.5425,0.57,27.5113,1.6285,1.1809,0.6836,1559792.084,1559792.084
600230.SH,20260210,5.9419,0.66,158.3157,2.1297,1.8336,0.1014,856899.3011,856899.3011
301552.SZ,20260210,3.2602,0.85,24.1447,3.3092,5.7081,3.0342,380990.4,95247.6
688528.SH,20260210,1.0371,1.03,,4.4827,7.5598,,204120.0,204120.0
605028.SH,20260210,1.6583,1.17,26.356,3.2913,13.2917,1.8464,433280.0,433280.0
600237.SH,20260210,2.1515,0.7,53.6671,3.1702,4.3642,,609890.9179,604003.4738
002465.SZ,20260210,4.9901,0.78,,3.6368,10.1503,0.3403,4375473.2503,4368514.9732
300732.SZ,20260210,1.3759,0.88,,0.9957,1.7655,,290148.5364,289827.1282
002428.SZ,20260210,4.3196,0.94,548.993,15.7554,21.5624,0.0854,2293104.32,2292808.0794
600007.SH,20260210,0.1414,0.5,17.6769,2.2067,5.5336,5.2936,2093133.1057,2093133.1057
688701.SH,20260210,2.6513,1.31,,9.7555,11.203,,143139.6786,143139.6786
000756.SZ,20260210,1.4668,0.75,29.095,2.1391,1.3089,1.5449,1111906.7623,796243.3004
688118.SH,20260210,5.546,1.09,92.2367,3.4916,7.7318,0.4784,287882.0596,287882.0596
300068.SZ,20260210,2.3193,0.87,,3.5705,2.2751,,1372705.2329,1303658.6336
920491.BJ,20260210,1.7005,0.98,43.1572,3.7672,5.884,1.0707,395483.1904,323841.3489
603829.SH,20260210,7.2089,2.94,42.8139,3.2444,2.1356,0.4111,486527.2073,486527.2073
002646.SZ,20260210,2.1257,0.53,672.1225,1.5266,3.8049,0.1213,436946.4723,434047.8171
003025.SZ,20260210,1.0307,0.62,28.7103,3.3518,6.1003,1.2514,415991.9625,331699.3345
300552.SZ,20260210,3.6768,0.73,,3.8748,6.9824,,695879.6107,449794.3209
300801.SZ,20260210,2.7176,0.76,51.9659,2.6013,2.3157,0.3299,652668.84,407835.4815
601369.SH,20260210,0.644,0.66,18.8335,2.1287,1.8381,3.9631,1869969.8238,1851239.2518
002518.SZ,20260210,2.3715,1.14,62.7689,6.517,6.2457,0.4415,3032810.5146,2943816.4165
600597.SH,20260210,0.5145,0.7,15.9354,1.1684,0.4582,1.9975,1104157.4842,1104142.7458
603515.SH,20260210,0.1748,0.37,16.9264,2.1837,2.0948,4.5867,1452971.5403,1439435.2767
603105.SH,20260210,2.6189,0.51,26.7918,2.4342,7.318,1.9268,519009.4479,519009.4479
603132.SH,20260210,3.2629,1.74,34.6753,5.2001,10.1469,2.5045,1640106.0,1640106.0
002913.SZ,20260210,1.0514,0.83,35.7439,2.8909,2.4117,1.4925,1275789.2261,1212767.3243
600956.SH,20260210,0.2424,0.81,19.3178,1.4095,1.6741,2.8264,3352930.9532,1744629.887
601818.SH,20260210,0.4682,0.75,4.9116,0.403,1.5551,5.6716,19793659.6054,15546283.2129
600926.SH,20260210,0.5327,0.8,6.2472,0.8926,3.0641,4.0244,11888364.1787,11888364.1787
002166.SZ,20260210,1.8543,0.99,51.2668,2.196,3.6053,1.0751,675606.1862,673999.1822
920047.BJ,20260210,1.3228,0.95,,21.7826,91.3598,,642070.6911,421629.1456
000529.SZ,20260210,1.282,0.91,35.1967,1.153,1.7059,1.9169,365452.7466,356747.62
300559.SZ,20260210,3.8017,1.92,145.6657,4.1843,11.733,1.1839,506184.9564,394210.3674
603189.SH,20260210,3.1389,1.17,998.7499,3.8058,21.6612,0.6982,573598.8867,573598.8867
688426.SH,20260210,2.5941,0.87,,2.0605,17.1399,,286521.4947,97875.0157
605208.SH,20260210,1.0023,0.44,84.2414,2.0057,0.7769,0.2949,435850.74,435850.74
300345.SZ,20260210,16.7624,1.1,,9.1021,4.7998,,474628.1752,392106.0857
301168.SZ,20260210,1.55,0.67,115.7704,2.4249,3.5732,0.1408,524160.0,416328.6516
688293.SH,20260210,2.1515,1.34,162.5046,2.6823,19.9119,0.6948,702714.6845,615084.1122
300342.SZ,20260210,10.8843,0.71,345.8455,13.1017,23.4264,0.1345,2054194.7011,2024054.9049
300964.SZ,20260210,2.9243,0.74,127.2511,4.4571,5.8084,0.3366,453586.3305,328208.0019
688184.SH,20260210,0.8662,0.62,,1.0605,3.0507,,168590.3648,106516.7648
301043.SZ,20260210,1.4822,0.85,49.869,5.1175,7.267,2.3138,429080.0,358078.3025
603316.SH,20260210,2.0994,0.74,,5.7631,7.1632,,369705.336,369705.336
301571.SZ,20260210,1.5479,0.88,51.9131,5.0676,9.622,0.175,994378.3821,660423.4586
600468.SH,20260210,1.8302,0.63,,3.9916,3.6925,,801660.9316,801660.9316
300217.SZ,20260210,7.7476,0.76,49.0507,2.2033,2.6781,0.5112,925213.5644,768071.6465
600864.SH,20260210,0.7495,0.68,22.0181,1.0326,8.3169,0.761,1366934.8316,1366934.8316
688056.SH,20260210,0.916,0.89,69.0035,3.1404,6.3486,1.5865,252542.0102,252542.0102
600626.SH,20260210,0.9595,0.76,76.0978,2.0227,0.6038,,649806.3762,545125.5253
002930.SZ,20260210,2.2738,0.57,,2.5703,4.8428,1.5256,599769.2248,567295.8282
688052.SH,20260210,1.1596,0.57,,3.5751,9.6552,,2857781.5881,2504652.1531
000407.SZ,20260210,4.4339,0.81,35.1092,1.477,1.1024,1.1198,447963.0899,445773.1459
000668.SZ,20260210,1.8083,0.95,,3.0143,7.6121,,212920.7405,212920.7405
603551.SH,20260210,1.9548,1.75,15.9357,3.7428,2.578,6.8751,470540.261,464400.801
603617.SH,20260210,1.3796,0.73,63.415,2.0413,2.8104,1.0178,306910.4709,301542.0909
603601.SH,20260210,12.464,0.79,154.882,4.7419,9.2066,0.2453,1256575.0681,1256575.0681
600724.SH,20260210,0.8342,1.09,44.579,3.4194,6.2601,2.0741,975537.7229,975336.2982
300993.SZ,20260210,1.1332,0.78,27.1187,2.9806,5.9025,0.6629,455726.0448,356134.5848
600232.SH,20260210,2.5709,0.6,,3.4625,2.7449,1.1211,325328.9412,325328.9412
603083.SH,20260210,5.2714,0.71,134.4961,4.8623,8.6823,0.2466,3688370.2512,2882378.7932
002749.SZ,20260210,0.6095,0.95,17.0246,3.5746,3.0813,7.3105,638911.2135,621501.9138
001330.SZ,20260210,6.1026,0.45,,4.0918,11.6292,,1714025.173,1714025.173
603035.SH,20260210,1.0561,0.79,14.4627,1.0568,0.8501,2.2748,561243.7266,561243.7266
600649.SH,20260210,2.1665,0.57,45.8713,0.6336,0.9213,0.7519,1332394.4086,1332394.4086
002571.SZ,20260210,2.1066,0.62,,5.0094,2.8595,,489154.4736,372286.1226
600184.SH,20260210,1.1271,0.85,,3.0629,6.2216,,1037837.6205,1037837.6205
300212.SZ,20260210,4.6602,0.58,,35.7116,21.6816,,971134.8773,942292.3157
002471.SZ,20260210,32.56,0.89,,7.7433,2.4961,,1350966.12,1325120.3041
300193.SZ,20260210,3.9167,0.83,19.6739,2.011,3.7665,2.0555,463391.0603,408324.9689
300783.SZ,20260210,3.3018,0.82,41.4404,3.1676,0.8398,0.532,941514.2456,656943.2696
300700.SZ,20260210,2.5776,0.53,,6.3641,13.4519,,553855.2081,377501.4369
600873.SH,20260210,0.6895,0.63,8.1594,1.9088,1.2503,3.9008,3076253.0901,3076253.0901
002932.SZ,20260210,1.7193,1.46,633.0068,0.8078,12.7894,5.863,449230.4889,301556.5311
002597.SZ,20260210,6.1356,3.81,27.6678,1.9691,3.102,3.0472,1490134.7201,1486198.9408
920751.BJ,20260210,0.8576,0.52,47.9354,5.7288,10.1432,1.1538,225628.0,215792.525
601869.SH,20260210,3.8308,0.78,305.7622,12.6419,12.7074,0.1267,17508537.224,8593242.6645
920091.BJ,20260210,16.261,1.42,78.0652,9.1469,14.1182,,430317.8652,95149.8909
600777.SH,20260210,0.1697,0.72,16.263,1.1853,3.6731,,2788203.2883,2610122.4803
600759.SH,20260210,13.511,0.81,52.6768,2.4873,10.1009,,2186527.8906,2183722.4061
603059.SH,20260210,2.5144,0.54,,3.9195,2.7952,0.1948,412442.3622,412442.3622
600096.SH,20260210,1.0866,0.54,11.4725,2.6706,1.2341,4.5096,6467971.1136,6467971.1136
601811.SH,20260210,1.3004,1.2,11.4803,1.2688,1.5879,3.9552,1871736.797,1201318.2163
600355.SH,20260210,0.3907,0.83,,6.1175,2.4109,,64463.6852,64463.6852
300534.SZ,20260210,8.7591,1.04,114.024,4.6377,3.6361,0.3791,320028.975,318664.3198
300525.SZ,20260210,3.4058,1.13,36.2876,3.9599,4.8726,0.9041,997366.3236,818039.0503
300763.SZ,20260210,3.7855,0.83,35.432,3.4557,4.4659,0.2535,3145456.252,2541215.6774
000088.SZ,20260210,0.8065,0.81,16.7417,1.3411,29.7651,4.7807,2370964.4058,1442279.8774
300548.SZ,20260210,7.7945,0.7,169.2951,25.6949,20.8753,0.0484,4817133.0848,4449128.4948
001336.SZ,20260210,3.7655,0.88,85.4298,2.8578,6.2788,0.5307,225688.788,130805.5133
002072.SZ,20260210,9.4222,1.73,,95.9758,5.7278,,290834.88,234640.0252
000155.SZ,20260210,1.0236,0.55,51.6596,2.2959,7.9937,1.3666,2296633.4174,2296633.4174
600327.SH,20260210,1.0898,0.69,,1.312,1.1793,0.6304,415846.3735,415846.3735
600859.SH,20260210,2.2241,0.93,,0.8356,1.5487,0.5487,1638692.0162,1638541.3173
601718.SH,20260210,0.7799,0.79,,1.1913,2.0354,,1456597.214,1456597.214
002311.SZ,20260210,0.3185,0.49,17.8777,3.5535,0.7136,2.4087,8979258.5881,8972627.4723
688001.SH,20260210,0.792,1.04,,4.2201,6.8615,,1457926.685,1457926.685
600266.SH,20260210,3.1519,0.48,,0.61,0.3593,0.8757,1185249.5425,1185249.5425
688750.SH,20260210,1.5751,0.71,107.4716,3.6067,14.3741,0.4393,884300.0,445339.8393
603655.SH,20260210,1.5498,0.48,110.0959,8.1775,17.2814,0.4398,453786.0,453786.0
603267.SH,20260210,2.356,0.78,52.1008,2.9647,7.3979,0.4805,1295901.6423,1295901.6423
603008.SH,20260210,1.5061,0.59,22.6687,2.1047,0.8778,3.7714,785567.7639,785567.7639
600745.SH,20260210,2.5032,0.63,,1.3026,0.8811,,4423491.9321,4423491.9321
000777.SZ,20260210,1.9193,0.72,42.6341,4.2114,5.0507,0.7788,960077.6529,960060.7108
920651.BJ,20260210,3.1143,0.33,25.3796,4.3036,6.7284,1.931,221125.0,55371.4074
600740.SH,20260210,3.5313,0.62,,0.7505,1.7201,0.4484,1142706.0347,1142706.0347
000811.SZ,20260210,2.522,0.64,29.9681,2.8392,2.6786,0.6564,1744776.2976,1720019.6072
603500.SH,20260210,1.9254,1.11,30.0479,4.3372,5.7909,0.9834,439948.7052,438683.846
600354.SH,20260210,6.2279,0.44,52.0804,5.2246,2.8665,,359961.0186,359961.0186
605006.SH,20260210,3.6906,0.73,439.6404,2.016,2.2066,,505815.0728,505815.0728
300512.SZ,20260210,2.0404,1.05,126.3354,2.6626,3.8151,0.5588,432973.1428,342693.8187
300191.SZ,20260210,8.5436,0.64,,9.3651,18.0273,,994560.0,687474.06
300807.SZ,20260210,2.7362,0.85,,7.7276,18.5729,,363127.2758,277211.7268
300582.SZ,20260210,4.6177,0.58,,3.9369,2.1797,0.2146,521543.2445,387030.1407
600895.SH,20260210,1.1839,1.06,57.8779,4.759,27.3247,0.5411,6296971.7103,6296971.7103
603933.SH,20260210,1.992,0.94,286.3093,3.7098,2.3043,0.2543,489597.6524,489597.6524
605566.SH,20260210,5.5232,2.36,142.4279,2.1823,5.4364,0.3041,436021.8,436021.8
300219.SZ,20260210,2.5979,0.81,83.1538,2.1289,1.2661,1.4839,548656.2172,547652.8905
002338.SZ,20260210,1.0684,0.83,222.4357,9.651,17.9256,0.1096,1314000.0,1314000.0
301396.SZ,20260210,31.0781,1.17,237.4258,11.607,7.4898,0.0885,1487277.9953,737073.4449
000783.SZ,20260210,0.7913,0.64,11.7382,1.2446,4.2276,1.8727,4429588.4313,4429588.4313
600193.SH,20260210,1.0924,0.73,,20.3004,,,180783.525,180783.525
600690.SH,20260210,0.4507,0.6,11.7,2.0947,0.7734,4.674,24522501.5348,16351669.2948
002029.SZ,20260210,3.5127,1.36,18.4301,1.2205,2.8021,0.8095,832632.7972,785844.4376
301197.SZ,20260210,2.1333,0.71,63.0205,2.0203,6.3993,0.4493,259522.62,234137.1353
300821.SZ,20260210,1.6386,0.6,,2.9729,3.5033,0.1237,1455600.0,1455346.1798
920425.BJ,20260210,10.0442,1.19,69.8603,7.0011,20.0872,0.562,180320.705,150520.2035
300457.SZ,20260210,1.6704,0.62,58.5802,2.8019,2.0533,0.4122,1812954.1927,1780685.9651
920339.BJ,20260210,0.3436,0.63,35.3319,3.5609,3.5306,1.0145,216460.3354,148607.1237
688291.SH,20260210,1.694,0.75,117.2998,4.9258,19.5306,0.3625,463642.8172,463642.8172
920809.BJ,20260210,2.1865,0.82,,2.6452,1.5484,,417537.85,319997.6822
000960.SZ,20260210,2.3509,0.61,31.3073,3.02,1.265,0.8273,5967677.878,5967677.878
300651.SZ,20260210,5.1016,0.61,91.2136,3.395,9.8613,0.5256,367427.6082,227500.7337
601872.SH,20260210,1.1909,0.81,19.745,2.4739,3.8538,1.8344,9947831.4345,9947831.4345
002526.SZ,20260210,2.1902,0.93,60.4451,2.1283,3.1553,0.2597,686375.6269,681867.5086
688278.SH,20260210,0.4425,0.68,29.9155,9.1745,8.4105,0.8973,2810792.7593,2810792.7593
920414.BJ,20260210,20.5265,0.73,,4.9196,22.2021,,139639.0474,98191.8548
000686.SZ,20260210,0.6418,0.54,14.4738,1.0775,3.6451,1.8743,2122790.7939,2122790.7939
000893.SZ,20260210,0.7757,0.55,27.5898,3.7935,10.042,,4952914.3623,4351301.9966
600208.SH,20260210,0.5107,0.63,,0.7522,9.1695,,3131290.2144,3130935.292
000036.SZ,20260210,2.6142,0.58,201.1173,1.5329,18.6769,,779119.3924,777638.7956
600872.SH,20260210,0.8812,0.47,20.6597,2.5291,3.0438,2.2611,1439463.5626,1425556.7196
601008.SH,20260210,0.6001,0.54,42.7484,1.5918,2.5586,1.1342,656297.5052,656297.5052
603383.SH,20260210,1.2262,0.79,38.4281,5.3084,11.9985,2.1811,753330.3884,753320.4848
300565.SZ,20260210,4.3259,1.07,,5.7783,5.0787,,325115.4048,297123.0988
920375.BJ,20260210,9.756,3.39,97.7048,2.0261,2.5778,,162476.3743,97049.7011
688277.SH,20260210,3.0842,0.74,,9.287,42.3067,,1160043.7345,1160043.7345
600615.SH,20260210,3.2196,1.24,320.7008,4.0147,5.3088,,295116.9899,294647.9934
002482.SZ,20260210,3.832,2.29,,14.2259,4.6204,,682675.1501,681327.8838
300541.SZ,20260210,7.9911,1.16,76.9561,4.1035,2.3759,0.1095,706993.1448,635535.0261
688663.SH,20260210,1.3774,0.55,57.181,5.7703,3.8984,1.0527,789852.6918,789852.6918
600141.SH,20260210,1.7278,0.87,26.2607,1.9049,1.3994,2.6168,4216012.4611,4216012.4611
600280.SH,20260210,3.0147,0.69,,7.051,2.0447,,434408.8934,434408.8934
688400.SH,20260210,2.7608,0.91,160.1569,5.0669,7.3667,0.0556,2045814.7411,2045814.7411
920037.BJ,20260210,4.9549,0.91,39.2232,9.1921,9.8454,0.8136,737465.4272,238377.0154
301559.SZ,20260210,5.063,1.46,47.8819,2.348,3.8945,2.4691,1069200.0,160380.0
300271.SZ,20260210,2.7065,1.35,,1.7824,4.0792,,651112.2597,639388.4882
603728.SH,20260210,1.3508,0.93,374.3573,10.1624,11.4581,0.0334,3012602.94,3012602.94
600613.SH,20260210,1.724,1.02,55.7754,1.4903,1.846,2.3041,347680.6298,312037.3057
300518.SZ,20260210,2.7844,0.84,,5.4402,24.7793,,408993.1424,408956.532
600018.SH,20260210,0.2063,0.81,8.8082,0.85,2.9926,3.8463,11802939.9755,11786086.2035
301557.SZ,20260210,7.6426,0.51,46.956,4.2276,3.6852,1.1401,427482.3394,106899.84
600199.SH,20260210,3.0076,0.47,,3.1483,8.7148,,651218.8558,651218.8558
000597.SZ,20260210,0.8017,0.95,20.0015,1.3968,1.0942,1.9048,749221.3391,739890.8932
002857.SZ,20260210,1.2389,0.54,280.0875,5.7924,3.7397,0.0634,301764.54,295680.0
002275.SZ,20260210,0.4586,0.75,16.5747,2.7712,4.1635,3.7288,866663.685,824585.9411
600869.SH,20260210,4.1683,0.85,,6.5329,0.9911,,2783068.3435,2783068.3435
002234.SZ,20260210,1.2243,0.69,,1.795,1.5252,,324532.9972,280310.0343
600570.SH,20260210,1.4012,0.97,55.4983,6.4761,9.9323,0.3233,5843393.8481,5843393.8481
600628.SH,20260210,1.7279,0.67,75.2889,1.2245,4.7077,0.4975,520087.8087,520087.8087
001389.SZ,20260210,3.4028,0.56,47.6856,11.8817,8.8512,0.4717,4327113.4375,1536520.6329
600841.SH,20260210,7.6532,1.64,,4.8228,2.823,,1525216.1406,1146283.9079
300968.SZ,20260210,0.9843,0.92,230.2118,3.0546,4.5247,0.3566,579558.76,579558.76
300634.SZ,20260210,5.3539,0.99,59.8226,4.749,7.7612,0.5188,1383863.8303,1332836.9245
300295.SZ,20260210,3.5497,0.67,,2.0539,23.5848,,231518.3448,204549.1092
688370.SH,20260210,2.8056,0.68,136.4461,1.5705,7.4231,1.1897,414888.4419,132384.825
301106.SZ,20260210,0.9329,0.57,35.5577,2.6723,3.7618,1.189,341880.4676,341880.4676
300126.SZ,20260210,1.8835,0.77,,2.6394,5.8801,,275689.5432,191062.0025
920578.BJ,20260210,3.8035,1.41,290.7288,6.8494,8.5831,,183779.2701,55269.0
301093.SZ,20260210,4.2569,1.06,279.7993,6.5195,23.4306,0.1782,1417224.2167,1354497.2763
600827.SH,20260210,0.7497,0.85,67.2438,0.8231,0.6501,2.8962,1632513.8271,1468071.6768
300718.SZ,20260210,3.3667,1.74,97.2024,14.3753,19.4577,0.4973,2407860.2028,1562172.9439
600330.SH,20260210,17.1016,1.08,970.7478,2.6425,7.1356,0.1263,2119040.3267,2119040.3267
300378.SZ,20260210,5.4489,1.0,86.481,5.9565,5.7184,0.0597,1356401.3909,1346350.2021
000708.SZ,20260210,0.2421,0.71,14.181,1.9665,0.7455,4.4789,7969462.4899,7969462.4899
603501.SH,20260210,0.8766,0.87,35.5906,4.6925,5.1736,0.5236,14799146.638,14259485.238
603399.SH,20260210,1.3903,0.53,,3.2372,1.055,,536880.6002,536880.6002
301616.SZ,20260210,2.6826,0.66,20.9994,2.9364,4.3421,0.7632,419280.0,104820.0
603288.SH,20260210,0.2585,0.55,31.2772,5.6693,7.6181,3.8712,21429382.9449,20362919.1921
300158.SZ,20260210,6.7063,1.02,,1.759,2.1811,,636066.2589,635671.0093
688017.SH,20260210,4.5197,0.85,461.3341,11.9738,81.0304,0.0436,4198259.8625,4198259.8625
002626.SZ,20260210,0.5687,0.63,24.0767,2.6227,3.3148,2.1019,1160705.8692,1160529.8417
600816.SH,20260210,0.5722,0.76,442.1877,2.0143,,,2795823.3041,1553235.169
688670.SH,20260210,1.762,0.76,,2.0697,21.1497,,246523.2,246523.2
301179.SZ,20260210,0.8941,0.61,47.8102,2.8556,5.6172,1.5777,692750.1657,406846.8341
002909.SZ,20260210,2.0469,0.79,5398.1467,3.2328,2.4913,1.3289,290550.0,283418.4003
688638.SH,20260210,1.9934,0.69,,2.6955,3.956,,230272.0,108807.7225
002043.SZ,20260210,0.8616,0.45,19.7776,4.5055,1.6011,3.3994,1447921.5676,1284532.4625
688563.SH,20260210,3.2319,0.61,58.4329,3.0566,11.4779,0.7522,3185550.0,828165.0814
000833.SZ,20260210,3.1175,0.62,31.3002,3.9907,5.3361,0.6282,1557643.6732,881089.3345
600833.SH,20260210,1.4145,0.89,43.3848,2.5792,1.4356,1.6393,299381.8777,299381.8777
603680.SH,20260210,0.553,1.03,23.5148,2.1648,2.3848,1.9815,1186550.2132,1186550.2132
002188.SZ,20260210,4.9109,0.58,89.0681,7.2818,5.9484,,236168.9898,185816.0911
000778.SZ,20260210,1.9106,0.65,51.6836,0.7568,0.5459,0.4,1981591.1425,1946802.748
002368.SZ,20260210,1.2397,0.96,63.1299,2.7192,1.6864,0.4087,1410372.4002,1404032.4564
603458.SH,20260210,4.4246,1.33,,1.1249,2.189,,321124.6152,321124.6152
600990.SH,20260210,1.4779,0.77,,4.1769,4.8489,,752775.4472,747048.2568
603517.SH,20260210,0.4039,0.5,111.6515,1.2058,1.3987,2.5984,769622.4587,769622.4587
600115.SH,20260210,0.9548,0.79,,8.6995,1.0268,,13959449.5754,10759777.8124
600589.SH,20260210,2.4735,0.2,388.9465,23.9036,41.2259,,1699947.0241,1692848.0241
603222.SH,20260210,1.3813,0.54,,3.3707,7.3933,,471531.3723,471531.3723
000937.SZ,20260210,0.6231,0.63,48.6028,1.0234,1.3302,10.8696,1950517.8612,1895235.2693
002838.SZ,20260210,0.8832,0.87,77.5379,3.7525,2.2443,0.3349,1343821.1112,1181554.5127
688262.SH,20260210,8.2802,0.98,,6.8407,38.8301,,1410527.6348,1410527.6348
300733.SZ,20260210,1.4386,0.88,61.6295,3.2165,2.8534,0.2756,549911.6277,405645.6836
002507.SZ,20260210,1.1792,0.56,19.1613,1.7745,6.3381,4.6582,1535866.2263,1529205.2195
002333.SZ,20260210,1.1327,0.74,84.0705,2.211,2.561,0.1595,423177.8496,409157.0637
000534.SZ,20260210,5.5124,1.13,75.7853,10.8431,13.6603,0.1422,1696796.5583,1664901.4853
003042.SZ,20260210,5.2655,0.47,,1.9992,1.3154,,262448.16,234607.7023
002475.SZ,20260210,1.0274,0.82,23.8227,4.7224,1.205,0.3849,37661254.1028,37574870.7827
600361.SH,20260210,1.1708,0.65,18.0714,1.5045,0.2096,1.8076,1678964.2569,1678964.2569
603100.SH,20260210,0.7808,0.66,19.9229,2.7903,1.8474,2.3489,1256247.9348,1252247.8784
300865.SZ,20260210,1.8403,0.78,,3.2996,9.173,,287040.0,168754.314
300096.SZ,20260210,0.8451,0.54,55.3167,9.8852,6.8598,,346580.0,346580.0
600038.SH,20260210,1.333,0.92,53.8874,1.7844,1.119,0.5433,3078699.0148,2511851.7549
600128.SH,20260210,2.298,0.9,64.0477,1.3741,0.3862,0.8253,299018.0556,293159.79
603698.SH,20260210,7.8138,0.96,103.715,5.8925,4.3008,0.4295,2034082.05,2034082.05
002730.SZ,20260210,1.9888,1.18,61.6074,3.6054,4.8157,0.8015,587293.5654,561260.4654
002284.SZ,20260210,2.3713,1.12,31.3291,3.7628,2.3025,0.3069,1203994.4669,1191147.8878
002537.SZ,20260210,6.2858,1.8,53.3854,2.5957,1.656,,1097705.6566,1093201.7616
600593.SH,20260210,3.3106,0.6,,20.6453,9.8437,,498952.125,492660.0
000809.SZ,20260210,1.2183,0.79,,1.0748,7.1671,,287027.37,287027.37
601882.SH,20260210,0.7352,1.21,23.7109,3.7929,3.2045,1.7349,1083150.0,1083150.0
000564.SZ,20260210,1.1231,0.8,,2.6848,28.1369,,4225586.8248,3443313.9977
000617.SZ,20260210,0.3218,0.88,26.0946,1.0789,126.5636,1.2598,11238808.3012,11238808.3012
002578.SZ,20260210,2.7812,0.57,,2.6767,2.1382,,406426.8692,372883.3889
300396.SZ,20260210,0.6521,0.86,,1.9175,7.1121,1.9505,363509.3146,362962.7953
002286.SZ,20260210,4.1069,0.61,27.6796,1.8092,1.4801,0.5718,398834.6142,387290.6322
002574.SZ,20260210,2.161,0.66,,1.1576,1.1329,,344784.0,344784.0
300131.SZ,20260210,6.2817,0.57,424.6315,9.626,3.1259,,1701394.208,1562359.0065
600829.SH,20260210,2.5558,0.97,54.1222,2.1544,0.6312,,644836.1199,644836.1199
001225.SZ,20260210,5.594,1.07,112.1972,3.7821,20.7504,1.5129,522323.724,166837.4699
301379.SZ,20260210,1.9114,0.66,34.1879,3.8036,3.0599,1.036,537637.5761,345328.7069
300343.SZ,20260210,1.1017,0.8,120.653,3.4517,7.4012,,664898.792,663188.46
300683.SZ,20260210,9.8914,1.27,,2.0206,7.2808,,451323.8602,420878.8822
301182.SZ,20260210,7.4935,0.64,,6.2889,7.1295,,479779.2519,479779.2519
600530.SH,20260210,0.7874,0.84,194.6545,15.6036,15.8827,0.1841,496723.72,496723.72
603577.SH,20260210,3.4203,0.65,28.4978,1.9399,0.8785,0.782,376444.401,376444.401
920016.BJ,20260210,2.1171,0.62,77.3713,4.1394,6.6136,0.3426,157274.0809,68927.6901
300022.SZ,20260210,2.4801,1.17,,7.6679,1.4648,,407748.3135,407739.2798
603073.SH,20260210,4.7736,0.97,24.9602,1.7514,3.0059,1.4375,242092.0,106213.3738
301013.SZ,20260210,2.8721,0.92,,7.5324,10.6019,0.2022,578046.5775,467994.5708
920964.BJ,20260210,1.833,0.39,,2.0743,1.9726,0.2869,182061.976,92253.0925
300354.SZ,20260210,1.5774,0.81,48.0879,7.251,11.1944,0.4094,596713.3471,350765.2745
600455.SH,20260210,2.3135,0.94,47.8736,5.6038,6.1819,,185250.428,185250.428
600525.SH,20260210,1.1059,1.03,,1.6229,0.7828,,610595.2104,610595.2104
600380.SH,20260210,0.476,0.69,15.667,1.4398,1.4083,1.7094,2140460.4616,2140460.4616
603191.SH,20260210,13.1603,1.47,80.3306,2.9702,2.0029,0.2239,742145.1578,736973.5298
300633.SZ,20260210,0.5385,0.91,175.5481,3.7665,5.6618,0.3659,1174814.1796,1174814.1796
002500.SZ,20260210,0.4873,0.64,23.884,1.1882,6.3145,1.6502,2175401.5575,2175401.5575
002312.SZ,20260210,1.263,0.66,40.3625,2.2874,2.3117,1.2113,2199181.2693,2194649.3657
688592.SH,20260210,3.8649,0.55,,4.2407,8.5984,0.1866,392325.9539,187832.1651
920415.BJ,20260210,2.343,1.47,162.2637,3.9319,12.4651,0.2316,210767.2305,162347.0145
301320.SZ,20260210,2.4632,0.76,161.2204,3.1622,3.6615,0.5349,335262.42,125641.3004
601330.SH,20260210,0.6517,0.79,14.3883,1.2471,2.9641,4.061,1018576.0572,704235.3253
603365.SH,20260210,0.8993,0.84,13.8673,1.8272,1.2031,5.2783,539692.3928,534153.5288
603281.SH,20260210,1.0063,1.45,25.7458,2.5599,6.2097,3.0672,1202880.0021,1202880.0021
300005.SZ,20260210,4.882,1.05,340.5313,6.1581,8.9862,0.0785,1291088.8937,1290522.1718
002938.SZ,20260210,0.9634,0.51,33.5157,4.1591,3.528,1.7062,13586097.0048,13535300.5911
002659.SZ,20260210,4.9862,1.61,,1.8158,11.4238,,393070.2123,393068.3648
002883.SZ,20260210,2.771,0.83,,2.6685,5.7767,0.1805,173022.1399,169884.1543
300713.SZ,20260210,2.1636,0.68,,5.5768,7.3751,,284586.4123,159772.039
603610.SH,20260210,0.8679,0.61,42.3164,2.0373,2.1717,0.5491,642797.7418,642797.7418
002432.SZ,20260210,1.4114,0.79,10.4014,0.8856,12.5202,0.4369,1964987.6885,1852719.2105
688050.SH,20260210,0.838,0.73,32.3403,4.1536,7.8921,0.5794,1167381.5643,1167381.5643
300592.SZ,20260210,4.4806,0.93,190.132,2.4929,0.5969,0.3477,575810.7319,496810.779
600684.SH,20260210,3.0591,0.59,156.7331,4.4514,3.431,,547506.7701,422463.0579
920378.BJ,20260210,0.6269,0.64,84.3022,4.1408,4.1964,0.9833,158169.942,113275.7625
002815.SZ,20260210,7.7307,1.9,60.57,2.1163,2.5653,0.6932,1871674.8704,1194467.2755
688068.SH,20260210,2.2052,1.24,,4.5583,30.7713,,1336848.4948,1336848.4948
002862.SZ,20260210,5.8506,1.36,,8.2138,7.2267,0.1096,328608.0,246940.9237
300408.SZ,20260210,1.7486,1.16,42.7238,5.1789,12.7916,0.6678,10876122.5804,10611160.4965
600819.SH,20260210,2.0162,1.03,58.6329,2.2113,1.5121,0.3841,842941.354,645020.0658
300580.SZ,20260210,1.4179,1.37,40.8875,3.7676,8.5492,0.6934,1227174.5076,1154543.4091
603086.SH,20260210,1.6135,0.66,21.9499,1.664,1.4186,,359590.4693,359590.4693
300103.SZ,20260210,1.4115,0.62,,5.2045,15.7814,,253127.997,252917.8257
603982.SH,20260210,1.8339,0.97,,1.3907,1.2253,,326425.3215,303560.8719
603022.SH,20260210,1.7194,0.72,44.2638,2.8321,2.4404,0.6718,232200.0,232200.0
300009.SZ,20260210,1.1882,0.92,25.1181,4.0351,6.5171,1.4899,1679677.3115,1236398.4682
603079.SH,20260210,0.962,0.72,61.1799,2.3719,4.4499,,373711.5666,373711.5666
300681.SZ,20260210,3.3765,0.89,47.8046,2.6631,2.5367,0.0951,806761.8762,608374.9926
002560.SZ,20260210,4.0029,0.51,63.4878,2.0252,0.6818,,542562.2042,467429.9541
300299.SZ,20260210,17.9994,3.63,,12.4933,13.9802,,537053.4661,536215.5601
002879.SZ,20260210,4.227,0.54,81.4556,2.4309,2.8645,0.865,427733.4226,305413.0711
920267.BJ,20260210,0.8801,0.73,160.2153,4.3944,2.0744,0.8308,114310.9861,67642.7088
603352.SH,20260210,6.6306,1.01,43.0131,3.4906,2.7197,,1002546.6681,196480.1514
920057.BJ,20260210,1.2519,0.85,,1.7535,0.9503,,125434.2015,79628.9099
300399.SZ,20260210,2.9364,0.82,360.1122,10.7449,11.468,0.1791,551501.6,551447.8035
920076.BJ,20260210,7.7192,1.06,27.0943,2.0886,1.9036,,198381.0127,46874.0811
688201.SH,20260210,2.0117,0.78,315.8514,3.8474,9.6509,,500468.7216,477393.5282
603387.SH,20260210,1.6548,1.22,21.5969,1.6754,4.3241,2.0247,450859.4766,450859.4766
300767.SZ,20260210,2.2052,1.11,,3.205,9.8811,,518045.6775,449797.4944
300758.SZ,20260210,6.3207,0.54,91.4088,3.9854,4.6564,,713815.8518,643957.0789
000528.SZ,20260210,1.2021,0.64,16.4378,1.3181,0.73,2.228,2406511.6052,2403346.7801
300133.SZ,20260210,26.567,3.04,84.1655,2.9368,10.1589,0.2918,2120528.3117,1810533.0558
300956.SZ,20260210,1.7419,0.8,279.8867,2.8285,1.7532,0.4622,388416.071,379445.67
600348.SH,20260210,0.8192,0.52,22.2117,1.2309,1.4514,3.2803,3398265.0,3398265.0
920118.BJ,20260210,0.7514,0.62,26.1604,2.1326,0.7528,4.2373,120114.56,72926.596
301359.SZ,20260210,2.1733,0.93,62.2234,3.1053,7.8009,1.6383,261983.68,149104.7711
603153.SH,20260210,1.2538,0.89,22.9043,1.9277,1.5242,1.4741,698403.3246,230040.0
002555.SZ,20260210,7.6447,2.06,18.5685,4.4581,3.4982,3.7966,5793850.4865,4187695.3404
300830.SZ,20260210,9.131,0.78,434.1835,4.3998,15.0951,0.1719,600682.1935,448322.7468
002811.SZ,20260210,2.5003,0.85,34.262,3.3162,3.4461,2.8984,465650.6476,428066.5158
301499.SZ,20260210,3.9933,0.76,85.2154,3.3267,4.5183,0.3965,425410.2227,106352.5572
002667.SZ,20260210,6.1227,0.47,,11.1309,18.133,,514668.2125,467306.725
002523.SZ,20260210,2.7224,1.23,54.1527,2.6012,3.1686,0.3261,651654.768,649309.6342
600272.SH,20260210,1.7556,0.96,276.6659,4.7252,3.1253,0.2811,366924.7672,223520.0
600969.SH,20260210,7.9312,2.33,,1.099,0.9867,,400024.5732,400024.5732
300439.SZ,20260210,0.9712,0.94,42.2407,1.3457,2.7034,1.3031,397769.9735,302563.6728
600022.SH,20260210,0.9821,0.71,,0.9185,0.2388,,1733213.6277,1733213.6277
688146.SH,20260210,4.1194,1.33,68.1757,4.1041,10.4689,0.3871,2365941.1778,647874.6929
688698.SH,20260210,2.2881,1.07,77.7396,8.8018,10.9926,0.4406,2015024.4172,2015024.4172
603363.SH,20260210,1.4002,0.75,6.0181,3.2635,1.3345,,1090641.0051,892222.8784
300007.SZ,20260210,4.4348,0.99,221.7558,6.2368,7.6796,0.0723,1812411.5012,1568038.0409
000595.SZ,20260210,0.6744,0.68,679.5409,13.6496,12.6175,,694580.3833,694580.3833
300856.SZ,20260210,0.8483,0.51,52.7558,2.4892,4.3405,1.5306,665962.1122,643629.8722
603283.SH,20260210,3.8295,1.04,27.5123,4.1833,3.8917,0.8339,1320888.7147,1320888.7147
603381.SH,20260210,13.8421,0.9,70.1721,1.803,0.5608,2.0603,644862.6941,386330.2305
002340.SZ,20260210,1.6468,0.58,35.9864,2.1449,1.2308,0.7632,4409280.15,4385370.2054
688330.SH,20260210,3.1426,0.73,30.3493,1.7142,8.7873,0.7103,663880.0,663880.0
002927.SZ,20260210,1.807,0.52,250.8872,4.1034,4.9342,0.2627,424734.7185,420064.0943
301392.SZ,20260210,5.3534,0.87,540.0456,15.8309,29.2141,0.2613,1148000.0,468337.0583
002014.SZ,20260210,0.6971,1.35,16.5284,3.3244,2.1135,7.0644,780314.6373,770154.7663
300902.SZ,20260210,1.9795,0.81,,4.7016,12.1316,,385968.5524,257420.4884
001213.SZ,20260210,0.2268,0.5,32.7006,0.971,1.5636,1.9424,1853333.3331,1853333.3331
002851.SZ,20260210,2.295,0.7,288.5751,7.67,7.5672,0.0399,6856412.4029,5399802.4808
300447.SZ,20260210,8.0187,0.6,,3.2524,8.3323,0.2377,650230.2008,419079.357
002761.SZ,20260210,0.7531,0.71,55.7922,1.3556,0.1391,0.4725,1144688.7254,934665.1957
600072.SH,20260210,3.5369,0.51,,2.0124,2.0022,0.2314,1953411.6108,1408338.5108
002343.SZ,20260210,20.4128,3.58,,4.2277,7.9561,,402628.2431,402628.2431
002334.SZ,20260210,8.4667,1.03,29.121,2.6925,1.9137,0.5883,820272.3782,731893.2783
603207.SH,20260210,1.5346,0.74,22.794,5.1495,9.6443,7.2586,486641.32,164614.4
300057.SZ,20260210,2.3439,0.67,,1.0235,0.8961,0.1676,530565.5096,428561.5839
002769.SZ,20260210,2.252,0.49,,3.8182,6.5973,,451714.8453,451342.3783
600609.SH,20260210,1.422,1.39,22.6629,3.8931,1.4399,,613142.5223,613142.5223
920717.BJ,20260210,2.4591,0.89,187.5207,2.2114,8.0677,0.3797,124771.84,48176.64
600075.SH,20260210,2.6825,1.38,164.9272,1.2079,0.9541,0.316,1080761.2759,1080761.2759
002377.SZ,20260210,3.9276,0.95,,7.2838,3.5248,,322546.4708,307066.7146
002911.SZ,20260210,0.6515,0.94,18.749,4.2269,0.5558,3.3207,1876179.6436,1830869.9129
300349.SZ,20260210,3.2694,0.71,26.4149,1.6025,2.2306,2.9212,711348.6987,630519.6614
300482.SZ,20260210,1.1679,0.61,37.1498,1.7871,3.7449,1.9981,963786.8276,886190.668
002557.SZ,20260210,1.1832,0.55,30.5762,2.3045,1.7401,4.1551,1196347.5173,1193789.2376
603406.SH,20260210,3.5495,1.29,34.5033,3.5044,4.3169,1.2798,1562839.07,143240.5555
300053.SZ,20260210,8.0916,0.8,,8.5348,68.7766,,1452286.0891,1356306.646
001258.SZ,20260210,0.8875,0.66,132.7941,2.3339,7.1039,0.224,708400.0005,708392.6003
603628.SH,20260210,4.2837,0.79,43.7583,2.9862,1.7609,0.4508,400643.0634,399274.7925
600459.SH,20260210,2.4997,0.47,25.8529,2.2152,0.2946,1.1125,1641183.3922,1640965.5173
600962.SH,20260210,2.1331,1.51,102.0807,6.163,2.5496,,581057.36,581057.36
601985.SH,20260210,0.2508,0.67,22.5701,1.5377,2.1617,2.0894,17709049.7857,16258508.2705
600642.SH,20260210,0.3528,0.83,10.3336,1.1193,1.4589,5.3572,4111026.6758,4110803.051
600295.SH,20260210,0.3869,0.59,23.1257,2.0171,1.6029,3.963,4237347.2486,2991022.4486
600444.SH,20260210,2.6772,1.05,48.2938,3.7526,3.144,0.5699,282594.3288,282594.3288
605100.SH,20260210,1.0399,0.71,221.9932,4.2582,10.0817,0.6825,752236.38,748720.392
301399.SZ,20260210,10.8671,1.96,98.4459,2.952,7.9177,0.989,387061.84,114398.0619
600606.SH,20260210,0.6531,0.68,,0.4146,0.114,,2375162.8951,2375162.8951
300320.SZ,20260210,3.2731,0.81,30.5673,2.625,1.7877,0.3714,647529.2237,523193.4068
003036.SZ,20260210,2.8774,0.62,75.6587,2.7332,2.5928,0.7086,378041.6328,378031.9314
301233.SZ,20260210,1.9752,0.81,32.8606,2.9643,6.4851,0.9146,286276.14,156740.6363
300313.SZ,20260210,2.2735,1.59,,55.2846,21.176,,190144.7422,156500.7617
605118.SH,20260210,0.7154,0.6,64.9309,12.0084,22.8627,1.4001,1789276.8,1770954.6
300890.SZ,20260210,2.0743,0.66,279.6319,1.7819,2.4844,,366128.1845,334475.8696
301309.SZ,20260210,3.9289,0.88,26.2735,1.916,3.5567,0.9679,309947.5552,78722.5552
002436.SZ,20260210,3.2509,0.75,,7.0258,5.5398,0.1336,3788572.3719,3366898.3836
301290.SZ,20260210,2.7776,1.35,,1.3727,7.2599,2.0228,292706.4819,199173.4548
002173.SZ,20260210,8.5109,0.59,,7.1783,15.9181,,1278400.7677,1206033.9714
300936.SZ,20260210,2.2852,0.79,,3.1779,13.699,0.2367,317720.0,200519.6619
688365.SH,20260210,5.7787,0.83,,11.1716,19.9652,,1058600.1644,1058600.1644
603173.SH,20260210,0.6226,0.54,19.2572,4.0514,2.64,1.0324,767200.0,767200.0
000570.SZ,20260210,2.248,0.98,258.9886,1.2525,1.708,0.1639,430472.4293,338972.4293
003021.SZ,20260210,3.2836,1.18,122.2838,8.871,17.5479,0.2265,3022332.1592,2603318.224
688206.SH,20260210,0.6938,0.65,4902.9396,7.7378,34.3507,0.0834,1561418.1366,1561418.1366
600259.SH,20260210,3.4672,0.97,264.1171,7.9042,3.2529,,2762138.8211,2762138.8211
300647.SZ,20260210,2.1497,0.88,,5.5834,4.0594,,319667.3958,319192.858
300276.SZ,20260210,2.0602,1.11,252.1941,6.1821,7.5722,,1225912.6163,924983.5534
300122.SZ,20260210,1.121,0.78,,1.4217,3.8219,,4169981.7393,2463721.484
301387.SZ,20260210,12.0501,1.23,159.0409,3.9797,4.2543,0.2437,655427.8326,262081.7494
002419.SZ,20260210,3.3566,1.13,326.4189,1.6687,0.5876,1.0274,682607.086,682528.0492
300031.SZ,20260210,4.7686,2.06,54.4731,2.4277,2.9783,0.4246,986148.4667,828728.9557
600893.SH,20260210,2.0021,1.07,554.6034,3.3743,2.9946,0.1926,13426598.1768,13424233.406
688029.SH,20260210,0.7359,1.02,25.3107,3.8004,4.9543,1.8116,1547487.0624,1547487.0624
301116.SZ,20260210,0.761,0.61,,3.58,0.2757,0.5952,528000.0014,527997.3554
300885.SZ,20260210,3.9789,0.73,97.3201,7.5394,23.4385,0.4526,662813.4578,446104.477
688199.SH,20260210,1.9276,0.7,,1.7094,3.0027,,438860.5772,438860.5772
603087.SH,20260210,0.8082,0.75,42.9459,3.5238,10.3334,1.503,3975661.8737,3713106.7085
600579.SH,20260210,1.5112,0.8,,2.7787,1.2646,,455593.5006,455593.5006
603559.SH,20260210,0.8923,0.6,,2.7408,6.2285,,260830.0364,260830.0364
002658.SZ,20260210,4.6149,0.53,31.9947,2.5619,4.5186,2.3455,665641.6874,375413.8895
603867.SH,20260210,7.2811,1.65,30.3931,2.4032,2.3682,1.2165,704222.0738,698393.6738
688658.SH,20260210,1.7621,0.83,,2.985,4.0176,,1023750.0,1023750.0
601279.SH,20260210,0.6032,0.78,,1.7356,1.6772,0.2165,732633.1251,732633.1251
600908.SH,20260210,0.7657,0.74,5.7261,0.6008,2.7287,5.4545,1327782.4255,1209584.1623
001335.SZ,20260210,14.699,1.34,48.6947,5.2132,3.613,0.2807,500944.2086,125236.0522
301252.SZ,20260210,17.5192,1.84,52.2051,4.5857,4.9358,0.4849,598042.705,167089.075
300180.SZ,20260210,1.246,0.75,274.1041,2.4721,2.8516,0.0755,1165821.8226,1133765.0598
605339.SH,20260210,0.3181,0.81,98.2043,2.3034,28.3405,0.9115,784937.6396,784937.6396
601000.SH,20260210,0.4237,0.48,14.0721,1.1984,4.5411,4.717,2512593.7323,2512593.7323
002262.SZ,20260210,1.1005,1.14,19.663,2.9832,4.0138,1.5132,2417572.0675,2103702.1729
600138.SH,20260210,3.5068,1.56,88.013,1.165,0.6511,0.6863,738316.8,738316.8
300324.SZ,20260210,2.3968,0.75,,3.558,3.4817,,981271.458,971274.8017
920592.BJ,20260210,1.5868,0.62,,9.0552,16.638,0.4013,309768.03,192795.416
603843.SH,20260210,4.3374,1.03,,13.8031,3.2465,,386192.0268,386192.0268
300850.SZ,20260210,3.4341,0.86,23.3147,2.6008,3.8803,0.1963,1784295.863,1296089.8644
300082.SZ,20260210,1.0984,0.63,,2.4422,1.5073,,668536.5306,666678.4276
002708.SZ,20260210,2.2752,0.99,104.9111,4.6111,3.1315,,780754.0762,717635.9493
600733.SH,20260210,1.2622,0.63,,6.4305,2.5719,,5163761.8632,3967178.3679
600119.SH,20260210,1.217,0.66,,21.7919,11.5709,,260072.5034,260072.5034
301321.SZ,20260210,4.2199,0.56,,4.5361,1.4273,,440732.34,348974.3632
688002.SH,20260210,1.6775,0.78,66.7056,8.7913,10.0639,0.1363,5285409.5741,5285409.5741
000860.SZ,20260210,1.1329,0.57,,1.5623,1.4202,1.0204,1090397.4738,1090397.4738
300257.SZ,20260210,1.9766,1.45,45.9169,2.8083,4.065,0.5353,1856110.2136,1783361.2936
301628.SZ,20260210,16.1593,2.31,61.8652,6.9739,8.7485,0.3769,799963.3654,346236.3894
600517.SH,20260210,0.5497,0.71,16.1988,1.647,4.9908,1.3943,3814196.6412,3814196.6412
000572.SZ,20260210,2.8225,0.66,,6.9643,5.9055,,1170981.1353,1169284.1837
001256.SZ,20260210,1.6407,0.94,35.7019,2.6926,6.2988,0.8718,325441.8574,243974.4574
300493.SZ,20260210,6.9854,2.4,233.1109,9.0777,3.7455,0.1698,1056305.8779,1044125.8831
002127.SZ,20260210,4.1671,2.8,,1.9595,2.7782,1.2012,817471.8442,664246.088
603333.SH,20260210,0.8124,0.8,,2.4306,3.3849,0.1205,501572.7619,501572.7619
600821.SH,20260210,3.0309,1.18,18.7244,1.2212,3.1917,3.4025,1156415.5393,1156415.5393
600653.SH,20260210,2.1572,2.06,663.0439,5.2455,0.8884,,383436.9224,383436.9224
002344.SZ,20260210,1.8691,1.11,82.8816,0.7556,6.1153,0.7692,633612.7782,633036.3454
301162.SZ,20260210,3.2636,0.59,87.9949,6.6639,14.8852,0.7613,1019038.5027,655043.5619
920077.BJ,20260210,1.6962,0.7,70.6142,3.9232,4.3344,,1011988.0889,545799.6389
300283.SZ,20260210,4.1245,0.77,,3.6014,1.1344,,412491.9243,304791.3567
688156.SH,20260210,1.4103,0.9,,2.431,6.4362,,198910.4601,198910.4601
001369.SZ,20260210,3.0834,0.62,32.395,2.5216,4.8223,,1714765.0,300538.9351
002105.SZ,20260210,2.5868,1.13,,3.2667,2.2058,,272850.2528,271530.8764
601728.SH,20260210,0.1062,0.5,15.2571,1.1485,1.0006,4.7635,52616604.7519,44637094.0019
002461.SZ,20260210,0.3074,0.56,22.3712,1.9141,3.5834,1.7745,2120368.6838,2120368.6838
300501.SZ,20260210,1.7267,0.6,70.154,2.0729,2.6811,2.8632,305403.1313,158943.0227
002253.SZ,20260210,1.8961,0.51,,2.2511,20.7642,,239614.9129,221218.8947
002360.SZ,20260210,3.5417,0.83,,1.0871,4.7351,,217359.8682,177189.5264
300949.SZ,20260210,2.87,0.89,,4.0429,6.994,,267420.0,152879.8378
301046.SZ,20260210,1.5915,0.88,175.1916,3.7336,3.5192,1.0619,430246.7645,330411.1932
603988.SH,20260210,2.3311,0.44,163.2255,10.3373,9.7029,0.1356,693840.0,693840.0
300021.SZ,20260210,3.6867,0.51,78.07,1.929,1.0667,1.0865,486646.9152,415423.8644
603167.SH,20260210,1.0194,0.89,15.6223,1.2857,2.4601,8.316,451317.0119,451317.0119
600159.SH,20260210,2.6831,0.59,,1.494,3.6706,,256470.9987,256470.9987
688618.SH,20260210,1.2554,0.86,101.875,3.9955,9.3633,0.5036,350610.6747,350172.2523
301117.SZ,20260210,7.5984,0.95,348.8058,5.2739,19.9511,0.0268,688339.576,423388.4478
002805.SZ,20260210,2.0215,0.71,,4.6627,2.7364,,460422.7632,457924.0311
688168.SH,20260210,0.6011,0.59,,5.6125,5.9974,,563450.5292,563450.5292
300550.SZ,20260210,2.0978,1.33,73.8393,3.3917,9.3514,0.1733,378874.2835,378522.5089
920792.BJ,20260210,0.8597,0.52,37.7172,2.0951,2.9927,0.7764,213215.52,129262.1833
002186.SZ,20260210,2.6566,0.9,,4.3715,2.9626,,378127.3964,377621.9684
605020.SH,20260210,1.1508,0.63,24.5747,2.4963,2.8147,0.8322,1410881.3129,1389076.0521
300490.SZ,20260210,7.6695,0.7,,3.0533,3.3286,,672956.0977,663810.4091
688176.SH,20260210,1.0904,0.68,,3.9715,24.8309,,692829.7995,528487.0561
300306.SZ,20260210,2.2102,1.0,44.2616,2.6325,9.2225,3.0084,386224.8052,226317.1756
600794.SH,20260210,1.134,1.21,54.5342,1.7589,6.2605,0.7792,462058.5804,462058.5804
300844.SZ,20260210,0.8806,0.78,,5.5845,8.6188,,409475.3958,395545.1928
300665.SZ,20260210,2.3489,0.95,,3.5004,3.2555,,193329.0796,192556.648
002196.SZ,20260210,21.5258,1.58,,6.1143,3.248,,865296.5179,852058.0352
000090.SZ,20260210,1.0204,0.59,23.9994,0.6637,0.3394,2.4938,749286.719,749252.4335
600429.SH,20260210,0.9041,0.74,43.0392,1.5461,1.2435,0.2245,806621.8279,804188.3378
300077.SZ,20260210,3.3971,0.65,,13.2601,9.7734,,1275298.0929,1238558.0238
301509.SZ,20260210,6.8861,0.65,46.3977,2.1628,7.9783,1.0106,476727.9159,224580.593
300105.SZ,20260210,1.4839,0.73,48.8411,2.0195,3.1796,1.3263,388924.0727,388924.0727
603239.SH,20260210,1.6139,0.69,34.2644,5.3047,4.7278,0.8544,665429.76,665429.76
603906.SH,20260210,1.1793,0.6,,4.1516,1.5847,,1242048.0511,1024488.0511
002765.SZ,20260210,1.8211,0.81,40.6534,2.9575,2.0959,,777336.6833,710295.0869
603929.SH,20260210,2.6345,1.21,48.7296,16.6911,7.6517,1.3697,3115482.72,3115482.72
300374.SZ,20260210,1.9659,0.6,,4.9333,2.0569,,401574.8463,318328.2018
002718.SZ,20260210,8.697,1.53,,10.4292,17.76,,933318.8471,392987.4669
603350.SH,20260210,1.5517,0.82,36.9166,3.3929,2.3101,1.8236,446870.984,168784.0
300835.SZ,20260210,3.8739,0.67,63.459,7.7032,7.2642,0.252,919875.5236,634736.6624
920575.BJ,20260210,3.6301,0.86,,9.1916,1926.9659,,297515.46,198921.1621
300124.SZ,20260210,1.3488,1.33,40.9128,6.1706,4.8992,0.5205,21216550.6322,18797567.7608
603700.SH,20260210,1.4449,1.0,31.2242,1.7877,1.7118,1.3827,289144.9566,289144.9566
002960.SZ,20260210,1.7523,1.06,39.8689,1.6189,2.1419,1.4208,1019770.3859,871092.8109
920802.BJ,20260210,3.018,1.24,54.6412,3.0237,6.4955,0.7707,130967.2391,35291.453
300594.SZ,20260210,2.659,0.47,,2.9389,2.9128,,242821.5284,240508.0444
002734.SZ,20260210,6.1158,0.66,22.2559,2.4396,2.0814,1.115,935024.8612,853489.4872
002729.SZ,20260210,2.7846,0.53,83.5328,6.3287,8.2236,0.1474,347459.8781,333205.5872
000045.SZ,20260210,2.303,1.2,95.1973,2.2369,2.0303,0.5403,665569.7096,600526.7096
688622.SH,20260210,4.1926,1.21,,26.6936,79.1897,,978625.1556,978625.1556
000899.SZ,20260210,0.8574,0.75,10.9044,1.6347,1.4766,3.122,1031291.3923,1031291.3923
600719.SH,20260210,1.8246,0.81,,9.1053,4.4495,,268249.5348,268249.5348
688656.SH,20260210,0.9795,1.26,248.2207,10.9072,23.337,0.2065,904268.8963,904268.8963
603693.SH,20260210,0.834,1.72,28.9134,1.5921,5.3614,1.2068,1108104.5188,1108104.5188
600857.SH,20260210,1.4064,0.91,80.47,3.4298,6.0561,,305523.7297,305523.7297
301448.SZ,20260210,1.3873,0.68,912.3572,6.85,6.13,0.4663,468398.8,216209.035
301000.SZ,20260210,1.3727,0.42,67.53,7.8311,11.7553,0.4976,974180.9385,919599.2505
301061.SZ,20260210,0.4548,0.71,21.6808,4.8968,6.143,0.976,1972188.12,1310216.0029
300601.SZ,20260210,1.2032,0.99,,1.8878,6.3695,0.5852,1717837.9632,1384775.1428
600418.SH,20260210,2.5022,1.44,,12.0118,2.9245,,11926877.4687,11926877.4687
000030.SZ,20260210,0.4706,0.57,13.9204,1.1481,0.5471,2.7934,935577.0997,908973.1061
600557.SH,20260210,0.9876,0.51,35.681,1.7738,2.6709,,836216.5565,836216.5565
920075.BJ,20260210,17.9974,3.62,73.4431,4.9122,3.7968,1.5198,197167.23,106101.5043
000520.SZ,20260210,2.3137,1.26,,11.5342,6.8242,,464546.3058,464546.3058
002884.SZ,20260210,0.5616,0.63,13.8442,2.7765,3.7879,5.571,642040.1037,490165.116
601012.SH,20260210,2.9856,0.68,,2.5044,1.903,,14254338.8336,14254324.6395
300472.SZ,20260210,1.2806,0.64,,,,,214701.7244,206576.2694
605069.SH,20260210,9.1814,0.63,,3.5683,9.3607,,303786.3114,120771.4339
603678.SH,20260210,1.963,0.58,64.8636,3.0935,5.5963,0.5559,1873732.5261,1873732.5261
300136.SZ,20260210,11.2599,0.64,124.0038,9.9293,8.6525,0.0625,7624440.8674,6497595.2569
300449.SZ,20260210,9.859,6.0,,9.9719,17.0486,,309600.8632,309600.8632
600383.SH,20260210,3.2435,0.78,,0.2848,0.2665,,1553016.7488,1553016.7488
002636.SZ,20260210,4.7337,1.42,163.6476,5.1931,4.1575,0.3421,1809080.0,1799923.8112
300303.SZ,20260210,4.8907,1.19,32.2398,2.7681,3.0275,1.7615,1038518.4513,974302.1237
000863.SZ,20260210,2.5131,0.97,,1.6173,8.8189,,727310.929,716787.0975
301589.SZ,20260210,1.5199,0.98,29.2836,4.418,5.0905,0.648,1691705.952,630674.303
600683.SH,20260210,12.6672,1.2,,,5.8551,,494839.4348,494839.4348
603859.SH,20260210,2.343,0.72,47.1519,3.6972,7.2195,0.0433,1127811.7039,1127811.7039
000728.SZ,20260210,0.411,0.6,13.4358,0.9713,4.6537,2.1739,3613208.0937,3613208.0937
603375.SH,20260210,1.6387,0.7,167.275,2.4486,7.6415,0.2601,387063.3346,245237.672
920642.BJ,20260210,2.0386,0.96,,6.5453,12.3238,0.3331,154468.7142,148935.7482
688244.SH,20260210,3.5556,3.5,,3.7336,11.1015,0.1404,361552.838,361552.838
002738.SZ,20260210,2.87,0.89,141.9738,4.9096,8.9195,0.6116,5898196.0945,5812765.8403
688009.SH,20260210,0.3083,0.8,17.2769,1.2824,1.7689,3.0466,5909119.002,4810528.044
000420.SZ,20260210,2.636,0.86,,2.535,2.1967,,1121243.9644,1120862.2012
920553.BJ,20260210,1.0489,0.99,58.9765,4.17,3.2415,0.7805,147282.7215,94161.8485
688690.SH,20260210,0.9302,0.61,76.6561,6.0767,12.6088,0.2216,1139161.4521,1139161.4521
603284.SH,20260210,75.7596,,32.1851,2.1366,1.7514,,444419.4164,108863.7639
300995.SZ,20260210,1.671,0.85,202.9128,5.2087,8.9229,0.5856,322787.355,230315.2774
688533.SH,20260210,1.3814,0.81,29.3664,3.1315,1.8175,1.3824,530101.1586,530101.1586
301158.SZ,20260210,5.409,1.04,28.2154,2.6993,5.1879,1.3211,370061.8251,360586.7807
601118.SH,20260210,1.1245,0.56,100.3463,2.9884,0.5711,0.161,2897172.6186,2897172.6186
603285.SH,20260210,7.6592,0.62,44.2729,3.5556,9.5572,0.5368,596160.0,232117.8023
000989.SZ,20260210,2.2958,0.93,61.662,2.1523,4.0601,3.2311,785754.767,637233.1453
601179.SH,20260210,2.4249,0.43,61.634,3.2851,3.1005,0.4759,7432529.4104,7432529.4104
300453.SZ,20260210,1.158,0.68,20.2027,3.5788,3.1146,3.1722,493891.7242,340427.2904
300991.SZ,20260210,8.0207,1.37,274.9245,10.9698,9.7359,0.0617,700128.0,447994.404
301008.SZ,20260210,4.7099,2.09,140.6791,3.1901,4.1596,0.2362,477360.9879,422248.5879
002194.SZ,20260210,3.7281,1.37,,3.6153,6.1996,0.5323,898520.8349,671825.3141
002322.SZ,20260210,2.239,1.06,21.6709,1.9062,4.5852,4.7109,495290.3994,476146.565
300056.SZ,20260210,3.5188,0.68,,24.7364,8.0173,,365059.4495,364737.2801
300567.SZ,20260210,5.0454,0.89,,10.4141,12.2458,,3680052.5787,2986822.1493
688502.SH,20260210,2.874,0.69,335.2026,15.7971,30.1488,0.094,1901328.0,604968.0
600795.SH,20260210,0.5765,0.61,11.1818,1.3954,0.4864,4.5161,8293562.8731,8293562.8731
300965.SZ,20260210,0.7476,0.64,109.9098,3.0037,17.5766,0.9529,365220.0,339129.5963
300922.SZ,20260210,2.8356,1.07,85.8099,3.8896,14.623,0.7701,362930.755,285016.7152
300614.SZ,20260210,2.289,0.48,,2.2702,5.8493,,240179.6965,240179.6965
001696.SZ,20260210,1.8618,0.9,28.6025,4.3187,1.8702,0.9671,2367915.6706,1843411.5293
000712.SZ,20260210,2.0451,0.66,71.1033,4.4545,13.862,,1129856.0,1129520.7316
000679.SZ,20260210,0.8817,0.54,,13.3243,5.1959,,263023.2,263023.2
603290.SH,20260210,1.1326,0.56,53.3359,3.5957,6.2699,0.6125,2486452.9975,2486452.9975
603039.SH,20260210,2.3181,0.75,62.0337,6.0219,5.9094,0.2879,1344451.2536,1344451.2536
601929.SH,20260210,14.3291,3.35,,2.9425,7.2741,,1472690.6069,1472690.6069
002101.SZ,20260210,0.6608,0.68,22.7454,1.042,0.8949,2.553,814525.269,811872.156
688633.SH,20260210,0.5081,0.86,28.0237,2.2772,5.3753,1.3705,365894.2657,365894.2657
300269.SZ,20260210,11.3401,0.68,150.4322,44.0426,8.1961,,473336.1172,453135.8178
301588.SZ,20260210,8.8387,1.19,67.8349,3.2973,3.58,0.5397,308342.9539,190293.7207
601828.SH,20260210,0.5967,1.06,,0.2662,1.7198,,1149649.4257,953950.0183
001228.SZ,20260210,4.278,1.16,35.7586,1.975,0.6764,1.7956,331847.4258,255167.4258
600507.SH,20260210,0.9078,0.69,17.1096,1.4468,0.7812,0.5149,1450368.807,1450368.807
601187.SH,20260210,0.9844,0.74,7.725,0.7411,3.4747,3.8911,2034767.6016,2030336.0509
301172.SZ,20260210,16.0824,1.06,161.2836,3.633,12.6331,0.2315,532100.8,304693.3568
600469.SH,20260210,1.7506,0.56,23.0202,1.4946,0.7145,0.554,526663.5289,526663.5289
603708.SH,20260210,3.0189,1.16,56.7221,3.7595,0.4792,1.7505,848990.4378,848990.4378
600552.SH,20260210,3.4018,0.74,88.2641,3.2597,2.4617,0.3408,1385738.3135,1385738.3135
603139.SH,20260210,2.3409,1.01,,3.3402,4.7174,,242109.12,242109.12
301222.SZ,20260210,7.0301,0.88,33.9323,2.4555,5.3205,0.8547,351848.016,280173.9915
600930.SH,20260210,1.2425,0.71,28.0629,2.2495,6.4453,,24819999.9998,1921739.0962
300891.SZ,20260210,2.6357,1.19,,3.0404,2.194,0.103,385607.8672,320454.7222
601616.SH,20260210,4.5294,0.42,229.9542,1.8066,4.9825,1.3592,439642.7893,439642.7893
301022.SZ,20260210,2.2801,0.69,79.9453,2.4692,4.4407,0.7271,349686.7029,236158.5721
003039.SZ,20260210,0.7018,0.7,37.0774,3.5908,4.7065,1.2836,1010260.6423,1010260.6423
002553.SZ,20260210,4.6055,1.34,28.2704,6.0851,11.4975,0.3573,973996.9651,691204.8
920284.BJ,20260210,5.1564,0.77,,12.8363,22.2466,,403424.7333,260884.9128
603286.SH,20260210,5.036,1.27,,10.0947,7.9091,0.0412,849124.7689,834795.4726
600764.SH,20260210,1.3919,1.27,86.3336,2.4505,6.2392,0.4555,2012502.4212,2012502.4212
300632.SZ,20260210,3.1993,1.28,173.7052,2.3998,5.4956,0.6584,429085.3577,311022.0445
002093.SZ,20260210,1.5808,1.22,52.7352,2.9743,20.1678,1.0428,1141497.5,1141497.5
300198.SZ,20260210,1.5192,0.93,,154.4288,33.8963,,285738.9456,284261.9735
300183.SZ,20260210,1.5898,1.01,,2.4305,7.9426,0.615,752202.4568,661029.3441
003019.SZ,20260210,1.119,0.89,30.1969,3.2845,2.4741,1.611,547464.4851,529169.7319
601928.SH,20260210,1.9262,3.62,13.5351,1.3344,2.0044,5.7692,2646696.0,2646696.0
002269.SZ,20260210,2.6105,1.3,,25.6634,9.9503,,482400.0,482400.0
603887.SH,20260210,7.3096,1.33,,2.7536,3.9214,,983114.0445,972091.2945
300591.SZ,20260210,8.5211,1.53,,14.8199,7.2598,,376465.2651,325212.7995
002268.SZ,20260210,1.7351,1.07,106.8762,3.1393,7.57,0.3003,1689580.8938,1688905.2202
688507.SH,20260210,3.4328,0.95,247.2953,3.2688,22.2422,0.369,893850.2123,493883.6076
001316.SZ,20260210,6.1844,0.8,48.6454,5.2353,6.5834,1.0711,654316.0473,632581.6533
603838.SH,20260210,0.7462,1.5,,2.7253,7.2858,,255052.752,255052.752
002519.SZ,20260210,27.1655,1.45,,4.8487,231.281,,1114040.1581,1106478.8209
603529.SH,20260210,0.4399,0.54,11.0043,2.7077,1.0212,4.0957,2576964.3895,2513016.6809
000900.SZ,20260210,0.5894,0.72,17.4856,0.5779,0.9103,3.5377,643559.2136,643530.5936
600958.SH,20260210,0.4086,0.46,17.097,1.132,4.9495,2.1021,8819517.8131,7753323.2128
601156.SH,20260210,0.7243,0.84,11.4878,1.581,1.2744,1.5182,3011592.8897,1791897.7697
600770.SH,20260210,4.3597,0.63,183.0235,2.6085,21.2968,,894400.0,894400.0
600097.SH,20260210,5.4116,1.45,29.211,1.3266,1.3462,0.6265,307675.9858,307675.9858
688089.SH,20260210,1.1447,0.85,19.3439,2.0162,5.5024,1.0256,328202.784,328202.784
603813.SH,20260210,1.001,1.18,,6.9287,9.1796,,377948.985,377948.985
300174.SZ,20260210,1.5477,0.94,24.4827,1.7514,3.1664,1.3887,599854.4629,597765.7425
688007.SH,20260210,0.8544,0.73,,3.0518,3.8387,0.145,787781.1984,787781.1984
002416.SZ,20260210,3.0625,1.69,43.3495,2.9304,0.358,3.6311,1706491.0469,1685316.2266
000953.SZ,20260210,1.6444,0.99,337.5085,17.2923,15.294,,266536.958,266536.958
301428.SZ,20260210,18.5506,0.83,87.9103,3.032,3.5805,0.2532,385786.668,239278.968
600810.SH,20260210,0.8491,0.53,,1.2685,0.7008,0.5141,947915.7317,939534.1537
300073.SZ,20260210,1.6253,0.65,59.3627,2.0802,3.2001,0.3344,3029538.5561,2816236.3226
603477.SH,20260210,1.0101,0.6,24.8023,3.0519,1.1704,0.9418,908435.402,908435.402
603376.SH,20260210,5.3381,1.06,54.1945,9.0813,5.6062,,1528803.822,118625.6957
301119.SZ,20260210,3.694,0.63,47.0739,5.3379,11.8668,1.7571,544544.0,440399.96
000858.SZ,20260210,0.4767,0.59,14.5388,3.1202,5.0288,5.3962,41339125.2533,41337384.0528
603162.SH,20260210,11.5214,1.46,34.3522,3.1333,3.2924,0.6863,1343596.026,404312.0022
300322.SZ,20260210,2.9387,0.68,,12.1459,4.8014,,1211280.4568,1159654.199
300371.SZ,20260210,1.712,0.83,39.3,2.4487,6.1407,0.6218,286935.8641,191669.2033
603180.SH,20260210,0.8908,0.94,22.5341,1.1722,0.95,1.838,325482.5654,325482.5654
603001.SH,20260210,1.3146,0.69,,1.6304,1.8205,1.5512,387747.66,387747.66
603161.SH,20260210,1.7303,0.53,33.3282,2.0581,1.3561,1.0353,307358.5816,301573.7738
688323.SH,20260210,5.4404,0.92,,5.718,11.3168,,432900.5387,432900.5387
301602.SZ,20260210,0.7179,0.97,67.5928,7.3847,26.1011,0.4545,961171.7077,467872.6334
002742.SZ,20260210,1.0084,0.87,,,3.136,,296900.2858,227398.6934
920599.BJ,20260210,0.753,0.52,11.1574,2.9467,1.4774,3.2692,968989.875,734453.2549
688328.SH,20260210,1.5461,0.5,,3.7313,4.8893,,309249.9098,309249.9098
002579.SZ,20260210,3.4877,1.18,225.3064,2.9655,2.2014,,717376.404,683134.1672
605088.SH,20260210,10.1657,2.65,26.1624,2.7531,1.8589,1.4068,790631.6067,778889.4867
002568.SZ,20260210,0.8654,0.49,31.54,4.6108,7.4685,1.422,2189369.3828,1509119.2782
001300.SZ,20260210,1.4923,1.55,,4.1034,8.4533,0.057,425145.194,425145.194
300462.SZ,20260210,1.4938,0.79,57.2104,1.5262,3.003,,218191.2134,166192.9866
603536.SH,20260210,2.5089,0.66,,6.7145,1.6038,,270496.9505,268434.0022
600235.SH,20260210,1.8837,0.81,85.3803,1.6738,2.1388,0.2358,253287.3,253287.3
300820.SZ,20260210,5.1153,0.66,60.0311,5.037,7.9766,0.6899,1276999.6801,642122.9358
003000.SZ,20260210,0.7245,0.35,20.8235,3.9015,2.1216,3.4317,519430.0712,354885.4598
920402.BJ,20260210,1.2166,0.65,,2.7309,8.7394,0.1931,437254.2294,282696.715
001236.SZ,20260210,0.7132,0.7,662.056,5.4953,7.5991,0.0982,1025917.778,771723.178
688653.SH,20260210,1.5531,0.7,,4.0685,8.7142,,584933.44,436015.1807
002179.SZ,20260210,1.2694,1.12,34.4841,3.0127,3.4378,2.3141,7322863.0199,7251400.1578
688222.SH,20260210,2.5471,1.02,106.2192,8.242,24.3135,0.1977,1212057.0,1212057.0
601702.SH,20260210,0.8616,0.57,18.7441,3.8096,1.8975,1.2826,2335563.0734,2335563.0734
603373.SH,20260210,1.488,0.44,33.6359,2.4372,1.5873,1.7292,435268.8183,183901.0772
300421.SZ,20260210,10.5438,1.37,152.8737,6.7656,7.9357,0.411,858569.0133,672604.6902
600755.SH,20260210,1.0198,0.75,29.2241,0.7377,0.0465,4.0592,1434343.7561,1430678.3448
600415.SH,20260210,1.0164,0.66,19.9136,3.772,4.6014,2.1626,8367911.3789,8367911.3789
600486.SH,20260210,1.3738,1.27,24.4842,2.6764,2.6052,1.2368,3015620.1799,3005675.5858
002513.SZ,20260210,6.9633,1.33,,72.5037,1.2792,,280944.2955,216202.8939
300682.SZ,20260210,3.0414,0.95,,2.9893,4.7711,1.3369,2016300.9853,1929948.4357
002714.SZ,20260210,0.7807,0.74,11.8774,3.2856,1.7222,3.2231,26343030.7578,17489981.0653
688419.SH,20260210,5.2007,0.8,75.2657,5.3301,18.7484,0.5965,545724.1511,283503.4629
300225.SZ,20260210,1.1958,0.65,86.5948,2.787,3.1026,0.3953,240567.3725,240378.8875
300988.SZ,20260210,3.3835,1.07,35.7867,2.8924,1.9174,0.6364,368140.2648,279901.6785
002494.SZ,20260210,3.4964,0.68,148.5092,1.8217,5.6077,,223367.9451,169768.0993
601512.SH,20260210,0.3215,0.8,18.2362,0.9611,4.3918,1.3237,1449426.63,1449426.63
688571.SH,20260210,0.7256,0.72,29.8355,2.1079,2.7041,2.4316,339336.56,339336.56
002575.SZ,20260210,20.9134,1.01,,6.1713,12.1614,,511695.0,485961.265
600650.SH,20260210,1.9194,1.44,69.8658,2.0254,5.0946,0.6997,867131.0882,613960.4379
300157.SZ,20260210,14.1471,0.66,205.7735,,8.0739,,452362.6242,424694.7792
600651.SH,20260210,1.0611,1.19,417.6346,8.3169,10.8395,,2073312.1684,2073312.1684
002530.SZ,20260210,2.6955,1.05,182.1965,6.2115,7.4223,,822833.2728,734050.2407
688219.SH,20260210,0.9144,0.76,32.8619,2.2976,1.0473,1.0387,682603.2,682603.2
688575.SH,20260210,1.6802,1.64,54.4608,2.8789,4.0983,1.5347,780516.4178,780516.4178
301638.SZ,20260210,5.3508,0.7,87.2574,6.3149,9.96,,6734499.1871,497687.9768
688186.SH,20260210,1.7782,0.93,22.2245,1.3195,1.3103,1.2112,631381.5404,631381.5404
603226.SH,20260210,0.8632,0.94,,11.4287,31.4762,,1037680.4766,1037680.4766
300986.SZ,20260210,15.776,1.1,106.5884,6.6173,5.1349,0.1825,1409362.9685,1408200.0611
603312.SH,20260210,1.9894,0.7,25.6956,4.6993,2.628,2.456,747197.665,237794.065
000430.SZ,20260210,1.2033,0.79,,22.436,13.1169,,600749.446,274952.9126
601238.SH,20260210,0.2005,0.82,,0.7313,0.8155,0.252,8076076.1928,5847888.4952
301613.SZ,20260210,2.4714,1.15,33.8359,4.7302,2.7275,1.2779,750419.7856,437712.8056
600929.SH,20260210,0.9142,0.85,,1.3256,2.2309,1.4291,998828.9729,998828.9729
300008.SZ,20260210,11.7996,1.11,52.6984,6.6188,3.254,,1546586.074,1474324.6135
600028.SH,20260210,0.1732,0.78,21.6693,0.9407,0.2769,3.5324,78117882.1874,61210099.0923
002348.SZ,20260210,1.655,1.04,,13.4883,17.8776,,600524.8,572839.9214
300331.SZ,20260210,3.7592,0.77,,7.483,5.9989,,1170817.2476,947863.8087
603389.SH,20260210,0.9498,1.43,,47.6957,53.4342,,1115644.992,1115644.992
002825.SZ,20260210,1.6789,0.89,22.9242,2.3051,1.9181,1.083,373297.8938,280402.6007
605018.SH,20260210,0.5237,0.85,63.2065,1.9739,2.6095,1.3009,534934.8724,534934.8724
002132.SZ,20260210,1.7696,0.76,355.5265,1.5507,1.0311,1.2338,538193.164,537401.1479
688020.SH,20260210,1.8519,0.61,,5.4184,20.1809,0.2002,749347.181,749347.181
300659.SZ,20260210,3.5468,1.23,,3.3728,4.9118,,405170.5402,296157.7263
600118.SH,20260210,3.4608,0.6,1863.4712,16.8614,16.2634,0.011,10708621.6066,10708621.6066
300036.SZ,20260210,2.7973,0.88,,3.4596,6.1423,,931821.6727,829161.4763
000837.SZ,20260210,1.4389,1.02,280.4234,2.6061,3.0934,0.2423,1266654.5462,1247165.3312
688699.SH,20260210,2.9846,0.74,,5.168,9.9861,,626047.6723,626047.6723
300413.SZ,20260210,8.2574,2.72,56.9688,2.3023,4.1442,0.7719,5331554.3228,2911844.8803
920855.BJ,20260210,0.7799,0.71,29.7973,2.3943,4.962,1.1425,137359.8661,123213.8424
002324.SZ,20260210,2.4291,0.69,77.9318,4.3796,2.1396,0.2739,2003317.5826,1398073.0076
300004.SZ,20260210,2.6854,0.6,102.0045,3.7811,11.3481,,672951.0244,672951.0244
300756.SZ,20260210,1.1843,0.62,95.102,5.2945,11.2974,0.1016,775225.4277,645522.1064
300915.SZ,20260210,2.6799,0.94,424.0548,2.1481,3.14,1.085,330328.0785,151206.006
001318.SZ,20260210,1.4647,0.71,36.7399,2.9679,8.7331,1.1889,427947.24,427947.24
300373.SZ,20260210,2.536,0.69,33.3588,4.7162,6.2664,1.0195,4359822.6429,4350194.4286
000921.SZ,20260210,0.5199,0.58,9.9586,1.9809,0.3578,5.0764,3352748.895,2222774.4829
002496.SZ,20260210,1.2709,0.49,,2.0487,7.8525,,271366.1419,200241.4088
601018.SH,20260210,0.3117,0.66,15.5855,0.9974,2.5932,3.3333,8054116.7972,8054116.7972
600749.SH,20260210,2.9638,1.09,134.0681,3.6389,19.1733,,391515.5168,391515.5168
002657.SZ,20260210,2.898,0.98,,5.5134,8.1418,,958606.5739,947505.4788
001259.SZ,20260210,2.7364,0.73,503.0352,3.4495,6.0693,0.4721,246375.597,159178.9827
000981.SZ,20260210,4.2524,0.54,,27.6163,13.4902,,4648823.9629,4423710.5832
301032.SZ,20260210,3.4893,0.96,36.4648,2.7687,1.4348,0.722,333969.759,221423.7934
000408.SZ,20260210,0.5392,0.55,38.5614,8.8371,40.1165,1.1749,13353199.7355,13353053.0415
600117.SH,20260210,0.5077,0.7,,2.3225,1.576,,934217.964,934217.964
000601.SZ,20260210,1.9027,1.1,103.5599,1.3446,1.1496,3.9129,542815.0952,535258.7226
600919.SH,20260210,0.3629,0.61,5.6249,0.7723,2.2443,5.2033,19232188.0372,19232188.0372
300980.SZ,20260210,2.5673,0.68,103.5669,3.3323,8.047,0.5175,469421.6732,334360.9232
605266.SH,20260210,0.7193,0.6,25.0963,1.2223,0.3529,5.0773,320985.6615,320985.6615
603326.SH,20260210,0.9427,0.6,18.4791,2.8788,2.2683,6.3085,330028.9456,330028.9456
688236.SH,20260210,0.4004,0.7,34.4864,3.0321,8.3582,1.1227,880673.276,662230.688
002241.SZ,20260210,1.9921,0.89,32.4649,2.6827,0.9494,1.0978,9438506.809,8354599.367
603092.SH,20260210,4.1771,0.93,34.6271,5.1081,5.0747,,2707200.6768,226406.2493
300775.SZ,20260210,10.27,0.66,53.3559,4.1649,16.5343,0.4494,2436589.7659,2365550.3486
300043.SZ,20260210,19.4638,2.17,227.2836,5.4461,4.5565,0.1327,935637.1976,935141.7048
603685.SH,20260210,2.237,0.66,282.8505,3.0903,5.0392,0.0222,610311.7814,489964.6967
688526.SH,20260210,0.2954,0.56,16.6351,1.8324,7.5369,2.6095,764450.0118,764450.0118
000301.SZ,20260210,0.5197,1.14,,2.5239,0.6941,,8435929.8845,8432517.1306
920002.BJ,20260210,1.3955,0.88,77.7215,6.4869,13.3273,0.1388,468180.0378,322812.2922
002164.SZ,20260210,2.763,0.89,121.9779,5.2494,5.0362,,751961.4226,677922.383
301077.SZ,20260210,2.2988,0.86,34.0789,4.4647,6.542,2.8167,511257.2966,286780.3028
300248.SZ,20260210,4.0156,1.51,67.8301,3.0568,6.6802,0.5874,648786.5113,557212.0545
605298.SH,20260210,0.8936,1.65,104.9681,7.7432,14.2701,0.3487,808130.7,801251.802
603948.SH,20260210,1.4071,0.62,21.1749,2.2037,2.1218,3.5125,462606.6584,462606.6584
002796.SZ,20260210,7.9713,1.08,851.5859,12.9548,11.9538,,1109152.7365,1000777.5522
600655.SH,20260210,0.4464,0.62,,0.5905,0.519,3.6129,2035755.6768,2034389.6008
600307.SH,20260210,0.9157,0.74,,1.6923,0.3509,,1152457.766,1152457.766
601006.SH,20260210,0.3618,0.45,15.3674,0.6211,1.3384,4.3307,10234766.2797,10234766.2797
603828.SH,20260210,0.4616,0.83,,6.3081,2.0966,,406444.8278,406430.8243
688578.SH,20260210,0.6151,0.86,21.7615,6.6391,9.0691,0.8344,4314600.0,4314600.0
001391.SZ,20260210,0.8417,0.56,27.2861,2.8072,3.1861,1.0833,7325328.735,911612.412
300998.SZ,20260210,2.5357,1.16,,2.6955,2.7389,,339768.1827,266724.7967
001218.SZ,20260210,1.5373,0.53,25.1076,1.4759,0.7374,1.9775,335729.7325,239607.5914
603619.SH,20260210,7.213,0.8,30.0646,3.6068,3.7741,1.4926,1535426.029,1535426.029
002439.SZ,20260210,2.3776,1.35,,1.5811,6.9767,,1769855.6995,1059726.0295
603037.SH,20260210,4.1385,1.09,52.009,4.6944,5.8359,1.477,453760.8856,452441.4136
300078.SZ,20260210,4.5605,1.1,,9.6162,7.6105,,555582.4983,553343.4726
002946.SZ,20260210,0.413,0.4,23.9222,4.6639,1.5005,1.6763,1643032.7691,1624003.4505
001267.SZ,20260210,4.2486,0.73,227.5169,13.0146,15.7019,0.1899,2064983.1031,1594198.9274
300465.SZ,20260210,2.4541,1.22,294.7681,12.5922,7.3953,,844898.7757,844898.7757
600689.SH,20260210,1.9879,1.11,165.4183,6.0648,2.1345,0.105,287216.6291,217499.7203
301550.SZ,20260210,5.3722,0.92,207.8363,22.2501,50.2254,0.1892,4011464.875,2447025.1417
603615.SH,20260210,0.9083,0.7,,4.9999,5.5374,,572146.12,572146.12
300346.SZ,20260210,7.8403,1.75,124.8644,11.1083,15.4622,0.4761,3822788.8305,3631384.0179
601857.SH,20260210,0.0683,0.62,12.4296,1.2636,0.6908,4.368,196930572.1322,174228155.7322
603707.SH,20260210,0.8392,0.69,24.962,2.4191,4.3126,0.996,1622097.797,1622097.797
601500.SH,20260210,0.7859,0.8,70.5049,1.1967,0.8971,,734263.8696,731346.3396
001205.SZ,20260210,1.7591,1.09,40.4697,1.4712,2.1145,0.7266,306257.7569,259829.2923
300486.SZ,20260210,2.2687,0.69,,6.2958,11.0695,,1055453.4464,1055136.2257
920050.BJ,20260210,2.6685,0.68,25.7439,2.363,2.7668,,248586.1938,66491.0371
688389.SH,20260210,0.4277,0.67,23.6078,2.82,5.6218,2.039,592595.7646,592595.7646
600977.SH,20260210,7.1471,1.35,,3.5024,8.6291,0.053,3872158.0,3872158.0
601218.SH,20260210,2.1448,0.73,48.548,1.7737,3.781,0.1845,525216.1635,525216.1635
300926.SZ,20260210,1.5356,1.06,14.8485,3.9594,2.381,0.4858,1295141.9269,888596.3394
300046.SZ,20260210,2.3877,0.82,134.4709,7.4595,23.1059,0.2219,852932.1238,852932.1238
600053.SH,20260210,2.5233,0.52,,3.4769,31.9942,,893961.1296,893961.1296
300224.SZ,20260210,2.5451,0.81,122.2115,3.1645,2.3897,1.0393,1601735.4177,1592676.7621
002514.SZ,20260210,11.7235,1.4,,33.201,15.7778,,408979.462,314691.462
600880.SH,20260210,8.308,1.94,481.8417,2.2843,10.44,0.1575,694265.8784,694074.1611
300140.SZ,20260210,2.7401,0.59,27.3321,1.6237,3.7413,1.6506,2253021.7206,741628.1488
301503.SZ,20260210,1.9815,0.71,25.5542,2.9871,2.1783,2.3869,318400.0,129270.4
300100.SZ,20260210,1.3582,1.0,38.5716,6.6759,3.7168,0.3875,2055134.7034,1982567.2166
920180.BJ,20260210,89.6132,,32.2529,3.2151,8.3134,,250775.2267,56424.4274
688196.SH,20260210,1.1423,1.08,57.0325,3.0367,3.2975,0.6184,970211.3843,915360.0
300483.SZ,20260210,9.9371,1.24,,2.1389,2.2495,,572144.5744,571939.6144
603370.SH,20260210,3.7932,1.01,49.2257,4.5883,5.469,,874225.15,171314.2447
600367.SH,20260210,3.2481,0.57,45.757,2.57,2.897,0.2682,635868.0013,600158.0112
301487.SZ,20260210,6.1557,0.89,,5.7918,5.1716,,1092048.6567,648158.5535
600251.SH,20260210,1.0222,0.73,35.9612,2.0824,2.5019,1.7699,790202.4739,790202.4739
002943.SZ,20260210,7.7339,0.72,,18.6746,20.5748,,1667909.351,1181577.9199
688343.SH,20260210,8.8122,2.06,,8.2183,23.1472,,3206223.7361,2359235.477
688314.SH,20260210,1.2495,0.72,36.1712,4.7581,9.6047,0.9654,319757.381,319757.381
002991.SZ,20260210,2.0163,1.04,21.7752,3.3446,2.5432,3.8981,555566.3528,297604.8878
300428.SZ,20260210,1.0679,0.71,18.5529,1.8083,0.5055,1.3784,1556955.7069,1355244.6829
600935.SH,20260210,0.8999,1.01,,1.6812,2.0948,,1006526.6557,982072.5074
002591.SZ,20260210,5.8602,0.7,,3.569,6.3412,,235056.196,175010.2577
600820.SH,20260210,0.6431,0.77,8.134,0.6722,0.344,4.5455,2075103.422,2075103.422
301169.SZ,20260210,1.248,0.8,,9.6333,12.5334,,421725.2977,421593.5827
000690.SZ,20260210,1.0763,0.6,10.2473,0.7627,1.1195,4.5455,957390.6593,956767.405
000733.SZ,20260210,1.6765,0.76,31.2296,1.9377,5.4815,0.3366,2963143.9476,2962744.5267
600551.SH,20260210,3.3577,3.32,14.594,1.0464,0.8032,4.4743,606181.3837,606181.3837
002020.SZ,20260210,0.9721,0.75,20.5421,2.5901,3.6612,1.9461,1463749.538,1230746.1695
300757.SZ,20260210,6.6679,0.77,,40.9623,134.7668,0.0111,6820812.0771,6130814.6379
603011.SH,20260210,5.2828,0.63,,6.2156,5.7243,,1305254.1137,1305254.1137
300484.SZ,20260210,3.5219,1.93,75.7313,6.0645,8.696,0.8111,409563.0303,328879.1396
605198.SH,20260210,0.5314,0.71,39.9158,5.0609,8.0701,0.604,1383204.132,1119748.504
605050.SH,20260210,0.5702,0.61,18.2999,1.5386,0.5612,2.6194,654969.9815,654969.9815
300166.SZ,20260210,26.1816,3.34,,2.497,5.3377,,1461010.7947,1162112.612
600571.SH,20260210,2.8756,1.52,76.0049,6.3656,3.6638,0.2873,762896.7535,748881.7861
002091.SZ,20260210,0.9213,0.93,12.504,0.9337,0.3652,5.3045,1442155.2153,1414786.476
920914.BJ,20260210,3.0247,2.11,42.0845,2.9229,2.7512,0.3547,279073.596,278852.9385
300321.SZ,20260210,1.3273,0.86,482.9129,6.0685,9.8599,0.0993,384592.8,384141.9429
002861.SZ,20260210,3.5352,0.73,356.329,3.4103,4.4212,0.496,375548.4674,302739.3936
300668.SZ,20260210,3.1857,0.81,,3.8989,5.4429,,305648.0521,253122.7156
920058.BJ,20260210,0.8086,1.1,32.6212,5.2381,2.416,2.6815,180388.562,88798.7406
920634.BJ,20260210,5.2443,0.74,82.5581,5.9846,1.8488,0.3758,169677.7737,107417.2193
688710.SH,20260210,0.7587,0.66,42678.2348,3.7334,10.5133,0.517,872522.8372,561304.9432
301305.SZ,20260210,2.5235,0.74,22.1935,1.5962,3.3588,0.801,602346.8254,308912.4946
001260.SZ,20260210,6.9405,0.81,58.9206,3.174,4.6053,0.5517,262660.0,72517.0
603273.SH,20260210,3.5698,0.64,127.1069,4.6736,7.1389,0.3927,409338.594,107071.544
688158.SH,20260210,11.0479,1.03,,6.7714,9.9597,,1629465.4443,1447947.3255
600241.SH,20260210,1.3567,0.78,1140.2297,2.2014,6.7282,,257220.0485,257220.0485
601766.SH,20260210,0.2607,0.39,12.1773,1.104,0.6623,4.9922,18395971.8804,15594118.5488
688420.SH,20260210,1.7251,0.65,194.1449,1.6916,4.4571,0.5288,242828.78,114615.294
300960.SZ,20260210,2.3309,1.09,90.6401,6.6505,8.7948,1.1522,400977.2796,363318.0636
688048.SH,20260210,6.1892,0.76,,8.1825,60.0795,,2459105.2049,2459105.2049
601169.SH,20260210,0.49,0.65,4.3852,0.4147,1.6521,3.6697,11522926.4282,11522926.4282
001358.SZ,20260210,5.1193,2.22,58.2891,2.5914,7.5333,1.6292,370832.0,153438.6871
001896.SZ,20260210,3.0571,0.96,40.8823,3.0314,0.9143,,1045160.2111,1045160.2111
603787.SH,20260210,0.891,0.57,53.4265,1.9627,0.7335,1.4749,312074.9792,312074.9792
300323.SZ,20260210,1.9301,0.64,,2.0656,2.6446,,1402270.9606,759680.5242
688499.SH,20260210,2.2328,0.8,,4.4051,3.9065,,1009333.9468,1009333.9468
601963.SH,20260210,0.5672,0.65,6.6205,0.677,2.4934,3.9246,3686539.9465,1997724.3963
301459.SZ,20260210,5.4699,0.86,35.0244,3.6287,4.7477,0.8846,452201.0643,113347.9179
002454.SZ,20260210,0.9856,0.73,28.0051,1.4642,1.1018,2.6926,581437.98,579955.7859
603949.SH,20260210,1.9968,0.94,54.4421,3.9649,10.2575,0.5045,418523.0981,417467.6742
300513.SZ,20260210,1.8225,0.84,,2.3059,3.1989,,304280.4204,279629.497
600258.SH,20260210,2.2341,1.27,22.7499,1.5818,2.4933,2.109,1906041.5361,1906041.5361
300848.SZ,20260210,1.8203,0.72,83.7758,4.6284,4.208,0.4192,714572.3371,422714.595
300972.SZ,20260210,0.7725,0.49,37.6936,19.9275,0.8311,0.2501,4012242.6947,3672970.7585
600446.SH,20260210,1.7591,1.31,,3.8959,4.804,,1434491.638,1434491.638
300197.SZ,20260210,1.6482,1.49,,5.5615,7.9213,,545614.8467,545601.0467
300401.SZ,20260210,4.2838,0.67,32.0173,3.058,7.7839,0.6412,966289.4911,950549.659
002532.SZ,20260210,0.8221,0.56,17.7817,2.9946,2.829,2.1965,8378014.7212,7433411.9881
002807.SZ,20260210,1.2738,0.67,5.2768,0.6107,2.783,6.3966,1154393.218,1152809.6949
601688.SH,20260210,0.4549,0.32,13.1146,1.1953,5.4908,2.3,20409739.0201,16520580.0777
300251.SZ,20260210,11.921,1.81,34.6057,6.9764,19.9426,0.7798,7498252.0322,7093832.9656
300454.SZ,20260210,4.5003,1.06,86.7466,6.728,7.5356,0.0435,6037277.1287,3976351.1442
688229.SH,20260210,7.7331,0.98,,8.9909,27.5793,,376290.0,376290.0
000056.SZ,20260210,31.1173,1.86,,,0.8269,,284989.301,217798.0945
920145.BJ,20260210,2.2388,0.81,,4.5508,17.535,,118524.0,81636.24
600309.SH,20260210,1.031,0.85,24.2606,2.5603,1.5066,0.8514,26922055.9836,26922055.9836
300106.SZ,20260210,5.1561,0.85,,6.4359,2.7501,,248315.4643,248315.4643
600271.SH,20260210,1.2195,0.73,,1.388,3.0592,0.0395,1875119.2537,1875119.2537
600095.SH,20260210,0.6366,0.64,77.2446,2.5617,119.7946,,3130810.5786,3130810.5786
301083.SZ,20260210,1.5406,0.7,91.5719,4.2164,9.3655,0.6061,352176.0007,169507.6357
603075.SH,20260210,2.9397,0.64,30.2057,4.5727,4.6603,2.9404,958312.2873,98204.5021
002033.SZ,20260210,3.9186,1.08,26.0754,2.1633,6.5936,3.5035,548941.2203,548930.7008
688195.SH,20260210,5.7759,0.68,380.9271,30.6431,54.9642,0.0304,2959398.65,2959398.65
002856.SZ,20260210,6.9228,1.58,,26.1184,5.2829,,217041.744,198742.7266
002600.SZ,20260210,1.9097,1.62,48.8267,4.8534,2.222,0.2554,11180242.4094,11014246.7699
600754.SH,20260210,1.5266,0.95,54.4726,1.8962,2.2227,1.3477,3003762.7167,2552326.1255
002789.SZ,20260210,3.9637,2.24,,,0.3682,,163614.1019,160377.7515
688072.SH,20260210,1.1297,0.65,94.9972,15.0281,15.2947,0.0813,9246795.5405,9246795.5405
300240.SZ,20260210,2.1164,0.8,,2.0335,0.4784,,300222.8636,293610.1342
301329.SZ,20260210,4.3169,0.7,59.6517,2.7005,4.886,1.5244,418692.0,147462.24
300405.SZ,20260210,4.0235,0.58,,4.8234,3.555,,201904.5964,155364.5849
002393.SZ,20260210,1.1811,0.92,14.7405,1.1453,4.3118,1.5763,569009.3362,552907.9882
920826.BJ,20260210,6.0328,0.98,40.7087,4.9325,3.1083,0.757,185621.3903,82528.7788
300724.SZ,20260210,9.0201,0.62,13.2021,3.3786,2.304,0.9195,4527099.494,3739712.4081
001288.SZ,20260210,4.7451,1.38,48.4059,3.9811,4.5941,0.4806,873050.4282,564033.7861
603214.SH,20260210,3.2939,0.73,23.3459,2.2495,0.6949,2.0503,258792.7872,258792.7872
688677.SH,20260210,0.9183,0.59,33.5567,4.4397,10.2309,1.2181,584999.76,584999.76
300780.SZ,20260210,12.8463,0.68,,3.5903,6.4662,,367555.02,269482.7401
300365.SZ,20260210,3.4307,1.0,,2.0012,3.305,,376709.2345,321363.0595
300948.SZ,20260210,8.9876,2.31,,3.6231,32.0154,,348400.4803,328189.7388
920454.BJ,20260210,0.7766,0.74,56.7473,5.2312,10.6088,0.9981,168475.3,101276.1374
605299.SH,20260210,3.1665,1.01,67.0538,4.103,3.3095,1.6319,503348.6233,503348.6233
300663.SZ,20260210,1.948,0.96,,11.0545,15.6438,,835854.4228,799339.3608
688597.SH,20260210,1.3522,0.8,35.7464,3.8283,3.2797,1.0613,320601.2438,320601.2438
301489.SZ,20260210,5.2842,0.86,174.3979,11.9472,14.3521,0.1114,1294645.9957,763130.0457
920022.BJ,20260210,1.3056,0.41,25.361,4.3922,2.9801,1.9398,180359.79,49678.85
600035.SH,20260210,0.3883,0.48,9.4933,0.7179,1.1837,4.2821,639216.0127,639216.0127
300293.SZ,20260210,1.1329,0.82,,7.4999,5.5745,,700905.3175,580575.6841
002970.SZ,20260210,9.2852,0.92,39.168,6.9998,5.2758,1.4595,1346470.4342,919154.6631
600183.SH,20260210,1.4619,0.96,56.6733,10.2519,6.0642,1.5257,15922876.5527,15695957.6209
688216.SH,20260210,3.405,0.72,,5.481,4.5514,,319356.8573,317581.9853
600470.SH,20260210,2.701,0.71,,2.1416,0.5411,,348428.8,348428.8
603248.SH,20260210,3.4709,0.7,52.9409,4.6523,8.7749,,1055700.0,159063.9668
301368.SZ,20260210,4.5328,0.94,3817.9871,7.9087,15.1841,0.1049,767318.9,409671.8802
600847.SH,20260210,1.5464,0.97,,4.1862,3.8733,,215368.797,215368.797
300414.SZ,20260210,3.8796,0.82,233.7306,5.0379,10.8308,0.0651,500765.8998,481579.8989
000415.SZ,20260210,2.419,0.79,,1.1358,0.6112,,3277796.2795,2858266.5385
000429.SZ,20260210,0.2366,0.41,14.3635,2.3223,5.7875,4.228,2586327.1779,1612219.0937
601952.SH,20260210,0.7333,0.54,23.1753,1.8217,1.2595,2.9001,1282918.0,1282918.0
300192.SZ,20260210,3.7664,1.41,52.3034,7.2423,8.8699,0.9588,686592.9843,677194.2505
300693.SZ,20260210,1.5729,0.58,27.4529,6.0732,3.7825,1.3064,1194254.4522,1026480.8495
301292.SZ,20260210,9.3516,0.65,,4.4614,2.5609,,1207775.9125,461157.1354
688110.SH,20260210,5.4828,1.71,,19.1506,77.7182,,5957104.2403,5957104.2403
002005.SZ,20260210,0.416,0.74,,13.9084,7.5761,,513460.4834,513333.9953
002151.SZ,20260210,4.5477,0.65,,4.6391,12.3218,,2393151.3045,1951945.5437
300393.SZ,20260210,16.5581,0.79,,3.6752,1.9953,,1087448.1033,953993.2399
300675.SZ,20260210,2.125,0.81,,4.6243,8.3853,0.0594,246840.0561,246840.0561
002859.SZ,20260210,2.8716,1.99,85.7012,5.8751,8.6041,0.5442,1722025.4988,1620818.1554
000557.SZ,20260210,0.8078,0.96,22.1688,1.1614,5.5378,0.9862,739395.9906,739163.5124
688500.SH,20260210,2.8978,1.11,,6.6501,9.7029,,473766.8993,461303.7057
002255.SZ,20260210,2.2281,0.71,22.3767,2.3047,3.7861,0.3953,1020321.9355,783429.9144
002059.SZ,20260210,1.9238,1.07,,4.3187,18.8642,,554814.2775,538709.2398
301006.SZ,20260210,2.1289,0.87,29.758,2.0558,6.8638,1.0482,262542.8,162272.2985
002793.SZ,20260210,4.8085,2.78,,3.8937,2.2714,,565546.0127,564686.3789
688025.SH,20260210,8.7255,1.27,90.0834,9.5239,11.098,0.1895,2100592.2483,2100592.2483
920252.BJ,20260210,3.1504,0.93,306.0681,11.6148,8.0095,0.1997,303230.0644,201555.08
002830.SZ,20260210,46.1879,1.74,101.4387,6.2864,6.18,0.7998,410687.2,205905.7
601515.SH,20260210,5.8306,2.95,,1.7218,6.9668,,900652.274,900652.274
002696.SZ,20260210,1.6827,0.82,51.895,1.946,0.6843,,267045.304,257889.4369
002900.SZ,20260210,1.8233,0.88,,2.0657,4.4961,1.609,393228.7057,200275.1432
002741.SZ,20260210,1.7033,0.78,,4.9966,3.4313,,960736.0925,880856.4854
603656.SH,20260210,1.1494,0.71,143.5427,3.3312,7.57,0.2052,438885.9138,438885.9138
600844.SH,20260210,1.9676,1.14,,23.3543,3.7478,,326304.281,264096.5335
600033.SH,20260210,0.9328,0.51,13.0242,0.8571,3.4491,2.6042,1053849.6,1053849.6
688398.SH,20260210,1.9727,1.01,105.3449,3.8332,3.9486,0.423,394698.7656,394698.7656
600405.SH,20260210,1.1728,0.81,,16.0831,7.7979,,333379.2959,331904.952
920906.BJ,20260210,1.8117,0.9,33.2463,3.0222,2.3019,0.3285,176003.73,90360.6536
601956.SH,20260210,1.4973,1.1,35.9927,1.8119,0.7373,1.3481,461239.5098,461239.5098
300389.SZ,20260210,2.1663,0.62,36.1157,4.2381,1.7447,1.9401,665856.9719,420659.1031
301123.SZ,20260210,2.7129,0.95,,4.8512,6.5112,0.1662,1393761.6,1387584.0
000663.SZ,20260210,3.1169,0.69,,2.716,8.5557,,272040.6146,247491.3664
605588.SH,20260210,2.6638,2.14,,4.2096,3.0904,,429247.7677,428217.2283
688248.SH,20260210,0.4373,0.71,76.7775,9.1404,9.5138,0.5238,2856817.3,2856817.3
601113.SH,20260210,1.2151,0.76,14.642,1.2978,1.0133,,515639.0895,515639.0895
688429.SH,20260210,7.7945,0.76,,4.7137,7.0969,,680401.3608,203826.1812
000793.SZ,20260210,0.9077,1.14,,46.9061,15.8435,,537259.0279,527511.3174
300444.SZ,20260210,11.2811,0.45,132.2641,6.6599,2.8116,,1185958.2587,922848.348
000709.SZ,20260210,0.9016,0.65,26.4418,0.4924,0.1974,1.2195,2542931.7886,2542511.4499
002391.SZ,20260210,1.9304,1.08,,0.986,1.0984,,420286.3799,300286.1647
003028.SZ,20260210,1.8033,1.35,31.3889,2.6251,3.298,1.5755,455694.939,222124.7824
001376.SZ,20260210,5.384,0.48,50.7445,7.5689,8.2635,0.7788,885388.9,410619.1538
600356.SH,20260210,1.9897,0.59,19.0408,1.0923,1.0136,1.222,293354.2132,293354.2132
000655.SZ,20260210,1.4589,0.69,21.6194,1.7203,3.5148,2.1063,593554.2093,593554.2093
605009.SH,20260210,0.3975,0.48,22.8037,1.9964,1.8742,1.923,675952.3123,675864.3083
688458.SH,20260210,1.8073,0.72,,2.4856,8.5573,,460311.6679,351077.8687
603271.SH,20260210,11.162,0.68,23.8548,3.3232,1.0086,1.0611,936190.48,187314.24
600674.SH,20260210,0.2666,0.6,15.9804,1.5507,41.3956,2.8329,6882944.8411,6882944.8411
603198.SH,20260210,0.6461,0.55,15.612,3.2189,5.152,3.6702,3269600.0,3269600.0
002603.SZ,20260210,1.4258,0.72,,2.9164,4.9469,1.6844,2975526.2747,2452164.0422
002351.SZ,20260210,1.3619,1.18,26.9204,3.8457,3.8754,2.0096,1106049.108,648194.6281
300816.SZ,20260210,7.6545,1.22,67.9811,5.4322,4.8957,0.1232,492160.0,348625.0488
001266.SZ,20260210,18.7664,2.94,92.8495,3.9173,4.8126,0.8288,372060.2293,208628.396
002190.SZ,20260210,1.5924,1.35,,2.4981,5.7079,,1309362.102,1309362.102
002728.SZ,20260210,13.9661,1.07,83.4811,3.6904,7.2006,0.3749,665364.2373,488728.2068
300963.SZ,20260210,4.6765,1.3,118.023,8.1827,9.4386,,903062.16,569853.5669
002444.SZ,20260210,0.3947,0.49,17.0035,2.3046,2.8858,0.696,4290565.6297,4120141.7386
603648.SH,20260210,0.7491,1.21,35.6786,2.1385,2.828,2.7778,391405.824,391405.824
601825.SH,20260210,0.1605,0.66,6.7361,0.6617,3.2063,5.0231,8332800.0005,8099517.3722
301232.SZ,20260210,20.7801,1.14,,11.2458,6.3814,,1587278.4439,943283.3023
000753.SZ,20260210,1.5625,0.54,126.3128,2.595,2.303,0.2793,709900.4468,709900.4468
603569.SH,20260210,0.5938,0.72,68.5766,1.6304,0.9447,4.7368,458665.5108,458665.5108
002291.SZ,20260210,17.6463,0.75,,2.638,2.356,,795795.9304,739625.6048
300721.SZ,20260210,13.1819,0.76,,2.4375,1.7779,0.1797,275129.2074,230908.9356
002167.SZ,20260210,2.5841,0.58,38.7282,5.6804,8.0463,,994680.5172,972504.1205
920641.BJ,20260210,3.3001,0.9,212.4295,4.2503,2.9485,0.4955,151501.35,91660.8413
001368.SZ,20260210,24.141,1.38,32.2347,2.3467,2.9763,2.6612,321020.1821,90482.7992
300169.SZ,20260210,9.4993,1.19,,,4.8813,,226559.1163,209706.3685
603721.SH,20260210,3.997,4.09,,6.2715,10.5149,,288470.0,288470.0
300171.SZ,20260210,0.9442,0.78,71.9668,1.5849,2.382,0.6481,1244470.565,914318.2019
301203.SZ,20260210,14.1439,3.98,26.0097,2.3518,10.8172,1.6706,335200.0,183700.075
301087.SZ,20260210,1.2938,0.9,36.0289,2.4463,3.6816,3.1739,1153111.44,1072243.5504
300959.SZ,20260210,3.8695,0.66,349.8292,6.6801,10.3825,0.3513,749349.3672,488160.062
688661.SH,20260210,2.7322,0.82,329.2838,10.2865,14.5597,0.0734,1273275.6454,1273275.6454
600166.SH,20260210,1.671,0.71,32.6681,1.6183,0.4332,,2486063.7152,2486063.7152
002955.SZ,20260210,0.8394,0.84,109.359,1.9688,2.0118,4.6362,647210.1593,536825.2202
301097.SZ,20260210,1.737,0.54,254.504,2.8013,6.6983,0.8688,331048.4187,162534.7227
601838.SH,20260210,0.4411,0.56,5.2627,0.8261,2.9812,5.3902,7006133.6435,7006133.6435
688796.SH,20260210,7.859,1.22,134.3703,15.843,25.2239,,3358441.6263,269695.6221
688560.SH,20260210,5.0222,0.74,,1.5633,6.4856,,415084.5549,415084.5549
002863.SZ,20260210,2.108,0.96,46.3078,1.2891,0.6561,0.2787,365684.9679,365684.9679
688727.SH,20260210,9.2422,1.15,249.2429,10.1351,39.1072,,2511696.564,280859.2924
002743.SZ,20260210,1.6635,0.73,102.3771,0.7696,0.7542,,253761.5227,253354.8802
601700.SH,20260210,1.7436,0.61,234.1283,2.503,2.3773,0.3488,639658.152,639658.152
603378.SH,20260210,1.5333,0.86,,3.0876,4.2496,,308160.9856,308160.9856
002919.SZ,20260210,3.3363,1.08,,8.3178,4.6348,0.1947,683372.8332,677891.2679
601319.SH,20260210,0.1073,0.55,7.6,1.305,0.6022,2.0936,40553399.3646,32551442.7866
600610.SH,20260210,6.1159,0.62,271.8609,110.4262,11.9319,,1253391.2879,829210.2449
002215.SZ,20260210,9.213,3.47,18.2251,2.9585,2.2366,2.8704,1225653.2482,979651.0537
600694.SH,20260210,1.5374,0.99,12.5262,0.7125,0.9647,5.0472,626386.8891,626386.8891
600121.SH,20260210,2.8107,0.55,,3.4896,1.4541,,534882.8847,534882.8847
920367.BJ,20260210,5.0241,0.91,152.9735,3.3621,11.4435,0.4435,159792.1188,94693.2634
000752.SZ,20260210,0.6273,0.61,19.4711,4.6597,6.4062,,286441.7212,286441.7212
301272.SZ,20260210,1.9841,0.71,64.9563,2.5479,4.5025,1.5395,256942.1016,137594.772
603014.SH,20260210,2.2379,0.99,35.6735,2.4469,4.5796,0.389,1692321.7214,159477.0619
301606.SZ,20260210,1.1378,0.46,44.2144,8.549,3.2637,0.9271,2685296.2644,1417473.5518
601162.SH,20260210,0.8458,0.59,63.5132,1.542,12.0736,,4190777.8573,3576755.7172
603216.SH,20260210,1.2891,0.51,130.4545,5.5811,9.144,0.4454,999878.1,999878.1
920808.BJ,20260210,1.0774,1.48,,23.6747,25.1647,0.0805,1540000.0077,1498205.7783
601881.SH,20260210,0.3137,0.59,11.8494,1.4313,5.3415,2.1105,16631225.8314,11017238.2046
002837.SZ,20260210,3.5704,0.57,203.1286,30.5931,17.6484,0.147,10135673.3436,8824173.5936
600503.SH,20260210,1.1627,0.7,,1.2261,16.8053,,435822.88,435822.88
688008.SH,20260210,3.3999,0.84,104.1567,11.8179,41.9816,0.3293,21518618.2478,20349070.7478
603181.SH,20260210,1.2609,0.85,21.2905,2.8679,3.9384,1.2628,957226.2,957226.2
688669.SH,20260210,1.2376,0.64,,2.4307,0.8257,,318014.6684,318014.6684
300242.SZ,20260210,7.889,1.23,,14.8885,1.8352,,393424.2389,393424.0244
002366.SZ,20260210,1.7025,0.78,,3.4777,15.2821,,1587755.4193,1411822.2575
600031.SH,20260210,0.7116,0.74,26.5262,2.583,2.5537,2.8005,21865720.5512,20152099.508
603033.SH,20260210,1.0402,1.01,,3.9755,2.3912,,1156965.5076,1136059.8022
603499.SH,20260210,2.8218,2.27,57.0194,8.3369,7.0047,0.593,728949.8855,728949.8855
603201.SH,20260210,0.6012,0.89,13.1011,1.9437,1.1291,2.2542,336074.1282,333199.5386
002541.SZ,20260210,1.0449,0.7,25.0996,1.6076,0.7142,1.6081,1538738.2267,1106345.0132
603928.SH,20260210,1.2349,0.79,53.6981,2.702,2.6631,1.0013,418803.84,418803.84
301257.SZ,20260210,2.3649,0.68,46.4682,4.5284,6.8956,0.2359,564805.1007,538454.8804
600843.SH,20260210,1.9451,1.07,,2.6454,1.8525,,805164.9559,529752.4622
600135.SH,20260210,1.9658,0.67,,2.2757,4.0341,,542794.2641,542794.2641
002239.SZ,20260210,1.9787,0.77,84.5102,1.9121,1.2564,0.096,1068504.2938,1051700.9749
603668.SH,20260210,1.2156,0.39,279.6678,3.2535,1.3077,,766170.7571,766170.7571
300227.SZ,20260210,6.0228,0.7,,4.6061,5.6158,,729717.5336,567751.7927
002149.SZ,20260210,20.261,0.93,269.9299,8.3995,8.0022,0.6084,2407384.5851,2407014.7601
600543.SH,20260210,3.2468,0.94,,2.3331,7.1958,,177258.24,177258.24
000908.SZ,20260210,2.0305,1.01,37.4819,157.33,14.9245,,586809.4921,586809.4921
301326.SZ,20260210,7.743,0.8,,7.7033,8.5071,,987761.6549,370962.4433
600339.SH,20260210,1.1906,0.57,41.4578,0.8148,0.2366,1.2276,2183010.6612,2183010.6612
002307.SZ,20260210,4.2382,1.1,,1.8547,0.6685,,832633.4233,640487.2489
301065.SZ,20260210,1.7567,0.8,36.8616,1.9208,3.9587,0.8003,257840.64,209851.2
300265.SZ,20260210,17.2118,0.81,292.4928,3.3859,3.0412,0.232,790246.2562,789739.8899
603172.SH,20260210,34.0064,1.03,61.4107,3.1624,5.9775,0.3492,343720.26,129056.16
600605.SH,20260210,0.908,1.16,261.191,4.2211,50.6902,0.4813,600075.586,600075.586
688521.SH,20260210,4.1476,1.21,,35.3151,42.9509,,12569375.0247,12569375.0247
688187.SH,20260210,0.453,0.72,18.6226,1.7991,2.6582,2.5577,7645249.5596,4891949.2926
300200.SZ,20260210,4.5621,1.24,37.2772,3.1631,4.2079,1.2028,519322.7132,510775.4241
002866.SZ,20260210,5.4681,0.79,,2.7726,2.6928,,575859.7672,360539.0804
002647.SZ,20260210,2.0495,0.65,,15.8927,12.6179,,1042128.9078,624872.5809
002890.SZ,20260210,1.4078,0.98,194.6158,4.8485,9.431,0.1514,291675.6497,277268.3886
600129.SH,20260210,1.4304,0.59,,2.7975,0.9859,,989795.6421,989795.6421
603029.SH,20260210,1.8498,0.68,30.1111,2.6305,2.5763,0.8536,244504.13,244504.13
688166.SH,20260210,1.3826,1.0,320.1997,8.3279,16.8456,0.204,1987741.892,1987741.892
000957.SZ,20260210,1.7984,0.58,21.4067,2.2932,0.9902,0.8276,708520.2035,708520.2035
002905.SZ,20260210,12.9508,1.31,154.6851,59.5954,5.1475,,565985.28,525557.76
300878.SZ,20260210,2.1048,0.73,,3.9399,30.3399,0.4978,399476.4984,397638.0029
688228.SH,20260210,2.6005,0.48,339.1094,8.4066,18.1086,0.0892,1120802.2099,1120802.2099
001287.SZ,20260210,2.5945,0.49,51.6441,3.3203,0.2914,0.4766,1785765.228,1027877.0703
600987.SH,20260210,3.9056,1.02,11.5522,1.3034,0.7689,4.8603,840133.9325,840133.9325
603158.SH,20260210,2.0094,0.57,34.3381,2.3091,1.3494,1.4481,536411.7718,536411.7718
603310.SH,20260210,1.0721,0.82,33.6456,1.5124,6.0632,1.7271,599855.58,320580.72
301177.SZ,20260210,0.5095,0.42,97.8349,2.1264,8.6728,1.51,1324508.486,1323630.8564
600850.SH,20260210,1.3141,0.95,37.7955,3.9448,1.7028,1.4773,1901835.6798,1901835.6798
603703.SH,20260210,2.9164,1.03,,7.3631,6.7615,,609193.7522,609193.7522
605151.SH,20260210,4.3731,0.55,,2.1012,1.5348,0.3759,286331.3844,286331.3844
300281.SZ,20260210,1.3697,0.88,1881.8449,2.6035,7.4673,0.5128,326760.3924,309914.2114
300677.SZ,20260210,0.8141,0.59,15.7939,1.4803,2.7299,0.3589,2688792.0013,1910809.0784
300058.SZ,20260210,19.8688,1.05,,8.8788,1.0597,,7044014.0474,6827818.3852
002032.SZ,20260210,0.1714,0.59,16.5996,6.5254,1.5846,6.1929,3614933.7556,3612637.2686
002614.SZ,20260210,2.9125,0.91,64.6168,1.0249,0.8641,1.4084,442672.663,313116.5895
002816.SZ,20260210,2.9802,1.01,,10.8308,13.3897,,250600.0,250600.0
000713.SZ,20260210,1.6054,0.53,108.3292,1.8216,1.9903,0.2259,543587.4618,418144.2014
600420.SH,20260210,0.5478,0.8,15.3378,1.051,1.547,2.7778,1448466.5074,1448466.5074
301286.SZ,20260210,1.7323,0.68,108.4643,11.432,20.0738,0.1453,2183745.8,880262.9543
600423.SH,20260210,1.6299,0.7,512.2311,5.6148,21.1699,,313887.1452,313887.1452
600491.SH,20260210,1.215,0.59,,0.4958,0.794,,486463.0297,486463.0297
300746.SZ,20260210,1.1991,0.9,,4.0766,2.6341,,313550.5376,310504.6301
688282.SH,20260210,1.5621,0.93,245.905,5.0809,27.4326,,649704.0,649704.0
601133.SH,20260210,11.7198,0.74,49.3695,3.1469,1.9664,1.2027,920864.1315,260530.4815
301033.SZ,20260210,1.5911,0.52,48.6233,6.5104,14.715,0.8012,495496.6918,417306.7968
002278.SZ,20260210,9.5869,0.68,114.4392,3.9214,6.7799,0.3322,545663.0417,467261.3287
301128.SZ,20260210,2.9763,0.9,78.3219,11.8035,6.1313,0.4221,1050342.6556,895901.1888
300869.SZ,20260210,0.8942,0.84,,3.6189,12.8272,1.5985,628420.2001,396256.9387
601633.SH,20260210,0.1066,0.45,18.062,2.0796,0.8036,2.1513,17903068.7261,12989737.0673
603922.SH,20260210,3.4327,0.88,195.7975,3.7186,5.5335,,386534.4,386534.4
600789.SH,20260210,2.2022,0.77,51.1095,1.8755,1.5584,1.0433,964710.1651,829472.0703
600916.SH,20260210,5.3474,0.41,46.0278,2.6072,0.3146,3.1334,1876560.0,1876560.0
003016.SZ,20260210,1.1746,0.56,,1.4305,2.6558,,383095.1885,374314.2691
605189.SH,20260210,1.0834,0.77,66.5958,1.7222,0.933,0.8731,304507.7591,304507.7591
301421.SZ,20260210,4.6171,0.81,342.1046,9.1436,22.5438,0.159,1091567.894,436827.939
300213.SZ,20260210,2.5375,0.96,248.4581,2.5665,5.7313,0.5274,563457.6977,523506.3309
002491.SZ,20260210,20.2412,0.93,3285.8368,4.9581,3.8546,,1229994.5,1176468.871
688234.SH,20260210,1.2197,0.61,1231.2343,6.1763,28.5783,,4569468.2514,4051745.4339
301255.SZ,20260210,2.5407,0.95,106.249,4.1916,10.1794,0.494,440509.44,110127.36
002766.SZ,20260210,2.7125,0.78,309.454,4.3461,5.0463,,499997.2588,495187.7142
002115.SZ,20260210,24.4845,1.71,,6.185,1.3254,,1282988.2872,1189973.3316
300498.SZ,20260210,0.3986,0.52,13.0066,2.5577,0.9981,3.1568,10506551.1483,9399062.7616
601168.SH,20260210,1.1883,0.37,24.1434,4.2932,1.2297,3.1387,7592238.0,7592238.0
301388.SZ,20260210,15.6743,0.77,158.2165,3.6502,7.2699,0.2874,356517.648,95200.9262
688133.SH,20260210,1.4329,0.76,286.5354,1.4732,1.5781,0.2799,411256.8795,411256.8795
002648.SZ,20260210,1.1036,0.59,12.3068,2.3561,1.568,2.2231,7549134.9913,7544287.2489
920576.BJ,20260210,3.509,0.79,233.7511,20.2449,19.2193,0.2401,907662.45,892480.4855
603151.SH,20260210,0.9442,0.47,28.6451,2.3997,0.6423,1.0443,325392.067,325392.067
002785.SZ,20260210,4.2132,0.56,,12.0784,8.2315,,1071911.1574,915231.4588
300209.SZ,20260210,10.5434,0.98,104.7791,7.7693,65.3683,,769839.3485,590146.0007
600037.SH,20260210,3.6732,2.43,,0.9378,5.5586,0.3162,1188578.3129,1188578.3129
920262.BJ,20260210,2.7443,0.74,47.5091,5.0591,2.9811,1.0743,173200.1476,78150.6299
002247.SZ,20260210,4.1817,1.15,65.904,3.9255,3.2689,,261217.105,197566.9863
688232.SH,20260210,1.3289,1.82,82.0179,1.7855,4.7128,1.2672,914750.791,914750.791
601689.SH,20260210,1.9904,1.19,46.1245,5.4164,4.474,0.7155,12606259.2973,12606259.2973
300705.SZ,20260210,1.0381,0.87,16.534,2.9417,2.5401,1.9824,775451.143,571883.6631
002624.SZ,20260210,15.4782,3.65,,6.1544,6.3043,1.0035,4359109.0038,4106916.1431
000987.SZ,20260210,1.0333,0.89,13.3915,1.5389,3.7623,2.7069,4801395.7661,4798804.8915
002265.SZ,20260210,0.5247,0.95,237.9295,6.9521,6.7288,,2538180.28,2538180.28
603901.SH,20260210,1.0179,0.72,118.7473,2.6613,1.8719,0.0961,756264.8974,703640.6542
001366.SZ,20260210,7.8906,1.04,,3.0008,1.9014,,240859.32,83464.32
601608.SH,20260210,1.3625,0.91,90.9048,3.6898,4.2315,0.3839,3411767.3106,3411767.3106
000886.SZ,20260210,3.4971,1.09,613.1047,2.2044,16.2013,,667459.1025,660039.9062
601968.SH,20260210,1.5783,1.55,40.9759,1.7372,0.8964,1.24,783328.5884,783328.5884
000801.SZ,20260210,2.2333,1.9,95.3164,5.7751,3.8341,0.6224,1643397.1353,1643397.1353
601021.SH,20260210,0.4568,1.02,28.6683,3.235,2.7629,2.1159,5745752.1933,5745752.1933
000665.SZ,20260210,5.1181,3.14,,1.6516,4.6788,,662958.1556,662940.8317
688545.SH,20260210,4.955,1.05,108.733,7.1713,15.3571,0.3445,2089800.0,1057961.25
688295.SH,20260210,0.4587,0.78,,5.7876,13.74,,2714400.0,2714400.0
688626.SH,20260210,0.9719,0.7,148.0047,5.3683,14.0581,0.3401,1088000.0,1088000.0
688775.SH,20260210,2.7025,0.76,94.7643,15.6379,10.8764,,8951924.0,732227.2
300900.SZ,20260210,15.7084,0.77,,8.7965,10.1013,,1173943.7302,895285.4115
603798.SH,20260210,2.5941,1.53,78.9831,3.5464,4.2022,0.6778,409806.5407,409806.5407
600862.SH,20260210,2.3675,0.88,34.8331,4.8904,7.2757,0.9511,3647002.5621,3647002.5621
300159.SZ,20260210,0.8622,0.68,,,16.7073,,1023320.9406,569701.9921
000034.SZ,20260210,3.5086,1.38,51.5382,2.4561,0.1963,0.6902,2727385.143,2279995.2656
600721.SH,20260210,2.0606,0.77,71.4707,4.5197,9.1124,,358782.9435,358782.9435
002608.SZ,20260210,0.3741,0.88,8.2696,0.8396,0.8605,1.2887,2931789.8503,2931789.8503
920509.BJ,20260210,1.8368,0.85,83.7672,15.6488,24.9618,0.6929,578863.8683,302134.2477
600641.SH,20260210,1.7587,0.8,104.5668,2.0254,12.2977,0.2387,1650937.4781,1650937.4781
600993.SH,20260210,0.9294,0.55,20.7684,2.7611,3.146,2.2513,1187122.4158,1185065.5221
601139.SH,20260210,0.337,0.56,13.9463,1.2423,0.6585,2.346,1961938.3352,1961938.3352
300410.SZ,20260210,3.1511,0.68,,13.753,4.2423,,331137.5469,331137.5469
300301.SZ,20260210,2.0018,0.95,,12.6093,4.7298,,207467.1923,197469.1798
300285.SZ,20260210,1.6947,0.53,49.6871,4.3396,6.968,0.6519,3040997.312,2566101.7834
300458.SZ,20260210,1.7665,0.72,117.8946,11.0912,12.5518,0.4565,3468445.8592,2839185.455
605090.SH,20260210,2.3143,1.16,22.5219,2.9708,1.5193,2.5431,3130833.2301,3124655.013
688686.SH,20260210,0.7162,1.07,78.5187,4.8098,12.3316,0.2076,1468047.8146,1468047.8146
002057.SZ,20260210,1.3175,0.68,33.4644,2.4816,2.5796,1.1798,792331.775,791849.5867
002233.SZ,20260210,0.497,0.54,15.9324,0.9902,2.7826,4.4539,1186313.6409,1185517.0937
688332.SH,20260210,1.1031,0.74,54.0607,4.0208,8.7935,0.7306,1646647.8228,1646647.8228
301376.SZ,20260210,1.0724,0.97,24.8394,2.4446,0.9604,1.9691,814194.7364,391739.5341
300488.SZ,20260210,0.6773,0.99,38.798,3.4905,8.3162,0.5975,569515.33,474191.3678
301185.SZ,20260210,4.1952,1.45,44.6036,3.032,15.5352,1.4184,324478.224,295825.8177
600029.SH,20260210,0.6704,0.86,,3.973,0.8302,,14714189.0871,10943263.273
000519.SZ,20260210,1.5712,0.75,,2.5479,4.9343,,2602692.7374,2602692.7374
002379.SZ,20260210,1.0006,0.6,,6.1696,136.4219,,40292217.4806,3513667.6443
920009.BJ,20260210,3.1375,0.61,43.475,6.8135,18.0113,,428607.82,55713.6
300649.SZ,20260210,2.062,0.81,,4.0477,13.1648,0.3272,202332.5786,162146.4918
920132.BJ,20260210,1.6898,0.52,90.1167,5.3931,5.003,0.5386,138398.904,46896.4496
688418.SH,20260210,10.3556,1.4,,9.0526,8.9425,,790244.2179,790244.2179
605008.SH,20260210,0.5709,1.17,1128.7988,4.3189,2.1383,,869465.4092,869465.4092
603777.SH,20260210,2.5834,0.86,,2.8584,1.2242,,453144.7449,453144.7449
000596.SZ,20260210,0.7755,0.62,14.3397,2.7209,3.2407,4.6751,6784052.4,5243972.4
600195.SH,20260210,1.5137,1.14,37.191,1.3949,1.2697,0.2945,797516.7911,797516.7911
600456.SH,20260210,1.8958,0.76,43.1766,2.4845,2.9069,1.0383,1794532.4365,1794532.4365
300680.SZ,20260210,3.5916,0.83,42.2318,5.9897,4.6292,0.3825,1186856.1985,916468.3857
603213.SH,20260210,0.9476,2.19,66.6196,3.3138,2.1529,1.8715,615667.4905,615667.4905
301567.SZ,20260210,6.9651,1.12,118.4572,4.6757,8.6909,0.3707,349632.0,103140.7116
000895.SZ,20260210,0.2136,0.64,17.9926,4.5754,1.5402,5.2415,9254110.0999,9252910.6981
002114.SZ,20260210,3.4507,0.65,,3.5963,2.4443,,303991.551,303987.3736
688590.SH,20260210,3.5978,1.07,663.9336,3.318,2.3056,0.1927,472689.7985,472689.7985
002301.SZ,20260210,4.5481,1.54,131.1456,1.8952,0.5458,1.7012,585702.0416,583008.0611
603639.SH,20260210,0.8417,0.97,25.5974,1.4017,1.2122,3.4326,495101.9022,481267.7238
600130.SH,20260210,1.6162,1.16,710.6788,3.3438,6.7088,,321000.0,321000.0
605377.SH,20260210,1.1545,0.59,18.8204,1.3075,1.5021,6.7073,502116.5817,502116.5817
300094.SZ,20260210,12.4307,1.64,,4.4384,1.534,,456907.7375,447734.5466
300862.SZ,20260210,2.311,0.95,,2.1779,8.0934,0.0639,433482.8339,355653.9244
000692.SZ,20260210,2.4676,1.07,,,0.9976,,208870.5266,208870.5266
600299.SH,20260210,1.0919,2.6,25.8494,1.5479,1.8022,1.5675,3079779.257,2681901.273
688408.SH,20260210,2.2202,0.6,32.3926,2.4787,1.2525,2.0573,1054802.2411,1054802.2411
300596.SZ,20260210,1.0383,0.78,20.8074,2.2023,1.7701,0.8093,1049821.1175,1019760.7845
920092.BJ,20260210,4.6594,0.93,,6.4874,11.4999,0.1276,240931.3157,123555.9235
920185.BJ,20260210,0.3777,0.92,33.9677,2.7992,2.1327,1.2947,3487415.3795,3396094.2352
688529.SH,20260210,1.9019,1.07,,1.9791,2.9328,,350646.862,350646.862
688616.SH,20260210,1.1274,0.84,25.6645,2.8737,4.6907,2.1661,244133.8187,244133.8187
603289.SH,20260210,0.8633,0.74,31.1914,2.2398,2.8277,1.3488,326248.6147,326248.6147
000029.SZ,20260210,0.6602,0.54,,5.9926,20.0001,,2195302.2,1934902.2
002016.SZ,20260210,0.9552,0.63,37.115,1.042,3.5185,0.1585,510539.3438,510539.3438
300760.SZ,20260210,0.4268,0.81,26.8327,6.1284,6.9781,2.4322,23080034.3762,23079353.3633
301603.SZ,20260210,3.6264,0.78,25.1929,3.6041,3.4241,0.2895,834330.84,260693.8425
301216.SZ,20260210,3.484,1.88,,2.1552,0.7907,0.5865,1306004.6286,1234273.4005
601899.SH,20260210,0.9692,0.57,22.6519,6.1483,3.1515,1.2853,103194754.3163,79952066.2763
002887.SZ,20260210,5.7805,0.99,27.6846,1.4335,6.7129,2.3299,328324.433,208806.8902
002392.SZ,20260210,1.3826,0.76,27.4726,1.6988,1.4443,0.3925,979773.9605,941414.3782
300573.SZ,20260210,2.754,0.95,26.9728,9.2885,7.2389,1.9908,1742996.0445,1340555.1466
002713.SZ,20260210,3.0552,0.62,,,12.7931,,902883.5196,499649.2886
000963.SZ,20260210,0.6079,1.14,17.4183,2.6689,1.4946,2.5327,6440765.2883,6438394.3697
600715.SH,20260210,5.2598,2.75,,9.4348,30.6957,,1059621.7635,747079.1549
300650.SZ,20260210,5.9378,0.89,75.3654,3.2457,1.5318,0.2653,411488.1975,321100.9678
301370.SZ,20260210,1.2216,1.19,55.7043,2.1837,0.758,0.7167,547307.8,376519.5764
688173.SH,20260210,1.4169,0.74,,4.484,7.1389,,654982.1012,650550.4608
002511.SZ,20260210,1.8137,0.91,42.8823,1.9838,1.2547,0.7447,1088275.6298,1070478.4242
300061.SZ,20260210,3.3539,1.36,,14.1747,16.0286,,742685.874,701185.2575
603367.SH,20260210,1.432,0.84,16.1514,1.3118,2.2338,2.3208,795941.7588,795941.7588
002966.SZ,20260210,0.6188,0.73,6.982,0.7612,3.0184,4.8926,3746414.7652,3684033.2181
000758.SZ,20260210,2.2573,0.52,26.6956,2.4481,1.6387,0.6283,1458992.4687,1448530.6456
920106.BJ,20260210,0.7026,0.73,30.051,7.3541,9.5463,0.5624,425413.3395,328153.7179
920225.BJ,20260210,1.9031,0.76,36.3702,5.3214,7.6151,0.6678,380122.0875,247932.5512
688379.SH,20260210,1.6294,0.86,28.2591,4.0293,1.9044,0.8274,451778.8828,451778.8828
000507.SZ,20260210,0.7858,0.56,16.645,0.9174,1.1583,1.1722,502175.2527,492685.5324
000757.SZ,20260210,1.6321,0.79,60.7363,1.78,0.9002,,283404.9625,283399.6026
000876.SZ,20260210,0.4038,0.71,36.1362,1.609,0.3671,0.2782,3903905.3233,3902025.135
688087.SH,20260210,0.3799,0.57,18.0192,2.2264,1.8651,0.5002,610884.4317,586300.8025
002747.SZ,20260210,2.3711,1.37,,10.9416,4.7768,,2123542.9884,1907503.763
600300.SH,20260210,2.6129,0.69,15.0412,1.7361,1.8218,3.3862,611279.744,611279.744
000609.SZ,20260210,0.0834,0.03,,,17.4382,,271433.8285,263989.8527
002705.SZ,20260210,0.6528,0.67,10.5216,1.3943,0.7107,4.1427,1166665.4959,1161244.5858
601368.SH,20260210,0.5434,0.72,51.9521,0.9557,1.8529,0.5714,463560.8654,463560.8654
603348.SH,20260210,0.6009,1.25,318.5443,1.4935,1.0963,0.7314,644992.7208,644992.7208
920046.BJ,20260210,15.1165,0.66,207.852,10.952,14.315,0.2963,273105.0,173008.6749
601919.SH,20260210,0.2754,0.47,5.8198,0.9941,0.9766,11.0429,22142055.7037,18156186.3467
300052.SZ,20260210,1.9539,0.79,,9.8913,19.3894,,373934.2379,373923.5279
301560.SZ,20260210,5.6204,0.59,51.0161,4.6748,4.2706,0.2143,453932.8,90786.56
688004.SH,20260210,9.1201,3.96,,3.5909,11.9354,,211912.848,211912.848
600624.SH,20260210,0.5014,0.64,,5.8311,5.4859,,362771.267,362771.267
300923.SZ,20260210,1.572,0.79,46.4466,2.022,4.3197,1.536,228804.6,222599.8035
600720.SH,20260210,0.6003,0.65,11.0892,1.1067,1.4285,3.1114,1688822.3358,742660.6315
300555.SZ,20260210,1.1303,0.79,,6.1613,18.9882,,292800.0,289849.8394
600989.SH,20260210,0.6816,0.8,15.8457,3.707,3.8495,2.9603,17035395.28,17035395.28
600562.SH,20260210,0.528,0.59,56.9025,5.6503,10.2113,0.8744,3607597.0252,3607597.0252
001380.SZ,20260210,3.8692,1.67,22.968,3.4367,3.127,0.8615,637319.9514,207073.0661
300388.SZ,20260210,0.7472,0.88,15.8057,1.2449,1.582,2.3159,573437.5585,572393.4979
601058.SH,20260210,0.4804,0.58,14.4771,2.5361,1.4941,2.3385,5343162.9209,5343162.9209
601798.SH,20260210,1.4704,0.86,,2.6917,4.4564,,341056.1265,341056.1265
301055.SZ,20260210,1.1538,0.7,73.5089,5.1465,3.3764,0.5395,336804.0,336804.0
000009.SZ,20260210,0.6423,0.7,350.2225,2.4492,1.1017,0.3135,2468307.7645,2465251.585
002848.SZ,20260210,1.5966,0.46,,17.3201,12.6528,,199911.4,197251.7496
601089.SH,20260210,0.7555,0.97,27.8527,3.4997,3.7721,1.8143,1289760.0,1289760.0
002168.SZ,20260210,0.4906,0.54,,140.8261,9.5467,,319154.4908,319154.4908
300230.SZ,20260210,1.8842,0.91,18.8236,1.2953,1.7737,1.2524,422057.7759,326877.877
000782.SZ,20260210,2.7031,0.65,,2.42,1.571,,416068.3945,320052.6115
300600.SZ,20260210,2.4088,1.2,,3.5148,17.6794,,429288.1063,429288.1063
002774.SZ,20260210,2.8055,1.06,39.1703,3.2394,2.7449,3.1196,388537.8366,325164.813
000972.SZ,20260210,0.8713,0.8,,,7.4905,,273034.387,273034.387
000856.SZ,20260210,5.0366,0.52,136.0182,6.0773,0.9691,,254921.0,254921.0
603896.SH,20260210,1.275,0.68,31.6715,1.8702,6.4527,1.2766,419285.8718,419285.8718
002430.SZ,20260210,0.4455,0.47,30.1976,2.9961,2.0504,1.2958,3032898.6617,3031704.3092
920152.BJ,20260210,2.8159,1.52,,7.0699,3.7932,,254081.7594,187491.9155
688376.SH,20260210,1.6608,0.84,47.6395,4.5173,4.3748,0.3061,878055.6204,878055.6204
002971.SZ,20260210,1.7428,0.88,93.0418,4.2055,4.2643,0.315,670628.085,509901.3972
301299.SZ,20260210,3.7799,1.27,55.4075,6.5544,11.0455,2.749,373393.383,373393.383
301386.SZ,20260210,8.2886,0.56,39.1647,2.5601,7.0877,1.8437,379680.0,116401.7628
301587.SZ,20260210,2.971,1.06,79.8835,1.8624,5.6264,1.9385,368467.428,183706.053
688221.SH,20260210,2.9685,0.92,,9.2049,63.9847,,903483.711,903483.711
603931.SH,20260210,1.2445,1.02,50.9044,4.0261,10.3798,0.6759,649562.5269,649562.5269
688567.SH,20260210,0.6441,0.71,,1.8669,1.9888,,1796492.711,1796492.711
688530.SH,20260210,29.4414,1.13,,5.826,9.4566,0.2162,481254.7858,203809.0594
301363.SZ,20260210,1.587,0.62,57.4613,4.9364,11.0595,0.4763,1805028.2541,1184173.1444
920533.BJ,20260210,9.8508,4.22,146.8917,11.2013,5.7005,0.5091,395148.6452,220582.0416
600301.SH,20260210,2.2508,0.51,51.8505,7.0564,5.923,,3171060.7722,1380257.7689
600170.SH,20260210,2.1268,0.5,12.929,0.8306,0.1073,2.0339,2621352.2245,2621352.2245
603589.SH,20260210,0.6886,0.54,15.9182,1.6516,3.5836,4.4986,1729761.513,1729761.513
002442.SZ,20260210,1.5146,0.67,36.6223,1.8169,0.7449,1.8127,333177.6874,326077.8201
688169.SH,20260210,0.9663,0.66,25.5876,2.8678,2.3205,0.5009,3945930.8783,3945930.8783
600149.SH,20260210,10.7344,0.9,144.7817,9.9911,11.1971,,233038.08,233038.08
300478.SZ,20260210,1.5009,0.73,,62.2251,7.1516,,319595.979,319595.979
002209.SZ,20260210,2.4485,0.8,25.1273,4.0124,1.7383,0.3142,329393.0778,258697.8876
601019.SH,20260210,0.8023,1.66,12.7313,1.2742,1.699,3.9278,1965859.8,1965859.8
300237.SZ,20260210,2.1685,0.56,,,2.0067,,367688.3072,367684.8647
002212.SZ,20260210,3.1462,1.08,613.9352,1.1101,4.2336,0.2252,1033201.598,1022160.5413
002347.SZ,20260210,3.5941,0.67,,4.3346,4.278,0.2035,496122.3373,484995.3917
605033.SH,20260210,1.2051,0.72,97.7935,2.5533,3.3411,0.6964,291220.8,291220.8
000816.SZ,20260210,4.9559,0.45,,2.5505,4.2117,,522371.8078,518551.4004
300538.SZ,20260210,2.287,0.68,,3.1286,0.9062,,301075.2383,200230.5854
300766.SZ,20260210,22.3036,1.69,,11.8909,39.6047,,1867166.3506,1694522.6797
688021.SH,20260210,2.0744,0.82,,2.132,5.2027,,182858.0248,182858.0248
001210.SZ,20260210,4.9452,1.24,50.9014,2.9646,3.3921,1.1555,384504.6816,233673.251
688468.SH,20260210,0.8325,0.87,55.9555,2.244,8.9457,1.5605,316073.104,316073.104
600663.SH,20260210,0.2978,0.48,27.9427,1.6939,2.1409,1.7867,4234564.244,2653929.9597
002552.SZ,20260210,5.4102,1.68,40.3983,5.599,2.5508,1.0277,755019.4541,717107.4004
688401.SH,20260210,1.607,1.0,41.5494,6.6082,9.1244,0.5742,1003671.8195,1003671.8195
300226.SZ,20260210,8.3055,1.64,46.8082,4.4401,0.1267,0.1687,944371.5734,907731.8324
300627.SZ,20260210,1.5983,0.78,42.9954,7.3521,8.1928,0.946,2950846.6913,2430435.9488
600082.SH,20260210,1.934,0.84,46.0795,1.5658,3.7125,,278475.921,273398.5626
603958.SH,20260210,5.7876,0.63,,6.7256,3.5317,,463068.96,463068.96
301429.SZ,20260210,3.5181,0.98,48.3607,1.84,2.533,0.8033,250389.96,93279.1197
605180.SH,20260210,2.2366,0.91,103.5986,2.4216,7.8865,0.7937,276822.0,276822.0
002103.SZ,20260210,6.4399,1.4,31.3897,4.4995,1.8895,,540149.9555,381169.2218
300609.SZ,20260210,2.342,0.77,,4.685,12.8795,,466884.6223,466164.8276
920003.BJ,20260210,2.3195,0.63,19.9753,3.6766,5.3575,1.2469,207603.4295,42713.1919
002479.SZ,20260210,1.3891,0.94,20.1451,1.0776,0.8151,2.8571,454125.0,453113.2431
688627.SH,20260210,4.4465,0.66,386.1971,15.9503,27.4048,0.1102,2712991.1969,2087925.0123
601921.SH,20260210,2.7969,3.1,15.3513,1.4472,1.8138,4.5147,1968888.8896,1968888.8896
002925.SZ,20260210,2.4437,1.52,63.9321,3.5997,4.2053,1.3899,1646741.7591,1560056.6838
002123.SZ,20260210,3.7938,1.71,,5.7157,3.1171,,986641.4478,882085.4658
603799.SH,20260210,1.5909,0.74,24.6579,2.7692,1.7734,0.6362,13193636.4691,13105652.9467
001360.SZ,20260210,7.1747,0.66,99.8754,3.6104,6.4695,0.5912,511836.0,205188.8953
002049.SZ,20260210,1.7484,0.74,46.2374,5.0456,10.763,0.2674,6621974.5767,6620792.032
301300.SZ,20260210,3.7264,0.95,37.7113,3.7676,6.2096,2.2894,301923.864,143896.5469
000565.SZ,20260210,5.7112,1.07,641.7418,2.9978,10.1179,0.174,373756.4936,373756.4936
605138.SH,20260210,0.5587,0.95,92.4407,1.7543,1.2156,0.707,422789.8331,422789.8331
605365.SH,20260210,0.752,0.64,38.2686,2.7334,1.4958,2.0675,1019086.1383,1019086.1383
002434.SZ,20260210,1.6272,0.7,39.0496,2.1247,2.1349,1.0384,1264033.8,1262821.4312
000523.SZ,20260210,4.9662,0.51,14.2793,3.9013,3.4923,,737858.3213,532714.3819
002045.SZ,20260210,1.3038,0.82,281.156,1.7767,0.9269,,786351.4185,785442.369
603223.SH,20260210,1.8689,2.62,29.8159,1.7749,5.2375,0.9679,692761.4346,692761.4346
920976.BJ,20260210,1.9876,0.88,36.8498,8.0395,7.6043,2.7558,205977.7202,128079.1988
600267.SH,20260210,0.9292,0.95,23.1965,1.4904,1.2209,1.9349,1268381.3914,1267683.9049
001914.SZ,20260210,0.7455,0.51,13.5481,1.1411,0.6482,2.0693,1228637.3544,1228633.5066
920247.BJ,20260210,1.0589,0.67,123.2338,8.5675,9.1721,0.4417,395120.7683,286581.2598
603171.SH,20260210,0.9468,0.8,263.8119,11.1905,13.5306,0.288,2824910.44,2821747.28
000735.SZ,20260210,2.8624,0.81,,2.1116,3.611,0.2584,891271.5094,890794.6782
603303.SH,20260210,0.7551,1.99,25.396,2.3338,1.6423,8.8853,726863.5323,726863.5323
002099.SZ,20260210,15.594,3.27,,2.6492,7.2907,,1356483.382,1353954.8092
920726.BJ,20260210,7.1586,0.59,117.5526,5.2721,10.766,0.7441,232315.95,127770.8134
300997.SZ,20260210,2.7141,0.66,143.1388,10.4462,6.8179,1.1821,1061310.6504,936453.6031
600548.SH,20260210,0.3331,0.85,18.7479,0.9953,2.4665,2.6609,2327214.0685,1572128.6264
920080.BJ,20260210,2.6216,0.99,32.7885,4.2248,5.7507,1.8362,226009.0,61704.2719
600381.SH,20260210,3.3155,3.2,,1.8814,6.8033,,193730.0445,193730.0445
600602.SH,20260210,4.4603,0.87,153.5872,6.0427,4.6911,0.2113,2913144.4592,2288265.3687
002707.SZ,20260210,4.6346,0.84,160.4159,8.5565,1.1373,,793051.0316,665942.2306
000603.SZ,20260210,4.3037,0.51,63.3838,9.8915,14.3457,0.212,3254585.4051,3144901.0654
301002.SZ,20260210,16.4342,2.23,,5.2867,5.83,,539714.3874,337161.237
000042.SZ,20260210,1.1251,0.72,,1.8736,2.4623,,617628.1281,616977.8867
601069.SH,20260210,2.4001,0.39,68.8449,6.9109,2.5459,0.1458,3146590.9708,3064348.8821
002205.SZ,20260210,1.6156,0.55,,7.6075,3.6912,,273747.0748,273747.0748
301066.SZ,20260210,3.1955,0.59,161.1668,3.5525,6.3365,0.7288,440950.6793,437559.9896
301238.SZ,20260210,0.5608,0.57,285.5103,2.1086,7.6418,0.9704,1511399.9313,1511399.9313
600980.SH,20260210,1.6438,0.75,40.9955,3.1422,3.4744,0.6032,454989.5165,451458.7377
600252.SH,20260210,1.0614,0.84,,1.4211,3.5841,,821514.0721,821514.0721
002136.SZ,20260210,2.8653,0.68,,2.509,1.571,,283181.34,282438.2359
300199.SZ,20260210,2.645,0.93,,25.6067,18.5087,,1662260.1944,1403403.3443
603080.SH,20260210,0.9765,0.61,18.4136,2.2199,2.1637,2.3431,338185.0,338185.0
002827.SZ,20260210,2.0656,1.35,52.5988,9.715,5.6709,0.4008,1034766.81,1030860.0
688433.SH,20260210,1.1084,0.53,919.0723,17.6405,64.0018,0.058,3489372.14,1702728.896
603868.SH,20260210,0.2238,0.62,37.4111,5.1499,4.3579,1.2927,1684900.8,1684900.8
603506.SH,20260210,1.1842,0.75,22.9608,2.1357,1.4506,,266456.6684,266456.6684
688358.SH,20260210,1.1613,1.06,29.215,2.8381,8.838,2.8154,397373.1725,396841.5725
605277.SH,20260210,3.3496,1.05,38.6942,5.0415,2.0744,0.5975,814181.4645,799472.7097
300796.SZ,20260210,4.0776,1.9,,2.0597,2.4148,,354281.1574,354281.1574
688506.SH,20260210,0.8531,1.99,,16.582,53.4164,,11890765.9296,11548800.0
605007.SH,20260210,1.8097,1.32,31.2367,1.9662,0.7796,1.7686,674109.4143,569000.6719
601678.SH,20260210,3.9075,0.97,50.1419,0.9754,0.8072,0.7211,1114805.2616,1107488.2616
002235.SZ,20260210,23.5547,4.77,2983.5135,8.2592,15.6574,,620721.9162,592882.3614
002688.SZ,20260210,0.8364,0.54,38.7331,2.0691,1.768,1.5471,486129.6707,470902.0787
300506.SZ,20260210,1.0583,0.85,,,56.6744,,691414.336,356327.8088
688129.SH,20260210,3.5214,0.96,33.3236,3.1191,4.7269,0.5662,294570.666,294570.666
300018.SZ,20260210,2.2639,0.78,48.5985,4.3189,9.66,0.5629,597933.3804,553552.6932
001221.SZ,20260210,10.4539,0.84,46.0569,11.7911,9.1537,0.4704,3061276.53,275576.877
601858.SH,20260210,3.6634,2.81,33.2057,3.1831,5.7912,1.2415,1744633.5,1744633.5
001313.SZ,20260210,0.8256,0.82,659.5499,2.1249,0.8394,1.4534,541800.0,541123.4087
000702.SZ,20260210,1.9209,0.76,,7.0598,2.1934,,248530.0877,191176.991
001387.SZ,20260210,2.006,0.75,29.4118,2.2084,1.4141,0.7953,276192.8736,171890.6925
301007.SZ,20260210,1.8533,1.17,114.0001,8.538,9.1198,0.393,585298.78,583976.1895
300622.SZ,20260210,6.5476,1.54,66.0084,8.4042,5.2098,,712727.8125,487256.7022
002829.SZ,20260210,3.0367,0.73,,3.2273,12.1211,,554643.2726,389804.6315
300229.SZ,20260210,8.1429,1.83,,5.2596,42.1382,,2085333.1647,2083923.1662
920455.BJ,20260210,1.4505,0.7,55.1137,4.6352,10.0045,2.0293,157398.15,83038.3331
300360.SZ,20260210,1.6657,0.76,14.8971,2.2062,5.1808,4.0092,897770.722,873483.0082
601789.SH,20260210,3.5444,1.42,29.7943,1.3314,0.3991,1.3452,807927.6948,576003.2527
300115.SZ,20260210,4.3409,0.82,84.9923,6.6201,2.9893,0.3214,5484370.3785,5468188.9532
300859.SZ,20260210,4.0516,1.08,86.1583,7.4258,18.7639,0.7734,601245.0,601245.0
688551.SH,20260210,0.9648,0.66,67.2511,2.5437,6.9996,1.2627,329557.1793,329557.1793
688380.SH,20260210,3.9204,0.67,112.9366,6.5923,19.395,0.4966,2007830.475,2007830.475
688722.SH,20260210,2.8934,1.09,33.0514,3.3141,4.9817,0.3202,468430.0695,467259.342
601336.SH,20260210,0.4991,0.65,6.5257,2.5465,1.539,3.3109,25062437.3844,16754419.6576
601615.SH,20260210,6.2035,1.0,182.5684,2.0987,1.6669,1.1807,5538405.433,5538405.433
000727.SZ,20260210,1.9208,1.41,,5.1682,0.2254,,1195805.6827,1195805.6827
600114.SH,20260210,1.5839,0.83,38.0514,6.2853,3.426,0.9073,2038105.8638,1989685.8638
002285.SZ,20260210,2.3018,0.72,,2.0342,2.6103,,569949.1049,565072.0006
002882.SZ,20260210,1.1437,0.64,114.7677,6.4308,2.856,0.9539,1361470.5,775988.3368
600611.SH,20260210,2.4741,2.54,161.1176,1.3681,6.3576,0.8518,1387740.1212,917666.7057
002506.SZ,20260210,35.2355,1.85,,17.2929,1.9302,,3077266.4406,3074170.8517
301335.SZ,20260210,2.804,0.79,79.0942,1.9717,1.239,0.6479,378170.344,150829.4339
920108.BJ,20260210,1.484,0.53,71.2362,4.6268,4.2603,0.5777,227820.6,46837.9706
688652.SH,20260210,4.905,1.21,138.6172,9.6335,15.4873,0.0999,2101848.0,1510703.25
688671.SH,20260210,2.3858,1.03,,1.8366,5.5689,,195355.0232,116555.6395
603186.SH,20260210,10.6167,1.3,,7.2909,2.5233,,1069020.9556,1069020.9556
688767.SH,20260210,0.7076,0.41,53.0115,2.325,11.3585,1.9618,543722.6691,543722.6691
688522.SH,20260210,2.3227,0.51,100.7203,5.4819,26.9175,0.2948,1246523.9231,497834.4859
300660.SZ,20260210,2.1038,1.54,75.3893,6.9202,5.9248,0.7052,2400228.9897,2398307.3477
301269.SZ,20260210,0.5959,0.8,904.34,10.4414,42.2679,0.1501,5425467.8868,5425467.8868
301256.SZ,20260210,6.0182,1.8,90.1464,4.7301,4.9046,0.9507,807840.0,807840.0
920566.BJ,20260210,2.4543,0.85,19.8576,2.0803,3.9935,1.7331,167864.7405,129647.9314
301085.SZ,20260210,33.2182,2.52,,6.2936,6.1543,0.1531,675288.3029,458451.1762
688261.SH,20260210,1.6139,0.5,189.173,3.7297,8.5514,0.0439,1099987.8257,1095694.7897
920779.BJ,20260210,1.9354,0.86,48.0537,5.9055,17.3211,3.0906,275697.261,68974.3145
688508.SH,20260210,4.0514,0.87,41.1471,3.216,7.685,0.592,872032.0078,872032.0078
002903.SZ,20260210,3.3635,0.65,1137.5424,4.2775,7.1098,0.359,347242.768,236321.2182
300952.SZ,20260210,5.0301,0.99,75.6578,4.6652,6.1833,0.4711,790274.9068,479826.7888
000948.SZ,20260210,1.4499,1.33,138.6189,2.5189,0.6307,0.5237,676457.0229,675137.5849
603889.SH,20260210,0.6321,0.6,15.1875,1.8396,1.3602,3.3124,661598.7474,656597.265
002438.SZ,20260210,25.4459,5.24,32.6695,2.6825,4.5863,0.9021,984622.6743,909628.494
301155.SZ,20260210,2.1779,0.81,48.2654,2.7356,3.9686,0.1244,1573262.1263,892678.1315
300786.SZ,20260210,3.8467,1.17,,2.7581,5.7361,,306202.4227,243505.1324
601112.SH,20260210,9.2984,0.45,43.477,5.34,4.9894,,3386752.9502,344928.3171
301166.SZ,20260210,2.7276,1.17,,1.456,2.7672,0.6684,295013.3379,193751.1459
920128.BJ,20260210,1.285,0.78,74.8099,4.3937,3.8016,1.4337,226520.1,106675.65
920970.BJ,20260210,2.0358,0.83,,3.3586,5.3028,,88862.2416,56197.1826
601997.SH,20260210,0.6927,0.62,4.2228,0.3415,1.6063,4.9153,2157156.8648,2157156.8648
600201.SH,20260210,2.7311,0.9,174.0053,3.2058,13.2114,0.1885,1753226.3216,1753226.3216
002399.SZ,20260210,0.2358,0.71,43.2643,1.4697,3.3627,2.0178,1817979.9968,1545282.9113
000630.SZ,20260210,3.6349,0.48,51.5583,2.6894,0.5918,2.0421,9534134.2436,7922681.141
002899.SZ,20260210,1.8008,0.69,64.4513,2.6852,3.9857,0.235,467629.6321,467629.6321
002780.SZ,20260210,7.4982,0.47,,3.6917,3.16,,279792.0184,221062.7762
000999.SZ,20260210,1.2091,0.83,14.2746,2.2031,1.5443,2.3746,4884479.4132,4880006.8988
688160.SH,20260210,3.2315,1.15,193.3302,9.319,17.8866,0.2135,1180182.8526,1180182.8526
002221.SZ,20260210,0.608,0.63,33.6007,1.1728,0.4272,,1303457.6633,1208143.7176
603322.SH,20260210,2.9021,1.06,,20.577,2.4084,,592841.5266,592841.5266
603091.SH,20260210,1.3285,0.72,28.4267,3.8363,5.5877,1.2085,812184.9716,244808.2858
688113.SH,20260210,1.4481,0.8,28.0303,2.9661,5.584,0.9594,287921.4863,287921.4863
300765.SZ,20260210,0.974,1.15,,13.6317,23.9972,0.0554,5027038.1466,5027038.1466
301010.SZ,20260210,1.7294,0.77,115.7047,3.0204,2.4627,0.8632,250236.0,250236.0
688205.SH,20260210,5.0552,0.56,418.6566,11.8844,30.137,0.1936,2690850.593,2690850.593
300375.SZ,20260210,5.4607,0.82,93.0958,1.9108,1.5993,0.6214,437609.5592,293493.4416
002316.SZ,20260210,6.1317,0.79,459.2537,29.6985,3.6336,,227223.36,196952.055
603305.SH,20260210,2.4384,0.72,52.0928,2.2567,4.6968,1.768,2047915.5612,2047915.5612
001325.SZ,20260210,5.8434,0.82,25.1855,2.3245,2.8559,,407680.0,101920.0
001230.SZ,20260210,6.6147,1.13,23.1809,1.8306,2.2377,1.6292,350866.913,205348.7038
600737.SH,20260210,0.8334,0.76,25.0935,3.0402,1.1395,2.5577,3428573.7095,3428573.7095
688390.SH,20260210,2.0324,0.57,1796.9454,7.0267,2.3972,,1915055.2037,1915055.2037
300394.SZ,20260210,4.2689,0.65,122.1299,45.8779,46.864,0.2978,22379471.2542,22334462.6358
920682.BJ,20260210,2.5187,0.81,24.5346,2.697,0.8352,1.7581,307607.04,178387.3613
688302.SH,20260210,1.0066,1.09,,4.1462,193.3431,,456461.9068,456461.9068
300564.SZ,20260210,2.1072,0.93,174.8939,2.1163,7.8347,3.1566,255523.2768,179295.732
601009.SH,20260210,0.3743,0.63,6.4236,0.7717,2.5221,4.376,14007921.6886,14007921.6886
603300.SH,20260210,1.64,0.66,22.3826,2.2195,2.46,0.346,1449733.7837,1449733.7837
002195.SZ,20260210,6.3328,0.7,329.7113,5.7027,88.2598,,5693236.9148,5623666.7588
301295.SZ,20260210,5.0374,0.8,163.2487,3.5824,4.7105,0.7078,341812.8,99695.4
002573.SZ,20260210,0.443,0.62,,0.9313,0.6206,,553369.4279,552384.2643
002374.SZ,20260210,3.199,0.81,,4.7136,6.8474,,397186.5976,397186.5976
300792.SZ,20260210,12.5035,1.4,146.9559,4.0021,10.4845,0.2022,1171681.7999,1050979.013
688155.SH,20260210,2.6718,0.84,48.0971,5.3665,4.5174,0.6504,1155625.1131,1155625.1131
603332.SH,20260210,1.3631,0.75,55.7556,2.3685,1.9313,1.5698,302237.016,302237.016
301397.SZ,20260210,1.7049,0.69,42.2208,2.484,3.4648,1.9569,486757.882,221197.0943
002645.SZ,20260210,5.841,1.53,,2.5423,1.4518,,1014829.7821,903785.85
300527.SZ,20260210,1.9575,1.38,751.0511,2.9973,8.4637,0.0297,872388.9792,872388.9792
688716.SH,20260210,2.5435,0.75,239.3933,4.0201,16.3447,0.5119,475403.76,273205.4532
000717.SZ,20260210,1.2684,0.9,,0.8191,0.2285,,642319.0814,642243.6557
688793.SH,20260210,1.6809,1.05,,7.1957,2.4878,,199049.5904,199049.5904
300908.SZ,20260210,0.9756,0.56,23.7302,2.4285,3.9416,2.7322,427488.0,360591.0295
688322.SH,20260210,2.0008,1.0,358.0743,12.6783,40.6943,,3774767.2984,2998744.8487
688225.SH,20260210,1.6448,1.48,,4.6794,1.1267,,831220.78,831220.78
300692.SZ,20260210,2.7474,1.4,58.1123,1.6594,4.1314,0.308,404196.3513,361021.5135
300768.SZ,20260210,1.2576,1.05,75.0584,3.5888,10.1042,0.4174,1218768.3708,796323.9731
600865.SH,20260210,6.3944,0.7,194.7731,2.1355,26.57,1.3804,490617.3721,490617.3721
601898.SH,20260210,0.4872,0.69,11.0736,1.2271,1.1932,2.9526,19039440.6424,13142272.5744
301075.SZ,20260210,0.6389,0.81,,8.5306,28.7511,,509200.0,509200.0
603170.SH,20260210,0.8398,0.59,23.2429,4.1432,2.0492,2.6676,584814.62,584814.62
688010.SH,20260210,4.1546,2.14,,2.995,7.8645,0.1801,502718.3007,502718.3007
688119.SH,20260210,2.8731,1.1,,2.3214,3.3703,,691875.0,691875.0
301505.SZ,20260210,3.7596,0.76,134.7874,2.9807,9.86,0.799,284855.9776,186555.3517
301323.SZ,20260210,6.7915,3.75,43.3902,2.8661,6.5715,1.0022,619805.6103,397240.2928
600502.SH,20260210,0.763,0.65,6.7851,0.7365,0.0923,6.1571,808487.4848,808487.4848
301580.SZ,20260210,3.817,1.5,31.0633,2.696,5.6565,0.8803,562021.3681,379817.6158
601010.SH,20260210,1.1253,0.88,46.411,1.157,2.9337,3.8029,495264.0,495264.0
301126.SZ,20260210,2.9036,0.65,,1.481,0.4791,0.8271,257781.016,173043.5026
688581.SH,20260210,1.0371,1.13,18.2276,1.9996,7.4401,2.235,497521.7105,254885.6462
688019.SH,20260210,1.6505,1.11,59.5234,13.4257,19.1042,0.1302,4460668.1144,4460668.1144
300125.SZ,20260210,1.6945,1.24,,,51.142,,520028.8398,281792.8849
002524.SZ,20260210,6.5165,1.05,,22.4784,2.9386,,251997.1397,249809.2314
603099.SH,20260210,1.8734,0.82,79.3901,7.6166,14.7475,0.1878,1157512.405,1133347.5
600333.SH,20260210,1.5392,0.94,,1.8538,1.5477,,346538.4592,346538.4592
002594.SZ,20260210,0.7674,0.86,21.5892,3.7657,0.9843,1.4587,82793271.0878,31667642.9947
002950.SZ,20260210,1.1985,0.61,15.5125,1.8806,2.0204,0.5291,701658.071,500810.6916
300418.SZ,20260210,12.6144,1.28,,5.3441,9.8238,,7504523.865,7499345.4225
002048.SZ,20260210,3.5346,1.11,80.4136,2.3239,0.9534,1.4586,2613218.1547,2279172.2408
300438.SZ,20260210,4.7302,0.74,,4.5628,2.4029,,2377290.6893,1908867.6961
601636.SH,20260210,1.6511,0.61,35.5846,1.4076,1.3458,0.5615,2130230.6842,2130230.6842
002715.SZ,20260210,1.858,0.61,,5.1193,4.4645,0.1829,241500.0,241500.0
002858.SZ,20260210,4.8005,1.26,,5.1378,5.7222,,279483.3238,250598.2368
600900.SH,20260210,0.2285,0.65,19.0277,2.9347,7.5699,2.7588,65012054.4714,65012054.4714
301017.SZ,20260210,3.055,0.72,,3.2213,0.6449,,640858.2021,384898.2021
600073.SH,20260210,0.9385,0.57,2282.0031,1.24,0.2769,1.0558,621714.6399,621714.6399
603916.SH,20260210,7.4026,0.81,51.1662,1.3524,1.5586,0.759,569956.9137,561975.0237
002303.SZ,20260210,2.0938,0.95,20.0067,1.4613,1.5902,4.6682,646218.5951,408047.417
603119.SH,20260210,4.7708,0.83,137.5882,18.7513,28.57,0.1926,3673068.2307,2058775.0193
605117.SH,20260210,1.1307,0.98,28.2114,10.3124,7.1899,3.1006,8654349.066,8654349.066
688162.SH,20260210,1.2038,0.84,51.1682,1.9944,1.1515,,478070.4024,478070.4024
301276.SZ,20260210,4.2,0.57,26.2249,1.6971,3.1568,2.1986,353678.4,125708.9453
920204.BJ,20260210,1.1111,0.77,81.3891,3.3631,5.2734,0.3442,164343.6302,87127.2329
600595.SH,20260210,1.2968,0.54,28.5868,1.9939,1.468,,3326561.2446,3326561.2446
603398.SH,20260210,3.4347,1.62,,6.223,15.7785,,399817.4851,399817.4851
002588.SZ,20260210,0.8406,0.54,12.569,1.6768,1.0519,2.8612,1227916.8507,915265.0096
002649.SZ,20260210,3.4278,1.14,63.7526,1.9363,1.2146,1.2171,822409.0675,770703.4349
000672.SZ,20260210,1.8055,0.74,18.7934,1.5909,2.6981,4.2556,1411439.7752,1411439.7752
688083.SH,20260210,0.7836,0.62,937.1687,4.4565,12.6658,0.5215,1157157.044,1157157.044
000892.SZ,20260210,1.3529,0.28,,10.4179,15.3302,,879939.4843,637620.2992
600839.SH,20260210,1.9713,1.15,33.0314,2.9197,0.4169,0.5112,4514686.8491,4513429.5411
603063.SH,20260210,1.7863,0.7,26.1688,2.7558,3.2499,0.3975,1364976.2905,1364976.2905
688548.SH,20260210,3.45,0.94,99.1868,4.7309,11.7057,0.3858,2838026.2187,1486790.5633
000659.SZ,20260210,3.7614,1.47,,33.2765,5.6798,,565709.1088,565709.1088
300076.SZ,20260210,4.2689,1.85,,3.8186,28.4234,,343440.0,343440.0
600658.SH,20260210,1.0634,0.77,,1.0854,4.3192,,601798.7542,601798.7542
002697.SZ,20260210,4.07,0.92,16.1196,1.7662,0.8751,1.8883,828240.0,697245.6225
002376.SZ,20260210,2.103,0.96,93.5847,1.7413,2.4789,2.4058,659797.9084,635986.0982
300661.SZ,20260210,1.8148,0.75,76.6665,8.7302,11.5656,0.222,4282442.8473,4107164.9371
002515.SZ,20260210,1.226,0.76,133.0049,2.7684,23.483,0.5025,722736.6559,722728.0054
002906.SZ,20260210,1.0717,0.77,21.6207,2.3874,1.3358,1.5579,1617275.5653,1616691.8452
600939.SH,20260210,0.7032,0.99,,0.8188,0.2406,,614499.4069,614499.4069
603103.SH,20260210,2.9681,0.61,277.8479,19.9456,11.3871,0.3464,2562802.2,2562802.2
301048.SZ,20260210,0.4197,0.66,29.3163,2.2561,1.9027,0.5355,618666.744,618666.744
603686.SH,20260210,9.0132,1.12,74.2009,3.1349,2.1938,0.6172,1063501.8342,1063501.8342
603879.SH,20260210,2.7077,0.85,,8.9831,6.8061,,230339.786,230339.786
300196.SZ,20260210,9.9519,2.37,21.7636,1.5395,2.3013,1.6867,717706.8483,433599.5765
002768.SZ,20260210,1.8678,0.83,18.3255,2.3871,0.7429,0.5396,1527036.25,895936.2456
301566.SZ,20260210,5.0433,0.95,57.1012,6.0273,24.2327,0.4151,867221.68,449861.7517
688306.SH,20260210,0.6807,0.98,4937.5502,7.1709,4.9938,,1297066.6368,1297066.6368
002135.SZ,20260210,1.8967,0.48,88.2201,1.0922,0.7763,1.1345,688274.772,644066.4641
603955.SH,20260210,0.7632,1.15,,2.5628,20.1104,0.1734,391416.48,391416.48
002763.SZ,20260210,2.1095,0.96,42.7561,1.7922,1.1127,5.5147,334497.984,247736.9472
603711.SH,20260210,0.7553,0.75,38.478,1.7039,1.8554,1.8342,562747.3983,562747.3983
600982.SH,20260210,0.9093,0.68,15.8784,1.188,1.3585,3.2051,523049.663,523049.663
300921.SZ,20260210,32.4825,1.29,168.6405,7.0875,10.3965,0.2219,587049.1735,366355.208
920275.BJ,20260210,0.6536,0.66,165.7611,6.1392,19.1466,0.6689,142961.7072,118327.3253
300953.SZ,20260210,4.7851,1.01,63.4002,7.3147,3.5933,0.0819,3128670.8786,2249931.0678
600246.SH,20260210,1.9748,0.87,,4.0948,47.5206,,2283010.2843,2221234.6593
600739.SH,20260210,0.5398,0.6,21.4886,0.6302,1.6671,0.1642,1854008.297,1854008.297
300790.SZ,20260210,2.1393,1.0,41.9041,3.8778,3.2075,0.5579,998149.4413,866095.5327
300054.SZ,20260210,1.5374,0.72,63.4667,8.5045,11.6701,0.2242,4212867.7491,3277873.2006
688049.SH,20260210,3.1779,1.13,49.9926,4.773,10.3208,0.5426,936446.2569,936446.2569
301069.SZ,20260210,1.9334,0.81,95.149,5.165,11.3019,0.37,1137014.1406,1070776.5406
688130.SH,20260210,1.5547,0.71,,2.3031,17.8027,,287116.3483,143177.0983
688319.SH,20260210,0.7674,0.78,154.1672,10.339,13.9597,,989929.716,989198.692
688395.SH,20260210,0.9749,1.02,63.7658,3.0019,5.6088,0.5553,233900.4417,233900.4417
600963.SH,20260210,2.8038,0.52,23.804,1.263,1.0566,0.5251,1008843.9482,1008843.9482
600599.SH,20260210,2.2201,0.99,,10.1809,4.3769,,118026.0,118026.0
688720.SH,20260210,9.2432,2.46,148.8085,6.4985,11.7391,,656593.3383,420063.1989
600284.SH,20260210,2.4898,2.42,21.0243,1.0035,0.5374,2.2277,783966.848,783966.848
000651.SZ,20260210,0.4212,0.71,6.8592,1.5654,1.21,7.7095,21733454.2751,21398803.5612
300931.SZ,20260210,15.1197,4.99,,4.9306,7.2826,,315791.99,243242.701
002809.SZ,20260210,14.6199,0.57,1158.1537,1.8411,3.8971,2.2139,286734.8196,188505.5404
688103.SH,20260210,0.9673,0.79,100.4596,5.3294,5.0619,0.3344,598486.3447,598486.3447
600826.SH,20260210,0.5762,0.6,31.3968,2.1101,5.163,2.2615,896615.3962,896615.3962
002182.SZ,20260210,2.5768,0.73,193.1326,3.3517,1.8761,0.2752,1802085.2518,1572636.1416
001209.SZ,20260210,8.6615,0.89,129.6352,2.5827,1.7976,0.7751,331831.8226,242446.7666
601200.SH,20260210,0.6039,0.81,19.0581,0.9778,1.7301,1.1876,1133525.8713,1133525.8713
300866.SZ,20260210,0.7727,0.62,21.1933,5.5198,1.8642,2.1482,5458633.486,3129946.7644
000729.SZ,20260210,0.821,0.7,23.5299,2.324,2.3725,2.2586,3619004.5138,3222334.9604
000538.SZ,20260210,0.3584,0.61,19.6448,2.5709,2.5054,3.8498,10214903.4022,10149246.3027
002134.SZ,20260210,1.977,0.78,319.1853,11.2007,4.3497,,575920.0563,575563.7883
300727.SZ,20260210,1.3656,0.63,52.0707,4.8714,4.6468,0.6554,633359.4136,569165.1646
000993.SZ,20260210,1.5588,0.64,26.939,2.0868,8.6552,,555953.0664,533853.5524
002349.SZ,20260210,2.9127,1.14,29.0842,2.4159,4.5113,0.9963,653783.8275,641574.5555
300206.SZ,20260210,2.2615,0.97,34.6856,3.9933,4.5101,1.4015,856162.762,499786.6175
688150.SH,20260210,2.0489,1.27,53.1215,6.6693,21.4439,1.0741,1154995.869,1154995.869
688717.SH,20260210,3.9794,0.78,77.7332,3.4167,4.0713,0.9974,1503840.0,930950.3474
002470.SZ,20260210,3.5191,0.95,,3.2943,0.7317,,676921.7149,676864.3799
600498.SH,20260210,9.6816,0.98,72.4795,3.5842,2.4347,0.3559,5956922.5761,5577331.706
603334.SH,20260210,18.4257,1.0,52.7309,4.8781,2.8956,,814362.5,176229.3389
300656.SZ,20260210,5.3096,0.95,,4.9487,12.9692,,484797.329,376499.728
300477.SZ,20260210,3.81,0.63,,3.1851,1.9676,,314101.4753,290319.2138
301161.SZ,20260210,1.5487,0.76,57.9111,4.5613,5.4539,0.2398,420360.0,420360.0
300893.SZ,20260210,0.6384,0.38,32.9524,5.6617,4.395,0.4129,1096416.9346,581523.8481
300853.SZ,20260210,1.6494,0.93,,5.2991,14.43,,323287.8286,242567.0742
301516.SZ,20260210,3.2111,1.0,,3.6821,5.7768,,475228.0712,118807.0182
688301.SH,20260210,1.1189,0.69,39.6153,4.4252,11.3951,0.5455,2619643.3831,2482757.5699
603886.SH,20260210,1.1774,0.63,26.1403,2.1296,1.6865,7.2622,330480.0,330480.0
001324.SZ,20260210,2.1797,0.74,56.1561,2.3846,5.7956,0.6755,270342.0,159959.4024
605099.SH,20260210,0.4071,0.68,25.8242,5.4386,5.1605,1.5729,1634278.9212,1629868.1372
000019.SZ,20260210,1.9655,0.65,25.2704,1.6425,1.4922,2.1097,819452.5656,295929.8654
605177.SH,20260210,1.6815,0.95,,1.474,3.0132,,250561.8439,245883.4909
002315.SZ,20260210,5.1314,1.16,31.1113,5.7205,8.1683,2.3261,1568414.1363,1000246.6504
603097.SH,20260210,2.6796,0.6,58.4274,5.4459,2.9965,0.5559,591578.6943,573131.3943
600763.SH,20260210,1.835,0.5,42.0576,5.0025,7.414,0.9263,2172930.5304,2172930.5304
603000.SH,20260210,2.552,0.54,155.5679,7.9097,14.1754,0.5025,2904650.4041,2904650.4041
603801.SH,20260210,0.6991,0.61,14.3941,1.2686,0.9039,6.2227,420886.5037,420886.5037
300095.SZ,20260210,3.8472,0.66,,2.7262,3.3788,0.8728,455377.7378,367180.1536
603060.SH,20260210,0.9651,0.44,46.9906,2.781,2.1092,1.6691,549105.1465,549105.1465
600422.SH,20260210,0.5234,0.39,26.9962,1.7618,1.4365,2.4038,944705.7447,944705.7447
603320.SH,20260210,3.7949,1.52,50.2259,3.235,3.6969,0.5542,376743.3088,376743.3088
002451.SZ,20260210,3.4048,0.68,344.9203,5.8619,2.8127,0.0967,454330.77,452762.619
300471.SZ,20260210,5.1923,0.55,,4.4547,7.0905,,693954.287,541025.5565
000677.SZ,20260210,2.0971,0.85,475.6998,6.9075,3.302,,350775.0469,350775.0469
002483.SZ,20260210,0.9182,0.71,14.4416,1.4956,0.8441,4.0541,655986.6256,655085.5913
300516.SZ,20260210,4.2911,0.94,385.768,9.6749,20.4404,0.0988,1256580.0,1256580.0
002267.SZ,20260210,0.6239,0.76,12.7694,1.3096,0.9705,4.5161,861858.4699,861858.4699
002456.SZ,20260210,1.7328,1.13,,8.5053,1.5398,,3353959.3785,3309256.5843
000802.SZ,20260210,15.5063,3.45,,4.8313,8.0563,,376563.5341,376334.7241
301225.SZ,20260210,3.7304,0.94,106.176,9.6039,14.9957,0.2894,1473061.62,425788.618
301170.SZ,20260210,2.8271,0.78,27.2297,1.7318,2.7642,0.9807,305900.0,102707.2251
002207.SZ,20260210,20.168,0.85,,80.4097,8.7149,,284854.1959,283502.5353
600784.SH,20260210,0.956,0.88,23.083,1.4767,1.4666,0.9257,481740.0735,481740.0735
601996.SH,20260210,2.0696,0.84,,1.1078,1.5968,,282470.4328,282470.4328
001212.SZ,20260210,3.3657,1.55,,5.3142,22.4636,0.1249,1017257.6167,880022.2409
688296.SH,20260210,1.6962,1.0,,2.819,4.764,,179111.7756,178272.6456
002673.SZ,20260210,0.4692,0.73,18.4798,1.1995,5.3573,1.2593,3544378.2921,3544378.2921
603926.SH,20260210,2.8043,0.64,55.1902,3.2504,2.3293,1.0887,561442.1335,552165.9575
002448.SZ,20260210,4.0545,0.75,28.1073,2.2381,2.2472,0.9168,834364.878,645952.046
300347.SZ,20260210,1.9688,0.77,93.6771,2.7079,8.7397,0.4469,5734433.493,3770986.612
600370.SH,20260210,1.0993,0.89,,2.0283,0.4583,,1001446.9443,1001446.9443
603690.SH,20260210,2.0469,0.75,,2.1197,3.1906,0.1789,1063108.758,1063108.758
600783.SH,20260210,3.1914,0.78,102.3909,3.7314,210.5092,0.2949,1767108.964,1767108.964
920706.BJ,20260210,8.1294,0.75,50.9328,4.2335,6.0815,0.746,247738.4618,113531.9585
600511.SH,20260210,0.4911,0.47,10.9548,1.2211,0.4241,2.7397,2203148.7542,1615771.5581
920066.BJ,20260210,8.0016,1.52,43.2949,4.2657,3.4873,0.2664,168509.767,53280.387
002660.SZ,20260210,1.2668,0.81,,2.8812,2.6192,1.0299,346283.8644,333040.0954
600288.SH,20260210,1.2327,0.72,158.3707,3.5892,3.5711,,683155.2,683155.2
603122.SH,20260210,7.6568,0.76,,6.0952,9.7861,0.7679,673903.1077,673903.1077
600079.SH,20260210,1.2297,0.77,21.6049,1.6319,1.2767,1.6922,3086539.2998,2918151.0541
920556.BJ,20260210,2.1536,0.9,63.022,3.2791,4.9389,0.9421,170510.1664,124196.1935
300996.SZ,20260210,3.0045,1.19,46.0608,3.9413,5.8939,0.6061,496554.7403,412279.4836
301202.SZ,20260210,8.2397,2.35,63.4598,5.0551,4.4874,1.4078,581336.8,158461.16
300384.SZ,20260210,13.0272,6.64,23.0215,2.1661,7.1973,1.1721,598776.6364,413376.7197
603776.SH,20260210,2.4139,2.21,,1.435,12.7633,1.1683,511545.7622,511545.7622
603538.SH,20260210,1.5447,0.67,47.4611,2.1008,3.0648,0.2328,472150.905,462659.1918
002302.SZ,20260210,3.515,4.17,,0.9956,0.4416,1.8601,848302.0923,848302.0923
688739.SH,20260210,0.4022,0.84,60.6178,1.149,7.3403,3.0531,1078605.5,1078605.5
688523.SH,20260210,7.8688,0.85,237.8083,14.3896,45.1275,,2422156.64,574559.373
301219.SZ,20260210,1.351,0.71,23.943,2.1632,2.6478,2.2437,1960753.4118,1922433.4891
920871.BJ,20260210,1.3827,0.69,71.2389,4.8203,7.4203,1.2149,127183.3989,67290.635
002478.SZ,20260210,6.3852,1.13,15.4157,1.606,1.6481,2.074,948546.8521,761028.3067
300638.SZ,20260210,4.233,1.22,81.2053,4.2753,3.6765,1.1646,2697797.532,1591346.052
600660.SH,20260210,0.8615,0.85,17.3771,4.7649,3.5677,4.4643,15783728.8815,12114061.3359
600016.SH,20260210,1.1047,0.96,5.7267,0.3093,1.2143,4.9874,17381620.1453,14078462.9156
601619.SH,20260210,5.3016,0.92,24.5426,2.1043,6.6978,2.5277,1654442.4925,1382888.7078
300162.SZ,20260210,3.4808,0.9,,4.022,3.065,,359520.0957,293232.6455
301079.SZ,20260210,15.2134,0.94,,10.014,17.723,0.0462,473528.4212,302226.0401
601595.SH,20260210,8.4826,3.5,131.381,9.3796,18.7952,0.1342,1603659.6,1603659.6
600398.SH,20260210,0.379,0.38,14.1809,1.6639,1.4072,2.8846,2996928.6647,2996928.6647
920885.BJ,20260210,3.6463,0.59,130.8153,10.064,21.3494,0.1902,401939.2247,208248.0202
000883.SZ,20260210,0.2583,0.58,17.0639,0.8692,1.8551,2.009,3235280.1469,2961170.5525
600408.SH,20260210,3.8033,0.56,,2.833,0.7246,,384597.6,384597.6
688096.SH,20260210,2.9415,1.25,,2.4748,4.2432,1.1037,222353.8286,222353.8286
603269.SH,20260210,3.9664,1.06,36.3439,4.0514,2.2485,1.7143,385939.71,385939.71
301251.SZ,20260210,14.6847,0.69,109.9914,5.5019,6.1467,0.2088,863758.2034,346257.8337
600055.SH,20260210,0.4981,0.8,785.147,2.4156,6.9838,0.808,1131225.2423,1131225.2423
001322.SZ,20260210,0.4556,0.59,135.0424,1.9243,1.3426,1.3838,909133.1824,738476.032
002669.SZ,20260210,2.4986,0.87,,1.6074,0.9338,,436289.2,435308.1964
002041.SZ,20260210,4.1013,0.53,176.7259,2.5381,7.786,0.2775,919600.0,919600.0
002370.SZ,20260210,1.7484,0.9,39.6343,4.7686,16.3677,,534643.619,534643.619
603339.SH,20260210,1.2104,1.38,27.9729,1.6764,2.6275,1.6361,436621.4979,436621.4979
603508.SH,20260210,0.6792,0.68,16.3841,2.6293,6.4706,12.3992,1011139.6478,1011139.6478
000878.SZ,20260210,2.8882,0.5,39.5106,2.8972,0.2738,0.9407,5111675.8925,4532127.7664
920768.BJ,20260210,1.6445,0.55,29.862,2.0944,0.8265,,146369.43,100895.9632
000888.SZ,20260210,2.2911,0.65,32.9597,2.7665,7.8846,2.3454,741366.7345,741366.7345
600725.SH,20260210,1.6373,0.78,,20.6705,8.9055,,579260.9,579260.9
002616.SZ,20260210,1.5323,0.76,16.8733,1.4628,1.3399,2.2335,498345.4934,340738.5554
002875.SZ,20260210,2.0429,0.85,,5.8787,6.7958,,377678.9141,323460.0244
300034.SZ,20260210,2.3349,0.67,118.9191,4.3127,4.3348,0.4845,1644928.666,1582357.4637
688636.SH,20260210,3.2709,0.95,74.2962,5.9682,11.0919,0.1945,821707.7589,792039.4886
000620.SZ,20260210,3.8408,0.76,,4.2671,9.7975,,1908339.888,1518318.3649
300130.SZ,20260210,3.4859,1.32,45.2851,3.5974,5.1217,1.8182,1560072.5883,1193918.847
600851.SH,20260210,1.6432,1.01,63.0376,2.1093,12.4987,0.4902,984958.2607,602376.1858
920239.BJ,20260210,0.7347,0.76,23.6153,5.3753,1.3088,1.1078,587007.2337,578497.4986
301199.SZ,20260210,2.7799,1.32,39.4817,2.4261,4.4282,0.5689,464076.536,178248.686
000632.SZ,20260210,4.3595,0.64,,2.7493,0.4279,,242070.1764,242050.4351
001386.SZ,20260210,15.7308,0.74,24.411,2.5637,4.5191,1.1728,3056605.36,250328.9598
000504.SZ,20260210,0.6846,0.93,,12.1617,23.4887,,294710.6265,293906.3014
002001.SZ,20260210,1.2679,0.79,12.785,2.9137,4.0965,2.3333,9204897.9316,9095401.4744
688131.SH,20260210,1.4264,0.84,51.7203,5.0816,5.6278,0.3187,1525237.3687,1525237.3687
300905.SZ,20260210,4.2589,1.79,47.7492,3.5057,4.7198,1.34,665112.5491,517253.3743
605366.SH,20260210,5.7311,1.41,,2.6882,3.7205,,543532.6974,543532.6974
688558.SH,20260210,0.8573,0.97,28.9782,2.5676,3.5633,1.8238,430980.0,430980.0
603007.SH,20260210,2.4482,1.45,,10.7854,25.4187,,536980.1833,421919.0406
300189.SZ,20260210,15.4235,0.57,,10.3527,39.2512,,755712.0,654045.1746
002266.SZ,20260210,1.3249,0.57,26.9734,2.1471,1.1559,1.0243,2520908.0872,2365154.9062
300623.SZ,20260210,3.4436,0.62,56.1742,4.6396,8.1957,0.4559,2737542.9335,2524756.5576
603062.SH,20260210,1.6006,0.58,23.4204,2.7101,2.6425,3.3691,553284.0,189925.4913
300585.SZ,20260210,2.6925,1.07,,4.2872,6.885,,305433.3331,305433.3331
601717.SH,20260210,0.9047,0.71,9.6772,1.8888,1.0955,4.5714,4374229.8285,3778306.0385
603030.SH,20260210,1.3574,0.8,,4.3122,4.4286,,381910.7208,381910.7208
300735.SZ,20260210,0.8937,0.78,59.352,3.9153,2.43,0.9921,1934000.9363,1908691.5481
603202.SH,20260210,1.6894,0.8,14.0415,2.3106,3.5384,3.7366,1494400.0,310667.4349
600699.SH,20260210,2.0568,1.15,37.5302,2.4731,0.7058,0.9357,4275474.4422,3735882.8965
600538.SH,20260210,6.793,1.34,,4.5045,10.9961,,347543.5047,347543.5047
301318.SZ,20260210,2.5487,1.53,34.4702,2.2408,5.6928,1.2019,420779.5324,276115.9013
300474.SZ,20260210,1.393,0.77,,5.3608,71.8935,0.0839,3737772.6829,2907103.0064
301501.SZ,20260210,4.5604,0.77,26.5374,3.121,3.5402,0.7916,644252.4,161063.1
300473.SZ,20260210,2.0778,0.81,64.6311,2.865,1.185,,565600.8446,499066.2601
600727.SH,20260210,3.543,0.74,60.6891,1.2737,0.7409,0.6477,408066.1802,408066.1802
002871.SZ,20260210,1.4996,0.77,34.5212,4.5403,7.7233,1.7595,497915.0516,295354.9589
301373.SZ,20260210,4.2851,0.73,27.0303,2.3696,7.6815,1.9691,385618.2835,136770.5303
600846.SH,20260210,0.8982,0.79,31.0594,1.9924,2.2929,1.5125,820311.8705,820311.8705
600928.SH,20260210,0.8003,0.98,6.4047,0.4946,1.6486,2.6042,1706666.6669,1698567.9613
920974.BJ,20260210,3.7518,0.78,45.2015,2.1519,1.2957,,139393.8,109312.4767
002902.SZ,20260210,2.9174,0.92,,5.9229,3.0934,,500099.2839,378001.4195
301019.SZ,20260210,1.2282,0.77,35.1436,3.7888,8.3017,2.5295,391293.1635,248133.6652
300640.SZ,20260210,10.9878,1.54,213.3384,3.1693,2.5508,0.2415,257502.5576,182780.2796
300819.SZ,20260210,6.6955,0.92,110.6443,7.6471,11.5626,0.9132,653517.9,590258.655
001378.SZ,20260210,2.2646,0.86,41.4027,1.7878,2.2232,2.6051,332000.664,163740.4478
688505.SH,20260210,1.5006,2.9,,4.076,12.9347,0.3378,920476.0248,630988.0248
605158.SH,20260210,1.7228,0.79,26.4618,1.7528,0.6432,1.7531,433172.74,433172.74
688193.SH,20260210,1.0953,0.83,,2.3444,12.8982,0.4528,213933.0359,213933.0359
300612.SZ,20260210,27.9186,1.38,,7.9213,7.5975,,388338.0754,387100.6754
300235.SZ,20260210,5.3124,1.36,677.7606,5.5227,53.7868,0.293,385172.3516,310795.4652
600360.SH,20260210,1.0669,0.76,48.7773,2.5183,3.8493,0.8305,855623.1159,855623.1159
300161.SZ,20260210,1.5449,0.98,,4.1874,4.1286,0.0309,643579.2785,631588.4908
001282.SZ,20260210,2.3985,1.02,34.7586,2.9199,2.8467,0.6709,468367.2448,164771.3984
300779.SZ,20260210,6.2243,1.51,739.5816,14.4966,17.0005,0.0986,1975174.3587,1583028.5082
300434.SZ,20260210,2.0859,1.0,33.7666,1.7493,4.1769,0.6296,440311.2837,374964.7103
000695.SZ,20260210,2.6047,0.62,,17.1102,5.8677,,293861.7123,281256.556
920112.BJ,20260210,0.9552,1.21,22.349,3.7057,2.9933,1.3106,323702.75,88443.145
000905.SZ,20260210,2.0458,0.5,44.5571,1.8202,0.4412,0.8907,916134.8523,916132.9998
301332.SZ,20260210,1.3784,0.98,36.0132,1.5704,1.3023,1.5015,457870.0,262778.32
301278.SZ,20260210,7.6545,0.65,117.2686,2.471,3.6685,1.3041,351566.2124,201444.2969
920725.BJ,20260210,7.5297,0.82,,5.2177,18.4324,0.2869,315994.05,145673.212
920068.BJ,20260210,2.4661,0.71,128.8863,9.7479,19.0456,0.5313,1233839.2282,118009.4192
000573.SZ,20260210,2.6472,0.59,43.4306,1.7227,6.5191,1.1261,283396.5882,281036.3796
300521.SZ,20260210,2.3869,0.94,,9.0918,25.8312,,483777.63,483777.63
600639.SH,20260210,0.6352,0.66,12.7398,0.8354,5.7472,2.9935,1209961.0987,916555.1658
301149.SZ,20260210,4.3229,0.78,39.3041,2.6378,0.9227,1.2156,530620.0222,322356.2331
600835.SH,20260210,0.8477,0.51,31.4382,2.053,1.4579,1.4952,2872874.7162,2265470.5787
000973.SZ,20260210,3.8422,0.6,106.6089,4.4098,5.692,0.264,1282803.1247,1282803.1247
000501.SZ,20260210,2.2271,1.28,34.9685,0.7062,1.2578,2.9285,768223.7383,767460.3374
000822.SZ,20260210,7.2597,0.81,,1.2035,1.2136,,577334.2923,577334.2923
688588.SH,20260210,0.8894,0.94,59.2518,4.6767,5.3875,1.3411,576014.4043,576014.4043
300812.SZ,20260210,10.4258,0.69,,5.6804,10.2095,,445164.7982,294626.2051
301205.SZ,20260210,12.5047,0.75,220.857,15.6642,22.6876,0.1044,2484467.856,1301333.1037
600386.SH,20260210,2.6765,1.95,4614.3941,2.1226,0.9211,0.2128,379008.0,379008.0
605116.SH,20260210,0.6471,0.69,25.8614,4.3532,6.7586,1.0693,1097913.2815,1097913.2815
002651.SZ,20260210,1.3566,0.81,131.893,4.0522,15.927,0.5455,1136806.0,622010.0051
300971.SZ,20260210,3.7013,0.92,41.1397,2.8799,5.954,0.6921,303408.0,237521.2448
300808.SZ,20260210,4.312,0.96,,5.5545,15.8399,,538560.0,400215.9795
600315.SH,20260210,0.7827,0.49,,2.1049,2.3985,0.1769,1478224.93,1478224.93
301026.SZ,20260210,3.847,0.6,36.451,3.0334,1.8411,0.9151,491124.1817,354701.2738
000810.SZ,20260210,1.7644,1.76,140.0713,2.1757,1.6448,0.4068,1403238.6064,1354939.5335
301078.SZ,20260210,3.1086,0.78,52.8623,3.2978,1.3852,0.6399,1369666.041,1362066.6637
000066.SZ,20260210,2.8464,0.88,,4.7226,3.5177,,5238697.7189,5238357.8969
300930.SZ,20260210,1.9436,0.62,56.2825,3.4662,4.6278,0.3147,317800.0,149763.2532
605060.SH,20260210,4.2167,1.32,63.7498,5.7723,11.8581,0.5989,1396155.376,1386571.1412
300903.SZ,20260210,5.3884,0.57,,6.0323,3.3126,,1207762.3258,910968.1794
002042.SZ,20260210,1.7808,0.88,,1.3138,0.7342,,756803.203,756803.203
002650.SZ,20260210,0.2892,0.94,,4.1485,5.3815,,685284.8871,685261.6746
300289.SZ,20260210,0.8579,0.63,,2.3569,11.4503,,390056.2362,389443.2012
600566.SH,20260210,0.3816,0.66,15.1773,1.8102,4.079,7.6672,2506056.3872,2497597.4592
601886.SH,20260210,0.3364,0.73,15.9788,1.5076,0.4913,5.8887,1058223.924,1058223.924
001234.SZ,20260210,1.4358,0.91,77.5179,3.3875,3.5709,1.0612,309312.5299,258728.4535
600529.SH,20260210,0.5177,0.59,17.7394,1.6653,2.8869,2.934,1357090.8611,1357090.8611
300729.SZ,20260210,1.0254,1.2,20.4146,1.3425,0.7473,2.0946,488847.7837,455691.9316
601388.SH,20260210,3.1897,0.45,226.9946,1.923,1.1656,,880489.0464,880489.0464
600449.SH,20260210,1.3311,1.01,22.2047,0.875,1.0941,1.5487,648413.493,648413.493
920526.BJ,20260210,0.8574,0.6,122.4694,8.6857,17.0608,0.4239,195089.3,123534.8995
301365.SZ,20260210,7.3934,3.05,79.994,2.7524,7.0866,2.7237,462600.0,260552.6446
600608.SH,20260210,0.7449,0.9,,30.2749,153.3073,,117732.3959,113976.9759
688102.SH,20260210,1.9385,0.7,212.4465,16.9403,19.8432,0.1967,3054528.5814,2890175.3151
300081.SZ,20260210,8.1428,1.95,,3.3076,9.4824,,351386.1373,351332.9322
603051.SH,20260210,10.6094,0.71,,2.4604,2.6615,0.9628,433176.1613,433176.1613
000966.SZ,20260210,0.5785,0.52,105.1919,1.1301,1.041,1.6071,1559503.6872,1461162.2234
600101.SH,20260210,2.1185,0.73,30.0615,1.7921,1.8314,1.1893,552793.2332,552793.2332
605296.SH,20260210,0.2733,0.78,22.2823,2.9673,2.7418,1.3747,1488756.6539,1469521.7939
002144.SZ,20260210,4.5031,0.71,124.8562,1.2812,4.7826,0.3247,272214.2931,211972.185
300485.SZ,20260210,3.6419,1.34,69.2208,1.6491,13.9748,,562104.6888,319544.6514
688181.SH,20260210,2.2197,0.88,77.0811,2.251,5.596,,466650.9646,466650.9646
301609.SZ,20260210,5.2269,0.58,58.6017,6.3197,11.0993,,778240.64,175104.144
301345.SZ,20260210,3.2401,0.65,32.3649,6.9781,6.7536,1.3699,2383485.5448,635119.5257
600461.SH,20260210,0.4062,0.5,10.3835,1.2921,1.5568,4.7786,1246914.8759,1246914.8759
603117.SH,20260210,2.2827,0.43,472.7702,3.2056,12.5845,,330157.9558,330157.9558
000698.SZ,20260210,0.7786,0.48,29.7023,2.169,0.5915,,320430.1284,307214.3284
300184.SZ,20260210,2.3573,0.69,80.091,3.0245,1.4191,,1233906.4348,1121534.3542
301330.SZ,20260210,3.6627,1.04,47.8403,2.6852,4.6011,1.0704,911751.9047,441306.2103
601002.SH,20260210,1.5593,0.63,25.5474,1.2716,2.2739,1.7668,540213.4475,540213.4475
688121.SH,20260210,2.0178,1.27,23.8463,1.1014,1.1577,,286644.3817,248672.0004
002047.SZ,20260210,1.1206,1.22,,,5.7742,,647438.1919,647405.321
300210.SZ,20260210,3.0551,1.6,,11.6811,13.7037,,482283.0732,481820.9242
002611.SZ,20260210,2.7445,1.13,32.3572,4.0382,4.5323,0.7182,2203288.2754,1813977.8497
603528.SH,20260210,1.2214,1.02,,3.6508,16.8449,0.5051,693929.3188,693929.3188
688609.SH,20260210,1.2484,0.82,,5.0915,1.8931,,452500.0,452500.0
301041.SZ,20260210,2.6962,0.83,123.4806,4.5661,4.2626,0.3459,304678.08,225397.345
300067.SZ,20260210,15.9297,1.74,,2.668,6.6499,0.1733,666074.1292,540928.0839
920527.BJ,20260210,2.7448,2.17,51.7835,2.8039,2.8613,0.826,107596.5184,65038.3767
603329.SH,20260210,1.6993,1.29,82.9974,2.1179,0.6536,0.1599,297810.9494,245802.2161
000700.SZ,20260210,11.4753,1.23,31.474,3.9144,2.0803,2.0618,1455054.3916,1455054.3916
603069.SH,20260210,1.859,0.66,,8.9339,10.5869,,723008.0,723008.0
600976.SH,20260210,0.8879,0.81,16.0779,2.0316,1.652,2.6316,524623.212,524281.212
300947.SZ,20260210,3.6071,1.06,143.7571,2.5246,2.582,,315424.3716,315299.2246
300846.SZ,20260210,17.2457,1.15,,16.1635,10.8905,,1382964.044,1079182.8685
000007.SZ,20260210,2.789,1.09,74.2867,23.0431,9.2943,,420934.3735,420934.3735
003816.SZ,20260210,0.1819,0.41,20.9376,1.5973,2.3374,2.4359,19694505.0416,15340691.2916
000788.SZ,20260210,2.1816,0.96,26.5606,2.3883,2.1711,0.9375,381431.952,381431.952
920931.BJ,20260210,8.2882,1.86,72.9502,3.4095,3.8356,0.7042,133380.6,40861.636
002632.SZ,20260210,1.2947,0.67,37.6598,3.61,5.106,2.0985,773878.2725,720956.7676
301277.SZ,20260210,0.6645,1.28,40.6911,3.3072,7.509,2.2252,503428.6656,503428.6656
300142.SZ,20260210,1.8185,0.75,401.0982,2.05,8.2337,0.3239,1975195.4481,1921591.5057
920508.BJ,20260210,1.1372,0.56,121.6577,7.2024,16.4728,0.7221,138480.0,73638.8749
002332.SZ,20260210,0.9668,0.8,33.6864,1.5644,2.5686,4.2918,921938.9351,917622.6987
002762.SZ,20260210,0.8753,0.98,,3.2295,7.1355,0.7102,249233.6,148810.4175
603232.SH,20260210,13.8975,0.82,663.6893,4.654,14.497,0.187,626169.8716,618727.4866
300025.SZ,20260210,3.0667,1.38,,5.9819,5.1376,,322574.7125,321052.6047
300605.SZ,20260210,3.6451,0.89,,5.6792,7.2559,,275451.9254,199303.5787
300033.SZ,20260210,1.7128,0.57,79.0159,25.0497,36.7577,0.8868,18793958.4,10947430.1823
301223.SZ,20260210,1.2108,0.82,23.6982,1.3213,1.2596,1.7125,392242.0744,227502.5869
002356.SZ,20260210,2.7213,0.65,128.3212,8.2539,7.2676,,512700.5177,512697.5852
300160.SZ,20260210,1.6836,0.81,22.2247,1.7709,2.7427,1.6667,463767.7752,457415.7102
600223.SH,20260210,1.019,0.87,36.0369,1.8429,2.0429,0.7905,771575.7002,771575.7002
002685.SZ,20260210,4.1485,1.37,57.1616,4.7022,8.6046,,738637.2399,738538.7796
688315.SH,20260210,0.7599,0.71,37.2466,2.5144,3.0034,0.3103,652601.6,652601.6
301656.SZ,20260210,1.6442,0.75,54.7521,6.843,3.1659,,6327004.8842,439065.7264
603027.SH,20260210,1.3186,0.58,33.7486,4.3194,5.1409,4.3175,1425111.0654,1335838.8273
603990.SH,20260210,1.7715,0.84,,5.5062,14.0541,,459117.8138,459117.8138
603666.SH,20260210,1.4457,1.0,,3.0727,12.0441,,650503.7793,650503.7793
001339.SZ,20260210,2.1306,0.6,78.4179,6.0441,3.2227,0.1471,1361880.6892,644589.6172
002006.SZ,20260210,2.1092,0.91,48.7099,4.4313,5.6337,0.7319,1065056.7586,1065056.7586
603353.SH,20260210,2.8421,0.66,817.2316,3.9772,2.3109,0.532,649117.056,643498.368
002958.SZ,20260210,0.9812,0.66,5.9655,0.4768,1.6691,3.7618,1772243.5667,1735226.3333
603175.SH,20260210,4.8049,1.15,123.0695,10.5563,6.8297,,3039538.9276,306015.1871
002982.SZ,20260210,2.6222,0.88,94.6242,1.8766,0.6628,0.4876,297679.1617,190268.1642
002300.SZ,20260210,3.9806,0.51,82.042,3.4994,0.5309,1.2009,661657.6692,661599.5105
600657.SH,20260210,1.1869,0.9,,0.5541,1.4217,,1026676.2942,1026676.2942
002867.SZ,20260210,0.606,0.52,13.4214,2.3235,1.4121,7.0203,1391577.5308,1383402.1027
300369.SZ,20260210,11.0199,3.13,,2.9385,3.0518,,721453.4794,719169.7759
600858.SH,20260210,4.1979,0.85,88.3431,1.2657,0.6447,0.5766,342723.8822,341064.1511
920394.BJ,20260210,1.3003,0.89,65.7764,10.2477,16.9521,0.3676,795600.0,789740.0973
301581.SZ,20260210,3.4465,0.98,57.6931,4.1144,5.0212,1.355,413280.0,252503.748
603095.SH,20260210,1.9773,0.58,49.4564,2.2835,4.1877,4.2323,529451.86,529451.86
600150.SH,20260210,1.1637,1.07,36.3978,1.8556,2.0174,0.4269,26189162.0822,26189162.0822
300536.SZ,20260210,1.7582,0.88,,5.8953,15.3991,,263959.3197,263940.1839
605319.SH,20260210,2.8311,1.25,20.2237,3.4753,3.2247,1.8578,901822.3191,775634.3831
300595.SZ,20260210,0.977,0.65,29.0053,2.9253,7.856,1.759,1426195.5729,1064912.1527
603255.SH,20260210,1.9997,0.61,,2.7886,5.2114,,442806.5844,199621.5659
000561.SZ,20260210,3.193,1.02,,3.109,6.4895,,980660.7001,813109.5973
600428.SH,20260210,1.1947,0.99,12.947,1.2986,1.0051,3.5678,2145745.7489,1912213.3259
300546.SZ,20260210,2.5118,1.08,124.1305,4.0619,8.0118,0.1839,456690.1949,327687.5213
600531.SH,20260210,7.6945,0.54,22.9771,3.091,0.4443,1.222,2007376.0787,2007376.0787
002498.SZ,20260210,3.1715,0.46,34.774,2.213,1.9235,0.6993,1902927.312,1902927.312
000599.SZ,20260210,4.6905,0.6,,4.2342,1.2366,,557029.6291,557020.1664
688469.SH,20260210,2.1085,0.73,,4.7447,8.4921,,6270250.0047,3313490.4
603221.SH,20260210,1.4101,1.03,48.8037,2.0028,2.6874,1.368,321814.64,318827.32
600116.SH,20260210,0.4311,0.48,45.4857,1.1217,1.2818,1.3522,1260102.1737,1260102.1737
605555.SH,20260210,4.8345,4.91,34.2683,3.0792,2.1141,1.4022,929412.5568,929412.5568
002100.SZ,20260210,0.6719,0.47,21.4239,1.348,0.5461,3.1073,966598.0726,966598.0726
920807.BJ,20260210,2.408,0.83,97.4071,2.915,4.628,0.6596,275730.08,184907.6146
600172.SH,20260210,18.4252,1.18,,12.0648,8.6967,,1191244.3772,1054187.2495
920163.BJ,20260210,2.3328,0.68,54.8443,4.2747,2.58,0.6828,207360.1228,96268.5028
605300.SH,20260210,1.0247,0.7,198.1962,1.8884,2.2539,0.4991,540734.3304,540734.3304
920207.BJ,20260210,7.1425,0.93,,9.3672,8.1086,,269117.205,164279.7671
002074.SZ,20260210,1.2502,0.69,20.0837,2.3487,1.6824,0.268,6683195.2539,6396132.7058
301419.SZ,20260210,2.3858,0.85,59.6239,4.4197,10.1188,1.1915,419640.0,277405.1202
002693.SZ,20260210,1.4004,0.67,,8.3173,15.0412,,325116.764,322209.5713
600215.SH,20260210,2.3055,1.0,,1.7761,3.2665,0.1949,356368.6464,356368.6464
301287.SZ,20260210,3.6585,0.74,32.4466,2.6662,5.1181,1.469,308615.43,78838.1192
603718.SH,20260210,2.1704,0.37,20.546,2.3216,14.2896,1.4602,352028.538,350449.038
600273.SH,20260210,1.6934,0.68,15.0982,1.5589,1.5998,3.3951,1569909.607,1569909.607
920230.BJ,20260210,1.739,0.58,184.7418,3.1809,4.3751,0.5956,129724.1336,60855.0994
300481.SZ,20260210,2.0371,0.69,33.356,2.0849,3.5889,2.3296,501115.787,498059.8464
920765.BJ,20260210,1.8511,0.6,,5.7486,3.1792,1.1487,162975.1444,99013.32
920030.BJ,20260210,1.3578,0.83,,2.6357,0.4809,0.2511,119464.9069,74836.8129
603206.SH,20260210,0.8151,0.94,106.1537,2.3126,1.2636,,524638.7794,524638.7794
601077.SH,20260210,0.8217,1.18,6.4047,0.5895,2.6828,4.673,7620547.0,5930460.6564
300738.SZ,20260210,10.1331,1.2,147.185,6.8533,10.0026,0.0532,2407777.4393,2407095.6513
603977.SH,20260210,2.7287,1.76,60.2423,2.7393,4.0716,0.6098,916952.9381,916952.9381
600801.SH,20260210,0.8222,0.96,14.5646,1.5484,1.3841,3.4769,4779610.9971,3084562.8951
603335.SH,20260210,2.8953,1.3,,12.6246,2.8684,,273156.2548,273156.2548
603759.SH,20260210,2.0315,0.41,18.8418,1.7482,1.9825,,497777.28,497777.28
002004.SZ,20260210,1.6714,0.88,,1.1105,0.9096,3.6633,1077076.0399,1023600.9694
301355.SZ,20260210,4.546,0.93,374.708,1.7391,1.5278,0.7373,262211.6152,134676.0952
300244.SZ,20260210,7.6297,1.09,,2.4063,1.4822,0.9813,1556823.7751,1249134.521
920786.BJ,20260210,5.9736,0.6,101.9154,2.8756,1.4626,,215533.643,146604.5451
300896.SZ,20260210,1.9155,0.66,30.8654,6.1197,17.9829,3.3323,4522843.5358,3117818.1968
300687.SZ,20260210,5.5266,1.87,127.1529,3.3279,4.1967,0.311,919742.9457,741102.6606
603203.SH,20260210,1.0374,0.79,39.2543,6.6628,9.0883,1.6588,972536.7264,955253.8212
300904.SZ,20260210,2.121,0.59,,6.7361,6.7647,,443926.3619,134823.1619
688700.SH,20260210,2.6333,0.89,94.6577,6.643,11.0615,0.2433,1224937.5828,1224937.5828
002408.SZ,20260210,1.4468,0.98,,1.4543,0.6609,0.5105,1657382.5359,1603888.7978
301488.SZ,20260210,3.813,0.71,146.3271,10.361,8.0426,0.3322,1384600.0,352353.4294
603208.SH,20260210,1.1939,0.73,,2.2243,1.3204,1.2483,267707.9104,267707.9104
688122.SH,20260210,1.88,0.88,64.2003,7.8615,10.1308,0.7768,5436392.5109,5436392.5109
920227.BJ,20260210,10.2657,1.02,77.7588,7.8199,20.5493,1.2376,314647.32,142144.976
688681.SH,20260210,1.3854,0.82,41.3383,3.4448,4.2452,0.4969,208083.96,208083.96
002935.SZ,20260210,2.2014,0.99,145.8461,5.8507,10.0275,0.2303,925815.775,906143.3976
600496.SH,20260210,0.9387,0.77,14.5308,0.9895,0.433,1.7505,909487.109,909487.109
300966.SZ,20260210,2.0408,0.9,,3.2327,3.9999,,250505.8585,165948.2355
920685.BJ,20260210,1.5423,1.14,32.842,2.4565,7.6982,1.1973,133613.2739,80159.694
300504.SZ,20260210,2.8962,1.46,,1.9876,3.2391,,421443.2219,339381.1307
002223.SZ,20260210,0.5589,0.71,22.6805,3.0082,4.8829,2.032,3946751.6695,3701402.6917
002036.SZ,20260210,2.2034,0.88,,5.3204,1.2738,,1140892.5596,1138741.0659
688207.SH,20260210,2.4411,1.1,,2.2899,29.0736,,438441.5379,438441.5379
002401.SZ,20260210,0.9978,1.05,,3.7595,3.5135,0.7864,614367.9313,613864.5928
688137.SH,20260210,1.6649,0.62,,1.4869,20.9958,,309333.3351,144033.3351
600644.SH,20260210,2.2514,0.78,275.5403,3.1164,1.8993,,644827.7121,644827.7121
301160.SZ,20260210,4.3555,1.35,33.553,4.5018,4.8616,1.0494,736863.703,479726.7735
600160.SH,20260210,0.821,0.95,27.2498,5.3958,3.9941,1.0283,10763887.6249,10763887.6249
002843.SZ,20260210,3.3655,1.41,111.0725,3.3191,3.0135,0.5359,469742.2907,467978.9207
603803.SH,20260210,4.2047,1.65,,2.846,3.7306,,446977.502,446977.502
600617.SH,20260210,1.0266,0.62,,1.7963,0.387,,607695.4094,559295.947
001395.SZ,20260210,1.3383,0.75,20.7015,3.2137,4.8049,1.4059,384728.4,206784.9
600382.SH,20260210,3.9332,0.57,28.2525,2.2584,7.3401,3.1756,612467.9345,612467.9345
603725.SH,20260210,2.1835,0.83,26.5806,3.7989,0.9895,0.9583,314308.2681,295544.0681
300689.SZ,20260210,6.0945,0.75,246.0569,8.4029,13.7783,,580312.0,507934.5135
002046.SZ,20260210,2.3957,0.82,87.1823,5.6683,7.7934,0.459,2453420.7701,2419199.6649
000598.SZ,20260210,0.5312,0.64,9.9691,1.0922,2.2673,2.6231,2127598.2181,2124189.3651
920374.BJ,20260210,1.4459,0.97,223.5296,7.8212,9.6743,0.4461,198903.92,83237.0644
002706.SZ,20260210,2.0906,0.6,39.2432,2.9474,2.5963,1.9893,1199497.5214,977208.8821
000488.SZ,20260210,1.6617,2.16,,1.9966,1.0209,,638295.9954,364861.0597
603608.SH,20260210,2.4838,0.67,,4.1477,4.2107,,438604.3382,438604.3382
002064.SZ,20260210,0.6748,0.57,37.0363,2.3119,2.5026,1.6077,6173404.6079,6156028.0116
605167.SH,20260210,1.1653,0.68,36.7414,4.0567,2.7782,0.6258,801589.95,801589.95
603650.SH,20260210,3.0981,1.41,63.0783,9.1002,10.7155,0.8255,3609776.6079,3600199.5803
920469.BJ,20260210,1.1819,0.72,,3.3169,1.938,0.4651,151516.95,111206.7742
300804.SZ,20260210,43.8331,4.19,72.1619,2.4309,4.1924,,330780.0,122925.0
601696.SH,20260210,1.0948,0.62,35.1585,2.0737,11.3551,0.2759,3866976.0,3866976.0
001356.SZ,20260210,1.0276,0.7,55.8273,3.6579,3.6041,0.2999,746668.44,254219.4323
002582.SZ,20260210,6.5913,0.65,,1.8007,3.617,7.7587,562321.1111,432368.207
001298.SZ,20260210,1.8423,0.62,185.6036,5.6443,1.1352,0.1351,909054.0968,504123.4262
688510.SH,20260210,3.2251,0.8,93.9576,8.7608,14.7046,0.4926,1048990.3815,1048990.3815
301528.SZ,20260210,1.4185,0.88,69.2468,2.7291,21.1546,0.2404,417206.0,214668.7102
301167.SZ,20260210,2.6429,0.61,93.4239,2.2011,6.0518,0.3238,207536.0,131781.4613
001286.SZ,20260210,1.2692,0.72,12.6532,1.415,1.6336,3.6437,3705000.0,1037400.0
600203.SH,20260210,1.5942,0.95,,4.2379,0.6053,0.1614,734712.2336,734712.2336
000852.SZ,20260210,1.9392,0.62,395.1737,2.426,1.0551,,760950.2804,752808.0737
002390.SZ,20260210,1.6842,1.01,85.7022,0.9793,1.1528,1.7216,660909.6351,655458.1996
300708.SZ,20260210,4.1297,0.85,43.9272,3.2558,2.8371,1.121,918259.0108,694393.9404
301171.SZ,20260210,16.3229,1.05,118.9809,7.6421,8.1491,0.1911,2860572.3561,2308948.821
301662.SZ,20260210,9.7418,0.83,113.6107,9.9076,8.5781,0.5598,1429120.0,297039.4122
001309.SZ,20260210,3.815,0.79,,21.9987,6.8781,0.0901,5388718.6058,3821607.8122
603416.SH,20260210,1.5124,0.9,37.7142,3.4779,4.7039,2.5901,884219.0879,783531.615
000550.SZ,20260210,0.3824,0.53,13.0499,1.325,0.3958,3.9644,1550332.344,931159.8354
300173.SZ,20260210,2.2479,0.92,60.9611,3.5649,2.4766,,344586.3524,344586.3524
002455.SZ,20260210,1.755,0.06,743.6219,4.5967,1.3524,0.4451,801060.3515,699921.6275
600512.SH,20260210,1.265,0.69,147.0968,0.639,1.024,0.7937,401640.3667,400026.1011
601877.SH,20260210,0.752,0.59,14.4151,1.5025,1.0181,1.9589,6567249.1907,6567249.1907
600126.SH,20260210,3.5381,1.46,,1.5638,0.5005,,3049601.7419,3049601.7419
300151.SZ,20260210,2.117,0.78,129.8548,5.7748,8.9607,0.4456,896212.3558,620236.1819
000726.SZ,20260210,1.3157,0.81,9.9101,0.6453,1.0344,2.6385,619518.6454,446551.2833
002813.SZ,20260210,1.466,0.84,,13.8806,8.3197,,346440.0,346024.4885
002274.SZ,20260210,1.8312,1.12,,1.0924,0.907,4.8154,593323.1745,584280.008
601228.SH,20260210,0.3398,0.84,29.3753,1.2367,1.7188,1.1207,2625496.9101,2625496.9101
601326.SH,20260210,0.4019,0.67,12.1652,0.9697,2.8065,2.4148,1966769.024,1674660.768
300587.SZ,20260210,2.3041,1.18,,3.2617,4.9141,0.4477,781557.8158,633266.3816
688070.SH,20260210,1.3196,0.57,,8.654,8.8136,,521101.0,521101.0
002109.SZ,20260210,1.2074,0.8,,1.3495,1.5153,,550072.3058,550072.3058
300035.SZ,20260210,1.6735,0.66,27.3673,2.9085,1.8764,1.2013,1426372.9024,1213947.4585
688128.SH,20260210,0.4643,0.8,22.6084,3.6396,2.5267,2.5193,1204196.5,1204196.5
300137.SZ,20260210,1.9149,0.72,,3.3605,5.5914,,548387.0186,541694.8563
603890.SH,20260210,1.9394,0.89,22.7684,2.1738,1.6496,0.9398,686196.9255,686196.9255
601827.SH,20260210,0.3996,0.85,11.6307,1.2339,2.6084,2.7904,1467957.4374,1467957.4374
301267.SZ,20260210,0.5728,0.77,36.2317,2.6999,3.8848,1.6136,1599360.0,1234638.1052
300514.SZ,20260210,1.9453,0.73,25.3849,2.7406,3.7543,2.0718,289600.0,232054.0546
600825.SH,20260210,5.9113,3.13,174.3627,3.0776,5.1998,0.1662,754409.0277,754409.0277
688202.SH,20260210,3.1326,0.77,,4.4413,8.4933,,916416.2471,916416.2471
000633.SZ,20260210,1.9675,0.61,187.7936,15.0133,8.2319,,294991.4817,294989.2986
002757.SZ,20260210,10.1513,0.72,,3.2993,2.0695,1.5702,658571.2301,628698.1899
920719.BJ,20260210,1.5179,0.73,,2.2654,4.9773,,115156.5358,90540.5599
002007.SZ,20260210,0.5195,0.63,29.9754,2.719,6.6633,4.4987,2843522.5723,2448681.6797
301367.SZ,20260210,1.7186,1.46,35.4744,2.5028,7.1066,0.4766,745920.0,582280.162
002084.SZ,20260210,2.0667,0.68,,1.9672,1.0003,,273927.761,273325.0034
920438.BJ,20260210,5.5523,0.76,231.0019,7.7672,14.4591,0.1836,769286.97,741436.952
300072.SZ,20260210,1.1165,0.69,,1.7874,4.2641,,1078521.6186,1070094.8229
000825.SZ,20260210,0.851,0.69,197.5085,0.842,0.2998,,2791161.42,2791161.42
300332.SZ,20260210,1.6431,0.72,53.3901,1.1162,1.7274,,474952.4205,455643.0062
301045.SZ,20260210,6.7228,1.13,138.5614,4.3819,7.4275,0.1228,449216.3538,260436.9108
688116.SH,20260210,1.1072,0.62,64.7627,4.6185,12.1222,0.3133,1707672.6858,1707672.6858
300181.SZ,20260210,1.8639,0.59,20.3029,3.8837,4.304,3.432,1210594.5402,1040624.2462
603637.SH,20260210,2.7749,0.79,34.1784,3.0736,6.5367,1.506,316974.8447,316974.8447
000968.SZ,20260210,2.151,0.67,18.6374,1.2087,3.5918,0.3886,746912.0535,746912.0535
605179.SH,20260210,0.6469,0.64,212.259,7.2436,2.8746,0.1966,816035.0,816035.0
600089.SH,20260210,2.701,0.48,26.4335,2.0443,1.4293,0.8922,14066974.5177,14066974.5177
600756.SH,20260210,3.8024,1.21,,2.5958,3.9441,,616745.1203,571710.2003
300327.SZ,20260210,5.2116,1.11,97.3098,5.6303,7.3918,0.6894,984852.9462,977738.7064
002679.SZ,20260210,1.7088,0.51,194.1538,3.8412,18.634,0.3063,281728.42,281728.42
603313.SH,20260210,1.5959,0.68,33.7159,1.4857,0.6033,,547763.4096,547763.4096
688605.SH,20260210,2.4309,0.96,66.6613,8.2923,10.8296,0.3025,1337933.228,716313.287
301047.SZ,20260210,0.4782,0.66,68.1043,1.7138,13.6991,6.7249,904369.1768,889081.9171
002176.SZ,20260210,1.3751,0.55,,4.6084,6.8461,,1564700.5578,1564419.5294
600713.SH,20260210,0.8873,0.75,13.8116,1.052,0.136,3.035,733002.0404,722311.6538
002213.SZ,20260210,4.496,0.73,,10.9552,5.4466,0.0812,613423.5484,533997.3936
603071.SH,20260210,0.251,0.64,11.5383,1.3599,0.1864,5.1433,759375.9956,759375.9956
000531.SZ,20260210,1.0338,0.65,15.6668,0.9578,1.5978,2.1844,661289.8458,577688.3849
920169.BJ,20260210,9.0715,0.73,90.3132,9.3663,15.245,0.2628,310999.5464,195541.5283
301578.SZ,20260210,3.5689,0.86,83.3763,3.2168,3.4876,1.0419,299458.8119,85149.3825
300111.SZ,20260210,3.1884,0.88,957.0544,8.8355,20.0571,,607563.457,607563.457
300607.SZ,20260210,2.9498,1.11,,5.0965,6.2469,,1451904.0221,1010758.3858
002011.SZ,20260210,1.1528,0.82,11.765,2.1363,1.0487,,1370213.3522,1350938.1152
601998.SH,20260210,0.0881,0.6,5.965,0.5819,1.9825,4.7583,42123387.8338,30857590.4603
002413.SZ,20260210,17.944,0.81,,5.7272,13.0221,,1926237.4585,1891328.5256
300145.SZ,20260210,1.2752,0.73,34.7964,2.9654,1.7103,,871789.8843,867516.2289
002690.SZ,20260210,0.8545,0.49,24.1321,6.3584,7.1398,3.5643,1732697.5596,851879.1375
002244.SZ,20260210,1.1332,0.65,10.9802,1.2219,0.3868,0.7027,3631055.0196,3134444.559
300753.SZ,20260210,6.3106,0.53,,6.1747,11.0289,0.1951,419865.888,292814.0899
605155.SH,20260210,3.0089,1.1,29.952,2.7869,4.2023,1.276,369205.333,360579.005
300037.SZ,20260210,1.7064,0.69,38.6913,3.7549,4.3486,0.7793,3825115.4115,2739474.8137
002403.SZ,20260210,0.8093,0.95,,2.6301,1.5236,0.1455,421369.9222,367588.7186
001217.SZ,20260210,19.6924,5.77,170.5892,2.2345,2.569,0.6605,502451.18,497474.6953
000680.SZ,20260210,0.967,0.56,15.5883,3.383,1.3276,0.7183,1974187.6774,1730147.5741
605318.SH,20260210,3.1925,2.44,,13.5457,15.0906,0.4308,875451.222,875451.222
603231.SH,20260210,1.8512,0.51,21.5814,1.9363,2.3177,1.5106,380237.7825,211044.2403
300967.SZ,20260210,7.8556,0.65,16.7406,4.8286,2.9304,0.9383,395775.2742,263159.4659
301328.SZ,20260210,1.9757,0.95,58.7884,2.9966,8.7827,0.9438,582216.261,267637.964
301027.SZ,20260210,3.5304,0.8,141.1211,2.903,4.062,,276507.0,222413.7588
300969.SZ,20260210,8.9603,1.56,98.2844,12.7499,18.7856,0.1816,1761800.8194,790626.2621
301039.SZ,20260210,0.806,0.7,21.5526,1.2819,0.9228,2.8169,1862879.6735,1443712.935
600371.SH,20260210,4.0543,0.48,133.0445,4.895,12.1902,1.6322,268879.182,268879.182
300674.SZ,20260210,2.2012,1.15,41.5158,3.7213,4.3428,1.0848,1647493.5204,1645047.6003
600704.SH,20260210,0.6713,0.61,7.7593,0.7291,0.0499,5.4386,2947572.5373,2947572.5373
300539.SZ,20260210,1.927,0.72,177.0701,7.8103,10.0073,0.3314,907520.7409,584034.4446
000581.SZ,20260210,0.8209,0.79,13.0816,1.0052,1.753,4.8313,2007047.0987,1648067.9937
003002.SZ,20260210,1.4319,0.68,30.3309,3.6803,4.2698,0.5411,552000.0,504658.479
603709.SH,20260210,1.6951,0.67,,4.6376,1.5002,,240177.066,238333.1594
603809.SH,20260210,1.3604,0.95,35.0456,3.3003,4.6973,1.0637,1205578.3372,1205578.3372
603010.SH,20260210,1.3852,0.51,204.045,1.9574,2.1285,0.6475,707494.3116,707494.3116
600107.SH,20260210,1.6313,0.89,,5.118,9.5656,,233640.0,233640.0
603279.SH,20260210,0.9747,0.62,16.901,2.3594,1.8584,4.9617,1045540.622,1045540.622
002737.SZ,20260210,0.2768,0.54,,2.0492,3.9656,3.5162,830448.0,830448.0
002193.SZ,20260210,5.6953,0.68,,3.4023,5.4721,,186341.4716,186340.4036
603393.SH,20260210,1.222,0.66,10.9121,1.3584,3.2275,,1220893.4218,1218877.4333
301009.SZ,20260210,2.0389,1.01,98.9617,2.7522,3.28,0.5082,367011.0,203897.2878
002313.SZ,20260210,1.246,0.91,,281.7915,1.411,,377020.8,376994.2907
002385.SZ,20260210,2.7483,0.55,36.8338,2.0132,0.5886,0.7428,1728631.5831,1416679.3106
300652.SZ,20260210,1.7933,0.9,41.8331,4.5572,6.6879,0.2232,689495.8667,618821.9647
603609.SH,20260210,0.3513,0.71,36.9885,1.0455,0.1844,0.7441,674860.3118,674860.3118
002238.SZ,20260210,7.0022,1.06,,3.6068,5.905,0.5241,765641.4386,765641.4386
605183.SH,20260210,0.3271,0.58,15.6099,2.4072,3.9366,1.4231,872522.8382,865276.9756
001400.SZ,20260210,19.1301,0.9,62.18,5.6097,6.7419,0.6957,690000.0,172500.0
688038.SH,20260210,2.2675,0.68,,4.4025,11.542,,260443.6692,260443.6692
603128.SH,20260210,0.5238,0.7,20.9429,1.2894,0.4644,2.9146,781500.7569,781500.7569
688163.SH,20260210,2.6109,1.26,64.2143,2.6,14.8666,1.1839,292518.66,292518.66
300920.SZ,20260210,3.9566,1.83,121.9711,3.5958,9.6522,0.2346,426300.0,236090.5288
600536.SH,20260210,1.1565,0.8,,12.073,7.7717,,4255265.4633,3844539.9135
600268.SH,20260210,1.7697,0.58,28.6299,3.7234,1.3041,1.1131,1277965.4387,1271625.8672
300588.SZ,20260210,4.7686,2.37,,19.3062,29.0718,,529034.4559,488559.2689
600009.SH,20260210,0.4469,0.49,32.9134,1.8757,6.0413,1.6294,7788419.8152,6404854.882
920419.BJ,20260210,0.6176,0.67,24.3282,2.6566,1.9507,0.6447,160228.2264,149854.9817
603028.SH,20260210,2.029,0.6,,5.6722,1.598,,290484.48,287600.28
688691.SH,20260210,8.7357,1.27,,13.1739,23.7729,0.1235,1652400.0,984073.1877
603112.SH,20260210,0.9791,0.65,17.6958,2.2529,2.3539,1.8984,946918.9969,885613.3509
002421.SZ,20260210,3.3549,1.51,,2.1489,2.5553,0.1661,638295.0733,604014.444
600736.SH,20260210,2.5696,0.9,47.4224,1.0933,1.4826,0.2539,816266.6711,816266.6711
688311.SH,20260210,2.5579,0.76,,4.8256,25.3909,,763198.518,763198.518
601007.SH,20260210,2.5427,0.86,104.208,2.0733,1.8596,0.8314,328380.0,328380.0
600059.SH,20260210,1.9087,0.62,45.1801,1.5989,5.076,0.7843,929773.2613,929773.2613
000932.SZ,20260210,0.824,0.64,15.2108,0.7597,0.3306,1.6294,4214265.8244,4214213.4156
002841.SZ,20260210,0.7834,0.97,30.0701,2.0769,1.1695,1.7279,2729080.8729,2044195.4938
300696.SZ,20260210,4.2944,1.08,230.4021,4.9244,20.6245,,931933.333,845253.6317
600479.SH,20260210,6.4953,4.12,18.759,1.7819,1.4856,2.7903,539954.3876,459102.3073
688287.SH,20260210,0.5962,0.55,,2.5998,22.0274,,199337.3928,199337.3928
001222.SZ,20260210,1.2217,0.91,24.9814,3.0645,2.6291,0.6473,436565.43,245646.4413
300338.SZ,20260210,4.5204,0.76,,,11.2222,,161049.8768,139744.4968
002222.SZ,20260210,2.4606,0.57,121.1649,19.1363,30.9327,0.2888,3256481.25,3241950.6195
002240.SZ,20260210,4.0405,0.93,,3.1004,7.7925,,3255700.3027,3247216.3242
603055.SH,20260210,0.4429,0.7,15.7768,1.612,1.2499,2.6818,829753.2512,826730.9616
600285.SH,20260210,0.7621,0.45,15.6529,3.8532,3.3085,4.0779,1251623.8776,1248865.1276
002062.SZ,20260210,1.8434,0.86,44.8597,2.4489,2.1044,0.986,1242219.9726,1129199.7638
600854.SH,20260210,1.1827,0.75,23.5408,1.1464,29.0134,2.2181,281027.0691,281027.0691
688308.SH,20260210,6.0552,1.42,458.0138,3.3032,6.7837,0.2774,851705.0817,851705.0817
000626.SZ,20260210,0.9884,0.83,,1.6589,0.0464,,394155.7002,391891.4533
603042.SH,20260210,13.2305,0.75,,3.5906,3.5412,,309777.8014,309777.8014
688377.SH,20260210,1.2539,1.4,75.0715,4.498,6.9624,0.3244,837068.1,837068.1
002017.SZ,20260210,1.9966,0.77,72.2519,7.4875,10.3428,0.7187,1324545.6163,1323755.9827
000525.SZ,20260210,13.7373,2.68,93.0107,3.1715,3.1735,,835324.6248,712638.1632
300351.SZ,20260210,1.9423,0.88,71.5238,2.7571,3.0834,0.3377,689139.6086,466763.4344
001331.SZ,20260210,4.0483,0.66,4691.5734,10.2876,3.0157,,1557964.8,926673.7481
688327.SH,20260210,4.3305,1.29,,17.5034,31.5689,,1661677.632,1333505.664
300139.SZ,20260210,14.6658,0.57,192.4115,14.3615,32.3793,,1591392.0,1357092.7788
600171.SH,20260210,1.1719,0.66,61.7218,4.9623,7.0527,0.5405,2229563.7879,2229563.7879
601579.SH,20260210,2.5826,0.67,50.076,2.7505,5.6173,1.8806,1000640.1346,1000640.1346
600476.SH,20260210,3.2368,0.41,,20.6996,3.3441,,235162.2,235162.2
300492.SZ,20260210,1.0022,0.94,89.603,51.7787,4.8868,0.6851,1547289.8833,1547289.8833
600352.SH,20260210,3.7833,1.02,25.2397,1.5328,3.5026,2.7968,5234610.9627,5234610.9627
688230.SH,20260210,0.621,0.34,79.2213,3.7039,21.3654,1.1187,840957.6,840957.6
600706.SH,20260210,5.2009,1.4,117.0879,4.5495,3.1162,,288727.6766,287562.1694
300260.SZ,20260210,2.5925,0.9,125.4399,10.4734,7.399,0.1118,2176872.4422,1535406.0124
301517.SZ,20260210,4.4183,0.8,,7.3759,17.2655,0.0612,988185.0409,641358.3607
301193.SZ,20260210,1.462,0.55,,3.0055,1.8558,,458083.9982,325009.0982
300101.SZ,20260210,3.5137,0.89,255.4898,8.5704,16.2997,0.2627,1579913.6574,1574732.7805
000669.SZ,20260210,1.366,1.12,,,1.7367,,219772.0414,219772.0414
605389.SH,20260210,0.8838,1.29,94.167,5.0787,11.1976,0.9704,1069126.0594,1011099.3592
600477.SH,20260210,20.7973,3.12,88.0959,1.988,1.2806,1.4524,990766.7431,990766.7431
000928.SZ,20260210,2.0521,0.79,12.8431,1.1411,0.678,4.4494,964081.1853,964069.3917
688711.SH,20260210,2.0497,0.69,,6.3199,4.925,,657391.2664,657391.2664
920833.BJ,20260210,0.9288,0.61,40.9227,2.2486,3.0848,2.0921,137788.28,104494.3253
601991.SH,20260210,0.6693,0.69,10.0863,2.0089,0.562,3.1649,6847482.8865,4586552.9692
002129.SZ,20260210,11.8911,1.22,,1.8179,1.6669,,4568720.8235,4565244.9661
300645.SZ,20260210,2.0145,0.83,327.8909,2.7861,2.3745,0.0964,287907.7082,282263.1284
600572.SH,20260210,1.5709,0.74,16.6617,1.6221,1.7427,3.2991,1146317.9869,1143270.6694
300386.SZ,20260210,1.459,0.85,,4.7766,9.6673,,703986.096,422275.8877
600233.SH,20260210,0.2884,0.66,15.4929,1.8381,0.8309,2.0076,6133253.8104,6133253.8104
603319.SH,20260210,3.3844,0.98,84.4115,5.1442,5.9847,0.4995,1269776.3944,1269776.3944
603110.SH,20260210,3.2618,0.84,775.0093,4.9583,8.3394,0.2915,345103.8454,345103.8454
600667.SH,20260210,4.5269,0.49,34.4778,2.334,0.6088,0.9903,2020429.7439,2020429.7439
920278.BJ,20260210,2.106,0.93,61.3245,4.3015,5.0415,2.1209,164553.5,69827.264
688416.SH,20260210,6.0107,0.67,,6.3036,19.3237,,801004.8989,630267.8735
002218.SZ,20260210,27.7385,1.08,,2.6467,10.5524,0.1311,1073895.6172,1058222.6692
603178.SH,20260210,0.5223,0.64,,3.4317,2.3999,0.2269,416794.1462,416794.1462
920493.BJ,20260210,7.0596,1.52,567.2592,23.4704,10.365,,989802.8067,726013.7185
600731.SH,20260210,2.9499,1.95,16.1298,1.339,1.891,2.635,424085.4937,411137.1427
603600.SH,20260210,0.845,0.63,14.8457,1.7044,0.8059,3.901,390241.5738,354344.9182
301273.SZ,20260210,2.0094,0.69,,2.4604,6.6351,,226746.2717,174031.2186
002771.SZ,20260210,4.7223,1.25,,5.5034,6.6859,0.0631,339188.5497,282190.1971
920427.BJ,20260210,9.5944,0.98,120.561,4.5274,16.0446,1.0042,148869.18,73511.1722
600594.SH,20260210,1.8038,1.2,,1.3676,1.7235,,328649.871,328649.871
603993.SH,20260210,0.9698,0.58,24.6915,6.2101,2.3677,1.1308,48244169.4469,39374199.1069
301037.SZ,20260210,2.7462,0.94,,3.5956,1.2398,,228150.9967,111584.3652
600060.SH,20260210,0.5171,0.38,12.3658,1.5518,0.5223,3.6214,3171082.5772,3159409.992
603156.SH,20260210,0.2687,0.58,23.6184,4.2357,6.6395,6.1569,3807298.5269,3807298.5269
601598.SH,20260210,0.2536,0.49,11.2788,1.1118,0.4488,4.8939,4254034.4776,3058379.8446
300275.SZ,20260210,1.8437,0.81,80.656,4.1743,8.4581,0.2302,394246.487,347470.6598
920608.BJ,20260210,0.7142,0.52,34.9477,2.4803,7.834,1.5907,117384.64,74330.966
301630.SZ,20260210,2.4353,1.02,52.3418,4.2534,6.2574,,712000.0,178000.0
301500.SZ,20260210,9.2086,0.56,73.043,2.306,0.7636,0.4842,1079509.7978,276721.3332
300598.SZ,20260210,1.6598,0.73,,6.5406,4.4972,,970125.364,969853.6792
600577.SH,20260210,3.2564,1.16,51.3962,5.1213,1.2773,0.5606,3067002.6662,3067002.6662
688798.SH,20260210,1.3888,0.66,50.9627,4.3106,6.5522,0.4272,1797421.7836,1046580.3804
601011.SH,20260210,3.4726,0.61,,1.1941,10.7183,,687723.5695,687723.5695
300129.SZ,20260210,6.0897,0.81,60.4483,2.6165,2.6953,0.3722,1506931.56,976727.1428
600185.SH,20260210,6.5546,1.44,,26.2409,2.8158,,1502349.6186,1502349.6186
600738.SH,20260210,1.8871,0.74,51.9852,2.0636,6.7137,0.262,421018.3855,420648.4064
603999.SH,20260210,5.3177,1.49,72.7246,2.4974,5.9897,0.372,510912.0,510912.0
600751.SH,20260210,7.0264,1.81,114.2574,1.6539,9.4432,,1252513.9223,1111617.6705
920270.BJ,20260210,1.8683,1.0,39.4285,4.754,8.3938,2.6969,193958.064,150411.8997
002622.SZ,20260210,1.8305,0.8,,7.0546,3.4116,,257040.0,257032.4265
002916.SZ,20260210,1.3023,0.73,61.8844,9.4196,7.7752,0.4578,16803698.7321,16400184.3221
600576.SH,20260210,5.4469,1.82,38.2719,2.4817,6.7992,,737129.3596,461612.668
600775.SH,20260210,4.0961,0.74,,4.3609,5.5459,,1318668.9973,969462.9973
300092.SZ,20260210,1.5449,0.56,52.9894,2.6548,4.2284,1.5121,431155.2286,330329.4869
600710.SH,20260210,1.2612,0.52,11.2816,1.7972,0.1298,3.1538,1528896.8378,1528896.8378
688519.SH,20260210,5.6334,2.54,149.7081,8.1825,4.9717,0.0991,2277278.7194,2277278.7194
300818.SZ,20260210,4.0037,0.5,117.3961,3.799,7.5212,0.1717,688085.9065,446359.7937
600798.SH,20260210,1.4379,0.59,,1.1654,1.6515,0.5305,454863.3938,454863.3938
300464.SZ,20260210,3.9148,0.98,,23.2764,2.251,,323220.6821,250871.9286
601528.SH,20260210,0.7552,0.6,5.4482,0.5662,2.4731,3.5907,1092923.897,966092.2917
601588.SH,20260210,1.5217,0.83,,0.8412,0.9325,,632999.76,500080.0
301201.SZ,20260210,3.7843,1.74,,2.7666,15.7334,0.5142,589150.2418,413336.7096
603967.SH,20260210,0.4332,0.57,17.3728,1.9222,0.4839,4.6261,449626.7229,449626.7229
000159.SZ,20260210,4.3255,0.92,99.0092,1.6226,2.287,,330711.9632,330702.9332
001396.SZ,20260210,14.1641,1.54,36.8675,3.5424,6.4965,,489078.5532,101597.6838
688030.SH,20260210,1.4532,0.91,,3.863,3.1852,,321720.9173,321720.9173
002418.SZ,20260210,2.006,0.65,,3.7554,1.9118,,540926.4,540925.1329
603660.SH,20260210,2.4008,0.86,,6.0769,4.469,,595362.7716,590923.4477
301189.SZ,20260210,2.2296,0.49,,2.368,6.0416,,497711.2843,477876.6649
600778.SH,20260210,9.5669,0.63,387.7042,10.3206,1.6113,,237356.4102,237145.7401
688665.SH,20260210,0.619,0.86,33.1626,4.6567,4.9824,0.6668,525391.2067,525391.2067
300881.SZ,20260210,8.0189,1.46,27.2316,4.596,1.6564,2.175,502590.0,262289.1563
002120.SZ,20260210,0.6922,0.78,16.2081,0.9842,0.3965,2.887,2003347.9401,1945254.5937
688680.SH,20260210,3.7518,0.44,,4.3879,3.8596,,543634.5748,543634.5748
600817.SH,20260210,0.9723,0.82,22.4602,2.6789,1.7285,3.1792,636765.3891,631917.7491
920810.BJ,20260210,1.1401,0.8,,5.3807,12.904,,124861.8,81254.6236
301315.SZ,20260210,9.1183,1.29,130.712,5.5552,23.9857,0.623,565048.0,237577.0
000628.SZ,20260210,3.3878,1.12,491.7524,8.1184,2.9697,0.1089,1779718.56,971189.3314
003029.SZ,20260210,13.7112,5.63,,4.7498,14.3447,,512706.3611,458731.5257
300571.SZ,20260210,11.9116,2.5,,3.0958,4.7098,,449839.2199,372814.2522
000338.SZ,20260210,1.9263,0.81,18.9897,2.4804,1.0057,2.7114,22559461.9753,12963423.1868
688512.SH,20260210,1.4783,0.65,,3.2072,7.8438,,555543.8221,386238.6522
002735.SZ,20260210,5.6968,0.88,,3.9758,3.0671,0.0722,687993.802,505114.7815
603096.SH,20260210,5.0564,3.76,46.1007,1.6729,4.7383,3.9663,311091.2366,311091.2366
688596.SH,20260210,1.3168,0.63,36.4752,2.7058,1.8543,0.8385,975338.7707,975338.7707
301491.SZ,20260210,2.7161,0.77,33.4965,3.4984,4.676,,731559.0,162096.745
300547.SZ,20260210,2.4584,0.85,39.813,5.9881,5.1837,0.7827,765244.9819,623161.3334
603391.SH,20260210,12.9464,0.95,32.4781,3.1808,6.7125,1.7091,665574.0,166393.5
003043.SZ,20260210,3.1957,1.02,112.084,4.1326,7.3456,0.3997,713317.9615,446793.0917
300062.SZ,20260210,5.6351,0.69,,3.3907,4.9335,,544895.8251,396557.7363
600761.SH,20260210,1.1272,0.43,14.9161,1.8691,1.0598,3.1208,1997823.8629,1997823.8629
300070.SZ,20260210,0.8266,0.86,675.3786,0.5436,1.8096,0.098,1478677.4201,1375709.9844
300981.SZ,20260210,2.052,3.55,,1.0816,2.3396,1.6729,580683.1545,532169.2262
300407.SZ,20260210,4.5784,1.07,45.3296,2.2715,1.6831,0.7219,436855.2729,352081.5016
301307.SZ,20260210,3.1028,0.65,,2.6082,1.9159,,745313.4,385721.414
601727.SH,20260210,0.8911,1.11,129.6549,2.544,1.1338,,13737467.5262,11152225.4382
600897.SH,20260210,1.6517,0.5,16.7162,1.5741,3.7427,1.7967,742559.454,742559.454
002131.SZ,20260210,14.4508,0.74,115.5958,4.2824,2.8592,0.3991,5654435.217,4884519.4081
002008.SZ,20260210,2.0032,0.69,45.701,3.0464,2.9787,0.6971,5169638.7116,4803711.3094
002717.SZ,20260210,4.1777,1.18,,3.5627,9.8875,,305799.2377,271353.6118
601211.SH,20260210,0.3309,0.47,13.8824,1.1397,5.8892,2.1177,35504656.6196,27176902.4961
300258.SZ,20260210,2.128,1.21,58.206,1.6721,3.8474,0.5215,788643.6836,768212.9844
001255.SZ,20260210,3.5902,0.69,436.2106,3.9628,8.315,0.0896,350666.7906,286000.4
300978.SZ,20260210,2.1073,0.83,35.9845,3.2263,2.5088,3.2258,524151.3964,237112.0324
688786.SH,20260210,1.255,0.77,59.0557,5.9629,10.4093,0.6729,445204.8093,445204.8093
600711.SH,20260210,1.9873,0.49,23.7061,2.8426,1.5967,0.9685,4756451.177,4756451.177
603719.SH,20260210,1.273,0.88,,2.3454,0.8145,2.1066,473982.0,473982.0
300730.SZ,20260210,4.1478,1.07,,13.1022,12.8246,,328431.2458,263300.5856
000100.SZ,20260210,2.244,0.92,32.5605,1.6489,0.5653,0.9837,10046816.5619,8740728.2678
300272.SZ,20260210,2.5855,1.63,48.9104,3.2956,2.5892,2.2027,463493.8598,352069.7874
002969.SZ,20260210,7.2611,1.01,225.067,11.3226,10.5567,0.0853,3335268.4087,3316615.6313
688337.SH,20260210,2.487,1.25,112.4706,2.6103,9.7709,0.9462,819119.4118,785499.1645
688091.SH,20260210,2.0561,1.13,176.2389,7.9045,35.6461,,1130255.5035,1130255.5035
002662.SZ,20260210,2.8861,1.43,27.2612,1.458,2.2414,1.6822,642000.0,641991.9108
600482.SH,20260210,2.3009,1.69,36.2576,1.6847,1.2002,0.8963,6726998.4925,6726998.4925
603713.SH,20260210,0.9832,0.69,17.4211,2.2478,0.7894,1.0749,1044746.3443,1044746.3443
301210.SZ,20260210,11.1223,0.91,85.3032,2.4927,2.8789,0.7758,454904.2916,172508.2905
300798.SZ,20260210,17.6371,0.98,,2.7545,3.9371,0.1013,462760.2245,376448.4534
688538.SH,20260210,1.1284,0.9,,4.5032,6.6025,,3631882.0954,1512837.9957
002888.SZ,20260210,5.0383,0.99,191.6732,8.5022,11.0952,0.9315,323339.0723,164081.4138
301173.SZ,20260210,2.1506,0.79,25.8794,2.829,1.7581,0.4813,416073.315,84120.6313
000791.SZ,20260210,1.0934,0.87,8.1618,1.4585,1.6209,2.7439,2127958.8708,1269767.8916
002625.SZ,20260210,0.7944,0.78,140.5284,10.6144,53.7432,,10128717.5393,10128672.8798
600373.SH,20260210,7.2793,5.94,33.3444,0.7951,1.768,4.0248,1386432.1219,1386432.1219
300507.SZ,20260210,1.8975,1.43,67.6851,3.6366,3.0957,0.6205,770222.3245,745542.0616
605338.SH,20260210,0.9455,0.5,26.0804,3.0461,3.8299,2.6918,711992.1195,711992.1195
603489.SH,20260210,1.1276,1.16,86.5707,2.5548,4.9921,0.3409,688134.5324,688134.5324
301303.SZ,20260210,3.2911,0.62,19.4225,1.9508,3.8071,2.1793,656532.8,163386.1129
002158.SZ,20260210,1.2051,1.03,26.718,3.2668,4.6186,2.178,1423970.3822,1420942.5778
688356.SH,20260210,1.3029,0.87,157.912,4.6124,23.7438,0.1516,598622.409,598622.409
002637.SZ,20260210,2.1718,0.69,38.5554,1.6898,0.4943,0.8661,637863.756,600332.5914
601005.SH,20260210,1.3686,0.75,,0.8038,0.5125,,1318912.8013,1238731.8485
920171.BJ,20260210,4.3693,1.48,,10.7787,11.3117,,226627.3443,152611.0109
688443.SH,20260210,1.7255,0.71,,5.9437,47.1943,,1062638.64,338138.64
301390.SZ,20260210,2.8325,0.52,94.9066,2.4581,3.5891,0.2542,234300.0,119789.4676
300029.SZ,20260210,2.1471,0.68,,,12.4927,,112083.1335,112001.3798
002910.SZ,20260210,6.4463,0.63,,2.3445,2.8121,,244619.7231,213998.4995
603357.SH,20260210,0.7636,0.91,10.6298,1.2301,1.5093,4.1916,468082.554,463928.4708
688233.SH,20260210,3.7763,0.96,172.8867,7.9012,36.2482,0.0866,1466672.9984,1466672.9984
600563.SH,20260210,1.6302,1.1,20.8591,4.1968,4.5542,1.8725,2403225.0,2403225.0
688016.SH,20260210,0.8685,0.62,32.3018,3.2119,9.7513,1.6357,1220418.2204,1220418.2204
603630.SH,20260210,1.5168,0.6,,2.4249,5.4751,0.4329,463245.8211,463245.8211
300709.SZ,20260210,2.5143,0.65,42.7051,3.1778,2.5592,0.2806,729420.5895,585189.5991
600981.SH,20260210,1.1081,0.79,46.7947,1.521,0.1347,0.2907,771397.018,771397.018
920260.BJ,20260210,0.7751,0.64,32.1254,2.7379,4.1627,1.7528,118150.55,112750.1502
601003.SH,20260210,0.482,0.5,24.4771,1.4482,0.1927,,1307024.532,1307024.532
601001.SH,20260210,1.4001,0.7,13.6578,1.4049,2.0125,4.7845,2641098.6,2641098.6
300832.SZ,20260210,0.4547,0.82,25.5196,4.8141,9.255,2.4263,4209881.25,3654141.871
600400.SH,20260210,1.9044,1.51,,2.3775,3.4578,,554511.9882,554511.9882
688213.SH,20260210,1.6462,0.72,45.7444,7.6527,4.6378,0.2946,3746280.6888,3012520.2405
301393.SZ,20260210,2.0228,0.64,42.4489,2.4898,10.411,0.7365,581364.0,226650.0038
600111.SH,20260210,3.3887,0.96,90.5672,8.1155,4.6486,0.0653,19383983.0448,19383983.0448
688410.SH,20260210,1.0235,0.55,48.6879,3.1407,7.5283,0.5788,552269.8748,552269.8748
300621.SZ,20260210,1.9805,0.93,,2.2545,0.2323,0.1073,193908.8444,188757.0401
300919.SZ,20260210,0.8078,0.58,42.0392,2.2766,1.2178,1.2263,5280058.0446,4622706.5091
301125.SZ,20260210,3.0135,1.37,479.8681,4.8756,4.9836,0.1439,294856.4736,266471.7536
600776.SH,20260210,3.2278,0.75,56.8153,6.1856,9.1677,0.3276,2338672.1192,1780072.1192
600231.SH,20260210,0.6505,0.79,,1.4149,0.4175,,666812.053,658462.933
301102.SZ,20260210,5.283,1.64,128.1285,1.7836,8.8629,0.1514,536326.0,536326.0
600155.SH,20260210,0.8449,0.85,95.0692,0.7542,4.6747,,1507422.4268,1507422.4268
600110.SH,20260210,1.8724,0.98,,2.0046,1.855,,1179923.0338,1179923.0338
300266.SZ,20260210,2.0974,2.07,,118.8842,3.8127,,403989.9016,403747.9846
000705.SZ,20260210,2.1832,1.13,68.2819,1.5982,1.2082,0.6218,322428.971,272092.1247
603439.SH,20260210,0.9023,0.93,31.1248,3.3921,2.8813,2.7521,500121.6542,493896.5842
300204.SZ,20260210,6.0973,1.0,,15.0915,53.7666,,1313874.5263,1247577.3778
300328.SZ,20260210,2.0843,0.63,,10.0042,6.7148,,1095702.2532,1089263.9926
688151.SH,20260210,0.5025,0.75,,1.7812,13.9505,0.2004,746187.0,746187.0
603768.SH,20260210,0.828,0.85,,1.2395,0.8291,0.4737,291257.969,291257.969
002155.SZ,20260210,7.2461,0.55,43.9114,6.954,1.1046,0.521,5306763.8691,5306284.8328
300027.SZ,20260210,17.236,2.63,,24.8802,23.2967,,654783.3969,586454.9937
688215.SH,20260210,1.2178,1.23,246.5028,9.7093,10.7852,0.1165,445265.1778,445265.1778
600800.SH,20260210,3.6094,1.04,,4.1194,1.1613,,489529.9403,489391.0253
600716.SH,20260210,1.0533,1.01,,0.8057,3.5811,,405314.2355,405314.2355
002701.SZ,20260210,0.7401,0.72,13.3588,1.5095,0.698,2.0797,1476981.7906,1475623.1241
300979.SZ,20260210,0.1371,0.55,17.2063,3.7899,2.3461,6.5205,5906187.0,5906135.3778
600489.SH,20260210,1.366,0.36,32.855,4.9759,1.9769,1.2946,14527395.7543,14527395.7543
920014.BJ,20260210,6.0052,0.63,36.7417,2.0161,2.5958,1.5795,155245.4906,85418.2577
003027.SZ,20260210,2.2204,0.8,36.9328,1.7635,3.4189,1.2734,301055.5296,241494.8093
002542.SZ,20260210,1.3155,1.17,,11.9568,6.0566,,624916.3913,608534.8643
300608.SZ,20260210,4.5475,1.37,,3.1872,5.3924,,425642.9811,369535.9567
300889.SZ,20260210,3.9222,1.03,,3.6492,4.8967,,534050.669,354939.9241
603108.SH,20260210,6.0911,1.77,,2.4319,1.3559,0.1804,1003922.7619,1003922.7619
002850.SZ,20260210,4.0051,0.9,30.1736,3.9195,3.5241,1.1055,4948153.9942,3568289.5399
002777.SZ,20260210,3.4164,1.36,83.5469,4.9145,5.9804,0.7538,812379.7656,804977.8671
600211.SH,20260210,0.5526,0.57,14.0629,3.8853,5.072,3.7585,1379848.4781,1379848.4781
688345.SH,20260210,1.5369,1.44,,3.4652,1.4467,,382547.409,378200.0
600239.SH,20260210,1.0808,0.73,,3.0171,2.0493,,386970.5451,386970.5451
000759.SZ,20260210,2.2498,0.44,,3.9251,0.5404,,475648.8576,470796.926
000539.SZ,20260210,0.5526,0.63,313.3223,1.0843,0.4853,0.4132,2541137.4492,1236807.2591
002818.SZ,20260210,0.7313,0.74,14.2,1.6012,6.921,8.821,882433.0903,351763.1282
000548.SZ,20260210,1.7786,0.95,62.732,1.3953,5.8239,0.8651,288546.7388,288522.5714
301211.SZ,20260210,1.4934,0.91,143.767,2.4066,12.622,1.3242,543715.2,543715.2
920368.BJ,20260210,11.2798,1.04,275.7501,3.8392,4.9494,0.2174,1619985.036,1541199.0696
002339.SZ,20260210,13.6314,0.73,137.3095,3.6974,2.1761,0.1582,637172.6343,605195.1155
300522.SZ,20260210,1.0914,0.81,786.4832,5.0231,5.6881,0.3192,404031.7383,329671.3431
301096.SZ,20260210,2.664,1.07,,2.0933,9.1682,,541226.1472,410210.4719
920961.BJ,20260210,2.5575,0.86,269.5254,5.0973,17.2496,0.1821,392097.1945,279022.5851
688353.SH,20260210,2.395,0.73,,4.9117,22.7951,,1622115.0,1622115.0
002989.SZ,20260210,1.044,0.63,,3.7921,18.8094,,567524.6677,516071.394
301153.SZ,20260210,1.4576,1.03,246.9225,4.9041,11.8679,0.7635,824964.656,769739.7587
002880.SZ,20260210,3.2705,0.57,28.2562,2.7804,5.6681,0.702,646153.2,646153.2
603031.SH,20260210,6.3221,0.94,78.2612,5.0019,3.2409,0.5413,1507759.3895,1234629.76
002792.SZ,20260210,16.3612,0.73,1655.5798,9.0188,21.5402,0.0519,2511269.9278,1619530.5667
603040.SH,20260210,1.299,0.7,55.21,10.072,18.4188,1.0902,1430876.5255,1423413.115
300617.SZ,20260210,7.2156,0.67,65.9619,2.7712,9.1541,0.4925,799373.7711,670168.0446
600863.SH,20260210,0.5542,0.48,17.0836,1.7627,1.6979,4.0732,3525297.3677,3152486.8127
301159.SZ,20260210,9.5948,0.62,,6.4987,11.1306,,379092.35,259826.3925
688659.SH,20260210,1.6167,0.97,,3.2502,2.551,,174400.0,174400.0
301021.SZ,20260210,5.0006,1.31,195.2332,8.3362,16.867,0.1802,840690.334,840065.985
300102.SZ,20260210,12.5862,0.78,260.0684,8.3023,10.6432,0.1176,3516595.6905,3501334.712
300088.SZ,20260210,2.1921,0.94,46.7595,1.8693,1.4356,0.8945,1633517.7607,1625519.3851
002261.SZ,20260210,3.2982,1.32,,15.3665,12.3628,,4006264.0873,3643174.2536
000719.SZ,20260210,3.7058,1.02,10.3373,1.1396,1.4914,4.4021,1394626.7099,909322.1011
300568.SZ,20260210,2.1047,0.61,147.4527,1.9365,4.8801,0.3505,1900143.4223,1718605.6604
603068.SH,20260210,3.6427,1.87,307.2486,3.4023,6.5393,,572968.6955,572968.6955
000882.SZ,20260210,1.9456,1.0,,0.8064,4.4027,,544733.0375,544367.3389
001238.SZ,20260210,0.5326,1.0,,5.2082,3.8307,,595214.22,556795.9619
600493.SH,20260210,2.3553,0.74,355.7505,2.004,2.5327,0.7089,225216.0,225216.0
920489.BJ,20260210,2.1398,1.08,,4.8857,4.5466,1.0286,238803.6,151944.6758
301371.SZ,20260210,3.4746,0.54,28.3912,2.4007,7.2594,2.9827,1341348.216,200618.8626
001278.SZ,20260210,10.7386,1.02,,2.4941,1.4519,0.3937,314282.836,128357.6325
300888.SZ,20260210,0.5913,1.06,23.5781,1.7941,1.9079,1.9774,2061447.5203,2059210.0987
600176.SH,20260210,2.261,1.04,26.8271,3.0181,5.1497,1.7581,9335314.8497,9335314.8497
600637.SH,20260210,4.9139,2.43,81.6563,1.3445,5.2771,1.9263,4014108.3815,4014108.3815
300857.SZ,20260210,2.4846,0.86,90.208,19.1143,7.2604,0.0957,7511512.9288,7489979.1193
600032.SH,20260210,0.2583,0.61,35.2632,1.4598,3.8571,0.6616,1890074.8047,1890074.8047
300138.SZ,20260210,2.1277,0.79,19.7406,1.9848,0.971,0.9489,661847.1274,545689.21
300868.SZ,20260210,2.0441,0.98,,2.672,6.2573,0.1415,403048.8,254172.7157
688078.SH,20260210,1.1575,1.02,,3.0356,9.2302,0.4548,217950.07,217950.07
920017.BJ,20260210,0.7603,0.7,26.1502,1.4457,3.6091,0.8216,236307.506,233803.8242
920627.BJ,20260210,3.8252,0.91,76.4156,4.8218,3.0583,0.5208,217612.8,107798.4
301395.SZ,20260210,2.0258,0.59,67.7705,2.2987,1.5528,0.5635,354561.6395,200648.4395
002230.SZ,20260210,2.8249,1.0,157.015,7.4508,5.1584,0.1752,13145164.8452,12448077.8483
300984.SZ,20260210,2.2074,0.64,219.4993,8.907,7.4843,0.142,924514.515,581038.875
002387.SZ,20260210,2.3351,2.61,,3.1792,1.5697,,1276671.5833,1275026.6575
603918.SH,20260210,3.9273,0.95,,6.0854,7.931,,608999.3534,608999.3534
001229.SZ,20260210,2.0053,0.82,58.2449,3.914,18.7379,1.5133,396487.305,203869.4018
002540.SZ,20260210,1.735,0.73,22.6575,1.6999,1.1862,4.0191,922090.8897,642497.9082
600186.SH,20260210,2.7796,0.55,37.2524,5.6705,3.3764,,1081243.606,1073513.8395
300737.SZ,20260210,3.995,0.58,,1.8308,1.2894,4.7106,824707.9024,658970.5056
600708.SH,20260210,2.5253,1.7,,1.0411,1.7287,,951627.8893,950193.6082
003012.SZ,20260210,0.6076,0.56,23.4319,1.1343,1.3748,3.2531,864264.925,854949.1612
002941.SZ,20260210,2.752,1.66,20.2427,2.531,1.4052,0.8141,1189494.4104,1189494.4104
000063.SZ,20260210,1.7392,0.89,30.7797,2.394,1.3642,1.6418,17976524.1053,15135800.5899
600918.SH,20260210,0.4658,0.61,29.3067,1.1502,4.0758,0.3427,5083574.9194,2520393.9788
600520.SH,20260210,2.1985,0.79,493.6723,11.5322,14.0693,,447564.75,447564.75
600483.SH,20260210,0.3402,0.71,8.4911,0.9736,1.8103,4.1676,2554946.6382,2554946.6382
688480.SH,20260210,1.1165,0.38,68.12,6.9425,7.4513,0.7905,759749.6466,759749.6466
920701.BJ,20260210,0.4877,0.67,35.3703,2.9827,2.7463,1.1865,247783.2,180974.2754
301533.SZ,20260210,6.1208,0.75,66.2002,3.2592,4.6042,1.0525,369141.6585,106779.8085
600528.SH,20260210,0.3909,0.67,12.6395,0.7356,0.6396,1.2603,1826115.4053,1826115.4053
600903.SH,20260210,0.6797,0.71,,2.5987,1.1617,0.5212,778556.3692,778556.3692
301298.SZ,20260210,2.017,0.99,37.9717,2.6927,3.9565,1.7111,253083.2,186544.5442
605056.SH,20260210,2.2321,0.96,36.3776,5.6396,2.1461,1.9281,925228.632,911668.632
001337.SZ,20260210,7.1324,0.49,46.6179,11.3144,21.7545,0.5359,1959300.0,1345647.24
600377.SH,20260210,0.2372,1.07,13.2098,1.5295,2.7852,4.0065,6161165.1925,4650069.8102
603163.SH,20260210,4.7668,1.22,87.1824,10.6493,4.427,0.7593,1185300.0,1185300.0
000739.SZ,20260210,0.4247,0.57,24.8833,3.3058,2.043,3.7889,2144279.0592,2143473.5577
002314.SZ,20260210,2.7377,0.49,,0.7934,0.4802,,728393.496,359996.584
301353.SZ,20260210,3.1769,0.73,42.1858,2.2512,3.1614,1.2682,291500.1283,94655.4283
600744.SH,20260210,1.5186,0.78,60.7901,8.9784,1.4948,,1277577.1683,1277577.1683
002276.SZ,20260210,3.5566,0.93,35.1392,2.8737,0.9285,0.2898,1750171.597,1743559.48
688352.SH,20260210,2.3797,0.64,63.0232,2.8511,7.9765,0.6977,1697945.2473,522478.2436
605077.SH,20260210,0.8108,1.1,19.6293,1.6299,1.3399,4.3236,490637.8415,484776.252
002517.SZ,20260210,4.9557,1.48,27.0056,5.1072,9.908,0.4095,5217194.3774,4613149.6555
301220.SZ,20260210,2.1645,1.37,32.8682,2.4652,4.3611,0.3697,432363.4006,298419.505
301212.SZ,20260210,1.265,1.13,201.9512,2.4326,4.5947,0.3974,326160.0,283125.0
300042.SZ,20260210,5.4132,0.56,,6.5953,6.3751,,660718.8,660657.9704
688450.SH,20260210,2.2461,1.28,,2.1585,9.3904,,207108.0,153544.4487
601136.SH,20260210,0.202,0.66,47.4417,3.6602,19.1034,1.0815,4928200.8414,4928200.8414
002773.SZ,20260210,0.7049,0.67,21.581,2.944,5.7844,2.048,2698549.0743,2011736.8709
600329.SH,20260210,1.1728,0.83,10.0415,3.9875,6.6953,2.7438,3592490.1707,2645471.8457
920541.BJ,20260210,0.4796,0.49,28.1828,4.3288,5.9687,1.1005,186322.1,122749.9863
600336.SH,20260210,0.9912,0.82,,2.6147,0.8906,0.1261,632825.7118,632825.7118
603150.SH,20260210,6.1177,1.45,40.1384,2.9385,1.2828,0.5536,494091.74,494091.74
920547.BJ,20260210,1.4606,0.76,36.9233,2.8007,5.1436,0.7978,194763.816,94560.0288
601199.SH,20260210,0.5598,0.92,13.5946,1.2201,3.5688,2.3729,551774.0723,551774.0723
600936.SH,20260210,2.9319,2.0,,7.7372,2.121,,755303.86,755303.86
301629.SZ,20260210,11.7654,0.8,246.3737,11.0318,29.6766,0.311,1285450.4028,321359.5355
003004.SZ,20260210,0.6907,0.57,,3.3441,6.418,,214806.5912,180377.0216
600161.SH,20260210,0.3783,0.99,24.7898,2.8462,5.0792,1.5152,3262662.8859,3262662.8859
002185.SZ,20260210,4.1385,0.6,56.2895,2.5763,2.7673,0.4118,4513551.088,4512523.5898
002142.SZ,20260210,0.3144,0.55,7.2715,0.9586,2.9638,3.7152,21329598.2582,21317636.1922
002098.SZ,20260210,2.713,1.29,18.5846,2.5176,1.3079,0.9775,366234.0,366222.4913
002337.SZ,20260210,2.0054,0.8,92.5731,3.044,6.2011,0.3084,400847.3258,400425.6383
002295.SZ,20260210,1.4479,0.64,245.1439,2.2064,0.647,0.3023,298483.656,298100.154
600080.SH,20260210,1.4143,0.79,38.0789,1.8824,5.4183,0.3548,298242.9577,298242.9577
601908.SH,20260210,3.0842,0.56,,1.1329,3.2035,,997230.9816,997230.9816
300074.SZ,20260210,3.8155,1.11,,2.7815,5.1662,,273943.6248,272449.9734
600179.SH,20260210,1.0292,0.5,18.5518,1.8057,2.3583,,2064985.1658,1884791.9056
002388.SZ,20260210,3.5692,0.83,,2.9729,1.4582,,291097.632,288547.3922
688788.SH,20260210,3.7397,1.53,,6.154,44.3853,,1192716.124,1192716.124
002256.SZ,20260210,2.9225,0.76,,6.5181,17.2041,,737759.5679,721904.6124
002896.SZ,20260210,3.1076,1.75,223.4497,13.6148,16.2784,0.2415,1627207.7076,1627207.7076
000767.SZ,20260210,5.4168,0.67,15.3476,1.5992,0.6278,,1003083.1634,949392.3381
600123.SH,20260210,1.1807,0.51,425.3183,0.576,0.9936,2.4272,910462.333,910462.333
000631.SZ,20260210,1.6788,0.72,102.8,1.6692,22.0059,,979669.1454,979669.1454
300602.SZ,20260210,5.2344,0.68,54.4853,5.0967,3.25,0.1089,2023139.1496,1374819.2664
002097.SZ,20260210,1.2488,0.71,93.7332,2.6923,1.8024,0.1701,1263749.9025,1261494.1875
603669.SH,20260210,0.8408,0.93,,5.1088,8.0062,,344755.653,344755.653
300826.SZ,20260210,1.8992,1.78,196.3884,2.0667,4.419,0.1602,305411.6969,293711.933
688598.SH,20260210,2.9509,0.77,,1.2004,8.3456,,596357.5623,584872.7448
688266.SH,20260210,1.4291,1.44,,22.1048,34.2173,,2539875.0447,2539875.0447
603195.SH,20260210,0.1073,0.44,19.6132,4.9983,4.7616,3.9652,7821016.6614,7789673.8656
603200.SH,20260210,2.0078,0.66,124.887,13.1169,29.0967,0.1109,1423845.5557,1423845.5557
920237.BJ,20260210,0.9384,0.88,38.2212,4.0646,5.7263,0.9564,208465.8264,204449.026
601366.SH,20260210,2.1762,0.76,307.7461,1.1517,0.6507,0.365,466530.3825,466530.3825
600588.SH,20260210,1.882,0.9,,6.8217,5.6158,,5053739.1679,5053739.1679
002855.SZ,20260210,1.0,1.24,,12.4927,2.4884,,408563.8328,408244.7507
002865.SZ,20260210,10.9725,0.81,,6.1053,4.1175,,3060056.5572,2210655.6012
002012.SZ,20260210,4.8155,0.61,670.9977,2.1131,5.4153,0.0574,325934.9526,325353.587
000785.SZ,20260210,0.7193,0.69,43.0053,0.9091,1.4822,,1874341.693,1775175.6327
001328.SZ,20260210,2.3706,0.6,40.9667,5.0219,4.2284,1.7597,733804.7356,196184.9744
603823.SH,20260210,2.4697,1.07,44.1804,3.0483,3.2926,0.8432,740718.1454,731225.0456
002371.SZ,20260210,0.6164,0.58,55.6287,9.7066,9.5102,0.162,34984944.0118,34956967.1037
601669.SH,20260210,1.3,0.9,8.8692,0.6589,0.1464,2.3082,9474387.6337,7189339.2175
920212.BJ,20260210,0.8148,0.59,139.4654,3.4705,3.1615,0.437,145675.3,70754.4836
301310.SZ,20260210,2.2553,0.66,46.7616,2.3472,1.5099,1.5213,536249.2859,197308.8163
002225.SZ,20260210,2.025,0.77,69.1084,1.7943,1.3784,0.6742,739594.5758,621524.8271
002644.SZ,20260210,5.1917,0.59,81.5091,2.6432,5.3759,0.1273,481549.551,481549.551
301296.SZ,20260210,0.9836,0.97,29.7278,1.3868,1.5106,0.6394,377959.1482,260146.6695
002998.SZ,20260210,2.3074,0.62,80.3738,1.8251,1.1258,5.6331,300334.7839,228406.8145
603227.SH,20260210,0.7178,0.69,20.214,1.8292,1.6253,2.3041,930229.2541,930229.2541
603368.SH,20260210,1.2049,1.24,9.127,0.9334,0.3419,4.1648,716172.0731,716172.0731
300797.SZ,20260210,1.1423,0.8,44.4245,5.5534,5.9432,0.654,702306.2654,694532.5723
600537.SH,20260210,13.8608,0.82,,18.6403,1.8026,,419035.1164,419035.1164
301631.SZ,20260210,2.5222,0.62,32.6862,3.5387,1.8854,0.8858,884618.8907,297137.1041
301333.SZ,20260210,2.6243,0.83,51.3498,4.0464,9.8459,0.1968,777285.9483,776179.1873
688368.SH,20260210,2.5155,1.09,271.8576,10.3386,7.9071,0.3586,1211925.5868,1211925.5868
301200.SZ,20260210,0.6646,0.81,119.9872,7.2546,14.4371,0.2655,7077539.3562,6266011.7234
002372.SZ,20260210,0.9846,0.86,22.3689,4.1469,3.3141,4.8557,1942286.3454,1794446.893
300002.SZ,20260210,6.4763,1.97,23.3075,3.2529,4.1065,0.7956,2466836.028,2316202.5308
002063.SZ,20260210,2.673,1.19,41.3799,3.3613,5.2134,0.4513,1266373.4603,1169348.2065
920100.BJ,20260210,4.9022,1.18,80.8196,10.5651,8.8318,0.7587,486403.287,112689.9094
300311.SZ,20260210,1.6933,0.43,,6.0387,8.4859,,357023.9795,284826.8193
003009.SZ,20260210,2.873,0.91,,7.0039,14.8628,0.0821,1078396.0134,1078187.0755
002689.SZ,20260210,2.4606,1.27,62.3135,3.4812,3.2428,,424627.4651,424464.9903
600578.SH,20260210,0.4179,0.84,9.8945,1.4481,0.9406,2.3346,3441035.2017,3441035.2017
300685.SZ,20260210,1.1195,0.84,28.6534,4.2433,7.3781,1.4131,831231.2337,827115.2016
600621.SH,20260210,2.1972,0.53,31.1693,1.9832,8.7433,0.7023,1767458.2205,1767458.2205
688090.SH,20260210,7.7771,1.19,7948.7639,7.6881,8.4568,0.1376,682335.4769,682335.4769
301636.SZ,20260210,42.5664,0.83,78.8407,6.1899,7.7293,0.478,668057.4286,167014.3598
300404.SZ,20260210,3.9521,1.0,556.2532,4.0411,5.3539,0.1111,412348.0404,300154.656
601155.SH,20260210,0.9576,0.75,141.6991,0.6224,0.5362,,3850348.2152,3850348.2152
603366.SH,20260210,4.072,1.76,45.0856,1.9725,1.782,0.5357,819552.4858,819552.4858
300480.SZ,20260210,22.6321,1.82,,7.6955,15.117,0.1782,986158.7376,691848.3456
603616.SH,20260210,31.4043,2.44,,13.0327,3.496,,327141.848,321268.948
688789.SH,20260210,0.4268,0.74,28.6637,4.1146,6.5387,1.1449,1410684.2934,1410684.2934
301259.SZ,20260210,2.0827,0.81,,6.5066,20.0318,,538356.0,341203.9521
300452.SZ,20260210,5.8405,0.66,28.772,3.9961,3.9881,1.8721,372777.4303,315817.1939
000571.SZ,20260210,11.1642,3.26,,42.2249,9.3102,,599138.106,581190.5022
600581.SH,20260210,1.2246,0.66,,,0.2458,,453737.7695,453737.7695
000721.SZ,20260210,2.4092,0.94,,24.0452,8.941,,523409.8489,467272.6009
002165.SZ,20260210,28.8189,0.79,187.7117,4.5785,3.3425,0.3142,935998.5025,926272.3484
300842.SZ,20260210,8.6182,0.63,169.5991,8.7989,0.9886,0.2578,1637593.2631,1461329.5837
002263.SZ,20260210,1.4719,0.68,128.9757,2.3691,5.093,,655547.6749,655542.4399
603885.SH,20260210,1.0028,1.39,44.35,3.3063,1.4716,0.6653,3249799.8388,3249799.8388
603511.SH,20260210,0.5103,0.78,51.8353,1.4672,2.0497,2.5457,638804.0176,635383.8403
300284.SZ,20260210,0.9604,1.01,61.6468,1.1215,2.061,1.2032,944595.175,895619.5645
603677.SH,20260210,0.7657,0.94,51.954,3.0538,1.7111,1.355,355348.5959,355348.5959
002567.SZ,20260210,1.0525,0.72,,1.1443,0.2427,,627676.5101,626960.5978
601618.SH,20260210,0.6311,0.61,16.2147,0.6034,0.1328,1.8421,6299980.2277,5427196.2277
002203.SZ,20260210,0.965,0.7,40.9963,1.8528,0.3642,1.8457,3070952.0672,2964269.3005
300398.SZ,20260210,9.6415,1.06,48.145,3.2595,5.1691,0.3729,1596521.2032,1587802.2787
301020.SZ,20260210,1.2949,1.06,38.5583,3.565,6.1521,1.3203,343747.2,343747.2
002331.SZ,20260210,1.8748,0.78,,2.4001,3.0381,0.3173,402297.4123,371698.732
688318.SH,20260210,0.9831,1.0,96.1618,8.9331,87.784,0.2764,3309319.6977,3309319.6977
603869.SH,20260210,0.1242,0.59,127.9979,1.2987,7.2763,0.1282,486210.7226,486210.7226
000807.SZ,20260210,0.9264,0.51,21.9687,3.5122,1.8475,1.5818,10962213.3572,10962098.4422
603135.SH,20260210,2.1558,0.61,163.4835,2.5515,11.1486,0.5439,757937.2106,301925.3014
600438.SH,20260210,1.0965,0.52,,2.0331,0.9608,,8486251.3178,8486251.3178
603012.SH,20260210,4.245,1.2,32.824,1.3757,1.6362,1.2437,523018.5,523018.5
002488.SZ,20260210,4.5968,0.89,400.3727,3.7482,3.6934,0.0751,1313979.5658,1214510.8787
002345.SZ,20260210,2.3243,0.7,63.2516,3.5656,1.5598,2.5253,1231478.6119,1202064.238
300087.SZ,20260210,1.6799,0.48,316.8181,4.6654,1.7717,0.5828,812810.6424,774169.8822
688620.SH,20260210,1.9599,0.85,,3.4475,9.1481,,464520.0,275297.4462
688683.SH,20260210,2.7895,4.15,147.8421,5.3235,6.5274,0.1616,627798.1266,604728.3893
600283.SH,20260210,0.5888,0.87,22.341,1.6811,2.1424,2.6853,522127.98,506619.653
600063.SH,20260210,3.4914,0.97,26.6613,1.7415,1.822,1.9919,1464927.3659,1464927.3659
002961.SZ,20260210,0.9557,0.68,23.0976,3.1513,6.5132,1.4731,1147978.7732,1147973.3575
002670.SZ,20260210,1.3117,0.55,97.0074,2.8005,28575.9976,,3165798.4923,2655801.6372
920146.BJ,20260210,1.2266,0.95,,5.051,2.8196,,111637.0964,88603.0036
688076.SH,20260210,0.5989,0.59,21.9475,3.5199,5.7613,1.6437,1094487.7193,1094487.7193
300519.SZ,20260210,5.0747,1.06,45.5614,3.1886,10.2697,1.8182,264000.0,188265.0
300468.SZ,20260210,4.3239,0.75,219.9654,10.9233,27.086,0.2952,1797839.7437,1794942.2922
300123.SZ,20260210,5.0794,1.18,,5.0083,8.2894,,736742.4027,721301.9678
920924.BJ,20260210,11.733,1.65,152.5815,8.9541,6.8872,0.1899,283048.167,169983.545
300188.SZ,20260210,10.1213,8.41,,4.264,7.9147,,1319297.6709,1313200.3132
603118.SH,20260210,2.889,0.96,,1.8786,1.067,,946306.24,946306.24
300781.SZ,20260210,22.8612,1.36,,12.315,8.7344,,822354.2781,606918.4203
002999.SZ,20260210,1.8587,0.45,55.8046,2.1866,0.1945,1.6446,262084.368,259161.0158
603021.SH,20260210,4.5128,1.26,,,4.86,,191648.8939,191648.8939
920123.BJ,20260210,3.2981,0.64,37.3629,4.2173,2.059,1.5053,170990.82,97549.2296
300937.SZ,20260210,2.4867,0.77,,3.9389,0.7466,0.2921,327562.7192,228137.5625
603960.SH,20260210,10.4577,3.48,146.1282,5.7562,12.1454,0.2326,643695.8445,643695.8445
603689.SH,20260210,0.5241,0.58,14.1646,1.2462,0.8243,4.4375,441864.003,437753.8746
603002.SH,20260210,3.4067,0.73,279.3468,3.1146,4.019,0.2114,1072838.2695,1072838.2695
600584.SH,20260210,2.4854,0.68,55.6454,2.938,2.0867,0.3244,8274252.9717,8274252.9717
688606.SH,20260210,0.3658,0.95,18.586,1.4328,6.2138,3.5615,547830.7081,547830.7081
688621.SH,20260210,2.3667,1.71,58.1021,6.6493,7.5947,0.2305,772800.0,772800.0
600535.SH,20260210,0.4098,0.59,20.2184,1.8022,2.7135,2.7406,2234949.2075,2234949.2075
301275.SZ,20260210,4.7279,0.6,50.7829,6.2997,6.0892,0.2548,2519616.0,201569.28
002779.SZ,20260210,1.383,1.03,392.375,24.5027,18.5777,0.0783,1855022.4,1664384.0667
002962.SZ,20260210,2.7198,1.34,122.8594,2.5793,3.9516,1.264,456747.9412,327582.1518
603065.SH,20260210,2.0205,0.75,101.8532,1.8459,2.6546,1.2841,372043.2039,174646.028
300770.SZ,20260210,9.6827,4.26,15.276,3.3136,6.9097,5.7505,1133724.8288,1133724.8288
600925.SH,20260210,0.564,0.53,100.8015,2.1029,2.5862,2.5957,3237777.7778,754842.8354
688381.SH,20260210,1.5695,0.76,,2.3552,10.6681,0.8383,611325.0,473119.608
002564.SZ,20260210,1.0394,0.85,83.8833,32.4722,2.3528,,639024.9309,639024.9309
688159.SH,20260210,2.3338,0.65,51.7974,4.8224,1.2951,0.2009,457854.665,456967.625
600889.SH,20260210,1.0485,0.7,,16.3419,16.5149,,608500.7226,608500.7226
000593.SZ,20260210,4.1186,1.12,3323.9313,5.6601,2.8175,,494910.7924,494706.7732
688183.SH,20260210,1.1687,0.8,56.5713,13.82,8.5515,0.6329,7128707.4698,7128707.4698
300533.SZ,20260210,10.3871,2.04,11.7979,5.5379,3.175,2.7541,851331.4131,599040.8041
603256.SH,20260210,3.4642,1.05,346.157,33.5545,49.8621,,5326750.0125,5326750.0125
600316.SH,20260210,1.5819,0.6,849.4714,5.8386,5.8515,0.0389,3133790.4174,3133790.4174
300502.SZ,20260210,3.3093,0.57,51.9702,26.903,19.5171,0.0816,39075500.064,34806711.4981
601888.SH,20260210,2.2301,0.93,57.871,3.5671,3.6903,1.367,19674849.5084,18568042.4234
002402.SZ,20260210,2.2975,0.73,55.0707,6.4145,3.0943,0.2734,3369381.9105,2964823.6422
920089.BJ,20260210,1.3421,0.86,19.0227,2.4505,1.6115,0.498,302541.344,187749.6446
000790.SZ,20260210,2.8446,0.98,,2.7495,3.8942,,256348.6586,255894.6064
603229.SH,20260210,0.584,0.85,44.3365,3.4913,10.9104,1.0107,819503.2821,819503.2821
600818.SH,20260210,1.2902,0.79,,5.7823,3.0742,0.0995,323055.1496,239147.6996
002317.SZ,20260210,3.1516,0.73,,4.0978,6.7456,1.0313,1651414.9168,1479822.6199
920895.BJ,20260210,1.7929,0.43,,5.7295,16.2503,,113782.812,57847.3797
002292.SZ,20260210,21.1083,2.58,,5.4488,6.208,,1608825.2703,1107441.2239
000736.SZ,20260210,0.7885,0.5,,3.1498,0.1876,,392973.7589,392973.7589
002480.SZ,20260210,1.0059,0.83,,5.0487,2.613,,486883.7681,485965.4598
603088.SH,20260210,2.0607,0.76,48.2233,5.3652,7.4835,2.1622,587291.5323,511872.181
002995.SZ,20260210,40.1443,1.06,,6.1124,4.7397,,543010.7088,343996.6565
300776.SZ,20260210,5.5194,0.67,38.5741,6.5723,10.4853,0.4303,2469863.6009,1514743.487
600293.SH,20260210,4.796,0.93,,2.5684,3.0985,,432734.1022,432734.1022
301049.SZ,20260210,4.4662,1.2,,3.9405,10.9515,,235444.8283,106980.2448
300228.SZ,20260210,6.4078,0.7,23.166,2.57,1.9743,0.7609,615945.741,578963.5133
002791.SZ,20260210,7.2148,0.89,120.1648,1.5923,1.4698,0.7894,885420.3025,478573.2626
688388.SH,20260210,8.3923,3.01,,2.8543,2.2283,,1943718.8602,1943718.8602
300554.SZ,20260210,3.6418,0.74,,4.561,12.4182,,291582.1561,202041.1547
605133.SH,20260210,2.8693,1.82,50.0874,2.4632,3.4458,0.3517,927765.5877,925629.5255
300091.SZ,20260210,5.4724,4.58,,11.3507,5.2111,,470575.8916,470575.8916
601033.SH,20260210,1.4512,0.81,14.9533,1.2819,3.2523,3.9344,1372500.0,366000.0
301038.SZ,20260210,0.7615,0.95,71.3666,5.7936,6.5182,0.3049,517768.68,517768.68
301239.SZ,20260210,0.9651,0.82,,2.4838,1.9239,,527556.7632,527556.7632
300606.SZ,20260210,22.5756,1.88,,7.2475,8.5943,0.3394,489197.9127,416096.9825
301031.SZ,20260210,2.6972,0.62,45.7812,10.0577,7.4898,0.3518,1414860.4872,986521.9912
300907.SZ,20260210,1.2929,0.78,44.384,3.704,2.7006,,295968.0,295968.0
000868.SZ,20260210,1.3376,0.92,911.28,5.4518,1.331,,464120.2791,362264.2385
300702.SZ,20260210,2.1193,0.78,46.4021,2.3917,2.9803,0.1955,889777.5956,539947.583
001319.SZ,20260210,3.2494,0.73,32.0483,3.2225,3.7551,1.2762,432118.4,250592.2292
000715.SZ,20260210,2.0464,0.65,30.7925,1.7798,4.6071,1.1889,349661.2004,348728.7304
603535.SH,20260210,0.5901,1.02,27.54,1.9598,3.9314,0.6021,516027.4174,516027.4174
300001.SZ,20260210,1.225,0.66,24.6699,3.5542,1.937,0.5511,2851007.3628,2786233.0423
000887.SZ,20260210,1.4633,0.91,18.4333,1.9683,1.4687,0.9479,2777793.3662,2773321.9829
605577.SH,20260210,2.8466,2.29,24.1633,1.6526,4.2505,1.0149,656888.8897,656888.8897
603106.SH,20260210,1.2834,0.91,58.8119,4.2144,12.3665,0.2833,551230.68,551230.68
688568.SH,20260210,1.5501,0.72,153.0475,13.9513,15.5979,0.1309,5394734.8165,5394734.8165
601101.SH,20260210,0.6785,0.44,23.6152,0.9214,1.2942,5.925,1113118.3968,1113118.3968
000795.SZ,20260210,1.7629,0.88,47.7973,4.4496,2.9893,2.4864,1156357.7851,1156357.7851
603567.SH,20260210,1.4101,0.8,,1.0832,4.9501,1.7876,789496.0761,788274.4996
301188.SZ,20260210,1.2349,0.79,94.4882,2.8977,4.5229,0.5186,439167.7139,439167.7139
300676.SZ,20260210,1.4667,1.11,,2.256,5.6127,,2084892.3018,2073575.8806
000607.SZ,20260210,12.9146,1.15,,3.5649,4.6849,,552610.2366,480573.1601
002870.SZ,20260210,2.5903,0.88,43.392,3.0904,0.8763,0.2525,523151.5942,510816.8184
600501.SH,20260210,2.8128,0.88,,6.7204,5.0573,,1158120.1094,1158120.1094
300579.SZ,20260210,3.2177,2.71,,11.2924,9.2502,0.0917,882900.0,857650.9958
920121.BJ,20260210,2.4001,0.82,25.214,3.6807,4.7917,,279798.755,50363.7804
688584.SH,20260210,0.7977,0.8,104.8286,3.7304,12.1124,0.8654,1537874.2538,791370.1275
300080.SZ,20260210,2.2744,0.59,,2.1001,2.6919,,1013498.8159,1012135.557
002990.SZ,20260210,2.0216,1.13,57.5768,2.9688,5.7516,0.7555,726377.8308,371980.6063
688593.SH,20260210,5.561,1.43,976.0958,8.304,21.4248,,1287141.883,903831.5061
300326.SZ,20260210,0.6679,0.6,,1.5978,4.3557,,445264.8755,442181.4602
002656.SZ,20260210,1.5908,1.61,,4.4098,3.5005,,187392.719,177943.1182
002589.SZ,20260210,2.539,0.85,,0.9452,0.691,0.1174,505582.7183,458838.7601
002945.SZ,20260210,1.4017,0.59,108.6908,7.4156,32.9815,0.2023,5337900.0,5337900.0
600328.SH,20260210,1.6357,1.04,5018.537,1.1036,1.0959,1.3617,1325543.8178,1325543.8178
600970.SH,20260210,0.6482,0.66,9.3603,1.2661,0.5919,4.2347,2805346.8907,2409486.8177
002892.SZ,20260210,1.3582,0.88,271.7164,7.2375,5.1842,0.3294,942269.6968,611691.9705
000400.SZ,20260210,2.088,0.57,27.5853,2.6717,1.828,1.2751,3099667.5037,3078606.9311
603359.SH,20260210,4.6482,2.03,,1.1974,11.8776,,316728.16,316728.16
301028.SZ,20260210,1.8208,1.18,25.1165,3.5255,4.7747,1.3483,568009.4886,367471.5088
002148.SZ,20260210,2.8678,1.26,401.0536,4.0537,13.5752,0.1804,495262.7744,398095.4033
300220.SZ,20260210,2.5318,1.01,1175.023,39.0518,9.6916,,246002.4,245708.4792
300655.SZ,20260210,3.6641,1.07,,7.2464,11.7911,0.3167,1841225.0262,1830065.8954
300013.SZ,20260210,3.3265,1.11,,11.7739,4.5642,,230602.2232,184182.1214
688059.SH,20260210,1.966,0.9,59.4071,5.3335,10.518,0.9404,994168.4342,930451.6817
688385.SH,20260210,2.016,0.9,143.7376,10.9968,17.392,0.096,6836819.975,4476880.975
002481.SZ,20260210,0.918,0.78,96.0913,2.5972,2.7976,0.5768,635353.6975,575752.0265
603049.SH,20260210,2.7247,0.71,11.6573,1.973,1.0914,2.3866,4763323.0523,476332.3063
603866.SH,20260210,0.6929,0.6,22.9299,1.6908,1.6089,2.3551,883044.9736,883044.9736
920837.BJ,20260210,0.2888,0.41,29.0605,4.018,3.8338,1.5007,222410.9457,200530.8957
002678.SZ,20260210,2.9931,0.89,,2.5039,15.144,,812275.5532,811829.5199
603233.SH,20260210,0.3586,0.67,19.571,3.3456,0.8297,3.3052,2226447.971,2226447.971
300827.SZ,20260210,3.6334,0.77,46.8324,4.9446,3.8025,0.2137,2003532.9928,1386494.7504
688455.SH,20260210,1.9638,0.75,,5.5916,2.6948,,400921.1691,279235.1691
000936.SZ,20260210,1.8084,0.76,23.334,1.3852,2.2319,0.4779,741592.7864,741487.7011
605287.SH,20260210,0.292,0.06,,5.0189,2.4942,,779380.0,779380.0
002593.SZ,20260210,2.9718,0.57,48.5831,1.9894,1.3675,0.8347,481510.9594,334750.6217
688589.SH,20260210,1.7667,0.74,62.6509,3.6912,8.0146,1.0258,353147.8929,353147.8929
000032.SZ,20260210,1.5424,0.82,158.5337,3.412,0.4804,0.5468,2497193.4841,2338506.2259
600518.SH,20260210,1.3096,0.93,1603.9107,3.7137,5.0595,,2668977.0612,2667713.9723
603036.SH,20260210,2.6268,1.58,38.1221,3.1999,10.1577,0.9385,438998.8393,438998.8393
920018.BJ,20260210,9.3323,0.64,40.3482,4.7193,1.6683,0.3012,422734.1525,146823.016
600178.SH,20260210,0.6901,0.78,1439.6897,2.2905,1.0805,0.04,582628.7251,582628.7251
002474.SZ,20260210,9.7702,2.11,,4.2032,11.7705,,574290.6,489896.9672
300238.SZ,20260210,1.7874,0.97,159.4015,7.3273,10.6716,,419211.1633,419176.9836
002162.SZ,20260210,4.0395,1.38,,6.2593,4.7316,,514112.8394,513438.2136
920693.BJ,20260210,1.4806,0.89,276.507,7.7137,9.7464,0.1869,272261.5,137104.45
002554.SZ,20260210,4.101,0.65,,2.2643,2.0577,,536155.4689,536055.1511
688790.SH,20260210,3.7271,0.9,,5.151,8.3591,,1465504.5741,177537.1478
300726.SZ,20260210,2.3993,0.72,58.5089,4.0145,11.1606,1.2247,2017603.4007,1050533.8343
603124.SH,20260210,3.7065,0.58,65.9993,7.5676,1.3776,0.3965,1359948.4519,272704.7734
301382.SZ,20260210,5.5215,0.87,62.5,5.9556,5.5309,0.1978,1103249.2473,681002.6223
301515.SZ,20260210,1.9934,0.51,,2.1033,4.2272,0.4499,256200.0,167991.7491
300279.SZ,20260210,6.2645,0.76,69.5759,4.3559,2.4588,,451438.8293,449449.4984
301529.SZ,20260210,8.6126,1.17,76.6603,8.6074,7.0347,0.3007,1167360.0096,622481.8976
300619.SZ,20260210,11.0442,1.9,,5.2039,5.123,,820930.3864,686299.3737
300562.SZ,20260210,3.4557,1.07,42.5123,3.2051,3.3033,1.8669,325297.1677,241306.3724
300958.SZ,20260210,3.8639,0.6,,1.787,3.72,,222565.9422,129290.1863
603888.SH,20260210,9.8709,2.17,65.2578,4.9937,8.2126,0.3842,1837312.0315,1837312.0315
300802.SZ,20260210,1.5799,0.82,66.3534,4.1344,7.5016,0.7572,578099.2489,396248.686
000401.SZ,20260210,1.1093,0.67,,0.5065,0.5442,1.9305,1376956.291,1363041.4642
600191.SH,20260210,1.2423,0.47,150.7552,3.5002,11.4667,,592586.904,592586.904
300355.SZ,20260210,1.3076,0.79,106.3331,1.4774,2.4484,0.101,635279.8641,514193.7074
920299.BJ,20260210,20.1926,1.57,93.3928,8.1021,18.545,0.4223,234734.664,115659.58
300476.SZ,20260210,2.4671,0.75,64.4579,15.4172,13.6599,0.1099,23428163.8541,23009901.5351
300416.SZ,20260210,2.5714,0.7,38.4179,3.4598,4.2833,0.8278,921488.6245,915319.9205
600250.SH,20260210,2.1134,0.62,141.549,5.7816,4.9635,,361274.0716,358735.9302
605358.SH,20260210,1.7183,0.6,,3.751,7.607,,2628442.5053,2628442.5053
601137.SH,20260210,2.8014,1.53,15.963,1.7721,0.9286,2.2395,1814470.3802,1813126.7002
603898.SH,20260210,2.2292,0.99,242.6949,1.6124,2.9322,0.4784,507492.4511,507492.4511
600666.SH,20260210,13.3285,3.42,72.4604,9.4248,25.1839,,1064810.1415,936444.3858
603909.SH,20260210,0.7418,0.53,28.0181,2.7185,0.4299,1.0239,305508.9201,305508.9201
601066.SH,20260210,0.1192,0.5,18.8447,2.3428,7.8297,1.3564,18872038.4411,15803967.6282
603061.SH,20260210,4.6863,0.67,105.5166,10.868,26.4712,0.0592,1672800.0,1166118.1919
605086.SH,20260210,1.26,0.88,59.5302,5.1994,22.5048,0.5069,664652.8,664652.8
688223.SH,20260210,4.2802,0.8,,2.973,1.1828,,8124225.6553,8124225.6553
601399.SH,20260210,1.1575,0.87,77.8825,2.5204,2.6859,,3729408.3951,3729408.3951
002820.SZ,20260210,4.2142,1.18,,2.8486,5.4006,1.1532,254098.3932,254098.3932
920167.BJ,20260210,22.268,1.97,,3.9807,0.7939,0.1725,247999.731,147330.0322
002198.SZ,20260210,3.2664,1.3,92.1752,5.1395,8.8876,,364392.0709,364371.1771
601866.SH,20260210,0.886,0.89,20.8585,1.1516,1.2946,1.5299,3536971.7598,2613531.6638
688599.SH,20260210,2.9143,0.55,,2.0088,0.716,,4804606.324,4804606.324
600714.SH,20260210,3.2492,0.81,76.0413,5.7012,12.2549,0.4682,430823.5281,430823.5281
603665.SH,20260210,2.7162,1.08,,8.6158,3.8569,,613349.794,609758.4605
603121.SH,20260210,3.7237,1.81,386.6826,7.1036,7.3448,0.8,846334.2875,846334.2875
002937.SZ,20260210,4.5285,1.19,47.8627,4.8518,4.2227,1.6096,739980.067,737929.8923
300358.SZ,20260210,1.5347,0.66,,1.4696,1.4135,,785171.6528,770027.8085
600369.SH,20260210,0.3963,0.49,33.1491,1.1848,9.2076,1.8478,3056750.197,3056750.197
301015.SZ,20260210,0.4072,0.53,23.8365,5.2743,1.6578,3.1883,1256241.544,1256076.634
300450.SZ,20260210,2.714,0.65,104.2904,7.0705,6.8352,0.0966,9010135.9346,8971310.8303
600359.SH,20260210,2.9075,0.69,2974.1712,4.1455,5.3906,,277359.8201,277359.8201
601949.SH,20260210,3.6176,3.79,25.5263,1.5062,2.6222,1.3368,1452727.6252,1452727.6252
603899.SH,20260210,0.4425,0.63,19.4427,2.8809,1.052,3.5615,2571349.2926,2571349.2926
000862.SZ,20260210,2.7459,0.67,42.9363,1.2818,4.384,,574639.6397,393107.3971
300048.SZ,20260210,1.8883,0.61,107.4857,4.2995,1.0067,,789808.1499,788189.8374
002976.SZ,20260210,2.1715,0.79,3171.7573,2.8796,2.125,,426796.6586,190063.198
300030.SZ,20260210,1.9976,0.84,,4.117,5.1016,,259717.3446,228669.882
300387.SZ,20260210,2.2997,0.41,32.6696,1.8122,2.0356,0.7527,268823.0267,268729.6799
603687.SH,20260210,2.8115,0.83,56.6546,1.9898,2.9356,0.4916,648487.5677,648487.5677
002722.SZ,20260210,1.3361,0.98,25.1063,1.2463,1.5424,1.3293,356239.96,356215.93
301297.SZ,20260210,1.5175,0.73,122.6794,5.708,12.4585,0.4025,2947482.0137,1352220.3912
002111.SZ,20260210,2.108,0.97,82.0741,2.0133,1.9122,1.5535,594787.6171,538038.5464
603939.SH,20260210,0.5002,0.39,18.7324,2.8086,1.2752,2.7581,3077050.7919,3077050.7919
300441.SZ,20260210,0.8381,0.85,17.6771,2.0769,2.8289,3.7688,512955.0309,498733.1322
301349.SZ,20260210,3.9212,1.12,253.3857,1.7372,4.3584,,473688.0,227125.7288
603331.SH,20260210,22.5612,1.35,52.0064,2.7965,2.4277,0.436,370992.2921,370992.2921
301248.SZ,20260210,6.9495,1.82,6041.9056,4.9174,9.5668,0.0408,751156.335,548950.3569
002565.SZ,20260210,18.5269,1.03,309.4348,9.4064,13.6462,0.2352,1754281.6659,1754207.1909
603345.SH,20260210,2.0592,1.12,21.6293,1.9834,1.9454,2.7001,2999933.6769,2639941.3822
600375.SH,20260210,1.4437,0.79,17.5753,2.9958,1.7907,,1001919.6044,914178.6
601699.SH,20260210,1.8839,1.08,33.9185,0.8745,1.3495,2.9993,4089256.3764,4089256.3764
300667.SZ,20260210,4.9997,0.72,,3.4712,5.4607,,393310.467,331795.771
688787.SH,20260210,9.1897,1.93,771.6646,12.3868,28.1159,0.2315,904938.0252,904938.0252
300755.SZ,20260210,1.6724,0.43,,2.3488,1.0095,0.5527,686050.1664,685469.9185
600163.SH,20260210,2.3395,1.25,19.8295,1.6268,6.5495,1.3973,1130379.7089,1130379.7089
301063.SZ,20260210,2.0885,0.9,46.2097,1.7512,1.5375,0.5701,274573.0648,264275.0783
688757.SH,20260210,3.3567,0.64,148.0033,13.9462,24.2667,0.6522,1230503.3438,106921.5902
688531.SH,20260210,1.5946,0.88,74.4691,3.667,12.5883,0.5609,1214465.9486,784472.7586
300318.SZ,20260210,2.04,0.99,,3.9939,6.4421,,537520.5257,525438.9805
300610.SZ,20260210,2.0905,0.76,38.014,2.3069,3.0294,1.6091,266179.8792,199600.3247
603915.SH,20260210,0.7692,0.81,41.9024,3.1386,4.2756,1.3939,1132691.028,1132691.028
300510.SZ,20260210,2.2261,0.72,,1.7003,3.8867,,376883.6499,376883.6499
301226.SZ,20260210,1.0472,0.72,120.2188,3.7644,6.7106,0.3171,343155.2,343155.2
600337.SH,20260210,2.7881,1.14,,1.5265,1.22,,383678.5026,383678.5026
920179.BJ,20260210,12.5814,1.06,166.536,5.6605,14.4115,0.2105,427329.0,340395.3018
688580.SH,20260210,0.9249,0.54,43.0301,3.2692,12.4926,1.4128,541969.7188,541969.7188
300849.SZ,20260210,5.0599,2.38,,5.2284,9.9005,,308100.0,249495.3192
002633.SZ,20260210,1.2946,0.76,424.3452,5.9744,8.092,,254250.0,253264.7813
301607.SZ,20260210,3.2569,0.66,51.2482,6.7019,2.3073,0.0262,763735.8407,549608.4823
300543.SZ,20260210,1.6046,0.92,95.8119,2.3483,2.1011,0.8897,344361.3794,281223.4602
920992.BJ,20260210,3.4809,1.31,86.1061,2.6529,5.3621,0.4717,164055.6641,80387.3082
002309.SZ,20260210,16.1679,2.77,,5.5601,5.4549,,1034636.8924,799004.3524
688309.SH,20260210,1.8199,0.45,84.0847,3.6342,9.6455,0.26,268773.2956,268773.2956
002800.SZ,20260210,7.4064,1.17,,5.9811,2.3076,0.1522,300090.7951,276100.0452
000755.SZ,20260210,0.4651,0.45,16.4479,1.4338,4.9099,3.7594,780609.0243,780609.0243
002996.SZ,20260210,3.8579,0.86,35.828,1.6248,0.3402,0.6328,522160.7321,316498.9191
301558.SZ,20260210,12.1286,0.95,2352.5929,5.5721,4.3106,,755719.4716,210071.9424
300912.SZ,20260210,48.0269,16.45,,10.0223,8.8756,,493992.6,369523.6175
301511.SZ,20260210,3.2288,1.18,717.923,4.5202,1.6752,,1836758.308,1091674.8826
688355.SH,20260210,0.9843,0.88,44.285,2.3935,4.5036,2.1782,254977.6401,254977.6401
600019.SH,20260210,0.4048,0.73,16.2917,0.7529,0.4934,3.0665,15378151.8328,15378151.8328
603507.SH,20260210,5.6281,0.79,101.0496,2.3729,1.4687,0.9489,574651.4752,566766.0532
600886.SH,20260210,0.1634,0.78,15.8332,1.5726,1.9301,3.5061,10421851.5291,9705342.0957
688171.SH,20260210,0.737,0.58,406.0504,5.2785,40.7284,0.0798,435454.1332,435454.1332
002666.SZ,20260210,1.8175,0.69,63.9057,1.2733,0.829,1.5831,449947.6009,285881.5428
000409.SZ,20260210,1.6761,0.95,129.2861,5.1449,5.847,,809520.663,700490.2067
600395.SH,20260210,1.5851,0.4,234.2589,1.1503,1.2484,0.7105,1208549.8153,1208549.8153
300906.SZ,20260210,1.7776,0.69,42.1744,3.1888,17.9893,1.3928,287200.0,259187.23
601890.SH,20260210,5.4773,1.1,36.1305,2.9278,5.2471,1.2389,1084122.0,1084122.0
301498.SZ,20260210,1.0786,0.5,38.2882,5.7093,4.0485,0.7829,2555016.7192,1144892.6524
300535.SZ,20260210,2.7535,0.74,,2.386,3.1116,,231055.8842,168630.1458
000533.SZ,20260210,17.6799,0.83,77.1904,8.4098,3.4203,,797201.664,790377.3696
003031.SZ,20260210,1.4446,0.57,54.3537,5.2969,11.4727,0.5683,3333280.628,2513757.9834
002009.SZ,20260210,31.0157,1.16,,6.7672,4.7747,,1355123.6744,1193038.935
600106.SH,20260210,0.8491,1.02,36.4919,1.6195,74.2649,0.5705,838614.8141,838614.8141
000586.SZ,20260210,8.4086,1.49,376.8922,8.9397,5.9794,,302733.6,302733.6
688013.SH,20260210,1.2705,0.95,43.0854,6.2468,11.1226,2.2981,349374.858,349374.858
601800.SH,20260210,0.1251,0.61,6.3666,0.453,0.1764,3.4381,13215011.1107,9564091.0267
603568.SH,20260210,0.1969,0.53,16.4119,3.0623,6.3908,1.8162,4477115.2585,4469041.3465
688425.SH,20260210,0.2811,0.61,19.0313,1.5583,2.8557,1.6068,2821419.913,2821419.913
688428.SH,20260210,5.8106,1.04,,6.6348,30.9889,,4422197.7437,672509.4508
002273.SZ,20260210,4.5288,0.66,32.5433,3.91,5.6011,1.1011,3747753.8356,3671160.9465
600487.SH,20260210,7.4537,1.07,36.1838,3.3269,1.5236,0.549,10239415.5612,10149946.8499
002881.SZ,20260210,5.7532,2.1,80.1306,7.6409,3.5221,0.269,1261138.9626,876509.6875
301092.SZ,20260210,1.7783,0.91,46.4157,2.5072,7.5942,0.7148,486075.9811,219267.854
920720.BJ,20260210,1.5969,0.74,61.6619,7.1988,5.1942,0.8471,359288.218,99878.011
600673.SH,20260210,2.5535,1.21,102.7817,10.2187,6.9622,,9949589.0251,9923150.5067
688733.SH,20260210,1.3967,0.55,,2.758,10.5941,0.331,598126.9189,598126.9189
300143.SZ,20260210,0.8484,0.87,72.242,3.4256,5.1197,,864867.151,740133.1097
002298.SZ,20260210,2.5067,0.72,,3.4616,3.676,,789698.3314,704917.2973
603682.SH,20260210,1.4352,0.62,52.7617,3.4971,3.4516,4.6942,332167.5,332167.5
605289.SH,20260210,3.7139,0.85,,6.3181,8.3306,,808835.65,803864.25
301518.SZ,20260210,3.3891,0.8,58.0687,3.6036,2.0576,0.3968,585514.7979,215332.0783
688298.SH,20260210,0.8646,0.77,,0.787,5.9442,,500572.8,500572.8
603505.SH,20260210,1.1002,0.99,66.3136,9.2109,4.3655,0.5524,1606745.764,1606745.764
600573.SH,20260210,2.6412,0.69,36.3737,2.2127,4.82,0.6568,304500.0,304500.0
300249.SZ,20260210,5.1915,1.06,,20.95,4.6313,,699935.4225,593372.3679
000059.SZ,20260210,1.1412,0.64,,0.9346,0.2333,0.3056,942071.6543,942071.6543
600830.SH,20260210,1.2422,0.78,66.0037,2.0013,11.1944,0.1526,446599.2603,446599.2603
688061.SH,20260210,1.8597,0.71,,1.7281,6.6089,,411418.9092,161220.5877
600868.SH,20260210,5.7263,1.06,,4.0065,25.039,,776342.8097,776342.8097
605168.SH,20260210,2.0184,0.66,105.9702,3.4069,2.4708,1.6636,912415.9154,912415.9154
920971.BJ,20260210,2.3225,0.67,134.1301,7.4793,11.8878,0.6354,333654.4064,272106.3964
002202.SZ,20260210,4.2572,0.5,40.8856,2.824,1.5717,0.5449,10845748.6498,8635854.1184
600052.SH,20260210,4.4769,2.79,,1.5121,6.0299,0.4099,406901.8652,406901.8652
601577.SH,20260210,0.3989,0.78,4.9304,0.5787,1.5434,6.1692,4041661.5228,4040787.0431
301035.SZ,20260210,0.3119,0.6,22.9032,3.1304,1.5852,0.925,2286318.0413,2282847.4947
600125.SH,20260210,0.7685,0.54,15.6623,1.0942,0.7293,2.1841,836839.5212,836839.5212
002535.SZ,20260210,1.2734,0.79,121.7074,4.4805,2.0753,,317466.4973,295550.0401
002242.SZ,20260210,0.5626,0.63,55.0565,2.3484,0.9866,1.4058,814139.139,812739.9819
603217.SH,20260210,1.1704,1.12,26.6842,1.6092,2.5073,1.3285,540611.5848,540611.5848
600308.SH,20260210,0.8813,0.71,,0.6557,0.4667,0.1977,602197.4599,602197.4599
605188.SH,20260210,1.3494,0.49,1629.0945,8.2464,3.5076,0.0509,973068.4145,973068.4145
920005.BJ,20260210,3.5506,1.22,45.4312,5.1271,7.3928,1.5171,328265.0,85032.5
000656.SZ,20260210,0.8183,0.51,,,1.3103,,1531307.755,1095861.5649
002931.SZ,20260210,11.1363,0.9,915.0206,24.0022,44.6357,0.0479,2280764.1249,2100684.3253
600391.SH,20260210,7.9711,0.82,380.9766,9.7171,3.9513,,1705778.4393,1705778.4393
300065.SZ,20260210,22.4867,0.73,525.1934,11.2975,27.9762,,1986397.3075,1808421.6581
600698.SH,20260210,1.1282,1.26,2152.2326,11.6627,18.2299,,898724.3326,698409.9142
002836.SZ,20260210,1.597,0.85,63.7143,9.6147,8.4649,1.536,363110.4,363110.4
300673.SZ,20260210,2.0869,1.11,31.4663,2.4045,3.113,1.9098,443665.2094,288771.6756
603009.SH,20260210,5.0174,1.35,175.9169,9.0366,7.9752,0.1583,1817160.9695,1775293.4566
600662.SH,20260210,0.7412,0.64,12.2647,2.6889,0.5435,4.0405,1356373.6808,1352223.8405
002562.SZ,20260210,15.3084,0.88,79.2685,2.3634,2.4379,,869687.4788,533863.4039
600229.SH,20260210,2.977,2.96,,1.4988,2.2344,0.9749,474388.1889,474388.1889
920351.BJ,20260210,1.6106,0.69,60.3791,4.2812,0.9625,0.4717,186635.1307,84090.5208
688099.SH,20260210,1.3321,0.67,37.0721,4.7833,5.3992,,3432499.746,3432499.746
300352.SZ,20260210,2.5136,0.66,,7.5893,36.6858,,935136.5361,823414.0189
600248.SH,20260210,0.3561,0.68,12.0507,0.462,0.0977,2.521,1335085.4971,1322948.9251
605066.SH,20260210,2.0743,0.54,34.5115,2.3721,1.4666,2.9908,423485.3549,421541.3919
301502.SZ,20260210,3.1004,0.88,82.0782,3.2629,6.3177,0.7365,271260.792,112085.424
003018.SZ,20260210,43.8556,8.59,46.8946,3.4921,6.7376,1.4019,556400.0,209674.8995
301601.SZ,20260210,1.1799,0.92,95.1571,3.1268,7.6933,0.6372,396856.0,238656.0
603556.SH,20260210,1.0348,0.95,19.088,2.4403,3.8484,1.8768,1799663.6932,1799663.6932
002727.SZ,20260210,5.1909,1.53,91.4496,1.1277,0.4739,3.4791,825116.2121,559813.2181
002959.SZ,20260210,0.676,0.62,19.9985,2.4807,1.3314,2.191,707002.831,683111.7846
688435.SH,20260210,12.8751,1.52,,4.7494,25.6062,,521875.0,350300.9375
001270.SZ,20260210,4.3823,0.82,304.3369,18.7597,66.2162,,2762558.0181,2727504.6161
002159.SZ,20260210,16.2813,3.73,26.1045,2.2271,5.0713,1.3609,325702.534,254374.0982
688127.SH,20260210,2.1726,0.69,63.7329,9.6228,15.157,0.4096,1968603.845,1968603.845
603192.SH,20260210,1.4479,1.06,30.1049,2.3548,1.5234,1.4102,375365.6962,369148.3246
603893.SH,20260210,0.9018,0.77,75.1792,18.6933,18.6706,0.5199,7688807.0025,7686651.7325
688257.SH,20260210,2.1715,1.06,61.9942,5.6793,5.7043,0.486,1310000.1358,1310000.1358
300340.SZ,20260210,1.6341,0.82,,,1.7313,,333372.8052,330890.305
000880.SZ,20260210,13.0808,0.9,73.5318,8.125,2.9758,0.5153,1671711.2194,818204.5872
605286.SH,20260210,0.5079,0.9,29.7905,3.0763,2.9582,0.463,653184.0,653184.0
603291.SH,20260210,7.9989,0.57,57.3184,2.6316,3.9891,1.3612,466389.1056,143197.2709
000779.SZ,20260210,4.9575,3.23,20.6874,1.0867,2.1247,0.8658,429502.4136,429451.8616
301024.SZ,20260210,1.1886,0.83,,6.1622,17.9319,,246391.875,238545.0
300063.SZ,20260210,27.5788,1.05,94.2331,6.9172,1.732,,1203024.0599,993715.3466
002864.SZ,20260210,13.7934,1.16,32.9146,2.3554,3.6111,1.068,396640.5427,276879.7969
300055.SZ,20260210,5.9298,2.64,128.5389,1.3798,2.7149,0.1761,712910.6643,539061.3747
603983.SH,20260210,0.3672,0.46,37.9236,4.0794,3.7917,2.2873,1314879.0,1314879.0
688517.SH,20260210,2.2768,0.68,29.3702,3.0858,3.4601,3.0217,246860.0235,246860.0235
300494.SZ,20260210,16.3546,2.28,,5.0006,5.8962,,720068.7916,584774.9638
300010.SZ,20260210,12.7862,3.12,136.9185,9.0636,16.5575,,1616091.0993,1300726.0791
688286.SH,20260210,3.0987,1.05,88.8756,4.0978,6.9387,,439060.1343,439060.1343
603179.SH,20260210,2.7632,1.23,47.9626,6.1214,2.9074,0.3336,4382118.8609,4382118.8609
688486.SH,20260210,1.6133,0.6,57.4978,6.6608,19.2829,0.7058,1005824.033,561162.1978
600012.SH,20260210,0.2619,0.63,12.7892,1.9796,3.312,4.1915,2462080.912,1679629.6
002405.SZ,20260210,2.2532,0.64,,3.078,6.938,,2531852.9334,2516049.1019
600105.SH,20260210,13.8661,1.28,125.3989,12.8621,8.7616,0.2974,4178381.1441,4178381.1441
601999.SH,20260210,5.2871,4.37,32.7419,1.6719,1.9087,0.7463,442935.4188,442935.4188
603969.SH,20260210,2.5486,1.4,24.7126,3.1591,2.5582,0.8138,842769.152,829463.6572
002216.SZ,20260210,1.8104,0.75,19.1459,2.2992,1.5996,2.5338,1040953.9128,746399.5259
600547.SH,20260210,1.136,0.38,43.0347,7.0363,2.0985,0.7139,20836881.453,16337283.9284
001382.SZ,20260210,3.2545,0.87,69.9628,5.3523,2.8015,1.2095,851604.0,128154.0
002522.SZ,20260210,2.9748,0.84,71.506,2.394,3.3639,0.4098,552525.4261,552062.1262
300861.SZ,20260210,6.561,0.83,615.6322,2.0311,6.7702,1.8657,1285230.7617,807027.5327
600561.SH,20260210,1.5184,0.83,,2.2711,1.3633,,205676.7264,205676.7264
300368.SZ,20260210,3.0778,1.01,,36.7083,50.3367,,683923.9132,683923.9132
000553.SZ,20260210,0.5711,1.29,,0.7739,0.4818,,1428174.6126,1334545.1121
601600.SH,20260210,1.5049,0.58,15.8247,3.1642,0.9407,1.9621,22558787.295,17322975.1999
300631.SZ,20260210,1.621,0.84,44.4768,2.7575,5.9581,0.6228,361375.4954,348218.7906
603199.SH,20260210,3.116,0.94,22.2323,2.9255,5.4876,1.5884,473821.08,473821.08
301522.SZ,20260210,2.4758,0.75,126.437,7.5809,5.8994,0.3033,1434289.7346,1085424.0846
688189.SH,20260210,1.8953,1.15,,2.7725,25.1866,,240100.0,240100.0
002429.SZ,20260210,0.9954,0.51,41.8426,3.1374,2.8501,0.9411,5147131.4702,5144166.6415
000869.SZ,20260210,0.2512,0.62,51.2057,1.3346,4.3063,1.9192,1376260.828,952988.3937
001367.SZ,20260210,1.9725,0.61,29.9246,2.5807,7.2603,0.471,370518.1184,96544.8088
603166.SH,20260210,1.1403,0.78,37.962,4.2463,5.5635,0.5866,1085338.7443,1077043.0093
600156.SH,20260210,3.7206,0.76,,8.5319,3.5886,0.1193,336968.7683,336968.7683
002549.SZ,20260210,3.2147,1.12,241.6382,7.0241,22.5354,,1452581.7652,1446339.0498
002373.SZ,20260210,2.2588,0.92,,1.717,2.761,0.1609,1959433.3866,1708216.7162
603860.SH,20260210,1.4811,0.94,50.2605,2.7571,8.7619,0.5062,220377.4,220377.4
002003.SZ,20260210,0.5563,0.45,19.3805,2.7848,2.7064,3.6549,1279245.2666,1099780.534
603230.SH,20260210,2.7798,2.01,19.0422,1.663,2.7232,3.6502,464882.745,464882.745
301289.SZ,20260210,1.2654,1.19,54.0926,4.7772,14.1644,0.6774,472134.0,469422.8613
000920.SZ,20260210,0.6983,0.55,24.9555,3.0833,3.0617,1.621,603537.1677,603508.4352
300019.SZ,20260210,1.8051,0.76,29.8312,3.0925,2.2351,1.4065,838517.9211,719968.3322
300024.SZ,20260210,1.5798,1.06,,6.4363,7.0422,,2764884.8317,2719510.9125
920061.BJ,20260210,2.3341,0.78,384.8774,7.7211,20.7717,0.4688,214422.91,111359.3676
300772.SZ,20260210,1.0037,0.45,33.0178,2.2467,0.5547,0.3182,1483994.7716,1316092.1015
300292.SZ,20260210,8.6465,2.39,64.5509,4.8068,1.53,,673566.0169,560204.2961
688258.SH,20260210,4.3237,0.76,291.3559,19.3559,48.7285,0.1424,1671036.0172,1671036.0172
688073.SH,20260210,2.9914,1.07,35.7826,2.7395,4.3203,1.4193,548569.4741,260961.4622
300855.SZ,20260210,3.3705,1.03,119.2053,7.9981,15.2054,0.6272,1576588.559,1167723.1661
301215.SZ,20260210,1.133,1.2,43.5922,3.2809,16.7718,1.265,941292.9,940226.4
002839.SZ,20260210,0.7373,0.51,5.885,0.6386,2.4319,6.3425,1156175.1727,1155105.7438
601916.SH,20260210,0.6092,1.13,5.9068,0.4644,1.2856,5.2,8239390.7889,6463330.7889
301632.SZ,20260210,2.0122,0.58,73.0954,3.8203,8.6469,,1018356.48,167544.7909
000949.SZ,20260210,4.5739,0.95,64.5272,1.7885,1.5344,,1158173.0455,1157855.0012
002380.SZ,20260210,2.4958,0.58,23.5584,3.0016,3.9037,0.1313,731014.5629,431776.2569
603013.SH,20260210,0.7208,0.76,23.4294,2.9101,1.4116,1.6101,1273090.0078,1273090.0078
603268.SH,20260210,4.2933,2.19,69.3614,10.7895,7.3446,,8704969.043,1113421.6296
603739.SH,20260210,2.4712,0.88,48.1415,2.2678,2.8924,0.6289,402315.8969,402315.8969
301178.SZ,20260210,2.5172,0.68,,4.5553,11.863,,351177.7584,259899.2245
002446.SZ,20260210,6.0583,0.85,,4.1089,8.7818,,1045404.7568,968161.672
600515.SH,20260210,0.9382,0.65,168.0667,2.2129,11.4341,0.1096,5209941.1785,4184261.7036
300148.SZ,20260210,27.7288,2.62,72.226,4.7478,9.587,,489654.7983,473042.0056
603878.SH,20260210,4.5498,0.99,114.1342,1.8292,2.0971,1.0469,478089.1526,478089.1526
002443.SZ,20260210,1.718,0.54,25.8177,1.3,1.0132,2.3058,444537.3341,443590.2925
301141.SZ,20260210,9.9426,0.8,191.8295,5.9334,10.6544,0.1635,758459.3796,272194.5796
300886.SZ,20260210,2.8906,0.67,75.5407,3.7854,6.0901,0.5091,219906.12,128320.122
600050.SH,20260210,0.4717,0.78,16.0888,0.9039,0.388,3.5585,15225775.1342,14983444.3238
300149.SZ,20260210,3.5099,1.44,,4.4809,5.2568,,561703.383,535295.749
002197.SZ,20260210,4.6789,1.34,,2.7391,7.0576,,567671.3455,493416.0111
688270.SH,20260210,5.8169,0.71,362.2121,17.5947,92.4296,,3912863.248,3912863.248
300093.SZ,20260210,0.8812,0.75,,,40.172,,989280.0,511128.0
600026.SH,20260210,1.6694,1.0,28.0097,2.0634,4.0363,1.0211,9367388.518,5955766.741
002145.SZ,20260210,1.2127,0.8,44.6145,1.6023,2.5816,0.3024,1933789.469,1894267.4276
300310.SZ,20260210,6.6042,1.37,,3.263,2.5802,,622450.9229,488474.6549
600338.SH,20260210,2.5293,0.52,35.4496,3.636,7.2569,0.3174,1584326.2211,1584326.2211
300255.SZ,20260210,1.5998,0.78,,28.9556,47.339,,4393110.9968,4386586.2968
002116.SZ,20260210,0.8934,0.59,14.9486,1.8482,0.7352,2.8141,512373.4539,506769.9571
000959.SZ,20260210,0.2748,0.65,35.0635,0.849,0.4133,0.3995,4280741.9882,4152519.9208
000027.SZ,20260210,0.3858,0.93,17.2585,0.9721,0.7361,2.2422,3182693.8538,3182693.8538
300459.SZ,20260210,11.2917,2.43,,8.9619,19.3272,,1877443.0414,1755361.3044
002180.SZ,20260210,1.0277,0.65,,3.15,1.4043,,3022914.5903,2902193.6729
300833.SZ,20260210,0.7031,0.49,32.3018,2.3715,5.3783,2.8666,573634.4175,368493.5565
600218.SH,20260210,1.2951,0.45,51.4554,1.431,1.0934,0.5613,465656.3134,465656.3134
601106.SH,20260210,1.3177,0.72,,6.5278,3.6067,,3442607.0294,3442607.0294
002598.SZ,20260210,1.8662,0.64,99.7207,2.579,1.5612,0.9862,316415.805,285383.9838
688197.SH,20260210,3.9467,2.15,,8.8771,696.6179,,603800.5326,259859.8209
688478.SH,20260210,1.8401,0.51,,3.5049,18.4817,0.6368,538105.7473,402159.4133
600785.SH,20260210,16.3397,0.85,34.5938,2.0281,0.7617,1.7098,461867.2302,461867.2302
603123.SH,20260210,3.8993,0.84,,5.7982,4.7242,,1059923.5545,865570.1843
600633.SH,20260210,9.4102,2.08,35.895,2.0112,6.6625,1.4833,2051744.4957,2051744.4957
003038.SZ,20260210,11.6595,0.86,115.1207,1.4941,0.5234,,448400.2076,304516.1581
301301.SZ,20260210,1.7513,0.68,26.5714,3.1372,5.2481,2.4183,2486544.775,688827.3281
688292.SH,20260210,13.9676,2.65,,4.6301,12.5533,0.4002,469662.4459,299064.8884
603912.SH,20260210,2.8786,1.02,,2.8583,5.9998,0.8658,500662.8544,500662.8544
688276.SH,20260210,0.4261,0.88,,2.0999,12.266,0.8412,831038.1144,831038.1144
002901.SZ,20260210,0.4013,0.62,37.1764,6.0343,8.1101,1.0098,2013376.8577,1402860.7235
002544.SZ,20260210,1.4031,0.64,2060.1426,5.7884,4.5967,0.0261,2162736.7024,2162530.6282
603330.SH,20260210,1.5238,0.89,,2.1884,3.3194,,334024.057,334024.057
601375.SH,20260210,0.8056,0.68,43.3674,1.4332,11.1461,0.5669,2047512.1527,1520356.1877
301575.SZ,20260210,2.5655,0.59,35.2278,3.2858,4.0662,,451117.35,86044.235
688082.SH,20260210,0.5642,0.95,52.4777,6.5578,12.8426,0.3307,8716911.5795,7922039.0707
920015.BJ,20260210,3.0033,0.92,33.8135,4.1459,6.4646,,678511.1683,188915.2916
002462.SZ,20260210,3.5643,0.57,65.2204,1.0484,0.2318,1.0705,463230.9066,462855.0254
603659.SH,20260210,1.0634,0.88,36.4825,3.0522,4.1741,0.5936,6026781.7934,6026781.7934
300499.SZ,20260210,9.1672,1.48,5704.3765,6.4365,9.7128,,891020.5583,792227.2135
688026.SH,20260210,1.1715,0.92,33.3552,2.3897,4.6745,0.3797,264586.7903,264502.3009
301181.SZ,20260210,1.5698,0.61,40.3914,3.4752,9.0284,1.6245,497866.0527,388590.8899
920679.BJ,20260210,0.9327,1.07,60.7944,2.3053,9.0566,1.7493,114939.3,76506.15
300943.SZ,20260210,18.8561,1.07,131.1686,7.2909,14.2219,0.3388,721930.44,475833.2966
688179.SH,20260210,1.3804,0.54,63.4289,5.3693,8.8753,0.954,532503.7686,532503.7686
300858.SZ,20260210,1.7161,0.81,49.0953,2.6721,13.8844,0.8099,487992.9585,362510.7615
002605.SZ,20260210,7.6157,3.07,22.7317,3.1189,4.4326,1.8131,1148123.5529,927094.5981
300887.SZ,20260210,4.4962,1.14,,2.2154,4.7084,,635783.8531,421959.7613
002414.SZ,20260210,1.551,1.01,840.6418,10.2572,18.0683,,7106504.8837,5655291.0852
002021.SZ,20260210,3.1805,1.1,,6.1107,4.5693,,380161.7887,380149.2493
002755.SZ,20260210,0.8198,0.95,58.202,4.6599,8.1737,0.7458,1493410.0048,1493395.8858
300278.SZ,20260210,1.3517,0.86,668.9999,4.6214,3.4051,,800259.7635,797745.9719
688069.SH,20260210,1.2544,1.04,,2.3893,6.736,1.4682,297190.0,297190.0
688695.SH,20260210,1.3095,0.77,262.9905,3.1997,13.3766,0.4772,249540.7431,150423.8152
688601.SH,20260210,2.7295,0.51,126.3259,5.509,9.1528,0.7767,683704.4678,683704.4678
603315.SH,20260210,3.396,1.16,103.5719,2.8879,4.1535,0.5422,490480.7502,490480.7502
688299.SH,20260210,2.8983,0.95,,2.6805,4.8876,,558117.0001,558117.0001
300975.SZ,20260210,8.0763,0.54,64.5941,4.5,1.2695,0.08,1025012.3612,734173.3472
300941.SZ,20260210,4.1011,0.95,114.8259,3.839,21.2594,0.5265,489557.25,254134.8447
920896.BJ,20260210,1.5867,0.85,34.2115,4.7329,4.8311,1.494,203258.2739,88959.7915
600426.SH,20260210,0.9315,0.75,24.234,2.4313,2.3994,1.4903,7821819.6628,7808077.9376
002942.SZ,20260210,0.9324,0.55,38.7709,2.7329,3.2198,1.3915,336029.6971,295822.1577
002040.SZ,20260210,1.5793,0.56,29.6769,1.4892,4.8886,0.9214,503073.3415,501143.7838
688185.SH,20260210,1.4078,0.93,,3.2763,16.625,,1615666.4585,747998.7725
300006.SZ,20260210,1.8976,1.1,,2.9518,7.0393,,542738.3594,542691.9416
300694.SZ,20260210,2.3143,0.69,90.8441,2.0415,2.0409,0.6048,284796.3333,284796.3333
002822.SZ,20260210,2.4166,2.21,,5.1522,6.7851,,712093.903,390765.4843
688165.SH,20260210,5.9625,2.55,,8.2804,11.7446,,1241836.4,1241836.4
600791.SH,20260210,3.9523,0.91,,7.5299,0.7387,,297089.28,296717.7846
301446.SZ,20260210,2.5246,0.5,52.4937,3.8913,8.5542,0.4529,459264.0,140305.152
920045.BJ,20260210,8.6916,0.79,105.5501,28.6502,13.7054,,2865812.1708,847369.2235
000544.SZ,20260210,0.4139,0.85,7.8841,0.9217,1.5913,3.0303,836279.2907,836279.2907
000681.SZ,20260210,21.1897,2.13,191.1164,5.8914,26.2735,0.0786,2136060.6024,2061927.2377
600210.SH,20260210,0.8704,0.62,9.2444,1.7287,1.0227,3.9474,1152719.4801,1152719.4801
920363.BJ,20260210,2.147,0.98,,5.0558,9.7267,,177632.45,95077.6898
600137.SH,20260210,3.7739,1.1,80.209,4.0594,5.7622,0.8208,220295.0544,220295.0544
300250.SZ,20260210,6.6427,1.09,,10.3959,22.9903,,540572.4324,397953.4429
600909.SH,20260210,1.3366,0.76,14.5195,1.3182,6.0332,2.1439,3055006.3173,3055006.3173
688610.SH,20260210,2.5955,0.69,96.8704,3.6747,13.6533,0.2495,545020.0,328074.5325
603017.SH,20260210,3.2898,0.72,84.992,2.427,2.8999,1.5759,346066.4371,346066.4371
300194.SZ,20260210,1.4987,0.99,36.7223,1.1918,3.1002,1.5695,530611.7224,431881.5203
300350.SZ,20260210,2.214,0.95,,3.8505,9.2092,,355753.7726,298500.909
600392.SH,20260210,10.6917,1.87,55.3486,3.7765,3.6745,0.5267,4992050.0714,4992050.0714
600475.SH,20260210,1.4315,0.63,34.815,2.297,2.3119,2.1554,1975025.1961,1948001.9161
688543.SH,20260210,7.6139,1.52,72.8501,6.1043,11.5307,1.1172,1401956.534,778453.094
000898.SZ,20260210,0.7033,0.88,,0.5224,0.2415,,2389151.4208,2029123.2741
600546.SH,20260210,1.5504,0.68,18.0569,1.3594,0.971,6.1443,2226298.2452,2226298.2452
301231.SZ,20260210,3.7514,0.31,,5.0877,13.3395,,427823.6,273215.2983
301551.SZ,20260210,19.5892,2.8,55.8528,6.7157,26.8102,1.6696,1617240.43,624860.69
600961.SH,20260210,2.0176,0.37,20.1369,5.8409,0.9993,,2140381.0425,1499865.734
603596.SH,20260210,1.2466,0.68,23.2961,4.2103,2.6294,0.6871,3080475.4994,3080475.4994
301137.SZ,20260210,2.9688,0.66,187.8161,6.7976,5.3364,0.1756,931975.4884,931975.4884
605122.SH,20260210,1.5648,1.02,,1.1974,2.0636,,240261.476,240261.476
301012.SZ,20260210,3.7697,1.2,108.7398,4.7947,3.9618,0.3573,559169.8999,559169.8999
600828.SH,20260210,4.3763,0.6,,1.6753,4.8792,,1177748.1313,1177324.9231
600165.SH,20260210,1.8603,1.64,,,13.1418,,641505.8587,290966.7175
000682.SZ,20260210,1.3326,0.72,23.7628,3.273,2.2288,0.6106,1800596.3704,1800367.9691
920110.BJ,20260210,1.0226,0.75,31.6494,3.9157,7.2095,2.6867,145158.0,60441.558
688565.SH,20260210,1.5559,0.98,61.2167,4.0381,4.7372,,198691.71,198691.71
002721.SZ,20260210,3.9377,1.56,,4.5229,14.1923,,928123.1366,928123.1366
603583.SH,20260210,1.3026,1.18,39.1358,3.0531,3.5044,0.7969,1443554.9136,1430368.1056
600108.SH,20260210,1.8385,0.71,70.9818,1.5614,1.5575,0.159,673632.6319,673632.6319
600583.SH,20260210,0.9288,0.67,14.2587,1.0682,1.0602,3.0828,2882723.3296,2882723.3296
603308.SH,20260210,4.5157,1.77,117.487,8.4618,15.2454,0.1145,4152986.8732,4152986.8732
688135.SH,20260210,3.1944,0.54,,6.1924,11.851,,677092.3594,677092.3594
300626.SZ,20260210,5.9286,0.99,,6.5523,4.3109,,346680.0,346490.3372
688583.SH,20260210,12.3185,0.72,115.029,12.0368,37.2323,0.3685,1374620.0,478993.5231
600523.SH,20260210,3.0418,1.75,35.2334,2.0096,2.4875,0.8483,629108.4139,628693.4287
603895.SH,20260210,3.606,1.88,,19.2332,8.3415,,372659.84,372659.84
002602.SZ,20260210,1.8284,0.56,37.2501,4.8444,4.0898,,14033779.1411,12941171.2258
002631.SZ,20260210,1.3894,0.85,,2.1434,3.8195,,468802.334,466620.543
301091.SZ,20260210,0.9512,1.16,152.1358,5.7573,11.2908,0.1518,1363018.8,1363018.8
600058.SH,20260210,1.2432,0.56,132.99,2.751,0.2422,,1374189.5315,1374189.5315
002015.SZ,20260210,10.3792,2.21,32.3791,1.6933,2.0525,0.757,2089218.7782,2089218.7782
688200.SH,20260210,3.3368,1.3,82.1428,10.7475,34.0898,0.2432,4170763.9329,4170763.9329
301261.SZ,20260210,10.6453,1.61,156.1884,5.2459,7.4765,0.653,807623.011,344434.2367
002643.SZ,20260210,1.3727,0.66,60.7573,2.1604,4.1395,0.598,1555186.2941,1532163.0355
688685.SH,20260210,2.3476,1.51,104.7142,8.1306,11.0329,0.3325,686678.3949,686678.3949
603976.SH,20260210,0.7948,1.07,181.128,2.7128,4.9236,1.1637,319644.7275,319644.7275
688063.SH,20260210,1.4823,0.53,293.642,1.6565,5.8147,0.711,1514848.0033,1514848.0033
002217.SZ,20260210,1.1948,0.9,8.195,12.1066,14.443,,2266257.8752,1721142.2295
920689.BJ,20260210,1.2736,0.64,41.1194,4.6434,3.9856,1.3,225851.8,116712.5085
000532.SZ,20260210,1.9519,1.05,25.0718,3.5784,10.4899,0.3686,561185.1775,559298.9865
002808.SZ,20260210,1.7485,0.58,,4.9354,5.6374,,128755.2,79037.8395
603903.SH,20260210,1.027,0.63,,2.0365,2.9704,,318383.3916,318383.3916
300086.SZ,20260210,5.3043,0.78,,4.0669,9.8052,,426906.6975,413360.2056
600298.SH,20260210,0.5663,0.56,25.5172,3.28,2.3623,1.2577,3796537.8322,3749176.1602
600509.SH,20260210,1.5692,0.83,88.3674,1.4638,1.346,0.6643,1138001.053,1138001.053
920020.BJ,20260210,1.6516,0.62,22.5349,3.4164,1.496,,379886.25,94608.247
002224.SZ,20260210,2.3867,0.85,429.9049,1.297,4.1132,0.6438,420386.207,375773.252
002613.SZ,20260210,3.4817,0.96,,2.0862,3.0192,0.7246,455635.4385,319714.2067
300711.SZ,20260210,5.703,1.15,81.8696,9.7733,11.2728,0.6889,723342.2692,721183.012
003007.SZ,20260210,6.0155,1.02,174.6603,5.7103,11.0232,0.1447,456357.24,322200.3846
603337.SH,20260210,0.4136,0.7,23.9737,4.2737,3.2998,1.0859,2096687.8521,2084865.8859
300243.SZ,20260210,2.4419,0.74,294.2831,2.7065,1.4532,0.4307,290745.6657,225662.3707
688106.SH,20260210,1.3553,0.89,100.3459,3.6209,3.9687,0.4455,1070954.5761,1070954.5761
920300.BJ,20260210,1.4135,0.82,,6.037,12.5225,,126023.581,97668.471
001379.SZ,20260210,5.1668,0.78,59.0458,3.2699,2.4196,0.8234,485800.0,163469.271
000426.SZ,20260210,3.191,0.43,55.271,9.6204,17.3666,0.1411,8810704.5369,8808569.5124
688235.SH,20260210,3.2154,1.89,,15.0247,12.3552,,44074992.6346,3290810.5465
002085.SZ,20260210,1.5508,0.87,41.0729,4.5542,2.0622,1.2626,3363303.2717,3363303.2717
600600.SH,20260210,0.4829,0.52,18.438,2.7242,2.6227,3.5161,8535768.8721,4437001.0254
000568.SZ,20260210,0.8757,0.81,13.7608,3.6487,5.7951,5.0343,17396882.0607,17365252.2893
605388.SH,20260210,0.6999,0.85,,2.4745,3.0844,1.1039,424542.188,424542.188
605255.SH,20260210,1.4825,0.69,562.1817,22.9505,55.383,0.165,1828851.2,1828851.2
603618.SH,20260210,27.4051,1.41,,3.732,1.0889,0.4098,1012173.9018,1012173.9018
600790.SH,20260210,0.6912,0.82,70.993,1.0222,6.1538,2.7517,592179.5349,592179.5349
603817.SH,20260210,1.1713,0.58,18.8379,1.2704,2.9912,0.8511,401909.2475,401909.2475
002620.SZ,20260210,3.6892,2.08,,,4.4625,,234423.774,195838.7482
603228.SH,20260210,1.8818,0.9,50.3806,4.7867,4.1665,1.2242,6109776.7066,6053558.292
688218.SH,20260210,1.3001,0.79,643.2692,2.9561,3.7974,0.8409,263177.2278,263177.2278
920122.BJ,20260210,1.3784,0.97,112.9223,9.2632,15.8163,0.8066,309933.4829,120033.1037
603309.SH,20260210,1.0647,0.56,17.8963,2.3295,2.6659,4.6843,437223.3842,437223.3842
002381.SZ,20260210,1.3779,0.68,43.3321,1.3805,1.0695,2.809,293043.3786,228122.3678
600983.SH,20260210,0.8587,0.51,20.4495,3.4333,2.1526,2.3349,951917.238,951917.238
688759.SH,20260210,9.3302,0.76,,11.485,,,1959909.6412,202341.9273
600064.SH,20260210,0.5641,0.49,6.6007,0.7794,5.3728,3.3822,1534811.2642,1534811.2642
002355.SZ,20260210,7.1288,0.56,,3.9735,5.4231,,485985.687,449407.1546
920950.BJ,20260210,0.7586,0.87,28.7051,4.3416,6.8353,2.0616,133369.08,64974.8619
002609.SZ,20260210,2.3228,0.74,114.3723,2.8525,3.931,0.6549,685905.8045,489720.6036
000950.SZ,20260210,2.1221,1.35,27.2062,0.8863,0.1227,1.0124,1019628.9706,1019628.9706
688333.SH,20260210,2.4049,0.76,135.7815,5.8826,17.1281,0.104,2901231.3122,2901231.3122
688062.SH,20260210,3.309,1.11,,19.4418,23.6935,,1479718.8,756041.51
688003.SH,20260210,0.9318,0.64,119.7257,7.8904,8.5028,0.6522,1474892.595,1474892.595
605199.SH,20260210,0.5047,0.56,,3.9297,2.5466,,270873.6251,270873.6251
302132.SZ,20260210,1.2964,1.01,95.8449,10.4725,4.2713,0.8153,20877049.9207,4578960.9957
002023.SZ,20260210,2.1066,0.68,68.8839,2.0175,5.8661,,881623.6797,881623.6797
603998.SH,20260210,1.9212,0.55,18.4783,3.398,3.2432,4.0225,545778.1305,545778.1305
001206.SZ,20260210,2.2856,0.69,21.3531,2.577,2.6378,3.2403,471664.1042,271210.741
000792.SZ,20260210,0.752,0.52,28.9319,4.2452,11.0346,,17430439.9501,17430338.5113
601865.SH,20260210,1.4906,0.66,117.8458,1.8924,2.4828,,4107069.0484,3332497.2334
603558.SH,20260210,1.5128,1.11,11.4541,1.7697,1.6724,4.5452,424185.9047,424185.9047
301377.SZ,20260210,4.7908,0.91,219.0029,29.6011,38.6716,0.3778,7380000.0,1278432.0
688316.SH,20260210,9.9857,0.89,,99.9202,17.0786,,381364.9031,381364.9031
603126.SH,20260210,2.5798,0.47,,2.3535,1.6558,0.0636,479853.0,479853.0
920090.BJ,20260210,13.1175,1.52,,25.4207,33.7968,,115812.7902,78636.8394
601878.SH,20260210,0.3741,0.65,19.1427,1.3519,4.5746,1.5738,4898536.2004,4898536.2004
688375.SH,20260210,0.736,0.82,167.0953,11.4657,30.2961,0.3354,7107477.6825,7107477.6825
920158.BJ,20260210,2.9525,0.57,45.0476,4.1907,6.9971,,226844.78,60679.7854
688255.SH,20260210,1.411,0.71,255.8564,3.5586,6.1769,0.8336,376815.9241,376815.9241
600076.SH,20260210,5.5615,1.26,,1.4852,14.6562,,566052.7575,566052.7575
300277.SZ,20260210,11.1018,1.5,696.6941,12.6262,27.8433,0.0244,617793.6,617793.6
002204.SZ,20260210,1.5191,0.58,23.8909,1.8276,0.9373,0.6753,1415694.2335,1415694.2335
300366.SZ,20260210,1.5631,0.86,,2.5284,2.8311,,414366.9343,361802.6982
601390.SH,20260210,1.2373,0.74,5.4334,0.43,0.1211,4.77,13478677.1732,11181442.2332
603225.SH,20260210,1.2218,1.12,25.8478,1.7911,0.4555,1.0636,3163070.9665,3144548.3995
300551.SZ,20260210,3.0568,0.89,,13.4328,30.9194,,587968.6486,586256.9715
000890.SZ,20260210,4.7112,1.1,,,9.3234,,230727.1824,230720.0753
920433.BJ,20260210,2.2941,0.72,,3.651,10.1556,0.9967,154063.648,101928.4704
003015.SZ,20260210,3.2984,1.07,53.7836,4.3458,7.3972,1.1666,473597.3339,416871.851
301082.SZ,20260210,1.7591,0.65,,4.1228,1.8039,0.5305,426592.793,394401.3982
603307.SH,20260210,3.0194,0.83,23.8654,2.0586,3.2952,2.3571,287965.71,71910.0
920729.BJ,20260210,3.99,0.72,60.8488,3.8069,10.149,1.4085,252302.05,70909.5128
688028.SH,20260210,2.0747,0.53,141.3635,6.78,18.3864,0.3862,1329860.69,1329860.69
002319.SZ,20260210,5.3146,1.22,,17.1113,7.8144,,310857.2048,296800.0
603032.SH,20260210,1.1989,0.77,,3.9092,8.1233,0.2943,444378.436,440854.7651
600549.SH,20260210,3.177,0.88,39.6381,5.3264,1.9713,1.0468,9160370.216,8966187.5246
600917.SH,20260210,0.3176,0.66,34.3711,1.5546,0.8546,1.4437,886670.5837,886670.5837
000683.SZ,20260210,1.0788,0.67,29.7384,2.1871,2.7519,3.5106,3177890.9838,2863405.2797
600874.SH,20260210,1.0174,0.8,11.7094,0.9641,1.9931,2.7419,973659.2127,762859.2127
688372.SH,20260210,2.6594,0.8,69.4604,6.58,13.1497,0.208,1866005.0605,1866005.0605
300825.SZ,20260210,2.674,1.71,,2.4791,4.7975,,522942.5051,508630.71
600067.SH,20260210,2.0257,0.81,,1.0465,0.5564,5.0954,588675.8766,588675.8766
002039.SZ,20260210,0.9014,0.78,16.7778,1.7214,2.8366,0.9148,747799.1624,747797.0636
920273.BJ,20260210,1.611,0.78,37.8525,5.0676,4.394,1.1172,329321.4681,219196.8297
301186.SZ,20260210,1.2296,0.83,31.0196,2.5681,5.2836,1.4855,404197.8527,379608.1774
688721.SH,20260210,1.7169,0.82,86.8963,5.1905,25.7879,0.8529,626115.0,250842.4926
920579.BJ,20260210,1.7869,0.9,524.0229,5.8709,6.926,0.1357,305443.32,105151.0568
300409.SZ,20260210,3.7774,0.71,52.5223,2.7809,2.9223,0.6213,2233320.7608,1962782.9279
000930.SZ,20260210,1.1694,0.61,126.0359,1.1195,0.6562,,1193692.4606,1193631.8154
002346.SZ,20260210,0.6494,0.75,15.6598,3.1105,10.6204,2.3054,897281.2453,799236.4569
600351.SH,20260210,2.1893,1.05,20.8982,1.7876,2.0487,7.481,465716.031,465716.031
300723.SZ,20260210,1.7268,1.04,,8.8129,15.0621,,1542982.4887,1426751.121
002178.SZ,20260210,2.2033,1.29,,10.7622,10.4605,,469308.8277,469065.1011
000639.SZ,20260210,2.4428,0.55,,1.1002,0.6848,,319510.7161,319510.3245
300152.SZ,20260210,11.8253,0.94,,7.6576,11.5967,,180338.4,180292.4615
600302.SH,20260210,3.6729,0.93,,7.6265,12.5488,,452580.8236,452580.8236
300448.SZ,20260210,5.8621,0.69,,5.5128,24.5999,0.3257,676517.079,464543.924
002383.SZ,20260210,2.0371,0.78,,4.9642,6.6491,,840308.9462,840308.9462
603681.SH,20260210,1.9451,0.7,25.7993,1.4658,0.5709,0.7281,381498.0229,381498.0229
300426.SZ,20260210,15.3366,3.42,,31.8421,19.2343,,468848.5052,416400.0
688045.SH,20260210,2.2268,0.56,8227.2159,2.4708,5.0753,,341716.4484,341716.4484
920946.BJ,20260210,0.502,0.61,34.4863,3.7865,8.3774,1.2739,469183.2557,469039.0119
300787.SZ,20260210,4.0536,0.86,36.0933,2.7195,1.3355,1.2742,409970.3902,249774.1889
002296.SZ,20260210,16.2433,2.74,18.174,2.29,3.9995,1.4164,550087.553,490550.6069
300406.SZ,20260210,0.7447,0.74,18.0899,2.1067,5.4489,6.7262,780963.0925,565322.5183
300625.SZ,20260210,1.1924,0.62,,1.8383,1.9059,2.2936,365364.948,211859.0568
688448.SH,20260210,4.7888,0.88,121.5303,4.8118,10.5554,0.4406,486805.7262,325923.8062
688595.SH,20260210,2.6071,0.69,,7.7784,6.9673,,559513.4762,559513.4762
600618.SH,20260210,2.9337,0.76,22.6889,1.9858,2.29,1.3487,1800514.7626,1167500.8426
688778.SH,20260210,0.5474,0.61,55.7039,4.575,2.099,0.6386,4205086.1036,4205086.1036
605169.SH,20260210,0.7803,0.93,37.4755,1.9307,1.2241,1.8372,377079.04,377079.04
688366.SH,20260210,0.3072,0.65,28.2827,1.967,4.3087,2.0965,1086636.7972,914566.3926
000670.SZ,20260210,4.0309,0.79,,116.191,1.5381,,707035.0384,687899.2096
301608.SZ,20260210,1.3659,0.64,37.5637,3.9317,5.1073,0.902,831522.56,373172.7296
000800.SZ,20260210,0.1824,0.57,54.3671,1.2987,0.5972,0.7174,3430132.8396,3429839.8961
002672.SZ,20260210,0.415,0.58,,1.7243,1.5353,,524996.506,429931.1935
300628.SZ,20260210,1.0165,0.61,18.323,5.3682,8.0147,4.8847,4656502.7406,2667662.7124
603324.SH,20260210,0.8992,0.89,65.8328,2.3156,3.0218,0.4732,389283.3729,389283.3729
002975.SZ,20260210,3.3613,0.72,97.5828,5.5318,8.0853,0.2841,1233849.0583,814796.5691
301456.SZ,20260210,1.8789,0.94,67.4416,2.0702,7.4611,0.6603,455706.4013,183254.706
605378.SH,20260210,0.5248,0.75,62.7135,4.5444,4.1268,1.6435,567905.7272,567905.7272
920304.BJ,20260210,2.5923,0.94,38.6989,4.3085,3.3203,1.4609,222172.272,186805.5698
603090.SH,20260210,3.2111,0.78,108.6702,11.6935,9.5846,0.4185,716900.0,716900.0
600217.SH,20260210,0.7879,0.71,,2.2272,1.916,,684610.9669,684610.9669
002490.SZ,20260210,6.3633,0.53,,13.2202,4.2576,,658224.93,446920.65
300383.SZ,20260210,15.9426,1.74,194.717,2.5054,4.6042,0.3378,3192524.8963,3185352.1367
688047.SH,20260210,1.8705,0.93,,24.9376,116.4811,,6373494.0,6373494.0
605003.SH,20260210,1.2997,0.63,57.6638,2.6136,6.9756,1.1999,375870.0,375870.0
001211.SZ,20260210,2.6095,0.97,93.3438,2.4525,1.3914,0.7077,211968.0,197237.9168
002466.SZ,20260210,1.3262,0.49,,1.9517,7.9234,,8237157.6197,7407135.7316
603005.SH,20260210,10.7599,1.9,61.3188,4.6251,15.3517,0.2609,2097384.2065,2097384.2065
002956.SZ,20260210,0.9147,0.87,40.2782,4.0473,2.9274,1.4751,632011.9314,631947.9961
600975.SH,20260210,0.8649,0.87,286.2933,2.364,0.996,,713556.8535,713556.8535
000710.SZ,20260210,2.8851,0.93,,2.7721,4.7704,,448972.2606,418503.0022
300147.SZ,20260210,1.0583,0.73,,8.9649,4.2212,,620941.0233,617297.0535
603380.SH,20260210,1.0295,1.07,27.8345,4.0261,2.6417,2.6042,616094.208,616094.208
002753.SZ,20260210,1.9044,0.64,42.5007,1.2495,0.8434,1.6725,332224.0519,188177.9407
002655.SZ,20260210,16.8643,7.55,60.9444,6.7713,3.6878,0.212,509544.0416,509404.7552
600585.SH,20260210,0.7621,0.58,14.9006,0.6889,1.5581,3.8384,13115773.883,9899263.883
300451.SZ,20260210,3.8068,1.59,,2.0076,7.7476,,864411.5781,851895.1237
301358.SZ,20260210,1.4095,0.54,63.5581,3.8724,1.5879,0.25,4755017.0063,4749613.3188
605369.SH,20260210,0.5135,0.61,42.4371,2.5273,3.8577,1.4506,433709.6307,433709.6307
002364.SZ,20260210,4.4461,0.56,187.129,7.4433,8.1804,0.312,1800590.0472,1783141.5132
300747.SZ,20260210,2.0446,0.72,125.8565,5.2448,5.1506,0.1635,1727481.6,1566525.7228
601065.SH,20260210,1.1838,0.69,18.4809,1.2521,2.3413,2.5522,554072.9801,358812.7401
002501.SZ,20260210,7.8659,1.7,,30.1605,27.1532,,795200.0,794409.1021
300540.SZ,20260210,2.9157,0.55,76.9193,4.7809,6.3703,0.1553,527756.3939,475265.842
603856.SH,20260210,0.7123,0.57,22.2453,1.4374,1.9239,1.5747,388673.2507,388673.2507
301090.SZ,20260210,0.4758,0.94,,1.807,0.7728,,1133795.298,1132612.8629
002152.SZ,20260210,1.5498,2.02,38.8391,2.6816,2.8297,2.7861,3297932.4885,3296273.5709
002369.SZ,20260210,2.3491,1.26,,15.1994,2.721,,471140.6687,470525.0032
688109.SH,20260210,1.5805,1.36,147.6214,12.3758,21.5154,0.5373,985055.6962,985055.6962
600679.SH,20260210,0.9924,0.96,,3.1476,3.0686,,673489.5939,449208.3939
603260.SH,20260210,0.4105,0.64,,1.8282,2.7184,0.9016,5851924.358,5851924.358
300970.SZ,20260210,4.9176,0.89,722.7163,1.8079,2.3947,,278813.0934,216339.5573
601339.SH,20260210,0.7914,0.45,19.5082,1.1637,1.4064,5.7584,1067693.128,1067693.128
002019.SZ,20260210,1.1474,1.05,36.6373,1.6901,2.8569,0.815,1492510.6343,1032488.6962
301633.SZ,20260210,1.6824,1.36,48.6835,4.2487,6.5851,1.4345,388145.28,177834.6854
600439.SH,20260210,1.6317,1.08,,1.2331,2.5655,,324879.8213,324879.8213
002304.SZ,20260210,0.5733,0.81,40.0907,1.7086,4.2661,4.2066,8297499.4676,8297303.6582
300771.SZ,20260210,2.7235,0.9,48.7925,1.8503,6.4227,0.9663,364800.0,275422.6898
688639.SH,20260210,1.5496,0.66,47.2991,3.302,3.1268,0.7046,885659.6689,885659.6689
600100.SH,20260210,3.0249,1.55,79.7352,1.9508,1.9866,,3152630.1479,3152630.1479
600162.SH,20260210,1.0578,0.75,,1.0852,3.7344,0.5696,627540.1194,627540.1194
920195.BJ,20260210,0.725,0.62,20.3645,2.5939,1.9216,0.9456,207333.45,149655.2533
002889.SZ,20260210,0.662,0.92,37.3848,2.2873,1.4797,0.3527,573676.89,381701.236
000012.SZ,20260210,1.1385,0.63,,1.0916,1.0299,1.4612,1446295.9824,922838.1177
301121.SZ,20260210,2.2993,0.71,103.5844,2.391,3.116,0.3525,397478.4013,203479.5841
301056.SZ,20260210,2.4412,0.69,60.2325,5.7104,7.5187,3.6563,437796.9205,288809.157
600278.SH,20260210,0.7557,0.76,36.5702,0.9939,0.2126,1.1836,762054.1968,762054.1968
601098.SH,20260210,2.3385,3.0,12.9618,1.3181,1.6461,4.8119,2052828.0,2052828.0
000897.SZ,20260210,4.187,1.21,23.7427,1.2001,2.4853,4.1667,368738.0694,368731.0926
600567.SH,20260210,1.2258,1.07,,0.6418,0.3619,,1040729.7955,1040729.7955
920475.BJ,20260210,1.2017,0.62,,4.6975,7.9713,0.3045,165940.52,69000.4491
301280.SZ,20260210,3.2213,0.62,38.4156,4.3576,4.5675,1.4415,813294.7124,238598.9474
920023.BJ,20260210,2.6215,0.66,314.2294,1.2033,2.7736,,146959.496,120695.03
301139.SZ,20260210,3.4975,0.61,174.7531,1.1892,2.0716,0.1832,232219.328,145479.2527
688785.SH,20260210,17.2367,0.83,200.6962,10.3749,43.9553,,2268683.5649,426504.0542
301218.SZ,20260210,21.4158,1.93,,4.8388,7.0075,0.0642,444185.8,272918.1162
920866.BJ,20260210,1.3347,0.43,41.1801,2.027,2.963,1.7277,153715.6327,79849.1057
002484.SZ,20260210,3.1236,1.06,36.5225,4.1364,4.7134,0.8645,2538813.9639,2449109.711
688051.SH,20260210,1.0663,0.87,,4.3867,12.6114,,286290.468,286290.468
601138.SH,20260210,0.5605,0.71,36.4322,7.1846,1.4336,1.7293,111344903.7441,111344903.7441
300813.SZ,20260210,2.4328,1.03,190.3486,3.9651,9.7992,0.7737,313299.9811,196592.0237
600238.SH,20260210,2.2896,0.91,,25.9673,13.9077,,263541.6,261819.689
601975.SH,20260210,3.0566,0.97,14.285,1.5632,3.0193,,1731727.5309,1731727.5309
300618.SZ,20260210,2.4564,0.7,50.4312,2.4605,2.072,0.3362,1375674.4782,1210430.1548
002671.SZ,20260210,2.5504,0.98,30.4223,1.8481,2.1182,,328924.1861,321744.3452
000923.SZ,20260210,1.9044,0.46,28.3795,1.4544,2.8532,2.1853,1493443.8628,1436638.298
002427.SZ,20260210,2.7816,0.77,279.3755,8.0246,3.2832,,760754.1038,760192.6352
601799.SH,20260210,1.187,0.44,26.7106,3.8129,2.8493,1.0156,4199201.7799,4199201.7799
300357.SZ,20260210,0.7199,0.71,37.3208,5.6404,13.8971,0.7905,1457134.272,1347150.6825
002639.SZ,20260210,12.7042,0.8,377.1926,6.258,6.0246,,1568382.4213,1320757.1912
688630.SH,20260210,2.0731,0.64,106.897,9.8728,18.6853,0.2222,2185314.997,2185314.997
301591.SZ,20260210,5.7867,0.74,56.3129,4.5181,9.4977,0.935,404869.56,163395.2134
300717.SZ,20260210,1.9692,0.99,39.1364,3.1213,6.274,1.3825,223021.75,221021.878
603196.SH,20260210,1.113,0.82,,5.35,12.9338,,1061372.6604,600765.2949
600490.SH,20260210,2.7729,0.48,76.3962,3.0611,3.235,,1942914.8554,1749521.5769
300302.SZ,20260210,3.7881,0.66,,8.2931,22.9259,,889992.8729,684887.403
002694.SZ,20260210,1.4701,0.29,,24.8138,2.9629,,260975.0016,245822.9994
603130.SH,20260210,1.4924,0.58,81.1026,4.9639,2.4935,0.2028,678220.0344,678220.0344
688057.SH,20260210,0.4388,0.66,34.249,1.1322,10.609,1.932,357144.0,357144.0
600310.SH,20260210,0.8168,0.7,,1.8937,1.5786,0.7634,576024.3137,576024.3137
603587.SH,20260210,0.5701,0.96,24.2207,1.7502,2.9341,3.7128,631017.4995,631017.4995
300187.SZ,20260210,0.9411,0.78,30.7506,3.229,4.5058,3.0926,348635.9691,346750.9112
300774.SZ,20260210,5.19,1.05,102.328,5.7564,7.7823,0.9421,867805.2502,413731.1975
000933.SZ,20260210,1.242,0.73,16.574,2.9455,1.7186,1.5827,7057375.8041,7052687.5536
600396.SH,20260210,0.9269,0.75,72.2159,3.412,1.0475,,460957.2337,460957.2337
920008.BJ,20260210,2.2015,1.14,80.2318,6.2733,9.2801,,196541.25,103584.8568
300411.SZ,20260210,1.2028,0.91,737.195,4.8516,10.3302,,470343.6481,357646.6335
000419.SZ,20260210,1.5768,0.7,28.2178,1.0367,1.8204,2.2489,362569.6309,362569.6309
300470.SZ,20260210,1.0622,0.99,19.5327,2.9182,4.5745,2.6631,780896.3224,740897.8672
002654.SZ,20260210,4.1617,0.76,207.9035,7.5995,2.1478,,1189340.6794,1189256.2594
688573.SH,20260210,2.7338,0.71,,3.6062,4.3491,,229038.5311,124685.6152
603706.SH,20260210,0.4216,0.71,18.5057,2.386,2.6704,4.3042,395999.255,395999.255
600513.SH,20260210,3.0205,0.64,,4.5116,2.3181,0.4218,602312.7297,602312.7297
300672.SZ,20260210,3.147,0.8,903.9579,7.6734,16.0288,0.2076,3122150.3622,3024865.9028
603979.SH,20260210,0.8797,0.5,20.1838,4.3386,3.5093,0.6198,4528704.4084,4528704.4084
300603.SZ,20260210,8.0523,2.11,,3.5928,6.0472,,504306.0806,405715.3563
600885.SH,20260210,1.4256,1.24,25.749,3.898,2.9203,1.1387,4715519.8717,4715519.8717
600071.SH,20260210,0.9449,0.9,95.2387,11.8748,3.7083,,598344.5141,598344.5141
601599.SH,20260210,14.0367,0.94,54.3328,4.3096,2.0405,,654545.9435,654545.9435
603043.SH,20260210,0.9594,0.82,21.0738,2.67,1.9672,3.1547,1043694.4272,1034858.9022
301227.SZ,20260210,4.3015,1.08,,2.1083,5.5028,,345781.9455,123217.7127
603188.SH,20260210,15.9529,2.94,,4.466,4.7425,,342672.17,342672.17
300032.SZ,20260210,3.0739,0.87,,6.4535,2.7095,,445759.1324,445759.1324
688755.SH,20260210,1.7321,0.92,49.6692,2.9264,4.9875,0.2474,355696.0,71139.2
603978.SH,20260210,3.1326,0.76,,3.433,1.7104,,519291.9755,519291.9755
002272.SZ,20260210,24.4017,2.97,,5.4225,4.8799,,809260.2137,645056.5633
003035.SZ,20260210,2.7325,0.5,196.9518,3.7472,7.4247,0.1019,2602272.7267,2602272.7267
600803.SH,20260210,0.2054,0.81,13.6196,2.603,0.4535,6.2016,6030589.3884,5983723.6252
605055.SH,20260210,1.4357,1.21,,4.1505,2.8188,0.6029,433400.0,433400.0
603338.SH,20260210,0.4861,0.63,16.7049,2.6498,3.5311,1.7194,2944919.2643,2944919.2643
605111.SH,20260210,2.9089,0.49,42.3044,4.3364,9.9468,0.1459,1848229.9232,1848229.9232
301029.SZ,20260210,4.6098,2.31,37.996,4.4086,6.5932,1.5218,1875337.4194,1365781.4339
688611.SH,20260210,0.8634,0.98,222.2681,10.5355,22.0071,0.2393,915889.3016,915889.3016
003022.SZ,20260210,0.5566,0.62,94.8045,3.707,4.6602,0.293,2735243.264,2732916.3776
603257.SH,20260210,5.046,1.11,41.8887,2.8459,3.0077,0.8627,695520.0,144320.4
000558.SZ,20260210,6.2633,1.37,,6.8472,14.2038,,718097.7396,717797.3267
300334.SZ,20260210,2.147,1.22,96.946,3.8745,9.818,,235308.9123,235281.1838
688518.SH,20260210,2.0607,0.74,57.1305,3.1912,3.1964,0.501,1021927.3344,1021927.3344
301016.SZ,20260210,2.9844,1.28,88.6189,5.8404,15.3705,1.6045,583346.4,553298.072
600661.SH,20260210,3.4761,1.32,,24.0654,2.4061,,323800.1779,323800.1779
920159.BJ,20260210,15.0047,0.77,22.7152,2.8955,1.3668,,309472.0,58636.8
603466.SH,20260210,8.2587,2.71,189.6205,3.0943,3.7272,1.8248,651885.4768,651885.4768
300294.SZ,20260210,0.5366,0.71,34.6233,1.4771,5.7699,1.3796,1133046.9143,1133046.9143
002595.SZ,20260210,1.2788,2.97,31.6431,6.6213,7.1641,0.4236,7540000.0,7488769.1024
688285.SH,20260210,0.7615,0.85,69.8302,2.1263,3.0425,0.2094,359356.8669,359356.8669
600973.SH,20260210,1.7735,0.79,,2.7427,0.2019,,980526.8673,980526.8673
600645.SH,20260210,1.0302,0.89,161.7717,3.2582,8.2146,,1209179.9318,1208718.1064
600180.SH,20260210,1.0306,0.77,254.6023,0.5191,0.1636,0.9235,408571.9265,408571.9265
689009.SH,20260210,0.9085,0.49,20.1713,5.5816,1.7693,2.8702,3835901.0526,2954431.842
002469.SZ,20260210,1.3647,0.86,21.6883,2.2337,2.0911,4.4297,585922.9549,567892.1046
600999.SH,20260210,0.5191,0.81,12.1895,1.2395,6.0213,2.877,14992812.2135,12795537.0889
002936.SZ,20260210,1.1507,0.66,9.184,0.3836,1.3263,1.0363,1754773.6321,1356654.2996
300430.SZ,20260210,2.5311,0.79,89.9593,2.608,7.4966,0.2059,596607.2493,567781.4467
301062.SZ,20260210,3.9038,0.64,,3.0307,3.6434,0.892,436167.6817,314413.7635
300463.SZ,20260210,1.5927,0.68,,1.1489,3.2902,0.8707,726809.282,591143.7923
601177.SH,20260210,1.5579,1.39,26.6247,2.4701,2.8857,0.355,689477.75,676101.4
600671.SH,20260210,5.2449,1.44,74.1323,36.9034,9.7692,,245749.7899,245632.0356
603985.SH,20260210,6.8584,2.08,,2.3271,1.9791,,749458.6051,749458.6051
000403.SZ,20260210,0.6194,0.73,23.3283,1.627,5.4808,1.9595,1305846.0084,1292535.7214
300620.SZ,20260210,10.2743,0.96,356.4846,21.7141,35.8325,0.0553,4508921.9618,4471413.5601
002550.SZ,20260210,1.2812,1.01,23.6496,3.694,6.6257,1.4759,1016161.2,747344.7029
600834.SH,20260210,0.8928,1.19,120.2221,2.5129,7.5168,0.412,428688.9507,428688.9507
920665.BJ,20260210,3.3117,0.82,40.092,2.4594,5.5616,1.0981,177566.34,87521.8985
688676.SH,20260210,1.9666,0.46,65.0152,9.0484,5.8476,0.5404,4266798.8979,4266798.8979
300613.SZ,20260210,1.5988,0.57,70.3441,3.9359,6.6518,0.2548,1083371.452,1021849.2359
601022.SH,20260210,0.7702,0.86,18.3505,2.0782,2.0811,2.2385,1251053.4673,1251053.4673
600883.SH,20260210,2.0229,0.66,59.0575,2.1663,37.7284,0.6667,212479.2,212479.2
001390.SZ,20260210,2.4218,0.83,28.5334,3.0479,4.9927,,483800.0,120950.0
600368.SH,20260210,0.6954,0.79,10.1085,0.9028,4.1689,3.2587,647080.8509,647080.8509
003023.SZ,20260210,1.6331,0.87,30.7619,1.6265,2.15,1.6736,251766.424,251194.0525
920476.BJ,20260210,1.9554,0.52,58.773,4.8966,5.9603,0.5774,210734.8252,199282.5382
300165.SZ,20260210,3.5681,2.61,,2.1224,3.888,,271044.9136,230032.4694
002868.SZ,20260210,0.9198,1.5,,,9.4911,,557165.7756,552239.2005
002527.SZ,20260210,2.5982,0.83,,8.8542,2.9571,,1107975.4173,884427.4281
002133.SZ,20260210,1.6854,0.65,,1.025,0.5722,1.2852,297271.3632,295630.1572
920395.BJ,20260210,0.3935,0.53,32.0885,7.5308,10.0008,1.541,178677.8594,120923.226
001338.SZ,20260210,1.0969,0.69,19.0208,1.6996,1.5097,2.3791,632682.5817,632682.5817
002457.SZ,20260210,5.1997,0.87,20.8256,1.7362,1.612,1.2343,428197.0512,427984.9973
000510.SZ,20260210,7.7022,0.71,,7.8708,5.4511,,971518.2963,908783.8959
601231.SH,20260210,2.302,0.89,48.7246,4.1,1.5256,0.5576,9030817.1948,9030817.1948
600207.SH,20260210,7.4523,3.21,,2.5552,1.8326,,611104.3428,611104.3428
600226.SH,20260210,1.8834,1.05,93.7265,4.9468,10.5885,,1787603.1156,1787603.1156
688161.SH,20260210,0.1616,0.72,44.7119,2.9582,8.0857,0.899,1193200.0,1193200.0
301381.SZ,20260210,2.0736,0.85,40.9221,3.5121,0.8016,1.079,934812.6494,452899.8194
000069.SZ,20260210,0.8019,0.65,,0.4782,0.5212,,2194307.9485,1883318.2862
601360.SH,20260210,6.07,1.86,,3.1358,10.949,1.5209,9204418.6109,9204418.6109
600109.SH,20260210,0.4433,0.58,13.7477,0.9767,3.9944,1.298,3405230.3523,3405230.3523
001203.SZ,20260210,1.3289,0.71,68.7554,7.0055,12.0225,0.6316,4677428.4072,4013030.315
000955.SZ,20260210,2.5601,0.81,,4.8166,6.746,,312269.1,312104.6555
600527.SH,20260210,2.3399,1.03,142.6005,1.929,7.4572,2.1548,398305.0075,398305.0075
002719.SZ,20260210,4.3783,0.7,,8.8807,2.7439,,170656.6679,158623.8731
688772.SH,20260210,1.5409,0.96,38.9593,3.0003,1.6035,1.5729,2139830.9806,2139830.9806
301209.SZ,20260210,0.8999,0.67,179.888,14.0842,20.3043,0.1488,1075088.0,918461.117
000008.SZ,20260210,1.5224,0.86,,2.8079,3.8662,,823062.4379,823037.9765
920478.BJ,20260210,1.484,0.8,25.6509,2.9237,5.2486,1.5061,149310.4039,89614.4052
002559.SZ,20260210,2.0033,0.69,75.9397,3.2291,2.6547,0.7137,571205.8599,523730.0381
600421.SH,20260210,1.866,0.55,,256.7035,10.5782,,158240.4,158240.4
002897.SZ,20260210,6.2042,0.92,68.6897,4.0525,1.7621,0.1744,1112875.195,1047120.7226
300150.SZ,20260210,3.8835,0.86,82.1626,2.2474,4.057,,353989.1621,278435.0554
603101.SH,20260210,1.3064,0.83,51.7507,3.2293,1.8847,0.5078,458169.6,458169.6
002095.SZ,20260210,1.9569,1.39,,5.3959,8.0728,0.2644,477893.52,475980.6128
301237.SZ,20260210,0.8519,0.68,,3.7792,8.3902,0.1581,494400.0,407030.25
600879.SH,20260210,6.2175,0.77,423.721,3.9886,5.9631,0.1993,8277942.029,8277942.029
300461.SZ,20260210,10.7313,1.19,,14.4472,42.9358,,768321.3373,702996.3332
603836.SH,20260210,1.3606,0.94,89.6371,1.7176,0.3308,0.9958,304158.6212,304158.6212
300316.SZ,20260210,4.2677,0.56,159.8129,4.1299,6.337,0.7257,7206364.4849,6777249.5478
600808.SH,20260210,0.8257,0.65,,1.2804,0.3955,,3080272.4744,2387100.4744
605288.SH,20260210,1.6707,0.76,227.9786,4.5534,7.3848,0.2605,1010624.0716,1003844.4416
301449.SZ,20260210,12.3586,2.08,43.5807,4.623,6.0468,,526173.9187,112252.1897
688391.SH,20260210,0.9853,0.99,56.1765,2.014,6.7978,1.8455,374340.07,374340.07
002051.SZ,20260210,1.6126,1.24,34.2594,0.9044,0.923,1.4689,1053035.0054,1052974.3972
301369.SZ,20260210,4.5681,2.39,461.7594,6.0604,28.3289,0.317,903929.6976,465742.4016
688363.SH,20260210,1.4708,0.79,364.4794,3.3364,5.0551,0.2234,2355406.6034,2355406.6034
600877.SH,20260210,3.0047,0.7,1182.2599,9.3917,24.1118,,2320756.6043,2320756.6043
300841.SZ,20260210,0.832,0.54,51.0326,2.6466,7.6602,1.4002,928080.7527,849392.8821
002801.SZ,20260210,1.1705,0.7,28.7782,4.3708,5.373,1.4159,803712.0,405309.45
920806.BJ,20260210,0.6649,0.75,42.698,2.7394,2.0773,0.7353,409001.8671,409001.8671
300839.SZ,20260210,8.5732,2.46,,5.7254,1.5402,,431236.7467,423525.4013
002731.SZ,20260210,0.0434,0.0,10.0744,1.4749,0.6137,0.8357,275880.012,247339.9428
300883.SZ,20260210,3.2861,1.26,,1.7037,2.7269,,242200.0,231472.2025
002102.SZ,20260210,1.4968,0.82,,2.5996,0.8511,,861518.1229,756167.5414
603131.SH,20260210,3.3221,0.9,,5.1651,8.375,0.0462,826096.5034,826096.5034
920570.BJ,20260210,1.6773,0.73,,5.1767,14.5283,0.2567,177651.3362,86192.6283
000975.SZ,20260210,1.2748,0.44,28.7583,5.7925,5.0607,1.213,8355157.2954,7605044.215
002037.SZ,20260210,1.282,1.02,,2.3662,0.648,,444205.1136,444205.1136
600289.SH,20260210,0.495,0.93,,3.794,13.2385,,424066.9904,380300.0436
300395.SZ,20260210,5.9604,1.25,121.1229,11.0003,27.6605,0.1352,5005935.6457,4903969.0355
601607.SH,20260210,0.2304,0.71,11.3509,0.8506,0.2283,2.3727,6408049.206,4819750.5686
002947.SZ,20260210,9.0526,3.15,22.5938,3.8375,4.5517,1.1979,1251582.6064,941021.7747
603015.SH,20260210,1.6833,0.74,130.0832,4.3304,7.486,0.3347,603903.186,603903.186
301176.SZ,20260210,11.799,3.83,,2.7971,2.6114,,424357.3342,141452.4456
301059.SZ,20260210,5.2663,0.66,48.7724,5.5052,7.7053,1.1597,336329.07,300802.3728
600768.SH,20260210,3.5254,0.41,105.4375,6.0131,1.4696,0.2872,232853.8752,232853.8752
300051.SZ,20260210,7.491,0.66,,23.9658,7.9928,,386898.3976,382383.0556
002028.SZ,20260210,1.6006,0.87,51.3686,10.4808,7.6616,0.2395,16246605.6896,12676955.0128
002965.SZ,20260210,2.2146,0.88,37.1432,2.1669,1.2271,1.1816,924319.7904,694585.4641
300635.SZ,20260210,3.3257,0.76,,5.2568,2.9825,,197839.782,170145.3028
300643.SZ,20260210,1.1966,0.86,26.4658,3.4731,3.728,0.8372,439381.7374,438616.6378
300207.SZ,20260210,3.6154,1.07,28.1883,1.8852,0.7643,0.822,4683317.3006,4344577.3147
601995.SH,20260210,0.6639,0.89,17.994,1.7413,5.9067,0.5136,16919535.3223,10247016.2522
603019.SH,20260210,2.8817,1.36,63.3076,6.3657,9.5815,0.3726,13343615.9501,13339886.5997
601288.SH,20260210,0.1122,1.04,8.1623,0.8734,3.2658,3.6404,235538581.7965,214851353.8529
600612.SH,20260210,0.6719,0.59,14.4748,1.8137,0.4467,4.5974,2332582.1097,1413991.8402
002248.SZ,20260210,3.1047,0.77,169.3537,39.9045,11.6581,,380064.5616,380064.5616
300376.SZ,20260210,0.9263,0.97,199.5994,2.3093,4.8394,0.3129,1545951.6761,1545416.7743
600686.SH,20260210,2.7685,0.68,40.2332,4.0713,0.5311,0.5965,1322235.4369,1322235.4369
000623.SZ,20260210,0.8465,0.6,8.8117,0.7459,9.6637,2.5907,2262634.0722,2253416.2596
300045.SZ,20260210,4.459,0.78,,11.1004,26.8305,,1782596.3848,1388882.4434
000518.SZ,20260210,0.6673,0.64,,7.4561,7.8294,,267684.6177,267679.2802
600167.SH,20260210,0.29,0.81,22.531,1.4423,4.6435,2.8454,1563622.7599,1563622.7599
603299.SH,20260210,0.8696,0.58,17.0226,1.4477,1.9145,3.886,891090.3503,886756.7748
002108.SZ,20260210,5.256,1.89,53.2245,1.6551,2.9013,2.0035,830893.4958,830339.0958
300079.SZ,20260210,18.7152,4.01,360.9736,2.2855,12.6716,0.1481,963994.9699,866280.2475
600025.SH,20260210,0.0714,0.63,19.8195,2.4841,6.5375,2.1094,17066082.3394,16488000.0
688132.SH,20260210,2.0019,1.23,,2.1656,11.7876,,298665.8502,212868.5987
688259.SH,20260210,1.4972,0.89,57.9844,3.0729,10.4947,0.5695,477294.1,477294.1
301316.SZ,20260210,1.6875,1.28,176.3314,16.2549,8.2971,0.1806,1789720.0,1772044.3
601116.SH,20260210,8.4293,0.69,69.6875,2.9466,2.4339,1.1561,947483.632,947483.632
605016.SH,20260210,1.7319,0.62,28.6145,5.3462,7.5898,0.8334,1046670.7014,1046670.7014
600148.SH,20260210,0.8543,0.68,309.1862,6.1569,3.9948,,292372.9857,292372.9857
002352.SZ,20260210,0.3541,0.51,18.0113,1.9915,0.646,2.3181,19563068.8477,18524976.4925
688312.SH,20260210,9.4971,0.91,58.3469,4.8912,12.2776,0.9948,723025.2314,723025.2314
300577.SZ,20260210,0.7563,0.67,15.0315,2.3703,1.03,1.6282,508213.0074,301247.1921
601668.SH,20260210,0.3635,0.48,4.6994,0.4353,0.0991,5.3445,20990758.3456,20990758.3456
002297.SZ,20260210,7.3961,0.62,,3.4783,8.0034,,731854.8539,731854.8539
601163.SH,20260210,0.5282,0.59,13.5682,0.892,1.2401,3.4663,1223200.0,1223200.0
688031.SH,20260210,3.107,0.67,,24.5642,56.7691,,2197163.2444,2197163.2444
000417.SZ,20260210,2.7586,0.65,41.7577,1.3674,0.9455,1.3333,643404.465,642697.6471
688143.SH,20260210,12.5805,1.44,159.3349,6.1672,20.0543,0.0714,835272.2818,793720.527
003032.SZ,20260210,2.0499,1.43,,2.1864,8.2075,,274066.7475,188105.7417
600020.SH,20260210,0.7186,1.02,9.1348,0.7827,1.3009,4.1063,930411.9384,930411.9384
300782.SZ,20260210,1.2512,0.73,,4.0319,10.3866,0.135,4038821.1449,3384268.776
000636.SZ,20260210,5.9419,0.98,81.8224,1.9666,4.4884,0.7004,2457496.0602,2457496.0602
000826.SZ,20260210,3.5596,1.02,,78.9026,0.6812,,330681.9535,330640.1265
920392.BJ,20260210,2.6089,0.92,108.0686,5.8539,2.76,0.2953,197599.565,94359.0107
688290.SH,20260210,0.8499,1.17,345.103,4.4408,21.5858,0.2091,559182.115,559182.115
688288.SH,20260210,2.1018,0.75,42.687,3.7527,4.444,,290557.6923,290557.6923
605599.SH,20260210,2.5722,0.9,23.4751,4.5763,0.7514,2.9388,1905555.61,1905555.61
603082.SH,20260210,2.4955,0.76,37.1061,3.8624,3.0618,1.5283,615653.5257,153913.4355
688758.SH,20260210,0.8164,0.73,64.6796,6.0717,20.0646,0.3482,801276.8976,573705.3849
920943.BJ,20260210,2.0101,0.93,31.0322,3.9732,2.4921,1.0032,252991.274,129105.1198
688331.SH,20260210,4.1379,1.31,,25.5795,27.0378,,6023539.2211,1740366.5982
920019.BJ,20260210,2.8995,0.57,77.8363,5.3287,3.2802,0.8587,489711.1443,390190.5661
300569.SZ,20260210,1.4756,0.63,,1.2322,1.6094,0.1574,637152.8249,635217.4798
603385.SH,20260210,0.9365,0.74,46.7005,0.7555,0.8872,1.4765,283595.4012,283595.4012
002812.SZ,20260210,2.9533,0.68,,2.2432,4.6133,,5647765.7878,4730146.8685
000017.SZ,20260210,2.2549,0.56,132.3373,14.2703,6.0828,,534118.3231,341637.012
600965.SH,20260210,1.6892,0.79,66.2034,2.3294,4.5989,0.6139,506775.8911,506775.8911
301577.SZ,20260210,3.3782,0.8,98.9336,3.7024,6.5431,0.4703,282334.965,118134.0419
301565.SZ,20260210,1.8512,0.82,151.5242,4.0727,4.4606,,980824.52,313880.52
688559.SH,20260210,2.1623,0.65,,6.0406,3.9631,,1427092.0934,1427092.0934
600780.SH,20260210,0.7438,0.84,11.4104,0.8558,0.6292,,701659.5441,701659.5441
603344.SH,20260210,2.9276,0.7,31.1401,2.8746,2.3456,0.9984,604018.6929,167766.1929
601166.SH,20260210,0.2451,0.51,5.1412,0.4986,1.8722,8.6344,39828494.9826,39828494.9826
600629.SH,20260210,1.442,0.79,63.3944,3.5598,2.4697,0.6269,1888279.0304,1854765.7793
600343.SH,20260210,13.2899,1.28,,16.9926,27.3962,,2304563.1226,2304563.1226
920436.BJ,20260210,0.5572,0.81,,4.1139,1.1737,,157302.54,147965.4714
001296.SZ,20260210,3.6453,0.87,29.2315,2.3759,3.5627,1.4167,415863.2191,213646.7224
601880.SH,20260210,0.2751,0.4,25.7948,0.9572,3.3491,1.4573,3865769.8229,3019740.3991
920670.BJ,20260210,19.238,2.65,458.7945,8.5524,20.4006,,207586.592,130297.6631
300836.SZ,20260210,1.8976,0.87,93.534,9.8335,9.2153,0.3407,560655.2549,382356.304
300348.SZ,20260210,2.363,1.0,3584.6891,5.4378,6.4289,0.0493,1150863.2058,1006304.3049
002210.SZ,20260210,6.4981,2.87,949.8324,9.2434,47.5144,,880868.0482,879220.9591
300381.SZ,20260210,1.2972,0.86,523.751,1.3145,4.0958,1.411,340305.5925,339113.1564
002748.SZ,20260210,2.6353,0.9,70.706,2.2195,1.4983,0.3937,304800.0,304800.0
300918.SZ,20260210,1.6396,0.71,48.9839,2.3801,5.3583,0.9387,899400.8768,899400.8768
002395.SZ,20260210,1.1898,0.45,9.2283,3.5115,2.0305,0.7622,527835.312,527790.9946
300843.SZ,20260210,4.2903,0.46,80.6819,6.0095,5.9193,0.3956,951780.0735,913322.5333
300684.SZ,20260210,4.697,0.95,51.0995,7.8314,9.2755,1.1808,1640412.0144,1118967.7063
603667.SH,20260210,20.7498,1.61,364.4437,11.1947,9.6713,0.1317,3339036.8569,3339036.8569
688779.SH,20260210,1.2051,0.61,,2.849,2.8003,,1909927.1506,1909927.1506
300267.SZ,20260210,3.6728,1.05,,1.7767,6.1475,,794102.875,547620.878
300553.SZ,20260210,3.8355,1.23,130.4135,5.709,14.3313,,485831.5762,368701.7267
601933.SH,20260210,2.3716,0.76,,10.9911,0.7314,,4056541.5359,4056541.5359
920942.BJ,20260210,1.7203,0.85,65.8379,3.7915,10.5064,0.4853,189562.0661,127894.304
601658.SH,20260210,0.1715,0.71,7.1597,0.6252,1.7666,4.0983,62449427.8158,34903645.504
002819.SZ,20260210,1.1122,1.0,,2.0964,2.7917,0.0849,842803.2113,661278.0146
688718.SH,20260210,0.7495,0.88,71.5831,3.3794,6.861,0.7823,256287.7238,256287.7238
603306.SH,20260210,3.0477,0.69,100.3571,8.2102,10.3645,0.1124,2546991.0395,2546991.0395
002424.SZ,20260210,1.1324,0.85,2706.6562,1.8417,1.9069,,600967.312,521682.2402
603328.SH,20260210,6.7647,3.53,26.3569,2.8563,3.0633,1.6032,1233076.6246,1233076.6246
603989.SH,20260210,0.9902,0.97,33.1554,1.9464,1.8852,0.8157,733356.1625,733356.1625
603194.SH,20260210,1.1435,1.12,18.2981,3.0952,2.2983,2.2033,1601594.0,631159.4905
600884.SH,20260210,21.3095,6.45,,1.5503,1.6833,,3401112.2489,2774685.936
688325.SH,20260210,1.6622,1.3,106.4563,5.0009,18.8617,0.9785,859925.7867,798640.0
002237.SZ,20260210,3.0451,0.36,38.8313,1.8887,0.2616,0.6578,2460979.0722,2052044.6898
300113.SZ,20260210,15.3304,0.99,51.06,7.3463,9.5085,0.3269,1855881.9126,1407517.0902
601808.SH,20260210,0.5281,0.67,19.1518,1.6253,1.5097,1.4725,7472313.072,4636092.888
603488.SH,20260210,2.4795,0.59,,3.1359,6.1671,0.3096,282938.7364,282938.7364
603006.SH,20260210,1.028,1.11,48.4771,2.7493,4.2165,5.3901,358498.4925,358498.4925
600797.SH,20260210,6.9091,1.35,644.6842,3.1844,3.2654,,1111783.5323,1111783.5323
300041.SZ,20260210,2.0393,0.64,43.9822,2.3523,1.6023,1.2336,680272.5636,661609.944
300678.SZ,20260210,4.3861,2.03,1286.097,12.01,21.0627,0.1458,1016308.5987,998793.6165
300134.SZ,20260210,1.0005,0.75,,2.4216,3.9135,,922532.6032,856326.4432
301138.SZ,20260210,3.0125,1.14,41.0732,4.3478,6.5288,1.4851,484800.0,276982.9656
603323.SH,20260210,1.064,0.58,5.0982,0.5489,2.4852,4.9154,1041567.3815,1041567.3815
300528.SZ,20260210,23.613,1.87,,20.7729,15.2835,,1097703.3271,1097703.3271
000691.SZ,20260210,1.61,0.83,,,9.2279,,412654.155,275102.77
002551.SZ,20260210,1.7098,0.99,,1.2754,2.757,0.2044,330588.38,238974.0083
301361.SZ,20260210,5.8914,0.58,44.0002,3.6236,15.3512,0.4496,434747.632,113769.228
000096.SZ,20260210,1.0631,0.67,96.4404,2.0955,3.9628,0.6763,585552.0,566530.432
300698.SZ,20260210,2.4482,1.05,130.2519,10.8199,7.6051,,557038.0,492795.4851
688602.SH,20260210,2.7987,0.87,,1.5803,5.9024,,440949.375,220397.1407
600712.SH,20260210,1.2056,0.71,,4.4488,6.0998,,354570.6394,350660.0895
300167.SZ,20260210,4.6261,2.6,148.8388,69.9132,4.2466,,200916.984,185188.917
600773.SH,20260210,1.4122,1.09,253.0404,2.6323,6.9174,0.0766,1242772.4457,1242772.4457
920790.BJ,20260210,3.6907,1.92,350.8262,8.7055,14.3013,0.8711,271962.4169,187177.8114
605398.SH,20260210,3.4378,1.27,784.821,5.1,10.0385,0.0458,525248.4714,525248.4714
603855.SH,20260210,0.3815,0.67,15.1121,3.181,1.7384,5.0713,665571.692,661670.09
002824.SZ,20260210,5.667,0.83,56.0435,3.0981,1.8622,0.6765,701397.1009,426357.5857
603278.SH,20260210,3.0155,0.74,,2.1768,0.8674,,436768.503,436768.503
300246.SZ,20260210,9.1264,1.37,,3.1873,3.4875,0.3585,364857.5203,291362.6866
300314.SZ,20260210,3.4744,1.12,62.9442,3.4387,8.109,0.5979,419040.0,209143.8068
688569.SH,20260210,0.5131,0.82,26.2034,1.5402,3.6556,1.6698,441557.4032,441557.4032
603325.SH,20260210,1.1943,0.56,14.229,2.4119,4.1819,1.532,639711.984,273328.8672
600805.SH,20260210,0.9993,0.69,62.4527,1.1306,1.7312,1.4035,485009.8616,484656.9598
688246.SH,20260210,2.9286,1.06,,2.5141,7.7884,,347403.635,347403.635
603766.SH,20260210,0.7537,0.94,17.5181,3.3098,1.6451,3.9088,3152186.7398,3152186.7398
603408.SH,20260210,0.4718,0.76,14.0717,1.8238,1.2324,5.0587,610489.572,610489.572
000004.SZ,20260210,0.7283,2.87,,31.6012,15.8235,,116759.4087,111385.8114
601628.SH,20260210,0.0655,0.86,8.1648,2.2448,2.174,1.3992,138977554.485,102389297.01
301042.SZ,20260210,0.6983,0.3,498.951,5.3327,11.8989,,560577.5591,530807.4491
002350.SZ,20260210,2.6268,0.56,79.1958,3.1805,2.3638,0.2924,524976.7478,513573.8239
600505.SH,20260210,1.7971,1.05,318.9905,4.1064,3.2333,0.1456,500915.745,500915.745
688172.SH,20260210,2.3665,0.96,,3.1665,31.4178,,5914621.7759,3225453.8709
688449.SH,20260210,1.4201,0.58,160.5023,11.9735,17.1307,,2280680.0,1453706.1013
300750.SZ,20260210,0.4361,0.55,26.1168,5.2987,4.3148,1.5159,166567159.2952,155354317.4109
920056.BJ,20260210,7.3776,0.78,38.3412,4.2955,3.6496,,224325.4082,84697.2972
002458.SZ,20260210,1.1786,0.71,45.5142,2.5446,3.5444,2.5372,1069901.2888,724156.0426
600882.SH,20260210,0.7305,0.69,57.311,2.5359,2.2512,,1172103.2808,1172103.2808
001283.SZ,20260210,1.5053,0.73,35.993,1.9687,1.1893,0.5254,679812.7417,542409.961
000718.SZ,20260210,1.4748,0.65,,0.7936,4.7536,2.8926,734382.0049,552266.5355
002141.SZ,20260210,4.2285,2.03,,4.9672,3.116,,413174.3192,407588.35
920174.BJ,20260210,1.2905,0.5,135.1053,3.332,13.3374,,1038974.4279,416733.6356
600500.SH,20260210,1.4429,1.13,,1.4383,0.3322,,1632778.2348,1632679.3679
300542.SZ,20260210,1.9491,1.48,,10.3413,4.2095,,559799.8106,464369.2575
000423.SZ,20260210,1.088,0.48,21.1969,3.5773,5.5971,4.5946,3558615.9294,3553317.9377
300015.SZ,20260210,0.9736,0.57,30.9975,4.6003,4.5017,2.2357,9978174.4369,8512232.9776
300699.SZ,20260210,2.2438,0.91,53.9099,5.7041,11.3424,1.2723,3242272.8,3203627.8911
600460.SH,20260210,2.9722,0.75,95.582,4.3227,4.0421,0.1289,5161950.8632,5161950.8632
002389.SZ,20260210,1.977,0.87,261.6809,2.8846,8.2326,0.2564,2304703.4891,2304333.7808
688625.SH,20260210,1.8773,0.66,46.513,8.8976,13.3803,0.5816,1302992.66,1302992.66
000650.SZ,20260210,1.0703,0.64,18.7342,1.3136,2.2204,2.5168,834363.1875,793505.9571
605058.SH,20260210,1.86,1.79,30.6179,2.5982,3.3411,1.8927,453068.9215,453068.9215
300809.SZ,20260210,1.4818,0.62,207.353,5.9673,19.3047,0.3106,979421.9296,581649.994
002279.SZ,20260210,8.4472,0.86,191.4633,5.9539,2.8698,,833754.0443,763666.3465
002957.SZ,20260210,9.9138,0.96,57.6202,3.9837,5.2046,0.5565,1275906.7317,1271946.3828
301067.SZ,20260210,5.4413,1.43,2593.1156,4.1645,4.3169,0.1395,345382.272,226720.2528
000917.SZ,20260210,7.4562,2.22,96.7343,1.5498,3.7156,0.1754,1616014.2253,1615903.6738
600604.SH,20260210,0.4734,0.78,,1.6662,3.9151,0.1808,1035937.5566,778322.5066
688267.SH,20260210,0.9396,0.58,24.7533,1.8152,6.2313,2.2183,507279.8,507279.8
301150.SZ,20260210,4.0213,0.92,457.0702,2.9493,1.9187,,1050017.0684,1002078.9486
600685.SH,20260210,3.3769,1.45,56.1473,2.6577,2.2563,0.4468,4745140.9109,2757557.9026
600099.SH,20260210,1.5544,0.59,119.9121,4.6419,2.2792,0.2646,248482.08,248482.08
920819.BJ,20260210,0.4755,0.74,,0.9518,0.8607,,481739.4,474550.4475
688466.SH,20260210,0.958,0.79,36.2699,1.9643,3.6215,2.2368,223908.5606,223908.5606
603815.SH,20260210,1.5855,0.64,26.232,1.8102,1.0069,0.9097,437579.4341,437579.4341
300443.SZ,20260210,1.7653,0.68,25.9307,1.3604,3.0743,0.6373,852518.4345,646507.2818
603938.SH,20260210,3.8075,1.68,130.2901,4.058,5.1076,0.0643,1008215.5496,1008215.5496
688208.SH,20260210,0.7218,0.61,28.1331,6.9488,5.0678,2.5844,2343631.4932,2343631.4932
300422.SZ,20260210,1.1016,0.76,,2.4813,1.4365,,274948.4003,263397.7234
300127.SZ,20260210,5.1087,1.04,64.7151,7.7963,14.0503,0.9787,1155571.3834,825398.5166
000912.SZ,20260210,0.7871,0.78,,1.1556,1.6652,,729120.0,729120.0
600094.SH,20260210,0.7938,0.8,,1.1085,4.9484,,1136900.572,1039726.4456
002778.SZ,20260210,1.5935,0.96,,8.6425,12.1667,,272960.2204,270062.0831
300894.SZ,20260210,1.5039,1.06,,4.4844,5.1596,,485100.8214,351121.1262
000011.SZ,20260210,1.0863,0.79,,1.6103,1.7449,,546512.8274,482778.0729
600941.SH,20260210,1.3459,0.94,14.2249,1.487,1.9464,5.1083,203195771.1856,8472476.4318
002918.SZ,20260210,3.7083,1.27,108.4526,2.1496,1.7454,1.1608,704373.391,367152.2264
002592.SZ,20260210,1.5029,0.61,25.1098,3.0483,4.1446,2.01,281914.5012,261402.7882
002396.SZ,20260210,2.4168,0.9,34.8835,2.4567,0.8908,0.8634,1696173.0038,1689179.6851
300304.SZ,20260210,2.3845,0.99,27.6629,3.5058,5.2149,0.6542,1175834.4384,1144196.3
300935.SZ,20260210,4.3609,0.86,,3.7746,22.7501,,299294.8022,227111.132
920932.BJ,20260210,1.5824,1.07,166.7123,3.0053,5.4319,0.1094,209647.1965,172758.1605
301107.SZ,20260210,1.8692,0.92,39.6039,3.3543,4.4585,1.5928,318827.6076,185462.1115
300877.SZ,20260210,5.7953,1.37,42.969,2.3742,3.835,0.2938,396000.0,395996.535
600822.SH,20260210,1.3908,0.99,230.5385,4.6059,2.5937,,564417.1761,450816.3193
000637.SZ,20260210,2.5646,0.61,,4.5351,0.7848,,251619.6723,176459.1666
688513.SH,20260210,1.401,0.59,51.1957,4.3117,9.2985,0.6052,1235725.792,1235725.792
688556.SH,20260210,6.6949,0.69,,3.0614,3.4394,0.8238,1194652.9171,1194652.9171
603277.SH,20260210,0.3774,1.83,19.396,3.8977,3.6615,4.1651,1025491.5387,1018885.6078
001965.SZ,20260210,0.1039,0.51,12.8177,0.9969,5.3755,4.2769,6632012.7122,6632012.7122
600120.SH,20260210,2.0839,1.35,17.2076,1.3944,3.8426,1.7563,2267813.3107,2267813.3107
688175.SH,20260210,2.317,1.12,,2.8483,17.7463,0.2609,495672.061,495672.061
603098.SH,20260210,1.292,1.06,85.3471,2.8956,2.483,0.3298,818185.1666,816820.7666
600603.SH,20260210,0.6282,0.68,19.8749,1.1025,2.5004,,805497.1769,805497.1769
000925.SZ,20260210,2.1399,0.87,86.8253,1.718,2.3945,,567474.3109,564851.9744
688326.SH,20260210,1.8873,0.78,,4.1442,2.5294,,1633722.1658,1520183.2321
605222.SH,20260210,0.8753,0.63,57.9636,1.8485,0.3822,0.1916,862141.6686,862141.6686
688536.SH,20260210,2.0115,0.65,905.1359,4.0475,13.0954,,2490857.6974,2450227.5077
000505.SZ,20260210,1.8115,0.63,,1.6979,0.6411,0.2503,522677.2305,454681.4616
688203.SH,20260210,1.2908,0.59,390.4013,1.8439,3.364,0.445,271588.6111,166318.1294
300722.SZ,20260210,1.5902,1.28,148.0905,14.3707,23.5109,0.546,912466.1146,912466.1146
688981.SH,20260210,1.7026,0.81,193.2539,6.1493,14.209,,92965640.348,23234916.8194
300584.SZ,20260210,3.6229,0.97,119.3847,5.124,8.6872,0.2245,534600.0,365803.3734
003040.SZ,20260210,1.0444,0.8,1441.1467,6.0409,8.1508,0.1635,846184.5086,838320.2234
301052.SZ,20260210,31.937,4.3,140.396,6.1693,6.4769,0.118,444525.3508,360240.0681
002294.SZ,20260210,1.27,1.79,86.7903,6.6539,13.7266,0.9549,5837179.3773,5835866.1937
000014.SZ,20260210,17.7245,8.1,,2.2116,65.6059,,351935.2097,351935.2097
002055.SZ,20260210,2.6271,0.66,,2.7124,0.848,,387478.1009,380747.6009
603586.SH,20260210,0.6415,0.8,23.8208,1.6296,1.9835,2.6151,374852.9154,374852.9154
002054.SZ,20260210,22.8242,1.66,57.5207,2.0272,1.6928,0.6431,513935.0718,409744.4632
600136.SH,20260210,1.6438,1.12,,15.7889,5.4131,,375511.9713,357528.4669
002987.SZ,20260210,0.9786,0.72,51.5437,5.8313,3.529,0.9122,1698486.9776,1651665.6624
603602.SH,20260210,4.3315,0.83,126.3048,3.3071,2.1771,0.4361,356983.8282,356983.8282
001359.SZ,20260210,2.9684,1.24,56.4141,7.273,12.3031,0.4648,1436722.0129,359213.1
688148.SH,20260210,2.2529,0.88,,14.9359,1.9345,,432626.7489,432626.7489
001207.SZ,20260210,2.6165,1.43,18.9883,2.509,2.3862,2.1612,574662.5518,523528.462
002106.SZ,20260210,1.7583,1.07,28.2201,1.507,1.3615,0.8403,839921.2304,837880.0805
300895.SZ,20260210,5.9988,1.43,,9.9953,29.6487,,782147.6496,767546.871
600998.SH,20260210,0.6858,0.85,9.4637,0.996,0.1672,3.7816,2637211.9324,2637211.9324
600158.SH,20260210,2.6783,0.82,513.4488,3.6672,4.3155,0.1984,952796.4755,952796.4755
300155.SZ,20260210,4.9286,1.1,,2.6078,19.9852,,319338.5863,188183.5355
002226.SZ,20260210,0.711,0.65,20.2881,1.5939,1.6907,1.0535,1634385.4015,1634352.4001
301005.SZ,20260210,7.8296,0.84,1659.4307,29.24,28.6601,0.0295,2248871.9343,2217207.3155
002566.SZ,20260210,1.8993,0.69,69.3898,1.2574,4.3809,1.182,279985.0536,196094.7359
301111.SZ,20260210,10.4624,1.44,,4.9633,13.3434,0.2154,371360.0,371360.0
000906.SZ,20260210,0.707,0.87,22.4566,0.9296,0.0196,3.2053,442120.1605,436872.373
600979.SH,20260210,1.3403,0.97,39.2661,1.242,1.8897,1.2473,576577.2463,563142.724
002787.SZ,20260210,2.7042,0.6,43.3408,2.2678,1.8055,0.7852,423328.0445,316836.324
000768.SZ,20260210,1.9164,1.11,77.9049,3.8303,1.8709,0.3996,8351790.6602,8326526.0759
688586.SH,20260210,1.3799,0.43,393.729,4.9745,13.0777,0.5803,1227367.031,1227367.031
600436.SH,20260210,0.5624,0.65,41.318,6.9081,10.2226,1.9432,9997569.4869,9997569.4869
601788.SH,20260210,0.3439,0.67,20.9705,1.2138,7.1985,1.286,7819895.8357,6625761.2309
688795.SH,20260210,8.2917,1.27,,23.3909,285.0536,,26932616.8341,1683610.7178
300509.SZ,20260210,3.7907,1.08,45.7443,7.2235,3.7349,0.9967,446082.0,371890.8021
600707.SH,20260210,0.7204,0.77,61.4346,1.1005,2.1213,,2397044.341,2396563.381
920087.BJ,20260210,3.7652,0.4,114.4496,5.5216,7.6033,0.8631,287117.6,285112.1653
600153.SH,20260210,0.5579,0.72,13.7843,0.504,0.0402,3.15,2806753.3174,2806753.3174
603839.SH,20260210,0.8935,0.76,,1.8079,1.4844,1.1758,327567.049,327567.049
688180.SH,20260210,1.2134,1.12,,5.8997,14.7698,,3667336.2192,2737559.9788
920242.BJ,20260210,1.1679,0.76,17.9586,2.8154,2.3134,1.4218,185202.7065,104102.4527
688251.SH,20260210,5.0176,2.93,158.2829,3.4163,3.3443,0.4502,285509.7957,283525.537
603127.SH,20260210,1.5705,0.87,124.243,3.4438,16.7646,0.08,2796567.557,2352477.4482
000929.SZ,20260210,0.9718,0.75,,3.9592,7.3403,,185022.936,185011.2061
920130.BJ,20260210,10.3344,4.15,,4.757,7.076,,243060.9269,147443.4171
002191.SZ,20260210,1.15,1.24,,0.8755,2.2825,,585066.8701,580527.761
600582.SH,20260210,0.5181,0.56,8.898,0.9719,0.8545,5.2922,2479014.7463,2479014.7463
300845.SZ,20260210,4.0183,1.07,52.1867,3.2247,6.6755,1.9559,258285.2216,181629.1853
603565.SH,20260210,0.2873,0.42,10.1608,2.198,2.027,11.7988,2171465.2485,2171465.2485
002076.SZ,20260210,1.867,0.76,,7.7078,10.2674,,242898.2635,228258.0568
688409.SH,20260210,1.0734,0.56,550.0683,6.0223,8.0248,0.1648,2772432.3206,2772432.3206
688503.SH,20260210,14.4325,1.96,93.3864,4.5459,1.6563,0.4539,2203232.2522,1828972.9849
002270.SZ,20260210,1.3457,0.73,39.9746,9.01,11.6743,1.953,2831176.1365,2831115.6417
920124.BJ,20260210,3.5451,1.37,24.5205,2.6039,2.4689,,270843.3666,139363.6958
301112.SZ,20260210,0.7821,0.62,,3.4708,7.9659,0.2625,420115.746,420115.746
301109.SZ,20260210,3.5211,0.86,17.0502,1.6385,4.4124,4.0508,1252303.0363,365996.5157
002908.SZ,20260210,4.2431,1.61,285.4109,4.0888,7.5113,0.4717,452140.8282,337282.6943
300195.SZ,20260210,4.3302,0.96,241.7552,1.4338,2.3514,,383879.2269,284404.7078
603165.SH,20260210,6.479,4.09,17.2617,2.0875,1.6492,10.6954,359876.7342,359876.7342
300085.SZ,20260210,3.1703,0.8,,55.1666,36.2369,,2762964.4919,2549370.2826
688112.SH,20260210,0.9926,1.28,49.5351,4.1502,11.3699,1.2435,652910.8484,652910.8484
300806.SZ,20260210,7.4284,0.87,527.6644,10.7885,8.3739,0.0184,2447369.4157,1707218.7186
605399.SH,20260210,1.7329,0.72,,2.2325,4.4321,0.652,478922.9732,477882.9212
600388.SH,20260210,0.7263,0.52,24.3635,2.2075,2.0912,1.5152,2347045.5495,2347045.5495
300364.SZ,20260210,35.6059,4.09,,65.2431,22.6448,,3084469.4996,2796181.7533
301626.SZ,20260210,2.0291,0.82,108.2676,12.8946,18.9771,0.319,2030993.76,923831.7479
000592.SZ,20260210,11.6156,0.68,,11.1796,15.2194,,2144276.7901,2125752.6184
600061.SH,20260210,0.7063,1.17,14.2017,0.9056,25.9821,1.6494,4923367.4775,4923367.4775
688252.SH,20260210,1.9303,0.65,33.1972,3.9184,3.9857,0.317,923161.1666,419362.3951
002467.SZ,20260210,13.9379,0.88,124.6885,5.0975,12.6342,0.1381,995769.2361,989623.9849
300164.SZ,20260210,25.4504,0.72,108.3689,4.7427,5.8101,,690850.4304,684689.4534
601236.SH,20260210,0.2911,0.81,39.7051,1.5855,17.9552,1.861,3877199.5239,3877199.5239
300487.SZ,20260210,0.7095,0.66,40.1908,8.5897,13.0456,1.1681,3386248.957,2048624.4391
300315.SZ,20260210,16.2037,2.55,,3.5578,25.0572,,1759947.152,1678967.9771
000938.SZ,20260210,1.5334,1.09,51.9039,5.003,0.7424,0.2963,7238862.1611,7238862.1611
001231.SZ,20260210,5.0456,0.64,38.9101,2.5426,3.4789,0.5954,251349.1,125511.075
600887.SH,20260210,0.8973,0.99,21.1227,3.1761,1.4462,6.3551,16920339.7842,16836262.0037
002354.SZ,20260210,13.8237,1.88,,9.8663,6.7176,,1267412.7381,1245463.3597
300307.SZ,20260210,2.2743,1.77,61.9447,1.8167,3.0888,1.3371,594010.9018,585075.855
300637.SZ,20260210,1.42,0.72,254.7572,4.0685,3.2665,,298132.6651,297821.2789
001311.SZ,20260210,12.0069,1.08,46.0948,2.7599,3.3209,1.2635,1266567.5734,321615.5629
300762.SZ,20260210,5.3105,0.81,,11.0035,53.3594,,2569635.939,2569635.939
000625.SZ,20260210,0.4524,0.78,16.3642,1.4513,0.6794,3.0753,11122300.8537,9275806.7151
301136.SZ,20260210,5.0279,0.69,1601.9222,3.2763,8.1283,,477755.5675,477755.5675
002681.SZ,20260210,1.6625,0.87,,5.0415,4.1313,,1148577.4285,980915.6992
301234.SZ,20260210,0.8676,0.82,118.3191,3.7557,5.9483,0.7141,285668.0,285668.0
000922.SZ,20260210,1.7121,0.83,40.6572,2.1976,2.0118,0.7716,1000083.6366,845111.7533
688585.SH,20260210,0.7422,0.81,660.8517,41.7067,33.1936,0.0225,5563164.9526,5563164.9526
688226.SH,20260210,1.0486,0.73,,4.3652,2.2013,0.3888,733581.6707,733581.6707
600256.SH,20260210,1.2514,0.58,17.5507,1.4515,1.0614,11.4972,3458073.6035,3458073.6035
600030.SH,20260210,0.6211,0.62,13.8534,1.5086,5.5634,2.0292,41630916.0427,34203931.686
603057.SH,20260210,0.9298,1.12,60.2042,5.7544,3.6165,1.8672,1153703.3625,1149480.0
000828.SZ,20260210,0.3732,0.6,10.7151,1.1211,7.2998,4.33,1140350.1402,1140348.6593
002183.SZ,20260210,2.2287,0.48,169.2629,1.4589,0.189,0.1923,1350444.7273,1350436.9273
002617.SZ,20260210,3.678,0.71,63.0738,2.668,4.6125,,1703783.2301,1675828.0331
301089.SZ,20260210,2.5279,0.93,,2.4355,10.0893,,370775.385,266560.5971
300688.SZ,20260210,6.3103,0.99,,13.2687,32.1186,,530760.2803,470508.0903
688682.SH,20260210,1.7102,0.88,448.6233,7.7547,16.865,0.2915,499010.5855,499010.5855
688167.SH,20260210,7.1734,0.65,,14.1058,39.9894,,3100063.7185,3100063.7185
688689.SH,20260210,1.1685,0.58,54.5143,3.3059,3.9302,0.7327,399213.3993,399213.3993
300644.SZ,20260210,2.4633,0.78,28.9493,3.7125,1.3477,0.7256,373423.8746,294218.9055
300222.SZ,20260210,2.6877,0.88,83.5796,5.4224,3.3723,,930824.3559,758028.9968
920184.BJ,20260210,1.7613,0.57,255.4641,4.1092,10.7312,,255679.231,172259.9595
600533.SH,20260210,1.4419,0.82,,0.8961,0.5423,,288750.0,288750.0
002736.SZ,20260210,0.1882,0.62,10.295,1.3219,4.7393,2.6196,12843145.7972,12053986.4388
688220.SH,20260210,2.3076,1.18,,6.4642,9.5649,,3564341.8752,3145436.248
920418.BJ,20260210,1.3469,1.08,29.3403,4.9991,6.2936,1.0664,444409.056,426649.9051
002653.SZ,20260210,0.9294,1.12,178.3534,13.035,12.9032,0.2744,5509996.4124,2377531.7374
600169.SH,20260210,0.412,0.67,39.0088,1.6099,0.8295,,820040.2767,816619.6675
002692.SZ,20260210,1.6727,0.96,59.4756,3.3404,0.9066,0.354,405752.49,405505.5709
000688.SZ,20260210,0.9563,0.57,117.8703,8.2426,14.9278,,3369147.4882,3369135.2064
688066.SH,20260210,7.9253,0.7,,15.4072,10.2032,,645878.6499,645878.6499
688628.SH,20260210,0.945,0.99,25.5114,3.4281,3.55,3.3949,425834.5103,425834.5103
603696.SH,20260210,6.4297,0.8,115.0831,7.9805,7.4681,0.4571,463108.8,463108.8
300429.SZ,20260210,3.8688,1.06,,4.6483,8.4653,,800702.5095,595160.5277
301556.SZ,20260210,7.4243,0.48,64.6198,9.2269,16.3925,0.7847,892796.32,308626.12
688818.SH,20260210,77.5347,,331.5331,21.9687,35.5251,,11453276.1307,870515.7394
000425.SZ,20260210,0.9652,0.73,21.1381,2.3459,1.3893,1.4643,14044802.116,10766651.1664
600325.SH,20260210,2.1566,0.54,,0.6525,0.1545,2.7451,1238468.4522,1238468.4522
605376.SH,20260210,5.0532,0.9,187.2709,17.5059,28.1679,0.1361,2883616.8,2883616.8
600996.SH,20260210,3.6991,2.35,,5.0647,9.4407,,1184459.8613,1184459.8613
600132.SH,20260210,0.6512,0.52,21.6645,19.3657,1.8114,3.9927,2666681.301,2666681.301
002096.SZ,20260210,0.7601,1.35,21.0239,2.2354,1.8248,1.6289,1751502.3672,1751499.3893
600845.SH,20260210,0.9643,1.2,46.5181,6.0625,6.093,2.5997,6665948.3782,4955273.7433
000153.SZ,20260210,1.3865,0.87,27.3954,1.4839,0.7516,1.4906,311803.9853,307900.7615
002086.SZ,20260210,3.1987,1.67,,3.4569,13.5533,,458393.481,370020.9327
300020.SZ,20260210,2.7597,1.74,,1.3121,26.2247,,351247.6645,338854.6961
605567.SH,20260210,2.576,0.78,60.4268,2.1947,0.9139,0.8347,239600.0,239600.0
000506.SZ,20260210,4.2792,0.4,401.3177,28.0883,34.701,,1798578.3853,1797976.6765
603527.SH,20260210,1.4503,0.65,25.3398,1.6668,0.3306,1.4747,343913.752,343913.752
688655.SH,20260210,1.9237,0.96,,4.1493,4.5297,,278651.71,278651.71
600988.SH,20260210,2.881,0.4,25.7244,5.5825,6.1061,0.435,6989712.3127,6119866.0483
002548.SZ,20260210,4.7216,1.02,,4.0098,1.2245,,571439.824,555085.3295
301131.SZ,20260210,2.4575,0.84,48.9249,2.5901,1.4556,1.1957,243783.7695,161657.2916
000605.SZ,20260210,1.3445,0.92,149.2607,1.2051,1.5157,0.2747,256735.4608,256735.4608
000913.SZ,20260210,1.5079,1.09,15.4036,1.7344,1.4761,5.8028,816746.5185,718489.893
601233.SH,20260210,1.5091,0.98,30.6113,1.4108,0.5761,0.4465,5338105.6553,5328477.3588
920357.BJ,20260210,0.9174,0.55,28.816,4.639,3.1193,2.1459,186586.4,103719.018
000967.SZ,20260210,0.8292,1.14,60.7295,1.3556,1.7296,2.5855,2315035.9931,2313933.8644
600062.SH,20260210,0.4816,0.77,12.3124,1.7349,1.7773,2.5148,1945592.8144,1934767.5898
601111.SH,20260210,0.7357,0.69,582.5076,3.403,0.9368,,15773372.584,10520850.9645
601216.SH,20260210,0.9792,0.81,14.2547,1.6627,1.8787,2.6408,4792793.8775,4792793.8775
688032.SH,20260210,0.9138,0.53,344.0949,2.3298,6.6261,2.8989,1358853.4648,1358853.4648
605128.SH,20260210,0.5315,0.55,52.3732,3.9032,3.4052,0.6727,812461.7407,812461.7407
000983.SZ,20260210,1.2756,0.65,23.2975,1.0826,1.0036,3.6782,3951262.3371,3951238.0989
688338.SH,20260210,5.4468,1.18,41.2788,2.1318,13.6428,0.9538,359716.5936,359716.5936
002638.SZ,20260210,1.8806,0.69,,2.1473,11.0838,,442471.0595,416626.1358
301195.SZ,20260210,1.8614,1.24,29.1022,1.9981,4.6945,1.7813,481922.8462,320062.2812
002081.SZ,20260210,1.2692,0.8,21.5389,0.7175,0.58,2.6954,985125.0886,981148.4138
300423.SZ,20260210,9.0754,0.66,,3.5278,4.5879,,475620.7932,318692.6217
603102.SH,20260210,0.7461,0.69,23.8304,1.7809,3.4489,1.6113,289856.0,289856.0
300359.SZ,20260210,3.987,2.06,,7.0606,10.6584,,387600.0543,387580.6386
002452.SZ,20260210,3.4268,0.43,22.6817,2.4069,3.3922,1.0989,620952.4171,516420.6948
688088.SH,20260210,2.5598,1.53,87.3074,7.5453,23.1182,0.9375,2009061.3632,2009061.3632
002853.SZ,20260210,4.0984,0.63,,6.1439,8.9946,,572526.9172,402846.071
920086.BJ,20260210,11.4291,1.17,34.752,3.4891,10.9587,,290369.6,92803.415
002044.SZ,20260210,5.9379,1.27,90.4364,3.5391,2.6688,0.1888,2798691.5549,2770072.7533
000151.SZ,20260210,1.9828,1.17,,13.916,4.0716,,463210.0095,422794.3362
002698.SZ,20260210,1.0642,1.05,34.1803,4.2513,5.9408,1.5152,1687226.4899,1386889.0679
300671.SZ,20260210,9.9897,1.14,,6.2884,13.4317,,1044279.9318,1041246.0187
000678.SZ,20260210,3.0661,1.41,,7.9776,4.1331,,636102.727,636102.727
002321.SZ,20260210,1.641,0.68,,5.5095,1.0745,,511893.617,509810.9002
002872.SZ,20260210,2.007,1.16,,0.8316,3.1605,,163134.0,110253.0027
688696.SH,20260210,1.0225,0.48,28.1277,2.3384,1.9577,,675412.92,675412.92
301190.SZ,20260210,4.2052,2.62,74.8994,2.6761,8.299,0.5886,523283.787,388505.052
002156.SZ,20260210,3.9818,0.72,74.158,4.8146,2.7153,0.0934,7308746.7282,7308049.9012
920190.BJ,20260210,2.8363,2.06,117.4072,3.1988,0.8487,0.4372,274500.0027,272971.175
000062.SZ,20260210,0.6446,0.63,83.7282,3.8655,1.1046,2.3539,2577120.5694,2574705.056
300556.SZ,20260210,13.4415,2.18,,6.029,4.9567,,267442.1134,235420.757
600189.SH,20260210,1.4819,0.78,636.3074,4.8378,4.5266,,597905.3708,597905.3708
688136.SH,20260210,1.2379,0.68,49.8793,3.6542,4.1305,0.2519,626312.562,626312.562
601121.SH,20260210,3.6774,0.65,75.6848,2.0142,4.6378,0.4735,633600.0,300960.0
600995.SH,20260210,0.3875,0.54,28.0229,1.893,6.0853,0.8927,4244295.709,4244295.709
300233.SZ,20260210,1.2277,0.89,76.8702,1.628,2.1298,2.5534,594237.8607,575398.2765
688579.SH,20260210,1.7579,1.56,74.3176,3.4747,8.6862,0.5426,479211.98,479211.98
300701.SZ,20260210,1.665,0.98,56.1372,3.6829,8.1652,0.7886,358508.1309,315886.4716
300847.SZ,20260210,3.7445,1.79,47.2995,3.715,4.5864,0.7403,543770.37,543770.37
002153.SZ,20260210,5.5019,1.02,,5.0977,12.402,0.0769,3547951.9933,2079692.9452
002410.SZ,20260210,2.6229,1.12,65.6414,3.8423,3.7445,1.0751,2286290.9693,2197904.2133
002929.SZ,20260210,7.2154,1.37,,2.1709,1.3829,0.2692,1372121.2957,1017008.3887
002489.SZ,20260210,1.3751,0.84,12.5518,1.7486,1.4009,1.0582,819888.1663,723124.9348
002283.SZ,20260210,4.7687,0.54,27.1736,1.5519,2.4911,3.0023,934354.886,822891.6718
600255.SH,20260210,2.6949,0.92,165.0957,4.802,1.5432,,695366.5777,695366.5777
002583.SZ,20260210,1.4851,0.88,,7.837,3.5043,,2002299.9385,1412275.8749
300040.SZ,20260210,4.3359,0.62,,1.7254,3.0657,0.8112,445883.4321,358541.5992
920445.BJ,20260210,1.6107,0.67,77.9956,5.5504,4.5213,2.5445,171329.603,121219.6461
688310.SH,20260210,1.6921,0.76,,3.6,10.362,,290053.3591,290053.3591
000796.SZ,20260210,5.1099,0.62,,12.4552,15.0459,,1032840.0619,857013.8256
002948.SZ,20260210,1.5195,0.54,6.238,0.7566,2.2207,2.8777,3236117.2265,1730550.7879
300611.SZ,20260210,2.3013,0.78,40.321,4.787,3.1108,0.4245,588265.1332,413320.4053
300951.SZ,20260210,1.1355,1.18,32.7014,2.7215,4.7412,1.5854,633388.8322,566063.5008
688011.SH,20260210,1.8831,0.9,,6.5389,48.1731,,699700.0,697338.6734
605011.SH,20260210,0.8545,1.29,43.4858,3.4234,2.5157,1.0763,817804.4,817804.4
301291.SZ,20260210,4.9155,0.96,20.988,2.9671,1.9292,1.6924,1457349.6,754521.3059
600345.SH,20260210,17.44,1.34,104.8825,4.0969,16.0974,0.1257,1442382.6896,925783.4837
000931.SZ,20260210,2.0786,1.43,77.2821,2.4279,1.6004,,397651.0465,396543.5929
605580.SH,20260210,1.8506,1.15,54.3201,6.8429,7.2498,1.0602,660240.0,660240.0
688084.SH,20260210,2.0725,1.65,,3.8834,19.793,,608979.8222,596716.0519
603235.SH,20260210,0.1815,1.35,19.4681,2.5104,5.3967,2.4634,1201268.32,1201268.32
603987.SH,20260210,0.9047,0.76,16.8571,1.5406,1.8047,1.594,411020.2181,411020.2181
688708.SH,20260210,0.5577,0.67,55.4681,7.4761,25.0289,0.1618,2471661.79,879125.5667
603379.SH,20260210,0.8188,0.74,23.1113,5.6349,7.6991,1.1206,4179949.9663,4179949.9663
000762.SZ,20260210,1.4042,0.51,,4.5884,56.644,0.1934,1347359.3739,1347311.1988
002724.SZ,20260210,1.9282,0.69,,2.1414,3.3373,0.6606,580937.9895,427544.0357
300163.SZ,20260210,8.2651,0.58,26.9668,4.2645,10.2705,,250272.0,239601.0973
300205.SZ,20260210,1.9625,2.29,,2.0919,10.3012,,205566.768,205566.768
002828.SZ,20260210,9.1576,0.73,282.5646,3.6547,2.3263,0.3953,254249.314,244855.8984
002362.SZ,20260210,3.2031,1.37,,5.1598,2.8131,,542933.7688,461066.123
001216.SZ,20260210,3.1524,1.29,20.5035,2.5572,3.1029,2.1786,462427.2612,450835.6734
600703.SH,20260210,1.6424,0.57,839.2751,2.2384,4.3793,0.1189,7912583.701,7912583.701
002441.SZ,20260210,6.9775,0.76,27.6964,1.3037,0.5241,4.6729,582661.6616,427015.31
002607.SZ,20260210,4.9457,1.61,169.2601,22.2864,8.3321,,1819382.8198,1499779.2265
600598.SH,20260210,1.6134,0.61,25.0625,3.3523,5.4006,3.5576,2748293.1393,2748293.1393
600281.SH,20260210,1.4574,0.72,,24.0203,6.7609,,313785.2353,313785.2353
600008.SH,20260210,0.7459,0.62,13.1716,1.0943,1.1476,6.8404,2253561.3378,2253561.3378
000819.SZ,20260210,1.3047,0.77,,2.8757,1.7235,0.606,610051.9394,603493.8372
002661.SZ,20260210,0.8587,0.67,27.8244,1.3984,0.7446,4.2826,319145.9568,301359.8007
300107.SZ,20260210,5.8353,1.07,379.2718,2.9365,8.8261,0.2038,441784.0804,272620.7793
000001.SZ,20260210,0.3094,0.75,4.9777,0.4841,1.5807,5.407,21462945.527,21462594.3222
002130.SZ,20260210,9.8276,1.54,35.2893,5.7979,4.3714,0.477,3579371.8146,3251557.8846
603789.SH,20260210,0.9692,0.85,,10.3196,4.0558,,153028.8242,150020.0
002078.SZ,20260210,0.5751,0.68,14.8437,1.5612,1.2056,2.3966,4664079.1136,4635472.5688
002361.SZ,20260210,35.0406,1.12,404.3287,6.3502,5.5878,0.3383,1405629.6842,1195883.7704
600696.SH,20260210,2.6766,0.81,,2.351,7.6141,,67562.8251,67562.8251
688403.SH,20260210,4.0041,1.2,88.4749,4.5955,9.3876,0.4843,1620578.654,1620578.654
601939.SH,20260210,1.1356,1.01,6.9597,0.6933,3.1087,4.2662,234655542.1687,8605510.8726
603727.SH,20260210,1.0458,0.77,154.1781,1.4349,2.0587,0.3056,453849.7552,453849.7552
300337.SZ,20260210,4.2207,0.65,995.2322,6.9966,1.9922,0.068,1209067.3132,1046468.7601
300871.SZ,20260210,6.0061,0.7,25.4267,2.5978,3.285,0.7597,547714.2318,547714.2318
920407.BJ,20260210,2.7704,1.13,92.18,7.1704,7.114,0.3342,196553.968,80019.5803
300500.SZ,20260210,1.8359,0.86,,2.0393,2.5153,1.1521,226515.2794,218212.5374
603125.SH,20260210,4.7403,1.52,49.1825,3.1055,7.5486,0.5641,742469.9118,185627.1179
688300.SH,20260210,1.5944,1.11,52.7396,9.2516,13.8572,0.6146,1511114.191,1511114.191
603072.SH,20260210,1.7226,0.62,74.2793,5.1838,4.9025,0.3573,1109447.44,529913.54
300664.SZ,20260210,1.257,0.75,19.6357,0.9786,2.4871,1.6911,431066.1092,428779.8392
003006.SZ,20260210,0.711,0.51,31.8891,6.3777,2.637,2.5208,936632.1822,934289.0637
300066.SZ,20260210,5.9502,1.01,55.534,2.8913,6.3563,0.4127,756104.1815,731296.823
002691.SZ,20260210,3.5884,0.53,,3.7728,8.5682,,320280.0,316493.4473
600968.SH,20260210,0.5598,0.62,11.335,1.5132,0.8203,3.169,4330334.3888,4330334.3888
001277.SZ,20260210,2.0071,0.68,30.7969,2.0589,3.0501,0.969,318440.0,190154.02
000831.SZ,20260210,3.5807,1.03,545.1432,12.2111,16.5384,,5902510.1285,5902510.1285
603917.SH,20260210,2.2681,0.86,301.4047,1.817,4.6089,1.002,305148.48,305148.48
002788.SZ,20260210,8.2297,0.66,20.1219,1.9126,0.2963,2.1944,619684.1939,608961.1126
000848.SZ,20260210,0.7529,0.48,13.8262,2.7034,2.8278,3.6104,872100.0633,864528.1833
600168.SH,20260210,0.678,0.96,52.8611,0.9699,1.315,0.5153,520540.3262,520540.3262
601568.SH,20260210,0.8201,1.03,81.0771,1.4491,1.7787,2.3923,1660388.8896,1660388.8896
601086.SH,20260210,1.0255,0.5,79.0061,4.1424,9.0092,0.802,658674.0,658674.0
002189.SZ,20260210,0.6954,0.59,,11.3048,4.5968,,595011.9439,594922.3
688613.SH,20260210,8.4498,3.43,,2.426,16.2849,,348138.8119,348138.8119
300933.SZ,20260210,3.2115,0.9,235.128,2.3454,1.6622,0.2802,502776.1272,502776.1272
600510.SH,20260210,0.808,0.8,93.6513,0.9455,1.8087,0.4298,984552.286,984552.286
002157.SZ,20260210,1.3881,0.85,,2.4898,2.1351,,2923051.3781,2286024.3294
301319.SZ,20260210,1.3573,0.59,66.7663,4.887,4.0429,1.1871,573016.4029,430576.5151
301283.SZ,20260210,1.8071,0.64,25.9153,2.422,1.8903,1.4048,396459.8625,226026.7108
300957.SZ,20260210,2.3105,0.6,57.0777,3.3813,3.9668,1.2296,2055730.8,2055730.8
600623.SH,20260210,0.8303,0.79,28.4628,0.9024,0.4325,1.9196,1999707.0658,1763275.1414
301115.SZ,20260210,3.1635,1.49,110.6526,1.3396,2.3933,1.8513,338236.2986,224621.8617
002277.SZ,20260210,4.2234,2.06,,1.4952,9.4297,0.0693,1005198.5888,1005198.5888
002219.SZ,20260210,2.2082,0.85,347.3439,4.1476,2.4193,,816359.0025,788562.5365
600681.SH,20260210,1.7421,0.85,16.7244,1.5996,1.0614,5.6086,561818.1654,561379.8755
000089.SZ,20260210,0.2951,0.34,25.2366,1.2742,2.8835,1.669,1474503.277,1474483.7878
002175.SZ,20260210,4.2091,0.59,,5.6031,14.9338,,453257.1581,453257.1581
688576.SH,20260210,3.8971,0.87,48.9247,2.1687,10.3558,1.2127,372645.4914,178478.4374
301040.SZ,20260210,11.183,0.93,,5.0226,5.3025,,367003.7838,345832.93
605186.SH,20260210,2.0479,0.78,342.3909,2.828,7.7605,,305456.0,305456.0
688603.SH,20260210,4.0938,0.79,118.637,7.8892,20.8289,0.2714,919718.64,349686.93
688321.SH,20260210,2.3379,1.26,1778.6634,8.4533,15.2198,,1295196.8074,1295196.8074
605368.SH,20260210,0.4441,0.7,18.7337,1.8283,1.3937,10.3281,588145.358,588145.358
688359.SH,20260210,3.3111,0.95,,12.3291,14.2966,,762058.6393,762058.6393
603058.SH,20260210,5.9205,1.77,42.9542,4.6777,5.7684,0.8607,561038.7238,559617.2078
002922.SZ,20260210,3.308,0.53,69.8521,4.8591,3.4924,0.8739,1817247.0965,1605121.6973
603786.SH,20260210,0.317,0.47,34.4527,5.136,4.1801,0.9384,2797515.3609,2797515.3609
301585.SZ,20260210,1.6587,0.57,50.6427,3.4577,7.3085,0.9588,333736.0,218561.5564
920271.BJ,20260210,0.8308,0.99,20.7838,3.4971,5.5616,1.1046,215334.658,95287.6494
003003.SZ,20260210,8.1827,0.75,40.1037,1.9572,2.4473,1.3797,252886.32,168566.5411
300424.SZ,20260210,2.8176,0.61,,5.9687,2.6066,,453807.5548,453538.9209
002533.SZ,20260210,1.9614,0.48,17.1631,2.4138,0.528,1.7488,1039994.4849,903543.5786
000761.SZ,20260210,0.4548,0.61,,1.7852,0.3354,,1552913.3036,1401713.3036
300712.SZ,20260210,1.8891,0.8,137.3766,4.2436,2.9355,0.1683,546696.692,544347.1292
688692.SH,20260210,1.7314,0.91,58.5204,8.8212,24.3085,0.35,3026905.2,1954942.6545
000935.SZ,20260210,1.0362,1.14,59.3941,2.7397,17.065,,2128471.6484,2128471.6484
002150.SZ,20260210,8.8583,1.36,41.1753,5.0681,2.8824,0.358,1014763.074,1008228.4781
301191.SZ,20260210,5.2999,0.88,131.9503,4.7489,4.7672,0.8726,789458.67,594278.5905
688439.SH,20260210,0.9098,0.75,73.1754,2.4253,12.4459,0.2697,1208800.0,1208800.0
000915.SZ,20260210,1.0114,0.72,13.6341,2.784,3.2263,7.697,761108.6633,760615.7793
600243.SH,20260210,5.2075,2.35,,2.5352,6.4855,,160619.1,160619.1
300759.SZ,20260210,1.756,1.4,37.6455,3.5702,4.2038,0.6451,5693741.9632,4400679.0254
601059.SH,20260210,0.5803,0.99,31.613,2.867,14.6334,0.4141,5795241.0,5795241.0
600054.SH,20260210,3.1063,0.61,34.3598,2.0575,4.7426,1.8114,974450.9318,685768.8
603579.SH,20260210,1.8412,1.04,31.0131,1.8086,3.1442,1.2331,497001.4438,497001.4438
002528.SZ,20260210,2.7332,0.82,,30.6835,5.2493,,310456.8462,272006.8704
002271.SZ,20260210,2.3513,0.7,,2.0298,1.5684,10.4518,4227998.7628,3389517.4727
301152.SZ,20260210,3.1858,0.82,,2.6012,1.8358,,350283.0207,209448.1769
688520.SH,20260210,0.4373,1.05,,,9.5762,,1807617.6631,1807617.6631
002823.SZ,20260210,2.0505,0.99,22.5678,2.5901,1.818,2.0898,526375.4252,350926.0301
688668.SH,20260210,4.7346,1.24,104.8165,11.4942,14.7234,0.4446,2186130.7024,2186130.7024
000723.SZ,20260210,1.9104,0.51,,1.6368,1.231,,2170922.3532,2166939.0946
688037.SH,20260210,2.685,0.85,504.0917,15.8555,26.1766,0.0516,4291032.1135,4291032.1135
603590.SH,20260210,2.884,1.36,121.0928,2.1675,7.9386,1.3811,691695.575,688272.125
002258.SZ,20260210,3.9363,1.28,27.7531,1.6844,1.4751,2.4096,1328725.7985,1326589.5727
688369.SH,20260210,3.6389,0.85,,3.5957,3.88,,304175.7074,304175.7074
601107.SH,20260210,0.5477,0.85,12.2427,1.0547,2.2037,4.4275,2003029.3,1416594.7
000980.SZ,20260210,1.379,0.68,,1230.3005,26.1202,,1548062.1559,1544636.3226
920198.BJ,20260210,2.1228,0.86,92.3902,4.0555,8.1846,,162332.0552,70888.799
300994.SZ,20260210,1.7299,0.83,23.3267,3.5765,1.1736,2.3585,395317.248,197862.144
000521.SZ,20260210,1.1667,0.99,10.4836,1.1092,0.2206,4.9327,689018.9653,585762.8113
688509.SH,20260210,2.5202,0.83,,3.2145,6.4111,,398860.0,199322.3596
300863.SZ,20260210,2.1202,0.94,67.0612,7.8984,2.868,0.3558,1128114.1368,1084308.6598
300427.SZ,20260210,9.9983,0.61,,5.6212,10.6195,,719556.2217,711751.9165
300743.SZ,20260210,2.0645,0.95,28.0408,4.941,3.5236,2.4377,306661.3491,258389.2971
002449.SZ,20260210,1.167,0.84,333.3508,1.3865,1.6176,0.5821,531271.8882,531271.8882
002846.SZ,20260210,1.7719,0.53,,4.6759,3.0341,,660649.9894,404289.465
003033.SZ,20260210,1.2215,0.89,33.6651,4.1248,2.9325,0.732,558434.25,551561.3555
002798.SZ,20260210,2.3122,0.85,,1.8514,1.4334,,351644.2582,302277.8597
002627.SZ,20260210,4.057,1.01,70.0693,2.0691,8.076,1.075,641272.2195,634640.1968
002384.SZ,20260210,3.6106,0.81,113.6378,6.6211,3.775,0.0842,14108872.819,10678836.2323
003020.SZ,20260210,0.8445,0.8,30.8743,2.8502,3.4048,1.9011,501890.7783,363455.0162
603992.SH,20260210,0.7076,0.86,60.1621,5.3339,6.394,0.9363,1710666.8983,1710666.8983
001314.SZ,20260210,2.5848,0.7,334.6762,3.2492,1.7973,0.1896,671378.238,243851.3692
300662.SZ,20260210,2.213,0.79,19.4949,2.6017,0.4028,0.5573,565031.0567,563530.1926
001308.SZ,20260210,0.401,0.95,19.7003,1.9328,1.0235,2.4749,1532812.303,1081742.5682
300749.SZ,20260210,21.9464,1.72,,9.3038,5.7397,,527695.6968,404821.4832
002228.SZ,20260210,2.2558,0.78,50.0986,1.7678,0.5128,5.8836,544810.1474,542985.4473
000635.SZ,20260210,1.7212,0.86,,2.6151,2.306,,403592.83,310361.7044
603070.SH,20260210,0.6334,0.63,64.2058,2.7573,3.0183,0.5402,593881.0,585612.4407
002923.SZ,20260210,3.4333,0.63,,5.1456,4.529,0.9323,538843.2972,415258.4963
603810.SH,20260210,1.3072,0.88,96.7201,1.7957,2.38,,275617.6458,275617.6458
300840.SZ,20260210,8.9277,2.41,,3.7788,7.1332,0.4968,483120.0,356472.3768
003008.SZ,20260210,1.6594,0.71,28.729,2.435,11.3331,4.1408,251160.0,188003.7049
002066.SZ,20260210,1.2161,0.55,252.3328,6.4731,1.1887,0.7576,457363.929,449757.0
688313.SH,20260210,5.6203,0.86,118.8995,27.7945,20.4925,0.0694,3905161.8739,3905161.8739
688336.SH,20260210,0.7382,0.99,42.9413,6.3417,27.2783,0.203,3737569.0836,3729703.6903
301658.SZ,20260210,11.559,0.71,88.136,4.3338,5.6789,0.3795,1369072.1682,136907.2185
002939.SZ,20260210,0.3763,0.64,16.5571,1.2771,7.5482,1.697,3994082.6864,3566633.0347
603272.SH,20260210,1.982,0.65,114.4729,4.2891,10.3887,0.4142,239378.37,239378.37
000815.SZ,20260210,16.5196,1.41,,7.9956,23.9785,,1079743.4934,1079743.4934
601128.SH,20260210,0.8256,0.56,5.8189,0.8208,2.1058,5.126,2440958.7023,2440958.7023
001239.SZ,20260210,2.7867,1.03,38.1515,2.9309,2.0738,,403920.0,191862.0
000002.SZ,20260210,1.6668,0.69,,0.3313,0.2045,,5822186.2218,4741603.019
300929.SZ,20260210,1.9585,0.77,,2.0522,4.4056,,165166.195,158434.195
301563.SZ,20260210,5.4292,0.79,92.0815,8.7659,3.5542,,1051755.231,225348.0199
600182.SH,20260210,0.5693,0.49,36.4294,4.928,1.0528,5.8155,508640.0,254320.0
603187.SH,20260210,1.7924,1.47,16.3851,1.5236,1.9876,4.9029,626380.5094,619808.6253
301108.SZ,20260210,2.5986,0.97,70.8869,1.9874,5.3029,0.5167,373461.6441,215313.826
688511.SH,20260210,0.9394,0.98,529.3955,3.4552,22.3202,,293885.6878,293885.6878
002211.SZ,20260210,1.3972,0.77,,116.3436,3.4862,,157853.6593,157853.6593
301366.SZ,20260210,2.3525,0.9,342.954,3.5486,7.2854,0.7847,758730.5838,276243.8703
688799.SH,20260210,1.6871,0.73,28.9416,3.0949,4.3131,0.9128,616547.4,616547.4
002702.SZ,20260210,15.9119,0.85,,3.8478,2.6217,,402370.24,332130.475
300800.SZ,20260210,1.1007,0.67,76.9334,1.5434,3.8682,1.1933,309917.531,306805.3835
920266.BJ,20260210,5.168,1.12,,1.3256,2.9473,,117924.0067,112684.4246
688393.SH,20260210,2.1509,1.05,,2.1508,7.1065,0.3549,263673.7758,263673.7758
603168.SH,20260210,1.7232,1.11,,1.7626,5.9758,,283962.0173,282738.1298
920010.BJ,20260210,6.41,1.87,78.2092,3.8881,5.2166,0.4378,267799.0,198300.8519
002407.SZ,20260210,3.5436,0.65,,4.1594,4.2687,0.6737,3440350.1244,3122791.8871
002468.SZ,20260210,0.6764,0.75,17.3149,1.9243,0.3788,0.5086,1979327.2006,1897089.556
300168.SZ,20260210,2.42,1.66,,7.9349,4.8451,,978186.8031,977204.9481
001233.SZ,20260210,6.1782,0.96,22.3858,3.1319,6.4524,2.5981,1431622.7251,272400.8122
688238.SH,20260210,0.9719,0.71,,3.1676,19.1818,,469253.5341,463548.3411
688607.SH,20260210,2.5405,0.65,874.876,5.5174,14.4147,0.1125,473693.5201,473693.5201
002716.SZ,20260210,17.821,1.25,196.7682,11.9725,3.4992,,4031370.5865,3319891.8404
002287.SZ,20260210,0.9441,0.85,23.2426,2.9642,5.9579,2.2936,1423430.0891,1420622.61
688239.SH,20260210,4.6344,1.4,73.5502,6.9858,7.2022,0.2352,1375586.3759,1375586.3759
300479.SZ,20260210,6.491,1.04,186.7946,9.8863,4.2073,,434869.1891,434620.9016
600319.SH,20260210,0.7414,0.73,,7.9192,3.5702,,319084.823,319084.823
002891.SZ,20260210,0.6233,0.48,33.2994,5.1257,2.8861,0.7164,1482319.3065,1482319.3065
301133.SZ,20260210,2.8744,1.05,108.7141,3.5961,4.4045,0.3245,492790.0936,450878.6262
300982.SZ,20260210,12.7333,3.41,559.3922,1.7403,2.9455,2.4014,505201.9214,473302.9334
600081.SH,20260210,0.3575,1.04,125.5035,1.4342,0.9921,0.4205,657548.1161,657548.1161
603662.SH,20260210,1.4556,1.04,57.9745,6.8206,12.8823,0.4169,1878190.1572,1878190.1572
300716.SZ,20260210,2.7138,0.63,,,33.8544,,215226.9,215226.9
601016.SH,20260210,0.8512,0.53,22.3226,1.1644,4.343,3.5115,2009398.7753,1851454.9158
600769.SH,20260210,0.885,0.6,248.5498,38.2233,58.2727,,459347.07,459347.07
688015.SH,20260210,1.2104,1.44,34.7293,1.8473,2.077,0.9052,479437.7654,479437.7654
003041.SZ,20260210,6.3018,1.06,36.781,6.2828,9.3881,1.2529,919440.0,873617.409
002174.SZ,20260210,4.4399,1.6,,2.3478,7.9932,,1164015.4288,1163359.7419
002214.SZ,20260210,0.9078,0.71,,7.6098,24.8298,,1075796.8485,859714.7254
000697.SZ,20260210,0.9314,1.25,,,6.7277,,1227161.6157,574081.3589
000026.SZ,20260210,1.2927,1.3,42.9807,1.8804,1.7759,2.5559,635020.671,570541.0684
603636.SH,20260210,2.0688,1.26,,2.9764,6.8425,,669155.683,669155.683
920571.BJ,20260210,2.2828,0.57,,3.8863,5.4258,1.0787,514862.7089,260666.241
002640.SZ,20260210,4.0796,1.2,,7.4508,1.1477,,635680.8626,631690.898
600021.SH,20260210,0.9227,0.55,21.7937,2.7197,1.3579,1.3724,5746855.583,5746855.583
001226.SZ,20260210,5.8391,1.73,183.3426,5.3955,6.0138,0.7596,393194.8422,178658.0022
300910.SZ,20260210,1.7947,1.11,21.1789,4.6062,4.952,2.0649,1687422.9552,1183085.5654
000978.SZ,20260210,2.2318,0.87,,3.1314,8.0985,,346884.33,346875.9938
603683.SH,20260210,2.86,0.79,112.784,4.4913,3.5543,0.3582,723125.0359,715401.2949
000037.SZ,20260210,2.8983,0.65,120.5683,3.9033,16.3533,,573829.9914,322640.5588
920175.BJ,20260210,1.3312,1.0,,1.8756,5.3163,,134827.0,89819.5494
601606.SH,20260210,2.0149,1.21,,14.7078,21.2018,,3254682.4296,3254682.4296
600084.SH,20260210,1.7087,0.49,669.4611,6.1409,49.8917,,794474.8688,794474.8688
300170.SZ,20260210,10.6001,0.94,130.3116,4.6584,7.7618,0.1833,2578057.0261,2464264.8855
002323.SZ,20260210,19.0493,4.5,,13.1012,12.5649,,458104.7107,458002.4956
920405.BJ,20260210,0.8271,0.56,68.6875,4.6595,6.3389,0.514,374353.94,293804.2033
600409.SH,20260210,3.044,1.18,72.9055,1.1849,0.8471,0.9148,1647350.8595,1647350.8595
688260.SH,20260210,2.0798,0.95,,28.931,6.5266,,356640.0,356640.0
300761.SZ,20260210,0.6825,0.58,26.0386,1.869,0.9094,2.9521,1685423.7873,1264196.4697
301070.SZ,20260210,2.3319,0.78,2023.7315,7.0759,19.1058,,556627.883,366159.7612
000545.SZ,20260210,4.6673,1.22,,3.289,1.716,,299997.2612,299562.5412
920062.BJ,20260210,4.6735,0.58,59.5146,2.9205,1.426,0.2553,219276.6939,154988.7278
600643.SH,20260210,0.5364,0.66,,0.6526,6.013,,780653.6812,779272.3408
600875.SH,20260210,9.64,2.34,33.028,2.4242,1.4126,1.2929,10779709.1361,7054913.6766
002299.SZ,20260210,1.325,0.71,15.2855,2.0874,1.1744,2.6943,2293541.1252,2248940.0288
603613.SH,20260210,1.1251,0.95,13.7036,2.2162,0.3774,0.2412,1967068.2295,1967068.2295
600688.SH,20260210,0.5067,0.63,,1.3728,0.4163,0.6329,3331467.13,2315905.066
688153.SH,20260210,0.5927,0.59,973.5881,4.1406,7.6226,,1654553.5158,1571141.6622
002806.SZ,20260210,23.9184,2.68,48.6604,2.9701,2.9322,,342091.4943,280310.3944
000020.SZ,20260210,2.7955,0.79,99.8391,10.2822,4.8907,,436917.7733,279538.1983
300927.SZ,20260210,15.4324,0.97,19.5341,5.5174,4.1638,0.2446,531244.8,518471.2624
600257.SH,20260210,4.2654,1.14,,4.3473,3.748,,346490.7754,346490.7754
002061.SZ,20260210,0.6155,0.57,9.2481,0.6952,0.2259,3.0445,1096462.8073,1065646.539
603816.SH,20260210,0.8475,0.85,18.8379,2.912,1.5273,3.771,3007334.0111,2973340.5717
002878.SZ,20260210,10.1707,1.6,,4.272,1.7532,,549658.6432,494987.0941
605136.SH,20260210,4.1865,0.82,,1.9735,2.8782,,482952.951,482952.951
300291.SZ,20260210,14.176,3.23,,3.0539,37.5676,,932470.7545,921451.0576
002232.SZ,20260210,0.8954,0.89,820.2882,5.7369,9.1008,0.0526,776242.0645,776242.0645
688279.SH,20260210,0.6687,0.54,113.7346,4.6477,32.2695,0.3779,2340614.5886,1902316.4406
000546.SZ,20260210,2.6172,0.72,,1.1075,0.5001,,449480.6954,402695.6091
002169.SZ,20260210,6.8024,1.1,,3.9544,3.2562,0.6002,1043344.5573,1011312.398
002977.SZ,20260210,7.7915,1.57,,3.6949,48.1611,0.559,386786.4,214516.9474
688065.SH,20260210,0.4788,0.63,65.8246,2.2236,11.9013,0.7349,3912997.1325,3164825.8616
002563.SZ,20260210,0.8678,0.63,16.6189,1.3821,1.0136,8.8183,1527549.1207,1252186.8068
300044.SZ,20260210,8.8179,0.99,,77.0063,81.4259,,553805.1903,518649.1972
603219.SH,20260210,0.7233,0.35,67.671,6.4513,3.3129,1.0788,1038590.0,1038590.0
002264.SZ,20260210,18.2888,0.86,34.6287,4.3001,2.5631,0.8253,858015.0696,780501.1095
688687.SH,20260210,1.7489,1.08,27.6389,2.1051,3.2979,1.3284,378129.0615,378129.0615
300615.SZ,20260210,2.8238,0.85,203.882,5.2854,6.2709,0.3436,281534.9444,182492.7832
688459.SH,20260210,0.8159,0.79,36.3649,1.4084,4.1085,1.3026,479040.0,175233.7981
603688.SH,20260210,2.1269,0.66,146.6711,3.941,23.6484,0.448,2285340.7013,2285340.7013
688582.SH,20260210,1.4168,0.8,80.9334,10.653,48.9238,0.5827,2612910.8202,1627424.7402
300489.SZ,20260210,1.1626,0.8,207.2715,9.3471,3.048,,592130.8633,589942.0672
688198.SH,20260210,0.2807,1.22,78.8218,11.4097,24.0398,0.7733,1421422.9844,1421422.9844
601126.SH,20260210,3.7356,1.05,39.7661,6.8151,4.0339,1.8616,3222753.778,3191430.3272
688125.SH,20260210,2.566,2.81,,8.0395,22.4505,,1498559.6179,1490592.6128
002306.SZ,20260210,2.2175,0.79,,,4.9754,,191347.75,179062.2706
920832.BJ,20260210,1.2153,0.84,474.7495,1.3955,2.829,1.0667,104072.8988,92506.1888
600718.SH,20260210,1.9292,0.94,,1.312,1.0206,1.4369,1241160.0427,1241160.0427
300530.SZ,20260210,0.8808,0.61,,91.3934,38.8444,,489545.5048,450530.6695
688115.SH,20260210,1.9208,0.86,1716.3336,2.645,13.1072,0.8963,327283.03,327283.03
600814.SH,20260210,12.5556,1.56,36.0838,1.9151,4.1565,1.8465,708615.7685,708615.7685
601212.SH,20260210,4.2431,0.81,410.6795,4.7083,0.8037,0.0408,7264083.7953,7264083.7953
603211.SH,20260210,2.2853,0.52,95.7852,4.9035,4.7468,0.2708,602326.528,602326.528
300317.SZ,20260210,8.1059,1.05,,2.4242,6.5726,,377735.7243,377155.5993
300118.SZ,20260210,17.604,0.68,,2.3303,1.5509,,2451029.8055,1992676.072
603518.SH,20260210,1.8551,0.66,13.6675,0.9738,0.8212,3.039,353640.4316,352331.7596
600691.SH,20260210,1.1688,0.8,,2.076,0.7154,,750810.2968,750685.1608
001269.SZ,20260210,2.7701,1.07,,5.654,10.0548,,493920.5413,493920.5413
000789.SZ,20260210,0.9552,0.91,331.1934,0.7033,0.8601,2.5134,452927.4117,452927.4117
600435.SH,20260210,1.7289,0.78,99.2749,8.7365,5.7793,0.1182,2554372.2381,2554372.2381
002184.SZ,20260210,1.7154,0.84,,3.9848,1.7709,,465926.6819,318251.8713
601988.SH,20260210,0.0993,0.73,7.2711,0.6607,2.7112,4.0077,174316914.7914,114024143.5317
920834.BJ,20260210,0.9352,0.55,39.5614,5.8621,5.8465,1.5753,175200.0073,91682.8009
600236.SH,20260210,0.1739,0.74,26.5466,3.8661,7.0348,1.9883,6739433.0207,6739433.0207
688667.SH,20260210,3.2905,1.48,53.826,2.5564,3.5375,0.1167,444064.6161,444064.6161
920978.BJ,20260210,2.3877,0.58,32.8037,7.8687,5.3148,1.5947,568169.845,318550.6959
002745.SZ,20260210,1.9829,0.73,61.778,1.0216,0.8045,0.5459,1359496.4215,975243.2426
603871.SH,20260210,0.6624,0.9,18.2317,3.5208,2.2048,3.4326,1935732.2511,1935732.2511
300363.SZ,20260210,1.7732,1.05,,2.4822,3.787,,1299370.2428,1192765.6165
600620.SH,20260210,1.0876,0.84,77.9172,3.2631,9.911,0.2128,484107.3647,484107.3647
600056.SH,20260210,0.6855,0.72,29.6651,1.3592,0.4746,0.9778,1611062.4886,1610493.5418
002431.SZ,20260210,2.1099,1.06,,4.4292,1.8726,,493858.9056,493858.9056
301246.SZ,20260210,4.4553,0.91,602.7109,1.9772,4.8552,0.1389,857214.5724,342971.6133
603699.SH,20260210,0.6107,1.22,30.9464,11.9745,6.0401,2.9724,4460977.8008,4362353.2569
002293.SZ,20260210,0.9341,0.75,17.463,2.2301,1.8827,5.6039,893045.2972,885270.4669
600098.SH,20260210,0.4822,0.67,10.6066,0.9,0.4864,5.309,2443587.8918,2443587.8918
688383.SH,20260210,0.6296,0.72,,5.4201,9.782,0.2726,741489.936,741489.936
688093.SH,20260210,0.7263,0.79,24.7807,3.6589,9.2458,1.5439,992555.0801,929714.8445
600508.SH,20260210,0.8222,0.52,26.1611,0.7044,1.1434,2.3219,902674.782,902674.782
603078.SH,20260210,5.6111,1.01,103.4743,4.8672,7.9344,0.3679,943268.7086,943268.7086
300455.SZ,20260210,2.2423,0.8,,11.3558,14.6211,0.0562,1915004.8532,1890604.6592
603598.SH,20260210,27.2577,1.65,,39.9612,1.0144,,843731.877,842792.877
002797.SZ,20260210,0.6293,0.73,28.1461,1.704,7.0662,1.0694,2908060.8,2908060.8
301120.SZ,20260210,6.6799,0.5,,4.931,18.3778,0.1454,760339.8396,447514.6549
920371.BJ,20260210,1.2387,0.47,37.6269,3.8284,2.5225,0.8985,228660.8816,215818.7125
688256.SH,20260210,2.3091,0.81,247.3538,30.413,82.9494,,46423320.3653,46056176.1602
002476.SZ,20260210,1.6026,0.74,54.8167,4.0476,6.4194,0.1575,388620.0,388573.8514
300578.SZ,20260210,5.9559,1.02,303.1166,4.2423,11.1751,,504398.2186,504261.7966
002495.SZ,20260210,3.174,0.81,132.3262,2.4042,10.1758,0.2782,263846.4192,197618.129
688776.SH,20260210,1.8466,0.6,,6.7015,36.2018,,1216603.8783,1216603.8783
603023.SH,20260210,2.933,0.64,1298.8284,3.7335,22.2221,,287430.4646,287430.4646
002327.SZ,20260210,0.6143,0.43,14.4976,1.706,2.1544,8.7694,592639.5961,347100.0013
688305.SH,20260210,1.095,0.93,65.2925,4.2274,12.7083,0.3156,793718.681,789580.6822
001872.SZ,20260210,0.0669,0.59,10.7403,0.7789,2.9453,3.7352,4926359.0752,4569266.6467
000877.SZ,20260210,0.2232,0.58,19.3204,0.4651,0.4727,,3804113.0563,3804112.2538
600664.SH,20260210,0.6239,0.71,19.7935,1.5713,0.5577,,889033.9862,889033.9862
603085.SH,20260210,1.4645,0.91,624.0592,5.319,1.8045,,474137.4,474137.4
002978.SZ,20260210,0.927,0.6,21.2304,1.9944,8.0906,1.3835,1702467.7785,1334553.7785
688098.SH,20260210,0.8164,1.13,,2.799,13.4775,,394628.884,394628.884
300432.SZ,20260210,1.9124,0.43,75.6403,6.7769,2.6645,0.3927,3110053.8802,3075120.8019
301221.SZ,20260210,2.4663,0.77,87.2606,2.7722,8.0941,0.3336,555363.3108,376088.1813
002246.SZ,20260210,2.3047,0.82,51.2609,3.5489,4.268,0.2333,1059088.1176,1059088.1176
000952.SZ,20260210,2.9196,0.98,,2.9057,4.63,,280521.0243,278291.1743
603215.SH,20260210,0.9988,1.14,35.0213,3.1734,1.651,1.4484,385464.0191,384005.4074
301130.SZ,20260210,2.9081,1.36,61.9949,2.661,9.6508,0.8153,243941.5505,188206.361
920344.BJ,20260210,0.539,0.86,,4.8138,11.6303,,291978.57,272606.3971
002832.SZ,20260210,1.2379,0.39,13.7457,1.6074,2.0856,3.3832,877176.7881,598535.9025
605499.SH,20260210,0.3084,0.52,34.6678,8.5769,7.5457,1.8469,15185324.2117,14078311.949
600630.SH,20260210,1.8616,1.18,123.4552,5.0694,2.1478,0.4135,390447.8076,390447.8076
688646.SH,20260210,0.9482,0.72,,2.5592,5.1828,,379603.6433,235291.1171
300385.SZ,20260210,8.0328,0.9,,46.612,8.2117,,384117.2596,335134.0158
601609.SH,20260210,1.3795,0.64,25.411,1.9494,0.1562,0.8249,1937803.4144,1937803.4144
002177.SZ,20260210,12.2193,1.17,618.0311,3.6399,103.2956,0.0859,620370.9046,550058.9548
605268.SH,20260210,0.7395,0.8,28.685,3.0297,1.5123,1.7559,508338.5475,498536.0288
002486.SZ,20260210,2.7129,0.7,49.8333,2.4871,2.2213,,269540.5737,268292.6681
300589.SZ,20260210,28.8264,1.96,,10.0631,7.9411,0.0477,791214.4516,485216.4848
301331.SZ,20260210,3.4721,1.14,59.2525,2.9434,3.4713,1.7453,308469.8772,307882.0594
600550.SH,20260210,4.3909,0.45,181.7516,36.6478,4.7269,,2869101.3718,2869101.3718
300270.SZ,20260210,4.1635,0.89,,6.6509,25.8337,,374873.8627,323031.647
000798.SZ,20260210,11.8347,1.11,,10.658,0.9383,,436469.4434,436442.6009
301282.SZ,20260210,4.2226,1.11,50.6185,2.5387,2.2592,0.8716,428784.0892,225871.2105
603712.SH,20260210,1.4508,0.85,,3.6288,8.7214,,1514664.0,1514664.0
688079.SH,20260210,1.4413,0.59,,4.0965,9.1234,,542821.2742,533362.2598
601686.SH,20260210,0.552,0.6,11.0622,1.431,0.1732,6.9742,913559.1529,913559.1529
002860.SZ,20260210,4.6036,0.54,29.5888,2.2854,2.2529,0.6855,519065.1606,504534.2819
000751.SZ,20260210,5.8449,0.48,131.4574,2.4965,0.5053,,899906.2414,785296.9099
002580.SZ,20260210,2.318,0.97,30.0444,2.5706,1.7789,0.3035,598199.3328,596182.5384
605258.SH,20260210,1.8977,1.03,42.9518,2.4966,3.0922,2.0667,298056.0,298056.0
000028.SZ,20260210,0.7189,0.71,27.3036,0.7912,0.1997,1.3969,1458200.5017,1252500.7254
301004.SZ,20260210,2.6557,2.12,15.4827,5.4807,3.2893,5.1715,881690.3212,821690.554
688268.SH,20260210,2.2123,1.2,44.8956,4.1757,5.5633,0.9343,768096.8092,767578.3282
600742.SH,20260210,1.4298,1.77,14.6901,0.8784,0.3719,6.7745,734884.2433,734884.2433
300642.SZ,20260210,1.6002,0.82,191.9844,2.0775,8.1821,0.7907,305582.7971,258889.0961
688591.SH,20260210,2.5572,0.8,59.6322,4.163,10.0733,0.4704,1030623.0776,721080.321
600399.SH,20260210,3.9212,0.97,,2.2067,1.6299,0.2777,1272004.5,1272004.5
600015.SH,20260210,0.2668,0.67,3.8986,0.3448,1.1644,6.0902,10583427.4312,10232503.9487
920274.BJ,20260210,1.6004,0.72,93.9401,4.4638,3.4393,0.3694,217648.0018,217648.0018
688289.SH,20260210,0.6537,0.64,42.682,1.625,6.9404,2.6609,1158776.012,1158776.012
300823.SZ,20260210,2.7817,0.63,73.365,2.5066,5.7484,1.8111,235768.9086,152620.9668
600586.SH,20260210,17.316,1.96,,1.9221,2.1766,0.1985,1055916.5865,1055916.5865
301592.SZ,20260210,2.4324,0.99,129.6068,9.3416,16.1611,0.5983,819000.0,273293.5608
300545.SZ,20260210,3.949,0.63,40.2672,2.7261,4.391,0.6186,582163.2593,375295.497
920593.BJ,20260210,1.5378,1.26,189.736,9.1491,26.5446,0.4123,652173.1514,553838.4193
603980.SH,20260210,0.7927,0.06,94.8972,1.3822,3.4953,0.8827,536728.8545,536728.8545
002342.SZ,20260210,36.6634,1.21,,7.8003,7.8547,,1898880.0,1888376.82
600000.SH,20260210,0.1394,0.61,6.7788,0.46,1.949,3.6601,33905343.3894,33905343.3894
301156.SZ,20260210,5.1106,0.96,47.8613,3.9575,5.2208,2.0979,281850.9194,178628.464
601901.SH,20260210,0.4546,0.63,15.8276,1.2841,5.6268,1.677,6396342.7839,6396342.7839
002026.SZ,20260210,3.4177,1.18,21.0415,1.8507,3.3991,0.8238,695159.3997,695099.3963
688249.SH,20260210,4.4682,1.53,94.3778,3.5445,7.1565,0.2562,7588696.6147,4491464.9321
002412.SZ,20260210,21.0698,2.27,23.4609,1.785,3.8388,,403566.4,399271.69
601777.SH,20260210,0.3483,0.74,876.267,4.4718,5.0997,,4674817.4734,4674817.4734
920699.BJ,20260210,0.9577,0.51,28.8191,6.9355,5.5847,1.2948,229039.006,104794.006
301360.SZ,20260210,5.251,0.8,142.6121,3.9103,12.8678,0.413,452003.16,215748.04
000333.SZ,20260210,0.4471,0.85,13.6273,2.8013,1.3506,5.0054,60943531.2456,54919414.676
605228.SH,20260210,6.3754,2.03,106.887,3.3445,4.0138,0.1653,691865.5542,687680.2032
300511.SZ,20260210,8.0949,1.31,,2.9311,2.3915,,441543.594,385877.2177
301148.SZ,20260210,1.8651,0.69,106.215,3.4131,11.5032,0.7464,605435.3248,305963.3968
000610.SZ,20260210,5.7369,0.56,,16.1576,4.7962,,252610.0104,251283.0817
300497.SZ,20260210,3.862,0.94,,4.0137,8.8875,,862376.9433,705789.1419
002570.SZ,20260210,1.6492,0.73,48.0903,3.8427,2.4307,,660986.5198,660957.1438
600793.SH,20260210,1.0982,0.86,223.5606,15.3206,1.2651,,364599.1481,364599.1481
920580.BJ,20260210,1.8177,0.65,100.4609,3.9125,10.1184,0.4587,131236.0,76964.6279
002229.SZ,20260210,5.1689,0.98,,6.4207,7.9607,,816234.9978,811255.2751
000619.SZ,20260210,2.5027,1.0,,1.1417,0.6011,,291171.4285,237600.0
002790.SZ,20260210,2.006,1.03,31.4792,1.7362,1.8195,2.2831,366056.1348,228371.01
300097.SZ,20260210,2.2756,0.92,,6.0988,14.6167,,231705.3842,216817.9882
601918.SH,20260210,3.2363,1.03,9.2108,1.1663,1.5405,2.861,1901457.6812,1901457.6812
002985.SZ,20260210,14.8119,0.86,242.1222,5.5932,20.7555,0.0522,1463474.376,774708.1971
002538.SZ,20260210,1.4025,0.76,26.39,1.0927,1.3195,1.7467,586392.8092,586389.2285
603053.SH,20260210,0.2169,0.62,18.5027,1.861,1.712,2.9703,897778.9,897778.9
603679.SH,20260210,3.0452,1.04,,3.481,6.0417,,273612.5428,273612.5428
600619.SH,20260210,1.2408,0.72,298.7308,3.2426,0.9897,0.0703,1985687.1511,1459973.3763
300679.SZ,20260210,1.7462,0.89,33.3997,3.5618,3.3383,1.1152,1791890.76,1516123.5932
603757.SH,20260210,1.9055,1.09,37.5727,3.7649,3.6829,1.6658,757754.9661,757754.9661
603516.SH,20260210,3.8067,1.15,6345.5212,23.0233,88.5336,0.1577,3205134.2233,3205134.2233
600771.SH,20260210,0.9075,0.5,107.9732,5.3946,6.4049,,889405.4032,889405.4032
000962.SZ,20260210,3.6148,0.6,77.0203,7.497,12.9049,0.3137,2044195.4211,2031239.0544
002920.SZ,20260210,1.1032,0.78,29.9774,4.8842,2.3086,0.9311,7151965.2832,6647510.8688
605500.SH,20260210,1.4352,1.05,43.8816,1.5154,1.4601,1.606,387049.6,387049.6
688693.SH,20260210,2.3797,0.66,,3.4802,13.2212,,294442.1072,155462.0383
300654.SZ,20260210,11.8688,1.37,132.5326,5.7853,9.4212,0.4077,493902.4253,475200.8094
300288.SZ,20260210,4.5673,1.61,,4.633,16.5174,0.1005,504208.5718,382801.5314
002437.SZ,20260210,2.5969,0.96,26.5068,3.6305,3.4549,,776745.7878,730531.4484
002783.SZ,20260210,1.7538,0.65,29.1567,1.9052,1.355,1.0,499357.647,455746.336
002732.SZ,20260210,1.3421,0.69,37.7178,1.8784,1.7577,0.8352,282600.6,281071.8646
002752.SZ,20260210,1.1599,0.73,22.2651,1.9073,0.9151,1.4815,659419.9659,659318.7159
603997.SH,20260210,1.1014,1.1,84.958,3.5464,0.8553,,1837150.4636,1837150.4636
301526.SZ,20260210,13.201,0.88,485.9454,4.514,4.4201,,3706773.1212,1380518.2433
000998.SZ,20260210,1.8411,0.53,,2.5045,1.6839,0.4094,1435650.7556,1284804.3834
300135.SZ,20260210,1.5987,0.82,719.7129,3.9581,2.7543,0.2463,374169.6,374169.6
600410.SH,20260210,13.1018,0.69,39.9443,5.0232,5.3358,0.0304,2382682.9462,2382682.9462
600654.SH,20260210,1.5886,0.71,54.2414,6.4887,3.3262,,1122247.1641,903783.9591
601566.SH,20260210,2.425,0.58,19.7265,1.6994,2.2761,2.4876,693012.4029,693012.4029
688023.SH,20260210,3.9109,1.34,,2.5809,2.7861,,585856.2283,585856.2283
603496.SH,20260210,4.9354,1.21,269.4531,6.7783,8.9942,0.085,941415.1744,941415.1744
300177.SZ,20260210,3.999,2.25,,4.8304,6.2637,,729285.6847,594177.186
603966.SH,20260210,2.4019,0.62,23.7935,2.533,1.9871,1.7942,511096.2041,509879.7784
002739.SZ,20260210,14.5071,2.17,,3.814,2.381,,2929037.068,2912578.5654
300572.SZ,20260210,4.5904,0.91,,3.7969,15.0233,,672540.1408,539224.6856
002125.SZ,20260210,1.4892,0.68,37.7669,2.8241,4.4621,1.1687,861767.4881,861767.4881
003017.SZ,20260210,2.2278,0.78,29.5625,2.5507,2.7754,1.8318,273504.0,225601.6889
600748.SH,20260210,0.6544,0.82,,0.9662,3.3486,,1008975.9019,1008975.9019
000965.SZ,20260210,2.4789,0.64,56.0659,0.8222,1.3758,0.2457,451701.1743,451701.1743
603275.SH,20260210,3.7883,0.9,37.4415,2.4811,10.1951,0.3455,726006.6329,202695.4994
300838.SZ,20260210,2.8293,1.04,469.295,2.3358,2.4424,0.8977,230561.238,170032.3961
600323.SH,20260210,0.4334,0.79,12.5061,1.6816,1.8272,3.6345,2355537.9048,2355537.9048
002088.SZ,20260210,1.2744,1.36,26.4176,2.4588,2.3105,6.4257,638837.6196,629710.2656
600103.SH,20260210,2.4072,0.93,135.151,2.1429,3.6046,0.3175,851514.1639,840685.0379
920663.BJ,20260210,0.5869,0.54,30.2101,6.507,6.12,3.1453,222498.4817,106751.4823
600192.SH,20260210,1.5943,0.65,,4.1472,2.7421,,420544.096,420544.096
300815.SZ,20260210,2.0725,1.24,19.6733,2.2767,1.3188,1.4875,1004850.432,984149.5128
600363.SH,20260210,2.1931,0.96,95.9647,6.8643,9.257,0.0833,2937989.1402,2937989.1402
600743.SH,20260210,1.1708,1.27,,7.4511,3.3332,,471566.2757,471566.2757
600807.SH,20260210,1.8076,0.74,,68.7589,9.2893,,301660.4433,268373.2962
601328.SH,20260210,0.6116,0.93,6.3509,0.5372,2.2884,4.4169,60264100.8401,17781403.7861
688712.SH,20260210,29.8321,,265.2435,10.2923,35.8995,,1744728.0,155287.9048
600559.SH,20260210,1.4861,0.63,22.9723,2.7486,3.1519,3.47,1449874.6987,1441572.4687
300420.SZ,20260210,2.9472,1.11,,1.9564,4.6289,,462182.7943,462146.9005
300639.SZ,20260210,10.8858,1.19,,1.2338,6.8564,,473884.994,465575.4839
688382.SH,20260210,2.3485,1.02,,8.1365,75.0617,,1355070.5144,1355070.5144
301258.SZ,20260210,1.1622,0.97,42.2395,1.6784,7.2991,0.2575,320845.0,311727.5
688100.SH,20260210,0.4256,0.78,29.3981,6.0027,6.8807,1.8764,2006075.514,2006075.514
600596.SH,20260210,1.2376,0.61,,1.3703,1.1726,0.7918,1704541.0729,1704541.0729
300961.SZ,20260210,1.6393,0.91,,3.5509,8.0092,,260424.32,224123.4688
603296.SH,20260210,1.4822,1.07,21.7761,3.4806,0.5319,1.0532,8656071.0356,4867582.8361
600519.SH,20260210,0.316,0.47,20.9316,8.2989,10.5524,3.4319,188441621.9532,188441621.9532
300296.SZ,20260210,7.1928,1.54,,2.4768,2.8607,1.3553,1998727.2126,1676074.5293
601567.SH,20260210,1.7446,1.48,17.0265,2.8592,2.2018,5.7321,3357045.2566,3357045.2566
605336.SH,20260210,1.2049,0.76,145.1361,1.4883,9.0907,2.1424,278236.6867,278236.6867
002445.SZ,20260210,9.7334,3.95,67.3824,3.0949,5.9336,,701099.2216,698082.387
002397.SZ,20260210,2.9753,0.73,109.9795,2.902,2.136,,346222.8081,299960.1495
688496.SH,20260210,2.0626,0.83,,2.9996,4.333,,293850.0,155378.4768
300083.SZ,20260210,2.076,0.9,38.7145,2.7362,2.8805,,1485057.4294,1331787.4109
300854.SZ,20260210,4.3495,0.82,,2.4614,3.874,0.5143,235761.975,191639.1015
600560.SH,20260210,0.9945,0.87,73.491,3.9303,5.7023,0.4186,379302.768,379302.768
301180.SZ,20260210,1.6666,0.5,,5.5568,5.4873,,732418.31,300536.6817
000903.SZ,20260210,1.6923,1.61,,3.8713,1.1578,,514668.6131,510789.5984
301235.SZ,20260210,9.9857,0.79,48.788,2.9063,2.566,0.0979,528526.3883,356730.7255
002547.SZ,20260210,5.7795,0.73,,,2.1026,,460247.3245,450761.3237
601965.SH,20260210,0.563,0.59,17.9963,2.4353,3.8406,1.7876,1907810.3951,1898967.6928
603729.SH,20260210,1.1027,0.38,,6.5985,4.8449,0.0457,201610.08,201610.08
000995.SZ,20260210,26.7801,0.94,,20.4884,20.6925,,302125.824,302125.824
002357.SZ,20260210,6.217,0.93,24.2636,2.6737,5.5346,0.6873,456126.5474,456110.1786
603701.SH,20260210,1.7215,1.66,131.9644,6.984,6.414,0.1865,560621.2776,560621.2776
300864.SZ,20260210,1.2686,0.73,22.8538,2.6725,4.412,3.7672,353088.2872,353088.2872
600403.SH,20260210,1.4246,0.45,,3.7396,4.1125,,1714212.4922,1714212.4922
601966.SH,20260210,0.6455,0.45,18.5381,0.9731,0.9226,1.6928,2239159.105,2239159.105
000830.SZ,20260210,1.3465,0.62,22.8187,1.769,1.1197,1.9835,3370644.6495,3370379.0043
003030.SZ,20260210,2.9854,0.97,145.806,2.7318,1.4487,0.6694,278259.4,177030.4455
000156.SZ,20260210,5.1884,2.57,34.2827,1.218,1.9268,1.8311,1821432.5905,1670977.9871
688657.SH,20260210,1.4775,0.73,53.0222,2.6357,11.5265,1.2286,370417.7844,232065.8405
300098.SZ,20260210,3.48,1.02,,3.9994,6.0794,,1086113.9219,963589.7669
002181.SZ,20260210,13.652,1.46,83.3415,3.6067,25.3634,0.514,1536079.9642,1500992.5886
000927.SZ,20260210,0.9282,0.77,36.6079,1.8052,0.5063,0.9408,1736451.495,1736450.6167
603657.SH,20260210,0.9045,0.86,273.1723,4.1809,1.5744,0.1193,394214.1858,394214.1858
603612.SH,20260210,4.166,0.48,21.3333,2.6979,0.9123,0.6873,1513739.4509,1513739.4509
603779.SH,20260210,1.8466,0.84,,4.2434,5.9192,0.1288,232125.845,232125.845
300576.SZ,20260210,3.3962,1.16,129.4705,8.8753,14.3646,0.1826,1502107.0452,953881.8469
600697.SH,20260210,4.2498,0.85,,0.9762,0.3246,0.7102,223996.0096,218769.4291
300179.SZ,20260210,8.1997,0.85,119.7973,8.359,18.6827,0.9695,996705.5044,767410.8137
301207.SZ,20260210,2.2368,0.68,184.3235,2.4424,13.3016,3.6649,1298820.4275,1298000.6522
002629.SZ,20260210,3.8566,0.92,745.3071,74.4844,10.4129,,266737.348,264982.2005
688557.SH,20260210,0.9213,0.81,29.063,3.3702,2.7473,0.8157,413490.9103,413490.9103
002545.SZ,20260210,0.9159,0.53,34.9708,3.4291,7.2322,1.1525,3238293.602,2941816.1319
688629.SH,20260210,4.697,0.76,172.3412,25.9963,21.8648,,4377126.9303,1726030.0313
002992.SZ,20260210,1.5721,0.85,,14.0743,7.1577,,1031855.5627,901615.3589
000422.SZ,20260210,3.2185,0.82,24.1481,2.8892,0.7537,1.2704,1704197.0132,1656519.7861
300466.SZ,20260210,1.4844,0.71,,7.5705,10.276,,545704.9763,457400.7331
600173.SH,20260210,3.8368,0.62,730.1647,1.6244,1.6981,,622049.5447,621969.6247
688484.SH,20260210,1.7415,0.74,80.8324,4.4424,6.0,0.4636,1829115.3781,1262466.486
300892.SZ,20260210,2.6774,0.56,129.0341,3.0549,3.8787,0.3085,320900.0,207181.0625
603321.SH,20260210,1.309,0.59,60.1516,1.9529,3.8287,2.1647,281204.912,277718.962
600303.SH,20260210,2.9621,0.78,,2.1048,1.3886,,236527.057,233759.057
301525.SZ,20260210,2.3865,0.93,52.2373,2.4594,6.2527,0.5292,801932.9633,420058.3781
000410.SZ,20260210,0.825,0.69,150.3254,3.3444,6.4832,,1976208.4647,1253963.2942
300234.SZ,20260210,4.3415,1.05,649.7778,2.7161,9.403,0.2247,313475.5891,214303.9284
603400.SH,20260210,3.1899,0.94,36.4539,4.8919,4.1653,1.5216,591500.0,118300.0
300599.SZ,20260210,7.6982,1.19,,1.8082,3.7093,,358489.6986,212553.2829
000554.SZ,20260210,8.5914,0.66,24.4007,3.4423,1.228,1.8069,388481.0009,293023.7832
002038.SZ,20260210,2.1061,0.45,81.1892,1.1946,11.7541,0.3021,680105.7,563966.7165
000158.SZ,20260210,1.5542,1.22,,6.2293,3.5981,,3249987.7938,3228266.2561
688039.SH,20260210,8.5452,2.79,,5.8701,18.7797,,652105.9959,652105.9959
300852.SZ,20260210,6.6701,1.37,51.3431,3.457,4.3028,0.2595,762154.4914,735732.5646
002652.SZ,20260210,4.0926,0.88,,8.6788,7.226,,217627.2,217627.2
920662.BJ,20260210,4.626,0.71,99.4739,5.334,6.2552,0.6156,244614.7056,70494.5395
600575.SH,20260210,0.5254,0.5,31.9255,1.1017,0.8839,,2451042.9221,1329101.2842
000509.SZ,20260210,1.2399,1.01,,30.6557,4.2079,,380960.4585,380959.3068
603081.SH,20260210,1.4699,1.02,56.6687,1.8448,2.488,0.9312,589808.812,589808.812
601698.SH,20260210,1.3718,0.55,594.9654,9.7246,58.5589,0.0884,15431679.91,15431679.91
002847.SZ,20260210,0.8232,0.46,24.7336,9.179,3.1664,2.0544,1858789.1721,1682821.7883
920504.BJ,20260210,1.5272,0.79,68.4617,5.537,9.0398,0.1956,110759.4036,43686.9092
301536.SZ,20260210,3.3772,0.75,108.7396,9.126,10.5328,0.2954,2851216.6836,1265613.6444
300977.SZ,20260210,4.0114,0.56,,2.282,6.8874,,316327.1387,196998.7285
300185.SZ,20260210,1.9663,0.72,167.4532,1.7852,1.7864,0.3601,1180836.0428,1123214.4049
002746.SZ,20260210,1.614,0.72,19.2893,1.2165,0.9856,3.882,554186.9402,457031.4902
301003.SZ,20260210,1.5825,0.6,38.6282,4.2363,8.0243,3.7167,470416.6833,363904.7344
600066.SH,20260210,0.4395,0.61,14.1466,5.2481,1.782,4.717,7040326.7291,7040326.7291
301068.SZ,20260210,0.4057,0.47,190.2035,4.878,3.0466,0.84,385650.6599,275022.6844
300870.SZ,20260210,4.819,1.02,79.2415,10.1118,5.8372,0.4137,2638970.2237,2638970.2237
920082.BJ,20260210,1.7095,0.7,34.46,4.8119,3.3562,1.8338,253644.475,69044.4377
600782.SH,20260210,2.8239,1.0,12.8128,0.4706,0.3289,0.2556,1244952.6603,1229949.9903
301018.SZ,20260210,6.1853,0.74,167.0853,7.732,5.7842,0.2075,2051531.321,1534484.4814
300259.SZ,20260210,1.968,0.55,23.6842,1.8841,5.4974,2.0371,557995.3231,557867.3512
603676.SH,20260210,0.4186,0.71,22.3969,3.4,4.2574,2.8423,497389.5945,497389.5945
605303.SH,20260210,2.0459,1.23,,3.2441,5.3343,,298127.9674,298127.9674
301413.SZ,20260210,7.9115,0.7,181.0806,13.5154,14.8249,0.1746,1690742.9063,1009440.6787
688539.SH,20260210,2.8802,0.57,139.6645,5.008,23.4804,0.4217,871778.88,491032.08
688479.SH,20260210,3.4133,1.12,79.8485,1.7959,6.7711,2.1446,332362.9722,143516.9722
000552.SZ,20260210,1.6377,0.8,,0.8153,1.6821,2.7309,1332600.8484,927726.0431
688719.SH,20260210,1.4991,0.79,,3.1424,5.5362,0.3515,532849.8603,414337.5722
002709.SZ,20260210,1.8506,0.55,146.9454,5.066,5.7392,0.3507,8320650.4824,6154696.5512
920857.BJ,20260210,0.6296,0.59,,5.195,4.6295,0.3831,193158.6667,193158.6667
000068.SZ,20260210,1.4787,1.35,,5.8946,3.6217,,358375.0412,358375.0412
301135.SZ,20260210,1.4225,0.7,78.6175,2.5097,2.2481,0.9408,313706.304,235269.7278
603026.SH,20260210,1.5432,0.63,,3.1316,2.5143,,1513952.7971,1318636.08
688339.SH,20260210,2.7941,0.72,,3.1219,49.7595,,764170.4213,622015.6771
002561.SZ,20260210,1.3944,0.65,909.4426,1.7128,9.779,0.6674,373770.937,372581.1707
002590.SZ,20260210,1.1126,0.63,36.1426,2.5478,1.6057,0.4063,765083.3511,729566.419
688275.SH,20260210,5.6404,0.79,,2.0206,1.0553,,1055989.8907,708328.7971
000513.SZ,20260210,0.7669,0.75,14.7497,2.3649,2.6675,3.1164,3160061.6216,2022009.5268
603136.SH,20260210,2.0401,0.97,32.9186,2.4832,6.5212,1.8815,337388.2608,337388.2608
688117.SH,20260210,1.1364,0.77,51.2312,5.991,9.6377,0.3371,615221.788,615221.788
600938.SH,20260210,1.1448,0.8,13.2353,2.1637,4.0081,3.7039,163122802.0731,10261680.0
300496.SZ,20260210,3.9585,1.17,69.0682,3.3152,4.8941,0.0796,3346580.8189,2677294.2504
600085.SH,20260210,0.5882,0.56,31.4863,3.1197,2.3569,1.6088,4262529.5743,4262529.5743
002953.SZ,20260210,3.3538,0.87,36.2745,2.9079,1.3789,0.7194,630205.1087,348239.3147
920839.BJ,20260210,0.7216,0.68,34.3042,7.1459,6.3741,1.3412,440686.7719,242520.7379
002138.SZ,20260210,1.6072,0.62,31.6474,4.7496,4.5921,1.531,3092230.8876,2901210.5654
002840.SZ,20260210,0.9972,0.73,86.2073,1.9465,0.8986,,781310.0668,775918.0359
300370.SZ,20260210,1.8509,1.62,,8.7986,12.1844,,447697.6004,446580.444
600088.SH,20260210,7.1002,3.53,,6.3037,7.1094,0.1699,795810.5064,795810.5064
300380.SZ,20260210,1.2954,0.72,246.3361,14.7691,5.4348,0.1211,571476.3984,525764.9615
002409.SZ,20260210,2.357,0.79,46.622,5.4863,5.1433,0.6443,4284300.9574,2867341.7685
301538.SZ,20260210,3.3004,0.69,34.9476,5.0336,6.8911,0.4863,690939.2,275138.9605
600558.SH,20260210,1.5826,0.81,26.5271,2.3508,1.5172,2.4077,559207.8097,559207.8097
002208.SZ,20260210,3.6962,0.63,,1.7531,1.3075,,1127018.5273,1126727.3893
002254.SZ,20260210,1.6081,0.71,,1.5094,2.8421,0.4018,1062750.9069,1054704.1129
601068.SH,20260210,0.6303,0.69,189.3569,5.7608,0.7288,,1682151.8183,1441049.5455
301057.SZ,20260210,4.3274,0.98,135.6069,6.6386,5.5717,0.4581,505074.0333,356610.5062
300120.SZ,20260210,1.5717,0.79,,1.6363,1.91,,488234.8397,448329.9517
603880.SH,20260210,1.7853,0.59,,7.7159,3.2993,,196259.518,196259.518
603595.SH,20260210,0.6647,0.76,98.9892,2.5306,1.9538,0.0891,391200.4347,391200.4347
300218.SZ,20260210,1.684,0.92,22.2491,2.3814,1.6134,1.4535,367792.965,366588.4878
920119.BJ,20260210,11.9064,0.87,26.2117,3.9048,5.3028,,715823.425,142920.0
000560.SZ,20260210,7.205,0.61,74.891,0.8531,0.6728,0.1261,803225.7902,769275.0179
301555.SZ,20260210,3.3617,0.56,43.6463,2.9186,1.5106,0.6307,321826.2496,168635.208
688619.SH,20260210,1.3508,1.19,,3.4229,15.6486,,273706.55,273706.55
300182.SZ,20260210,20.4139,2.32,253.9689,2.6782,8.0233,0.0592,2250932.659,1908772.2382
603956.SH,20260210,1.6444,0.7,,2.0259,3.7148,,400644.1191,400644.1191
603444.SH,20260210,2.4644,1.26,21.3338,6.471,5.9729,3.6064,3203379.5971,3203379.5971
000035.SZ,20260210,0.8804,0.76,60.7736,1.3592,2.6161,0.6017,1396999.1699,1353120.0626
600197.SH,20260210,1.2143,0.68,35.6941,1.7015,3.5154,3.2775,649668.8864,649668.8864
603580.SH,20260210,0.8611,0.31,,4.4667,8.1619,0.5698,188038.7348,188038.7348
600516.SH,20260210,0.9921,0.59,538.6937,1.4172,6.8643,0.3291,2294803.1098,2294803.1098
300436.SZ,20260210,16.5901,1.22,,56.2788,50.0181,,2155678.845,1850531.8504
603557.SH,20260210,2.8526,0.68,,24.8375,7.9173,,194512.3091,194512.3091
603861.SH,20260210,4.7511,0.47,40.9451,2.2672,1.8419,0.8138,903222.2128,883268.0047
920471.BJ,20260210,15.1892,0.77,,2.7907,3.1658,0.5588,146598.4,93439.9295
601222.SH,20260210,3.338,1.28,63.3271,0.8324,2.4328,1.4063,1277304.8767,1277304.8767
301596.SZ,20260210,3.5496,1.97,54.0698,6.8012,8.8311,1.0692,577350.7746,234310.8985
600261.SH,20260210,2.0634,1.22,28.7146,1.4887,1.9069,3.6176,516665.4978,516665.4978
688182.SH,20260210,0.8253,0.64,139.0816,5.8426,20.6578,0.2295,1307200.0,1307200.0
000629.SZ,20260210,0.9581,0.59,,2.7469,3.6394,,3372614.0677,3372389.0455
300433.SZ,20260210,0.961,0.67,45.2842,3.4788,2.3985,1.4186,18547989.8444,17461448.1194
000813.SZ,20260210,1.206,0.56,,1.6688,21.3203,,830453.7938,830317.1738
603004.SH,20260210,7.2641,1.21,32.9394,2.8295,7.7595,0.8441,585973.76,146493.44
600722.SH,20260210,24.3102,2.14,128.6943,5.1789,12.8773,,639500.4954,639500.4954
000600.SZ,20260210,1.1836,0.6,9.0373,1.3046,0.6259,2.74,1516520.1102,916732.7867
600322.SH,20260210,1.8782,0.73,,,1.0836,,274213.6,274213.6
600448.SH,20260210,3.1225,0.85,,1.9279,0.6944,,217287.7834,217287.7834
688253.SH,20260210,0.6341,0.69,36.0729,2.3686,11.1694,1.5629,481362.8864,481362.8864
603377.SH,20260210,1.6069,1.61,,3.3896,4.2447,,274527.8788,274527.8788
002487.SZ,20260210,0.8281,0.47,36.9363,4.9836,6.5681,0.2656,3985933.4313,3943251.6625
300263.SZ,20260210,6.7251,0.62,77.2412,2.8842,3.8987,0.3679,1210957.3733,1141369.1008
603421.SH,20260210,2.5778,0.84,,1.8862,2.7832,,528274.3139,528274.3139
688006.SH,20260210,0.7332,0.58,55.3451,3.4217,6.1359,0.5907,1859913.9003,1859913.9003
603258.SH,20260210,2.8407,2.17,,2.2115,11.1504,,479988.7056,474959.7768
300146.SZ,20260210,1.0805,0.73,30.5053,1.8644,3.5041,2.8729,2109521.2577,1397660.8678
920505.BJ,20260210,4.6069,0.9,160.7258,9.5998,19.9667,0.3034,319343.8348,178592.6113
601801.SH,20260210,1.5329,1.96,16.54,1.1724,1.5156,2.7894,1403836.6969,1403836.6969
920221.BJ,20260210,1.1134,1.13,33.7328,4.5891,5.5403,2.0653,187288.56,99688.5615
300879.SZ,20260210,2.1136,0.89,42.9333,3.6974,1.4767,0.0821,509640.2615,506189.6321
603190.SH,20260210,2.8437,0.79,31.0195,1.5227,1.9112,0.9267,339620.58,110496.622
002122.SZ,20260210,1.0057,0.98,,2.8334,5.8805,,618463.6777,614359.6982
300223.SZ,20260210,4.2384,0.84,185.6912,4.7551,13.256,0.0817,5896165.0943,5138949.8398
301183.SZ,20260210,9.4866,0.67,135.6894,13.895,15.8325,0.077,1298197.7862,951698.3211
600177.SH,20260210,0.3273,0.74,13.1887,0.8092,2.7338,6.1761,3435217.3332,3435217.3332
002160.SZ,20260210,3.3274,0.42,114.3069,1.5453,0.685,,575259.11,574116.3254
301439.SZ,20260210,2.9796,0.76,31.8115,2.1602,1.6737,1.2165,639683.374,301257.9431
002817.SZ,20260210,1.5929,0.51,43.7479,2.6766,5.3651,0.8402,252737.9537,245083.2043
603876.SH,20260210,4.4463,1.15,45.5802,2.3893,0.6717,0.5325,1747022.3604,1747022.3604
603611.SH,20260210,0.9789,0.82,12.4385,1.9621,0.898,3.75,616181.0921,616181.0921
688053.SH,20260210,0.8621,0.68,,2.8263,23.7912,,454700.0,454700.0
601229.SH,20260210,0.4389,1.0,5.95,0.6073,2.6214,5.1635,14308473.1405,14308473.1405
603160.SH,20260210,0.8648,0.78,43.6541,3.9079,7.7739,0.691,3632878.0974,3632878.0974
301217.SZ,20260210,1.7585,1.26,3781.6534,4.7314,4.0935,0.0647,2552538.86,2552538.86
300419.SZ,20260210,1.8161,1.1,,6.1095,8.5436,,263679.4531,263679.4531
301073.SZ,20260210,3.8618,0.68,376.1672,6.718,9.305,0.6927,631576.9974,578727.016
603991.SH,20260210,3.0897,1.39,,4.2059,41.8756,0.0113,1348121.3199,657994.9623
000803.SZ,20260210,2.2322,0.76,52.7007,2.7791,2.8258,,408009.1339,402314.3075
688105.SH,20260210,0.2397,0.78,,2.1731,6.2128,0.7143,835242.5424,835242.5424
920101.BJ,20260210,4.1749,0.84,31.3025,3.6035,4.0932,,369073.4404,106276.0315
601868.SH,20260210,0.7889,0.73,12.5892,0.9121,0.2151,1.0917,10005879.2726,7782894.6326
600779.SH,20260210,1.3732,0.48,36.7051,3.9524,5.2677,2.3629,1989500.551,1989500.551
301687.SZ,20260210,6.4358,0.72,66.8032,5.8488,12.5218,,868406.832,174642.3767
601456.SH,20260210,0.5376,0.74,31.6822,1.0745,8.3225,0.5691,5589703.3211,4298495.1155
002664.SZ,20260210,3.3942,1.19,201.026,3.16,1.8643,,1115202.4,1099837.8724
603301.SH,20260210,2.5578,2.76,84.0009,4.1487,5.4585,0.7337,2359556.2087,2359556.2087
300377.SZ,20260210,6.837,0.58,,6.5999,12.8953,,1664222.8253,1530201.7535
301590.SZ,20260210,2.9158,0.6,44.5007,4.2448,5.7291,0.6095,826974.7621,169171.7219
000517.SZ,20260210,1.8083,0.62,,1.1952,0.6057,,687727.2568,538269.0659
002546.SZ,20260210,4.9115,0.66,10.8338,2.0197,9.9057,1.3216,757316.5792,727518.7432
300899.SZ,20260210,0.8609,0.7,98.497,3.4118,14.1356,1.1387,218458.3711,140206.0261
600497.SH,20260210,1.5694,0.49,38.996,2.6823,2.0891,1.8141,4455696.347,4455696.347
002917.SZ,20260210,1.3811,0.78,33.1604,2.9459,2.9135,0.6913,495002.6165,370920.7161
002641.SZ,20260210,0.9847,0.58,63.7108,1.0279,0.8979,1.086,560466.8052,517101.5618
600127.SH,20260210,2.3937,0.5,303.3223,6.3046,1.0712,,428711.1896,428711.1896
002079.SZ,20260210,17.7666,3.16,101.0296,3.1369,2.265,0.159,967867.8815,966959.4409
688335.SH,20260210,1.9316,0.5,,5.1038,23.0224,0.5011,584292.5346,584292.5346
002558.SZ,20260210,2.1197,0.98,45.5469,5.3168,19.8042,0.6797,8065975.2973,8065975.2973
603205.SH,20260210,1.5724,0.93,43.0173,3.0434,4.4912,0.949,443820.0,117612.3
600458.SH,20260210,1.0441,0.98,23.5667,1.7483,0.6105,1.8163,1339354.3153,1240686.9131
002584.SZ,20260210,3.3536,0.82,,2.3177,0.7268,,519672.1827,415962.756
002318.SZ,20260210,0.7347,0.75,19.7204,4.1278,2.4896,2.7334,3366353.1304,3289829.373
000823.SZ,20260210,7.3286,2.2,32.2494,1.6882,1.2794,1.3504,795299.2259,795265.5421
920429.BJ,20260210,0.7601,0.63,49.8262,2.3062,1.7823,1.6108,191107.5,174223.1002
000551.SZ,20260210,3.1135,0.75,28.7074,2.6271,1.8674,0.5464,739217.8952,736548.0914
600792.SH,20260210,3.9186,0.49,,1.8074,0.9364,,513894.6268,513894.6268
603382.SH,20260210,2.2756,0.96,40.9115,3.2516,1.2018,0.6431,563691.7545,112738.4952
300176.SZ,20260210,7.8626,0.75,114.5259,3.1269,1.6252,0.2597,298206.216,298206.216
000016.SZ,20260210,7.4021,1.05,,7.6483,0.9069,,967994.054,641830.7076
300339.SZ,20260210,2.4323,1.11,308.3045,11.2152,10.7235,0.139,3977275.74,3883767.215
600287.SH,20260210,1.1112,0.83,107.2408,1.1543,0.9573,,266445.6051,266445.6051
688387.SH,20260210,4.6684,0.79,,9.0143,8.9836,,5487093.75,3236927.406
600151.SH,20260210,5.2945,0.73,,4.7658,5.7441,,2211617.0266,2211617.0266
000536.SZ,20260210,1.7676,1.06,,22.973,8.9859,,1313865.5814,1312464.1951
688269.SH,20260210,1.7919,0.82,48.7046,5.2855,2.7494,0.721,543859.344,543859.344
002885.SZ,20260210,2.6861,0.46,104.8948,4.8266,2.0222,0.0834,710615.2071,605670.7738
001388.SZ,20260210,2.5195,0.93,50.9646,5.0328,6.8038,1.3342,701532.0,140306.4
002289.SZ,20260210,0.5753,0.74,,33.6848,26.528,,737067.3178,736278.3178
600901.SH,20260210,0.3104,0.52,11.8531,1.5449,6.2907,6.1828,3747337.5809,3746422.7229
002353.SZ,20260210,2.4425,0.66,34.5791,4.4286,6.2364,0.8763,9808538.8801,6641276.4662
300435.SZ,20260210,2.7255,0.53,168.5133,3.4633,4.068,0.6725,1147110.462,1096854.7096
300084.SZ,20260210,3.4477,0.73,,4.4099,9.0965,,550077.8707,374481.9723
002365.SZ,20260210,1.3786,0.55,174.0929,2.238,5.5481,0.6537,442318.4325,368585.7116
300653.SZ,20260210,0.8866,0.8,48.6325,4.2814,10.7711,2.1825,374400.0,374400.0
002206.SZ,20260210,1.9498,0.75,15.5089,2.0951,1.3795,2.473,820518.2973,602229.7803
603045.SH,20260210,2.9627,0.7,62.5288,3.656,0.7996,0.2218,372474.1763,372474.1763
002363.SZ,20260210,1.8186,0.74,73.7193,1.7874,1.7526,0.6579,381042.3051,380002.9646
688535.SH,20260210,3.8595,0.55,469.8444,5.558,31.8899,0.1357,1183856.6026,646776.9068
600640.SH,20260210,4.9932,2.2,561.0052,3.0307,5.9681,0.0594,1205479.3491,1205479.3491
002695.SZ,20260210,1.0018,0.94,104.533,2.3392,3.9412,0.9375,656394.1446,599936.8135
