ts_code,trade_date,turnover_rate,volume_ratio,pe_ttm,pb,ps_ttm,dv_ttm,total_mv,circ_mv
600967.SH,20260203,1.1529,0.69,54.9333,2.4171,2.7108,0.4154,2867524.0139,2867524.0139
920403.BJ,20260203,10.3814,0.7,37.9421,5.3702,7.8334,0.5569,254861.1702,148774.0527
688765.SH,20260203,3.057,0.6,,8.9919,1125.5352,,2632272.5,301726.7056
600039.SH,20260203,0.2044,0.57,10.9921,1.7194,0.7828,4.1883,8504287.6508,8504287.6508
000031.SZ,20260203,2.567,0.88,,1.5608,0.4398,,1581649.6221,1581646.4347
000738.SZ,20260203,3.6516,0.73,65.1143,2.7137,6.4918,0.6651,3401065.8266,3401065.8266
600888.SH,20260203,2.4172,0.45,14.4588,1.1032,1.6017,3.044,1245093.6182,1245093.6182
600340.SH,20260203,9.1837,1.83,,,0.4644,,637936.4157,634616.8751
688489.SH,20260203,0.5642,0.8,,2.6755,9.5269,0.2597,489065.0746,485333.2102
603209.SH,20260203,1.3445,0.64,18.8289,1.5078,3.2634,1.1164,501150.0,495740.0426
603159.SH,20260203,1.5879,0.83,569.2961,7.4417,8.4467,0.2439,373100.0,373100.0
600812.SH,20260203,0.739,0.48,52.3064,1.739,0.9775,0.5376,957377.5465,957377.5465
688561.SH,20260203,1.2634,0.85,,2.9963,5.4493,,2439735.7446,2439735.7446
600955.SH,20260203,1.9253,0.59,,1.278,1.1867,0.1525,1075250.0,1075250.0
002712.SZ,20260203,5.0524,0.8,,2.6763,0.5117,,364665.0527,362403.1829
603566.SH,20260203,1.9109,1.03,33.7223,1.9305,4.3891,4.2344,484487.1822,484487.1822
920208.BJ,20260203,2.1574,1.92,18.5166,3.4592,3.5227,2.788,342807.2673,250437.8417
000061.SZ,20260203,0.9524,0.67,56.2152,2.2399,2.652,0.6313,1881743.2157,1608692.4897
605507.SH,20260203,0.7529,0.86,17.0153,1.7957,2.4995,2.2555,1485352.863,1485352.863
002082.SZ,20260203,1.5526,0.68,677.8963,3.5994,6.9437,,962798.5726,870820.0992
601108.SH,20260203,1.4157,0.58,14.1935,1.125,5.9701,1.8976,4123662.0031,4123662.0031
920519.BJ,20260203,1.1297,0.49,70.9535,2.2679,2.6606,0.7597,116035.5352,81892.6602
301229.SZ,20260203,2.0029,0.59,95.2797,2.9509,3.4786,0.8133,368832.6365,262310.4186
301378.SZ,20260203,31.3734,1.64,,3.4412,11.0569,,449190.0,213502.5692
920981.BJ,20260203,2.2346,0.51,470.3025,4.9923,4.4944,0.4533,253032.612,123457.526
601100.SH,20260203,1.2205,1.56,54.8354,9.233,15.0106,0.872,15376535.1363,15376535.1363
688075.SH,20260203,0.4461,0.33,41.9508,0.9822,10.9583,2.005,507060.392,507060.392
600478.SH,20260203,1.7686,0.54,61.0875,3.9824,2.5347,,1155885.3957,1155885.3957
688600.SH,20260203,1.5281,0.78,54.0622,4.7558,4.4986,0.3467,361422.8787,361422.8787
301336.SZ,20260203,6.2312,0.73,74.3618,2.8287,6.3759,0.3825,234480.0,178382.401
301285.SZ,20260203,3.4441,0.97,,14.5527,16.8634,0.0696,1482857.25,563236.1224
603266.SH,20260203,1.2456,0.69,39.0165,2.7407,3.2219,0.7856,430390.927,430390.927
603076.SH,20260203,1.42,0.73,207.757,2.2705,1.9718,1.64,294390.578,294390.578
300880.SZ,20260203,1.4692,0.88,42.7783,3.6329,5.1392,2.3065,380712.8333,380672.2291
000019.SZ,20260203,3.3466,0.7,25.2349,1.6402,1.4901,2.1127,818300.0303,295513.649
605177.SH,20260203,1.9719,0.84,,1.447,2.958,,245972.6941,241380.0252
002315.SZ,20260203,3.4513,0.73,32.0853,6.2468,8.807,2.2304,1635668.1406,1043137.4857
603097.SH,20260203,7.0334,1.82,61.8365,5.7637,3.1714,0.5253,626095.7092,606572.0592
600763.SH,20260203,3.8107,1.16,41.7805,4.9695,7.3651,0.9324,2158617.2786,2158617.2786
603000.SH,20260203,7.013,1.0,149.1722,7.5845,13.5926,0.524,2785235.7701,2785235.7701
603801.SH,20260203,1.1702,0.7,14.1118,1.2437,0.8862,6.3471,412633.8272,412633.8272
300095.SZ,20260203,4.6563,0.75,,2.6759,3.3165,0.8892,446975.9345,360405.6121
603060.SH,20260203,2.8102,3.67,46.3714,2.7444,2.0814,1.6914,541869.5003,541869.5003
600422.SH,20260203,0.7321,0.56,17.5658,1.7538,1.2099,2.439,931080.1811,931080.1811
603320.SH,20260203,1.6701,0.65,43.545,2.8047,3.2052,0.6393,326630.1846,326630.1846
002451.SZ,20260203,5.4965,0.92,350.9422,5.9643,2.8618,0.095,462262.83,460667.301
300471.SZ,20260203,6.1457,0.69,,4.3943,6.9944,,684551.1123,533694.5869
000677.SZ,20260203,1.5556,0.51,478.0432,6.9415,3.3182,,352503.0028,352503.0028
002483.SZ,20260203,1.1432,0.82,14.3635,1.4875,0.8395,4.0761,652440.752,651544.5881
300516.SZ,20260203,6.529,1.42,400.7434,10.0505,21.2339,0.0951,1305360.0,1305360.0
002267.SZ,20260203,0.8226,0.57,12.8353,1.3164,0.9755,4.4929,866306.7717,866306.7717
000698.SZ,20260203,2.9748,1.66,29.0946,2.1246,0.5794,,313874.0133,300928.6133
300184.SZ,20260203,4.3993,0.76,81.4358,3.0753,1.443,,1254625.013,1140366.0878
301330.SZ,20260203,3.3742,0.66,47.8403,2.6852,4.6011,1.0704,911751.9047,441306.2103
300327.SZ,20260203,4.587,0.49,103.3812,5.9816,7.853,0.6489,1046299.5772,1038741.468
002679.SZ,20260203,3.1316,0.47,188.4673,3.7287,18.0882,0.3155,273476.96,273476.96
603313.SH,20260203,2.3685,0.74,32.5218,1.4331,0.5819,,528363.4555,528363.4555
688605.SH,20260203,2.6959,0.54,68.1839,8.4817,11.0769,0.2958,1368492.5863,732674.3983
301047.SZ,20260203,0.7629,0.67,67.7287,1.7044,13.6236,6.7622,899382.0703,884179.1117
002176.SZ,20260203,2.5851,0.53,,4.6184,6.861,,1568113.2089,1567831.5676
300829.SZ,20260203,3.048,0.65,61.5483,1.7326,2.6186,0.2243,418640.7471,291486.2419
000970.SZ,20260203,3.1316,0.67,118.129,2.6204,2.577,0.1411,1705663.2595,1705663.2595
600692.SH,20260203,5.0431,0.96,,2.9978,5.5822,,277190.0824,200948.2874
603113.SH,20260203,2.2592,0.7,,0.7449,0.3569,5.018,599882.8655,599882.8655
688237.SH,20260203,1.1392,0.57,1028.2314,3.5031,10.475,0.707,424823.4066,424823.4066
000821.SZ,20260203,4.5717,0.55,31.6112,2.0695,1.1818,0.4916,886973.6839,861022.6879
002782.SZ,20260203,3.5724,0.68,36.9857,5.351,2.0817,0.6384,1147164.7621,1125277.2756
920116.BJ,20260203,4.021,1.22,195.2471,34.7617,60.7867,0.0892,1906914.625,1831724.125
000567.SZ,20260203,0.5844,0.67,,2.1023,24.4783,,1133663.4499,1130943.2598
300402.SZ,20260203,2.7532,0.38,89.6748,3.6104,3.8512,0.4106,540964.7694,534011.7454
002849.SZ,20260203,4.5555,0.92,111.0376,3.1639,2.6887,0.2039,432883.9394,379779.0818
002358.SZ,20260203,20.9602,1.95,70.7643,2.1466,2.4628,0.2581,720561.6572,720560.6691
300141.SZ,20260203,8.3732,1.24,,6.213,9.5723,,411004.2924,406053.5834
600010.SH,20260203,2.8935,0.55,109.4633,2.1306,1.6735,0.0816,11095711.7403,7688295.5803
600861.SH,20260203,1.0608,0.81,8.9583,1.451,0.2374,3.8176,1036552.3867,671198.5467
300560.SZ,20260203,7.377,0.9,,3.8362,3.7003,,372184.6676,302882.9517
601958.SH,20260203,1.5677,0.65,19.401,3.2705,4.4007,2.0866,6185400.6348,6185400.6348
000701.SZ,20260203,1.8248,0.66,,,0.1149,,419032.3175,418677.1376
601208.SH,20260203,6.038,0.8,123.7345,4.8176,5.6056,0.6738,2818410.411,2818410.411
601026.SH,20260203,2.7249,0.51,61.7129,5.0934,3.4094,0.7614,1299018.0,211151.9205
002425.SZ,20260203,2.5642,0.81,,1.2934,6.8313,,374056.0408,373819.8111
688271.SH,20260203,0.6714,0.7,61.4792,5.081,8.6186,0.1637,10518728.4008,10518728.4008
600592.SH,20260203,2.3196,0.84,125.0377,3.7688,6.503,0.3543,958529.0168,958529.0168
600997.SH,20260203,1.0097,0.48,26.8241,0.674,0.5107,4.3624,946328.7112,946328.7112
603176.SH,20260203,1.5414,0.84,,2.534,1.1326,0.3972,274687.0172,266929.6792
600216.SH,20260203,1.957,0.86,11.3788,1.2805,1.5802,2.4884,1415530.768,1400445.3072
600419.SH,20260203,1.7678,0.97,284.8972,1.2924,1.1277,0.2157,306993.0602,306993.0602
603758.SH,20260203,0.9331,0.74,36.9098,2.566,4.6502,,650297.2266,650297.2266
300175.SZ,20260203,0.7375,0.57,,5.7379,11.0515,,296133.2,296133.2
301281.SZ,20260203,5.6037,0.96,69.7176,2.6566,8.3618,0.5947,364179.27,231549.276
300508.SZ,20260203,10.5262,1.84,56.2222,5.7846,9.4404,0.4145,489470.1897,368659.1185
002058.SZ,20260203,1.1671,0.66,16.8955,79.5553,5.0262,,318311.8487,317578.356
688303.SH,20260203,0.723,0.93,,1.3643,11.4723,,5332981.4299,5332981.4299
600262.SH,20260203,4.5706,0.68,20.2214,2.892,1.4694,1.0551,509150.0,509150.0
002375.SZ,20260203,1.4131,0.92,18.0472,0.6934,0.5311,1.6001,568158.5152,562560.528
000799.SZ,20260203,6.7316,0.89,,4.9963,18.9481,1.0372,1879714.1493,1879549.2768
300333.SZ,20260203,1.827,0.89,,6.2801,30.669,,364224.0,362901.5926
301230.SZ,20260203,9.003,0.84,185.8656,6.7817,10.1887,1.0112,680065.9396,612000.3238
002386.SZ,20260203,1.8887,0.64,,1.0307,0.6518,,774480.0084,774335.6995
300720.SZ,20260203,2.0287,0.3,171.2635,11.3227,29.5717,0.4409,662972.4249,594166.0734
600006.SH,20260203,0.5432,0.51,56.0036,1.642,1.3782,0.0728,1374000.0,1374000.0
603520.SH,20260203,1.4144,0.7,,1.7449,1.898,1.4493,453754.2268,453754.2268
300703.SZ,20260203,2.7507,0.68,36.7568,5.0382,2.1806,0.5756,470101.135,442138.0853
002983.SZ,20260203,16.4213,2.58,42.6751,4.3868,5.1022,1.5193,587791.6752,336721.6165
002668.SZ,20260203,1.3938,1.35,9.041,3.1147,0.5646,,1059176.8652,1059176.8652
920694.BJ,20260203,1.3086,0.7,24.9757,2.9972,3.6367,1.1692,262195.6249,124043.5254
600960.SH,20260203,1.1468,0.68,,1.3196,1.483,,487614.4607,487614.4607
601099.SH,20260203,1.6133,0.58,85.8723,2.8443,18.9689,,2828771.2936,2828771.2936
600526.SH,20260203,1.455,0.94,17.7645,1.1349,1.0855,1.7533,507449.3216,498487.0769
300938.SZ,20260203,7.2133,0.61,46.9173,4.8602,11.4452,0.7319,882187.2688,615023.6258
002968.SZ,20260203,2.1421,0.69,26.7421,2.3998,0.9594,2.5437,295745.0624,278595.0985
300793.SZ,20260203,2.1753,0.73,,2.0323,2.8145,0.7435,607730.9495,594222.725
002378.SZ,20260203,5.8496,0.65,129.2416,12.4414,5.8922,0.3105,2786087.5675,2771486.4547
600488.SH,20260203,0.6822,0.66,281.4294,1.517,1.5953,2.3333,458592.4056,458592.4056
001268.SZ,20260203,5.0965,1.04,50.2355,3.9528,5.0252,1.1856,405829.3358,236629.3358
601198.SH,20260203,0.9443,1.01,20.1273,1.509,9.0139,1.2117,4428450.3624,4428450.3624
600276.SH,20260203,0.782,0.61,51.0758,6.4103,12.3111,0.3476,38143987.6759,36660126.0687
605333.SH,20260203,0.4481,0.56,20.7171,3.9834,1.6552,0.7384,1360566.4704,1280627.4695
002035.SZ,20260203,1.1799,0.87,12.0356,1.3524,0.8827,4.744,525545.2432,484863.3535
605081.SH,20260203,2.4396,0.65,,1.3342,13.2623,,119022.6727,119022.6727
301317.SZ,20260203,8.8246,0.77,15.803,4.653,7.3655,1.4628,625930.58,207847.3908
301306.SZ,20260203,11.0602,1.29,,10.0323,30.448,,918272.0,634304.0
601002.SH,20260203,3.9843,1.61,25.9987,1.2941,2.314,1.7361,549757.8547,549757.8547
688121.SH,20260203,1.7481,0.95,22.9329,1.0592,1.1134,,275664.5235,239146.6671
002047.SZ,20260203,1.0376,0.54,,,5.8554,,656535.6841,656502.3513
300210.SZ,20260203,1.7226,0.54,,11.4465,13.4285,,472598.6741,472145.8052
002611.SZ,20260203,2.8807,0.73,32.4823,4.0538,4.5498,0.7155,2211809.2798,1820993.2336
603528.SH,20260203,1.5918,0.88,,3.6174,16.6907,0.5097,687575.9476,687575.9476
688609.SH,20260203,1.4408,0.56,,5.0858,1.891,,452000.0,452000.0
301041.SZ,20260203,3.6245,0.8,123.9994,4.5853,4.2806,0.3445,305958.24,226344.3927
300067.SZ,20260203,7.4025,0.94,,2.4368,6.0736,0.1898,608355.4005,494053.8999
920527.BJ,20260203,1.3111,0.79,50.7721,2.7492,2.8054,0.8424,105495.0239,63768.0959
603329.SH,20260203,1.4253,1.04,81.2552,2.0734,0.6399,0.1634,291559.6701,240642.6398
000700.SZ,20260203,10.2629,1.34,29.389,3.6551,1.9425,2.2081,1358662.7757,1358662.7757
603069.SH,20260203,2.0493,0.91,,8.9183,10.5684,,721744.0,721744.0
600976.SH,20260203,0.5877,0.61,16.0168,2.0239,1.6458,2.6416,522629.0302,522288.3302
300947.SZ,20260203,3.1826,0.83,136.2489,2.3928,2.4471,,298950.3627,298831.7519
300846.SZ,20260203,21.4765,1.08,,16.14,10.8747,,1380952.4599,1077613.148
000007.SZ,20260203,1.8243,0.76,68.4782,21.2414,8.5676,,388021.8093,388021.8093
003816.SZ,20260203,0.4775,1.03,20.6154,1.5727,2.3015,2.474,19391466.6624,15104634.6624
000788.SZ,20260203,1.8408,0.44,25.9796,2.336,2.1236,0.9585,373088.1281,373088.1281
920931.BJ,20260203,3.4586,0.49,69.3027,3.2391,3.6438,0.7413,126711.57,38818.5542
002632.SZ,20260203,2.5295,0.57,37.2038,3.5663,5.0441,2.1242,764509.2862,712228.4775
301277.SZ,20260203,0.4336,0.57,40.4059,3.284,7.4564,2.2409,499899.96,499899.96
300142.SZ,20260203,2.3611,0.42,404.9955,2.0699,8.3137,0.3208,1994387.6306,1940262.8401
920508.BJ,20260203,3.1348,1.26,125.4002,7.4239,16.9795,0.7006,142740.0,74331.855
002332.SZ,20260203,1.0277,0.73,33.0358,1.5342,2.519,4.3764,904133.2475,899900.3719
002762.SZ,20260203,1.1859,0.78,,3.1744,7.0139,0.7225,244985.3,146273.8763
603232.SH,20260203,4.3165,0.53,562.4612,3.9441,12.2859,0.2206,530664.3361,524357.0887
300025.SZ,20260203,2.2093,0.86,,5.6233,4.8296,,303240.5815,301809.7041
300605.SZ,20260203,3.8193,0.63,,5.526,7.0602,,268020.6684,193926.6836
300033.SZ,20260203,2.768,0.85,79.8386,25.3105,37.1404,0.8776,18989644.8,11061416.9836
301223.SZ,20260203,1.1109,0.59,22.9982,1.2823,1.2224,1.7646,380654.4208,220781.6833
000655.SZ,20260203,2.9174,0.47,22.2048,1.7669,3.61,2.0508,609628.3955,609628.3955
605009.SH,20260203,0.7072,0.87,22.4555,1.9659,1.8456,1.9528,665629.1462,665542.4862
688458.SH,20260203,3.0743,0.65,,2.5314,8.7149,,468788.4517,357543.0778
688648.SH,20260203,3.8582,0.81,13.6654,3.6373,7.1778,,811240.0,414740.0317
300403.SZ,20260203,2.2358,0.61,36.9609,3.8801,7.0676,0.7267,829728.0,587639.504
301105.SZ,20260203,5.1991,0.72,,3.022,14.0483,,252200.0,82910.7349
301611.SZ,20260203,5.9538,0.71,158.4943,30.26,50.4789,0.0834,5225460.0,1756793.5157
000885.SZ,20260203,0.9014,0.71,7.4007,0.9616,1.2993,2.5948,880931.3659,880931.3659
605098.SH,20260203,0.6716,0.62,18.7473,5.9803,6.8847,4.9559,541399.994,541399.994
301568.SZ,20260203,6.4284,0.84,50.8443,5.1795,11.7654,1.0997,522384.2456,240805.1622
301095.SZ,20260203,2.8437,0.65,138.1255,4.8255,22.0231,0.3255,1513524.182,1318729.2596
002400.SZ,20260203,25.2732,0.93,208.4451,4.4302,1.0207,0.2292,2205321.4669,2183598.2418
600984.SH,20260203,10.2066,3.04,,1.7082,2.2638,,569440.898,569440.898
603605.SH,20260203,0.9705,0.62,17.8962,5.3289,2.5892,2.7751,2824892.7697,2824892.7697
600986.SH,20260203,26.662,0.81,180.9519,4.3896,2.9749,,2293530.8036,2293530.8036
600848.SH,20260203,0.5788,0.73,18.1586,1.4668,2.6323,1.7575,2870590.2106,2724272.1667
603456.SH,20260203,1.1622,0.71,21.9755,1.8144,2.966,2.7752,1588550.606,1588550.606
000988.SZ,20260203,6.0775,1.48,48.9761,7.2057,5.7168,0.2559,7858003.6552,7853962.9095
603025.SH,20260203,0.5338,0.66,28.2678,7.5117,6.8884,1.9821,1958612.4718,1945492.5518
600023.SH,20260203,0.9085,1.33,9.0585,0.8868,0.8193,6.9106,6597096.5125,6597096.5125
002683.SZ,20260203,1.3007,0.59,41.0062,5.5455,1.9522,1.3254,3695890.9272,3232119.6986
600212.SH,20260203,1.8765,0.55,179.6857,10.2283,3.8081,,551349.6168,415914.1068
000720.SZ,20260203,2.6798,1.03,,1.9346,3.2598,,456120.9603,456120.9603
000969.SZ,20260203,3.7961,0.83,81.0425,4.496,3.3753,0.8259,2544357.9795,2503732.9234
603585.SH,20260203,2.214,0.69,32.0637,1.5124,1.4083,,384062.499,375523.974
600728.SH,20260203,2.4048,0.7,55.0167,1.8701,1.4386,,1469360.8908,1469360.8908
688362.SH,20260203,3.124,0.62,212.2415,7.2407,4.3704,,1847584.118,1847584.118
300791.SZ,20260203,2.344,1.34,19.712,2.7738,1.5293,2.2521,681103.1439,567946.1286
002821.SZ,20260203,1.2351,1.07,34.3899,2.0591,5.6761,1.1063,3572662.203,3138299.3367
601127.SH,20260203,1.5791,0.86,25.9113,4.6681,1.2549,1.1918,18708919.8236,16215060.7528
000516.SZ,20260203,1.6349,0.68,,3.3138,2.6305,,1106014.996,1089198.9969
000902.SZ,20260203,0.976,0.67,13.2263,1.8098,1.2501,1.8061,2084112.6342,1898162.3255
600746.SH,20260203,0.8155,0.75,67.7443,1.6343,1.4563,0.6462,891064.1205,889720.8308
603773.SH,20260203,10.1801,1.69,,7.7168,3.6362,0.123,901105.777,900792.919
301072.SZ,20260203,2.611,0.87,,3.3127,3.203,,248328.7085,158718.778
600004.SH,20260203,1.331,1.49,17.9912,1.1796,3.1144,1.5257,2435496.1451,2236548.7774
300901.SZ,20260203,1.4271,1.07,,4.4112,12.7966,,427200.0,427200.0
688348.SH,20260203,2.7322,0.96,149.1951,2.3507,7.2094,0.726,851399.4659,851399.4659
002114.SZ,20260203,7.0834,0.45,,3.7149,2.5249,,314016.8043,314012.4891
688590.SH,20260203,3.9797,0.77,675.0115,3.3733,2.344,0.1896,480576.7251,480576.7251
002301.SZ,20260203,2.8361,0.69,125.8158,1.8182,0.5237,1.7733,561898.8798,559314.3837
603639.SH,20260203,1.3341,0.85,25.3081,1.3858,1.1985,3.4718,489507.5304,475829.6704
600130.SH,20260203,1.6602,0.59,713.9997,3.3595,6.7401,,322500.0,322500.0
605377.SH,20260203,1.5147,0.82,18.2988,1.2713,1.4605,6.8985,488199.825,488199.825
300094.SZ,20260203,7.5435,0.68,,4.0877,1.4128,,420806.3854,412357.9898
300862.SZ,20260203,2.3277,0.59,,2.1353,7.9348,0.0652,424990.4104,348686.2581
000692.SZ,20260203,2.086,0.67,,,0.9518,,199279.533,199279.533
600299.SH,20260203,0.3093,0.74,23.9882,1.4364,1.6724,1.6891,2858035.1505,2488804.3813
688408.SH,20260203,3.4498,0.75,30.8789,2.3629,1.194,2.1582,1005512.4167,1005512.4167
300596.SZ,20260203,1.6194,0.63,20.6117,2.1816,1.7534,0.817,1039947.4718,1010169.8584
920092.BJ,20260203,4.4766,0.66,,6.6328,11.7577,0.1248,246332.2496,126325.6646
920185.BJ,20260203,0.3786,0.66,34.116,2.8114,2.142,1.2768,3502641.1824,3446200.5017
688529.SH,20260203,0.8118,0.49,,1.8282,2.7092,,323906.8855,323906.8855
688616.SH,20260203,0.9891,0.66,25.4382,2.8484,4.6494,2.1853,241981.2795,241981.2795
603289.SH,20260203,1.2428,0.75,31.0792,2.2317,2.8175,1.3537,325075.0585,325075.0585
000029.SZ,20260203,1.4117,0.99,,6.3129,21.0693,,2312654.76,2038334.76
002016.SZ,20260203,1.6324,0.91,36.4679,1.0238,3.4572,0.1613,501639.2918,501639.2918
300760.SZ,20260203,0.474,0.58,26.5212,6.0572,6.8971,2.4608,22812084.8281,22811411.7215
301603.SZ,20260203,4.8969,0.56,25.7107,3.6782,3.4945,0.2836,851478.76,266051.8575
301216.SZ,20260203,2.034,1.11,,2.1935,0.8047,0.5762,1329212.1742,1256206.2908
601899.SH,20260203,2.3135,0.67,22.6519,6.1483,3.1515,1.2853,103194754.3163,79952066.2763
002887.SZ,20260203,3.7204,1.5,25.6463,1.328,6.2186,2.5151,304151.4319,193433.4099
002392.SZ,20260203,1.5763,0.63,26.5713,1.6431,1.397,0.4058,947630.7078,910529.5809
300573.SZ,20260203,3.1843,0.72,26.5381,9.1388,7.1222,2.0234,1714903.0784,1318948.5742
002713.SZ,20260203,6.5582,1.79,,,12.9684,,915251.787,506493.7994
000963.SZ,20260203,0.3611,0.47,17.2096,2.6369,1.4767,2.5634,6363588.3621,6361245.8532
600715.SH,20260203,1.1606,0.67,,8.0611,26.2266,,905347.3305,638309.0097
300650.SZ,20260203,6.9483,0.48,76.0052,3.2732,1.5448,0.263,414980.9355,323826.4932
301370.SZ,20260203,1.0936,0.62,55.5127,2.1762,0.7554,0.7192,545425.4,375224.5822
688173.SH,20260203,2.0652,0.63,,4.549,7.2423,,664474.5954,657208.1711
002511.SZ,20260203,2.2937,0.98,40.1958,1.8596,1.1761,0.7944,1020097.6057,1003415.3551
603271.SH,20260203,21.2418,0.93,24.3861,3.3972,1.0311,1.038,957042.8,191486.4
600674.SH,20260203,0.3814,0.63,15.573,1.5112,40.3402,2.907,6707458.9953,6707458.9953
603198.SH,20260203,1.0205,0.72,15.8833,3.2749,5.2415,3.6075,3326400.0,3326400.0
002603.SZ,20260203,1.2283,0.38,,2.8689,4.8664,1.7123,2927075.8188,2412235.4867
002351.SZ,20260203,1.1246,0.65,26.4876,3.7839,3.8131,2.0425,1088266.968,637773.4926
300816.SZ,20260203,5.5673,0.71,72.2907,5.7766,5.206,0.1158,523360.0,370725.7915
001266.SZ,20260203,2.8982,0.74,86.439,3.6468,4.4803,0.8903,346372.3292,194224.2083
002190.SZ,20260203,1.1854,0.77,,2.4496,5.5969,,1283892.3186,1283892.3186
002728.SZ,20260203,7.9814,0.39,76.1436,3.3661,6.5677,0.4111,606881.9528,445771.3713
300963.SZ,20260203,4.9578,0.99,121.8592,8.4486,9.7454,,932415.12,588375.9784
002444.SZ,20260203,1.2375,1.18,16.923,2.2937,2.8721,0.6993,4270259.5007,4100642.1814
603648.SH,20260203,0.6487,0.6,35.2822,2.1148,2.7966,2.809,387056.8704,387056.8704
601825.SH,20260203,0.3052,0.66,6.4243,0.6311,3.0578,5.267,7947022.2227,7724539.7161
301232.SZ,20260203,19.0502,1.12,,12.7049,7.2093,,1793223.2747,1065671.6084
000753.SZ,20260203,1.5547,0.61,126.1364,2.5914,2.2997,0.2797,708908.9658,708908.9658
603569.SH,20260203,0.8752,0.63,66.411,1.5789,0.9148,4.8913,444181.3367,444181.3367
002291.SZ,20260203,31.5013,1.52,,2.5698,2.2951,,775223.0626,720504.8488
300721.SZ,20260203,17.7086,0.97,,2.4229,1.7672,0.1808,273480.74,229525.4189
002167.SZ,20260203,4.7637,0.5,39.6934,5.822,8.2469,,1019470.0628,996740.9833
920641.BJ,20260203,4.1497,1.09,209.3768,4.1893,2.9062,0.5028,149324.175,90343.6141
001368.SZ,20260203,34.8719,4.06,37.5499,2.7336,3.4671,2.2845,373954.361,105402.8352
300169.SZ,20260203,6.6648,1.17,,,5.0569,,234708.7248,217249.763
603721.SH,20260203,0.7341,0.7,,5.8334,9.7804,,268320.0,268320.0
300171.SZ,20260203,1.2445,0.69,72.2768,1.5918,2.3923,0.6453,1249831.3613,918256.8034
301203.SZ,20260203,1.4534,0.75,22.2045,2.0077,9.2347,1.9569,286160.0,156824.6225
301087.SZ,20260203,1.073,0.79,34.2275,2.324,3.4975,3.341,1095455.868,1018631.3729
300959.SZ,20260203,7.8719,1.14,351.7427,6.7166,10.4393,0.3494,753448.125,490830.1781
688661.SH,20260203,3.2216,0.65,340.4786,10.6362,15.0547,0.071,1316563.6758,1316563.6758
600166.SH,20260203,2.9841,1.14,31.2115,1.5461,0.4139,,2375220.1101,2375220.1101
002955.SZ,20260203,1.1497,0.91,109.439,1.9702,2.0133,4.6329,647683.4391,537217.7798
301097.SZ,20260203,5.0404,1.03,254.7759,2.8043,6.7054,0.8678,331402.1029,162708.3709
601838.SH,20260203,1.0547,0.94,5.0367,0.7906,2.8531,5.6321,6705204.7332,6705204.7332
002456.SZ,20260203,1.6696,0.62,,8.3519,1.5121,,3293467.1252,3249570.5938
000802.SZ,20260203,3.2382,1.1,,4.2251,7.0454,,329314.1173,329114.0173
301225.SZ,20260203,3.8731,0.73,108.0836,9.7765,15.2651,0.2843,1499526.9,433438.41
600590.SH,20260203,4.0827,0.42,,3.0991,2.1193,,991034.6495,980227.7857
601083.SH,20260203,3.9634,0.97,10.1438,1.6979,2.191,4.1888,1507649.8,226149.8
920370.BJ,20260203,0.8634,0.55,,2.0384,3.0309,,124617.5873,108548.401
688766.SH,20260203,6.0455,0.84,336.616,18.7686,22.805,0.1062,4265442.6777,4265442.6777
000099.SZ,20260203,2.0863,1.3,44.3502,2.8882,6.8102,0.9316,1565504.1365,1565504.1365
300014.SZ,20260203,2.0254,0.63,35.3639,3.2542,2.1982,1.16,13093920.9741,12624801.6979
301335.SZ,20260203,2.9186,0.66,77.8999,1.9419,1.2203,0.6579,372459.718,148551.8082
920108.BJ,20260203,2.9168,0.58,71.8823,4.6687,4.2989,0.5725,229887.0,47262.8048
688652.SH,20260203,3.7152,0.79,129.3658,8.9906,14.4536,0.1071,1961568.0,1409877.0
688671.SH,20260203,1.9372,0.67,,1.827,5.5398,,194334.2775,115946.627
603186.SH,20260203,5.5564,0.8,,6.2564,2.1652,,917338.4286,917338.4286
688767.SH,20260203,2.9012,1.26,50.9294,2.2337,10.9124,2.042,522368.0023,522368.0023
688522.SH,20260203,8.777,2.19,105.6902,5.7524,28.2457,0.2809,1308032.0311,522399.4836
300660.SZ,20260203,1.7474,0.87,74.8416,6.8699,5.8817,0.7104,2382790.6643,2380882.9835
301269.SZ,20260203,0.756,0.61,905.431,10.454,42.3189,0.1499,5432013.1381,5432013.1381
301256.SZ,20260203,3.8848,0.95,86.3435,4.5306,4.6977,0.9926,773760.0,773760.0
920566.BJ,20260203,1.488,0.72,19.8404,2.0785,3.99,1.7346,167719.2771,129535.5848
301085.SZ,20260203,16.9284,1.82,,5.2738,5.1571,0.1827,565864.1767,384163.4696
688261.SH,20260203,4.7855,0.89,198.7855,3.9192,8.9859,0.0418,1155882.0143,1151370.8343
920779.BJ,20260203,2.0932,0.66,49.1563,6.041,17.7185,3.0213,282023.1638,70556.9374
688508.SH,20260203,5.5998,0.65,42.9129,3.354,8.0148,0.5676,909455.4564,909455.4564
002903.SZ,20260203,4.2203,0.74,1117.5225,4.2023,6.9847,0.3654,341131.546,232162.1354
300952.SZ,20260203,6.8446,0.95,79.078,4.8761,6.4628,0.4507,826000.3722,501518.0194
000948.SZ,20260203,1.2798,0.78,136.6215,2.4826,0.6217,0.5313,666709.8035,665409.3776
603889.SH,20260203,1.9833,1.28,15.0702,1.8253,1.3497,3.3382,656487.0573,651524.2177
002438.SZ,20260203,3.4585,0.6,28.8973,2.3728,4.0568,1.0198,870934.2831,804599.2246
301155.SZ,20260203,4.2315,0.84,50.4062,2.8569,4.1446,0.1191,1643044.7907,932273.2234
300786.SZ,20260203,3.0078,0.6,,2.6653,5.5431,,295897.5334,235310.2482
601112.SH,20260203,24.4972,,46.7166,5.7379,5.3612,,3639106.0734,370629.5534
301166.SZ,20260203,2.6195,1.1,,1.4123,2.6843,0.6891,286173.3377,187945.4417
920128.BJ,20260203,2.0027,1.05,75.078,4.4094,3.8152,1.4286,227332.0,107058.0
920970.BJ,20260203,3.326,0.65,,3.2554,7.174,,90191.8512,57038.0382
601997.SH,20260203,1.1653,1.04,4.0725,0.3293,1.5491,5.0967,2080376.7052,2080376.7052
600201.SH,20260203,3.6045,0.68,181.1774,3.3379,13.7559,0.1811,1825489.9303,1825489.9303
300061.SZ,20260203,3.1522,0.63,,14.0867,15.929,,738072.9182,696830.0696
603367.SH,20260203,1.6414,0.54,15.8391,1.2864,2.1906,2.3666,780548.1184,780548.1184
002966.SZ,20260203,0.81,0.73,6.7571,0.7367,2.9212,5.0555,3625706.8909,3565335.2505
000758.SZ,20260203,6.6765,0.54,27.3876,2.5115,1.6812,0.6124,1496810.8274,1486077.8246
920106.BJ,20260203,1.4016,0.96,30.3429,7.4255,9.639,0.557,429544.665,331340.524
920225.BJ,20260203,3.1348,0.83,38.8232,5.6803,8.1287,0.6256,405759.7041,264654.5463
688379.SH,20260203,2.9238,0.97,29.4424,4.1981,1.9841,0.7941,470696.842,470696.842
000507.SZ,20260203,1.5539,0.74,16.3706,0.9023,1.1392,1.1918,493897.6386,484564.3423
000757.SZ,20260203,1.8863,0.85,59.138,1.7332,0.8765,,275946.9372,275941.7184
000876.SZ,20260203,0.7654,0.56,36.1362,1.609,0.3671,0.2782,3903905.3233,3902025.135
688087.SH,20260203,0.71,0.68,17.5842,2.1726,1.82,0.5125,596136.2688,572146.1453
002747.SZ,20260203,1.9806,0.7,,10.7621,4.6984,,2088702.2503,1876207.5569
600300.SH,20260203,3.1719,0.9,14.7626,1.7039,1.788,3.4501,599959.7488,599959.7488
000609.SZ,20260203,7.0078,1.29,,,14.7081,,228938.1243,222659.5781
002705.SZ,20260203,1.0051,1.27,10.2946,1.3642,0.6954,4.234,1141497.3467,1136193.3804
601368.SH,20260203,0.9556,0.96,51.7542,0.9521,1.8459,0.5736,461794.9193,461794.9193
603348.SH,20260203,0.5585,0.55,314.6615,1.4753,1.0829,0.7404,637130.791,637130.791
920046.BJ,20260203,28.635,1.38,227.7904,12.0026,15.6881,0.2704,299302.85,189604.6922
601919.SH,20260203,0.5191,0.52,5.7693,0.9854,0.9681,11.2293,21949935.0745,17854831.7455
300052.SZ,20260203,2.0493,0.79,,9.3095,18.2489,,351938.1062,351928.0262
301560.SZ,20260203,10.1905,1.04,52.0001,4.7649,4.3529,0.2102,462688.0,92537.6
688004.SH,20260203,3.0132,0.85,,3.2923,10.943,,194293.488,194293.488
600624.SH,20260203,0.7756,0.57,,5.6892,5.3524,,353939.7568,353939.7568
300923.SZ,20260203,2.1521,0.92,45.3936,1.9762,4.2218,1.5717,223617.0,217552.8825
600720.SH,20260203,0.8183,0.65,10.9837,1.0962,1.4149,3.1413,1672760.1669,735597.2831
300555.SZ,20260203,0.9914,0.54,,6.1108,18.8326,,290400.0,287474.0211
600989.SH,20260203,1.1169,0.73,15.3273,3.5857,3.7236,3.0604,16478059.92,16478059.92
600562.SH,20260203,1.0554,1.06,56.452,5.6055,10.1305,0.8813,3579034.2949,3579034.2949
001380.SZ,20260203,2.9036,0.72,22.9289,3.4309,3.1217,0.8629,636236.5346,206721.0507
300388.SZ,20260203,0.9874,0.82,15.7118,1.2376,1.5726,2.3297,570032.3473,568994.4866
601058.SH,20260203,1.0915,0.94,14.2544,2.4971,1.4711,2.375,5260960.4144,5260960.4144
601798.SH,20260203,1.7953,0.8,,2.6609,4.4054,,337156.3163,337156.3163
301055.SZ,20260203,1.7354,0.61,72.8279,5.0989,3.3451,0.5446,333684.0,333684.0
000009.SZ,20260203,0.7205,0.34,345.831,2.4185,1.0879,0.3175,2437357.1969,2434339.3394
301170.SZ,20260203,3.7867,0.83,26.9805,1.7159,2.7389,0.9898,303100.0,101767.1132
002207.SZ,20260203,28.9664,1.29,,69.6835,7.5524,,246856.1661,245684.8098
600784.SH,20260203,1.0794,0.67,22.9858,1.4705,1.4605,0.9296,479713.1167,479713.1167
601996.SH,20260203,2.4003,0.93,,1.0375,1.4955,,264535.8022,264535.8022
001212.SZ,20260203,2.806,0.84,,5.3058,22.4281,0.1251,1015649.9397,878631.4511
688296.SH,20260203,2.3867,0.96,,2.7256,4.6061,,173177.3493,172366.0218
002673.SZ,20260203,0.7928,0.72,18.2934,1.1874,5.3032,1.2721,3508621.6384,3508621.6384
603926.SH,20260203,3.2302,0.64,59.9201,3.5289,2.529,1.0028,609559.0388,599487.8728
002448.SZ,20260203,4.0991,0.85,25.7882,2.0534,2.0618,0.9992,765520.9494,592654.1691
300347.SZ,20260203,2.9088,1.12,88.8948,2.5697,8.2935,0.4709,5441684.636,3578473.7819
600370.SH,20260203,0.9633,0.66,,1.9652,0.444,,970273.4985,970273.4985
603690.SH,20260203,3.2797,0.43,,2.1296,3.2056,0.178,1068087.2933,1068087.2933
600783.SH,20260203,4.7676,1.09,103.9436,3.7879,213.7014,0.2905,1793905.8985,1793905.8985
920706.BJ,20260203,16.8599,1.56,55.3973,4.6046,6.6145,0.6859,269453.6944,123483.4729
600511.SH,20260203,0.9328,0.86,10.8385,1.2081,0.4196,2.7691,2179759.1612,1598617.8189
920066.BJ,20260203,2.273,0.5,40.9372,4.0334,3.2974,0.2818,159333.1814,50378.8814
002660.SZ,20260203,2.1721,1.12,,2.8456,2.5868,1.0428,342004.3522,328924.2549
600288.SH,20260203,1.711,0.72,157.7632,3.5754,3.5574,,680534.4,680534.4
603122.SH,20260203,5.3461,0.83,,6.61,10.6127,0.7081,730824.6342,730824.6342
600079.SH,20260203,0.8412,0.68,20.9651,1.5836,1.2389,1.7439,2995134.6458,2831733.043
920556.BJ,20260203,3.2157,0.89,64.5722,3.3598,5.0604,0.9195,174704.3616,127251.1614
300996.SZ,20260203,2.4358,0.56,45.4575,3.8897,5.8167,0.6141,490050.8912,406879.4676
301202.SZ,20260203,3.6213,0.85,63.43,5.0528,4.4853,1.4085,581064.0,158386.8
300384.SZ,20260203,1.4595,0.57,21.2921,2.0033,6.6566,1.2673,553796.612,382323.9134
603776.SH,20260203,1.1102,0.78,,1.4311,12.7283,1.1715,510141.9593,510141.9593
603538.SH,20260203,1.9048,0.57,45.8642,2.0301,2.9617,0.2409,456264.4096,447092.0438
002302.SZ,20260203,0.751,0.61,,0.8845,0.3923,2.0938,753625.5195,753625.5195
688739.SH,20260203,0.5825,0.73,60.1263,1.1397,7.2807,3.0781,1069860.05,1069860.05
688523.SH,20260203,13.6783,1.34,259.2202,15.6852,49.1907,,2640244.32,626291.9152
301219.SZ,20260203,2.3218,0.55,25.4149,2.2962,2.8106,2.1138,2081292.7393,2040617.0599
920871.BJ,20260203,1.8719,0.74,73.3817,4.9653,7.6435,1.1795,131009.1028,69314.7517
002356.SZ,20260203,2.4708,0.69,128.6494,8.275,7.2862,,514011.7722,514008.8322
300160.SZ,20260203,1.8237,0.81,21.8913,1.7444,2.7016,1.692,456811.2586,450554.4745
600223.SH,20260203,0.7227,0.7,35.5147,1.8162,2.0133,0.8021,760393.4437,760393.4437
002399.SZ,20260203,0.4043,0.97,42.0421,1.4282,3.2677,2.0764,1766624.6296,1501630.8516
000630.SZ,20260203,12.7648,1.4,56.8519,2.9655,0.6525,1.8519,10513025.6638,8736120.9768
002899.SZ,20260203,2.6674,0.91,66.4679,2.7692,4.1104,0.2279,482261.5327,482261.5327
002780.SZ,20260203,28.5563,2.29,,3.72,3.1842,,281941.7207,222761.2491
000999.SZ,20260203,0.6466,0.85,16.8237,2.2806,1.5554,2.4972,4644832.0417,4640578.9624
688160.SH,20260203,3.1609,1.02,196.1871,9.4567,18.1509,0.2104,1197622.6361,1197622.6361
600713.SH,20260203,1.4179,0.96,13.3923,1.0201,0.1319,3.13,710750.1927,700384.3358
002213.SZ,20260203,8.6273,0.73,,11.4175,5.6764,0.078,639309.4046,556531.546
603071.SH,20260203,0.4048,0.85,11.2585,1.327,0.1819,5.2711,740963.499,740963.499
000531.SZ,20260203,1.8948,0.87,15.3707,0.9397,1.5676,2.2265,648793.0298,566771.439
920169.BJ,20260203,9.0052,0.98,91.1579,9.4539,15.3876,0.2604,313908.3497,197370.4437
301578.SZ,20260203,4.5086,1.02,81.8789,3.1591,3.425,1.0609,294080.7761,83620.1691
300111.SZ,20260203,3.7721,0.89,924.6119,8.536,19.3772,,586968.0856,586968.0856
300607.SZ,20260203,2.7365,0.75,,5.1267,6.2838,,1460489.5255,1016735.275
002011.SZ,20260203,1.8177,1.07,11.4144,2.0727,1.0175,,1329375.6209,1310674.8615
601998.SH,20260203,0.2015,0.83,5.6971,0.5558,1.8935,4.982,40231452.3169,29471648.4845
002413.SZ,20260203,20.389,1.62,,5.6331,12.8081,,1894573.2811,1860238.1937
300145.SZ,20260203,1.542,0.61,34.655,2.9522,1.7033,,868246.9067,864160.8493
002690.SZ,20260203,1.7016,1.06,23.9723,6.3164,7.0925,3.588,1721228.5839,846240.4263
002244.SZ,20260203,2.3985,1.38,10.8203,1.2041,0.3811,0.713,3578160.4735,3088784.2698
300753.SZ,20260203,5.5893,0.73,,6.1061,10.9064,0.1973,415202.112,289561.5767
605155.SH,20260203,3.2926,0.74,32.4506,3.0193,4.5529,1.1777,400004.3271,390658.3935
300037.SZ,20260203,2.4183,0.7,38.121,3.6996,4.2845,0.791,3768731.0452,2699093.4043
002403.SZ,20260203,0.7374,0.52,,2.5685,1.4879,0.149,411491.4034,358971.0364
001217.SZ,20260203,2.1609,0.7,145.0121,1.8995,2.1838,0.777,427116.69,422886.3493
000680.SZ,20260203,2.1819,1.37,14.9249,3.239,1.2711,0.7502,1890179.6911,1656524.273
605318.SH,20260203,1.2257,0.81,,12.2676,13.6667,0.4757,792847.2506,792847.2506
603231.SH,20260203,3.4231,1.13,20.8315,1.8691,2.2372,1.5649,367027.1043,203711.8875
300967.SZ,20260203,15.7729,0.89,18.5495,5.3503,3.247,0.8468,438541.5124,291595.6546
301328.SZ,20260203,2.3967,0.63,59.2545,3.0204,8.8523,0.9363,586831.792,269759.6693
301027.SZ,20260203,5.0313,0.76,135.4192,2.7857,3.8979,,265335.0,213427.3443
300969.SZ,20260203,3.1448,0.78,84.9757,11.0235,16.2418,0.2101,1523235.292,683567.5248
301039.SZ,20260203,1.5669,1.33,21.5309,1.2806,0.9219,2.8197,1861005.5491,1442260.5075
600371.SH,20260203,10.4423,1.04,139.5592,5.1347,12.7872,1.556,282045.192,282045.192
002848.SZ,20260203,4.7679,0.6,,16.3643,11.9545,,188879.5,186366.6196
002221.SZ,20260203,0.8744,0.41,33.2757,1.1615,0.4231,,1290848.6412,1196456.7167
603322.SH,20260203,2.981,0.65,,20.3473,2.3815,,586222.8811,586222.8811
603091.SH,20260203,1.7904,1.1,27.2065,3.6717,5.3479,1.2627,777321.5432,234299.7731
688113.SH,20260203,2.1068,0.78,27.51,2.9111,5.4804,0.9776,282576.4889,282576.4889
300765.SZ,20260203,1.0904,0.72,,14.1725,24.9493,0.0533,5226490.3446,5226490.3446
301010.SZ,20260203,2.0417,0.53,112.7085,2.9422,2.3989,0.8861,243756.0,243756.0
688205.SH,20260203,12.0971,1.26,471.5551,13.3861,33.9449,0.1719,3030847.4797,3030847.4797
300375.SZ,20260203,6.5215,0.53,91.1563,1.871,1.566,0.6346,428492.6934,287378.9949
002316.SZ,20260203,9.7153,1.68,440.9789,28.5168,3.489,,218181.6,189114.8625
603305.SH,20260203,5.2558,1.23,55.4735,2.4031,5.0016,1.6602,2180822.0452,2180822.0452
001325.SZ,20260203,6.213,0.66,24.6285,2.2731,2.7928,,398664.0,99666.0
001230.SZ,20260203,2.0571,0.76,20.7866,1.6415,2.0066,1.8169,314625.8776,184138.2409
600737.SH,20260203,1.4139,0.6,26.2832,3.1843,1.1935,2.4419,3591126.1748,3591126.1748
688390.SH,20260203,4.4527,0.82,1939.2235,7.5831,2.587,,2066685.0029,2066685.0029
300394.SZ,20260203,7.9905,1.01,114.5485,43.03,43.9549,0.3175,20990229.057,20948014.422
920682.BJ,20260203,3.505,1.06,25.6733,2.8222,0.8739,1.6801,321884.16,186666.9434
688302.SH,20260203,1.0262,0.79,,4.1093,191.6235,,452402.2673,452402.2673
300564.SZ,20260203,2.3648,0.81,171.692,2.0776,7.6913,3.2154,250845.136,176013.1713
601009.SH,20260203,0.4912,0.85,5.9984,0.7206,2.3552,4.6862,13080654.1452,13080654.1452
603300.SH,20260203,2.7169,0.77,22.136,2.195,2.4329,0.3498,1433758.7558,1433758.7558
002195.SZ,20260203,12.7569,1.23,338.5781,5.8561,90.6333,,5846341.8916,5774900.8251
301295.SZ,20260203,6.3593,0.69,167.5334,3.6764,4.8341,0.6897,350784.0,102312.0
002573.SZ,20260203,0.7455,0.7,,0.898,0.5984,,533555.6888,532605.7996
002374.SZ,20260203,3.1485,0.76,,4.4946,6.5293,,378738.0398,378738.0398
300792.SZ,20260203,10.9833,1.18,136.7031,3.7229,9.753,0.2174,1089936.558,977654.8958
688155.SH,20260203,3.9783,1.03,51.5596,5.7528,4.8426,0.6067,1238820.0064,1238820.0064
603332.SH,20260203,1.741,0.51,54.2789,2.3057,1.8802,1.6125,294232.1702,294232.1702
301397.SZ,20260203,2.3737,0.65,41.8022,2.4594,3.4305,1.9765,481932.3322,219004.2226
002645.SZ,20260203,5.4411,0.85,,2.3694,1.353,,945793.7425,842303.8194
300527.SZ,20260203,1.1576,0.7,729.1674,2.9099,8.2171,0.0306,846969.7199,846969.7199
688716.SH,20260203,4.082,0.8,242.6407,4.0746,16.5664,0.5051,481852.8,276911.5932
000717.SZ,20260203,1.4538,0.72,,0.7789,0.2173,,610809.0887,610737.3632
688793.SH,20260203,1.1381,0.67,,6.9969,2.4191,,193549.0836,193549.0836
002685.SZ,20260203,2.4189,0.61,52.4046,4.3109,7.8885,,677168.1108,677077.8444
688315.SH,20260203,1.5251,0.77,37.7929,2.5513,3.0475,0.3059,662174.2,662174.2
301656.SZ,20260203,2.6273,0.74,54.7937,6.8482,3.1683,,6331814.466,439399.4898
603027.SH,20260203,1.9113,1.58,32.7383,4.1901,4.987,4.4507,1382451.0522,1295851.1356
603990.SH,20260203,2.4139,0.66,,5.4989,14.0353,,458505.2483,458505.2483
603666.SH,20260203,1.4527,0.44,,3.0203,11.8386,,639405.1366,639405.1366
001339.SZ,20260203,4.4046,0.6,81.1195,6.2523,3.3338,0.1422,1408798.6014,666796.2608
002006.SZ,20260203,3.3354,0.89,48.9714,4.4551,5.664,0.728,1070774.4864,1070774.4864
603353.SH,20260203,6.4978,0.75,836.4937,4.0709,2.3654,0.5197,664416.69,658665.57
002958.SZ,20260203,1.6469,1.32,5.7224,0.4574,1.6011,3.9216,1700020.4746,1664511.7805
603175.SH,20260203,6.7094,0.71,122.4502,10.5031,6.7953,,3024242.9013,304475.2114
002982.SZ,20260203,3.388,0.59,93.397,1.8522,0.6542,0.494,293818.4763,187800.5225
002300.SZ,20260203,4.6578,0.86,77.8324,3.3198,0.5037,1.2658,627707.9853,627652.8108
600657.SH,20260203,0.7001,0.58,,0.5187,1.3309,,961083.0865,961083.0865
002867.SZ,20260203,1.4574,0.38,13.2748,2.2981,1.3967,7.0978,1376380.8963,1368294.7475
300369.SZ,20260203,4.5661,1.0,,2.7701,2.8769,,680111.7632,677958.9236
600858.SH,20260203,3.0817,0.81,89.5496,1.283,0.6535,0.5689,347404.4815,345722.0834
920394.BJ,20260203,2.0626,1.04,72.6926,11.3252,18.7346,0.3327,879255.0,872778.9457
301581.SZ,20260203,0.9854,0.37,54.0413,3.854,4.7033,1.4466,387120.0,236520.642
603095.SH,20260203,2.7509,0.73,48.0813,2.22,4.0713,4.3534,514730.5156,514730.5156
600150.SH,20260203,1.8014,1.44,36.2095,1.846,2.0069,0.4292,26053700.8991,26053700.8991
300536.SZ,20260203,2.1766,0.66,,5.9608,15.5702,,266892.201,266872.8526
605319.SH,20260203,0.8378,0.44,18.3473,3.1528,2.9255,2.0478,818151.6924,703671.4104
300595.SZ,20260203,1.2837,0.67,28.9143,2.9162,7.8314,1.7646,1421719.1273,1061569.6789
603255.SH,20260203,5.2806,1.47,,2.8878,5.3968,,458553.8095,206720.5699
000561.SZ,20260203,3.4421,0.69,,3.1309,6.5352,,987572.846,818840.7663
600428.SH,20260203,1.4314,0.74,12.3675,1.2404,0.9602,3.7349,2049708.5351,1826628.3305
300546.SZ,20260203,2.3797,0.87,121.6956,3.9822,7.8546,0.1876,447731.8257,321259.65
600531.SH,20260203,15.4655,1.28,25.0118,3.3648,0.4836,1.1226,2185137.6953,2185137.6953
002498.SZ,20260203,9.6951,1.2,35.8075,2.2788,1.9807,0.6791,1959482.844,1959482.844
000599.SZ,20260203,5.9816,0.89,,4.5695,1.3345,,601134.6144,601124.4024
688796.SH,20260203,8.4884,0.87,128.0943,15.1031,24.0458,,3201580.2809,257099.0601
688560.SH,20260203,5.8706,0.91,,1.5701,6.5139,,416896.2722,416896.2722
002863.SZ,20260203,1.8451,0.71,45.3968,1.2638,0.6432,0.2843,358491.1653,358491.1653
300674.SZ,20260203,1.3804,0.66,39.9013,3.5766,4.1739,1.1287,1583424.3279,1581073.527
600704.SH,20260203,1.2648,0.78,7.6912,0.7227,0.0495,5.4867,2921716.6379,2921716.6379
300539.SZ,20260203,1.8184,0.52,173.8792,7.6696,9.8269,0.3375,891166.6005,573509.7471
000581.SZ,20260203,1.0201,0.46,13.1951,1.0139,1.7682,4.7898,2024449.2411,1662357.6006
003002.SZ,20260203,2.1824,0.62,30.8254,3.7403,4.3394,0.5325,561000.0,512886.6064
603709.SH,20260203,1.7083,0.75,,4.4088,1.4262,,228325.8092,226572.888
002092.SZ,20260203,4.6213,0.9,,0.7607,0.5687,,1642072.3738,1632937.0678
603661.SH,20260203,0.7415,0.96,17.2717,1.2826,0.407,3.7069,476443.6482,476443.6482
601992.SH,20260203,1.6893,0.91,,0.5497,0.2163,2.3923,2231654.167,1741839.0772
688550.SH,20260203,2.5757,1.23,23.7762,2.5419,4.9537,1.23,825587.2361,825587.2361
920396.BJ,20260203,3.5935,0.96,63.2352,7.2153,9.6997,0.5992,250246.2362,177784.8291
001215.SZ,20260203,3.2502,1.26,78.5433,2.3517,2.3335,,439165.2159,437458.7668
300211.SZ,20260203,0.9824,0.72,,5.6445,13.1732,,261683.4915,255790.724
300071.SZ,20260203,19.8112,1.11,,44.3881,6.0184,,622669.2811,610696.6594
000608.SZ,20260203,0.2728,0.08,,1.2287,7.2048,,273718.3578,272081.059
002687.SZ,20260203,2.9136,0.92,43.3224,1.7217,2.0039,,256932.7609,210445.8637
300785.SZ,20260203,23.8083,0.94,179.1663,8.0537,11.597,0.1961,1520844.8985,935612.6117
600831.SH,20260203,1.64,0.78,,2.0945,2.3824,,307840.0475,307840.0475
603800.SH,20260203,1.8373,0.58,87.7948,9.6068,6.9372,0.2436,827840.0,827840.0
300740.SZ,20260203,2.2495,0.89,59.4759,4.3511,1.9579,,900923.3379,829250.1502
603822.SH,20260203,1.7396,0.88,,18.8351,2.5968,,841397.1035,841397.1035
301418.SZ,20260203,3.6224,1.01,184.6854,1.7827,8.4813,,288493.336,115802.538
300834.SZ,20260203,0.5679,0.61,72.3019,1.6189,3.3303,1.2282,475370.1143,472215.3157
002876.SZ,20260203,2.6778,0.73,91.2475,1.8533,1.3132,0.59,441146.0725,377884.6532
301313.SZ,20260203,6.8387,0.36,,4.5162,6.0108,,325257.4896,237333.5677
301163.SZ,20260203,3.4668,0.87,70.0911,2.2236,3.0805,0.4039,252552.0,169375.8527
300172.SZ,20260203,3.8867,1.04,50.339,2.0388,5.2027,0.8562,395198.64,305731.234
000514.SZ,20260203,1.5835,0.52,45.6321,1.1191,14.5543,,424416.7954,424416.7954
600282.SH,20260203,0.9081,0.85,12.7729,1.2714,0.6143,3.6619,3427790.6021,3427790.6021
000166.SZ,20260203,0.5735,0.81,13.4053,1.1395,4.6941,1.6135,12570052.1691,11312824.6726
688566.SH,20260203,0.9112,0.71,23.0568,2.3629,5.8178,1.8611,557209.8368,557209.8368
600741.SH,20260203,0.4944,0.56,8.5656,0.9138,0.3282,4.2644,5914510.194,5914510.194
688631.SH,20260203,4.031,1.32,180.8749,6.3518,8.1412,0.5683,1150665.33,456619.93
300908.SZ,20260203,1.3669,1.11,23.1872,2.3729,3.8514,2.7962,417706.0,352339.8003
601089.SH,20260203,1.189,0.76,27.0649,3.4007,3.6654,1.8671,1253280.0,1253280.0
002168.SZ,20260203,1.0317,0.81,,142.2101,9.6405,,322291.1442,322291.1442
300230.SZ,20260203,1.8834,0.76,18.6423,1.2828,1.7566,1.2646,417991.7087,323728.7645
000782.SZ,20260203,3.5404,0.92,,2.3721,1.5399,,407829.4163,313714.9361
300600.SZ,20260203,2.966,1.67,,3.4642,17.425,,423109.1822,423109.1822
002774.SZ,20260203,1.9668,0.64,38.186,3.158,2.6759,3.2,378773.8875,316993.4269
000972.SZ,20260203,0.9388,0.4,,,7.4482,,271491.8198,271491.8198
000856.SZ,20260203,5.772,2.22,140.3785,6.2721,1.0001,,263093.0,263093.0
603896.SH,20260203,0.9334,0.43,30.9078,1.8251,6.2971,1.3081,409175.4323,409175.4323
002430.SZ,20260203,1.504,1.04,30.5483,3.0309,2.0742,1.2809,3068119.4204,3066911.198
920152.BJ,20260203,1.0386,0.59,,7.5594,4.0559,,271673.748,200473.389
688376.SH,20260203,3.0036,0.8,48.3219,4.582,4.4374,0.3018,890634.0512,890634.0512
002971.SZ,20260203,1.8144,0.54,90.2509,4.0794,4.1364,0.3247,650511.36,494605.9653
301299.SZ,20260203,2.7979,0.68,53.6245,6.3435,10.6901,2.8404,361377.6516,361377.6516
301386.SZ,20260203,21.806,1.96,40.4067,2.6413,7.3125,1.787,391720.0,120092.9692
301587.SZ,20260203,3.1306,0.82,77.5838,1.8088,5.4645,1.9959,357859.8092,178417.4342
688221.SH,20260203,4.5647,1.29,,8.2089,57.061,,805718.6826,805718.6826
603931.SH,20260203,1.6581,0.64,50.1851,3.9692,10.2331,0.6856,640382.8414,640382.8414
688567.SH,20260203,0.7618,0.56,,1.8174,1.9361,,1748830.6594,1748830.6594
688530.SH,20260203,23.7217,1.54,,4.7274,7.6735,0.2664,390509.3706,165378.8178
301363.SZ,20260203,2.5775,0.72,57.8416,4.9691,11.1327,0.4732,1816974.5489,1192010.4076
920533.BJ,20260203,3.4444,1.18,140.913,10.7454,5.4685,0.5307,379065.4939,211604.0167
600301.SH,20260203,5.6929,1.35,54.7052,7.4449,6.2491,,3345649.3964,1456250.4168
600170.SH,20260203,7.4682,1.14,13.2358,0.8503,0.1099,1.9868,2683553.8027,2683553.8027
603589.SH,20260203,1.4159,0.59,16.4301,1.7047,3.6989,4.3585,1785386.6239,1785386.6239
002442.SZ,20260203,2.2496,0.74,35.018,1.7373,0.7122,1.8958,318582.2902,311793.4443
688169.SH,20260203,1.3168,0.8,24.3796,2.7324,2.211,0.5257,3759633.3997,3759633.3997
600149.SH,20260203,3.6231,1.29,139.8218,9.6488,10.8135,,225054.72,225054.72
300478.SZ,20260203,1.7315,0.93,,64.5434,7.4181,,331503.241,331503.241
002209.SZ,20260203,2.4815,0.48,24.0341,3.8379,1.6627,0.3285,315062.9862,247443.3571
601019.SH,20260203,0.5705,0.83,12.2448,1.2255,1.6341,4.0839,1890731.4,1890731.4
300237.SZ,20260203,1.6263,0.92,,,1.9044,,348943.4131,348940.1461
002212.SZ,20260203,4.3202,1.43,607.6276,1.0987,4.1901,0.2275,1022586.5131,1011658.8919
688727.SH,20260203,7.2435,0.63,242.5548,9.8631,38.0578,,2444298.624,273322.8176
002743.SZ,20260203,4.0392,1.51,100.621,0.7564,0.7413,,249408.8379,249009.1704
601700.SH,20260203,2.984,0.49,237.473,2.5387,2.4112,0.3438,648796.1256,648796.1256
603378.SH,20260203,1.2631,0.6,,2.8171,3.8773,,281159.3972,281159.3972
002919.SZ,20260203,2.0496,0.63,,8.1523,4.5427,0.1987,669780.0039,664407.4712
601319.SH,20260203,0.2499,0.83,7.4591,1.2808,0.5911,2.1332,39801591.5247,31947980.9247
600610.SH,20260203,12.7856,0.93,286.9643,116.561,12.5948,,1323024.1372,875277.4807
002215.SZ,20260203,1.8141,0.58,16.5968,2.6942,2.0368,3.1521,1116148.1629,892124.853
600694.SH,20260203,1.1455,0.44,12.416,0.7062,0.9562,5.092,620877.1639,620877.1639
600121.SH,20260203,3.7554,0.61,,3.3783,1.4077,,517825.1162,517825.1162
920367.BJ,20260203,3.2391,0.42,152.9057,3.3606,11.4385,0.4437,159721.2575,94176.3282
000752.SZ,20260203,1.3133,0.58,19.5069,4.6683,6.418,,286969.2382,286969.2382
301272.SZ,20260203,3.0436,1.05,62.8561,2.4655,4.3569,1.5909,248634.775,133146.125
603014.SH,20260203,2.3659,0.53,35.3829,2.4269,4.5423,0.3921,1678535.8372,158177.94
301606.SZ,20260203,3.6499,0.82,46.1204,8.9176,3.4044,0.8888,2801056.1003,1478579.1021
601162.SH,20260203,1.2736,0.59,62.9025,1.5271,11.9575,,4150481.9164,3542363.8353
603216.SH,20260203,4.4057,1.28,127.2295,5.4432,8.9179,0.4567,975159.51,975159.51
920808.BJ,20260203,0.7852,0.72,,23.4687,24.9457,0.0812,1526600.0076,1485169.4423
601881.SH,20260203,0.6912,0.89,11.7715,1.4219,5.3063,2.1244,16521881.8088,10944804.0284
002837.SZ,20260203,9.191,1.31,214.8321,32.3558,18.6652,0.139,10719653.7521,9332590.1857
600503.SH,20260203,1.1367,0.61,,1.172,16.0639,,416595.4,416595.4
688008.SH,20260203,5.9681,0.95,101.0094,17.2964,40.713,0.3211,20868401.9618,20868401.9618
603181.SH,20260203,1.2609,0.63,21.1726,2.8521,3.9166,1.2698,951927.9,951927.9
688669.SH,20260203,2.1938,1.49,,2.4205,0.8223,,316680.0017,316680.0017
300242.SZ,20260203,7.5492,0.7,,14.9606,1.8441,,395327.9046,395327.689
002366.SZ,20260203,2.1929,0.66,,3.4549,15.182,,1577350.7311,1402570.4734
600031.SH,20260203,1.5483,1.62,25.7453,2.507,2.4785,2.8855,21222070.2406,19558892.2054
603033.SH,20260203,1.0835,0.79,,4.0145,2.4147,,1168308.3067,1147197.6434
603499.SH,20260203,1.9068,0.71,54.3921,7.9528,6.6819,0.6217,695361.9082,695361.9082
603201.SH,20260203,0.6135,0.64,12.8567,1.9074,1.1081,2.2971,329804.7974,326983.8321
002541.SZ,20260203,1.9381,0.79,25.5723,1.6378,0.7277,1.5784,1567718.9466,1127182.0045
002478.SZ,20260203,6.2023,1.13,15.0351,1.5664,1.6074,2.1265,925125.9422,742237.4843
300638.SZ,20260203,4.0381,0.84,79.5,4.1855,3.5993,1.1896,2641143.7838,1557927.7849
600660.SH,20260203,0.6554,0.57,17.3829,4.7664,3.5689,4.4628,15788948.3686,12118067.3086
600016.SH,20260203,0.7922,0.73,5.3805,0.2906,1.1409,5.3083,16330842.1012,13227371.9584
001317.SZ,20260203,3.0114,0.7,,4.2038,2.7076,0.1915,418074.489,417662.2328
605305.SH,20260203,3.7315,0.93,16.8957,3.0511,5.0681,2.0029,870056.88,870056.88
300558.SZ,20260203,0.8602,0.54,64.3567,3.3402,5.9785,0.4288,1951784.2977,1945562.5497
000707.SZ,20260203,2.8826,0.87,,1.3266,1.6985,2.2302,377727.3067,299838.1642
603138.SH,20260203,3.1919,0.52,,6.5971,12.0584,,506048.8066,496526.3877
600732.SH,20260203,3.3039,0.95,,4.6377,2.0195,,3000143.1409,2562674.8025
002599.SZ,20260203,2.5066,0.66,,3.4453,2.0534,0.2497,426676.5094,318803.3955
920006.BJ,20260203,2.0787,0.69,,7.4131,27.7967,0.4134,240254.2392,127188.115
002423.SZ,20260203,0.5974,0.68,26.4089,1.1336,,1.439,2529907.9214,2529907.9214
600855.SH,20260203,4.4449,1.04,,6.2082,8.2793,,950673.1951,948841.0081
600379.SH,20260203,1.4172,0.77,60.5455,5.6069,3.4139,0.6183,428601.6301,428601.6301
301175.SZ,20260203,3.5757,0.73,25.3377,2.5544,5.1903,3.1863,900790.56,380590.56
920985.BJ,20260203,2.9988,0.69,,2.3224,0.9213,2.996,253770.484,179840.6444
600838.SH,20260203,5.0962,0.58,113.9918,3.0979,54.1394,0.2627,488274.2529,488274.2529
300300.SZ,20260203,8.9134,0.7,200.3198,57.1593,46.8248,,810886.0274,810834.4082
002305.SZ,20260203,1.6759,0.87,,,1.7536,,372856.3906,372832.2043
300769.SZ,20260203,3.5252,0.54,,2.1678,1.5838,,1127476.6327,1013072.0915
688768.SH,20260203,4.2714,1.31,45.1636,5.6542,9.4229,0.632,594803.6999,589901.5912
688349.SH,20260203,0.3474,0.87,26.1196,2.4578,1.4077,2.2433,3262235.2119,3164028.0119
920564.BJ,20260203,6.7497,0.84,244.3822,8.8283,12.3623,0.1363,272389.7694,123784.4964
002833.SZ,20260203,2.9955,1.29,19.9886,2.9221,3.4524,3.7017,802223.024,545653.2389
600320.SH,20260203,1.6476,1.01,43.2768,1.7439,0.77,1.4612,2702665.346,1704184.8001
688552.SH,20260203,5.9955,0.86,789.1344,5.4485,19.7052,,1412731.872,363720.6111
603116.SH,20260203,1.5852,1.07,,1.4079,1.8593,3.8479,367616.1104,367616.1104
000060.SZ,20260203,7.3381,0.75,27.9538,1.6551,0.5017,1.0356,3139908.9278,3139869.1591
688120.SH,20260203,1.3452,0.82,59.3154,8.997,15.644,0.2002,6489867.6868,6489867.6868
300873.SZ,20260203,3.1239,1.15,20.4593,1.8202,3.2175,1.6013,572353.6155,414096.0982
300641.SZ,20260203,3.1312,0.9,10.5069,3.488,3.9317,2.886,1092607.66,1092607.66
300232.SZ,20260203,4.0972,0.59,86.4683,1.8285,1.0661,3.0653,850383.6721,690792.8478
002367.SZ,20260203,1.1556,0.88,16.2581,1.7813,1.5077,3.7129,644578.3284,642023.2506
300913.SZ,20260203,2.1555,0.85,89.5166,7.1613,8.9711,0.1728,1802685.9101,1345167.3355
603858.SH,20260203,1.2403,1.58,11112.8808,1.7475,1.6858,2.226,1847603.9104,1847603.9104
002124.SZ,20260203,3.7742,1.18,14.6881,1.406,0.6003,,553261.5242,491116.3074
000582.SZ,20260203,2.1525,0.92,21.4853,1.2373,3.0719,1.2843,2345873.1892,1995351.4591
920021.BJ,20260203,29.4226,0.94,,6.8542,9.9861,,428273.9764,322719.8907
300616.SZ,20260203,2.8323,0.68,,1.0392,0.9063,5.7334,326895.2669,225692.0004
300561.SZ,20260203,3.4326,0.62,,9.6641,60.3319,0.1981,579766.7918,425948.7333
688227.SH,20260203,1.7576,0.65,,6.1279,14.5519,,793421.92,793421.92
002826.SZ,20260203,15.4418,5.07,46.5855,4.9871,6.3698,0.4681,400041.9195,365736.7641
002027.SZ,20260203,0.9308,0.67,19.5301,7.4124,8.4082,5.1771,10600574.5989,10600574.5989
688092.SH,20260203,2.2111,0.84,45.9072,3.8336,5.441,0.9302,248817.8574,248817.8574
002121.SZ,20260203,3.1784,0.68,,20.1858,2.9244,,1494735.0192,1259930.1636
002282.SZ,20260203,1.965,1.24,22.5295,1.1368,2.4097,2.5608,411460.7498,394410.9653
001223.SZ,20260203,1.0164,0.61,75.9747,2.6495,6.0812,0.1937,516236.56,516236.56
300460.SZ,20260203,1.4218,0.61,,4.1905,4.4093,,233909.9411,233909.9411
000638.SZ,20260203,0.0614,0.28,,4.9333,1.5039,,68816.4278,68542.1778
002069.SZ,20260203,3.02,1.07,,151.0789,1.8261,,273778.1947,273433.2347
300099.SZ,20260203,5.1264,0.66,64.6212,2.7059,10.7613,2.7294,618565.5489,487804.8694
301051.SZ,20260203,2.3875,1.04,,1.7861,2.2396,0.2148,393904.3046,312355.454
603109.SH,20260203,0.9392,0.67,23.8583,2.7359,1.7635,1.1344,544049.9778,544049.9778
002873.SZ,20260203,1.8564,0.84,337.6571,2.0057,3.3545,0.5572,253379.7506,247738.2362
688190.SH,20260203,1.2948,0.88,34.7309,4.6757,6.1339,1.4201,1208400.0,1208400.0
920139.BJ,20260203,1.9332,0.48,,5.4681,18.49,,585639.5628,561334.1797
002310.SZ,20260203,1.0912,0.83,,9.0592,39.9262,,1391842.7311,974179.5343
300415.SZ,20260203,1.4961,0.82,17.4697,3.8751,2.1218,1.9016,1208421.6146,1168524.6265
002569.SZ,20260203,0.9038,0.42,,70.2794,16.9546,,202766.08,197058.6464
600279.SH,20260203,0.9554,0.72,12.6349,0.9426,1.5116,0.7477,634973.4614,634973.4614
002682.SZ,20260203,6.0965,1.33,,3.6865,1.6973,,397032.2274,397026.297
600802.SH,20260203,1.602,0.59,,2.5872,1.6548,,286405.25,286405.25
300805.SZ,20260203,14.6238,1.11,152.8278,4.0644,2.5526,0.1337,634541.0172,431085.2712
002347.SZ,20260203,7.3299,1.28,,4.3302,4.2737,0.2037,495617.635,484502.0088
688322.SH,20260203,2.159,0.85,352.062,12.4654,40.011,,3711386.5085,2948393.9788
688225.SH,20260203,1.2104,0.87,,4.596,1.1067,,816420.41,816420.41
300692.SZ,20260203,1.8153,0.74,58.5756,1.6726,4.1643,0.3055,407418.8735,363899.8171
300768.SZ,20260203,1.2046,0.75,73.5913,3.5186,9.9067,0.4257,1194946.6964,780759.2679
600865.SH,20260203,4.8675,1.39,214.0412,2.3468,29.1985,1.2561,539152.3728,539152.3728
601898.SH,20260203,0.3488,0.48,9.8706,1.0938,1.0635,3.3125,16971089.152,11714560.512
301075.SZ,20260203,1.1313,0.8,,8.3872,28.2678,,500640.0,500640.0
603170.SH,20260203,1.2108,1.01,22.4797,4.0072,1.9819,2.7581,565614.14,565614.14
688010.SH,20260203,1.5016,0.54,,2.9787,7.8218,0.1811,499988.7539,499988.7539
688119.SH,20260203,3.0964,0.67,,2.4422,3.5456,,727875.0,727875.0
301505.SZ,20260203,5.9454,0.91,142.3658,3.1483,10.4144,0.7565,300871.9763,197044.4076
301323.SZ,20260203,2.1536,0.48,40.9287,2.7035,6.1987,1.0624,584644.5765,374705.1961
600502.SH,20260203,1.0429,0.86,6.8283,0.7298,0.0929,5.6962,813637.0866,813637.0866
301580.SZ,20260203,1.9407,0.58,30.6275,2.6582,5.5771,0.8929,554135.5924,374488.3584
601010.SH,20260203,1.028,0.64,45.8914,1.144,2.9008,3.846,489720.0,489720.0
301126.SZ,20260203,3.9652,0.42,,1.4444,0.4673,0.848,251413.5168,168769.1213
688581.SH,20260203,0.9234,0.57,18.1801,1.9944,7.4207,2.2408,496223.7572,254220.691
688019.SH,20260203,1.5277,0.61,59.7709,13.4815,19.1837,0.1297,4479209.9839,4479209.9839
300125.SZ,20260203,1.4215,0.78,,,50.8801,,517365.4399,280349.6435
002524.SZ,20260203,6.3865,0.38,,21.2833,2.7823,,238598.5188,236526.941
603099.SH,20260203,2.5975,0.88,79.3528,7.613,14.7406,0.1878,1156967.6933,1132814.16
600333.SH,20260203,1.7164,0.45,,1.8472,1.5422,,345320.3978,345320.3978
002594.SZ,20260203,1.0835,0.78,20.7714,3.6231,0.947,1.5162,79656955.1254,30468031.8076
002950.SZ,20260203,2.2362,0.52,14.7985,1.7941,1.9274,0.5546,669361.5352,477758.9359
300418.SZ,20260203,6.8854,0.81,,4.9945,9.1813,,7013679.2964,7008839.5577
002048.SZ,20260203,2.8913,0.75,80.5639,2.3282,0.9552,1.4559,2618101.1535,2283431.0491
300438.SZ,20260203,5.8433,0.74,,4.5164,2.3785,,2353130.208,1889467.8127
601636.SH,20260203,2.8787,1.27,35.1398,1.39,1.3289,0.5686,2103602.8006,2103602.8006
002715.SZ,20260203,3.1416,0.45,,4.9525,4.3191,0.189,233634.0,233634.0
002858.SZ,20260203,3.2794,0.65,,4.8545,5.4067,,264074.859,236782.2636
600900.SH,20260203,0.3619,0.45,18.6195,2.8717,7.4075,2.8192,63617366.0616,63617366.0616
301017.SZ,20260203,4.3476,0.72,,3.5088,0.7024,,698048.7125,419246.7125
600073.SH,20260203,1.6465,0.71,2223.4902,1.2082,0.2698,1.0836,605773.2389,605773.2389
601619.SH,20260203,6.3615,0.89,26.5302,2.2747,7.2402,2.3384,1788429.0323,1494883.2159
300162.SZ,20260203,4.337,0.58,,4.0314,3.0721,,360359.1158,293916.969
301079.SZ,20260203,19.647,1.38,,10.1269,17.9228,0.0457,478866.1007,305632.7748
601595.SH,20260203,2.6776,1.22,110.3777,7.8801,15.7905,0.1597,1347289.2,1347289.2
600398.SH,20260203,0.7048,0.78,13.7491,1.6132,1.3644,2.9752,2905676.0291,2905676.0291
920885.BJ,20260203,10.24,1.48,141.7676,10.9065,23.1369,0.1755,435590.745,225683.1498
000883.SZ,20260203,0.5679,1.19,16.9145,0.8616,1.8389,2.0268,3206962.5964,2935252.2107
600408.SH,20260203,5.1337,0.6,,2.7811,0.7113,,377550.0,377550.0
688096.SH,20260203,2.0485,0.7,,2.3829,4.0855,1.1463,214092.2744,214092.2744
603269.SH,20260203,3.7451,1.36,36.0822,4.0222,2.2323,1.7267,383160.9441,383160.9441
301251.SZ,20260203,27.6798,2.77,103.7655,5.1905,5.7988,0.2214,814866.2297,326658.3337
600055.SH,20260203,0.7638,0.67,779.2914,2.3976,6.9317,0.814,1122788.5096,1122788.5096
001322.SZ,20260203,0.7129,0.48,130.8762,1.865,1.3012,1.4278,881085.4566,715693.2608
002669.SZ,20260203,2.6727,0.7,,1.6331,0.9488,,443267.4,442270.7058
002510.SZ,20260203,2.445,0.62,130.3789,2.9691,3.2095,0.4104,742066.3955,734543.1175
002041.SZ,20260203,9.3179,1.31,196.0051,2.815,8.6353,0.2502,1019920.0,1019920.0
002370.SZ,20260203,1.9377,0.45,39.4684,4.7487,16.2993,,532406.6164,532406.6164
603339.SH,20260203,1.009,0.53,27.2592,1.6336,2.5604,1.6789,425481.6156,425481.6156
603508.SH,20260203,0.9656,0.57,16.0875,2.5817,6.3534,12.6278,992838.4777,992838.4777
000878.SZ,20260203,9.9862,1.27,43.1263,3.1623,0.2988,0.8619,5579455.2514,4946871.554
920768.BJ,20260203,3.2621,0.65,30.0431,2.1071,0.8315,,147257.19,101507.9175
000888.SZ,20260203,3.0591,0.92,32.1164,2.6957,7.6828,2.407,722397.8628,722397.8628
600725.SH,20260203,2.4261,0.6,,20.7145,8.9244,,580493.37,580493.37
002616.SZ,20260203,2.4586,0.89,17.0187,1.4754,1.3514,2.2144,502641.5753,343675.9568
002875.SZ,20260203,1.1718,0.53,,5.5206,6.3818,,354673.0919,303756.8757
300034.SZ,20260203,3.3367,0.68,120.7628,4.3795,4.402,0.4771,1670431.436,1606890.1376
688636.SH,20260203,3.3244,0.67,75.9315,6.0996,11.336,0.1903,839794.0249,809472.7387
000620.SZ,20260203,5.9594,0.63,,4.3459,9.9784,,1943570.7782,1546348.8578
300130.SZ,20260203,2.5167,0.74,44.0665,3.5006,4.9839,1.8685,1518092.4531,1161791.5762
600851.SH,20260203,1.421,0.74,60.5655,2.0266,12.0085,0.5102,946332.4465,578753.5902
920239.BJ,20260203,0.6737,0.62,25.0159,5.6657,1.3594,1.1252,577903.5235,569525.7632
301236.SZ,20260203,2.0328,0.77,226.9859,4.4525,1.338,0.2065,4615094.1202,3792735.4646
600726.SH,20260203,0.3612,0.71,,4.8646,1.201,,2000556.0611,1891260.0606
600933.SH,20260203,1.6676,1.25,17.6706,2.0685,2.7274,1.5301,1931498.5688,1832579.6681
002422.SZ,20260203,0.5952,0.67,29.1666,2.0666,2.6546,2.0597,4858082.2509,3969888.8952
300505.SZ,20260203,6.5855,0.49,20.8367,2.7882,2.0215,1.0695,771003.402,609698.2277
002053.SZ,20260203,0.5593,0.49,31.768,1.4283,3.7869,2.8721,1057918.1541,1057910.6569
603237.SH,20260203,0.6761,0.88,31.8693,1.9255,1.5524,2.8479,339753.0538,337924.2156
688729.SH,20260203,3.1779,0.55,118.8149,8.5995,14.8253,,7560322.48,549972.3841
300440.SZ,20260203,1.4999,0.37,125.2518,3.8567,6.1521,0.4068,617960.3396,615577.1204
301199.SZ,20260203,2.5417,0.69,39.2118,2.4095,4.3979,0.5728,460903.044,177029.769
000632.SZ,20260203,3.5901,0.74,,2.6964,0.4197,,237414.9807,237395.6191
001386.SZ,20260203,13.3391,0.68,23.8861,2.5085,4.422,1.1986,2990884.76,244946.5936
000504.SZ,20260203,0.6095,0.76,,11.9029,22.9889,,288440.1877,287652.9759
002001.SZ,20260203,1.5208,1.1,11.6965,2.6657,3.7477,2.5505,8421175.4032,8321001.6827
688131.SH,20260203,2.2617,0.81,50.4041,4.9522,5.4846,0.327,1486422.4002,1486422.4002
300905.SZ,20260203,3.096,0.8,46.6838,3.4275,4.6145,1.3706,650272.6724,505712.506
605366.SH,20260203,1.8864,0.56,,2.2445,3.1064,,453810.7928,453810.7928
688558.SH,20260203,0.9746,0.71,29.1291,2.5809,3.5818,1.8143,433224.0,433224.0
603007.SH,20260203,1.7406,0.89,,10.4123,24.5393,,518402.6152,407322.171
300189.SZ,20260203,30.4187,0.91,,11.4048,43.2402,,832512.0,720513.1802
002266.SZ,20260203,2.9498,0.53,27.2526,2.1694,1.1679,1.0138,2547004.4442,2389638.9114
300623.SZ,20260203,4.6706,0.54,57.4206,4.7426,8.3775,0.446,2798284.7676,2580776.9919
603062.SH,20260203,2.429,0.51,22.9221,2.6524,2.5863,3.4423,541512.0,185884.5234
300585.SZ,20260203,1.8179,0.56,,4.1358,6.642,,294653.3331,294653.3331
601717.SH,20260203,1.3499,1.01,9.7286,1.8988,1.1013,4.5473,4397440.0276,3798354.193
603030.SH,20260203,1.758,0.65,,4.1635,4.2759,,368741.3856,368741.3856
300735.SZ,20260203,1.6221,1.07,59.0458,3.8951,2.4175,0.9972,1924023.9473,1898845.1235
603202.SH,20260203,2.169,0.69,13.9062,2.2883,3.5043,3.773,1480000.0,307673.8515
600699.SH,20260203,2.1225,0.77,38.3197,2.5251,0.7207,0.9164,4365419.1348,3814476.0079
600538.SH,20260203,3.9133,1.37,,4.9733,12.1405,,383713.1907,383713.1907
301318.SZ,20260203,1.9773,1.05,33.4838,2.1766,5.5299,1.2373,408737.9316,228618.6854
300474.SZ,20260203,2.1734,0.58,,5.3953,72.3559,0.0834,3761813.1672,2925800.8165
301501.SZ,20260203,2.1195,0.53,25.6662,3.0185,3.4239,0.8185,623102.7,155775.675
300473.SZ,20260203,3.1702,0.69,65.3112,2.8952,1.1975,,571552.7477,504318.0097
600727.SH,20260203,2.4183,0.66,57.2302,1.2011,0.6987,0.6868,384808.5223,384808.5223
002871.SZ,20260203,2.2111,0.72,34.9403,4.5954,7.8171,1.7384,503959.5438,298940.4515
301373.SZ,20260203,6.1161,0.74,26.5665,2.3289,7.5497,2.0034,379001.486,134423.6942
300520.SZ,20260203,13.3032,0.94,,7.3113,7.8448,,1293697.4097,1231577.3582
002330.SZ,20260203,3.0848,0.73,,1.4449,1.0104,,330999.2661,330928.1105
688577.SH,20260203,1.5236,1.1,211.047,8.3281,10.0275,0.5738,831148.2959,831148.2959
301151.SZ,20260203,1.0191,0.81,41.3328,1.6343,3.7902,1.5748,334459.1139,334141.8901
603599.SH,20260203,5.6067,0.92,20.5787,1.4965,3.9098,1.6473,1491931.4565,1491931.4565
000547.SZ,20260203,28.1189,1.79,,11.0101,21.7855,,5175840.255,5145573.9988
002453.SZ,20260203,2.3995,0.87,,5.221,13.7215,,478484.2372,360917.4871
002493.SZ,20260203,0.708,0.72,189.8139,3.1985,0.4521,0.6849,13975229.7133,13097715.7071
002810.SZ,20260203,5.8152,0.92,38.4464,2.8023,3.1988,0.553,626338.2636,579988.8769
605080.SH,20260203,2.7683,0.87,18.3937,1.7125,3.6573,0.7402,376640.1752,373474.5432
300590.SZ,20260203,1.9493,0.73,66.8355,3.1627,6.742,1.7438,576736.5927,444370.4784
300697.SZ,20260203,13.5632,0.59,47.3348,6.4101,2.5748,0.762,786106.88,366109.6267
300400.SZ,20260203,1.9827,0.7,47.2151,7.5504,6.7106,3.819,514609.3218,508877.5314
600365.SH,20260203,0.9797,0.59,,5.1696,1.7975,,139387.21,131174.96
603606.SH,20260203,1.3358,0.56,38.456,4.9658,3.8488,0.8102,3807192.2772,3807192.2772
002140.SZ,20260203,1.4915,0.61,18.7917,1.8752,0.9327,1.6461,860236.8545,858958.0706
002472.SZ,20260203,2.9321,0.92,29.6134,3.7024,4.1234,0.9756,3507055.6806,3117473.8312
300751.SZ,20260203,8.8655,1.08,112.6878,11.9096,11.3224,0.3272,9360067.701,6477305.7015
002200.SZ,20260203,1.2317,0.73,,,5.8679,,301351.8881,130744.948
002068.SZ,20260203,3.0947,0.45,,2.6124,0.7577,,700783.9718,700460.5474
920496.BJ,20260203,3.6886,1.07,40.0908,3.0471,2.6473,1.4138,175675.075,153843.3364
002128.SZ,20260203,1.0956,0.68,12.227,1.6615,2.0316,2.8986,6186742.8407,6186742.8407
002236.SZ,20260203,2.6303,0.94,15.9117,1.6245,1.8731,3.4294,6133085.9011,3948385.1853
688802.SH,20260203,9.5454,1.62,,15.2893,117.0738,,20556337.8,931944.1548
300254.SZ,20260203,2.5358,0.62,132.9321,9.2102,3.1875,,270706.7511,238809.7752
603486.SH,20260203,1.3473,1.14,25.8588,4.7775,2.1678,0.6222,4160707.4262,4120675.1175
301288.SZ,20260203,1.1949,1.0,,2.509,16.369,,199386.46,144190.3604
301118.SZ,20260203,5.6292,1.26,,2.1952,1.9806,0.469,294224.388,280490.0762
300597.SZ,20260203,2.0016,0.69,,2.861,5.5164,0.0395,270116.8997,268929.8879
002161.SZ,20260203,4.8443,0.61,61.4328,3.9927,11.4186,0.1654,670959.9618,639201.5582
688217.SH,20260203,1.3218,0.65,,1.8963,8.8424,0.5532,169578.5003,169578.5003
601088.SH,20260203,0.2356,0.83,15.2335,1.9838,2.6436,8.1818,78679339.0218,65304510.3018
603638.SH,20260203,1.7929,1.53,50.2499,5.5444,6.2311,0.6536,1907348.819,1907348.819
600860.SH,20260203,2.6242,0.46,,8.6813,4.1484,,670122.8493,543505.9245
603916.SH,20260203,8.3402,0.7,49.6737,1.3129,1.5131,0.7818,553331.3942,545582.3342
688328.SH,20260203,5.2153,1.34,,3.8487,5.0432,,318978.9082,318978.9082
002579.SZ,20260203,4.025,0.66,225.8836,2.9731,2.207,,719214.2599,684884.2975
605088.SH,20260203,2.6214,1.15,25.5654,2.6903,1.8165,1.4397,772588.988,761114.8292
002568.SZ,20260203,1.0683,0.5,30.9358,4.5225,7.3255,1.4498,2147427.4406,1480208.9472
001300.SZ,20260203,0.6872,0.5,,4.0022,8.2448,0.0585,414662.8297,414662.8297
300462.SZ,20260203,1.5073,0.45,54.5494,1.4552,2.8633,,208042.7848,158463.0802
603536.SH,20260203,1.9332,0.79,,6.6062,1.578,,266134.0964,264104.4215
600235.SH,20260203,2.5056,1.06,83.1303,1.6297,2.0825,0.2422,246612.6,246612.6
300820.SZ,20260203,13.1167,1.53,67.6381,5.6753,8.9873,0.6122,1438819.6569,723492.0389
003000.SZ,20260203,1.5108,0.89,20.5162,3.8439,2.0903,3.4831,511764.8705,340836.1961
920402.BJ,20260203,2.0984,0.46,,2.7704,8.8659,0.1903,443585.1304,286789.8141
001236.SZ,20260203,1.0955,0.79,648.3986,5.3819,7.4423,0.1003,1004754.4447,755803.5447
688653.SH,20260203,2.3968,0.58,,4.1777,8.9481,,600639.2,447722.4098
002179.SZ,20260203,1.5223,0.79,28.7503,3.1201,3.3047,2.2864,7411830.404,7339499.3209
688222.SH,20260203,2.4624,0.53,110.0115,8.5363,25.1816,0.1909,1255330.44,1255330.44
601702.SH,20260203,2.2247,0.8,20.5311,4.1728,2.0784,1.171,2558235.3972,2558235.3972
603373.SH,20260203,6.1235,2.31,34.1095,2.4715,1.6096,1.7052,441397.8506,186490.5933
300421.SZ,20260203,9.3927,1.14,150.6748,6.6683,7.8215,0.417,846219.733,662930.2392
600755.SH,20260203,1.3521,0.72,29.7031,0.7416,0.0473,2.5275,1457857.5882,1454132.0881
600415.SH,20260203,2.626,2.0,20.044,3.7967,4.6316,2.1485,8422746.9711,8422746.9711
600486.SH,20260203,1.3317,0.85,24.1321,2.6379,2.5677,1.2548,2972250.3736,2962448.7998
002513.SZ,20260203,3.699,0.59,,68.0449,1.2005,,263666.9726,202906.994
300682.SZ,20260203,2.2181,0.6,,2.8566,4.5593,1.399,1926807.4121,1844287.6228
002714.SZ,20260203,0.9829,0.57,11.2511,3.522,1.6314,3.24,24953939.1431,17398569.7404
688419.SH,20260203,6.4791,0.75,68.3459,4.84,17.0247,0.6569,495550.5201,257438.283
300225.SZ,20260203,2.4617,1.04,86.7659,2.7925,3.1088,0.3945,241042.8021,240853.9446
300988.SZ,20260203,3.0311,0.84,34.191,2.7634,1.8319,0.6661,351725.474,267421.3064
002494.SZ,20260203,6.5704,1.37,143.2411,1.757,5.4088,,215444.42,163745.9201
601512.SH,20260203,0.461,0.83,18.1985,0.9591,4.3827,1.3264,1446428.85,1446428.85
688571.SH,20260203,1.2527,1.08,29.2761,2.0684,2.6534,2.4781,332973.9995,332973.9995
002575.SZ,20260203,31.5742,1.71,,6.03,11.883,,499981.5,474836.8505
600650.SH,20260203,1.5165,0.68,68.8436,1.9958,5.0201,0.7101,854444.0557,604977.5562
300157.SZ,20260203,11.1757,0.52,186.9109,,7.3338,,410896.0503,385764.4244
603767.SH,20260203,1.2308,0.65,787.1846,4.7617,7.4307,0.9324,662014.5675,662014.5675
300940.SZ,20260203,2.9245,0.79,45.1814,5.0255,7.1658,,597800.1388,422832.2481
601778.SH,20260203,7.074,1.36,34.5264,1.0043,3.9656,0.6138,1589095.2844,1589095.2844
688317.SH,20260203,2.277,0.27,,1.2286,31.7085,,416982.8578,416982.8578
600378.SH,20260203,1.0677,0.88,32.5962,2.5976,2.9109,0.7892,4674958.6229,3886976.8755
603697.SH,20260203,7.0409,3.19,27.5111,3.2807,3.748,3.2593,577384.3323,577384.3323
301270.SZ,20260203,3.4276,0.66,308.8387,4.0521,20.5427,0.2531,394900.0,373152.241
601900.SH,20260203,1.6549,0.69,11.9291,1.5621,1.5033,3.5948,1349414.2438,1349414.2438
600906.SH,20260203,0.9207,0.71,22.2708,1.7929,7.7697,1.9316,2183885.0,1429610.1214
000058.SZ,20260203,1.5186,1.05,121.7581,5.3961,6.6708,0.1369,1124086.2135,899067.0302
600522.SH,20260203,4.5811,0.86,26.667,2.0868,1.4777,1.3325,7641594.2708,7641594.2708
603185.SH,20260203,4.0039,0.78,,1.5776,2.505,,1916713.5064,1905336.2988
300725.SZ,20260203,2.7023,0.64,47.8217,1.3455,4.8585,0.579,961883.4009,833964.9928
600753.SH,20260203,1.0721,0.43,,89.6895,2.3745,,199446.0136,199446.0136
002972.SZ,20260203,2.7834,1.07,38.8705,2.5672,9.4429,2.3829,308249.0264,168712.3026
300670.SZ,20260203,5.5966,1.08,,3.8688,8.426,,220576.6534,156387.1813
000926.SZ,20260203,1.9811,0.78,,0.4099,0.472,,353638.1798,349252.4302
688651.SH,20260203,5.1944,0.81,,3.9073,11.8617,,362593.791,156073.3346
603900.SH,20260203,11.6199,1.08,,1.5071,1.9049,1.1696,293285.3832,292195.2582
688697.SH,20260203,0.6618,0.68,23.344,4.0585,2.6288,2.7632,709324.0724,709324.0724
920026.BJ,20260203,2.1208,0.36,90.6029,5.2332,11.167,0.5656,319280.4869,144764.8718
603797.SH,20260203,1.5064,1.05,22.7592,0.8905,2.9182,1.8,288302.595,288302.595
603137.SH,20260203,2.4101,1.06,50.0443,2.1306,1.4308,0.5525,264887.4676,106765.8676
688623.SH,20260203,1.9994,0.47,87.1094,2.8902,17.4555,1.155,607277.2436,196557.2436
688067.SH,20260203,2.4783,1.27,71.2565,3.7307,8.6845,0.5395,192032.0,192032.0
301260.SZ,20260203,1.0232,0.55,,1.7503,1.4802,,780615.5457,330777.0759
603738.SH,20260203,1.9026,0.62,165.2292,3.6856,6.8489,0.4875,630926.0494,630926.0494
002497.SZ,20260203,4.4077,0.75,66.6724,2.6822,3.7129,0.1571,2910220.363,2672842.1335
000711.SZ,20260203,4.4807,0.57,,11.537,10.6336,,668532.4362,534861.6891
002073.SZ,20260203,1.9251,0.7,17.9279,1.363,1.0505,1.8312,835155.9404,830567.8205
300252.SZ,20260203,6.6911,0.74,685.7414,4.6593,4.2001,,1017068.289,858304.449
603928.SH,20260203,1.6467,0.64,53.2949,2.6817,2.6431,1.0088,415658.88,415658.88
301257.SZ,20260203,4.5957,1.27,45.7272,4.4562,6.7856,0.2397,555798.557,529868.5248
600843.SH,20260203,3.0922,1.25,,2.6383,1.8476,,803025.4565,528344.794
600846.SH,20260203,0.5999,0.88,30.0422,1.9272,2.2178,1.5637,793447.1253,793447.1253
600928.SH,20260203,0.5525,0.93,6.1546,0.4753,1.5842,2.71,1640000.0002,1632217.6504
920974.BJ,20260203,3.9533,0.38,46.6356,2.2202,1.3368,,143816.4,112780.6751
002902.SZ,20260203,3.0554,0.73,,5.7587,3.0076,,486233.7493,367521.117
301019.SZ,20260203,1.5863,0.75,35.2029,3.7952,8.3157,2.5253,391953.017,248552.1031
300640.SZ,20260203,4.1646,0.64,202.5168,3.0085,2.4214,0.2545,244440.8336,173508.8162
002460.SZ,20260203,3.5601,0.6,,3.4205,7.2613,0.2209,14236555.0032,8225268.5908
002520.SZ,20260203,1.6276,0.5,,17.191,3.6121,,441894.4057,422572.2607
688111.SH,20260203,1.24,0.71,84.7939,12.4693,26.6627,0.2751,15124193.4543,15124193.4543
600905.SH,20260203,0.4442,0.75,21.8788,1.3073,3.9893,1.6422,11663761.2579,11663761.2579
600346.SH,20260203,0.9239,1.25,25.0058,2.6936,0.8063,2.1431,17407693.7708,17407693.7708
920870.BJ,20260203,1.4342,0.84,106.4876,5.3358,22.2076,0.619,238118.0,117287.1533
600104.SH,20260203,0.4806,0.63,57.3193,0.5547,0.25,0.6133,16392265.7207,16392265.7207
300319.SZ,20260203,2.4242,0.7,32.3596,2.2672,2.9742,0.9243,1090846.0502,1018830.9148
603220.SH,20260203,5.9261,0.95,133.5715,5.7255,3.6822,0.419,1139933.4135,1139933.4135
301507.SZ,20260203,3.9281,0.78,46.2648,3.4296,7.466,0.6399,555511.6461,171671.1248
300695.SZ,20260203,0.894,0.46,22.74,2.7999,11.55,0.1833,797604.0072,797604.0072
300214.SZ,20260203,2.219,0.61,,1.3901,0.8563,,336589.4925,336589.4925
920522.BJ,20260203,3.5132,1.18,168.657,10.7496,12.8249,0.2927,1147728.7718,952134.2821
600735.SH,20260203,4.6014,0.74,,2.2248,2.0022,,271416.6126,269311.0065
300446.SZ,20260203,5.3096,1.01,22.2976,3.5672,2.2483,1.1711,2021375.5754,893182.3689
688272.SH,20260203,2.1838,0.4,,5.0967,10.3123,,231572.0,231572.0
605001.SH,20260203,1.6752,0.86,30.0476,1.1939,1.6136,2.451,320594.976,320594.976
600796.SH,20260203,3.4557,0.8,31.3334,1.6704,3.4321,0.4697,571946.6056,205575.4067
002979.SZ,20260203,1.7658,0.7,58.3722,7.684,7.3017,0.772,1262846.2049,888344.2431
600760.SH,20260203,0.6191,0.72,52.6248,7.085,4.0528,0.4634,15459771.4754,15411192.2089
002907.SZ,20260203,0.5007,0.57,83.1734,3.6746,7.8899,0.572,620548.1226,445672.9619
002951.SZ,20260203,2.0751,3.29,850.3527,3.5391,9.9588,3.3686,593730.0,588048.4071
688101.SH,20260203,0.4932,0.61,14.1023,1.2984,3.749,,564420.5122,564420.5122
605589.SH,20260203,1.8674,0.88,24.2491,2.4715,2.3202,1.7622,2538319.1055,2529956.394
920149.BJ,20260203,1.4965,0.72,,6.0686,1.9168,,94762.66,78364.2757
301486.SZ,20260203,15.3348,1.38,165.8338,10.8364,28.3883,0.1799,2832268.7,1594707.1476
000589.SZ,20260203,1.6477,0.74,15.4549,0.8821,0.7224,3.3733,780421.501,771667.4242
603396.SH,20260203,17.6261,0.98,152.8639,2.7125,2.713,0.2959,702334.3135,702334.3135
600230.SH,20260203,8.8951,0.79,154.9505,2.0844,1.7946,0.1037,838685.0164,838685.0164
301552.SZ,20260203,2.4808,0.55,23.9335,3.2803,5.6581,3.061,377658.4,94414.6
688528.SH,20260203,1.3077,1.03,,4.0074,7.1482,,198744.0,198744.0
605028.SH,20260203,1.3114,0.94,25.918,3.2366,13.0708,1.8776,426080.0,426080.0
600237.SH,20260203,3.2605,0.65,53.7781,3.1768,4.3732,,611152.3262,605252.7054
002465.SZ,20260203,8.1867,0.91,,3.6863,10.2885,0.3358,4435037.2651,4427984.2638
300732.SZ,20260203,1.7955,0.81,,0.9766,1.7317,,284590.1353,284274.8844
002428.SZ,20260203,6.91,0.69,556.6548,15.9753,21.8633,0.0843,2325107.2,2324806.825
600007.SH,20260203,0.3179,0.84,17.141,2.1398,5.3658,5.4591,2029674.306,2029674.306
688701.SH,20260203,1.8157,0.51,,9.8836,11.3501,,145019.5618,145019.5618
000756.SZ,20260203,1.7386,0.46,29.0038,2.1324,1.3048,1.5497,1108423.3451,793748.8038
688118.SH,20260203,7.9787,1.0,95.376,3.6104,7.9949,0.4627,297680.3145,297680.3145
300068.SZ,20260203,3.1391,0.76,,3.5355,2.2527,,1359229.7234,1290860.9375
920491.BJ,20260203,1.6219,0.66,42.9878,3.7524,5.8609,1.0749,393930.6154,322570.0232
603829.SH,20260203,3.5529,0.72,40.1585,3.0432,2.0032,0.4383,456352.0896,456352.0896
002646.SZ,20260203,5.2683,0.96,699.3906,1.5885,3.9593,0.1166,454673.4673,451657.2132
003025.SZ,20260203,1.9377,0.93,28.7299,3.3541,6.1045,1.2506,416275.916,331925.7504
300552.SZ,20260203,5.1354,0.82,,3.844,6.9268,,690338.1498,446212.4978
300801.SZ,20260203,3.3791,0.59,51.4268,2.5744,2.2917,0.3333,645897.51,403604.2566
601369.SH,20260203,1.1116,0.95,18.9376,2.1404,1.8483,3.9413,1880310.6708,1861476.5196
002518.SZ,20260203,2.1327,1.16,68.8663,7.1501,6.8524,0.4024,3327416.4122,3229777.466
600597.SH,20260203,0.5907,0.69,15.7563,1.1553,0.4531,2.0202,1091751.2203,1091736.6475
603515.SH,20260203,0.9069,1.91,16.7497,2.1592,2.0729,4.6351,1437799.4846,1423237.0281
603105.SH,20260203,2.7738,1.14,26.2756,2.3873,7.177,1.9646,509009.2658,509009.2658
603132.SH,20260203,3.3487,1.13,35.2956,5.2931,10.3284,2.4605,1669446.0,1669446.0
002913.SZ,20260203,1.7732,1.09,35.984,2.9103,2.4279,1.4826,1284357.9597,1220912.7765
600956.SH,20260203,0.207,0.5,19.4218,1.4171,1.6831,2.8112,3370981.7255,1754022.2417
601818.SH,20260203,0.6883,0.66,4.8676,0.3944,1.5411,2.5602,19616402.9523,15407062.7663
600926.SH,20260203,0.7487,0.8,6.0339,0.8621,2.9595,4.1667,11482420.036,11482420.036
002166.SZ,20260203,1.6754,0.45,51.2106,2.1936,3.6013,1.0763,674864.5768,673259.3368
920047.BJ,20260203,1.6191,0.96,,21.4942,90.15,,633568.2599,416045.8464
000529.SZ,20260203,1.1486,0.52,34.4658,1.1291,1.6705,1.9576,357863.4723,349339.1231
300559.SZ,20260203,1.5686,0.6,141.9867,4.0786,11.4367,1.2146,493400.4902,384253.9888
603189.SH,20260203,2.217,0.79,941.4907,3.5876,20.4194,0.7407,540713.9881,540713.9881
688426.SH,20260203,2.5939,0.82,,2.1236,17.6648,,295296.0045,100872.366
603317.SH,20260203,0.94,1.01,24.5406,3.268,4.0708,4.0758,1434170.8275,1434170.8275
600765.SH,20260203,3.8945,1.03,125.775,2.1447,2.8771,0.6336,3051728.3004,3030316.7024
603282.SH,20260203,3.2958,0.91,23.2285,2.1472,2.7614,1.0966,283832.22,136135.2375
600729.SH,20260203,2.2908,0.56,10.3907,1.3581,0.7209,6.317,1060611.0094,463498.6884
300467.SZ,20260203,6.5155,2.05,433.0219,10.9455,24.6393,,698821.6408,579668.4653
002529.SZ,20260203,1.6852,0.63,,9.1585,5.1723,,177060.0,177060.0
300928.SZ,20260203,2.5225,0.99,,2.3484,2.5286,,257840.0,172709.2186
300773.SZ,20260203,7.625,1.1,120.8621,6.2449,3.9424,1.4706,2143595.2399,2027379.6715
001301.SZ,20260203,1.547,0.71,20.2187,2.9053,2.7613,1.0576,1964624.1026,1401536.1266
301050.SZ,20260203,5.0475,0.67,110.0749,4.3852,19.8045,0.6132,1382657.6724,1176575.1699
000829.SZ,20260203,1.387,0.59,,3.6346,0.1321,0.0967,1059953.8529,1058950.0777
688498.SH,20260203,5.5159,1.27,688.0339,31.7831,150.939,0.0496,6901602.3978,6745200.0
920510.BJ,20260203,1.5944,0.66,,8.356,16.2485,,334900.9229,170708.5238
603261.SH,20260203,1.6075,0.73,,3.4909,8.1474,,232127.5409,232127.5409
688211.SH,20260203,0.9114,1.67,,1.2988,2.3079,,438651.7904,438651.7904
002726.SZ,20260203,4.1432,1.83,,4.0062,0.4082,,432743.4363,432415.0173
600143.SH,20260203,2.2609,0.67,41.2859,2.6103,0.7148,0.517,4979821.1929,4979821.1929
600569.SH,20260203,1.371,0.84,,2.4739,0.2347,,675019.0257,675019.0257
688805.SH,20260203,6.8983,0.87,111.807,6.4699,14.4963,,771831.04,145081.308
002585.SZ,20260203,3.4548,0.58,,0.917,1.4465,0.4329,790936.5701,614387.3191
600809.SH,20260203,0.6259,0.55,17.2964,5.4848,5.6603,2.0648,21270076.2106,21270076.2106
301228.SZ,20260203,2.4079,0.91,,6.9734,12.4331,,481440.0,479194.4595
002700.SZ,20260203,6.3784,2.62,41.1848,2.2437,4.4378,0.8895,306912.1133,195490.9365
688783.SH,20260203,7.8322,0.74,,8.2682,39.7096,,10405410.6,424219.5191
688192.SH,20260203,0.4052,0.72,,16.8946,41.4366,,2518312.7136,2491522.613
300945.SZ,20260203,14.6487,0.63,41.7843,3.0714,1.779,1.0347,506584.4589,460828.4507
002110.SZ,20260203,2.047,0.93,43.8932,0.5275,0.2248,,1037215.5489,1037215.5489
002831.SZ,20260203,1.3669,0.74,17.5386,2.2477,1.4786,3.614,2587563.4485,1436401.9386
920007.BJ,20260203,7.7594,0.83,30.3666,5.056,3.6438,1.3312,328133.6433,78597.4473
300739.SZ,20260203,8.1526,1.5,145.9496,2.8046,4.3211,0.5907,756993.6032,695581.5842
600894.SH,20260203,0.4703,0.72,12.1002,0.9424,1.1271,7.4554,803984.3737,795928.3561
002623.SZ,20260203,15.1732,0.99,,1.818,2.5415,1.8745,514974.6875,513871.6554
688036.SH,20260203,0.6744,0.61,17.7316,3.2942,1.0038,3.8993,6726371.2964,6726371.2964
920346.BJ,20260203,1.1893,0.65,41.6487,4.3139,7.1891,1.3776,199112.3242,110081.976
600651.SH,20260203,1.057,0.71,411.5746,8.1963,10.6822,,2043227.8322,2043227.8322
605033.SH,20260203,1.4202,0.8,93.9345,2.4525,3.2092,0.725,279728.8,279728.8
000816.SZ,20260203,11.3952,0.96,,2.826,4.6667,,578805.3272,574572.1888
300538.SZ,20260203,3.4652,0.66,,3.0965,0.8969,,297982.6226,198173.8362
300766.SZ,20260203,13.4247,0.79,,11.368,37.8631,,1785058.4012,1620006.6718
688021.SH,20260203,2.9073,0.88,,2.0447,4.9896,,175369.4805,175369.4805
001210.SZ,20260203,3.9422,0.75,48.2028,2.8074,3.2122,1.2202,364119.0337,221284.3755
688468.SH,20260203,0.9534,0.69,56.4525,2.2639,9.0251,1.5468,318880.86,318880.86
600663.SH,20260203,0.392,0.6,26.7134,1.6194,2.0467,1.8689,4048263.5579,2537169.6642
002552.SZ,20260203,3.2771,0.52,39.8793,5.527,2.518,1.0411,745319.8209,707894.8182
688401.SH,20260203,2.101,0.88,42.0617,6.6896,9.2369,0.5673,1016046.1205,1016046.1205
300226.SZ,20260203,5.8516,0.84,46.1921,4.3817,0.1251,0.171,931941.4379,895783.9615
300627.SZ,20260203,2.4453,0.84,43.8095,7.4913,8.3479,0.9284,3006716.0553,2476452.2027
600082.SH,20260203,2.21,0.75,44.1551,1.5004,3.5575,,266845.8361,261980.5252
603958.SH,20260203,9.4546,0.79,,6.2732,3.2941,,431919.84,431919.84
301429.SZ,20260203,3.428,0.93,47.8355,1.82,2.5055,0.8121,247670.9,92266.1736
605180.SH,20260203,1.8063,1.28,99.867,2.3344,7.6024,0.8233,266851.0,266851.0
002103.SZ,20260203,2.8842,0.72,30.1167,4.317,1.8128,,518244.7644,365711.3206
300609.SZ,20260203,3.088,0.76,,4.685,12.8795,,466884.6223,466164.8276
920003.BJ,20260203,4.1181,0.96,20.268,3.567,5.436,,210645.0009,43338.9774
002479.SZ,20260203,1.6069,0.52,20.2602,1.0838,0.8198,2.8409,456720.0,455702.4616
688627.SH,20260203,7.3005,0.9,385.4209,15.9182,27.3497,0.1104,2707538.5152,2083728.6144
601921.SH,20260203,0.7355,0.96,14.3983,1.3574,1.7012,4.8135,1846666.6673,1846666.6673
002925.SZ,20260203,1.3007,0.67,60.7265,3.4192,3.9945,1.4633,1564173.1704,1481834.5352
002123.SZ,20260203,2.4071,0.56,,5.5291,3.0153,,954424.5842,853282.6751
603799.SH,20260203,2.8807,0.74,25.0691,2.8154,1.803,0.6258,13413656.8588,13324206.101
001360.SZ,20260203,6.5629,0.41,102.224,3.6953,6.6216,0.5776,523872.0,210013.9829
002049.SZ,20260203,2.4861,0.56,48.2248,5.2625,11.2256,0.2564,6906598.8368,6905365.4642
301300.SZ,20260203,3.3144,0.74,36.9981,3.6963,6.0921,2.3336,296213.72,141175.0992
000565.SZ,20260203,5.8174,0.74,617.174,2.8831,9.7306,0.1809,359447.9504,359447.9504
605138.SH,20260203,0.7352,1.12,90.7401,1.722,1.1933,0.7203,415011.8336,415011.8336
605365.SH,20260203,2.0178,1.37,38.6079,2.7577,1.5091,2.0494,1028122.37,1028122.37
002434.SZ,20260203,2.7473,1.05,39.3334,2.1401,2.1504,1.0309,1273222.0,1272000.8185
600135.SH,20260203,2.4901,0.87,,2.285,4.0506,,545007.4925,545007.4925
002239.SZ,20260203,2.4339,0.76,84.0864,1.9008,1.2501,0.0965,1063146.6701,1044992.9267
603668.SH,20260203,3.1289,1.44,286.498,3.333,1.3396,,784882.5181,784882.5181
300227.SZ,20260203,9.8754,0.95,,4.4796,5.4616,,709679.5235,552161.3545
002149.SZ,20260203,29.6647,1.3,312.1902,9.7145,9.255,0.526,2784286.0046,2783858.2796
600543.SH,20260203,4.6433,0.9,,2.2148,6.8308,,168266.88,168266.88
000908.SZ,20260203,1.4202,0.86,39.4487,165.5856,15.7076,,617601.5944,617601.5944
301326.SZ,20260203,13.6151,1.13,,7.3613,8.1295,,943917.6889,354496.4622
600339.SH,20260203,2.6337,0.63,41.1397,0.8086,0.2348,1.2371,2166261.2187,2166261.2187
002307.SZ,20260203,3.1151,0.88,,1.84,0.6632,,826038.3071,635414.0826
301065.SZ,20260203,2.477,1.21,36.2705,1.89,3.8952,0.8133,253705.86,206485.9875
300265.SZ,20260203,25.3086,2.59,280.7238,3.2497,2.9189,0.2417,758449.3654,757963.3736
603172.SH,20260203,43.3056,5.88,74.1837,3.8202,7.2208,0.2891,415211.94,155899.04
600605.SH,20260203,1.1903,1.28,258.5872,4.179,50.1849,0.4861,594093.3955,594093.3955
688521.SH,20260203,3.9512,1.0,,33.5095,40.7548,,11926706.5611,11926706.5611
688187.SH,20260203,0.6177,0.57,19.5976,1.8973,2.7967,2.5442,7685988.0119,4918016.5179
300200.SZ,20260203,4.6895,0.47,37.6485,3.1946,4.2498,1.191,524494.3917,515861.9843
002866.SZ,20260203,4.1021,0.73,,2.6695,2.5926,,554435.1202,347125.359
002647.SZ,20260203,2.2992,0.65,,17.2027,13.658,,1128031.0737,676380.516
002890.SZ,20260203,1.8217,0.67,192.1221,4.7864,9.3102,0.1534,287938.3962,273715.736
600129.SH,20260203,1.2779,0.59,,2.7757,0.9782,,982075.7875,982075.7875
603029.SH,20260203,2.8649,0.95,29.603,2.5861,2.5329,0.8682,240378.502,240378.502
688166.SH,20260203,1.5961,0.76,314.0656,8.1683,16.5229,0.208,1949662.5454,1949662.5454
000957.SZ,20260203,1.857,0.78,20.2602,2.1704,0.9371,0.8744,670574.3516,670574.3516
002905.SZ,20260203,7.4328,1.19,129.0756,49.7289,4.2953,,472281.6,438547.2
300878.SZ,20260203,2.1673,0.61,,3.9699,30.5709,0.4941,402517.0952,400664.606
688228.SH,20260203,10.7275,2.8,406.7187,10.0827,21.719,0.0744,1344260.124,1344260.124
001287.SZ,20260203,7.9909,0.8,53.1604,3.4177,0.3,0.463,1838198.3346,1058057.2907
600987.SH,20260203,1.7954,0.58,10.317,1.164,0.6867,5.4422,750301.8717,750301.8717
603158.SH,20260203,4.4414,0.93,34.181,2.2985,1.3433,1.4548,533957.921,533957.921
603310.SH,20260203,0.9663,0.58,33.6456,1.5124,6.0632,1.7271,599855.58,320580.72
301177.SZ,20260203,1.5814,0.61,98.308,2.1367,8.7148,1.5028,1330912.8788,1330031.0056
688469.SH,20260203,2.9997,0.46,,4.6749,8.3672,,6178040.4458,3264762.6
603221.SH,20260203,1.2567,0.69,48.8037,2.0028,2.6874,1.368,321814.64,318827.32
301348.SZ,20260203,13.3501,0.61,,4.6429,9.5181,0.1737,690960.0,446645.6704
301372.SZ,20260203,4.2844,0.92,,2.4559,7.4498,,193782.8612,116347.6776
688392.SH,20260203,2.1764,0.84,96.5373,8.6596,22.087,0.4031,1539253.688,1539253.688
001389.SZ,20260203,7.6727,0.85,50.5707,12.6006,9.3867,0.4448,4588911.25,1629482.7765
600841.SH,20260203,4.0794,0.63,,4.125,2.4146,,1304552.477,980443.015
300968.SZ,20260203,1.0136,0.56,229.2266,3.0416,4.5053,0.3582,577078.48,577078.48
300634.SZ,20260203,7.5909,0.91,60.8173,4.828,7.8903,0.5103,1406875.5862,1355000.173
300295.SZ,20260203,9.8417,1.26,,1.9328,22.194,,217866.1574,192487.2453
688370.SH,20260203,2.7648,0.42,132.5232,1.5254,7.2097,1.2249,402960.0564,128578.6519
301106.SZ,20260203,2.9645,1.84,35.8764,2.6963,3.7955,1.1784,344943.9126,344943.9126
300126.SZ,20260203,2.9984,0.86,,2.5753,5.7375,,269002.476,186427.643
920578.BJ,20260203,2.5029,0.8,295.8102,6.9691,8.7331,,186991.3922,56235.0
301093.SZ,20260203,3.8804,0.81,262.5205,6.1169,21.9836,0.19,1329704.7512,1270851.4591
600827.SH,20260203,0.6772,0.63,66.6559,0.8159,0.6444,2.9217,1618240.4821,1455236.0774
300718.SZ,20260203,1.6662,0.63,96.2495,14.2344,19.267,0.5022,2384256.6594,1546859.4233
600330.SH,20260203,5.668,0.61,870.1697,2.3687,6.3963,0.1409,1899489.0006,1899489.0006
300378.SZ,20260203,5.0415,0.72,93.0082,6.4061,6.15,0.0555,1458776.4308,1447966.6238
000708.SZ,20260203,0.5687,0.99,13.4895,1.8706,0.7091,4.7085,7580831.3235,7580831.3235
603501.SH,20260203,1.1392,0.62,35.7671,4.7182,5.1993,0.521,14872510.5527,14330101.1527
603399.SH,20260203,2.9711,0.55,,3.2805,1.0691,,544052.6692,544052.6692
301616.SZ,20260203,4.0445,0.53,21.1116,2.9521,4.3653,0.7592,421520.0,105380.0
603288.SH,20260203,0.2478,0.57,30.6367,5.3069,7.4621,3.1166,20990496.0741,19945874.1513
300158.SZ,20260203,1.5938,0.59,,1.5807,1.96,,571566.5603,571211.3906
688017.SH,20260203,6.0189,0.99,453.2557,11.7641,79.6115,0.0444,4124744.4824,4124744.4824
002626.SZ,20260203,0.9183,0.69,23.6719,2.5786,3.2591,2.1379,1141187.9565,1141014.889
600816.SH,20260203,0.7062,0.6,442.1877,2.0143,,,2795823.3041,1553235.169
688670.SH,20260203,2.1458,0.39,,2.0904,21.3611,,248987.2,248987.2
301179.SZ,20260203,1.7638,0.95,48.0614,2.8706,5.6467,1.5694,696389.8338,408984.3832
002909.SZ,20260203,2.6044,0.69,5325.6884,3.1894,2.4579,1.347,286650.0,279614.1265
688638.SH,20260203,4.1481,1.35,,2.6509,3.8906,,226464.0,107008.373
002043.SZ,20260203,1.7206,0.89,18.5762,4.2318,1.5038,3.6193,1359967.5927,1206503.5564
688563.SH,20260203,7.5502,1.11,59.184,3.0959,11.6255,0.7426,3226500.0,838811.0798
000833.SZ,20260203,5.5077,0.61,32.2189,4.1078,5.4927,0.6103,1603362.3598,906950.35
600833.SH,20260203,1.6584,0.71,42.4472,2.5235,1.4046,1.6756,292912.3736,292912.3736
603680.SH,20260203,0.6528,0.39,23.1887,2.1347,2.3518,2.0094,1170092.1191,1170092.1191
002188.SZ,20260203,11.061,1.4,87.8345,7.1809,5.866,,232897.9512,183242.461
000778.SZ,20260203,2.6445,0.74,50.1331,0.7341,0.5296,0.4124,1922143.4082,1888398.6656
300939.SZ,20260203,2.0208,0.65,53.3034,3.1194,3.4596,1.0955,432960.0,432960.0
603236.SH,20260203,3.2196,1.17,26.4727,3.789,1.1,0.9935,2554720.667,2322473.3369
920033.BJ,20260203,1.7735,0.39,55.1403,2.7628,9.5509,,210750.2573,146404.1347
000576.SZ,20260203,2.5372,0.67,58.9032,2.7828,9.5929,,459548.3793,456807.4698
301076.SZ,20260203,3.1618,0.71,117.1281,6.5647,17.3392,0.402,769652.1612,483280.6404
920957.BJ,20260203,2.0657,0.38,287.1128,3.6601,2.2951,0.7513,142818.0756,56840.001
000786.SZ,20260203,1.9916,0.92,15.4229,1.7733,1.8779,3.0684,4762856.4455,4727242.9419
301665.SZ,20260203,7.8066,0.59,28.3225,3.7652,2.5906,2.0422,1322100.0,112378.5
301468.SZ,20260203,15.6751,1.19,212.312,4.2328,20.6677,0.3557,951132.4409,548269.0499
600467.SH,20260203,3.432,0.63,94.5857,1.1318,2.8058,0.3366,387163.4906,387163.4906
603336.SH,20260203,1.2803,0.5,581.8499,3.9459,5.3214,0.0541,562456.3052,562456.3052
301595.SZ,20260203,10.4648,0.85,78.4687,6.7014,5.3946,0.4676,578973.16,130268.961
300962.SZ,20260203,1.7,0.9,45.2563,4.653,12.7503,0.8286,465171.3425,465171.3425
001979.SZ,20260203,0.7919,0.7,23.211,0.9244,0.4789,1.916,9133240.5892,8523405.5208
688472.SH,20260203,5.445,0.89,44.6941,2.492,1.3239,0.5874,5727016.2561,2118512.7027
603626.SH,20260203,6.8168,1.0,,5.8529,3.8854,,1248479.3025,1248479.3025
688347.SH,20260203,4.2608,0.69,4510.611,5.4646,14.7665,,24319648.2452,5706869.0
688283.SH,20260203,2.5679,0.95,133.2072,6.4267,23.6589,0.5062,621180.0,621180.0
002635.SZ,20260203,2.3303,0.43,65.2086,1.5767,1.9625,1.4347,919603.3657,551120.2517
002463.SZ,20260203,2.5672,0.83,35.0305,8.8599,7.0676,0.7182,13389721.4904,13378915.3616
603959.SH,20260203,1.292,0.58,,119.5097,2.6885,,283883.1164,283883.1164
688361.SH,20260203,2.2065,0.81,2555.3553,13.0393,37.0549,,6557506.9393,4649746.6057
300624.SZ,20260203,6.6479,0.74,,16.4106,11.5882,,1772120.7458,1569523.6579
000839.SZ,20260203,1.5275,0.78,,7.3607,3.4749,,1128909.9894,1128909.9894
300274.SZ,20260203,3.0786,0.65,20.2855,7.2238,3.2947,1.341,31073292.8229,23826565.2216
301356.SZ,20260203,2.5818,0.63,53.9594,1.6252,3.1293,,487728.0,123760.98
600152.SH,20260203,3.1691,0.76,,2.4268,2.8385,,413210.9919,413210.9919
300049.SZ,20260203,2.0204,0.85,144.8479,9.3631,12.135,,1784082.7347,1572164.5357
600540.SH,20260203,3.3728,0.64,,6.5845,0.6625,,287200.2182,287200.2182
300741.SZ,20260203,0.5406,0.56,,1.6845,8.968,0.5368,1147384.44,1147378.2921
002686.SZ,20260203,2.0478,0.9,320.0403,2.384,2.3187,0.1445,391271.2409,361208.2321
300810.SZ,20260203,5.6406,1.4,,6.7158,20.8976,0.0467,499705.65,482521.8923
920876.BJ,20260203,6.1182,0.75,,7.2919,3.6618,,183749.2267,110413.9971
600927.SH,20260203,0.469,0.87,35.4606,1.7057,1.9596,0.5854,2237188.8896,2237188.8896
000523.SZ,20260203,3.574,0.62,13.5333,3.6975,3.3099,,699313.4836,504886.0187
002530.SZ,20260203,2.9723,0.61,181.5063,6.188,7.3942,,819716.4801,731269.7474
688219.SH,20260203,1.2924,0.64,32.4915,2.2717,1.0355,1.0505,674908.8,674908.8
688575.SH,20260203,0.5342,0.49,57.4509,3.037,4.3233,1.4549,823370.5403,823370.5403
301638.SZ,20260203,8.5883,0.85,88.9878,6.4401,10.1575,,6868044.4968,507557.1434
688186.SH,20260203,2.1706,0.56,22.0863,1.3113,1.3021,1.2188,627454.6894,627454.6894
603226.SH,20260203,0.8329,1.1,,10.9941,30.2793,,998220.8902,998220.8902
300986.SZ,20260203,14.6523,0.88,131.7945,8.1822,6.3492,0.1476,1742649.9143,1741212.0019
603312.SH,20260203,3.5954,0.64,26.0037,4.7557,2.6595,2.4269,756157.637,240645.557
000430.SZ,20260203,0.9363,0.79,,21.8615,12.781,,585366.374,267912.3394
601238.SH,20260203,0.2578,0.59,,0.7248,0.8083,0.2543,8004696.7315,5796202.6121
301613.SZ,20260203,2.37,0.38,33.1354,4.6323,2.6711,1.3049,734884.9309,428651.4709
600929.SH,20260203,1.1463,0.66,,1.3147,2.2126,1.4409,990628.4066,990628.4066
300008.SZ,20260203,15.6796,2.19,51.9919,6.5301,3.2104,,1525849.7244,1454557.1327
600028.SH,20260203,0.2113,0.56,21.1326,0.9174,0.27,3.6221,76183073.9599,59694059.4863
002348.SZ,20260203,1.4381,0.36,,12.9777,17.2009,,577792.0,551155.1294
300331.SZ,20260203,6.7464,0.63,,7.7103,6.1811,,1206390.9808,976663.3966
603389.SH,20260203,1.083,1.85,,52.29,58.5813,,1223110.56,1223110.56
002825.SZ,20260203,1.4615,0.63,22.6935,2.2819,1.8988,1.094,369541.0074,277580.6167
605018.SH,20260203,0.7512,0.96,62.1512,1.9409,2.5659,1.323,526003.6224,526003.6224
002132.SZ,20260203,2.5178,0.48,355.5265,1.5507,1.0311,1.2338,538193.164,537401.1479
688020.SH,20260203,2.8842,0.91,,5.1628,19.2292,0.2101,714009.164,714009.164
300659.SZ,20260203,2.8857,0.69,,3.2405,4.7192,,389286.6051,284547.4299
600118.SH,20260203,7.174,1.25,1941.4588,17.5671,16.944,0.0106,11156784.9887,11156784.9887
300036.SZ,20260203,3.4492,0.63,,3.5401,6.2852,,953503.4039,848454.4985
000837.SZ,20260203,1.4774,0.77,278.1582,2.585,3.0685,0.2443,1256423.0878,1237091.2978
688699.SH,20260203,5.2001,0.54,,5.615,10.8498,,680199.4752,680199.4752
300413.SZ,20260203,4.5621,1.77,53.6506,2.1682,3.9028,0.8197,5021014.6675,2742242.6873
920855.BJ,20260203,1.4749,0.63,30.2512,2.4307,5.0376,1.1254,139452.3994,125090.8759
002324.SZ,20260203,3.949,0.77,78.5809,4.416,2.1574,0.2716,2020002.6264,1409717.147
300004.SZ,20260203,6.9263,0.9,108.7709,4.0319,12.1008,,717590.429,717590.429
300756.SZ,20260203,2.0384,0.63,95.4886,5.3161,11.3434,0.1012,778377.3913,648146.7135
300915.SZ,20260203,1.8657,0.63,413.0698,2.0925,3.0586,1.1138,321771.0083,147289.0504
001318.SZ,20260203,1.5014,0.73,36.9098,2.9816,8.7734,1.1834,429925.86,429925.86
600116.SH,20260203,0.9119,0.77,45.6928,1.1173,1.2877,0.5982,1265838.6024,1265838.6024
605555.SH,20260203,1.1103,0.61,31.4305,2.8242,1.9391,1.5289,852445.5794,852445.5794
002100.SZ,20260203,1.5836,0.55,21.2726,1.3385,0.5423,3.1294,959771.815,959771.815
920807.BJ,20260203,3.1087,0.35,101.5192,3.0381,4.8234,0.6329,287370.4,192713.7408
600172.SH,20260203,21.6572,0.94,,11.0862,7.9913,,1094618.0173,968678.1143
920163.BJ,20260203,2.8455,1.51,54.64,4.2588,2.5704,0.6854,206587.8318,95909.9609
605300.SH,20260203,1.2,1.64,194.0324,1.8487,2.2066,0.5098,529374.3655,529374.3655
920207.BJ,20260203,9.1275,0.68,,9.9224,8.5891,,285066.94,174016.1151
002074.SZ,20260203,1.8518,0.68,20.6942,2.4201,1.7335,0.2601,6886376.0,6590586.2517
301419.SZ,20260203,5.7567,0.84,59.1806,4.3868,10.0436,1.2004,416520.0,147239.82
002693.SZ,20260203,2.3124,0.66,,8.2218,14.8686,,321384.5563,318510.7369
600215.SH,20260203,2.3346,0.5,,1.767,3.2498,0.1959,354541.1149,354541.1149
301287.SZ,20260203,4.763,0.71,31.977,2.6276,5.044,1.4906,304148.54,77697.0187
603718.SH,20260203,1.3383,0.45,20.0133,2.2614,13.9191,1.4991,342901.8722,341363.3222
600273.SH,20260203,2.6321,0.66,14.524,1.4996,1.539,3.5293,1510206.908,1510206.908
920230.BJ,20260203,1.9486,0.67,186.6064,3.213,4.4192,0.5897,131033.461,61469.3201
300481.SZ,20260203,3.288,0.57,33.8805,2.1177,3.6454,2.2936,508995.8839,505891.8883
920765.BJ,20260203,1.7421,0.77,,5.7548,3.1826,1.1475,163148.9845,99118.9342
920030.BJ,20260203,1.7084,0.58,,2.6436,0.4824,0.2504,119822.5863,75060.8752
603206.SH,20260203,1.003,0.79,104.7951,2.283,1.2474,,517924.3796,517924.3796
601077.SH,20260203,0.6655,0.6,5.9752,0.55,2.5029,5.0089,7109482.0,5532739.748
300738.SZ,20260203,9.4683,0.84,145.3783,6.7692,9.8798,0.0539,2378222.0698,2377548.6507
603977.SH,20260203,1.9414,0.78,59.3035,2.6966,4.0082,0.6194,902664.3761,902664.3761
600801.SH,20260203,1.0688,0.66,15.0081,1.5955,1.4263,3.3742,4925140.6925,3178481.7305
603335.SH,20260203,2.193,0.74,,11.8133,2.6841,,255602.3262,255602.3262
603759.SH,20260203,7.2353,2.28,22.1976,2.0595,2.3356,,586435.2,586435.2
002004.SZ,20260203,1.8181,0.49,,1.1187,0.9163,3.6366,1084995.7167,1031127.4471
301355.SZ,20260203,3.3669,0.49,367.4592,1.7054,1.4983,0.7518,257139.0691,132070.7541
300244.SZ,20260203,8.9189,0.75,,2.3889,1.4715,0.9885,1545574.1452,1240108.2579
920786.BJ,20260203,9.1235,0.94,106.6603,3.0095,1.5307,,225568.187,153429.9749
300896.SZ,20260203,3.1187,1.6,30.473,6.0419,17.7543,3.3752,4465351.0442,3078185.7985
300687.SZ,20260203,2.659,0.66,128.4516,3.3619,4.2396,0.3079,929136.4128,748671.6487
603203.SH,20260203,1.6805,0.95,39.2747,6.6663,9.093,1.6579,973044.0486,955752.1278
600850.SH,20260203,1.4287,0.78,37.7144,3.9364,1.6992,1.4805,1897754.4874,1897754.4874
920027.BJ,20260203,1.9465,0.95,33.449,4.1166,4.7555,0.546,174089.293,92763.293
300593.SZ,20260203,3.9351,0.81,,6.7482,13.7857,,1610677.9545,1336832.3345
603530.SH,20260203,1.734,1.61,55.6897,12.6955,12.8513,0.9528,2072517.6446,2052258.38
688357.SH,20260203,1.2233,0.67,39.711,1.9891,4.2986,0.5795,345306.6286,345306.6286
301389.SZ,20260203,4.8735,0.95,125.9666,6.3971,37.8442,1.0471,1401907.5,418193.9374
002107.SZ,20260203,1.5332,0.88,43.721,5.7815,5.1224,1.6552,418476.96,414260.6616
603833.SH,20260203,0.4233,0.55,15.0742,1.9892,1.9819,6.2264,3618977.1828,3618977.1828
600545.SH,20260203,1.0081,0.75,,1.3988,1.1486,,446978.0555,446978.0555
002676.SZ,20260203,1.876,0.73,83.1657,4.4783,2.0354,0.1233,583920.0,583900.9082
600758.SH,20260203,1.3837,0.47,118.5848,0.89,0.9734,0.8579,493112.488,492637.286
000524.SZ,20260203,1.5231,0.76,106.8452,3.7787,1.9311,0.6235,859877.63,859544.481
000566.SZ,20260203,2.8732,0.66,,29.3149,9.8835,,816042.6643,815646.7132
920753.BJ,20260203,1.6359,0.44,60.3614,4.7125,7.7045,1.3479,186008.9809,73991.7846
920088.BJ,20260203,30.3815,0.77,77.1703,5.7702,8.8969,0.1819,387426.5285,139805.9299
002320.SZ,20260203,1.0267,0.8,122.1174,5.8663,4.798,0.3775,2362043.1638,2362043.1638
600499.SH,20260203,4.1653,1.02,23.8187,2.7512,2.079,1.074,3459812.9294,3459812.9294
002852.SZ,20260203,3.1721,1.02,13.7172,1.7403,0.6289,2.7094,385932.4382,320070.6938
301586.SZ,20260203,1.8946,0.84,65.0632,3.2749,5.5367,0.3968,418196.5351,266671.7878
600871.SH,20260203,6.0591,1.47,87.4213,5.719,0.6709,,5459629.1999,3901539.5571
002067.SZ,20260203,2.9845,0.61,129.2108,1.2123,1.4259,,802320.496,727656.496
601225.SH,20260203,0.493,0.55,10.5669,2.1406,1.1433,5.6355,20214075.0,20214075.0
688800.SH,20260203,2.7806,0.61,57.4559,7.5741,5.5202,0.3174,1736919.7591,1736919.7591
002398.SZ,20260203,4.6555,0.65,81.8936,1.1554,1.6205,1.3213,416728.3803,339888.5945
003010.SZ,20260203,4.0193,1.0,75.8168,14.759,4.2098,1.2609,1157763.3697,841701.2014
000958.SZ,20260203,0.4319,0.68,126.2178,5.7526,25.5298,0.8507,11327279.93,3509977.8725
000050.SZ,20260203,1.7511,0.86,195.0922,0.8311,0.6324,,2285705.3247,2285676.518
300837.SZ,20260203,10.7888,0.73,118.2081,3.5427,8.1206,0.6141,488508.876,369253.8135
601990.SH,20260203,0.5158,0.7,28.4116,1.5174,11.3844,1.384,3462507.0747,2901166.1338
000048.SZ,20260203,1.944,0.51,23.3534,2.2657,1.9007,3.958,957159.4613,950078.9878
002075.SZ,20260203,2.5287,0.7,42.0045,1.8558,0.8719,0.9058,1210991.6456,1210989.6998
300669.SZ,20260203,1.4168,0.8,386.0419,7.2118,19.512,0.3041,630339.7755,596957.2939
301265.SZ,20260203,4.1036,0.41,71.217,2.0568,4.9541,0.2773,435069.4894,241891.6367
600332.SH,20260203,0.6895,0.74,13.7017,1.0795,0.5278,3.1784,4092115.8186,3538627.5186
688485.SH,20260203,6.6579,0.73,209.1228,2.9841,12.2521,0.0897,373926.6503,220829.8493
600234.SH,20260203,1.4355,0.64,61.6724,7.3505,7.6609,,367529.3622,367529.3622
688157.SH,20260203,1.0606,0.72,144.1714,4.2983,7.5287,0.4462,581297.8933,581297.8933
002587.SZ,20260203,3.327,0.99,,3.3761,5.7031,0.2895,448913.9235,367028.727
920199.BJ,20260203,3.8037,0.73,270.9172,5.3547,10.118,,281361.5838,156677.4904
603327.SH,20260203,1.6651,0.8,108.0846,4.4707,4.1565,1.7875,1069504.9253,1069504.9253
601311.SH,20260203,1.3638,0.74,14.9051,1.1276,0.6774,3.0623,1110969.3737,1110969.3737
002512.SZ,20260203,4.91,0.92,,17.5046,3.7633,,679735.4422,668710.0388
600966.SH,20260203,1.0869,0.56,66.0695,1.3261,0.5041,0.3595,978570.0188,978570.0188
600358.SH,20260203,2.0979,0.94,,41.5505,7.6437,,304476.806,304476.806
002893.SZ,20260203,3.0228,0.81,37.4185,2.5209,2.4909,0.877,306613.32,235831.5327
300648.SZ,20260203,2.9373,0.72,,7.1011,8.4763,,967087.4886,736279.8467
002382.SZ,20260203,0.7937,0.43,,0.766,1.021,,590182.9008,585827.8221
002243.SZ,20260203,1.499,0.76,57.7317,1.809,5.4964,0.6446,1314716.1818,1307698.5269
688147.SH,20260203,2.3046,1.5,105.038,11.794,11.8445,0.0591,3407952.3214,3407952.3214
002898.SZ,20260203,3.1152,0.71,,4.5751,8.6043,,210672.0,121211.2855
002760.SZ,20260203,3.8568,0.69,,3.0309,4.213,,250641.7866,250641.7866
002963.SZ,20260203,4.2391,0.82,,1.7786,6.6302,1.3089,229749.973,174515.8627
688728.SH,20260203,0.5751,0.52,177.5891,5.1973,5.3825,0.1392,4064716.9605,3905760.6514
301668.SZ,20260203,7.6434,0.91,51.7288,5.8648,6.5518,0.9464,581130.0,121762.9327
300059.SZ,20260203,1.3453,0.6,28.3249,4.0364,105.1614,0.264,35875165.5223,30364396.2382
600616.SH,20260203,2.7307,0.69,145.274,1.9525,6.7813,0.8913,375311.777,375311.777
300831.SZ,20260203,5.7678,0.83,436.7344,4.6926,36.1713,0.3397,430080.0,247946.8186
688126.SH,20260203,1.326,0.51,,3.5524,20.0901,,7132240.4821,5894919.3818
301011.SZ,20260203,1.158,0.56,49.2618,4.2417,4.0063,0.7262,403604.3525,367308.0825
000661.SZ,20260203,0.9876,0.5,38.5499,1.6069,2.8695,2.825,3697137.8253,3621706.8298
301157.SZ,20260203,4.3367,0.76,94.1152,3.0097,12.3881,0.3644,329280.0,113382.3818
301279.SZ,20260203,1.6303,0.72,67.7328,3.0707,6.1263,0.6233,413478.107,312490.0445
000889.SZ,20260203,1.8439,0.87,,47.6212,2.1514,,338001.0929,314015.733
688679.SH,20260203,5.0398,1.1,,5.9292,4.616,0.0989,665691.3071,665691.3071
603177.SH,20260203,2.1211,0.87,203.6365,6.6084,2.3085,0.3446,239313.024,239313.024
002967.SZ,20260203,3.1072,1.76,35.5543,4.1833,4.1288,1.1758,1429849.0944,1344648.9477
688709.SH,20260203,4.9563,0.82,323.434,10.8921,44.8113,0.0407,3131376.8268,1071523.7082
688367.SH,20260203,4.3072,0.71,259.2659,5.4114,14.4278,0.3022,318953.544,318953.544
600017.SH,20260203,1.2539,0.81,17.5686,0.6856,1.2198,3.8264,956528.3592,956528.3592
688570.SH,20260203,0.7839,1.31,59.7952,1.9281,4.7811,1.7305,825731.0,358897.4
300373.SZ,20260203,3.6015,0.66,33.363,4.7168,6.2671,1.0194,4360365.9907,4350736.5765
002303.SZ,20260203,1.865,0.72,19.2481,1.4059,1.5299,4.8522,621717.4161,392576.4248
603119.SH,20260203,5.5283,0.79,143.1882,19.5145,29.7329,0.185,3822566.2544,2142569.4868
605117.SH,20260203,1.3945,1.19,26.1908,9.5738,6.6749,3.3398,8034493.3568,8034493.3568
688162.SH,20260203,1.7341,1.12,50.2878,1.9601,1.1317,,469844.3559,469844.3559
301276.SZ,20260203,5.4457,0.97,27.2531,1.7637,3.2805,2.1157,367545.6,130637.8046
920204.BJ,20260203,1.7812,0.91,83.8172,3.4634,5.4307,0.3343,169246.5956,89726.5537
600595.SH,20260203,2.5771,0.97,31.5488,2.2005,1.6201,,3671241.0844,3671241.0844
603398.SH,20260203,2.9526,0.86,,6.385,16.1893,,410224.8817,410224.8817
002588.SZ,20260203,1.9572,0.84,12.6751,1.691,1.0607,2.8372,1238283.8785,922992.3878
002649.SZ,20260203,2.9814,0.69,63.3896,1.9253,1.2076,1.2241,817726.3112,766315.0879
000672.SZ,20260203,2.7139,1.01,19.2968,1.6335,2.7704,4.1445,1449246.1978,1449246.1978
688083.SH,20260203,0.942,0.55,945.8245,4.4977,12.7828,0.5168,1167844.7575,1167844.7575
000892.SZ,20260203,5.2675,0.69,,9.1752,13.5015,,774974.5737,561560.7987
600839.SH,20260203,2.2079,0.63,33.1327,2.9287,0.4182,0.5097,4528535.5818,4527274.417
603063.SH,20260203,2.3938,0.69,26.0195,2.7401,3.2314,0.3998,1357192.1251,1357192.1251
688548.SH,20260203,4.7648,1.19,94.3912,4.5022,11.1398,0.4054,2700808.7725,1414904.8271
000659.SZ,20260203,3.0462,0.64,,34.1085,5.8218,,579851.8365,579851.8365
300076.SZ,20260203,2.7979,0.86,,3.6017,26.8092,,323936.0,323936.0
600658.SH,20260203,1.8541,1.07,,1.0713,4.263,,593968.6589,593968.6589
002697.SZ,20260203,2.8172,0.68,15.7226,1.7227,0.8535,1.936,807840.0,680072.085
002376.SZ,20260203,1.7372,0.77,90.8255,1.6899,2.4058,2.4789,640344.4074,617234.6654
300661.SZ,20260203,3.0465,0.49,79.4437,9.0464,11.9845,0.2142,4437572.4699,4255945.1939
002515.SZ,20260203,2.0745,1.15,132.5593,2.7591,23.4043,0.5042,720315.4276,720306.806
002906.SZ,20260203,1.4816,1.0,21.6487,2.3905,1.3375,1.5559,1619375.2415,1618790.7636
600939.SH,20260203,0.6091,0.66,,0.796,0.2339,,597377.1324,597377.1324
603103.SH,20260203,1.3794,0.86,212.1848,15.2319,8.696,0.4537,1957141.2,1957141.2
301048.SZ,20260203,0.5946,0.72,29.468,2.2678,1.9126,0.5327,621866.7444,621866.7444
603686.SH,20260203,6.0465,0.96,70.6648,2.9855,2.0893,0.6481,1012819.325,1012819.325
603879.SH,20260203,2.8261,0.86,,8.7729,6.6468,,224949.6194,224949.6194
300196.SZ,20260203,3.5227,0.76,20.3754,1.4413,2.1545,1.8016,671930.5573,405944.0227
002768.SZ,20260203,1.8487,0.86,18.1477,2.7458,0.7357,0.4907,1512218.75,985370.7969
301566.SZ,20260203,3.5916,0.59,56.153,5.9272,23.8303,0.4221,852821.32,442391.7227
688306.SH,20260203,0.9228,0.77,4960.9288,7.2048,5.0175,,1303208.0508,1303208.0508
603703.SH,20260203,3.3154,0.61,,7.4434,6.8352,,615833.4661,615833.4661
605151.SH,20260203,15.5722,3.77,,2.4606,1.7974,0.321,335309.1212,335309.1212
300281.SZ,20260203,2.7106,0.84,1864.9565,2.5802,7.4003,0.5175,323827.9273,307132.93
300677.SZ,20260203,1.3269,0.46,15.6054,1.4626,2.6973,0.3632,2656688.9779,1887994.8375
300058.SZ,20260203,22.1512,0.84,,9.983,1.1915,,7920028.0268,7676945.6461
002032.SZ,20260203,0.2728,0.68,16.2058,6.3706,1.5471,6.3434,3529188.2641,3526946.2494
002614.SZ,20260203,3.8577,0.54,63.4337,1.0061,0.8483,1.4347,434567.3889,307383.4689
002816.SZ,20260203,2.5731,0.73,,11.2673,13.9294,,260700.0,260700.0
000713.SZ,20260203,4.0314,0.63,110.3972,1.8563,2.0283,0.2217,553964.315,426126.3961
600420.SH,20260203,0.5754,0.67,14.9401,1.0238,1.5069,2.8517,1410913.672,1410913.672
301286.SZ,20260203,2.2245,0.79,118.341,12.473,21.9017,0.1332,2382595.5,960418.8151
600423.SH,20260203,3.4078,0.47,503.1074,5.5148,20.7929,,308296.28,308296.28
600491.SH,20260203,2.0844,0.81,,0.502,0.804,,492582.0615,492582.0615
300746.SZ,20260203,1.7035,0.99,,4.0325,2.6056,,310164.4627,307151.4483
688282.SH,20260203,1.0982,0.7,236.4126,4.8848,26.3737,,624624.0,624624.0
601133.SH,20260203,24.5692,1.05,53.6157,3.4176,2.1356,1.1075,1000066.8951,282938.4931
301033.SZ,20260203,4.6751,1.82,49.2812,6.5985,14.9141,0.7905,502201.6538,422953.7088
002278.SZ,20260203,6.801,0.58,106.9953,3.6664,6.3389,0.3553,510169.5915,436867.6326
301128.SZ,20260203,3.8058,0.73,81.0371,12.2127,6.3438,0.4079,1086753.9826,926958.6261
300869.SZ,20260203,1.1046,0.51,,3.5934,12.737,1.6098,624000.3649,393469.9653
601633.SH,20260203,0.224,0.73,17.708,2.0388,0.7878,2.1943,17552195.9642,12735158.0903
603922.SH,20260203,1.8652,0.72,169.9272,3.2273,4.8023,,335462.4,335462.4
600789.SH,20260203,3.0206,0.26,50.888,1.8673,1.5516,1.0479,960529.406,825877.3918
600916.SH,20260203,20.9209,2.18,53.5275,3.032,0.3658,2.6944,2182320.0,2182320.0
003016.SZ,20260203,1.3708,0.8,,1.4086,2.615,,377207.886,368561.9093
605189.SH,20260203,1.451,0.86,65.28,1.6882,0.9146,0.8907,298491.3534,298491.3534
301421.SZ,20260203,8.0847,0.73,342.0683,9.1426,22.5414,0.159,1091452.176,436781.6305
300213.SZ,20260203,3.4659,0.88,247.1476,2.553,5.7011,0.5302,560485.8744,520745.2215
001285.SZ,20260203,6.0375,0.84,31.8117,2.8552,4.6178,,1054402.7328,237727.4989
002491.SZ,20260203,29.3174,1.81,3039.3991,4.5862,3.5655,,1137744.9125,1088233.7057
688234.SH,20260203,2.5646,0.99,1175.0851,5.8947,27.2751,,4361082.2775,3866969.685
301255.SZ,20260203,2.7786,0.61,105.3673,4.1568,10.095,0.4981,436853.76,109213.44
002766.SZ,20260203,3.4223,0.87,304.6438,4.2785,4.9679,,492225.2807,487490.4959
002115.SZ,20260203,19.7854,0.8,,6.0795,1.3028,,1261091.5213,1169664.0523
300904.SZ,20260203,3.7756,0.6,,6.7724,6.8011,,446315.0085,135548.6085
603881.SH,20260203,12.3424,1.1,192.4538,8.6119,15.8992,0.152,2828250.2451,2828250.2451
002025.SZ,20260203,5.3354,1.3,296.9276,3.7108,4.4906,0.4336,2415579.4404,2407362.0168
002915.SZ,20260203,3.0053,0.85,,5.7417,4.8866,,750204.6044,664012.5869
000725.SZ,20260203,1.7334,0.71,24.1363,1.2069,0.7632,1.1719,15966105.3956,15663257.0513
600113.SH,20260203,0.7723,0.63,175.6583,9.9762,34.3978,0.1995,2535062.3165,2476404.152
000543.SZ,20260203,1.4377,0.87,7.5882,1.0543,0.6176,3.9925,1811223.8015,1811223.8015
603089.SH,20260203,1.4918,0.64,20.8411,2.1821,1.1935,0.6949,326445.2445,326445.2445
601860.SH,20260203,1.5641,1.05,6.8693,0.5046,2.3719,1.805,1014098.2443,983789.9248
600131.SH,20260203,1.7027,0.83,31.3733,3.7417,2.4936,1.1497,2308031.8147,2303313.317
920263.BJ,20260203,0.9702,0.39,62.1992,3.2016,5.7015,,185451.9224,134705.5767
002799.SZ,20260203,4.078,1.04,,2.4086,3.3694,,305958.24,305954.2248
603390.SH,20260203,1.292,0.58,70.2871,2.7747,4.8216,0.7059,448356.2796,446905.2901
688612.SH,20260203,1.2571,0.76,23.6741,3.59,1.8962,1.1989,1253372.413,755132.3667
002628.SZ,20260203,3.611,0.67,,1.1654,4.0956,,333881.283,332419.0977
301584.SZ,20260203,3.999,0.63,41.5459,5.9931,0.6452,,1244907.5441,149002.4856
301132.SZ,20260203,2.2895,0.65,39.3316,2.9644,3.4082,1.1527,538293.5151,344359.693
301314.SZ,20260203,8.8285,1.41,176.5901,2.518,15.218,0.4193,263542.5,77512.5
688662.SH,20260203,6.5747,1.31,121.0325,6.6076,9.0257,0.6396,482761.04,482761.04
002576.SZ,20260203,2.4688,0.81,34.9984,2.2701,1.6221,0.4454,296519.6,291001.5175
600665.SH,20260203,1.0496,0.85,,1.1322,0.2727,,300714.6373,300714.6373
300629.SZ,20260203,6.7382,0.94,345.0822,3.8081,18.6897,0.3859,647918.1636,558781.3133
920690.BJ,20260203,1.9038,0.66,30.6719,3.7526,5.8735,1.2092,219320.4,142571.7566
600568.SH,20260203,0.9857,0.55,,3.1815,9.5694,,546046.2926,457324.4344
002601.SZ,20260203,1.2192,0.55,38.6882,2.1316,1.8977,2.8755,4949698.9643,4126263.3837
300382.SZ,20260203,2.4231,0.74,,4.0832,4.5578,,939531.5913,939442.0837
600774.SH,20260203,3.3629,0.44,,1.6644,2.6843,,277920.5227,277741.2874
301362.SZ,20260203,1.8756,0.36,35.016,2.721,4.1333,2.8838,678052.26,192202.26
600318.SH,20260203,1.2585,0.71,118.398,4.0572,13.4831,0.2312,443509.4017,443509.4017
603318.SH,20260203,1.7051,0.82,,2.2365,1.26,0.9827,317677.0794,317677.0794
300110.SZ,20260203,1.7131,0.74,,2.8435,3.0689,,385401.4321,384956.3199
301129.SZ,20260203,2.452,1.0,52.0322,2.1403,7.7129,0.9203,360671.6996,175913.755
002171.SZ,20260203,3.3634,0.57,37.1778,2.4379,0.3588,,2114688.0472,2102705.1354
002775.SZ,20260203,3.127,0.61,,7.6689,4.5168,,272314.3777,201772.2737
001227.SZ,20260203,1.7086,0.95,6.9339,0.4324,1.7033,2.2078,1315706.0458,974242.5072
301508.SZ,20260203,2.8739,0.8,48.2481,3.5901,8.3344,0.6508,732968.2184,190747.6088
300570.SZ,20260203,20.7692,1.15,76.0043,17.202,17.039,0.6362,2856120.3525,2416827.2642
601038.SH,20260203,1.509,0.8,20.025,2.0823,1.5019,2.5323,1632656.5846,1063167.7646
600313.SH,20260203,16.3334,0.89,160.4053,4.3497,1.3802,,858183.5398,858183.5398
301081.SZ,20260203,3.6941,1.44,195.3501,2.5983,3.1586,2.3504,279678.1061,268318.4751
688608.SH,20260203,2.313,0.81,52.8148,5.1233,9.5454,0.4042,3554208.3027,3554208.3027
601519.SH,20260203,1.3481,0.76,,18.5848,30.8727,,2520265.72,2520265.72
002094.SZ,20260203,10.8293,0.91,153.5588,3.7673,3.4731,,582426.6338,582052.3418
301535.SZ,20260203,16.9887,1.19,95.2962,10.7524,15.5656,0.7769,1193375.2951,179006.2951
603067.SH,20260203,2.5792,0.73,48.1089,7.1824,5.815,0.3841,2494768.5723,2494768.5723
601677.SH,20260203,3.6039,0.46,11.6957,1.0974,0.5897,1.337,2036891.701,1995094.855
001289.SZ,20260203,0.0925,0.88,24.6666,1.7294,3.9413,2.1108,12982794.5027,7830123.7567
000685.SZ,20260203,2.231,1.17,13.4201,1.0364,3.3663,0.646,1863065.6363,1583754.2093
002986.SZ,20260203,1.8749,0.68,,1.2177,0.6313,2.4788,464128.2196,368686.6789
301325.SZ,20260203,10.0217,1.75,,2.6775,4.6924,,758314.3182,305105.069
300268.SZ,20260203,0.7859,0.56,,,0.9727,,218621.0,167802.9125
600202.SH,20260203,2.5702,1.08,,2.9578,1.8482,0.1605,238821.2387,238821.2387
600675.SH,20260203,0.9699,0.73,30.7612,1.178,1.3724,,1729194.7047,1729194.7047
603018.SH,20260203,3.4938,0.55,16.2487,1.0376,1.2767,1.2387,546353.326,546353.326
301187.SZ,20260203,0.5471,0.59,30.7917,4.0462,3.21,1.9743,613624.9947,613623.0089
002795.SZ,20260203,5.1187,1.03,,6.5837,3.7824,,294163.8264,289329.6787
300575.SZ,20260203,5.182,1.04,,1.5827,1.2422,0.7438,312430.022,224473.8815
300247.SZ,20260203,2.2016,0.78,53.3952,3.6367,4.7505,,410864.5999,410473.6849
603038.SH,20260203,2.28,0.75,136.4166,3.429,3.3906,0.2812,477707.8945,477707.8945
002030.SZ,20260203,3.6859,0.28,,1.1586,11.7155,,896802.0144,896802.0144
600157.SH,20260203,3.4595,0.68,119.2728,0.7464,1.4816,,3512660.0273,3512660.0273
001208.SZ,20260203,17.8982,1.46,126.6541,5.0327,3.2885,0.2276,1456077.3354,600810.2609
002772.SZ,20260203,5.4557,0.79,27.3963,2.002,3.3484,2.5255,667723.8276,662420.6238
603212.SH,20260203,13.1039,0.75,,3.0079,2.8093,,768671.0475,768671.0475
920099.BJ,20260203,1.9201,0.47,28.5534,3.1107,3.9372,0.5777,271420.7931,169118.3019
002394.SZ,20260203,1.9747,0.67,13.6902,1.0594,1.2868,0.7067,458035.5,457449.1325
002723.SZ,20260203,5.7071,1.07,,3.2119,2.7342,,302438.3872,288573.4515
300050.SZ,20260203,3.15,1.02,,7.8416,12.3326,,321459.5636,321263.3479
603819.SH,20260203,1.8035,0.83,103.5481,3.3967,1.8514,0.1597,272598.1941,272598.1941
920656.BJ,20260203,2.1652,0.85,26.2531,2.556,8.1633,1.1461,174500.0,56496.6103
002135.SZ,20260203,4.3732,1.21,88.506,1.0958,0.7788,1.1309,690505.8085,646154.1998
003013.SZ,20260203,0.5454,0.79,11.2083,2.0842,2.198,3.2258,607590.4242,595121.2669
000526.SZ,20260203,0.9906,0.67,19.8392,4.6765,1.4796,,466362.4641,457171.3496
600353.SH,20260203,7.4825,1.79,124.1058,8.1468,9.2372,0.327,1523006.3986,1520868.4768
600750.SH,20260203,1.1617,1.02,17.6586,3.9776,3.7921,4.7622,1600082.2883,1584287.1198
002921.SZ,20260203,5.206,0.92,,2.5684,3.0356,,339949.8298,293240.7197
002328.SZ,20260203,2.4761,0.63,35.9395,1.6137,1.2716,2.0432,536380.15,396700.3677
002024.SZ,20260203,0.2755,0.86,167.3051,1.1262,0.2491,,1417509.4456,1415929.5217
603806.SH,20260203,3.8293,1.28,66.18,3.0688,3.0952,1.3889,4878342.2872,4878342.2872
000563.SZ,20260203,0.94,0.72,12.5837,0.9446,6.1821,2.2599,1810345.5067,1810345.5067
600078.SH,20260203,4.04,0.41,,4.6594,2.2605,,808791.3689,791774.5689
603210.SH,20260203,1.2886,0.41,32.8022,3.6286,3.274,,662758.8,146785.689
301080.SZ,20260203,3.012,0.72,50.4527,3.2987,10.9709,0.5489,871664.5017,656955.3656
603663.SH,20260203,1.944,0.37,221.5189,12.8666,16.0182,0.1866,1701241.6953,1699312.5753
600815.SH,20260203,2.0231,1.04,,3.682,10.1185,,558839.7612,558839.7612
002050.SZ,20260203,4.4178,1.04,54.5123,7.0758,7.0099,0.7063,22020536.9219,19279405.6902
300788.SZ,20260203,1.5335,0.88,38.21,2.5552,3.3141,1.5923,570834.848,570834.848
603788.SH,20260203,0.9201,0.79,18.6491,1.75,2.366,4.3183,361588.4752,361588.4752
605259.SH,20260203,1.3158,1.04,15.3927,2.1243,1.4911,2.7149,381180.8,381180.8
002117.SZ,20260203,1.4242,0.73,30.5542,4.3467,4.8326,1.7933,613277.2383,613082.5303
920925.BJ,20260203,2.8839,0.78,81.5182,5.9934,8.1354,0.1295,223308.7383,125409.1802
002634.SZ,20260203,5.3761,0.86,,,4.6958,,264587.0475,257192.3739
000859.SZ,20260203,6.1701,0.84,,3.3331,4.0272,,908519.9388,908468.2248
688360.SH,20260203,0.988,0.43,59.8173,3.4811,3.2905,0.5523,511666.594,489434.9079
688737.SH,20260203,2.7856,0.72,,1.8423,1.9511,,331432.8189,331432.8189
300286.SZ,20260203,4.6057,1.19,35.647,3.2464,6.6921,1.3772,725770.7916,613034.3675
603883.SH,20260203,1.0232,0.38,27.6067,1.7251,0.5194,1.4492,1152754.2685,1152754.2685
300517.SZ,20260203,4.3609,0.98,,2.4067,8.058,0.8146,242901.1293,150319.2066
600638.SH,20260203,1.6825,0.64,30.298,1.0695,2.2843,0.5055,492926.4474,492926.4474
300417.SZ,20260203,5.7282,1.0,,4.0299,11.0752,,185024.4,120398.0773
002756.SZ,20260203,4.0723,0.82,43.5465,2.128,3.56,1.6072,2630815.5152,1897005.5281
920245.BJ,20260203,0.8758,0.8,82.6182,4.0418,4.2294,0.5308,140438.07,107376.5886
688022.SH,20260203,3.2364,1.17,,3.9988,4.9155,,277008.3603,277008.3603
002404.SZ,20260203,3.0629,1.11,25.6001,2.0849,0.8982,4.0761,412197.9342,335459.3027
600057.SH,20260203,2.0786,1.46,10.1805,1.3665,0.0571,4.4257,2201456.7377,1621695.3771
688700.SH,20260203,3.5718,0.88,147.2305,7.071,13.693,0.2347,1269697.7868,1269697.7868
002408.SZ,20260203,1.5957,0.57,,1.4094,0.6405,0.5267,1606211.2054,1554369.075
301488.SZ,20260203,5.2349,0.84,144.7714,10.2509,7.9571,0.3358,1369880.0,348607.4793
603208.SH,20260203,1.7084,0.86,,2.2125,1.3134,1.2549,266290.529,266290.529
688122.SH,20260203,3.0738,0.98,65.0519,7.9658,10.2652,0.7666,5508505.2701,5508505.2701
920227.BJ,20260203,14.9573,0.92,83.1673,8.3639,21.9786,1.1571,336532.443,152031.7924
688681.SH,20260203,2.0646,0.82,40.6314,3.3859,4.1726,0.5056,204525.18,204525.18
002935.SZ,20260203,2.1637,0.67,146.581,5.8802,10.078,0.2292,930480.9026,910709.3973
600496.SH,20260203,1.0394,0.61,14.4672,0.9851,0.4311,1.7582,905506.8591,905506.8591
300966.SZ,20260203,2.3142,0.72,,3.1598,3.9097,,244857.084,162206.1906
920685.BJ,20260203,1.1368,0.37,33.2469,2.4868,7.7931,1.1828,135260.5608,81147.9642
300504.SZ,20260203,1.5995,0.76,,1.8943,3.087,,401658.4276,323448.7689
002223.SZ,20260203,1.0373,0.73,22.4328,2.9753,4.8295,2.0544,3903645.1615,3660975.8906
002036.SZ,20260203,2.9429,0.56,,5.3155,1.2726,,1139837.1548,1137687.6514
688207.SH,20260203,2.5832,0.79,,2.2534,28.6099,,431449.2629,431449.2629
002401.SZ,20260203,0.9225,0.59,,3.7163,3.4731,0.7956,607306.231,606808.678
688137.SH,20260203,3.2652,0.48,,1.4909,21.053,,310175.4404,144425.4404
600644.SH,20260203,3.441,0.81,273.0691,3.0885,1.8823,,639044.5039,639044.5039
301160.SZ,20260203,5.4443,1.52,33.282,4.5089,4.8224,1.0579,730912.3661,472586.6389
600160.SH,20260203,0.797,0.6,25.9717,5.1427,3.8067,1.0789,10259035.1078,10259035.1078
002843.SZ,20260203,2.2308,0.41,107.1439,3.2017,2.9069,0.5556,453127.6116,451426.6116
603803.SH,20260203,3.4442,1.33,,2.7567,3.6136,,432956.3446,432956.3446
600617.SH,20260203,1.435,0.54,,1.7849,0.3845,,603837.0259,555744.8617
001395.SZ,20260203,1.6251,0.42,20.5747,3.194,4.7754,1.4146,382372.92,205518.87
600382.SH,20260203,5.1374,0.87,27.2915,2.1816,7.0904,3.2874,591635.6918,591635.6918
603725.SH,20260203,1.6066,0.66,26.2712,3.7546,0.978,0.9696,310649.9759,292104.1759
300689.SZ,20260203,11.3277,1.2,286.3965,9.7805,16.0372,,675450.8,591207.4427
002046.SZ,20260203,4.1008,0.97,92.842,6.0363,8.2993,0.431,2612692.0201,2576249.3481
000598.SZ,20260203,0.8586,1.0,9.9411,1.0891,2.2609,2.6305,2121630.2006,2118230.9096
920374.BJ,20260203,1.7674,0.8,225.4534,7.8885,9.7576,0.4423,200615.798,83953.449
002706.SZ,20260203,3.7924,1.17,40.272,3.0246,2.6644,1.9385,1230945.0219,1002828.5906
000488.SZ,20260203,1.1355,1.16,,1.9414,0.9926,,620647.2582,354772.7355
603608.SH,20260203,4.3396,0.75,,4.243,4.3074,,448677.5478,448677.5478
002064.SZ,20260203,1.8227,1.24,34.6546,2.1632,2.3416,1.7182,5776401.0961,5760141.9658
000750.SZ,20260203,0.9126,0.6,34.836,1.1836,7.7331,1.0048,2669420.9314,2422813.2624
300190.SZ,20260203,3.2238,0.93,,1.2511,1.9516,,364684.8298,363439.9535
301458.SZ,20260203,6.1086,0.87,73.6637,5.7274,12.6803,0.5574,947200.1184,417296.0178
600678.SH,20260203,15.5579,1.05,241.4671,16.3015,8.4268,,459619.83,459619.83
300973.SZ,20260203,5.3586,1.92,23.4429,3.0277,1.7198,1.5912,733075.1154,504442.2272
603908.SH,20260203,1.9325,1.27,82.9678,4.3558,2.2267,2.614,232165.5811,232165.5811
300287.SZ,20260203,1.811,0.49,,6.7689,15.9752,,727683.8207,668338.5378
603169.SH,20260203,2.4377,0.79,196.2872,4.2032,2.0465,,1391200.7649,1391200.7649
920523.BJ,20260203,1.3232,0.68,17.1853,3.9641,5.0989,1.1342,267942.121,212748.4802
002199.SZ,20260203,1.2346,0.6,,10.7357,8.63,,204735.0273,204735.0273
002758.SZ,20260203,2.6368,0.96,12.0346,1.1006,0.1188,2.9027,526584.5365,525978.4039
688307.SH,20260203,4.1257,0.85,76.0366,4.8074,7.097,0.9419,421232.63,279591.1629
603341.SH,20260203,3.2664,0.77,40.6091,3.2923,0.5481,1.0839,2345386.8103,1194763.1855
300784.SZ,20260203,13.2413,0.62,51.8266,4.1313,6.3438,0.6804,330620.8504,99524.7092
688553.SH,20260203,1.2435,1.03,171.4731,2.1708,8.2285,2.4104,809923.2,656847.9542
300109.SZ,20260203,3.6119,0.97,38.1494,2.4549,6.3157,1.3261,913774.0094,846041.3901
000070.SZ,20260203,11.7821,1.76,,7.3389,2.7295,,1106523.71,1092186.3091
300566.SZ,20260203,3.8131,0.97,27.8594,2.5173,2.4187,0.9924,523422.9321,452680.8207
600227.SH,20260203,1.6472,0.42,,1.7419,1.8585,,417115.7382,315567.1513
688177.SH,20260203,0.4534,0.75,,20.047,11.4821,,970603.52,970603.52
601186.SH,20260203,0.5563,0.29,4.5645,0.3568,0.0939,4.1841,9736531.2555,8247827.0235
600506.SH,20260203,3.0448,0.66,87.5186,9.8422,1.9665,,472174.5587,472174.5587
600892.SH,20260203,1.4777,0.79,,286.6237,8.52,,216512.6408,216456.6604
002290.SZ,20260203,2.3335,0.81,93.3962,15.3748,5.7162,,1458652.3881,1454408.4849
600787.SH,20260203,1.1161,0.62,27.0616,0.9005,0.1968,1.2159,1252135.9188,1252135.9188
600985.SH,20260203,0.8414,0.59,18.2713,0.7885,0.798,6.1881,3264229.5553,3264229.5553
002581.SZ,20260203,1.3029,1.15,,2.6645,19.3253,,498100.3674,302597.3266
002803.SZ,20260203,4.29,0.93,34.2668,3.5172,1.3504,1.657,900810.576,577540.376
603077.SH,20260203,3.1214,0.51,,1.1818,2.8015,,2146063.5464,2146063.5464
000919.SZ,20260203,1.413,0.68,126.3768,1.2496,1.3771,1.3161,473906.4903,473786.2467
603629.SH,20260203,25.244,1.35,61.5924,6.0938,3.5942,0.2906,1157095.8,1130776.92
300581.SZ,20260203,1.6841,0.69,,9.0168,57.1183,,861471.549,861471.549
603733.SH,20260203,0.5226,0.61,17.5313,2.0415,1.4009,2.0869,1691460.5703,1691460.5703
688660.SH,20260203,1.2345,0.94,,4.3696,1.659,,1918666.7626,1918666.7626
000612.SZ,20260203,5.4682,0.58,16.5515,2.2874,2.403,0.9687,1599931.5867,1598885.8332
301101.SZ,20260203,1.2338,0.79,43.9236,4.8283,10.1997,1.2098,829625.3157,786004.6715
605337.SH,20260203,8.4299,1.06,23.9539,3.4786,3.8787,5.5609,513764.6935,513764.6935
300239.SZ,20260203,1.8615,0.88,54.4326,2.1924,4.7285,0.3929,371004.9581,368601.1144
601333.SH,20260203,1.3591,1.15,16.6358,0.7716,0.7686,2.2801,2174645.859,1735236.759
688678.SH,20260203,3.038,0.46,273.0423,3.0263,3.6063,0.4083,635011.0319,635011.0319
301391.SZ,20260203,0.957,0.76,332.9042,3.3728,11.1732,0.1579,700069.1274,684012.8482
300583.SZ,20260203,1.5898,0.79,,1.5693,2.9029,0.1369,277154.8061,271963.5809
300636.SZ,20260203,1.502,0.56,35.9023,1.4282,4.112,0.495,339320.808,296825.0087
002952.SZ,20260203,15.6862,2.06,321.3235,4.5712,4.5805,0.2042,397538.46,318449.3324
000411.SZ,20260203,2.1202,0.67,14.0381,1.3599,0.2064,2.8897,692120.1319,450544.8472
603238.SH,20260203,1.43,0.98,27.4264,2.3149,1.2373,1.594,334071.938,334071.938
603386.SH,20260203,2.8153,0.74,,3.5332,1.9152,,480999.4534,480999.4534
300456.SZ,20260203,14.8702,1.81,26.8069,6.0034,38.4799,,4084284.8615,3332570.9571
000657.SZ,20260203,6.1332,0.67,67.848,10.8523,6.204,0.3403,10713997.8888,6831654.9581
603395.SH,20260203,6.0625,0.71,300.335,5.8307,2.4712,0.3678,815620.0,203905.0
688027.SH,20260203,5.5818,1.19,,21.0369,196.8548,,6759716.4027,5281962.4733
603429.SH,20260203,1.5325,0.92,,3.885,26.6935,,479379.715,479379.715
300917.SZ,20260203,5.1025,0.82,51.6239,5.8001,2.3123,0.6266,674310.0,674310.0
301266.SZ,20260203,7.2266,0.66,115.288,2.8737,1.6937,0.2121,518113.0853,491506.4785
688399.SH,20260203,1.463,0.31,,1.9108,16.7259,5.0288,567056.7057,567056.7057
603737.SH,20260203,0.7691,0.81,60.3598,13.9464,3.2509,1.3388,4015202.6881,4015202.6881
601158.SH,20260203,0.3484,1.18,25.8607,1.2604,2.9018,3.4889,2160010.3847,2160010.3847
603897.SH,20260203,1.6059,0.59,20.7181,2.2586,0.4204,6.8415,543132.2767,543132.2767
600539.SH,20260203,2.084,0.72,,7.88,5.1052,,250470.0,250470.0
001299.SZ,20260203,2.5745,0.69,32.2382,2.7003,4.3055,5.7233,319069.7669,287197.2085
002406.SZ,20260203,2.2897,0.79,46.1137,1.4652,4.206,1.8634,587831.191,484781.3829
300121.SZ,20260203,1.6259,0.58,35.2258,1.7097,1.692,1.0476,588154.0902,567183.3922
003011.SZ,20260203,8.5733,1.52,18.0206,1.7703,1.9719,2.4378,250221.412,190302.3227
688334.SH,20260203,6.6774,1.22,30.2365,2.7858,9.0118,1.4751,796197.357,394615.3155
000021.SZ,20260203,5.5292,0.6,45.8146,3.6864,3.0778,0.6316,4694609.7073,4693858.9995
688371.SH,20260203,0.8755,1.0,145.248,3.4565,13.607,,680673.4103,680673.4103
603360.SH,20260203,1.3463,0.49,101.1455,14.5067,14.8459,1.3852,2185055.9855,2185055.9855
000921.SZ,20260203,0.8313,0.82,9.8475,1.9588,0.3538,5.1337,3315357.6434,2197985.1764
002496.SZ,20260203,2.9721,0.82,,2.0032,7.678,,265335.7832,195791.5997
601018.SH,20260203,0.5329,0.96,14.9831,0.9589,2.493,3.4673,7742846.5828,7742846.5828
600749.SH,20260203,2.2145,0.75,128.3167,3.4828,18.3508,,374720.0686,374720.0686
002657.SZ,20260203,3.1569,0.64,,5.5154,8.1447,,958946.6259,947841.5928
001259.SZ,20260203,5.6604,1.48,525.5726,3.604,6.3412,0.4518,257413.9302,166310.6575
000981.SZ,20260203,8.1105,1.02,,29.2198,14.2735,,4918755.6769,4680571.1978
301032.SZ,20260203,3.186,0.5,35.4116,2.6887,1.3934,0.7435,324324.423,215028.8824
000408.SZ,20260203,1.1597,0.67,39.5862,9.0719,41.1826,1.1445,13708070.7539,13707920.1614
600117.SH,20260203,0.7351,0.65,,2.2739,1.543,,914687.2748,914687.2748
000601.SZ,20260203,1.3629,0.73,103.7629,1.3472,1.1518,3.9053,543879.4386,536308.2495
600919.SH,20260203,0.549,0.6,5.3673,0.7369,2.1415,5.453,18351324.463,18351324.463
300980.SZ,20260203,4.6268,0.8,107.5268,3.4597,8.3547,0.4985,487370.1489,347145.3114
605266.SH,20260203,1.0647,0.75,24.1901,1.1782,0.3401,5.2675,309394.9419,309394.9419
603326.SH,20260203,2.0631,0.96,17.9251,2.7925,2.2003,6.5034,320134.4608,320134.4608
688236.SH,20260203,0.7002,0.69,35.0272,3.0797,8.4892,1.1053,894481.742,672614.096
002241.SZ,20260203,3.0379,0.74,32.1478,2.6565,0.9401,1.1087,9346320.0408,8272999.2229
603092.SH,20260203,4.4348,0.51,34.8164,5.1361,5.1024,,2722000.6805,227643.9903
300775.SZ,20260203,18.3853,1.44,52.9121,4.1303,16.3967,0.4532,2416319.942,2345871.1895
300043.SZ,20260203,9.9315,1.32,207.0336,4.9609,4.1506,0.1457,852275.9047,851824.5582
603685.SH,20260203,3.6125,1.06,272.9647,2.9823,4.8631,0.023,588980.9831,472840.1082
688526.SH,20260203,0.6226,0.48,16.4119,1.8078,7.4358,2.645,754195.1946,754195.1946
000301.SZ,20260203,0.5674,0.66,,2.4843,0.6832,,8303705.2782,8300346.0157
920002.BJ,20260203,2.1173,1.05,77.4269,6.4623,13.2768,0.1394,466405.422,321588.6865
002164.SZ,20260203,2.8375,0.69,119.9924,5.1639,4.9542,,739721.4277,666887.553
301077.SZ,20260203,2.4897,0.63,35.1333,4.6028,6.7444,2.7321,527074.6382,295652.7473
300248.SZ,20260203,3.3752,0.84,66.3859,2.9917,6.538,0.6002,634972.4079,545347.7743
605298.SH,20260203,0.5581,0.58,100.2833,7.3976,13.6332,0.365,772063.5,765491.61
603948.SH,20260203,3.1975,0.86,21.5691,2.2448,2.1613,3.4483,471218.5843,471218.5843
002796.SZ,20260203,6.2971,0.65,878.3251,13.3616,12.3291,,1143979.3753,1032201.2842
600655.SH,20260203,0.8377,0.43,,0.5803,0.5101,3.6761,2000723.5523,1999380.9843
600307.SH,20260203,1.4028,0.48,,1.6923,0.3509,,1152457.766,1152457.766
601006.SH,20260203,0.6717,0.6,15.0951,0.6101,1.3147,4.4088,10053441.6803,10053441.6803
603828.SH,20260203,0.7972,0.53,,6.4284,2.1365,,414192.3098,414178.0394
002045.SZ,20260203,1.4576,0.63,276.9326,1.75,0.913,,774539.2728,773643.8785
603223.SH,20260203,0.9114,0.64,29.9081,1.7804,5.2537,0.9649,694903.9958,694903.9958
920976.BJ,20260203,2.3718,0.84,37.8653,8.261,7.8138,2.6819,211653.9922,131608.7668
600267.SH,20260203,0.7965,0.38,22.6045,1.4523,1.1898,1.9856,1236012.4901,1235332.8033
001914.SZ,20260203,0.9452,0.78,13.2693,1.1176,0.6349,2.1128,1203348.0778,1203344.3092
920247.BJ,20260203,1.5217,0.85,123.0373,8.5538,9.1575,0.4424,394490.5917,286124.1924
603171.SH,20260203,1.1482,0.86,269.542,11.4336,13.8245,0.2819,2886268.535,2883036.67
000735.SZ,20260203,4.6432,0.7,,2.1498,3.6763,0.2538,907392.6995,906907.2434
603303.SH,20260203,0.3386,0.7,24.0129,2.2067,1.5528,9.397,687277.1326,687277.1326
002099.SZ,20260203,4.6238,1.77,,2.1877,6.0205,,1120150.9551,1118062.9212
920726.BJ,20260203,10.5872,0.85,152.8309,5.6952,11.2009,0.6951,248684.82,136773.4834
300997.SZ,20260203,3.3795,0.94,146.62,10.7003,6.9837,1.1541,1087121.5854,959228.0312
600548.SH,20260203,0.3996,0.92,18.2777,0.9703,2.4046,2.7293,2268843.3775,1532696.8288
920080.BJ,20260203,3.1954,0.52,33.4267,4.307,5.8627,1.8012,230408.0,62905.2732
600381.SH,20260203,2.2148,3.39,,1.8016,6.5146,,185511.1942,185511.1942
600602.SH,20260203,6.5385,0.6,156.0388,6.1392,4.766,0.2079,2959645.3566,2324791.6704
002707.SZ,20260203,4.6249,0.73,159.6207,8.5141,1.1317,,789120.1715,662641.4017
000603.SZ,20260203,9.7848,1.23,66.461,10.3717,15.0421,0.2022,3412588.3853,3297579.1116
301002.SZ,20260203,8.6549,1.28,,5.1259,5.6527,,523298.7421,326906.3329
000042.SZ,20260203,1.0907,0.57,,1.682,2.2105,,554469.1699,553885.4225
601069.SH,20260203,10.6053,1.7,79.1099,7.9413,2.9255,0.1269,3615755.5192,3521250.9303
002205.SZ,20260203,3.063,1.72,,7.3803,3.581,,265569.9728,265569.9728
301066.SZ,20260203,8.4644,1.36,157.2171,3.4655,6.1813,0.7471,430144.2162,426836.6228
301238.SZ,20260203,0.8515,0.58,283.9865,2.0974,7.601,0.9756,1503333.265,1503333.265
600980.SH,20260203,2.9603,0.46,41.2342,3.1605,3.4947,0.5997,457639.2059,454087.8651
600252.SH,20260203,1.1142,0.7,,1.3991,3.5286,,808777.4198,808777.4198
002136.SZ,20260203,4.5726,0.73,,2.4347,1.5244,,274795.56,274074.4613
300199.SZ,20260203,2.0682,0.57,,25.1033,18.1448,,1629580.2649,1375812.524
603080.SH,20260203,1.6506,0.61,18.1208,2.1846,2.1293,2.381,332808.0,332808.0
002827.SZ,20260203,1.23,0.97,58.5505,9.6122,5.371,0.4337,956362.792,952752.0
688433.SH,20260203,3.0111,1.21,982.9983,18.8674,68.4534,0.0543,3732075.0568,1821162.0275
603868.SH,20260203,0.5358,1.54,37.914,5.2192,4.4165,1.2755,1707552.0,1707552.0
603506.SH,20260203,2.0436,0.76,23.4138,2.1778,1.4792,,271714.4462,271714.4462
688358.SH,20260203,1.3235,0.83,29.8167,2.8966,9.0201,2.7585,405558.3422,405015.7922
605277.SH,20260203,3.3631,0.69,38.1552,4.9713,2.0455,0.6059,802841.8898,788337.9923
002928.SZ,20260203,1.2381,0.91,23.0479,3.3575,1.8413,,1339597.1444,1339590.4634
688515.SH,20260203,2.6508,0.49,,6.1941,17.9601,,930000.0,579150.525
000875.SZ,20260203,3.1376,1.0,54.8329,1.4771,1.9323,0.8051,2568107.6032,2366422.6458
600521.SH,20260203,0.9605,0.51,50.029,2.5262,2.6889,1.591,2341702.3407,2341702.3407
300215.SZ,20260203,25.4154,2.43,,3.7508,13.8544,0.0509,735610.4916,490872.7289
001306.SZ,20260203,4.9275,0.55,127.1069,3.7595,6.4651,0.2006,503747.559,124232.5
300884.SZ,20260203,5.2405,1.05,,3.1793,6.0837,,402118.7069,303193.2594
688488.SH,20260203,1.905,0.9,,7.1032,10.3483,,694712.416,694712.416
002663.SZ,20260203,2.563,1.09,,1.4709,1.7838,,348116.4782,261164.208
600221.SH,20260203,1.1761,1.31,,13.4098,1.0781,,7217010.6333,7155200.9938
002572.SZ,20260203,1.5007,0.56,12.2204,1.9181,1.4035,6.9686,1381972.6803,934850.2947
002112.SZ,20260203,41.5096,1.65,84.8814,8.0353,3.6346,0.2622,699738.3199,623487.2495
600187.SH,20260203,6.0336,1.7,185.5218,1.0755,18.3844,,342121.5938,342121.5938
002759.SZ,20260203,8.8486,0.87,,6.2415,8.0881,,1931827.1771,1930129.8843
000716.SZ,20260203,2.8548,0.76,108.8753,1.8297,1.9873,0.8084,466035.227,457307.5046
603519.SH,20260203,1.2083,0.65,21.1914,2.9738,2.0647,7.458,353683.3702,353683.3702
300925.SZ,20260203,3.8011,0.73,88.9127,4.2959,1.9538,0.2908,942730.9701,768651.9025
300153.SZ,20260203,9.7485,1.71,232.522,12.3175,6.4051,,1119360.0,1113518.7528
688035.SH,20260203,1.8165,0.37,70.086,3.2512,5.0798,0.6576,748040.16,748040.16
301025.SZ,20260203,3.8834,0.87,714.6023,7.115,11.9064,0.2727,440340.34,304865.814
002083.SZ,20260203,4.4788,0.91,36.565,2.4589,2.1745,1.211,1123660.5072,1123288.3827
301311.SZ,20260203,1.1557,0.69,,2.4653,2.107,0.2938,441120.0,441120.0
600335.SH,20260203,0.8855,0.56,23.1529,0.845,0.2752,1.6871,975254.2272,975254.2272
301293.SZ,20260203,8.2288,1.04,192.7222,6.9348,9.8601,0.1853,1620911.6007,1266481.6503
300537.SZ,20260203,7.565,0.57,,5.7166,10.7504,,516191.3982,377170.6743
300658.SZ,20260203,15.2388,0.76,149.69,4.077,3.1702,0.3595,547396.9527,370970.553
002733.SZ,20260203,1.1031,0.53,91.0346,2.8078,2.3325,0.4897,771503.5453,740676.4201
688071.SH,20260203,8.4652,1.24,,3.3121,6.8322,,350690.2985,350690.2985
601665.SH,20260203,1.2086,0.99,6.302,0.7214,2.6833,1.9453,3470767.1841,3470767.1841
300523.SZ,20260203,1.0978,0.45,,5.1148,4.4378,,540417.2331,539768.7026
603197.SH,20260203,1.0926,0.52,30.536,2.4504,0.9562,2.2999,769389.0982,769389.0982
000977.SZ,20260203,2.4259,0.77,36.1975,4.3064,0.5893,0.1886,8975329.3154,8965275.986
300795.SZ,20260203,2.0583,0.91,34.9111,7.6086,5.84,2.3384,424728.1893,246209.8492
600196.SH,20260203,0.812,0.67,21.4283,1.4645,1.7785,1.2035,7033910.8421,5580099.5651
603955.SH,20260203,0.6376,0.46,,2.5833,20.2708,0.172,394538.04,394538.04
002763.SZ,20260203,1.868,0.73,42.1797,1.768,1.0977,5.5901,329988.82,244397.356
603711.SH,20260203,0.751,0.92,37.8569,1.6764,1.8255,1.8643,553664.1681,553664.1681
600982.SH,20260203,1.1856,0.75,15.7766,1.1803,1.3498,3.2258,519696.7805,519696.7805
300921.SZ,20260203,28.246,1.31,158.3447,6.6548,9.7618,0.2363,551208.6635,343988.4999
920275.BJ,20260203,1.1306,0.57,169.0874,6.2624,19.5308,0.6557,145830.504,120701.7867
300953.SZ,20260203,3.5064,0.88,56.9249,6.5676,3.2263,0.0912,2809124.8981,2020134.9476
600246.SH,20260203,3.2738,0.78,,4.2168,48.9361,,2351014.846,2287399.096
600739.SH,20260203,1.2231,0.76,21.3822,0.6271,1.6589,0.165,1844830.0381,1844830.0381
300790.SZ,20260203,3.3216,0.88,42.2496,3.9097,3.2339,0.5533,1006380.0589,873237.25
300054.SZ,20260203,2.1698,0.6,62.3963,8.361,11.4733,0.2281,4141816.4603,3222590.8777
688049.SH,20260203,2.9605,0.65,49.843,4.7587,10.2899,0.5443,933643.5745,933643.5745
301069.SZ,20260203,1.8957,0.55,92.9874,5.0476,11.0451,0.3786,1111183.2095,1046450.4095
688130.SH,20260203,2.5484,0.47,,2.3177,17.9152,,288929.7147,144081.3747
688319.SH,20260203,1.4079,1.03,151.4503,10.1568,13.7137,,972484.2333,971766.0921
688395.SH,20260203,1.1151,0.84,63.1755,2.9741,5.5568,0.5605,231735.4987,231735.4987
600963.SH,20260203,6.463,0.85,25.0896,1.3313,1.1136,0.4982,1063328.5517,1063328.5517
600599.SH,20260203,2.9821,0.87,,10.4959,4.5123,,121678.0,121678.0
688720.SH,20260203,3.6636,0.48,145.8723,6.3702,11.5075,,643637.7382,411774.7036
600284.SH,20260203,1.1909,0.91,20.5559,0.9811,0.5254,2.2785,766502.24,766502.24
000651.SZ,20260203,0.6824,0.69,6.7814,1.5476,1.1962,7.7979,21486992.4225,21156136.7167
300931.SZ,20260203,4.1762,1.09,,4.2557,6.2857,,272565.71,209947.1221
002809.SZ,20260203,32.7142,0.95,1282.089,2.0382,4.3142,1.9999,317418.6195,208677.72
688103.SH,20260203,1.7907,1.02,102.6035,5.4431,5.1699,0.3275,611258.6286,611258.6286
600826.SH,20260203,1.2985,0.81,32.0665,2.1551,5.2731,2.2143,915739.2685,915739.2685
002182.SZ,20260203,4.1139,0.6,193.5578,3.359,1.8802,0.2746,1806052.418,1576098.1915
001209.SZ,20260203,2.5684,0.96,106.7705,2.1272,1.4805,0.941,273304.2122,199684.6536
601200.SH,20260203,0.6614,0.67,19.126,0.9812,1.7363,1.1834,1137564.5621,1137564.5621
300866.SZ,20260203,1.0623,0.73,20.7083,5.3935,1.8216,2.1985,5333708.4686,3058315.5301
000729.SZ,20260203,1.1066,0.9,22.0638,2.1792,2.2247,2.4086,3393521.3666,3021566.4271
000538.SZ,20260203,0.3897,0.58,19.2158,2.5147,2.4506,3.9357,9991870.5768,9927647.0384
002134.SZ,20260203,2.4629,0.54,316.8625,11.1191,4.3181,,571728.8573,571375.182
300727.SZ,20260203,2.9804,1.19,53.2407,4.9809,4.7512,0.641,647590.1854,581953.5742
000993.SZ,20260203,1.5828,0.52,27.0277,2.0937,8.6837,,557784.8722,535612.5427
605167.SH,20260203,2.0095,0.71,38.4087,4.2408,2.9043,0.5986,837964.62,837964.62
603650.SH,20260203,2.176,0.74,60.2684,8.6948,10.2381,0.864,3448972.4273,3439822.026
920469.BJ,20260203,1.673,0.74,,3.3662,1.9669,0.4583,153772.086,112861.9447
300804.SZ,20260203,4.3865,0.91,59.6506,2.0094,3.4656,,273430.0,101612.5
601696.SH,20260203,1.0626,0.64,34.3755,2.0276,11.1022,0.2821,3780858.0,3780858.0
001356.SZ,20260203,1.3791,0.55,55.2545,3.6204,3.5671,0.303,739007.28,251611.0245
002582.SZ,20260203,13.8669,0.76,,1.8681,3.7524,7.4788,583363.382,448547.5905
001298.SZ,20260203,4.4532,0.92,188.4516,5.7309,1.1526,0.1331,923003.017,511858.9146
688510.SH,20260203,5.0423,1.31,92.7721,8.6502,14.5191,0.4989,1035754.7285,1035754.7285
301528.SZ,20260203,2.2238,0.76,70.1201,2.7635,21.4214,0.2374,422467.5,217375.9565
301167.SZ,20260203,4.2454,1.04,93.0709,2.1928,6.0289,0.325,206752.0,131283.636
001286.SZ,20260203,1.395,0.79,12.4227,1.3892,1.6038,3.7113,3637500.0,1018500.0
600203.SH,20260203,2.336,0.9,,4.19,0.5984,0.1633,726410.4005,726410.4005
000852.SZ,20260203,2.1397,0.49,392.195,2.4078,1.0472,,755214.4743,747133.6409
002390.SZ,20260203,1.0511,0.53,83.6857,0.9562,1.1257,1.7631,645358.8202,640035.6537
300708.SZ,20260203,3.8599,0.48,45.4094,3.3657,2.9328,1.0845,949243.2106,717824.4108
301171.SZ,20260203,19.4618,0.92,138.0979,8.8699,9.4584,0.1646,3320189.2276,2679934.6592
301662.SZ,20260203,9.4283,1.21,113.7125,9.9165,8.5858,0.5593,1430400.0,297305.4574
001309.SZ,20260203,5.649,0.72,,23.3915,7.3135,0.0847,5729894.4754,4063565.2169
603416.SH,20260203,1.9056,0.72,37.2316,3.4334,4.6438,2.6237,872905.1063,773505.975
000550.SZ,20260203,0.9592,0.72,12.9191,1.3117,0.3918,4.0045,1534794.492,921827.4985
300173.SZ,20260203,1.9246,0.64,57.5816,3.3673,2.3393,,325483.4842,325483.4842
002455.SZ,20260203,31.3753,1.31,568.7494,3.5157,1.0343,0.582,612680.4321,535325.8145
600512.SH,20260203,1.5401,0.57,143.5945,0.6238,0.9996,0.813,392077.5008,390501.6701
601877.SH,20260203,1.7944,1.13,14.5802,1.5197,1.0297,1.9367,6642463.1048,6642463.1048
600126.SH,20260203,2.2589,0.79,,1.5482,0.4955,,3019207.0402,3019207.0402
300151.SZ,20260203,3.265,0.88,130.1635,5.7885,8.982,0.4446,898342.3911,621710.3023
000726.SZ,20260203,1.5091,0.57,9.8316,0.6402,1.0262,2.6596,614614.8038,443016.5766
002813.SZ,20260203,2.0495,0.94,,13.6161,8.1612,,339840.0,339432.4044
002274.SZ,20260203,1.6016,0.49,,1.0871,0.9027,4.8387,590466.0805,581466.4606
601228.SH,20260203,0.4783,0.9,29.0377,1.2225,1.699,1.1337,2595318.7847,2595318.7847
601326.SH,20260203,0.7441,1.01,12.027,0.9587,2.7746,2.4425,1944419.376,1655630.532
300587.SZ,20260203,2.3948,0.82,,3.3647,5.0692,0.434,806224.9229,653253.1943
688070.SH,20260203,3.4541,0.87,,8.9681,9.1336,,540018.28,540018.28
002329.SZ,20260203,2.5346,0.77,,3.5117,1.6963,,313816.3023,245196.6243
600757.SH,20260203,1.0123,0.89,9.9039,1.1166,1.5971,4.5055,1104421.7484,1104282.3637
301598.SZ,20260203,2.4448,0.62,34.2416,4.1527,7.0775,2.9981,392903.3746,117060.8601
002949.SZ,20260203,1.9986,0.68,36.5365,2.1269,2.4581,2.235,307004.691,237847.6646
601816.SH,20260203,0.4453,0.75,18.1383,1.169,5.5578,3.2376,23680028.8151,23680028.8151
688329.SH,20260203,2.8399,1.12,373.1993,2.5142,5.1196,,195316.0,195316.0
603050.SH,20260203,1.7602,0.97,34.7769,4.6797,1.8166,0.6365,856246.6467,856246.6467
603311.SH,20260203,2.4981,0.72,41.678,2.7513,4.4378,0.7486,378121.9029,378121.9029
603355.SH,20260203,0.4428,0.56,19.4569,3.4644,1.9252,,1892780.6251,1892780.6251
000615.SZ,20260203,0.8453,0.75,,,5.4215,,554122.7348,286848.0834
002420.SZ,20260203,3.3397,0.36,53.7465,5.3362,1.1152,,328620.71,319247.9207
300154.SZ,20260203,1.6907,0.77,38.666,2.253,4.579,2.2346,402351.9049,282002.1051
300719.SZ,20260203,5.0492,0.73,474.9281,4.168,6.0568,0.2352,432440.3822,305533.8445
301308.SZ,20260203,5.785,0.84,196.0211,17.0407,6.1286,,12827102.606,8397284.1112
688549.SH,20260203,4.1018,0.77,2486.4722,4.4768,11.7569,0.0541,1365003.024,544530.756
600228.SH,20260203,7.3597,3.12,,5.8024,6.5361,,239586.6455,239221.3768
605598.SH,20260203,3.9345,1.18,241.5934,8.3551,10.2446,0.1836,1518382.4943,1508648.3503
001201.SZ,20260203,2.451,0.93,167.1486,1.1216,1.8548,,381004.7535,300233.0142
600376.SH,20260203,3.3649,1.2,,2.2547,0.4464,,1470352.1879,1470352.1879
600463.SH,20260203,1.4803,1.35,,3.5859,5.5736,,329700.0,329700.0
002249.SZ,20260203,2.7368,0.64,24.9529,2.7715,2.1276,2.1111,2648867.3896,1990249.4734
300898.SZ,20260203,6.7734,1.51,38.1725,3.7427,4.696,2.0277,366916.0,339499.9448
603402.SH,20260203,9.2633,0.72,31.1452,4.0615,11.0712,,1170053.3434,292513.3434
688726.SH,20260203,14.1572,1.03,38.0043,7.0078,4.9019,0.5324,2817017.0136,1528475.0943
300690.SZ,20260203,2.7617,0.68,31.276,3.289,4.9968,0.6675,520187.6992,348518.2183
300851.SZ,20260203,2.6683,0.95,50.8233,2.0641,7.6979,1.4103,265059.9366,164981.4662
601061.SH,20260203,3.8512,0.41,25.0234,3.0897,0.5141,1.9739,7124600.0,728677.6935
301206.SZ,20260203,1.273,0.58,59.7167,1.2941,8.0923,5.5081,545470.0872,351243.2969
688085.SH,20260203,1.6606,0.62,111.6351,3.4903,14.137,0.0161,724280.5457,681538.2073
603726.SH,20260203,1.5898,0.6,21.6412,3.312,2.372,1.5937,465427.5584,463058.4434
920799.BJ,20260203,2.0956,0.81,122.4639,22.7367,18.17,0.5696,916738.8185,527478.9753
603066.SH,20260203,0.9746,0.72,495.1307,2.2694,2.6491,0.4697,325657.3419,325657.3419
301302.SZ,20260203,2.6853,0.75,,2.3225,14.4008,,364724.1,325236.6
300397.SZ,20260203,4.8948,1.13,,4.971,18.1977,,715373.9816,560408.4739
600315.SH,20260203,1.1564,0.61,,1.9996,2.2785,0.1862,1404280.0722,1404280.0722
301026.SZ,20260203,8.6859,0.45,37.8489,3.1498,1.9117,0.8813,509958.7861,368304.062
000810.SZ,20260203,1.1652,0.9,134.1011,2.083,1.5747,0.4249,1343428.4363,1297188.0124
301078.SZ,20260203,3.5226,1.03,53.1057,3.313,1.3916,0.637,1375972.0541,1368337.6888
000066.SZ,20260203,4.5987,0.85,,4.7575,3.5437,,5277407.308,5277064.975
300930.SZ,20260203,4.4145,0.77,55.9814,3.4477,4.603,0.3164,316100.0,148962.1282
605060.SH,20260203,2.7592,0.93,47.9963,4.3459,8.9278,0.7954,1051146.448,1043930.6076
300903.SZ,20260203,14.5792,0.98,,7.1324,3.3747,,1230398.3501,974348.4457
002042.SZ,20260203,1.934,0.88,,1.2459,0.6962,,717687.5318,717687.5318
002650.SZ,20260203,0.2932,1.05,,4.2423,5.5032,,700784.0606,700760.3231
300289.SZ,20260203,1.8493,0.41,,2.3339,11.3385,,386248.1558,385641.1058
600566.SH,20260203,0.3251,0.68,14.3347,1.7097,3.8525,8.1178,2366933.4039,2358944.0708
601886.SH,20260203,0.4646,0.62,15.9617,1.506,0.4908,5.895,1057090.922,1057090.922
001234.SZ,20260203,1.5429,0.73,74.3919,3.2509,3.4269,1.1058,296839.3681,248295.1165
600529.SH,20260203,0.8106,0.64,17.6614,1.658,2.8742,2.947,1351118.3341,1351118.3341
300729.SZ,20260203,0.6772,0.54,20.2006,1.3284,0.7395,2.1168,483723.5931,450915.2866
601388.SH,20260203,9.7855,0.95,230.967,1.9566,1.186,,895897.6047,895897.6047
600449.SH,20260203,1.0064,0.79,21.4187,0.844,1.0554,1.6055,625460.8029,625460.8029
920526.BJ,20260203,1.665,0.6,126.6746,8.984,17.6466,0.4098,201788.0,127776.6658
301365.SZ,20260203,2.7009,0.83,77.9397,2.6817,6.9046,2.7955,450720.0,253861.4094
600608.SH,20260203,1.6927,0.94,,31.036,157.1614,,120692.1488,116842.3188
688102.SH,20260203,3.3065,1.05,226.9548,17.792,21.1984,0.0894,3263126.7506,3087549.5623
300081.SZ,20260203,3.2333,0.6,,3.0571,8.7643,,324775.1389,324725.9632
603051.SH,20260203,9.5615,1.0,,2.4338,2.6327,0.9733,428488.8073,428488.8073
000966.SZ,20260203,1.095,0.79,105.6615,1.1351,1.0457,1.6,1566465.7572,1467685.269
600101.SH,20260203,3.0691,0.92,30.0615,1.7921,1.8314,1.1893,552793.2332,552793.2332
605296.SH,20260203,0.4189,0.66,22.0623,2.9381,2.7147,1.3884,1474063.2502,1455018.2302
002144.SZ,20260203,6.0215,0.55,116.019,1.1905,4.4441,0.3494,252947.1776,196968.959
300485.SZ,20260203,1.4026,0.4,65.4839,1.5601,13.2204,,531759.7056,302294.1689
688181.SH,20260203,1.9863,0.68,75.0819,2.1926,5.4509,,454547.6255,454547.6255
301609.SZ,20260203,11.5829,0.82,61.5084,6.6332,11.6498,,816843.2,183789.72
301345.SZ,20260203,8.9752,2.08,32.2169,6.9462,6.7227,1.3762,2372580.6377,632213.7311
600461.SH,20260203,0.9468,0.89,10.2658,1.2774,1.5392,4.8333,1232789.1667,1232789.1667
603117.SH,20260203,9.1883,5.74,464.1899,3.1474,12.3561,,324165.9784,324165.9784
002997.SZ,20260203,1.7267,0.96,16.0542,2.9886,2.2004,1.2961,726763.6404,726763.6404
002170.SZ,20260203,5.5236,0.58,14.4224,3.6616,2.7431,3.303,1286033.3729,1042719.4787
300075.SZ,20260203,1.911,0.69,,2.6606,17.2887,,927347.3259,769549.6447
000820.SZ,20260203,0.4143,0.17,,15.2859,23.59,,227587.423,104532.3407
000901.SZ,20260203,14.4477,1.26,201.9993,5.5157,3.9719,,2383429.3983,2383405.4357
300264.SZ,20260203,4.5065,0.84,,291.7949,17.1628,,283935.1044,244112.68
688456.SH,20260203,3.7695,0.89,87.0829,4.9333,1.6549,0.3368,615533.08,615533.08
300796.SZ,20260203,1.4142,0.7,,1.9925,2.336,,342724.5855,342724.5855
688506.SH,20260203,0.3208,0.92,,15.5779,50.1817,,11170713.9928,10849456.0
605007.SH,20260203,1.4003,0.55,30.1786,1.8996,0.7532,1.8306,651274.3741,549726.1255
601678.SH,20260203,5.2967,0.65,48.7542,0.9484,0.7849,0.7416,1083952.7175,1076838.2175
002235.SZ,20260203,4.7682,0.86,2785.7268,7.7116,14.6194,,579572.284,553578.302
002688.SZ,20260203,2.0813,0.46,38.6717,2.0658,1.7652,1.5496,485358.0363,470154.6151
300506.SZ,20260203,1.1018,0.45,,,56.7913,,692839.9325,357062.5053
688129.SH,20260203,5.9974,2.67,34.2231,3.2033,4.8545,0.5513,302522.2668,302522.2668
300018.SZ,20260203,3.0771,0.79,47.7701,4.2452,9.4954,0.5727,587741.3341,544117.136
001221.SZ,20260203,11.8364,1.35,40.7609,10.4353,8.1011,0.5315,2709267.73,243888.957
601858.SH,20260203,1.31,0.68,31.8366,3.0519,5.5524,1.2949,1672698.0,1672698.0
001313.SZ,20260203,0.9446,0.62,661.2541,2.1304,0.8416,1.4497,543200.0,542521.6604
000702.SZ,20260203,3.2529,1.02,,6.8727,2.1353,,241944.2137,186110.934
001387.SZ,20260203,2.9982,0.94,28.8466,2.1659,1.387,0.8108,270884.992,168587.2928
301007.SZ,20260203,2.2512,1.01,114.9857,8.6118,9.1986,0.3896,590359.0,589024.975
300622.SZ,20260203,4.5296,0.68,63.5816,8.0952,5.0183,,686524.5841,469342.8528
002829.SZ,20260203,5.0597,0.9,,3.295,12.3754,,566280.5987,397983.3724
300229.SZ,20260203,4.744,0.6,,5.134,41.1319,,2035536.7716,2034160.4429
920455.BJ,20260203,2.0021,0.53,55.6108,4.677,10.0947,2.0112,158817.75,83787.2696
300360.SZ,20260203,3.1785,1.08,15.1445,2.2428,5.2668,3.9437,912682.1487,887991.0307
601789.SH,20260203,2.9133,0.8,29.7381,1.3289,0.3984,1.3477,806403.3029,574916.4541
300115.SZ,20260203,6.2584,1.46,84.4439,6.5774,2.97,0.3235,5448987.3438,5432910.3148
300859.SZ,20260203,3.315,0.88,85.07,7.332,18.5269,0.7833,593650.0,593650.0
688551.SH,20260203,1.1709,0.65,67.6113,2.5411,7.0371,1.0052,331322.6642,331322.6642
688380.SH,20260203,19.8294,0.82,120.6609,7.0431,20.7215,0.4648,2145155.67,905850.27
688722.SH,20260203,3.4936,1.39,32.6234,3.2712,4.9172,0.3244,462364.0686,461208.5016
601336.SH,20260203,0.9676,0.72,6.5362,2.5507,1.5415,3.3056,25102991.4902,16781530.369
601615.SH,20260203,7.3878,0.82,191.4396,2.2007,1.7479,1.126,5807523.541,5807523.541
603297.SH,20260203,1.1352,0.91,54.1924,5.9486,12.9907,0.7932,1188797.6772,1186573.0356
600133.SH,20260203,5.3129,0.77,30.1399,1.3232,3.0788,1.5152,1161135.2239,1161135.2239
300011.SZ,20260203,2.1688,0.74,618.3224,3.2473,3.1122,,507455.4143,425080.5314
300872.SZ,20260203,2.697,0.62,168.2026,2.3076,4.4737,0.2708,841032.626,727177.837
301110.SZ,20260203,7.3132,0.74,76.7131,5.1512,5.4995,0.4927,751201.8333,530645.9208
301036.SZ,20260203,1.2013,0.78,44.6658,1.9712,2.1521,0.6124,326600.0,230036.2519
001219.SZ,20260203,2.2726,1.01,27.6356,2.748,5.1701,2.7229,286431.1288,279289.3223
603950.SH,20260203,2.048,1.15,29.6647,3.5778,4.5104,0.6735,1036246.1676,1034570.9396
301088.SZ,20260203,1.2651,0.7,46.4963,1.5763,6.1071,3.3294,390848.5,322162.75
688097.SH,20260203,3.0806,1.71,41.1127,4.1687,3.6767,0.5324,1960783.6884,1953588.4784
000951.SZ,20260203,2.8486,1.2,14.5757,1.5327,0.4488,3.6182,2326241.3328,2326241.3328
300529.SZ,20260203,1.3071,1.04,33.9637,4.9432,8.0305,3.7858,1636342.2085,1050045.2928
920098.BJ,20260203,1.4349,0.72,33.9605,2.527,4.8643,1.0309,236642.2738,160591.1494
003005.SZ,20260203,2.5591,0.6,,2.629,12.7155,1.1194,472495.707,259289.4967
688525.SH,20260203,5.4865,0.69,,17.7716,9.8649,,8133697.3345,8133697.3345
603716.SH,20260203,3.705,0.57,,4.4427,3.7701,,470425.644,470425.644
300549.SZ,20260203,1.9947,0.69,263.5025,4.6397,7.5965,0.2606,255879.46,193923.9213
002259.SZ,20260203,6.5386,0.72,79.7232,15.2415,4.4036,,413780.5469,413780.5469
688108.SH,20260203,3.8531,0.91,294.0351,10.8769,19.5583,,985948.768,985948.768
301113.SZ,20260203,2.8199,0.81,323.131,3.4629,7.0052,2.0615,237692.0,143966.8212
001333.SZ,20260203,5.107,0.72,27.3343,2.0653,2.1282,1.302,353920.0,121660.0
300999.SZ,20260203,2.359,0.68,41.4901,1.6473,0.6398,0.3797,15847312.0597,1586157.4645
300329.SZ,20260203,2.0349,0.83,,5.1748,27.5127,,350756.7379,349702.2115
600249.SH,20260203,1.4504,0.73,158.0082,1.4833,3.018,0.5076,325050.0,325050.0
300707.SZ,20260203,7.6725,0.45,139.536,2.8776,4.1449,0.3183,329072.3979,267083.0182
603826.SH,20260203,0.4461,0.59,294.0599,5.4007,10.2069,,1053561.6,1053561.6
600397.SH,20260203,4.6085,0.77,,69.723,2.7033,,1084006.0708,1084006.0708
000428.SZ,20260203,5.9271,2.05,,2.7853,7.098,,388210.806,388210.806
600866.SH,20260203,1.9877,0.66,9.3121,1.4359,0.7177,5.2925,1192937.3383,901642.3746
002146.SZ,20260203,4.7654,1.06,,0.5892,0.2368,,700054.38,629754.9375
300976.SZ,20260203,1.6739,0.52,28.6568,2.352,2.7107,1.2462,832787.1814,535160.8591
600648.SH,20260203,0.2101,0.54,21.0077,0.9413,2.215,3.3333,1427907.8289,1194659.2256
300911.SZ,20260203,1.1991,0.66,,5.3286,12.5441,2.1968,625357.926,584429.1051
920879.BJ,20260203,0.5746,0.76,43.4382,5.9254,8.7656,1.6517,357546.4903,279404.6769
688114.SH,20260203,0.9164,0.72,,3.5764,9.1741,,2763584.6884,2749110.9336
600405.SH,20260203,1.4362,0.69,,15.6988,7.6115,,325412.5112,323973.3998
920906.BJ,20260203,2.1139,0.68,33.9459,3.0858,2.3504,0.3218,179707.02,92261.9298
601956.SH,20260203,1.0699,0.61,34.877,1.7558,0.7144,1.3912,446942.3282,446942.3282
300389.SZ,20260203,6.3937,1.0,36.4561,4.278,1.7611,1.922,672131.6773,424623.1855
301123.SZ,20260203,3.9421,0.59,,5.0407,6.7655,0.1599,1448198.08,1441779.2
000663.SZ,20260203,4.046,0.77,,2.595,8.1745,,259919.9932,236464.5233
605588.SH,20260203,1.2282,0.5,,4.0213,2.9522,,410049.5917,409065.1434
688248.SH,20260203,0.6222,0.74,79.2968,9.4403,9.826,0.5072,2950557.5,2950557.5
601113.SH,20260203,1.4688,0.5,14.4539,1.2811,1.0003,,509014.1762,509014.1762
688429.SH,20260203,3.2148,0.7,,4.2814,6.4461,,618001.236,185133.1275
000793.SZ,20260203,0.5628,0.64,,46.9061,15.8435,,537259.0279,527511.3174
300444.SZ,20260203,35.9503,2.09,140.5473,7.077,2.9877,,1260230.392,980642.891
000709.SZ,20260203,1.483,0.87,26.1194,0.4864,0.195,1.2346,2511920.4254,2511505.2127
002391.SZ,20260203,1.7579,0.76,,0.9692,1.0797,,413140.8618,295180.8358
003028.SZ,20260203,1.6237,0.53,30.8307,2.5784,3.2394,1.604,447591.123,218174.6433
001376.SZ,20260203,15.557,1.3,56.239,8.3884,9.1582,0.7027,981256.1,455079.7389
600356.SH,20260203,5.7641,1.59,18.8469,1.0812,1.0033,1.2346,290366.8994,290366.8994
002349.SZ,20260203,1.4357,0.66,27.7555,2.3055,4.3052,1.044,623915.5308,612264.0428
300206.SZ,20260203,2.0823,0.69,33.9106,3.9041,4.4093,1.4335,837033.8716,488620.0919
688150.SH,20260203,1.4062,0.67,52.048,6.5345,21.0106,1.0963,1131654.489,1131654.489
688717.SH,20260203,5.6737,0.81,84.0353,3.6937,4.4014,0.9226,1625760.0,1006424.7771
002470.SZ,20260203,2.0087,0.54,,3.0704,0.682,,630917.3265,630863.8881
600498.SH,20260203,9.9519,1.15,70.0338,3.4633,2.3526,0.3684,5755913.7887,5389131.7305
603334.SH,20260203,6.7208,1.2,45.3718,4.1974,2.4915,,700710.5,151634.8655
300656.SZ,20260203,6.7409,0.46,,5.2247,13.6925,,511835.0904,397497.595
300477.SZ,20260203,6.3624,0.87,,3.2721,2.0214,,322677.6248,298246.0183
301161.SZ,20260203,1.8749,0.58,60.3908,4.7566,5.6875,0.2299,438360.0,438360.0
300893.SZ,20260203,2.078,0.93,32.7818,5.6324,4.3722,0.4151,1090740.9194,578513.3709
300853.SZ,20260203,1.7088,0.65,,5.169,14.0758,,315352.5819,236613.1551
301516.SZ,20260203,3.7063,0.84,,3.593,5.6369,,463719.2993,115929.8252
688301.SH,20260203,2.046,1.15,38.1284,4.2591,10.9674,0.5667,2521319.5334,2389571.4959
603886.SH,20260203,1.8977,0.98,25.4759,2.0755,1.6436,7.4516,322080.0,322080.0
001324.SZ,20260203,3.2648,0.81,55.3535,2.3505,5.7128,0.6853,266478.0,157673.1016
605099.SH,20260203,0.6539,0.59,26.9183,5.669,5.3791,1.5089,1703514.3829,1698916.7381
000727.SZ,20260203,1.636,0.77,,5.0116,0.2185,,1159569.1469,1159569.1469
600114.SH,20260203,2.0145,0.69,37.8274,6.2483,3.4059,0.9127,2026109.5777,1977974.5777
002285.SZ,20260203,2.4889,0.65,,1.9275,2.4734,,540056.6693,535435.3572
002882.SZ,20260203,1.957,0.74,116.0449,6.5024,2.8878,0.9434,1376622.0,784624.137
600611.SH,20260203,0.8352,0.57,156.4515,1.3285,6.1735,0.8772,1347550.0325,891090.3275
002506.SZ,20260203,10.4898,0.57,,11.3094,1.2624,,2012508.8509,2010484.3593
002109.SZ,20260203,1.2709,0.51,,1.2744,1.4309,,519441.8294,519441.8294
300035.SZ,20260203,2.6733,0.51,27.8802,2.963,1.9116,1.1792,1453104.5425,1236698.0356
688128.SH,20260203,0.5725,0.77,23.0109,3.4395,2.5717,1.6502,1225635.0,1225635.0
300137.SZ,20260203,3.062,0.93,,3.2552,5.4163,,531216.3879,524733.7649
603890.SH,20260203,2.4601,0.61,22.5566,2.1535,1.6342,0.9486,679813.6983,679813.6983
601827.SH,20260203,0.4004,0.77,11.8162,1.2536,2.65,2.7466,1491364.5036,1491364.5036
301267.SZ,20260203,0.6,0.78,35.2041,2.6234,3.7747,1.6607,1554000.0,1199622.1086
300514.SZ,20260203,2.6706,0.76,25.1921,2.7198,3.7258,2.0877,287400.0,230291.213
600825.SH,20260203,1.815,0.8,168.5667,2.9753,5.027,0.1719,729331.7193,729331.7193
688202.SH,20260203,2.8571,0.98,,4.0083,7.6653,,827072.0447,827072.0447
000633.SZ,20260203,3.2861,0.55,187.3033,14.9741,8.2104,,294221.269,294219.0916
002757.SZ,20260203,20.167,1.21,,3.3689,2.1131,1.5378,672457.658,641954.7242
920719.BJ,20260203,1.9939,0.59,,2.2984,5.0497,,116832.217,91858.0458
002007.SZ,20260203,0.7731,0.39,29.7635,2.6997,6.6162,4.5307,2823420.549,2431370.9481
301367.SZ,20260203,1.0684,0.67,35.2443,2.4866,7.0605,0.4797,741081.6,578503.2096
002084.SZ,20260203,2.8428,0.67,,1.9069,0.9696,,265529.0324,264944.7557
920438.BJ,20260203,8.919,1.17,234.7802,7.8943,14.6956,0.1807,781869.78,753564.2343
300072.SZ,20260203,1.6633,0.4,,1.764,4.2084,,1064423.2968,1056106.6553
000825.SZ,20260203,1.8048,0.79,201.9424,0.8609,0.3065,,2853820.1458,2853820.1458
300332.SZ,20260203,2.154,0.46,52.4176,1.0959,1.6959,,466301.1924,447343.4979
301045.SZ,20260203,5.1732,0.69,127.6044,4.0354,6.8402,0.1333,413693.8425,239842.44
688116.SH,20260203,1.9316,0.7,64.3735,4.5907,12.0494,0.3152,1697409.7893,1697409.7893
300181.SZ,20260203,1.5953,0.74,20.0324,3.8319,4.2467,3.4784,1194462.6315,1026757.2951
603637.SH,20260203,3.2906,0.51,31.8106,2.8606,6.0838,1.6181,295015.744,295015.744
000968.SZ,20260203,3.9005,0.58,18.7098,1.2134,3.6057,0.3871,749814.5615,749814.5615
605179.SH,20260203,1.1509,0.73,215.4924,7.3539,2.9184,0.1936,828466.0,828466.0
600089.SH,20260203,8.9465,1.2,27.8197,2.1515,1.5042,0.8477,14804682.233,14804682.233
600756.SH,20260203,3.4425,0.72,,2.5738,3.9105,,611500.689,566848.719
301312.SZ,20260203,7.8679,0.61,99.1731,6.8473,13.0875,0.4135,843538.2401,421507.7972
600036.SH,20260203,0.4085,0.49,6.4317,0.9076,2.8617,7.8668,96592008.6518,79008857.1631
603790.SH,20260203,1.2834,0.83,70.8295,3.2204,4.8596,0.5658,405874.56,405874.56
600853.SH,20260203,1.3505,0.7,10.8795,1.2377,0.2489,0.9217,440089.7778,439944.084
002596.SZ,20260203,4.1351,0.92,,7.6418,4.3988,,510673.3305,510203.7443
603658.SH,20260203,0.4441,0.51,19.0771,2.3944,4.9647,3.4379,2094271.7747,2094271.7747
002912.SZ,20260203,1.754,0.99,54.9756,3.233,7.4644,0.6454,529160.448,502726.0121
002227.SZ,20260203,13.0344,9.28,,2.6295,8.088,,251027.6502,249133.944
300822.SZ,20260203,0.5461,0.6,181.325,4.0217,5.9409,0.6126,505934.7888,469306.8281
601188.SH,20260203,1.3701,0.87,29.6697,1.0259,5.3302,1.9559,473885.5791,473885.5791
300983.SZ,20260203,0.6891,1.04,,1.5662,25.405,,443923.2,303867.6526
301122.SZ,20260203,1.9062,0.67,915.3533,1.9919,10.4297,0.8579,356223.8474,220416.8774
002010.SZ,20260203,1.2669,0.74,32.7403,1.017,0.6897,2.2971,1804912.1829,1800360.739
601611.SH,20260203,2.0044,0.87,27.8972,2.2024,0.4409,0.6549,4785968.7287,4785968.7287
600693.SH,20260203,8.6179,1.26,286.9077,3.7417,7.1592,0.5263,1322166.2939,1320808.2286
002940.SZ,20260203,2.1608,0.74,60.0196,4.121,4.4089,0.6801,648757.8462,595845.9019
000039.SZ,20260203,5.3546,2.08,20.6353,1.1507,0.3374,1.6972,5592043.6392,2386559.2052
002508.SZ,20260203,1.1688,0.89,12.7756,1.7155,1.7593,4.8263,1957913.434,1934319.3027
603020.SH,20260203,0.9183,0.99,22.9192,1.2633,1.6898,1.6186,417729.1737,417729.1737
688809.SH,20260203,25.4602,1.67,130.0663,11.7195,50.9342,,4575645.7981,860075.2189
300515.SZ,20260203,1.1006,0.77,23.1968,4.8487,6.2637,1.4398,418298.8985,410180.6721
688562.SH,20260203,5.0227,0.88,,5.5923,8.5787,,914000.0,395350.7
301338.SZ,20260203,8.0148,0.81,95.7875,9.0377,13.4243,0.1504,1415120.0,786695.0
000911.SZ,20260203,11.6535,2.8,52.8906,22.1435,0.9335,,265812.3592,265812.3592
601555.SH,20260203,1.509,1.0,13.1903,1.0998,4.4126,4.0717,4576175.3129,4576175.3129
002980.SZ,20260203,1.8968,0.9,45.3247,3.9237,5.4526,2.3229,423500.9938,226707.9148
600425.SH,20260203,1.4514,0.6,27.8338,1.1121,1.8483,2.2075,726930.7793,624591.909
002606.SZ,20260203,23.0004,2.26,31.9504,3.0019,3.5055,0.2468,546207.0857,523900.7164
920703.BJ,20260203,1.1365,0.75,20.9796,2.0612,5.4463,1.8723,230004.824,116380.6143
002543.SZ,20260203,1.26,0.74,9.9742,1.3462,0.8925,2.8305,681137.6,606035.6787
002642.SZ,20260203,1.7064,0.62,235.077,4.8075,3.3159,,564989.5873,564989.5873
688123.SH,20260203,6.8428,0.93,64.7955,10.3409,21.6759,0.1836,2583774.7933,2583774.7933
688777.SH,20260203,6.0403,1.19,87.4996,7.1358,8.6085,0.7664,7278943.6484,7205640.2288
301339.SZ,20260203,2.4499,0.8,40.3795,3.1609,8.7375,2.5823,850768.6471,246377.234
300713.SZ,20260203,3.5999,0.84,,5.443,7.1982,,277761.4175,155940.3615
603610.SH,20260203,0.8674,0.63,41.0384,1.9758,2.1061,0.5663,623383.2027,623383.2027
301512.SZ,20260203,4.3201,0.91,72.8872,2.6853,4.5906,0.7385,270827.0052,126002.4452
920748.BJ,20260203,1.6711,0.7,,12.9454,19.3724,0.2402,319545.36,148513.3656
688139.SH,20260203,0.7354,0.7,40.1983,2.4283,4.5453,1.4321,1028601.9965,1028601.9965
002521.SZ,20260203,0.788,0.73,43.6122,1.2122,1.4022,4.745,472131.4652,352717.8049
603358.SH,20260203,0.9137,0.77,56.3727,6.2652,4.5488,0.9964,2357170.7554,2254317.3563
300731.SZ,20260203,12.7687,1.06,248.8058,13.5194,6.9521,0.1208,836978.5425,795586.2312
000910.SZ,20260203,1.5277,1.25,52.1955,0.6071,0.8186,2.5503,407811.1375,407652.4525
002933.SZ,20260203,1.7965,0.7,134.3035,2.7271,10.3276,0.0562,417296.6,405700.6511
600867.SH,20260203,1.6314,0.47,13.8517,2.3821,6.1942,2.8613,1698056.6327,1698056.6327
600389.SH,20260203,3.2591,0.83,22.8078,2.7946,1.9283,2.1722,1090405.8,1090405.8
002172.SZ,20260203,2.3027,0.8,78.948,18.9859,1.7742,,331562.1119,331362.7673
300985.SZ,20260203,1.6405,0.57,,3.8664,2.8098,,390184.1082,388088.8321
600495.SH,20260203,0.8843,0.6,148.6289,1.7818,4.4366,0.2905,582348.0071,582348.0071
301263.SZ,20260203,1.7063,0.81,574.7667,7.719,19.8464,0.6328,1338615.135,955081.729
301103.SZ,20260203,1.05,0.56,314.9617,1.7518,3.0805,0.6963,334542.0391,334542.0391
300201.SZ,20260203,4.6513,0.78,31.5966,4.9976,4.4881,0.3538,843560.4555,839110.8521
605218.SH,20260203,1.183,1.02,85.9655,3.1828,1.9131,0.2785,420346.0835,420346.0835
002245.SZ,20260203,2.6352,0.49,27.132,2.635,2.5233,0.3838,1951093.6181,1835012.9277
000703.SZ,20260203,0.9189,0.62,177.8855,1.7875,0.3636,0.3962,4164630.7095,4142372.9121
688005.SH,20260203,2.1612,0.62,,2.6587,1.6907,1.2095,2155612.0175,2155290.156
920039.BJ,20260203,0.6615,0.65,41.4385,3.4179,5.9693,1.6863,182430.52,182430.4014
601398.SH,20260203,0.1666,0.95,6.9776,0.6782,3.0632,4.2618,255899692.5899,193581568.603
002031.SZ,20260203,2.8992,0.86,,8.021,24.681,,1704531.6443,1502534.033
920261.BJ,20260203,6.096,1.62,22.3635,3.1482,0.6933,1.6608,510646.84,298455.4061
300341.SZ,20260203,1.3735,0.82,48.4668,4.6165,6.0984,0.4077,888393.5469,884887.7763
605123.SH,20260203,9.4958,1.49,59.679,3.3304,4.4498,0.6049,1518392.4477,1518392.4477
600717.SH,20260203,1.321,1.44,15.7732,0.6967,1.1149,2.1667,1389120.4982,1389120.4982
301262.SZ,20260203,6.9296,1.1,29.7399,3.2021,12.418,2.2278,1160511.0,339735.8159
605068.SH,20260203,1.0487,0.48,,3.0413,3.1643,,457399.7559,457399.7559
688033.SH,20260203,3.3262,0.84,,1.4049,6.7302,,463251.6431,463251.6431
301667.SZ,20260203,10.0936,0.7,73.5459,6.4243,4.6137,,798995.988,160947.8541
603280.SH,20260203,5.9331,0.76,50.9176,3.1327,4.2626,0.6626,425387.7613,109643.1013
301589.SZ,20260203,1.7694,0.83,28.7459,4.3369,4.997,0.6602,1660643.424,619094.0765
600683.SH,20260203,1.1551,0.34,,,4.777,,403723.7904,403723.7904
603859.SH,20260203,3.6417,0.87,49.0548,3.8464,7.5109,0.0417,1173325.4763,1173325.4763
000728.SZ,20260203,0.8398,0.74,13.1761,0.9525,4.5638,2.2167,3543387.6475,3543387.6475
603375.SH,20260203,2.9876,0.74,166.4919,2.4371,7.6057,0.2613,385251.3346,244089.6153
920642.BJ,20260203,2.6415,0.93,,6.7474,12.7043,0.3232,159237.547,153533.7646
688244.SH,20260203,1.2485,0.66,,3.5418,10.5314,0.148,342984.5712,342984.5712
002738.SZ,20260203,4.6445,1.12,145.6208,5.0358,9.1486,0.5963,6049709.3886,5962084.5958
688009.SH,20260203,0.4047,0.78,17.1531,1.2733,1.7562,3.0686,5866759.726,4776043.972
000420.SZ,20260203,3.6281,0.7,,2.6017,2.2545,,1150750.3845,1150358.5749
920553.BJ,20260203,1.2385,0.62,60.7602,4.2962,3.3396,0.7576,151737.1258,97009.6702
688690.SH,20260203,2.3264,1.55,78.8028,6.2468,12.9619,0.2156,1171062.8185,1171062.8185
300995.SZ,20260203,2.2422,0.81,204.4997,5.2494,8.9927,0.581,325311.7608,232116.4918
688533.SH,20260203,1.0054,0.78,29.7959,3.2587,1.844,1.3803,537855.5173,530915.9553
301158.SZ,20260203,6.5147,0.6,27.5046,2.6313,5.0572,1.3552,360738.8535,351502.514
601118.SH,20260203,2.6898,0.57,103.7554,3.0899,0.5905,0.1557,2995599.4579,2995599.4579
603285.SH,20260203,9.4031,1.18,41.5756,3.339,8.9749,0.5716,559840.0,217976.4332
000989.SZ,20260203,0.7025,0.62,58.9752,2.0586,3.8832,3.3783,751517.0865,609466.9951
601179.SH,20260203,8.7803,1.25,66.9898,3.5705,3.37,0.4378,8078390.5868,8078390.5868
300453.SZ,20260203,1.2395,0.58,19.6474,3.4804,3.029,3.2618,480317.533,331070.9378
300991.SZ,20260203,3.4321,0.54,243.0328,9.6973,8.6065,0.0698,618912.0,396026.316
301008.SZ,20260203,1.8966,0.61,139.5212,3.1638,4.1254,0.2382,473432.0909,418773.2909
002194.SZ,20260203,3.4836,0.81,,3.5521,6.0911,0.5418,882805.2614,660074.7573
002322.SZ,20260203,1.3497,0.9,21.303,1.8738,4.5074,4.7922,486883.256,468064.3724
300056.SZ,20260203,5.8779,0.94,,24.4752,7.9326,,361204.5451,360885.7777
300567.SZ,20260203,5.3439,0.71,,10.1719,11.9609,,3594445.9078,2917340.7928
688502.SH,20260203,5.048,0.72,347.6296,16.3827,31.2665,0.0906,1971816.0,627396.0
600795.SH,20260203,0.912,0.53,10.9895,1.3714,0.478,4.5952,8150877.9205,8150877.9205
300965.SZ,20260203,1.2846,0.77,109.7834,3.0002,17.5564,0.9539,364800.0,338739.6
300922.SZ,20260203,2.4203,0.78,86.1853,3.9067,14.687,0.7667,364518.3786,286263.5075
300614.SZ,20260203,6.1182,1.05,,2.2929,5.9079,,242586.3066,242586.3066
001696.SZ,20260203,3.1099,1.13,28.6163,4.3207,1.8711,0.9667,2369060.6975,1844302.9275
000712.SZ,20260203,3.7147,1.6,70.0884,4.391,13.6641,,1113728.0,1113397.5174
300159.SZ,20260203,1.6443,1.01,,,16.8685,,1033192.2037,575197.5097
000034.SZ,20260203,2.9522,0.85,51.3058,2.445,0.1954,0.6934,2715086.5893,2269714.1198
600721.SH,20260203,3.2502,0.85,70.0152,4.4277,8.9268,,351476.5384,351476.5384
002608.SZ,20260203,0.3656,0.75,8.0778,0.8201,0.8405,1.3193,2863784.4156,2863784.4156
920509.BJ,20260203,2.9718,0.9,87.9656,17.0553,27.3375,0.6818,588321.9043,307070.8084
600641.SH,20260203,2.6781,0.65,107.2782,2.0779,12.6166,0.2326,1693746.4544,1693746.4544
600993.SH,20260203,0.6255,0.46,20.7156,2.7541,3.138,2.257,1184105.0386,1182053.373
601139.SH,20260203,0.9024,1.15,13.7009,1.2204,0.6469,2.3881,1927417.4261,1927417.4261
300410.SZ,20260203,6.0463,0.71,,13.5396,4.1764,,325997.9397,325997.9397
300301.SZ,20260203,0.7602,0.58,,11.6005,4.3514,,190869.8169,181671.6454
300285.SZ,20260203,5.885,1.51,50.4853,4.4093,7.08,0.6416,3089852.6786,2607327.6809
300458.SZ,20260203,2.809,0.49,122.5801,11.532,13.0506,0.439,3606292.232,2952023.1444
605090.SH,20260203,2.2914,0.74,23.7779,3.1365,1.604,2.4088,3305433.3293,3298910.5658
688686.SH,20260203,0.6285,0.77,79.7609,4.8859,12.5267,0.2043,1491272.551,1491272.551
002057.SZ,20260203,1.9179,0.54,33.6236,2.4934,2.5919,1.1742,796101.1935,795616.7113
002233.SZ,20260203,1.0935,0.9,15.8364,0.9842,2.7659,4.4809,1179159.9908,1178368.2469
688332.SH,20260203,1.4814,0.66,54.5991,4.0608,8.8811,0.7234,1663049.178,1663049.178
301376.SZ,20260203,1.1673,0.86,23.9799,2.3601,0.9272,2.0397,786021.9082,378184.5329
300488.SZ,20260203,0.8233,0.66,39.2345,3.5297,8.4097,0.5908,575922.161,479525.8405
301185.SZ,20260203,3.02,0.88,43.6968,2.9704,15.2194,1.4479,317881.2672,289811.3921
600029.SH,20260203,0.7521,1.15,,3.7431,0.7822,,13862505.3568,10309847.4162
000519.SZ,20260203,2.221,0.42,,2.5724,4.9819,,2627758.799,2627758.799
002379.SZ,20260203,1.9808,0.77,,5.986,132.3628,,39093354.606,3409121.259
920009.BJ,20260203,4.4113,0.35,43.5143,6.8197,18.0276,,428995.55,55764.0
300649.SZ,20260203,3.1651,1.05,,3.9867,12.9666,0.3322,199286.9965,159705.8051
920132.BJ,20260203,2.5982,0.63,94.3232,5.6448,5.2366,0.5146,144859.176,49085.5118
688418.SH,20260203,6.1763,1.07,,10.054,9.9318,,877664.0218,877664.0218
605008.SH,20260203,0.3181,0.67,1153.9578,4.4152,2.186,,888844.2817,888844.2817
603777.SH,20260203,2.9091,0.98,,2.9091,1.2459,,461170.9249,461170.9249
000596.SZ,20260203,0.9506,0.55,14.7967,2.7493,3.344,3.7756,7000249.8,5411089.8
600195.SH,20260203,1.815,0.59,37.6672,1.4128,1.286,0.2908,807728.2737,807728.2737
600456.SH,20260203,3.8016,0.63,44.7055,2.5724,3.0099,1.0028,1858076.8492,1858076.8492
300680.SZ,20260203,4.5338,0.74,42.961,6.0931,4.7091,0.376,1207350.6456,932293.8183
603213.SH,20260203,0.422,0.64,65.1849,3.2424,2.1066,1.9127,602408.3199,602408.3199
603808.SH,20260203,4.0087,0.99,,1.5211,1.3647,0.4592,396036.6581,396036.6581
688280.SH,20260203,8.0086,1.03,186.0954,9.3754,2.8541,,624454.5237,550735.7054
920160.BJ,20260203,6.5715,0.43,46.9928,6.0392,17.6611,,297586.56,66956.976
600048.SH,20260203,1.3988,0.55,79.3658,0.4341,0.2641,2.4781,8139901.5242,8139901.5242
000881.SZ,20260203,1.6508,0.59,,1.5073,1.3636,,787539.7039,701045.1864
300335.SZ,20260203,2.7574,0.78,57.4176,1.4961,2.5769,1.6447,290023.5319,233569.9877
300811.SZ,20260203,4.4423,0.89,59.3495,7.839,13.0809,0.2543,2272034.2266,1863007.2989
603262.SH,20260203,3.0124,0.64,72.9869,7.3453,10.6465,,1126428.16,112662.528
601020.SH,20260203,7.018,0.76,29.2805,6.1718,12.2963,0.1242,2640286.3276,2640286.3276
603578.SH,20260203,9.983,1.14,,2.7497,1.855,,269633.7628,269633.7628
000838.SZ,20260203,9.0761,3.53,,6.4915,9.0609,,266311.8451,255011.3369
603052.SH,20260203,7.1021,0.92,386.3316,12.1184,14.7602,0.2515,1318287.3305,1318287.3305
300748.SZ,20260203,4.3022,0.57,83.4219,7.5157,7.1405,0.8102,5085553.631,4180103.157
001326.SZ,20260203,18.2389,2.95,152.6081,3.3723,2.7596,0.501,409114.8,134713.5058
001279.SZ,20260203,1.7918,0.52,95.6836,5.5957,3.8962,0.5372,558400.0,139600.0
002126.SZ,20260203,4.6681,1.82,39.032,4.9122,2.2825,0.2992,3321946.6175,3115212.1595
301479.SZ,20260203,2.4291,0.74,42.3962,6.2216,5.106,1.2448,765724.6211,180761.7696
920735.BJ,20260203,0.9828,0.52,18.3291,3.2907,3.9985,0.8897,404388.2175,357651.1753
600366.SH,20260203,4.8694,0.63,50.9405,2.512,2.902,0.35,1537558.4303,1537558.4303
600350.SH,20260203,0.1031,0.6,14.9158,1.6634,1.9351,4.1257,4921593.0999,4921593.0999
688320.SH,20260203,2.3546,0.88,,4.2451,5.8984,,530662.0294,530662.0294
688819.SH,20260203,0.302,0.81,22.7918,1.9616,0.7255,1.2031,3305140.0,3305140.0
688170.SH,20260203,7.7769,1.32,,3.4989,5.6641,,425016.32,425016.32
600601.SH,20260203,2.0962,0.67,131.4814,10.7473,10.8052,,4786592.0334,4670728.4814
603778.SH,20260203,13.8882,0.91,,13.2774,6.536,,965920.5585,945642.8559
603927.SH,20260203,1.0801,0.57,68.1757,5.1786,2.3374,1.9918,1627176.32,1627176.32
920111.BJ,20260203,2.0314,0.77,34.1614,4.1527,3.2865,0.8326,372681.109,178275.5393
603107.SH,20260203,1.461,0.95,27.0475,2.4253,2.2826,1.9711,513423.87,332060.825
000006.SZ,20260203,1.4033,0.6,,2.2213,3.4831,,1198795.6008,1198788.8076
600635.SH,20260203,1.8202,0.63,32.2822,2.0733,3.0714,0.5651,1880700.888,1540770.297
000797.SZ,20260203,2.0804,0.7,,0.9672,1.1106,,488504.5615,488448.0379
002251.SZ,20260203,2.5311,0.83,,1.6806,3.3642,,1379302.9405,1104218.197
605005.SH,20260203,0.4181,0.71,34.4771,3.7498,4.1392,1.0482,765108.0,765108.0
002842.SZ,20260203,24.7202,0.91,,7.9263,4.2939,,885328.5739,726459.0082
600481.SH,20260203,2.7329,0.25,,4.5819,2.1585,,1892512.3541,1892512.3541
002845.SZ,20260203,2.0341,0.72,,2.0178,0.4704,0.2638,479863.2478,366594.7892
002615.SZ,20260203,2.8915,0.67,24.5911,2.3378,1.1694,2.9142,397726.3754,261054.3472
301030.SZ,20260203,2.304,0.67,,3.1112,,,261681.6457,261322.683
920223.BJ,20260203,2.9994,0.85,,12.53,8.0783,,314570.0,163167.5
002056.SZ,20260203,1.9835,0.77,13.8479,3.1789,1.4456,4.0899,3258304.2842,3254938.3128
600188.SH,20260203,0.529,0.37,13.7398,2.67,1.0136,5.1873,13932022.9951,8222388.5846
002459.SZ,20260203,4.6801,1.54,,1.7806,0.7673,,4034509.1868,4029713.3568
688188.SH,20260203,0.7043,0.89,41.0672,7.4864,21.2163,1.4621,4358378.2481,4358378.2481
600416.SH,20260203,1.9483,0.82,76.1129,2.2195,4.3991,,2144311.804,1925815.5646
300897.SZ,20260203,1.2359,0.53,85.9584,3.7942,6.7238,0.8008,372143.3598,232012.3297
300119.SZ,20260203,1.8031,0.63,21.2882,1.9055,2.3025,1.5334,890470.0167,641787.2322
603937.SH,20260203,2.3008,0.88,,1.7117,1.4406,,264035.6657,264035.6657
600580.SH,20260203,2.6948,0.83,71.108,6.4648,4.3198,0.2812,6920180.5737,6900312.0237
600682.SH,20260203,1.229,0.53,43.1726,0.5388,1.4448,0.2247,953698.7447,825318.735
603298.SH,20260203,1.1666,1.08,16.633,3.2917,2.0662,2.5036,3662234.489,3662234.489
300745.SZ,20260203,2.5142,0.58,,1.9384,1.6763,,436300.2598,367958.5234
603936.SH,20260203,5.2123,1.03,,1.7714,2.2008,,774759.1469,774759.1469
002090.SZ,20260203,3.2139,0.85,61.3762,3.3065,2.9388,0.5163,504326.5324,498586.0476
920422.BJ,20260203,2.2084,0.6,55.1557,2.7688,2.285,1.1295,117505.0389,87943.7589
920640.BJ,20260203,5.5446,1.07,126.2261,9.7624,10.4829,0.2093,896964.384,862917.4788
688615.SH,20260203,3.9177,1.0,84.3846,13.3814,22.1955,0.5325,3756200.0,2593662.6465
603418.SH,20260203,2.9204,0.88,21.6129,2.4696,2.3206,,1089678.2979,228144.082
301678.SZ,20260203,9.7818,0.89,109.1967,9.7248,19.5591,0.645,1857033.9802,371406.8007
002536.SZ,20260203,8.3762,1.02,49.2904,4.9862,3.8606,1.0003,1723782.8781,1632707.1828
688273.SH,20260203,3.3078,0.71,43.3458,3.2872,10.0498,1.556,440000.0,162037.876
301001.SZ,20260203,16.4081,0.75,324.8224,3.7779,8.3306,1.0168,295040.0,185506.4
601226.SH,20260203,7.4741,0.96,105.3485,3.0878,1.4697,0.295,1344692.8209,1344692.8209
688265.SH,20260203,1.3105,0.97,75.9591,2.1624,8.7825,,368065.7449,368065.7449
300112.SZ,20260203,3.8456,1.23,,2.6091,2.482,,261783.7564,214354.446
002104.SZ,20260203,3.1411,0.95,310.9341,5.9397,15.2418,0.4481,1272177.1206,1077059.4112
002415.SZ,20260203,0.7284,0.98,20.5799,3.5037,3.1561,3.4577,29199280.7583,28821937.456
300016.SZ,20260203,8.7009,1.2,168.8572,2.5534,5.0115,0.4357,564561.7825,563801.0321
002516.SZ,20260203,0.8894,0.69,54.4795,2.6375,4.3143,1.1958,983991.0783,977371.3233
000679.SZ,20260203,1.514,1.05,,12.7827,4.9847,,252331.2,252331.2
603290.SH,20260203,2.088,0.55,53.9934,3.64,6.3472,0.6051,2517105.6011,2517105.6011
603207.SH,20260203,1.7529,0.51,22.6894,5.144,9.6001,7.292,484409.4204,164124.8
603039.SH,20260203,2.5664,1.05,76.5351,7.4296,7.2908,0.2334,1658738.5596,1658738.5596
601929.SH,20260203,3.7123,0.85,,2.6357,6.5157,,1319139.9275,1319139.9275
002101.SZ,20260203,1.0969,0.79,22.5228,1.0318,0.8862,2.5783,806552.7541,803925.6096
688633.SH,20260203,0.5275,0.4,28.6844,2.3308,5.502,1.3389,374520.4566,374520.4566
300269.SZ,20260203,15.0566,0.86,154.446,45.2177,8.4148,,485965.7351,465226.4487
301588.SZ,20260203,5.7861,0.69,60.2773,2.93,3.1812,0.6074,273990.173,169092.9168
601828.SH,20260203,0.4932,0.74,,0.2622,1.6938,,1132230.495,939496.2301
001228.SZ,20260203,2.7593,0.84,33.5873,1.8551,0.6353,1.9117,311697.6916,239673.6916
600507.SH,20260203,1.7507,0.71,16.8095,1.4214,0.7675,0.5241,1424923.7402,1424923.7402
601187.SH,20260203,0.4674,0.88,7.0036,0.6718,3.1502,4.2918,1844750.3937,1840732.6843
301172.SZ,20260203,9.3503,0.8,147.4294,3.3209,11.5479,0.2533,486393.6,278520.3456
600469.SH,20260203,5.5478,1.87,24.8376,1.6126,0.7709,0.5135,568242.2285,568242.2285
603708.SH,20260203,2.6632,1.49,55.272,3.6634,0.467,1.7964,827286.9228,827286.9228
600552.SH,20260203,5.9718,1.03,91.1521,3.3664,2.5422,0.33,1431079.4444,1431079.4444
603139.SH,20260203,2.0747,0.51,,3.1597,4.4624,,229024.84,229024.84
301222.SZ,20260203,1.2022,0.85,29.5046,2.1351,4.6263,0.983,305937.3632,243615.6758
600930.SH,20260203,2.7187,1.0,28.0629,2.2495,6.4453,,24819999.9998,1921739.0962
300891.SZ,20260203,2.2788,0.4,,3.0246,2.1826,0.1036,383607.8264,318792.6126
601616.SH,20260203,18.6995,1.48,238.4379,1.8733,5.1664,1.3109,455862.6203,455862.6203
301022.SZ,20260203,3.3809,0.64,80.1273,2.4749,4.4509,0.7255,350482.5759,236696.0596
003039.SZ,20260203,1.1347,0.68,37.236,3.6062,4.7266,1.2781,1014583.2734,1014583.2734
002553.SZ,20260203,4.7315,0.66,28.6192,6.1602,11.6393,0.3529,986012.8928,699732.0
920284.BJ,20260203,6.2869,1.68,,11.9694,20.7442,,376180.4656,243266.7109
603286.SH,20260203,3.1498,0.66,,9.5922,7.5154,0.0434,806862.2338,793246.1335
600764.SH,20260203,1.6421,1.28,84.0168,2.3848,6.0718,0.4681,1958494.5878,1958494.5878
300632.SZ,20260203,2.7802,0.67,171.4814,2.369,5.4252,0.6669,423592.0886,307040.2545
002093.SZ,20260203,1.4306,0.7,51.8509,2.9245,19.8295,1.0606,1122355.0,1122355.0
300198.SZ,20260203,1.8066,0.42,,153.3138,33.6516,,283675.8485,282209.5405
300183.SZ,20260203,1.9141,0.71,,2.432,7.9475,0.6146,752665.0659,661435.8812
003019.SZ,20260203,1.3804,0.72,29.8946,3.2516,2.4494,1.6273,541984.5371,523872.9086
601928.SH,20260203,0.468,0.81,13.0665,1.2882,1.935,5.9761,2555079.6,2555079.6
301567.SZ,20260203,8.5198,0.69,119.2378,4.7066,8.7482,0.3682,351936.0,103820.3868
000895.SZ,20260203,0.3631,0.86,17.447,4.4366,1.4935,5.4054,8973472.5417,8972309.5125
603882.SH,20260203,1.7927,0.65,,2.1608,2.4153,2.763,1475477.6059,1465528.6277
000590.SZ,20260203,1.3843,0.68,,4.5684,7.5764,,266531.5202,266420.3983
301380.SZ,20260203,3.0665,0.72,66.8119,5.3439,3.5296,0.6292,388941.373,309713.3233
600219.SH,20260203,4.2549,0.78,15.342,1.6173,2.2047,5.7067,7843368.1648,7843368.1648
000731.SZ,20260203,1.3343,0.55,49.2773,0.9466,0.8402,4.0546,369908.6566,369908.6566
688046.SH,20260203,1.2022,1.26,58.4434,3.2444,9.4344,0.8063,710120.0,710120.0
000818.SZ,20260203,4.2605,0.71,,6.2808,3.4404,,1450680.0857,1446748.7429
603155.SH,20260203,1.0074,0.75,57.249,2.4823,8.772,3.222,539048.0676,539048.0676
301327.SZ,20260203,3.8886,1.47,46.6715,1.6756,2.3533,1.372,1038964.119,454496.235
002080.SZ,20260203,3.176,0.83,38.9245,3.4989,2.3771,0.5501,6863525.4586,6863525.4586
300715.SZ,20260203,1.4075,0.88,,2.4222,1.8866,,450264.0171,397983.2213
603968.SH,20260203,1.5631,0.89,,1.3531,0.8899,,244353.6,244353.6
688081.SH,20260203,2.3099,0.88,,9.606,21.4605,,375786.88,375786.88
600876.SH,20260203,1.5705,1.12,,1.9874,1.901,,679895.736,416645.736
300990.SZ,20260203,5.048,1.18,56.5102,7.4124,5.2023,0.5694,1491714.6668,674440.5038
603633.SH,20260203,1.3108,0.65,242.0802,2.0117,2.501,0.2928,390105.0877,390105.0877
001323.SZ,20260203,0.3805,0.6,16.6717,2.6878,2.1635,1.6405,1186900.3242,849084.6504
000404.SZ,20260203,1.195,0.83,10.6666,1.1392,0.4166,4.3103,484413.2014,482132.8221
301408.SZ,20260203,12.482,0.77,46.5436,4.1413,1.6839,0.4608,868021.7,323701.7275
600390.SH,20260203,0.864,0.6,608.4009,0.6051,42.7171,0.1053,2563897.3116,2563897.3116
688617.SH,20260203,0.5238,0.61,41.6679,10.7063,13.2925,0.5316,3201382.1123,3201382.1123
603369.SH,20260203,0.9207,0.62,14.605,2.5437,4.0052,3.5629,4199222.5246,4199222.5246
300657.SZ,20260203,7.3263,1.26,166.5476,12.262,2.2115,,1542730.7519,1506137.0811
603409.SH,20260203,8.1964,0.79,31.4187,3.3482,4.0804,1.2617,499456.89,124865.031
600992.SH,20260203,2.8069,0.95,,2.4636,1.6404,,343126.0,343126.0
300012.SZ,20260203,2.6338,1.14,26.9836,3.5618,4.1664,0.9425,2662234.2345,2265059.6464
601601.SH,20260203,0.6057,0.77,8.0822,1.4888,0.965,2.4557,42310261.7191,30104492.3191
002539.SZ,20260203,4.6072,0.86,21.0775,1.8448,0.8308,1.4144,1707721.3995,1246019.9179
300261.SZ,20260203,1.475,0.46,,3.3228,5.2965,,666610.1539,647831.8987
920982.BJ,20260203,1.3403,0.96,31.6913,13.4312,14.1352,1.1807,2473904.81,1180459.392
001332.SZ,20260203,4.3524,1.77,25.565,2.5031,4.7644,1.3959,631450.35,274340.0082
002886.SZ,20260203,3.0165,0.82,145.3637,3.3561,2.9897,0.1827,605104.9959,480670.699
300437.SZ,20260203,5.3888,0.81,,2.7469,4.3272,,382673.1331,266528.8651
603356.SH,20260203,2.7192,0.65,,6.1762,2.4898,,236811.84,236811.84
002869.SZ,20260203,1.5024,0.34,224.8234,1.8963,7.1035,0.8553,405842.9894,361346.8747
601518.SH,20260203,1.0322,0.98,9.9228,0.9622,3.5535,3.007,540698.2063,540698.2063
300308.SZ,20260203,3.8822,1.14,76.6279,25.2545,20.765,0.1526,65522648.156,65191363.4235
300425.SZ,20260203,1.2867,1.01,57.4795,1.5294,2.1546,0.4934,359532.4975,357870.0623
603182.SH,20260203,1.1169,0.87,22.8822,2.3999,1.8655,2.5047,262786.35,262786.35
300003.SZ,20260203,1.5988,0.56,77.0938,2.1608,5.2534,1.6699,3286776.038,2815149.9616
002252.SZ,20260203,0.3449,0.46,22.7903,1.2773,5.2332,0.5223,4162016.4928,4159824.9867
300946.SZ,20260203,1.5053,0.5,144.5093,6.363,12.1618,0.4853,756637.83,367650.855
000812.SZ,20260203,1.813,0.54,,1.8899,2.3858,0.6335,339762.1354,339527.1487
002612.SZ,20260203,2.4932,0.59,7.9811,2.4245,1.4166,2.139,827372.8513,476362.3545
301548.SZ,20260203,8.0436,0.51,44.9481,3.9362,10.0296,0.628,594297.0,179211.162
920953.BJ,20260203,2.2837,0.63,67.4932,8.1819,15.7553,0.3514,463779.8838,216786.4259
300047.SZ,20260203,4.7749,0.95,295.4748,2.6499,0.9867,0.1095,873710.2006,748899.1852
002802.SZ,20260203,3.4763,1.75,53.9342,3.9003,6.0318,0.723,246836.8945,246350.6528
300942.SZ,20260203,1.4233,0.48,126.6707,4.6795,15.7147,0.1769,395752.1824,395752.1824
000157.SZ,20260203,3.0018,2.1,18.798,1.4288,1.676,5.3476,8086380.4457,6610840.2344
300305.SZ,20260203,2.8543,0.99,,1.1988,2.5561,,245511.8433,210245.2366
601096.SH,20260203,8.9173,1.25,45.0103,3.2854,1.5207,0.7105,1506112.3145,924995.7926
002335.SZ,20260203,7.6048,1.09,75.5746,5.0389,3.9486,0.1618,3186289.6015,2810786.2852
301539.SZ,20260203,2.364,0.52,51.4627,3.8563,2.971,0.4706,314500.0,159506.3229
603811.SH,20260203,1.213,0.36,16.6291,2.8472,4.7594,2.11,376399.968,376399.968
301268.SZ,20260203,0.8043,0.61,,4.5756,2.5305,,769162.4065,662164.4162
002586.SZ,20260203,1.0685,0.63,,1.8277,2.2537,,544650.4879,517658.5694
301165.SZ,20260203,1.1179,1.04,76.1017,12.9278,4.5805,0.5368,6413749.9963,6413749.9963
000850.SZ,20260203,1.7869,0.67,18.5293,1.2475,1.6863,1.6081,568086.3354,567924.9212
300241.SZ,20260203,4.6127,0.86,112.662,1.9238,2.4468,0.3193,429962.0021,360037.2383
688378.SH,20260203,3.413,1.23,451.397,5.5666,20.2403,0.5546,927069.5568,896132.3635
603193.SH,20260203,1.8993,0.63,31.2596,4.3932,6.2867,1.8228,954435.6277,243770.3647
920000.BJ,20260203,1.3086,0.89,25.8869,2.6649,3.903,0.7945,173091.84,108737.3304
301383.SZ,20260203,3.2585,1.46,162.2125,2.7924,2.7458,1.1619,560680.1688,242488.9739
300221.SZ,20260203,10.0266,1.38,58.8466,3.9738,2.5276,,570874.3954,550073.8746
002426.SZ,20260203,5.3406,0.76,,5.7679,4.1522,,1391673.9996,1391663.3554
603919.SH,20260203,8.2676,2.23,33.2836,3.7096,4.2053,1.9699,1261048.3525,1261048.3525
300778.SZ,20260203,3.648,0.94,,2.3469,20.9756,,290011.3302,289954.1481
600027.SH,20260203,0.7212,0.61,8.0312,1.1774,0.4521,4.363,5608486.9309,4110488.1984
300353.SZ,20260203,3.4084,1.0,341.9846,6.9905,14.4296,,1389043.0182,1213668.1307
603755.SH,20260203,1.5755,0.94,45.8561,4.6964,7.4913,1.4372,338146.3121,338146.3121
301023.SZ,20260203,7.6312,0.66,46.5123,4.7195,13.3386,2.3365,375668.9199,200919.982
600959.SH,20260203,3.8796,0.89,48.1496,0.9656,2.6978,0.5011,2195315.0642,2195315.0642
002163.SZ,20260203,7.7472,0.93,,20.1063,3.9009,,1416149.3851,1346747.9145
002065.SZ,20260203,1.9527,0.73,86.7411,2.5619,2.2939,0.5128,3125345.3156,2835223.6078
688041.SH,20260203,1.1233,1.0,246.9964,26.9537,46.7075,0.1032,58457102.9887,58457102.9887
603016.SH,20260203,1.1016,0.75,71.1026,5.7132,7.504,1.4874,471148.8,471148.8
920856.BJ,20260203,1.4458,0.83,39.5465,3.3559,2.7937,0.5447,158766.3421,88557.2018
002926.SZ,20260203,0.9843,0.89,15.3746,0.9698,4.5498,1.392,2357250.0,2357250.0
000776.SZ,20260203,1.256,1.0,12.1453,1.2927,4.8994,2.3332,16768643.9301,12652377.6735
600265.SH,20260203,0.1847,0.35,,301.1822,10.5733,,261676.8,261676.8
600702.SH,20260203,4.517,0.75,128.3921,2.6966,4.1569,0.7399,1911699.7599,1910895.4599
002201.SZ,20260203,14.1624,0.76,118.3063,7.9831,5.2831,0.1693,924020.1897,853669.2096
603722.SH,20260203,0.8928,0.53,,3.9504,8.5935,0.2536,377297.3872,369498.1672
301398.SZ,20260203,7.1922,1.12,99.18,6.1291,16.6532,0.4363,687568.0,228487.441
600824.SH,20260203,1.7374,0.47,258.1089,2.0014,7.4065,0.393,482744.3994,482744.3994
002269.SZ,20260203,1.6313,0.66,,24.5941,9.5357,,462300.0,462300.0
603887.SH,20260203,8.5478,1.38,,2.725,3.8806,,972879.5443,961971.5443
300591.SZ,20260203,4.1943,0.89,,13.7499,6.7356,,349285.122,301732.996
300057.SZ,20260203,2.4994,0.43,,1.0062,0.8809,0.1705,521588.0898,421310.1188
002769.SZ,20260203,4.4424,1.09,,3.8782,6.7009,,458807.8884,458429.5727
600609.SH,20260203,0.9907,0.69,22.7593,3.9096,1.4461,,615751.6394,615751.6394
920717.BJ,20260203,3.0563,0.74,188.3824,2.2216,8.1047,0.378,125345.24,48398.04
600075.SH,20260203,2.0239,0.49,153.7237,1.1259,0.8893,0.339,1007344.6332,1007344.6332
002377.SZ,20260203,2.5883,0.79,,6.7251,3.2545,,297805.6903,283513.3018
002911.SZ,20260203,0.8074,0.81,18.5025,4.1713,0.5485,3.3649,1851510.1534,1806796.1909
300349.SZ,20260203,5.3583,1.07,26.3219,1.5969,2.2228,2.9315,708845.4188,628300.8238
300482.SZ,20260203,2.16,0.3,37.2581,1.7923,3.7558,1.9922,966595.3371,888773.0594
002557.SZ,20260203,2.5191,1.24,30.4986,2.2987,1.7357,4.1656,1193312.3861,1190760.5969
603406.SH,20260203,2.2746,0.49,34.3179,3.4856,4.2937,1.2867,1554438.86,138108.0436
300053.SZ,20260203,14.5642,0.76,,9.6406,77.6872,,1640442.1563,1532027.7565
001258.SZ,20260203,1.198,0.8,133.319,2.3431,7.132,0.2231,711200.0005,711192.571
603628.SH,20260203,3.5541,0.81,42.1476,2.8763,1.696,0.468,385895.4659,384577.5608
600459.SH,20260203,7.9611,0.82,26.0923,2.2357,0.2973,1.1022,1656379.5347,1656159.6424
600962.SH,20260203,1.3937,0.63,103.0942,6.2242,2.5749,,586825.98,586825.98
601985.SH,20260203,0.4257,0.61,22.439,1.5288,2.1492,2.1016,17606209.7753,16164091.8462
600642.SH,20260203,0.5328,0.93,10.1737,1.102,1.4363,5.4414,4047403.644,4047183.48
600295.SH,20260203,0.5362,0.62,22.805,1.9891,1.5807,4.0188,4178572.9472,2949535.3472
600444.SH,20260203,1.9213,0.74,57.6348,3.6831,3.6598,0.6004,268244.9794,268244.9794
605100.SH,20260203,1.1921,0.64,226.9812,4.3539,10.3082,0.6675,769138.65,765543.66
301399.SZ,20260203,3.3728,0.67,94.3989,2.8306,7.5922,1.0314,371150.12,109695.2735
600606.SH,20260203,0.6448,0.58,,0.3974,0.1093,,2276783.3669,2276783.3669
300320.SZ,20260203,1.6466,0.69,28.3535,2.4349,1.6582,0.4004,600632.9568,485301.9623
003036.SZ,20260203,1.4611,1.06,71.0274,2.5659,2.4341,0.7548,354900.6404,354891.5329
301233.SZ,20260203,2.5397,0.79,32.7897,2.9579,6.4711,0.9166,285658.5,156402.4688
300313.SZ,20260203,2.3733,0.84,,58.0732,22.2442,,199735.902,164394.8732
605118.SH,20260203,1.7975,0.8,63.2495,11.7415,22.2706,1.4373,1742942.896,1727800.304
300890.SZ,20260203,3.0906,0.68,274.5361,1.7494,2.4392,,359456.1447,328380.6374
301309.SZ,20260203,4.5511,0.88,26.0434,1.8993,3.5255,0.9765,307233.1264,78033.1264
002436.SZ,20260203,5.5961,0.97,,7.3032,5.7585,0.1285,3938143.6455,3499822.1422
688501.SH,20260203,1.2618,0.43,18.1352,3.111,1.65,0.8885,332428.776,332428.776
688141.SH,20260203,3.0851,1.02,,12.7298,9.0822,,2206575.8841,2206575.8841
300203.SZ,20260203,1.4523,0.76,255.9519,2.4157,2.0487,1.6308,687914.7408,687348.9488
603825.SH,20260203,0.7141,0.51,,14.5768,2.005,,239656.3782,239656.3782
600668.SH,20260203,1.0895,0.52,6.6099,0.7866,1.6371,0.7576,454190.6534,454190.6534
603848.SH,20260203,1.6617,1.46,40.7465,3.2748,5.3006,0.9814,820104.4694,820104.4694
300290.SZ,20260203,3.5727,0.94,,14.4915,15.0721,,1124649.8563,1124315.6166
603877.SH,20260203,0.3955,0.68,41.5778,1.7384,1.1483,2.5332,743828.5856,741061.9012
920639.BJ,20260203,4.4823,1.16,82.4813,2.0512,0.8097,,177811.2,103479.3314
000909.SZ,20260203,2.1584,4.81,,2.2702,6.8536,,225422.8362,225420.9436
688060.SH,20260203,1.0291,1.16,,3.1859,9.2479,,286929.2004,286929.2004
600331.SH,20260203,5.6089,0.97,,13.257,11.0676,,4218635.2,3245104.0
688281.SH,20260203,1.1523,0.95,78.111,5.8262,22.5611,0.5036,2713986.211,2713986.211
002675.SZ,20260203,1.0589,0.81,67.1301,2.5493,4.0546,0.2219,1114853.3932,1005055.1599
920001.BJ,20260203,1.5845,1.17,153.5757,3.7701,13.5416,1.0964,280268.9161,161772.4205
603818.SH,20260203,2.2297,1.12,,1.1767,0.7382,,256080.8579,256080.8579
002485.SZ,20260203,0.3834,0.68,,1.8662,2.8724,,219776.0,219776.0
600480.SH,20260203,0.9618,0.69,19.2003,1.8305,0.7293,2.8345,1426405.9263,1405257.0365
002577.SZ,20260203,0.6109,0.42,470.5044,4.3582,11.7265,,506641.84,506614.765
002281.SZ,20260203,5.4169,1.24,63.1407,5.919,5.0634,0.3626,5785478.4933,5590411.6187
603276.SH,20260203,4.0823,1.07,92.6887,2.1694,4.8987,0.6793,378129.734,137744.6793
002556.SZ,20260203,2.3478,0.76,39.4316,1.6586,0.3856,3.8781,592520.3181,591958.8437
300245.SZ,20260203,2.2873,0.69,,3.3224,7.6886,,391684.1602,390822.0621
002630.SZ,20260203,10.3723,3.2,,11.1562,1.3542,,269222.4,234902.2182
002703.SZ,20260203,6.6429,0.96,92.4723,8.4542,5.1758,0.2857,1727528.0064,1230700.9554
688350.SH,20260203,7.1636,1.08,510.872,2.4476,2.6005,,385966.0646,385966.0646
300876.SZ,20260203,2.1552,0.86,,3.1702,6.0107,,318549.3187,237637.3687
603048.SH,20260203,0.9576,0.59,52.7269,2.5316,4.558,1.2657,323136.0,323136.0
601015.SH,20260203,4.1665,0.62,,1.5214,0.779,,857849.0084,857849.0084
603270.SH,20260203,5.4274,1.04,47.6085,2.693,3.2893,0.9232,593340.8542,191500.7342
301071.SZ,20260203,7.4615,0.56,155.6062,2.0643,19.8784,0.3493,1092623.17,816906.3131
601666.SH,20260203,0.9779,0.48,34.0646,0.8666,0.9139,7.086,1990304.7468,1990304.7468
300789.SZ,20260203,1.2279,0.53,56.8736,3.0809,5.5444,0.6661,328263.5481,225680.5647
301192.SZ,20260203,2.9717,0.87,75.2352,4.8831,6.6871,0.8248,302796.9,145090.1813
600011.SH,20260203,0.5623,0.67,7.3837,1.6084,0.4593,3.9416,10753193.9509,7533431.2945
301208.SZ,20260203,2.2867,0.68,72.8972,3.0811,4.2998,0.5071,473280.2366,260588.2046
600305.SH,20260203,1.4546,0.98,59.8787,2.6557,3.8904,1.2407,891816.0516,889008.5118
600292.SH,20260203,1.5949,0.65,16353.8226,2.0573,12.9793,,5922038.7838,1055664.4353
920781.BJ,20260203,1.2567,0.61,,3.582,4.555,0.1985,141583.4215,93507.3227
600406.SH,20260203,1.2561,0.86,26.067,4.2333,3.2717,2.2342,20834375.4687,20773152.1868
000055.SZ,20260203,2.0657,0.85,382.9388,0.6913,1.1145,1.2755,420958.697,264934.0738
000997.SZ,20260203,1.0804,0.75,24.6379,3.8025,3.3912,0.8097,2732325.0768,2717064.0106
000049.SZ,20260203,0.8292,0.51,23.7525,1.4884,0.4506,1.2801,991598.1407,991330.8742
301213.SZ,20260203,4.0922,1.0,,7.802,39.3934,,612159.9923,395692.9469
002440.SZ,20260203,14.7322,0.92,49.1264,1.4876,2.4415,1.1615,1412867.8806,1189572.8469
920892.BJ,20260203,2.7652,1.63,30.3989,7.9786,5.3163,2.9987,309869.1111,269729.7001
605196.SH,20260203,2.0788,0.62,73.7365,6.6754,3.1594,0.1455,2203443.9917,2177399.5117
002534.SZ,20260203,2.0769,0.89,77.4864,2.8031,2.5376,0.9837,1494652.0965,1474638.2115
600881.SH,20260203,0.7056,0.56,,3.3918,0.8514,,575322.8759,575322.8759
688231.SH,20260203,2.3007,0.72,97.5656,2.7499,4.5566,0.7999,753901.7147,753901.7147
003037.SZ,20260203,1.0679,1.06,56.1012,1.6985,0.7485,0.626,476264.369,476264.369
688386.SH,20260203,1.4586,0.7,67.4455,10.2703,12.5403,0.0842,831285.0,831285.0
603111.SH,20260203,0.9269,0.73,16.6185,1.5237,1.3814,3.5143,604283.5011,593403.3551
002984.SZ,20260203,1.1785,0.5,14.0908,1.5726,2.4153,2.9388,2079222.754,1432275.4178
600372.SH,20260203,1.8643,0.7,91.6888,1.9853,3.15,0.5864,7587389.9158,7587389.9158
301098.SZ,20260203,3.822,0.96,,1.4671,2.1118,0.5247,175290.6068,142653.9305
603120.SH,20260203,30.028,1.0,46.1386,3.6018,6.6303,0.8805,410687.2,102671.8
301469.SZ,20260203,5.3536,0.82,41.8168,2.1308,2.7779,1.0544,293494.4,151072.4868
688012.SH,20260203,1.7819,0.74,113.3147,10.1001,18.6628,0.0863,21687168.8533,21687168.8533
600971.SH,20260203,1.3227,0.53,286.165,0.6565,1.4702,4.1221,786003.199,786003.199
300992.SZ,20260203,2.8243,0.65,301.2991,3.4618,3.4661,0.2338,299361.0154,243329.2854
002192.SZ,20260203,3.8053,0.63,78.9665,4.0287,20.8821,0.3094,1393309.8193,1390439.1434
688373.SH,20260203,1.0099,0.52,,15.7343,30.0041,,410142.7375,378523.6844
300736.SZ,20260203,3.8034,0.74,,27.7167,5.3627,,227339.2937,222278.2431
688212.SH,20260203,2.1758,0.91,,4.7033,8.7221,0.1805,585793.8375,585793.8375
002022.SZ,20260203,2.3971,0.29,,1.0219,1.98,,316839.3277,316779.2677
300236.SZ,20260203,3.0591,0.57,93.8432,4.4427,13.3884,0.3357,2412410.0326,2145640.192
300909.SZ,20260203,1.9369,0.57,97.654,4.0108,5.2145,0.4919,808821.6498,571458.8745
301290.SZ,20260203,2.2088,0.9,,1.3619,7.2028,2.0388,290402.4953,197605.6966
002173.SZ,20260203,9.2055,0.87,,7.1362,15.8247,,1270898.9338,1198956.7958
300936.SZ,20260203,4.5634,1.0,,3.1682,13.6568,0.2374,316742.4,199902.6783
002268.SZ,20260203,1.5106,0.78,104.5226,3.0702,7.4032,0.3071,1652372.9062,1651712.1122
688507.SH,20260203,3.4247,0.8,254.7405,3.3672,22.9118,0.3582,920761.0651,508752.7981
001316.SZ,20260203,4.7939,0.74,48.2089,5.1883,6.5243,1.0808,648445.1609,626905.78
603838.SH,20260203,0.4708,0.91,,2.5373,6.783,,237451.872,237451.872
002519.SZ,20260203,12.049,1.11,,4.0349,192.4613,,927052.6291,920760.4344
603529.SH,20260203,0.6204,0.72,10.6814,2.6283,0.9912,4.2195,2501350.2574,2439278.9233
000900.SZ,20260203,0.7527,0.75,17.3619,0.5738,0.9038,3.5629,639005.7286,638977.3111
600958.SH,20260203,1.1099,0.82,16.7182,1.1069,4.8398,2.1498,8624094.9714,7581525.107
601156.SH,20260203,1.2405,1.2,11.0821,1.5252,1.2294,1.5738,2905226.6675,1728609.8675
600770.SH,20260203,7.9221,0.93,182.4915,2.6009,21.2349,,891800.0,891800.0
600097.SH,20260203,3.3713,0.81,27.2896,1.2394,1.2577,0.6706,287437.3149,287437.3149
688089.SH,20260203,0.9494,0.41,18.709,1.9501,5.3218,1.0604,317431.0003,317431.0003
603813.SH,20260203,0.372,0.71,,7.281,9.6463,,397166.73,397166.73
300174.SZ,20260203,1.0083,0.6,23.8881,1.7089,3.0895,1.4233,585286.0485,583248.0559
688007.SH,20260203,1.8893,1.17,,3.0714,3.8633,0.1441,792836.9704,792836.9704
002416.SZ,20260203,1.4912,0.76,40.4847,2.7367,0.3343,3.888,1593716.4025,1573940.9349
000953.SZ,20260203,1.3099,0.69,331.0179,16.9597,14.9999,,261411.2472,261411.2472
301428.SZ,20260203,36.9955,1.04,97.0836,3.3484,3.9541,0.2293,426042.6681,264247.2081
600810.SH,20260203,2.0568,0.82,,1.2328,0.681,0.529,921245.1835,913099.4295
300073.SZ,20260203,2.5145,0.65,59.8106,2.0959,3.2242,0.3319,3052398.8901,2837487.1177
603477.SH,20260203,1.748,0.71,24.4263,3.0056,1.1526,0.9563,894663.5009,894663.5009
603376.SH,20260203,3.4994,0.58,53.2728,8.9269,5.5109,,1502803.757,116608.2519
301119.SZ,20260203,2.299,0.87,43.226,4.9016,10.8968,1.9135,500032.0,404400.88
000858.SZ,20260203,0.8544,0.62,14.6453,3.143,5.0656,5.357,41641890.6776,41640136.7247
603162.SH,20260203,8.1557,0.65,34.5183,3.1148,3.3083,0.3394,1350091.3106,406266.5492
300322.SZ,20260203,6.0604,1.03,,12.6025,4.982,,1256824.234,1203256.8445
300371.SZ,20260203,1.8579,0.72,38.3354,2.3886,5.99,0.6374,279893.2587,186964.84
603180.SH,20260203,0.712,0.75,22.1603,1.1527,0.9342,1.869,320083.5655,320083.5655
603001.SH,20260203,2.0621,0.51,,1.6827,1.8788,1.503,400178.04,400178.04
603161.SH,20260203,1.8979,0.88,32.232,1.9904,1.3115,1.0705,297249.3809,291654.8388
688323.SH,20260203,7.6521,0.82,,6.5098,12.8837,,492840.6133,492840.6133
000676.SZ,20260203,4.6232,0.9,69.0792,2.858,3.022,,1220735.7493,1219998.6475
300989.SZ,20260203,4.0435,1.47,,3.4958,11.3359,,347450.3525,248059.8745
003001.SZ,20260203,1.698,0.73,71.6744,2.9089,5.1473,1.0025,348871.2965,211472.3453
603730.SH,20260203,0.9456,0.9,34.9916,4.7833,3.4281,2.6499,2182962.6465,2182962.6465
688707.SH,20260203,0.928,0.49,,1.7606,4.5861,,719358.6499,719358.6499
300752.SZ,20260203,2.8886,0.9,56.1207,3.4824,2.885,,424322.5613,292040.2694
920873.BJ,20260203,1.5267,0.55,,4.3539,14.7619,,124857.0196,89705.6628
300445.SZ,20260203,7.9546,1.82,42.1337,4.319,8.9848,0.3482,549131.5836,367237.3607
000025.SZ,20260203,2.0757,0.44,50.6576,4.2644,4.4989,0.5593,770732.2762,702287.6362
300017.SZ,20260203,23.6604,0.98,55.1215,4.6842,9.8653,1.2866,4749197.5194,4453159.4856
300867.SZ,20260203,1.7667,0.74,21.0983,1.3396,3.2956,0.3562,518753.6702,365817.5122
300803.SZ,20260203,2.7274,0.92,325.3687,26.5855,48.1704,,7415679.4783,7361529.7923
002077.SZ,20260203,5.4328,0.6,227.9789,3.0201,27.6376,,1012708.1552,1012708.1552
300256.SZ,20260203,0.8882,0.61,,9.655,5.7578,,896015.3875,886140.3875
002187.SZ,20260203,3.3307,0.65,,1.3501,1.2841,0.5171,544595.1298,544595.1298
002895.SZ,20260203,2.6074,0.92,18.7333,3.1676,3.024,3.5848,2339516.7296,2297013.1146
603129.SH,20260203,1.3014,0.85,21.3242,5.3464,2.0833,1.5255,3850755.0588,3850755.0588
300469.SZ,20260203,1.3173,0.54,,40.8577,57.3049,,1556953.9041,1556914.5787
300532.SZ,20260203,1.0654,0.62,24.5846,3.117,2.7206,2.4532,554369.1477,527201.8965
002154.SZ,20260203,2.8882,0.97,18.7237,1.3038,1.1596,1.2346,591030.1602,477807.8941
600198.SH,20260203,2.5881,0.86,183.9928,46.2139,12.1234,,1267102.6419,1265495.2095
600556.SH,20260203,10.9347,0.8,668.9017,3.7787,3.8701,0.107,1453429.1042,1453429.1042
603995.SH,20260203,1.5601,0.78,10.2027,1.1978,0.1612,4.2478,684802.3173,684802.3173
301617.SZ,20260203,1.9868,0.59,58.637,6.0618,7.3427,0.5623,1023816.04,406339.44
300475.SZ,20260203,5.5621,0.66,275.4663,21.102,2.0894,0.0599,7137391.1808,6837915.5628
920926.BJ,20260203,1.3226,0.27,44.906,5.7047,3.2301,1.5656,154633.0398,140319.1633
300253.SZ,20260203,6.2999,0.8,,4.453,11.6061,0.1312,2512409.8304,2069274.3019
000985.SZ,20260203,2.3069,0.52,,4.4436,1.4414,0.3083,273280.066,273280.066
002137.SZ,20260203,15.8016,1.33,,3.7472,9.0277,,566532.2618,388926.0151
603183.SH,20260203,2.4713,0.83,57.7825,1.4695,2.7855,0.5319,233662.028,233662.028
000498.SZ,20260203,0.8055,0.72,4.2296,0.6087,0.1375,3.2869,962513.4622,898595.0303
603115.SH,20260203,2.224,0.6,27.9729,2.7631,2.5587,2.5152,570619.4536,570619.4536
000555.SZ,20260203,3.1417,0.84,,2.9987,1.3852,,1661743.8662,1655151.7661
603986.SH,20260203,4.5252,0.8,150.5938,9.0816,23.8759,0.1154,20385258.0228,19539134.904
301058.SZ,20260203,1.6977,0.56,24.9942,2.7008,1.9453,1.301,590652.2045,590652.2045
600587.SH,20260203,1.2807,0.58,18.3095,1.2019,0.9731,3.2554,931806.0273,928300.0873
600622.SH,20260203,1.6499,0.59,,1.4637,2.7421,,430409.7104,430409.7104
603588.SH,20260203,3.1555,0.63,27.0277,1.5999,1.1602,0.6958,1532373.8637,1532373.8637
002432.SZ,20260203,1.5396,0.42,10.1307,0.8625,12.1944,0.4486,1913840.3516,1804494.1482
688050.SH,20260203,1.0668,0.72,32.0831,4.1206,7.8294,0.5841,1158098.2119,1158098.2119
300592.SZ,20260203,6.929,0.91,194.8052,2.5542,0.6116,0.3394,589963.3833,509021.7181
600684.SH,20260203,5.9331,0.78,154.8333,4.3974,3.3894,,540870.3244,417342.2935
920378.BJ,20260203,0.7837,0.7,84.9653,4.1734,4.2294,0.9756,159414.15,114166.8206
002815.SZ,20260203,5.849,0.78,59.3878,2.075,2.5153,0.707,1835142.5047,1171153.0151
688068.SH,20260203,1.8657,1.1,,4.4192,29.8324,,1296057.0012,1296057.0012
002862.SZ,20260203,3.8464,0.89,,7.8905,6.9423,0.114,315672.0,237219.8342
300408.SZ,20260203,0.8903,0.64,37.2883,4.52,11.1642,0.7652,9492411.4786,9261159.1082
600819.SH,20260203,2.0658,1.23,58.565,2.2088,1.5103,0.3845,841964.5969,644272.6498
300580.SZ,20260203,0.9878,0.67,40.5926,3.7479,8.4875,0.6984,1218323.7674,1145960.2416
603086.SH,20260203,2.4597,0.41,21.8703,1.6579,1.4135,,358286.0298,358286.0298
300103.SZ,20260203,2.4615,0.87,,5.0412,15.2864,,245187.972,244984.3933
603982.SH,20260203,1.8395,0.86,,1.3176,1.1609,,309264.2588,287601.8552
603022.SH,20260203,2.7959,0.91,43.1201,2.7589,2.3773,0.6897,226200.0,226200.0
300009.SZ,20260203,1.3702,0.54,24.9682,4.011,6.4782,1.4988,1669649.3873,1229016.9848
603079.SH,20260203,1.4102,0.83,62.6344,2.4283,4.5557,,382595.959,382595.959
300681.SZ,20260203,3.1002,0.76,45.1069,2.5136,2.3936,0.1008,761235.0483,573986.7303
002560.SZ,20260203,9.0944,0.87,63.2418,2.0173,0.6791,,540459.25,465618.2101
300299.SZ,20260203,4.5098,0.83,,11.4495,12.8122,,492183.9606,491416.0596
002879.SZ,20260203,7.4986,1.02,80.6098,2.4057,2.8347,0.8741,423291.9469,302241.739
920267.BJ,20260203,1.5775,0.66,164.4186,4.5096,2.1288,0.8095,117309.9625,69417.3317
603352.SH,20260203,6.4549,0.63,43.1687,3.5032,2.7295,,1006173.3348,197190.9093
920057.BJ,20260203,1.329,0.55,,1.7636,0.9558,,126159.2547,80089.1926
300399.SZ,20260203,3.4836,0.72,353.5319,10.5486,11.2585,0.1825,541424.0,541371.1865
920076.BJ,20260203,7.276,0.35,28.7163,2.2136,2.0175,,210257.1104,49680.2023
688201.SH,20260203,3.2451,0.63,321.6561,3.9181,9.8283,,509666.1823,486166.9201
603387.SH,20260203,1.1316,0.5,20.6737,1.6038,4.1393,2.1152,431587.643,431587.643
300767.SZ,20260203,1.8591,0.61,,3.1418,9.6861,,507822.9095,440921.4905
300758.SZ,20260203,14.4732,0.79,97.2323,4.2393,4.9531,,759292.1745,684982.7859
000528.SZ,20260203,2.9382,1.47,16.0624,1.2879,0.7133,2.2801,2351540.5279,2348447.9957
300133.SZ,20260203,7.3376,0.85,69.9256,2.4399,8.4401,0.3512,1761756.8253,1504209.5646
301602.SZ,20260203,0.8304,0.9,68.1048,7.4407,26.2988,0.4511,968453.3115,471417.1231
002742.SZ,20260203,0.5106,0.36,,,2.8976,,274324.9184,210108.0093
920599.BJ,20260203,1.5013,0.72,10.9923,2.9031,1.4556,3.3183,954651.6,719457.4501
688365.SH,20260203,9.2732,1.01,,13.1938,23.5792,,1250221.2722,1250221.2722
603173.SH,20260203,1.3785,0.6,19.3376,4.0683,2.651,1.0281,770400.0,770400.0
000570.SZ,20260203,2.2754,0.98,253.4692,1.2258,1.6716,0.1675,421298.4267,331748.4267
003021.SZ,20260203,2.2751,1.03,116.5572,8.4556,16.7262,0.2376,2880795.7376,2481404.3091
688206.SH,20260203,1.1034,0.58,5113.3779,8.0699,35.8251,0.0799,1628435.5259,1628435.5259
600259.SH,20260203,5.0311,0.89,268.2671,8.0284,3.304,,2805539.0535,2805539.0535
300647.SZ,20260203,2.1951,0.57,,5.4875,3.9897,,314179.5435,313713.1522
300276.SZ,20260203,2.6803,0.84,250.753,6.1468,7.5289,,1218907.4013,919697.9331
300122.SZ,20260203,1.2348,0.38,,1.4054,3.778,,4122105.9443,2435435.3591
301387.SZ,20260203,5.4393,1.0,156.9946,3.9285,4.1995,0.2469,646994.8034,258709.6878
002419.SZ,20260203,2.4061,1.21,317.476,1.623,0.5715,1.0563,663905.522,663828.6506
300031.SZ,20260203,3.0535,0.82,53.6404,2.3906,2.9327,0.4312,971073.5857,816060.4875
600893.SH,20260203,2.274,0.97,534.3439,3.251,2.8852,0.1999,12936128.837,12933850.4506
688029.SH,20260203,0.8862,0.83,24.5364,3.6841,4.8027,1.8688,1500149.5121,1500149.5121
301116.SZ,20260203,1.4816,0.81,,3.4643,0.2668,0.6151,510938.7768,510936.2163
300885.SZ,20260203,8.659,1.63,98.7411,7.6495,23.7807,0.4461,672491.378,452618.1703
688199.SH,20260203,4.2824,1.48,,1.7145,3.0115,,440150.3952,440150.3952
603087.SH,20260203,1.0217,0.7,43.5459,3.573,10.4778,1.4822,4031211.2358,3764987.5564
600579.SH,20260203,1.8832,1.06,,2.6794,1.2194,,439304.6755,439304.6755
603559.SH,20260203,2.1915,0.76,,2.8673,6.516,,272868.3457,272868.3457
002658.SZ,20260203,3.8866,0.61,29.2444,2.3417,4.1302,2.5661,608423.2043,343143.3545
603867.SH,20260203,5.2227,1.55,28.375,2.2436,2.211,1.3031,657462.4241,652021.0241
688658.SH,20260203,2.8602,1.36,,2.8774,3.8728,,986850.0,986850.0
601279.SH,20260203,0.7685,0.82,,1.683,1.6264,0.2232,710432.1213,710432.1213
600908.SH,20260203,0.7979,0.9,5.461,0.573,2.6024,5.7192,1266331.338,1153603.4077
001335.SZ,20260203,11.4847,1.35,48.7949,5.224,3.6204,0.2801,501975.3438,125493.836
301252.SZ,20260203,3.7074,0.56,45.72,4.0161,4.3226,0.5537,523752.7368,146332.9618
300180.SZ,20260203,1.5106,0.78,270.3777,2.4385,2.8129,0.0766,1149972.2812,1118351.3354
605339.SH,20260203,0.3251,0.76,97.7265,2.2922,28.2026,0.9159,781119.0241,781119.0241
601000.SH,20260203,1.0195,0.81,14.2049,1.2097,4.584,4.6729,2536297.4468,2536297.4468
002262.SZ,20260203,1.0022,0.84,18.8533,2.8604,3.8485,1.5782,2318024.9824,2017079.1422
920035.BJ,20260203,2.9537,0.55,37.201,3.9533,4.2102,,224689.4,50546.376
300819.SZ,20260203,7.5111,1.03,101.2723,6.9994,10.5832,0.9978,598162.845,540261.8603
001378.SZ,20260203,3.1217,1.24,41.4193,1.7886,2.2241,2.6041,332133.9976,163806.2071
688505.SH,20260203,0.6428,0.68,,3.9291,12.4686,0.3505,887305.7176,608249.7176
605158.SH,20260203,0.7575,0.9,26.2118,1.7363,0.6372,1.7698,429081.38,429081.38
688193.SH,20260203,1.4074,1.02,,2.2803,12.5455,0.4656,208082.8349,208082.8349
300612.SZ,20260203,12.7942,0.88,,7.3581,7.0573,,360728.5375,359579.1125
300235.SZ,20260203,3.7938,0.98,638.7783,5.205,50.6931,0.3108,363018.6477,292919.6476
600360.SH,20260203,1.5143,0.5,48.2299,2.4901,3.8061,0.84,846020.1628,846020.1628
300161.SZ,20260203,1.7487,0.54,,4.1357,4.0776,0.0313,635631.4023,623788.6947
001282.SZ,20260203,2.6183,0.71,34.4123,2.8908,2.8184,0.6777,463701.3472,163129.9376
300779.SZ,20260203,3.2224,1.12,752.3719,14.7473,17.2945,0.097,2009333.02,1610405.4
300434.SZ,20260203,1.829,0.48,32.8423,1.7014,4.0626,0.6473,428258.9676,364701.0777
000695.SZ,20260203,3.2388,0.72,,24.9315,5.3894,,269909.2599,269500.8073
920112.BJ,20260203,0.7891,0.36,22.2201,3.6843,2.9761,1.3182,321836.05,87933.119
000905.SZ,20260203,2.1201,0.57,45.0261,1.8394,0.4458,0.8814,925778.3771,925776.5051
301332.SZ,20260203,1.2109,0.86,35.7228,1.5577,1.2918,1.5137,454177.5,260659.14
301278.SZ,20260203,5.8893,0.84,112.81,2.377,3.529,1.3557,338199.6991,193785.4043
920725.BJ,20260203,9.295,0.48,,5.2856,18.672,0.2832,320101.425,147566.7113
920068.BJ,20260203,3.8344,0.38,132.1736,9.9965,19.5313,0.5181,1265308.029,121019.2237
000573.SZ,20260203,5.8622,0.44,41.1808,1.6334,6.1814,1.1876,268716.1343,266478.1888
300521.SZ,20260203,2.2145,0.44,,9.497,26.9825,0.114,505338.75,505338.75
600639.SH,20260203,0.7343,0.71,12.3735,0.8113,5.5819,3.0821,1175166.299,890197.828
301149.SZ,20260203,5.9409,0.6,39.8774,2.6763,0.9362,1.1981,538360.0225,327058.3499
600835.SH,20260203,1.3554,0.91,31.2144,2.0384,1.4475,1.5059,2852419.93,2249340.4927
000973.SZ,20260203,3.5605,0.84,98.3278,4.0673,5.2498,0.2862,1183158.5381,1183158.5381
000501.SZ,20260203,1.461,0.58,35.9486,0.726,1.293,2.8486,789755.5347,788970.7373
000822.SZ,20260203,3.8102,1.02,,1.0095,1.0179,,484244.732,484244.732
688588.SH,20260203,1.0507,0.78,59.3752,4.6864,5.3987,1.3384,577214.4343,577214.4343
300812.SZ,20260203,13.3123,1.02,,5.5874,10.0424,,437880.7927,289805.3862
301205.SZ,20260203,19.8435,1.13,260.671,18.488,26.7775,0.0885,2932344.144,1535925.0863
600386.SH,20260203,1.3534,0.96,4496.5798,2.0684,0.8976,0.2183,369331.2,369331.2
605116.SH,20260203,1.1224,1.05,26.1101,4.3951,6.8236,1.0591,1108474.0456,1108474.0456
002651.SZ,20260203,1.9975,0.88,131.1736,4.0301,15.8401,0.5484,1130605.24,618617.2233
300971.SZ,20260203,4.1461,0.61,40.8208,2.8575,5.9079,0.6975,301056.0,235679.9949
688058.SH,20260203,2.2813,1.06,,3.8266,11.1226,,243586.9793,243586.9793
000737.SZ,20260203,12.9348,1.23,45.3565,5.1467,1.3228,0.6115,3426584.8666,3426264.1498
605208.SH,20260203,2.7669,0.85,85.9632,2.0467,0.7928,0.289,444759.12,444759.12
300345.SZ,20260203,10.9005,1.21,,7.867,4.1485,,410222.6404,338898.5362
301168.SZ,20260203,1.9924,0.69,118.8979,2.4904,3.6697,0.1371,538320.0,427575.6253
688293.SH,20260203,0.8933,0.88,130.3163,2.6734,15.9678,0.8664,563523.5825,563523.5825
300342.SZ,20260203,22.0746,1.38,401.8048,15.2216,27.2169,0.1158,2386572.1595,2351555.6157
300964.SZ,20260203,4.5099,0.76,126.9475,4.4464,5.7945,0.3374,452504.1545,327424.9562
688184.SH,20260203,1.4037,0.87,,1.0014,2.8809,,159206.5615,100588.0015
301043.SZ,20260203,2.3088,0.61,51.9949,5.3357,7.5767,2.2192,447372.0,373343.4473
300828.SZ,20260203,18.4598,1.27,90.5907,5.2836,6.5965,,411395.184,308352.8057
603316.SH,20260203,3.3508,0.46,,5.9444,7.3885,,381332.952,381332.952
301571.SZ,20260203,1.7123,0.8,53.0278,5.1765,9.8286,0.1713,1015730.0652,674604.3304
600468.SH,20260203,3.0065,0.99,,3.9699,3.6725,,797309.9903,797309.9903
300217.SZ,20260203,6.2992,1.15,44.7411,2.0097,2.4428,0.5604,843924.8327,700589.3134
600864.SH,20260203,0.9387,0.67,21.7165,1.0184,8.2029,0.7716,1348209.697,1348209.697
688056.SH,20260203,1.3298,1.26,69.8145,3.1773,6.4232,1.5681,255509.9185,255509.9185
600626.SH,20260203,1.3728,0.85,76.4072,2.0309,0.6062,,652447.8655,547341.4827
002930.SZ,20260203,6.4934,1.83,,2.488,4.6876,1.576,580554.6501,549121.5912
688052.SH,20260203,2.4523,0.7,,3.5873,9.6881,,2867538.9941,2513203.8591
000407.SZ,20260203,6.8965,0.53,34.4884,1.4446,1.0829,0.84,440042.328,437891.106
000668.SZ,20260203,1.2712,0.46,,3.0226,7.6331,,213508.1081,213508.1081
603551.SH,20260203,0.8711,0.82,14.7239,3.4582,2.3819,7.4409,434759.1945,429086.5945
603617.SH,20260203,1.9765,0.92,62.4469,2.0101,2.7675,1.0336,302224.8148,296938.3948
603601.SH,20260203,22.2195,1.21,180.5079,5.5265,10.7298,0.2104,1464481.1248,1464481.1248
600724.SH,20260203,0.8856,0.72,44.3809,3.4042,6.2323,2.0833,971201.9997,971001.4702
300993.SZ,20260203,1.2803,0.64,26.8987,2.9564,5.8546,0.6683,452028.4704,353245.0547
600232.SH,20260203,8.5234,2.71,,3.61,2.8619,1.0753,339188.2459,339188.2459
603083.SH,20260203,8.849,1.22,144.7193,5.2319,9.3423,0.2292,3968727.2977,3101471.5497
002749.SZ,20260203,0.7138,0.64,16.5648,3.4781,2.998,7.5134,621655.9472,604716.8257
001330.SZ,20260203,14.5352,1.38,,3.3994,9.6615,,1424001.6674,1424001.6674
603035.SH,20260203,1.4753,0.96,14.3966,1.052,0.8462,2.2852,558679.297,558679.297
600649.SH,20260203,3.1634,0.69,17.436,0.6166,0.7209,0.7707,1299835.8986,1299835.8986
002571.SZ,20260203,3.0083,0.73,,4.9372,2.8183,,482099.361,366916.6112
300956.SZ,20260203,1.4696,0.71,272.125,2.7501,1.7046,0.4754,377644.688,368923.0502
600348.SH,20260203,1.3222,0.61,21.6458,1.1995,1.4144,3.366,3311685.0,3311685.0
002471.SZ,20260203,44.8854,1.7,,7.4295,2.3949,,1296215.72,1271417.3536
300193.SZ,20260203,2.0067,0.89,19.1077,1.9531,3.6581,2.1164,450056.0657,396574.61
300783.SZ,20260203,3.3818,0.72,42.7487,3.2676,0.8663,0.5157,971237.8182,677682.9462
300700.SZ,20260203,3.6246,0.59,,6.5466,13.8376,,569736.361,388325.8508
600873.SH,20260203,1.0025,0.7,7.9288,1.8549,1.215,4.0143,2989321.5989,2989321.5989
002932.SZ,20260203,1.4198,0.43,625.1434,0.7978,12.6305,5.9367,443649.986,297810.4872
002597.SZ,20260203,1.7145,0.66,24.6077,1.7513,2.7589,3.4261,1325321.9555,1321821.4836
920751.BJ,20260203,1.9433,0.74,50.3137,6.0131,10.6464,1.0993,236822.62,226499.1541
601869.SH,20260203,5.3902,0.86,238.8785,9.8766,9.9277,0.1622,13678648.1944,6713521.6239
920091.BJ,20260203,11.753,0.84,85.0789,9.9687,15.3867,,468979.476,103698.567
600777.SH,20260203,0.2242,0.37,16.2234,1.1824,3.6642,,2781402.7924,2603756.3279
600759.SH,20260203,9.1387,0.51,44.5804,2.105,8.5484,,1850458.1389,1848083.8579
603059.SH,20260203,5.4948,1.47,,3.8756,2.7638,0.197,407821.722,407821.722
600096.SH,20260203,2.3205,0.58,11.6504,2.712,1.2532,4.4407,6568235.6038,6568235.6038
601811.SH,20260203,2.0354,2.25,11.7906,1.3031,1.6308,3.8511,1922324.278,1233786.2762
600355.SH,20260203,0.4337,0.31,,7.892,3.1102,,83163.0748,83163.0748
300534.SZ,20260203,3.4107,0.71,110.7816,4.5058,3.5327,0.3902,310928.625,309602.7752
300525.SZ,20260203,2.6388,0.51,37.0327,4.0412,4.9726,0.8859,1017844.5675,834835.2894
300763.SZ,20260203,5.5956,0.84,37.3243,3.6402,4.7044,0.2406,3313436.8314,2676927.2714
000088.SZ,20260203,1.0217,0.81,16.4113,1.3146,29.1776,4.877,2324169.0557,1413813.8272
300548.SZ,20260203,12.0515,0.89,166.0544,25.203,20.4757,0.0493,4724922.3958,4363962.2358
001336.SZ,20260203,4.6471,0.89,82.9047,2.7733,6.0933,0.5469,219017.7875,126939.111
002072.SZ,20260203,1.9223,1.17,,89.7877,5.3585,,272083.2,219511.528
000155.SZ,20260203,1.8412,0.64,52.324,2.3254,8.0965,1.3492,2326172.1109,2326172.1109
600327.SH,20260203,1.8414,0.67,,1.2757,1.1467,0.6483,404344.2397,404344.2397
600859.SH,20260203,2.4342,0.78,,0.8322,1.5423,0.551,1631948.4276,1631798.3489
601718.SH,20260203,0.9042,0.65,,1.177,2.011,,1439152.936,1439152.936
002311.SZ,20260203,0.4061,0.57,17.0695,3.3929,0.6813,2.5227,8573303.5954,8566972.2744
688001.SH,20260203,1.0735,1.08,,4.1893,6.8113,,1447258.9288,1447258.9288
600266.SH,20260203,2.6388,0.5,,0.641,0.3775,0.8333,1245446.1042,1245446.1042
688750.SH,20260203,3.2773,0.51,110.3945,3.7048,14.7651,0.4277,908350.0,457451.5923
603655.SH,20260203,3.1349,0.82,106.9327,7.9425,16.7849,0.4529,440748.0,440748.0
600138.SH,20260203,2.2621,0.71,86.2873,1.1421,0.6384,0.7,723840.0,723840.0
300324.SZ,20260203,4.3523,0.62,,3.6269,3.5492,,1000274.9545,990084.701
920592.BJ,20260203,2.4187,0.72,,9.1119,16.7421,0.3988,311707.11,194002.273
603843.SH,20260203,0.2391,0.07,,14.6533,3.4464,,409979.2169,409979.2169
300850.SZ,20260203,4.6719,0.77,24.0668,2.6847,4.0055,0.1902,1841853.7941,1337899.2149
300082.SZ,20260203,1.3274,0.4,,2.4223,1.4951,,663095.745,661252.7639
002708.SZ,20260203,2.0062,0.71,102.7963,4.5182,3.0684,,765015.3331,703169.5659
600733.SH,20260203,1.8999,0.57,,6.3116,2.5243,,5068254.5538,3893802.6891
600119.SH,20260203,2.6022,0.66,,20.9655,11.1321,,250210.2035,250210.2035
301321.SZ,20260203,4.1744,0.68,,4.3519,1.3693,,422834.58,334802.8155
688002.SH,20260203,2.8193,1.07,66.5949,8.7824,10.0472,0.1366,5276631.8573,5276631.8573
000860.SZ,20260203,2.3286,0.59,,1.5825,1.4385,1.0074,1104491.0466,1104491.0466
300257.SZ,20260203,0.8765,0.75,41.8119,2.5572,3.7016,0.5879,1690173.1656,1623928.0302
301628.SZ,20260203,6.749,0.98,57.1144,6.4384,8.0767,0.4082,738532.0884,319647.9924
600517.SH,20260203,0.7641,0.86,16.5631,1.684,5.1031,1.3636,3899973.1774,3899973.1774
000572.SZ,20260203,4.0069,1.05,,6.7687,5.7396,,1138088.4068,1136439.1224
001256.SZ,20260203,1.6388,0.85,33.934,2.5592,5.9869,0.9172,309326.6383,231893.3383
300493.SZ,20260203,3.2325,0.79,221.3479,8.6197,3.5565,0.1789,1003003.689,991438.3082
002127.SZ,20260203,1.4916,0.52,,1.8713,2.653,1.2579,780648.7882,634325.093
603333.SH,20260203,0.9329,0.49,,2.4216,3.3723,0.121,499708.1791,499708.1791
600821.SH,20260203,2.1098,0.46,18.8538,1.2296,3.2137,3.3791,1164404.5931,1164404.5931
600653.SH,20260203,0.854,0.69,646.2153,5.1123,0.8658,,373705.0209,373705.0209
002344.SZ,20260203,1.5631,0.97,82.3782,0.751,6.0782,0.7739,629764.9274,629191.9952
301162.SZ,20260203,7.9115,2.5,85.4533,6.4715,14.4552,0.784,989604.9159,636123.4903
920077.BJ,20260203,2.7985,0.68,75.8631,4.2148,4.6566,,1087211.3615,586370.1115
300283.SZ,20260203,5.434,0.96,,3.6057,1.1357,,412988.9025,305158.5752
688156.SH,20260203,1.7282,0.63,,2.3546,6.2342,,192666.1823,192666.1823
001369.SZ,20260203,6.477,0.83,32.5033,2.5301,4.8385,,1720500.0,301544.082
002105.SZ,20260203,1.8089,0.46,,3.0913,2.0873,,258200.5748,256952.0374
601728.SH,20260203,0.3163,0.68,15.0183,1.1305,0.9849,4.8392,51793040.5036,43938426.4436
002461.SZ,20260203,0.9097,1.47,21.4838,1.8382,3.4412,1.8478,2036262.2016,2036262.2016
300501.SZ,20260203,3.2432,0.9,68.1979,2.0151,2.6063,2.9454,296887.4546,154511.1514
002253.SZ,20260203,5.7451,1.08,,2.2023,20.3145,,234425.5127,216427.9017
002360.SZ,20260203,6.5417,1.46,,1.049,4.5688,,209726.1575,170966.6041
300808.SZ,20260203,3.6941,0.65,,5.4093,15.4258,,524480.0,389752.8167
603809.SH,20260203,1.8163,0.82,34.6711,3.2651,4.6471,1.0752,1192694.2939,1192694.2939
603010.SH,20260203,3.4923,0.9,209.1461,2.0063,2.1817,0.6317,725181.6694,725181.6694
600107.SH,20260203,2.0513,0.81,,4.6054,8.6075,,210240.0,210240.0
603279.SH,20260203,2.1848,0.52,17.7022,2.4712,1.9465,4.7371,1095108.7,1095108.7
002737.SZ,20260203,0.4343,0.6,,2.0203,3.9098,3.5663,818768.0,818768.0
002193.SZ,20260203,7.8196,1.34,,3.1108,5.0033,,170376.8231,170375.8466
603393.SH,20260203,2.5723,0.6,10.8629,1.3523,3.2129,,1215382.4445,1213375.556
301009.SZ,20260203,1.4589,0.7,96.7625,2.6911,3.2072,0.5197,358855.2,199366.237
002313.SZ,20260203,1.8067,0.85,,274.7957,1.376,,367660.8,367634.9489
002385.SZ,20260203,6.1143,0.59,37.7501,2.0633,0.6032,0.7248,1771632.3688,1451920.0894
300652.SZ,20260203,2.0363,0.74,41.3556,4.5052,6.6116,0.2258,681625.8229,611758.607
603609.SH,20260203,0.5828,0.86,36.2417,1.0244,0.1806,0.7594,661235.9448,661235.9448
002238.SZ,20260203,4.0476,2.58,,3.4139,5.5894,0.5537,724710.9215,724710.9215
605183.SH,20260203,0.6145,0.75,16.1456,2.4898,4.0717,1.3758,902466.4247,894971.8957
001400.SZ,20260203,14.4642,0.65,59.7739,5.3927,6.481,0.7237,663300.0,165825.0
688038.SH,20260203,2.1576,0.73,,4.1684,10.9283,,246595.2346,246595.2346
603128.SH,20260203,0.7533,0.67,20.6973,1.2742,0.459,2.9492,772337.4315,772337.4315
688163.SH,20260203,0.8432,0.65,59.5105,2.4095,13.7775,1.2774,271091.1,271091.1
300920.SZ,20260203,1.9342,0.77,118.738,3.5004,9.3964,0.241,415000.0,229832.4407
600536.SH,20260203,1.7398,0.78,,12.0121,7.7325,,4233788.3719,3825135.8279
600268.SH,20260203,4.2796,0.87,30.2457,3.9336,1.3777,1.0537,1350092.264,1343394.8947
300588.SZ,20260203,1.8401,0.37,,17.6921,26.6413,,484804.648,447713.38
600009.SH,20260203,0.8833,0.95,32.1142,1.8302,5.8947,1.67,7599308.0242,6249337.6388
920419.BJ,20260203,0.9393,0.81,24.8615,2.7148,1.9934,0.6309,163740.644,153140.0039
603028.SH,20260203,3.3563,0.5,,5.4928,1.5475,,281299.2,278506.2
688691.SH,20260203,9.4454,0.86,,12.5329,22.6162,0.1298,1572000.0,936191.631
603112.SH,20260203,1.5383,0.76,17.4434,2.2208,2.3203,1.9258,933414.7329,872983.383
002421.SZ,20260203,2.5641,0.99,,2.049,2.4365,0.1742,608606.9304,575920.7489
600736.SH,20260203,2.5388,0.46,46.8204,1.0795,1.4638,0.2571,805905.0349,805905.0349
688311.SH,20260203,3.3596,0.89,,4.799,25.2513,,759000.5063,759000.5063
601007.SH,20260203,3.2137,0.93,103.2179,2.0536,1.8419,0.8393,325260.0,325260.0
600059.SH,20260203,3.7429,0.66,45.2686,1.6021,5.0859,0.7828,931596.3461,931596.3461
000932.SZ,20260203,1.7254,0.96,14.9116,0.7447,0.3241,1.6621,4131362.2344,4131310.8566
600184.SH,20260203,1.3736,0.65,,3.0268,6.1483,,1025600.3437,1025600.3437
300212.SZ,20260203,13.6138,3.65,,31.9261,19.3832,,868190.2609,842405.1391
000078.SZ,20260203,5.0219,0.51,,5.4288,0.3627,,989302.3446,987541.8679
603970.SH,20260203,1.4825,0.41,20.2903,2.352,0.3302,3.321,364224.1816,364224.1816
300882.SZ,20260203,3.6228,1.05,36.9978,4.9462,5.421,0.2208,648245.6908,603230.723
300128.SZ,20260203,2.7762,0.99,,14.2239,4.3871,,940559.5583,939547.1348
300491.SZ,20260203,7.0699,1.28,209.5597,4.1812,3.3987,0.2415,492060.4903,436926.8108
002677.SZ,20260203,4.6831,2.11,281.9937,4.1529,10.9449,3.1612,613103.013,507592.3123
688702.SH,20260203,2.7027,0.72,3446.8865,25.1003,53.9197,,5963040.0,2952312.492
603717.SH,20260203,2.3864,0.81,,4.2817,3.1106,,221671.7274,221671.7274
001202.SZ,20260203,3.6926,0.55,40.1639,3.5138,1.804,,293876.4269,205960.6327
603351.SH,20260203,1.0007,1.47,25.3736,2.1289,2.8486,1.4467,374489.2,374489.2
600051.SH,20260203,2.1913,1.0,26.5123,0.7274,1.4837,1.5094,247149.6,247149.6
002988.SZ,20260203,1.6876,0.91,52.7589,3.5585,1.2858,0.4128,953627.3121,953332.5511
600636.SH,20260203,1.309,0.9,,1.848,10.7367,0.5767,380298.1073,380298.1073
605089.SH,20260203,1.4424,0.77,54.9153,3.2543,5.7677,1.2319,399234.0,399234.0
000530.SZ,20260203,3.4706,0.86,55.3377,1.8442,1.3249,0.7184,586875.9049,417628.8582
300950.SZ,20260203,2.8739,0.59,53.0729,4.7093,7.9966,0.8009,375781.94,223313.6126
002674.SZ,20260203,1.6167,0.85,60.0016,1.7886,1.4551,1.0323,429435.5216,425094.9864
300777.SZ,20260203,4.4229,0.72,47.6311,4.4189,20.5013,0.4881,1976485.3788,1904150.5982
301519.SZ,20260203,3.566,0.93,,1.6921,3.7319,0.6647,239393.1038,111780.8875
301060.SZ,20260203,2.3223,0.58,,2.8584,2.9587,1.7673,450982.142,405567.8112
688432.SH,20260203,0.8674,0.66,90.5846,3.9393,18.1598,0.424,1760425.0161,1760425.0161
000990.SZ,20260203,3.2786,0.67,86.8494,0.5623,0.8714,0.6046,1005001.4414,1005000.6971
301198.SZ,20260203,2.554,0.77,,2.6388,5.4283,,241163.0,221976.0717
920718.BJ,20260203,0.9733,0.61,21.4726,2.3601,1.1234,0.6523,138992.0511,65527.041
600676.SH,20260203,2.8878,0.93,,1.5934,1.7606,,817651.8905,817651.8905
300686.SZ,20260203,2.3401,0.54,,4.3378,2.5367,,408398.1527,265925.9831
688055.SH,20260203,0.2552,0.98,,3.0592,4.6917,,1256666.6918,1256666.6918
002119.SZ,20260203,22.5949,0.8,96.5694,6.6614,4.7396,0.1164,967482.152,967482.152
000652.SZ,20260203,2.1521,0.39,133.3345,1.0876,0.3323,0.7109,622692.1655,622223.1155
300231.SZ,20260203,3.8523,0.86,,3.1489,2.9848,0.868,511824.1524,511797.8696
688247.SH,20260203,0.5147,0.62,47.7297,3.6288,9.7938,0.5916,470566.92,470566.92
605488.SH,20260203,3.6751,0.68,81.4484,7.0945,3.8051,0.2744,1088933.3539,1073285.2091
603267.SH,20260203,2.8675,0.55,51.246,2.9161,7.2765,0.4885,1274642.2003,1274642.2003
603008.SH,20260203,2.5973,0.88,22.6793,2.1057,0.8782,3.7697,785936.0563,785936.0563
920118.BJ,20260203,1.4474,0.85,26.504,2.1606,0.7627,4.1824,121692.336,73884.5301
301359.SZ,20260203,2.7669,0.86,61.1958,3.0541,7.6721,1.6658,257657.344,146642.4905
603153.SH,20260203,1.38,0.92,23.3613,1.9662,1.5546,1.4453,712338.6022,234630.0
002555.SZ,20260203,5.8023,1.42,18.3628,4.4087,3.4595,3.8391,5729695.5938,4141325.2889
300830.SZ,20260203,12.8345,0.76,471.7257,4.7803,16.4004,0.1582,652620.8794,487087.4955
002811.SZ,20260203,3.4708,1.44,32.7664,3.1714,3.2957,3.0307,445324.6272,409381.0727
301499.SZ,20260203,5.6396,0.51,84.5231,3.2997,4.4816,0.3997,421953.851,105488.4643
002667.SZ,20260203,19.942,1.45,,10.8773,17.7198,,502941.595,456659.23
002523.SZ,20260203,2.3743,0.83,52.74,2.5333,3.0859,0.3348,634655.0784,632371.122
600272.SH,20260203,1.6929,0.58,273.2992,4.6677,3.0872,0.2845,362459.6841,220800.0
600969.SH,20260203,2.9777,1.18,,1.2433,1.1164,,452571.7419,452571.7419
300439.SZ,20260203,1.1915,0.44,41.4245,1.3197,2.6511,1.3288,390083.5972,296717.0318
600022.SH,20260203,1.3224,0.64,,0.9072,0.2358,,1711815.9286,1711815.9286
688146.SH,20260203,2.5063,0.65,72.746,4.046,10.6516,0.3993,2293941.1777,628158.6584
688698.SH,20260203,2.7105,0.9,74.891,8.4793,10.5898,0.4574,1941186.5602,1941186.5602
603363.SH,20260203,1.9972,0.57,5.9176,3.209,1.3122,,1072420.2723,877317.0069
300007.SZ,20260203,4.9692,0.86,223.3183,6.2808,7.7337,0.0718,1825181.8803,1579086.5474
000595.SZ,20260203,1.1258,0.65,676.1989,13.5825,12.5555,,691164.4142,691164.4142
300856.SZ,20260203,0.9204,0.63,50.947,2.4039,4.1917,1.585,643129.1255,621562.5623
603283.SH,20260203,5.6909,0.91,28.241,4.2941,3.9948,0.8124,1355870.165,1355870.165
603381.SH,20260203,9.736,1.0,59.8967,1.539,0.4787,2.4138,550434.6763,329759.4315
002340.SZ,20260203,3.0675,0.48,35.9031,2.1399,1.2279,0.765,4399073.483,4373093.4918
688330.SH,20260203,5.7889,1.3,29.7925,1.6827,8.6261,0.7236,651700.0,651700.0
002927.SZ,20260203,3.9245,0.98,257.7427,4.2155,5.069,0.2558,436340.7119,431542.4616
301392.SZ,20260203,8.966,1.23,575.2803,16.8638,31.1201,0.2453,1222900.0,498893.1956
002014.SZ,20260203,0.5153,0.94,15.8278,3.1835,2.0239,7.377,747240.0765,737510.8437
300902.SZ,20260203,2.8711,0.8,,4.6706,12.0516,,383423.3052,255722.944
001213.SZ,20260203,0.5214,1.03,32.0733,0.9524,1.5336,1.9804,1817777.7776,1817777.7776
002851.SZ,20260203,4.2211,0.79,285.9253,10.7686,7.4977,0.0403,6793454.0499,5654661.9084
300447.SZ,20260203,11.3701,1.2,,3.154,8.0801,0.2451,630554.6471,406398.2814
002761.SZ,20260203,0.7904,0.55,54.8236,1.3321,0.1367,0.4809,1124815.6573,918438.3694
600072.SH,20260203,4.1916,1.59,,1.8761,1.8667,0.2482,1821180.671,1313004.827
300949.SZ,20260203,3.4328,0.99,,3.9228,6.8571,,262186.7918,149072.4198
301046.SZ,20260203,1.5674,0.67,177.0357,3.7729,3.5563,1.0509,434775.6778,333889.2058
603988.SH,20260203,10.6222,2.09,174.7896,11.0696,10.3903,0.1266,742996.8,742996.8
688578.SH,20260203,0.8576,0.89,21.9817,6.7062,9.1609,0.826,4358250.0,4358250.0
001391.SZ,20260203,0.8817,0.59,26.8768,2.7651,3.1383,1.0998,7215448.804,897938.2258
300998.SZ,20260203,2.2199,0.87,,2.5889,2.6306,,326325.5982,256172.0998
001218.SZ,20260203,4.7931,1.48,25.9448,1.5251,0.762,1.9137,346925.0629,247597.6081
603619.SH,20260203,11.8345,1.39,27.2401,3.268,3.4195,1.6473,1391176.4291,1391176.4291
002439.SZ,20260203,1.7481,0.68,,1.5497,6.8382,,1734725.0936,1038691.0844
603037.SH,20260203,4.1573,0.85,53.5692,4.8352,6.011,1.4339,467373.7122,466014.656
300078.SZ,20260203,5.2028,0.97,,9.5968,7.5952,,554464.6261,552230.1054
002946.SZ,20260203,0.7615,1.25,22.3057,4.3487,1.3991,1.7978,1532005.4107,1514261.9915
001267.SZ,20260203,7.0941,0.76,242.4829,13.8707,16.7348,0.1782,2200816.5924,1699064.4843
300465.SZ,20260203,2.023,0.88,290.1237,12.3938,7.2788,,831586.295,831586.295
600689.SH,20260203,1.5353,0.47,156.5049,5.738,2.0195,0.1109,271740.2957,205780.0013
301550.SZ,20260203,3.8488,0.68,197.112,21.102,47.6338,0.1995,3804473.75,2320758.9265
603615.SH,20260203,1.391,0.83,,5.0844,5.631,,581818.92,581818.92
300346.SZ,20260203,4.6032,0.63,122.5166,10.8994,15.1714,0.4852,3750908.5126,3563102.7057
601857.SH,20260203,0.1437,0.6,12.0946,1.2296,0.6721,4.489,191622963.7754,169532415.4754
603707.SH,20260203,1.3178,1.76,24.0421,2.3299,4.1536,1.0341,1562319.2926,1562319.2926
601500.SH,20260203,0.8395,0.53,70.5049,1.1967,0.8971,,734263.8696,731346.3396
001205.SZ,20260203,1.2585,0.65,39.6995,1.4432,2.0743,0.7407,300429.6473,254884.7201
300486.SZ,20260203,4.4096,0.56,,6.3755,11.2096,,1068813.6166,1068492.3805
920050.BJ,20260203,5.5324,0.49,25.7999,2.3681,2.7728,,249127.6285,66635.8583
688389.SH,20260203,0.518,0.59,23.3859,2.7935,5.5689,2.0584,587025.4501,587025.4501
600977.SH,20260203,5.3511,1.26,,3.0009,7.3934,0.0619,3317659.0,3317659.0
601218.SH,20260203,3.192,0.48,48.8167,1.7836,3.8019,0.1835,528123.264,528123.264
300926.SZ,20260203,1.619,0.83,14.6643,3.9103,2.3514,0.4919,1279072.0908,877570.8315
300046.SZ,20260203,3.4277,0.55,136.7084,7.5836,23.4903,0.2182,867124.0061,867124.0061
600053.SH,20260203,5.1908,2.0,,4.1733,38.4023,,1073013.48,1073013.48
300224.SZ,20260203,3.9766,0.55,122.7796,3.1792,2.4008,1.0345,1609181.021,1600080.2566
002514.SZ,20260203,11.3173,3.84,,28.4664,13.5278,,350656.6866,269814.6866
600880.SH,20260203,4.8008,0.76,467.4244,2.2159,10.1277,0.1623,673492.5687,673306.5878
300140.SZ,20260203,7.1911,2.29,29.2871,1.7399,4.009,1.5404,2414173.2055,794674.4538
301503.SZ,20260203,3.0179,0.89,25.4772,2.9781,2.1717,2.3942,317440.0,128880.64
002841.SZ,20260203,0.8118,0.88,29.3032,2.0239,1.1397,1.7731,2659479.2184,1992060.9492
688475.SH,20260203,0.538,0.95,42.6438,4.173,4.0942,1.1408,2416050.0,2416050.0
300987.SZ,20260203,8.901,0.97,172.0693,4.797,11.4935,0.57,380196.024,380196.024
688138.SH,20260203,0.9716,0.62,48.1802,3.4793,7.7519,0.8651,940937.2,940937.2
688018.SH,20260203,1.8607,0.72,58.9889,6.3534,11.1535,0.2434,2742816.7941,2571491.668
603920.SH,20260203,5.1044,0.9,61.7932,7.8158,9.3064,1.2846,5048469.7729,5048469.7729
601377.SH,20260203,1.4525,0.71,17.2716,1.0431,4.5334,2.2288,5812019.4489,5812019.4489
300916.SZ,20260203,2.0724,0.56,33.3261,3.3285,2.8542,1.2723,454760.758,293728.7219
300039.SZ,20260203,1.2284,0.4,18.798,1.4391,5.5466,2.0934,649566.0,569411.1863
003026.SZ,20260203,4.957,0.89,101.5401,6.7804,10.5663,0.4342,446407.836,329574.6545
688351.SH,20260203,2.9899,0.89,210.6092,6.1448,23.9967,,1100733.4,292047.2617
301099.SZ,20260203,4.4485,0.53,68.3501,5.4959,1.1875,0.4564,712209.0131,435973.5107
300132.SZ,20260203,2.3047,0.66,31.999,3.0324,2.0284,,427212.3927,420183.2219
605166.SH,20260203,1.7695,0.89,16.1885,1.7137,0.5384,1.2535,333931.3374,333931.3374
600326.SH,20260203,1.7155,0.47,,3.6133,4.1535,,1456474.4682,1456474.4682
001373.SZ,20260203,3.8534,0.63,,3.4114,5.3037,0.1389,296658.6693,143095.9505
920029.BJ,20260203,1.3956,0.71,18.3063,3.433,3.9333,1.6949,1229147.003,340607.003
301337.SZ,20260203,6.1983,0.85,,2.9449,13.0769,,322915.8,114618.9167
300390.SZ,20260203,3.93,0.73,,3.6962,5.9937,1.2363,4031633.5742,3263819.9742
301100.SZ,20260203,1.8081,0.81,,2.135,3.5204,,426000.0,186375.0
300706.SZ,20260203,6.3387,0.44,,7.7603,4.0509,,545446.7334,404389.8234
300069.SZ,20260203,3.2466,0.94,95.5672,7.8601,8.8611,,221949.0,221949.0
600730.SH,20260203,3.3711,0.77,706.8159,3.3365,51.0614,0.0981,597802.466,597802.466
301520.SZ,20260203,3.5665,0.67,73.32,1.9796,10.1441,,299466.6682,100724.0801
300604.SZ,20260203,6.4246,1.0,84.7786,18.7852,16.7723,0.0769,8193309.7598,6321316.943
920675.BJ,20260203,10.5438,0.73,43.766,3.332,3.8317,1.6653,206768.964,94900.4619
301127.SZ,20260203,2.2244,0.87,42.1273,3.6906,6.2198,0.5414,1195122.5551,1159956.6178
601298.SH,20260203,0.6789,0.95,11.5289,1.4236,3.2927,3.5657,6322331.4,5251881.05
601117.SH,20260203,2.2322,0.59,8.5136,0.7977,0.2761,3.3727,5178452.9054,5162681.123
688209.SH,20260203,2.2779,0.64,73.2713,5.1605,6.9605,0.3491,1096606.0759,1096606.0759
000722.SZ,20260203,1.984,0.58,85.2933,1.9085,16.1275,0.3864,600620.8169,600620.8169
300710.SZ,20260203,3.3483,0.69,,6.5957,10.715,,304937.7695,228587.7398
600734.SH,20260203,3.7908,0.84,,31.2344,25.5236,,969344.8822,969144.6322
301618.SZ,20260203,2.4276,0.57,99.152,5.0603,8.7292,0.6402,473091.9698,173861.2016
603607.SH,20260203,1.2463,0.41,38.6512,4.1301,4.4968,2.1386,417372.2784,417372.2784
300412.SZ,20260203,2.7174,0.76,92.2527,2.797,2.1258,1.0345,288698.8495,271359.7547
301622.SZ,20260203,5.1956,0.77,48.6844,5.0623,5.7995,0.5869,790075.7622,428116.7803
301196.SZ,20260203,4.0807,0.96,36.6218,2.9308,4.4932,0.7744,970429.5793,634710.7156
300026.SZ,20260203,0.9762,0.49,,1.2554,1.9753,0.831,1084499.8962,988608.7806
002973.SZ,20260203,2.4213,1.32,31.3844,2.4532,1.6512,0.6614,617902.4976,471036.9903
688210.SH,20260203,3.4529,0.54,326.6469,7.0515,10.7153,0.2541,925508.7728,925508.7728
300932.SZ,20260203,5.7161,1.14,59.0145,2.5138,1.9073,1.13,441103.3092,314175.4536
688807.SH,20260203,12.9942,1.14,180.0608,9.1608,34.2108,,1593920.0,299570.4101
300586.SZ,20260203,1.6249,0.61,,3.8637,4.2426,,724729.7613,544753.8009
688107.SH,20260203,1.4783,0.62,,11.5172,22.5284,,1180100.5364,1180100.5364
002767.SZ,20260203,4.0199,0.73,96.9178,4.274,5.5475,0.1814,363750.0,315731.4134
603863.SH,20260203,3.4124,0.74,,11.5386,8.1478,,420146.45,420146.45
002139.SZ,20260203,1.3998,0.51,29.7572,2.2714,1.4614,0.5356,1605923.4645,1379460.8079
688297.SH,20260203,0.885,0.86,522.462,5.7191,17.5711,,3274425.0,3274425.0
300503.SZ,20260203,11.5793,1.01,145.4594,13.3784,12.1364,0.0902,1798503.2905,1406089.7027
920060.BJ,20260203,2.4757,0.98,37.9067,4.6908,4.2525,1.5423,492928.7974,307420.2898
300817.SZ,20260203,1.7536,0.69,70.8215,4.4707,5.0152,1.3423,455370.1286,261294.9738
300955.SZ,20260203,2.3035,0.61,,4.3232,3.4753,0.7439,379411.2,379411.2
002060.SZ,20260203,1.7399,0.88,12.8716,1.0105,0.1976,3.7736,1392879.8928,579804.2389
002877.SZ,20260203,2.4746,0.67,561.4345,2.7611,3.0275,0.2125,334848.917,226324.2875
301600.SZ,20260203,2.3769,0.57,73.5972,10.7743,13.4696,1.7527,1298809.011,400844.121
002250.SZ,20260203,3.1264,0.73,40.3531,2.3712,2.5835,0.1154,1559480.2851,1550992.9851
000503.SZ,20260203,1.2634,0.56,,7.3643,28.2889,,925393.586,925377.521
002492.SZ,20260203,3.0383,0.52,56.5704,2.0349,10.3635,0.2293,351945.0,345718.376
301086.SZ,20260203,8.2887,1.12,165.3875,6.9638,15.5317,0.5352,1345410.0,707660.441
688411.SH,20260203,3.0907,0.61,42.9448,9.1727,3.7415,0.482,4109890.7599,3025477.5526
688095.SH,20260203,3.316,0.55,,3.7449,10.7918,0.2839,947763.702,947763.702
300860.SZ,20260203,4.42,1.08,190.8316,1.7763,13.6506,0.7309,541418.9272,314354.7796
301510.SZ,20260203,2.7858,0.61,227.7659,10.6109,30.1704,0.1044,1494837.37,1043218.1546
000537.SZ,20260203,0.5607,0.58,19.2045,0.8664,3.7325,2.9341,1725612.9639,1725612.9639
600312.SH,20260203,2.9556,1.02,26.1579,2.7009,2.3196,1.1518,3004223.7781,3004223.7781
002786.SZ,20260203,1.0844,0.68,,18.0304,1.7448,,413836.02,412583.52
000421.SZ,20260203,2.0438,0.86,22.7824,1.429,0.4512,0.8608,401516.5981,401433.1116
605108.SH,20260203,1.8225,1.02,111.6289,2.343,2.0477,0.5938,523380.0,523380.0
002343.SZ,20260203,3.552,0.86,,3.8149,7.1792,,363312.7794,363312.7794
002334.SZ,20260203,2.0385,0.61,26.7259,2.4711,1.7563,0.641,752807.649,671697.442
600745.SH,20260203,7.3388,1.74,,1.2685,0.858,,4307739.3295,4307739.3295
000777.SZ,20260203,3.2138,0.88,43.3662,4.2837,5.1375,0.7656,976564.6094,976547.3764
920651.BJ,20260203,10.1834,2.4,25.0295,4.2443,6.6355,1.958,218075.0,54607.6638
600740.SH,20260203,3.1294,0.53,,0.7438,1.7047,0.4525,1132457.5501,1132457.5501
000811.SZ,20260203,4.6684,1.6,29.5419,2.7988,2.6405,0.6659,1719964.348,1695559.7152
603500.SH,20260203,2.1631,0.96,30.8889,4.4586,5.953,0.9566,452261.9443,450961.6844
600354.SH,20260203,15.3008,0.84,56.0514,5.6229,3.085,,387406.7267,387406.7267
605006.SH,20260203,1.2883,0.64,412.5214,1.8917,2.0705,,474614.1431,474614.1431
300512.SZ,20260203,2.1044,0.59,122.5143,2.5821,3.6997,0.5762,419877.5468,332328.7882
300191.SZ,20260203,13.0988,0.71,,8.8589,17.0528,,940800.0,650313.3
300807.SZ,20260203,2.5644,0.79,,7.9057,19.001,,371496.145,283600.5299
300582.SZ,20260203,3.9874,0.61,,3.7769,2.0911,0.2236,500347.1539,371300.8104
600895.SH,20260203,1.3318,0.77,58.1768,4.7836,27.4658,0.5383,6329494.1909,6329494.1909
603933.SH,20260203,1.7553,0.75,279.5126,3.6217,2.2496,0.2605,477975.1562,477975.1562
605566.SH,20260203,1.2898,0.96,137.2012,2.1022,5.2369,0.3157,420021.0,420021.0
300219.SZ,20260203,3.5798,1.09,82.2954,2.1069,1.253,1.4993,542992.6691,541999.6994
002338.SZ,20260203,1.7134,0.64,223.4514,9.695,18.0075,0.1091,1320000.0,1320000.0
301396.SZ,20260203,29.7843,0.85,254.9239,12.4624,8.0418,0.0824,1596889.5239,791395.3317
000783.SZ,20260203,1.8542,0.86,11.7382,1.2446,4.2276,1.8727,4429588.4313,4429588.4313
600193.SH,20260203,2.888,0.98,,20.587,,,183335.763,183335.763
600690.SH,20260203,0.6213,0.64,11.275,2.0186,0.7453,4.8502,23631626.718,15757631.5957
002029.SZ,20260203,1.8394,0.62,18.5706,1.2298,2.8235,0.8033,838978.009,791833.0912
301197.SZ,20260203,5.4926,1.43,64.2499,2.0597,6.5242,0.4407,264585.3,180527.775
300821.SZ,20260203,2.5136,0.57,,2.9239,3.4456,0.1257,1431600.0,1431350.3648
920425.BJ,20260203,10.4215,1.69,66.37,6.6513,19.0836,0.5915,171311.7634,143000.1147
300457.SZ,20260203,4.8136,2.0,61.0818,2.9216,2.141,0.3954,1890375.724,1856729.4939
920339.BJ,20260203,0.5437,1.06,35.5475,3.5826,3.5522,1.0083,217781.5582,149514.1865
688291.SH,20260203,2.3407,0.74,120.8583,5.0753,20.1231,0.3519,477708.1551,477708.1551
920809.BJ,20260203,2.4347,0.65,,2.668,1.5617,,421132.15,322752.325
000960.SZ,20260203,5.714,1.08,31.2642,3.0158,1.2632,0.8284,5959448.8682,5959448.8682
300651.SZ,20260203,9.6835,0.63,88.1638,3.2815,9.5316,0.5438,355142.3653,219894.0604
601872.SH,20260203,1.6118,1.08,18.4628,2.3133,3.6036,1.9618,9301868.3543,9301868.3543
002526.SZ,20260203,1.8189,0.52,59.0321,2.0786,3.0815,0.266,670330.4823,665927.7487
300100.SZ,20260203,1.3722,0.71,38.0992,6.5942,3.6713,0.3923,2029967.4541,1958288.6311
688196.SH,20260203,1.0579,0.64,44.2756,3.1035,3.3837,0.6049,991961.0102,935880.0
300483.SZ,20260203,6.7669,0.47,,2.0617,1.9618,,498958.6659,498767.9859
603370.SH,20260203,4.5936,0.59,49.1272,4.5791,5.458,,872475.65,170971.4106
600367.SH,20260203,5.7702,0.5,45.9043,2.5783,2.9063,0.2674,637914.7867,602089.8503
301487.SZ,20260203,4.5831,0.94,,5.4871,4.8995,,1034596.6019,614059.303
600251.SH,20260203,1.6605,0.45,37.0573,2.1459,2.5781,1.7176,814289.275,814289.275
002943.SZ,20260203,2.9111,0.26,,18.6585,20.557,,1666471.1439,1180559.0673
688343.SH,20260203,5.216,0.73,,7.6689,21.5999,,2991900.1216,2201529.7408
688314.SH,20260203,1.3944,1.02,35.1052,4.6179,9.3217,0.9948,310333.637,310333.637
002991.SZ,20260203,1.197,0.65,21.8154,3.3508,2.5479,3.8909,556591.7269,298154.1585
300428.SZ,20260203,1.7468,0.7,19.1901,1.8704,0.5229,1.3326,1610431.068,1401792.0565
600935.SH,20260203,0.7795,0.63,,1.6332,2.035,,977768.7512,954013.2929
002591.SZ,20260203,6.6575,0.72,,3.5325,6.2764,,232654.6001,173222.1581
600820.SH,20260203,0.767,0.56,8.1463,0.6732,0.3445,4.5386,2078247.5181,2078247.5181
301169.SZ,20260203,1.6861,0.72,,9.8242,12.7817,,430081.9999,429947.6749
000690.SZ,20260203,2.4239,0.96,10.061,0.7488,1.0992,4.6296,939983.5564,939371.634
000733.SZ,20260203,2.2707,0.59,32.0181,1.9866,5.6199,0.3283,3037956.8207,3037547.3153
600551.SH,20260203,0.8447,0.75,14.0716,1.0089,0.7745,4.6404,584483.616,584483.616
002020.SZ,20260203,1.1272,0.59,20.1071,2.5352,3.5837,1.9882,1432752.489,1204683.3094
300757.SZ,20260203,11.498,1.87,,42.759,140.6781,0.0106,7119992.5553,6399729.8395
603011.SH,20260203,8.2596,1.32,,5.8742,5.4099,,1233564.0203,1233564.0203
300484.SZ,20260203,2.0301,0.69,74.314,5.951,8.5333,0.8266,401897.966,322724.0925
605198.SH,20260203,0.8606,0.67,43.0693,5.4608,8.7076,0.5598,1492483.608,1208213.776
605050.SH,20260203,1.0827,0.68,18.5615,1.5255,0.5692,2.5916,664333.736,664333.736
300166.SZ,20260203,4.1511,0.76,,2.1253,4.5431,,1243510.3568,989109.0977
600571.SH,20260203,1.8034,0.73,74.4718,6.2372,3.5899,0.2932,747508.2493,733775.9799
002091.SZ,20260203,1.003,0.54,12.2359,0.9136,0.3574,5.4207,1411228.6362,1384446.8112
920914.BJ,20260203,1.5032,0.52,44.7279,3.1065,2.924,0.3338,296602.844,296368.3265
300321.SZ,20260203,2.0159,1.39,471.4283,5.9241,9.6254,0.1017,375446.4,375006.2652
002861.SZ,20260203,3.5768,0.5,341.1285,3.2648,4.2326,0.5181,359528.0467,289824.9155
300668.SZ,20260203,4.9846,0.71,,3.7515,5.2371,,294091.4499,243552.1049
920058.BJ,20260203,0.8098,0.46,32.8645,5.2771,2.434,2.6617,181733.9086,89461.0059
920634.BJ,20260203,8.3473,0.47,88.1553,6.3903,1.9741,0.3519,181181.3516,114699.7426
002052.SZ,20260203,2.8249,1.25,27.2818,25.8844,8.4549,,861543.4496,789348.2925
002034.SZ,20260203,1.1399,1.22,12.3786,1.0827,2.2509,2.8638,742550.5063,738865.375
300814.SZ,20260203,2.987,0.88,408.3109,8.6387,8.0454,0.1348,1420028.7192,1420028.7192
001280.SZ,20260203,17.7541,0.72,115.02,11.9612,9.8775,,19624977.271,1500090.0007
000065.SZ,20260203,2.3477,1.1,18.6635,1.3017,0.9745,1.0932,1449479.8144,1216752.9354
920249.BJ,20260203,3.5712,0.5,,8.253,2.625,,601666.01,177903.485
300824.SZ,20260203,1.2768,0.76,32.9434,4.8664,3.8342,1.8258,364197.3171,353208.7626
000766.SZ,20260203,3.7511,2.29,411.639,10.2815,18.9852,,2365979.0427,2364786.8031
000591.SZ,20260203,4.8338,0.94,20.8835,0.9184,4.124,2.1073,2213385.5661,2212877.5024
002993.SZ,20260203,1.8567,0.81,25.7345,2.8131,1.9045,3.0438,1345695.0,1162428.7984
603259.SH,20260203,1.1793,0.68,18.8265,3.9784,6.3578,1.7918,28226342.6863,23397231.1272
000541.SZ,20260203,0.7647,0.76,28.5445,1.4305,1.1042,1.92,959861.3938,769083.2538
688152.SH,20260203,1.3164,0.68,332.6294,3.2679,14.0119,,413995.0253,413995.0253
600222.SH,20260203,1.7686,0.46,80.7879,2.3932,2.122,0.2041,379338.8331,379338.8331
601318.SH,20260203,0.9692,0.56,8.5942,1.2439,1.1096,3.86,120560680.4027,70974713.3226
300531.SZ,20260203,1.8758,0.8,,4.0523,3.8935,0.2792,569273.0049,547429.2425
300696.SZ,20260203,3.4641,0.55,231.9241,4.9569,20.7608,,938089.5456,850837.2512
600479.SH,20260203,1.4814,0.77,20.6305,1.6526,1.4197,2.9207,515836.0968,438595.4586
688218.SH,20260203,1.7648,0.56,625.5858,2.8749,3.693,0.8647,255942.5226,255942.5226
920122.BJ,20260203,1.3835,0.35,114.1321,9.3624,15.9857,0.7981,313254.1988,121319.1726
603309.SH,20260203,1.7753,0.9,17.0361,2.2175,2.5377,4.9208,416208.6421,416208.6421
002381.SZ,20260203,2.3383,1.1,43.0278,1.3709,1.062,2.8289,290985.4898,226520.3849
600983.SH,20260203,1.0074,0.85,18.3585,3.0822,1.9325,2.6009,854579.485,854579.485
688759.SH,20260203,10.3749,0.87,,10.7598,,,1836149.5606,189564.8825
600064.SH,20260203,1.1717,0.7,6.5189,0.7698,5.3062,3.4247,1515777.5281,1515777.5281
002355.SZ,20260203,2.6705,0.7,,3.3777,4.61,,413121.258,382026.9897
920950.BJ,20260203,1.2578,1.09,29.3363,4.4371,6.9856,2.0172,136301.88,66403.6659
002609.SZ,20260203,4.0621,1.01,113.6213,2.8338,3.9052,0.6592,681401.7326,486504.8023
000950.SZ,20260203,1.4647,0.65,27.7134,0.9028,0.125,0.9939,1038639.0023,1038639.0023
688333.SH,20260203,4.4501,1.04,141.7129,6.1395,17.8763,0.0997,3027968.1566,3027968.1566
688062.SH,20260203,3.221,1.08,,18.6543,22.7338,,1419778.8,725416.01
688003.SH,20260203,1.7505,0.68,126.3508,8.327,8.9733,0.618,1556507.205,1556507.205
605199.SH,20260203,0.7092,0.68,,3.8543,2.4977,,265672.2113,265672.2113
302132.SZ,20260203,1.3245,0.69,94.4219,10.3171,4.2079,0.8276,20567087.3211,4510976.9338
002023.SZ,20260203,5.048,1.23,69.347,2.0311,5.9055,,887550.5615,887550.5615
603998.SH,20260203,1.0961,0.6,17.4675,3.2121,3.0658,4.2553,515920.598,515920.598
001206.SZ,20260203,3.1271,0.69,21.1355,2.4955,2.611,2.4065,466856.8652,268446.539
000792.SZ,20260203,1.9376,0.81,29.213,4.2864,11.1418,,17599770.2714,17599667.8472
601865.SH,20260203,2.6314,1.48,114.6862,1.8416,2.4162,,3996953.6775,3243149.0475
603558.SH,20260203,1.4355,0.94,10.7417,1.6596,1.5684,4.8467,397802.7749,397802.7749
301377.SZ,20260203,6.9008,1.07,213.5765,28.8677,37.7134,0.3874,7197140.0,1246755.296
688316.SH,20260203,14.6876,0.93,,99.23,16.9606,,378730.506,378730.506
603126.SH,20260203,7.556,2.81,,2.4464,1.7211,0.0612,498778.5,498778.5
920090.BJ,20260203,4.5659,0.71,,21.7302,17.335,,139533.4822,94743.18
601878.SH,20260203,0.6824,0.67,19.0355,1.3327,4.549,0.931,4871093.4205,4871093.4205
688375.SH,20260203,1.198,1.01,178.7955,12.2686,32.4175,0.3135,7605150.124,7605150.124
920158.BJ,20260203,4.8308,0.46,44.9344,4.1802,6.9795,,226274.46,60527.2278
688255.SH,20260203,1.7321,0.92,258.9147,3.6011,6.2508,0.8238,381320.1378,381320.1378
300717.SZ,20260203,1.7819,0.85,38.1084,2.9962,6.1092,0.9465,217163.575,215216.2342
603196.SH,20260203,2.1204,0.63,,5.4618,13.2042,,1083563.0947,613325.6738
600490.SH,20260203,10.9437,1.21,76.1352,3.0506,3.2239,,1936276.1941,1743543.7128
300302.SZ,20260203,7.6552,0.74,,9.0388,24.9877,,970029.9272,746479.3235
002694.SZ,20260203,9.5436,6.55,,23.5078,2.807,,247239.4752,232884.9468
603130.SH,20260203,2.6215,1.66,99.9805,6.1193,3.0739,0.1645,836086.336,836086.336
688057.SH,20260203,0.7005,0.97,33.8784,1.1199,10.4943,1.9531,353280.0,353280.0
600310.SH,20260203,1.1506,0.87,,1.8744,1.5625,0.7712,570161.4709,570161.4709
603587.SH,20260203,0.5816,1.01,23.6748,1.7108,2.868,3.7984,616794.7159,616794.7159
300187.SZ,20260203,1.0667,0.8,30.6937,3.223,4.4975,3.0983,347990.3469,346108.7799
300774.SZ,20260203,4.6533,0.52,111.4377,6.2689,8.4751,0.8651,945061.5819,450563.6027
000933.SZ,20260203,2.306,0.79,16.7483,2.9764,1.7367,1.5662,7131592.9492,7126855.396
600396.SH,20260203,0.7795,0.58,70.3701,3.3248,1.0207,,449175.5792,449175.5792
920008.BJ,20260203,1.9725,0.72,79.6073,6.2245,9.2078,,195011.25,102778.4875
300411.SZ,20260203,1.6683,0.8,737.195,4.8516,10.3302,,470343.6481,357646.6335
000419.SZ,20260203,1.7893,0.93,27.4986,1.0103,1.774,2.3077,353328.7258,353328.7258
300470.SZ,20260203,1.2391,0.74,19.4963,2.9127,4.566,2.6681,779440.5903,739516.6994
002654.SZ,20260203,8.7561,1.28,209.9722,7.6752,2.1691,,1201174.915,1201089.655
688573.SH,20260203,4.6352,0.72,,3.5277,4.2544,,224053.0573,121971.5877
603706.SH,20260203,0.6179,0.49,18.3641,2.3678,2.65,4.3373,392969.1316,392969.1316
600513.SH,20260203,5.6831,1.33,,4.3085,2.2137,0.4417,575194.3841,575194.3841
300672.SZ,20260203,4.7932,0.73,870.5804,7.3901,15.4369,0.2155,3006868.9602,2913176.6049
603979.SH,20260203,2.4057,0.83,21.0457,4.5238,3.6592,0.5944,4722078.839,4722078.839
300603.SZ,20260203,3.677,0.92,,3.3809,5.6905,,474558.9939,381783.7593
600885.SH,20260203,1.3153,0.74,25.2335,3.82,2.8618,1.162,4621116.6186,4621116.6186
600071.SH,20260203,1.2079,0.55,96.4488,12.0257,3.7554,,605947.0091,605947.0091
601599.SH,20260203,11.9128,1.16,45.47,3.6066,1.7076,,547776.0378,547776.0378
603043.SH,20260203,0.8911,0.97,20.2699,2.5681,1.8922,3.2798,1003880.4708,995381.9958
301227.SZ,20260203,2.2296,0.54,,1.9852,5.1815,,325593.0795,116023.5086
603188.SH,20260203,5.1547,0.66,,3.8492,4.0875,,295348.06,295348.06
300032.SZ,20260203,3.295,0.82,,6.2442,2.6216,,431302.0795,431302.0795
688755.SH,20260203,2.034,0.78,50.1115,2.9525,5.0319,0.2452,358864.0,71772.8
603978.SH,20260203,4.3246,0.91,,3.6396,1.8133,,550533.9318,550533.9318
002272.SZ,20260203,4.794,1.01,,4.8475,4.3624,,723436.9316,576647.3292
601668.SH,20260203,0.6242,0.47,4.6069,0.4267,0.0971,5.4518,20577554.4411,20577554.4411
002297.SZ,20260203,8.4166,0.93,,3.3366,7.6775,,702053.4033,702053.4033
601163.SH,20260203,0.8026,0.67,13.6836,0.8996,1.2506,3.4371,1233600.0,1233600.0
688031.SH,20260203,8.0565,1.04,,26.8828,62.1273,,2404547.9326,1865354.9984
000417.SZ,20260203,3.0806,0.69,41.6059,1.3625,0.942,1.3382,641064.8124,640360.5647
688143.SH,20260203,6.6367,1.06,135.6287,5.2497,17.0706,0.0839,710998.8078,675629.2059
003032.SZ,20260203,1.8416,0.94,,2.0387,7.6531,,255554.1625,175399.627
600020.SH,20260203,0.7098,0.54,8.8259,0.7562,1.2569,4.25,898948.7328,898948.7328
300782.SZ,20260203,1.782,0.55,,4.0351,10.3948,0.1349,4042030.8041,3386958.2611
000636.SZ,20260203,3.1392,0.58,77.0456,1.8518,4.2263,0.7438,2314026.422,2314026.422
000826.SZ,20260203,3.6396,0.85,,69.3799,0.599,,290772.0626,290735.2836
920392.BJ,20260203,2.4088,0.88,106.9017,5.7907,2.7302,0.2985,195465.825,93340.0935
688290.SH,20260203,0.6927,0.52,344.6616,4.4351,21.5582,0.2094,558466.787,558466.787
688288.SH,20260203,1.56,0.81,39.1236,3.4394,4.073,,266302.9623,266302.9623
605599.SH,20260203,1.6084,0.64,22.9289,4.4699,0.7339,3.0088,1861222.2754,1861222.2754
603082.SH,20260203,2.9046,0.81,36.9594,3.8471,3.0497,1.5344,613220.1125,153305.082
688758.SH,20260203,1.5715,1.01,64.2762,6.0338,19.9394,0.3504,796279.3286,570127.1809
920943.BJ,20260203,3.3404,0.71,32.3896,4.147,2.6011,0.9612,264057.1042,134752.1736
688331.SH,20260203,3.8964,1.03,,24.2203,25.6012,,5703480.4882,1647892.8036
920019.BJ,20260203,6.6099,0.63,81.3789,5.5713,3.4295,0.8214,511999.4145,407949.3467
002566.SZ,20260203,2.4385,0.92,67.5033,1.2232,4.2618,1.2151,272373.1668,190763.5552
301111.SZ,20260203,3.3389,0.44,,4.3795,11.774,0.2441,327680.0,327680.0
000906.SZ,20260203,0.8199,0.58,22.024,0.9117,0.0192,3.2682,433604.2024,428457.4958
600979.SH,20260203,1.272,0.65,39.352,1.2447,1.8938,1.2445,577838.9033,564374.9838
002787.SZ,20260203,3.398,0.87,42.8261,2.2408,1.784,0.7946,418300.3956,313073.4223
000768.SZ,20260203,1.6462,0.88,75.6739,3.7206,1.8174,0.4114,8112611.8401,8088041.3249
688586.SH,20260203,2.9093,1.24,391.4443,4.9456,13.0018,0.5837,1220244.9786,1220244.9786
600436.SH,20260203,0.4021,0.34,40.0688,6.6992,9.9135,2.0037,9695307.5647,9695307.5647
601788.SH,20260203,0.5457,0.6,20.6491,1.1952,7.0881,1.306,7700015.3571,6524187.0611
688795.SH,20260203,9.2758,1.6,,22.6528,276.0592,,26082805.8178,1630487.3639
300509.SZ,20260203,3.6162,0.41,45.3796,7.1659,3.7051,1.0047,442525.2,368925.5598
600707.SH,20260203,1.0746,0.61,61.0668,1.0939,2.1086,,2382690.782,2382212.702
920087.BJ,20260203,9.1878,0.81,133.6781,6.4493,8.8807,0.7389,335356.0,333013.6338
600153.SH,20260203,0.7517,0.7,13.3286,0.4873,0.0389,3.2577,2713968.0837,2713968.0837
603839.SH,20260203,0.8465,0.65,,1.6984,1.3945,1.2516,307726.2895,307726.2895
002698.SZ,20260203,0.9152,0.55,33.9525,4.2229,5.9012,1.5253,1675978.3133,1377643.1407
300671.SZ,20260203,7.7029,0.55,,6.5724,14.0383,,1091435.2478,1088264.3359
000678.SZ,20260203,2.1654,0.71,,8.0583,4.1749,,642537.2922,642537.2922
002321.SZ,20260203,4.1094,1.22,,5.6014,1.0924,,520425.1773,518307.7485
002872.SZ,20260203,1.1706,0.8,,0.7862,2.988,,154230.0,104235.295
688696.SH,20260203,2.9343,1.45,26.6318,2.2141,1.8535,,639492.66,639492.66
301190.SZ,20260203,2.6732,0.94,71.9502,2.5708,7.9722,0.6128,502678.683,373207.068
002156.SZ,20260203,6.2951,0.63,78.3617,5.0875,2.8692,0.0884,7723050.6852,7722314.3578
920190.BJ,20260203,1.5312,0.62,116.3807,3.1709,0.8413,0.441,272100.0027,270584.5418
000062.SZ,20260203,1.1939,0.62,86.4806,3.9926,1.1409,2.279,2661839.2245,2659344.305
300556.SZ,20260203,6.58,1.16,,5.6481,4.6435,,250544.6344,220546.4455
600189.SH,20260203,2.6024,0.75,648.4855,4.9304,4.6132,,609348.5358,609348.5358
688136.SH,20260203,1.7356,0.93,50.0396,3.666,4.1438,0.2511,628325.1345,628325.1345
601121.SH,20260203,6.9058,0.55,77.8827,2.0727,4.7724,0.4601,652000.0,309700.0
600995.SH,20260203,0.965,1.21,30.1331,2.0355,6.5435,0.8302,4563896.2895,4563896.2895
300233.SZ,20260203,1.5964,0.67,75.1819,1.5922,2.083,2.6107,581186.1247,562760.3299
688579.SH,20260203,1.121,0.72,74.8759,3.5008,8.7514,0.5385,482812.07,482812.07
300701.SZ,20260203,2.101,0.53,57.0226,3.741,8.294,0.7764,364162.8333,320868.908
300847.SZ,20260203,1.2267,0.71,45.1882,3.5492,4.3817,0.7749,519497.55,519497.55
002627.SZ,20260203,3.4527,0.75,72.6029,2.1439,8.368,1.0375,664459.4636,657587.6389
002384.SZ,20260203,3.1825,0.93,113.623,6.6203,3.7745,0.0842,14107041.2115,10677449.9105
003020.SZ,20260203,0.9581,0.57,30.5,2.8156,3.3635,1.9244,495804.9485,359047.8315
603992.SH,20260203,0.7898,0.69,62.3487,5.4564,6.6264,0.9035,1772840.6611,1750877.6231
001314.SZ,20260203,3.9277,0.43,336.3116,3.2651,1.8061,0.1887,674658.82,245042.9098
300662.SZ,20260203,4.1888,0.99,20.364,2.7177,0.4208,0.5335,590222.2706,588654.4924
001308.SZ,20260203,0.4722,0.92,19.2663,1.8902,1.001,2.5306,1499046.8186,1057913.4525
300749.SZ,20260203,12.1803,1.23,,6.4714,3.9924,,367048.0566,281580.7284
002228.SZ,20260203,2.2077,0.71,48.8713,1.7244,0.5002,6.0314,531462.9055,529682.9085
000635.SZ,20260203,2.2647,0.76,,2.5283,2.2295,,390192.2868,300056.726
603070.SH,20260203,1.3971,1.05,64.3792,2.7648,3.0265,0.5387,595485.0,587194.1084
002923.SZ,20260203,7.0943,1.12,,5.0209,4.4192,0.9554,525782.459,405193.1878
603810.SH,20260203,1.5562,0.86,94.6894,1.758,2.3301,,269830.8326,269830.8326
300840.SZ,20260203,4.1579,0.58,,3.7149,7.0127,0.5053,474960.0,350451.4822
003008.SZ,20260203,1.9503,0.66,28.4554,2.4118,11.2252,4.1806,248768.0,186213.1934
688198.SH,20260203,0.361,1.3,79.8454,11.5579,24.352,0.7634,1439881.2342,1439881.2342
601126.SH,20260203,4.2271,1.54,41.6577,7.1393,4.2258,1.7771,3376059.542,3343246.0408
688125.SH,20260203,0.8188,0.81,,7.6936,21.4846,,1434090.4285,1426466.17
002306.SZ,20260203,2.5624,0.78,,,4.7492,,182650.125,170923.0765
920832.BJ,20260203,1.2855,0.72,477.9145,1.4048,2.8478,1.0596,104766.7181,93122.8967
600718.SH,20260203,2.34,0.7,,1.3373,1.0403,1.4098,1265028.5051,1265028.5051
300530.SZ,20260203,1.2707,0.51,,91.4897,38.8853,,490061.3589,451005.4121
688115.SH,20260203,1.8538,0.63,1639.7646,2.527,12.5225,0.9382,312682.3,312682.3
600814.SH,20260203,0.9237,0.72,30.3194,1.6092,3.4925,2.1976,595413.6644,595413.6644
601212.SH,20260203,0.6176,0.12,463.4273,5.3131,0.9069,0.0361,8197085.3837,8197085.3837
603211.SH,20260203,3.8798,1.81,105.9429,5.4235,5.2502,0.2448,666201.408,666201.408
300317.SZ,20260203,3.2893,0.81,,2.2431,6.0814,,349509.3185,348972.5435
300118.SZ,20260203,21.694,0.91,,2.4333,1.6195,,2559331.1224,2080724.5496
603518.SH,20260203,1.4871,0.81,13.0803,0.9319,0.7859,3.1755,338444.9443,337192.5043
600691.SH,20260203,1.1077,0.68,,2.0037,0.6905,,724674.4954,724553.7154
001269.SZ,20260203,1.7046,0.92,,5.2355,9.3106,,457362.3399,457362.3399
000789.SZ,20260203,1.5438,1.54,327.1118,0.6946,0.8495,2.5448,447345.5598,447345.5598
600435.SH,20260203,2.4069,0.83,97.9818,8.6227,5.704,0.1197,2521100.3676,2521100.3676
002184.SZ,20260203,1.9844,0.66,,3.9879,1.7722,,466278.5903,318492.2428
300144.SZ,20260203,3.5757,1.14,28.9366,2.7466,10.2808,2.2813,2299219.9778,2066326.0957
000402.SZ,20260203,1.185,0.76,,0.3567,0.6142,,839889.3039,839815.4753
605162.SH,20260203,0.7925,0.7,24.6075,2.878,4.8708,1.9691,366132.8638,366132.8638
301322.SZ,20260203,2.0492,0.93,47.2664,1.4565,5.2355,1.0352,409452.2704,263705.4806
603392.SH,20260203,0.1572,0.32,,4.3728,29.44,,5286426.3135,5286426.3135
600362.SH,20260203,5.3361,1.15,25.5548,2.5465,0.3928,1.8535,20447417.1365,12254335.9265
603041.SH,20260203,2.1147,1.15,76.1172,1.6036,3.8782,0.9019,241022.3627,241022.3627
002835.SZ,20260203,3.5282,0.56,22.3757,3.1054,3.4711,1.8311,382138.9339,221608.7545
920770.BJ,20260203,8.715,0.98,57.191,4.0136,14.327,0.6257,249593.5117,157072.3084
688080.SH,20260203,3.0344,0.84,29.5793,3.9269,5.855,0.3344,440905.6062,440905.6062
688077.SH,20260203,4.5267,0.6,82.9278,3.5604,2.5226,0.5712,386593.908,386593.908
688178.SH,20260203,0.9143,0.81,,2.1582,3.7232,,214959.5475,214959.5475
688396.SH,20260203,1.1537,0.7,102.8649,3.5489,7.5707,0.1375,8112532.1512,8112532.1512
002531.SZ,20260203,6.4503,1.89,,1.718,3.0732,0.2328,1543518.7672,1534918.0005
603533.SH,20260203,4.2616,0.8,,4.6114,3.4039,0.4117,1066080.4122,1066080.4122
300298.SZ,20260203,1.3647,0.56,36.0659,3.1823,2.157,1.1963,1016885.1604,819110.7669
001220.SZ,20260203,76.6783,,33.4974,3.5611,5.6446,,532790.17,130519.7249
600452.SH,20260203,2.9853,0.63,47.6493,3.3977,6.2269,0.7438,1859215.4013,1859215.4013
688516.SH,20260203,4.4237,0.71,73.7047,10.0881,5.2753,1.8084,3665394.56,3658772.5648
920821.BJ,20260203,1.3562,0.55,172.0475,6.54,8.2206,0.2876,343690.9571,180966.9265
600206.SH,20260203,2.6581,0.57,65.4212,4.3011,1.9896,0.5065,1821782.7705,1821782.7705
000559.SZ,20260203,3.8074,0.9,57.6387,6.1794,4.182,1.0238,5808507.9939,5807081.4629
002981.SZ,20260203,1.9519,1.09,29.7905,3.6027,2.0481,0.867,405584.0393,352271.0493
301053.SZ,20260203,3.1847,2.38,109.9531,4.4808,4.5498,0.8049,304701.8999,279731.0102
603093.SH,20260203,0.6906,0.57,29.117,2.3943,5.9947,0.4114,1313436.5542,1116420.5842
600269.SH,20260203,0.6848,0.77,8.5816,0.5797,1.8001,3.5052,1132672.4018,1132672.4018
300875.SZ,20260203,4.908,0.79,,4.1754,26.1038,,394147.5969,346601.5092
300557.SZ,20260203,1.7411,0.57,91.0899,4.3036,6.1011,0.4337,429080.9669,423467.6643
300691.SZ,20260203,1.3045,0.49,,2.8877,2.3401,0.4627,465185.3164,381656.2095
300563.SZ,20260203,3.7774,0.5,102.1801,6.0555,7.8175,0.6331,669169.5965,470807.6435
301357.SZ,20260203,7.0019,0.86,1132.9432,10.7558,67.0221,,1223605.6,305901.4
002725.SZ,20260203,2.4287,0.76,51.5874,3.6729,5.5349,,378368.0,313356.4097
000010.SZ,20260203,2.2535,1.2,89.6332,12.3952,4.4321,,404677.6068,298507.7339
603218.SH,20260203,0.8109,0.62,25.4777,1.3749,2.2075,2.5379,1405385.465,1402241.445
605178.SH,20260203,3.08,0.63,,5.6404,19.6081,,689398.64,689398.64
600433.SH,20260203,1.381,0.64,309.335,1.35,0.8021,1.7493,600345.7769,600345.7769
002368.SZ,20260203,1.8823,0.71,62.9625,2.712,1.6819,0.4098,1406633.0125,1400309.878
603458.SH,20260203,5.9735,0.99,,1.1624,2.262,,331838.9732,331838.9732
600990.SH,20260203,2.3964,0.84,,4.1318,4.7965,,744643.1953,738977.8759
603517.SH,20260203,1.0037,0.87,109.1899,1.1792,1.3679,2.657,752654.4045,752654.4045
600115.SH,20260203,1.1734,1.06,,7.8599,0.9277,,12612097.6386,9721254.9539
600589.SH,20260203,14.2595,0.73,354.6377,21.7951,37.5894,,1549995.3652,1543522.5652
603222.SH,20260203,3.5936,1.28,,3.3144,7.2699,,463655.013,463655.013
000937.SZ,20260203,0.5516,0.52,47.194,0.9937,1.2917,11.194,1893981.1116,1840300.9137
002838.SZ,20260203,1.0196,0.47,78.6696,3.8073,2.2771,0.33,1363435.4457,1198800.4134
688262.SH,20260203,5.5672,0.8,,5.7897,32.864,,1193807.6909,1193807.6909
300733.SZ,20260203,1.5616,0.73,62.3489,3.254,2.8867,0.2724,556330.8296,410380.8472
002507.SZ,20260203,1.6534,1.03,18.8878,1.7492,6.2476,4.7256,1513941.7647,1507375.8437
002333.SZ,20260203,1.4051,0.79,82.7296,2.1757,2.5202,0.1621,416428.6016,402631.4327
000534.SZ,20260203,6.2705,1.16,69.7543,9.9802,12.5732,0.1545,1561766.2015,1532409.325
003042.SZ,20260203,15.3572,0.69,,1.9905,1.3097,,261308.32,233588.7763
002475.SZ,20260203,1.4398,0.78,24.177,4.7927,1.223,0.3792,38221426.8495,38133756.7204
600361.SH,20260203,2.3141,0.68,18.1927,1.5146,0.211,1.7956,1690232.4734,1690232.4734
603100.SH,20260203,1.2442,0.81,20.4274,2.861,1.8942,2.2909,1288064.6718,1283963.3067
300865.SZ,20260203,2.5098,0.5,,3.2183,8.9467,,279959.68,164591.7076
300096.SZ,20260203,2.0075,0.56,55.1795,9.8607,6.8428,,345720.0,345720.0
600038.SH,20260203,1.4909,0.95,53.0263,1.7558,1.1011,0.5521,3029505.422,2471715.6416
600128.SH,20260203,3.2358,0.9,62.4842,1.3405,0.3768,0.8459,291718.7933,286003.5325
603698.SH,20260203,8.2556,1.83,101.72,5.7792,4.2181,0.4379,1994954.78,1994954.78
002730.SZ,20260203,1.4297,0.69,60.278,3.5276,4.7118,0.8192,574620.7696,549149.4196
002284.SZ,20260203,2.4309,0.6,31.7714,3.8159,2.335,0.3027,1220993.7749,1207965.8138
002537.SZ,20260203,2.6777,0.53,50.5877,2.4597,1.5692,,1040178.8361,1035910.9741
600593.SH,20260203,7.4012,1.13,,22.0217,10.4999,,532215.6,525504.0
000809.SZ,20260203,1.2672,0.64,,1.047,6.9817,,279604.2483,279604.2483
601882.SH,20260203,0.5954,0.78,22.6253,3.6192,3.0578,1.8182,1033560.0,1033560.0
000564.SZ,20260203,1.1403,0.54,,2.6619,27.8964,,4189470.6981,3413883.9635
000617.SZ,20260203,0.4132,0.67,26.0946,1.0789,126.5636,1.2598,11238808.3012,11238808.3012
002578.SZ,20260203,7.5817,0.51,,2.7262,2.1777,,413935.9107,379772.6894
300442.SZ,20260203,5.571,1.14,29.0091,10.6664,29.5754,0.5966,14447597.1853,14394826.2572
688278.SH,20260203,0.3288,0.78,32.4092,9.9393,9.1116,0.8283,3045093.5208,3045093.5208
920414.BJ,20260203,23.3262,0.92,,4.81,21.7076,,136528.8688,96004.8289
000686.SZ,20260203,1.3534,0.77,14.4099,1.0727,3.629,1.8826,2113428.9822,2113428.9822
000893.SZ,20260203,2.028,1.05,28.3774,3.9018,10.3286,,5094294.1939,4475508.938
600208.SH,20260203,0.8788,0.66,,0.7419,9.045,,3088745.5104,3088395.4103
000036.SZ,20260203,5.205,0.91,219.236,1.671,20.3595,,849310.3286,847696.3447
600872.SH,20260203,0.8411,0.59,19.9893,2.4471,2.945,2.3369,1392753.0089,1379297.4426
601008.SH,20260203,1.2288,0.55,42.1828,1.5707,2.5248,1.1494,647613.0391,647613.0391
603383.SH,20260203,2.0041,1.11,38.4281,5.3084,11.9985,2.1811,753330.3884,753320.4848
300565.SZ,20260203,3.1851,0.47,,5.6141,4.9344,,315876.3342,288679.5084
920375.BJ,20260203,3.8079,0.73,93.7836,1.9447,2.4744,,155955.5833,93154.7298
688277.SH,20260203,3.4935,0.93,,8.827,40.2113,,1102588.7382,1102588.7382
600615.SH,20260203,2.9985,1.05,298.3891,3.7354,4.9395,,274585.1504,274148.7829
002482.SZ,20260203,0.934,0.7,,13.2097,4.2904,,633912.6393,632661.6064
300541.SZ,20260203,9.5213,1.36,76.8625,4.0985,2.373,0.1096,706133.0559,634761.8691
688663.SH,20260203,3.0303,0.71,58.9938,5.9532,4.022,1.0203,814893.696,814893.696
600141.SH,20260203,2.5893,0.88,26.5389,1.9251,1.4142,2.5894,4260685.4408,4260685.4408
600280.SH,20260203,2.9159,0.97,,6.996,2.0288,,431023.889,431023.889
688400.SH,20260203,3.5016,1.76,157.1256,4.971,7.2273,0.0567,2007092.6955,2007092.6955
920037.BJ,20260203,5.7461,0.83,41.6653,9.7644,10.4584,0.7659,783379.807,253218.298
301559.SZ,20260203,3.3694,0.87,47.237,2.3164,3.8421,2.5028,1054800.0,158220.0
300271.SZ,20260203,2.0377,0.65,,1.7579,4.0232,,642181.7923,630618.8207
603728.SH,20260203,1.3431,0.72,366.3933,9.9463,11.2143,0.0341,2948513.9175,2948513.9175
600613.SH,20260203,1.1124,0.59,53.7191,1.4353,1.778,2.3923,334862.9108,300533.6262
300518.SZ,20260203,3.2871,0.53,,5.5755,25.3955,,419163.1328,419125.6121
600018.SH,20260203,0.2177,0.42,8.6171,0.8315,2.9277,3.9316,11546860.41,11530372.3016
301557.SZ,20260203,13.9138,1.71,49.151,4.4252,3.8574,1.0892,447465.1892,111896.92
600199.SH,20260203,9.12,1.14,,3.4059,9.4278,,704500.3985,704500.3985
000597.SZ,20260203,0.9273,0.61,19.811,1.3835,1.0838,1.9231,742085.8978,732844.3132
002857.SZ,20260203,3.2529,0.66,287.605,5.9478,3.8401,0.0617,309863.848,303616.0
002275.SZ,20260203,0.5138,0.92,16.0353,2.681,4.028,3.8542,838460.3922,797751.9579
600869.SH,20260203,6.3061,1.09,,6.8611,1.0409,,2922887.5665,2922887.5665
002234.SZ,20260203,2.2342,0.77,,1.7719,1.5055,,320345.4746,276693.1306
688710.SH,20260203,1.9199,1.26,42112.7775,3.684,10.374,0.524,860962.5088,553868.0381
301305.SZ,20260203,3.8132,0.69,23.2601,1.673,3.5202,0.7642,631294.2099,323758.1091
001260.SZ,20260203,8.8998,0.52,57.8372,3.1157,4.5206,0.562,257830.0,71183.5
603273.SH,20260203,5.4987,1.08,125.3101,4.6075,7.038,0.3983,403552.1322,105557.9672
688158.SH,20260203,12.8782,0.65,,7.2834,10.7127,,1752667.8161,1557425.2806
600241.SH,20260203,2.0039,0.99,1107.6144,2.1384,6.5358,,249862.4956,249862.4956
601766.SH,20260203,0.6794,0.53,11.9683,1.085,0.651,5.0794,18080284.3754,15326512.7702
688420.SH,20260203,2.8989,0.97,191.741,1.6706,4.4019,0.5355,239822.16,113196.168
300960.SZ,20260203,0.9191,0.83,82.5426,6.0564,8.0091,1.2652,365155.1019,330860.2539
688048.SH,20260203,10.085,1.38,,8.0417,59.0459,,2416798.0185,2416798.0185
601169.SH,20260203,0.9284,0.93,4.2484,0.4017,1.6006,3.7879,11163495.6956,11163495.6956
001358.SZ,20260203,2.4464,0.67,54.8421,2.4382,7.0878,1.7316,348902.4,144364.9043
001896.SZ,20260203,1.5208,0.69,37.2417,2.7614,0.8328,,952087.5499,952087.5499
603787.SH,20260203,2.3779,0.71,51.8899,1.9063,0.7124,1.5186,303099.3714,303099.3714
300323.SZ,20260203,4.3287,1.18,,2.0704,2.6507,,1405516.9582,761439.044
688499.SH,20260203,3.952,1.01,,4.5693,4.0521,,1046960.4046,1046960.4046
601963.SH,20260203,0.6538,1.01,6.3522,0.6495,2.3924,4.0904,3537132.5783,1913235.2917
301459.SZ,20260203,5.3278,0.8,35.2422,3.6512,4.7772,0.8791,455012.3534,114052.5907
002454.SZ,20260203,1.6644,0.6,27.6418,1.4452,1.0875,2.728,573895.0008,572432.0352
603949.SH,20260203,2.265,0.65,52.7699,3.8431,9.9424,0.5205,405668.1591,404645.1525
300513.SZ,20260203,2.6786,0.79,,2.2679,3.1461,,299261.3619,275017.0517
600258.SH,20260203,1.6188,1.0,22.8565,1.5892,2.505,2.0991,1914974.3611,1914974.3611
300848.SZ,20260203,2.886,0.57,86.284,4.767,4.334,0.407,735966.7184,435370.7206
300972.SZ,20260203,1.8933,0.92,34.6041,18.2941,0.763,0.2724,3683382.729,3275864.8455
600446.SH,20260203,1.2957,0.74,,3.9649,4.8892,,1459905.8599,1459905.8599
300197.SZ,20260203,0.8317,0.52,,5.2592,7.4908,,515961.8659,515948.8159
300401.SZ,20260203,4.4326,0.95,32.5575,3.1096,7.9153,0.6305,982593.5882,966588.1796
002532.SZ,20260203,2.0763,0.78,17.8702,3.0094,2.843,2.1856,8419673.3579,7470373.7052
002807.SZ,20260203,1.5615,0.94,5.0518,0.5847,2.6643,6.6815,1105165.3623,1103649.3667
601688.SH,20260203,3.0,1.99,12.6273,1.1509,5.2868,2.3887,19651482.4621,15906812.3968
300251.SZ,20260203,5.9754,1.28,27.2675,5.497,15.7138,0.9897,5908247.102,5589585.1301
300454.SZ,20260203,5.4814,0.77,90.6509,7.0309,7.8748,0.0416,6309002.9718,4155318.8053
688229.SH,20260203,3.3173,0.6,,7.2754,22.3173,,304495.2,304495.2
000056.SZ,20260203,12.5265,3.97,,,0.6142,,211672.5514,161767.0494
300569.SZ,20260203,2.5483,0.87,,1.2401,1.6198,0.1564,641243.6938,639295.9227
603385.SH,20260203,1.2573,1.04,45.196,0.7312,0.8586,1.5257,274459.4419,274459.4419
002812.SZ,20260203,2.8135,0.91,,2.0169,4.148,,5078078.1083,4253019.0105
000017.SZ,20260203,5.4675,0.54,126.5315,13.6443,5.8159,,510686.0354,326649.0657
600965.SH,20260203,2.8783,0.97,68.4494,2.4085,4.7549,0.5938,523968.6112,523968.6112
301577.SZ,20260203,6.4004,1.41,97.9395,3.6652,6.4774,0.4751,279498.1065,116947.0491
301565.SZ,20260203,2.515,0.66,154.1815,4.1441,4.5388,,998024.95,319384.95
688559.SH,20260203,3.8513,0.77,,6.1214,4.0161,,1446169.5398,1446169.5398
600780.SH,20260203,1.0199,0.96,11.3731,0.853,0.6271,,699366.539,699366.539
603344.SH,20260203,4.8881,0.84,31.09,2.87,2.3419,1.0,603046.038,167496.038
601166.SH,20260203,0.4775,0.57,5.1603,0.4931,1.8791,5.6114,39976634.9746,39976634.9746
600629.SH,20260203,1.8971,0.71,64.0785,3.5982,2.4963,0.6202,1908656.1423,1874781.2374
600343.SH,20260203,12.995,1.43,,17.5291,28.2611,,2377318.6463,2377318.6463
920436.BJ,20260203,0.7531,0.58,,4.1535,1.185,,158814.156,149387.3618
001296.SZ,20260203,5.0505,0.62,30.1779,2.4528,3.678,1.3722,429326.4168,220563.3429
301052.SZ,20260203,5.8604,0.74,122.9246,5.4016,5.6709,0.1348,389207.0803,315410.5494
002294.SZ,20260203,0.6398,0.89,76.5465,5.8686,12.1064,1.0827,5148222.7586,5147064.5688
000014.SZ,20260203,1.5285,0.44,,1.9697,58.4317,,313449.8601,313449.8601
002055.SZ,20260203,4.3031,0.96,,2.5939,0.811,,370552.3804,364115.8804
603586.SH,20260203,0.8736,0.59,23.7087,1.6219,1.9742,2.6274,373088.4403,373088.4403
002054.SZ,20260203,6.9387,0.46,48.6174,1.7135,1.4308,0.7609,434386.0223,346322.4778
600136.SH,20260203,0.8546,0.83,,15.0166,5.1484,,357144.5379,340040.6615
002987.SZ,20260203,0.9206,0.7,49.9116,5.6466,3.4173,0.9421,1644704.4482,1599365.7282
603602.SH,20260203,5.7929,1.35,114.2875,2.9924,1.9699,0.482,323018.3766,323018.3766
001359.SZ,20260203,2.8657,0.67,53.9085,6.95,11.7567,0.4864,1372908.9242,343258.38
688148.SH,20260203,2.7306,0.57,,15.1121,1.9573,,437728.4795,437728.4795
001207.SZ,20260203,1.8846,0.66,19.1886,2.5355,2.4114,2.1387,580725.3067,529051.7464
002106.SZ,20260203,1.7958,0.54,27.5324,1.4703,1.3283,0.8613,819452.5618,817461.1542
300895.SZ,20260203,3.8552,0.79,,9.6714,28.6879,,756803.5314,742675.8653
600998.SH,20260203,0.7571,0.59,9.4456,0.9941,0.1669,3.7888,2632169.4621,2632169.4621
600158.SH,20260203,3.279,0.47,497.9367,3.5564,4.1851,0.2046,924011.0835,924011.0835
300155.SZ,20260203,7.029,1.2,,2.5023,19.1773,,306430.3482,180576.8197
002226.SZ,20260203,0.841,0.53,19.6634,1.5448,1.6386,1.087,1584055.8673,1584023.8821
301005.SZ,20260203,11.5666,1.21,1844.5934,32.5027,31.858,0.0266,2499805.7638,2464607.9407
002153.SZ,20260203,4.4349,0.92,,5.2428,12.7549,0.0748,3648932.1654,2138884.2059
002410.SZ,20260203,2.6116,0.74,65.5939,3.8396,3.7418,1.0759,2284639.025,2196316.1323
002929.SZ,20260203,5.0215,0.82,,2.1237,1.3529,0.2751,1342292.5719,994899.5107
002489.SZ,20260203,1.7214,0.99,12.4189,1.7301,1.3861,1.0695,811212.1011,715472.8191
002283.SZ,20260203,7.7782,1.29,25.2184,1.4403,2.3119,3.2351,867126.9125,763683.6125
600255.SH,20260203,3.6342,0.4,163.3804,4.7521,1.5271,,688141.9899,688141.9899
002583.SZ,20260203,1.9314,0.81,,7.78,3.4788,,1987750.9834,1402014.1066
300040.SZ,20260203,7.2906,1.47,,1.713,3.0436,0.8171,442666.38,355954.719
920445.BJ,20260203,1.8303,0.47,77.1874,5.4929,4.4744,2.5712,169554.1667,119963.484
688310.SH,20260203,1.5683,0.34,,3.4412,9.9048,,277254.4429,277254.4429
000796.SZ,20260203,5.5245,0.84,,12.0684,14.5786,,1000764.2836,830398.4894
002948.SZ,20260203,3.5093,0.85,6.0248,0.7308,2.1448,2.9795,3125530.4868,1671413.2609
300611.SZ,20260203,2.8144,0.51,40.5524,4.8145,3.1287,0.4221,591642.328,415693.2529
300951.SZ,20260203,0.9517,0.84,31.9055,2.6552,4.6258,1.625,617973.3779,552286.6143
688011.SH,20260203,2.3587,0.97,,6.3763,46.9751,,682300.0,679997.3944
688668.SH,20260203,3.7649,0.63,112.8495,12.3751,15.8518,0.413,2353673.2414,2353673.2414
000723.SZ,20260203,2.1369,0.5,,1.5604,1.1736,,2069642.0,2065844.573
688037.SH,20260203,3.3143,0.82,464.2277,14.6016,24.1065,0.056,3951693.3743,3951693.3743
603590.SH,20260203,1.3529,0.89,109.6795,1.9632,7.1904,1.5248,626501.2794,623400.4994
002258.SZ,20260203,4.7363,0.9,27.3351,1.659,1.4529,2.4465,1308714.8678,1306610.8141
688369.SH,20260203,4.5814,0.8,,3.7645,4.0622,,318462.7482,318462.7482
601107.SH,20260203,0.6879,0.77,12.0184,1.0354,2.1633,4.5101,1966332.58,1390641.82
000980.SZ,20260203,3.3543,1.7,,1206.2556,25.6097,,1517806.8694,1514447.9906
920198.BJ,20260203,2.583,0.94,93.676,4.1119,8.2985,,164591.1494,71875.3231
300994.SZ,20260203,2.1233,0.83,22.9553,3.5196,1.1549,2.3966,389023.872,194712.216
000521.SZ,20260203,1.427,0.93,10.2329,1.0827,0.2153,5.0536,672540.1859,571753.5363
688509.SH,20260203,2.9811,0.73,,3.1338,6.2502,,388850.0,194320.061
300863.SZ,20260203,2.8714,0.86,69.7459,8.2146,2.9828,0.3421,1173276.3375,1127717.18
300427.SZ,20260203,21.7246,1.17,,6.2091,11.7303,,794817.2258,786196.6399
300743.SZ,20260203,1.9214,0.71,28.1099,4.9532,3.5323,2.4317,307417.4175,259026.3516
002449.SZ,20260203,1.8149,0.7,331.4104,1.3784,1.6082,0.5855,528179.5023,528179.5023
002846.SZ,20260203,3.9893,0.98,,4.6907,3.0437,,662749.9576,405574.5555
003033.SZ,20260203,1.3841,0.74,32.9702,4.0397,2.872,0.7474,546907.5,540176.4702
002798.SZ,20260203,2.528,1.19,,1.7541,1.3581,,333163.684,286391.724
601988.SH,20260203,0.2129,1.28,7.0964,0.6448,2.6461,4.1064,170128153.4378,111284191.8387
920834.BJ,20260203,1.4599,0.62,40.9975,6.0749,6.0587,1.5202,181560.0076,95011.0122
600236.SH,20260203,0.2309,1.64,26.0809,3.7983,6.9114,2.0238,6621197.3537,6621197.3537
688667.SH,20260203,3.905,1.47,52.9829,2.5164,3.4821,0.1185,437108.8158,437108.8158
920978.BJ,20260203,2.061,0.5,30.5066,7.3177,4.9426,1.7147,528383.5536,296244.0724
002745.SZ,20260203,2.1919,0.36,65.7572,1.0873,0.8563,0.5128,1447062.239,1038059.1283
603871.SH,20260203,0.5439,0.55,17.3427,3.3491,2.0973,3.6086,1841339.6537,1841339.6537
300363.SZ,20260203,1.7499,0.75,,2.4697,3.768,,1292848.9367,1186779.3399
600620.SH,20260203,1.1882,0.84,76.812,3.2168,9.7704,0.2158,477240.5935,477240.5935
600056.SH,20260203,0.8495,0.39,29.6927,1.3605,0.4751,0.9769,1612558.3683,1611988.8933
002431.SZ,20260203,1.8114,0.74,,4.2352,1.7906,,472230.0484,472230.0484
301246.SZ,20260203,2.9885,0.58,597.086,1.9588,4.8099,0.1402,849214.4364,339770.7583
603699.SH,20260203,0.5769,0.73,31.3067,12.114,6.1105,2.9382,4512921.7551,4413148.8197
002293.SZ,20260203,1.1989,1.03,16.1423,2.0614,1.7403,6.0624,825504.0562,818317.2383
600098.SH,20260203,0.6978,0.77,10.5001,0.891,0.4816,5.3628,2419046.8369,2419046.8369
688693.SH,20260203,4.2327,0.91,,3.536,13.433,,299157.8967,157951.9208
300654.SZ,20260203,8.5034,0.84,124.28,5.425,8.8345,0.4348,463147.9378,445610.8405
300288.SZ,20260203,3.8776,1.06,,4.5244,16.1299,0.103,492380.6227,373821.6027
002437.SZ,20260203,2.4165,0.58,26.1259,3.5783,3.4053,,765585.6472,720035.3069
002783.SZ,20260203,3.358,0.72,28.7485,1.8785,1.336,1.0142,492366.6399,449365.8873
002732.SZ,20260203,2.112,1.16,37.2348,1.8543,1.7352,0.846,278981.55,277472.3919
002752.SZ,20260203,1.3084,0.78,21.7373,1.862,0.8935,1.5175,643789.2704,643690.4204
603997.SH,20260203,1.1881,0.76,86.017,3.5906,0.8659,,1860051.2312,1860051.2312
301526.SZ,20260203,17.562,1.14,469.1375,4.3579,4.2672,,3578563.2676,1332768.8839
000998.SZ,20260203,4.2119,0.72,,2.5737,1.7305,0.3984,1475325.8532,1320310.7482
300135.SZ,20260203,2.3978,0.64,698.4406,3.8411,2.6729,0.2538,363110.4,363110.4
600410.SH,20260203,18.5654,0.99,40.2017,5.0556,5.3702,0.0302,2398033.8717,2398033.8717
600654.SH,20260203,2.4845,0.82,52.9897,6.3389,3.2494,,1096349.1526,882927.4062
601566.SH,20260203,2.005,0.99,20.1191,1.7332,2.3214,2.439,706803.6945,706803.6945
688023.SH,20260203,3.6275,0.84,,2.5544,2.7575,,579834.3611,579834.3611
603496.SH,20260203,4.7384,0.97,,6.6588,9.5075,0.0864,927005.7585,927005.7585
300177.SZ,20260203,1.986,0.69,,4.6135,5.9824,,696542.2458,567499.8429
603966.SH,20260203,5.3625,0.84,24.0348,2.5587,2.0073,1.7762,516278.9269,515050.1661
002739.SZ,20260203,3.8565,0.91,,3.286,2.0514,,2523575.5561,2509395.3754
300572.SZ,20260203,2.0742,0.68,,3.5629,14.0975,,631093.1659,505993.6104
002125.SZ,20260203,2.2407,0.38,37.9324,2.8365,4.4816,1.1636,865544.4091,865544.4091
003017.SZ,20260203,2.8337,0.77,28.8725,2.4912,2.7106,1.8756,267120.0,220335.8018
600748.SH,20260203,0.738,0.65,,0.9697,3.3608,,1012665.0277,1012665.0277
000965.SZ,20260203,4.2192,1.13,55.3771,0.8121,1.3589,0.2488,446152.0198,446152.0198
603275.SH,20260203,3.4127,0.38,36.9198,2.4465,10.053,0.3504,715890.147,199871.054
300838.SZ,20260203,3.4,0.97,459.7462,2.2883,2.3927,0.9163,225869.986,166572.7304
600323.SH,20260203,0.6151,0.77,12.359,1.6618,1.8057,3.6778,2327816.1018,2327816.1018
002088.SZ,20260203,1.4939,0.6,26.8632,2.5003,2.3494,6.3191,649613.1939,640331.8845
600103.SH,20260203,2.7547,0.79,134.0841,2.126,3.5761,0.3201,844791.6836,834048.0507
920663.BJ,20260203,0.7679,0.59,31.4251,6.7687,6.3662,3.0237,231446.4998,111044.6092
600192.SH,20260203,3.5325,0.59,,4.2387,2.8026,,429820.804,429820.804
300815.SZ,20260203,1.4114,0.65,18.9553,2.1936,1.2707,1.5438,968179.968,948234.4968
600363.SH,20260203,1.9436,0.83,93.2254,6.6683,8.9928,0.0858,2854123.8885,2854123.8885
600743.SH,20260203,0.5269,0.66,,7.0433,3.1508,,445759.1661,445759.1661
688339.SH,20260203,2.6312,0.57,,2.9559,47.1126,,723520.4996,588927.654
002561.SZ,20260203,1.5151,0.67,899.3264,1.6937,9.6703,0.6749,369613.307,368436.7751
002590.SZ,20260203,1.6253,0.53,35.456,2.4994,1.5752,0.4142,750549.8817,715707.6268
688275.SH,20260203,7.3362,1.24,,1.8821,0.983,,983597.8929,659770.2482
000513.SZ,20260203,0.9717,0.71,14.5052,2.3256,2.6233,3.1689,3107675.0985,1988489.279
603136.SH,20260203,2.0734,0.86,32.1016,2.4215,6.3593,1.9294,329014.3328,329014.3328
688117.SH,20260203,1.0876,0.68,51.2312,5.991,9.6377,0.3371,615221.788,615221.788
600938.SH,20260203,1.4511,0.44,13.0271,2.1297,3.945,3.7631,160556184.558,10100220.0
300496.SZ,20260203,3.7459,0.76,69.325,3.3275,4.9123,0.0793,3359021.6398,2687247.0171
600085.SH,20260203,0.4606,0.46,30.5543,3.0273,2.2871,1.6578,4136354.3102,4136354.3102
002953.SZ,20260203,3.653,0.64,36.0198,2.8875,1.3692,0.7244,625780.8919,345794.577
920839.BJ,20260203,1.234,0.72,34.4055,7.167,6.3929,1.3373,441987.0816,243236.3302
002138.SZ,20260203,2.3632,0.69,31.1688,4.6778,4.5227,1.5545,3045464.4231,2857333.0653
002840.SZ,20260203,1.7782,0.62,86.5614,1.9545,0.9023,,784518.7324,779104.5576
300370.SZ,20260203,1.1971,0.73,,8.3371,11.5454,,424216.957,423158.3928
600088.SH,20260203,2.1178,1.03,,5.7272,6.4592,0.187,723030.2352,723030.2352
300380.SZ,20260203,1.3832,0.48,243.1734,14.5795,5.365,0.1227,564139.1288,519014.5877
002409.SZ,20260203,3.5427,0.67,47.1814,5.5521,5.205,0.6367,4335701.1466,2901742.2252
301538.SZ,20260203,6.0396,0.94,35.5186,5.1159,7.0037,0.4785,702228.8,279634.5931
600558.SH,20260203,1.5434,0.57,26.6974,2.3659,1.5269,2.3923,562798.229,562798.229
002208.SZ,20260203,3.8591,0.53,,1.7056,1.2721,,1096493.4353,1096210.1828
002254.SZ,20260203,3.0692,1.06,,1.5252,2.8719,0.3977,1073892.6503,1065761.4947
601068.SH,20260203,1.0023,0.35,199.4469,6.0677,0.7677,,1771786.9063,1517837.2655
301057.SZ,20260203,2.9238,0.85,120.03,5.8761,4.9317,0.5175,447057.192,315647.3726
300120.SZ,20260203,1.9053,0.68,,1.6479,1.9234,,491681.2032,451494.6337
603880.SH,20260203,5.7699,1.71,,7.4659,3.1924,,189900.594,189900.594
603595.SH,20260203,0.9378,0.65,97.5776,2.4946,1.9259,0.0904,385621.8188,385621.8188
300218.SZ,20260203,2.2082,0.84,21.9078,2.3449,1.5887,1.4761,362151.303,360965.3016
920119.BJ,20260203,20.796,,28.4434,4.2372,5.7543,,776767.5856,155088.0
000560.SZ,20260203,8.3523,0.77,72.0359,0.8205,0.6471,0.1311,772604.2791,739947.8178
301555.SZ,20260203,5.1569,0.7,41.8194,2.7965,1.4474,0.6583,308355.3114,161576.5095
688619.SH,20260203,1.2827,0.88,,3.293,15.0549,,263322.0196,263322.0196
300182.SZ,20260203,5.413,0.93,184.2401,1.9429,5.8205,0.0816,1632925.1124,1384706.9609
603956.SH,20260203,2.7657,1.55,,1.9856,3.6408,,392665.4311,392665.4311
688287.SH,20260203,1.0623,0.36,,2.5708,21.7817,,197114.2992,197114.2992
001222.SZ,20260203,1.0939,0.59,24.3915,2.9922,2.567,0.6629,426257.37,239846.3067
300338.SZ,20260203,4.2159,1.31,,,10.2402,,146958.0126,127516.8533
002222.SZ,20260203,5.1657,1.19,123.1945,19.4568,31.4508,0.2841,3311030.25,3296256.2183
002240.SZ,20260203,4.5099,0.75,,3.1666,7.959,,3325262.637,3316597.387
603055.SH,20260203,0.5084,0.66,15.4382,1.5774,1.2231,2.7406,811947.3875,808989.9539
600285.SH,20260203,1.4349,0.92,15.5182,3.8201,3.28,4.1133,1240848.6834,1238113.6834
002062.SZ,20260203,2.9198,0.86,44.0107,2.4026,2.0646,1.005,1218711.8257,1107830.4456
600854.SH,20260203,1.6572,0.93,23.2362,1.1316,28.638,2.2472,277390.8593,277390.8593
688308.SH,20260203,4.4454,0.6,432.1416,3.1166,6.4005,0.2941,803594.2242,803594.2242
000626.SZ,20260203,1.606,0.78,,1.6291,0.0456,,387062.9241,384839.422
603042.SH,20260203,17.5037,2.89,,3.3598,3.3136,,289864.6612,289864.6612
688377.SH,20260203,0.8344,0.81,72.2083,4.3264,6.6968,0.3373,805142.712,805142.712
002017.SZ,20260203,3.5969,0.71,73.5184,7.6187,10.5241,0.7063,1347762.8927,1346959.418
000525.SZ,20260203,1.0506,0.54,81.8378,2.7906,2.7923,,734981.4171,627032.6428
300351.SZ,20260203,2.3666,0.54,71.2009,2.7447,3.0695,0.3392,686028.3688,464656.1502
001331.SZ,20260203,3.9808,0.93,4738.3192,10.3901,3.0457,,1573488.0,935906.9104
688327.SH,20260203,3.7422,0.69,,17.4268,31.4308,,1654407.7924,1327671.5767
300139.SZ,20260203,32.6957,1.1,215.0384,16.0503,36.187,,1778534.0,1516682.0295
600171.SH,20260203,2.0343,0.42,62.4872,5.0238,7.1401,0.5339,2257211.7968,2257211.7968
601579.SH,20260203,4.1922,0.99,51.7316,2.8414,5.803,1.8205,1033723.1098,1033723.1098
600476.SH,20260203,16.4539,6.81,,20.2318,3.2685,,229846.89,229846.89
300492.SZ,20260203,1.5637,0.85,92.9402,53.7072,5.0688,0.6605,1604917.4333,1604917.4333
600352.SH,20260203,3.6019,0.88,22.7141,1.3794,3.1522,3.1077,4710824.5333,4710824.5333
688230.SH,20260203,3.5095,2.01,87.9511,4.112,23.7197,1.0077,933626.4,933626.4
600706.SH,20260203,3.2789,0.8,109.6406,4.2601,2.918,,270363.3721,269271.9961
300260.SZ,20260203,3.0874,0.62,127.1318,10.6147,7.4988,0.1104,2206234.5283,1556115.8725
301517.SZ,20260203,7.2043,1.04,,7.6626,17.9366,0.0589,1026599.3354,666290.259
301193.SZ,20260203,2.7051,0.73,,3.0721,1.8969,,468233.2815,332209.9815
300101.SZ,20260203,3.5194,0.7,277.8061,9.319,17.7234,0.2416,1717914.7425,1712281.3304
000669.SZ,20260203,1.1916,0.62,,,1.6722,,211607.1359,211607.1359
605389.SH,20260203,0.6715,0.65,101.4008,5.4688,12.0578,0.9011,1151255.6893,1088771.4124
600477.SH,20260203,6.5832,1.04,75.7206,1.7087,1.1007,1.6898,851587.6054,851587.6054
000928.SZ,20260203,2.4909,0.98,13.0724,1.1615,0.6901,4.3713,981296.9208,981284.9166
002969.SZ,20260203,7.8903,0.88,172.8215,8.9698,8.1061,0.1111,2561041.7176,2546454.2891
688337.SH,20260203,0.9548,0.7,101.6361,2.3589,8.8297,1.047,740212.5241,709830.9609
688091.SH,20260203,2.2357,1.07,165.8606,7.439,33.547,,1063696.9314,1063696.9314
002662.SZ,20260203,2.6011,0.95,26.3057,1.4069,2.1628,1.7433,619500.0,619492.1943
600482.SH,20260203,1.9566,1.09,33.3059,1.5476,1.1025,0.9757,6179373.4896,6179373.4896
603713.SH,20260203,1.1169,0.6,16.0395,2.0696,0.7267,1.1675,961887.6968,961887.6968
301210.SZ,20260203,4.0972,0.89,79.1993,2.3143,2.6729,0.8356,422353.8208,160164.5378
300798.SZ,20260203,17.9727,0.93,,2.6958,3.8534,0.1035,452914.2623,368438.9118
688538.SH,20260203,1.4245,0.73,,4.4518,6.5272,,3590453.7825,1495581.2885
002888.SZ,20260203,7.7952,1.42,188.6974,8.3702,10.9229,0.9462,318319.1963,161534.0311
301173.SZ,20260203,3.6798,1.07,25.7537,2.8153,1.7496,0.4837,414053.1152,83712.1925
000791.SZ,20260203,1.6364,1.56,8.336,1.4896,1.6555,2.6866,2173372.6271,1296866.5966
002625.SZ,20260203,0.8577,0.64,142.89,10.7928,54.6463,,10298929.9804,10298884.5704
600373.SH,20260203,0.9262,0.6,30.6198,0.7301,1.6236,4.3829,1273147.2658,1254390.9674
300507.SZ,20260203,1.43,0.48,66.2779,3.5609,3.0314,0.6337,754209.3864,730042.2266
605338.SH,20260203,0.9867,0.79,26.2875,3.2885,4.0997,2.5723,745052.3188,745052.3188
603489.SH,20260203,0.8813,0.57,90.7915,2.6794,5.2355,0.3251,721684.9034,721684.9034
301303.SZ,20260203,5.6168,0.39,19.3015,1.9387,3.7833,2.193,652444.8,162368.7647
002158.SZ,20260203,1.4055,1.11,25.4538,3.1122,4.4001,2.2862,1356595.1406,1353710.597
600708.SH,20260203,1.5392,0.69,,0.9777,1.6235,,893683.3339,892336.3862
003012.SZ,20260203,0.9982,0.79,22.8673,1.1069,1.3416,3.3334,843439.2642,834347.9766
002941.SZ,20260203,1.8351,0.58,20.0813,2.5108,1.394,0.8206,1180007.6451,1180007.6451
000063.SZ,20260203,2.5037,0.88,30.5177,2.3736,1.3526,1.6559,17823450.989,15006916.7104
600918.SH,20260203,1.0702,0.89,29.1697,1.1448,4.0568,0.3443,5059819.8964,2508616.4368
600520.SH,20260203,2.4313,0.69,477.5952,11.1567,13.6111,,432989.19,432989.19
600483.SH,20260203,0.4681,0.6,8.4449,0.9683,1.8005,4.1904,2541045.9492,2541045.9492
688480.SH,20260203,4.1385,1.17,70.0773,7.142,7.6653,0.7684,781579.3416,781579.3416
920701.BJ,20260203,0.9094,0.46,35.8991,3.0273,2.7874,1.169,251487.6,183679.8709
301533.SZ,20260203,8.9431,1.06,69.1973,3.4067,4.8127,1.0069,385853.7975,111614.0475
600528.SH,20260203,0.5648,0.57,12.6395,0.7356,0.6396,1.2603,1826115.4053,1826115.4053
600903.SH,20260203,0.9811,0.6,,2.6102,1.1668,0.5189,782006.3974,782006.3974
301298.SZ,20260203,1.8378,0.91,37.6193,2.6678,3.9197,1.7272,250734.4,184813.2723
605056.SH,20260203,2.5567,0.73,36.0211,5.566,2.1251,1.9472,916160.2419,900777.0156
001337.SZ,20260203,16.4132,1.53,56.0214,13.5967,26.1427,0.446,2354520.0,1617084.336
300284.SZ,20260203,0.9853,0.97,61.894,1.126,2.0693,1.1984,948383.6583,899211.6216
603677.SH,20260203,0.8124,0.67,50.5178,2.9694,1.6638,1.3935,345525.9518,345525.9518
002567.SZ,20260203,1.6963,0.47,,1.1364,0.2411,,623377.356,622666.3472
601618.SH,20260203,1.1859,0.39,16.2147,0.6034,0.1328,1.8421,6299980.2277,5427196.2277
002203.SZ,20260203,1.7754,0.72,42.2201,1.9081,0.3751,1.7922,3162622.2781,3052754.9512
300398.SZ,20260203,12.0656,1.29,48.2647,3.2676,5.182,0.3719,1600489.8284,1591749.2303
301020.SZ,20260203,1.475,1.36,38.5911,3.568,6.1574,1.3191,344040.0,344040.0
002331.SZ,20260203,2.8232,0.59,,2.4231,3.0672,0.3142,406153.2981,375261.3397
688318.SH,20260203,0.9269,0.79,101.1928,9.4005,92.3767,0.2627,3482456.4608,3482456.4608
603869.SH,20260203,0.2969,0.62,129.819,1.3172,7.3798,0.1264,493128.3548,493128.3548
000807.SZ,20260203,2.6618,0.78,22.6151,3.6155,1.9018,1.5366,11284733.3959,11284615.1
603135.SH,20260203,4.2697,0.81,160.8841,2.5109,10.9714,0.5527,745886.3261,297124.8155
600438.SH,20260203,1.8001,1.0,,2.0126,0.9512,,8400713.5061,8400713.5061
603012.SH,20260203,4.7756,0.97,33.4326,1.4012,1.6665,1.221,532716.0,532716.0
002488.SZ,20260203,5.4248,1.04,379.1408,3.5495,3.4975,0.0793,1244298.8313,1150104.9988
002345.SZ,20260203,2.4741,0.53,57.9578,3.2672,1.4292,2.7559,1128411.1379,1101458.5731
300087.SZ,20260203,4.6797,0.63,326.4186,4.8067,1.8254,0.5656,837441.2679,797629.5756
688620.SH,20260203,2.3882,0.62,,3.4126,9.0554,,459816.0,272509.624
688683.SH,20260203,0.478,0.56,135.6262,4.8837,5.9881,0.1761,575924.635,554761.0962
300279.SZ,20260203,3.7759,0.64,65.8823,4.1246,2.3283,,427472.9543,425589.2325
301529.SZ,20260203,4.8432,0.74,73.9582,8.304,6.7867,0.3116,1126213.9628,600541.2203
300619.SZ,20260203,6.6521,0.68,,5.4819,5.3967,,864778.3003,722956.3136
300562.SZ,20260203,2.904,0.67,42.0838,3.1728,3.27,1.8859,322017.9624,238873.8485
300958.SZ,20260203,10.7828,3.03,,1.7594,3.6623,,219117.7374,127287.0989
603888.SH,20260203,6.3612,1.13,62.1184,4.7535,7.8175,0.4036,1748921.3315,1748921.3315
300802.SZ,20260203,1.6057,0.63,65.4405,4.0776,7.3983,0.7678,570145.0578,390796.6156
000401.SZ,20260203,1.9366,2.31,,0.4968,0.5336,1.9685,1350374.1232,1336727.9224
600191.SH,20260203,1.5297,0.6,166.6696,3.8697,12.6772,,655143.132,655143.132
300355.SZ,20260203,1.5542,0.65,107.6757,1.496,2.4793,0.0998,643301.0745,520686.0522
920299.BJ,20260203,18.2769,1.3,85.3635,8.1582,18.4577,0.4332,228787.4518,111880.5018
300476.SZ,20260203,3.5692,1.03,63.5166,15.2169,13.4604,0.1116,23086015.5273,22684242.0155
300416.SZ,20260203,5.1644,0.87,40.1777,3.6182,4.4794,0.7916,963698.0924,957246.8264
600250.SH,20260203,3.3642,0.96,137.5123,5.6168,4.822,,350971.0833,350971.0833
605358.SH,20260203,3.1937,0.47,,3.9187,7.947,,2745933.5496,2745933.5496
603682.SH,20260203,1.9268,0.68,51.0355,3.3827,3.3387,4.8529,321300.0,321300.0
605289.SH,20260203,4.5566,0.59,,6.3011,8.3081,,806655.5,801697.5
301518.SZ,20260203,4.1265,0.47,57.8811,3.5919,2.0509,0.3981,583623.6942,214636.5958
688298.SH,20260203,0.8934,0.31,,0.767,5.7934,,487872.0,487872.0
603505.SH,20260203,1.3239,0.5,67.4947,9.3749,4.4432,0.5427,1635362.5037,1635362.5037
600573.SH,20260203,3.4304,0.86,35.1493,2.1382,4.6578,0.6797,294250.0,294250.0
300249.SZ,20260203,5.9239,0.94,,20.9895,4.64,,701256.8864,594492.643
000059.SZ,20260203,2.0182,0.71,,0.9251,0.2309,0.3087,932474.9991,932474.9991
600830.SH,20260203,1.3357,0.79,65.1309,1.9748,11.0464,0.1546,440693.0646,440693.0646
688061.SH,20260203,4.4637,1.22,,1.7518,6.6993,,417048.4893,163426.622
600868.SH,20260203,7.619,0.47,,4.2318,26.4471,,820000.2293,820000.2293
605168.SH,20260203,2.7672,0.96,97.8902,3.1471,2.2824,1.8009,842846.31,842846.31
920971.BJ,20260203,2.3955,0.55,134.975,7.5264,11.9626,0.6315,335756.1664,273820.4524
002202.SZ,20260203,9.657,1.17,43.2587,2.988,1.6629,0.515,11475283.7293,9137117.174
600052.SH,20260203,1.8284,0.86,,1.4211,5.6671,0.4361,382420.2177,382420.2177
601577.SH,20260203,0.4874,0.86,4.69,0.5505,1.4682,6.4854,3844605.3888,3843773.5455
301035.SZ,20260203,0.7255,0.84,22.6726,3.0989,1.5693,0.9344,2263294.8214,2259859.2232
600125.SH,20260203,2.0415,1.3,15.4668,1.0805,0.7202,2.2117,826395.3462,826395.3462
002535.SZ,20260203,1.5533,0.53,119.2487,4.39,2.0333,,311053.0327,289579.3322
300396.SZ,20260203,0.8369,0.49,,1.8815,6.9787,1.9878,356691.8106,356155.5411
002286.SZ,20260203,3.8324,0.93,25.2762,1.6521,1.3516,0.6262,364202.9827,353661.3884
002574.SZ,20260203,4.6413,0.51,,1.147,1.1225,,341616.0,341616.0
300131.SZ,20260203,13.8366,1.94,461.4574,10.4608,3.397,,1848946.7411,1697853.7836
600829.SH,20260203,2.0498,0.33,54.9496,2.1874,0.6408,,654694.226,654694.226
001225.SZ,20260203,6.2936,0.93,112.2821,3.785,20.7661,1.5118,522718.9248,166963.7025
301379.SZ,20260203,3.803,0.69,35.4485,3.9439,3.1727,0.9991,557461.9705,358062.0663
300343.SZ,20260203,1.1583,0.56,117.9373,3.374,7.2346,,649933.2244,648261.3885
300683.SZ,20260203,4.6653,0.77,,1.7662,6.3644,,394515.6945,367902.828
301182.SZ,20260203,12.6174,4.27,,5.9824,6.7821,,456398.7571,456398.7571
600530.SH,20260203,0.7528,0.64,195.5655,15.6766,15.957,0.1832,499048.48,499048.48
603577.SH,20260203,1.7738,0.69,28.164,1.9172,0.8682,0.7912,372035.5927,372035.5927
920016.BJ,20260203,3.2207,0.62,78.7725,4.2144,6.7334,0.3365,160122.4123,70176.0134
300022.SZ,20260203,1.851,0.81,,7.5935,1.4506,,403794.3905,403785.4443
603073.SH,20260203,4.592,1.27,24.7091,1.7338,2.9756,1.4521,239656.0,105144.624
301013.SZ,20260203,3.3199,0.68,,7.3832,10.3918,0.2063,566593.1677,458721.7305
920964.BJ,20260203,5.4509,0.95,,2.1874,2.0801,0.2721,191987.88,97282.6728
300354.SZ,20260203,2.4113,0.73,48.0545,7.246,11.1867,0.4097,596298.3865,350521.3487
600455.SH,20260203,3.1487,1.1,46.8567,5.4848,6.0506,,181315.574,181315.574
600525.SH,20260203,1.3588,0.63,,1.6089,0.776,,605320.0898,605320.0898
600380.SH,20260203,0.6707,0.65,15.292,1.4053,1.3746,1.7513,2089235.7668,2089235.7668
603191.SH,20260203,8.4953,0.97,76.2296,2.8185,1.9007,0.2359,704256.8694,699349.2654
300633.SZ,20260203,0.5609,0.65,177.4879,3.8081,5.7244,0.3619,1187795.5517,1187795.5517
002500.SZ,20260203,0.7671,0.73,23.4899,1.1686,6.2103,1.6779,2139503.842,2139503.842
002312.SZ,20260203,1.9688,0.48,40.8475,2.3149,2.3395,1.197,2225609.1987,2221022.8344
688592.SH,20260203,9.7381,1.95,,4.299,8.7166,0.1841,397716.815,190413.1239
920415.BJ,20260203,1.7547,0.66,158.153,3.8323,12.1493,0.2376,205427.794,158234.2235
301320.SZ,20260203,3.5354,0.97,159.2073,3.1227,3.6158,0.5417,331076.19,124072.4893
601330.SH,20260203,1.0757,1.17,14.4489,1.2524,2.9765,4.044,1022867.8103,707202.609
603365.SH,20260203,1.1671,1.4,13.5976,1.7917,1.1797,5.3831,529192.5408,523761.4368
603281.SH,20260203,0.873,0.98,25.8657,2.5718,6.2386,3.053,1208480.0022,1208480.0022
300005.SZ,20260203,4.7989,1.07,340.2982,6.1539,8.98,0.0786,1290205.1916,1289638.8576
002938.SZ,20260203,2.8548,1.58,36.0261,4.4706,3.7923,1.5873,14603721.4008,14549120.2395
002659.SZ,20260203,3.3405,0.36,,1.7467,10.9891,,378113.2027,378111.4255
002883.SZ,20260203,5.5182,0.74,,2.5866,5.5994,0.1862,167712.7963,164671.1026
600570.SH,20260203,1.4795,0.61,55.1385,6.4341,9.8679,0.3254,5805511.23,5805511.23
600628.SH,20260203,2.1329,0.93,74.8207,1.2169,4.6784,0.5006,516853.4318,516853.4318
300021.SZ,20260203,3.0733,0.69,78.398,1.9371,1.0712,1.082,488691.6502,417169.3429
603167.SH,20260203,1.2851,0.8,15.2812,1.2576,2.4064,8.5016,441464.9773,441464.9773
600159.SH,20260203,5.3804,2.22,,1.4312,3.5162,,245680.9567,245680.9567
688618.SH,20260203,1.293,0.75,102.9636,4.0382,9.4634,0.4983,354356.9861,353913.8792
301117.SZ,20260203,11.863,1.07,375.5766,5.6787,21.4823,0.0249,741169.5416,455883.4516
002805.SZ,20260203,2.3669,0.61,,4.538,2.6631,,448100.0128,445668.1568
688168.SH,20260203,1.3779,0.81,,5.694,6.0844,,571632.1396,571632.1396
300550.SZ,20260203,1.4639,0.68,73.4811,3.3752,9.3061,0.1741,377036.3625,376686.2944
920792.BJ,20260203,1.7169,0.48,38.3321,2.1293,3.0415,0.7639,216691.86,131369.7189
002186.SZ,20260203,2.0494,0.69,,4.2544,2.8833,,367998.984,367507.0943
605020.SH,20260203,1.7949,0.53,24.7348,2.5126,2.8331,0.8268,1420076.0499,1398128.6839
300490.SZ,20260203,13.1198,1.13,,3.0642,3.3405,,675348.1218,666169.9247
688176.SH,20260203,2.1831,0.55,,4.0501,25.3222,,706537.8912,538943.5189
300306.SZ,20260203,2.0479,0.33,43.7685,2.6032,9.1197,3.0423,381921.4648,223795.5358
600794.SH,20260203,1.1059,0.7,53.2594,1.7178,6.1142,0.7979,451257.211,451257.211
300844.SZ,20260203,1.4958,1.11,,5.704,8.8032,,418237.2186,404008.9416
300665.SZ,20260203,2.2538,0.58,,3.4648,3.2224,,191358.568,190594.0094
002196.SZ,20260203,13.0629,0.68,,5.9916,3.1828,,847941.0003,834968.046
000090.SZ,20260203,1.557,0.79,23.3411,0.6455,0.3301,2.5641,728732.7193,728699.3743
600429.SH,20260203,1.1083,0.63,42.4782,1.526,1.2272,0.2275,796107.2045,793705.4358
300077.SZ,20260203,6.3271,0.39,,13.733,10.1219,,1320781.9755,1282731.561
301509.SZ,20260203,2.6059,0.64,42.6231,1.9868,7.3292,1.1001,437944.0885,206310.0142
300105.SZ,20260203,1.7394,0.89,47.8695,1.9793,3.1163,1.3532,381186.8564,381186.8564
603239.SH,20260203,1.6332,0.66,33.4698,5.1817,4.6182,0.8746,649998.72,649998.72
603906.SH,20260203,1.7693,0.68,,4.1402,1.5803,,1238622.6566,1021662.6566
002765.SZ,20260203,1.895,0.62,40.2782,2.9302,2.0765,,770163.2743,703740.3503
603929.SH,20260203,2.5471,0.75,50.1346,17.1723,7.8723,1.3313,3205307.28,3205307.28
300374.SZ,20260203,3.7849,0.72,,4.9182,2.0506,,400345.2846,317353.5288
002718.SZ,20260203,5.0378,0.85,,11.355,19.3364,,1016165.4577,427871.2365
603350.SH,20260203,1.5719,0.45,36.676,3.3708,2.295,1.8355,443958.634,167684.0
300835.SZ,20260203,6.845,0.82,65.4004,7.9388,7.4865,0.2445,948017.943,654155.6217
920575.BJ,20260203,2.8486,0.43,,9.0961,1906.9502,,294425.12,196854.9366
920145.BJ,20260203,4.7298,1.74,,4.5833,17.6603,,119370.6,82219.356
600309.SH,20260203,1.364,0.67,23.5102,2.4811,1.46,0.8785,26089350.5311,26089350.5311
300106.SZ,20260203,3.7389,0.92,,6.1785,2.6401,,238382.8457,238382.8457
600271.SH,20260203,1.9693,0.87,,1.4031,3.0924,0.0391,1895500.9847,1895500.9847
600095.SH,20260203,1.0119,0.79,77.3152,2.564,119.904,,3133669.7663,3133669.7663
301083.SZ,20260203,2.241,0.67,90.8782,4.1844,9.2946,0.6107,349508.0007,168223.4869
603075.SH,20260203,4.5918,0.39,30.1803,4.5689,4.6564,2.9429,957507.3211,98122.012
002033.SZ,20260203,4.1493,1.25,25.5533,2.12,6.4616,3.5751,537951.4061,537941.0972
688195.SH,20260203,9.4805,1.33,386.2716,31.073,55.7354,0.03,3000920.0,3000920.0
002856.SZ,20260203,5.262,1.15,,25.0762,5.0722,,208381.7243,190812.8422
002600.SZ,20260203,1.6078,0.86,47.7097,4.7423,2.1711,0.2614,10924485.2301,10762286.8765
600754.SH,20260203,1.2905,1.16,51.34,1.7871,2.0949,1.4299,2831022.3688,2405546.9873
002789.SZ,20260203,1.9125,1.06,,,0.356,,158186.9024,155057.9041
688072.SH,20260203,1.5986,0.77,97.6368,15.4457,15.7197,0.0791,9503729.4013,9503729.4013
300240.SZ,20260203,3.5188,1.06,,1.9932,0.4689,,294277.8564,287796.0722
301329.SZ,20260203,6.282,0.75,59.3364,2.6862,4.8602,1.5325,416479.4,146682.968
300405.SZ,20260203,4.2136,0.86,,4.606,3.3948,,192804.6709,148362.2374
002393.SZ,20260203,0.8906,0.57,14.5737,1.1323,4.263,1.5943,562569.6651,546650.5415
920826.BJ,20260203,5.8993,0.7,41.5099,5.0296,3.1695,0.7424,189274.8015,84153.1151
300724.SZ,20260203,14.4053,1.03,14.4951,3.7095,2.5297,0.8374,4970475.2176,4105972.9017
001288.SZ,20260203,4.3652,0.63,47.0776,3.8718,4.468,0.4941,849092.6279,548555.8614
603214.SH,20260203,2.7796,0.91,22.421,2.1604,0.6674,2.1349,248540.8246,248540.8246
688677.SH,20260203,1.1057,0.86,32.5872,4.3114,9.9353,1.2544,568097.103,568097.103
300780.SZ,20260203,21.1278,0.83,,4.2593,7.6712,,436049.91,319701.5907
300365.SZ,20260203,3.6419,0.69,,1.947,3.2155,,366511.6916,312663.741
300948.SZ,20260203,3.9845,0.58,,3.3155,29.2975,,318823.8078,300328.8117
920454.BJ,20260203,1.5044,0.86,57.4199,5.2932,10.7346,0.9864,170472.2,102476.5408
605299.SH,20260203,2.7126,0.61,63.0197,3.8561,3.1104,1.7364,473065.8606,473065.8606
300663.SZ,20260203,1.8429,0.67,,10.814,15.3035,,817673.2734,781952.4715
688597.SH,20260203,1.536,0.87,36.1961,3.8765,3.3209,1.0481,324633.9639,324633.9639
301489.SZ,20260203,5.0118,0.69,173.9628,11.9174,14.3163,0.1117,1291415.8411,761226.0286
920022.BJ,20260203,2.2838,0.56,25.4882,4.4142,2.9951,1.9301,181264.605,49928.075
600035.SH,20260203,0.7841,0.89,9.3737,0.7089,1.1688,4.3367,631165.4332,631165.4332
300293.SZ,20260203,1.5812,0.3,,7.5325,5.5987,,703951.2605,583098.7074
688356.SH,20260203,1.0883,0.6,155.4641,4.5409,23.3757,0.154,589342.8519,589342.8519
002637.SZ,20260203,3.6981,0.62,38.2711,1.6773,0.4907,0.8726,633159.746,595905.3599
601005.SH,20260203,1.6521,0.48,,0.7876,0.5021,,1292357.51,1213790.9388
920171.BJ,20260203,2.0633,0.74,,10.5928,11.1166,,222718.2482,149978.6229
688443.SH,20260203,1.7721,0.47,,5.7366,45.5495,,1025603.96,326353.96
301390.SZ,20260203,4.3557,1.3,93.0595,2.4102,3.5192,0.2592,229740.0,117458.0977
300029.SZ,20260203,3.1568,0.9,,,12.0234,,107872.497,107793.8145
002910.SZ,20260203,6.3702,1.09,,2.2864,2.7424,,238558.0033,208695.579
603357.SH,20260203,0.6933,0.85,10.5534,1.2213,1.4984,4.222,464719.0866,460594.853
688233.SH,20260203,4.5804,0.74,190.7133,8.7159,39.9858,0.0785,1617904.492,1617904.492
600563.SH,20260203,1.8103,0.79,20.9646,4.218,4.5772,1.8631,2415375.0,2415375.0
688016.SH,20260203,1.8193,1.22,31.4829,3.1305,9.5041,1.6783,1189479.4291,1189479.4291
603630.SH,20260203,1.9271,0.7,,2.2976,5.1876,0.4569,438923.7264,438923.7264
300709.SZ,20260203,5.5854,0.73,43.7074,3.2524,2.6193,0.2742,746539.6442,598923.6407
600981.SH,20260203,1.2456,0.52,45.5705,1.4812,0.1312,0.2985,751215.1193,751215.1193
300888.SZ,20260203,0.5132,0.57,23.4915,1.7875,1.9009,1.9847,2053877.2328,2051648.0277
600176.SH,20260203,1.3412,0.67,23.8016,2.6777,4.5689,1.9816,8282489.8902,8282489.8902
600637.SH,20260203,2.1614,0.79,78.8524,1.2983,5.0959,1.9948,3876270.489,3876270.489
300857.SZ,20260203,4.0753,0.91,86.1677,18.2582,6.9352,0.1002,7175083.5414,7154514.1989
600032.SH,20260203,0.4273,0.94,35.4875,1.469,3.8816,0.6574,1902098.1813,1902098.1813
300138.SZ,20260203,2.248,0.88,19.4812,1.9587,0.9583,0.9615,653151.3257,538519.5708
300868.SZ,20260203,2.0557,0.4,,2.6703,6.2533,0.1416,402792.896,254011.3361
688078.SH,20260203,1.4902,0.55,,2.9635,9.011,0.4659,212774.667,212774.667
920017.BJ,20260203,1.109,0.61,26.2745,1.4525,3.6263,0.8177,237430.9966,234915.4114
920627.BJ,20260203,2.7687,0.89,76.7141,4.8407,3.0703,0.5188,218462.85,108219.4875
301395.SZ,20260203,2.4371,0.92,63.1287,2.1413,1.4464,0.605,330276.5957,186905.3957
002230.SZ,20260203,3.5726,0.68,160.4944,7.6159,5.2727,0.1714,13436457.6293,12723923.4004
300984.SZ,20260203,2.7741,0.87,217.158,8.812,7.4045,0.1436,914653.0268,574841.127
002387.SZ,20260203,1.0248,0.73,,3.0505,1.5062,,1224990.1297,1223411.7928
603918.SH,20260203,4.5428,0.72,,6.1912,8.0689,,619587.4716,619587.4716
001229.SZ,20260203,2.8089,0.82,57.7332,3.8797,18.5733,1.5267,393003.954,202078.3012
002540.SZ,20260203,2.4188,0.54,23.0264,1.7276,1.2056,3.9547,937104.5813,652959.2039
600186.SH,20260203,4.0709,1.03,38.488,5.8586,3.4883,,1117105.7488,1109119.6053
300737.SZ,20260203,5.9652,0.9,,1.7125,1.2061,5.036,771429.33,616399.0598
600283.SH,20260203,0.8556,0.95,22.221,1.6721,2.1309,2.6998,519323.8555,503898.817
600063.SH,20260203,2.2893,0.63,25.4186,1.6603,1.737,2.0893,1396646.8531,1396646.8531
002961.SZ,20260203,1.4644,0.53,23.1072,3.1526,6.5159,1.4725,1148455.7067,1148450.2887
002670.SZ,20260203,1.5949,0.84,97.3039,2.8091,28663.3325,,3175473.9156,2663918.3904
920146.BJ,20260203,1.6794,0.77,,5.1243,2.8605,,113256.9817,89888.6578
688076.SH,20260203,1.4995,1.23,21.6623,3.4741,5.6864,1.6653,1080265.3839,1080265.3839
300519.SZ,20260203,2.2113,0.9,43.9874,3.0785,9.9149,1.8832,254880.0,181761.3
300468.SZ,20260203,3.3946,1.03,210.6812,10.4622,25.9428,0.3082,1721956.8974,1719181.7409
300123.SZ,20260203,4.7002,0.86,,4.9041,8.1169,,721414.8908,706295.6855
920924.BJ,20260203,6.7717,1.17,144.5996,8.4857,6.527,0.2004,268241.25,161091.305
300188.SZ,20260203,1.2457,0.61,,3.8556,7.1568,,1192954.5063,1187441.0649
603118.SH,20260203,3.308,0.92,,1.8661,1.0599,,940008.0288,940008.0288
300781.SZ,20260203,23.4072,0.88,,13.2517,9.3988,,884905.0826,653082.5085
002999.SZ,20260203,3.4098,0.89,54.7685,2.146,0.1908,1.6757,257218.08,254349.0075
603021.SH,20260203,3.937,1.54,,,4.4137,,174051.7501,174051.7501
000936.SZ,20260203,2.9225,0.63,23.6964,1.4067,2.2666,0.4706,753110.954,753004.2365
605287.SH,20260203,7.4898,0.93,,4.6438,2.3078,,721140.0,721140.0
002593.SZ,20260203,5.6463,1.26,48.7453,1.996,1.372,0.8319,483118.6754,335868.3199
688589.SH,20260203,2.6639,0.55,64.6877,3.8112,8.2752,0.9935,364628.8327,364628.8327
000032.SZ,20260203,2.204,0.71,159.228,3.4269,0.4825,0.5444,2508130.0979,2348747.859
600518.SH,20260203,0.8544,0.64,1570.669,3.6368,4.9546,,2613661.4744,2612424.5635
603036.SH,20260203,1.8617,0.68,37.2634,3.1278,9.9289,0.9602,429110.5501,429110.5501
920018.BJ,20260203,10.8822,1.61,38.343,4.4848,1.5854,0.317,401724.7744,139526.089
600178.SH,20260203,1.0047,0.82,1440.8423,2.2923,1.0813,0.04,583095.2013,583095.2013
002474.SZ,20260203,5.1229,0.81,,4.0575,11.3624,,554380.2,472912.457
300238.SZ,20260203,2.285,0.65,158.0908,7.2671,10.5839,,415764.1392,415730.2406
002162.SZ,20260203,3.3589,1.26,,5.8002,4.3845,,476405.0999,475779.9547
920693.BJ,20260203,1.9545,0.63,283.0043,7.895,9.9754,0.1826,278659.1,140326.13
002554.SZ,20260203,3.6707,0.39,,2.1967,1.9963,,520150.8281,520053.5048
688790.SH,20260203,5.3911,0.73,,5.3497,8.6816,,1522038.5729,184385.9049
300726.SZ,20260203,3.3724,0.44,59.548,4.0858,11.3588,1.2034,2053433.4672,1069189.9771
603124.SH,20260203,8.151,0.89,65.7941,7.5441,1.3733,0.3978,1355721.8411,271857.2289
301382.SZ,20260203,6.9295,0.63,64.668,6.1621,5.7228,0.1912,1141518.8303,704625.2864
301515.SZ,20260203,4.5109,1.21,,2.0697,4.1595,0.4572,252100.0,165303.3566
002242.SZ,20260203,0.7654,0.64,53.8181,2.2956,0.9644,1.4382,795826.731,794459.0451
603217.SH,20260203,0.8493,0.48,26.7356,1.6123,2.5121,1.326,541652.0228,541652.0228
600308.SH,20260203,1.5173,0.65,,0.6557,0.4667,0.1977,602197.4599,602197.4599
605188.SH,20260203,1.6685,1.34,1695.5366,8.5828,3.6507,0.0489,1012754.736,1012754.736
920005.BJ,20260203,1.5983,0.46,48.3833,5.4603,7.8732,1.4245,349596.0,80028.0
000656.SZ,20260203,2.6042,1.35,,,1.3194,,1541941.8366,1103471.7146
002931.SZ,20260203,12.2957,1.56,894.1569,23.4549,43.618,0.049,2228759.7312,2052785.9856
600391.SH,20260203,7.7688,0.8,379.5019,9.6795,3.936,,1699175.8519,1699175.8519
300065.SZ,20260203,39.3839,2.65,541.7905,11.6546,28.8603,,2049171.2144,1865571.1983
600698.SH,20260203,1.0506,0.84,2116.4047,11.4685,17.9265,,883763.4044,686783.5898
002836.SZ,20260203,1.3106,0.69,59.0246,8.907,7.8419,1.658,336384.0,336384.0
300673.SZ,20260203,2.385,0.61,30.7074,2.3465,3.0379,1.957,432965.4876,281807.4681
603009.SH,20260203,4.704,0.86,184.6645,9.4859,8.3718,0.1508,1907521.1066,1862941.3799
600662.SH,20260203,1.2841,0.57,12.6364,2.7704,0.56,3.9216,1397475.9135,1393200.3205
002562.SZ,20260203,19.7647,1.87,79.0601,2.3572,2.4315,,867401.835,532460.3463
300459.SZ,20260203,5.453,0.82,,8.5423,18.4224,,1789547.768,1673181.4681
002180.SZ,20260203,2.0645,1.63,,3.1708,1.4136,,3042820.8952,2921305.0141
300833.SZ,20260203,1.8181,0.73,33.0284,2.4249,5.4992,2.8035,586536.4485,376781.6144
600218.SH,20260203,1.9213,0.67,51.1185,1.4216,1.0862,0.565,462607.114,462607.114
601106.SH,20260203,2.7596,1.02,,6.8138,3.7647,,3593478.2537,3593478.2537
002598.SZ,20260203,4.5322,1.76,99.6224,2.5765,1.5597,0.9871,316103.7579,285102.54
688197.SH,20260203,1.1228,0.79,,7.8188,613.5728,,531820.3706,228881.458
688478.SH,20260203,3.0345,0.7,,3.2688,17.2366,0.6828,501853.8302,375066.1332
600785.SH,20260203,20.6981,1.55,43.3479,2.5413,0.9545,1.3645,578744.2332,578744.2332
603123.SH,20260203,3.3291,1.18,,5.6409,4.5961,,1031169.0345,842088.2502
600633.SH,20260203,6.0211,1.13,35.7176,2.0013,6.6295,1.4907,2041599.8999,2041599.8999
003038.SZ,20260203,4.2853,0.44,102.1696,1.326,0.4645,,397955.1842,270258.0903
301301.SZ,20260203,2.3429,0.82,25.9756,3.0669,5.1304,2.4738,2430792.65,673382.7691
688292.SH,20260203,7.0878,0.61,,4.6129,12.5067,0.4017,467920.6094,297955.7468
603912.SH,20260203,2.9231,0.83,,2.7964,5.87,0.8849,489825.9961,489825.9961
688276.SH,20260203,0.5855,0.58,,2.1009,12.2721,0.8408,831451.772,831451.772
002901.SZ,20260203,0.6429,0.44,38.0326,6.1732,8.2969,0.987,2059747.0424,1435170.0801
002544.SZ,20260203,2.7987,1.1,2101.6307,5.905,4.6893,0.0256,2206290.8714,2206080.6471
603330.SH,20260203,1.5427,0.71,,2.1374,3.242,,326235.9313,326235.9313
601375.SH,20260203,1.2094,0.69,42.4824,1.4039,10.9186,0.5787,2005726.1904,1489328.5104
301575.SZ,20260203,3.5567,0.64,34.5713,3.2246,3.9904,,442710.36,84440.7209
688082.SH,20260203,0.8201,0.85,52.6049,6.5737,12.8737,0.3299,8738038.8302,7941239.7824
920015.BJ,20260203,3.5918,0.66,34.1985,4.1931,6.5382,,686238.4684,191066.7744
603659.SH,20260203,1.2825,0.81,36.3403,3.0403,4.1578,0.596,6003281.4036,6003281.4036
300499.SZ,20260203,7.8661,0.95,5714.1476,6.4475,9.7294,,892546.8011,793584.2317
688026.SH,20260203,1.2655,0.83,32.2581,2.3111,4.5207,0.3926,255884.2009,255802.4904
301181.SZ,20260203,3.616,1.7,40.0633,3.447,8.9551,1.6378,493822.1186,385434.5471
920679.BJ,20260203,1.0864,0.58,62.1532,2.3569,9.259,1.711,117508.4,78216.2
300943.SZ,20260203,16.9844,1.08,112.9487,6.2781,12.2464,0.3934,621651.0,409737.8754
688179.SH,20260203,2.6689,0.52,66.0833,5.594,9.2468,0.9157,554788.436,554788.436
300858.SZ,20260203,3.0611,0.79,49.3604,2.6865,13.9594,0.8056,490627.9097,364468.163
002605.SZ,20260203,2.2759,0.68,21.3507,2.9294,4.1634,1.9304,1078375.778,870774.1914
300887.SZ,20260203,5.0225,0.85,,2.2344,4.7488,,641241.2253,425581.7335
600076.SH,20260203,4.4433,0.78,,1.3546,13.3681,,516304.6529,516304.6529
300277.SZ,20260203,5.3587,0.63,640.0491,11.5996,25.5795,0.118,567563.7,566923.7931
002204.SZ,20260203,1.9659,0.85,23.9887,1.8351,0.9411,0.6726,1421488.3436,1421488.3436
300366.SZ,20260203,1.9351,0.76,,2.495,2.7938,,408898.749,357028.1758
601390.SH,20260203,1.852,0.43,5.4831,0.434,0.1222,4.7267,13602108.2829,11283836.3929
603225.SH,20260203,0.9764,0.69,25.5981,1.7738,0.4511,1.074,3132509.8944,3114166.2894
300551.SZ,20260203,4.0441,0.95,,13.4328,30.9194,,587968.6486,586256.9715
000890.SZ,20260203,3.116,0.91,,,8.8488,,218981.0713,218974.326
920433.BJ,20260203,0.7427,0.46,,3.6147,10.0543,1.0067,152528.1299,100912.572
003015.SZ,20260203,2.9689,0.86,51.677,4.1756,7.1074,1.2141,455046.9339,400543.3393
301082.SZ,20260203,3.0872,0.83,,4.1446,1.8135,0.5277,428855.8847,396493.7133
603307.SH,20260203,3.2506,0.63,23.4648,2.024,3.2399,2.3974,283132.243,70703.0
920729.BJ,20260203,6.7858,0.41,62.1673,3.8894,10.3689,1.3786,257769.05,72446.0137
688028.SH,20260203,4.73,0.76,152.05,7.2926,19.7763,0.359,1430392.724,1430392.724
002319.SZ,20260203,5.145,0.59,,17.5148,7.9987,,318188.7427,303800.0
603032.SH,20260203,1.6536,0.6,,3.94,8.1874,0.292,447881.1562,444329.7107
600549.SH,20260203,4.6021,0.74,38.5939,5.1861,1.9193,1.0751,8919057.1705,8729989.8636
600917.SH,20260203,0.472,0.56,34.1895,1.5464,0.8501,1.4513,881987.4644,881987.4644
000683.SZ,20260203,2.324,1.09,28.3472,2.0847,2.6232,3.6829,3029217.7214,2729444.7987
600645.SH,20260203,1.1218,0.64,157.5772,3.1737,8.0016,,1177827.3561,1177377.5053
600180.SH,20260203,1.327,0.61,243.0911,0.4956,0.1562,0.9672,390099.2596,390099.2596
689009.SH,20260203,1.8934,0.91,19.0104,5.2604,1.6675,3.0454,3615140.1495,2784400.5944
002469.SZ,20260203,1.9163,0.67,21.8324,2.2485,2.105,4.4004,589816.1307,571665.4741
600999.SH,20260203,0.8349,0.82,11.8007,1.2,5.8292,2.9718,14514503.2392,12387326.799
002936.SZ,20260203,1.2612,0.82,8.9937,0.3757,1.2988,1.0582,1718405.2667,1328537.112
300430.SZ,20260203,3.3867,0.89,90.2887,2.6175,7.5241,0.2052,598791.6236,569860.2803
301062.SZ,20260203,5.7256,0.99,,2.9586,3.5567,0.9137,425793.0292,306935.1408
300463.SZ,20260203,2.6348,0.31,,1.1518,3.2984,0.8686,728623.2819,592619.1928
601177.SH,20260203,1.3375,0.79,26.3411,2.4438,2.855,0.3589,682134.2,668900.32
600671.SH,20260203,1.8719,0.53,69.1363,34.4164,9.1108,,229187.8616,229078.0431
603985.SH,20260203,2.1248,0.82,,2.2025,1.8731,,709340.5268,709340.5268
000403.SZ,20260203,0.8601,0.76,22.8699,1.5951,5.3731,1.9987,1280185.2789,1267136.5478
300620.SZ,20260203,12.0244,1.59,334.9123,20.4001,33.6641,0.0588,4236069.265,4200830.645
601880.SH,20260203,0.7478,0.87,25.4802,0.9455,3.3082,1.4753,3818626.2885,2982914.2967
920670.BJ,20260203,6.5497,0.59,420.5421,7.8393,18.6996,,190278.8608,119433.9704
300836.SZ,20260203,2.2017,0.57,92.3898,9.7132,9.1026,0.3449,553796.5198,377678.7761
300348.SZ,20260203,2.3853,0.79,3486.167,5.2884,6.2522,0.0507,1119232.716,978646.8927
002210.SZ,20260203,2.1114,0.87,901.0495,8.7687,45.074,,835627.091,834064.5956
300381.SZ,20260203,1.9691,1.05,510.1471,1.2804,3.9894,1.4486,331466.4862,330305.0225
002748.SZ,20260203,2.4669,0.52,67.9223,2.1322,1.4393,0.4098,292800.0,292800.0
300918.SZ,20260203,2.7586,1.5,47.4127,2.3037,5.1864,0.9699,870551.2144,870551.2144
002395.SZ,20260203,4.5261,1.19,9.5987,3.6524,2.112,0.7328,549023.823,548977.7266
300843.SZ,20260203,13.5868,2.91,75.6306,5.6333,5.5487,0.422,892191.5034,856141.6936
300684.SZ,20260203,5.8212,0.8,52.471,8.0416,9.5244,1.15,1684439.8702,1149000.252
603667.SH,20260203,12.4609,1.0,321.3164,9.87,8.5268,0.1493,2943904.068,2943904.068
688779.SH,20260203,2.0453,0.54,,2.826,2.7777,,1894493.3958,1894493.3958
300267.SZ,20260203,3.4044,0.47,,1.7259,5.9719,,771414.2214,531974.5672
300553.SZ,20260203,3.3492,0.75,129.0724,5.6503,14.1839,,480835.5934,364910.2327
601933.SH,20260203,2.1699,0.86,,10.9665,0.7298,,4047466.4989,4047466.4989
920942.BJ,20260203,2.5084,0.82,66.6686,3.8393,10.6389,0.4792,191953.823,129507.9818
601658.SH,20260203,0.2837,1.02,6.9257,0.6047,1.7088,4.2368,60407811.9065,33762564.7856
002819.SZ,20260203,1.1162,0.72,,2.0785,2.7679,0.0856,835612.5689,655636.1119
688718.SH,20260203,1.0574,1.13,70.9037,3.3473,6.7959,0.7898,253855.1623,253855.1623
603306.SH,20260203,4.8445,1.09,103.2523,8.4471,10.6635,0.1093,2620468.2713,2620468.2713
688251.SH,20260203,1.8293,0.67,148.0765,3.196,3.1287,0.4812,267099.5446,265243.235
603127.SH,20260203,2.309,0.77,125.7744,3.4862,16.9712,0.079,2831037.5752,2381473.6869
000929.SZ,20260203,2.0311,0.67,,4.0069,7.4287,,187252.128,187240.2568
920130.BJ,20260203,2.4415,0.69,,4.5349,6.7457,,231715.0088,140560.8591
002191.SZ,20260203,1.3052,0.46,,0.8516,2.2202,,569097.3029,564682.0901
600582.SH,20260203,0.7292,0.65,8.7792,0.9589,0.8431,5.3638,2445906.0352,2445906.0352
300845.SZ,20260203,4.3524,0.92,50.5247,3.122,6.4629,2.0203,250059.5776,175844.8164
603565.SH,20260203,0.7079,0.82,9.8562,2.1321,1.9663,12.1635,2106363.2923,2106363.2923
002076.SZ,20260203,2.7099,0.79,,7.567,10.0799,,238461.7656,224088.9599
688409.SH,20260203,2.4859,0.93,578.8657,6.3376,8.4449,0.1566,2917576.2261,2917576.2261
688503.SH,20260203,8.5199,1.19,80.2653,3.9072,1.4236,0.5281,1893671.2228,1571996.5543
002270.SZ,20260203,2.269,1.16,39.7468,8.9587,11.6078,1.9642,2815044.0788,2814983.9286
920124.BJ,20260203,3.5296,0.57,24.911,2.6454,2.5082,,275156.6328,141583.1067
301112.SZ,20260203,1.2826,0.78,,3.418,7.8446,0.2665,413720.2832,413720.2832
301109.SZ,20260203,3.57,1.15,16.3841,1.5745,4.24,4.2155,1203378.7841,351697.9751
002908.SZ,20260203,3.1508,0.5,278.6024,3.9913,7.3321,0.4832,441355.026,329236.8285
300195.SZ,20260203,3.9972,0.92,233.7501,1.3863,2.2735,,371167.9943,274987.3334
603165.SH,20260203,1.9009,0.98,18.9621,2.1685,1.8116,7.2289,395327.2781,395327.2781
300085.SZ,20260203,3.6589,0.98,,54.7292,35.9496,,2741058.6353,2529157.8839
688112.SH,20260203,0.623,0.72,47.7915,4.0041,10.9697,1.2889,629928.8972,629928.8972
300806.SZ,20260203,12.0943,0.83,529.1304,10.8185,8.3971,0.0184,2454168.9232,1711961.8712
605399.SH,20260203,2.7687,0.67,,2.17,4.3079,0.6708,465498.144,464487.246
600388.SH,20260203,1.1053,0.65,23.467,2.1262,2.0143,1.573,2260682.4015,2260682.4015
300364.SZ,20260203,8.914,0.72,,49.1711,17.0665,,2324643.8765,2107372.6912
301626.SZ,20260203,3.4854,0.74,110.4444,13.1539,19.3586,0.3127,2071828.8,942406.2542
000592.SZ,20260203,11.1403,0.66,,10.525,14.3281,,2018711.0321,2001271.6092
600061.SH,20260203,0.7982,0.61,13.8513,0.8832,25.341,1.6911,4801881.7865,4801881.7865
688252.SH,20260203,3.3341,0.42,34.1827,4.0347,4.104,0.3078,950565.5965,431811.3452
002467.SZ,20260203,11.2644,0.77,117.9718,4.823,11.9536,0.146,942129.733,936315.5105
300164.SZ,20260203,33.5697,0.73,110.7689,4.8477,5.9388,,706150.3548,699852.9336
601236.SH,20260203,0.2903,0.65,39.5602,1.5798,17.8896,1.8678,3863049.1607,3863049.1607
300487.SZ,20260203,1.7589,0.89,41.7559,8.9242,13.5536,1.1243,3518114.6133,2128400.9734
605011.SH,20260203,0.4858,0.7,43.5283,3.4268,2.5182,1.0753,818604.6,818604.6
301291.SZ,20260203,7.5391,1.19,21.1319,2.9874,1.9424,1.6809,1467340.0,759693.6885
688336.SH,20260203,0.7842,0.45,42.0323,6.2074,26.7009,0.2074,3658454.0113,3650755.1088
301658.SZ,20260203,10.2532,0.72,84.3663,4.1484,5.436,0.3965,1310515.467,131051.5483
002939.SZ,20260203,0.5689,0.6,16.2895,1.2564,7.4262,1.7248,3929531.8551,3508990.4806
603272.SH,20260203,3.1079,1.28,109.5174,4.1034,9.9389,0.4329,229015.67,229015.67
000815.SZ,20260203,17.3766,1.24,,7.5837,22.7433,,1024122.4506,1024122.4506
601128.SH,20260203,1.9834,1.24,5.6292,0.7941,2.0371,5.2987,2361362.2229,2361362.2229
001239.SZ,20260203,2.9605,0.97,38.0155,2.9204,2.0664,,402480.0,191178.0
000002.SZ,20260203,1.6882,0.47,,0.319,0.197,,5607433.4514,4566707.8256
300929.SZ,20260203,2.6279,0.85,,1.9652,4.2188,,158163.1483,151716.5851
301563.SZ,20260203,8.3277,0.55,94.4018,8.9868,3.6438,,1078257.4833,231026.3659
600182.SH,20260203,1.1313,0.53,36.1859,4.895,1.0458,5.8546,505240.0,252620.0
603187.SH,20260203,1.2829,0.91,15.6371,1.454,1.8968,5.1374,597785.7175,591513.8454
301108.SZ,20260203,2.5374,1.01,70.5023,1.9766,5.2741,0.5195,371435.6316,214145.7582
688511.SH,20260203,0.9333,0.98,525.6909,3.4311,22.164,,291829.105,291829.105
002211.SZ,20260203,1.3129,1.07,,110.2874,3.3048,,149636.6195,149636.6195
301366.SZ,20260203,2.821,0.63,339.7337,3.5153,7.217,0.7921,751606.353,273650.0312
688799.SH,20260203,2.0619,0.72,28.4792,3.0455,4.2442,0.9276,606698.4,606698.4
002702.SZ,20260203,7.824,1.18,,3.6671,2.4986,,383474.4,316533.1875
300800.SZ,20260203,1.5164,0.91,75.0526,1.5057,3.7736,1.2232,302341.243,299305.1755
920266.BJ,20260203,0.5686,0.44,,1.2964,2.8822,,115320.0065,110196.125
688393.SH,20260203,2.8811,0.79,,2.1485,7.0989,0.3552,263393.0727,263393.0727
603168.SH,20260203,1.754,0.78,,1.6999,5.7632,,273860.6017,272680.2517
920010.BJ,20260203,2.8782,0.42,77.5244,3.854,5.1709,0.4417,265454.0,196564.4171
002407.SZ,20260203,4.4588,0.79,,4.1868,4.2968,0.6693,3462968.3432,3143322.3528
002468.SZ,20260203,1.049,0.91,17.114,1.902,0.3744,0.5145,1956365.1681,1875081.5565
300168.SZ,20260203,1.1428,0.64,,7.8297,4.7809,,965221.1459,964252.3052
001233.SZ,20260203,6.0404,0.59,22.7726,3.186,6.5638,2.554,1456357.1786,277107.1395
688238.SH,20260203,1.3508,0.77,,3.0975,18.7573,,458868.9469,453290.0099
688607.SH,20260203,3.2765,0.6,982.6282,6.1969,16.19,0.1002,532034.936,532034.936
002716.SZ,20260203,2.1989,0.14,212.6144,12.9366,3.781,,4356025.7808,3587250.0769
002287.SZ,20260203,0.394,0.68,22.0281,2.8094,5.6466,2.4201,1349054.7227,1346393.9366
688239.SH,20260203,4.177,1.26,69.412,6.5927,6.797,0.2492,1298190.5792,1298190.5792
688383.SH,20260203,1.1428,0.6,,5.5403,9.999,0.2667,757933.4456,757933.4456
688093.SH,20260203,1.1594,0.68,24.8507,3.6692,9.272,1.5396,995358.9081,932341.1576
600559.SH,20260203,2.7152,0.56,23.7115,2.837,3.2533,3.3619,1496526.8184,1487957.4504
300420.SZ,20260203,1.9184,0.58,,1.9186,4.5394,,453251.7258,453216.5256
300639.SZ,20260203,9.4783,0.45,,1.2304,6.8377,,472591.9927,464305.1552
688382.SH,20260203,3.6864,1.66,,7.9698,73.5239,,1327309.7868,1327309.7868
301258.SZ,20260203,1.3862,0.7,40.9481,1.6271,7.076,0.2656,311036.31,302197.545
688100.SH,20260203,0.8212,1.09,30.0321,6.1321,7.0291,1.8368,2049343.8094,2049343.8094
600596.SH,20260203,1.9855,0.63,,1.3063,1.1178,0.8306,1624914.847,1624914.847
300961.SZ,20260203,2.1359,0.73,,3.476,7.8402,,254928.64,219393.8381
603296.SH,20260203,2.0339,1.09,21.1781,3.385,0.5173,1.0829,8418389.6671,4733927.0765
600519.SH,20260203,0.6893,0.87,20.516,8.1341,10.3429,3.5015,184699838.5508,184699838.5508
300296.SZ,20260203,4.1285,0.91,,2.3894,2.7598,1.4049,1928215.8048,1616945.7128
601567.SH,20260203,1.1687,0.83,17.1905,2.8868,2.223,5.6774,3389365.0728,3389365.0728
605336.SH,20260203,1.7843,0.41,143.7967,1.4745,9.0068,2.1623,275668.9124,275668.9124
002445.SZ,20260203,2.1025,0.58,62.1288,2.8536,5.4709,,646437.2484,643655.6247
002397.SZ,20260203,3.9663,0.85,106.4165,2.808,2.0668,,335006.0865,290242.2181
688496.SH,20260203,2.0743,0.8,,3.0363,4.3861,,297450.0,157282.0416
300083.SZ,20260203,2.2662,0.55,38.4107,2.7147,2.8579,,1473403.3913,1321336.1644
300854.SZ,20260203,7.7807,0.87,,2.4677,3.8838,0.513,236362.3875,192127.1468
600560.SH,20260203,1.1953,0.73,73.4476,3.928,5.699,0.4189,379079.1225,379079.1225
301180.SZ,20260203,6.3336,1.68,,5.7147,5.6432,,753218.83,309071.8578
000903.SZ,20260203,0.8768,0.67,,3.7549,1.123,,499189.8578,495427.5052
301235.SZ,20260203,15.7006,0.89,53.5534,3.1902,2.8167,0.0892,580150.3973,391574.5301
002547.SZ,20260203,1.2753,0.53,,,1.8655,,408356.6948,399940.1941
601965.SH,20260203,1.103,0.88,17.8165,2.411,3.8022,1.8056,1888752.3522,1879997.9839
000995.SZ,20260203,25.6976,1.5,,23.1833,23.4142,,341865.216,341865.216
002357.SZ,20260203,3.4669,0.72,21.362,2.354,4.8727,0.7806,401579.4551,401565.0439
603701.SH,20260203,0.9627,0.63,125.8122,6.6584,6.115,0.1956,534485.0875,534485.0875
300864.SZ,20260203,1.7495,0.65,23.0582,2.6964,4.4515,3.7338,356246.5008,356246.5008
600403.SH,20260203,2.001,0.57,,3.4892,3.8372,,1599453.4969,1599453.4969
601966.SH,20260203,0.9141,0.78,17.8717,0.9381,0.8894,1.7559,2158666.4574,2158666.4574
603444.SH,20260203,2.831,1.03,21.4062,6.4929,5.9932,3.5942,3214257.8033,3214257.8033
000035.SZ,20260203,1.0614,0.79,62.6436,1.4011,2.6966,0.5837,1439983.7597,1394754.526
600197.SH,20260203,1.9235,0.57,36.76,1.7523,3.6203,3.1825,669069.0498,669069.0498
300124.SZ,20260203,1.1149,0.75,39.378,5.9391,4.7154,0.5408,20420625.4203,18092389.131
603700.SH,20260203,1.4106,0.73,30.6628,1.7555,1.681,1.408,283945.9463,283945.9463
002960.SZ,20260203,1.1758,0.65,37.8155,1.5355,2.0316,1.4979,967250.0226,826229.6619
920802.BJ,20260203,2.7071,0.88,55.1544,3.0521,6.5565,0.7635,132197.3635,35622.9319
300594.SZ,20260203,10.4958,1.64,,2.9856,2.9591,,246680.2133,244329.9656
002734.SZ,20260203,9.2766,0.59,22.7543,2.4942,2.128,1.0906,955961.8046,872600.7022
002729.SZ,20260203,5.6417,1.24,82.2572,6.232,8.098,0.1497,342153.7504,328117.1396
000045.SZ,20260203,1.398,0.55,90.3433,2.1229,1.9267,0.5694,631632.7457,569906.2457
688622.SH,20260203,4.5459,0.92,,21.4944,63.7657,,788015.9213,788015.9213
000899.SZ,20260203,1.3563,0.77,10.9147,1.6363,1.478,3.1191,1032267.0701,1032267.0701
600719.SH,20260203,3.034,0.9,,8.968,4.3824,,264203.5388,264203.5388
688656.SH,20260203,0.5633,0.6,249.911,10.9815,23.4959,0.2051,910426.4311,910426.4311
603693.SH,20260203,0.4719,0.92,29.3554,1.6164,5.4433,1.1886,1125042.5606,1125042.5606
600857.SH,20260203,1.4902,0.47,80.2337,3.4197,6.0384,,304626.45,304626.45
301448.SZ,20260203,2.5997,0.93,899.5214,6.7537,6.0438,0.4729,461809.0,213167.2375
301000.SZ,20260203,4.0131,0.68,69.5335,8.0634,12.1041,0.4833,1003083.3399,946882.2999
301061.SZ,20260203,0.8299,1.29,21.5196,4.8604,6.0973,0.9833,1957530.7041,1300478.402
300601.SZ,20260203,1.2113,0.46,,1.8989,6.4068,0.5818,1727889.7431,1392877.9205
600418.SH,20260203,1.8875,0.66,,11.6379,2.8334,,11555595.8042,11555595.8042
000030.SZ,20260203,1.1016,0.99,13.5877,1.1207,0.534,2.8617,913219.5587,887251.3223
600557.SH,20260203,0.7779,0.57,34.8355,1.7318,2.6076,,816400.9983,816400.9983
920075.BJ,20260203,3.9719,0.84,68.349,4.5715,3.5335,1.6331,183491.265,98742.064
000520.SZ,20260203,2.1018,1.25,,10.8054,6.3931,,435195.8857,435195.8857
002884.SZ,20260203,0.732,0.69,13.5589,2.7193,3.7098,5.6883,628805.8508,480061.4339
601012.SH,20260203,3.7361,1.02,,2.4725,1.8787,,14072465.2918,14072451.2789
300472.SZ,20260203,1.6403,0.5,,,,,214701.7244,206576.2694
605069.SH,20260203,7.0658,0.82,,3.2375,8.4931,,275630.507,109577.984
603678.SH,20260203,3.277,0.61,66.6416,3.1783,5.7497,0.5411,1925093.7223,1925093.7223
300136.SZ,20260203,22.9167,1.47,140.7947,11.2738,9.8241,0.055,8656836.6042,7377409.2339
300449.SZ,20260203,1.7658,0.84,,9.1139,15.5818,,282964.3799,282964.3799
600383.SH,20260203,2.0943,0.53,,0.26,0.2433,,1417579.2416,1417579.2416
002636.SZ,20260203,3.7373,0.55,161.0135,5.1096,4.0906,0.3476,1779960.0,1770951.1946
300303.SZ,20260203,4.8113,0.87,31.5801,2.7115,2.9655,1.7983,1017266.3684,954364.1539
000863.SZ,20260203,3.0336,0.66,,1.6304,8.8905,,733214.4268,722605.1746
002970.SZ,20260203,5.4473,0.55,32.1373,5.7433,4.3288,1.7788,1104777.7268,754165.5379
600183.SH,20260203,2.0114,1.07,56.9414,10.3004,6.0929,1.5185,15998179.2488,15770187.1688
688216.SH,20260203,5.4962,0.7,,5.6497,4.6916,,329189.7994,327360.2794
600470.SH,20260203,4.7868,0.81,,2.0871,0.5274,,339561.6,339561.6
603248.SH,20260203,5.1737,0.49,52.4334,4.6077,8.6907,,1045580.0,157539.1706
301368.SZ,20260203,7.4194,1.11,3892.0879,8.0622,15.4788,0.1029,782211.3,417622.9387
600847.SH,20260203,1.9588,1.07,,4.0849,3.7796,,210157.0254,210157.0254
300414.SZ,20260203,5.487,1.24,237.6869,5.1232,11.0141,0.064,509242.4059,489731.642
000415.SZ,20260203,1.3997,0.82,,0.9451,0.5086,,2727373.8854,2378293.4783
000429.SZ,20260203,0.6186,0.86,14.0965,2.2791,5.6799,4.3081,2538238.637,1582242.5059
601952.SH,20260203,1.727,0.68,23.4491,1.8432,1.2744,2.8662,1298076.0,1298076.0
300192.SZ,20260203,2.9481,0.73,51.5262,7.1347,8.7381,0.9732,676389.5411,667130.4817
300693.SZ,20260203,4.1171,1.18,28.2798,6.2561,3.8965,1.2682,1230225.9719,1057398.9473
301292.SZ,20260203,15.2024,1.64,,4.4564,2.5581,,1206439.1379,460646.7235
688110.SH,20260203,3.8259,0.51,,18.198,73.8525,,5660796.9024,5660796.9024
002005.SZ,20260203,0.634,0.59,,14.1932,7.7312,,523975.0325,523845.9542
002151.SZ,20260203,9.1308,1.4,,4.7097,12.5091,,2429526.3357,1981614.4075
300393.SZ,20260203,11.0707,0.75,,3.167,1.7194,,937079.5279,822078.343
300675.SZ,20260203,3.2452,0.99,,4.5611,8.2707,0.0602,243466.722,243466.722
002859.SZ,20260203,1.3558,0.72,82.2054,5.6355,8.2531,0.5673,1651782.7169,1554703.7011
000557.SZ,20260203,1.1601,0.74,21.6878,1.1362,5.4176,1.0081,723353.8686,723126.4342
688500.SH,20260203,2.1825,0.67,,6.5085,9.4963,,463677.1402,451479.3738
002255.SZ,20260203,3.8445,0.8,22.5771,2.3254,3.82,0.3918,1029461.6271,790447.6091
002059.SZ,20260203,1.7257,0.67,,4.1059,17.9348,,527478.5376,512166.9962
301006.SZ,20260203,2.2939,0.91,28.9213,1.998,6.6708,1.0785,255160.96,157709.7352
002793.SZ,20260203,0.9497,0.71,,3.5342,2.0617,,513341.7654,512561.4824
688025.SH,20260203,9.9439,2.11,75.5314,7.9854,9.3053,0.2261,1761265.8082,1761265.8082
920252.BJ,20260203,3.4904,0.63,316.4292,12.008,8.2806,0.1932,313495.1309,208378.2039
002830.SZ,20260203,23.2568,2.23,92.6781,5.7435,5.6463,0.8754,375218.76,188122.935
601515.SH,20260203,1.2404,1.04,,1.5048,6.0885,,787108.5044,787108.5044
002696.SZ,20260203,2.3396,0.7,50.7508,1.9031,0.6692,,261157.1455,252203.1588
002900.SZ,20260203,1.5708,0.5,,1.986,4.3225,1.6736,378047.2723,209069.552
002741.SZ,20260203,2.207,0.58,,5.0474,3.4662,,970501.561,889810.0121
603656.SH,20260203,1.6109,0.64,146.339,3.3906,7.7175,0.2013,447435.8735,447435.8735
600844.SH,20260203,1.935,0.62,,22.6268,3.631,,316139.0386,255869.2272
600874.SH,20260203,1.6708,1.5,11.8604,0.9766,2.0188,2.707,986222.5574,772702.5574
688372.SH,20260203,3.5385,0.7,69.9154,6.6231,13.2358,0.2067,1878227.4756,1878227.4756
300825.SZ,20260203,1.7297,0.72,,2.3918,4.6284,,504515.0073,490707.5326
600067.SH,20260203,2.2333,0.82,,1.0539,0.5603,5.0595,592850.8828,592850.8828
002039.SZ,20260203,1.4813,0.78,16.5188,1.6948,2.7928,0.9292,736255.093,736253.0266
920273.BJ,20260203,2.377,0.85,38.8078,5.195,4.5049,1.0897,337632.4677,224690.4846
301186.SZ,20260203,1.381,0.69,30.7785,2.5482,5.2426,1.4971,401056.4186,376657.8547
688721.SH,20260203,2.477,0.63,88.3971,5.2801,26.2333,0.8384,636928.5,255174.7403
920579.BJ,20260203,2.2619,0.45,530.9092,5.9481,7.0171,0.1339,309457.2,106532.8638
300409.SZ,20260203,5.93,0.66,53.902,2.854,2.999,0.6054,2291989.4323,2014344.6511
000930.SZ,20260203,1.9753,0.56,125.6439,1.116,0.6542,,1189979.5758,1189919.1193
002346.SZ,20260203,0.9856,0.76,15.7215,3.1228,10.6622,2.2964,900813.8486,802383.0571
600351.SH,20260203,1.3986,0.75,21.0224,1.7075,2.0609,4.4825,468484.0311,468484.0311
300723.SZ,20260203,1.4542,0.65,,8.7252,14.9122,,1527624.9346,1412550.4366
002178.SZ,20260203,1.8119,0.89,,10.5662,10.27,,460762.9916,460523.7032
003035.SZ,20260203,5.1698,1.39,213.2927,4.0582,8.0408,0.0941,2818181.8175,2818181.8175
600803.SH,20260203,0.2625,0.7,13.4168,2.5642,0.4468,6.2954,5940811.6203,5894643.5507
605055.SH,20260203,1.0868,1.3,,3.8976,2.6471,0.642,407000.0,407000.0
603338.SH,20260203,1.012,1.15,16.2396,2.576,3.4328,1.7687,2862890.9079,2862890.9079
605111.SH,20260203,4.5092,0.49,41.9432,4.2994,9.8619,0.1472,1832447.2856,1832447.2856
301029.SZ,20260203,1.8273,0.76,35.2334,4.0881,6.1138,1.6411,1738983.8363,1266477.0686
688611.SH,20260203,0.8897,0.84,226.6978,10.7454,22.4457,0.2346,934142.664,934142.664
003022.SZ,20260203,0.828,0.74,97.0265,3.7938,4.7694,0.2863,2799350.528,2796969.1052
603257.SH,20260203,5.6493,0.35,41.484,2.8184,2.9786,0.8711,688800.0,142926.0
000558.SZ,20260203,5.2798,1.3,,6.7366,13.9743,,706494.7241,706199.1652
300334.SZ,20260203,2.202,1.08,95.0792,3.7999,9.629,,230777.932,230750.7374
688518.SH,20260203,2.9405,0.79,57.1305,3.1912,3.1964,0.501,1021927.3344,1021927.3344
301016.SZ,20260203,1.4647,0.76,81.7179,5.3856,14.1736,1.74,537919.2,510210.8392
600661.SH,20260203,3.5394,1.21,,23.746,2.3742,,319501.9455,319501.9455
920159.BJ,20260203,21.7363,,23.4571,2.9901,1.4115,,319580.0,60552.0
603466.SH,20260203,2.468,0.64,159.6895,2.6059,3.1388,2.1668,548987.4955,548987.4955
300294.SZ,20260203,1.1322,0.76,34.4384,1.4692,5.7391,1.387,1126995.9294,1126995.9294
002595.SZ,20260203,0.5003,0.62,28.2589,5.9132,6.3979,0.4744,6733600.0,6687848.2265
688285.SH,20260203,1.0554,1.21,62.7576,2.1702,3.0376,0.207,363496.056,363496.056
600973.SH,20260203,3.1573,0.78,,2.7926,0.2056,,998354.6285,998354.6285
002424.SZ,20260203,0.7926,0.61,2612.2379,1.7775,1.8404,,580003.336,503484.0225
603328.SH,20260203,1.7227,0.8,25.9206,2.6941,2.879,1.743,1134230.8061,1134230.8061
603989.SH,20260203,0.9517,0.69,32.4703,1.9061,1.8463,0.8329,718202.5279,718202.5279
603194.SH,20260203,1.3123,0.66,18.0186,3.0479,2.2632,2.2375,1577133.0,621519.8488
600884.SH,20260203,1.945,0.53,,1.3319,1.4462,,2921987.309,2383807.5601
688325.SH,20260203,1.5232,0.6,111.8096,5.2524,19.8101,0.9317,903167.5723,838800.0
002237.SZ,20260203,14.2349,1.3,40.501,1.9699,0.2728,0.6307,2566796.8824,2140279.0344
300113.SZ,20260203,22.7632,1.64,52.4329,7.5439,9.7642,0.3184,1905782.2366,1445361.9328
601808.SH,20260203,0.8097,0.43,19.0295,1.6149,1.5001,1.482,7424597.152,4606488.208
603488.SH,20260203,6.475,0.83,,3.22,6.3325,0.3015,290530.4878,290530.4878
603006.SH,20260203,0.9366,0.68,47.3769,2.6869,4.1208,5.5152,350362.3565,350362.3565
600797.SH,20260203,5.9986,0.89,644.6842,3.1844,3.2654,,1111783.5323,1111783.5323
300041.SZ,20260203,3.1917,0.69,45.0673,2.4104,1.6418,1.2039,697055.6038,677932.5578
300678.SZ,20260203,2.2008,0.64,1251.591,11.6878,20.4976,0.1498,989041.0597,971996.0041
688180.SH,20260203,1.1133,0.31,,5.8221,14.5755,,3619081.7953,2701539.4528
920242.BJ,20260203,2.5106,2.02,18.2905,2.8674,2.3562,1.396,188625.0735,106026.1654
600345.SH,20260203,14.5705,1.2,90.0705,3.5183,13.824,0.1464,1238682.3921,795039.8381
000931.SZ,20260203,1.1889,0.82,75.5257,2.3727,1.564,,388613.5227,387531.2385
605580.SH,20260203,1.573,0.54,54.6656,6.8865,7.2959,1.0535,664440.0,664440.0
688084.SH,20260203,1.5515,0.84,,4.0209,20.4938,,630542.656,617844.6486
603235.SH,20260203,0.0949,0.66,19.0566,2.4573,5.2826,2.5166,1175877.08,1175877.08
603987.SH,20260203,1.3092,0.75,16.5525,1.5128,1.772,1.6234,403594.7731,403594.7731
688708.SH,20260203,0.9243,0.63,56.1683,7.5705,25.3449,0.1598,2502862.57,890223.122
603379.SH,20260203,1.3658,0.83,23.1518,5.6447,7.7126,1.1186,4187275.7148,4187275.7148
000762.SZ,20260203,3.5313,0.5,,4.741,58.527,0.1872,1392149.8285,1392100.0519
002724.SZ,20260203,2.7456,0.59,,2.1073,3.2841,0.6713,571680.0136,420730.5849
300163.SZ,20260203,19.1375,0.99,28.448,4.4987,10.8346,,264018.0,252761.006
300205.SZ,20260203,0.4249,0.58,,1.8644,9.1805,,183203.856,183203.856
002828.SZ,20260203,15.4061,0.56,274.5233,3.5507,2.2601,0.4068,247013.7604,237887.6673
002362.SZ,20260203,2.2025,0.47,,5.0204,2.7371,,528266.49,448610.4871
001216.SZ,20260203,1.7953,0.52,20.3807,2.5418,3.0843,2.1918,459656.7275,448134.5882
600703.SH,20260203,2.4255,0.71,858.3254,2.2892,4.4787,0.1163,8092188.3752,8092188.3752
002441.SZ,20260203,2.574,0.93,25.8068,1.2147,0.4883,5.015,542909.9782,397882.4898
002607.SZ,20260203,3.945,0.84,165.2438,21.7576,8.1344,,1776211.024,1464191.2449
600598.SH,20260203,3.7364,0.73,25.7434,3.4434,5.5473,3.4635,2822955.6955,2822955.6955
600281.SH,20260203,2.6064,0.48,,23.8234,6.7054,,311213.2251,311213.2251
600008.SH,20260203,1.5098,1.16,13.2145,1.0978,1.1514,6.8182,2260901.9285,2260901.9285
000819.SZ,20260203,1.3217,0.5,,2.8565,1.712,0.6101,605987.3898,599472.9818
002661.SZ,20260203,1.1878,0.98,27.6211,1.3881,0.7391,4.3141,316813.9926,299157.798
300107.SZ,20260203,6.4604,0.98,364.2942,2.8205,8.4775,0.2121,424337.8301,261854.8632
000001.SZ,20260203,0.4157,0.62,4.8787,0.4744,1.5493,5.5167,21036015.3266,21035671.1079
002130.SZ,20260203,7.5553,0.6,34.2459,5.6265,4.2421,0.4916,3473540.3354,3155418.8975
603789.SH,20260203,1.2739,0.53,,8.6855,3.9782,,150100.527,144300.0
002078.SZ,20260203,1.0683,0.84,14.1945,1.4929,1.1529,2.5063,4460078.0499,4432722.72
002361.SZ,20260203,25.6558,1.24,350.71,5.5081,4.8468,0.39,1219226.8303,1037295.6655
600696.SH,20260203,2.871,0.8,,2.2928,7.4256,,65890.4779,65890.4779
688403.SH,20260203,3.7519,0.78,92.8867,4.8247,9.8557,0.4613,1701390.3509,1701390.3509
601939.SH,20260203,1.2839,0.94,6.7115,0.6685,2.9978,4.424,226284329.962,8298513.8292
603727.SH,20260203,1.7189,0.4,155.6136,1.4419,2.0779,1.5138,458075.5444,458075.5444
002066.SZ,20260203,1.4359,0.84,263.9968,6.7724,1.2436,0.7241,478505.559,470547.0
688313.SH,20260203,7.8504,0.83,124.7757,29.1681,21.5052,0.0662,4098160.036,4098160.036
600508.SH,20260203,1.0414,0.5,25.428,0.6847,1.1114,2.3888,877379.652,877379.652
603078.SH,20260203,6.6819,0.49,106.0548,4.9885,8.1323,0.359,966792.5807,966792.5807
300455.SZ,20260203,3.4291,0.7,,11.824,15.2239,0.054,1993959.3262,1968553.1272
603598.SH,20260203,23.8138,1.05,,38.3015,0.9722,,808688.7,807788.7
002797.SZ,20260203,0.8098,0.56,27.9834,1.6942,7.0254,1.0756,2891251.2,2891251.2
301120.SZ,20260203,17.6746,1.76,,5.1911,19.3474,0.1381,800455.4735,471125.5893
920371.BJ,20260203,2.902,0.6,39.2497,3.9935,2.6313,0.8613,238522.2673,225126.258
688256.SH,20260203,5.4056,3.38,253.4427,31.1617,84.9913,,47566087.176,47189905.2672
002476.SZ,20260203,3.1331,1.0,54.7303,4.0413,6.4093,0.1577,388008.0,387961.9241
300578.SZ,20260203,6.1654,0.6,300.0187,4.1989,11.0608,,499243.2053,499108.1776
002495.SZ,20260203,3.6664,1.0,127.6338,2.319,9.8149,0.2885,254490.1632,190610.3939
688776.SH,20260203,3.2695,1.17,,6.5552,35.4116,,1190049.9406,1190049.9406
603023.SH,20260203,4.1756,0.52,1273.6084,3.661,21.7906,,281849.2905,281849.2905
002327.SZ,20260203,1.1551,0.86,14.0259,1.6505,2.0843,9.0643,573359.9487,335808.2049
688305.SH,20260203,1.1669,0.69,66.1125,4.2805,12.8679,0.3117,803686.6819,799496.7156
001872.SZ,20260203,0.1115,0.95,10.4805,0.76,2.8741,3.8278,4807233.0119,4458775.564
000877.SZ,20260203,0.5995,1.11,18.4176,0.4434,0.4506,,3626350.7639,3626349.9989
600664.SH,20260203,0.6987,0.53,19.5692,1.5535,0.5514,,878959.9467,878959.9467
603085.SH,20260203,1.5448,0.58,613.0833,5.2255,1.7728,,465798.3,465798.3
002978.SZ,20260203,1.8387,0.53,21.9073,2.058,8.3485,1.3408,1756746.6237,1377102.6237
688098.SH,20260203,0.7241,0.5,,2.7524,13.2531,,388058.58,388058.58
300432.SZ,20260203,2.0714,0.76,70.8582,6.3484,2.4961,0.4192,2913431.4524,2880706.8975
301221.SZ,20260203,2.9475,0.58,86.3875,2.7444,8.0131,0.3369,549805.9728,372324.7905
002246.SZ,20260203,2.6135,0.41,54.5295,3.7579,4.5402,0.0975,1126619.3973,1126619.3973
000952.SZ,20260203,3.1106,0.39,,2.7728,4.4183,,267691.2617,265563.395
603215.SH,20260203,0.9009,0.56,34.731,3.1471,1.6373,1.4605,382269.0467,380822.5249
301130.SZ,20260203,2.1514,1.02,61.5478,2.6418,9.5812,0.8212,242182.1727,186848.9618
920344.BJ,20260203,0.5476,0.4,,4.7797,11.5478,,289907.8,269843.8431
002832.SZ,20260203,1.4996,0.82,13.3165,1.5572,2.0205,3.4923,849782.8481,579843.8249
605499.SH,20260203,0.5121,0.76,30.1496,15.0096,6.5623,1.9688,13206250.148,13206250.148
600630.SH,20260203,1.4995,0.56,121.8432,5.0032,2.1198,0.419,385349.4685,385349.4685
688646.SH,20260203,1.2628,0.39,,2.4604,4.9827,,364948.6017,226207.429
600807.SH,20260203,3.3658,0.7,,67.7507,9.1531,,297237.2696,264438.2039
601328.SH,20260203,0.871,0.81,6.1368,0.5191,2.2112,4.5711,58231733.803,17181737.676
603580.SH,20260203,0.5526,0.64,,4.5908,8.3888,0.5544,193265.6628,193265.6628
600516.SH,20260203,1.7741,0.67,536.8036,1.4123,6.8402,0.3303,2286751.169,2286751.169
300436.SZ,20260203,9.9262,0.87,,44.8734,39.8815,,1718809.464,1475503.4894
603557.SH,20260203,3.2086,1.03,,23.0065,7.3336,,180173.2606,180173.2606
603861.SH,20260203,15.6898,3.01,44.6206,2.4707,2.0073,0.7468,984301.4061,962555.9764
920471.BJ,20260203,20.6434,0.86,,3.0869,3.5018,0.5052,162156.8,103356.653
601222.SH,20260203,1.4728,1.13,59.9564,0.7881,2.3033,1.4854,1209319.2946,1209319.2946
301596.SZ,20260203,2.1436,0.65,52.9714,6.663,8.6517,1.0914,565621.649,229550.7733
600261.SH,20260203,1.2063,1.05,27.008,1.4002,1.7935,3.8462,485959.2796,485959.2796
688182.SH,20260203,1.8703,1.29,146.4017,6.1501,21.7451,0.218,1376000.0,1376000.0
000629.SZ,20260203,2.1057,0.39,,2.7998,3.7096,,3437650.7027,3437421.3411
300433.SZ,20260203,2.0176,1.05,48.1999,3.7028,2.5529,1.3328,19742247.88,18585746.4884
000813.SZ,20260203,3.0986,0.77,,1.7152,21.9126,,853521.9548,853381.5398
603004.SH,20260203,4.5861,0.88,31.7876,2.7305,7.4882,0.8746,565483.52,141370.88
600722.SH,20260203,10.7765,0.77,106.1043,4.2699,10.6169,,527247.7489,527247.7489
000600.SZ,20260203,2.0984,0.83,9.0911,1.3124,0.6297,2.7238,1525536.2821,922183.0411
600322.SH,20260203,2.027,1.02,,,1.0137,,256522.4,256522.4
600448.SH,20260203,4.7803,1.45,,1.8665,0.6723,,210359.7671,210359.7671
688253.SH,20260203,1.1496,0.53,36.3808,2.3889,11.2648,1.5497,485472.4159,485472.4159
603377.SH,20260203,1.1077,1.09,,3.2396,4.0568,,262374.3008,262374.3008
002487.SZ,20260203,2.5402,0.97,37.4682,5.0553,6.6626,0.2618,4043330.8727,4000034.4864
300263.SZ,20260203,13.9821,2.11,76.3829,2.8521,3.8554,0.3721,1197502.2914,1128687.2219
603421.SH,20260203,3.1266,0.65,,1.8256,2.6939,,511317.3606,511317.3606
688006.SH,20260203,1.4197,0.91,55.1834,3.4117,6.118,0.5924,1854480.8509,1854480.8509
603258.SH,20260203,1.1721,0.79,,2.1284,10.7311,,461940.3498,457100.5169
300146.SZ,20260203,1.3096,0.75,29.6491,1.812,3.4057,2.9558,2050312.5616,1358432.2147
920505.BJ,20260203,5.6984,0.48,164.4477,9.8221,20.4291,0.2966,326738.756,182728.2111
601801.SH,20260203,0.7497,0.97,15.9864,1.1332,1.4649,2.886,1356846.3472,1356846.3472
920221.BJ,20260203,1.1555,0.76,34.2762,4.6631,5.6296,2.0325,190305.6,101294.4491
300879.SZ,20260203,3.3471,1.72,42.5923,3.668,1.4649,0.0828,505592.2848,502169.0631
603190.SH,20260203,3.9193,0.63,30.9626,1.5199,1.9077,0.9284,338997.88,110294.0246
688711.SH,20260203,3.1654,0.62,,6.408,4.9936,,666554.2565,666554.2565
920833.BJ,20260203,2.0407,0.52,41.0695,2.2567,3.0959,2.0846,138282.44,104881.6733
601991.SH,20260203,1.1207,1.08,10.1408,2.0197,0.5651,3.1478,6884496.3075,4611345.1474
300832.SZ,20260203,0.8166,0.71,25.9578,4.8968,9.4139,2.3853,4282167.3783,3716885.6284
600400.SH,20260203,0.8071,0.77,,2.2989,3.3435,,536181.0134,536181.0134
688213.SH,20260203,2.0859,0.61,46.4026,7.7628,4.7045,0.2904,3800189.7967,3055870.5103
301393.SZ,20260203,3.2108,0.65,42.236,2.4773,10.3588,0.7402,578448.0,225513.1749
600111.SH,20260203,4.2549,0.65,85.8209,7.6902,4.405,0.0689,18368149.5432,18368149.5432
688410.SH,20260203,2.6518,1.35,49.026,3.1625,7.5806,0.5748,556105.0823,556105.0823
300621.SZ,20260203,2.495,0.82,,2.1795,0.2246,0.111,187459.0867,182478.6407
300919.SZ,20260203,1.6726,0.56,43.9146,2.3782,1.2721,1.1739,5515607.4165,4828930.6842
301125.SZ,20260203,2.156,0.51,491.6341,4.9951,5.1058,0.1404,302086.1275,273005.436
600776.SH,20260203,6.0208,1.16,58.28,6.345,9.4041,0.3194,2398960.1222,1825960.1222
600231.SH,20260203,1.0531,0.49,,1.4088,0.4157,,663962.4288,655648.9888
301102.SZ,20260203,2.8693,0.83,123.7638,1.7228,8.561,0.1567,518056.0,518056.0
600155.SH,20260203,1.1006,0.73,93.1147,0.7387,4.5786,,1476432.8322,1476432.8322
600110.SH,20260203,1.543,0.39,,1.984,1.8359,,1167776.7672,1167776.7672
300266.SZ,20260203,0.8872,0.69,,115.6835,3.7101,,393113.2504,392877.8466
000705.SZ,20260203,1.3969,0.55,66.6545,1.5601,1.1794,0.6369,314744.1354,265607.0274
603439.SH,20260203,0.5383,0.5,30.285,3.3005,2.8035,2.8284,486626.957,480569.857
300204.SZ,20260203,3.5037,0.97,,14.3286,51.0489,,1247464.1411,1184518.0121
300328.SZ,20260203,4.7799,0.8,,10.5652,7.0914,,1157149.9536,1150350.6311
688151.SH,20260203,0.8667,1.12,,1.7853,13.9827,0.1999,747909.5,747909.5
603768.SH,20260203,1.2172,1.03,,1.2081,0.8081,0.486,283881.3374,283881.3374
002155.SZ,20260203,13.8478,1.79,47.3638,7.5008,1.1914,0.483,5723991.7705,5723475.0714
300027.SZ,20260203,7.0189,1.32,,19.7144,18.4596,,518832.6069,464691.0332
688215.SH,20260203,1.2381,0.79,254.2093,10.0128,11.1224,0.1129,459185.5668,459185.5668
600800.SH,20260203,3.2198,0.62,,4.1474,1.1692,,492860.0759,492720.2159
600716.SH,20260203,0.8657,0.66,,0.7871,3.4984,,395953.6296,395953.6296
002701.SZ,20260203,1.1286,0.93,13.1273,1.4834,0.6859,2.1164,1451384.1859,1450049.0665
300979.SZ,20260203,0.2182,0.74,16.6997,3.6784,2.277,6.7182,5732304.0,5732253.8976
600489.SH,20260203,7.0832,2.27,36.1218,5.4707,2.1734,1.1775,15971894.8984,15971894.8984
920014.BJ,20260203,4.9296,0.39,36.5687,2.0066,2.5836,1.5869,154514.3501,85015.9739
003027.SZ,20260203,2.2451,0.7,36.0668,1.7222,3.3387,1.304,293996.4768,235832.317
600377.SH,20260203,0.2654,0.59,13.0154,1.507,2.7442,4.0664,6070485.7375,4581630.5162
603163.SH,20260203,5.458,0.94,80.4303,9.8245,4.0841,0.823,1093500.0,1093500.0
000739.SZ,20260203,0.6758,0.67,24.4934,3.254,2.011,3.8493,2110684.1955,2109891.3139
603689.SH,20260203,0.8643,0.66,14.0635,1.2373,0.8184,4.4694,438707.8316,434627.0612
603002.SH,20260203,3.9551,0.82,274.9174,3.0652,3.9553,0.2148,1055827.0919,1055827.0919
600584.SH,20260203,3.5914,0.57,57.3903,3.0302,2.1521,0.3145,8533718.0843,8533718.0843
688606.SH,20260203,0.5392,0.67,18.6182,1.4353,6.2246,3.5553,548782.0783,548782.0783
688621.SH,20260203,1.555,0.59,54.9528,6.2889,7.183,0.2437,730912.0,730912.0
600535.SH,20260203,0.4513,0.59,20.1959,1.849,2.6563,2.7628,2217021.8074,2217021.8074
920305.BJ,20260203,14.3136,2.75,,1.7779,,,106695.1568,65367.3053
301275.SZ,20260203,12.5677,1.21,50.6637,6.2849,6.0749,0.2554,2513702.4,201096.192
002779.SZ,20260203,1.6537,0.71,393.274,24.5589,18.6202,0.0781,1859272.8,1668197.6584
002962.SZ,20260203,2.4129,0.94,121.9179,2.5596,3.9213,1.2738,453247.957,325071.9438
603065.SH,20260203,2.5642,0.74,100.5915,1.823,2.6218,1.3003,367434.5606,172482.62
300770.SZ,20260203,1.8098,0.73,14.0849,3.0553,6.3709,6.2368,1045323.4555,1045323.4555
600925.SH,20260203,0.5578,0.58,99.0857,2.0671,2.5421,2.6407,3182666.6667,741994.4467
688381.SH,20260203,2.1762,0.71,,2.3199,10.5083,0.851,602167.5,466032.3912
002564.SZ,20260203,1.4201,0.78,84.898,32.865,2.3812,,646755.0712,646755.0712
688159.SH,20260203,6.6085,0.74,53.9731,5.0249,1.3495,0.1928,477086.7907,476162.4907
600889.SH,20260203,2.1339,0.81,,16.4304,16.6044,,611797.8367,611797.8367
000593.SZ,20260203,4.2989,0.54,3593.6996,6.1195,3.0462,,535077.4654,534856.8881
688183.SH,20260203,2.0151,1.03,57.1522,13.9619,8.6393,0.6264,7201907.7332,7201907.7332
300533.SZ,20260203,4.8221,0.75,11.2358,5.274,3.0238,2.8918,810769.4923,570499.3392
603256.SH,20260203,3.2396,0.91,312.7132,30.3127,45.0447,,4812109.425,4812109.425
600316.SH,20260203,1.9191,0.81,828.8663,5.697,5.7096,0.0399,3057776.2792,3057776.2792
300502.SZ,20260203,7.426,1.37,56.7281,29.366,21.3039,0.0748,42652939.5779,37993334.9541
601888.SH,20260203,2.353,0.97,55.7412,3.4358,3.5545,1.4192,18950748.843,17884675.983
002402.SZ,20260203,3.8812,0.84,56.2949,6.5571,3.1631,0.2675,3444277.6116,3030726.6924
920089.BJ,20260203,1.7646,0.69,19.1837,2.4712,1.6252,0.4938,305102.7,189339.1585
000790.SZ,20260203,2.544,1.08,,2.6157,3.7047,,243874.2713,243442.3141
603229.SH,20260203,0.8352,0.37,43.8873,3.4559,10.7998,1.0211,811200.3107,811200.3107
600818.SH,20260203,1.537,0.56,,5.6212,2.9886,0.1024,314054.6081,232484.8781
002317.SZ,20260203,3.5352,0.41,,4.0409,6.6518,1.0458,1628466.7939,1459258.9499
920895.BJ,20260203,5.3791,0.69,,5.8974,16.7266,,117117.728,59542.8568
601137.SH,20260203,2.1898,0.5,15.4056,1.7102,0.8962,2.3205,1751110.8376,1749814.0776
603898.SH,20260203,2.9185,0.57,239.2704,1.5896,2.8908,0.4853,500331.5146,500331.5146
600666.SH,20260203,4.4794,1.03,67.405,8.7673,23.4269,,990521.0618,871111.0566
300352.SZ,20260203,3.6396,0.73,,7.6952,37.1976,,948184.9529,834903.5168
600248.SH,20260203,0.6449,0.69,11.9832,0.4594,0.0972,2.5352,1327606.0265,1315537.4465
605066.SH,20260203,5.0292,1.17,34.676,2.3834,1.4736,2.9766,425504.3554,423551.1244
301502.SZ,20260203,3.9191,0.75,80.161,3.1867,6.1701,0.7541,264924.5235,109467.267
003018.SZ,20260203,4.7732,0.63,37.5595,2.7969,5.3963,1.7503,445640.0,167935.8775
301601.SZ,20260203,1.3122,0.48,96.5045,3.1711,7.8022,0.6283,402475.2,242035.2
603556.SH,20260203,0.9792,0.87,20.5373,2.6256,4.1406,1.7444,1936303.9249,1936303.9249
002727.SZ,20260203,1.9869,0.46,90.1515,1.1117,0.4672,3.5292,813404.1296,551866.9694
002959.SZ,20260203,0.7338,0.71,19.2466,2.3874,1.2813,2.2766,680421.412,657428.6052
688435.SH,20260203,7.84,0.6,,4.5214,24.3771,,496825.0,333486.4925
001270.SZ,20260203,5.4576,1.04,359.287,22.1469,78.172,,3261356.0785,3219973.5537
002159.SZ,20260203,3.4749,0.94,22.8077,1.9459,4.4308,1.5576,284568.6266,222248.4636
688127.SH,20260203,4.2973,1.41,65.0601,9.8231,15.4727,0.4013,2009599.5127,2009599.5127
603192.SH,20260203,1.0991,0.58,29.5023,2.3077,1.4929,1.439,367852.7121,361759.7819
603893.SH,20260203,1.5106,0.42,76.4617,18.4458,18.9891,0.3497,7819969.573,7817777.487
688257.SH,20260203,2.4956,0.81,61.4566,5.6301,5.6548,0.4902,1298641.7531,1298641.7531
300340.SZ,20260203,1.9581,0.45,,,1.6969,,326760.452,324327.1915
000880.SZ,20260203,19.8698,1.3,74.7151,8.2558,3.0237,0.5071,1698614.4521,831372.1416
605286.SH,20260203,0.5934,0.7,29.1162,3.0067,2.8912,0.4737,638400.0,638400.0
603291.SH,20260203,11.7291,1.86,66.1086,3.0352,4.6009,1.1802,537913.3877,165157.6509
000779.SZ,20260203,0.717,0.63,19.5008,1.0243,2.0028,0.9185,404866.4527,404818.8003
301024.SZ,20260203,1.0928,0.46,,6.0175,17.5108,,240605.64,232943.04
300063.SZ,20260203,34.5912,1.13,105.4626,7.7415,1.9384,,1346385.6913,1112134.1363
002864.SZ,20260203,3.8492,0.56,31.1772,2.2311,3.4205,1.1276,375703.1936,262264.2235
300055.SZ,20260203,1.4539,0.44,114.2065,1.226,2.4122,0.1982,633419.4517,478954.766
603983.SH,20260203,0.3947,0.54,36.4895,3.9251,3.6483,2.3772,1265155.0,1265155.0
688517.SH,20260203,4.5027,1.33,29.484,3.0978,3.4735,3.01,247816.3158,247816.3158
300494.SZ,20260203,8.2622,1.03,,4.8031,5.6633,,691619.2072,561670.7759
300010.SZ,20260203,4.1066,0.69,123.962,8.2059,14.9906,,1463161.7626,1177639.4681
688286.SH,20260203,4.0102,0.7,87.4458,4.0319,6.8271,,431996.603,431996.603
603179.SH,20260203,2.3469,0.83,48.6326,6.2069,2.9481,0.329,4443335.888,4443335.888
002414.SZ,20260203,1.9513,0.7,852.2612,10.399,18.3181,,7204731.8142,5733459.1711
002021.SZ,20260203,3.0073,0.59,,6.13,4.5836,,381357.266,381344.6872
002755.SZ,20260203,0.9741,0.66,57.6232,4.6135,8.0925,0.7533,1478559.4391,1478545.4606
002383.SZ,20260203,3.155,1.08,,4.9511,6.6315,,838087.8653,838087.8653
603681.SH,20260203,3.063,0.64,25.6054,1.4548,0.5666,0.7336,378631.0538,378631.0538
300426.SZ,20260203,2.9739,1.02,,27.2539,16.4628,,401291.0837,356400.0
688045.SH,20260203,5.1909,0.7,8943.5032,2.6859,5.5172,,371467.3593,371467.3593
920946.BJ,20260203,0.5577,0.53,34.1411,3.7486,8.2936,1.2868,464487.1539,464344.3539
300787.SZ,20260203,4.7798,1.11,35.4586,2.6717,1.312,1.297,402761.4307,245382.1351
002296.SZ,20260203,3.841,0.44,16.6037,2.0921,3.6539,1.5504,502558.7418,448165.9228
300406.SZ,20260203,1.3082,0.55,17.8726,2.0814,5.3834,6.808,771582.1544,558531.8574
300625.SZ,20260203,1.8402,1.09,,1.8214,1.8884,2.3148,362012.976,209915.3958
688448.SH,20260203,8.4117,0.83,121.4051,4.8068,10.5446,0.4411,486304.1601,325588.0001
688595.SH,20260203,3.0854,0.5,,7.544,6.7573,,542654.5845,542654.5845
600618.SH,20260203,4.9217,0.73,23.5486,2.0611,2.3768,1.2995,1868742.3612,1211741.4012
688778.SH,20260203,1.1602,0.82,56.9407,4.6766,2.1456,0.6247,4298453.9539,4298453.9539
605169.SH,20260203,0.7728,0.56,37.2225,1.9177,1.2159,1.8497,374533.12,374533.12
688366.SH,20260203,0.3366,0.99,27.7666,1.9311,4.2301,2.1355,1066808.5001,897877.9331
000670.SZ,20260203,6.1399,0.54,,119.3839,1.5803,,726463.7193,706802.0553
301608.SZ,20260203,2.9478,0.88,37.2702,3.901,5.0674,0.9091,825026.29,370257.3177
000800.SZ,20260203,0.2453,0.79,53.1191,1.2689,0.5834,0.7342,3351392.344,3351106.1251
002672.SZ,20260203,0.7794,0.41,,1.6989,1.5127,,517259.7153,423595.3653
300628.SZ,20260203,2.9287,1.11,19.2053,5.6267,8.4006,4.6603,4880714.1076,2796111.1074
603324.SH,20260203,1.4459,0.81,67.2563,2.3657,3.0872,0.4632,397701.1089,397701.1089
002975.SZ,20260203,6.4069,1.04,101.4496,5.751,8.4057,0.2732,1282741.3492,847083.558
301456.SZ,20260203,1.9629,0.6,66.7291,2.0483,7.3822,0.6673,450892.0716,181318.7038
605378.SH,20260203,0.6949,0.58,62.396,4.5214,4.1059,1.6519,565030.9168,565030.9168
920304.BJ,20260203,2.8989,0.52,38.8685,4.3274,3.3348,1.4545,223146.0,187624.294
603090.SH,20260203,5.5874,0.88,111.0803,11.9529,9.7972,0.4094,732800.0,732800.0
600217.SH,20260203,1.5504,0.69,,2.2057,1.8974,,677980.3523,677980.3523
002490.SZ,20260203,13.964,0.77,,12.8517,4.1389,,639874.4168,434461.044
300383.SZ,20260203,11.0697,1.38,179.8062,2.3135,4.2516,0.3659,2948052.2691,2941428.7748
688047.SH,20260203,1.9538,0.67,,25.8414,120.7023,,6604470.0,6604470.0
605003.SH,20260203,2.4801,0.86,56.0775,2.5417,6.7837,1.2338,365530.0,365530.0
002550.SZ,20260203,1.2997,0.51,23.3518,3.6475,6.5423,1.4947,1003363.2,737932.3011
600834.SH,20260203,0.6562,0.8,118.0801,2.4682,7.3829,0.4195,421050.8402,421050.8402
920665.BJ,20260203,3.4289,0.58,41.1192,2.5225,5.7041,1.0707,182115.99,89764.4069
688676.SH,20260203,4.1915,1.16,68.7984,9.575,6.1879,0.5107,4515082.4545,4515082.4545
300307.SZ,20260203,1.06,0.57,60.3585,1.7702,3.0097,1.3722,578800.38,570094.1283
300637.SZ,20260203,2.0632,0.66,256.1614,4.0909,3.2845,,299775.916,299462.8135
001311.SZ,20260203,5.8294,0.43,48.3436,2.8945,3.4829,1.2047,1328358.9309,337306.05
300762.SZ,20260203,8.7949,1.08,,11.3961,55.2632,,2661318.9417,2661318.9417
000625.SZ,20260203,0.4855,0.47,16.1454,1.4319,0.6703,3.117,10973606.992,9151798.604
301136.SZ,20260203,2.9507,0.89,1635.1418,3.3442,8.2968,,487662.941,487662.941
002681.SZ,20260203,2.408,0.87,,5.0257,4.1184,,1144988.124,977850.3376
301234.SZ,20260203,0.8369,0.7,114.1507,3.6233,5.7387,0.7402,275604.0,275604.0
000922.SZ,20260203,1.4855,0.78,40.2899,2.1778,1.9936,0.7787,991048.8296,837476.9703
688585.SH,20260203,0.6551,0.68,654.6706,41.3166,32.8832,0.0227,5511131.2897,5511131.2897
688226.SH,20260203,1.6322,0.99,,4.4224,2.2301,0.3838,743209.2222,743209.2222
600256.SH,20260203,2.0607,0.44,17.5183,1.4489,1.0594,11.5185,3451681.6006,3451681.6006
600030.SH,20260203,1.0864,0.67,13.7942,1.4538,5.5396,1.0011,41453069.4807,34057813.0743
603057.SH,20260203,0.9575,0.65,58.9095,5.6307,3.5387,1.9082,1128892.5375,1124760.0
000828.SZ,20260203,0.7772,0.98,10.5393,1.1027,7.18,4.4022,1121638.8344,1121637.3777
002183.SZ,20260203,7.3096,0.64,180.9811,1.5599,0.2021,0.1799,1443937.0546,1443928.7146
002617.SZ,20260203,4.2453,0.71,62.2195,2.6319,4.55,,1680707.1592,1653130.588
301089.SZ,20260203,2.2831,0.23,,2.4264,10.0514,,369383.3955,265559.8576
300688.SZ,20260203,10.9907,1.69,,13.4319,32.5136,,537288.0794,476294.8502
688682.SH,20260203,2.2285,0.83,465.5611,8.0475,17.5017,0.2809,517850.7811,517850.7811
688167.SH,20260203,10.6034,1.41,,12.3153,34.9135,,2706568.8629,2706568.8629
688689.SH,20260203,2.6371,0.6,56.521,3.4276,4.0749,0.7067,413908.3711,413908.3711
300644.SZ,20260203,3.43,0.67,29.2238,3.7477,1.3605,0.7188,376964.4862,297008.5366
300222.SZ,20260203,4.5897,1.19,83.4399,5.4133,3.3666,,929267.7934,756761.3897
920184.BJ,20260203,2.449,0.69,257.1867,4.1369,10.8035,,257403.2092,170251.3406
600533.SH,20260203,1.4958,0.77,,0.8472,0.5128,,273000.0,273000.0
002736.SZ,20260203,0.3824,0.77,10.0487,1.2903,4.6259,2.6838,12535893.5054,11765613.5574
688220.SH,20260203,2.4852,0.94,,6.2646,9.2696,,3454328.7414,3048352.6037
920418.BJ,20260203,0.9644,0.57,30.4238,5.1837,6.526,1.0284,460820.5056,442405.5323
300337.SZ,20260203,9.1718,1.18,1043.2685,7.3343,2.0884,0.0648,1267424.743,1096978.1292
300871.SZ,20260203,8.2251,0.64,26.582,2.7158,3.4343,0.7267,572601.1363,572601.1363
920407.BJ,20260203,2.4858,0.61,93.4213,7.267,7.2098,0.3297,199200.872,81097.168
300500.SZ,20260203,2.6507,0.98,,1.9814,2.4438,1.1858,220078.2093,212011.4131
603125.SH,20260203,3.67,0.7,48.8875,3.0869,7.5034,0.5675,738016.7116,184513.7601
600033.SH,20260203,0.9266,0.61,12.7867,0.8415,3.3862,2.6525,1034638.8,1034638.8
688398.SH,20260203,2.2926,0.58,102.9262,3.7452,3.8579,0.4329,385636.8041,385636.8041
300498.SZ,20260203,0.7642,0.67,12.9654,2.5496,0.9949,3.1668,10473281.512,9369300.055
601168.SH,20260203,5.3819,1.1,25.083,4.4603,1.2775,3.0211,7887730.0,7887730.0
301388.SZ,20260203,17.4085,1.69,156.5797,3.6125,7.1947,0.2904,352829.5344,94216.0891
688133.SH,20260203,2.3408,0.67,287.452,1.4779,1.5832,0.279,412572.3753,412572.3753
002648.SZ,20260203,2.6682,0.77,12.3946,2.373,1.5792,2.2074,7603033.3223,7598150.9686
920576.BJ,20260203,6.5028,1.27,281.646,24.393,23.1572,0.1992,1093640.1,1075347.3909
603151.SH,20260203,3.4054,1.29,27.8323,2.3316,0.6241,1.0748,316158.661,316158.661
002785.SZ,20260203,10.1083,1.53,,11.6494,7.9391,,1033839.0486,882724.2949
300209.SZ,20260203,6.2329,0.52,90.6232,6.7196,56.5369,,665832.1023,351343.2932
600037.SH,20260203,1.6085,0.83,,0.9037,5.3568,0.3281,1145433.1985,1145433.1985
920262.BJ,20260203,1.896,0.45,47.4711,5.055,2.9787,1.0752,173061.9192,78088.2591
002247.SZ,20260203,4.7683,1.03,63.3279,3.7721,3.1411,,251006.6645,189844.4982
688232.SH,20260203,0.8412,0.71,82.7396,1.8012,4.7543,1.2561,922800.3404,922800.3404
601689.SH,20260203,1.7957,0.86,46.0736,5.4104,4.4691,0.7163,12592356.6127,12592356.6127
300705.SZ,20260203,1.1354,0.66,16.2993,2.9,2.5041,2.011,764444.7397,563766.6047
002624.SZ,20260203,5.1783,1.83,,5.089,5.2129,1.2136,3604461.2946,3395927.9902
000987.SZ,20260203,1.6173,0.61,14.1612,1.6273,3.9785,2.5598,5077338.0515,5074598.2761
002265.SZ,20260203,0.6853,0.97,233.7655,6.8305,6.611,,2493759.5425,2493759.5425
603901.SH,20260203,1.6652,0.74,113.664,2.8436,1.7918,0.1004,723891.4705,709492.1358
001366.SZ,20260203,7.4115,1.02,,2.8406,1.8,,228004.92,79009.92
601608.SH,20260203,1.6525,0.71,93.5893,3.7988,4.3565,0.3729,3512517.4862,3512517.4862
000886.SZ,20260203,3.3044,1.09,595.8469,2.1424,15.7453,,648671.3648,641461.0051
601968.SH,20260203,1.1657,0.78,39.3075,1.6665,0.8599,1.2926,751434.1019,751434.1019
000801.SZ,20260203,1.485,0.92,92.9586,5.6323,3.7393,0.6382,1602744.1449,1602744.1449
601021.SH,20260203,0.365,0.69,27.2381,3.0736,2.6251,2.227,5459100.5003,5459100.5003
000665.SZ,20260203,1.4233,0.81,,1.5496,4.3899,,622020.7738,622004.5197
688545.SH,20260203,5.429,0.98,96.9325,6.393,13.6904,0.3865,1863000.0,943143.75
688295.SH,20260203,0.6537,0.6,,6.179,14.6693,,2898000.0,2898000.0
688626.SH,20260203,1.0053,0.66,148.0047,5.3683,14.0581,0.3401,1088000.0,1088000.0
688775.SH,20260203,4.0864,1.04,93.096,15.3626,10.6849,,8794331.0,719336.8
300900.SZ,20260203,27.4745,1.31,,9.2559,10.6289,,1235257.9887,942045.5412
603798.SH,20260203,1.6401,0.47,80.021,3.593,4.2574,0.669,415191.9834,415191.9834
600862.SH,20260203,3.7333,1.61,33.6889,4.7298,7.0367,0.9834,3527200.3389,3527200.3389
002129.SZ,20260203,4.4725,0.84,,1.546,1.4176,,3885434.2579,3882478.2411
300645.SZ,20260203,3.1058,0.96,325.4632,2.7655,2.3569,0.0971,285776.1112,280173.3224
600572.SH,20260203,1.5569,0.9,16.5134,1.6077,1.7272,3.3287,1136110.636,1133090.2858
300386.SZ,20260203,1.9332,0.93,,4.7171,9.5467,,695207.172,417009.9769
600233.SH,20260203,0.2897,0.69,14.7581,1.7509,0.7914,2.1075,5842334.9634,5842334.9634
603319.SH,20260203,2.848,0.53,82.7431,5.0425,5.8664,0.5095,1244679.3183,1244679.3183
603110.SH,20260203,3.5259,0.85,762.3561,4.8773,8.2033,0.2964,339469.4969,339469.4969
600667.SH,20260203,14.3926,1.16,36.2624,2.4548,0.6404,0.9416,2125006.8528,2125006.8528
920278.BJ,20260203,2.674,0.32,61.3895,4.306,5.0468,2.1186,164728.0,69901.312
688416.SH,20260203,11.265,0.89,,7.1717,21.985,,911319.4595,717068.4956
002218.SZ,20260203,19.6285,0.81,,2.2288,8.8862,0.1557,904333.1514,891134.8794
603178.SH,20260203,0.6536,0.64,,3.4045,2.3808,0.2287,413484.3799,413484.3799
920493.BJ,20260203,5.6203,0.66,543.6477,22.4935,9.9336,,948603.3172,695794.1694
600731.SH,20260203,1.4106,0.7,15.6835,1.3019,1.8387,2.71,412351.903,399761.8068
603600.SH,20260203,1.1873,0.85,14.6068,1.677,0.7929,3.9648,383963.3435,348644.1955
301273.SZ,20260203,4.2333,1.97,,2.371,6.3941,,218507.4656,167707.8094
002771.SZ,20260203,5.7196,1.63,,5.3162,6.4585,0.0653,327651.5242,272591.8911
920427.BJ,20260203,8.3517,0.47,126.0714,4.7343,16.7779,0.9603,155673.45,76871.1011
600594.SH,20260203,1.2096,0.54,,1.3247,1.6695,,318354.8148,318354.8148
603993.SH,20260203,2.3342,0.77,25.3266,6.3698,2.4286,1.1025,49485039.4371,40386927.9531
301037.SZ,20260203,3.378,0.78,,3.5014,1.2073,,222172.6342,108660.4604
600060.SH,20260203,1.038,1.1,11.9739,1.5026,0.5058,3.7399,3070599.7137,3059297.0005
603156.SH,20260203,0.6702,0.82,23.7357,4.2567,6.6724,6.1265,3826202.6904,3826202.6904
601598.SH,20260203,0.5565,0.61,10.7843,1.063,0.4291,5.1183,4067516.9457,2924285.6187
300275.SZ,20260203,2.4258,0.42,79.7109,4.1254,8.359,0.2329,389626.411,343398.738
920608.BJ,20260203,1.3766,0.8,35.5962,2.5263,7.9794,1.5617,119563.04,75710.3848
301630.SZ,20260203,2.6972,0.7,52.6682,4.2799,6.2964,,716440.0,179110.0
301500.SZ,20260203,20.7943,0.68,76.6553,2.42,0.8014,0.4614,1132895.238,290406.1467
300598.SZ,20260203,1.9434,0.67,,6.4747,4.4519,,960361.1857,960092.2354
600577.SH,20260203,3.3115,0.88,50.6398,5.0459,1.2585,0.569,3021868.079,3021868.079
688798.SH,20260203,2.3561,0.51,51.9344,4.3928,6.6771,0.4192,1831691.6931,1066534.6367
920260.BJ,20260203,1.7729,0.83,32.1817,2.7427,4.17,1.7498,118357.65,112947.7841
601003.SH,20260203,1.7103,1.29,24.2371,1.434,0.1908,,1294210.566,1294210.566
601001.SH,20260203,1.0088,0.46,12.4807,1.2838,1.839,5.2358,2413475.4,2413475.4
002314.SZ,20260203,9.18,2.46,,0.758,0.4588,,695900.1058,343937.2568
301353.SZ,20260203,3.1949,0.78,42.058,2.2444,3.1519,1.2721,290616.497,94368.497
600744.SH,20260203,2.555,0.77,62.3364,9.2068,1.5328,,1310075.1567,1310075.1567
002276.SZ,20260203,4.6575,1.18,35.261,2.8837,0.9318,0.2888,1756238.0497,1749603.0137
688352.SH,20260203,4.3712,0.57,64.3914,2.913,8.1497,0.6829,1734805.4032,533820.5585
605077.SH,20260203,0.834,0.79,19.4596,1.6158,1.3283,4.3614,486395.1425,480584.24
002517.SZ,20260203,6.4533,2.86,25.6896,4.8583,9.4252,0.4305,4962957.6326,4388253.0403
301220.SZ,20260203,2.3024,0.79,31.8395,2.3881,4.2246,0.3817,418830.8998,289079.3014
301212.SZ,20260203,1.2993,0.74,202.8206,2.4431,4.6145,0.3956,327564.0,284343.75
300042.SZ,20260203,13.8586,0.86,,7.0414,6.8063,,705408.0,705343.056
688450.SH,20260203,1.9781,1.01,,2.1076,9.1689,,202224.0,149923.579
601136.SH,20260203,0.2812,0.57,46.9418,3.6216,18.9021,1.093,4876267.4992,4876267.4992
002773.SZ,20260203,1.249,0.99,20.6969,2.8234,5.5474,2.1355,2587990.5598,1929316.7875
600329.SH,20260203,0.925,1.05,9.2558,3.6755,6.1715,2.9767,3311405.7308,2438484.2308
920541.BJ,20260203,1.3176,1.02,28.3689,4.3574,6.0081,1.0933,187552.4,123560.5144
600336.SH,20260203,1.6965,0.63,,2.5916,0.8828,0.1272,627239.6084,627239.6084
603150.SH,20260203,4.3074,0.96,32.6802,2.3925,1.0444,0.68,402282.998,402282.998
920547.BJ,20260203,1.4978,0.47,36.452,2.765,5.078,0.8081,192277.8,93353.04
601199.SH,20260203,0.5499,0.63,13.4794,1.2097,3.5386,2.3932,547098.0208,547098.0208
600936.SH,20260203,1.3,0.99,,7.3606,2.0177,,718541.2828,718541.2828
301629.SZ,20260203,14.8986,0.9,239.4798,10.7231,28.8462,0.3199,1249481.4927,312367.3937
003004.SZ,20260203,1.1711,0.6,,3.4244,6.5721,,219963.9141,184707.7199
600161.SH,20260203,0.373,0.47,24.6696,2.8324,5.0546,1.5225,3246843.9143,3246843.9143
002185.SZ,20260203,9.1128,0.6,59.8253,2.7381,2.9412,0.3874,4797073.7917,4795981.7503
002142.SZ,20260203,0.5348,0.79,6.9113,0.9111,2.8169,3.9088,20273023.7314,20261654.2136
002098.SZ,20260203,1.8403,0.75,18.9298,2.5643,1.3322,0.9597,373036.0,373024.2775
002337.SZ,20260203,2.5205,0.78,91.2137,2.9993,6.11,0.313,394961.1683,394545.673
002295.SZ,20260203,3.6731,0.61,244.5264,2.2008,0.6454,0.303,297731.808,297349.272
600080.SH,20260203,1.58,0.85,37.7929,1.8682,5.3776,0.3575,296003.336,296003.336
601908.SH,20260203,4.2674,1.0,,1.0945,3.0949,,963426.5415,963426.5415
300074.SZ,20260203,4.7353,1.13,,2.6065,4.8413,,256714.7478,255308.0761
600179.SH,20260203,1.9068,0.84,19.2361,1.8723,2.4453,,2141152.6514,1954312.9185
920123.BJ,20260203,1.4444,0.78,37.0217,4.1788,2.0402,1.5192,169429.26,96658.369
300937.SZ,20260203,3.4098,0.55,,3.9861,0.7555,0.2886,331485.0531,230869.3499
603960.SH,20260203,3.6027,0.79,130.1761,5.1278,10.8195,0.2611,573426.8073,573426.8073
603909.SH,20260203,1.1079,0.86,27.3009,2.6489,0.4189,1.0508,297688.7259,297688.7259
601066.SH,20260203,0.2263,0.75,18.5968,2.312,7.7267,1.3744,18623824.2076,15596106.155
603061.SH,20260203,7.5885,0.91,106.1448,10.9327,26.6289,0.0589,1682760.0,1173061.3634
605086.SH,20260203,1.9295,0.91,62.8847,5.4923,23.7729,0.4798,702105.6,702105.6
688223.SH,20260203,3.7263,1.43,,2.5629,1.0196,,7003642.8063,7003642.8063
601399.SH,20260203,1.4321,0.76,82.3368,2.5249,2.6805,,3736621.951,3736621.951
002820.SZ,20260203,3.1759,0.76,,2.7292,5.1743,1.2036,243452.3735,243452.3735
920167.BJ,20260203,5.3742,1.12,,3.3979,0.6777,0.2021,211690.986,125759.9743
002198.SZ,20260203,1.9524,0.47,89.0941,4.9677,8.5906,,352211.8345,352191.6391
601866.SH,20260203,1.0514,0.9,19.9246,1.1,1.2366,1.6016,3378599.8899,2496507.8579
688599.SH,20260203,4.8371,1.36,,1.9863,0.708,,4750727.2672,4750727.2672
600714.SH,20260203,3.9586,0.46,77.669,5.8233,12.5172,0.4584,440045.1689,440045.1689
603665.SH,20260203,1.6411,0.51,,8.1134,3.632,,577583.1393,574201.2296
603121.SH,20260203,2.0871,0.4,350.3345,6.4359,6.6544,0.883,766778.8645,766778.8645
002937.SZ,20260203,2.9661,1.1,46.3989,4.7034,4.0935,1.6604,717348.8859,715361.4127
300358.SZ,20260203,2.3967,0.69,,1.475,1.4187,,788032.0232,772833.0099
600369.SH,20260203,0.6772,0.77,32.3564,1.1565,8.9874,1.8931,2983653.9967,2983653.9967
301015.SZ,20260203,0.5723,0.74,23.3478,5.1662,1.6238,3.255,1230485.9643,1230324.4353
300450.SZ,20260203,6.0425,1.13,108.623,7.3643,7.1192,0.0928,9384448.8997,9344010.8631
600359.SH,20260203,6.0461,0.73,3047.8096,4.2481,5.5241,,284227.0509,284227.0509
601949.SH,20260203,0.9425,0.72,24.255,1.4312,2.4916,1.4069,1380376.8392,1380376.8392
603899.SH,20260203,0.7849,1.48,18.7185,2.7736,1.0128,3.6993,2475568.3734,2475568.3734
000862.SZ,20260203,3.5113,1.09,43.8279,1.3084,4.4751,,586573.0507,401270.9692
300048.SZ,20260203,2.9449,0.91,108.7141,4.3487,1.0182,,798834.5288,797197.7213
002976.SZ,20260203,2.5299,0.61,3126.1445,2.8382,2.0944,,420658.9305,187329.9145
300030.SZ,20260203,2.2091,0.69,,4.0092,4.968,,252915.2237,222680.9089
300387.SZ,20260203,2.8392,0.75,32.7047,1.8141,2.0378,0.7519,269112.0838,269018.6365
603687.SH,20260203,3.4563,1.17,51.9454,1.8244,2.6916,0.5361,594584.445,594584.445
002722.SZ,20260203,1.5778,0.79,24.6989,1.2261,1.5174,1.3512,350458.2878,301467.0181
301297.SZ,20260203,2.5135,0.73,123.7002,5.7555,12.5621,0.3991,2972007.2044,1363471.8468
002111.SZ,20260203,2.0496,1.09,78.6972,1.9305,1.8335,1.6202,570315.1392,515901.0034
600229.SH,20260203,1.0817,1.04,,1.4216,2.1193,1.0279,449942.0009,449942.0009
920351.BJ,20260203,3.967,0.78,62.9139,4.461,1.0029,0.4527,194470.2848,87620.7361
688099.SH,20260203,2.3816,0.74,38.2002,4.9289,5.5635,,3536948.818,3536948.818
300278.SZ,20260203,1.8163,0.71,671.3639,4.6377,3.4171,,803087.5365,800564.8622
688069.SH,20260203,1.8367,1.14,,2.1785,6.1418,1.6102,270974.0,270974.0
688695.SH,20260203,1.5117,0.75,260.2118,3.1659,13.2353,0.4823,246904.1503,148834.4702
688601.SH,20260203,5.7678,0.7,133.8353,5.8365,9.6969,0.7331,724347.0486,724347.0486
603315.SH,20260203,3.0396,0.7,107.9692,3.0105,4.3298,0.5201,511304.5573,511304.5573
688299.SH,20260203,3.1242,0.47,,2.7743,5.0587,,577659.7169,577659.7169
300975.SZ,20260203,20.5497,1.05,73.9456,5.1515,1.4533,0.0699,1173405.5716,840461.1776
300941.SZ,20260203,3.6339,0.83,110.6478,3.6993,20.4859,0.5464,471744.0,244887.7801
920896.BJ,20260203,1.9304,0.82,35.1997,4.8696,4.9707,1.4521,209129.2798,91529.3472
600426.SH,20260203,1.8813,0.97,24.0959,2.4174,2.3858,1.4988,7777232.7429,7763569.35
002942.SZ,20260203,2.0545,0.79,38.1595,2.6898,3.169,1.4138,330730.5275,291157.0587
002040.SZ,20260203,4.1867,0.6,29.1876,1.4646,4.808,0.9369,494778.2428,492880.5012
688185.SH,20260203,1.5513,0.43,,3.355,17.0241,,1654452.3353,765955.318
300006.SZ,20260203,1.938,0.71,,2.9231,6.9708,,537458.8033,537412.8371
300694.SZ,20260203,3.5868,0.72,88.9054,1.998,1.9973,0.618,278718.3628,278718.3628
002822.SZ,20260203,1.04,0.79,,4.8981,6.4505,,676976.9434,371494.8577
600791.SH,20260203,4.9856,0.81,,6.9445,0.6813,,273992.4,273649.7861
301446.SZ,20260203,8.3424,0.74,54.5383,4.0428,8.8874,0.4359,477152.0,145769.936
920045.BJ,20260203,13.04,1.12,96.2738,26.1322,12.5009,,2613947.4432,772897.344
000544.SZ,20260203,0.4656,0.76,7.8014,0.9121,1.5746,3.0624,827507.1303,827507.1303
000681.SZ,20260203,11.4283,0.79,174.067,5.3658,23.9296,0.0863,1945503.5398,1877983.5812
600210.SH,20260203,1.6207,0.75,9.1349,1.7082,1.0106,3.9947,1139068.8547,1139068.8547
920363.BJ,20260203,2.5383,0.76,,5.1889,9.9828,,182309.5,97581.0787
600137.SH,20260203,3.8729,0.93,75.3242,3.8121,5.4113,0.8741,206879.0273,206879.0273
300250.SZ,20260203,8.8589,0.91,,10.5521,23.3358,,548694.9126,403932.9726
600909.SH,20260203,2.0423,0.62,14.8531,1.3484,6.1717,2.0958,3125182.5727,3125182.5727
688610.SH,20260203,5.0104,0.75,102.2729,3.8797,14.4147,0.2364,575416.0,346371.3904
603017.SH,20260203,4.2289,1.24,82.957,2.3689,2.8305,1.6146,337780.7283,337780.7283
300194.SZ,20260203,1.3999,0.43,36.4752,1.1837,3.0793,1.5801,527042.5852,428976.4877
300350.SZ,20260203,2.2451,0.62,,3.7775,9.0346,,349009.6253,292842.124
000639.SZ,20260203,6.1355,1.23,,1.063,0.6617,,308716.4352,308716.0568
300152.SZ,20260203,2.0287,0.71,,6.5075,9.8549,,153252.0,153212.9614
600302.SH,20260203,2.9327,0.65,,7.4866,12.3185,,444276.5883,444276.5883
300448.SZ,20260203,6.4403,0.62,,5.1214,22.8533,0.3506,628484.3664,431561.3054
300613.SZ,20260203,3.3646,0.57,73.5299,4.1141,6.953,0.2438,1132435.9243,1068127.4477
601022.SH,20260203,1.0778,0.63,18.2737,2.0695,2.0724,2.2479,1245818.934,1245818.934
600883.SH,20260203,2.818,1.18,56.3015,2.0652,35.9677,0.6993,202563.504,202563.504
001390.SZ,20260203,3.054,0.67,28.1677,3.0088,4.9288,,477600.0,119400.0
600368.SH,20260203,0.6161,0.55,9.9828,0.8915,4.1171,3.2997,639032.5816,639032.5816
003023.SZ,20260203,1.6694,0.62,30.3629,1.6054,2.1221,1.6956,248500.8344,247935.8869
920476.BJ,20260203,4.6547,1.77,61.5287,5.1261,6.2398,0.5515,220615.682,208626.4244
300165.SZ,20260203,1.1467,0.47,,1.9517,3.5753,,249242.3977,211528.9435
002868.SZ,20260203,0.7144,0.57,,,9.7161,,570376.1218,565332.7381
002527.SZ,20260203,3.8783,0.97,,8.7906,2.9359,,1100018.6818,878076.0642
002133.SZ,20260203,2.7081,0.84,,0.9876,0.5514,1.3338,286433.3448,284851.9744
920395.BJ,20260203,0.7474,0.77,32.5817,7.6465,10.1546,1.5177,181424.4021,122781.9946
001338.SZ,20260203,2.4707,0.99,18.9001,1.6888,1.5001,2.3943,628668.735,628668.735
002457.SZ,20260203,7.1923,0.81,20.2741,1.6902,1.5693,1.2679,416858.5,416652.0613
000510.SZ,20260203,14.1666,0.86,,8.2176,5.6912,,1014322.1732,948823.7738
601231.SH,20260203,2.6845,1.22,52.3052,3.844,1.4036,0.5948,8466988.3964,8466988.3964
600207.SH,20260203,1.3456,0.67,,2.1863,1.568,,522870.0259,522870.0259
600226.SH,20260203,1.6695,0.53,93.7265,4.9468,10.5885,,1787603.1156,1787603.1156
688161.SH,20260203,0.288,0.88,44.7868,2.9631,8.0992,0.8975,1195200.0,1195200.0
301381.SZ,20260203,2.5618,0.93,40.9044,3.5106,0.8012,1.0794,934409.1912,452704.3512
000069.SZ,20260203,1.0051,0.67,,0.4555,0.4964,,2089817.0938,1793636.4631
601360.SH,20260203,3.421,0.82,,3.0214,10.5493,1.5785,8868439.8327,8868439.8327
600109.SH,20260203,0.904,0.67,13.6579,0.9703,3.9684,1.3065,3382998.1628,3382998.1628
001203.SZ,20260203,1.9953,0.67,66.6371,6.7896,11.6521,0.6516,4533318.8463,3889390.5741
000955.SZ,20260203,2.7347,0.73,,4.7086,6.5948,,305269.965,305109.2063
600527.SH,20260203,1.9417,0.57,137.6404,1.8619,7.1978,2.2325,384450.9202,384450.9202
002719.SZ,20260203,10.0946,1.49,,8.5635,2.6459,,164561.7869,152958.7348
688772.SH,20260203,1.5266,0.77,39.5365,3.0451,1.6273,1.5501,2171532.1803,2171308.0562
301209.SZ,20260203,1.6558,0.73,181.687,14.225,20.5074,0.1474,1085840.0,927646.685
000008.SZ,20260203,2.2091,0.82,,2.706,3.7259,,793182.2834,793158.71
300134.SZ,20260203,1.6111,0.84,,2.4115,3.8972,,918695.1132,852764.3532
301138.SZ,20260203,3.3141,0.76,41.0325,4.3435,6.5224,1.4866,484320.0,276708.725
603323.SH,20260203,1.7553,1.1,4.871,0.5244,2.3745,5.1448,995140.9284,995140.9284
300528.SZ,20260203,10.9435,1.49,,16.2954,11.9892,,861097.2128,861097.2128
000691.SZ,20260203,2.166,0.91,,,9.4556,,422837.16,281891.44
688300.SH,20260203,1.5132,0.56,53.0346,9.3033,13.9347,0.6112,1519565.6127,1519565.6127
603072.SH,20260203,4.2056,0.52,75.2348,5.2504,4.9655,0.3528,1123718.56,536729.96
300664.SZ,20260203,1.5221,0.84,19.6012,0.9769,2.4827,1.694,430309.8529,428027.5939
003006.SZ,20260203,1.2049,0.86,31.6843,6.3367,2.62,2.5371,930617.1131,928289.0422
300066.SZ,20260203,7.2415,0.83,55.1521,2.8714,6.3126,0.4155,750904.0152,726267.2713
002691.SZ,20260203,11.0085,3.43,,3.6767,8.3499,,312120.0,308429.92
600968.SH,20260203,1.144,0.57,11.1753,1.4919,0.8088,3.2143,4269343.7636,4269343.7636
001277.SZ,20260203,2.9634,0.28,30.0766,2.0107,2.9787,0.9922,310992.0,185706.5035
000831.SZ,20260203,4.2783,0.6,528.8732,11.8466,16.0448,,5726347.4746,5726347.4746
603917.SH,20260203,2.8441,0.83,299.794,1.8072,4.5843,1.0074,303517.76,303517.76
002788.SZ,20260203,7.0592,0.87,20.4121,1.9402,0.3006,2.1632,628620.0788,617742.37
000848.SZ,20260203,1.6873,1.09,13.6807,2.675,2.7981,3.6488,862920.0626,855427.8866
600168.SH,20260203,0.8147,0.82,52.4576,0.9625,1.3049,0.5192,516566.7359,516566.7359
601568.SH,20260203,0.7957,0.62,79.5254,1.4214,1.7447,2.439,1628611.1118,1628611.1118
601086.SH,20260203,1.804,1.29,79.3257,4.1591,9.0457,0.7987,661338.0,661338.0
002189.SZ,20260203,1.0505,0.76,,10.9127,4.4374,,574377.2013,574290.6663
688613.SH,20260203,1.6202,0.5,,2.1424,14.3815,,307447.2625,307447.2625
300933.SZ,20260203,2.5893,0.38,230.0109,2.2944,1.626,0.2865,491834.3181,491834.3181
600510.SH,20260203,1.1373,0.8,92.1788,0.9306,1.7803,0.4366,969071.9041,969071.9041
002157.SZ,20260203,1.7326,0.6,,2.5213,2.1622,,2960052.0285,2314961.3462
301319.SZ,20260203,3.4925,1.4,67.2155,4.9199,4.0701,1.1792,576871.331,433473.1887
301283.SZ,20260203,3.3988,0.65,26.1256,2.4417,1.9057,1.3935,399676.5753,227860.5989
300957.SZ,20260203,3.117,2.38,51.7616,3.0664,3.5973,1.3559,1864263.6,1864263.6
600623.SH,20260203,1.29,0.62,28.9463,0.9178,0.4398,1.8875,2033672.3662,1793224.613
301115.SZ,20260203,2.5203,0.5,111.3131,1.3476,2.4076,1.8403,340255.0719,225962.5239
002277.SZ,20260203,2.2972,0.65,,1.5097,9.5213,0.0687,1014957.7984,1014957.7984
002219.SZ,20260203,3.2127,0.87,344.4613,4.1132,2.3992,,809584.239,782018.4491
600681.SH,20260203,2.4093,0.64,16.5647,1.5843,1.0513,5.6627,556454.7462,556020.6404
000089.SZ,20260203,1.2298,1.12,25.2717,1.2759,2.8876,1.6667,1476554.0465,1476534.5302
300479.SZ,20260203,5.0512,0.92,177.1459,9.3756,3.99,,412406.5304,412171.0679
600319.SH,20260203,0.8148,0.61,,7.6498,3.4487,,308228.9603,308228.9603
002891.SZ,20260203,1.65,1.26,33.3883,5.1394,2.8938,0.7145,1486276.2163,1486276.2163
301133.SZ,20260203,3.279,0.57,103.4619,3.4224,4.1917,0.341,468982.6353,429095.9763
300982.SZ,20260203,3.3358,1.01,490.6426,1.5264,2.5835,2.7379,443112.3776,415133.7896
300589.SZ,20260203,12.0326,1.17,,8.8766,7.0049,0.0541,697930.4566,428009.5771
301331.SZ,20260203,1.2487,0.61,57.7109,2.8668,3.3809,1.7919,300444.31,299871.7856
600550.SH,20260203,15.1946,2.68,190.9675,38.5061,4.9666,,3014582.1218,3014582.1218
300270.SZ,20260203,2.9771,0.51,,6.2534,24.2895,,352466.2166,303722.8087
000798.SZ,20260203,7.5649,0.99,,10.0862,0.888,,413054.4858,413029.0833
301282.SZ,20260203,4.8995,0.78,50.6185,2.5387,2.2592,0.8716,428784.0892,225871.2105
603712.SH,20260203,2.049,0.86,,3.6492,8.7703,,1523156.0,1523156.0
688079.SH,20260203,3.5878,2.8,,4.1128,9.1444,,544070.9546,534583.2765
601686.SH,20260203,0.6886,0.64,10.8841,1.4079,0.1704,7.0884,898848.0554,898848.0554
002860.SZ,20260203,6.9423,0.93,30.0809,2.3234,2.2904,0.6743,527698.261,512925.7045
000751.SZ,20260203,20.9027,1.35,147.7421,2.8058,0.5679,,1011384.7525,882577.8557
002580.SZ,20260203,1.5532,0.76,28.9047,2.4731,1.7114,0.3155,575505.8831,573565.5984
605258.SH,20260203,1.7034,0.76,42.2796,2.4576,3.0438,2.0996,293392.0,293392.0
000028.SZ,20260203,1.0003,0.58,27.4286,0.7948,0.2006,1.3906,1464879.2827,1258237.37
301004.SZ,20260203,0.3587,0.7,12.4179,4.3958,2.6382,6.4479,707160.2543,659037.4049
688268.SH,20260203,1.6143,0.54,44.608,4.149,5.5277,0.9404,763176.9577,762661.7977
600742.SH,20260203,1.0412,0.99,14.1702,0.8473,0.3587,7.0231,708877.2175,708877.2175
300642.SZ,20260203,2.2266,0.41,190.9632,2.0664,8.1386,0.7949,303957.3567,257512.0264
688591.SH,20260203,3.4562,0.57,61.8191,4.3156,10.4428,0.4538,1068419.8128,747524.9859
600399.SH,20260203,5.0623,0.95,,2.2615,1.6703,0.2709,1303558.1,1303558.1
600015.SH,20260203,0.417,0.72,3.7637,0.3328,1.1241,6.3084,10217384.0765,9878597.7971
920274.BJ,20260203,3.4306,0.91,99.6271,4.734,3.6476,0.3483,230824.0019,230824.0019
688289.SH,20260203,0.9857,0.26,42.7034,1.6259,6.9438,2.6595,1159355.4,1159355.4
300823.SZ,20260203,5.5971,1.34,72.2646,2.469,5.6621,1.8387,232232.375,150331.6523
600586.SH,20260203,7.3959,1.15,,1.6512,1.8699,0.2311,907096.128,907096.128
301592.SZ,20260203,3.2915,0.93,134.2704,9.6778,16.7427,0.5775,848470.0,283127.4573
300545.SZ,20260203,9.6274,0.87,40.2159,2.7227,4.3854,0.6193,581421.4138,374817.2612
920593.BJ,20260203,1.2018,0.76,185.03,8.9222,25.8862,0.4228,635997.2781,540101.5457
002342.SZ,20260203,16.3579,0.56,,6.3136,6.3576,,1536960.0,1528458.69
000830.SZ,20260203,3.6264,1.4,22.5222,1.746,1.1052,2.0096,3326845.3122,3326583.119
003030.SZ,20260203,4.3829,1.18,141.4253,2.6497,1.4051,0.6901,269899.14,171711.5936
000156.SZ,20260203,2.0933,1.28,30.9696,1.1003,1.7406,2.027,1645404.0085,1509489.7788
688657.SH,20260203,2.1196,0.79,55.3666,2.7523,12.0362,1.1766,386796.3564,242326.976
300098.SZ,20260203,3.5426,0.6,,4.025,6.1183,,1093065.051,969756.7414
301439.SZ,20260203,4.3598,0.8,32.005,2.1734,1.6839,1.2092,643574.3921,303090.4123
002817.SZ,20260203,4.4852,1.73,42.7125,2.6132,5.2381,0.8606,246755.9903,239282.4184
603876.SH,20260203,3.5864,0.75,41.0706,2.1529,0.6052,0.591,1574178.6588,1574178.6588
603611.SH,20260203,1.3892,0.72,12.3605,1.9498,0.8924,3.7737,612317.0802,612317.0802
688053.SH,20260203,1.2298,0.71,,2.7604,23.2366,,444100.0,444100.0
601229.SH,20260203,0.3784,0.76,5.4773,0.5591,2.4131,5.6091,13171752.3349,13171752.3349
603160.SH,20260203,1.4271,0.74,43.5031,3.8944,7.747,0.6934,3620314.0255,3620314.0255
301217.SZ,20260203,1.9002,0.88,3841.8356,4.8066,4.1587,0.0637,2593160.6216,2593160.6216
300419.SZ,20260203,1.6289,0.5,,5.8709,8.21,,253382.3475,253382.3475
301073.SZ,20260203,3.9243,0.82,353.8149,6.3188,8.7521,0.7365,594047.9455,544338.3725
603991.SH,20260203,2.35,0.57,,4.0196,40.0399,,1289022.6621,629149.9181
000803.SZ,20260203,3.261,0.73,53.7246,2.8331,2.8807,,415936.1685,410130.6998
688105.SH,20260203,0.3622,0.52,,2.1731,6.2128,0.7143,835242.5424,835242.5424
920101.BJ,20260203,6.9852,0.37,32.9886,3.7976,4.3137,,388953.4832,112000.5617
601868.SH,20260203,0.9942,0.48,12.5892,0.9121,0.2151,1.0917,10005879.2726,7782894.6326
600779.SH,20260203,4.2207,1.31,39.4753,4.2507,5.6653,2.1971,2139651.536,2139651.536
301687.SZ,20260203,6.3005,0.58,65.1537,5.7044,12.2126,,846964.688,170330.2193
601456.SH,20260203,0.9069,0.91,31.3602,1.0636,8.238,0.5749,5532897.393,4254811.222
002664.SZ,20260203,2.7973,0.87,192.4169,3.0246,1.7844,,1067443.0,1052736.4701
603301.SH,20260203,0.4411,0.52,65.2625,3.2232,4.2408,0.9443,1833201.8494,1833201.8494
300377.SZ,20260203,9.5622,1.34,,6.591,12.8779,,1661969.816,1528130.1807
301590.SZ,20260203,8.2113,0.78,46.569,4.4421,5.9954,0.5824,865411.3211,177034.5723
000517.SZ,20260203,1.3686,0.94,,1.0237,0.5188,,589025.6597,461017.487
002546.SZ,20260203,9.2152,0.84,10.8457,2.022,9.9167,1.3201,758150.6283,728319.9753
300899.SZ,20260203,0.9613,0.49,96.0525,3.3271,13.7848,1.1677,213036.7764,136726.4604
600497.SH,20260203,4.3093,0.73,39.9665,2.7491,2.1411,1.7701,4566584.7176,4566584.7176
002917.SZ,20260203,2.0679,0.75,33.2302,2.9521,2.9196,0.6898,496045.4591,371702.1502
002641.SZ,20260203,1.5673,0.95,63.2917,1.0212,0.892,1.0932,556779.5236,513699.5778
600127.SH,20260203,4.7212,0.53,316.4905,6.5783,1.1177,,447322.9029,447322.9029
601011.SH,20260203,3.5352,0.46,,1.101,9.8823,,634084.9624,634084.9624
300129.SZ,20260203,10.4435,1.07,63.5619,2.7512,2.8341,0.354,1584551.2871,1027036.8558
600185.SH,20260203,1.4219,0.69,,22.0924,2.3707,,1264838.8884,1264838.8884
600738.SH,20260203,2.1231,1.05,50.8571,2.0188,6.568,0.2678,411882.3627,411520.412
603999.SH,20260203,3.2797,1.14,63.9517,2.1962,5.2671,0.4231,449280.0,449280.0
002777.SZ,20260203,3.025,0.93,83.8408,4.9318,6.0015,0.7511,815237.3829,807809.4475
600211.SH,20260203,0.489,0.48,13.764,3.8027,4.9642,3.8401,1350517.4312,1350517.4312
688345.SH,20260203,1.3655,0.93,,3.3223,1.387,,366768.087,362600.0
002388.SZ,20260203,4.2265,0.9,,2.8894,1.4172,,282926.4704,280447.8162
688788.SH,20260203,1.9198,1.53,,5.4862,39.569,,1063294.7374,1063294.7374
002256.SZ,20260203,3.6764,0.86,,6.6238,17.4831,,749723.2365,733611.1737
002896.SZ,20260203,1.8479,0.71,219.5366,13.3764,15.9933,0.2459,1598711.9205,1598711.9205
000767.SZ,20260203,6.9757,2.28,14.971,1.5599,0.6124,,978467.6256,926094.3666
600123.SH,20260203,1.2141,0.38,412.9304,0.5592,0.9646,2.5,883944.0126,883944.0126
000631.SZ,20260203,1.2464,0.39,102.046,1.657,21.8445,,972483.3081,972483.3081
300602.SZ,20260203,8.6512,0.71,54.7517,5.1216,3.2659,0.1084,2033030.8279,1381541.1323
002097.SZ,20260203,2.0783,0.83,91.9,2.6397,1.7671,0.1735,1239033.7054,1236822.1073
603669.SH,20260203,0.7284,0.63,,4.8737,7.6377,,328888.238,328888.238
300826.SZ,20260203,1.1396,0.75,194.1206,2.0429,4.368,0.1621,301885.003,290320.3403
688598.SH,20260203,2.227,0.62,,1.1791,8.1975,,585771.3334,574490.3884
688266.SH,20260203,0.9042,0.73,,19.9669,30.9079,,2294225.8481,2294225.8481
603195.SH,20260203,0.2637,0.75,19.5724,4.9879,4.7517,3.9735,7804745.4755,7773467.8867
603200.SH,20260203,3.9889,1.11,125.9798,13.2316,29.3513,0.11,1436304.6431,1436304.6431
920237.BJ,20260203,0.9605,0.62,38.3321,4.0764,5.7429,0.9536,209070.576,205042.123
601366.SH,20260203,3.578,1.08,305.2841,1.1425,0.6455,0.3679,462798.1394,462798.1394
600588.SH,20260203,2.1411,0.62,,7.0615,5.8133,,5231423.0332,5231423.0332
002855.SZ,20260203,1.2261,1.04,,12.1687,2.4239,,397967.7864,397656.9797
002865.SZ,20260203,14.1969,0.94,,6.8449,4.6163,,3430774.4251,2478470.7594
002012.SZ,20260203,7.6992,1.39,665.2215,2.0949,5.3687,0.0579,323129.1998,322552.8387
000785.SZ,20260203,1.1706,0.67,42.4338,0.8971,1.4625,,1849433.4978,1751585.2588
001328.SZ,20260203,2.6825,0.61,39.5345,4.8463,4.0805,1.8235,708150.8394,177037.9155
603823.SH,20260203,1.8511,0.84,42.1439,2.9078,3.1409,0.8839,706575.9937,697520.4623
002371.SZ,20260203,1.3274,0.93,54.4871,9.5074,9.3151,0.1653,34266988.3374,34239585.5672
601669.SH,20260203,1.5101,0.5,9.0143,0.6697,0.1488,2.271,9629423.0677,7306982.9502
920212.BJ,20260203,1.9247,1.27,141.8017,3.5286,3.2145,0.4298,148115.6,71939.7371
301310.SZ,20260203,3.223,1.41,46.7736,2.3478,1.5103,1.5209,536385.8403,197359.0605
002225.SZ,20260203,3.6782,0.87,70.9499,1.8421,1.4151,0.6567,759301.6413,638085.8335
002644.SZ,20260203,6.5605,2.73,83.4107,2.7048,5.5014,0.1244,492784.005,492784.005
301296.SZ,20260203,0.9856,0.79,29.165,1.3623,1.482,0.6517,370803.9882,255099.2177
002800.SZ,20260203,2.5102,0.54,,5.1253,1.9775,0.1776,257155.4302,236597.1468
000755.SZ,20260203,0.5502,0.9,16.3242,1.423,4.873,3.7879,774739.7835,774739.7835
002996.SZ,20260203,4.5356,0.47,37.6194,1.706,0.3572,0.6027,548268.7687,332323.8651
688486.SH,20260203,3.6604,1.05,59.8301,6.931,20.0651,0.6783,1046624.5488,583924.0791
600012.SH,20260203,0.4196,0.73,12.6827,1.9631,3.2844,4.2267,2441577.8094,1665642.4
002405.SZ,20260203,5.1138,1.13,,3.1183,7.029,,2565042.0167,2549031.019
600105.SH,20260203,15.7336,1.71,123.7316,12.6911,8.6451,0.3014,4122825.3416,4122825.3416
601999.SH,20260203,1.2047,0.89,30.9093,1.5783,1.8019,0.7905,418144.2573,418144.2573
603969.SH,20260203,1.2726,0.54,24.9137,3.1848,2.579,0.8073,849627.904,836214.1244
002216.SZ,20260203,2.7757,1.43,19.0651,2.2895,1.5929,2.5445,1036557.9926,743247.5009
600547.SH,20260203,5.4264,2.04,46.4718,7.5983,2.2661,0.6611,22501066.0115,17642097.9767
001382.SZ,20260203,3.8693,0.74,70.2336,5.3731,2.8124,1.2048,854900.0,128650.0
002522.SZ,20260203,4.7373,0.93,70.8027,2.3705,3.3309,0.4139,547090.7497,546632.0069
300861.SZ,20260203,5.1308,0.97,555.7746,1.8336,6.112,2.0666,1160268.4399,728560.6633
600561.SH,20260203,2.2823,1.09,,2.202,1.3219,,199418.2368,199418.2368
300368.SZ,20260203,2.827,0.7,,36.7367,50.3756,,684452.8567,684452.8567
000553.SZ,20260203,0.4835,0.99,,0.7487,0.4661,,1381578.3772,1291003.6729
601600.SH,20260203,3.606,0.6,15.8127,3.1618,0.94,1.9636,22541632.3237,17309801.8347
300631.SZ,20260203,2.2705,0.51,44.3075,2.747,5.9354,0.6252,360000.0177,347205.8338
603199.SH,20260203,3.7156,1.22,22.6686,2.9829,5.5953,1.5578,483118.2,483118.2
301522.SZ,20260203,4.6665,1.04,133.0916,7.9799,6.2099,0.2882,1509778.668,1142551.668
688189.SH,20260203,1.7008,0.64,,2.6363,23.9488,,228300.8,228300.8
002429.SZ,20260203,2.3255,0.6,35.6969,2.6765,2.4315,1.1031,4391132.3888,4388603.0275
000869.SZ,20260203,0.4754,0.61,50.6188,1.3193,4.2569,1.9415,1360487.065,942065.8907
001367.SZ,20260203,4.7493,1.11,29.7277,2.5637,7.2126,0.4741,368080.4992,95909.6456
603166.SH,20260203,1.1836,0.5,37.8717,4.2362,5.5503,0.588,1082756.1417,1074480.1467
600156.SH,20260203,1.4387,0.55,,8.3283,3.5029,0.1222,328926.5542,328926.5542
002549.SZ,20260203,3.4508,0.58,244.9926,7.1216,22.8483,,1472746.8543,1466417.4761
002373.SZ,20260203,2.7661,0.78,,1.7419,2.8011,0.1586,1987876.7745,1733013.4105
603860.SH,20260203,1.7926,0.93,49.7587,2.7296,8.6744,0.5113,218176.96,218176.96
002003.SZ,20260203,0.973,0.91,18.696,2.6864,2.6108,3.7887,1234067.4598,1060940.701
603230.SH,20260203,1.6409,0.72,18.8105,1.6427,2.69,3.6952,459226.377,459226.377
301289.SZ,20260203,1.0435,0.83,53.3956,4.7157,13.9819,0.6862,466050.0,463373.7975
000920.SZ,20260203,1.2907,0.85,25.444,3.1437,3.1216,1.5899,615352.6956,615323.4006
300019.SZ,20260203,2.1059,0.51,27.6789,3.1896,2.3198,1.3825,853063.239,732457.2343
002304.SZ,20260203,0.9556,0.54,40.1854,1.7126,4.2761,4.1967,8317083.2536,8316886.982
300771.SZ,20260203,3.57,0.82,48.8246,1.8515,6.427,0.9656,365040.0,275603.8889
688639.SH,20260203,2.0697,0.7,47.6731,3.3281,3.1516,0.6991,892662.9083,892662.9083
920478.BJ,20260203,1.6201,0.62,25.8943,2.9515,5.2984,1.492,150727.1605,90157.2291
002559.SZ,20260203,2.6841,0.66,76.1589,3.2384,2.6623,0.7116,572855.155,525242.2519
600421.SH,20260203,5.2099,1.45,,254.1651,10.4736,,156675.6,156675.6
002897.SZ,20260203,7.4959,1.11,65.662,3.8738,1.6844,0.1824,1063823.379,1000967.1437
300150.SZ,20260203,5.8439,1.62,80.2613,2.1954,3.9631,,345797.6773,271991.9301
603101.SH,20260203,1.245,0.9,51.1662,3.1928,1.8634,0.5136,452995.2,452995.2
002095.SZ,20260203,1.3696,0.63,,5.2675,7.8807,0.2709,466521.12,464653.7341
301237.SZ,20260203,1.5036,0.79,,3.885,8.6251,0.1538,508240.0,418424.4625
600879.SH,20260203,11.9872,1.07,458.1726,4.3128,6.4479,0.1843,8950999.0931,8950999.0931
300461.SZ,20260203,9.243,0.91,,11.6918,34.7471,,621787.4436,568921.1945
603836.SH,20260203,1.1367,0.65,85.5846,1.6399,0.3158,1.043,290407.8604,290407.8604
300316.SZ,20260203,7.348,1.61,159.9291,4.1329,6.3416,0.7251,7211602.6201,6782175.7695
600808.SH,20260203,1.8409,0.94,,1.2644,0.3906,,3041769.0685,2357261.7185
605288.SH,20260203,3.0098,1.23,224.1365,4.4766,7.2603,0.2649,993591.8757,986926.5038
301449.SZ,20260203,6.4512,0.71,42.3923,4.497,5.8819,,511826.0924,109191.2723
688391.SH,20260203,1.436,0.58,57.3864,2.0574,6.9442,1.8066,382402.7792,382402.7792
002051.SZ,20260203,1.1121,0.77,35.0243,0.9246,0.9436,1.4368,1076545.7752,1076483.8138
301369.SZ,20260203,2.204,0.9,434.3956,5.7013,26.6502,0.337,850362.9705,438142.5825
688363.SH,20260203,2.0091,1.67,363.8086,3.3303,5.0458,0.2238,2351071.4992,2351071.4992
600877.SH,20260203,4.8801,0.61,1302.8987,10.35,26.5722,,2557568.5027,2557568.5027
300841.SZ,20260203,1.367,0.61,50.0394,2.5951,7.5111,1.428,910018.1337,832861.7128
002801.SZ,20260203,1.9025,0.73,28.8933,4.3883,5.3945,1.4102,806926.848,406930.6878
920806.BJ,20260203,1.5069,1.47,43.1689,2.7696,2.1002,0.7273,413512.9171,413512.9171
300839.SZ,20260203,2.0267,0.79,,4.5427,1.2221,,342157.747,336039.3061
002731.SZ,20260203,20.8536,1.22,10.4299,1.527,0.6353,0.8072,285613.94,256066.886
300883.SZ,20260203,2.274,0.75,,1.6428,2.6296,,233550.0,223205.3381
002102.SZ,20260203,1.4961,0.7,,2.5174,0.8242,,834286.2282,732265.6939
603131.SH,20260203,4.2209,0.97,,5.1799,8.3989,0.0461,828454.854,828454.854
920570.BJ,20260203,2.4408,0.74,,5.2176,14.6432,0.2547,179056.0911,86874.1854
000975.SZ,20260203,5.3799,2.06,30.45,6.1332,5.3584,1.1456,8846637.1363,8052399.757
002037.SZ,20260203,1.7066,0.74,,2.325,0.6367,,436462.9765,436462.9765
002551.SZ,20260203,1.4484,0.58,,1.2396,2.6794,0.2103,321287.9396,232250.9544
301361.SZ,20260203,11.4216,1.16,44.4947,3.6643,15.5238,0.4446,439633.744,115047.876
000096.SZ,20260203,1.6881,0.46,94.9621,2.0633,3.902,0.6868,576576.0,557846.016
300698.SZ,20260203,2.3216,0.75,129.6252,10.7679,7.5685,,554358.0,490424.5662
688602.SH,20260203,2.704,0.45,,1.597,5.965,,445623.75,222733.5061
600712.SH,20260203,1.6074,0.92,,4.5035,6.1748,,358927.8822,354969.2765
300167.SZ,20260203,1.4568,0.5,136.724,64.2226,3.9009,,184563.276,170115.4005
600773.SH,20260203,1.7381,0.71,265.053,2.7572,7.2458,0.0731,1301770.8313,1301770.8313
920790.BJ,20260203,2.1769,0.82,349.7057,8.6777,14.2556,0.8739,271093.7797,186579.9728
605398.SH,20260203,2.2411,0.69,755.4023,4.9088,9.6623,0.0475,505559.7896,505559.7896
603855.SH,20260203,0.5357,0.58,14.7213,3.0987,1.6934,5.2059,648358.631,644557.9325
002824.SZ,20260203,7.8834,0.89,60.519,3.3455,2.0109,0.6265,757409.2917,460405.6626
603278.SH,20260203,5.5588,1.3,,2.1683,0.864,,435059.706,435059.706
300246.SZ,20260203,8.4502,1.2,,3.0394,3.3256,0.376,347924.3214,277840.4154
300314.SZ,20260203,3.604,1.05,61.8627,3.3796,7.9697,0.6084,411840.0,205550.2706
688569.SH,20260203,0.6363,0.89,26.2409,1.5424,3.6608,1.6675,442189.4033,442189.4033
603325.SH,20260203,3.0374,0.78,14.2183,2.4101,4.1788,1.5332,639231.96,273123.768
600805.SH,20260203,1.4099,0.7,60.8092,1.1008,1.6857,1.4414,472246.4442,471902.8292
688246.SH,20260203,3.4359,0.74,,2.5071,7.7668,,346440.5358,346440.5358
603766.SH,20260203,0.8993,0.76,17.2899,3.2667,1.6237,3.9604,3111115.9028,3111115.9028
603408.SH,20260203,0.5314,0.7,13.4114,1.7382,1.1746,5.3077,581844.9,581844.9
000004.SZ,20260203,0.1982,0.05,,40.8093,20.4343,,150781.1412,143841.7678
601628.SH,20260203,0.0963,0.69,8.022,2.2056,2.1359,1.4241,136546789.855,100598473.43
301042.SZ,20260203,1.8482,0.84,534.3244,5.7108,12.7424,,600319.998,568439.3205
002350.SZ,20260203,5.9217,1.34,81.323,3.2659,2.4273,0.2848,539077.3629,527368.1622
600505.SH,20260203,1.8726,0.68,322.7051,4.1542,3.2709,0.1439,506748.825,506748.825
688172.SH,20260203,2.531,0.74,,3.2345,32.0927,,6041679.7865,3294743.1285
688449.SH,20260203,3.7761,0.82,171.8326,12.8187,18.34,,2441680.0,1556327.5486
300750.SZ,20260203,0.6229,0.66,24.8957,5.051,4.113,1.5903,158779287.151,148090573.5034
920056.BJ,20260203,6.7393,0.69,38.7601,4.3425,3.6894,,226776.1592,85622.6137
300315.SZ,20260203,9.2938,1.11,,3.3389,23.5152,,1651642.7118,1575646.8708
000938.SZ,20260203,1.349,0.63,51.0426,4.92,0.7301,0.3013,7118738.8064,7118738.8064
001231.SZ,20260203,6.5398,0.75,38.2912,2.5021,3.4236,0.605,247351.5,123514.875
600887.SH,20260203,0.9081,0.64,21.0043,3.1583,1.4381,6.391,16825459.3742,16741853.0579
002354.SZ,20260203,9.5453,0.91,,9.6216,6.551,,1235975.6075,1214570.6654
600081.SH,20260203,0.2995,0.55,124.1313,1.4185,0.9813,0.4252,650358.7759,650358.7759
603662.SH,20260203,1.576,0.82,58.1479,6.841,12.9208,0.4157,1883806.7545,1883806.7545
300716.SZ,20260203,6.7343,1.77,,,31.9666,,203225.4,203225.4
601016.SH,20260203,1.3664,0.78,22.108,1.1532,4.3012,3.5456,1990077.6332,1833554.8206
600769.SH,20260203,1.1367,0.69,245.9121,37.8176,57.6543,,454472.3664,454472.3664
688015.SH,20260203,1.1234,0.65,34.0596,1.8117,2.0369,0.923,470192.4091,470192.4091
003041.SZ,20260203,3.2005,0.55,36.5563,6.2444,9.3307,1.2606,913824.0,868281.2964
002174.SZ,20260203,3.4376,1.07,,2.3478,7.9932,,1164015.4288,1163359.7419
002214.SZ,20260203,2.3975,1.9,,7.9181,25.8356,,1119376.4626,894756.8711
000697.SZ,20260203,0.6654,0.45,,,6.7201,,1225765.5274,573428.2515
000026.SZ,20260203,1.0872,0.6,42.4864,1.8588,1.7555,2.5856,627716.9188,563978.9347
603636.SH,20260203,1.7913,0.69,,2.9222,6.7178,,656968.112,656968.112
920571.BJ,20260203,5.648,0.52,,3.9492,5.5136,1.0616,523193.8207,264884.1414
002640.SZ,20260203,6.4379,1.87,,7.4508,1.1477,,635680.8626,631690.898
600021.SH,20260203,1.9957,0.66,22.7138,2.8346,1.4152,1.3168,5989481.7882,5989481.7882
001226.SZ,20260203,3.9276,0.69,184.4219,5.4273,6.0492,0.7551,395509.5099,179709.7299
300910.SZ,20260203,1.5237,0.72,20.7592,4.5149,4.8538,2.1066,1653982.2687,1159639.6396
000978.SZ,20260203,2.4113,0.86,,3.0384,7.858,,336585.47,336577.3813
603683.SH,20260203,2.5258,0.52,118.627,4.724,3.7384,0.3406,760588.1402,752464.2536
000037.SZ,20260203,3.208,0.67,117.0221,3.7885,15.8723,,556952.6387,313151.1306
920175.BJ,20260203,1.7321,0.75,,1.9071,5.4054,,137088.0,91325.7907
601606.SH,20260203,1.8435,0.84,,14.5606,20.9895,,3222092.1516,3222092.1516
600084.SH,20260203,4.2768,2.18,708.2841,6.497,52.785,,840547.6688,840547.6688
300170.SZ,20260203,15.1917,0.99,141.6273,5.0629,8.4358,0.1686,2801924.7854,2678251.4081
002323.SZ,20260203,2.9059,0.75,,10.3718,9.9472,,362666.2293,362585.309
920405.BJ,20260203,1.6838,0.72,71.7243,4.8655,6.6191,0.4923,390904.62,306793.6735
600409.SH,20260203,2.9329,0.65,69.3424,1.127,0.8057,0.9618,1566841.231,1566841.231
688260.SH,20260203,2.4601,0.57,,28.9116,6.5222,,356400.0,356400.0
300761.SZ,20260203,0.9891,0.48,25.1719,1.8068,0.8791,3.0537,1629326.7214,1222119.389
300385.SZ,20260203,8.6268,0.95,,45.8439,8.0763,,377787.4869,329611.4258
601609.SH,20260203,2.9438,0.53,26.3177,2.019,0.1617,0.7965,2006948.9421,2006948.9421
002177.SZ,20260203,9.7605,1.58,593.0065,3.4925,99.1131,0.0895,595251.5919,527786.6291
605268.SH,20260203,0.861,0.93,27.4258,2.8967,1.4459,1.8365,486023.4225,476651.2163
002486.SZ,20260203,3.6478,0.94,47.2426,2.3578,2.1058,,255527.761,254344.7313
002181.SZ,20260203,11.0567,1.06,77.987,3.375,23.7338,0.5493,1437390.0194,1404556.9348
000927.SZ,20260203,1.4128,0.56,36.0977,1.7801,0.4992,0.9541,1712250.0804,1712249.2144
603657.SH,20260203,0.8377,0.58,264.9284,4.0548,1.5269,0.1231,382317.4614,382317.4614
603612.SH,20260203,8.5954,1.28,20.5401,2.5975,0.8784,0.7138,1457453.647,1457453.647
603779.SH,20260203,2.5523,0.8,,4.1645,5.8091,0.1312,227808.7692,227808.7692
300576.SZ,20260203,3.1787,0.57,128.8389,8.832,14.2945,0.1835,1494779.6938,949228.7647
600697.SH,20260203,4.5043,0.84,,0.9471,0.3149,0.7321,217314.3105,212243.6365
300179.SZ,20260203,12.4165,0.64,117.5205,8.2001,18.3276,0.9883,977762.2711,752825.5204
301207.SZ,20260203,2.0998,0.38,186.4559,2.4706,13.4555,3.623,1313846.115,1313016.8559
002629.SZ,20260203,4.1308,0.53,721.4954,72.1048,10.0802,,258215.388,256516.3155
688557.SH,20260203,1.3672,0.86,29.027,3.366,2.7439,0.8167,412977.5121,412977.5121
002545.SZ,20260203,2.4499,0.91,35.8441,3.5147,7.4128,1.1244,3319157.6374,3015276.7729
688629.SH,20260203,8.2369,1.18,171.6151,25.8868,21.7727,,4358687.2171,1718758.7094
002992.SZ,20260203,1.7483,0.88,,13.3959,6.8126,,982116.6881,858154.4959
000422.SZ,20260203,4.0808,0.61,24.0402,2.8763,0.7504,1.2761,1696579.2743,1649115.1639
300466.SZ,20260203,2.268,0.46,,7.5557,10.2558,,544633.9164,456502.9888
600173.SH,20260203,2.3963,0.33,664.3841,1.4781,1.5451,,566009.0452,565936.3252
688484.SH,20260203,2.4658,0.57,80.1709,4.406,5.9509,0.4674,1814147.1671,1252135.3364
300892.SZ,20260203,3.732,0.62,128.6722,3.0463,3.8678,0.3094,320000.0,206600.0
603321.SH,20260203,3.0469,1.08,57.9127,1.8802,3.6862,2.2484,270738.2279,267382.0279
600303.SH,20260203,4.2203,1.19,,1.9649,1.2963,,220804.1602,218220.1602
301525.SZ,20260203,3.6716,0.56,52.8946,2.4904,6.3314,0.5226,812024.3225,425344.3062
000410.SZ,20260203,0.9948,0.38,149.9224,3.3355,6.4659,,1970910.3187,1250601.4623
300234.SZ,20260203,3.3475,0.86,615.3594,2.5722,8.9049,0.2373,296870.9431,202952.356
603400.SH,20260203,3.3547,0.67,35.4432,4.7563,4.0498,1.5649,575100.0,115020.0
300599.SZ,20260203,4.9702,0.99,,1.9762,4.0539,,391795.9343,232300.9905
000554.SZ,20260203,14.908,0.6,23.4042,3.3017,1.1778,1.8839,372614.8215,281056.2277
002038.SZ,20260203,9.4054,3.03,78.6137,1.1567,11.3813,0.312,658531.35,546076.5336
000158.SZ,20260203,1.51,0.75,,6.1803,3.5698,,3224409.9263,3202859.3402
002122.SZ,20260203,0.9301,0.5,,2.8242,5.8615,,616462.1771,612371.4791
300223.SZ,20260203,6.5617,0.68,203.2284,5.2042,14.508,0.0746,6453017.0887,5624288.0929
301183.SZ,20260203,19.9031,1.37,151.098,15.4728,17.6304,0.0692,1445618.3466,1059771.1443
600177.SH,20260203,0.4542,0.92,12.7982,0.7853,2.6529,6.3645,3333501.6113,3333501.6113
002160.SZ,20260203,14.5961,1.35,119.027,1.6091,0.7133,,599013.0769,597823.1036
600751.SH,20260203,3.6122,1.82,104.4715,1.5122,8.6344,,1145238.4243,1016409.6755
920270.BJ,20260203,2.672,0.76,40.3855,4.8694,8.5975,2.633,198665.784,154062.674
002622.SZ,20260203,3.5534,1.43,,6.8701,3.3224,,250320.0,250312.6245
002916.SZ,20260203,1.5024,0.85,58.2946,8.8732,7.3242,0.486,15828949.3346,15448841.9991
600576.SH,20260203,2.7925,0.94,36.5745,2.3716,6.4976,,704438.3579,441140.5754
600775.SH,20260203,5.6226,0.94,,4.3397,5.519,,1312272.1276,964760.1276
300092.SZ,20260203,2.1217,0.57,52.2487,2.6177,4.1693,1.5335,425128.9166,325712.4293
600710.SH,20260203,3.1604,2.07,11.6866,1.8617,0.1344,3.0446,1583780.314,1583780.314
688519.SH,20260203,1.5795,0.6,124.1652,6.7864,4.1234,0.1195,1888732.7111,1888732.7111
300818.SZ,20260203,5.1588,0.61,141.7276,4.5864,9.0801,0.1422,830698.7569,538872.4319
600798.SH,20260203,2.1596,0.47,,1.1283,1.5989,0.5479,440384.9834,440384.9834
300464.SZ,20260203,4.1355,0.65,,22.4192,2.1681,,311317.3708,241633.019
601528.SH,20260203,1.2295,1.02,5.2428,0.5448,2.3798,3.7313,1051718.5077,929668.7044
601588.SH,20260203,1.6695,1.19,,0.8098,0.8978,,609430.62,481460.0
301201.SZ,20260203,2.0373,0.64,,2.8014,15.9318,0.5078,596576.5053,418546.8362
603967.SH,20260203,0.6701,0.61,17.0513,1.8866,0.4749,4.7133,441306.7218,441306.7218
000159.SZ,20260203,4.3561,0.54,98.5775,1.6155,2.277,,329269.9052,329260.9146
001396.SZ,20260203,10.1189,0.63,34.877,3.3512,6.1457,,462673.6564,96112.5192
688030.SH,20260203,1.839,0.88,,3.9193,3.2316,,326407.0483,326407.0483
002418.SZ,20260203,3.3099,0.79,,3.6923,1.8797,,531835.2,531833.9542
603660.SH,20260203,2.1694,0.47,,5.9005,4.3393,,578089.1902,573778.6668
301189.SZ,20260203,4.6698,1.68,,2.4423,6.231,,513308.4107,492852.2199
600778.SH,20260203,5.0447,0.83,368.3699,9.8059,1.531,,225519.7388,225319.5746
688665.SH,20260203,0.7424,0.58,32.7945,4.605,4.9271,0.6743,519559.1129,519559.1129
300881.SZ,20260203,3.6864,0.79,24.1383,4.0739,1.4683,2.4537,445500.0,232495.3125
002120.SZ,20260203,0.5767,0.53,16.0204,0.9728,0.3919,2.9208,1980154.3315,1922733.5564
688680.SH,20260203,8.7113,1.74,,4.5873,4.035,,568337.5987,568337.5987
600817.SH,20260203,0.9875,0.58,21.8959,2.6116,1.6851,3.2611,620766.2587,616040.4187
920810.BJ,20260203,1.459,0.98,,5.4509,13.0725,,126492.1,82315.5519
002542.SZ,20260203,1.1828,0.69,,11.7495,5.9516,,614079.6909,597982.2366
300608.SZ,20260203,2.4232,0.65,,2.9863,5.0525,,398812.5675,346242.2505
300889.SZ,20260203,3.3004,0.47,,3.4777,4.6665,,508944.7819,338254.0885
603108.SH,20260203,5.8103,1.13,,2.4363,1.3584,0.1801,1005733.8072,1005733.8072
002850.SZ,20260203,5.9616,1.29,27.1608,3.5282,3.1723,1.2281,4454080.9416,3211995.9186
002998.SZ,20260203,2.8758,0.48,79.4316,1.8038,1.1126,5.7,296813.8603,225729.1262
603227.SH,20260203,1.3952,0.74,20.0045,1.8102,1.6084,2.3283,920584.0199,920584.0199
603368.SH,20260203,0.8477,0.48,9.1371,0.9344,0.3423,4.1602,716966.4958,716966.4958
002292.SZ,20260203,8.3558,1.23,,4.8178,5.4891,,1422509.1085,979189.7587
000736.SZ,20260203,2.5181,2.6,,3.084,0.1837,,384755.6765,384755.6765
002480.SZ,20260203,1.6936,0.69,,5.0646,2.6213,,488422.1055,487500.8957
603088.SH,20260203,3.5675,1.39,46.6145,5.1862,7.2338,2.2368,567698.4016,494795.1792
002995.SZ,20260203,45.3726,1.28,,7.3889,5.7294,,656404.1215,415831.2524
300776.SZ,20260203,10.4382,1.36,39.7423,6.7714,10.8029,0.4176,2544666.4368,1560619.3437
600293.SH,20260203,3.138,0.4,,2.4307,2.9324,,409531.2012,409531.2012
301049.SZ,20260203,3.5211,0.49,,3.8159,10.6052,,227998.8149,103596.9624
300228.SZ,20260203,6.9726,0.72,23.7278,2.6323,2.0222,0.7429,630881.3797,593002.3957
002791.SZ,20260203,3.6442,0.5,112.1922,1.4866,1.3723,0.8455,826675.3904,446821.3994
688388.SH,20260203,3.1285,0.92,,2.7554,2.1511,,1876370.7067,1876370.7067
300554.SZ,20260203,4.0016,0.42,,4.4467,12.1069,,284272.6152,196976.2766
605133.SH,20260203,1.5523,0.61,48.0571,2.3633,3.3061,0.3666,890157.2905,888107.8166
300091.SZ,20260203,1.1721,0.71,,10.9915,5.0462,,455684.2495,451666.1825
601033.SH,20260203,2.5781,1.2,15.0121,1.2869,3.2651,3.919,1377900.0,367440.0
301038.SZ,20260203,0.879,0.72,71.1514,5.7761,6.4985,0.3058,516207.12,516207.12
301239.SZ,20260203,0.7567,0.66,,2.4337,1.8852,,516933.8108,516933.8108
300606.SZ,20260203,12.391,0.7,,6.6326,7.8652,0.3708,447693.5649,380794.6367
301031.SZ,20260203,4.8978,0.87,45.4599,9.9871,7.4372,0.3543,1404929.9167,979597.8271
300907.SZ,20260203,1.2271,0.65,43.0883,3.5959,2.6218,,287328.0,287328.0
000868.SZ,20260203,1.7368,1.16,885.4542,5.2973,1.2933,,450967.0728,351997.6406
300702.SZ,20260203,2.6169,1.18,42.6456,2.1981,2.739,0.2128,817746.3237,496236.5351
001319.SZ,20260203,5.2873,0.69,31.9225,3.2098,3.7404,1.2812,430421.6,249608.2283
000715.SZ,20260203,2.3082,0.74,30.4117,1.7578,4.5501,1.2038,345337.7235,344416.7832
603535.SH,20260203,0.7823,0.94,26.9674,1.9191,3.8497,0.6149,505298.1344,505298.1344
300001.SZ,20260203,1.8392,0.76,25.1357,3.6214,1.9736,0.5409,2904839.7862,2838842.4037
000887.SZ,20260203,1.8004,0.79,18.1974,1.9432,1.4499,0.9602,2742248.143,2737833.9765
605577.SH,20260203,0.8113,1.01,22.9372,1.5687,4.0348,1.0691,623555.5563,623555.5563
603106.SH,20260203,1.3901,0.73,58.7564,4.2104,12.3549,0.2836,550710.16,550710.16
688568.SH,20260203,2.9534,0.92,162.4697,14.8102,16.5582,0.1233,5726855.2493,5726855.2493
601101.SH,20260203,1.1848,0.7,23.0042,0.8975,1.2607,6.0823,1084318.4383,1084318.4383
300024.SZ,20260203,1.6153,0.55,,6.3379,6.9345,,2722613.0931,2677932.8861
920061.BJ,20260203,3.945,0.4,394.026,7.9046,21.2654,0.4579,219519.79,114006.4044
300772.SZ,20260203,1.9323,0.77,32.3526,2.2014,0.5435,0.3247,1454094.5588,1289574.8694
600392.SH,20260203,7.6683,0.86,50.8399,3.4689,3.3752,0.5734,4585394.3071,4585394.3071
600475.SH,20260203,2.1273,0.69,35.2026,2.3225,2.3377,2.1316,1997012.4079,1969688.2879
688543.SH,20260203,7.6708,1.2,71.2766,5.9724,11.2817,1.1419,1371674.4399,761638.5999
000898.SZ,20260203,0.8996,0.87,,0.506,0.2339,,2314197.6507,1965464.5047
600546.SH,20260203,1.2729,0.55,17.06,1.2844,0.9174,6.5033,2103385.9645,2103385.9645
301231.SZ,20260203,10.8198,0.72,,3.9144,10.2632,,329160.0,210207.075
301551.SZ,20260203,6.7382,0.63,50.7414,6.1011,24.3566,1.8377,1469236.73,567675.8136
600961.SH,20260203,9.4982,1.78,20.4902,5.9434,1.0168,,2177931.5871,1526179.1679
603596.SH,20260203,1.9032,0.68,23.2135,4.1953,2.62,0.6895,3069558.2796,3069558.2796
301137.SZ,20260203,5.7862,1.37,194.5212,7.0403,5.5269,0.1695,965247.3406,965247.3406
605122.SH,20260203,1.5356,0.67,,1.176,2.0266,,235952.626,235952.626
301012.SZ,20260203,4.2316,0.97,108.7015,4.793,3.9604,0.3574,558972.9398,558972.9398
600828.SH,20260203,8.7579,2.62,,1.695,4.9366,,1191603.9916,1191175.8045
600165.SH,20260203,1.1934,1.07,,,12.8438,,626962.9047,284370.4946
000682.SZ,20260203,2.5159,1.26,24.4175,3.3632,2.2902,0.5942,1850203.2697,1849968.5758
920110.BJ,20260203,1.1513,0.92,31.4266,4.1357,7.5055,2.6413,147654.0,61480.854
688565.SH,20260203,1.5932,0.74,60.5247,3.9925,4.6836,,196445.76,196445.76
002721.SZ,20260203,2.9409,0.41,,4.5229,14.1923,,928123.1366,928123.1366
603583.SH,20260203,1.2609,0.8,38.9475,3.0385,3.4876,0.8008,1436611.0364,1423487.6604
600108.SH,20260203,2.5736,0.44,73.0333,1.6065,1.6025,0.1545,693101.7831,693101.7831
600583.SH,20260203,1.4825,0.5,14.1713,1.0616,1.0537,3.1019,2865037.9104,2865037.9104
603308.SH,20260203,2.2784,0.79,102.0999,7.3536,13.2488,0.1317,3609078.6839,3609078.6839
688135.SH,20260203,8.9427,0.85,,6.6706,12.7662,,729379.8403,729379.8403
300626.SZ,20260203,4.8841,0.75,,6.8109,4.481,,360360.0,360162.8531
688583.SH,20260203,23.8434,2.26,115.4433,12.0802,37.3664,0.3672,1379570.4,480718.5159
600523.SH,20260203,1.2151,0.8,33.5351,1.9127,2.3676,0.8913,598785.0649,598390.0822
603895.SH,20260203,1.7294,0.34,,19.5734,8.489,,379252.72,379252.72
002602.SZ,20260203,6.8022,2.51,39.8717,5.1853,4.3776,,15021450.5722,13851946.9318
002631.SZ,20260203,1.7447,0.82,,2.0851,3.7156,,456045.8079,453923.3853
301091.SZ,20260203,0.9656,0.88,149.252,5.6482,11.0768,0.1547,1337182.08,1337182.08
600058.SH,20260203,2.5519,0.46,141.7038,2.9313,0.258,,1464230.0312,1464230.0312
002015.SZ,20260203,1.946,1.14,27.0706,1.4157,1.716,0.9054,1746697.2847,1746697.2847
600289.SH,20260203,0.3767,0.54,,3.7545,13.1006,,419649.6259,376338.5849
300395.SZ,20260203,5.0209,1.01,119.935,10.8924,27.3892,0.1365,4956842.4844,4855875.8597
601607.SH,20260203,0.3182,0.52,11.2786,0.8452,0.2268,2.3879,6367257.2261,4789069.2861
002458.SZ,20260203,1.6839,0.62,45.1847,2.5262,3.5187,2.5557,1062156.3984,718913.9616
600882.SH,20260203,1.0637,0.83,56.9619,2.5204,2.2375,,1164962.5297,1164962.5297
001283.SZ,20260203,1.787,0.51,35.9771,1.9678,1.1888,0.5256,679512.9125,542170.7329
000718.SZ,20260203,1.8588,0.87,,0.7772,4.6553,2.9536,719208.823,540856.0699
002141.SZ,20260203,1.9904,0.49,,4.9175,3.0849,,409042.576,403512.4665
920174.BJ,20260203,1.9586,1.06,54.2152,4.9608,5.352,,416920.3818,402987.5157
600500.SH,20260203,1.2451,0.63,,1.4035,0.3242,,1593304.4753,1593207.9985
300542.SZ,20260203,1.2423,0.65,,10.1152,4.1175,,547558.8548,454215.0497
000423.SZ,20260203,2.366,1.32,20.2917,3.4245,5.3581,4.7996,3406637.399,3401565.6697
300015.SZ,20260203,0.7774,0.62,31.9824,4.7465,4.6448,2.1669,10295237.9237,8782715.147
300699.SZ,20260203,3.4937,0.89,56.7436,6.0039,11.9386,1.2087,3412699.96,3372023.7161
600460.SH,20260203,3.5198,0.54,95.5203,4.3199,4.0395,0.129,5158622.7195,5158622.7195
002389.SZ,20260203,2.4178,0.94,261.5691,2.8833,8.2291,0.2565,2303718.5731,2303349.0228
688625.SH,20260203,2.0391,0.79,43.777,8.3742,12.5932,0.6179,1226346.0329,1226346.0329
000650.SZ,20260203,1.4573,0.72,18.6085,1.3048,2.2055,2.5338,828763.4345,788180.4137
605058.SH,20260203,1.0728,0.77,29.7099,2.5212,3.242,1.9506,439634.0702,439634.0702
300809.SZ,20260203,2.9751,0.8,209.6611,6.0337,19.5196,0.3072,990324.1152,588124.4826
002279.SZ,20260203,11.0613,0.52,206.5111,6.4219,3.0954,,899281.7665,823685.625
002957.SZ,20260203,6.5325,2.27,46.7903,3.235,4.2264,0.6853,1036096.7436,1032880.7526
301067.SZ,20260203,5.9142,0.79,2505.5104,4.0238,4.1711,0.1444,333713.952,219060.7848
000917.SZ,20260203,4.1702,0.78,93.5098,1.4982,3.5918,0.1815,1562147.0845,1562040.218
600604.SH,20260203,0.5571,0.69,,1.636,3.8443,0.1842,1017204.5086,764247.9586
688267.SH,20260203,2.2869,0.78,25.1488,1.8442,6.3309,2.1834,515385.0,515385.0
301150.SZ,20260203,3.7445,1.11,421.8407,2.722,1.7708,,969085.0554,924841.855
600685.SH,20260203,2.175,1.02,53.5716,2.5358,2.1528,0.4683,4527460.9287,2631056.8847
600099.SH,20260203,2.5513,1.47,118.0087,4.5682,2.243,0.2688,244537.92,244537.92
920819.BJ,20260203,0.708,0.44,,0.9615,0.8694,,486642.6,479380.4775
688466.SH,20260203,1.3525,0.98,34.7859,1.8839,3.4733,2.3322,214746.9992,214746.9992
603815.SH,20260203,2.6151,0.64,25.4528,1.7564,0.977,0.9375,424582.0252,424582.0252
300443.SZ,20260203,2.912,0.58,26.5636,1.3936,3.1494,0.6221,873327.1833,662287.5948
603938.SH,20260203,2.5632,0.67,128.2133,3.9934,5.0262,0.0653,992145.3207,992145.3207
600062.SH,20260203,0.7524,0.75,12.2138,1.721,1.7631,2.5351,1930011.4517,1919272.9215
601111.SH,20260203,0.976,1.26,543.2012,3.1734,0.8736,,14709018.903,9810926.2866
601216.SH,20260203,1.3547,0.54,14.1544,1.651,1.8655,2.6596,4759041.808,4759041.808
002175.SZ,20260203,0.8806,0.4,,5.4137,14.429,,437935.7894,437935.7894
688576.SH,20260203,3.3607,0.68,47.6583,2.1125,10.0877,1.2449,362999.4787,173858.4827
301040.SZ,20260203,4.4052,0.62,,4.467,4.7159,,326403.3652,307574.5732
605186.SH,20260203,1.9408,0.69,337.6651,2.789,7.6534,,301240.0,301240.0
688603.SH,20260203,3.7261,0.6,126.8261,8.4338,22.2667,0.2539,983203.4227,373824.528
688321.SH,20260203,2.3348,0.81,1744.5014,8.2909,14.9275,,1270320.5463,1270320.5463
605368.SH,20260203,0.7773,0.6,18.6654,1.8216,1.3887,10.3658,586001.4503,586001.4503
688359.SH,20260203,2.5874,0.72,,11.7723,13.6509,,727643.0878,727643.0878
603058.SH,20260203,3.0859,1.03,35.5571,3.8722,4.775,1.0397,464422.299,463245.5822
002922.SZ,20260203,6.9956,1.72,71.3487,4.9632,3.5672,0.8556,1856182.0599,1639511.8221
603786.SH,20260203,1.0619,0.96,34.8605,5.1968,4.2296,0.9274,2830631.6103,2830631.6103
301585.SZ,20260203,3.8711,0.86,52.7417,3.601,7.6114,0.9207,347568.0,227620.0441
920271.BJ,20260203,0.6908,0.6,20.7838,3.4971,5.5616,1.1046,215334.658,95287.6494
003003.SZ,20260203,5.3682,1.01,39.0107,1.9039,2.3806,1.4183,245994.24,163972.4844
300424.SZ,20260203,5.0695,0.91,,6.0429,2.639,,459452.5379,459180.5625
002533.SZ,20260203,4.8406,1.23,17.2358,2.424,0.5302,1.7414,1044398.1312,907369.4512
000761.SZ,20260203,0.487,0.71,,1.6671,0.3132,,1450207.3973,1309007.3973
300712.SZ,20260203,2.1076,0.82,137.3295,4.2421,2.9345,0.1684,546509.146,544160.3891
688692.SH,20260203,1.5488,0.76,58.006,8.7437,24.0948,0.3531,3000293.8,1937755.5418
000935.SZ,20260203,1.2864,1.4,59.6497,2.7515,17.1385,,2137632.9324,2137632.9324
002150.SZ,20260203,6.439,0.69,37.0022,4.5544,2.5903,0.3983,911915.4652,906043.1594
301191.SZ,20260203,6.8856,1.5,129.9221,4.6759,4.6939,0.8862,777323.82,585143.8734
688439.SH,20260203,1.2492,0.54,74.0471,2.4542,12.5942,0.2665,1223200.0,1223200.0
000915.SZ,20260203,1.0881,0.65,13.1598,2.6871,3.114,7.9745,734629.2055,734153.4692
600243.SH,20260203,0.108,0.11,,2.6529,6.7868,,168079.55,168079.55
300759.SZ,20260203,0.94,0.63,35.9691,3.4112,4.0166,0.6752,5440196.8225,4204714.6158
601059.SH,20260203,0.5896,0.73,31.33,2.8414,14.5023,0.4178,5743353.0,5743353.0
600054.SH,20260203,3.7407,0.82,34.1026,2.0421,4.7071,1.825,967157.1374,680635.8
603579.SH,20260203,1.3603,0.56,30.599,1.7845,3.1022,1.2497,490366.7158,490366.7158
002528.SZ,20260203,4.0215,1.9,,29.025,4.9656,,293675.3951,257303.7964
002271.SZ,20260203,2.7822,0.74,,1.9576,1.5126,10.8376,4077510.6713,3268873.6305
603688.SH,20260203,3.763,1.41,141.6303,3.8055,22.8356,0.4639,2206797.3494,2206797.3494
688582.SH,20260203,2.0024,0.75,81.5556,10.7349,49.2999,0.5782,2632997.773,1639935.693
300489.SZ,20260203,1.55,0.63,209.0064,9.4254,3.0735,,597087.0854,594879.9687
600000.SH,20260203,0.2332,0.61,6.6722,0.4528,1.9184,3.7186,33372449.9766,33372449.9766
301156.SZ,20260203,2.6294,0.73,46.2835,3.827,5.0486,2.1694,272559.1308,172739.6136
601901.SH,20260203,0.9737,0.54,15.7868,1.2787,5.6123,1.5523,6379878.5811,6379878.5811
002026.SZ,20260203,2.1162,0.39,20.7215,1.8226,3.3474,0.8366,684586.6332,684527.5424
688249.SH,20260203,2.2102,0.59,84.9151,3.1891,6.439,0.2847,6827819.3615,4041130.2206
002412.SZ,20260203,1.0927,0.6,19.775,1.5046,3.2357,,340163.2,336543.22
601777.SH,20260203,0.4474,0.39,883.8941,4.5107,5.1441,,4715507.3741,4715507.3741
920699.BJ,20260203,1.3825,0.64,28.7215,6.912,5.5658,1.2992,228263.3759,104439.1259
301360.SZ,20260203,9.6001,1.24,141.7706,3.8872,12.7919,0.4155,449336.16,214475.04
000333.SZ,20260203,0.5038,0.7,13.2398,2.7217,1.3122,5.1519,59210563.8983,53357727.8597
605228.SH,20260203,1.8941,1.0,91.8324,3.6753,3.4485,0.1924,594418.7191,590495.8441
300511.SZ,20260203,3.2682,0.71,,2.544,2.0756,,383226.5156,334912.3022
301148.SZ,20260203,2.875,0.57,106.6851,3.4282,11.5542,0.7431,608114.7576,307317.4776
000610.SZ,20260203,2.2235,0.49,,15.4004,4.5714,,240772.6153,239507.867
300497.SZ,20260203,3.7751,0.64,,3.8307,8.4823,,823055.5712,673607.6257
002570.SZ,20260203,1.7479,0.79,48.0903,3.8427,2.4307,,660986.5198,660957.1438
600793.SH,20260203,1.3661,0.59,221.2827,15.1645,1.2522,,360884.1641,360884.1641
920580.BJ,20260203,2.865,0.79,100.1318,3.8997,10.0853,0.4602,130806.0,76712.4503
002229.SZ,20260203,6.168,0.91,,6.1748,7.6558,,784974.934,780185.9242
000619.SZ,20260203,2.6793,0.8,,1.1245,0.592,,286759.7402,234000.0
002790.SZ,20260203,1.3784,0.55,30.5089,1.6827,1.7634,2.3557,354773.5827,221332.1775
300097.SZ,20260203,2.2594,0.75,,5.8482,14.016,,222183.2451,207907.66
601918.SH,20260203,2.0192,0.65,8.7591,1.0711,1.4649,2.2923,1808198.1764,1808198.1764
002985.SZ,20260203,13.0962,0.88,232.8985,5.3802,19.9648,0.0542,1407722.9712,745195.5039
002538.SZ,20260203,2.0866,0.5,27.0047,1.1181,1.3502,1.707,600049.7014,600046.0374
603053.SH,20260203,0.5384,1.03,18.3561,1.8462,1.6984,2.994,890667.78,890667.78
603679.SH,20260203,2.8805,0.62,,3.3447,5.8052,,262902.3271,262902.3271
600619.SH,20260203,2.3365,0.82,302.7677,3.2864,1.0031,0.0693,2012520.7613,1479702.7463
300679.SZ,20260203,2.3396,0.71,33.2017,3.5407,3.3185,1.1218,1781270.26,1505896.071
603757.SH,20260203,2.3994,0.83,37.8225,3.7899,3.7074,1.6548,762791.7421,762791.7421
603516.SH,20260203,4.3371,0.95,6949.9715,25.2164,96.967,0.144,3510443.1783,3510443.1783
600771.SH,20260203,1.3284,0.55,106.1311,5.3026,6.2957,,874231.1778,874231.1778
002363.SZ,20260203,2.7376,0.69,74.5259,1.8069,1.7717,0.6508,385211.2581,384160.5463
688535.SH,20260203,7.0058,0.71,483.2576,5.7167,32.8003,0.1319,1217653.6443,665241.2597
600640.SH,20260203,2.2849,0.74,535.4545,2.8927,5.6963,0.0622,1150576.3292,1150576.3292
002695.SZ,20260203,1.6415,1.41,101.2357,2.2654,3.8169,0.9681,635689.4699,581012.9754
301315.SZ,20260203,4.8796,0.66,122.5692,5.2091,22.4915,0.6643,529848.0,222777.0
000628.SZ,20260203,2.9452,0.66,492.4338,8.1296,2.9738,0.1087,1782184.52,972535.0015
003029.SZ,20260203,2.404,1.03,,4.3821,13.2342,,473014.2146,423217.9446
300571.SZ,20260203,4.4056,0.94,,2.8164,4.2847,,409236.4863,339163.8343
000338.SZ,20260203,2.558,0.93,17.8308,2.3291,0.9444,2.8876,21182716.1306,12172298.8672
688512.SH,20260203,2.4656,0.65,,3.2206,7.8767,,557878.0399,387861.5037
002735.SZ,20260203,6.4755,0.92,,3.9471,3.0449,0.0727,683027.7168,501468.7559
603096.SH,20260203,1.5955,1.11,43.8608,1.5916,4.5081,4.1688,295976.2435,295976.2435
688596.SH,20260203,2.9398,0.92,36.9372,2.7401,1.8778,0.828,987692.2775,987692.2775
301491.SZ,20260203,2.898,0.74,33.4079,3.4891,4.6636,,729624.0,153088.2315
300547.SZ,20260203,3.7856,0.91,40.0725,6.0271,5.2175,0.7776,770233.8239,627223.8931
603391.SH,20260203,8.748,0.76,31.7454,3.1091,6.5611,1.7485,650559.0,162639.75
003043.SZ,20260203,3.0215,1.18,108.467,3.9992,7.1086,0.413,690299.0704,432375.0032
300062.SZ,20260203,9.7788,0.94,,3.5122,5.1103,,564423.8835,410769.632
600761.SH,20260203,3.9189,0.87,14.8297,1.8583,1.0537,3.139,1986244.857,1986244.857
300070.SZ,20260203,0.9539,0.78,667.1019,0.537,1.7874,0.0993,1460556.3733,1358850.7934
300981.SZ,20260203,0.4277,0.43,,1.0177,2.2013,1.778,546373.9578,500726.4358
300407.SZ,20260203,4.408,1.12,44.2005,2.2149,1.6412,0.7403,425973.8962,343311.7059
301307.SZ,20260203,7.1301,1.23,,2.575,1.8916,,735836.4,380816.7902
601727.SH,20260203,0.8572,0.75,128.1882,2.5152,1.121,,13582066.3099,11026069.0419
600897.SH,20260203,3.0392,1.19,17.1104,1.6112,3.8309,1.7553,760070.682,760070.682
002131.SZ,20260203,24.3247,1.14,140.9299,5.2209,3.4858,0.3274,6893670.7197,5955018.8712
002008.SZ,20260203,4.6279,1.09,45.8921,3.0591,2.9912,0.6942,5191260.3831,4823802.5139
002717.SZ,20260203,2.6109,0.73,,3.393,9.4166,,291237.3693,258432.0112
601211.SH,20260203,0.8919,0.85,13.4413,1.1034,5.702,2.1872,34376405.3666,26313286.9253
300258.SZ,20260203,2.0134,0.68,57.1697,1.6424,3.7789,0.5309,774602.5497,754535.6019
001255.SZ,20260203,8.6786,1.51,448.2241,4.1125,8.544,0.0872,360324.3669,296161.408
300978.SZ,20260203,2.2954,0.68,35.8974,3.2185,2.5027,3.2336,522883.2881,236538.3743
688786.SH,20260203,2.3516,0.79,59.7806,6.0361,10.5371,0.6648,450669.2094,450669.2094
600711.SH,20260203,5.6431,0.88,23.9834,2.8758,1.6154,0.9573,4812082.1849,4812082.1849
002165.SZ,20260203,26.4137,0.7,202.0149,4.9273,3.5972,0.292,1007319.6767,996852.4095
300842.SZ,20260203,17.658,1.47,186.5259,9.677,1.0872,0.2344,1801032.974,1607177.3287
002263.SZ,20260203,2.3817,0.93,129.3453,2.3759,5.1076,,657426.035,657420.785
603885.SH,20260203,0.7306,1.1,44.0222,3.2819,1.4607,0.6702,3225775.7808,3225775.7808
603511.SH,20260203,0.652,0.26,50.7862,1.4375,2.0082,2.5983,625874.398,622523.4463
300676.SZ,20260203,1.4753,0.59,,2.2769,5.6645,,2104134.8873,2092714.0208
000607.SZ,20260203,17.024,1.9,,3.4795,4.5727,,539380.1573,469067.7253
002870.SZ,20260203,3.4,0.95,44.3889,3.1614,0.8964,0.2468,535170.4771,522552.3222
600501.SH,20260203,3.8017,1.14,,6.7998,5.1171,,1171810.4838,1171810.4838
300579.SZ,20260203,1.1243,0.57,,10.6294,8.7071,0.0975,831060.0,807293.5062
920121.BJ,20260203,3.9447,0.69,25.3985,3.7077,4.8268,,281846.8687,50732.4409
688584.SH,20260203,1.1158,0.62,106.1441,3.7772,12.2644,0.8547,1557172.546,795104.8396
300080.SZ,20260203,2.0697,1.03,,1.9448,2.4929,,938563.5984,937301.135
002990.SZ,20260203,1.7656,0.71,57.7429,2.9773,5.7682,0.7533,728472.6479,373053.3694
688593.SH,20260203,4.9186,1.04,920.6873,7.8327,20.2086,,1214076.7065,852525.1122
300326.SZ,20260203,1.3851,1.07,,1.5644,4.2646,,435943.7107,432924.8435
002656.SZ,20260203,0.8293,0.48,,4.5104,3.5804,,191667.838,182002.657
002589.SZ,20260203,2.6551,0.45,,0.9452,0.691,0.1174,505582.7183,458838.7601
002945.SZ,20260203,1.0882,0.72,97.9152,6.6804,29.7117,0.2246,4808700.0,4808700.0
600328.SH,20260203,1.6602,0.57,4890.853,1.0755,1.068,1.3972,1291818.6986,1291818.6986
600970.SH,20260203,1.2007,0.69,9.4916,1.2838,0.6002,4.1762,2844674.1835,2443264.6703
002892.SZ,20260203,1.5494,0.58,272.1457,7.249,5.1924,0.3289,943758.2745,612658.3085
000400.SZ,20260203,5.4049,1.21,28.6822,2.778,1.9007,1.2264,3222920.7958,3201022.7835
603359.SH,20260203,2.2223,0.82,,1.14,11.3088,,301560.896,301560.896
301028.SZ,20260203,1.6124,0.65,26.2033,3.678,4.9813,1.2923,592588.6686,383372.9128
002148.SZ,20260203,2.0202,0.67,388.8318,3.9302,13.1615,0.1861,480170.1165,385963.8278
300220.SZ,20260203,2.0839,1.04,1134.5797,37.7077,9.3581,,237535.2,237251.3957
300655.SZ,20260203,4.164,0.71,,7.3815,12.011,0.3109,1875560.2248,1864192.9983
300013.SZ,20260203,2.5526,0.73,,11.4033,4.4205,,223343.5576,178384.6212
688059.SH,20260203,2.4084,0.56,58.1555,5.2219,10.2964,0.9607,973223.6297,910846.1914
688385.SH,20260203,2.075,0.73,138.1094,10.5662,16.7109,0.0999,6569113.1688,4301581.4188
002481.SZ,20260203,1.26,0.76,94.7852,2.5619,2.7595,0.5848,626717.822,567926.2708
603049.SH,20260203,3.8134,0.89,11.4668,1.9407,1.0736,2.4263,4685493.8341,468549.3845
603866.SH,20260203,1.1945,0.98,22.5561,1.6632,1.5827,2.3941,868647.5012,868647.5012
600338.SH,20260203,6.2416,0.58,37.5157,3.8479,7.6799,0.2999,1676661.4481,1676661.4481
300255.SZ,20260203,1.9075,0.79,,30.3974,49.6961,,4611847.4858,4604997.9158
002116.SZ,20260203,1.4523,0.87,14.8127,1.8314,0.7286,2.8399,507715.5134,502162.9575
000959.SZ,20260203,0.6141,0.9,35.4446,0.8582,0.4178,0.3952,4327271.7925,4197656.0069
000027.SZ,20260203,0.4263,0.75,17.2327,0.9707,0.735,2.2455,3177936.4639,3177936.4639
688685.SH,20260203,0.8381,0.56,115.1274,8.9391,12.1301,0.3024,754964.42,754964.42
688191.SH,20260203,1.6593,0.39,147.0272,10.4635,8.4928,1.134,889769.0712,889769.0712
603976.SH,20260203,0.8402,0.79,176.6726,2.6461,4.8025,1.193,311782.1325,311782.1325
688063.SH,20260203,2.5272,0.73,293.1664,1.6538,5.8053,0.7122,1512394.4108,1512394.4108
002217.SZ,20260203,1.2861,0.81,8.195,12.1066,14.443,,2266257.8752,1721142.2295
920689.BJ,20260203,1.5511,0.69,41.5604,4.6932,4.0283,1.2862,228274.0,117964.2189
000532.SZ,20260203,1.9113,0.71,24.5174,3.4993,10.2579,0.3769,548775.6773,546931.1956
002326.SZ,20260203,6.1713,0.7,,8.9954,4.6405,,2449737.9801,2140005.1432
002808.SZ,20260203,0.4451,0.15,,5.3063,6.0611,,138432.0,84978.0529
603903.SH,20260203,1.8799,0.75,,1.994,2.9084,,311745.0851,311745.0851
300086.SZ,20260203,5.8001,0.72,,4.0842,9.847,,428727.1952,415122.9357
600298.SH,20260203,1.8759,1.61,25.243,3.2448,2.337,1.2713,3755742.844,3708890.088
600509.SH,20260203,2.2152,0.76,91.0355,1.508,1.3866,0.6448,1172360.9882,1172360.9882
920020.BJ,20260203,2.6507,0.34,22.8893,3.4701,1.5196,,385860.0,96095.9713
002224.SZ,20260203,1.9716,0.67,429.9049,1.297,4.1132,0.6438,420386.207,375773.252
002613.SZ,20260203,2.0966,0.83,,2.0055,2.9025,0.7538,438026.3394,307358.1021
300711.SZ,20260203,5.6112,0.97,78.9366,9.4231,10.869,0.7145,697428.5262,695346.6244
003007.SZ,20260203,7.2789,0.76,175.9073,5.7511,11.1019,0.1437,459615.48,324500.7889
603337.SH,20260203,0.8082,0.74,24.0017,4.2786,3.3036,1.0846,2099138.6441,2087234.5133
300243.SZ,20260203,2.4481,0.84,281.8628,2.5923,1.3918,0.4496,278474.7462,216138.2913
688106.SH,20260203,1.7287,0.82,100.1201,3.6128,3.9597,0.4465,1068544.6873,1068544.6873
920300.BJ,20260203,1.707,0.49,,6.0576,12.5651,,126452.8166,98001.1293
001379.SZ,20260203,6.1684,0.55,59.0215,3.2686,2.4186,0.8237,485600.0,163401.972
000426.SZ,20260203,10.545,1.9,57.3094,9.9752,18.0071,0.1361,9135645.8772,9133432.1123
688235.SH,20260203,2.0825,1.06,,14.3618,11.81,,42130281.0513,3145610.8084
002085.SZ,20260203,3.3991,1.82,41.3063,4.5801,2.0739,1.2555,3382412.9494,3382412.9494
600600.SH,20260203,0.7304,0.55,18.2288,2.6933,2.593,3.5564,8438911.0185,4386653.0834
000568.SZ,20260203,0.9715,0.58,14.2393,3.7755,5.9966,4.8651,18001850.2075,17969120.5261
605388.SH,20260203,0.5873,0.51,,2.443,3.0451,1.1182,419137.832,419137.832
000795.SZ,20260203,2.6333,0.64,47.7504,4.4452,2.9864,2.4888,1155224.101,1155224.101
603567.SH,20260203,1.7893,0.6,,1.0974,5.015,1.7644,799847.0378,798609.4454
301188.SZ,20260203,2.193,0.81,94.1796,2.8883,4.5081,0.5203,437733.3066,437733.3066
603939.SH,20260203,0.9124,0.72,17.4113,2.6105,1.1853,2.9674,2860032.6313,2860032.6313
300441.SZ,20260203,0.7724,0.7,17.233,2.0247,2.7579,3.866,500066.7136,486202.1489
301349.SZ,20260203,3.9661,0.64,256.4412,1.7581,4.4109,,479400.0,229864.5403
603331.SH,20260203,14.5993,0.64,46.3381,2.4917,2.1631,0.4893,330557.1649,330557.1649
301248.SZ,20260203,4.747,0.59,5787.2233,4.7101,9.1636,0.0426,719493.105,525810.6447
002565.SZ,20260203,13.0291,0.96,316.5396,9.6224,13.9595,0.2299,1794561.2449,1794485.0599
603345.SH,20260203,1.631,1.04,20.9589,1.922,1.8851,2.7865,2906946.0649,2558112.2915
600375.SH,20260203,1.5665,0.71,16.8723,2.876,1.7191,,961842.8202,877611.456
601699.SH,20260203,1.0318,0.47,31.5117,0.8124,1.2538,3.2283,3799089.684,3799089.684
300667.SZ,20260203,12.9345,1.78,,3.6897,5.8044,,418071.4277,352684.0584
688787.SH,20260203,4.7407,0.84,748.8763,12.021,27.2856,0.2386,878213.9704,878213.9704
300755.SZ,20260203,4.305,1.01,,2.5186,1.0824,0.5154,735649.176,735026.9782
600163.SH,20260203,2.2466,1.4,19.8963,1.6323,6.5715,1.3926,1134185.7012,1134185.7012
301063.SZ,20260203,2.3693,0.76,45.8233,1.7365,1.5247,0.5749,272277.1289,262065.2525
688757.SH,20260203,4.5233,0.46,153.3878,14.4536,25.1495,0.6293,1275270.9187,110811.5596
688531.SH,20260203,1.791,0.66,73.6162,3.625,12.4441,0.5674,1200556.0578,775487.7965
300318.SZ,20260203,1.9485,0.29,,3.8846,6.2659,,522816.3168,511065.2698
300610.SZ,20260203,2.3443,0.75,36.8471,2.2361,2.9364,1.6601,258009.576,193473.6588
603915.SH,20260203,1.1713,0.75,42.121,3.155,4.2979,1.3867,1138600.7203,1138600.7203
300510.SZ,20260203,3.0941,0.92,,1.6668,3.8101,,369461.4336,369461.4336
301226.SZ,20260203,1.9743,0.77,118.0462,3.6964,6.5893,0.3229,336953.6,336953.6
600337.SH,20260203,3.1469,0.65,,1.4979,1.1972,,376493.5119,376493.5119
688580.SH,20260203,0.9937,0.57,42.6803,3.2427,12.3911,1.4244,537564.2395,537564.2395
300849.SZ,20260203,3.0465,1.26,,4.8924,9.2642,,288300.0,233461.5402
002633.SZ,20260203,1.6628,0.85,409.3242,5.7629,7.8056,,245250.0,244299.6563
301607.SZ,20260203,4.429,1.11,51.3525,6.7155,2.312,0.0261,765290.0447,550726.9367
300543.SZ,20260203,2.045,0.71,95.9824,2.3525,2.1048,0.8881,344974.1221,281723.8578
920992.BJ,20260203,2.1749,0.85,87.02,2.6811,5.419,0.4667,165796.8209,81240.4754
002309.SZ,20260203,2.7387,0.69,,4.8489,4.7572,,902299.6155,696806.1213
688309.SH,20260203,4.0074,0.94,77.4026,3.3454,8.879,0.2824,247414.3542,247414.3542
688200.SH,20260203,3.1505,1.12,79.2653,10.371,32.8956,0.2521,4024659.1164,4024659.1164
301261.SZ,20260203,7.0279,0.97,152.1941,5.1117,7.2853,0.6701,786968.815,335625.6562
002643.SZ,20260203,2.3366,0.84,60.3246,2.145,4.11,0.6023,1544110.7834,1521251.4886
001211.SZ,20260203,3.1876,0.79,92.456,2.4292,1.3781,0.7145,209952.0,195362.0127
002466.SZ,20260203,2.7283,0.66,,2.0793,8.4412,,8775469.5741,7891204.3748
603005.SH,20260203,5.0651,0.64,58.7829,4.4338,14.7168,0.2721,2010645.3696,2010645.3696
002956.SZ,20260203,1.5128,1.92,39.1543,3.9344,2.8457,1.5174,614375.4275,614313.2764
600975.SH,20260203,1.0642,0.52,287.7974,2.3765,1.0012,,717305.8388,717305.8388
000710.SZ,20260203,3.1496,0.69,,2.6651,4.5864,,431649.7088,402356.036
300147.SZ,20260203,0.9025,0.52,,9.0222,4.2481,,624908.6975,621241.4436
603380.SH,20260203,1.2928,0.74,27.9215,4.0387,2.6499,2.5961,618019.5024,618019.5024
002753.SZ,20260203,2.9808,0.69,41.6781,1.2253,0.827,1.7055,325793.909,184535.787
002655.SZ,20260203,2.7041,0.78,55.0577,6.1172,3.3316,0.2346,460326.7194,460200.8868
600585.SH,20260203,1.1744,0.75,14.6719,0.6783,1.5342,3.8982,12914400.385,9747275.185
300451.SZ,20260203,2.6327,0.68,,1.9537,7.5393,,841174.7078,828994.7171
301358.SZ,20260203,3.9075,0.68,63.6598,3.8786,1.5904,0.2496,4762625.0335,2417099.9758
605369.SH,20260203,1.5801,1.52,41.5525,2.4746,3.7773,1.4815,424669.4198,424669.4198
002364.SZ,20260203,10.2119,1.44,191.7559,7.6273,8.3827,0.3045,1845111.679,1827231.7102
300747.SZ,20260203,3.3444,0.91,126.593,5.2755,5.1807,0.1625,1737590.4,1575692.6483
601065.SH,20260203,1.4981,0.61,18.4595,1.2507,2.3386,2.5552,553430.204,358396.484
002501.SZ,20260203,1.4179,0.4,,25.5825,23.0317,,674500.0,673829.1491
300540.SZ,20260203,4.1011,1.05,77.0532,4.7892,6.3813,0.1551,528674.6303,476092.7508
603856.SH,20260203,0.8601,0.58,21.874,1.4134,1.8918,1.6015,382185.9613,382185.9613
301090.SZ,20260203,0.6302,0.97,,1.7859,0.7638,,1120543.1452,1119374.5308
002152.SZ,20260203,0.8112,0.76,37.6107,2.5968,2.7402,2.8771,3193630.4068,3192023.9549
002369.SZ,20260203,1.7012,0.58,,15.0531,2.6948,,466605.0184,465995.28
688109.SH,20260203,1.1159,0.74,152.4184,12.778,22.2145,0.5204,1017065.67,1017065.67
600679.SH,20260203,0.9893,0.79,,3.1307,3.0522,,669882.5341,446802.5341
603260.SH,20260203,0.8366,0.68,,1.8101,2.6915,0.9106,5793996.2178,5793996.2178
300970.SZ,20260203,5.4114,0.74,698.88,1.7483,2.3157,,269617.4109,209204.3477
601339.SH,20260203,0.9942,0.68,18.4122,1.0983,1.3274,6.1012,1007710.368,1007710.368
002019.SZ,20260203,1.0412,0.71,35.7714,1.6501,2.7893,0.8347,1457235.3218,1008085.9478
301633.SZ,20260203,0.9557,0.47,48.3134,4.2164,6.5351,1.4455,385194.24,176482.6214
600439.SH,20260203,1.3373,0.53,,1.1944,2.4851,,314691.9523,314691.9523
688208.SH,20260203,1.5978,0.99,28.2457,6.9766,5.0881,2.5741,2353014.0614,2353014.0614
300422.SZ,20260203,1.7529,1.13,,2.4139,1.3974,,267474.0749,256237.3969
300127.SZ,20260203,6.7604,0.63,64.4075,7.7593,13.9835,0.9834,1150077.8952,821474.6423
002653.SZ,20260203,1.8662,3.36,172.1908,12.5846,12.4574,0.2842,5319610.3575,2295381.2505
600169.SH,20260203,0.6403,0.83,39.168,1.6164,0.8328,,823387.3798,819952.809
002692.SZ,20260203,1.8454,0.82,58.7387,3.299,0.8953,0.3584,400725.468,400481.6081
000688.SZ,20260203,2.203,0.65,118.9482,8.318,15.0643,,3399959.2485,3399946.8544
688066.SH,20260203,20.3448,2.55,,16.7535,11.0948,,702314.6484,702314.6484
688628.SH,20260203,1.1502,0.86,25.2972,3.3993,3.5202,3.4237,422257.9475,422257.9475
603696.SH,20260203,4.5181,0.85,113.3882,7.863,7.3581,0.4639,456288.0,456288.0
300429.SZ,20260203,3.6651,0.6,,4.5985,8.3746,,792121.6387,588782.384
301556.SZ,20260203,11.6146,0.73,72.2305,10.3136,18.3232,0.702,997946.56,344974.96
000425.SZ,20260203,2.0081,1.34,19.9883,2.2183,1.3138,1.5485,13280858.9047,10181017.4209
600325.SH,20260203,2.0926,0.72,,0.5829,0.138,3.0729,1106365.1506,1106365.1506
605376.SH,20260203,6.0701,1.05,154.6008,14.452,23.2539,0.1648,2380560.0,2380560.0
600996.SH,20260203,1.4759,0.69,,4.7341,8.8246,,1107158.2704,1107158.2704
600132.SH,20260203,0.7339,0.61,25.4006,18.9288,1.7758,4.0953,2599893.2757,2599893.2757
002096.SZ,20260203,0.6571,0.78,20.2646,2.1547,1.7589,1.6899,1688239.888,1688237.0176
600845.SH,20260203,0.7263,0.55,46.3579,6.0416,6.072,2.6086,6642982.1478,4938201.31
000153.SZ,20260203,1.1992,0.68,26.783,1.4507,0.7348,1.5247,304833.7024,301017.734
002086.SZ,20260203,1.7174,0.58,,3.3239,13.032,,440762.9625,355789.3583
300020.SZ,20260203,1.7115,0.52,,1.2617,25.216,,337738.139,325821.8232
605567.SH,20260203,4.1982,1.4,59.2162,2.1507,0.8956,0.8518,234800.0,234800.0
000506.SZ,20260203,15.5311,1.8,463.0907,32.4118,40.0424,,2075425.6781,2074731.3509
603527.SH,20260203,2.7259,0.53,24.9895,1.6437,0.326,1.4953,339159.184,339159.184
688655.SH,20260203,2.3738,0.89,,4.05,4.4213,,271982.21,271982.21
600988.SH,20260203,11.974,1.72,27.8226,6.0378,6.6041,0.4022,7559835.6661,6619039.4617
002548.SZ,20260203,4.0566,0.51,,3.8354,1.1713,,546594.6143,530951.1847
301131.SZ,20260203,3.3896,0.8,48.1556,2.5494,1.4327,1.2148,239950.2155,159115.1948
000605.SZ,20260203,1.7895,1.11,145.5702,1.1753,1.4782,0.2817,250387.606,250387.606
000913.SZ,20260203,2.3193,1.21,15.4533,1.74,1.4809,5.7841,819379.486,720806.108
601233.SH,20260203,1.9522,0.98,28.8908,1.3315,0.5437,0.4731,5038077.2349,5028990.0972
920357.BJ,20260203,1.2653,0.76,30.9002,4.9062,3.5949,2.1133,189469.28,105321.5436
000967.SZ,20260203,0.848,0.9,58.4864,1.3055,1.6657,2.6847,2229528.5077,2228467.0869
301152.SZ,20260203,3.9141,0.56,,2.6233,1.8514,,353251.5208,211223.1615
688520.SH,20260203,0.5309,0.78,,,9.3851,,1771545.4703,1771545.4703
002823.SZ,20260203,2.437,0.6,22.2299,2.5513,1.7907,2.1215,518494.5705,345671.991
301070.SZ,20260203,3.1148,1.33,1974.5242,6.9038,18.6413,,543093.407,357256.5412
000545.SZ,20260203,3.1182,0.54,,3.1159,1.6257,,284207.9316,283796.0916
920062.BJ,20260203,12.2502,1.34,62.2804,3.0562,1.4923,0.2439,229466.8328,162191.3021
600643.SH,20260203,0.8862,0.78,,0.6367,5.8657,,761535.6319,760188.1202
600875.SH,20260203,1.986,0.77,27.2425,1.9996,1.1652,1.5675,8891444.3981,5819115.5157
002299.SZ,20260203,1.4071,0.82,14.0013,1.912,1.0757,2.9414,2100858.8085,2060004.6877
603613.SH,20260203,1.3142,0.71,13.4677,2.178,0.3709,0.2454,1933202.9523,1933202.9523
600688.SH,20260203,0.9086,0.55,,1.3294,0.4031,0.6536,3226040.955,2242616.931
688153.SH,20260203,1.1671,0.7,995.6173,4.2343,7.795,,1691990.7475,1606691.5516
002806.SZ,20260203,6.5125,0.6,41.7391,2.5476,2.5151,,293433.76,240440.1581
000020.SZ,20260203,4.0273,0.9,97.8333,10.0756,4.7924,,428139.7752,273922.0712
300927.SZ,20260203,14.1731,0.98,17.9151,5.0601,3.8187,0.2667,487215.0,475500.1388
600257.SH,20260203,3.6549,0.63,,4.3412,3.7428,,346009.5382,346009.5382
002061.SZ,20260203,1.266,0.86,9.1804,0.6901,0.2242,3.0669,1088439.9087,1057849.1253
603816.SH,20260203,1.0427,1.03,17.2942,2.6734,1.4022,4.1076,2760898.5554,2729690.7024
002878.SZ,20260203,5.8042,0.77,,4.164,1.7089,,535773.0817,482482.6537
605136.SH,20260203,3.2696,0.6,,1.9653,2.8663,,480950.6585,480950.6585
300291.SZ,20260203,3.4988,0.57,,2.6405,32.4827,,806257.5413,796729.3993
002232.SZ,20260203,1.0316,0.36,815.1074,5.7006,9.0433,0.053,771339.483,771339.483
688279.SH,20260203,1.0666,0.73,108.1466,4.4194,30.684,0.3975,2225615.6227,1808851.9187
000546.SZ,20260203,4.5572,0.7,,1.1152,0.5036,,452591.2885,405482.4299
002169.SZ,20260203,9.1144,0.96,,4.079,3.3588,0.5818,1076218.1293,1043176.7046
002977.SZ,20260203,4.7969,0.76,,3.54,46.1419,0.5835,370570.2,205523.2245
688065.SH,20260203,1.0154,0.72,67.3413,2.2748,12.1755,0.7184,4003158.3567,3237748.1165
002563.SZ,20260203,1.6732,1.03,16.4431,1.3674,1.0028,8.9127,1511384.5798,1238936.1527
300044.SZ,20260203,7.1024,0.71,,64.7915,68.51,,465960.2291,436380.7038
603219.SH,20260203,1.4177,0.91,68.5855,6.5384,3.3577,1.0644,1052625.0,1052625.0
002264.SZ,20260203,21.5725,1.37,33.089,4.1089,2.4492,0.8637,819865.0707,745797.6206
688687.SH,20260203,1.792,0.52,26.9767,2.0547,3.2189,1.361,369069.0071,369069.0071
300615.SZ,20260203,3.4746,0.86,198.0048,5.133,6.0901,0.3538,273419.318,177232.1814
688459.SH,20260203,0.9314,0.61,36.4014,1.4098,4.1126,1.3013,479520.0,175409.383
000962.SZ,20260203,5.9415,0.9,82.1943,8.0007,13.7718,0.294,2181518.502,2167691.7644
002920.SZ,20260203,1.201,0.73,30.778,5.0146,2.3702,0.9069,7342954.9261,6825029.3098
605500.SH,20260203,0.6366,0.81,42.0023,1.4505,1.3975,1.6779,370473.6,370473.6
688039.SH,20260203,2.1258,0.53,,5.4549,17.4515,,605985.2021,605985.2021
300852.SZ,20260203,6.583,0.76,50.0995,3.3732,4.1986,0.2659,743694.5574,717912.5889
002652.SZ,20260203,6.2744,1.2,,8.4133,7.005,,210970.368,210970.368
920662.BJ,20260203,3.4458,0.83,95.8424,5.1392,6.0268,0.6389,235684.6054,67921.0094
600575.SH,20260203,0.9274,0.66,31.1787,1.0759,0.8632,,2393708.5848,1298011.1957
000509.SZ,20260203,1.1933,0.72,,29.3604,4.0301,,364863.5377,364862.4347
603081.SH,20260203,1.664,0.81,58.0895,1.8911,2.5504,0.9085,604596.2822,604596.2822
601698.SH,20260203,3.9916,1.51,658.3219,10.7601,64.7947,0.0799,17074965.8353,17074965.8353
002847.SZ,20260203,1.1337,0.87,24.7155,9.1723,3.1641,2.0559,1857425.6237,1681587.3239
920504.BJ,20260203,1.989,0.62,69.2116,5.5976,9.1388,0.1935,111972.7304,44165.4825
301536.SZ,20260203,6.55,0.86,113.5324,9.5283,10.997,0.2829,2976887.8227,1321397.2365
300977.SZ,20260203,4.2042,0.69,,2.7674,8.3524,,383611.352,238901.2492
300185.SZ,20260203,2.6936,0.85,165.7952,1.7675,1.7687,0.3637,1169144.5968,1112093.4702
002746.SZ,20260203,2.4049,0.78,18.9299,1.1938,0.9672,3.9557,543860.4755,448515.3755
301003.SZ,20260203,1.7601,0.67,37.4158,4.1034,7.7725,3.8371,455652.4182,352483.4006
600066.SH,20260203,0.6358,0.75,13.9019,5.1574,1.7512,4.8,6918560.0719,6918560.0719
301068.SZ,20260203,0.7964,0.74,183.1641,4.6975,2.9339,0.8723,371377.77,264844.1241
300870.SZ,20260203,5.1783,0.71,83.5888,10.6666,6.1575,0.3922,2783747.2161,2783747.2161
920082.BJ,20260203,3.2577,0.4,35.0525,4.8947,3.4139,1.8028,258005.125,69389.0366
600782.SH,20260203,3.0788,0.81,12.4524,0.4574,0.3197,0.263,1209928.4166,1195347.8166
301018.SZ,20260203,9.3974,1.35,157.8979,7.3069,5.4661,0.2196,1938725.0339,1450108.7298
300259.SZ,20260203,1.8816,0.76,23.436,1.8643,5.4398,2.0587,552146.3156,552019.685
603676.SH,20260203,0.3691,0.7,22.3969,3.4,4.2574,2.8423,497389.5945,497389.5945
605303.SH,20260203,1.3029,0.53,,3.0564,5.0256,,280875.5647,280875.5647
301413.SZ,20260203,13.7879,1.18,175.1261,13.071,14.3374,0.1805,1635145.7847,976246.9886
688539.SH,20260203,7.1864,1.5,144.1919,5.1703,24.2415,0.4085,900038.72,506949.52
688479.SH,20260203,3.2136,0.7,78.947,1.7756,6.6947,2.1691,328610.7198,141896.7198
000552.SZ,20260203,1.6246,0.6,,0.7858,1.6213,2.8333,1284434.5526,894193.7765
688719.SH,20260203,2.4201,0.94,,3.3112,5.8335,0.3336,561465.444,436588.7021
002709.SZ,20260203,2.7666,0.73,146.5144,5.0511,5.7223,0.3518,8296243.7834,6136643.1758
920857.BJ,20260203,1.3713,0.69,,5.5533,4.9488,0.3584,206479.9541,206479.9541
603719.SH,20260203,1.3698,0.97,,2.3751,0.8249,2.0802,479997.0,479997.0
300730.SZ,20260203,3.3154,0.81,,12.4192,12.1561,,311310.3806,249574.931
000100.SZ,20260203,2.377,0.75,32.2908,1.6353,0.5606,0.9919,9963613.1121,8668341.2842
300272.SZ,20260203,1.7987,0.43,47.5553,3.2043,2.5175,2.2655,450653.0009,342315.8751
600239.SH,20260203,0.8897,0.6,,2.9295,1.9897,,375730.7367,375730.7367
000759.SZ,20260203,4.0106,1.13,,3.9087,0.5381,,473661.4669,468829.8079
000539.SZ,20260203,1.0357,0.94,311.3802,1.0776,0.4823,0.4158,2525386.5973,1229141.0984
002818.SZ,20260203,1.0605,0.78,13.9953,1.5781,6.8212,8.9501,869709.2883,346691.0559
000548.SZ,20260203,1.7356,0.95,62.732,1.3953,5.8239,0.8651,288546.7388,288522.5714
301211.SZ,20260203,1.1471,0.34,140.6753,2.3548,12.3506,1.3533,532022.4,532022.4
920368.BJ,20260203,11.3883,1.02,275.3505,3.8337,4.9422,0.2177,1617637.2316,1538965.4478
002339.SZ,20260203,19.2648,1.36,131.9866,3.554,2.0918,0.1646,612472.1129,581734.2289
300522.SZ,20260203,1.0134,0.46,776.4403,4.959,5.6155,0.3234,398872.5142,325461.6532
301096.SZ,20260203,2.877,0.87,,2.1402,9.3736,,553350.4867,419399.8488
920961.BJ,20260203,3.4736,0.64,267.4634,5.0583,17.1176,0.1836,389097.5438,276887.9861
688353.SH,20260203,3.2583,0.92,,4.9532,22.9878,,1635832.0,1635832.0
002989.SZ,20260203,1.96,0.79,,3.7638,18.669,,563290.9135,512221.483
301153.SZ,20260203,1.4295,0.67,242.17,4.8097,11.6394,0.7785,809086.3799,754924.4083
002880.SZ,20260203,1.9868,0.58,28.2662,2.7814,5.6701,0.7018,646380.0,646380.0
603031.SH,20260203,5.4849,1.87,74.4739,4.7115,3.084,0.3531,1434794.973,1174882.8
002792.SZ,20260203,22.1207,0.96,1823.7624,9.935,23.7284,0.0472,2766378.0744,1784051.0894
603040.SH,20260203,2.2314,0.8,57.7109,10.5283,19.2531,1.043,1495693.0761,1487891.5843
300617.SZ,20260203,14.5249,1.57,65.6885,2.7597,9.1162,0.4945,796059.6179,667389.5701
600863.SH,20260203,0.9492,0.98,16.836,1.7371,1.6733,4.1331,3474206.1015,3106798.598
301159.SZ,20260203,19.8326,1.3,,6.9336,11.8755,,404463.15,277215.3043
688659.SH,20260203,2.1914,1.07,,3.1757,2.4925,,170400.0,170400.0
301021.SZ,20260203,5.6719,1.13,210.1065,8.9713,18.1519,0.1675,904735.6522,904063.7391
300102.SZ,20260203,18.5819,1.16,288.5867,9.2127,11.8103,0.106,3902215.5791,3885281.1251
300088.SZ,20260203,2.8129,0.77,45.9731,1.8379,1.4114,0.9098,1606042.6913,1598178.845
002261.SZ,20260203,2.9193,0.74,,15.3182,12.3239,,3993665.7726,3631717.7308
000719.SZ,20260203,1.0446,0.72,10.3092,1.124,1.3373,4.6948,1307654.3912,852614.56
300568.SZ,20260203,2.7506,0.57,143.0667,1.8789,4.735,0.3612,1843623.5754,1667485.662
603068.SH,20260203,2.4014,0.6,308.9425,3.421,6.5754,,576127.6198,576127.6198
000882.SZ,20260203,1.5111,0.61,,0.7861,4.2921,,531046.2777,530689.7676
920837.BJ,20260203,0.792,1.01,29.4768,4.0756,3.8887,1.4795,225596.9143,203403.4393
002678.SZ,20260203,4.7133,2.47,,2.4076,14.5615,,781034.1857,780605.3076
603233.SH,20260203,0.5639,0.72,19.2706,3.2943,0.817,3.3567,2192282.529,2192282.529
300827.SZ,20260203,3.7653,0.77,48.446,5.1149,3.9335,0.2066,2072562.7486,1434265.0613
688455.SH,20260203,2.4314,0.75,,5.5447,2.6722,,397560.5558,276894.5558
301558.SZ,20260203,17.0412,1.65,2347.6814,5.5605,4.3016,,754141.7692,209633.3788
301511.SZ,20260203,2.5959,0.67,721.1258,4.5403,1.6827,,1844952.494,1096545.0863
688355.SH,20260203,1.3448,1.09,44.0267,2.3795,4.4774,2.191,253490.1672,253490.1672
600019.SH,20260203,0.6012,0.59,16.1994,0.7486,0.4906,3.0839,15291023.4938,15291023.4938
603507.SH,20260203,5.0515,0.96,96.2531,2.2603,1.399,0.9962,547374.8818,539863.7518
600886.SH,20260203,0.2355,0.58,15.59,1.5484,1.9004,3.5608,10261761.6439,9556258.4998
688171.SH,20260203,1.2073,0.57,413.159,5.3709,41.4414,0.0784,443077.5126,443077.5126
002666.SZ,20260203,3.2959,0.96,62.6745,1.2487,0.813,1.6142,441279.6086,280374.1926
000409.SZ,20260203,2.2576,0.69,127.9868,5.0932,5.7882,,801384.7769,693450.1041
600395.SH,20260203,4.6473,1.78,232.5945,1.1422,1.2395,0.7156,1199963.3157,1199963.3157
300906.SZ,20260203,3.0946,1.29,41.7045,3.1533,17.7889,1.4085,284000.0,256299.35
601890.SH,20260203,6.4249,1.92,34.9794,2.8345,5.08,1.2797,1049583.6,1049583.6
301498.SZ,20260203,2.9041,1.69,38.0242,5.6699,4.0206,0.7883,2537395.9142,1136996.841
300535.SZ,20260203,4.3876,1.15,,2.3208,3.0266,,224741.7123,164021.9112
000533.SZ,20260203,14.2709,2.55,67.8259,7.3896,3.0054,,700487.424,694491.0336
003031.SZ,20260203,3.021,0.72,57.612,5.6144,12.1605,0.5362,3533097.0445,2664447.3998
002009.SZ,20260203,25.4854,0.84,,6.0863,4.2943,,1218766.6172,1072991.3841
600106.SH,20260203,1.0932,0.75,36.8388,1.6349,74.971,0.5651,846588.9645,846588.9645
000586.SZ,20260203,6.2864,1.06,353.5321,8.3856,5.6088,,283969.92,283969.92
688013.SH,20260203,1.6337,0.94,43.3356,6.2831,11.1872,2.2849,351403.748,351403.748
601800.SH,20260203,0.2065,0.39,6.3431,0.4514,0.1757,3.4508,13166187.178,9528755.715
603568.SH,20260203,0.4755,1.0,16.6815,3.1126,6.4958,1.7869,4550650.765,4542444.241
688425.SH,20260203,0.4084,0.68,18.8874,1.5465,2.8341,1.619,2800085.925,2800085.925
688428.SH,20260203,6.0939,1.15,,5.5943,26.1291,,3728692.6706,567044.082
002273.SZ,20260203,5.4799,1.85,30.5388,3.6691,5.2561,1.1734,3516908.8869,3445033.7788
600487.SH,20260203,7.056,0.88,31.6248,2.9078,1.3316,0.6281,8949313.3356,8871117.1215
002881.SZ,20260203,2.9087,1.01,75.9229,7.2396,3.3372,0.2839,1194914.7705,830482.9231
301092.SZ,20260203,2.4244,0.66,46.3001,2.5009,7.5753,0.7165,484865.1635,218721.6567
605255.SH,20260203,3.4677,1.36,600.2238,24.5035,59.1307,0.1545,1952607.04,1952607.04
603618.SH,20260203,6.4771,1.32,,2.7862,0.813,0.5489,755673.5483,755673.5483
600790.SH,20260203,0.6563,0.61,68.0057,0.9792,5.8949,2.8726,567261.0891,567261.0891
603817.SH,20260203,1.479,0.68,18.5974,1.2542,2.953,0.8621,396778.4911,396778.4911
002620.SZ,20260203,1.4492,0.48,,,4.2972,,225741.412,188585.4612
603228.SH,20260203,2.5957,0.99,51.217,4.8662,4.2357,1.2042,6211212.3934,6154060.6299
600100.SH,20260203,2.1489,0.56,78.6337,1.9238,1.9591,,3109076.2777,3109076.2777
600162.SH,20260203,0.9992,0.71,,1.04,3.5788,0.5944,601392.6144,601392.6144
920195.BJ,20260203,1.5749,0.67,20.5956,2.6233,1.9434,0.935,209686.17,151353.4689
002889.SZ,20260203,0.704,0.67,36.991,2.2632,1.4641,0.3564,567634.2104,377680.6832
000012.SZ,20260203,1.4802,1.05,,1.0545,0.995,1.5125,1397164.9087,891489.0521
301121.SZ,20260203,3.4779,0.69,104.7948,2.419,3.1524,0.3484,402123.2259,205857.3913
301056.SZ,20260203,5.7822,1.05,65.3711,6.1976,8.1602,3.3689,475147.0539,313448.5732
600278.SH,20260203,0.9553,0.74,35.9844,0.978,0.2092,1.2028,749847.379,749847.379
601098.SH,20260203,0.807,1.08,12.338,1.2547,1.5669,5.0551,1954048.0,1954048.0
000897.SZ,20260203,3.4795,0.8,23.3262,1.1791,2.4417,4.2411,362268.9804,362262.126
600567.SH,20260203,1.001,0.62,,0.6301,0.3553,,1021807.4356,1021807.4356
920475.BJ,20260203,1.8005,1.09,,4.8577,8.2432,0.2945,171599.88,71353.6922
301280.SZ,20260203,3.5778,0.71,37.1429,4.2132,4.4162,1.4909,786349.0249,230693.8024
920023.BJ,20260203,5.5664,0.67,317.0288,1.214,2.7983,,148268.712,121770.2641
301139.SZ,20260203,4.3484,0.64,182.0726,1.239,2.1584,0.1759,241945.792,151572.6245
688785.SH,20260203,28.7832,,237.2778,12.266,51.9672,,2682205.4752,504244.632
301218.SZ,20260203,15.1564,0.73,,4.6252,6.6981,0.0672,424570.92,260866.2764
920866.BJ,20260203,3.7354,0.51,42.0491,2.0698,3.0255,1.692,156959.3389,81534.0809
002484.SZ,20260203,4.1729,1.03,35.666,4.0394,4.6029,0.8853,2479277.288,2391676.6525
688051.SH,20260203,1.2737,0.81,,4.2422,12.1958,,276855.72,276855.72
601138.SH,20260203,0.8435,0.81,36.2243,7.1436,1.4254,1.7392,110709441.4791,110709441.4791
300813.SZ,20260203,1.9159,0.36,180.555,3.7611,9.295,0.8157,297180.485,186477.231
600238.SH,20260203,2.2278,0.96,,25.9231,13.8841,,263093.4,261374.4175
601975.SH,20260203,3.5986,0.72,13.8217,1.5125,2.9213,,1675563.3947,1675563.3947
300618.SZ,20260203,4.1733,0.42,53.0084,2.5863,2.1779,0.3198,1445975.7179,1272286.8962
002671.SZ,20260203,2.5863,1.05,30.0056,1.8228,2.0892,,324418.3753,317336.8884
000923.SZ,20260203,3.2368,0.72,30.0912,1.5422,3.0253,2.061,1583520.4594,1523288.6848
002427.SZ,20260203,4.3051,1.25,268.8809,7.7232,3.1598,,732176.5533,731636.1761
301316.SZ,20260203,1.6255,0.74,174.4208,16.0787,8.2072,0.1826,1770328.0,1752843.82
601116.SH,20260203,13.1147,1.63,75.77,3.2037,2.6463,1.0633,1030183.0704,1030183.0704
605016.SH,20260203,2.0143,0.76,28.7753,5.3762,7.6324,0.8288,1052550.8739,1052550.8739
600148.SH,20260203,1.4772,0.91,309.0365,6.1539,3.9928,,292231.4693,292231.4693
002352.SZ,20260203,0.4526,0.64,17.4777,1.9325,0.6269,2.3889,18983534.3507,17976194.345
688312.SH,20260203,10.8343,2.12,52.2652,4.3814,10.9979,1.1106,647661.5127,647661.5127
300577.SZ,20260203,1.207,0.42,14.9606,2.3591,1.0251,1.6359,505814.6449,299825.5442
000912.SZ,20260203,1.5097,0.72,,1.1382,1.6402,,718144.0,718144.0
600094.SH,20260203,1.1988,0.67,,1.1312,5.0496,,1160150.0725,1060988.7451
002778.SZ,20260203,1.3807,0.59,,8.678,12.2167,,274083.0001,271172.9418
300894.SZ,20260203,1.682,1.07,,4.3379,4.9911,,469255.8197,339652.3457
000011.SZ,20260203,0.9389,0.56,,1.5542,1.684,,527441.4964,465930.8556
600941.SH,20260203,1.6796,0.72,13.9509,1.4584,1.9089,5.207,199281893.0767,8311783.7515
002918.SZ,20260203,2.6603,0.89,102.9136,2.0398,1.6562,1.2232,668398.4297,348400.4006
002592.SZ,20260203,3.4662,0.8,26.9268,3.2689,4.4445,1.8744,302314.3445,280318.3668
002396.SZ,20260203,2.882,0.83,34.5944,2.4363,0.8835,0.8706,1682116.3215,1675180.9584
300304.SZ,20260203,2.0299,0.69,26.32,3.3356,4.9617,0.6876,1118755.0967,1088652.7903
300935.SZ,20260203,4.5352,0.97,,3.6694,22.1161,,290954.5808,220782.3983
920932.BJ,20260203,1.608,0.61,168.8067,3.043,5.5001,0.1081,212280.9553,174928.4892
301107.SZ,20260203,1.9964,0.58,38.9678,3.3004,4.3868,1.6188,313706.7016,182483.279
300877.SZ,20260203,3.2285,1.27,38.7242,2.1396,3.4561,0.326,356880.0,356876.8773
600822.SH,20260203,0.9345,0.59,221.8274,4.4319,2.4957,,543090.3408,433781.9593
000637.SZ,20260203,4.5282,0.61,,4.3102,0.7459,,239142.6638,167709.1253
688513.SH,20260203,3.6579,2.19,50.3912,4.2439,9.1524,0.6149,1216307.2438,1216307.2438
688556.SH,20260203,12.3479,1.25,,3.2573,3.6595,0.7743,1271084.119,1271084.119
603277.SH,20260203,0.2713,1.23,18.6996,3.7577,3.53,4.3202,988669.5804,982300.8463
001965.SZ,20260203,0.2257,0.7,12.6601,0.9846,5.3094,4.3301,6550471.5723,6550471.5723
600120.SH,20260203,1.4382,0.7,16.5856,1.344,3.7037,1.8222,2185844.1549,2185844.1549
688175.SH,20260203,1.8845,0.86,,2.609,16.2555,0.2848,454031.987,454031.987
603098.SH,20260203,1.1004,0.62,88.4435,3.0007,2.573,0.3183,847868.6654,846454.7654
600603.SH,20260203,0.4724,0.45,19.0799,1.0584,2.4004,,773277.2898,773277.2898
000925.SZ,20260203,3.2832,0.68,87.3428,1.7282,2.4088,,570856.1602,568218.196
688326.SH,20260203,2.9998,0.71,,4.5222,2.7601,,1782711.2934,1658818.0492
605222.SH,20260203,1.7499,0.92,59.157,1.8865,0.3901,0.1877,879892.8173,879892.8173
000068.SZ,20260203,1.0881,0.75,,5.8118,3.5708,,353341.6839,353341.6839
301135.SZ,20260203,2.3259,0.64,78.3365,2.5007,2.24,0.9441,312584.832,234428.6595
603026.SH,20260203,2.0165,0.72,,3.1778,2.5514,,1536292.0944,1338093.36
002079.SZ,20260203,4.689,0.72,91.6374,2.8453,2.0545,0.1753,877890.2141,877066.2266
688335.SH,20260203,6.1,1.7,,5.5926,25.2272,0.4573,640249.6104,640249.6104
002558.SZ,20260203,3.2826,1.55,47.1965,5.5093,20.5215,0.6559,8358122.6395,8358122.6395
603205.SH,20260203,1.5015,0.62,42.6544,3.0177,4.4533,0.9571,440076.0,116620.14
600458.SH,20260203,1.0887,0.53,23.2555,1.7253,0.6024,1.8406,1321669.9984,1224305.3625
002584.SZ,20260203,4.1631,0.53,,2.3125,0.7252,,518501.7499,415025.9029
002318.SZ,20260203,1.4775,0.92,19.3941,4.0595,2.4484,2.7794,3310654.3994,3235396.7825
000823.SZ,20260203,4.6159,1.21,31.6614,1.6574,1.2561,1.3755,780800.1854,780767.1156
920429.BJ,20260203,1.8382,0.82,50.5403,2.3393,1.8079,1.588,193846.5,176720.1088
000551.SZ,20260203,2.9522,0.56,28.0862,2.5703,1.827,0.5585,723221.7046,720609.6737
600792.SH,20260203,4.6742,0.71,,1.6473,0.8534,,468387.7592,468387.7592
603382.SH,20260203,2.2373,0.68,41.0299,3.261,1.2053,0.6412,565323.0168,113064.7481
300176.SZ,20260203,9.5608,1.01,111.8486,3.0538,1.5873,0.266,291235.1616,291235.1616
000016.SZ,20260203,0.4758,0.33,,7.6673,0.9091,,970401.9994,643427.3014
300339.SZ,20260203,2.4079,0.7,309.2923,11.2512,10.7579,0.1385,3990018.3134,3896210.2017
600287.SH,20260203,1.5262,1.13,104.6037,1.1259,0.9338,,259893.664,259893.664
688387.SH,20260203,7.4841,1.0,,10.2162,10.1815,,6218706.25,3668517.7268
600151.SH,20260203,8.4966,1.38,,4.8678,5.867,,2258947.352,2258947.352
000536.SZ,20260203,1.8181,0.87,,22.1508,8.6643,,1266843.0238,1265491.7923
688269.SH,20260203,2.9081,0.54,52.7896,5.7288,2.98,0.6652,589475.04,589475.04
002885.SZ,20260203,6.3219,0.88,109.1738,5.0234,2.1047,0.0801,739603.3226,630377.8927
001388.SZ,20260203,2.2824,0.7,49.9446,4.9321,6.6677,1.3615,687492.0,137498.4
002289.SZ,20260203,0.9468,1.37,,33.0572,26.0338,,723334.8849,722560.5849
600901.SH,20260203,0.6004,1.0,11.3584,1.4804,6.0281,6.452,3590957.1872,3590080.5072
002353.SZ,20260203,3.8651,1.35,34.0015,4.3547,6.1322,0.8912,9644721.9469,6530357.4438
300435.SZ,20260203,5.5139,0.71,178.4858,3.6683,4.3088,0.6349,1214995.95,1161766.0845
300084.SZ,20260203,3.93,0.5,,4.4303,9.1385,,552619.8202,376212.4805
002365.SZ,20260203,2.1466,0.54,171.7732,2.2081,5.4741,0.6625,436424.7825,363674.5096
300653.SZ,20260203,0.9979,0.7,48.3753,4.2588,10.7142,2.1941,372420.0,372420.0
002206.SZ,20260203,2.7525,0.53,15.5529,2.1011,1.3834,2.466,822842.7118,603935.8137
603045.SH,20260203,4.057,0.42,60.1414,3.5164,0.7691,0.2306,358252.435,358252.435
001238.SZ,20260203,0.3924,0.55,,5.2867,3.8885,,604190.64,565192.9965
600493.SH,20260203,3.2394,0.83,342.4313,1.9289,2.4379,0.7365,216784.0,216784.0
920489.BJ,20260203,2.0605,0.58,,4.8857,4.5466,1.0286,238803.6,151944.6758
301371.SZ,20260203,3.6325,1.58,27.3014,2.3085,6.9807,3.1017,1289857.92,192917.712
001278.SZ,20260203,14.4187,1.17,,2.3959,1.3948,0.4098,301909.496,123304.1824
300797.SZ,20260203,1.2217,0.53,43.7466,5.4686,5.8525,0.6642,691589.8755,683934.8001
600537.SH,20260203,16.2616,1.31,,18.0085,1.7415,,404830.5362,404830.5362
301631.SZ,20260203,3.6699,0.62,33.9731,3.678,1.9597,0.8522,919447.8456,308835.8989
301333.SZ,20260203,4.4822,1.34,50.3927,3.971,9.6624,0.2005,762798.7599,761712.6269
688368.SH,20260203,2.7929,0.61,303.3434,11.5359,8.8229,0.3214,1352287.3497,1352287.3497
301200.SZ,20260203,0.9944,0.8,115.0378,12.0513,13.8416,0.2476,6785594.4469,6719844.5832
002372.SZ,20260203,1.1073,0.57,21.9105,4.062,3.2462,4.9573,1902485.3957,1757675.4403
300002.SZ,20260203,4.3389,0.84,22.88,3.1933,4.0311,0.8104,2421591.029,2273720.3473
002063.SZ,20260203,2.2175,0.85,40.7557,3.3106,5.1348,0.4582,1247272.8048,1151710.9786
920100.BJ,20260203,5.1601,0.77,75.1952,10.8552,9.0977,0.7622,484189.008,112176.9053
300311.SZ,20260203,3.753,1.25,,5.8337,8.1977,,344898.6368,275153.4556
003009.SZ,20260203,3.3311,1.07,,7.0079,14.8714,0.0821,1079017.7465,1078808.6881
002689.SZ,20260203,1.9055,0.53,59.8638,3.3444,3.1154,,407934.4935,407778.4059
600578.SH,20260203,0.6793,0.88,9.9715,1.4594,0.9479,2.3166,3467813.6858,3467813.6858
300685.SZ,20260203,1.2564,0.77,28.8558,4.2733,7.4303,1.4032,837104.2759,832959.1621
600621.SH,20260203,2.2495,0.58,31.1132,1.9796,8.7275,0.7035,1764275.5226,1764275.5226
688090.SH,20260203,4.4852,1.12,7053.5301,6.8222,7.5044,0.1551,605487.0767,605487.0767
301636.SZ,20260203,40.1361,1.16,56.1985,4.4122,5.5095,0.6706,476198.4883,119049.6239
300404.SZ,20260203,3.9688,0.86,549.4886,3.992,5.2888,0.1125,407333.5179,296504.5058
601155.SH,20260203,1.156,0.78,139.4578,0.6125,0.5277,,3789446.3981,3789446.3981
603366.SH,20260203,2.3113,0.36,43.3412,1.8962,1.713,0.5573,787843.6099,787843.6099
300480.SZ,20260203,13.2115,1.2,,6.5171,12.8022,0.2104,835147.6679,585905.2
688789.SH,20260203,0.5795,0.69,28.2023,4.0484,6.4334,1.1636,1387972.0239,1387972.0239
301259.SZ,20260203,3.1232,0.95,,6.3577,19.5732,,526032.0,333393.1401
300452.SZ,20260203,4.4553,0.69,27.7586,3.8554,3.8476,1.9404,359648.1623,304694.0726
000571.SZ,20260203,1.6993,0.44,,36.9024,8.1366,,523616.496,507931.1952
600581.SH,20260203,1.8716,0.3,,,0.2366,,436875.893,436875.893
000721.SZ,20260203,2.6514,0.64,,23.4915,8.7351,,511357.6484,456513.0344
920720.BJ,20260203,2.7784,0.91,63.0262,7.2759,5.3092,0.8288,367237.5736,98720.3802
600673.SH,20260203,2.6063,1.36,90.5014,8.9978,6.1304,,8760814.7767,8737535.1255
688733.SH,20260203,1.954,0.62,,2.7589,10.5977,0.3309,598326.6941,598326.6941
300143.SZ,20260203,1.0669,0.69,71.6786,3.3989,5.0798,,858122.0866,734360.8411
002298.SZ,20260203,3.6661,0.74,,3.4259,3.6381,,781557.1115,697650.1087
300292.SZ,20260203,3.425,0.82,61.2076,4.5579,1.4507,,638680.1276,531189.731
688258.SH,20260203,5.9858,0.85,310.6825,20.6398,51.9608,0.1335,1781881.164,1781881.164
688073.SH,20260203,4.4624,1.36,36.7133,2.8107,4.4327,1.3833,562838.097,267749.2272
300855.SZ,20260203,4.0529,1.18,115.1979,7.7292,14.6943,0.649,1523587.338,1128467.0436
301215.SZ,20260203,0.8584,0.83,42.2434,3.1794,16.2529,1.3054,912167.1,911133.6
002839.SZ,20260203,1.3181,0.99,5.5864,0.6062,2.3085,6.6815,1097510.8933,1096495.7272
601916.SH,20260203,0.4567,0.59,5.7493,0.452,1.2513,5.3425,8019673.7012,6290975.3012
301632.SZ,20260203,2.9499,0.28,72.825,3.8062,8.6149,,1014589.44,166925.0198
000949.SZ,20260203,5.3587,0.8,62.5886,1.7348,1.4883,,1123378.1471,1123069.6578
002380.SZ,20260203,4.9059,0.85,23.4733,2.9908,3.8896,0.1318,728374.6547,430216.9862
603013.SH,20260203,1.0511,1.09,23.7728,2.8867,1.4323,1.5869,1291750.1453,1291750.1453
603268.SH,20260203,2.6372,1.11,66.5535,10.3527,7.0473,,8352576.519,1068348.3552
603739.SH,20260203,1.6769,0.51,46.4762,2.1894,2.7924,0.6515,388399.3093,388399.3093
301178.SZ,20260203,5.5665,0.74,,4.6455,12.0978,,358130.4496,265044.7641
002446.SZ,20260203,9.1374,0.68,,4.3284,9.2509,,1101245.116,1019876.0871
600515.SH,20260203,1.1757,0.81,166.2238,2.1887,11.3087,0.1109,5152814.6305,4138381.6411
300148.SZ,20260203,9.5741,0.9,65.5131,4.3065,8.6959,,444144.7138,429075.9672
603878.SH,20260203,6.6431,0.88,124.5831,1.9966,2.2891,0.9591,521857.8778,521857.8778
002443.SZ,20260203,1.9303,0.64,25.7573,1.297,1.0108,2.3112,443496.263,442551.4393
301141.SZ,20260203,19.303,0.93,193.2098,5.9761,10.731,0.1624,763916.8142,274153.1342
300886.SZ,20260203,3.9434,1.09,74.0761,3.712,5.9721,0.5192,215642.634,125832.2829
600050.SH,20260203,0.832,0.64,15.8906,0.8927,0.3832,3.6029,15038188.5823,14798843.3671
300149.SZ,20260203,2.5796,0.9,,4.3061,5.0517,,539792.9673,514415.4184
002197.SZ,20260203,2.7963,0.58,,2.582,6.6528,,535110.1103,465114.0105
688270.SH,20260203,8.8203,0.88,406.3591,19.7392,103.6951,,4389770.2128,4389770.2128
300093.SZ,20260203,1.0541,0.85,,,41.1149,,1012500.0,523125.0
600026.SH,20260203,1.8686,0.91,25.9343,1.9105,3.7372,1.1028,8673305.4715,5514470.1389
002145.SZ,20260203,1.6489,0.52,44.7023,1.6054,2.5867,0.3018,1937596.1411,1897996.3005
300310.SZ,20260203,5.9691,1.21,,3.1983,2.529,,610107.7035,478788.1886
601799.SH,20260203,4.8109,1.51,26.1437,3.732,2.7889,1.0376,4110069.8012,4110069.8012
300357.SZ,20260203,1.2532,1.17,37.2269,5.6262,13.8621,0.7925,1453469.184,1343762.2331
002639.SZ,20260203,15.1281,1.19,384.4392,6.3782,6.1404,,1598513.9063,1346131.3441
688630.SH,20260203,3.3594,0.65,111.4853,10.2965,19.4873,0.2131,2279114.3868,2279114.3868
301591.SZ,20260203,7.5454,0.61,58.0328,4.6561,9.7878,0.9073,417235.2,168385.676
002947.SZ,20260203,2.7143,0.73,20.9611,3.5602,4.2228,1.2912,1161140.7108,873021.6342
603015.SH,20260203,2.9327,0.82,132.26,4.4029,7.6113,0.3292,614008.661,614008.661
301176.SZ,20260203,3.4744,0.58,,2.6478,2.472,,401702.4008,133900.8011
301059.SZ,20260203,2.2036,0.83,46.426,5.2403,7.3346,1.2184,320148.29,286330.781
600768.SH,20260203,11.7001,1.24,108.3444,6.1789,1.5102,0.2795,239273.7408,239273.7408
300051.SZ,20260203,9.7295,0.78,,24.1271,8.0466,,389502.5214,384956.7877
002028.SZ,20260203,2.4439,1.34,49.2694,10.0525,7.3485,0.2497,15582681.8994,12158906.3705
002965.SZ,20260203,2.5607,0.56,37.0046,2.1588,1.2225,1.186,920869.8457,691992.9832
300635.SZ,20260203,8.101,1.06,,5.2456,2.9761,,197419.74,169784.0601
300643.SZ,20260203,1.5037,0.63,26.5912,3.4895,3.7456,0.8333,441463.0193,440694.2956
300207.SZ,20260203,2.2944,0.84,25.9421,1.735,0.7034,0.8932,4310129.8865,3998382.1993
601995.SH,20260203,1.1085,1.22,17.6346,1.7065,5.7887,0.524,16581627.3416,10042368.2814
603019.SH,20260203,2.0306,0.75,60.9127,6.0951,9.219,0.3075,12838841.0046,12835252.7316
601288.SH,20260203,0.1401,0.85,8.0774,0.8644,3.2319,3.6787,233088700.5594,212616644.3775
600612.SH,20260203,1.3789,0.39,14.5429,1.8223,0.4489,4.5759,2343567.5827,1420651.1424
002248.SZ,20260203,5.8256,1.14,169.3537,39.9045,11.6581,,380064.5616,380064.5616
300376.SZ,20260203,1.404,0.64,205.0102,2.3719,4.9706,0.3046,1587860.0046,1587310.6025
600686.SH,20260203,3.5475,0.61,37.135,3.7578,0.4902,0.6463,1220414.7037,1220414.7037
000623.SZ,20260203,1.8788,0.86,8.7884,0.7439,9.6381,2.5976,2256654.5953,2247461.1426
300045.SZ,20260203,7.1437,0.79,,11.575,27.9775,,1858804.037,1448258.4587
000518.SZ,20260203,1.157,0.52,,7.4274,7.7993,,266655.0615,266649.7445
600167.SH,20260203,0.3615,0.52,22.6288,1.4486,4.6637,2.8331,1570411.2813,1570411.2813
603299.SH,20260203,1.6048,0.76,16.6642,1.4173,1.8742,3.9695,872330.5534,868088.2111
002108.SZ,20260203,2.5963,0.59,51.6405,1.6059,2.815,2.0649,806164.5227,805626.6227
300079.SZ,20260203,4.7229,1.04,328.4005,2.0792,11.5282,0.1628,877007.2581,788109.9884
600025.SH,20260203,0.1242,0.79,19.4301,2.4353,6.4091,2.1517,16730722.6428,16164000.0
688132.SH,20260203,1.9548,0.94,,2.1159,11.5173,,291815.7161,207986.2914
688259.SH,20260203,2.0991,0.63,59.4635,3.1513,10.7625,0.5554,489469.4,489469.4
688536.SH,20260203,3.3072,0.67,956.0476,4.2752,13.832,,2630962.4098,2529902.9501
000505.SZ,20260203,3.6516,0.66,,1.6625,0.6277,0.2557,511772.9767,445195.7565
688203.SH,20260203,2.418,0.8,391.5666,1.8494,3.374,0.4437,272399.3234,166814.6014
300722.SZ,20260203,1.1814,0.66,145.7998,14.1484,23.1472,0.5545,898351.5341,898351.5341
688981.SH,20260203,2.8095,0.8,192.9702,6.1403,14.1881,,92829141.2661,23200924.256
300584.SZ,20260203,3.6947,0.59,119.0899,5.1113,8.6657,0.225,533280.0,364900.1552
003040.SZ,20260203,1.3616,0.89,1429.3662,5.9915,8.0842,0.1648,839267.469,831467.4696
688032.SH,20260203,1.7021,1.09,335.7062,2.273,6.4646,2.9714,1325725.8283,1325725.8283
605128.SH,20260203,1.0108,0.6,54.0201,4.026,3.5122,0.6522,838009.5241,838009.5241
000983.SZ,20260203,1.2524,0.55,22.3937,1.0406,0.9646,3.8266,3797980.6085,3797957.3105
688338.SH,20260203,1.0343,0.6,35.5054,1.8336,11.7346,1.1089,309405.096,309405.096
002638.SZ,20260203,2.7709,1.13,,2.0776,10.7239,,428105.116,403099.3132
301195.SZ,20260203,1.1924,0.7,27.9856,1.9215,4.5144,1.8524,463433.0686,307782.5554
002081.SZ,20260203,1.5832,1.01,21.5389,0.7175,0.58,2.6954,985125.0886,981148.4138
300423.SZ,20260203,3.0663,0.59,,3.0703,3.9928,,413929.3933,277355.9219
603102.SH,20260203,0.783,0.81,24.1777,1.8068,3.4992,1.5882,294080.0,294080.0
300359.SZ,20260203,1.371,0.61,,6.553,9.8921,,359733.3837,359715.3639
002452.SZ,20260203,7.3829,1.47,23.5654,2.5006,3.5244,1.0577,645145.3684,536540.9816
688088.SH,20260203,1.7752,0.85,87.0111,7.5196,23.0397,0.9407,2002241.4664,2002241.4664
002853.SZ,20260203,3.4314,0.57,,5.5452,8.1182,,516737.5531,363591.1024
920086.BJ,20260203,11.7891,0.94,37.1155,3.7264,11.704,,310118.08,99115.117
002044.SZ,20260203,5.4021,0.89,90.8159,3.5539,2.68,0.188,2810434.3167,2781695.4362
000151.SZ,20260203,1.6606,0.61,,13.4397,3.9323,,447353.5853,408321.4056
