ts_code,trade_date,turnover_rate,volume_ratio,pe_ttm,pb,ps_ttm,dv_ttm,total_mv,circ_mv
002050.SZ,20260327,1.8338,0.77,44.8984,5.7456,5.8822,0.8526,18241740.4082,15970996.3056
300788.SZ,20260327,1.3225,0.55,44.3024,2.6159,3.386,1.577,576349.242,576349.242
603788.SH,20260327,0.5706,0.63,17.188,1.6129,2.1806,4.6854,333259.2116,333259.2116
605259.SH,20260327,1.1484,0.75,14.933,2.0609,1.4465,2.7985,369797.12,369797.12
002117.SZ,20260327,0.941,0.65,26.6925,3.7974,4.2218,2.0528,535766.537,535596.4376
920925.BJ,20260327,1.5983,0.62,107.9587,4.3986,5.3213,0.1767,163641.5887,91900.3781
002634.SZ,20260327,3.4985,0.97,,,6.0247,,339461.5071,329974.2436
000859.SZ,20260327,6.511,1.42,,3.3922,4.0987,,924647.5117,924594.8797
688360.SH,20260327,1.489,0.71,54.7537,3.526,3.0082,0.552,511930.3396,489687.1939
688737.SH,20260327,1.4705,0.65,,1.7728,1.776,,313737.2716,313737.2716
300286.SZ,20260327,2.1992,0.52,35.1913,3.2049,6.6065,1.395,716491.7593,593613.3293
603883.SH,20260327,0.9819,0.88,24.5353,1.5332,0.4616,1.6306,1024501.8186,1024501.8186
300517.SZ,20260327,2.1592,0.54,,2.2379,7.4929,0.8761,225865.9841,139777.018
600638.SH,20260327,1.0405,0.76,24.9586,0.881,1.8817,0.6136,406058.262,406058.262
300417.SZ,20260327,4.1384,0.55,,3.6518,10.0362,,167665.7472,109102.5485
002756.SZ,20260327,5.8508,0.85,72.4674,3.5413,5.9243,0.9658,4378043.6063,3156881.5356
920245.BJ,20260327,0.6397,0.65,90.8341,3.3544,3.4192,0.6391,116641.596,89214.5188
688022.SH,20260327,1.5802,0.64,71.2639,3.6963,3.3823,,252209.5166,252209.5166
002404.SZ,20260327,1.6928,0.87,23.5827,1.9206,0.8274,4.4248,379714.9448,309023.6511
600057.SH,20260327,0.7378,0.8,10.4563,1.4035,0.0586,4.3089,2261109.1138,1665638.0905
000921.SZ,20260327,0.7439,0.72,9.1442,1.8189,0.3286,5.5286,3078546.3831,2040986.2352
002496.SZ,20260327,2.5986,0.88,,2.1967,8.4197,,290964.8077,214703.2883
601018.SH,20260327,0.2441,0.88,15.5102,0.9926,2.5807,3.3495,8015208.0204,8015208.0204
600749.SH,20260327,1.6152,0.66,125.9851,3.4195,18.0173,,367911.1031,367911.1031
002657.SZ,20260327,1.9031,0.65,,4.3908,6.484,,763416.7288,754576.0198
001259.SZ,20260327,2.542,1.04,479.7465,3.2898,5.7883,0.495,234969.3194,151809.5853
000981.SZ,20260327,3.9025,0.91,,25.7752,12.5909,,4338902.3654,4128796.5444
301032.SZ,20260327,2.5835,0.67,31.4361,2.3869,1.2369,0.8375,287913.2796,190888.0934
000408.SZ,20260327,1.2157,0.81,32.8119,7.7817,35.3402,1.2412,12640317.2473,12640184.4223
600117.SH,20260327,0.3908,0.54,,2.1202,1.4387,,852840.0925,852840.0925
000601.SZ,20260327,24.2402,0.98,158.3857,2.0564,1.7581,,830187.7927,818630.9875
600919.SH,20260327,0.4337,0.7,5.802,0.7966,2.3149,5.0444,19837781.7445,19837781.7445
300980.SZ,20260327,4.6625,0.65,115.7513,3.7243,8.9937,0.4631,524647.7524,373697.5024
605266.SH,20260327,1.0165,0.76,22.8126,1.1111,0.3208,5.5856,291777.0481,291777.0481
603326.SH,20260327,1.0557,0.57,15.9592,2.4862,1.959,5.0392,285024.9985,285024.9985
001914.SZ,20260327,0.4911,0.55,15.9528,0.9737,0.5418,2.4347,1044236.3793,1044232.6135
920247.BJ,20260327,0.7209,0.52,71.5823,6.409,7.0273,0.5683,307053.5795,222743.7629
603171.SH,20260327,0.5827,0.67,192.2427,8.1547,9.8599,0.3952,2058543.77,2056238.74
000735.SZ,20260327,1.5916,0.74,,1.8633,3.1865,0.2928,786483.7738,786063.0041
603303.SH,20260327,0.5003,1.22,24.995,2.0777,1.5277,9.777,660568.2364,660568.2364
002099.SZ,20260327,1.785,1.12,,2.2667,6.238,,1160618.8364,1158455.3678
920726.BJ,20260327,2.3693,0.95,87.0455,3.9039,7.972,1.0049,172025.64,94611.9109
300997.SZ,20260327,1.0928,0.91,197.4714,8.3438,5.814,1.4382,872322.1092,791800.1459
600548.SH,20260327,0.7585,0.9,20.3585,1.016,2.5257,2.6464,2339903.3491,1580700.7563
920080.BJ,20260327,0.8206,0.39,28.3484,3.5245,4.9945,2.1177,195963.0,53501.2068
600381.SH,20260327,1.2896,0.96,,1.6305,5.8962,,167899.3719,167899.3719
600602.SH,20260327,4.9108,0.72,152.9382,6.0172,4.6713,0.2122,2900835.3981,2278596.6418
002707.SZ,20260327,1.3608,0.55,130.2012,6.9448,0.9231,,643678.3466,540510.7324
000603.SZ,20260327,2.6457,0.55,51.7068,8.0692,11.7028,0.2599,2655002.0434,2565524.5494
301002.SZ,20260327,2.9277,0.61,,4.5314,5.173,,478890.2702,301612.3896
000042.SZ,20260327,1.1622,0.85,,1.8877,2.4809,,622281.9461,621626.8051
601069.SH,20260327,1.3789,0.68,60.4336,6.0665,2.2348,0.1661,2762149.3409,2689955.3592
002205.SZ,20260327,0.92,0.53,,6.714,3.2577,,241596.1964,241596.1964
301066.SZ,20260327,1.6664,0.61,120.4672,2.6554,4.7364,0.975,329597.1247,327062.688
301238.SZ,20260327,2.0877,1.35,280.9388,2.0748,7.5195,0.9862,1487199.9324,1487199.9324
600980.SH,20260327,1.8244,0.9,32.9723,2.7599,3.1421,0.6682,410701.8514,410701.8514
600252.SH,20260327,1.4905,0.96,,1.3826,4.9238,,799224.9306,799224.9306
002136.SZ,20260327,4.9018,0.96,,2.5271,1.6164,,273290.42,272573.271
300199.SZ,20260327,6.2858,1.84,,25.5795,18.489,,1660493.7117,1401911.9486
603080.SH,20260327,1.3016,0.55,17.0653,2.0573,2.0053,2.5282,313422.5,313422.5
002827.SZ,20260327,0.7718,0.69,45.2336,8.3546,4.8768,0.4661,889871.752,886512.0
688433.SH,20260327,1.3431,0.68,472.1612,15.5426,44.8258,0.0631,3209808.2,1566308.48
603868.SH,20260327,0.2889,0.7,31.84,4.383,3.709,1.5188,1433995.2,1433995.2
603506.SH,20260327,1.1769,0.62,19.9026,1.8512,1.2574,,230966.6682,230966.6682
688358.SH,20260327,0.6335,0.66,28.0145,2.3911,7.3038,4.4535,326734.0363,326296.9363
605277.SH,20260327,1.7103,0.43,34.737,4.5259,1.8622,0.6655,730916.5873,717712.0704
605167.SH,20260327,0.8293,0.48,33.8803,3.7408,2.5619,0.6786,739169.22,739169.22
603650.SH,20260327,1.3961,1.05,54.3772,7.8455,9.2374,0.9576,3111835.0815,3103705.0828
920469.BJ,20260327,0.8313,0.51,,3.7141,3.0575,0.5669,124314.372,91241.2789
300804.SZ,20260327,5.4772,0.58,72.0005,2.4255,4.1831,,330040.0,122650.0
600361.SH,20260327,1.2173,0.67,16.5928,1.3939,0.1924,1.9687,1541589.7831,1541589.7831
603100.SH,20260327,0.8177,0.38,15.6095,2.1862,1.4475,2.998,984266.1516,981132.1204
300865.SZ,20260327,1.4313,0.56,,2.8729,7.9866,,249916.16,146928.7561
300096.SZ,20260327,1.0523,0.62,54.0127,9.6522,6.6981,,338410.0,338410.0
600038.SH,20260327,0.5703,0.46,47.8744,1.5853,0.9941,0.6115,2735163.7586,2231567.8973
600128.SH,20260327,1.5803,0.62,58.333,1.2515,0.3517,0.9061,272337.9934,267002.435
603698.SH,20260327,3.2925,1.69,81.7968,4.6472,3.3919,0.5446,1604218.07,1604218.07
920166.BJ,20260327,12.2844,3.01,24.953,3.504,6.2017,,214136.4716,67586.8267
002730.SZ,20260327,13.8195,1.22,92.7529,5.4281,7.2502,0.5324,884199.067,845004.967
002284.SZ,20260327,1.1393,0.63,27.675,3.3239,2.0339,0.3475,1063565.4008,1052217.1949
002537.SZ,20260327,3.3508,0.75,45.6203,2.2182,1.4151,,938039.3793,934190.5963
600593.SH,20260327,3.2454,0.7,,20.6076,9.8256,,498039.01,491758.4
000809.SZ,20260327,8.8966,0.88,,1.2817,8.547,,342288.3866,342288.3866
601882.SH,20260327,0.8321,0.75,22.7179,3.306,2.8937,1.9282,974574.0,974574.0
000564.SZ,20260327,1.3788,0.79,,2.2374,23.4474,,3521322.354,2869428.3314
000617.SZ,20260327,2.9728,0.8,31.2314,1.2912,151.4777,1.0526,13451172.1401,13451172.1401
002578.SZ,20260327,2.1901,0.58,,2.3924,1.911,,363249.8808,333269.9111
300396.SZ,20260327,0.8575,0.74,,1.6729,6.2051,2.2356,317150.2872,316673.4665
002286.SZ,20260327,2.0948,0.79,26.0949,1.7056,1.3953,0.6066,376000.5714,365117.5044
002574.SZ,20260327,1.3657,0.67,,1.0176,0.9958,,303072.0,303072.0
300131.SZ,20260327,14.9967,1.27,344.4642,7.8087,2.5357,,1380183.6938,1267397.2995
600829.SH,20260327,0.9412,0.86,48.7684,1.9413,0.5688,,581048.3742,581048.3742
001225.SZ,20260327,5.8178,0.83,92.2279,2.2696,13.1683,2.5125,314513.97,100460.1411
301379.SZ,20260327,1.9848,0.47,31.3641,3.4895,2.8071,1.1292,493230.9327,316805.9819
300343.SZ,20260327,1.3249,0.9,123.3686,3.5294,7.5678,,679864.3597,678115.5314
300683.SZ,20260327,13.8293,1.77,,2.2743,8.1951,,508001.1315,473732.8717
301182.SZ,20260327,4.4664,1.11,,7.0915,8.0394,,541009.3182,541009.3182
600530.SH,20260327,1.3874,1.4,163.3762,13.0963,13.3306,0.2193,416906.96,416906.96
603577.SH,20260327,2.3962,0.62,28.8059,1.9609,0.888,0.7736,380514.0702,380514.0702
920016.BJ,20260327,1.7877,0.92,61.1677,3.301,5.4181,0.4245,126943.2009,56457.1725
300022.SZ,20260327,2.7165,0.58,,8.4951,1.6228,,451735.7073,451725.699
603073.SH,20260327,5.6698,1.0,23.6207,1.6574,2.8445,1.519,229100.0,100513.3748
301013.SZ,20260327,2.5628,0.61,,6.5395,9.2043,0.2329,501846.3412,406301.7968
920964.BJ,20260327,0.8148,0.71,406.6591,1.7425,1.5084,0.3367,155157.552,87732.1588
300354.SZ,20260327,1.9804,0.8,38.3789,5.787,8.9343,0.513,476236.452,279945.4891
600525.SH,20260327,0.9879,0.78,,1.9173,0.9248,,721372.7431,721372.7431
600455.SH,20260327,1.9935,0.54,42.8861,5.02,5.5379,,165950.906,165950.906
600380.SH,20260327,0.8032,1.04,14.7029,1.3512,1.3217,1.8215,2008739.8178,2008739.8178
603191.SH,20260327,3.2172,0.68,78.8961,2.9386,1.9672,0.2279,728891.8876,728891.8876
300633.SZ,20260327,1.0831,0.92,159.3834,3.4196,5.1405,0.403,1066636.0783,660598.345
002500.SZ,20260327,0.5217,0.7,22.071,1.098,5.8352,1.7857,2010272.0663,2010272.0663
002312.SZ,20260327,3.8711,1.23,41.0554,2.3266,2.3514,1.1909,2236935.4541,2232325.7496
920415.BJ,20260327,0.9106,0.61,67.6619,3.0811,9.82,0.284,171845.5486,132366.9325
688592.SH,20260327,1.6599,0.5,228.1351,3.5359,6.2774,0.2198,333106.942,159480.1402
301320.SZ,20260327,2.386,0.49,146.7788,2.879,3.3336,0.5876,305230.77,114386.7865
601330.SH,20260327,9.7125,0.88,19.5818,1.6972,4.0339,2.984,1386236.3437,958432.7352
603365.SH,20260327,0.4272,0.94,13.8134,1.8201,1.1984,5.299,537592.4224,532075.1104
603281.SH,20260327,0.4365,0.45,26.1054,2.5957,6.2964,3.0249,1219680.0022,1219680.0022
300005.SZ,20260327,7.0196,1.58,338.4336,6.1201,8.9308,0.079,1283135.5741,1272799.5847
002938.SZ,20260327,0.8075,0.82,31.1195,3.4076,2.9714,1.9928,11631979.9983,11588489.74
002659.SZ,20260327,1.258,0.52,,1.4372,9.0416,,311105.7997,311104.3374
002883.SZ,20260327,1.9049,0.5,,2.3289,5.0416,0.2068,151003.9795,148265.3224
300713.SZ,20260327,5.3122,0.51,,5.1009,6.7458,,260302.1284,146138.3959
603610.SH,20260327,1.3415,0.55,36.7161,1.7677,1.8843,0.6329,557726.7612,557726.7612
301512.SZ,20260327,2.4845,0.64,65.0215,2.3955,4.0952,0.8278,241600.302,112404.702
920748.BJ,20260327,1.6981,0.56,,12.2749,26.4536,0.283,271199.16,126043.7642
688139.SH,20260327,0.6788,0.72,38.6889,2.2901,4.1657,1.5186,970050.8059,970050.8059
002521.SZ,20260327,1.1256,0.56,41.129,1.1432,1.3223,5.0314,445248.5348,332634.2288
603358.SH,20260327,11.4737,3.42,34.0393,3.7831,2.7467,1.6502,1423321.5203,1379193.8638
300731.SZ,20260327,9.3691,1.17,260.5677,14.025,7.2807,0.1154,876545.3473,831880.3463
000910.SZ,20260327,0.5986,0.68,50.4439,0.5867,0.7912,2.6389,394126.2,393972.84
002933.SZ,20260327,1.0753,0.45,123.7662,2.5131,9.5173,0.061,384555.95,373869.807
600867.SH,20260327,2.7479,1.87,14.2192,2.4453,6.3585,2.7874,1743103.1178,1743103.1178
600389.SH,20260327,2.0379,0.77,25.5822,3.1345,2.1629,1.9366,1223046.0,1223046.0
002172.SZ,20260327,4.6305,1.38,74.3898,17.8897,1.6718,,312418.8029,312230.9678
300985.SZ,20260327,1.1775,0.46,,3.7832,2.7493,,381791.0466,379740.841
600495.SH,20260327,0.9073,0.58,137.2196,1.6451,4.096,0.3146,537644.9443,537644.9443
301263.SZ,20260327,1.9713,1.56,473.5523,6.3597,16.3515,0.768,1102889.52,786895.0546
301103.SZ,20260327,0.8895,0.69,290.1159,1.6136,2.8375,0.756,308151.6185,308151.6185
300201.SZ,20260327,3.1671,0.5,43.6532,6.9046,6.2007,0.2561,1165445.3661,1159297.8878
002090.SZ,20260327,1.8787,0.7,53.5762,2.8863,2.5654,0.5914,440234.201,435223.2457
920422.BJ,20260327,1.3673,0.87,51.1911,2.2273,1.9334,1.3876,95649.8095,71586.7495
920640.BJ,20260327,1.8131,0.74,81.5152,6.8424,7.1905,0.2963,633582.0,609532.5431
688615.SH,20260327,1.9187,0.7,53.3929,8.2989,13.3993,0.8248,2424800.0,1674328.6261
603418.SH,20260327,1.5337,0.54,19.2502,2.1996,2.0669,,970555.068,207939.9045
301678.SZ,20260327,2.5174,0.66,85.6868,7.6311,15.3481,0.822,1457215.9058,291443.1848
002536.SZ,20260327,4.156,0.72,53.0128,4.8097,3.6966,1.0263,1680099.1506,1591284.3422
688273.SH,20260327,1.0439,0.37,38.7804,2.9378,9.1706,1.7298,395800.0,395800.0
301001.SZ,20260327,3.3649,0.83,249.6059,2.9031,6.4016,1.3232,226720.0,142550.2
601226.SH,20260327,3.0356,0.7,85.4989,2.506,1.1928,0.3635,1091328.0543,1091328.0543
688265.SH,20260327,0.8624,1.08,98.346,1.8651,7.5713,,318948.7317,318948.7317
002104.SZ,20260327,2.4546,0.65,273.0195,5.2155,13.3833,0.5103,1117050.8459,945725.3293
300112.SZ,20260327,2.7998,0.66,,2.4366,2.2084,,227827.3268,186550.1554
002415.SZ,20260327,0.2185,0.54,19.6045,3.3377,3.0065,3.6297,27815385.1543,27455925.9821
300016.SZ,20260327,8.2646,1.66,165.4902,2.5024,4.9116,0.4446,553304.3192,552558.7383
002516.SZ,20260327,0.8053,0.72,44.5064,2.162,3.5838,1.4414,816315.4685,810823.7435
002335.SZ,20260327,3.9867,0.61,71.1858,4.7463,3.7193,0.1717,3001255.9607,2647558.806
301539.SZ,20260327,1.4131,0.59,45.7473,3.428,2.641,0.5294,279572.0,141791.7383
603811.SH,20260327,3.3837,1.57,17.3954,2.9784,4.9787,2.0171,393747.097,393747.097
301268.SZ,20260327,0.9958,0.45,,5.1282,2.8361,,862054.4826,742134.2988
002586.SZ,20260327,0.5174,0.59,,1.8238,2.249,,543506.2642,516571.0514
301165.SZ,20260327,0.9893,0.92,77.4514,13.1571,4.6618,0.5275,6527499.9963,6527499.9963
000850.SZ,20260327,0.8959,0.63,15.359,1.034,1.3978,1.9401,470888.8395,470755.0426
300241.SZ,20260327,8.0014,0.68,122.9373,2.0992,2.6699,0.2926,469176.7775,392874.5109
688378.SH,20260327,1.8238,1.01,116.5563,4.8408,16.2458,0.5486,937209.2129,863843.647
603193.SH,20260327,1.3398,0.86,28.0396,3.9407,5.6391,2.0321,856119.4524,218659.6404
920000.BJ,20260327,1.3386,0.79,21.2819,2.1805,3.3768,0.9512,144579.36,90825.6197
301383.SZ,20260327,1.6067,0.78,129.4067,2.2258,2.1905,1.4565,447288.4416,193341.8165
300221.SZ,20260327,4.9747,1.15,49.4214,3.3374,2.1228,,479439.7412,461970.7561
002426.SZ,20260327,3.1542,0.46,,5.2038,3.7461,,1255568.963,1255559.3598
603919.SH,20260327,1.0236,0.87,25.0347,2.6637,3.0399,3.92,887197.7348,887197.7348
300778.SZ,20260327,1.085,0.41,,2.047,18.2948,,252945.2754,252895.4016
600027.SH,20260327,3.4652,1.39,9.7557,1.2296,0.47,4.132,5922004.8338,4699995.4368
300353.SZ,20260327,1.6229,0.7,292.935,5.9879,12.36,,1189817.7247,1039596.2076
603755.SH,20260327,1.0658,0.64,32.9179,3.85,5.9194,1.7531,277203.0573,277203.0573
300681.SZ,20260327,1.842,0.7,38.7007,2.1559,2.0537,0.1175,653122.0956,492516.0221
002560.SZ,20260327,3.4889,0.71,59.6121,1.9016,0.6402,,509440.6743,438894.9859
300299.SZ,20260327,1.5917,0.64,,9.7474,10.9074,,419012.1516,418358.4126
002879.SZ,20260327,2.9009,0.68,29.176,2.2532,2.7095,0.948,390270.5404,278633.2591
920267.BJ,20260327,1.344,0.77,,3.8308,1.8236,1.0106,93967.9291,55792.8502
603352.SH,20260327,3.8124,0.41,36.6919,2.9776,2.32,,855213.3346,167605.6096
920057.BJ,20260327,1.165,0.88,118.1194,1.5477,0.7185,,110933.1378,70423.2555
300399.SZ,20260327,1.7654,0.66,270.9551,8.0847,8.6287,0.2381,414960.0,414919.5225
920076.BJ,20260327,2.326,0.51,22.0312,1.8728,1.6743,,177890.5624,42032.534
688201.SH,20260327,1.4395,0.52,55.1586,3.1745,8.0696,,437355.1123,417189.9084
300767.SZ,20260327,1.9929,0.49,,3.323,10.2447,,537109.7584,466350.0422
603387.SH,20260327,8.5247,0.78,24.0505,1.8658,4.8154,1.8182,502081.9818,502081.9818
300758.SZ,20260327,2.5449,0.89,70.0198,3.1937,3.5669,,546788.4158,492846.3975
000528.SZ,20260327,1.0315,0.51,13.0071,1.043,0.5776,2.8157,1904246.3694,1901742.891
300133.SZ,20260327,1.8515,0.64,54.1118,1.8881,6.5313,0.1788,1363331.6483,1164029.2665
300956.SZ,20260327,1.1955,0.6,244.5527,2.3325,1.4404,0.5597,320771.7857,313363.6176
600348.SH,20260327,1.0104,0.71,21.6694,1.2009,1.4159,3.3624,3315292.5,3315292.5
002471.SZ,20260327,22.8485,2.87,,6.9823,2.2508,,1218196.4,1194890.6491
300193.SZ,20260327,1.1734,0.46,17.1666,1.7547,3.2865,2.3557,404336.0844,356287.6655
300783.SZ,20260327,1.4039,0.58,32.9897,2.5217,0.6685,0.6683,749516.0334,522976.1694
300700.SZ,20260327,1.4528,0.45,,5.9763,12.6323,,520107.7581,354499.5572
600873.SH,20260327,1.1862,0.61,8.6057,2.0132,1.3187,3.6986,3244507.5891,3244507.5891
002932.SZ,20260327,7.6012,1.21,533.4033,0.6807,10.777,6.9578,378544.118,254122.6519
002597.SZ,20260327,1.1205,0.66,24.2595,1.7265,2.7199,3.4753,1306567.3995,1303116.4626
920751.BJ,20260327,1.0023,1.0,39.7714,4.6012,8.0245,1.4085,184841.4,176783.8763
601869.SH,20260327,5.0613,1.05,396.5308,16.3948,16.4797,0.0977,22706125.492,11144234.5998
920091.BJ,20260327,6.5904,0.7,95.6365,7.7778,15.5179,,370635.156,87436.206
600777.SH,20260327,1.0352,0.83,21.3403,1.5553,4.8199,,3658666.7539,3424989.9864
600759.SH,20260327,12.814,0.99,61.6728,2.9121,11.826,,2559938.7258,2556654.1263
603059.SH,20260327,3.465,2.53,,3.2914,2.3472,0.232,346347.1176,346347.1176
600096.SH,20260327,3.4852,0.84,12.297,2.5793,1.3096,4.6003,6340361.7624,6340361.7624
601811.SH,20260327,0.5082,1.16,10.5019,1.0794,1.404,4.4944,1647177.735,1057191.7065
600355.SH,20260327,14.3155,1.73,,3.5024,1.3803,,36906.69,36906.69
300534.SZ,20260327,2.0961,0.91,100.8383,4.1014,3.2156,0.4287,283020.885,281814.0383
000404.SZ,20260327,1.4149,0.72,10.8045,1.1539,0.422,4.2553,490677.1652,488367.2983
002052.SZ,20260327,1.7213,0.6,26.6384,25.274,8.2555,,841227.5779,770734.8393
002034.SZ,20260327,1.2491,0.71,13.0659,1.1429,2.3759,2.7131,783779.2018,779889.4607
300814.SZ,20260327,3.0346,0.76,460.4919,9.7427,9.0736,0.1195,1601504.4843,1601504.4843
001280.SZ,20260327,5.7728,0.8,95.8925,9.9721,8.2349,,16361386.3622,1250628.3059
000065.SZ,20260327,4.028,0.72,20.5627,1.4342,1.0737,0.9922,1596982.9686,1340573.146
920249.BJ,20260327,3.4202,0.48,70.6816,4.5566,1.4288,,347423.12,102727.7306
300824.SZ,20260327,2.1077,1.62,29.1161,4.3993,3.4779,2.0115,330584.1239,320609.746
000766.SZ,20260327,2.6107,1.55,332.9433,8.3159,15.3557,,1913659.5199,1912695.2084
000591.SZ,20260327,3.8478,0.57,22.5497,0.9916,4.453,1.9516,2389985.4782,2389436.8776
002993.SZ,20260327,1.6584,0.6,25.1116,2.745,1.8584,3.1193,1313122.28,1134292.0603
603259.SH,20260327,1.815,1.04,15.1131,3.6309,6.3671,1.7475,28942444.4035,23990818.3862
000541.SZ,20260327,0.4452,0.52,25.8956,1.2978,1.0017,2.1164,870786.2564,697712.3278
600222.SH,20260327,2.9311,0.92,86.8989,2.5742,2.2825,0.1897,408033.1472,408033.1472
688152.SH,20260327,0.642,0.48,,2.8609,11.2115,,348080.7652,348080.7652
601318.SH,20260327,0.7827,1.01,7.6513,1.0308,0.9817,4.5127,103123021.1615,60709070.6477
300531.SZ,20260327,12.799,1.23,75.5832,4.5839,4.1846,0.2467,644405.4828,619678.7872
300696.SZ,20260327,1.0011,0.58,201.484,4.3063,18.0359,,814965.2927,739164.862
600479.SH,20260327,1.7331,0.82,17.7159,1.6828,1.403,2.9546,509929.5766,433573.3732
688218.SH,20260327,3.2275,0.6,,3.2834,5.4755,0.7854,281753.8426,281753.8426
920122.BJ,20260327,0.8097,0.48,110.3661,7.0062,12.2494,1.0517,237707.9123,96315.7306
603309.SH,20260327,1.688,0.88,18.7206,2.4368,2.7887,4.478,457362.512,457362.512
002381.SZ,20260327,2.2508,0.77,39.8023,1.2681,0.9824,3.0581,269171.8675,209539.3659
600983.SH,20260327,0.4138,0.7,16.9919,2.8528,1.7887,2.8101,790965.048,790965.048
688759.SH,20260327,10.1698,1.86,,10.5888,,,1768194.0254,182549.1233
600064.SH,20260327,0.6565,0.56,6.1691,0.7285,5.0215,3.6188,1434451.5649,1434451.5649
002355.SZ,20260327,3.2063,0.5,,3.7384,5.1024,,457241.004,422825.9886
920950.BJ,20260327,0.4874,0.59,27.3406,3.5729,6.018,2.4116,114012.6,55544.7555
002609.SZ,20260327,1.1736,0.56,91.0902,2.2719,3.1308,0.8223,546279.576,390030.7622
000950.SZ,20260327,1.0308,0.99,25.7767,0.8397,0.1163,1.0686,966055.2451,966055.2451
688333.SH,20260327,2.3142,1.12,118.2588,4.9766,13.3247,0.1216,2482341.3525,2482341.3525
688062.SH,20260327,7.3272,1.97,,41.5255,21.9066,,1451347.2,741545.44
688003.SH,20260327,1.5861,0.76,147.793,5.7992,6.4888,0.8281,1161647.949,1161647.949
605199.SH,20260327,0.6322,0.92,,3.7324,2.4187,,257269.9275,257269.9275
302132.SZ,20260327,0.6826,0.53,83.6879,9.1442,3.7295,0.9337,18229007.3671,3998166.1222
000980.SZ,20260327,1.5459,0.59,,981.8359,20.8451,,1235424.1961,1232690.2249
920198.BJ,20260327,1.4546,0.59,,3.2134,7.8384,,138450.2022,60459.8306
300994.SZ,20260327,5.5454,0.7,21.1536,3.2433,1.0643,2.6008,358489.344,179429.232
000521.SZ,20260327,0.8612,0.76,9.559,1.0114,0.2011,5.4098,628253.4662,534103.6097
688509.SH,20260327,1.7825,0.69,,3.0162,5.8347,,342650.0,171232.529
300863.SZ,20260327,1.1069,0.71,58.2688,6.8629,2.492,0.4095,980207.9297,942145.7563
300427.SZ,20260327,4.3764,0.59,,5.1023,8.2936,,612258.4388,605617.8852
300743.SZ,20260327,1.9422,0.63,24.1278,4.2515,3.0319,2.8331,263867.8768,222332.0135
002449.SZ,20260327,2.0629,0.48,306.186,1.2735,1.4858,0.6337,487978.4863,487978.4863
002846.SZ,20260327,2.9351,1.23,,4.3013,2.7911,,607730.7913,371905.1849
003033.SZ,20260327,1.3757,1.06,24.7336,3.0968,2.2418,0.9436,433193.25,427860.559
002798.SZ,20260327,1.2399,0.58,,1.6811,1.3016,,319303.2534,274477.1222
002627.SZ,20260327,1.56,0.55,65.9522,1.9475,7.6014,1.1421,603592.9479,597350.6033
002384.SZ,20260327,4.5854,0.81,151.4335,8.8233,5.0305,0.0632,18801451.316,14230592.4866
003020.SZ,20260327,1.7015,1.43,28.1601,2.5996,3.1055,2.0843,457768.5121,331502.9269
603992.SH,20260327,2.0524,0.97,57.4636,4.7488,6.1072,0.9803,1633938.2322,1633938.2322
001314.SZ,20260327,0.9605,0.46,283.3407,2.7508,1.5216,0.224,568396.49,495676.4566
300662.SZ,20260327,1.1964,0.61,15.1495,2.0352,0.3168,0.6835,460723.6864,459499.8889
001308.SZ,20260327,0.2582,0.53,17.708,1.7373,0.92,2.7533,1377797.8116,972476.7742
300749.SZ,20260327,10.4932,1.37,,11.7455,7.246,,666185.0418,511063.5132
002228.SZ,20260327,1.5,0.71,43.4039,1.5315,0.4442,6.7911,472007.0097,470426.1448
000635.SZ,20260327,3.3706,1.27,,2.2857,2.0155,,352749.5926,328303.7353
603070.SH,20260327,1.298,0.95,65.7232,2.8225,3.0897,0.5277,607916.0,607916.0
603810.SH,20260327,1.0531,0.64,92.2525,1.7128,2.2701,,262886.6568,262886.6568
002923.SZ,20260327,4.0257,1.17,,5.1616,4.543,0.9294,540517.7636,416548.9205
300840.SZ,20260327,4.0765,0.62,,3.3376,6.3004,0.5624,426720.0,314857.37
003008.SZ,20260327,1.5763,0.44,26.509,2.2018,10.0457,4.4484,233792.0,175003.0346
688198.SH,20260327,0.147,0.75,65.573,10.9706,21.3493,0.8167,1345799.2594,1345799.2594
601126.SH,20260327,3.107,0.9,46.0119,7.7925,4.6553,1.5729,3814249.971,3777240.9612
002306.SZ,20260327,1.5577,0.94,,,5.0432,,193957.0375,181504.0289
688125.SH,20260327,1.1412,0.96,,10.8125,28.4452,,1975960.1254,1965455.0482
920832.BJ,20260327,0.9097,0.55,,1.234,2.3275,1.214,91445.387,81282.1045
600718.SH,20260327,0.7885,0.49,,1.1392,0.8884,1.6507,1080384.2834,1080384.2834
300530.SZ,20260327,1.6793,1.16,,87.0597,37.0025,,466332.072,466332.072
688115.SH,20260327,0.8191,0.66,,2.1267,10.4337,1.0886,269480.14,269480.14
000807.SZ,20260327,1.2564,0.7,19.9672,3.1922,1.6791,1.7403,9963441.6246,9963337.1795
603135.SH,20260327,0.8748,0.62,138.7215,2.165,9.46,0.6409,643136.6791,256194.3562
600438.SH,20260327,1.0268,0.62,,1.8314,0.8655,,7644379.1711,7644379.1711
603012.SH,20260327,2.1775,0.68,31.5256,1.3213,1.5715,1.2949,502330.5,502330.5
002488.SZ,20260327,1.2835,0.59,350.0228,3.2769,3.2289,0.0859,1148736.681,1061776.9348
002345.SZ,20260327,1.4649,0.61,47.6897,2.6884,1.176,3.3493,928495.7788,906318.2747
300087.SZ,20260327,1.3288,0.75,299.4633,4.4098,1.6747,0.6165,768286.0501,731761.9749
688620.SH,20260327,1.7688,0.69,,3.2257,7.7676,,417088.0,247186.9053
688683.SH,20260327,0.5314,0.68,120.4892,4.3386,5.3197,0.1982,511646.6128,492845.1025
600283.SH,20260327,1.459,1.08,22.389,1.6847,2.1471,2.6795,523249.6298,507707.9873
600063.SH,20260327,3.0754,1.09,32.8964,1.7025,1.7819,2.0439,1427683.4498,1427683.4498
002961.SZ,20260327,2.904,0.65,21.6294,2.951,6.0992,1.5731,1075007.958,1075002.8865
002670.SZ,20260327,0.6785,0.69,84.7332,2.4462,24960.3304,,2765235.9691,2319768.056
920146.BJ,20260327,8.1322,1.8,,4.9472,3.0756,,96923.1381,76924.9777
688076.SH,20260327,0.9214,1.12,28.203,3.0991,4.747,1.9507,922239.4354,922239.4354
300519.SZ,20260327,2.1318,0.84,42.6344,2.9838,9.6099,1.943,247040.0,176170.4
300468.SZ,20260327,6.1005,0.92,229.3965,10.3732,27.0089,0.3113,1704445.4713,1701698.5368
300123.SZ,20260327,1.6128,0.5,,4.404,7.2891,,647842.834,634265.5306
920924.BJ,20260327,4.8324,0.85,121.0879,6.7585,4.4499,0.2493,215558.6685,131332.6313
300188.SZ,20260327,0.8763,0.64,,3.4445,6.3936,,1065751.8644,1060826.3116
603118.SH,20260327,6.1776,0.83,,2.0427,1.1602,,1028970.2626,1028970.2626
300781.SZ,20260327,1.9587,0.66,,8.664,6.145,,578553.8982,426987.5251
002999.SZ,20260327,3.0414,0.68,52.8442,2.0706,0.1841,1.7367,248180.688,245412.4208
603021.SH,20260327,2.9383,0.69,,,5.7524,,226843.1816,226843.1816
000936.SZ,20260327,1.3689,0.71,20.351,1.2081,1.9466,0.5479,646789.4075,646697.756
605287.SH,20260327,4.6046,1.17,,3.8937,1.935,,604660.0,604660.0
002593.SZ,20260327,1.5659,0.48,43.4734,1.7801,1.2236,0.9328,430867.9035,299543.1272
688589.SH,20260327,1.3502,0.59,153.9703,3.3203,8.8485,1.144,316670.8407,316670.8407
000032.SZ,20260327,2.0378,0.61,144.7247,3.1148,0.4385,0.599,2279676.3874,2134811.523
600518.SH,20260327,0.9459,0.64,1462.6336,3.3866,4.6138,,2433885.8174,2432733.9851
603036.SH,20260327,1.1367,0.72,33.0952,2.7779,8.8183,1.0811,381111.1463,381111.1463
920018.BJ,20260327,2.6623,0.66,32.3278,3.6355,1.2942,0.364,349774.3123,121482.7786
600178.SH,20260327,1.3668,0.7,1303.6742,2.0741,0.9784,0.0442,527584.5381,527584.5381
002474.SZ,20260327,2.1439,0.56,,3.5065,9.8194,,479094.0,408689.7777
300238.SZ,20260327,3.9177,1.15,163.258,6.9723,10.2506,,397468.3958,397435.9889
002724.SZ,20260327,1.4274,0.42,,2.0021,3.1201,0.7066,543134.5878,399722.4451
300163.SZ,20260327,3.2986,0.77,23.8513,3.7718,9.0839,,221358.0,211919.9099
300205.SZ,20260327,2.743,1.37,,2.8272,13.9217,,277816.176,277816.176
002828.SZ,20260327,13.5125,1.06,289.4891,3.7443,2.3833,0.3858,260479.9296,250856.3196
002362.SZ,20260327,1.0466,0.45,,4.3607,2.3774,,458841.3705,389653.8104
001216.SZ,20260327,1.4881,0.5,19.4203,2.4221,2.939,2.3002,437996.1913,427017.0131
600703.SH,20260327,4.5297,0.82,664.6466,1.7726,3.4681,0.1502,6266207.5211,6266207.5211
002441.SZ,20260327,2.0221,0.61,25.988,1.2233,0.4918,4.9801,546721.7834,400676.0479
002607.SZ,20260327,1.8759,0.64,152.0472,20.02,7.4847,,1634360.8381,1347259.3052
600598.SH,20260327,2.4302,1.27,24.5879,3.5828,5.4834,3.4098,2867397.6932,2867397.6932
600281.SH,20260327,2.2794,0.86,,21.5001,6.0515,,280863.5057,280863.5057
600008.SH,20260327,1.3994,0.78,13.7723,1.1442,1.2,6.5421,2356329.6073,2356329.6073
000819.SZ,20260327,1.0354,0.65,,2.5535,1.5304,0.6825,541693.6058,535870.3606
002661.SZ,20260327,1.1101,0.72,26.0236,1.3079,0.6964,4.579,298491.4168,281856.348
300107.SZ,20260327,2.4349,0.53,344.002,2.6634,8.0053,0.2246,400700.9748,247268.7833
000001.SZ,20260327,0.4556,0.79,5.0161,0.4739,1.627,5.4266,21385321.8542,21384971.9196
002130.SZ,20260327,2.7538,0.66,29.3469,3.8737,3.9426,0.5694,3331731.9216,2723937.9674
603789.SH,20260327,0.9638,0.4,,10.3375,4.0629,,153294.0388,150280.0
002078.SZ,20260327,0.7207,0.9,12.8753,1.3749,1.0705,2.6649,4194597.2136,4168870.1772
002361.SZ,20260327,33.1397,3.35,373.1423,5.8604,5.1568,0.3666,1297211.6977,1103643.7502
600696.SH,20260327,1.4012,0.45,,1.9669,6.3702,,56525.3338,56525.3338
688403.SH,20260327,3.4739,0.85,84.8921,3.5131,7.3665,0.5974,1313540.8417,1313540.8417
601939.SH,20260327,0.8268,0.72,7.3089,0.728,3.2647,4.0624,246427559.3344,9037225.4649
603727.SH,20260327,6.09,0.79,96.6452,1.8554,3.125,0.2335,593864.2359,593864.2359
002066.SZ,20260327,1.4801,0.87,256.48,6.5795,1.2082,0.7454,464880.953,457149.0
688313.SH,20260327,9.6654,1.11,117.2156,26.3753,18.8107,0.0677,4004598.8661,4004598.8661
688336.SH,20260327,1.0329,0.81,15.0446,7.5015,10.5288,0.1716,4421172.756,4411868.7773
301658.SZ,20260327,34.2498,0.66,137.54,6.763,8.8622,0.2432,2136494.8504,213649.4876
002939.SZ,20260327,0.3683,0.58,14.985,1.1558,6.8315,1.875,3614846.5526,3227983.0294
603272.SH,20260327,9.662,1.34,160.163,6.001,14.5351,0.296,334922.464,334922.464
000815.SZ,20260327,19.4829,0.6,,10.4462,31.3281,,1410688.698,1410688.698
601128.SH,20260327,0.7893,0.59,5.6134,0.7918,2.0314,5.3137,2354729.183,2354729.183
001239.SZ,20260327,7.4407,1.95,72.1509,2.5323,1.6815,,342960.0,162906.0
000002.SZ,20260327,0.6764,0.5,,0.2756,0.1702,,4843868.0452,3944858.2494
300929.SZ,20260327,5.6171,1.21,,2.1688,4.6558,,174547.6349,167433.2573
688621.SH,20260327,2.6244,1.49,36.9443,5.9889,5.9485,0.2459,724416.0,724416.0
600535.SH,20260327,1.867,2.5,19.6586,1.7512,2.6373,1.4443,2172203.3073,2172203.3073
920305.BJ,20260327,7.9746,0.73,,2.0318,18.0394,,96369.819,59041.437
301275.SZ,20260327,2.9821,1.2,34.3093,4.2561,4.1139,0.3772,1702272.0,1182951.6033
002962.SZ,20260327,1.5309,0.5,107.4039,2.2548,3.4545,1.4459,399289.8669,286372.9028
002779.SZ,20260327,1.4159,0.89,347.6963,21.7127,16.4623,0.0883,1643796.0,1474865.1398
603065.SH,20260327,1.4298,0.92,94.8565,1.7191,2.4723,1.3789,346486.182,346486.182
300770.SZ,20260327,0.7254,0.59,13.5102,2.6038,5.4717,7.3183,890848.8908,890848.8908
600925.SH,20260327,1.8087,0.84,104.4475,2.179,2.6797,2.5051,3354888.8889,782145.6614
688381.SH,20260327,0.6906,0.49,,2.0757,9.3531,0.9748,525690.0,525690.0
002564.SZ,20260327,2.1555,1.14,113.7307,28.6954,2.099,,534238.5847,534238.5847
688159.SH,20260327,1.5506,0.43,144.9249,4.1255,1.1761,0.2481,370799.1006,370080.7206
600889.SH,20260327,0.6401,0.56,,6.379,21.6116,,796291.5704,522775.7563
000593.SZ,20260327,5.8079,0.87,3692.4541,6.2877,3.1299,,549781.3368,549554.6981
688183.SH,20260327,1.2897,0.55,45.5564,11.6806,7.069,0.6722,6711133.2399,6711133.2399
300533.SZ,20260327,2.0121,0.67,13.6413,4.2828,2.5586,3.5881,653445.5104,459798.0504
603256.SH,20260327,1.3201,0.75,385.507,23.0922,55.5303,,5932277.9063,5769252.945
600316.SH,20260327,1.3348,0.61,783.7685,5.387,5.3989,0.0422,2891405.7124,2891405.7124
300502.SZ,20260327,3.3692,0.63,59.1488,30.6191,22.213,0.0717,44472970.6282,39614537.3848
601888.SH,20260327,0.7408,0.78,41.5172,2.6839,2.7727,1.8144,14887412.9543,13989487.2728
002402.SZ,20260327,5.6076,1.63,45.3079,5.2774,2.5458,0.3324,2772065.5784,2439226.4762
920089.BJ,20260327,0.7236,0.45,16.4066,2.1291,1.3607,0.5571,270449.06,154041.068
000790.SZ,20260327,3.2357,0.89,,2.7227,3.8563,,253853.7811,253404.1479
603229.SH,20260327,2.5384,2.82,45.0552,3.5479,11.0872,0.9946,832788.0364,832788.0364
600818.SH,20260327,1.3055,0.57,,5.0688,2.6949,0.1135,283195.6087,209640.9187
002317.SZ,20260327,4.4051,1.8,,3.908,6.4331,1.0814,1574921.1739,1411277.0533
920895.BJ,20260327,1.8621,0.75,,4.8322,14.2573,,93660.268,47617.0433
601137.SH,20260327,1.1806,0.7,14.8805,1.6519,0.8656,2.4024,1691424.3119,1690171.7519
603898.SH,20260327,2.8039,0.93,240.4615,1.5975,2.9052,0.4829,502822.2751,502822.2751
600666.SH,20260327,43.0522,2.01,113.8396,14.807,39.5655,,1672880.0156,1471209.7845
603909.SH,20260327,1.6403,0.76,26.3552,2.4868,0.3769,1.087,287783.1466,287783.1466
601066.SH,20260327,0.1075,0.64,17.7412,2.0187,7.1807,1.5285,16746704.0667,14024153.7646
603061.SH,20260327,3.332,1.09,87.9613,9.6187,22.24,0.0638,1552740.0,1552740.0
605086.SH,20260327,0.6165,0.63,56.1918,4.9078,21.2427,0.537,627379.2,627379.2
688015.SH,20260327,0.5932,0.67,26.0912,1.5243,1.5995,1.0693,405852.276,405852.276
003041.SZ,20260327,1.8551,0.62,29.0216,4.9574,7.4075,1.5879,725472.0,689316.2892
002174.SZ,20260327,1.4233,0.64,,1.8676,6.3583,,925921.3638,925399.7947
002214.SZ,20260327,1.67,1.74,,8.3886,31.7244,,1102138.0068,880765.0582
000697.SZ,20260327,1.2156,0.72,,4.0374,7.2044,,1350017.3861,631554.8055
000026.SZ,20260327,0.9702,0.7,66.6377,1.7439,1.6585,2.7894,581865.586,522780.0911
603636.SH,20260327,0.8706,0.54,,2.393,5.5013,,537994.2048,537994.2048
920571.BJ,20260327,7.3052,0.62,205.0094,4.296,5.8294,0.956,580956.1958,294374.6148
002640.SZ,20260327,2.9129,0.93,,6.4829,0.9986,,553104.6722,549633.0118
600021.SH,20260327,0.8914,0.54,20.5633,2.5662,1.2812,1.4545,5422413.5643,5422413.5643
001226.SZ,20260327,2.1676,0.67,150.7894,4.4375,4.946,0.9236,323381.4777,146936.5377
300910.SZ,20260327,1.5322,0.84,19.1572,3.6918,4.0211,2.4699,1410723.4702,986404.3626
000978.SZ,20260327,8.9414,1.39,,3.1821,8.2296,,352501.89,352493.4188
603683.SH,20260327,4.1575,0.93,127.0621,5.0389,4.0042,0.318,814670.8759,806275.8686
000037.SZ,20260327,31.4621,1.76,157.0427,5.0841,21.3005,,747425.619,420246.106
920175.BJ,20260327,0.7328,0.6,,1.816,5.0856,,120547.0,80306.4462
601606.SH,20260327,6.4658,1.33,,14.0173,20.2064,,3101870.2372,3101870.2372
600084.SH,20260327,0.4942,0.66,672.3018,6.1669,50.1034,,797846.0493,797846.0493
300170.SZ,20260327,4.227,0.59,100.4981,3.5926,5.986,0.2376,1988231.9254,1900473.9105
002323.SZ,20260327,10.9065,0.63,,15.8912,15.2407,,555664.0472,555540.0641
920405.BJ,20260327,1.88,0.54,51.2393,3.7064,5.1014,0.6381,301559.0,236672.5504
600409.SH,20260327,3.2371,1.35,66.4189,1.0794,0.7717,1.0041,1500782.0487,1500782.0487
688260.SH,20260327,2.1452,0.57,,23.7134,5.7549,,324120.0,324120.0
300761.SZ,20260327,1.4616,0.99,26.4784,1.9006,0.9247,2.903,1713890.9551,1285549.0181
300385.SZ,20260327,26.6391,1.74,,66.7849,11.7655,,550357.0797,480174.6697
601609.SH,20260327,0.9803,0.76,22.1468,1.699,0.1361,0.9465,1688879.5146,1688879.5146
002177.SZ,20260327,8.8595,0.76,580.8734,3.421,97.0852,0.0914,583072.5312,516987.9257
605268.SH,20260327,1.5603,0.57,30.725,3.2451,1.6199,1.6393,544489.05,537400.85
002486.SZ,20260327,2.9733,0.6,44.4995,2.2209,1.9836,,240690.6652,239576.3275
300589.SZ,20260327,7.0625,0.64,,7.7286,6.0989,0.0622,607667.8056,372655.5246
301331.SZ,20260327,1.147,0.88,51.5445,2.5605,3.0197,2.0063,268342.0413,267830.6907
600550.SH,20260327,2.8667,0.7,181.285,36.5537,4.7148,,2861735.2579,2861735.2579
300270.SZ,20260327,2.7137,1.0,,5.6033,21.7646,,315826.6872,272150.2487
000798.SZ,20260327,4.1164,0.82,44.2066,8.5489,0.8527,,370249.0165,370226.2465
301282.SZ,20260327,6.1725,0.61,58.8973,2.9539,2.6287,0.7491,498913.0344,388138.697
002559.SZ,20260327,3.5344,0.77,69.2155,2.9432,2.4196,0.783,520627.4777,477355.4823
600421.SH,20260327,1.3094,0.9,,223.386,9.2052,,137702.4,137702.4
002897.SZ,20260327,6.0682,0.92,72.7225,4.2904,1.8655,0.1647,1178212.9896,1108598.0194
300150.SZ,20260327,2.1902,0.68,71.4339,1.9539,3.5272,,307765.7839,242077.42
603101.SH,20260327,0.9484,0.76,43.1433,2.7835,1.5712,1.8274,381964.8,381964.8
002095.SZ,20260327,1.501,0.62,,4.7824,7.155,0.2983,423558.72,421863.3035
301237.SZ,20260327,0.9928,0.62,,3.2961,7.3177,0.1813,431200.0,354998.875
600879.SH,20260327,2.6662,0.75,358.3643,3.3733,5.0433,0.2356,7001113.1867,7001113.1867
300461.SZ,20260327,11.1074,1.55,,16.4288,48.825,,873706.3776,799421.2187
603836.SH,20260327,0.9191,0.63,78.5685,1.5055,0.2899,1.1361,266600.5729,266600.5729
300316.SZ,20260327,1.4481,0.51,126.1834,3.2608,5.0035,0.9191,5689924.348,5351108.3564
600808.SH,20260327,0.7587,0.66,,1.2019,0.3725,,2887755.4448,2237906.6948
605288.SH,20260327,1.8392,1.08,144.8541,2.8931,4.6922,0.41,642134.987,637827.3144
301449.SZ,20260327,9.9905,0.48,41.6577,4.419,5.78,,502956.5271,107299.0688
688391.SH,20260327,0.6722,0.53,79.077,1.8233,6.2929,2.038,338979.3311,338979.3311
002051.SZ,20260327,1.5928,0.63,34.7827,0.9182,0.9371,1.4468,1069121.3216,1069059.7875
301369.SZ,20260327,2.5236,0.82,503.7244,6.6112,30.9035,0.2906,986079.4609,508069.3969
688363.SH,20260327,0.5419,0.95,69.0234,2.8361,4.7644,0.2619,2009079.9474,2009079.9474
600877.SH,20260327,1.1201,0.67,954.2527,7.5805,19.4617,,1873182.1163,1873182.1163
300841.SZ,20260327,1.5268,0.86,40.4145,2.0959,6.0664,1.768,734979.6607,672663.9794
002801.SZ,20260327,2.6749,1.72,19.5782,3.7276,4.8372,1.595,713466.624,359798.9889
920806.BJ,20260327,0.4318,0.63,44.0152,2.1747,2.1243,0.8953,335922.857,335922.857
300839.SZ,20260327,1.8756,0.54,,4.9774,1.339,,374898.7038,368194.7914
002731.SZ,20260327,9.6513,1.05,7.2869,1.0668,0.4439,1.1553,199545.524,178902.3356
002102.SZ,20260327,3.2691,1.09,,2.4726,0.8096,,819432.4675,719228.3225
300883.SZ,20260327,3.036,0.7,,1.6014,2.5633,,227668.0,217583.8704
603131.SH,20260327,1.4598,0.71,,4.2362,6.8688,0.0563,677520.4194,677520.4194
920570.BJ,20260327,1.4992,0.68,150.0513,4.2409,12.2022,0.3082,148000.972,71876.2338
000975.SZ,20260327,1.5893,0.87,26.3968,5.2583,4.5876,1.292,7844240.3986,7139996.6458
002037.SZ,20260327,0.9668,0.68,,2.0775,0.5689,,390010.1542,390010.1542
600289.SH,20260327,1.8299,1.3,,4.1892,14.6175,,468240.6352,419914.6315
300395.SZ,20260327,3.1881,0.67,119.0378,10.8109,27.1843,0.1376,4919761.4797,4819550.1632
601607.SH,20260327,0.3343,0.88,10.9633,0.8215,0.2205,2.4566,6189255.8592,4655187.3258
002458.SZ,20260327,2.0847,0.95,62.872,2.4015,3.5228,2.61,1040028.1401,677165.7173
600019.SH,20260327,0.4535,0.88,14.8379,0.6857,0.4493,3.3669,14005880.4936,14005880.4936
603507.SH,20260327,13.828,1.45,136.9905,3.2169,1.9911,0.7,779041.6247,768351.5417
600886.SH,20260327,0.307,0.77,17.8033,1.7683,2.1702,3.1182,11718579.5996,10912919.2228
688171.SH,20260327,1.1102,0.8,332.147,4.8779,29.1871,0.0855,406049.6698,406049.6698
002666.SZ,20260327,2.3166,0.67,61.4434,1.2242,0.797,1.6465,432611.6162,274866.8423
000409.SZ,20260327,0.7383,0.49,110.4063,4.3963,4.9931,,691305.5151,602293.8167
600395.SH,20260327,2.6914,0.91,256.7277,1.2607,1.3682,0.6483,1324467.5596,1324467.5596
300906.SZ,20260327,1.7375,0.9,36.5707,2.7651,15.5991,1.6062,249040.0,224749.261
601890.SH,20260327,2.5538,0.62,32.7412,2.6531,4.7549,1.3672,982425.6,982425.6
301498.SZ,20260327,2.1072,1.65,31.7168,4.7294,3.3537,0.9451,2116498.9594,948394.6188
300535.SZ,20260327,3.8722,0.9,,2.1893,2.8551,,212006.3486,160780.0321
000533.SZ,20260327,15.4619,0.67,102.2071,11.1354,4.5288,,1055566.848,1046530.8672
003031.SZ,20260327,2.7582,0.63,57.2958,5.5836,12.0937,0.5392,3513701.7716,2649820.6618
600106.SH,20260327,0.629,0.51,31.6918,1.4064,64.4963,0.6569,728305.734,728305.734
002009.SZ,20260327,4.4724,0.6,,4.8389,3.4142,,968979.7957,853081.2687
000586.SZ,20260327,3.1538,0.66,361.7202,8.5798,5.7387,,290546.88,287167.38
688013.SH,20260327,1.6613,0.88,35.37,5.2694,9.1032,2.6994,297435.274,297435.274
601800.SH,20260327,0.1699,0.68,6.0294,0.429,0.167,3.6303,12515201.409,9057618.226
603568.SH,20260327,0.2884,0.95,16.4809,3.0752,6.4177,1.8086,4495926.6671,4487818.8311
688425.SH,20260327,0.3572,0.62,17.5862,1.4029,2.5963,1.7382,2608080.033,2608080.033
688428.SH,20260327,6.9684,1.64,69.4907,5.778,18.7988,,4464549.1986,678950.084
002273.SZ,20260327,2.0276,0.63,27.9667,3.3601,4.8134,1.2813,3220704.2238,3154882.6539
600487.SH,20260327,5.6968,1.0,42.6632,3.923,1.7964,0.4656,12072990.098,11969161.6069
002881.SZ,20260327,1.7776,0.71,73.513,4.4282,3.2312,0.3384,1156987.6677,696954.5601
301092.SZ,20260327,3.1029,1.01,42.3818,2.2893,6.9342,0.7828,443831.9019,200211.6386
920720.BJ,20260327,1.5823,0.82,51.3251,6.2849,4.3754,0.9655,315220.6946,88080.4359
600673.SH,20260327,1.1508,0.52,95.0715,9.4522,6.44,,9203219.3704,9178764.1408
688733.SH,20260327,1.5823,0.6,,2.5491,8.5292,0.3684,537395.2611,537395.2611
300143.SZ,20260327,4.2527,0.94,78.4395,3.7195,5.5589,,939062.8598,803628.0645
002298.SZ,20260327,10.9106,0.71,,3.7763,4.0101,,861489.0888,769000.688
300292.SZ,20260327,3.2736,0.56,60.8218,4.5291,1.4416,,634654.8327,527841.8965
688258.SH,20260327,2.4231,0.68,161.7952,14.7496,39.3455,0.1791,1328688.0554,1328688.0554
688073.SH,20260327,2.2682,0.83,32.9194,2.4479,3.7848,1.554,501037.6923,238349.9902
300855.SZ,20260327,2.3949,1.31,113.1344,7.5908,14.4311,0.6609,1496295.6645,1108253.0701
301215.SZ,20260327,0.5544,0.61,36.7867,2.7687,14.1535,1.499,794340.0,793440.0
001289.SZ,20260327,0.2155,0.74,29.0503,2.0367,4.6418,1.7922,15290103.764,9221697.586
000685.SZ,20260327,0.8822,0.68,11.635,0.8985,2.9185,0.7451,1615246.9293,1373088.5663
002986.SZ,20260327,1.7719,0.64,,1.471,0.7626,2.052,560679.0532,445210.227
301325.SZ,20260327,3.4937,0.9,,2.266,3.9712,,641761.2636,258210.362
300268.SZ,20260327,1.203,1.0,,,1.4706,,243705.8,187056.7925
600202.SH,20260327,1.7971,0.49,,2.8391,1.7741,0.1672,229237.7219,229237.7219
600675.SH,20260327,0.4946,0.79,135.5623,1.1132,1.5234,,1608271.998,1608271.998
603018.SH,20260327,0.7646,0.5,14.7438,0.9415,1.1585,1.3651,495752.3922,495752.3922
301187.SZ,20260327,1.3476,1.32,26.3143,3.4579,2.7433,2.3102,524398.2609,524396.5639
002795.SZ,20260327,4.4174,0.67,,7.7205,4.4355,,344957.8805,339289.0076
300575.SZ,20260327,4.3685,0.79,,1.4957,1.1739,0.787,295258.2956,212136.3857
300247.SZ,20260327,1.2677,0.6,47.7527,3.2524,4.2485,,367446.423,367096.818
603038.SH,20260327,0.7747,0.45,113.0156,2.8407,2.809,0.3394,395761.3771,395761.3771
002030.SZ,20260327,1.0815,0.91,,1.0824,10.9455,,837857.2811,837857.2811
600157.SH,20260327,5.1675,0.67,145.9424,0.9133,1.8128,,4298099.5366,4298099.5366
001208.SZ,20260327,4.6257,0.73,104.1662,4.1391,2.7047,0.2767,1197545.4104,494134.1734
002772.SZ,20260327,2.8274,0.54,18.455,1.7817,2.946,2.7279,618175.4163,613265.7365
603212.SH,20260327,3.8055,0.64,,2.3882,2.2305,,610299.4372,610299.4372
002394.SZ,20260327,1.7387,0.47,13.3516,1.0332,1.255,0.7246,446706.0,446134.1363
920099.BJ,20260327,1.6509,0.64,22.6471,2.635,4.1897,0.6441,243431.9938,151678.8929
002723.SZ,20260327,2.6555,0.6,,3.2542,2.7702,,306426.5857,292378.8157
300050.SZ,20260327,4.9157,0.48,229.5523,8.6901,12.2193,,355784.9069,355568.0005
603819.SH,20260327,7.5498,2.45,108.7586,3.5676,1.9445,0.1521,286315.1959,286315.1959
920656.BJ,20260327,1.5926,1.12,21.663,2.1394,6.8224,1.3289,150500.0,48726.3029
000612.SZ,20260327,3.2888,0.91,13.0114,1.9382,2.1458,1.1121,1393681.0916,1393681.0916
301101.SZ,20260327,1.045,0.92,35.4099,3.8924,8.2227,1.5007,668818.6599,633653.0252
605337.SH,20260327,1.0419,1.0,19.8979,2.8896,3.222,6.6945,426771.8867,426771.8867
300239.SZ,20260327,1.6268,0.9,49.2071,1.982,4.2745,0.4346,335388.4821,333215.4074
601333.SH,20260327,1.1427,0.77,16.7984,0.7791,0.7761,2.2581,2195896.47,1752193.47
688678.SH,20260327,4.524,0.89,138.3039,3.3874,3.8718,0.3395,763598.8862,763598.8862
301391.SZ,20260327,1.0064,0.58,309.093,3.1315,10.374,0.17,649996.3221,635088.4764
300583.SZ,20260327,1.5701,0.83,,1.5242,2.8194,0.1409,269187.3168,264145.326
300636.SZ,20260327,2.4734,1.17,35.1914,1.4,4.0306,0.5051,332601.584,290947.2857
002952.SZ,20260327,4.2763,0.69,320.5265,4.5598,4.5691,0.2047,396552.42,317659.4622
688236.SH,20260327,0.7444,0.97,27.5564,2.5818,7.1843,1.3185,749876.4175,563876.74
002241.SZ,20260327,1.5323,0.65,27.6354,2.2836,0.8082,1.2897,8034431.4159,7111766.4033
603092.SH,20260327,8.3212,0.9,35.3434,5.2138,5.1797,,2763200.6908,231089.5937
300775.SZ,20260327,3.0332,0.7,41.102,3.2084,12.737,0.5834,1876995.4421,1822271.1449
300043.SZ,20260327,2.0306,0.73,170.4627,4.0846,3.4174,0.1769,701727.8982,701356.2786
603685.SH,20260327,1.0236,0.59,322.1612,3.5198,5.7396,0.0195,695133.0734,558060.1192
688526.SH,20260327,0.5282,0.86,16.4874,1.6153,7.2105,2.9113,685208.2423,685208.2423
000301.SZ,20260327,0.2831,0.68,,2.1283,0.5853,,7113683.8211,7110805.9816
920002.BJ,20260327,1.4167,0.54,59.3506,5.2232,10.5331,0.4316,371986.7634,260415.5161
002164.SZ,20260327,1.2233,0.47,103.6769,4.4618,4.2806,,639140.6005,576209.9467
301077.SZ,20260327,1.1649,0.71,30.4738,3.9923,5.8499,3.1499,457172.1934,256442.2668
300248.SZ,20260327,3.159,0.97,51.0967,2.3027,5.0323,0.7797,488733.4512,419750.0498
605298.SH,20260327,0.5618,0.6,110.6777,8.1643,15.0463,0.3307,852087.6,844834.536
603948.SH,20260327,1.1945,1.12,19.6725,2.0474,1.9713,3.7807,429783.8467,429783.8467
002796.SZ,20260327,7.3816,0.9,866.5056,13.1818,12.1632,,1128584.9915,1018311.0838
600655.SH,20260327,0.2452,0.75,,0.5992,0.4944,4.0899,1798315.7221,1797108.9781
600307.SH,20260327,4.1561,0.69,,1.959,0.4062,,1334095.1313,1334095.1313
601006.SH,20260327,1.0851,0.99,16.0631,0.6492,1.399,4.1431,10698151.3672,10698151.3672
603828.SH,20260327,0.7854,0.63,,5.8919,1.9582,,379626.6206,379613.5411
603955.SH,20260327,0.8546,0.79,,2.2127,17.363,0.2008,337942.8,337942.8
002763.SZ,20260327,1.3342,0.65,39.2979,1.6472,1.0227,6.0,307443.0,227699.4
603711.SH,20260327,0.343,0.76,35.3444,1.5652,1.7043,1.9968,516918.3732,516918.3732
600982.SH,20260327,20.3029,1.28,24.9372,1.8657,2.1336,2.0408,821456.2015,821456.2015
300921.SZ,20260327,5.927,0.67,132.2619,5.5586,8.1538,0.2829,460412.7049,287326.1728
920275.BJ,20260327,0.6916,0.69,253.0526,4.9355,15.0021,0.8299,115230.0048,95374.1987
300953.SZ,20260327,3.9563,1.01,61.7199,7.1208,3.4981,0.0841,3045748.5232,2186867.7556
600246.SH,20260327,1.4264,0.77,,3.4571,40.1195,,1927443.5762,1875289.1762
600739.SH,20260327,0.5296,0.65,19.6801,0.5772,1.5268,0.1793,1697977.8958,1697977.8958
300790.SZ,20260327,1.815,0.78,36.6896,3.3952,2.8083,0.6372,873941.9396,758320.5264
300054.SZ,20260327,15.8929,4.06,69.8606,9.6949,13.7473,0.1877,5031393.5697,3915581.5462
688049.SH,20260327,2.9847,1.27,39.1107,3.9112,8.675,0.635,800165.8252,800165.8252
301069.SZ,20260327,2.3056,1.14,79.5626,4.3189,9.4505,0.4424,950759.5324,895372.3324
688130.SH,20260327,2.1078,0.77,,2.0379,14.5416,,252420.6043,125875.2763
688319.SH,20260327,2.8267,1.54,542.7277,12.6018,17.135,,1206578.2686,1205687.2582
601696.SH,20260327,0.6871,0.6,31.0415,1.8309,10.0254,0.3124,3414162.0,3414162.0
001356.SZ,20260327,1.2008,0.73,49.2179,3.2248,3.1774,0.3402,658270.44,224122.4198
002582.SZ,20260327,5.1997,1.31,,1.61,3.234,8.6776,502775.9616,386583.994
001298.SZ,20260327,2.5066,0.68,112.8557,5.1749,1.0274,0.1428,859957.2003,474552.2076
688510.SH,20260327,1.8895,0.57,80.3783,6.8024,11.749,0.6295,820870.0091,820870.0091
301528.SZ,20260327,1.8584,0.86,60.9763,2.4032,18.628,0.273,367376.5,189029.4948
301167.SZ,20260327,4.3704,0.67,81.727,1.9255,5.2941,0.3701,181552.0,115282.1094
001286.SZ,20260327,2.4109,0.7,14.4718,1.6184,1.8683,3.1858,4237500.0,1186500.0
600203.SH,20260327,1.4218,0.63,,3.7214,0.5315,0.1838,645171.0332,645171.0332
000852.SZ,20260327,1.7849,0.64,349.5004,2.1456,0.9332,,673001.2531,665799.5633
002390.SZ,20260327,1.6309,0.87,81.4171,0.9303,1.0951,1.8122,627864.1534,622685.2896
300708.SZ,20260327,5.3374,0.71,43.5067,3.1181,2.8521,,891969.3868,674513.5413
301171.SZ,20260327,3.7607,0.76,131.5019,5.6075,5.4284,0.2629,2079129.2974,1683821.8583
301662.SZ,20260327,12.5773,1.83,88.2607,7.6969,6.6641,0.7206,1110240.0,230760.9137
001309.SZ,20260327,8.5814,0.77,125.8556,26.4971,8.0294,0.056,8663008.8334,6143691.0435
603416.SH,20260327,0.7184,0.72,32.9555,3.0391,4.1104,2.9641,772650.6585,684667.665
000550.SZ,20260327,0.4388,0.54,12.6794,1.2873,0.3846,4.0802,1506308.43,904718.2142
300173.SZ,20260327,1.418,0.7,57.9715,3.3901,2.3551,,327687.6613,327687.6613
002455.SZ,20260327,14.6774,0.65,794.9252,4.9138,1.4457,0.4164,856326.3847,748209.9891
600512.SH,20260327,2.6044,0.85,141.2597,0.6137,0.9834,0.8264,385702.2569,384152.0494
601877.SH,20260327,1.3873,0.59,16.0047,1.6682,1.1304,1.7643,7291451.7356,7291451.7356
600126.SH,20260327,2.379,0.59,,1.4287,0.4573,,2786180.9935,2786180.9935
300151.SZ,20260327,3.3058,0.99,120.4417,5.3561,8.3112,0.4805,831246.2789,575275.508
000726.SZ,20260327,1.127,0.65,9.1387,0.5951,0.9539,2.8612,571297.5371,411793.3338
002813.SZ,20260327,1.0276,0.79,,13.1066,7.9014,,295200.0,294845.9445
002274.SZ,20260327,5.0066,1.2,,1.152,0.9565,4.5662,625703.5724,616166.8784
601228.SH,20260327,0.4997,0.92,28.6156,1.2047,1.6743,1.1504,2557596.128,2557596.128
601326.SH,20260327,1.3008,1.11,12.7528,1.0165,2.9421,2.3035,2061755.028,1755539.271
300587.SZ,20260327,2.9058,1.13,,3.1154,4.6937,0.4687,746504.5583,604864.0688
688070.SH,20260327,1.1445,0.58,360.3629,6.6026,6.756,,419595.78,419595.78
002997.SZ,20260327,1.9411,1.42,13.8209,2.5729,1.8943,1.5055,625661.4404,625661.4404
002170.SZ,20260327,4.5457,1.13,14.2705,3.623,2.7142,3.3381,1272485.9935,1031735.2254
300075.SZ,20260327,1.6323,0.78,,2.2864,14.8569,,796909.9927,661307.5647
000820.SZ,20260327,1.131,0.65,,14.591,22.5177,,217242.5401,99780.8707
000901.SZ,20260327,2.0771,0.77,148.5568,4.0564,2.9211,,1752850.2876,1752832.6647
605218.SH,20260327,0.9784,0.51,85.611,2.3338,1.9052,0.2796,418612.579,366924.885
002245.SZ,20260327,6.6317,1.1,28.5439,2.7722,2.6547,0.3648,2052628.9453,1930507.3911
000703.SZ,20260327,0.746,0.5,191.2731,1.922,0.391,0.3685,4478058.7992,4454125.8908
688005.SH,20260327,3.6348,1.03,,2.7071,1.7648,1.2039,2165618.1741,2165294.8186
920039.BJ,20260327,0.3052,0.45,43.9228,2.6841,4.9829,2.1345,144129.34,144129.2463
601398.SH,20260327,0.1035,0.75,7.1914,0.699,3.157,4.1351,263740630.2459,199513037.2789
002031.SZ,20260327,1.7098,0.6,,6.6031,20.318,,1403214.4375,1236924.7911
920261.BJ,20260327,0.5446,0.5,21.6228,2.4952,0.5485,2.0616,411370.5729,241416.7402
300341.SZ,20260327,0.8879,0.81,40.7889,3.8851,5.1323,0.4844,747657.9355,744707.5345
605123.SH,20260327,2.3892,0.93,45.6597,2.5193,3.2526,0.7971,1152335.1829,1152335.1829
600717.SH,20260327,1.1012,0.9,13.6925,0.6679,1.0498,2.2414,1342816.4816,1342816.4816
301262.SZ,20260327,2.3392,0.64,24.6425,2.6532,10.2895,2.6886,961602.0,281505.854
605068.SH,20260327,0.8325,0.66,,2.9323,3.0509,,441017.7079,441017.7079
688033.SH,20260327,1.6478,0.52,,3.2533,6.9384,,473933.4164,473933.4164
301667.SZ,20260327,26.9571,0.61,93.4665,8.1644,5.8633,,1015411.6728,204542.1157
603280.SH,20260327,4.1443,0.54,44.6892,2.7495,3.7412,0.7549,373352.5611,96231.1011
600481.SH,20260327,3.7706,0.51,,2.7071,1.6386,,1436656.6337,1436656.6337
002845.SZ,20260327,2.5648,0.5,,1.869,0.4357,0.2848,444487.6637,339569.3713
002615.SZ,20260327,2.4802,0.63,22.256,2.1158,1.0584,1.932,359958.6891,236264.8957
301030.SZ,20260327,5.6104,1.02,,2.6613,,,223835.963,223528.9153
920223.BJ,20260327,1.2863,0.56,,10.1475,5.6032,,246780.165,128004.9038
002056.SZ,20260327,1.8509,0.68,14.8158,3.401,1.5467,3.8227,3486043.9746,3482442.7381
600188.SH,20260327,0.726,0.48,20.1841,3.9223,1.489,3.5311,20466422.8292,12155196.7688
002459.SZ,20260327,2.7349,0.67,,1.7455,0.7522,,3955076.6844,3950375.276
688188.SH,20260327,0.502,0.97,34.45,6.3418,17.3928,1.6686,3819030.7444,3819030.7444
600416.SH,20260327,1.1309,0.65,67.103,1.9567,3.8783,,1890477.2339,1890477.2339
300897.SZ,20260327,1.6431,0.83,79.9666,3.5297,6.2551,0.8608,346202.6961,215839.6541
300119.SZ,20260327,1.61,0.99,20.7327,1.8558,2.2424,1.5745,867232.2814,625039.1312
603937.SH,20260327,12.2828,2.39,,1.8769,1.5796,,289520.1207,289520.1207
600580.SH,20260327,2.0988,0.42,52.683,5.4116,3.8392,0.328,5932922.3068,5915888.2768
600682.SH,20260327,3.671,1.74,42.5637,0.5312,1.4244,0.2279,940247.4225,813678.1322
603298.SH,20260327,0.454,0.81,14.771,2.9232,1.8349,2.8192,3252263.3177,3252263.3177
300745.SZ,20260327,3.1036,0.89,,1.9193,1.6755,,436081.5872,368159.9307
603936.SH,20260327,5.2413,0.74,,1.9213,2.387,,840320.5393,840320.5393
301023.SZ,20260327,2.4661,0.77,37.7344,3.8288,10.8213,2.88,304771.7684,169749.6479
600959.SH,20260327,0.9151,0.73,42.5559,0.8534,2.3844,0.567,1940278.4622,1940278.4622
002163.SZ,20260327,2.8579,0.76,,15.6795,3.0421,,1104359.9322,1050238.3796
002065.SZ,20260327,0.7132,0.51,70.9942,2.0968,1.8775,0.6266,2557974.9353,2320521.4759
688041.SH,20260327,0.7916,0.86,202.0099,23.6796,35.7239,0.1174,51356250.1206,51356250.1206
603016.SH,20260327,4.3137,0.74,91.5167,7.3535,9.6585,1.1556,606418.88,606418.88
920856.BJ,20260327,1.2243,0.67,69.4073,2.6,2.9104,0.7036,122903.6034,68553.5678
002926.SZ,20260327,0.3704,0.61,14.1762,0.8942,4.1952,1.5097,2173500.0,2173500.0
000776.SZ,20260327,0.4604,0.66,10.3657,1.1033,4.1815,2.7337,14311642.4396,10798506.1898
600265.SH,20260327,0.1378,0.28,,308.8014,10.8408,,268296.6,268296.6
600702.SH,20260327,1.6199,1.26,67.5645,2.1877,3.4095,0.9387,1506732.2041,1506098.2841
002201.SZ,20260327,3.3935,1.08,93.1933,6.2885,4.1617,0.2149,727877.6812,672460.1601
603722.SH,20260327,0.6757,0.43,,3.4736,7.5563,0.2885,331759.8108,324901.9108
301398.SZ,20260327,2.8496,0.67,76.352,4.7184,12.8202,0.5668,529312.0,175896.994
600824.SH,20260327,0.7726,0.65,225.9862,1.7524,6.4847,0.4489,422664.8563,422664.8563
600011.SH,20260327,1.1388,0.68,8.1598,1.8108,0.5128,3.6048,11757871.9259,8237284.7293
301208.SZ,20260327,1.3663,0.49,62.6021,2.646,3.6925,0.5905,406440.2032,223786.0672
600305.SH,20260327,0.6693,0.88,56.2384,2.4942,3.6539,1.321,837598.9467,834962.0886
600292.SH,20260327,1.2065,0.66,114.1526,3.5705,4.9995,,6075346.0008,1082993.0264
920781.BJ,20260327,1.3127,0.54,,3.2798,4.9152,0.2374,118398.3634,78223.1578
600406.SH,20260327,0.671,0.62,27.2629,4.4275,3.4218,2.1362,21790154.4512,21726181.9275
000055.SZ,20260327,1.171,0.68,358.5167,0.6472,1.0435,1.3624,394111.8413,248037.768
000997.SZ,20260327,1.202,0.94,18.4076,2.841,2.5336,1.0837,2041392.2987,2029990.3527
000049.SZ,20260327,3.7391,0.68,25.2635,1.5831,0.4793,1.2035,1054678.8602,1054394.5916
301213.SZ,20260327,2.4834,0.55,,6.9078,34.8785,,541999.9932,350342.357
002440.SZ,20260327,3.0828,0.83,44.3583,1.3432,2.2046,1.2863,1275739.8922,1074117.0893
920892.BJ,20260327,0.2704,0.66,22.1061,5.4424,4.0619,3.8795,239514.0023,212098.6783
605196.SH,20260327,1.887,0.54,78.7982,7.1336,3.3763,0.1362,2354700.8148,2326868.4948
002534.SZ,20260327,1.1285,0.79,71.8093,2.5978,2.3517,1.0614,1385144.5883,1366597.045
600881.SH,20260327,1.0801,0.8,,3.1822,0.7987,,539769.215,539769.215
688231.SH,20260327,1.5947,1.0,99.528,2.7097,4.0058,0.8062,747977.1433,747977.1433
003037.SZ,20260327,0.4614,0.57,50.3852,1.5254,0.6722,0.6971,427739.3201,427739.3201
688386.SH,20260327,2.1777,1.13,70.6154,5.4158,11.0498,0.0877,798266.1894,729274.0
603111.SH,20260327,0.3533,0.43,15.4805,1.4193,1.2868,3.7726,562906.0288,556929.7232
300525.SZ,20260327,1.4149,0.58,28.5058,3.1107,3.8277,1.1509,783482.4428,642611.6646
300763.SZ,20260327,8.7705,0.74,47.7539,4.6574,6.0189,0.1881,4239320.3093,3424948.9958
000088.SZ,20260327,0.9568,0.55,16.5067,1.3224,27.744,4.7598,2381363.3725,1448605.6663
300548.SZ,20260327,7.1584,0.88,154.5479,23.4566,19.0569,0.053,4397516.0885,4061568.1135
001336.SZ,20260327,2.8999,0.56,80.6837,2.699,5.93,0.562,213150.522,123538.5403
002072.SZ,20260327,1.0079,0.62,,11.2217,5.6886,,264361.92,264255.3642
000155.SZ,20260327,5.7763,1.77,67.1076,2.9824,10.384,1.052,2983408.0407,2983408.0407
600327.SH,20260327,1.1315,0.6,,1.1082,0.9961,0.7463,351257.4686,351257.4686
600859.SH,20260327,0.928,0.76,,0.7038,1.3044,0.6515,1380187.7887,1380060.8626
601718.SH,20260327,1.2331,1.06,,1.0985,1.8769,,1343209.4069,1343209.4069
002311.SZ,20260327,0.3981,0.8,17.245,3.4278,0.6883,2.497,8661482.3438,8655085.9034
688001.SH,20260327,0.5103,0.51,167.1953,3.8985,6.0549,,1346804.2243,1346804.2243
600266.SH,20260327,1.0685,0.58,,0.5427,0.3196,0.9843,1054477.7016,1054477.7016
688750.SH,20260327,1.0456,0.55,139.5256,3.3566,13.4664,0.4698,826950.0,416457.9669
603655.SH,20260327,1.4076,0.48,97.2887,7.2262,15.2711,0.4977,400998.0,400998.0
603267.SH,20260327,1.5588,0.6,46.5915,2.6512,6.6156,0.5373,1158870.6734,1158870.6734
603008.SH,20260327,5.9383,1.37,17.323,1.6084,0.6708,4.9353,600316.6691,600316.6691
920118.BJ,20260327,1.0135,0.62,40.9261,1.883,0.6711,4.7619,106881.6,65812.11
301359.SZ,20260327,2.1253,0.6,57.8278,2.886,7.2498,1.7628,243476.576,138571.6818
603153.SH,20260327,0.3307,0.67,21.13,1.7784,1.4062,1.5979,644301.6586,634742.4257
002555.SZ,20260327,1.3353,0.63,15.3071,3.6751,2.8838,4.6055,4776221.1533,3452170.3856
300830.SZ,20260327,3.216,0.52,347.0203,3.5166,12.0648,0.215,480094.1141,358321.1126
002811.SZ,20260327,1.6924,0.61,30.5004,2.9521,3.0678,3.2559,414527.6267,381069.7952
301499.SZ,20260327,6.8975,0.82,78.7928,3.2173,4.3322,0.4044,417114.9307,104278.7342
002667.SZ,20260327,9.469,1.06,,15.1324,24.6517,,699688.1775,635300.535
002523.SZ,20260327,1.1419,0.6,47.6779,2.2902,2.7897,0.3704,573739.524,571674.7866
600969.SH,20260327,3.2292,0.85,,1.0908,0.9794,,397064.1693,397064.1693
600272.SH,20260327,1.5891,0.84,256.6636,4.3836,2.8993,0.303,340396.9207,207360.0
300439.SZ,20260327,1.7298,0.9,39.5879,1.2612,2.5336,1.3904,372789.2506,283562.0895
600022.SH,20260327,1.2002,0.65,,0.8675,0.2255,,1636923.9818,1636923.9818
688146.SH,20260327,4.6654,0.86,64.9569,3.9103,9.9746,0.4063,2254235.2954,617285.8452
688698.SH,20260327,2.4877,1.11,55.2523,6.4768,7.6187,0.5988,1482749.7783,1482749.7783
603363.SH,20260327,2.0611,0.79,5.659,3.0688,1.2549,,1025566.9594,844391.6617
300007.SZ,20260327,2.8173,0.77,171.2748,4.8171,5.9314,0.0936,1399830.0212,1211086.2917
600280.SH,20260327,1.1047,0.58,,6.0071,1.742,,370093.8105,370093.8105
688400.SH,20260327,1.8594,0.54,119.7929,4.0935,6.5916,0.059,1926985.4183,1853587.4434
301559.SZ,20260327,1.7362,0.47,83.889,2.0708,3.9574,2.7919,945600.0,141840.0
920037.BJ,20260327,2.5006,0.73,33.7153,7.8633,8.4159,0.8962,669508.4866,216410.7346
300271.SZ,20260327,1.0852,0.56,,1.4979,3.4281,,547194.0936,537341.4477
603728.SH,20260327,1.1682,0.78,300.7559,8.1644,9.2053,0.0415,2420303.085,2420303.085
600613.SH,20260327,2.5108,1.28,51.4916,1.3758,1.7042,2.4958,320977.0484,288071.3068
300518.SZ,20260327,7.7581,1.99,,5.4959,25.033,,413180.7855,413143.8003
600018.SH,20260327,0.2319,0.89,8.7908,0.8483,2.9867,3.8539,11779660.015,11762839.4851
301557.SZ,20260327,3.7124,0.58,46.0313,4.1444,3.6126,1.163,419063.8439,168021.2187
600199.SH,20260327,1.2734,0.95,,2.5791,7.1391,,533473.2243,533473.2243
000597.SZ,20260327,1.5033,1.16,19.8872,1.3889,1.088,1.9157,744940.0743,735662.9452
002857.SZ,20260327,2.4998,0.55,276.0863,5.7096,3.6863,0.0643,297453.618,291456.0
002275.SZ,20260327,0.424,0.75,15.9341,2.6641,4.0026,3.8787,833172.2748,792720.5861
600869.SH,20260327,4.7166,1.33,,7.3612,1.1167,,3135945.4301,3135945.4301
002234.SZ,20260327,2.0853,0.69,,1.6136,1.371,,291730.7372,251977.6222
600570.SH,20260327,0.9691,0.73,45.7362,5.3424,8.1852,0.3923,4815546.7165,4815546.7165
600628.SH,20260327,1.7427,0.53,68.3593,1.1118,4.2744,0.5479,472219.0303,472219.0303
300021.SZ,20260327,1.3529,0.69,71.5095,1.7669,0.9771,1.1862,445752.2165,380514.296
603167.SH,20260327,1.1611,0.64,14.9077,1.2269,2.3476,8.7146,430674.6538,430674.6538
600159.SH,20260327,2.1017,0.88,,1.523,3.7419,,261451.0181,261451.0181
688618.SH,20260327,1.2412,0.52,88.0087,3.7614,8.9664,0.5486,321852.2252,321449.764
301117.SZ,20260327,4.5041,0.8,273.5334,4.1358,15.6456,0.0342,539795.663,332021.0778
002805.SZ,20260327,11.7662,1.41,,5.1761,3.0376,,511114.0771,508340.2414
688168.SH,20260327,1.0688,0.73,,5.421,9.6528,,544231.4632,544231.4632
300550.SZ,20260327,1.1312,0.62,61.5072,2.8252,7.7896,0.208,315597.2895,315304.2659
920792.BJ,20260327,1.1666,1.13,24.5261,1.7661,2.2399,0.8993,184080.48,111599.0279
002186.SZ,20260327,1.0346,0.65,,3.7151,2.5178,,321346.9026,320917.3709
605020.SH,20260327,1.1765,0.69,22.5105,2.2866,2.5783,0.9085,1292371.3692,1272397.6871
300490.SZ,20260327,6.6038,1.04,,3.0262,3.2991,,666976.0376,657911.6199
688176.SH,20260327,4.7743,1.08,,4.9225,28.0307,,776791.861,592532.8906
300306.SZ,20260327,1.8096,0.68,45.5403,2.2089,8.081,3.5323,328936.5855,192747.8453
600794.SH,20260327,1.57,0.74,53.1177,1.7132,6.0979,0.8,450057.0589,450057.0589
300844.SZ,20260327,0.74,0.72,,4.3768,6.755,,320925.0598,310007.3068
002023.SZ,20260327,1.1871,0.68,59.4485,1.7411,5.0626,,760863.4613,760863.4613
603998.SH,20260327,2.1427,1.09,16.4863,3.0317,2.8936,4.5086,486941.2282,486941.2282
000792.SZ,20260327,3.0353,1.44,34.6498,5.0842,13.2154,,20875253.6742,20875132.188
001206.SZ,20260327,1.9955,0.67,17.7287,2.1396,2.1901,3.9027,391605.0853,225176.1464
601865.SH,20260327,2.0167,1.36,37.8464,1.6851,2.384,,3711122.438,3011224.118
603558.SH,20260327,3.8672,0.71,11.7027,2.0203,1.8305,4.0687,473868.4218,473868.4218
301377.SZ,20260327,4.0765,1.02,171.6266,28.1025,34.7198,0.3746,7442320.0,1289227.648
688316.SH,20260327,8.2005,0.77,,126.069,14.906,,347117.7409,347117.7409
603126.SH,20260327,1.4967,0.88,,2.2338,1.5715,0.067,455433.0,455433.0
920090.BJ,20260327,3.3373,0.58,,31.0649,41.3008,,141526.8177,96096.654
601878.SH,20260327,0.3756,0.69,17.409,1.2295,4.1603,1.7306,4454877.9264,4454877.9264
688375.SH,20260327,0.4738,0.66,122.7668,9.6369,26.1138,0.3826,6230739.7646,6230739.7646
920158.BJ,20260327,8.5567,0.6,44.14,4.2971,7.2,,241958.26,64722.5618
688255.SH,20260327,1.37,0.76,113.1222,2.8242,4.5933,1.0524,298486.5498,298486.5498
300717.SZ,20260327,1.8208,0.7,37.2968,2.9746,5.9791,1.4507,212538.7,210632.8312
603196.SH,20260327,0.7683,0.53,,5.7446,13.8879,,1139667.2117,645082.1036
600490.SH,20260327,2.5845,0.66,65.6068,2.6287,2.7781,,1668516.8576,1502436.525
300302.SZ,20260327,7.3937,0.46,,9.4363,26.0864,,1012684.4052,779303.7601
002694.SZ,20260327,1.4395,0.56,,22.2744,2.6597,,234267.0336,220665.6749
603130.SH,20260327,1.6427,0.61,52.1116,3.8367,2.0375,0.2523,544968.7746,544968.7746
600814.SH,20260327,1.0163,0.67,24.9537,1.4988,3.2952,2.336,560129.8917,560129.8917
601212.SH,20260327,1.5558,0.69,336.1627,3.854,0.6579,0.0498,5946033.9323,5946033.9323
603211.SH,20260327,2.721,0.55,103.7385,5.3107,5.1409,0.25,652339.2,652339.2
300317.SZ,20260327,16.6584,0.54,,3.0795,8.3493,,479848.8981,479111.9481
300118.SZ,20260327,6.3895,0.55,,1.8697,1.2444,,1966523.9137,1598774.988
603518.SH,20260327,1.6728,0.91,11.9057,0.8483,0.7153,3.4888,308053.9697,306913.9937
600691.SH,20260327,6.6805,1.02,,2.3782,0.8196,,860105.4666,859962.1146
001269.SZ,20260327,2.386,0.71,,5.2796,9.3889,,461210.5716,461210.5716
000789.SZ,20260327,3.1464,2.96,148.1217,0.6637,0.9435,2.6487,429802.5967,429802.5967
600435.SH,20260327,1.8827,0.7,86.8729,7.6451,5.0573,0.135,2235264.753,2235264.753
002184.SZ,20260327,1.3457,0.57,,3.4431,1.5301,,402583.1753,274985.0006
601988.SH,20260327,0.1032,0.69,7.4862,0.6802,2.7914,3.8926,179472313.3804,117396391.7692
920834.BJ,20260327,0.978,0.41,30.4474,4.6483,4.6451,1.9263,143280.006,74978.9482
600236.SH,20260327,0.3748,0.95,30.614,4.4585,8.1126,1.7241,7772024.5128,7772024.5128
688667.SH,20260327,1.398,0.64,38.1483,2.9593,4.3062,0.1008,514044.183,514044.183
920978.BJ,20260327,1.6867,0.52,27.9479,6.1357,4.3762,1.8885,479775.8672,268991.6364
002745.SZ,20260327,15.2044,5.35,58.878,0.9736,0.7667,0.5727,1295677.2663,929462.1733
603871.SH,20260327,0.6674,0.75,18.2704,3.5283,2.2095,3.4253,1939836.277,1939836.277
300363.SZ,20260327,2.0324,1.27,,2.1188,3.2326,,1109165.4812,1018165.8818
600620.SH,20260327,0.6601,0.64,68.965,2.8881,8.7723,0.2404,428486.5185,428486.5185
600056.SH,20260327,0.8267,1.0,27.9298,1.2797,0.4469,1.0386,1516822.0645,1516286.3987
002431.SZ,20260327,3.829,1.01,,4.51,1.9068,,502870.9294,502870.9294
301246.SZ,20260327,21.9224,2.28,647.1478,2.123,5.2131,0.1293,920415.6468,391348.2125
603699.SH,20260327,0.5463,0.59,26.9073,10.4116,5.2518,3.4186,3878740.3437,3792988.0682
002293.SZ,20260327,0.6127,0.54,16.2564,2.076,1.7526,6.0199,831340.9536,824103.3198
600098.SH,20260327,2.5093,1.83,12.1588,1.0317,0.5576,4.6312,2801186.1198,2801186.1198
300654.SZ,20260327,2.2763,0.76,104.1398,4.5459,7.4028,0.5189,388092.3431,373397.226
300288.SZ,20260327,1.2795,0.59,,3.9095,13.9379,0.1191,425468.2251,323020.8633
002437.SZ,20260327,4.8706,2.03,25.6441,3.5167,3.3425,,751465.5585,702998.7324
002783.SZ,20260327,3.1527,0.85,27.1741,1.7757,1.2629,1.073,465401.327,429827.5525
002732.SZ,20260327,1.1169,0.72,35.4287,1.7644,1.651,0.8892,265449.45,264013.4942
002752.SZ,20260327,0.8077,0.57,19.6245,1.6984,0.8402,1.6207,602758.6948,601900.0473
603997.SH,20260327,0.6085,0.66,70.2492,2.9324,0.7072,,1519084.2476,1519084.2476
002162.SZ,20260327,2.8952,0.85,,5.2963,4.0036,,435018.5564,434447.7192
920693.BJ,20260327,1.6042,0.78,308.2351,5.5276,6.6768,0.2604,195417.6,98407.68
002554.SZ,20260327,2.9022,0.71,,2.1122,1.9195,,500145.027,500051.4469
688790.SH,20260327,3.6316,0.48,,4.7502,7.0262,,1323771.4504,160367.0243
300726.SZ,20260327,1.626,0.58,50.4235,3.4597,9.6183,1.4211,1738787.8256,905359.0219
603124.SH,20260327,6.7093,1.99,76.2128,8.7387,1.5908,0.3434,1570404.5192,836234.9278
301382.SZ,20260327,4.3155,0.56,53.9897,5.1446,4.7778,0.229,953026.8543,588274.8513
301515.SZ,20260327,1.8377,0.51,,1.8135,3.6447,0.5217,220900.0,144845.345
300279.SZ,20260327,3.3107,0.57,73.1188,4.5777,2.584,,474426.5053,472335.8759
301529.SZ,20260327,8.3326,1.24,62.1305,6.976,5.7013,0.371,946104.5659,504499.8635
300619.SZ,20260327,5.946,1.44,,4.6072,4.5356,,726796.5715,607603.3243
300562.SZ,20260327,3.1159,0.72,37.6554,2.839,2.9259,2.1077,288132.8408,213737.768
300958.SZ,20260327,3.1474,0.61,,1.6901,3.5183,,210497.2256,122279.3805
603888.SH,20260327,1.034,0.58,47.6912,3.6495,6.0019,0.5257,1342728.9543,1342728.9543
300802.SZ,20260327,1.86,0.59,58.691,3.657,6.6353,0.8561,511340.859,350490.2382
000401.SZ,20260327,1.6745,1.27,59.1919,0.4747,0.5284,2.0534,1294551.5709,1281469.4847
600191.SH,20260327,1.9957,0.79,150.2617,3.4888,11.4292,,590647.176,590647.176
300355.SZ,20260327,1.5129,0.55,100.6942,1.399,2.3186,0.1067,601590.7804,486925.8593
920299.BJ,20260327,5.5456,0.71,86.7244,7.5236,17.2208,0.4547,217974.3386,109858.3165
300476.SZ,20260327,2.6644,0.8,53.0375,13.7418,11.8543,0.1126,22869727.1737,22461434.6083
300416.SZ,20260327,2.541,0.99,32.8111,3.0522,3.7581,0.9031,844697.9058,838728.8747
600250.SH,20260327,15.5451,1.64,158.2163,6.354,5.548,,403813.7026,403813.7026
605358.SH,20260327,1.4584,0.75,,3.203,6.4956,,2244414.6348,2244414.6348
603682.SH,20260327,1.3718,0.58,,4.217,3.3193,4.9624,314212.5,314212.5
605289.SH,20260327,2.9931,0.56,,8.6913,11.4596,,1112639.5525,1105800.8625
301518.SZ,20260327,5.019,1.15,59.6701,3.7029,2.1143,0.3862,601661.914,221270.4288
688298.SH,20260327,0.4644,0.56,,0.7644,4.7846,,458841.6,458841.6
603505.SH,20260327,1.2128,0.86,62.3188,8.656,4.1025,0.5878,1509953.8505,1509953.8505
600573.SH,20260327,2.6344,0.8,35.8959,2.1836,4.7567,0.6656,300500.0,300500.0
300249.SZ,20260327,6.5138,0.66,,21.596,4.7741,,721519.3342,611671.8322
000059.SZ,20260327,2.8022,1.24,,0.8759,0.2186,0.3261,882892.2804,882892.2804
600830.SH,20260327,0.9566,0.59,50.5773,1.8131,9.8623,0.1678,406164.5358,406164.5358
600868.SH,20260327,14.693,1.69,,3.9771,24.8554,,770648.3637,770648.3637
688061.SH,20260327,3.6715,0.61,,1.4972,5.6224,,351331.7577,137674.5483
301563.SZ,20260327,5.2888,0.49,84.1344,8.0093,3.2475,,960983.389,205899.3362
600182.SH,20260327,0.5858,0.64,33.5073,4.5327,0.9684,6.3227,467840.0,233920.0
603187.SH,20260327,0.9949,0.71,14.98,1.3929,1.8171,5.3627,572668.6706,566660.3225
301108.SZ,20260327,1.5477,0.79,62.2984,1.7466,4.6604,0.5879,328214.0308,189226.9791
688511.SH,20260327,0.8521,0.5,81.8513,3.3024,18.6013,,279386.7788,279386.7788
002211.SZ,20260327,1.0056,0.5,,118.5749,3.5531,,160880.9898,160880.9898
301366.SZ,20260327,0.963,0.51,292.1881,3.0233,6.207,0.921,646419.1801,360933.7521
688799.SH,20260327,9.3165,3.09,29.362,3.4655,4.678,0.7938,708996.68,708996.68
002702.SZ,20260327,2.7328,0.67,,3.04,2.0713,,317894.72,262401.425
300800.SZ,20260327,1.1722,0.58,68.1762,1.3677,3.4279,1.3465,274640.44,271882.54
920266.BJ,20260327,0.6167,0.55,,1.1091,2.2451,,97216.0055,92896.5183
688393.SH,20260327,1.835,1.03,,1.8532,6.3507,0.4243,220539.0665,220539.0665
603168.SH,20260327,2.7528,0.58,,1.6093,5.4562,,259269.668,258152.2055
920010.BJ,20260327,11.4793,0.76,101.5929,4.7133,6.3815,0.3592,326424.0,241711.7214
002407.SZ,20260327,9.1868,1.31,,4.099,4.2067,0.6836,3390351.9565,3077408.7524
002468.SZ,20260327,3.4979,1.37,20.4351,2.2711,0.4471,0.4309,2336004.1053,2238947.1481
300168.SZ,20260327,3.9408,1.69,,6.6728,4.0745,,822598.9169,821773.2332
001233.SZ,20260327,1.9349,0.48,18.5821,2.5997,5.356,3.1299,1188369.6043,226116.0288
688816.SH,20260327,4.739,0.8,84.023,3.6684,14.4707,,643000.0,123997.6761
688238.SH,20260327,1.8774,0.69,,3.1027,16.4888,,441344.956,435979.076
688607.SH,20260327,3.4991,1.54,,5.9541,15.7877,0.1053,506036.873,506036.873
002716.SZ,20260327,5.8887,0.72,162.5956,9.8932,2.8915,,3331244.6023,2743327.9914
002287.SZ,20260327,0.521,1.23,20.2472,2.6457,5.4157,2.4952,1308434.3303,1305853.6612
688239.SH,20260327,1.7498,0.6,58.9858,5.5685,5.3918,0.295,1096503.9958,1096503.9958
688383.SH,20260327,0.9059,0.9,,5.2038,9.434,0.2948,685707.289,685707.289
688093.SH,20260327,0.5077,0.72,21.6201,3.0905,7.9362,1.7768,862457.4651,862457.4651
600508.SH,20260327,3.743,1.18,29.8057,0.8026,1.3027,2.0379,1028427.714,1028427.714
603078.SH,20260327,2.0729,0.75,94.2521,4.4334,7.2272,0.4039,859199.7885,859199.7885
300455.SZ,20260327,1.5434,0.69,,10.2024,13.1359,0.0626,1720489.7426,1698567.9791
603598.SH,20260327,3.3659,0.88,,24.8832,0.6316,,525378.0921,524793.3921
002797.SZ,20260327,3.4907,0.67,30.3425,1.837,7.6176,0.992,3134990.4,3134990.4
301120.SZ,20260327,8.9462,0.8,,5.5838,20.8108,0.1284,861000.3655,506760.6106
920371.BJ,20260327,0.481,0.56,22.0067,3.0685,2.0925,1.0846,189420.7842,179245.4677
688256.SH,20260327,1.2053,0.61,209.6929,36.4819,66.4603,,43180561.408,42839062.9376
002476.SZ,20260327,1.4215,0.58,50.1551,3.7034,5.8735,0.1721,355572.0,355529.7758
688223.SH,20260327,2.3997,0.66,,2.6917,1.1914,,7802996.7144,7802996.7144
601399.SH,20260327,0.6251,0.58,67.4881,2.184,2.3274,,3231673.0387,3231673.0387
002820.SZ,20260327,2.2236,0.6,,2.4838,4.709,1.3225,221557.7294,221557.7294
920167.BJ,20260327,2.7122,0.43,88.8034,3.0924,0.5961,0.2221,192656.4015,114452.0348
002198.SZ,20260327,3.0786,0.85,100.1346,5.5833,9.6551,,395857.6814,395834.9834
601866.SH,20260327,1.2978,0.78,21.559,1.1902,1.3381,1.4801,3655750.6621,2701299.5181
688599.SH,20260327,2.027,0.68,,2.0305,0.6382,,4293926.5684,4293926.5684
600714.SH,20260327,10.0943,1.17,94.7592,7.1046,15.2715,0.3757,536872.3966,536872.3966
603665.SH,20260327,1.5513,0.8,,6.855,3.0687,,488005.3917,485147.9845
603121.SH,20260327,1.6738,0.66,260.7788,4.7907,4.9533,1.1862,570767.8435,570767.8435
002937.SZ,20260327,1.2801,0.7,47.1115,4.7757,4.1564,1.6352,728366.6978,726348.6988
300358.SZ,20260327,1.6573,0.76,,1.2782,1.2294,,682913.4139,669741.8553
600369.SH,20260327,0.6416,0.92,30.771,1.0998,8.5471,1.9906,2837461.5959,2837461.5959
301015.SZ,20260327,1.698,1.69,22.49,4.9764,1.5642,3.3791,1185282.2936,1185126.6986
300450.SZ,20260327,3.4192,1.09,96.1187,4.8792,6.2996,0.1121,8304138.3126,7734695.2405
600359.SH,20260327,1.9396,0.57,2843.2586,3.963,5.1533,,265151.4099,265151.4099
601949.SH,20260327,0.3878,0.53,21.1771,1.2496,2.1754,1.6114,1205211.7782,1205211.7782
603899.SH,20260327,0.248,0.55,17.1795,2.5456,0.9296,4.0307,2272033.9201,2272033.9201
000862.SZ,20260327,15.705,0.58,163.7109,1.6981,5.5588,,727938.0739,497977.9008
300048.SZ,20260327,2.5014,0.54,124.4526,4.2372,1.0361,,771755.3922,770173.5567
002976.SZ,20260327,1.8182,0.65,2862.4804,2.5988,1.9178,,385179.8677,171530.2029
300030.SZ,20260327,3.2783,0.68,,3.774,4.6765,,238074.2326,209614.0585
920187.BJ,20260327,4.3109,0.67,15.412,1.8178,2.3397,,227260.8,76314.0528
300387.SZ,20260327,5.0258,0.85,31.4049,1.742,1.9568,0.783,258416.9741,258327.2406
603687.SH,20260327,20.921,1.08,75.107,2.6378,3.8917,0.3708,859699.8034,859699.8034
002722.SZ,20260327,1.1517,0.66,22.3167,1.1078,1.371,1.4954,316657.7422,316636.3822
301297.SZ,20260327,0.6745,0.63,102.2638,4.7581,10.3852,0.4828,2456978.199,1200004.544
002111.SZ,20260327,1.0571,0.56,69.5941,1.7072,1.6214,1.8321,504345.8507,456225.8873
600229.SH,20260327,0.3847,0.49,,1.2504,1.8641,1.1686,395763.9626,395763.9626
920351.BJ,20260327,4.3766,0.71,85.038,3.724,0.8402,0.5402,162953.5976,73744.4693
688099.SH,20260327,2.5529,1.08,39.7363,4.7138,5.0962,,3461981.3389,3461981.3389
300352.SZ,20260327,4.8864,1.05,,7.4481,36.0032,,917738.6471,808094.6883
600248.SH,20260327,0.4243,0.61,11.6457,0.4464,0.0944,2.6087,1290208.6737,1278480.0537
605066.SH,20260327,1.4831,0.47,33.6065,2.3099,1.4281,3.0713,412380.8521,410487.8631
603712.SH,20260327,0.8283,0.52,,3.0203,7.259,,1260676.0,1260676.0
688079.SH,20260327,1.8455,0.58,,4.0263,8.0371,,533973.8087,524672.4446
601686.SH,20260327,0.3592,0.59,10.3675,1.3411,0.1623,7.4416,856185.8728,856185.8728
002860.SZ,20260327,1.0716,0.46,26.3695,2.0367,2.0078,0.7692,462590.2956,449640.3926
000751.SZ,20260327,3.4408,0.77,125.7932,2.389,0.4836,,861131.1071,751460.0592
002580.SZ,20260327,22.1609,1.44,37.0882,3.1732,2.1959,0.2459,738444.8516,735955.2276
605258.SH,20260327,2.3934,0.63,41.6963,2.4236,3.0018,2.129,289344.0,289344.0
000028.SZ,20260327,0.7178,0.69,12.5921,0.7686,0.1948,1.4241,1430372.2479,1228598.0398
301004.SZ,20260327,0.4179,1.03,11.9417,4.2272,2.537,6.705,680040.294,633762.9807
688268.SH,20260327,10.0049,0.92,83.9339,6.5621,8.5061,0.5946,1207043.5562,1206228.7772
600742.SH,20260327,1.1736,0.61,15.1803,0.9077,0.3843,6.5558,759405.1534,759405.1534
300642.SZ,20260327,3.6607,1.5,170.7436,1.8476,7.2769,0.889,271773.6366,230246.0472
688591.SH,20260327,2.8827,1.27,67.6418,3.5142,8.5343,0.5594,866676.7296,606374.4816
600399.SH,20260327,1.817,0.63,,2.0288,1.4985,0.302,1169455.3,1169455.3
600015.SH,20260327,0.273,0.6,4.1777,0.3702,1.2363,5.6723,11363258.9262,10986477.9239
920274.BJ,20260327,1.4039,0.81,94.771,3.5591,2.8169,0.4602,174704.0014,174704.0014
688289.SH,20260327,0.5262,0.79,53.4506,1.488,6.4258,2.9112,1059121.275,1059121.275
300823.SZ,20260327,3.2418,0.55,66.3546,2.2671,5.1991,2.0025,213239.8796,138037.1855
600586.SH,20260327,3.0137,0.49,,1.5635,1.7705,0.244,858906.6462,858906.6462
301592.SZ,20260327,2.5147,0.82,125.5635,9.0502,15.657,0.6176,793450.0,264767.736
300545.SZ,20260327,4.3064,0.57,38.6509,2.6167,4.2147,0.6444,558795.1259,360231.0712
920593.BJ,20260327,0.7124,0.54,167.2426,6.7101,17.6414,0.5566,483182.8513,410328.4933
603980.SH,20260327,2.7108,0.71,77.1862,1.1242,2.843,1.0853,436557.5172,436557.5172
002342.SZ,20260327,13.939,1.38,,4.8782,4.9122,,1187520.0,1180951.53
000830.SZ,20260327,3.4889,1.37,20.872,1.6181,1.0242,2.1685,3083092.4788,3082849.4961
003030.SZ,20260327,3.7376,0.95,135.9984,2.548,1.3512,0.7177,259542.4,165122.568
000156.SZ,20260327,0.6964,0.62,29.277,0.9064,1.4879,2.4423,1365611.2098,1252808.5213
688657.SH,20260327,1.8504,0.93,56.7773,2.0136,8.5968,1.5976,284856.1242,178461.6686
300098.SZ,20260327,2.507,0.93,,3.3403,5.0775,,907122.3476,804790.1733
002181.SZ,20260327,5.5292,0.91,72.6955,3.146,22.1235,0.5893,1339861.1328,1309255.818
000927.SZ,20260327,8.5016,2.65,39.9243,1.9688,0.5522,0.8626,1893760.6896,1893759.7319
603657.SH,20260327,0.709,0.59,237.761,3.639,1.3703,0.1371,343112.3469,343112.3469
603612.SH,20260327,2.1842,0.59,18.4622,2.3348,0.7895,0.7942,1310014.7272,1310014.7272
603779.SH,20260327,2.4444,0.8,,3.8124,5.3179,0.1433,208547.9695,208547.9695
300576.SZ,20260327,2.3506,0.88,108.1552,7.4141,11.9997,0.2186,1254808.9341,796840.3233
600882.SH,20260327,1.5691,1.14,82.1294,2.1334,1.7277,,973182.3585,973182.3585
001283.SZ,20260327,12.4856,0.87,39.0991,2.1386,1.2919,0.4836,738479.3221,589218.9359
000718.SZ,20260327,1.0642,0.68,,0.7018,4.2036,3.271,649412.1862,488367.9281
002141.SZ,20260327,2.2005,0.86,,4.694,2.9446,,390449.7316,385170.9908
920174.BJ,20260327,0.8695,0.61,39.0831,2.4951,5.5538,,778037.844,312071.7225
600500.SH,20260327,1.3603,1.04,,1.413,0.3263,,1603972.9174,1603972.9174
300542.SZ,20260327,1.3194,0.77,,8.5157,3.4664,,460976.4841,382392.6046
000423.SZ,20260327,0.9312,0.52,20.6925,3.4808,5.3696,4.5445,3597898.5157,3591604.587
300015.SZ,20260327,0.6908,0.99,27.8108,4.1274,4.0389,2.4919,8952380.8032,7637143.6061
300699.SZ,20260327,1.4506,0.61,46.2657,4.8953,9.7341,1.4825,2782535.144,2749369.885
600460.SH,20260327,0.945,0.6,80.5452,3.6427,3.4062,0.153,4349883.8028,4349883.8028
002389.SZ,20260327,3.1188,0.77,811.7929,2.73,7.4613,0.2703,2186513.5666,2186169.8107
688625.SH,20260327,0.8449,0.53,37.1131,6.8981,10.5816,0.725,1045181.2781,1045181.2781
000650.SZ,20260327,1.3045,0.92,17.9169,1.2563,2.1235,2.6316,797964.7934,758889.9254
605058.SH,20260327,4.8651,0.97,32.1053,2.7244,3.5034,1.8051,475079.2098,475079.2098
300809.SZ,20260327,1.4116,0.71,174.0197,5.008,16.2013,0.3701,821974.0864,488146.332
002957.SZ,20260327,3.6817,0.8,50.3181,3.4789,4.545,0.6372,1114213.4823,1110755.0209
002279.SZ,20260327,2.3497,0.62,162.3577,5.0488,2.4335,,707009.6342,647576.4262
301067.SZ,20260327,2.7384,0.7,2248.535,3.6111,3.7433,0.1609,299486.88,196593.012
000917.SZ,20260327,1.5642,0.65,79.1694,1.2684,3.041,0.2144,1322580.0634,1322489.5857
600604.SH,20260327,1.6839,0.47,,1.6571,3.8939,0.1818,1030317.6422,774100.1422
688267.SH,20260327,1.2564,0.65,23.4339,1.7519,5.8004,2.2671,496355.4,496355.4
301150.SZ,20260327,10.1243,1.61,577.9878,3.7295,2.4263,,1327798.1276,1267178.0218
600685.SH,20260327,1.1175,0.66,49.7916,2.3569,2.0009,0.5039,4208008.4873,2445412.5338
600099.SH,20260327,1.707,0.66,112.1929,4.3431,2.1325,0.2828,232486.32,232486.32
688466.SH,20260327,1.1651,0.76,42.2157,1.8775,3.6883,,214014.0743,214014.0743
920819.BJ,20260327,0.565,0.96,,0.9233,0.8023,,443739.6,438608.25
603815.SH,20260327,1.1876,0.56,22.4104,1.5464,0.8602,1.0648,373830.2379,373830.2379
300443.SZ,20260327,6.0639,0.63,29.8873,1.4945,3.7756,0.5781,939915.1797,712784.5961
603938.SH,20260327,3.276,1.27,119.1647,3.7115,4.6715,0.0703,922125.0378,922125.0378
688208.SH,20260327,0.9221,0.68,23.1659,5.895,4.4861,2.7937,2168043.5772,2168043.5772
300422.SZ,20260327,1.6199,0.7,,2.4187,1.4002,,268007.9553,256748.8488
300127.SZ,20260327,1.9671,0.89,54.617,6.5798,11.8579,1.1597,975255.7145,696603.1105
002653.SZ,20260327,1.4137,1.89,199.8863,14.6087,14.4611,0.2448,6175227.6866,2664575.2032
002839.SZ,20260327,1.1688,0.77,5.5864,0.6062,2.3085,6.6815,1097510.8933,1096495.7272
601916.SH,20260327,0.5336,0.66,6.084,0.4784,1.3242,5.0485,8486572.5126,6657230.7126
301632.SZ,20260327,1.8581,0.45,76.5838,3.1374,6.9237,,866419.2,151652.34
000949.SZ,20260327,1.991,0.51,61.7578,1.7117,1.4685,,1108466.0478,1108161.6535
002380.SZ,20260327,2.7428,0.5,24.819,3.1622,4.1126,0.1246,770133.2016,454881.815
603013.SH,20260327,0.495,0.75,18.7903,2.3339,1.1321,2.0076,1021013.1041,1021013.1041
603268.SH,20260327,1.113,0.49,42.033,11.8049,5.1565,,11158125.8147,2680973.1092
603739.SH,20260327,1.9133,0.74,44.6596,2.1038,2.6832,0.678,373217.5774,373217.5774
301178.SZ,20260327,4.3454,1.38,,4.3012,11.2013,,331589.888,245402.6563
002446.SZ,20260327,2.5941,0.7,,3.4937,7.4668,,888868.668,823191.7544
600515.SH,20260327,0.9265,0.91,136.0013,1.7907,9.2526,0.1355,4215939.2431,3385948.6155
300148.SZ,20260327,2.6775,0.71,54.0762,3.5547,7.1779,,366609.0142,354170.8648
603878.SH,20260327,1.7934,0.7,54.704,1.6338,1.8493,1.1721,427025.6398,427025.6398
002443.SZ,20260327,1.6712,0.57,26.1201,1.3152,1.0251,2.2791,449742.6893,448784.5582
301141.SZ,20260327,3.7944,0.72,154.4988,4.7788,8.581,0.203,610860.5796,219224.5796
300886.SZ,20260327,3.5269,0.8,73.331,3.6746,5.912,0.5244,213473.492,124566.5402
600050.SH,20260327,0.3618,0.41,15.381,0.8326,0.3579,3.8597,14037726.9718,13814304.931
300149.SZ,20260327,3.765,1.65,,4.0797,4.7861,,511409.0198,487365.8992
002197.SZ,20260327,2.5372,0.53,,2.4041,6.1945,,498248.3346,433074.0097
688270.SH,20260327,3.6979,0.77,223.562,13.2119,68.9948,,2978528.014,2978528.014
300093.SZ,20260327,1.1038,0.63,,,39.6238,,975780.0,504153.0
600026.SH,20260327,2.6991,0.77,32.0686,2.79,5.419,0.7388,12947108.1676,8231745.2798
002145.SZ,20260327,1.5424,0.96,42.858,1.5392,2.4799,0.3147,1857656.0253,1819689.9698
300310.SZ,20260327,3.9785,0.67,,2.7084,2.1416,,516651.8992,405447.8014
600338.SH,20260327,11.3809,2.22,35.7565,3.6674,7.3197,0.3146,1598039.3737,1598039.3737
300255.SZ,20260327,2.8678,1.38,,23.3523,38.1782,,3542979.6847,3537717.6097
002116.SZ,20260327,1.1735,0.76,13.9022,1.7189,0.6838,3.0259,476507.3121,471296.0601
000027.SZ,20260327,4.529,2.19,20.8443,1.1741,0.889,1.8564,3843971.0521,3843971.0521
688685.SH,20260327,1.02,0.49,115.8266,7.7007,11.2205,0.3528,647175.2965,647175.2965
688191.SH,20260327,1.5888,0.62,159.0121,11.7238,8.5769,0.9884,1020883.1806,1020883.1806
603976.SH,20260327,1.0096,0.92,167.4192,2.5075,4.5509,1.2589,295452.1275,295452.1275
688063.SH,20260327,6.1771,0.73,231.5901,2.1195,6.1687,0.5529,1948152.4371,1948152.4371
002217.SZ,20260327,1.5745,0.62,6.5723,9.7092,11.583,,1817493.9395,1768875.341
601969.SH,20260327,2.236,1.13,54.1162,3.418,5.282,0.9382,2332552.0804,2309770.1173
000411.SZ,20260327,0.9498,0.77,12.4076,1.2021,0.1824,3.2694,611731.6251,398318.4241
603238.SH,20260327,1.2501,0.68,23.0836,1.9484,1.0413,1.8939,281174.256,281174.256
603386.SH,20260327,1.3169,0.57,,3.1665,1.7164,,431072.1018,431072.1018
300456.SZ,20260327,11.7924,2.12,23.0529,5.0439,41.2172,,3396736.7286,2771565.577
000657.SZ,20260327,4.7023,1.06,70.1568,11.2216,6.4152,0.3291,11078574.5928,7064123.0128
603395.SH,20260327,4.4706,0.7,285.3996,5.5407,2.3483,0.3871,775060.0,193765.0
688027.SH,20260327,3.0585,1.0,10530.4589,17.4968,182.8893,,5677927.2552,4436665.224
603429.SH,20260327,1.5128,0.68,,3.8774,28.6888,,490918.3952,490918.3952
300917.SZ,20260327,1.4713,0.63,41.9848,4.7172,1.8805,0.7704,548405.0,548405.0
301266.SZ,20260327,6.1637,0.73,103.5904,2.5822,1.5219,0.236,465542.9187,441635.9422
688399.SH,20260327,1.0722,0.8,,1.5916,13.7002,6.1151,466326.7688,466326.7688
603737.SH,20260327,0.3231,0.72,54.4702,12.5856,2.9337,1.4836,3623421.6099,3623421.6099
603897.SH,20260327,4.4027,0.82,23.5451,2.5668,0.4777,6.0201,617242.6862,617242.6862
601158.SH,20260327,0.2967,0.74,26.3205,1.2828,2.9534,3.4279,2198410.5693,2198410.5693
600539.SH,20260327,10.4165,1.15,,10.8959,7.4227,,326830.0,326830.0
001299.SZ,20260327,1.6314,0.65,32.6301,2.7281,4.5573,5.5217,330716.42,297680.4526
002406.SZ,20260327,1.9791,0.63,40.4426,1.285,3.6887,2.1246,515538.9079,425162.306
300121.SZ,20260327,3.0101,0.76,27.3669,1.5285,1.5684,1.1409,540069.7336,520813.5211
003011.SZ,20260327,2.5967,0.74,17.3625,1.7056,1.8999,2.5302,241083.248,183352.4226
688334.SH,20260327,1.5445,0.64,27.5313,2.3539,7.8893,1.7152,684761.385,339384.8618
000021.SZ,20260327,4.9849,0.77,42.1642,3.3927,2.8325,0.6863,4320549.744,4319858.8516
688371.SH,20260327,0.7807,1.08,216.7128,3.326,12.4346,,657190.3454,657190.3454
603360.SH,20260327,1.5707,0.92,86.7942,12.4484,12.7395,1.6142,1875023.8014,1875023.8014
002928.SZ,20260327,1.9217,0.48,17.7038,2.579,1.4143,,1028984.4478,1028979.3159
688515.SH,20260327,2.1557,0.65,,6.3679,15.472,,956000.0,595341.83
000875.SZ,20260327,1.8721,0.59,55.7623,1.5021,1.9651,0.7917,2611634.8507,2406531.5042
600521.SH,20260327,1.8738,1.84,50.6047,2.5552,2.7199,1.5729,2368652.8792,2368652.8792
300215.SZ,20260327,3.9713,0.64,,3.1015,11.4559,0.0616,608264.4798,405894.7616
001306.SZ,20260327,2.77,0.75,106.7444,3.1572,5.4294,0.2389,423047.3886,104330.5
300884.SZ,20260327,1.859,0.55,,2.6735,5.1159,,338145.2762,254957.9682
688488.SH,20260327,1.6312,1.4,,6.9892,9.3537,,674094.0584,674094.0584
002663.SZ,20260327,3.5089,0.69,,1.6967,2.0576,,401540.2942,301243.8637
600221.SH,20260327,0.6096,0.63,,11.7236,0.9425,,6309482.3501,6255445.1802
002572.SZ,20260327,1.1911,0.82,10.7131,1.6815,1.2304,7.9491,1211513.3323,819541.234
688395.SH,20260327,1.3485,0.84,55.5153,2.871,5.0738,0.5783,224634.4857,224634.4857
600963.SH,20260327,1.8006,0.84,,1.1198,0.9837,0.6214,852420.4092,852420.4092
600599.SH,20260327,5.0199,3.21,,9.2931,3.9952,,107734.0,107734.0
688720.SH,20260327,3.6748,1.1,112.2989,5.5031,9.5336,,566697.3376,362551.1905
600284.SH,20260327,1.4015,1.01,18.9552,0.8446,0.4632,2.6087,669476.64,669476.64
000651.SZ,20260327,0.348,0.54,6.6966,1.5283,1.1813,7.8967,21218124.9469,20891409.2499
300931.SZ,20260327,3.1325,0.85,,4.7432,7.0057,,303784.69,233993.9291
002809.SZ,20260327,8.314,0.75,970.114,1.5422,3.2644,2.643,240180.0888,157899.4748
688103.SH,20260327,1.7691,1.29,72.4361,4.5545,3.8655,0.3914,511463.2467,511463.2467
600826.SH,20260327,0.6654,0.76,25.0351,1.6825,4.1168,2.8362,714938.6096,714938.6096
002182.SZ,20260327,3.162,0.95,164.8589,2.861,1.6014,0.3224,1538268.6987,1342409.827
001209.SZ,20260327,3.7649,0.93,105.5887,2.1036,1.4641,0.9516,270279.1896,197474.477
601200.SH,20260327,1.1549,0.73,19.9182,1.0219,1.8082,1.1364,1184682.6209,1184682.6209
300866.SZ,20260327,2.9936,0.72,23.608,6.1487,2.0767,1.9285,6080577.7787,3486565.7848
000729.SZ,20260327,0.9268,1.1,23.8597,2.3566,2.4058,2.2273,3669738.222,3267507.8804
000538.SZ,20260327,0.3251,0.63,18.6668,2.4429,2.3806,4.0515,9706388.5603,9643999.9802
002134.SZ,20260327,2.4906,0.81,1044.7121,9.9625,3.6105,,497766.5213,497443.5277
300727.SZ,20260327,1.468,0.63,45.1694,4.2258,4.031,0.7555,549415.8736,493729.7361
000993.SZ,20260327,19.127,1.54,36.1036,2.7968,11.5997,,745087.0173,715469.2996
600315.SH,20260327,0.702,0.63,51.7269,2.0069,2.191,0.189,1384113.2928,1384113.2928
301026.SZ,20260327,2.7952,0.6,32.6685,2.7186,1.6501,1.021,440159.9578,317893.7295
000810.SZ,20260327,1.4276,1.41,127.2123,1.976,1.4938,0.4479,1274416.7015,1230551.6419
301078.SZ,20260327,1.2875,0.56,40.2552,2.5113,1.0549,0.8403,1043014.5634,1037227.5606
000066.SZ,20260327,2.6694,0.85,,4.3823,3.2643,,4861279.2256,4860963.8859
300930.SZ,20260327,4.3717,0.95,50.9163,3.1358,4.1865,0.3478,287500.0,135484.3779
605060.SH,20260327,1.6501,0.76,59.1248,5.3535,10.9978,0.6457,1294866.144,1285977.2328
300903.SZ,20260327,6.9774,0.8,,7.2653,3.9897,,1454626.507,1097168.2362
002042.SZ,20260327,4.759,1.27,,1.305,0.7292,,751701.1589,751701.1589
002650.SZ,20260327,0.2157,0.32,,4.3495,5.6423,,718497.4018,718473.0643
300289.SZ,20260327,1.4045,1.11,,2.1925,10.6518,,362855.6618,362285.3768
600566.SH,20260327,0.9386,0.9,14.3013,1.7057,3.8435,8.1369,2361405.3384,2353434.6647
601886.SH,20260327,0.8363,0.58,15.8,1.3202,0.4414,6.463,964184.7531,964184.7531
001234.SZ,20260327,1.6187,0.82,71.0192,3.1035,3.2715,1.1583,283381.483,237038.095
600529.SH,20260327,0.7673,0.83,17.629,1.4657,2.7173,3.2751,1215741.055,1215741.055
300729.SZ,20260327,0.7728,0.71,17.7041,1.1643,0.6481,2.4153,423941.3694,395187.7618
002984.SZ,20260327,1.6701,1.0,12.0478,1.3446,2.0651,3.4372,1777750.9944,1224606.1868
600372.SH,20260327,0.5528,0.63,75.7836,1.6409,2.6036,0.7094,6271210.0325,6271210.0325
301098.SZ,20260327,3.7083,0.56,,1.3054,1.8791,0.5896,155977.371,126936.551
603120.SH,20260327,4.6259,0.57,39.7607,3.1039,5.7137,1.0217,353916.0,88479.0
301469.SZ,20260327,2.5915,0.82,40.4654,2.0619,2.6881,1.0897,284009.52,146190.2662
688012.SH,20260327,1.0432,0.78,90.6269,8.4318,15.4511,0.0978,19135626.7272,19135626.7272
600971.SH,20260327,2.0622,0.85,340.3398,0.7808,1.7486,3.466,934803.8046,934803.8046
002192.SZ,20260327,16.2561,1.52,72.653,5.7359,24.0971,0.2128,2025310.5834,2021117.8884
688373.SH,20260327,1.8087,1.03,,15.4573,28.4204,,402924.2253,371861.6675
300736.SZ,20260327,9.5449,1.41,,36.4669,7.0557,,299110.4495,292451.6221
688212.SH,20260327,0.963,1.0,434.5935,3.7943,6.4396,0.2123,498126.7598,498126.7598
002022.SZ,20260327,1.9703,1.08,,0.9771,1.8932,,302951.8897,302894.4622
300236.SZ,20260327,4.7926,1.32,79.7542,4.653,12.382,0.3377,2397994.4881,2131459.6339
300909.SZ,20260327,1.1021,0.56,79.819,3.2783,4.2622,0.6018,661102.7257,467090.6369
600622.SH,20260327,0.9617,0.6,,1.3107,2.4555,,385419.1483,385419.1483
603588.SH,20260327,3.9293,0.82,26.5354,2.3053,1.5096,0.4795,2223922.3072,2223922.3072
002432.SZ,20260327,11.2331,1.06,16.8943,1.4383,20.3358,0.269,3191593.8226,3009243.8856
688050.SH,20260327,1.0706,0.93,37.9498,3.6154,6.7933,0.6715,1007243.7354,1007243.7354
300592.SZ,20260327,1.1945,0.45,156.3515,2.05,0.4909,0.4229,473507.2802,408543.1336
600684.SH,20260327,2.7374,0.75,155.4666,4.4154,3.4032,,543082.473,419049.215
920378.BJ,20260327,0.585,0.58,52.5617,3.3985,3.3158,1.1534,134841.042,96568.4229
002815.SZ,20260327,2.5822,0.56,56.1141,1.9348,2.3766,0.7483,1733982.6102,1091884.5297
688068.SH,20260327,5.773,2.98,,4.9198,30.0458,,1224950.0112,1224950.0112
002862.SZ,20260327,1.8108,0.68,,6.7861,5.9706,0.1326,271488.0,204016.6323
300408.SZ,20260327,0.8559,0.68,41.2859,5.0046,12.361,0.6911,10510071.5826,10254027.1652
600819.SH,20260327,0.5294,0.51,50.0724,1.8885,1.2913,0.4497,719869.9628,550845.6414
300580.SZ,20260327,1.1429,0.72,35.9334,3.3111,7.5134,0.789,1078486.97,1014656.0374
603086.SH,20260327,2.455,1.0,19.7735,1.499,1.2779,,323935.7915,323935.7915
300103.SZ,20260327,2.1826,0.6,,4.558,13.8211,,221685.498,221501.4333
603982.SH,20260327,1.35,0.59,,1.2134,1.0691,,284800.6161,264851.7674
603022.SH,20260327,1.8903,0.58,39.9938,2.5589,2.2049,0.7436,209800.0,209800.0
300009.SZ,20260327,1.8817,1.44,23.1187,3.7139,5.9983,1.6187,1545971.6549,1137978.6896
603079.SH,20260327,1.5,0.65,52.6698,2.042,3.8309,,321728.42,321728.42
000595.SZ,20260327,1.3608,0.94,717.417,14.4104,13.3208,,733294.6997,733294.6997
300856.SZ,20260327,0.6536,0.37,46.9149,2.2136,3.8599,1.7212,592230.5926,572370.8506
603283.SH,20260327,2.4113,0.58,24.3437,3.7015,3.4435,0.9425,1168760.0822,1168760.0822
603381.SH,20260327,8.1267,0.58,64.957,1.669,0.5192,2.2258,596936.9162,357618.418
002340.SZ,20260327,3.6012,1.04,33.8205,2.0158,1.1567,0.8121,4143906.8077,4121435.8875
688330.SH,20260327,1.3213,0.56,10.6537,1.5562,10.4401,0.6929,680540.0,680540.0
002927.SZ,20260327,4.3452,1.27,236.7805,3.8727,4.6568,0.2784,400853.1553,396445.1463
301392.SZ,20260327,6.1559,1.35,544.7499,15.9688,29.4686,0.2591,1158000.0,472416.6494
002014.SZ,20260327,0.4723,0.73,15.5943,3.1365,1.994,7.4875,736215.2229,726629.5362
300902.SZ,20260327,1.7133,0.54,,3.9176,10.1087,,321610.1598,214496.8648
001213.SZ,20260327,0.6411,0.91,32.1517,0.9547,1.5373,1.9756,1822222.222,1822222.222
002851.SZ,20260327,2.027,0.68,247.8011,6.5863,6.498,0.0465,5887641.0465,4636841.6689
300447.SZ,20260327,2.9513,0.66,188.935,2.8052,6.6815,0.2758,560284.8128,361406.3501
002761.SZ,20260327,2.0854,1.01,52.8863,1.285,0.1319,0.4985,1085069.521,885984.7168
600072.SH,20260327,1.7471,0.59,,1.9819,1.9719,0.2349,1923832.9269,1388838.4391
002343.SZ,20260327,1.3247,0.54,,3.1384,5.9062,,298892.2605,298892.2605
002334.SZ,20260327,2.2165,0.52,24.3016,2.2469,1.597,0.7049,684520.1792,610767.5101
600745.SH,20260327,1.5657,0.75,,1.1948,0.8082,,4057564.3497,4057564.3497
000777.SZ,20260327,1.8838,0.56,38.6159,3.8145,4.5747,0.8598,869591.1009,869575.7556
920651.BJ,20260327,5.4443,0.86,22.4991,3.3276,5.2824,2.3633,180682.0,45244.1679
600740.SH,20260327,3.3371,0.75,,0.796,1.8242,0.4228,1211883.3058,1211883.3058
000811.SZ,20260327,1.9845,0.79,30.8545,2.9232,2.7579,0.6376,1796385.1529,1770896.1826
603500.SH,20260327,1.1022,0.65,24.7975,3.5794,4.779,1.1916,363074.1584,362030.3147
600354.SH,20260327,12.2554,1.69,52.0041,5.2169,2.8623,,359433.2165,359433.2165
605006.SH,20260327,1.5649,0.59,456.329,2.0926,2.2904,,525015.645,525015.645
300512.SZ,20260327,0.8909,0.56,107.5881,2.2675,3.2489,0.6561,368722.8749,291840.3881
300191.SZ,20260327,10.0107,0.88,,11.9083,22.9227,,1264640.0,874162.64
300807.SZ,20260327,2.7159,0.85,,7.37,17.7134,,346321.4978,264382.179
300582.SZ,20260327,2.4451,0.76,,3.0918,1.7118,0.2732,409592.0615,303952.692
600895.SH,20260327,0.8835,0.73,54.8689,3.9608,12.9058,0.6302,5406475.2191,5406475.2191
605566.SH,20260327,1.332,0.59,118.6899,1.8186,4.5303,0.365,363351.5,363351.5
300219.SZ,20260327,3.3558,0.66,78.4328,2.008,1.1942,1.5732,517506.7029,516560.3393
002338.SZ,20260327,0.8003,0.56,194.9308,8.4576,15.7091,0.1251,1151520.0,1151520.0
300665.SZ,20260327,3.906,0.93,,3.0009,2.791,,165741.9176,165079.7084
002196.SZ,20260327,3.9598,0.78,,4.8038,2.5518,,679840.416,669439.293
000090.SZ,20260327,1.1123,0.64,21.5456,0.5958,0.3047,2.7778,672676.3562,672645.5762
600429.SH,20260327,1.4383,0.86,47.2069,1.6958,1.3639,0.2047,884730.4593,882061.3239
300077.SZ,20260327,4.9072,0.75,,3.0847,10.8095,,1410503.536,1177960.992
301509.SZ,20260327,28.2724,1.79,49.3518,2.3005,8.4863,0.9501,507080.4765,238879.3069
300105.SZ,20260327,1.4405,0.54,46.1853,1.9097,3.0067,1.4025,367775.6815,367775.6815
603239.SH,20260327,0.6035,0.51,29.7339,4.6033,4.1027,0.9845,577445.76,577445.76
603906.SH,20260327,13.4479,1.55,,5.1317,1.9588,,1535261.8216,1266341.8216
002765.SZ,20260327,1.2172,0.66,34.5485,2.5134,1.7811,,660605.7552,603631.6468
603929.SH,20260327,2.6179,0.79,44.2688,17.142,8.0495,1.0804,3949506.96,3949506.96
300374.SZ,20260327,1.635,1.02,,4.6895,1.8157,,348703.6939,348662.7278
603350.SH,20260327,1.5232,0.73,33.2788,3.0586,2.0824,2.0229,402836.252,152152.0
300835.SZ,20260327,4.3083,0.81,63.1793,7.6692,7.2322,0.2531,915821.1072,638547.4944
920575.BJ,20260327,1.6748,0.71,,8.9681,1516.2857,,219133.2,146514.1704
300124.SZ,20260327,0.7143,0.8,35.7811,5.3966,4.2847,0.5952,18555344.9066,16439776.6279
603700.SH,20260327,1.4792,0.67,28.8273,1.6504,1.5804,1.4976,266949.1819,266949.1819
002960.SZ,20260327,2.036,0.73,40.8636,1.6593,2.1954,1.3862,1045212.9364,960554.3777
920802.BJ,20260327,1.475,0.59,44.5399,2.5647,5.6816,0.8886,113581.4817,30606.5513
300594.SZ,20260327,3.4697,0.8,,3.1913,3.163,,263676.8015,261164.6188
002734.SZ,20260327,4.3569,0.71,20.0473,2.1975,1.8748,1.2378,842236.1345,768792.0572
002729.SZ,20260327,4.6845,0.68,86.7879,6.5753,8.544,0.1419,360999.6522,346189.9018
000045.SZ,20260327,7.9656,1.27,104.3983,2.4531,2.2265,0.4927,729897.9844,658568.4844
688622.SH,20260327,4.195,0.88,,21.0893,65.6795,,639333.672,639333.672
000899.SZ,20260327,8.8642,1.22,15.0413,2.2549,2.0368,2.2634,1422538.1741,1422538.1741
600719.SH,20260327,12.3643,1.58,,9.5735,4.8558,,293739.3096,293739.3096
688656.SH,20260327,0.6216,0.75,342.5054,9.6906,19.9458,0.235,794639.3853,794639.3853
603693.SH,20260327,4.4693,0.67,38.0317,2.0941,7.0522,0.9174,1457563.0638,1457563.0638
600857.SH,20260327,0.7256,0.55,72.0213,3.0697,5.4203,,273445.9813,273445.9813
301448.SZ,20260327,2.6954,1.2,784.8146,5.8924,5.2731,0.542,402919.2,185984.19
301000.SZ,20260327,0.9103,0.55,49.2964,5.7166,8.5813,0.6817,711144.7988,671300.5748
301061.SZ,20260327,0.4251,0.65,17.9194,4.0472,5.0772,1.1808,1630035.9049,1082908.4235
300601.SZ,20260327,1.4279,1.08,,1.7086,5.7649,0.6466,1554766.219,1253320.5454
301222.SZ,20260327,2.5691,0.73,32.4338,2.347,5.0856,0.8942,336310.568,267801.6358
600930.SH,20260327,18.1946,0.81,38.9402,2.5927,7.2556,0.4425,28282285.7141,2189813.6255
300891.SZ,20260327,3.2726,0.87,,2.8038,2.0233,0.1117,355607.3378,295523.1616
601616.SH,20260327,3.8818,0.51,224.596,1.7645,4.8664,1.3917,429398.6855,429398.6855
301022.SZ,20260327,2.6731,0.47,64.7978,2.0014,3.5993,0.8971,283430.275,191412.7374
003039.SZ,20260327,0.6125,0.52,34.4258,3.334,4.3699,1.3825,938010.9509,938010.9509
002553.SZ,20260327,1.7522,0.55,24.0545,5.1777,9.7829,0.4199,828745.6035,588126.0
920284.BJ,20260327,5.6064,1.42,,10.1106,13.3781,,314671.2919,203490.2319
603286.SH,20260327,2.1398,0.77,,8.0319,6.2929,0.0518,675613.5829,664212.3524
600764.SH,20260327,0.5174,0.48,73.0421,2.0732,5.2787,0.5384,1702668.0089,1702668.0089
300632.SZ,20260327,3.1773,0.73,172.4697,2.3827,5.4565,0.6631,426033.5415,308809.939
002093.SZ,20260327,0.7146,0.48,44.171,2.4913,16.8925,1.245,956117.5,956117.5
300198.SZ,20260327,1.6533,0.89,,154.9863,34.0187,,286770.4941,285288.1901
003019.SZ,20260327,1.1524,0.5,27.8027,3.1612,2.1421,1.6337,539880.4212,521839.6797
300183.SZ,20260327,1.2474,0.65,,2.0957,6.8484,0.7133,648578.0101,569965.031
601928.SH,20260327,0.272,0.69,12.585,1.2407,1.8637,6.2048,2460918.3,2460918.3
002269.SZ,20260327,1.9974,0.69,,22.5891,8.7583,,424612.5,424612.5
603887.SH,20260327,2.8451,0.56,,2.6744,3.8086,,954818.6617,944113.1617
300591.SZ,20260327,2.0328,0.51,,11.4503,5.6091,,290868.0981,251268.941
300057.SZ,20260327,15.109,2.92,,1.1447,1.0022,0.1496,593407.4481,479321.8391
002769.SZ,20260327,3.0563,0.86,,3.4869,6.0248,,412516.4497,412176.3042
600609.SH,20260327,0.8103,0.61,19.818,3.4043,1.2592,,536173.5673,536173.5673
920717.BJ,20260327,2.0268,0.5,327.2249,1.7998,6.7135,0.4668,101491.8,39187.8
600075.SH,20260327,2.2492,0.62,190.2005,1.393,1.1003,0.274,1246375.5631,1246375.5631
002377.SZ,20260327,2.2957,0.69,,7.0975,3.4347,,314299.5439,299215.577
002911.SZ,20260327,0.7054,0.9,18.2988,3.8126,0.5612,3.3047,1885268.4031,1839739.1789
300349.SZ,20260327,1.8713,0.63,21.3953,1.298,1.8067,3.6065,576171.5853,510702.4354
300482.SZ,20260327,0.9381,0.69,33.5232,1.6126,3.3793,2.2142,869701.7609,799680.5542
002557.SZ,20260327,0.5133,0.44,27.4216,2.0667,1.5606,4.6331,1072918.8516,1070624.5129
603406.SH,20260327,3.6563,0.64,30.9885,3.1474,3.8771,1.4249,1403635.09,128648.8634
300053.SZ,20260327,3.5266,0.65,,6.8189,54.9487,,1160295.7478,1083613.5151
001258.SZ,20260327,7.9636,0.61,182.4826,3.2072,9.7621,0.163,973466.6674,973456.4981
603628.SH,20260327,10.765,0.8,48.7695,3.3282,1.9625,0.4044,446524.4776,444999.5131
600459.SH,20260327,2.7647,0.98,23.2078,1.9886,0.2644,1.2392,1473266.0173,1473070.4343
301526.SZ,20260327,4.4822,0.69,543.7843,5.0513,4.9461,,4147965.8528,1544832.2153
000998.SZ,20260327,2.3314,0.9,,2.5455,1.7115,0.4028,1459161.9246,1305845.1922
300135.SZ,20260327,3.4381,0.75,721.4856,3.9679,2.7611,0.2457,375091.2,375091.2
600410.SH,20260327,8.4084,0.62,45.5876,5.7329,6.0897,0.0266,2719306.8138,2719306.8138
600654.SH,20260327,1.7696,0.77,46.4529,5.557,2.8485,,961103.9816,774009.8522
601566.SH,20260327,0.7367,0.63,17.3384,1.4937,2.0006,2.8302,609115.379,609115.379
688023.SH,20260327,2.8119,0.65,,2.096,2.2619,,486631.5941,486631.5941
603496.SH,20260327,2.6445,0.62,259.1882,6.5201,8.6516,0.0884,905551.7392,905551.7392
300177.SZ,20260327,1.3358,0.71,,4.022,5.2155,,607241.9579,494743.4528
603966.SH,20260327,2.9353,1.26,21.0017,2.3215,1.9912,1.9041,481594.5511,480448.3403
002739.SZ,20260327,1.3533,0.82,,2.6123,1.6308,,2006189.7726,1994916.8256
300572.SZ,20260327,2.4052,0.63,,3.5436,14.0208,,627658.3337,503239.6538
002125.SZ,20260327,4.4362,1.09,37.7944,2.8262,4.4654,1.1679,862396.9749,862396.9749
003017.SZ,20260327,2.2254,0.58,27.9101,2.4081,2.6202,1.9403,258216.0,212991.2751
600748.SH,20260327,1.9902,2.45,,0.9492,2.9234,,990530.273,990530.273
000965.SZ,20260327,10.9606,3.37,224.1686,0.7907,1.5357,0.2577,430614.3873,430614.3873
300838.SZ,20260327,2.2341,0.53,426.8872,2.1247,2.2217,0.9868,209726.56,154667.41
603275.SH,20260327,2.2812,0.85,33.4442,2.2162,9.1066,0.3868,648496.4985,181055.2627
600323.SH,20260327,0.7192,0.8,13.4628,1.8102,1.9669,3.3762,2535729.6241,2535729.6241
002088.SZ,20260327,0.4227,0.46,21.2826,1.9808,1.8614,7.9761,514661.9538,507308.7521
600103.SH,20260327,1.7629,0.54,124.1256,1.9681,3.3105,0.3457,782048.5347,772102.8374
920663.BJ,20260327,1.0563,0.71,23.5914,4.7625,4.974,3.6113,193784.692,92975.0305
600192.SH,20260327,2.0348,0.49,,3.8422,2.5405,,389621.736,389621.736
300815.SZ,20260327,0.7199,0.57,16.2162,1.8766,1.0871,1.8046,828274.176,811210.9034
600363.SH,20260327,1.1445,0.63,74.5361,5.3315,7.19,0.1073,2281946.4455,2281946.4455
600743.SH,20260327,0.6305,0.55,,7.1916,3.2171,,455143.5696,455143.5696
688339.SH,20260327,1.8209,0.6,,3.2253,24.7574,,648955.5545,528233.6471
002561.SZ,20260327,0.8853,0.73,818.3972,1.5413,8.8001,0.7417,336352.267,335281.6097
002590.SZ,20260327,1.132,0.69,30.0126,2.1157,1.3333,0.4893,635320.2318,605827.2028
688275.SH,20260327,10.4184,1.01,,2.9052,1.294,,1487567.2711,997818.9611
000513.SZ,20260327,1.3034,1.22,14.9517,2.1782,2.5166,3.2554,3025099.7316,1935652.2782
603136.SH,20260327,1.6283,0.75,30.3357,2.2883,6.0095,2.0417,310915.8432,310915.8432
688117.SH,20260327,3.1453,1.84,32.0611,4.9897,7.1714,0.3901,531649.8337,531649.8337
600938.SH,20260327,1.7847,0.6,15.9897,2.4317,4.902,3.0952,195205521.0123,12279930.0
605168.SH,20260327,2.0608,0.98,85.5499,2.7504,1.9947,2.0607,736594.5491,736594.5491
920971.BJ,20260327,1.0575,0.65,70.4954,5.6372,9.5969,0.8067,262825.093,214342.7078
002202.SZ,20260327,4.3657,0.67,43.7074,3.0194,1.6802,0.5098,11594299.836,9232821.4473
600052.SH,20260327,0.93,0.54,,1.2862,5.1292,0.4819,346119.8438,346119.8438
601577.SH,20260327,0.4435,0.97,4.6654,0.5477,1.4605,6.5195,3824497.6201,3823670.1274
301035.SZ,20260327,0.6121,1.26,21.6235,2.9555,1.4967,0.9798,2158567.2481,2155290.6225
600125.SH,20260327,2.9419,0.89,16.7374,1.1693,0.7794,2.0438,894282.4837,894282.4837
002535.SZ,20260327,3.3838,1.79,111.5651,4.1071,1.9023,,291010.9559,270920.8701
002242.SZ,20260327,2.3005,2.07,62.0683,2.1269,0.8894,1.5674,730207.269,728933.2388
603217.SH,20260327,3.8925,3.03,25.9755,1.5664,2.4407,1.3648,526253.5404,526253.5404
600308.SH,20260327,1.0465,0.81,,0.6309,0.4491,0.2054,579444.4072,579444.4072
605188.SH,20260327,0.5695,0.59,1417.1524,7.1736,3.0513,0.0585,846474.0725,846474.0725
920005.BJ,20260327,2.5847,1.22,48.6978,4.5517,6.486,1.6949,293820.0,76110.0
000656.SZ,20260327,1.5688,1.63,,,1.2375,,1446235.102,1034980.3668
002931.SZ,20260327,3.9389,0.68,598.3838,15.6964,29.1898,0.0732,1491520.9731,1373756.5821
600391.SH,20260327,3.9777,1.13,296.0366,7.5506,3.0704,,1325469.4085,1325469.4085
300065.SZ,20260327,5.194,0.69,430.5708,9.2621,22.9358,,1628513.8841,1482612.2226
600698.SH,20260327,10.9103,2.44,2249.4798,12.1897,19.0536,,939332.5664,729967.0803
002836.SZ,20260327,2.0618,1.26,58.1352,8.7728,7.7237,1.6834,331315.2,331315.2
300673.SZ,20260327,1.8216,0.75,26.1869,2.0011,2.5907,2.2948,369227.6415,239527.111
603009.SH,20260327,1.3018,0.74,151.6721,7.7912,6.8761,0.1836,1566721.1332,1530623.7713
600662.SH,20260327,0.4939,0.71,10.3858,2.277,0.4602,4.7715,1148579.0596,1145064.9693
920069.BJ,20260327,65.5272,,25.6272,2.9988,6.0197,,230070.072,64253.5918
002562.SZ,20260327,4.7277,0.85,64.0606,1.91,1.9702,,702835.479,431440.2015
300459.SZ,20260327,1.5065,0.63,,7.0151,15.1288,,1469608.9725,1374046.8638
002180.SZ,20260327,0.5422,0.44,,2.5159,1.1216,,2414350.4113,2317932.6701
300833.SZ,20260327,1.5697,1.13,23.5622,1.7299,3.9231,3.9299,418430.574,268793.0948
600218.SH,20260327,1.1924,0.55,45.6312,1.2724,0.9696,0.8439,412948.7232,412948.7232
601106.SH,20260327,0.6375,0.63,,5.5525,3.0678,,2928273.3098,2928273.3098
002598.SZ,20260327,1.7836,0.59,91.1648,2.3577,1.4273,1.0787,289267.7034,260898.3757
688197.SH,20260327,4.7034,1.75,,8.4879,666.0765,,577328.4895,248466.9519
688478.SH,20260327,1.387,0.77,,2.6756,17.7933,0.8475,404305.7325,302162.4597
600785.SH,20260327,1.9432,0.69,29.6084,1.7358,0.652,1.9977,395306.0026,395306.0026
603123.SH,20260327,2.6393,0.8,,4.8807,3.9766,,892188.8548,728592.235
300578.SZ,20260327,2.6977,0.65,242.3503,3.3918,8.9348,,403280.6512,403171.5779
002495.SZ,20260327,3.6046,0.79,124.8184,2.2678,9.5984,0.295,248876.4096,186405.7529
688776.SH,20260327,1.3145,0.65,,5.3175,33.3155,,931121.9526,931121.9526
603023.SH,20260327,1.7049,0.65,1248.3884,3.5885,21.3591,,276268.1165,276268.1165
002327.SZ,20260327,0.7831,0.54,13.9644,1.6433,2.0752,9.1043,570845.2121,334335.3619
688305.SH,20260327,0.9448,0.79,85.0059,3.9798,13.6736,0.332,754511.211,750577.6177
001872.SZ,20260327,0.1219,0.55,12.1146,0.8785,3.3222,3.3115,5556734.4934,5153948.6256
000877.SZ,20260327,0.1445,0.6,17.912,0.4312,0.4383,,3526803.8802,3526803.1362
600664.SH,20260327,1.3099,1.2,19.1206,1.5179,0.5388,,858811.8677,858811.8677
603085.SH,20260327,0.8847,0.65,549.3185,4.682,1.5884,,417352.1,417352.1
002978.SZ,20260327,1.0486,0.73,19.3587,1.8186,7.3773,1.5173,1552374.9719,1214560.4663
688098.SH,20260327,0.7545,1.3,,2.5397,12.2509,,353153.84,353153.84
300432.SZ,20260327,6.4015,0.76,104.2082,9.3364,3.6708,0.285,4284659.1665,4236532.5616
301221.SZ,20260327,1.8307,0.63,70.379,2.2359,6.5282,0.4136,447921.4428,303329.2936
002246.SZ,20260327,7.6386,1.28,67.7632,4.6914,5.642,0.1765,1400038.7247,1400038.7247
000952.SZ,20260327,2.3098,0.83,,2.5968,4.1378,,250700.4951,248707.6873
603215.SH,20260327,1.5558,0.86,33.6553,3.0496,1.5866,1.5072,370428.855,369027.137
301130.SZ,20260327,2.4109,0.87,60.3425,2.5901,9.3935,0.8376,237439.5022,183189.8854
920344.BJ,20260327,0.3856,0.74,445.8568,3.8726,8.4799,,242523.71,226432.7646
002832.SZ,20260327,1.9857,0.7,15.5254,1.8155,2.3557,2.9954,990747.4978,676030.141
605499.SH,20260327,0.4648,1.38,29.0105,6.852,6.3143,2.2222,12707295.75,11700292.5
600630.SH,20260327,0.8969,0.53,106.9318,4.3909,1.8604,0.4774,338189.8312,338189.8312
688646.SH,20260327,2.7793,1.68,,3.3149,5.9475,,477592.7478,294099.8591
600807.SH,20260327,2.0802,0.68,,63.9195,8.6355,,280429.2097,249484.8531
601328.SH,20260327,0.5109,0.82,6.4068,0.542,2.3085,4.3784,60794283.5454,17937838.4235
688712.SH,20260327,14.5425,1.85,204.3055,9.7167,30.3842,,1647150.0,146603.065
600559.SH,20260327,0.6039,0.65,19.5663,2.3411,2.6846,4.0741,1234909.0494,1227837.7494
300420.SZ,20260327,1.2428,0.52,,1.7295,4.0922,,408596.3833,408564.6511
300639.SZ,20260327,2.7136,0.91,,1.0773,5.9865,,413760.4314,406505.1974
688382.SH,20260327,4.8136,1.65,,7.5261,309.7413,,1156118.6335,1156118.6335
301258.SZ,20260327,1.2408,0.8,38.3776,1.5249,6.6318,0.2834,291510.6,283226.7
688100.SH,20260327,0.5312,0.7,27.3787,5.1537,6.1262,2.0636,1824151.9993,1824151.9993
600596.SH,20260327,1.4873,0.92,,1.1924,1.0203,0.9099,1483207.1569,1483207.1569
300961.SZ,20260327,4.2699,0.38,,3.0965,6.9842,,227095.68,195440.547
603296.SH,20260327,2.2718,0.95,21.2151,3.3341,0.5017,1.0599,8601221.489,4836739.1993
301502.SZ,20260327,3.1115,0.61,75.7047,3.0096,5.8271,0.7985,250196.9805,103381.821
003018.SZ,20260327,14.7663,1.77,60.8753,4.5332,8.7462,1.0799,722280.0,272185.4537
301601.SZ,20260327,1.386,0.75,78.2141,2.5701,6.3235,0.7752,326194.56,196162.56
603556.SH,20260327,0.7286,0.73,17.7419,2.2682,3.577,2.0192,1672748.7448,1672748.7448
002727.SZ,20260327,1.335,0.8,81.6491,1.0068,0.4231,3.8967,736689.9893,499819.0407
002959.SZ,20260327,1.2125,0.65,17.9876,2.5938,1.3761,2.1502,720418.3722,695847.0024
688435.SH,20260327,2.6349,0.65,,3.2672,19.0031,,358215.0,240446.5635
001270.SZ,20260327,3.0948,0.9,235.6948,14.5285,51.2814,,2139472.6724,2112325.4432
002159.SZ,20260327,3.0073,0.89,27.2555,2.3253,5.2949,1.3034,340063.9414,265590.3758
688127.SH,20260327,3.292,1.1,60.4742,10.7416,15.3082,0.3429,2351365.3761,2351365.3761
603192.SH,20260327,0.6601,0.6,31.4224,1.8083,1.5901,1.351,391793.227,326350.5392
603893.SH,20260327,1.0816,0.92,62.4936,15.539,15.5201,0.6255,6391412.9055,6389621.3115
688257.SH,20260327,2.7302,0.76,69.79,6.9757,6.603,0.3855,1651256.4332,1651256.4332
300340.SZ,20260327,3.1194,1.0,,,1.6254,,312984.7162,310654.0384
000880.SZ,20260327,4.7284,0.75,51.9015,5.9264,2.0364,0.6914,1245897.9842,609793.9848
605286.SH,20260327,2.3198,0.61,35.9509,3.7125,3.5699,0.3836,788256.0,788256.0
603291.SH,20260327,1.2303,0.55,63.3519,2.9086,4.409,1.2315,515482.6957,515482.6957
000779.SZ,20260327,1.5993,0.64,20.3292,1.0678,2.0879,0.8811,422065.1424,422015.4657
301024.SZ,20260327,1.8073,0.87,,5.391,15.6876,,215553.15,208688.4
300063.SZ,20260327,5.4989,0.96,67.7931,4.9764,1.246,,865479.4782,714898.6195
002864.SZ,20260327,3.7778,0.69,29.2104,2.0903,3.2047,1.053,352002.5395,245719.6911
300055.SZ,20260327,6.0839,1.05,169.5748,1.8203,3.5816,0.1335,940506.5571,711322.6627
603983.SH,20260327,0.4381,1.05,30.8339,3.3168,3.0828,2.8132,1069066.0,1069066.0
688517.SH,20260327,3.386,1.24,32.1777,3.188,3.5776,2.8542,261341.021,261341.021
300494.SZ,20260327,1.7416,0.69,,3.8731,4.5667,,557709.9564,452921.7533
300010.SZ,20260327,1.3569,0.54,108.2042,7.1628,13.0851,,1277166.6233,1027939.5357
688286.SH,20260327,1.7378,0.77,99.8614,3.4867,6.0206,,373582.3206,373582.3206
603179.SH,20260327,2.4792,0.69,41.44,4.5567,2.1757,0.4328,3377649.4736,3377649.4736
002414.SZ,20260327,0.7607,0.62,655.2358,7.9949,14.0833,,5539144.7321,4408000.323
002021.SZ,20260327,2.8265,0.72,,5.9186,4.4256,,368207.0155,368194.8704
002755.SZ,20260327,2.8554,3.01,55.6699,4.4571,7.8181,0.7797,1428438.7802,1428425.2755
300278.SZ,20260327,1.2613,0.75,550.8021,3.8049,2.8035,,658871.1127,656801.4539
688069.SH,20260327,2.3121,1.44,32.2159,2.4853,5.6319,1.3492,323406.0,323406.0
688695.SH,20260327,2.8876,1.2,,2.6505,13.1229,0.5766,206504.7458,129644.2206
688601.SH,20260327,5.5439,1.32,203.0452,5.8117,9.4362,0.7323,725149.2048,725149.2048
600697.SH,20260327,2.1131,0.61,,0.8355,0.2778,0.8299,191701.1304,187228.0981
300179.SZ,20260327,6.0845,0.69,123.592,8.6238,19.2745,0.9397,1028277.5598,791719.6357
301207.SZ,20260327,0.8381,1.02,163.5114,2.1666,11.7997,4.1313,1152169.7175,1151442.5036
002629.SZ,20260327,5.2275,0.67,778.6435,77.816,10.8786,,278668.092,276834.4395
688557.SH,20260327,0.7891,0.59,28.2211,2.6194,2.1471,1.0382,324878.381,324878.381
002545.SZ,20260327,1.182,0.66,30.3761,2.9786,6.282,1.3268,2812824.3697,2555300.1438
688629.SH,20260327,9.9223,0.81,139.6889,27.5808,20.159,,5028970.7934,1983071.2597
002992.SZ,20260327,0.7334,0.61,,12.2611,6.2355,,898917.116,785456.3249
000422.SZ,20260327,7.0687,0.93,21.1452,2.7312,0.7325,1.152,1879405.0075,1826826.0988
300466.SZ,20260327,1.1419,0.61,,6.4041,8.6927,,461626.7807,386927.8036
600173.SH,20260327,1.9231,0.63,,1.5659,1.8428,,558303.4765,558231.7465
688484.SH,20260327,0.9912,0.47,63.8523,3.6389,4.6619,0.5577,1520342.5694,1049349.6277
300892.SZ,20260327,1.9336,0.74,110.2962,2.6113,3.3154,0.3609,274300.0,177094.9375
603321.SH,20260327,1.3282,0.57,54.2559,1.7615,3.4534,2.3999,253642.644,250498.369
600303.SH,20260327,2.9078,0.57,,1.9345,1.2763,,217386.1391,214842.1391
301525.SZ,20260327,1.537,0.59,44.9942,2.1184,5.3857,0.6144,690739.3888,361814.3668
000410.SZ,20260327,0.8542,0.73,132.5926,2.9499,5.7185,,1743090.0399,1106042.6912
300234.SZ,20260327,3.3291,0.63,657.0786,2.7466,9.5087,0.2222,316997.7867,216711.8377
603400.SH,20260327,3.6454,0.53,40.8419,5.4808,4.6666,1.3581,662700.0,132540.0
300599.SZ,20260327,3.2144,0.66,,1.698,3.4832,,336643.673,199600.4855
000554.SZ,20260327,10.0271,0.89,25.7295,3.6297,1.2948,1.7136,409635.9069,308980.5238
002038.SZ,20260327,6.8165,1.71,81.0666,1.1928,11.7364,0.3026,679078.35,563114.803
002122.SZ,20260327,1.696,1.42,,2.6958,5.595,,588441.1691,584536.4119
000158.SZ,20260327,1.2315,0.51,,5.3101,3.0671,,2770402.7775,2751886.5823
300223.SZ,20260327,5.2808,0.91,168.8834,4.3247,12.0562,0.0898,5362475.0547,4673798.9663
301183.SZ,20260327,12.7856,0.88,133.7392,13.6953,15.6049,0.0782,1279539.9967,938020.4462
600177.SH,20260327,0.5564,0.65,13.5437,0.8381,2.8074,5.7249,3527686.1712,3527686.1712
002160.SZ,20260327,2.0916,0.6,102.4043,1.3843,0.6137,,515357.8023,514334.015
301439.SZ,20260327,2.1906,0.54,31.1149,2.1129,1.6371,1.2438,625675.7089,294661.0538
002817.SZ,20260327,2.6592,0.63,37.0502,2.5078,5.2294,0.882,240774.0269,233481.6325
603876.SH,20260327,4.1253,0.94,53.0476,2.7807,0.7817,0.4575,2033236.662,2033236.662
603611.SH,20260327,1.4076,0.72,12.4658,1.686,0.7998,4.3187,535036.8429,535036.8429
688053.SH,20260327,0.9206,0.79,,2.3285,19.2757,,369900.0,369900.0
601229.SH,20260327,0.3179,1.11,5.7499,0.5904,2.5402,5.3112,13910620.8585,13910620.8585
603160.SH,20260327,0.7676,0.9,37.6783,3.3647,6.6603,0.7959,3154047.3606,3154047.3606
600169.SH,20260327,0.4375,0.64,38.2127,1.577,0.8125,,803304.7608,799953.96
002692.SZ,20260327,10.6343,2.38,62.2125,3.4941,0.9483,0.3384,424424.286,424166.0042
000688.SZ,20260327,4.0178,1.17,46.721,19.3312,10.465,,5029427.3443,5029409.0102
688066.SH,20260327,2.5813,0.73,,,9.7384,,519942.7643,519942.7643
688628.SH,20260327,1.0768,0.8,31.5831,3.8014,3.9442,3.0025,481494.7691,481494.7691
603696.SH,20260327,1.6426,0.8,95.3279,6.6106,6.1861,0.5518,383611.2,383611.2
300429.SZ,20260327,2.6563,0.76,,3.9198,7.1386,,675207.2736,501880.177
301556.SZ,20260327,3.1833,0.56,50.3676,7.1918,12.7771,1.0067,695884.8,240556.8
688818.SH,20260327,15.7333,0.69,317.7887,19.9531,31.5165,,10402437.1772,790645.8543
000425.SZ,20260327,0.735,0.74,18.2481,2.0256,1.1994,1.6962,12124571.4561,9297518.0844
600325.SH,20260327,0.875,0.66,,0.5263,0.1246,3.403,999031.2181,999031.2181
605376.SH,20260327,1.7476,0.71,154.8727,14.4774,23.2948,0.1645,2384745.6,2384745.6
600996.SH,20260327,1.2964,0.27,,5.3419,9.9575,,1249293.4537,1249293.4537
600132.SH,20260327,0.7267,0.78,22.3723,19.9984,1.8705,3.8664,2753796.1166,2753796.1166
002096.SZ,20260327,0.4414,0.61,19.0734,2.028,1.6555,1.7955,1589004.6264,1589001.9247
600845.SH,20260327,1.1301,1.24,44.2744,5.7701,5.7991,2.7314,6344421.1524,4716259.6781
000153.SZ,20260327,1.9131,1.03,26.2522,1.4219,0.7203,1.5555,298792.7906,295052.4436
002086.SZ,20260327,3.2892,0.58,,3.1762,12.4528,,421173.4975,339976.498
300020.SZ,20260327,1.2327,0.71,,1.2557,25.0974,,336148.783,324288.544
605567.SH,20260327,1.9262,0.59,54.9288,1.995,0.8308,0.9183,217800.0,217800.0
000506.SZ,20260327,2.862,0.7,340.5811,23.8374,29.4493,,1526376.1813,1525865.5369
603527.SH,20260327,4.7848,0.56,25.9938,1.7098,0.3391,1.4376,352788.9456,352788.9456
688655.SH,20260327,5.5232,0.63,,5.1616,4.9276,,339610.94,339610.94
600988.SH,20260327,4.2663,0.93,24.5384,5.6381,5.9846,0.402,7563636.4884,6622367.2844
002548.SZ,20260327,4.0592,1.13,,3.2253,0.985,,459636.3802,446481.6781
301131.SZ,20260327,2.983,0.79,45.8774,2.0896,1.3649,1.2751,228598.2948,163745.6956
000605.SZ,20260327,1.5968,0.6,144.9551,1.1703,1.472,0.2829,249329.6302,249329.6302
000913.SZ,20260327,0.7808,0.69,14.1622,1.5946,1.3571,6.3115,750922.331,741670.443
601233.SH,20260327,1.6252,0.53,24.6245,1.1349,0.4634,0.5551,4294097.6895,4286283.3571
920357.BJ,20260327,1.368,0.73,26.7012,4.2985,2.8904,2.3159,172892.72,96107.0214
000967.SZ,20260327,1.4109,0.93,74.8527,1.6708,2.1319,2.0977,2853416.4566,2852058.0189
600062.SH,20260327,1.0824,0.76,11.66,1.6508,1.7456,2.5479,1920339.0628,1909976.1205
601111.SH,20260327,0.735,0.74,,2.8253,0.7011,,12021962.069,8018657.4276
601216.SH,20260327,1.2124,0.96,13.9285,1.6247,1.8357,2.7027,4683099.6515,4683099.6515
002175.SZ,20260327,2.5006,0.52,,5.0823,13.5456,,411123.3941,411123.3941
920689.BJ,20260327,1.4817,0.36,38.2876,4.2671,3.5831,1.3957,210364.4,108709.1483
000532.SZ,20260327,1.1946,0.66,28.3667,2.8479,9.3718,0.4461,463632.7173,462074.4084
002326.SZ,20260327,8.0304,1.47,,7.8846,4.0675,,2147221.2432,1875737.1365
002808.SZ,20260327,4.9709,2.46,,4.8427,5.5315,,126336.0,77552.7862
603903.SH,20260327,1.5165,0.82,,1.8617,2.7155,,291064.2072,291064.2072
300086.SZ,20260327,4.0792,1.02,,3.6377,8.7703,,381849.3808,369732.636
600298.SH,20260327,0.7441,1.19,23.9523,3.0791,2.2175,1.3398,3563715.1231,3519459.8339
600509.SH,20260327,3.3067,0.67,96.4784,1.5981,1.4695,0.6084,1242455.2559,1242455.2559
920020.BJ,20260327,0.6722,0.38,19.8756,2.9853,1.3379,,345290.575,84579.883
002224.SZ,20260327,3.0939,0.57,440.9754,1.3304,4.2192,0.6276,431211.6029,385449.8164
002613.SZ,20260327,1.5498,0.57,,1.935,2.8004,0.7813,422618.3777,296546.5106
300711.SZ,20260327,1.5817,0.8,64.1562,7.6778,8.2731,0.7203,614703.885,612866.1871
003007.SZ,20260327,2.442,0.47,159.2674,5.2071,10.0518,0.1587,416138.34,293804.7683
603337.SH,20260327,0.2433,0.37,21.2773,3.793,2.9286,1.2235,1860864.065,1850371.7678
300243.SZ,20260327,11.9355,0.71,350.1562,3.1988,1.7291,0.3619,345947.137,268699.264
688106.SH,20260327,11.2221,1.08,117.9988,4.8904,5.2028,0.3299,1446415.2488,1446415.2488
920300.BJ,20260327,1.5115,0.58,,6.0533,11.2631,,101299.6087,78507.3541
001379.SZ,20260327,2.5338,0.67,51.5344,2.854,2.1118,0.9434,424000.0,142673.88
000426.SZ,20260327,3.0268,0.64,44.6445,7.7708,14.0277,0.1747,7116748.0419,7115023.4997
688235.SH,20260327,5.3295,1.82,252.2472,11.7233,9.39,,35874217.457,2677220.8449
002085.SZ,20260327,0.8385,0.66,36.3796,4.0338,1.8265,1.4255,2978986.4206,2978986.4206
600600.SH,20260327,0.7076,0.81,18.5744,2.7806,2.6243,3.5217,8522126.9209,4429909.7659
000568.SZ,20260327,0.5198,1.21,12.0831,3.2038,5.0885,5.7333,15275813.692,15268698.8881
605388.SH,20260327,3.3392,1.93,,2.4675,3.0757,1.107,423341.22,423341.22
605255.SH,20260327,1.063,0.72,425.1396,17.3559,41.8824,0.2181,1383035.2,1383035.2
603618.SH,20260327,12.2092,0.86,,6.1894,1.8059,0.2471,1678659.9956,1678659.9956
600790.SH,20260327,0.523,0.65,64.8426,0.9337,5.6207,3.0127,540876.8524,540876.8524
603817.SH,20260327,8.2149,0.65,21.0824,1.4218,3.3476,0.7605,449796.3068,449796.3068
002620.SZ,20260327,9.4242,2.6,,,6.2446,,328042.286,274048.1033
603228.SH,20260327,1.6915,0.86,45.9548,4.3662,3.8005,1.3421,5573053.8979,5521774.0771
600100.SH,20260327,0.9259,0.51,67.7029,1.6564,1.6868,,2676887.8727,2676887.8727
600162.SH,20260327,1.1358,0.82,,1.0344,3.5594,0.5976,598124.1763,598124.1763
920195.BJ,20260327,0.7206,0.73,16.6616,2.2219,1.6267,1.0633,184394.43,133097.6508
002889.SZ,20260327,0.7147,0.75,32.3887,1.9816,1.282,0.4071,497010.3932,330690.4717
000012.SZ,20260327,0.8595,0.55,,1.0461,0.9836,1.5159,1381280.8402,889529.7355
002112.SZ,20260327,8.6226,0.46,80.1717,7.5894,3.4329,0.2776,660912.9907,588892.7489
600187.SH,20260327,1.6481,0.59,171.5202,0.9943,16.9969,,316301.0962,316301.0962
002759.SZ,20260327,17.0881,1.67,,5.83,7.5329,,1809489.8214,1807900.0136
000716.SZ,20260327,1.1972,0.74,92.8694,1.5607,1.6952,0.9477,397522.7784,390078.1299
603519.SH,20260327,1.1314,0.86,21.2712,2.985,2.0724,7.43,355015.0094,355015.0094
300925.SZ,20260327,1.3679,0.55,71.6477,3.4618,1.5744,0.3609,759672.2505,619395.7122
300153.SZ,20260327,4.2107,0.88,173.6935,9.2011,4.7846,,836160.0,831796.5983
688035.SH,20260327,3.2716,0.92,76.6906,3.4766,5.2171,0.6094,807212.0,807212.0
301025.SZ,20260327,1.8586,0.59,680.8211,6.7787,11.3435,0.2863,419524.2512,290453.9755
002083.SZ,20260327,9.6343,1.6,36.8423,2.4775,2.191,1.2019,1132180.2584,1131805.3124
301311.SZ,20260327,0.732,0.52,,2.1997,1.88,0.3293,393600.0,393600.0
600335.SH,20260327,0.7554,0.74,20.9512,0.7646,0.2491,1.8644,882515.3283,882515.3283
301293.SZ,20260327,4.5815,0.74,165.1205,5.9416,8.448,0.2163,1388764.2664,1085095.8555
300537.SZ,20260327,2.1097,0.75,,4.9526,9.3136,,447199.6332,326759.779
300658.SZ,20260327,13.3138,1.12,225.3085,6.1366,4.7716,0.2389,823923.924,558372.6987
002733.SZ,20260327,7.1294,0.7,122.2711,3.7712,3.1329,0.3646,1036227.6204,994822.861
688071.SH,20260327,1.3457,0.67,,2.5565,5.0754,,262169.8266,262169.8266
601665.SH,20260327,0.906,0.89,6.1716,0.7445,2.6845,4.0264,3526151.7668,3526151.7668
300523.SZ,20260327,0.8225,0.74,,4.7361,4.1092,,500403.5593,499803.0475
603197.SH,20260327,0.594,0.67,27.2203,2.1843,0.8524,2.5801,685848.0992,685848.0992
000977.SZ,20260327,1.7654,0.68,33.9885,4.0436,0.5533,0.2009,8427587.523,8418147.7232
300795.SZ,20260327,5.1732,1.96,27.8531,5.8148,4.852,2.6083,380790.7904,221657.0951
600196.SH,20260327,1.0735,1.34,20.7023,1.4316,1.6749,1.2131,6977831.8262,5535611.2997
002329.SZ,20260327,9.4377,1.06,,3.8656,1.8673,,345447.6538,269911.4035
600757.SH,20260327,0.5455,0.76,9.4686,1.0675,1.5269,4.7126,1055875.7375,1055742.4796
301598.SZ,20260327,2.5736,0.77,30.3714,3.6834,6.2775,3.3801,348494.8685,103829.877
002949.SZ,20260327,1.8695,0.68,31.8703,1.8553,2.1441,2.5622,267795.9182,207471.2068
601816.SH,20260327,0.274,0.76,18.9253,1.2198,5.7989,3.103,24707468.0819,24707468.0819
688329.SH,20260327,2.0486,0.82,100.7884,2.3902,4.2073,,190375.2,190375.2
603050.SH,20260327,1.1171,0.65,35.5304,4.7811,1.856,0.623,874799.3296,874799.3296
603311.SH,20260327,1.7584,0.51,42.718,2.8199,4.5486,0.7304,387557.2592,387557.2592
603355.SH,20260327,0.2494,0.71,16.5451,2.946,1.6371,,1609522.9369,1609522.9369
000615.SZ,20260327,1.5274,2.13,,,5.8413,,597022.5595,309055.6769
002420.SZ,20260327,1.6899,0.48,49.0378,4.8687,1.0175,,299830.41,291278.7662
601388.SH,20260327,2.0606,0.84,203.1602,1.7211,1.0432,,788037.6965,788037.6965
600449.SH,20260327,1.3968,0.71,34.1873,0.8444,1.2035,1.6129,622591.7167,622591.7167
920526.BJ,20260327,2.5683,1.55,112.3444,7.0731,14.123,0.5107,161926.6,102535.5376
301365.SZ,20260327,5.4299,0.5,87.153,2.9987,7.7208,2.5,504000.0,283870.5856
600608.SH,20260327,0.7516,0.3,,25.2855,128.0416,,98329.5709,95193.0609
688102.SH,20260327,1.6151,0.84,176.801,14.9607,17.4343,0.2203,2727588.595,2581218.6385
300081.SZ,20260327,1.919,0.55,,2.6814,7.6871,,284858.6414,284815.5096
603051.SH,20260327,2.0461,0.65,,1.961,2.1213,1.208,345247.8659,345247.8659
000966.SZ,20260327,7.6623,0.84,129.3767,1.3899,1.2804,1.3067,1918050.2938,1797099.0738
600101.SH,20260327,8.6254,1.12,32.5771,1.9447,1.9857,1.4612,599909.4057,599909.4057
605296.SH,20260327,1.0961,1.72,22.3137,2.9715,2.7456,1.3728,1490855.7115,1471593.7315
002144.SZ,20260327,2.3594,0.64,117.9648,1.2105,4.5186,0.3436,257189.4782,200272.4216
300485.SZ,20260327,3.1094,1.34,64.0604,1.5262,12.933,,520199.712,295722.5566
688181.SH,20260327,1.6598,0.58,54.0534,2.0174,4.8601,,423347.9068,423347.9068
301609.SZ,20260327,23.1534,0.96,69.2476,7.4678,13.1156,,919620.48,206914.608
301345.SZ,20260327,2.321,0.74,31.9933,6.898,6.676,1.3858,2356114.228,756852.6921
600461.SH,20260327,0.62,0.64,10.7043,1.332,1.6049,4.6354,1285439.5374,1285439.5374
603117.SH,20260327,1.5193,0.75,424.7209,2.8798,11.3055,,296602.8823,296602.8823
600405.SH,20260327,2.5633,0.65,,17.4135,8.4429,,360956.6273,359360.3248
920906.BJ,20260327,1.0691,0.56,45.336,2.6141,1.9905,0.3821,151315.13,77685.4789
601956.SH,20260327,0.798,0.6,31.3844,1.5799,0.6429,1.546,402185.9337,402185.9337
300389.SZ,20260327,5.7689,0.66,28.7117,4.4316,1.7529,1.7722,728973.1261,460533.109
301123.SZ,20260327,1.3002,0.68,,4.1995,5.6364,0.192,1206518.88,1201171.2
000663.SZ,20260327,2.0535,0.72,,2.3261,7.3274,,232985.2789,211960.4276
605588.SH,20260327,2.3159,0.86,,4.0781,2.8782,,392903.1291,391959.8461
688248.SH,20260327,0.8296,0.55,84.6204,10.9345,9.6667,0.4197,3565515.8,3565515.8
601113.SH,20260327,0.8747,0.67,13.5133,1.1978,0.9352,,475889.6094,475889.6094
000793.SZ,20260327,0.685,0.76,,45.8599,15.4901,,525275.5552,515745.2657
688429.SH,20260327,6.9623,0.68,,4.6502,6.2794,,639201.2784,191483.9727
300444.SZ,20260327,5.7272,0.63,122.7339,6.1801,2.6091,,1100505.374,856353.5512
000709.SZ,20260327,0.9154,0.77,25.2595,0.4704,0.1886,1.2766,2429223.4566,2428821.9135
002391.SZ,20260327,2.0962,0.9,,0.9509,1.0593,,405345.7512,289611.3861
003028.SZ,20260327,1.4902,0.68,27.003,2.2583,2.8372,1.8314,392022.099,191087.9757
001376.SZ,20260327,8.6225,1.18,44.3255,6.6114,7.2182,0.8916,773390.2,358677.2202
600356.SH,20260327,1.2781,0.51,18.5018,0.9696,0.9849,1.2576,285049.076,258402.642
000783.SZ,20260327,0.6282,0.64,10.1262,1.0737,3.647,2.1708,3821280.4071,3821280.4071
301396.SZ,20260327,15.7432,0.72,393.2671,19.2255,12.4059,0.0534,2463496.0767,1220872.9945
600193.SH,20260327,1.4213,0.53,,20.1093,,,179082.033,179082.033
600690.SH,20260327,2.0453,2.57,10.6616,1.7563,0.6895,5.4983,20846470.712,13900482.1577
002029.SZ,20260327,2.3789,1.28,16.1673,1.0706,2.4581,0.9227,730404.3843,689360.5735
301197.SZ,20260327,1.662,0.5,62.2302,1.995,6.3191,0.455,256268.04,231200.9055
300821.SZ,20260327,1.4662,0.8,,2.783,3.6379,0.1312,1371600.0,1371360.8273
920425.BJ,20260327,1.2079,0.64,40.1269,5.0391,11.0094,0.7495,135205.0605,112860.546
300457.SZ,20260327,2.6483,1.43,52.7013,2.5207,1.8472,0.4582,1631013.594,1601983.6725
920339.BJ,20260327,1.2728,1.79,45.3346,2.9832,3.2593,1.2161,180567.116,123965.2507
688291.SH,20260327,1.7457,1.09,108.4945,4.2247,15.9552,0.4158,404301.4646,404301.4646
920809.BJ,20260327,6.2897,1.58,,2.9163,1.3066,,456476.1,349839.6468
000960.SZ,20260327,3.0951,1.02,28.0546,2.7072,1.1335,0.9232,5347653.844,5347653.844
300651.SZ,20260327,22.9961,0.99,100.2578,3.781,10.8391,0.8279,403859.7077,250058.4544
601872.SH,20260327,1.9034,0.77,22.9661,3.2106,4.9002,1.3216,13807460.8384,13807460.8384
002526.SZ,20260327,6.5643,2.98,57.4621,2.0233,2.9996,0.2732,652502.544,648216.9043
300442.SZ,20260327,1.655,0.61,27.3848,10.0691,27.9193,0.632,13638597.1167,13588781.1218
688278.SH,20260327,0.5767,1.41,26.8805,8.0358,7.5009,0.9099,2772014.7587,2772014.7587
000686.SZ,20260327,0.4984,0.55,12.8461,0.9563,3.2352,2.1118,1884064.5966,1884064.5966
920414.BJ,20260327,9.0481,0.58,,3.6516,16.2638,,101120.6808,71106.3803
000893.SZ,20260327,2.4888,1.44,33.2416,4.5706,12.0991,,5967522.5656,5242669.4579
000036.SZ,20260327,8.49,3.0,188.7966,1.439,17.5327,,731389.5557,729999.6621
600208.SH,20260327,0.6566,0.75,,0.6479,7.8988,,2697334.2336,2697028.4988
600872.SH,20260327,2.0157,1.78,21.0731,2.5797,3.1047,2.2167,1468268.404,1454083.2737
601008.SH,20260327,0.7621,0.53,36.212,1.4724,2.4035,1.2048,617837.727,617837.727
603383.SH,20260327,1.0646,0.68,30.4345,4.2042,9.5026,2.754,596626.1664,596618.3229
300565.SZ,20260327,10.6876,0.64,,6.0846,5.3479,,342345.0231,312869.2538
920375.BJ,20260327,10.884,0.56,176.1012,2.0945,2.3011,,162980.775,97374.282
688277.SH,20260327,1.8021,0.96,,8.6342,36.1725,,1024614.1004,1024614.1004
600615.SH,20260327,1.2202,0.8,282.6973,3.539,4.6797,,260145.1753,259731.7557
002482.SZ,20260327,1.3843,0.7,,13.3661,4.3411,,641414.5641,640148.726
300541.SZ,20260327,1.9247,0.45,64.5514,3.442,1.9929,0.1305,593031.3545,533091.7281
688663.SH,20260327,1.6561,0.57,90.6424,6.3046,4.2967,0.9635,862995.06,862995.06
600141.SH,20260327,2.3386,0.84,25.2407,1.651,1.3451,2.7226,4052266.7978,4052266.7978
600418.SH,20260327,0.919,0.59,,7.6102,2.5022,,10204664.6888,9887012.3239
000030.SZ,20260327,0.4885,0.63,12.8456,1.0595,0.5048,3.0271,863345.0442,838795.0354
600557.SH,20260327,0.9889,1.13,32.4922,1.6153,2.4322,,761483.5941,761483.5941
920075.BJ,20260327,1.2431,0.61,57.6684,3.3341,2.5861,2.2454,133454.085,71815.581
000520.SZ,20260327,1.2098,0.61,,10.5793,6.2593,,426087.1346,426087.1346
002884.SZ,20260327,0.8641,0.51,14.0602,2.8198,3.847,5.4855,652055.2139,497811.1456
601012.SH,20260327,2.7393,0.59,,2.4658,1.8737,,14034574.9706,14034560.9954
300472.SZ,20260327,1.2635,0.48,,,,,223510.0003,215051.1933
605069.SH,20260327,1.1114,0.55,,3.0013,7.8734,,255519.218,255519.218
603678.SH,20260327,1.0429,0.75,56.8297,2.7104,4.9031,0.6345,1641656.0102,1641656.0102
300136.SZ,20260327,9.1112,1.16,98.4634,7.8843,6.8704,0.0787,6054076.968,5159321.513
300449.SZ,20260327,1.7298,0.51,,9.0766,15.5181,,281806.272,281806.272
600383.SH,20260327,1.0399,0.69,,0.2293,0.2146,,1250539.6494,1250539.6494
002636.SZ,20260327,3.8337,0.59,205.8601,6.5327,5.2299,0.2719,2275728.0,2264209.9935
300303.SZ,20260327,4.7083,0.48,41.7933,3.4063,3.705,1.4314,1277958.5854,1198936.5834
000863.SZ,20260327,1.4225,0.59,,1.3653,7.4445,,613963.7712,605080.0174
301589.SZ,20260327,0.915,0.48,26.3567,3.9764,4.5817,0.72,1522618.56,567637.8912
600683.SH,20260327,4.9685,0.67,,,9.0543,,765223.2577,765223.2577
603859.SH,20260327,1.0997,0.48,38.0571,2.984,5.827,0.0537,910275.4477,910275.4477
000728.SZ,20260327,0.5143,0.71,12.2999,0.8892,4.2603,2.3747,3307743.6414,3307743.6414
603375.SH,20260327,1.3321,0.52,153.3535,2.2448,7.0056,0.2837,354850.0012,224827.7747
920642.BJ,20260327,1.1459,0.51,,5.6015,13.6882,0.4175,123263.9605,118848.7279
688244.SH,20260327,0.867,0.46,,2.8806,9.5014,0.1805,281241.3099,281241.3099
002738.SZ,20260327,7.2937,1.22,126.8126,4.3853,7.967,0.6847,5268333.6859,5192026.4423
688009.SH,20260327,0.3492,0.63,16.1156,1.2549,1.7194,3.0303,5940888.459,4836391.098
000420.SZ,20260327,5.416,0.65,,2.6851,2.3267,,1187633.4097,1187229.0421
920553.BJ,20260327,0.8752,0.75,52.0868,3.511,2.7226,0.9185,125154.3907,80014.6049
688690.SH,20260327,0.7837,0.74,73.2459,5.2238,10.7735,0.2534,996211.0253,996211.0253
603284.SH,20260327,6.4262,0.57,24.6645,1.6373,1.3422,,340573.2368,83425.8879
300995.SZ,20260327,2.2406,0.79,143.2063,4.436,7.4974,0.6723,281134.6593,200595.2403
688533.SH,20260327,0.5499,0.54,22.9932,2.5009,1.4006,1.731,423356.7472,423356.7472
301158.SZ,20260327,3.8614,0.59,28.869,2.7618,5.3081,1.2912,378632.9442,368938.4453
601118.SH,20260327,1.1732,0.74,101.3838,3.0193,0.577,0.1594,2927128.6131,2927128.6131
603285.SH,20260327,4.5657,0.89,36.9297,2.9659,7.972,0.6435,497280.0,193618.3922
600962.SH,20260327,0.9459,0.81,90.979,5.4928,2.2723,,517864.75,517864.75
601985.SH,20260327,0.8924,0.58,24.0119,1.6359,2.2998,1.964,18840289.8998,17297088.9382
600642.SH,20260327,0.5759,0.8,11.3301,1.2272,1.5996,4.886,4507447.1053,4507201.9167
600295.SH,20260327,0.2731,0.56,22.6064,1.9718,1.5669,4.0541,4142188.8559,2923852.8559
600444.SH,20260327,1.4499,0.7,42.7888,3.3249,2.7857,0.6433,250381.5037,250381.5037
605100.SH,20260327,1.4889,1.08,206.3237,3.9576,9.3701,0.7343,699139.35,695871.54
301399.SZ,20260327,17.2646,1.03,105.787,3.1721,8.5082,0.9204,415924.96,122928.7013
600606.SH,20260327,0.3783,0.57,,0.3729,0.1025,,2136241.1837,2136241.1837
300320.SZ,20260327,2.2409,0.96,28.6373,2.4592,1.6748,0.3964,606645.2987,490159.8398
003036.SZ,20260327,8.1839,1.07,106.6493,3.8527,3.6548,0.5027,532891.638,532877.9628
301233.SZ,20260327,2.1618,0.77,29.9538,2.7021,5.9115,1.0034,260952.9,142875.7688
300313.SZ,20260327,0.9866,0.65,,52.1474,19.9744,,179354.6875,147619.8862
605118.SH,20260327,0.3327,0.59,58.2139,10.7662,20.4976,1.5617,1604179.2,1587752.4
300890.SZ,20260327,8.4104,1.11,287.0026,1.8288,2.5499,,375778.8135,343292.1877
002436.SZ,20260327,2.3294,0.61,,6.5247,5.1446,0.1439,3518324.2754,3126729.3199
301290.SZ,20260327,1.3704,0.55,,1.2337,6.5245,2.2508,263055.1751,178997.0884
002173.SZ,20260327,5.6105,0.68,,6.2194,13.7917,,1107623.7235,1056371.2278
300936.SZ,20260327,9.711,0.64,,4.2498,18.3194,0.177,424880.0,268150.5538
002268.SZ,20260327,1.0332,0.67,90.1333,2.6475,6.3841,0.3561,1424896.7999,1424326.975
688507.SH,20260327,1.8918,0.51,238.3979,2.6855,16.4651,0.43,766959.3039,423771.9281
001316.SZ,20260327,3.637,1.33,40.9515,4.4072,5.5421,1.2723,550827.2847,532530.4735
603838.SH,20260327,0.2222,0.5,,2.8518,7.624,,266893.344,266893.344
002519.SZ,20260327,11.4133,1.46,,4.0545,193.3967,,931558.3526,925235.5762
603529.SH,20260327,3.0641,0.79,11.9782,2.9514,1.1116,3.7627,2805030.1178,2739315.4003
000900.SZ,20260327,1.4278,0.95,17.0732,0.5643,0.8888,3.6232,628380.9303,628352.9853
600958.SH,20260327,0.4186,0.67,15.0052,0.9935,4.3439,2.3952,7740443.861,6804698.8891
601156.SH,20260327,0.7652,0.79,10.4462,1.4377,1.1589,1.6696,2738533.3341,1629427.3341
600770.SH,20260327,1.4594,0.8,148.7066,2.1194,17.3037,,726700.0,726700.0
600097.SH,20260327,1.7021,0.79,25.5511,1.1604,1.1775,0.7162,269126.1364,269126.1364
688089.SH,20260327,0.6625,0.59,19.5914,1.8639,5.3401,1.0965,306995.8349,306995.8349
603813.SH,20260327,1.201,1.72,,5.4021,7.1569,,294672.09,294672.09
300174.SZ,20260327,2.8889,1.2,24.8098,1.7748,3.2087,1.3704,607867.0908,604502.719
688007.SH,20260327,1.1428,0.81,,2.5577,3.6728,0.1819,627834.9574,627834.9574
002127.SZ,20260327,1.0794,0.71,,1.6477,2.336,1.4286,687363.7128,558525.2392
603333.SH,20260327,1.1744,0.52,,2.3855,3.4564,0.124,487277.6274,487277.6274
600821.SH,20260327,22.3992,0.72,32.598,2.126,5.5565,1.9544,2013241.5606,2013241.5606
600653.SH,20260327,0.9666,0.54,615.924,4.8727,0.8252,,356187.598,356187.598
002344.SZ,20260327,0.6396,0.55,74.6605,0.6806,5.5087,0.8539,570764.5472,570245.2909
301162.SZ,20260327,1.3112,0.43,79.0649,5.9877,13.3746,0.8473,915623.1979,588567.6345
920077.BJ,20260327,2.2044,0.53,54.475,3.9488,4.1124,,1043135.2252,562598.3502
300283.SZ,20260327,3.7515,0.74,,3.3063,1.0414,,378697.4052,279820.4985
688156.SH,20260327,2.3759,0.75,,2.6672,5.3133,,203341.883,203341.883
001369.SZ,20260327,18.9773,0.91,35.927,2.7966,5.3481,,1901726.0,333306.7253
002105.SZ,20260327,1.9934,0.69,,2.8326,1.9127,,236592.2997,235448.2499
601728.SH,20260327,0.1405,0.64,15.7178,1.1319,0.9955,4.8053,52159069.0584,44248945.3584
002461.SZ,20260327,0.4375,0.8,23.56,1.9274,3.6188,1.769,2127008.6693,2127008.6693
300501.SZ,20260327,19.8501,1.66,,2.464,3.1233,2.534,345078.443,179591.5143
002253.SZ,20260327,3.2599,1.02,,2.5055,23.1105,,266690.0443,246215.38
002360.SZ,20260327,4.1285,0.54,,1.3202,5.7504,,263965.6809,215182.1051
300949.SZ,20260327,3.8129,1.04,,3.5694,6.1748,,236100.0,134974.6829
301046.SZ,20260327,2.6509,0.57,177.0033,3.7426,3.5556,1.051,434695.9923,332085.7918
603988.SH,20260327,1.0085,0.54,134.5642,8.5221,7.9991,0.1645,572006.4,572006.4
688578.SH,20260327,1.3326,1.45,19.9698,6.1566,8.4228,0.8264,4356000.0,4356000.0
001391.SZ,20260327,1.0701,0.74,24.1937,2.4891,2.825,1.2218,6495124.8117,808296.3386
300998.SZ,20260327,1.6657,0.62,,2.4409,2.4802,,307670.5829,241527.5409
001218.SZ,20260327,1.544,0.67,23.8809,1.4038,0.7014,2.0791,319327.2718,227901.288
603619.SH,20260327,6.5445,0.85,31.8842,3.8251,4.0025,1.4074,1628356.0596,1628356.0596
002439.SZ,20260327,1.4867,0.71,,1.4101,6.2222,,1578454.4671,945121.8456
603037.SH,20260327,2.2405,0.57,40.8423,3.6865,4.5829,1.8808,356335.7543,355299.5807
300078.SZ,20260327,1.5112,0.59,,7.7394,6.1251,,447148.892,445346.8592
002946.SZ,20260327,0.7591,0.75,21.236,4.0864,1.3822,1.7738,1552661.6634,1534679.0071
001267.SZ,20260327,5.4826,0.52,336.8635,19.2696,23.2484,0.1282,3057431.2561,2360384.2675
300465.SZ,20260327,2.1661,0.95,233.3499,9.8251,6.4986,,669617.7797,669617.7797
600689.SH,20260327,1.3795,0.5,150.717,5.5258,1.9448,0.1152,261690.7286,198169.7942
301550.SZ,20260327,6.0096,1.53,183.3441,19.6281,44.3066,0.2145,3538738.775,2158658.5006
603615.SH,20260327,2.332,0.77,,3.9644,4.3906,,453654.32,453654.32
300346.SZ,20260327,3.3903,1.01,104.682,9.3128,12.963,0.5679,3204894.5592,3044427.3533
600633.SH,20260327,1.3199,0.52,27.1986,1.524,5.0483,1.9576,1554659.3027,1554659.3027
003038.SZ,20260327,2.3183,0.63,90.2196,1.1709,0.4102,,351409.2931,235372.7356
301301.SZ,20260327,4.506,1.47,26.8335,3.1682,5.2998,2.3947,2511075.71,695622.934
688292.SH,20260327,1.917,0.87,,3.6935,9.7443,0.5017,374653.1851,374653.1851
603912.SH,20260327,5.0734,0.58,,2.8635,6.7495,0.8695,498497.7064,498497.7064
688276.SH,20260327,0.5112,1.19,,1.9286,12.5186,0.9436,740860.758,740860.758
002901.SZ,20260327,0.4345,0.95,32.9106,5.3419,7.1795,1.1407,1782353.9733,1241890.8934
002544.SZ,20260327,1.2099,0.56,1647.8548,4.63,3.6768,0.0327,1729917.1484,1729752.3149
603330.SH,20260327,1.2119,0.7,,1.922,2.9152,,293352.734,293352.734
601375.SH,20260327,0.9058,0.73,39.7289,1.3129,10.2109,0.6188,1875725.4188,1392797.9588
301575.SZ,20260327,1.9545,0.6,30.6391,2.8578,3.5366,,392355.09,78808.4425
688082.SH,20260327,0.6719,1.1,49.185,5.0973,10.1175,0.4198,6865876.3179,6791755.2637
920015.BJ,20260327,2.0149,0.5,26.9268,3.1273,5.0797,,524371.868,145998.8707
002462.SZ,20260327,1.0347,0.74,37.5049,0.9599,0.2139,1.1872,417724.5958,417385.64
603659.SH,20260327,5.5235,1.09,31.0627,3.5862,4.6641,0.4882,7327848.8307,7327848.8307
300499.SZ,20260327,10.781,0.74,6996.1178,7.894,11.9122,,1092789.8591,971625.0169
688026.SH,20260327,1.319,0.77,47.7461,2.1194,4.0717,0.4365,230197.5258,230124.0177
301181.SZ,20260327,1.5879,0.34,35.6014,3.0631,7.9577,1.8431,438824.6155,342508.285
920679.BJ,20260327,0.656,0.61,50.0208,1.9323,8.6796,2.0654,97346.55,64796.025
300943.SZ,20260327,6.3307,0.83,103.5054,5.7532,11.2226,0.4293,569676.9,375481.1022
688179.SH,20260327,2.3058,0.98,55.7649,5.7557,8.4037,0.8806,576886.4591,576886.4591
300858.SZ,20260327,7.8133,4.91,48.2205,2.6245,13.637,0.8246,479297.6196,356051.3365
002605.SZ,20260327,1.21,0.63,16.9681,2.3281,3.3088,2.429,857020.564,692032.7811
300887.SZ,20260327,3.1894,0.51,,1.8959,4.0294,,544100.0014,361110.6283
600076.SH,20260327,2.4942,0.97,,1.3017,12.8459,,496136.5024,496136.5024
300277.SZ,20260327,4.7227,0.92,3290.6084,2.543,131.5088,0.023,2917947.5679,1472926.6002
002204.SZ,20260327,0.9069,0.58,21.633,1.6251,0.8211,0.7511,1272772.8511,1272772.8511
300366.SZ,20260327,1.2235,0.59,,2.128,2.3828,,348748.7101,304508.4293
601390.SH,20260327,0.6826,0.56,5.3836,0.4261,0.12,4.8141,13355246.0636,11079048.0736
603225.SH,20260327,1.3137,0.67,23.1392,1.4145,0.4078,1.1882,2831609.5006,2816505.1078
300551.SZ,20260327,2.5485,0.35,,11.2497,25.8943,,492410.9909,490977.4984
000890.SZ,20260327,15.7704,0.8,,,22.8509,,565491.3489,565473.93
920433.BJ,20260327,0.5087,0.56,,3.4627,9.8797,1.165,131798.6357,87197.9439
003015.SZ,20260327,2.0131,0.57,38.956,3.5955,6.1026,1.3565,407265.6005,358374.2873
600519.SH,20260327,0.2403,1.0,19.6967,7.8092,9.9298,3.6471,177323966.9844,177323966.9844
300296.SZ,20260327,4.6403,0.56,,2.5036,2.8918,1.3407,2020423.0304,1694268.0113
601567.SH,20260327,1.3863,0.7,20.1696,3.3871,2.6083,4.8389,3976742.602,3976742.602
605336.SH,20260327,1.7455,0.69,149.7284,1.5354,9.3784,2.0767,287040.4843,287040.4843
002445.SZ,20260327,19.6617,1.29,101.4162,4.658,8.9305,,1055213.7438,1050673.152
002397.SZ,20260327,1.5105,0.6,92.6394,2.4445,1.7992,,291634.7628,252666.2167
688496.SH,20260327,3.3917,0.8,,2.9948,4.1464,,279000.0,147526.272
300083.SZ,20260327,2.8128,1.37,33.6365,2.3773,2.5027,,1290268.5065,1157102.2909
300854.SZ,20260327,9.0951,0.99,,2.9535,4.6484,0.4286,282894.3563,229950.6536
600560.SH,20260327,0.9573,0.75,62.5387,3.2902,4.0739,0.492,322720.4565,322720.4565
301180.SZ,20260327,7.847,0.76,,6.1608,6.0837,,812020.3,333200.1441
000903.SZ,20260327,2.0733,1.23,,3.784,1.1317,,503059.5466,499268.0285
301235.SZ,20260327,6.9208,0.69,48.6995,2.901,2.5614,0.0981,527567.5437,356087.1666
002547.SZ,20260327,2.2142,0.85,,,1.747,,382411.38,374529.6293
601965.SH,20260327,0.5173,0.69,16.5581,2.2407,3.5336,1.9429,1755346.0523,1747210.0223
603729.SH,20260327,2.7255,0.65,,5.2604,3.8625,0.0573,160728.036,160728.036
000995.SZ,20260327,8.9256,0.92,,17.2882,17.4604,,254935.296,254935.296
603701.SH,20260327,1.473,0.67,141.8078,7.505,6.8925,0.1735,602439.1818,602439.1818
300864.SZ,20260327,0.6346,0.56,21.0549,2.4622,4.0647,4.0891,325296.007,325296.007
600403.SH,20260327,0.9374,0.66,,3.2389,3.5619,,1484694.5016,1484694.5016
601966.SH,20260327,0.4473,0.62,17.0114,0.893,0.8466,1.8447,2054757.7669,2054757.7669
603444.SH,20260327,2.6398,1.48,14.9049,4.8514,4.3088,4.3213,2673445.2581,2673445.2581
000035.SZ,20260327,2.747,0.5,75.0061,1.6776,3.2287,0.4875,1724159.6592,1670004.5901
600197.SH,20260327,0.4301,0.65,31.0666,1.4809,3.0596,3.7657,565443.7868,565443.7868
603580.SH,20260327,1.1657,0.62,,5.1309,9.3757,0.4961,216002.7996,216002.7996
600516.SH,20260327,1.5902,0.73,548.1445,1.4421,6.9847,0.3235,2335062.8134,2335062.8134
300436.SZ,20260327,8.5923,2.1,,43.0688,38.2776,,1649687.586,1416166.1549
603557.SH,20260327,1.901,0.62,,30.4896,9.7189,,238776.3281,238776.3281
603861.SH,20260327,3.3089,0.84,40.8226,2.2604,1.8364,0.8163,900519.573,880625.0723
601222.SH,20260327,1.9878,0.82,66.0849,0.8686,2.5387,1.3476,1332929.4439,1332929.4439
920471.BJ,20260327,5.0664,1.28,,2.117,2.5299,0.7668,106828.8,68091.2994
301596.SZ,20260327,1.0554,0.52,46.9299,5.9031,7.6649,1.2319,501111.4582,203370.0848
600261.SH,20260327,1.4574,0.69,27.5274,1.4271,1.828,3.7736,495304.6504,495304.6504
688182.SH,20260327,0.8474,0.75,90.0083,4.8651,14.9392,0.4162,1081200.0,1081200.0
603315.SH,20260327,1.1647,0.5,95.3187,2.6577,3.8225,0.5892,451396.066,451396.066
688299.SH,20260327,2.0844,0.69,,2.5828,4.6494,,501787.9929,501787.9929
300975.SZ,20260327,8.8796,0.63,78.7945,5.4893,1.5486,0.0656,1250350.1993,895573.386
300941.SZ,20260327,2.1316,0.6,96.4326,3.2241,17.854,0.6269,411138.0,213426.5028
920896.BJ,20260327,0.9757,0.52,27.0402,3.7587,3.7502,1.8127,167526.1172,73320.9437
600426.SH,20260327,1.2674,0.89,23.8854,2.3963,2.3649,1.5121,7709290.7697,7695746.7403
002942.SZ,20260327,1.8422,1.1,34.7607,2.4502,2.8868,1.552,301273.3787,265224.5969
002040.SZ,20260327,1.4179,0.47,27.4418,1.4597,4.731,0.9305,498193.8717,496283.0293
688185.SH,20260327,2.3607,0.93,602.8805,3.3922,15.7354,,1680391.9344,777964.4726
300006.SZ,20260327,2.477,1.02,,3.0489,6.9016,,535346.9809,535301.1953
300694.SZ,20260327,1.9386,0.58,79.9041,1.7957,1.7951,0.6876,250499.2139,250499.2139
002822.SZ,20260327,0.6215,0.7,,4.5311,5.9672,,626252.4462,343659.5081
688165.SH,20260327,0.9083,0.75,,7.2666,9.5534,,884938.88,884938.88
600791.SH,20260327,7.2606,1.4,,11.226,1.1013,,442916.64,442362.7947
301446.SZ,20260327,1.896,0.61,44.4461,3.2947,7.2428,0.5349,388856.0,118795.508
920045.BJ,20260327,4.6231,0.78,77.1242,23.272,10.5067,,2327842.727,688301.3144
000544.SZ,20260327,0.5835,0.66,7.9484,0.9293,1.6043,3.0058,843102.0821,843102.0821
000681.SZ,20260327,2.5472,0.75,128.8108,3.9708,17.7081,0.1166,1439686.631,1389721.3754
600210.SH,20260327,1.1028,0.69,8.393,1.5695,0.9285,4.3478,1046547.949,1046547.949
920363.BJ,20260327,3.1769,1.05,307.836,4.3673,7.9105,,153674.5,82254.2077
600137.SH,20260327,5.7053,1.0,79.6072,4.0289,5.719,0.827,218642.3554,218642.3554
300250.SZ,20260327,2.301,0.62,,8.6365,19.0995,,449087.6554,330605.0547
600909.SH,20260327,0.8184,0.67,13.3926,1.1036,5.571,2.3196,2823605.6142,2823605.6142
688610.SH,20260327,4.7352,0.65,92.358,3.9041,13.4437,0.2298,591940.0,356318.0044
603017.SH,20260327,11.7218,1.13,97.2015,2.7756,3.3165,1.378,395780.6899,395780.6899
300194.SZ,20260327,2.1206,1.29,33.6758,1.0929,2.843,1.7115,486592.3642,396052.7843
000639.SZ,20260327,11.1546,1.47,,1.1894,0.7403,,345416.9904,345416.567
300350.SZ,20260327,2.5172,0.58,,3.3517,8.0162,,309668.7657,259832.5448
300152.SZ,20260327,4.1537,0.81,,7.5063,11.3675,,176774.4,176729.3694
600302.SH,20260327,2.256,0.53,,6.6936,11.0138,,397219.255,397219.255
300448.SZ,20260327,7.3578,1.12,,3.8314,17.0969,0.4687,470179.3699,322858.0272
002383.SZ,20260327,1.21,0.52,,4.177,5.5946,,707044.0913,707044.0913
603681.SH,20260327,5.0231,1.55,23.033,1.2539,0.5096,0.8156,340591.7237,340591.7237
300426.SZ,20260327,1.5348,0.69,,23.1551,13.9869,,340939.7872,302800.0
688045.SH,20260327,1.7421,0.7,245.4504,2.1066,4.3365,,296391.7038,296391.7038
301217.SZ,20260327,4.6047,1.45,4653.6813,5.8224,5.0375,0.0526,3141139.8962,3141139.8962
300419.SZ,20260327,1.5934,0.65,,6.2714,8.77,,270666.7747,270666.7747
301073.SZ,20260327,1.5372,0.59,315.2485,5.6301,7.7981,0.8266,529295.7472,485004.599
603991.SH,20260327,1.4875,0.48,,4.8486,27.9293,0.0098,1554126.7187,758542.6746
000803.SZ,20260327,4.8377,1.1,54.0257,2.849,2.8968,,418267.6492,412429.6387
688105.SH,20260327,0.3636,0.96,,2.0339,5.6028,0.7728,772002.7499,772002.7499
920101.BJ,20260327,0.8294,0.41,25.8488,2.9272,3.4162,,309879.0528,96697.2416
601868.SH,20260327,3.0716,0.54,16.261,1.1781,0.2779,0.8452,12924260.7272,10052905.5672
600779.SH,20260327,0.4374,0.82,29.5278,3.1795,4.2377,2.9373,1600472.999,1600472.999
301687.SZ,20260327,9.4424,0.69,63.0637,5.5214,11.8209,,819794.848,164866.1842
601456.SH,20260327,0.3285,0.63,29.3318,0.9948,7.7051,0.6147,5175020.0463,3979602.6933
603301.SH,20260327,1.9167,1.6,88.941,4.3927,5.7795,0.6929,2498322.3579,2498322.3579
002664.SZ,20260327,1.2446,0.58,148.7092,2.3376,1.3791,,824972.2,813606.2738
300377.SZ,20260327,3.7271,0.63,,5.4831,10.7131,,1382596.6703,1271255.1571
301590.SZ,20260327,3.6028,0.51,38.9225,3.7127,5.011,0.6968,723313.8016,147966.1132
000517.SZ,20260327,0.8096,0.69,,1.1012,0.558,,633600.5745,495905.2968
002546.SZ,20260327,2.7433,0.55,13.3551,2.0356,11.2236,1.2959,772329.4629,741940.9209
300899.SZ,20260327,2.2616,0.89,112.5885,3.8999,16.1579,0.9962,249712.2694,160264.6984
301680.SZ,20260327,17.1084,0.49,50.848,4.914,8.2381,,910965.6,184860.885
600497.SH,20260327,3.0814,1.1,38.7038,2.4639,1.6655,2.0172,4007102.484,4007102.484
002917.SZ,20260327,1.4586,0.76,29.9002,2.6562,2.627,0.7667,446336.6289,334453.7918
002641.SZ,20260327,0.7637,0.66,58.2619,0.94,0.8211,1.1876,512532.1442,472875.7703
600127.SH,20260327,4.3756,0.83,310.1334,6.4462,1.0953,,438337.9379,438337.9379
601011.SH,20260327,6.3003,1.01,,1.244,11.1661,,716458.5376,716458.5376
300129.SZ,20260327,5.5158,0.67,55.511,2.4028,2.4751,0.4053,1383848.8498,896950.3121
600185.SH,20260327,1.3152,0.89,,19.5901,2.1022,,1121578.448,1121578.448
600738.SH,20260327,1.0753,0.73,45.2168,1.7949,5.8396,0.3012,366202.2485,365880.4403
603999.SH,20260327,1.9174,1.12,46.0158,1.9041,4.3539,0.4832,393408.0,393408.0
600751.SH,20260327,1.3432,0.48,103.9425,1.5046,8.5907,,1139439.7487,1011263.2974
920270.BJ,20260327,1.0002,0.94,44.8992,3.959,7.6088,3.23,161945.568,125586.6347
002622.SZ,20260327,2.5546,0.94,,6.3629,3.0771,,231840.0,231833.169
002916.SZ,20260327,1.1401,0.99,48.4881,8.4467,6.7169,0.4844,15883442.6622,15502026.7551
600576.SH,20260327,3.6144,1.87,33.6727,2.1834,5.9821,,648547.2906,406139.901
600775.SH,20260327,3.2654,0.54,,4.0496,5.1501,,1224543.6289,900263.6289
688576.SH,20260327,1.319,0.72,60.2425,1.8216,9.18,1.4354,314814.9151,150780.5016
301040.SZ,20260327,12.3295,0.97,,3.951,4.1712,,288702.9765,272048.9561
605186.SH,20260327,1.4416,0.69,293.9135,2.4276,6.6617,,262208.0,262208.0
688603.SH,20260327,9.2285,1.25,116.0542,8.1389,20.6089,0.2572,970606.2458,369034.9457
688321.SH,20260327,2.69,1.4,260.1675,5.3913,14.6099,,1328823.744,1223424.336
605368.SH,20260327,1.0316,0.74,18.9613,1.8505,1.4107,10.2041,595291.7172,595291.7172
688359.SH,20260327,2.4528,0.85,,13.055,16.7946,,768941.7495,768941.7495
603058.SH,20260327,1.1274,0.65,37.7159,4.1073,5.065,0.9802,492619.3672,491371.2069
002922.SZ,20260327,3.7525,0.92,61.2955,4.2639,3.0646,0.9959,1594640.6752,1408499.8964
603786.SH,20260327,0.6622,0.92,26.9822,4.0223,3.2737,1.1982,2190922.5975,2190922.5975
301585.SZ,20260327,0.9789,0.69,43.7778,2.989,6.3178,1.1092,288496.0,188934.1718
920271.BJ,20260327,0.6898,0.58,18.0438,2.8433,4.7463,1.3185,180404.917,79830.9043
003003.SZ,20260327,3.2072,0.51,36.9088,1.8013,2.2523,1.4991,232740.24,155137.76
300424.SZ,20260327,1.7095,0.47,,5.3907,2.3542,,409876.6554,409634.0278
002533.SZ,20260327,1.6671,0.56,17.1389,2.4104,0.5272,1.7513,1038526.6027,902268.2877
000761.SZ,20260327,0.3384,0.61,,1.5302,0.2875,,1331068.546,1201468.546
300712.SZ,20260327,2.5833,0.64,144.3986,4.4605,3.0856,0.1601,574641.0512,572171.3906
688692.SH,20260327,1.451,0.95,45.8988,6.4122,18.1673,0.2864,2372378.0,1532212.8175
000935.SZ,20260327,0.5675,0.75,53.0669,2.4479,15.2471,,1901729.8695,1901729.8695
002150.SZ,20260327,13.0052,0.82,51.0592,6.2846,3.5743,0.2887,1258349.5161,1250246.3383
301191.SZ,20260327,12.8644,1.15,153.3336,5.5185,5.5397,0.7509,917394.66,690584.6071
000915.SZ,20260327,0.9052,0.63,13.2773,2.7111,3.1418,7.9039,741190.4871,740710.5018
688439.SH,20260327,0.6457,0.51,75.3994,2.0257,14.3286,0.3199,1019000.0,1019000.0
600243.SH,20260327,1.7274,0.99,,2.1334,5.4578,,135165.8,135165.8
300759.SZ,20260327,1.7923,1.36,32.1062,3.0449,3.5853,0.7564,4855940.6288,3753144.4544
601059.SH,20260327,0.2364,0.58,29.0656,2.636,13.4542,0.4504,5328249.0,5328249.0
600054.SH,20260327,1.4924,0.58,34.3083,2.0544,4.7355,1.8141,972992.173,684742.2
603579.SH,20260327,1.5264,0.66,25.0538,1.4611,2.54,1.5263,401501.5709,401501.5709
002528.SZ,20260327,2.5408,0.88,,42.8859,7.3369,,433920.3797,380179.4869
002271.SZ,20260327,1.4679,0.64,,1.758,1.3584,12.0677,3661876.8946,2935666.8281
301152.SZ,20260327,12.7307,2.51,,2.698,1.8551,,353963.9609,211649.1577
688520.SH,20260327,1.4274,2.51,,,11.8345,,1846361.8702,1846361.8702
002823.SZ,20260327,1.4767,0.62,20.9066,2.3995,1.6841,2.2558,487627.8893,325093.671
301070.SZ,20260327,3.2714,0.68,2243.524,7.8444,21.1809,,617081.8758,405927.4772
000545.SZ,20260327,10.4538,1.04,,3.7542,1.9588,,342431.0843,341934.8743
301121.SZ,20260327,2.7173,0.68,92.4584,2.1342,2.7813,0.3949,354785.5446,181623.9948
301056.SZ,20260327,3.2431,1.67,55.314,5.2441,6.9048,3.9814,402047.5072,265225.7158
600278.SH,20260327,0.6507,0.78,31.2563,0.8495,0.1817,1.3848,651320.9211,651320.9211
601098.SH,20260327,0.2844,0.52,12.2587,1.2466,1.5568,5.0879,1941476.0,1941476.0
000897.SZ,20260327,1.8813,0.71,22.0766,1.1159,2.3109,4.4811,342861.7136,342855.2264
600567.SH,20260327,1.0052,0.6,,0.6068,0.3421,,983962.7157,983962.7157
920475.BJ,20260327,0.9945,0.67,,3.6784,7.2325,0.3934,128447.26,71428.1994
301280.SZ,20260327,2.1953,0.69,32.7173,3.7112,3.89,1.6926,692654.629,203206.369
920023.BJ,20260327,1.258,0.52,104.5377,1.0239,2.2983,,123393.608,101340.8158
301139.SZ,20260327,2.6426,0.47,160.7545,1.0939,1.9056,0.1992,213617.4656,133825.679
301218.SZ,20260327,6.6538,1.0,,4.2972,6.2231,0.0723,394464.36,242368.1037
688785.SH,20260327,5.1584,0.93,174.0204,9.1024,37.5375,,1990429.6272,374193.351
920866.BJ,20260327,1.3362,0.95,42.8072,1.7538,2.7266,1.9702,134794.0132,85355.9997
002484.SZ,20260327,2.1065,0.93,34.051,3.8565,4.3944,0.9273,2367008.1278,2283374.3135
688051.SH,20260327,1.0136,0.72,,4.0345,11.2028,,238498.056,238498.056
601138.SH,20260327,0.3951,0.62,27.8748,5.8975,1.0894,1.9576,98357643.7033,98357643.7033
300813.SZ,20260327,16.1233,1.53,221.7331,4.5448,10.7657,0.6631,365536.8445,229370.0362
600238.SH,20260327,1.2681,0.76,,22.4343,12.0155,,227685.6,226197.9626
601975.SH,20260327,5.8248,0.76,17.1806,1.8801,3.6313,,2082753.3817,2082753.3817
300618.SZ,20260327,5.0455,1.38,49.0461,2.393,2.0151,0.3457,1337891.4331,1177185.5626
002671.SZ,20260327,1.5571,0.54,28.6512,1.7405,1.9949,,309774.4903,303012.6539
000923.SZ,20260327,1.8304,0.69,22.7854,1.1678,2.2908,2.7218,1199063.1014,1153454.7873
002427.SZ,20260327,2.0941,0.57,228.3497,6.559,2.6835,,621808.0823,621349.1617
601799.SH,20260327,0.9003,0.78,21.8029,3.1066,2.321,1.2044,3540996.3985,3540996.3985
300357.SZ,20260327,4.1442,1.82,34.1962,5.1682,12.7336,0.8627,1335139.2,1234363.7228
002639.SZ,20260327,4.8571,0.62,316.8046,5.2561,5.0601,,1317286.7135,1109305.9167
688630.SH,20260327,3.2304,0.77,84.1927,10.5747,17.3353,0.199,2441023.7268,2441023.7268
301591.SZ,20260327,5.5112,0.97,48.4972,3.891,8.1795,1.0856,348677.4,140717.4651
300391.SZ,20260327,8.9956,0.44,,,1.0866,,12612.1,12612.1
002947.SZ,20260327,4.7205,0.67,25.1865,4.3003,4.6881,1.1191,1339718.6179,1007280.7493
603015.SH,20260327,0.9763,0.71,107.2708,3.571,6.1732,0.4058,497997.808,497997.808
301176.SZ,20260327,10.2288,0.84,,2.9264,2.7321,,443969.0675,147989.6901
301059.SZ,20260327,1.6129,0.73,45.7891,5.1684,7.234,1.2353,315756.364,282402.7775
600768.SH,20260327,3.7244,0.87,103.2572,5.8888,1.4393,0.2933,228038.976,228038.976
300051.SZ,20260327,18.9871,0.97,,27.8603,9.2917,,449769.3872,444520.3021
300719.SZ,20260327,2.3658,0.55,443.6571,3.8936,5.658,0.2517,403966.9414,285416.3897
300154.SZ,20260327,1.2301,0.64,34.6914,2.0214,4.1083,2.4907,360992.8264,253014.1793
301308.SZ,20260327,4.3588,0.69,204.9885,17.8203,6.409,,13413905.9798,8781435.9184
688549.SH,20260327,2.6223,0.67,,4.3785,10.8535,0.0562,1314775.64,524493.91
600228.SH,20260327,1.4314,1.1,,5.5097,6.2065,,227503.1451,227156.2986
605598.SH,20260327,0.94,0.66,177.8295,6.209,7.5407,0.2495,1117634.3046,1117634.3046
001201.SZ,20260327,1.6811,0.83,153.8038,1.032,1.7067,,350586.2414,276263.1254
600376.SH,20260327,4.1849,0.57,,2.053,0.4065,,1338794.3606,1338794.3606
600463.SH,20260327,1.4109,1.18,,3.2759,5.0918,,301200.0,301200.0
002249.SZ,20260327,1.3673,0.64,21.1423,2.3202,1.8731,2.4429,2289114.2372,1728167.1043
300898.SZ,20260327,1.8178,0.85,30.5096,2.9914,3.7533,2.537,293260.0,271347.5395
603402.SH,20260327,6.23,0.95,28.5432,3.7222,10.1463,,1072304.0092,268076.0092
688726.SH,20260327,7.3109,0.67,40.4918,6.0977,4.5401,0.6051,2478569.6457,1344838.1585
300851.SZ,20260327,1.7849,0.59,47.3562,1.9233,7.1728,1.5136,246977.7894,153726.581
300690.SZ,20260327,11.1848,0.63,32.1409,3.3799,5.135,0.6496,534573.0551,358156.1983
601061.SH,20260327,3.2487,0.97,21.2803,2.4628,0.4036,2.4572,5723200.0,585347.6933
301206.SZ,20260327,0.614,0.7,57.1252,1.238,7.7411,5.758,521797.9803,336000.1716
688085.SH,20260327,0.5149,0.64,97.9478,2.9451,11.4207,0.0188,619906.7838,592540.3184
603726.SH,20260327,1.1656,0.66,19.4141,2.9712,2.1279,1.7765,417529.5488,415404.2438
920799.BJ,20260327,1.2209,0.66,113.323,17.7696,15.3955,0.7058,739894.2364,425725.0219
603066.SH,20260327,1.4546,1.24,448.1671,2.0541,2.3978,0.519,294768.4341,294768.4341
301302.SZ,20260327,5.7801,0.49,,2.7513,17.0594,,432057.78,385280.28
300397.SZ,20260327,2.5997,0.6,,4.1904,15.3403,,603046.8079,472413.8003
603297.SH,20260327,0.8708,0.71,51.7852,5.6843,12.4137,0.8301,1135991.808,1133865.984
600133.SH,20260327,1.415,0.7,24.6322,1.0814,2.5162,1.8539,948953.4888,948953.4888
300011.SZ,20260327,1.3842,0.52,569.624,2.9916,2.8671,,467488.7588,391601.6351
300872.SZ,20260327,2.5969,0.78,162.0524,2.2232,4.3101,0.2811,810280.9978,700589.2104
301110.SZ,20260327,2.5125,0.78,53.5518,3.596,3.8391,0.7058,524397.7321,370432.4259
301036.SZ,20260327,1.6515,1.01,38.8261,1.7135,1.8707,0.7045,283900.0,199961.0898
001219.SZ,20260327,1.5639,0.62,26.6762,2.6526,4.9906,2.8209,276486.9575,269593.0967
301088.SZ,20260327,0.6229,0.51,38.4442,1.3034,5.0495,4.0268,323162.2,266371.3
688097.SH,20260327,2.3654,0.89,41.92,5.0151,3.7727,0.4211,2478895.0958,2469798.6458
000951.SZ,20260327,1.1612,0.7,16.4897,1.7339,0.5077,3.1982,2631707.3664,2631707.3664
300529.SZ,20260327,0.6878,0.89,29.3722,4.275,6.9449,4.3776,1415128.5473,908091.8784
002349.SZ,20260327,2.2665,0.98,26.7958,2.2258,4.1564,1.0814,602343.9832,591095.3392
300206.SZ,20260327,2.2508,0.6,33.6053,3.869,4.3696,1.4465,829498.2481,484221.1575
688150.SH,20260327,3.5447,0.9,73.114,8.3889,29.1086,0.7718,1607335.7145,1607335.7145
688717.SH,20260327,9.0878,0.71,168.171,4.4573,4.7679,0.7707,1946240.0,1204817.5365
002470.SZ,20260327,8.4437,0.61,,4.9415,1.0975,,1015382.5723,1015296.5699
600498.SH,20260327,6.0354,0.85,75.9829,3.7575,2.5524,0.3395,6244854.0822,5846915.4547
603334.SH,20260327,7.0122,0.82,47.7691,4.4191,2.6232,,737733.5,159646.7015
300656.SZ,20260327,2.215,0.78,,3.6456,9.5541,,357138.0253,277357.9006
300477.SZ,20260327,3.6408,1.09,,2.9351,1.8132,,289445.0455,267529.6509
301161.SZ,20260327,1.2813,0.66,48.6863,3.8347,4.5852,0.2852,353400.0,353400.0
300893.SZ,20260327,0.5326,0.6,29.569,5.0804,3.9437,0.4602,983842.6333,521816.0501
300853.SZ,20260327,1.6121,0.58,,4.5909,12.5016,,280084.8188,210151.2925
301516.SZ,20260327,7.6266,0.49,,3.991,6.2613,,515087.7204,128771.9306
688301.SH,20260327,1.266,0.94,33.9012,3.7869,9.7514,0.6374,2241783.7717,2124642.4857
603886.SH,20260327,1.2618,0.81,22.6663,1.8466,1.4623,8.3752,286560.0,286560.0
001324.SZ,20260327,1.9944,0.41,56.0701,2.3809,5.7867,0.6765,269928.0,159714.4416
605099.SH,20260327,1.9276,0.94,27.3317,5.7561,5.4617,1.4861,1729678.9469,1725010.6861
000019.SZ,20260327,5.0644,0.81,27.6517,1.7973,1.6329,1.928,896672.4276,323816.3646
605177.SH,20260327,1.4227,0.64,,1.4274,2.918,,242646.262,238115.7141
002315.SZ,20260327,2.4898,0.64,24.6443,4.5273,6.4853,2.9397,1241026.7195,791166.6942
603097.SH,20260327,1.7683,0.94,54.317,5.0628,2.7857,0.598,549960.0927,532810.5927
600763.SH,20260327,2.0287,1.14,36.3004,4.3177,6.3991,1.0732,1875483.2676,1875483.2676
603000.SH,20260327,1.1324,0.51,116.0689,5.9014,10.5762,0.6735,2167154.4698,2167154.4698
603801.SH,20260327,0.5322,0.39,13.5028,1.19,0.8479,6.6334,394825.4199,394825.4199
300095.SZ,20260327,1.4863,0.55,,2.3993,2.9736,0.9917,400766.0165,327541.8085
603060.SH,20260327,0.7319,0.83,42.1746,2.496,1.893,1.8597,492827.8987,492827.8987
600422.SH,20260327,0.9292,0.98,24.66,1.6093,1.3124,2.6316,862952.363,862952.363
603320.SH,20260327,2.2642,1.15,40.3239,2.5972,2.9681,0.6903,302468.4997,302468.4997
002451.SZ,20260327,2.6075,0.68,325.1819,5.5265,2.6517,0.1025,428331.24,426852.828
000677.SZ,20260327,8.7703,0.75,590.5239,8.5748,4.099,,435444.8858,435444.8858
300471.SZ,20260327,2.2654,0.59,861.8253,3.8725,5.6261,,606974.9217,473214.0877
002483.SZ,20260327,1.223,0.69,13.7,1.4188,0.8007,4.2735,622300.8259,621446.0609
300516.SZ,20260327,2.4931,1.22,434.8524,8.0726,15.366,0.1182,1050660.0,1050660.0
002267.SZ,20260327,1.293,0.68,13.2966,1.3637,1.0105,4.3371,897444.8841,897444.8841
000989.SZ,20260327,8.8872,6.06,36.0676,2.1572,3.6015,3.1622,802873.6073,651116.2203
601179.SH,20260327,2.6109,0.58,68.3074,3.6408,3.4363,0.4294,8237292.9397,8237292.9397
300453.SZ,20260327,3.005,0.88,19.7306,3.5574,3.1578,3.0251,517907.6008,356980.8373
300991.SZ,20260327,3.9113,0.89,277.2429,11.0623,9.818,0.0612,706032.0,451772.226
301008.SZ,20260327,1.1594,0.8,113.3538,2.5705,3.3517,0.2932,384639.0183,340231.5783
002194.SZ,20260327,1.848,0.43,,2.8483,4.8842,0.6757,707884.095,529285.9509
002322.SZ,20260327,4.9774,1.85,23.686,2.0834,5.0116,4.3101,541346.9236,520422.9246
300056.SZ,20260327,1.9511,0.6,,22.9863,7.4501,,339231.5898,338932.2138
300567.SZ,20260327,2.6227,0.78,,10.0776,11.8502,,3561160.7242,2890326.5648
688502.SH,20260327,1.7443,1.46,351.2428,12.7363,23.5989,0.1097,1629513.6,1629513.6
600795.SH,20260327,1.2663,0.88,12.0716,1.5065,0.5251,4.1833,8953480.7792,8953480.7792
300965.SZ,20260327,0.9784,0.77,93.7131,2.5611,14.9865,1.1175,311400.0,289154.3625
300922.SZ,20260327,5.8288,0.83,75.4872,3.4217,12.8639,0.8754,319271.106,251122.4405
300614.SZ,20260327,2.3185,0.7,,2.0442,5.2671,,216274.0353,216274.0353
001696.SZ,20260327,1.99,0.59,25.8501,3.9031,1.6902,1.0701,2140055.3135,1666023.2825
000712.SZ,20260327,0.9028,0.56,59.0366,3.6986,11.5095,,938112.0,937833.6289
000679.SZ,20260327,1.6163,0.91,,12.1508,4.7383,,239857.2,239857.2
603290.SH,20260327,2.8785,0.85,56.043,3.7782,6.5882,0.5829,2612655.5141,2612655.5141
603039.SH,20260327,0.9244,0.59,46.6412,4.8731,4.4431,0.3829,1010850.9606,1010850.9606
603207.SH,20260327,2.1198,1.03,20.5643,4.6458,8.7009,8.0456,439038.6,148512.0
601929.SH,20260327,1.6707,0.59,,2.1128,5.2229,,1057405.8149,1057405.8149
002101.SZ,20260327,0.6147,0.66,20.315,0.9307,0.7993,2.8584,727491.9817,725122.3579
688633.SH,20260327,0.9992,0.61,20.701,2.1438,4.2713,1.4557,344472.5582,344472.5582
300269.SZ,20260327,6.3663,0.52,133.8532,39.1887,7.2928,,421170.3038,403196.2555
301588.SZ,20260327,4.2918,0.67,60.9311,2.9618,3.2157,0.6009,276961.8668,170926.8964
601828.SH,20260327,0.3166,0.59,,0.243,1.57,,1049490.5742,870840.7364
001228.SZ,20260327,1.2281,0.57,35.3668,1.9534,0.6689,1.8155,328212.1644,252372.1644
600507.SH,20260327,0.6388,0.44,13.8948,1.2895,0.7181,0.5704,1309264.3457,1309264.3457
601187.SH,20260327,0.5234,0.66,7.4244,0.7122,3.3395,4.0486,1955593.765,1951334.6482
301172.SZ,20260327,7.108,1.07,131.2749,2.957,10.2826,0.2845,433097.28,248001.6269
600469.SH,20260327,0.9054,0.67,26.1039,1.2931,0.8102,0.4886,597213.3589,489461.5344
603708.SH,20260327,0.5779,0.6,46.5718,3.0867,0.3935,2.132,697065.8331,697065.8331
600552.SH,20260327,2.1984,0.86,72.8013,2.6887,2.0304,0.4132,1142974.3417,1142974.3417
603139.SH,20260327,2.7468,0.64,,3.7315,5.27,,270475.04,270475.04
002416.SZ,20260327,2.1153,0.86,40.6106,2.7452,0.3354,3.876,1598673.5297,1578836.5522
000953.SZ,20260327,2.9559,1.16,328.6999,16.841,14.8949,,259580.6363,259580.6363
301428.SZ,20260327,14.3115,0.76,82.0421,2.8296,3.3415,0.2714,360034.6679,223306.6379
600810.SH,20260327,2.1949,1.37,,1.1912,0.658,0.5475,890129.544,882258.918
300073.SZ,20260327,3.9597,1.17,58.2962,2.0428,3.1426,0.3405,2975109.1893,2765639.1914
603477.SH,20260327,1.9945,0.79,23.4932,2.8908,1.1086,0.9942,860488.7834,860488.7834
603376.SH,20260327,3.8855,0.68,47.9838,8.0406,4.9637,,1353603.384,105031.2282
301119.SZ,20260327,1.3947,0.97,37.3013,4.2298,9.4033,2.2174,431496.0,348972.39
000858.SZ,20260327,0.2653,0.82,14.0132,3.0074,4.847,5.5986,39844706.1713,39843027.9157
603162.SH,20260327,3.4419,0.42,26.5613,2.761,2.7799,0.7466,1235096.5359,371707.6992
300322.SZ,20260327,3.6528,0.79,,11.0295,4.3601,,1099951.2238,1053069.9543
300371.SZ,20260327,2.3536,0.65,37.8973,2.1461,5.5698,0.711,250917.9681,167609.7451
603180.SH,20260327,0.7806,0.98,19.9496,1.0377,0.841,2.0762,288152.3375,288152.3375
603001.SH,20260327,3.1765,1.6,,1.5124,1.6887,1.6722,359679.06,359679.06
603161.SH,20260327,0.8296,0.47,30.377,1.8758,1.236,1.1359,280141.5029,274868.9488
688323.SH,20260327,2.9665,0.89,,4.9858,9.4439,,365220.4545,365220.4545
301602.SZ,20260327,0.5146,0.73,58.8876,6.4337,22.7396,0.5217,837384.4423,407616.3094
002742.SZ,20260327,1.2536,1.6,,,3.2733,,309898.2246,237353.9357
920599.BJ,20260327,0.7663,0.79,9.7735,2.3138,1.271,3.7777,838557.825,635591.2893
688365.SH,20260327,2.2819,0.74,,8.1922,13.685,,773723.4508,773723.4508
603173.SH,20260327,0.6471,0.51,16.2773,3.4245,2.2315,1.2214,648480.0,648480.0
000570.SZ,20260327,1.8628,0.65,237.76,1.1499,1.568,0.1786,395187.8039,311187.8039
003021.SZ,20260327,1.6106,0.78,107.6393,5.2933,15.4464,0.2859,2660382.9342,2062430.3093
688206.SH,20260327,0.6849,0.77,366.6423,6.7338,27.7494,0.0963,1351227.2336,1351227.2336
600259.SH,20260327,4.7059,1.11,207.4174,7.5795,4.5459,,2645731.9962,2645731.9962
300647.SZ,20260327,1.8848,0.61,,4.9044,3.5657,,280795.1087,280378.2758
300276.SZ,20260327,1.4825,0.71,199.4495,4.8892,5.9885,,969521.7491,731529.8502
300122.SZ,20260327,1.1505,0.97,,1.234,3.3173,,3619410.0975,2138431.047
301387.SZ,20260327,2.9872,0.64,131.4548,3.2894,3.5163,0.2949,541742.0603,216622.9443
002419.SZ,20260327,1.8266,0.71,79.8087,1.6309,0.5744,1.0563,663905.522,663821.8698
300031.SZ,20260327,1.4299,0.68,46.7706,2.0844,2.5571,0.4946,846705.8173,711545.6256
600893.SH,20260327,1.1054,0.78,528.8386,3.2175,2.8555,0.202,12802849.1251,12800594.2127
688029.SH,20260327,0.8348,1.05,23.9145,3.3185,4.2727,2.0562,1363396.5889,1363396.5889
301116.SZ,20260327,0.6816,0.71,,3.0777,0.237,0.6924,453918.3685,453916.0938
601857.SH,20260327,0.1348,0.68,13.9428,1.4174,0.7748,3.894,220906320.2263,195439947.9263
603707.SH,20260327,0.786,0.94,24.0918,2.3348,4.1622,1.032,1565550.5631,1565550.5631
601500.SH,20260327,0.5622,0.61,66.0793,1.1216,0.8408,,688173.7133,685439.3183
001205.SZ,20260327,1.6619,0.64,35.8488,1.3032,1.8731,0.8203,271289.0996,230161.8593
300486.SZ,20260327,2.0538,0.55,,6.5946,11.5949,,1105554.0847,1105221.8061
920050.BJ,20260327,3.0314,0.71,23.0256,2.0451,2.176,,215152.6028,57548.3275
688389.SH,20260327,0.6037,0.82,28.5282,2.507,5.1154,2.276,530893.8195,530893.8195
600977.SH,20260327,0.8928,0.67,,2.2342,5.5045,0.0831,2470041.0,2470041.0
601218.SH,20260327,14.9117,0.6,61.8046,2.2581,4.8134,0.1449,668633.1233,668633.1233
300926.SZ,20260327,0.9134,0.71,14.1365,3.7696,2.2668,0.5102,1233034.1819,845984.2413
300046.SZ,20260327,1.9414,0.84,116.1611,6.4438,19.9597,0.2568,736795.2207,736795.2207
600053.SH,20260327,0.642,0.67,,2.5782,23.7241,,662883.8832,662883.8832
300224.SZ,20260327,2.6902,1.13,103.3933,2.6772,2.0218,1.2284,1355099.8072,1347436.0056
002514.SZ,20260327,1.8879,0.65,,27.4727,13.0556,,338416.1041,260396.1041
600880.SH,20260327,1.1878,0.57,368.0208,1.7447,7.9739,0.2062,530266.0646,530119.6349
300140.SZ,20260327,3.6382,0.63,27.5577,1.6371,3.7722,1.6371,2271616.1227,747748.8763
300100.SZ,20260327,1.1296,0.57,34.792,5.4268,3.1928,0.4548,1750839.7793,1687088.617
301503.SZ,20260327,1.9883,0.53,22.4723,2.6268,1.9156,2.7143,280000.0,113680.0
920180.BJ,20260327,4.9574,0.74,25.7051,2.5624,6.6257,,199864.1938,60352.75
688196.SH,20260327,2.4745,1.2,62.199,3.3118,3.5962,0.5671,1058100.2236,998280.0
300483.SZ,20260327,17.5328,0.99,53.7792,2.6428,3.2353,,910584.1278,910297.9278
603370.SH,20260327,1.2666,0.57,43.0294,4.0108,4.7806,,764181.6,152836.32
600367.SH,20260327,14.8423,1.24,56.1407,3.1532,3.5544,0.2186,780166.3729,736352.6672
600251.SH,20260327,3.1801,1.51,41.5127,2.4039,2.8881,1.5332,912190.4664,912190.4664
301487.SZ,20260327,6.0655,1.03,,5.2092,4.6514,,982200.328,582960.7865
002943.SZ,20260327,2.8733,0.63,,10.7843,11.8928,,964101.5254,683074.0872
688343.SH,20260327,2.8689,0.6,,7.127,21.259,,2780453.3342,2045940.8601
688314.SH,20260327,6.4004,1.09,43.6954,6.0123,12.3509,0.715,431786.1992,431786.1992
002991.SZ,20260327,1.2581,0.97,18.3482,2.8183,2.143,4.6262,468129.9033,250767.0715
300428.SZ,20260327,1.3998,0.78,15.8911,1.5916,0.4396,1.5188,1412983.5807,1229924.8311
600935.SH,20260327,3.9043,1.41,,1.7893,2.2295,,1071231.9407,1045205.74
002591.SZ,20260327,3.4878,0.53,,3.2362,5.75,,213141.6336,158693.848
600820.SH,20260327,0.6891,0.79,7.4439,0.6151,0.3148,4.9669,1899034.0408,1899034.0408
301169.SZ,20260327,1.2148,0.51,,8.6673,11.2766,,379437.5031,379318.9956
000690.SZ,20260327,14.0578,1.08,12.8324,0.9551,1.402,3.6298,1198914.212,1198133.7276
002393.SZ,20260327,3.2526,0.96,14.7455,1.3488,4.4096,2.7167,613829.4469,596459.8171
920826.BJ,20260327,1.8916,0.54,29.8492,3.5687,2.2177,1.005,139813.2349,62162.1006
300724.SZ,20260327,6.1631,0.46,12.1864,3.1186,2.1267,0.9961,4178807.488,3451997.9591
001288.SZ,20260327,1.4885,0.55,37.1672,3.0568,3.5274,0.6259,670348.6473,433078.4034
603214.SH,20260327,1.7114,0.47,19.934,1.9208,0.5934,2.4013,220971.3574,220971.3574
688677.SH,20260327,2.2758,2.3,27.845,3.545,7.9293,1.4913,477829.722,477829.722
300780.SZ,20260327,3.8959,0.64,,2.8969,5.2173,,296566.74,217435.7943
300365.SZ,20260327,6.1251,0.87,,2.2147,3.6576,,416899.551,355648.6088
300948.SZ,20260327,1.6635,0.48,,3.2573,28.9288,,314811.1453,296602.1066
920454.BJ,20260327,2.4517,1.0,51.3518,4.282,9.3385,1.194,140834.0,84660.0275
605299.SH,20260327,15.2283,1.42,88.3039,6.181,5.0296,1.0427,787761.0568,787761.0568
300663.SZ,20260327,1.7971,0.64,,8.4601,11.9724,,639689.3894,611743.9756
688597.SH,20260327,1.1413,0.55,40.3069,3.6638,3.0583,1.109,306822.7837,306822.7837
301489.SZ,20260327,7.1396,1.32,191.346,13.1082,15.7469,0.1015,1420460.5205,837291.5109
920022.BJ,20260327,1.9262,0.46,22.982,3.6917,2.3726,2.2104,158282.304,43597.76
600035.SH,20260327,1.1931,1.19,9.2064,0.6962,1.148,4.4156,619894.6219,619894.6219
300293.SZ,20260327,1.0783,0.86,,6.1672,4.584,,576360.0945,576360.0945
002970.SZ,20260327,4.7824,1.22,34.1603,6.1049,4.6013,1.6735,1174323.0873,801639.9873
600183.SH,20260327,1.5604,0.76,39.8904,7.9525,4.6778,1.8266,13299427.7843,13109895.9534
688216.SH,20260327,2.0444,0.9,,4.2407,4.0736,,312774.9686,289628.8186
600470.SH,20260327,15.8833,1.38,,2.382,0.6019,,387548.8,387548.8
603248.SH,20260327,22.4579,0.65,66.9893,5.8869,11.1034,,1335840.0,201273.0979
301368.SZ,20260327,1.9128,0.7,3085.3447,6.3911,12.2704,0.1298,620076.3,331058.9947
600847.SH,20260327,2.4052,0.59,,4.1326,3.8237,,212609.6238,212609.6238
300414.SZ,20260327,1.7476,0.61,206.6446,4.4541,9.5757,0.0736,442734.4348,425771.8116
000415.SZ,20260327,1.4702,0.74,,0.9365,0.504,,2702635.8002,2356721.6553
000429.SZ,20260327,0.6597,1.07,14.9498,2.4226,6.0249,4.0606,2692958.2903,1678688.9189
601952.SH,20260327,1.6354,1.22,25.3659,1.9938,1.3786,2.6497,1404182.0,1404182.0
300192.SZ,20260327,1.7716,0.53,46.7873,6.4785,7.9344,1.0718,614181.4519,605773.9557
300693.SZ,20260327,4.1232,0.61,29.0725,6.3655,3.9821,1.1313,1379116.7836,1185372.9872
301292.SZ,20260327,36.1969,1.26,,7.9245,4.5488,,2145300.5464,819126.002
688110.SH,20260327,2.9989,0.87,,14.9856,55.5941,,5122578.9469,5122578.9469
002151.SZ,20260327,4.5428,0.64,,4.1583,9.0886,,2010942.0218,1640187.1748
002005.SZ,20260327,0.3492,0.43,,13.3387,7.2658,,492431.3851,492310.0774
300393.SZ,20260327,4.4558,0.66,,3.5869,1.9473,,1061297.0467,931051.5187
000629.SZ,20260327,1.4835,1.04,,2.5955,3.4389,,3186795.1108,3186582.4865
300433.SZ,20260327,0.8524,0.72,36.9881,2.8684,1.9591,1.7369,15149986.2969,14261560.442
000813.SZ,20260327,2.7272,1.61,,1.4623,18.6822,,727695.6224,727575.9074
603004.SH,20260327,3.1279,0.82,28.8617,2.4792,6.7989,0.9633,513433.6,128358.4
600722.SH,20260327,22.6668,1.18,240.275,9.6692,24.0421,,1193961.0314,1193961.0314
000600.SZ,20260327,5.8591,0.89,10.8964,1.573,0.7547,2.2726,1828479.6573,1105311.5883
600322.SH,20260327,5.7538,1.34,,,1.1186,,283059.2,283059.2
600448.SH,20260327,3.1193,0.62,,1.8665,0.6723,,210359.7671,210359.7671
688253.SH,20260327,0.7486,0.49,34.2262,2.4357,11.8441,1.5051,499855.7691,499855.7691
603377.SH,20260327,1.0047,0.72,,3.3007,4.1344,,267396.3112,267396.3112
002487.SZ,20260327,3.2515,0.69,42.8674,5.7118,7.661,0.2238,4729549.1722,4678904.6927
300263.SZ,20260327,3.7873,1.01,64.1036,2.3936,3.2356,0.4434,1004991.1192,947238.8008
603421.SH,20260327,9.091,0.91,,2.2122,3.2642,,619580.9855,619580.9855
688006.SH,20260327,1.3796,1.03,39.4174,2.8687,5.1468,0.4817,1553852.1192,1553852.1192
603258.SH,20260327,1.0642,0.71,,1.8306,9.2297,,397307.7243,393145.0592
300146.SZ,20260327,1.104,0.62,23.7265,1.6705,2.9619,3.2657,1855769.703,1229391.0709
920505.BJ,20260327,2.1483,0.87,140.8574,7.3347,15.0786,0.3902,248313.6704,138164.7351
601801.SH,20260327,0.4099,0.63,14.3946,1.0203,1.319,3.2051,1221749.0919,1221749.0919
300879.SZ,20260327,8.7432,1.38,49.4977,4.2627,1.7025,0.0712,587563.8122,583585.5845
920221.BJ,20260327,1.4783,1.29,26.5845,3.7923,4.5239,2.4295,159206.88,84741.4538
688711.SH,20260327,1.5496,0.57,326.6127,5.4739,4.2291,,569383.9429,569383.9429
603190.SH,20260327,3.7966,0.94,28.4146,1.3948,1.7507,1.0116,311100.92,102706.7238
920833.BJ,20260327,1.3226,0.56,44.8602,2.1083,2.9479,2.2279,129387.56,98123.4818
601991.SH,20260327,2.9449,1.02,12.2126,2.4323,0.6805,2.6138,8291006.3058,5553447.9195
002129.SZ,20260327,2.6492,0.7,,1.7227,1.3027,,3784356.3635,3781233.8928
300645.SZ,20260327,2.2279,0.61,270.9227,2.302,1.962,0.1167,237886.2308,233222.3479
600572.SH,20260327,1.5261,0.95,16.0018,1.5579,1.6737,3.4352,1100916.9678,1097991.0036
300386.SZ,20260327,1.3163,0.68,,4.0619,8.2206,,598639.008,359084.9591
600233.SH,20260327,0.9785,1.15,17.9829,2.1335,0.9644,1.7296,7118955.3157,7118955.3157
603319.SH,20260327,2.4385,0.83,71.7858,4.3748,5.0895,0.5873,1079852.5748,1079852.5748
603110.SH,20260327,3.1747,0.56,729.3673,4.6663,7.8483,0.3098,324779.9454,324779.9454
600667.SH,20260327,8.4577,0.89,35.0132,2.3702,0.6183,0.9752,2051802.8766,2051802.8766
920278.BJ,20260327,1.7404,0.57,71.6882,3.533,4.5146,2.574,135586.5,57535.296
688416.SH,20260327,4.2905,0.61,,4.8788,13.0494,,619388.4513,619388.4513
920946.BJ,20260327,0.5358,1.04,31.1163,3.2356,7.4092,1.4599,409414.6881,409288.8193
300787.SZ,20260327,2.0947,0.54,32.1749,2.4243,1.1905,1.4294,365462.9013,222658.0308
002296.SZ,20260327,2.8974,0.59,14.4542,1.8213,3.1809,1.7809,437498.8117,390147.5436
300406.SZ,20260327,1.0357,1.18,16.1886,1.8853,4.8762,7.5162,698879.8846,505904.2356
300625.SZ,20260327,1.4797,0.57,,1.6008,1.6596,2.6339,318158.009,184485.8301
688595.SH,20260327,1.5066,0.77,,6.6094,5.2794,,447985.423,447985.423
688448.SH,20260327,1.6671,0.73,401.8718,3.9563,10.8975,0.5346,401252.88,401252.88
600618.SH,20260327,2.0271,1.18,18.7835,1.644,1.8958,1.6292,1490599.5691,966543.7291
688778.SH,20260327,1.1808,0.9,50.6229,4.1577,1.9076,0.7027,3821520.8805,3821520.8805
605169.SH,20260327,2.8339,0.61,38.2627,1.9713,1.2499,1.7994,384999.68,384999.68
688366.SH,20260327,0.2557,0.69,35.9619,1.6649,3.6501,2.5175,902675.0129,761653.5309
000670.SZ,20260327,13.1883,0.73,,124.659,1.6501,,758563.279,738032.8438
301608.SZ,20260327,1.2637,0.71,32.1727,3.3674,4.3743,1.0531,712186.97,319617.0115
000800.SZ,20260327,0.2969,0.78,51.091,1.2204,0.5612,0.7634,3223439.0386,3223163.7474
002672.SZ,20260327,1.2005,0.73,,1.7715,1.5773,,539364.8314,441697.7314
300628.SZ,20260327,0.6878,0.48,15.6258,4.3558,6.7334,5.5991,4062405.9546,2327310.7504
603324.SH,20260327,4.1225,1.4,63.685,2.2401,2.9232,0.4891,376582.929,376582.929
002975.SZ,20260327,2.4251,0.75,90.8508,5.1501,7.5275,0.3051,1148728.3814,758585.4507
301456.SZ,20260327,3.9696,0.65,64.5248,1.9806,7.1384,0.6901,435997.7389,175329.1971
605378.SH,20260327,0.8321,0.94,58.2113,4.2181,3.8306,1.7707,527135.6888,527135.6888
920304.BJ,20260327,2.0566,0.91,37.6331,3.7865,2.9681,1.5063,215482.798,173433.0747
600217.SH,20260327,1.4429,0.95,,2.0762,1.7861,,638196.6641,638196.6641
603090.SH,20260327,6.1385,2.47,99.1962,10.6741,8.749,0.4584,654400.0,654400.0
002490.SZ,20260327,13.2415,0.81,,16.1687,5.2072,,805029.0356,546597.498
300383.SZ,20260327,13.4146,0.98,190.0026,2.4447,4.4927,0.3462,3115228.4039,3108229.309
605003.SH,20260327,0.9584,0.68,49.3272,2.2358,5.9671,1.4027,321530.0,321530.0
688047.SH,20260327,1.2539,0.92,,21.9943,86.8185,,5515755.0,5515755.0
002550.SZ,20260327,3.1157,1.75,22.3689,3.4939,6.2669,1.5604,961129.8,706871.3752
600834.SH,20260327,0.6844,0.96,110.7168,2.3143,6.9225,0.4474,394794.8354,394794.8354
920665.BJ,20260327,1.6566,0.68,42.9594,1.9325,4.2974,1.3966,139609.26,68812.9714
688676.SH,20260327,1.8955,0.72,54.0764,7.078,4.889,0.6466,3566547.3115,3566547.3115
300613.SZ,20260327,1.5507,0.81,61.4624,3.4389,5.8119,0.2917,946584.3941,892892.7583
601022.SH,20260327,0.627,0.65,17.6019,1.9934,1.9962,2.3337,1200016.7673,1200016.7673
600883.SH,20260327,1.6487,0.56,52.8237,1.9377,33.7459,0.7453,190050.84,190050.84
001390.SZ,20260327,2.0569,0.62,24.747,2.6434,4.3302,,419600.0,104900.0
300092.SZ,20260327,3.7895,0.9,52.8884,2.6497,4.2204,1.515,430333.4587,329699.8882
600710.SH,20260327,0.8463,0.53,11.9373,1.9016,0.1373,2.9806,1617755.7993,1617755.7993
688519.SH,20260327,4.3433,1.26,135.708,11.336,6.2386,0.0692,3261438.7598,3261438.7598
300818.SZ,20260327,2.2228,0.7,101.3574,3.28,6.4937,0.1989,594079.5661,385378.0902
600798.SH,20260327,1.934,0.56,,1.2055,1.7085,0.5128,470548.3384,470548.3384
300464.SZ,20260327,3.0963,0.63,,25.1556,2.4328,,349316.4029,271126.461
601528.SH,20260327,3.2433,2.67,5.35,0.5341,2.3859,3.7313,1051718.5077,929668.7044
601588.SH,20260327,1.3307,0.84,,0.7919,0.8779,,595962.54,470820.0
301201.SZ,20260327,10.1142,4.44,,3.3667,19.1462,0.4225,716943.8604,502994.3047
603967.SH,20260327,1.6389,1.52,17.5705,1.9203,0.5177,4.5386,458293.3906,458293.3906
000159.SZ,20260327,3.7397,0.97,95.5554,1.5659,2.2072,,319175.4994,319166.7844
001396.SZ,20260327,5.806,0.51,36.8514,3.5409,6.4936,,488864.7484,101553.2695
688030.SH,20260327,1.2019,0.87,,3.3306,3.0435,,277382.9085,277382.9085
002418.SZ,20260327,5.8598,0.89,,3.6923,1.8797,,531835.2,531833.9542
603660.SH,20260327,1.9009,0.68,,5.2364,3.8509,,513025.367,509199.9921
301189.SZ,20260327,3.7058,0.85,,2.6134,6.6676,,549274.9183,527385.4027
600778.SH,20260327,2.5917,0.88,331.7364,8.8307,1.3787,,203092.3615,202912.1031
688665.SH,20260327,0.4905,0.86,33.7191,3.8732,4.323,0.7892,443930.8,443930.8
300881.SZ,20260327,1.2457,0.37,25.8906,4.3697,1.5749,2.2876,477840.0,249372.75
002120.SZ,20260327,0.8646,0.85,15.9031,0.9657,0.389,2.9423,1965658.3261,1908657.9081
688680.SH,20260327,4.1503,0.43,,2.7992,3.9764,,461774.7506,461774.7506
600817.SH,20260327,0.74,0.81,20.5227,2.4478,1.5794,3.4793,581835.0415,577405.5815
920810.BJ,20260327,1.2853,0.95,725.4971,4.594,8.2085,,105394.1,68585.892
002542.SZ,20260327,0.7966,0.65,,10.1944,5.1639,,532804.4377,518837.5288
300608.SZ,20260327,4.8999,1.07,,2.7432,4.6413,,366351.0794,318059.7417
300889.SZ,20260327,3.6253,0.66,,4.2146,5.0947,,600339.0201,398996.3848
603108.SH,20260327,1.6785,0.69,,1.8645,1.0396,0.2353,769694.2402,769694.2402
002850.SZ,20260327,2.1985,0.77,27.0267,3.5107,3.1566,1.2342,4432085.4802,3196134.2104
002777.SZ,20260327,1.7856,0.86,88.9031,4.0506,5.5466,0.8961,683378.7576,677152.2359
600211.SH,20260327,1.0072,0.87,14.0278,3.4638,4.4128,3.9417,1315706.9581,1315706.9581
688345.SH,20260327,4.3184,0.77,79.4653,3.959,1.6234,,444046.305,439000.0
002388.SZ,20260327,3.6836,0.89,,2.6547,1.3021,,259945.0784,257667.759
688788.SH,20260327,0.966,0.76,,4.8965,31.5448,,897949.1114,897949.1114
002256.SZ,20260327,11.9503,0.55,203.9009,7.3017,17.467,,867365.9784,848725.6929
920062.BJ,20260327,3.2741,0.65,126.0489,2.6898,1.4061,0.279,200594.7725,141921.1353
600643.SH,20260327,2.9682,0.65,,0.6819,6.283,,815703.4383,814260.0786
600875.SH,20260327,2.4802,0.54,38.2942,2.8107,1.6378,1.1151,12498514.2182,8179806.8743
002299.SZ,20260327,1.1145,0.95,14.7718,2.0173,1.1349,2.788,2216468.1985,2173365.8924
603613.SH,20260327,0.72,0.51,12.514,2.0238,0.3446,0.2641,1796300.7678,1796300.7678
600688.SH,20260327,0.7215,0.67,,1.3581,0.4158,0.6711,3141700.015,2183986.423
688153.SH,20260327,0.7657,0.66,324.2476,3.6213,6.2796,,1457470.1581,1386094.5049
002806.SZ,20260327,3.4899,0.72,39.1701,2.3908,2.3603,,275373.0289,225641.1622
000020.SZ,20260327,9.9792,0.61,108.639,11.1885,5.3218,,475427.7001,304176.6915
300927.SZ,20260327,4.9979,0.83,14.847,4.1935,3.1647,0.3218,403774.92,394066.3372
600257.SH,20260327,6.4911,1.47,,4.0092,3.4565,,319541.4928,319541.4928
002061.SZ,20260327,0.6319,0.47,8.797,0.6613,0.2149,3.2006,1042976.8167,1013663.781
603816.SH,20260327,0.454,0.79,17.2993,2.6742,1.4026,4.1063,2761720.0069,2730502.8686
002878.SZ,20260327,3.4024,0.71,,3.4595,1.4198,,445123.9442,400849.8918
605136.SH,20260327,1.6212,0.83,,1.6527,2.4104,,404463.085,404463.085
002232.SZ,20260327,0.9166,0.87,743.8719,5.2024,8.253,0.058,703928.988,703928.988
300291.SZ,20260327,1.1307,0.57,,2.0914,25.7281,,638601.1834,631054.3606
688279.SH,20260327,0.7068,0.53,78.728,3.543,23.0554,0.4958,1784268.24,1450150.24
000546.SZ,20260327,8.469,1.87,,1.2666,0.572,,514025.5012,460522.1412
002169.SZ,20260327,3.4736,0.88,,4.3905,3.6153,0.5405,1158402.0591,1122837.4712
002977.SZ,20260327,2.6997,0.72,,3.0868,40.2339,0.6691,323122.8,179208.2573
688065.SH,20260327,0.756,0.78,62.6787,2.0027,10.7599,0.811,3545860.6273,2867886.4397
002563.SZ,20260327,0.5967,0.72,15.681,1.3041,0.9564,9.3458,1441338.2356,1181516.6519
300044.SZ,20260327,3.2016,0.7,,81.5736,86.2553,,586651.5671,549410.4599
603219.SH,20260327,1.0539,0.87,81.3618,5.4119,2.725,1.2859,871292.8,871292.8
002264.SZ,20260327,1.6218,0.61,23.9379,2.9725,1.7718,1.1939,593124.5112,539541.0354
688687.SH,20260327,2.2404,1.23,116.7083,1.9992,2.6183,1.4525,345820.5657,345820.5657
300615.SZ,20260327,5.0211,0.46,200.8035,5.2055,6.1762,0.3489,277283.902,179737.2299
688459.SH,20260327,0.8823,0.68,39.5789,1.2705,3.8921,1.4192,439680.0,160835.8307
603688.SH,20260327,1.763,0.73,147.5402,3.9643,23.7885,0.4454,2298882.6585,2298882.6585
688582.SH,20260327,0.8545,0.59,75.949,9.1126,43.9984,0.6607,2304375.2252,1435256.5052
300489.SZ,20260327,5.5685,1.54,,10.1594,3.0917,,642932.1395,640552.7558
600000.SH,20260327,0.1178,0.63,6.6722,0.4528,1.9184,3.7186,33372449.9766,33372449.9766
301156.SZ,20260327,2.6709,0.78,44.8251,3.7064,4.8896,2.24,263971.2656,167296.8881
601901.SH,20260327,0.4248,0.54,14.0961,1.1436,5.0112,1.8829,5696614.1653,5696614.1653
002028.SZ,20260327,0.9228,0.64,51.4279,10.4929,7.6704,0.2392,16265351.7731,12691582.2686
002965.SZ,20260327,1.3895,0.62,30.9687,1.8067,1.0231,1.4171,770664.5625,579120.3525
300635.SZ,20260327,4.9582,0.76,,5.0819,2.8833,,191259.124,164485.8341
300643.SZ,20260327,2.137,0.68,23.1088,3.0326,3.2551,0.9588,383649.6328,382981.5801
300207.SZ,20260327,5.8132,0.86,30.7791,2.0585,0.8346,0.7528,5113776.0505,4743901.3834
601995.SH,20260327,0.4063,0.76,16.7978,1.6255,5.514,0.5501,15794784.4721,9565830.8637
603019.SH,20260327,1.3908,0.63,56.394,5.6838,7.9586,0.4173,11914151.8291,11910821.9936
601288.SH,20260327,0.0646,0.59,7.8591,0.841,3.1445,3.7809,226789005.9497,206870248.5835
600612.SH,20260327,0.4011,0.81,12.1706,1.6198,0.4043,5.0208,2135889.8304,1294758.6193
002248.SZ,20260327,2.7035,0.54,165.7912,39.0651,11.4128,,372069.676,372069.676
300376.SZ,20260327,1.1011,0.86,192.0843,2.2223,4.6572,0.3251,1487745.6642,1487230.9017
600686.SH,20260327,2.5245,0.77,38.5314,3.8991,0.5087,0.5096,1266305.7384,1266305.7384
000623.SZ,20260327,0.6803,0.73,8.1689,0.6915,8.9588,2.7946,2097600.5088,2089055.0313
300045.SZ,20260327,2.5463,0.71,,8.8597,21.4145,,1422763.7317,1108524.3889
000518.SZ,20260327,0.7577,0.5,,8.4598,8.8833,,303719.0855,303713.0294
600167.SH,20260327,1.6875,1.07,23.8353,1.5258,4.9123,2.6897,1654136.3785,1654136.3785
603299.SH,20260327,1.7601,1.29,21.5653,1.4201,2.4254,3.0674,1128891.0923,919426.7612
002108.SZ,20260327,7.5806,1.77,51.9573,1.6157,2.8323,2.0523,811110.3174,810569.1174
300079.SZ,20260327,1.7252,0.59,284.0798,1.7986,9.9723,0.1882,758646.929,681747.177
600025.SH,20260327,0.1407,0.7,21.9832,2.7553,7.2513,1.9018,18929191.7651,18288000.0
688132.SH,20260327,1.1435,0.95,,2.0707,19.8044,,256195.0183,256195.0183
688259.SH,20260327,1.1018,0.6,50.2419,2.5638,11.0063,0.6826,398210.5,398210.5
301316.SZ,20260327,1.146,0.56,161.405,14.8789,7.5948,0.1973,1638220.0,1622040.55
601116.SH,20260327,1.6314,0.76,56.757,2.3998,1.9823,1.4194,771678.8656,771678.8656
605016.SH,20260327,0.7228,0.94,28.316,5.2904,7.5106,0.8422,1035750.3811,1035750.3811
600148.SH,20260327,1.0527,0.7,274.0174,5.4566,3.5404,,259116.62,259116.62
002352.SZ,20260327,0.3615,0.73,17.1993,1.9017,0.6169,2.4275,18681168.5262,17689873.2245
688312.SH,20260327,4.0727,0.95,52.5738,4.7322,11.6728,0.996,722150.6041,722150.6041
300577.SZ,20260327,0.9632,0.85,12.9956,2.0493,0.8905,1.8833,439380.0045,260445.8971
000912.SZ,20260327,8.9716,1.4,275.7437,1.3812,1.95,,876512.0,876512.0
600094.SH,20260327,1.5046,1.21,,0.9295,4.149,,953229.5185,871754.2795
002778.SZ,20260327,1.5788,0.62,,7.6747,10.8043,,242395.6619,239822.0418
300894.SZ,20260327,2.0288,1.01,,4.0149,4.6194,,434315.5596,314362.2144
000011.SZ,20260327,0.7142,0.53,,1.5103,1.6364,,512542.0191,452768.967
600941.SH,20260327,0.8251,0.65,14.7555,1.452,1.9262,5.1318,202290977.4487,8433657.4135
920098.BJ,20260327,0.6511,0.69,37.0883,2.2417,4.4332,1.1552,211188.9983,143810.5994
003005.SZ,20260327,3.1998,1.04,,2.4076,11.6445,1.2223,432696.8522,237449.2452
688525.SH,20260327,7.2282,0.79,130.5505,20.4704,9.8531,,11136419.9664,11136419.9664
603716.SH,20260327,6.7905,0.86,,4.0719,3.5045,,437282.2128,437282.2128
300549.SZ,20260327,2.598,0.83,292.0078,4.1398,7.2307,0.2924,228011.4,172803.4943
002259.SZ,20260327,3.2352,0.87,75.9545,14.5209,4.1954,,394220.0119,394220.0119
688108.SH,20260327,2.0691,1.03,179.4266,9.0902,16.1483,,848442.56,848442.56
301113.SZ,20260327,2.4759,0.65,316.5744,3.4336,6.8631,1.8547,232869.0,141045.5955
300999.SZ,20260327,2.2783,0.82,49.3342,1.613,0.6346,0.3869,15554546.1168,1556854.5213
001333.SZ,20260327,3.7743,0.65,24.4377,1.8465,1.9027,1.4563,316416.0,108768.0
300329.SZ,20260327,3.3133,0.58,,5.7009,30.3096,,386414.0558,385252.3281
600249.SH,20260327,8.8191,2.32,355.8244,1.6087,3.2972,0.471,350350.0,350350.0
300707.SZ,20260327,4.2732,0.64,120.522,2.4855,3.58,0.3685,284230.9875,230688.6584
603826.SH,20260327,1.4728,0.84,460.6572,8.4604,15.9895,,1650448.8,1650448.8
600397.SH,20260327,6.2664,1.0,,96.5934,3.7452,,1501769.141,1501769.141
000428.SZ,20260327,1.4564,0.71,,2.9023,7.3961,,404513.622,404513.622
600866.SH,20260327,1.6804,0.72,9.4807,1.4619,0.7307,5.1984,1214536.4823,917967.3758
002146.SZ,20260327,1.9428,0.63,,0.5343,0.2148,,634831.9222,571082.1172
300976.SZ,20260327,1.0009,0.54,24.9605,2.0486,2.361,0.3902,725369.7043,466132.8642
600648.SH,20260327,0.2587,0.73,14.8388,0.8728,2.335,3.4146,1393910.0235,1166214.9583
300911.SZ,20260327,5.7977,0.82,,4.3928,10.3413,2.6647,515539.9968,481798.6176
920879.BJ,20260327,0.3916,0.46,39.7953,5.1426,8.0598,1.7964,328755.2936,256905.7984
688114.SH,20260327,0.6521,0.99,,2.7329,7.5043,,2085912.9042,2074988.3278
600967.SH,20260327,2.1281,0.75,48.5434,2.1359,2.3955,0.4701,2533972.2592,2533972.2592
920403.BJ,20260327,3.2826,0.75,27.5792,3.9495,6.1239,0.6409,221475.8473,131719.5898
688765.SH,20260327,3.0401,1.13,,8.1447,492.986,,2359500.0,270459.9018
600039.SH,20260327,0.1851,0.79,11.1719,1.7475,0.7956,4.1209,8643417.1011,8643417.1011
000031.SZ,20260327,0.3511,0.59,,1.2436,0.3504,,1260176.1217,1260173.5821
000738.SZ,20260327,1.3157,0.77,84.71,2.273,5.4778,0.7985,2832906.3382,2832906.3382
600888.SH,20260327,1.699,0.59,14.8251,1.0396,1.6423,2.9688,1276636.6501,1276636.6501
600340.SH,20260327,1.3751,0.48,,,0.4103,,563575.7292,560643.1289
688489.SH,20260327,0.3037,0.5,,2.4022,7.9674,0.2879,441137.8494,437771.6989
603209.SH,20260327,0.8627,0.58,18.0597,1.4462,3.13,1.1639,480675.0,475486.072
603159.SH,20260327,0.5867,0.79,512.9005,6.7045,7.61,0.2707,336140.0,336140.0
600812.SH,20260327,1.2608,1.0,49.9629,1.6611,0.9337,0.5629,914484.2872,914484.2872
000698.SZ,20260327,0.7428,0.61,29.7783,2.1745,0.593,,321249.6428,308000.0428
300184.SZ,20260327,6.1714,0.78,82.1829,3.1035,1.4562,,1266135.3342,1150828.162
301330.SZ,20260327,0.9891,0.56,41.8263,2.3477,4.0227,1.2244,797135.6999,658167.1271
601002.SH,20260327,3.008,0.85,21.4361,1.1992,2.2223,1.8382,519215.7517,519215.7517
688121.SH,20260327,1.2089,0.54,35.1136,1.0126,1.1753,,256508.1753,222528.0004
002047.SZ,20260327,2.3261,1.14,,,6.8425,,767221.8387,767182.8863
300210.SZ,20260327,1.948,1.3,,9.9805,11.7087,,412071.18,411676.3117
002611.SZ,20260327,3.9927,0.81,29.708,3.7317,4.1208,0.7345,2154596.8218,1773368.6375
603528.SH,20260327,0.6304,0.47,,2.9934,13.8118,0.616,568979.6856,568979.6856
688609.SH,20260327,0.7973,0.54,,5.2421,1.7111,,409000.0,409000.0
301041.SZ,20260327,4.6261,0.63,114.012,4.2159,3.9358,0.3747,281315.16,208113.725
300067.SZ,20260327,2.3397,0.63,,2.0299,5.0594,0.2278,506770.438,411555.336
920527.BJ,20260327,0.8001,0.35,54.7066,2.4607,2.6217,0.9193,96668.747,58432.9166
603329.SH,20260327,0.7656,0.49,72.7534,1.8565,0.573,0.1824,261053.4267,215463.9073
000700.SZ,20260327,2.7813,0.5,23.9878,2.9833,1.5855,2.7053,1108962.5899,1108962.5899
603069.SH,20260327,1.2249,0.85,,7.0363,8.3381,,569432.0,569432.0
600976.SH,20260327,2.3085,0.82,14.1914,1.9224,1.5154,2.7035,510663.9394,510331.0394
300947.SZ,20260327,1.7827,0.7,114.9643,2.019,2.0648,,252248.8146,252148.733
300846.SZ,20260327,7.7073,0.59,,18.2935,11.6229,,1437276.8137,1120355.2886
000007.SZ,20260327,1.3455,0.65,80.9511,25.1103,10.1281,,458697.2103,458697.2103
003816.SZ,20260327,0.773,0.83,24.0461,1.907,3.1021,2.043,23481914.6394,18290829.0144
000788.SZ,20260327,3.0018,1.45,24.527,2.3529,2.0049,3.8579,352228.5682,352228.5682
920931.BJ,20260327,1.2435,0.48,106.4586,2.8715,3.618,0.8333,112716.0,34530.96
002632.SZ,20260327,2.8806,0.61,37.751,3.6187,5.1183,2.0934,775752.0698,722702.4257
301277.SZ,20260327,1.4307,1.25,37.9636,2.9671,6.8458,2.4337,460300.0416,460300.0416
300142.SZ,20260327,2.7584,0.91,391.6797,2.0018,8.0404,0.3317,1928814.3404,1876469.114
920508.BJ,20260327,1.5152,0.72,521.7439,6.0987,13.4286,0.8396,119100.0,63333.2611
002332.SZ,20260327,1.2708,1.28,32.3491,1.5023,2.4666,4.4693,885338.3551,881193.4713
002762.SZ,20260327,0.8394,0.79,,3.1928,7.0545,0.7184,246401.4,147119.3901
603232.SH,20260327,3.0207,0.77,494.9758,3.4709,10.8118,0.2507,466993.979,461443.49
300025.SZ,20260327,2.0169,0.59,,5.0006,4.2948,,269660.2487,268387.8241
300605.SZ,20260327,2.9139,0.66,,4.8485,6.1945,,235157.9987,170148.8586
300033.SZ,20260327,2.009,0.69,50.4744,17.0438,26.8328,1.0302,16177459.2,9423326.4409
301223.SZ,20260327,1.9071,0.63,22.4614,1.2524,1.1939,1.8068,371770.553,215628.9905
000655.SZ,20260327,1.5178,0.71,19.6678,1.565,3.1975,2.3153,539973.5886,539973.5886
601336.SH,20260327,0.8001,0.82,5.1432,2.0071,1.2129,4.2009,19752969.0712,13205001.9009
601615.SH,20260327,4.9064,1.11,128.6701,1.4791,1.1748,1.6753,3903343.3146,3903343.3146
000727.SZ,20260327,1.6763,0.62,,5.2465,0.2288,,1213923.9506,1213923.9506
600114.SH,20260327,1.821,0.88,32.6643,5.3954,2.941,1.0569,1749563.6148,1707998.6148
002285.SZ,20260327,4.4993,1.01,,2.1338,2.738,,597848.7114,592732.8678
002882.SZ,20260327,2.0341,1.08,112.6812,5.6996,2.5924,1.0772,1205626.5,687289.4018
600611.SH,20260327,0.9462,0.75,130.9252,1.1118,5.1662,1.0482,1127686.6061,745701.9056
002506.SZ,20260327,10.4289,0.48,,17.523,1.9559,,3118218.6556,3115081.8706
002109.SZ,20260327,12.2045,1.34,,1.5437,1.7332,,629201.0365,629201.0365
300035.SZ,20260327,12.706,1.04,31.5099,3.3488,2.1605,1.0434,1642282.3037,1397702.1195
688128.SH,20260327,0.7,0.91,18.9631,3.0528,2.1193,3.0036,1010036.5,1010036.5
603890.SH,20260327,1.4955,0.63,20.4145,2.0082,1.479,1.0482,615254.627,615254.627
300137.SZ,20260327,7.4516,1.02,,4.1628,6.9264,,679313.0779,671023.1782
601827.SH,20260327,0.6835,0.84,12.2533,1.2999,2.748,2.6486,1546538.3025,1546538.3025
301267.SZ,20260327,0.4946,0.88,32.0453,2.388,3.436,1.8244,1414560.0,1091980.341
300514.SZ,20260327,2.0503,0.47,22.7202,2.4529,3.3602,2.3148,259200.0,207694.7892
600825.SH,20260327,0.5836,0.57,136.4473,2.4084,4.0691,0.2124,590361.6353,590361.6353
688202.SH,20260327,4.0343,1.82,,4.1609,6.9771,,810143.6695,810143.6695
000633.SZ,20260327,2.7113,0.87,164.7484,13.171,7.2217,,258791.4827,258789.5675
002757.SZ,20260327,2.5778,0.61,,2.9722,1.8643,1.743,593275.4733,566364.2734
002007.SZ,20260327,0.6045,0.98,28.0105,2.5407,6.2265,4.8143,2657121.9924,2288163.9861
920719.BJ,20260327,1.8974,0.82,,2.9686,4.6486,,100075.405,78683.1867
301367.SZ,20260327,1.6203,1.11,28.5201,2.0122,5.7135,0.5928,599692.8,468132.2672
002084.SZ,20260327,3.0917,0.71,,1.8326,0.9319,,255192.1358,254630.6046
920438.BJ,20260327,0.9938,0.49,194.6373,5.526,10.102,0.2559,552077.625,529000.4198
300072.SZ,20260327,4.9772,0.82,,2.2235,5.3046,,1341690.2924,1331207.2852
000825.SZ,20260327,0.5395,0.67,176.9515,0.7543,0.2686,,2500652.7824,2500652.7824
300332.SZ,20260327,12.7379,0.66,65.7436,1.3744,2.1271,,584848.1269,561071.8718
301045.SZ,20260327,3.1118,0.61,140.4669,4.4422,7.5297,0.1211,455394.1818,264018.558
688116.SH,20260327,2.4008,1.01,63.9588,4.0397,11.6093,0.3547,1508279.2664,1508279.2664
300181.SZ,20260327,2.6884,1.35,18.2797,3.4967,3.8751,3.8119,1089955.9186,936923.5681
603637.SH,20260327,2.687,0.7,31.3216,2.8167,5.9903,1.6434,290480.7123,290480.7123
000968.SZ,20260327,15.8138,1.31,27.9319,1.8115,5.383,0.2593,1119400.5776,1119400.5776
605179.SH,20260327,0.4247,0.65,182.428,6.2255,2.4706,0.2287,701349.0,701349.0
300885.SZ,20260327,7.0949,1.72,101.7788,6.3052,21.0477,0.5338,562063.827,378295.2604
688199.SH,20260327,1.559,0.73,138.7522,1.4841,2.5927,,385333.1299,385333.1299
603087.SH,20260327,1.9929,1.58,39.823,3.2675,9.582,1.6208,3686566.2687,3443103.1558
600579.SH,20260327,1.0668,0.66,,2.4144,1.0988,,395867.8087,395867.8087
603559.SH,20260327,0.4236,0.65,,2.8547,6.4872,,271664.5148,271664.5148
002658.SZ,20260327,5.2397,1.54,36.4347,2.0889,3.935,2.8391,549933.1993,310155.6966
603867.SH,20260327,4.183,1.12,29.3982,2.3245,2.2907,1.2577,681168.4791,675530.8791
688658.SH,20260327,3.1405,1.6,,2.3958,3.247,,794250.0,794250.0
601279.SH,20260327,0.7023,0.67,,1.5854,1.532,0.237,669201.6857,669201.6857
600908.SH,20260327,0.8645,0.73,5.5178,0.579,2.6295,5.6604,1279499.4282,1165599.2837
001335.SZ,20260327,2.2705,0.54,38.5074,4.1226,2.8571,0.3549,396143.3806,99035.8451
301252.SZ,20260327,10.5317,1.22,51.7767,4.5481,4.8953,0.4889,593135.1672,165717.9422
300180.SZ,20260327,1.1443,0.59,251.3311,2.2667,2.6147,0.0824,1068963.5141,1039570.0775
605339.SH,20260327,0.2028,0.64,170.0572,2.0225,2.2566,1.0345,691593.7041,691593.7041
601000.SH,20260327,0.6076,1.06,14.1717,1.2069,4.5733,4.6838,2530371.5182,2530371.5182
002262.SZ,20260327,0.837,0.99,18.4898,2.8052,3.7743,1.6092,2273330.3728,1978187.1693
600138.SH,20260327,0.8349,0.62,79.298,1.0496,0.5867,0.7617,665208.96,665208.96
300324.SZ,20260327,1.7948,0.67,,3.0757,3.0097,,848246.9821,839605.5064
920592.BJ,20260327,2.6219,0.33,,8.0042,14.7069,0.454,273814.255,170418.2746
300850.SZ,20260327,8.5193,1.17,22.3401,2.6113,3.9495,0.1917,1827774.8757,1327665.8463
300082.SZ,20260327,9.6266,3.22,,2.6906,1.6607,,736546.3506,734622.1444
002708.SZ,20260327,1.2651,0.75,90.1072,3.9604,2.6896,,670582.8746,616371.2653
600119.SH,20260327,1.2189,0.69,,18.4251,9.7832,,219892.7627,219892.7627
600733.SH,20260327,1.3311,0.98,,5.7407,2.296,,4609819.4685,3541599.4308
301321.SZ,20260327,2.49,0.96,,3.711,1.1677,,360565.29,285497.6389
688002.SH,20260327,1.1109,0.86,42.3477,7.7505,7.3705,0.1546,4659669.3867,4659669.3867
000860.SZ,20260327,0.6063,0.67,,1.3699,1.2453,1.1637,956137.6488,956137.6488
300257.SZ,20260327,1.5722,0.98,71.0876,4.3477,6.2934,0.3458,2873592.4721,2760964.0584
301628.SZ,20260327,3.8413,0.64,58.5251,6.5974,8.2762,0.3984,756773.032,327542.952
600517.SH,20260327,0.4245,0.65,16.053,1.6322,4.9459,1.407,3779886.0268,3779886.0268
000572.SZ,20260327,5.6985,0.6,,6.0547,5.1341,,1018029.9477,1016554.6485
001256.SZ,20260327,9.556,1.03,39.8009,3.0017,7.0219,0.782,362806.3476,271985.5476
300493.SZ,20260327,1.6082,0.55,174.1828,6.783,2.7986,0.2273,789282.4124,780181.3974
000733.SZ,20260327,0.985,0.53,26.7032,1.6568,4.687,0.3937,2533662.6385,2533321.1101
600551.SH,20260327,0.5816,0.72,12.9126,0.9258,0.7107,5.0569,536341.694,536341.694
002020.SZ,20260327,2.7839,1.58,18.7054,2.3585,3.3339,2.1371,1332873.1087,1120702.9826
300757.SZ,20260327,7.0658,1.22,,40.5023,133.2534,0.0112,6744215.1704,6061966.3202
603011.SH,20260327,3.2564,0.64,,4.9018,4.5144,,1029370.8578,1029370.8578
300484.SZ,20260327,1.6155,0.67,64.6608,5.178,7.4248,0.95,349692.6632,280803.231
920183.BJ,20260327,5.3959,0.58,25.5488,4.1463,7.9842,,191157.56,43930.5744
605198.SH,20260327,0.5402,0.86,37.5145,4.7565,7.5846,0.6427,1299991.32,1052385.04
605050.SH,20260327,4.6053,0.63,19.3632,1.6973,0.613,2.3747,722487.5793,722487.5793
300166.SZ,20260327,10.6756,0.52,,2.7773,5.9368,,1624990.1824,1292544.581
600571.SH,20260327,1.1054,0.59,62.1605,5.2061,2.9965,0.3513,623933.8974,612471.7786
002091.SZ,20260327,1.8185,1.09,11.7595,0.9853,0.3815,5.0265,1521913.2352,1493030.8748
920914.BJ,20260327,1.7771,1.17,42.1434,2.4156,2.2433,0.4232,233955.702,233770.7183
300321.SZ,20260327,1.1596,0.72,385.2376,4.841,7.8656,0.1245,306804.0,306444.3345
002861.SZ,20260327,2.7738,0.66,277.1448,2.6524,3.4387,0.6378,292093.2524,235463.9728
300668.SZ,20260327,18.2933,1.88,,6.0334,8.4227,,472978.0216,391697.1838
920058.BJ,20260327,0.901,0.26,30.4229,4.3947,1.9532,3.1702,152584.7314,75111.9241
920634.BJ,20260327,1.7497,0.8,77.1356,4.5884,1.6149,0.4799,132866.3245,84257.1403
688710.SH,20260327,3.7048,3.55,,4.0041,11.4667,0.4849,930324.4794,598489.4684
301305.SZ,20260327,3.1807,0.61,21.7491,1.5643,3.2915,0.8173,590285.4152,302726.8219
001260.SZ,20260327,1.5266,0.57,54.045,2.9114,4.2242,0.6014,240925.0,240925.0
688158.SH,20260327,8.0669,0.58,,7.8112,11.0912,,1885452.5947,1675418.1879
603273.SH,20260327,2.0991,0.45,121.2506,4.4582,6.81,0.4116,390479.0148,102138.4048
600241.SH,20260327,3.9558,0.78,1269.3862,2.4508,7.4903,,286355.9579,286355.9579
601766.SH,20260327,0.4602,0.7,11.9493,1.0833,0.6499,5.0874,18051585.5114,15302184.9722
688420.SH,20260327,2.3932,0.85,154.3311,1.4945,4.1646,0.5954,215680.77,101801.421
300960.SZ,20260327,1.8826,1.96,65.407,5.3252,6.7688,1.3388,345077.3491,312668.1751
601169.SH,20260327,0.4423,0.57,4.3771,0.4139,1.6491,3.6765,11501783.444,11501783.444
688048.SH,20260327,8.9281,0.82,2075.4379,13.4825,86.5012,,4051794.4899,4051794.4899
001358.SZ,20260327,2.5002,1.2,52.5958,2.3383,6.7974,1.8055,334611.2,138451.6525
001896.SZ,20260327,14.8423,0.99,98.7143,7.3195,2.2076,,2523642.3198,2523642.3198
603787.SH,20260327,10.9318,0.9,59.0607,2.1697,0.8109,1.3342,344985.5412,344985.5412
300323.SZ,20260327,7.2842,0.51,,2.4574,2.9831,,1613260.8042,873999.9345
688499.SH,20260327,3.3928,1.03,167.6135,3.7181,2.6568,,854272.4461,854272.4461
601963.SH,20260327,1.0943,1.26,6.3172,0.6381,2.3634,4.0506,3571879.4493,1935590.6787
300675.SZ,20260327,1.9767,0.69,,4.3092,8.6419,0.0665,220440.0501,220440.0501
002859.SZ,20260327,2.8267,0.91,85.5012,5.8462,8.584,0.5455,1718006.3521,1617102.9347
000557.SZ,20260327,0.795,0.65,20.5509,1.0766,5.1336,1.0638,685436.1255,685220.6131
688500.SH,20260327,1.8098,0.77,,5.4536,7.8198,,394931.244,384541.948
002255.SZ,20260327,2.9432,0.7,20.5727,2.1189,3.4808,0.43,938064.7111,720270.6623
002059.SZ,20260327,1.3478,0.79,,4.0035,17.4873,,514316.885,499387.3975
301006.SZ,20260327,3.367,0.76,26.4586,1.8279,6.1028,1.1789,233433.28,144280.3036
002793.SZ,20260327,2.2352,1.16,,3.5792,2.0879,,519867.2963,519077.0944
688025.SH,20260327,7.8424,1.63,75.9527,9.2709,10.2967,0.1868,2131008.0637,2131008.0637
920252.BJ,20260327,10.8843,2.67,308.5347,11.2855,7.4671,0.2032,297994.8805,198075.2868
002830.SZ,20260327,2.878,0.67,70.3155,4.3576,4.2839,1.1538,284680.9,142730.0875
601515.SH,20260327,3.6005,2.0,,1.571,6.3564,,821748.9765,821748.9765
002696.SZ,20260327,2.0998,0.58,46.7795,1.7541,0.6169,,240721.7721,232468.4289
002900.SZ,20260327,3.013,1.26,,1.9394,4.2212,1.7138,369185.7599,188029.8408
002741.SZ,20260327,3.0281,0.99,,4.5444,3.1208,,873776.9205,801127.4618
603656.SH,20260327,0.8577,0.55,133.1315,3.0896,7.021,0.2212,407053.4216,407053.4216
600844.SH,20260327,11.8467,0.68,,36.3047,5.826,,507245.5958,410542.5864
600033.SH,20260327,1.2392,0.73,12.5493,0.8259,3.3233,2.7027,1015428.0,1015428.0
688398.SH,20260327,0.8394,0.69,167.3906,4.0584,4.1983,0.3997,417689.2974,417689.2974
300498.SZ,20260327,0.5973,0.67,21.4933,2.7391,1.0831,2.9477,11251791.0017,10065747.3907
601168.SH,20260327,1.926,0.75,16.5509,3.2855,0.9774,4.1107,6028990.0,6028990.0
301388.SZ,20260327,8.9854,0.72,151.4877,3.495,6.9607,0.3001,341355.4032,91152.1512
688133.SH,20260327,1.6481,0.73,,1.2026,1.3247,0.3455,333149.3154,333149.3154
002648.SZ,20260327,2.1735,1.0,17.6213,2.789,2.0314,1.7934,9358097.7268,9352088.3433
920576.BJ,20260327,3.8604,1.59,326.2823,16.1129,13.5505,0.3028,719505.8,707471.027
603151.SH,20260327,1.5758,1.2,25.0777,2.1008,0.5623,1.1929,284867.674,284867.674
002785.SZ,20260327,2.2276,0.75,,9.8747,6.7296,,876338.3606,748245.2539
300209.SZ,20260327,13.2079,1.44,129.0464,9.5687,80.5079,,948137.4846,726826.3772
600037.SH,20260327,1.2928,0.91,303.397,0.8193,4.6899,0.361,1041049.8572,1041049.8572
920262.BJ,20260327,1.2482,0.53,34.1936,3.7291,2.2321,0.3969,133943.2905,60437.3188
002247.SZ,20260327,2.9948,0.51,61.8252,3.6825,3.0666,,245050.5741,185339.7135
688232.SH,20260327,0.4722,0.63,202.7061,1.3131,3.8751,1.6319,710292.2369,710292.2369
601689.SH,20260327,1.1882,0.7,36.1378,4.1675,3.395,0.8981,10042951.8168,10042951.8168
300705.SZ,20260327,2.6276,1.41,14.8912,2.6495,2.2877,2.2011,698406.4119,514967.6047
002624.SZ,20260327,2.0182,0.87,,4.9904,5.1119,1.2375,3534622.4321,3330129.6007
688057.SH,20260327,0.4428,0.53,34.526,1.0452,9.7985,2.0816,331476.0,331476.0
600310.SH,20260327,2.8995,0.18,,3.5208,2.6054,0.4545,967369.0765,967369.0765
603587.SH,20260327,0.4612,0.83,21.9824,1.5885,2.6629,4.0908,572704.0867,572704.0867
300187.SZ,20260327,2.1478,0.72,31.1493,3.2709,4.5643,3.053,353155.3243,351245.8304
300774.SZ,20260327,6.4269,1.07,88.2336,4.8402,7.0935,1.139,717788.987,342209.9403
000933.SZ,20260327,2.0377,0.72,17.1369,2.794,1.6644,1.6273,6863961.4257,6859126.0964
600396.SH,20260327,25.4767,1.51,207.4188,9.7999,3.0086,,1323963.4285,1323963.4285
920008.BJ,20260327,1.4965,0.43,76.2361,4.9516,9.0666,,163072.5,85945.5283
300411.SZ,20260327,0.931,0.53,640.3466,4.2142,8.9731,,408552.607,310661.0775
000419.SZ,20260327,1.4921,1.0,24.5795,0.903,1.5857,2.5818,315821.5226,315821.5226
002654.SZ,20260327,6.2365,0.78,213.5185,7.8048,2.2058,,1221462.1761,1221375.4761
300470.SZ,20260327,1.3122,0.43,18.7264,2.7977,4.3857,2.7778,748662.2532,710314.866
688573.SH,20260327,3.5928,0.73,,6.3711,7.4039,,193749.197,105474.558
600513.SH,20260327,9.2967,2.2,,5.4759,2.8135,0.3475,731053.5075,731053.5075
603706.SH,20260327,0.5522,0.61,17.6561,2.2765,2.5478,4.5113,377818.5144,377818.5144
300672.SZ,20260327,4.7153,0.72,1068.5825,9.0708,18.9479,0.1756,3690741.684,3575740.237
603979.SH,20260327,1.5114,0.59,15.8885,3.4153,2.7625,0.7874,3564951.1975,3564951.1975
300603.SZ,20260327,11.3,0.86,,3.8047,6.4039,,534053.1674,429646.9534
600885.SH,20260327,0.6563,0.58,23.8307,3.6076,2.7027,1.2304,4364215.9627,4364215.9627
600071.SH,20260327,0.7164,0.63,84.2582,10.5057,3.2808,,529358.9113,529358.9113
601599.SH,20260327,1.7749,0.69,38.2449,3.0335,1.4363,,460735.3538,460735.3538
603043.SH,20260327,0.4839,0.78,18.4275,2.2841,1.6709,3.6615,899226.6427,891614.1277
301227.SZ,20260327,1.9084,0.46,,2.1554,5.6256,,353495.616,200904.576
603188.SH,20260327,2.9006,1.02,,3.6114,3.835,,277102.62,277102.62
300032.SZ,20260327,7.3071,0.54,,7.1163,2.9878,,491539.8001,491539.8001
688755.SH,20260327,1.1216,0.74,55.0411,2.6391,4.4614,0.2683,327976.0,65595.2
603978.SH,20260327,7.5468,1.62,,3.5851,1.7861,,542301.2541,542301.2541
002272.SZ,20260327,12.4963,0.92,,5.7377,5.1636,,856293.3118,682546.3696
601668.SH,20260327,0.4043,0.59,4.5607,0.4225,0.0961,5.5071,20370952.4889,20370952.4889
002297.SZ,20260327,2.7966,0.75,,2.9417,6.7687,,618953.2045,618953.2045
601163.SH,20260327,0.4101,0.67,12.3347,0.8109,1.1273,3.8129,1112000.0,1112000.0
688031.SH,20260327,5.3161,0.69,,20.1146,38.7663,,1734908.589,1734908.589
000417.SZ,20260327,0.9169,0.39,34.4691,1.1288,0.7804,1.6153,531101.1402,530517.6941
688143.SH,20260327,8.2847,1.14,327.6211,5.6488,19.1306,0.0783,761352.1014,723477.6065
003032.SZ,20260327,0.9152,0.46,,2.0227,7.5929,,253541.925,174018.5276
600368.SH,20260327,0.7824,0.67,9.8571,0.8803,4.0652,3.3418,630984.3123,630984.3123
003023.SZ,20260327,1.8596,0.67,28.5738,1.5108,1.997,1.8018,233858.352,233326.6931
920476.BJ,20260327,0.9281,0.51,40.2549,3.7768,4.6868,0.7175,169592.9818,160534.2962
002868.SZ,20260327,0.7855,0.72,,93.6492,11.4536,,591668.0915,407358.5327
002527.SZ,20260327,1.4722,0.88,,7.1904,2.4014,,899774.1719,718233.4051
002133.SZ,20260327,1.8869,0.71,,0.9315,0.5201,1.414,270176.3171,268684.7001
920395.BJ,20260327,0.5654,0.8,36.6527,6.2988,8.9051,1.8265,150754.6756,103486.6412
001338.SZ,20260327,3.1784,1.14,19.8806,1.7764,1.5779,2.2762,661281.2392,661281.2392
002457.SZ,20260327,2.2204,0.55,17.8412,1.4874,1.381,1.4408,366835.48,366653.8139
000510.SZ,20260327,9.6918,0.96,,7.8077,5.4074,,963735.7733,901503.9181
601231.SH,20260327,1.3308,0.81,42.7179,3.5945,1.3375,0.636,7917494.2285,7917494.2285
600207.SH,20260327,11.5114,1.68,,3.079,2.2083,,736375.2865,736375.2865
600226.SH,20260327,1.5721,0.66,75.0124,3.9591,8.4743,,1430677.3687,1430677.3687
688161.SH,20260327,1.1895,2.27,46.0547,2.9636,7.9782,0.8735,1228000.0,1228000.0
301381.SZ,20260327,0.9964,0.65,34.1576,2.9316,0.6691,1.2927,780288.1588,378035.4988
000069.SZ,20260327,0.5032,0.57,,0.3854,0.42,,1768306.7717,1517692.3918
601360.SH,20260327,0.7891,0.57,,2.5683,8.9673,1.857,7538523.8357,7538523.8357
600109.SH,20260327,0.4509,0.57,12.506,0.8885,3.6337,1.4268,3097685.0648,3097685.0648
001203.SZ,20260327,3.6684,1.04,96.5865,9.8412,16.8891,0.4496,6570782.7444,5637446.0604
000955.SZ,20260327,2.188,0.64,,4.1107,5.7573,,266505.525,266365.1801
600527.SH,20260327,8.9638,0.95,162.4405,2.1973,8.4947,1.8916,453721.3563,453721.3563
002719.SZ,20260327,3.8326,0.57,,8.3098,2.5675,,159685.8821,148426.6241
688772.SH,20260327,2.3084,1.02,39.5693,2.6193,1.2976,1.8017,1868106.4116,1868106.4116
301209.SZ,20260327,0.7673,0.73,165.458,12.9544,18.6756,0.1618,988848.0,844785.207
000008.SZ,20260327,0.8511,0.49,,2.5021,3.4452,,733421.9744,733400.177
300134.SZ,20260327,0.8646,0.6,,2.0549,3.3209,,782847.9661,726666.3661
301138.SZ,20260327,1.6384,0.86,35.6036,3.7688,5.6594,1.7133,420240.0,240097.6103
603323.SH,20260327,1.4303,0.77,4.8315,0.5202,2.3552,5.1868,987066.7627,987066.7627
300528.SZ,20260327,1.7707,0.78,,11.3454,8.3473,,599526.3589,599526.3589
000691.SZ,20260327,1.7581,0.87,,,9.1195,,407805.105,271870.07
002551.SZ,20260327,1.548,0.51,,1.1678,2.5243,0.2232,302687.0589,218804.8465
301361.SZ,20260327,11.9559,0.89,45.2201,3.5612,15.0466,0.448,436260.0,114165.0
000096.SZ,20260327,1.8572,0.7,47.4612,1.8865,3.9727,0.7296,542784.0,525151.744
300698.SZ,20260327,1.3201,0.54,108.2874,8.9953,6.3226,,463104.0,409694.779
002896.SZ,20260327,3.964,0.75,208.0673,12.6776,15.1577,0.2594,1515189.7857,1515189.7857
000767.SZ,20260327,17.3113,2.04,23.963,2.4969,0.9802,,1566163.5895,1482333.4359
600123.SH,20260327,3.3928,0.73,481.0639,0.6515,1.1238,2.1459,1029794.7747,1029794.7747
000631.SZ,20260327,1.629,1.66,94.8493,1.6473,20.3039,,903900.0334,903900.0334
300602.SZ,20260327,2.5478,0.67,47.512,4.4444,2.834,0.1249,1764209.9228,1198864.5429
002097.SZ,20260327,1.0793,0.59,79.2269,2.2757,1.5234,0.2012,1068169.5604,1066262.9442
603669.SH,20260327,2.0131,0.91,,4.8202,7.554,,325282.0073,325282.0073
300826.SZ,20260327,1.2735,0.64,185.7299,1.9546,4.1792,0.1694,288836.2353,277771.447
688598.SH,20260327,1.7853,0.69,,1.2758,6.0139,,494854.3085,485324.2685
688266.SH,20260327,1.9486,1.37,,24.6177,32.7948,,2665346.7248,2665346.7248
603195.SH,20260327,0.0821,0.59,18.7246,4.7719,4.5459,4.1534,7466666.3919,7436743.6581
603200.SH,20260327,3.6542,0.97,90.7794,9.5345,21.1502,0.1526,1034981.6475,1034981.6475
920237.BJ,20260327,1.0594,0.95,40.9151,3.2392,4.8519,1.1774,169329.888,166125.141
601366.SH,20260327,0.8722,0.57,257.2757,0.9628,0.544,0.4366,390019.3998,390019.3998
600588.SH,20260327,0.7464,0.66,,5.438,4.4767,,4028639.9452,4028639.9452
002855.SZ,20260327,2.233,0.99,,9.2,1.8326,,300878.4317,300643.4503
002865.SZ,20260327,5.4341,0.69,,4.4658,3.0118,,2238314.1799,1617009.9103
002012.SZ,20260327,4.335,1.21,99.7263,2.0306,5.0423,0.0592,316114.8177,316114.8177
000785.SZ,20260327,0.962,0.77,35.4329,0.7491,1.2212,,1544308.1059,1462603.1791
001328.SZ,20260327,1.7514,0.78,31.8929,3.9096,3.2918,2.2604,571272.6684,152731.5216
603823.SH,20260327,0.9283,0.98,38.3939,2.6491,2.8614,0.9702,643704.4704,643704.4704
002371.SZ,20260327,0.8016,0.82,52.2077,9.1097,8.9254,0.1726,32833467.8396,32807224.3527
601669.SH,20260327,2.1602,0.53,9.5626,0.7104,0.1579,2.1408,10215112.4851,7751414.8291
920212.BJ,20260327,0.9005,0.61,115.8348,2.8646,2.4349,0.524,121484.5,59084.5911
301310.SZ,20260327,1.7389,0.64,43.237,2.1703,1.3961,1.6453,495829.1716,182436.545
002225.SZ,20260327,1.532,0.52,56.8682,1.4765,1.1342,0.8193,608600.5522,511442.8436
002644.SZ,20260327,1.0204,0.82,74.0756,2.4021,4.8857,0.14,437633.049,437633.049
301296.SZ,20260327,0.8119,0.97,26.0271,1.2017,1.3226,0.7303,330908.2722,330900.6769
002998.SZ,20260327,2.0925,0.64,76.0395,1.7267,1.0651,5.9542,284138.5353,216089.4482
603227.SH,20260327,3.636,0.83,19.9797,1.949,1.8087,2.1299,1006319.435,1006319.435
603368.SH,20260327,0.8845,0.76,8.4891,0.8681,0.318,4.4778,666123.4423,666123.4423
002292.SZ,20260327,2.0513,0.68,,3.8612,4.3993,,1140077.4664,784776.8232
000736.SZ,20260327,0.9902,0.87,,2.9881,0.178,,372802.1021,372802.1021
002480.SZ,20260327,2.1291,0.87,,4.9689,2.5717,,479192.0814,478288.2804
002026.SZ,20260327,0.93,0.54,17.1745,1.5106,2.7744,1.0093,567405.1374,567356.1612
688249.SH,20260327,1.2071,0.65,80.0523,2.5897,5.1788,0.3449,5637317.4852,3336516.8067
002412.SZ,20260327,2.0507,0.95,19.1607,1.4579,3.1352,,329596.0,326088.475
601777.SH,20260327,0.6081,0.97,826.2672,4.2167,4.8088,,4408072.5692,4408072.5692
920699.BJ,20260327,0.5825,0.6,26.3802,4.9945,4.6237,1.731,171323.0015,78386.7515
301360.SZ,20260327,5.6555,0.85,113.026,3.0991,10.1983,0.5211,358231.44,170989.36
000333.SZ,20260327,0.4657,1.22,12.7136,2.6112,1.26,5.3649,56857299.3189,51239598.3952
605228.SH,20260327,1.775,0.55,107.9287,3.2276,4.0529,0.1637,698608.4551,695663.2951
300511.SZ,20260327,2.8396,0.75,,3.0035,2.4505,,452437.9933,395398.136
301148.SZ,20260327,1.0682,0.44,101.1669,3.2509,10.9565,0.7836,576660.546,291421.746
000610.SZ,20260327,2.4771,0.67,,13.9921,4.1534,,218755.0605,217605.9677
300497.SZ,20260327,27.8801,1.59,,4.7045,8.6776,,1028280.815,841568.6895
002570.SZ,20260327,2.0361,0.52,40.9396,3.2713,2.0693,,562702.5765,562677.5685
600793.SH,20260327,1.2927,0.67,200.4561,13.7372,1.1343,,326918.5957,326918.5957
920580.BJ,20260327,1.8762,0.64,62.3509,3.2285,7.9129,0.5456,110338.0,70261.0239
002229.SZ,20260327,10.5932,0.75,,7.0608,8.7544,,897610.4018,892134.2205
000619.SZ,20260327,1.7331,0.65,,1.0328,0.5437,,263377.7921,214920.0
002790.SZ,20260327,0.9981,0.62,28.1013,1.5499,1.6243,2.5575,326776.1386,203865.445
300097.SZ,20260327,3.215,1.06,,6.4178,15.3812,,243824.4703,228158.4061
601918.SH,20260327,2.1647,0.8,10.0265,1.2696,1.6769,2.6283,2069842.8982,2069842.8982
002985.SZ,20260327,1.6127,0.67,60.2873,4.4825,13.1368,0.0633,1205955.9824,1202633.9286
002538.SZ,20260327,2.6883,1.28,27.8113,1.1515,1.3906,1.6575,617974.3724,617970.5989
603053.SH,20260327,0.6946,0.71,18.9057,1.9015,1.7493,2.907,917334.48,917334.48
603679.SH,20260327,3.4282,0.83,,3.0701,5.3285,,241314.5485,241314.5485
600619.SH,20260327,1.8987,0.71,263.2061,2.857,0.872,0.0798,1749551.3818,1286354.9207
300679.SZ,20260327,1.4042,0.56,27.0016,2.8795,2.6988,1.3794,1448636.2,1225694.9865
603757.SH,20260327,6.7249,0.85,57.1582,3.9189,4.2904,1.526,827150.5464,827150.5464
603516.SH,20260327,1.8296,0.64,5650.1216,20.5002,78.8313,0.1771,2853886.6372,2853886.6372
600771.SH,20260327,2.2701,2.1,100.3669,5.0146,5.9537,,826750.5371,826750.5371
000962.SZ,20260327,4.0214,1.01,91.7953,6.2371,15.3805,0.2632,2436338.5068,2317187.7481
002920.SZ,20260327,0.9456,0.91,25.7931,4.105,1.9438,1.0523,6328565.7536,5882340.6004
605500.SH,20260327,0.7474,0.57,43.4587,1.5007,1.446,1.6216,383320.0,383320.0
688039.SH,20260327,1.1752,0.62,,4.3586,13.3323,,464857.7851,464857.7851
300852.SZ,20260327,1.9595,0.6,47.9584,3.2291,4.0191,0.2778,711911.3668,687231.2393
002652.SZ,20260327,10.0857,1.16,,9.6998,8.0762,,243230.4,243230.4
002918.SZ,20260327,2.8202,0.55,71.5674,1.4185,1.1518,1.759,464812.8529,242282.1134
002592.SZ,20260327,1.3591,0.84,24.8826,3.0207,4.1071,2.0284,279364.5208,259038.3408
002396.SZ,20260327,2.2821,0.7,32.5347,2.2913,0.8309,0.9257,1581962.4597,1575440.0309
300304.SZ,20260327,2.5004,1.11,25.0439,3.4091,4.8726,0.6581,1168809.2887,1137360.1758
300935.SZ,20260327,2.6787,0.63,,2.8951,17.449,,229554.6652,174190.863
301107.SZ,20260327,2.6619,0.85,33.9747,2.9396,3.8247,1.8567,273510.2901,158138.2114
920932.BJ,20260327,1.603,0.54,,2.5725,4.9048,0.14,163819.7943,134994.442
300877.SZ,20260327,5.4693,1.96,35.8726,1.9821,3.2016,0.3519,330600.0,330597.1073
600822.SH,20260327,0.8412,0.91,206.026,4.1162,2.3179,,504404.4535,402882.4224
000637.SZ,20260327,6.4217,1.44,,4.4976,0.7783,,249540.1709,175000.8264
688513.SH,20260327,2.2887,2.36,41.3708,3.9966,8.8014,0.6383,1171821.1153,1171821.1153
688556.SH,20260327,3.1304,0.59,,2.9076,3.1411,0.8584,1146468.0289,1146468.0289
603277.SH,20260327,0.2389,1.12,16.7611,3.3682,3.1641,4.8199,886181.7964,880473.2601
001965.SZ,20260327,0.2048,0.81,13.1591,1.0234,5.5187,4.1659,6808685.182,6808685.182
600120.SH,20260327,0.7351,0.54,14.5901,1.1823,3.2581,2.0714,1922859.78,1922859.78
603098.SH,20260327,2.7759,0.62,101.3356,3.4381,2.9481,0.2778,971459.9604,969839.9604
600603.SH,20260327,1.3197,0.52,21.5826,1.1972,2.7153,,874710.2677,874710.2677
000925.SZ,20260327,1.2733,0.57,74.2,1.4682,2.0463,,484957.1882,482716.1688
688326.SH,20260327,0.9666,0.69,140.6094,3.5516,2.0438,,1399591.0622,1302534.8665
605222.SH,20260327,0.8326,0.39,56.4368,1.7998,0.3722,0.1968,839431.9982,839431.9982
688536.SH,20260327,3.7617,0.97,151.6954,4.2642,12.2507,,2624205.3912,2581400.0704
000505.SZ,20260327,2.7818,1.08,,1.6342,0.617,0.2601,503049.5737,437607.1925
688203.SH,20260327,0.9249,0.79,266.1809,1.661,2.8798,0.4928,245240.4623,245240.4623
300722.SZ,20260327,0.7525,0.47,129.5848,12.5749,20.5729,0.6239,798442.4448,798442.4448
688981.SH,20260327,1.4047,0.76,154.7675,5.1725,11.588,,78014198.106,19495734.8528
300584.SZ,20260327,15.9398,3.58,121.073,5.1964,8.81,0.2213,542160.0,370976.3504
003040.SZ,20260327,0.9101,0.59,1274.6491,5.343,7.2091,0.1848,748423.6826,741467.9687
688032.SH,20260327,4.5615,1.11,,2.9839,8.8307,2.3089,1706135.3173,1706135.3173
605128.SH,20260327,1.0133,0.9,44.4383,3.3119,2.8893,0.7929,689367.8751,689367.8751
000983.SZ,20260327,1.7988,0.53,23.5988,1.0966,1.0165,3.6312,4002356.2466,4002331.695
688338.SH,20260327,0.8514,0.58,35.5906,1.838,11.7628,1.1062,310148.0928,310148.0928
002638.SZ,20260327,9.5104,1.58,,3.0816,15.906,,634974.7023,597885.5585
301195.SZ,20260327,1.191,0.49,24.5323,1.6844,3.9573,2.1131,406246.8278,269803.1179
688561.SH,20260327,0.6127,0.68,,2.7234,4.6264,,2031748.6151,2031748.6151
600955.SH,20260327,2.1438,1.83,,1.1146,1.035,0.1748,937750.0,937750.0
002712.SZ,20260327,1.9343,0.64,,2.0891,0.3995,,284656.4516,282890.8428
603566.SH,20260327,1.2792,0.83,30.1333,1.725,3.922,4.7387,432923.9035,432923.9035
920208.BJ,20260327,0.6102,0.36,16.2408,2.8329,3.1538,3.1328,305074.3831,232283.3767
000061.SZ,20260327,2.0514,2.33,46.0751,1.8359,2.1736,0.7702,1542314.8508,1318515.1974
605507.SH,20260327,0.6918,0.99,17.1881,1.814,2.5249,2.2328,1500441.0975,1500441.0975
002082.SZ,20260327,5.075,0.96,,6.4121,13.9147,,1592838.2992,1440670.6089
601108.SH,20260327,0.5622,0.56,12.2595,0.9717,5.1566,2.197,3561766.6175,3561766.6175
920519.BJ,20260327,0.8652,0.58,48.0905,1.9831,2.3519,0.8485,103896.4331,73325.4281
301229.SZ,20260327,1.0094,0.45,84.0565,2.6033,3.0688,0.9219,325387.0968,231412.3456
301378.SZ,20260327,2.9733,0.55,,2.3274,7.4782,,303807.0,144401.2
920981.BJ,20260327,1.6747,0.81,210.9956,4.0177,3.5419,0.5614,204322.496,99691.2993
601100.SH,20260327,0.5016,0.36,45.7934,7.7106,12.5354,1.0442,12841042.6404,12841042.6404
688075.SH,20260327,0.4742,1.12,64.1457,0.9105,10.3779,2.1598,470714.7097,470714.7097
600478.SH,20260327,5.0059,1.61,66.3688,4.3268,2.7538,,1255817.8507,1255817.8507
688600.SH,20260327,0.9664,0.7,56.6181,4.0717,4.543,0.3884,322626.8336,322626.8336
301336.SZ,20260327,2.6352,0.55,65.4312,2.489,5.6102,0.4347,206320.0,156959.4719
301285.SZ,20260327,8.9017,1.84,,17.1914,19.9211,0.0589,1751734.92,667144.3326
920036.BJ,20260327,13.1185,0.57,31.8444,4.2724,3.1437,,252027.4808,60486.7738
603266.SH,20260327,0.8307,0.55,33.1388,2.3279,2.7366,0.9249,365553.8465,365553.8465
603076.SH,20260327,5.2796,1.91,239.5296,2.6177,2.2733,1.4225,339412.1793,339412.1793
300880.SZ,20260327,4.8018,0.47,50.913,4.3237,6.1165,1.938,453108.7642,453060.4387
300175.SZ,20260327,0.7297,0.6,,5.6467,10.8758,,291425.2,291425.2
301281.SZ,20260327,11.7286,1.47,81.2647,3.0966,9.7468,0.5102,424496.8,269899.84
300508.SZ,20260327,1.9619,0.62,46.4341,4.7749,7.7969,0.5019,404255.2696,304523.703
002058.SZ,20260327,1.1618,0.95,16.4463,77.44,4.8926,,309848.3971,309134.407
688303.SH,20260327,0.4387,0.65,,1.2012,9.6874,,4687274.5069,4687274.5069
600262.SH,20260327,3.5042,1.35,17.0346,2.4362,1.2379,1.2525,428910.0,428910.0
002375.SZ,20260327,0.7653,0.63,16.5149,0.6346,0.486,1.7486,519918.6412,514795.9548
000799.SZ,20260327,1.614,1.0,,3.7396,14.1824,1.3857,1406942.4834,1406819.0784
300333.SZ,20260327,1.8643,0.8,,5.2894,25.831,,306768.0,305654.2012
301230.SZ,20260327,5.0815,1.51,140.7726,5.1364,7.7168,1.3352,515074.5725,463522.4127
002386.SZ,20260327,5.9424,2.35,93.5653,1.0845,0.7269,,821339.3031,821186.2628
300720.SZ,20260327,6.4964,0.76,338.3989,22.3724,58.4306,0.2231,1309964.9148,1174010.6835
605009.SH,20260327,0.5204,0.78,20.7142,1.8135,1.7025,2.1169,614013.3158,613933.3758
688458.SH,20260327,1.8201,0.74,,2.024,6.6545,,369409.3152,281747.0078
603271.SH,20260327,3.8075,2.19,22.2007,3.0928,0.9387,1.1402,871272.88,418877.0863
600674.SH,20260327,0.5733,0.8,17.4404,1.6924,45.1775,2.5957,7511769.1219,7511769.1219
603198.SH,20260327,0.2341,0.63,12.2123,2.518,4.0301,4.6919,2557600.0,2557600.0
002603.SZ,20260327,0.9591,1.17,,2.7036,4.5858,1.8171,2758334.5758,2273173.9661
002351.SZ,20260327,0.8238,0.73,23.4147,3.3449,3.3707,2.3105,962013.774,563783.4306
300816.SZ,20260327,4.0109,0.77,68.7325,5.4923,4.9498,0.1218,497600.0,352478.5116
001266.SZ,20260327,3.0928,0.45,80.2352,3.3851,4.1587,0.9591,321513.0712,180284.6718
002190.SZ,20260327,1.2371,0.5,,2.8982,4.8414,,1117441.9034,1117441.9034
002728.SZ,20260327,6.0557,1.29,69.5755,3.1197,6.1462,0.439,568233.9619,367442.6488
300963.SZ,20260327,1.8174,0.57,102.8581,7.1313,8.2258,,787026.24,596250.9353
002444.SZ,20260327,0.7872,0.59,14.3905,1.9505,2.4423,0.8224,3631213.6733,3486979.6451
603648.SH,20260327,0.6872,0.75,28.8001,1.9056,2.3081,3.0644,354802.1312,354802.1312
601825.SH,20260327,0.159,0.68,6.9388,0.6816,3.3028,4.8764,8583555.5561,8343252.8487
301232.SZ,20260327,6.1612,0.89,,8.3521,4.7393,,1178846.2503,700561.3843
000753.SZ,20260327,1.9802,0.68,115.5515,2.374,2.1067,0.3053,649420.1015,649420.1015
603569.SH,20260327,0.6541,0.65,61.9897,1.4738,0.8539,5.2402,414609.4814,414609.4814
002291.SZ,20260327,4.0814,1.13,,2.0335,1.8161,,613445.5116,570146.1771
300721.SZ,20260327,5.1738,1.09,,2.0417,1.4892,0.2146,230455.7411,193415.6333
002167.SZ,20260327,3.8783,1.0,37.5217,5.5035,7.7957,,963693.5852,942208.042
001368.SZ,20260327,11.5684,1.95,28.1219,1.9958,2.6163,3.0921,276282.2631,79147.1373
920641.BJ,20260327,12.2454,0.61,175.4976,4.4767,3.0039,0.4826,155555.4,94113.6091
300169.SZ,20260327,3.3796,0.88,,,4.4529,,206674.0716,191300.4858
603721.SH,20260327,0.5685,0.64,,5.5197,9.2544,,253890.0,253890.0
300171.SZ,20260327,1.4724,0.99,64.0394,1.4104,2.1197,0.7283,1107387.3458,813602.5353
301203.SZ,20260327,3.1335,0.9,25.8918,2.3411,10.7682,1.6783,333680.0,182867.0675
301087.SZ,20260327,1.1323,0.8,31.525,2.4071,3.4583,3.1241,1171494.376,1088176.4322
300959.SZ,20260327,2.8585,0.64,288.5979,5.5109,8.5652,0.4258,618189.1176,402716.3445
688661.SH,20260327,2.3843,0.84,429.5067,10.3693,14.673,0.0734,1272971.8697,1272971.8697
600166.SH,20260327,1.3217,0.72,29.755,1.474,0.3946,,2264376.505,2264376.505
002955.SZ,20260327,1.4195,0.89,118.1702,1.8826,1.8889,4.9053,611714.1725,505747.1124
301097.SZ,20260327,2.4038,0.64,234.7908,2.5843,6.1794,0.9417,305406.3136,149945.2276
601838.SH,20260327,0.3532,0.63,5.4283,0.852,3.075,5.2258,7226532.282,7226532.282
002456.SZ,20260327,1.1841,0.55,,7.3574,1.332,,2901313.3483,2862596.4033
600089.SH,20260327,1.9396,0.51,26.8228,2.0744,1.4503,0.8793,14274139.0131,14274139.0131
600756.SH,20260327,12.4276,1.19,,2.693,4.0917,,639820.618,593100.718
300327.SZ,20260327,1.478,0.65,81.5918,4.7209,6.1979,0.8222,825774.4461,819688.3848
002679.SZ,20260327,1.364,0.62,175.3071,3.4683,16.8251,0.3392,254380.724,254380.724
603313.SH,20260327,0.8239,0.66,29.3258,1.2923,0.5247,,476440.049,476440.049
688605.SH,20260327,6.1678,3.66,65.3894,7.5653,10.0515,0.3253,1244231.3547,666146.436
301047.SZ,20260327,0.6734,0.95,64.6418,1.6267,13.0026,7.0852,858390.4883,843880.4424
002176.SZ,20260327,5.5528,1.69,,5.1713,7.6822,,1755809.0228,1755493.6704
300829.SZ,20260327,8.0777,1.26,70.3027,1.9791,2.9911,0.1964,478186.8251,332946.2828
000970.SZ,20260327,1.8317,0.89,156.0983,2.1881,2.1478,0.1688,1426046.3317,1426046.3317
600692.SH,20260327,2.8979,0.82,,3.1005,5.7735,,286687.7122,207833.5714
603113.SH,20260327,3.5428,0.98,,0.7787,0.3731,4.8007,627034.5652,627034.5652
688237.SH,20260327,0.678,0.5,355.425,3.7215,11.5764,0.6673,450113.7171,450113.7171
000821.SZ,20260327,2.7251,0.54,27.127,1.7759,1.0142,0.5728,761152.9787,738883.2336
002782.SZ,20260327,6.4471,1.87,38.9634,5.2653,2.1103,0.6273,1167499.2866,1145223.8248
920116.BJ,20260327,1.1344,0.78,134.7203,23.141,42.2869,0.1252,1358407.05,1304844.45
000567.SZ,20260327,0.4312,0.66,,1.9138,22.2837,,1032024.6578,1029548.3468
300402.SZ,20260327,1.2307,0.68,78.0155,3.141,3.3505,0.4719,470629.4778,464580.4738
002849.SZ,20260327,5.5067,1.47,93.1539,2.6543,2.2557,0.243,363163.5903,318611.8087
002358.SZ,20260327,2.988,0.57,69.5772,2.1106,2.4215,0.2625,708474.8165,708473.8449
300141.SZ,20260327,1.8619,0.56,,5.1918,7.9989,,343449.0072,339312.0283
600010.SH,20260327,1.9036,0.75,113.9312,2.2176,1.7418,0.0784,11548597.9337,8002103.5632
600861.SH,20260327,0.5293,0.73,7.9358,1.2853,0.2103,4.3095,918234.8286,594584.4035
300560.SZ,20260327,8.1363,1.82,,3.552,3.4262,,344615.433,280447.1775
601958.SH,20260327,1.1944,0.9,19.0164,3.2057,4.3135,2.1288,6062789.6676,6062789.6676
000701.SZ,20260327,1.5963,0.72,,,0.1066,,388958.2277,388628.5392
601208.SH,20260327,3.4138,0.85,133.2696,5.1888,6.0376,0.6256,3035599.7437,3035599.7437
601026.SH,20260327,4.125,0.61,61.6502,5.0882,3.4059,0.7622,1297699.2,210937.5531
002425.SZ,20260327,1.7115,1.04,,1.1413,6.0277,,330049.4478,329841.0098
688271.SH,20260327,0.3994,0.85,49.6469,4.341,6.7814,0.1837,9372324.6395,9372324.6395
600592.SH,20260327,0.9304,0.5,102.4173,3.087,5.3265,0.4326,785122.767,785122.767
600997.SH,20260327,1.6076,0.75,29.9746,0.7531,0.5707,3.9039,1057474.7008,1057474.7008
603176.SH,20260327,0.8327,0.6,,2.4288,1.0856,0.4144,263281.3279,255846.0939
600216.SH,20260327,4.5206,1.4,12.291,1.3831,1.7069,2.3038,1529004.0225,1512709.2653
600004.SH,20260327,0.3279,0.58,17.0964,1.1209,2.9595,1.6055,2314365.649,2125313.0181
300901.SZ,20260327,1.1778,1.24,,3.7792,10.9634,,366000.0,366000.0
600590.SH,20260327,11.27,0.82,,3.4644,2.3692,,1107877.8053,1095796.8104
601083.SH,20260327,3.9648,0.68,10.5182,1.7606,2.2719,4.0397,1563296.96,234496.96
920370.BJ,20260327,0.6134,0.42,,1.7671,2.5971,,102696.9033,89417.4175
688766.SH,20260327,3.1344,0.63,171.3418,14.7071,15.3279,0.1274,3555695.2827,3555695.2827
000099.SZ,20260327,0.8175,0.56,43.354,2.436,5.9865,1.0899,1338203.4863,1338203.4863
300014.SZ,20260327,4.5777,0.96,40.5568,3.732,2.521,1.0115,15016636.9957,14478632.3133
301335.SZ,20260327,2.6101,0.76,67.1505,1.6739,1.0519,0.7632,321064.084,128053.1771
920108.BJ,20260327,0.5809,0.51,108.4941,3.7003,3.4672,0.7251,181498.8,76907.9031
688652.SH,20260327,2.3738,1.04,117.4909,7.8263,12.0713,0.122,1721664.0,1237446.0
688671.SH,20260327,2.5133,0.77,,1.6702,5.2559,,169993.4185,101424.0191
603186.SH,20260327,5.983,1.01,35.4702,4.3642,2.2464,,981508.6427,981508.6427
688767.SH,20260327,0.6834,0.77,102.5963,2.0266,10.7078,2.2217,480106.6688,480106.6688
688522.SH,20260327,2.3225,0.63,88.075,4.1352,20.7629,0.3846,955345.1457,388124.8599
300660.SZ,20260327,0.9187,0.68,59.7019,5.4802,4.6919,0.8905,1900777.4655,1899255.6883
301269.SZ,20260327,0.4702,0.68,756.6017,8.7356,35.3628,0.1794,4539131.7738,4539131.7738
301256.SZ,20260327,2.4943,1.16,87.79,3.6493,3.7366,1.2186,630240.0,630240.0
920566.BJ,20260327,1.5229,1.22,17.1729,1.7284,3.4009,2.0161,144299.673,111447.7885
301085.SZ,20260327,7.2565,0.74,,4.8913,4.783,0.1969,524819.2824,356298.2156
688261.SH,20260327,2.2257,0.64,198.2342,2.9576,6.9718,0.0553,873346.6969,869938.1966
920779.BJ,20260327,13.9518,1.08,45.8984,5.8733,17.1689,2.9559,288268.992,72119.5272
688508.SH,20260327,1.2466,0.56,40.2459,2.7508,6.5614,0.6885,749782.0757,749782.0757
002903.SZ,20260327,13.5673,1.45,1423.9813,5.3547,8.9001,0.2867,434680.252,295828.0953
300952.SZ,20260327,2.8661,0.66,57.8793,3.569,4.7303,0.6158,604571.5219,367074.3047
000948.SZ,20260327,0.644,0.62,121.4414,2.2068,0.5526,0.5978,592630.9365,591475.0023
603889.SH,20260327,0.6797,0.6,12.9062,1.5634,1.1559,3.8979,562221.2311,558035.2031
002438.SZ,20260327,2.2703,0.73,28.7289,2.359,4.0331,1.0258,865858.9085,799910.4179
301155.SZ,20260327,7.3294,1.39,50.4262,2.8581,4.1463,0.119,1643696.9652,932643.271
300786.SZ,20260327,2.2693,0.67,,2.3769,4.9432,,263878.7705,209847.572
601112.SH,20260327,7.7898,0.68,44.4601,5.4608,5.1023,,3463329.0703,352727.3129
301166.SZ,20260327,2.7661,0.45,,1.296,2.4632,0.751,262600.004,172463.564
920128.BJ,20260327,0.8854,0.49,102.7611,3.9161,3.6598,1.6064,202163.1,95205.15
920970.BJ,20260327,1.3743,0.6,,2.8351,4.4763,,75012.1416,47438.2701
601997.SH,20260327,0.8288,0.68,4.1083,0.3322,1.5627,5.0523,2098657.6956,2098657.6956
301459.SZ,20260327,2.805,0.54,30.8147,3.1925,4.1771,1.0054,397849.4742,99724.2446
002454.SZ,20260327,1.2005,0.75,25.3105,1.3233,0.9958,2.9792,525494.2176,524154.6346
603949.SH,20260327,6.6455,0.78,48.3016,3.5177,9.1006,0.5686,371318.076,370381.6928
300513.SZ,20260327,1.616,0.47,,2.1014,2.9153,,277302.981,254837.6035
600258.SH,20260327,1.329,0.89,21.5104,1.4956,2.3575,2.2305,1802197.4454,1802197.4454
300848.SZ,20260327,1.3879,0.77,75.3982,4.1656,3.7872,0.4657,643115.1034,380443.1355
300972.SZ,20260327,0.6372,0.76,25.897,22.9013,0.6767,0.2881,3482113.4872,3191366.015
600446.SH,20260327,1.5307,0.98,,3.2849,4.0507,,1209528.7105,1209528.7105
300197.SZ,20260327,1.8725,0.71,,5.4708,7.7922,,536718.9525,536705.3775
300401.SZ,20260327,3.0223,1.03,25.6426,2.4491,6.2341,0.8006,773901.1447,761295.1149
002532.SZ,20260327,1.2694,0.61,15.8366,2.7115,2.5195,3.0814,7461524.713,6620254.2126
002807.SZ,20260327,1.5915,0.72,5.0855,0.5886,2.6821,6.6372,1112549.5406,1111023.416
601688.SH,20260327,0.5869,0.58,10.7306,0.978,4.4927,2.8109,16699698.0041,13517502.4961
300251.SZ,20260327,1.5042,0.69,20.3762,4.1078,11.7424,1.3244,4415050.5902,4176924.3401
300454.SZ,20260327,2.3982,0.71,64.5137,4.408,5.6043,0.0585,4489940.4082,2996382.567
688229.SH,20260327,6.8199,1.0,,11.2243,31.8247,,410966.4,410966.4
000056.SZ,20260327,4.147,0.68,,,0.6588,,227045.4182,173515.4943
920145.BJ,20260327,1.768,0.67,,4.224,19.4283,,108364.8,74638.848
600309.SH,20260327,0.8942,0.73,19.9865,2.3117,1.232,0.9154,25037512.0647,25037512.0647
300106.SZ,20260327,2.6698,0.75,,5.5267,2.3616,,213234.3008,213234.3008
600271.SH,20260327,0.7377,0.64,,1.1699,2.5785,0.0469,1580510.5962,1580510.5962
600095.SH,20260327,0.7429,0.92,57.9075,2.1923,89.7855,,2687636.4784,2687636.4784
301083.SZ,20260327,1.5426,0.55,84.1259,3.8735,8.604,0.6597,323539.4673,155724.439
603075.SH,20260327,2.7031,0.44,26.0827,3.9485,4.0242,3.4052,827505.2762,84799.8557
002033.SZ,20260327,2.4624,0.6,23.5522,1.9647,5.8438,3.8251,502784.0006,502774.3656
688195.SH,20260327,8.1752,0.93,538.6988,38.4906,64.9464,0.0237,3802890.0,3802890.0
002856.SZ,20260327,3.4455,0.43,,18.4001,3.7218,,152903.473,140012.0206
002600.SZ,20260327,0.6654,0.54,42.0292,4.1777,1.9126,0.2967,9623777.2897,9480890.8471
600754.SH,20260327,0.8705,0.71,52.9063,1.8417,2.1588,1.3876,2917392.5428,2478936.5564
002789.SZ,20260327,3.4999,1.31,,,0.4418,,196336.9222,192453.3018
688072.SH,20260327,2.0896,0.96,114.5396,17.2995,16.328,0.0706,10644402.8054,10644402.8054
300240.SZ,20260327,1.8026,0.65,,1.7843,0.4198,,263438.1316,257635.6252
301329.SZ,20260327,13.7205,2.24,61.6576,2.435,4.2392,1.6779,380397.0,133974.84
300405.SZ,20260327,5.1875,0.93,,4.443,3.2746,,185979.7268,143110.4768
000987.SZ,20260327,0.4481,0.56,11.8523,1.362,3.3298,3.0585,4249511.1953,4247218.1224
002265.SZ,20260327,2.1711,1.04,242.384,7.0823,6.8548,,2585700.1387,2585700.1387
603901.SH,20260327,1.258,0.65,93.9756,2.1062,1.4814,0.1215,598501.7559,556865.9925
001366.SZ,20260327,2.6089,0.66,,2.7926,1.7695,,224148.6,224148.6
601608.SH,20260327,0.5685,0.65,74.8903,3.0093,3.4684,0.4658,2811845.8103,2811845.8103
000886.SZ,20260327,0.9506,0.54,526.8159,1.8942,13.9211,,573520.414,567145.4008
601968.SH,20260327,0.7309,0.85,34.9029,1.4798,0.7635,1.4557,667232.6576,667232.6576
000801.SZ,20260327,1.8969,1.07,79.0472,4.7894,3.1797,0.7505,1362891.5018,1362891.5018
601021.SH,20260327,0.8627,0.67,22.6398,2.5548,2.1819,2.6793,4537510.4159,4537510.4159
000665.SZ,20260327,1.7557,1.0,,1.4136,4.0047,,567437.598,567422.7702
688545.SH,20260327,1.9468,0.81,82.1265,5.7749,11.5763,0.4217,1707480.0,864411.75
688295.SH,20260327,2.8401,0.84,530.1708,10.8005,23.2453,,5099400.0,5099400.0
688626.SH,20260327,1.0906,0.71,115.4983,4.3909,11.8393,0.4071,908960.0,908960.0
688775.SH,20260327,2.4715,0.85,77.6111,12.7893,7.5901,,7482259.0,612015.2
300900.SZ,20260327,9.4484,0.6,,5.2412,8.9673,,1042150.6621,816576.1696
603798.SH,20260327,1.3273,0.54,68.6036,3.0803,3.65,0.2838,355952.1142,355952.1142
600862.SH,20260327,0.9051,0.67,28.7982,3.864,5.9279,1.1685,2968587.647,2968587.647
300159.SZ,20260327,0.9673,0.83,,,16.385,,1003578.4145,558710.9569
000034.SZ,20260327,2.0993,0.6,47.601,2.2685,0.1813,0.7473,2519033.1745,2105820.561
600721.SH,20260327,10.7823,1.74,76.6031,4.8443,9.7668,,384547.635,384547.635
002608.SZ,20260327,1.1408,1.17,9.4418,0.9586,0.9824,1.1287,3347378.6177,3347378.6177
920509.BJ,20260327,1.3685,0.63,66.7632,12.4722,19.8948,0.8694,461359.7931,241710.3035
600641.SH,20260327,3.8764,0.74,110.2844,2.1362,12.9701,0.2263,1741208.5803,1741208.5803
601139.SH,20260327,1.8948,0.64,15.0506,1.3407,0.7106,2.1739,2117282.4263,2117282.4263
600993.SH,20260327,0.5738,0.8,19.1848,2.5506,2.9061,2.4371,1096601.0987,1094701.0487
300410.SZ,20260327,2.5678,0.66,,12.518,3.8613,,301401.2483,301401.2483
300301.SZ,20260327,2.6662,0.8,,17.9052,6.7164,,294603.413,280406.2352
300285.SZ,20260327,3.0595,0.67,50.0292,4.3694,7.016,0.6475,3061935.3262,2583770.0251
300458.SZ,20260327,2.0552,0.76,110.3372,9.2863,10.1915,0.5474,2892297.5465,2312360.132
605090.SH,20260327,2.0427,0.79,19.8381,2.6168,1.3382,2.8871,2757751.2395,2752320.4658
688686.SH,20260327,0.3963,0.6,59.9908,3.5971,8.667,0.2771,1099874.6241,1099874.6241
002057.SZ,20260327,1.9669,0.88,29.8664,2.2148,2.3023,1.322,707142.9162,706712.5712
002233.SZ,20260327,0.6843,0.64,17.1666,0.906,2.6503,4.8544,1088437.5209,1087623.893
688332.SH,20260327,1.5268,1.33,9.9804,2.6738,7.675,0.8512,1413410.904,1413410.904
301376.SZ,20260327,1.4676,1.07,20.0139,1.9697,0.7738,2.4439,656024.4293,315637.8846
600020.SH,20260327,0.6455,0.78,8.6053,0.7373,1.2255,4.359,876475.0145,876475.0145
300782.SZ,20260327,3.712,0.46,,4.6521,12.3568,0.1184,4604256.1052,3858066.4046
000636.SZ,20260327,3.3182,0.64,75.5432,1.8157,4.1439,0.7586,2268902.9068,2268902.9068
000826.SZ,20260327,1.9805,0.54,,72.4407,0.6254,,303600.2418,303561.8403
920392.BJ,20260327,1.0158,0.58,73.7155,4.4491,2.0559,0.3846,151724.155,72452.2909
688290.SH,20260327,0.9553,0.76,,3.8802,24.2088,0.2421,483050.7781,483050.7781
688288.SH,20260327,1.0959,0.53,80.6287,3.136,3.4,,237257.1744,237257.1744
605599.SH,20260327,0.4642,0.49,21.7504,4.2401,0.6962,3.1718,1765555.606,1765555.606
603082.SH,20260327,1.8902,0.75,33.3906,3.4756,2.7552,1.6984,554007.0593,138501.8135
688758.SH,20260327,0.5972,0.66,57.1671,5.344,17.9327,0.3862,722565.1857,517348.6709
920943.BJ,20260327,1.0517,0.6,26.9603,3.0172,2.0216,1.2723,199489.5078,101802.3918
688331.SH,20260327,5.535,1.23,98.4557,29.6234,21.4571,,6975812.7349,2015504.6781
920019.BJ,20260327,0.8225,0.62,87.6742,4.1195,2.5019,1.1167,376587.6597,300056.3778
300569.SZ,20260327,5.2749,0.54,,1.4122,1.8445,0.1373,730220.0915,728002.0555
603385.SH,20260327,1.091,0.69,41.811,0.6764,0.7943,1.6492,253903.5337,253903.5337
002812.SZ,20260327,5.0279,1.02,,2.8154,5.7898,,7088045.9006,5937116.0598
000017.SZ,20260327,1.1797,0.56,117.1398,12.6315,5.3842,,472780.864,302403.8584
600965.SH,20260327,1.147,0.73,60.321,2.1225,4.1903,0.6738,461747.3386,461747.3386
301577.SZ,20260327,4.9569,0.5,97.3557,3.6434,6.4387,0.4779,277832.015,116249.9264
301565.SZ,20260327,2.3721,0.86,130.9461,3.5196,3.8548,,847621.19,271253.19
688559.SH,20260327,3.5258,1.0,,5.4664,3.0997,,1298257.3906,1298257.3906
600780.SH,20260327,11.132,1.6,14.8969,1.1173,0.8215,,916055.5159,916055.5159
601166.SH,20260327,0.2775,0.79,5.1084,0.4887,1.8602,8.6898,39574540.7107,39574540.7107
603344.SH,20260327,2.379,0.78,27.5598,2.5441,2.076,1.1281,534571.133,148477.133
600629.SH,20260327,2.0946,1.03,67.043,3.7647,2.6118,0.5928,1996956.9602,1961514.8889
600343.SH,20260327,3.6901,0.81,,13.9386,22.4723,,1890367.2028,1890367.2028
920436.BJ,20260327,0.6523,0.66,,3.3699,0.755,,129621.072,121927.1032
001296.SZ,20260327,1.7082,0.59,25.5829,2.0793,3.118,1.6187,363955.1122,186979.3078
301052.SZ,20260327,3.8002,0.65,106.1409,4.664,4.8966,0.1561,336065.9152,272345.3409
002294.SZ,20260327,1.1118,1.67,102.5703,7.8637,16.2223,0.808,6898484.7186,6896932.7744
000014.SZ,20260327,8.7421,1.21,,2.5204,11.9719,,371298.9076,371298.9076
002055.SZ,20260327,2.8884,0.66,,2.4035,0.7514,,343350.3297,337386.3297
603586.SH,20260327,1.7236,0.93,22.4379,1.535,1.8684,2.7762,353091.0568,353091.0568
002054.SZ,20260327,3.3512,0.85,47.2145,1.664,1.3895,0.7835,421851.0205,336328.7104
600136.SH,20260327,8.8722,4.04,,18.0199,6.178,,428573.4455,408048.7937
300496.SZ,20260327,2.0799,0.63,56.4585,2.7099,4.0006,0.0974,2735598.2819,2188502.8176
600085.SH,20260327,0.8146,1.58,28.6497,2.8386,2.1445,1.768,3878517.9009,3878517.9009
002953.SZ,20260327,1.7404,0.49,33.0488,2.6493,1.2563,0.7896,574165.0289,317272.6362
920839.BJ,20260327,1.1683,0.86,29.7572,5.6812,5.3933,1.5689,376735.1776,207326.6072
002138.SZ,20260327,1.3277,0.52,27.5455,4.1483,4.1695,1.6833,2812438.4188,2638671.1175
002840.SZ,20260327,7.7467,1.26,100.5457,2.2703,1.0481,,911261.0224,904972.1651
300370.SZ,20260327,1.1418,0.47,,8.2756,11.4602,,421086.2045,420035.4526
600088.SH,20260327,0.6861,0.69,,4.4703,5.0416,0.2396,564345.3816,564345.3816
300380.SZ,20260327,1.1813,0.54,211.9636,12.7083,4.6765,0.1408,491735.5056,452402.4087
002409.SZ,20260327,2.5291,0.76,43.0951,5.0713,4.7542,0.697,3960194.2086,2650427.7778
301538.SZ,20260327,3.1608,0.85,31.0773,4.4762,6.128,0.5469,614420.8,244668.5616
600558.SH,20260327,1.2219,0.65,23.6743,2.098,1.354,2.6978,499068.286,499068.286
002208.SZ,20260327,3.1865,0.58,,1.5731,1.1733,,1011344.4945,1011083.2382
002254.SZ,20260327,1.738,0.69,,1.2988,2.4456,0.467,914480.0143,907555.8778
601068.SH,20260327,0.5151,0.7,192.0476,5.8426,0.7392,,1706054.5085,1461526.2709
301057.SZ,20260327,2.6864,0.79,105.7407,5.1765,4.3446,0.5874,393836.0977,278070.3044
300120.SZ,20260327,1.1125,0.6,,1.5112,1.7639,,450899.2343,414045.8966
603880.SH,20260327,2.5711,0.79,,8.159,3.4888,,207532.156,207532.156
300218.SZ,20260327,1.2851,0.58,20.3327,2.1763,1.4744,1.5905,336112.863,335012.1343
603595.SH,20260327,0.8273,0.68,90.7548,2.3201,1.7912,0.0972,358658.509,358658.509
920119.BJ,20260327,2.3816,0.58,22.8647,3.3843,4.5324,,620404.3427,163238.1497
000560.SZ,20260327,3.2061,0.51,64.1295,0.7305,0.5761,0.1473,687806.2485,658734.0329
301555.SZ,20260327,5.0392,0.65,42.858,2.8659,1.4833,0.6423,316013.4475,165589.3313
688619.SH,20260327,1.5736,0.51,,4.0834,17.8286,,275560.9304,275560.9304
300182.SZ,20260327,3.9361,0.73,171.9174,1.8129,5.4312,0.0874,1523708.2615,1292091.9766
603956.SH,20260327,1.0253,0.54,,1.6571,3.0384,,327696.1145,327696.1145
688287.SH,20260327,4.331,3.04,,1.9033,9.6169,,118935.5076,118935.5076
001222.SZ,20260327,1.0244,0.72,21.4641,2.6331,2.2589,0.7533,375098.85,211060.4535
300338.SZ,20260327,2.2455,1.02,,,10.4366,,149776.3854,129962.382
002222.SZ,20260327,4.6529,0.85,117.2585,17.6109,26.595,0.3058,3075435.0,3061712.2096
002240.SZ,20260327,6.1056,1.08,,3.6809,9.2515,,3865286.0215,3855213.533
603055.SH,20260327,0.6065,0.46,16.183,1.6535,1.2821,2.6144,851120.2877,848020.1709
600285.SH,20260327,1.1737,0.66,15.8019,3.8899,3.34,4.0395,1263533.3028,1260748.3028
002062.SZ,20260327,1.0126,0.46,32.8852,1.7952,1.5427,1.345,910631.3743,827779.9066
600854.SH,20260327,1.466,0.56,22.4095,1.0913,27.619,2.3301,267521.1471,267521.1471
603088.SH,20260327,4.933,0.83,50.0384,5.5671,7.7651,2.0837,609396.6028,531138.5419
002995.SZ,20260327,10.4494,0.56,,4.7242,3.6632,,419679.8452,265866.6969
300776.SZ,20260327,3.0228,0.63,40.0696,5.5145,10.2331,0.5108,2080505.2498,1275953.7716
600293.SH,20260327,2.5602,0.73,,2.2723,2.7413,,382847.8652,382847.8652
301049.SZ,20260327,4.3909,0.84,,3.5493,9.8643,,212070.0015,96359.3078
300228.SZ,20260327,3.6255,0.64,20.6944,2.2958,1.7637,0.8518,550228.9306,517192.4304
002791.SZ,20260327,2.0979,0.87,97.832,1.2964,1.1967,0.9696,720863.7715,443464.1521
688388.SH,20260327,6.964,1.24,314.4304,2.4841,1.9273,,1859066.7637,1859066.7637
300554.SZ,20260327,3.857,0.58,,5.0433,11.0301,,251722.3157,174325.261
605133.SH,20260327,0.7872,0.52,40.6836,2.0007,2.7988,0.433,753579.7901,751844.7685
300091.SZ,20260327,0.5966,0.63,,20.4287,9.3788,,846929.43,487355.7012
601033.SH,20260327,3.7472,1.04,15.8554,1.3592,3.4485,3.7106,1455300.0,388080.0
301038.SZ,20260327,0.8902,0.6,63.1568,5.1271,5.7684,0.3445,458206.32,458206.32
301239.SZ,20260327,0.6042,0.57,,2.3746,1.8393,,504365.8108,504365.8108
300606.SZ,20260327,8.9355,0.57,,7.3828,8.7547,0.3331,498328.8693,423863.4986
301031.SZ,20260327,2.0518,0.68,45.1322,9.9151,7.3836,0.3569,1394802.7013,972536.5509
000868.SZ,20260327,2.2544,1.44,855.9391,5.1207,1.2502,,435934.837,340264.386
300907.SZ,20260327,1.4661,0.62,40.8137,3.4061,2.4834,,272160.0,272160.0
300702.SZ,20260327,3.534,2.24,41.6475,2.1466,2.6749,0.2179,798607.5799,484622.4885
001319.SZ,20260327,2.0417,0.73,25.5673,2.5708,2.9958,1.5997,344733.2,199916.1829
000715.SZ,20260327,1.4058,0.74,27.2706,1.5763,4.0802,1.3425,309669.0384,308843.2188
603535.SH,20260327,0.5292,0.65,22.9863,1.6358,3.2814,0.7214,430704.0721,430704.0721
300001.SZ,20260327,2.0837,0.87,26.3322,3.7937,2.0675,0.5163,3043115.2266,2973976.2536
000887.SZ,20260327,0.9676,0.65,15.8911,1.6969,1.2661,1.0995,2394694.8498,2390840.136
605577.SH,20260327,0.6758,0.72,20.8445,1.4256,3.6667,1.1765,566666.6674,566666.6674
603106.SH,20260327,0.82,0.61,50.204,3.5976,10.5565,0.3319,470550.08,470550.08
688568.SH,20260327,0.9685,0.6,1555.2174,12.7798,18.0372,0.1461,4835544.2094,4835544.2094
601101.SH,20260327,1.8722,0.76,26.823,1.0465,1.47,5.2164,1264318.179,1264318.179
000795.SZ,20260327,1.1725,0.75,39.7304,3.7479,2.5567,2.8951,993107.2742,993105.7964
603567.SH,20260327,1.2036,0.91,,0.9089,4.1536,2.1304,662461.5466,661436.5289
301188.SZ,20260327,1.9729,0.66,97.9693,2.3718,4.6895,0.5002,455347.3187,455347.3187
603939.SH,20260327,0.4497,0.65,17.7877,2.667,1.2109,2.9046,2921864.6212,2921864.6212
300441.SZ,20260327,0.4805,0.47,15.8339,1.8603,2.534,4.2076,459468.5139,446729.5518
301349.SZ,20260327,6.834,1.32,300.0908,2.0574,5.1617,,561000.0,561000.0
920662.BJ,20260327,4.5591,0.76,111.4765,4.7275,5.6165,0.6938,217036.455,66948.0773
600575.SH,20260327,1.5076,0.61,37.6198,1.2982,1.0416,,2888217.2445,1566163.2092
000509.SZ,20260327,7.9069,0.71,,37.2145,6.0803,,459298.8063,459297.4178
603081.SH,20260327,0.6342,0.55,47.7787,1.5554,2.0977,1.1045,497281.4984,497281.4984
601698.SH,20260327,0.7283,0.76,517.9277,8.4654,50.9765,0.1016,13433545.6102,13433545.6102
002847.SZ,20260327,1.0049,1.21,21.6201,8.0236,2.7679,2.3502,1624804.2675,1452802.9621
920504.BJ,20260327,1.1915,0.52,62.0592,4.4843,7.7255,0.2341,92559.5016,36508.3091
301536.SZ,20260327,3.4655,0.74,94.636,9.0151,9.819,0.2886,2918269.4054,1295377.373
300977.SZ,20260327,2.0305,0.83,,2.0624,6.2245,,285881.7933,178038.3119
300185.SZ,20260327,12.1308,0.81,205.586,2.1917,2.1932,0.2933,1449739.3,1378995.903
002746.SZ,20260327,2.0754,0.94,18.2709,1.1523,0.9336,4.0984,524928.6235,432902.4985
301003.SZ,20260327,3.3847,1.04,40.9014,4.4856,8.4965,3.5101,498099.6803,385319.7353
600066.SH,20260327,0.9687,0.93,14.3068,5.3076,1.8021,4.6642,7120028.5412,7120028.5412
300870.SZ,20260327,3.8774,0.82,81.0915,10.6022,5.9735,0.4042,2700580.368,2700283.14
301068.SZ,20260327,1.4629,0.5,222.055,5.6949,3.5568,0.7195,450231.954,321078.1505
920082.BJ,20260327,1.7521,0.52,34.9952,4.0805,2.9628,2.1405,217305.725,59152.6844
600782.SH,20260327,1.344,0.64,11.8298,0.4345,0.3037,0.2769,1149431.9958,1135580.4258
301018.SZ,20260327,3.4434,0.79,194.0192,8.9784,6.7166,0.1787,2382234.6581,1781840.753
300259.SZ,20260327,2.4047,1.17,21.9823,1.8046,5.1671,2.063,550976.514,550850.1518
603676.SH,20260327,0.5375,1.08,20.6529,3.1353,3.9259,3.0823,458660.221,458660.221
605303.SH,20260327,2.0282,0.7,,3.0143,4.9564,,277005.8669,277005.8669
301413.SZ,20260327,3.7904,0.78,121.6092,9.0766,9.956,0.26,1135460.5049,677915.0269
688539.SH,20260327,1.7687,0.81,108.7366,3.7719,16.2166,0.5556,661689.28,372698.48
688479.SH,20260327,1.8295,0.46,104.9163,2.3901,8.7569,1.5922,447672.5748,193308.5748
000552.SZ,20260327,2.7996,0.73,,0.9168,1.8916,2.4286,1498506.9781,1043226.0726
688719.SH,20260327,4.0192,0.8,,2.9565,5.5548,0.3743,500426.5579,389125.6064
002709.SZ,20260327,9.4027,1.38,68.8608,5.2534,5.6326,0.3112,9378274.1077,6936515.7147
920857.BJ,20260327,0.8427,0.72,,5.3114,4.8376,0.3879,190790.4379,190790.4379
000068.SZ,20260327,1.622,0.84,,5.7211,4.1479,,345288.3122,345288.3122
301135.SZ,20260327,1.7756,0.61,69.7261,2.2258,1.9938,1.0607,278227.008,208661.3868
002079.SZ,20260327,2.0486,0.65,80.5529,2.5011,1.806,0.1995,771700.3544,770976.0367
603026.SH,20260327,13.7581,1.41,,4.5174,3.6269,,2183899.0164,2183899.0164
688335.SH,20260327,1.2036,0.52,464.3213,4.4677,15.0462,0.5709,512791.8267,512791.8267
002558.SZ,20260327,1.2319,0.69,34.5036,4.1089,15.0025,0.8972,6110306.7368,6110306.7368
603205.SH,20260327,1.3626,0.75,38.451,2.7203,4.0144,1.0617,396708.0,105127.62
002081.SZ,20260327,0.7466,0.69,19.3327,0.644,0.5206,3.003,884222.7884,880653.428
300423.SZ,20260327,3.5979,0.48,,3.1514,4.0984,,424874.6417,284689.8525
603102.SH,20260327,1.1663,0.78,21.9625,1.6413,3.1786,1.7484,267136.0,267136.0
300359.SZ,20260327,1.1889,0.65,,5.7339,8.6556,,314766.7107,314750.9434
002452.SZ,20260327,13.834,3.01,25.6047,2.717,3.8294,0.9735,700975.2561,582972.4127
688088.SH,20260327,1.1427,0.7,61.116,5.7477,17.0644,1.1958,1574994.9904,1574994.9904
002853.SZ,20260327,2.1094,0.85,,4.766,6.9773,,444119.9217,312495.2908
920086.BJ,20260327,7.4366,0.49,29.2437,3.2076,9.6627,,266939.2,85314.955
002044.SZ,20260327,1.9928,0.67,71.5902,2.8016,2.1126,0.2385,2215467.7204,2192812.8369
000151.SZ,20260327,1.2057,0.59,,8.5494,3.6397,,414069.4175,363362.9401
600230.SH,20260327,4.5588,0.99,139.6543,1.8786,1.6175,0.115,755892.8134,755892.8134
301552.SZ,20260327,1.8521,0.41,22.2382,3.0479,5.2574,3.2943,350907.2,87726.8
688528.SH,20260327,1.4231,0.93,,3.9662,6.6887,,180600.0,180600.0
605028.SH,20260327,4.2636,2.34,27.0376,3.3979,14.4376,1.7164,466080.0,466080.0
600237.SH,20260327,2.8704,0.75,44.8702,2.742,3.8563,,537990.6442,532797.2731
002465.SZ,20260327,1.9988,0.68,,3.0365,8.4749,0.4076,3653259.5715,3647449.8244
300732.SZ,20260327,1.7271,0.78,,0.8889,1.5761,,259021.4903,258734.5627
002428.SZ,20260327,12.1753,1.02,803.084,23.0475,31.5421,0.0584,3354424.32,3353990.97
600007.SH,20260327,0.1477,0.6,16.8732,2.0812,5.381,5.4618,2028667.0235,2028667.0235
000756.SZ,20260327,1.8982,1.56,27.2355,2.0024,1.2253,1.6503,1040845.0519,745355.5706
688701.SH,20260327,1.9518,0.65,,9.0439,9.7974,,128771.9997,128771.9997
688118.SH,20260327,2.5647,0.57,337.2818,2.8853,7.4221,0.5468,251861.8084,251861.8084
300068.SZ,20260327,5.235,0.75,,3.192,2.0339,,1227169.7304,1165443.5166
920491.BJ,20260327,1.484,0.63,34.059,2.9842,4.6868,1.3222,320253.8754,262215.1607
603829.SH,20260327,5.6438,1.4,47.8624,3.627,2.3875,0.3677,543897.1843,543897.1843
002646.SZ,20260327,0.7585,0.65,596.2139,1.3542,3.3752,0.1368,387598.351,385027.0658
003025.SZ,20260327,1.6323,0.54,26.8094,3.1299,5.6964,1.3402,388448.4673,309736.9895
300552.SZ,20260327,2.3579,0.74,,3.107,5.5987,,557982.4872,360662.0313
300801.SZ,20260327,5.5535,1.91,46.0876,2.3071,2.0538,0.372,578839.5,361701.4813
601369.SH,20260327,0.4803,0.57,17.6531,1.9953,1.7229,4.2281,1752773.5584,1735216.884
002518.SZ,20260327,1.109,0.55,55.7799,5.7914,5.5502,0.4969,2695119.9601,2616034.9764
600597.SH,20260327,0.3761,0.68,15.0003,1.0999,0.4313,2.122,1039369.2173,1039355.3437
603515.SH,20260327,0.2519,0.86,16.4329,2.1201,2.0337,4.7245,1410608.6872,1397550.675
603105.SH,20260327,12.3297,0.62,32.2121,2.9266,8.7986,1.6026,624011.3593,624011.3593
603132.SH,20260327,1.1961,2.03,30.1733,5.1046,9.4923,2.5105,1636194.0,1636194.0
002913.SZ,20260327,1.9225,0.78,41.2655,3.3375,2.7843,1.2928,1472870.0991,1400112.7244
600956.SH,20260327,2.0053,0.68,23.7701,1.8087,2.1891,2.183,4341210.7362,2258861.3073
601818.SH,20260327,0.33,0.5,4.7943,0.3934,1.5179,5.8104,19320975.1969,15175028.6884
600926.SH,20260327,0.2815,0.69,6.3119,0.9019,3.0959,3.9831,12011597.222,12011597.222
002166.SZ,20260327,1.3803,0.75,49.466,2.1189,3.4786,1.1142,651874.6846,650324.1286
920047.BJ,20260327,1.4221,1.2,,24.1899,101.083,,671692.0643,441080.6397
000529.SZ,20260327,0.72,0.53,32.3292,1.0591,1.5669,2.087,335679.4398,327683.5168
300559.SZ,20260327,7.4783,1.05,158.4272,4.5508,12.7609,1.0885,550531.0733,428746.5559
603189.SH,20260327,1.5736,0.3,888.925,3.3873,19.2793,0.7845,510524.573,510524.573
688426.SH,20260327,6.4291,1.32,,1.6784,11.7827,,227462.2938,77700.5425
600006.SH,20260327,0.5845,0.77,52.0907,1.5273,1.2819,0.0782,1278000.0,1278000.0
603520.SH,20260327,15.4898,3.03,,1.8376,1.9988,1.3761,477866.7703,477866.7703
300703.SZ,20260327,2.0905,0.61,27.5041,3.77,1.6317,0.7692,351764.088,330840.0869
002983.SZ,20260327,1.4862,0.6,36.6827,3.7709,4.3858,1.7675,505253.8631,289507.8332
002668.SZ,20260327,0.5925,0.56,8.6854,2.753,0.5265,,975700.2852,975700.2852
920694.BJ,20260327,1.1061,0.89,25.5754,2.5636,3.2017,1.3501,227060.0902,107421.0681
600960.SH,20260327,1.6581,0.56,,1.317,1.4801,,486663.9452,486663.9452
601099.SH,20260327,1.0043,0.63,78.0093,2.5839,17.232,,2569751.2715,2569751.2715
600526.SH,20260327,1.1507,0.74,17.0489,1.0891,1.0418,1.8269,487009.1563,478407.9127
300938.SZ,20260327,4.6574,0.91,52.6153,5.4505,12.8352,0.6526,989325.6619,857277.3493
002968.SZ,20260327,1.3472,0.61,23.5707,2.1152,0.8456,2.8859,260672.006,245555.894
300793.SZ,20260327,0.9888,0.59,,1.7956,2.4867,0.8415,536949.5114,525014.5679
002378.SZ,20260327,8.8413,1.66,134.2679,16.6804,7.4925,0.2219,3897398.9085,3876973.721
600488.SH,20260327,3.5701,3.87,290.1403,1.5639,1.6447,2.2633,472786.9324,472786.9324
001268.SZ,20260327,1.1749,0.48,39.4669,3.1055,3.948,1.5091,318835.0686,185905.0686
601198.SH,20260327,0.5154,0.66,18.4671,1.3846,8.2705,1.3206,4063184.0186,4063184.0186
600276.SH,20260327,1.5538,2.21,47.4955,5.9773,11.5791,0.362,36624068.9047,35199334.5479
605333.SH,20260327,0.3811,0.83,17.6929,3.4019,1.4136,0.8646,1161957.1766,1093687.3068
002035.SZ,20260327,3.4457,1.64,12.6374,1.4511,0.9268,6.0241,551822.5053,509106.5212
605081.SH,20260327,1.373,0.39,,0.9902,9.8426,,88332.7162,88332.7162
301317.SZ,20260327,7.7661,0.98,20.1803,5.9419,9.4057,1.1455,799311.15,265420.3873
301306.SZ,20260327,17.2481,0.87,,13.8967,42.1766,,1271992.4,878639.3
688348.SH,20260327,5.4394,0.85,,3.0607,9.0998,0.5889,1049559.2535,1049559.2535
002114.SZ,20260327,3.1656,0.79,,3.2941,2.2389,,278443.3249,278439.4986
688590.SH,20260327,1.8766,0.6,,2.3328,1.7862,0.241,378077.5781,378077.5781
002301.SZ,20260327,1.1174,0.53,111.7645,1.6151,0.4652,1.9962,499145.0896,496849.2343
603639.SH,20260327,1.5118,1.54,24.2054,1.3255,1.1462,3.63,468178.988,455097.0919
600130.SH,20260327,1.8048,0.58,723.9625,3.4063,6.8342,,327000.0,327000.0
605377.SH,20260327,3.358,1.48,18.8413,1.309,1.5038,6.6999,502673.252,502673.252
300094.SZ,20260327,2.9339,0.81,,3.5836,1.2385,,368910.6917,361504.1895
300862.SZ,20260327,1.6332,0.69,,1.9822,7.3661,0.0702,394528.4566,323693.542
000692.SZ,20260327,24.1243,4.92,,,1.2368,,258956.8263,258956.8263
688408.SH,20260327,2.8711,0.71,,2.0577,1.2325,2.5696,844498.9905,844498.9905
600299.SH,20260327,1.2411,0.94,37.1057,2.1738,2.4862,1.1179,4283972.9465,3730524.6707
000802.SZ,20260327,1.1175,0.74,,3.6924,6.1571,,287791.9025,287617.0325
301225.SZ,20260327,5.1424,0.89,73.1138,6.6134,10.3262,0.4203,1014364.56,293202.184
301170.SZ,20260327,3.1172,0.63,24.9687,1.588,2.5346,1.0695,280500.0,94179.0671
002207.SZ,20260327,9.2815,0.72,,72.9384,7.9051,,258386.6027,257160.5334
600784.SH,20260327,3.31,2.53,23.6981,1.5161,1.5057,0.9016,494577.4668,494577.4668
601996.SH,20260327,1.9448,0.72,,1.0815,1.5588,,275744.9463,275744.9463
001212.SZ,20260327,1.6947,0.53,,5.3121,22.4547,0.1249,1016855.6974,879674.5434
688296.SH,20260327,2.0365,0.85,,2.5111,4.9135,,150734.428,150028.2445
002673.SZ,20260327,0.446,0.66,16.9417,1.0997,4.9114,1.3736,3249385.8995,3249385.8995
603926.SH,20260327,0.9669,0.52,41.2542,2.4296,1.7412,1.4565,419673.3005,412739.4365
002448.SZ,20260327,3.0161,0.64,28.6425,2.2807,2.29,0.8997,850251.9385,658251.556
300347.SZ,20260327,2.6598,1.36,75.1808,2.1733,7.0141,0.5568,4602184.2373,3026414.9311
600370.SH,20260327,5.1403,0.71,,2.052,0.4636,,1013136.9864,1013136.9864
603690.SH,20260327,1.7499,0.77,,1.9059,2.8688,0.1989,955878.768,955878.768
600783.SH,20260327,1.8115,1.06,89.15,3.2488,183.2867,0.3387,1538590.6607,1538590.6607
920706.BJ,20260327,4.1427,0.57,43.8368,3.6299,5.7494,0.8562,215858.6523,98922.2883
600511.SH,20260327,0.7555,0.66,10.9325,1.177,0.416,2.7653,2182777.1732,1600831.2046
920066.BJ,20260327,1.0724,0.45,48.1249,3.3888,2.9976,0.3298,136140.3041,43045.6241
002660.SZ,20260327,1.1159,0.47,,2.5577,2.3252,1.1601,307411.6284,295654.544
600288.SH,20260327,0.825,0.49,144.0931,3.2656,3.2491,,621566.4,621566.4
603122.SH,20260327,2.9244,0.66,,5.7871,9.0324,0.8453,612204.9496,612204.9496
600079.SH,20260327,0.6145,0.69,21.285,1.6077,1.2578,1.7177,3040836.9728,2874942.0485
920556.BJ,20260327,1.9226,0.59,56.7799,2.9825,4.7769,1.0214,157282.32,114561.2949
300996.SZ,20260327,1.6003,0.59,40.9721,3.5059,5.2427,0.6813,441696.187,366731.5224
301202.SZ,20260327,3.347,0.63,55.3002,4.4052,3.9104,1.6155,506589.6,138086.52
603776.SH,20260327,0.5105,0.46,,1.409,12.5321,1.1899,502280.6633,502280.6633
300384.SZ,20260327,1.6512,0.65,18.5325,1.7437,5.7939,1.456,482019.9774,332771.5629
603538.SH,20260327,9.8143,0.69,86.8224,3.8451,5.6065,0.1273,863723.7426,847055.4735
002302.SZ,20260327,0.9888,0.66,,0.8667,0.3844,2.1368,738477.2678,738477.2678
688739.SH,20260327,0.4062,0.87,73.808,1.0852,7.3058,3.2421,1015721.55,1015721.55
688523.SH,20260327,5.0049,0.83,548.9707,14.0716,52.3987,,2356648.96,559020.3071
301219.SZ,20260327,2.2927,1.05,22.2011,2.0059,2.4552,2.4198,1818110.2958,1782578.1142
920871.BJ,20260327,4.5268,1.0,112.1888,4.6495,7.3586,1.2596,122677.57,67583.9829
300160.SZ,20260327,4.2741,0.93,22.3358,1.7798,2.7564,1.6584,466086.6141,459702.7888
002356.SZ,20260327,2.5137,0.57,118.1474,7.5995,6.6914,,472051.6276,472048.9276
600201.SH,20260327,1.9661,0.71,154.0339,2.8379,11.6951,0.213,1551999.9651,1551999.9651
002399.SZ,20260327,0.3961,1.07,38.8296,1.3191,3.018,2.2482,1631633.3788,1386888.2948
000630.SZ,20260327,2.043,0.62,42.4939,2.2165,0.4877,2.4777,7857950.3049,6529804.7097
002899.SZ,20260327,1.2379,0.46,58.6662,2.4441,3.6279,0.2582,425655.2909,425655.2909
002780.SZ,20260327,3.0431,0.65,,3.2204,2.7566,,244073.8884,192841.9963
000999.SZ,20260327,0.7633,0.77,13.6017,2.0987,1.4724,2.4927,4653153.131,4648892.4324
688160.SH,20260327,1.3062,0.81,130.5776,7.3443,13.1556,0.2647,952012.3511,952012.3511
600713.SH,20260327,0.7127,0.8,12.5533,0.9562,0.1236,3.3392,666226.4113,656509.6135
002213.SZ,20260327,18.381,1.42,,13.376,5.9587,0.0684,728366.2496,633510.5766
603071.SH,20260327,1.2353,0.98,12.6319,1.4888,0.2041,4.698,831352.1186,831352.1186
000531.SZ,20260327,7.4757,0.84,19.787,1.2097,2.0181,1.7295,835203.8683,729615.8814
920169.BJ,20260327,3.3543,0.68,77.9006,6.978,11.2337,0.3479,234966.6617,147735.7143
301578.SZ,20260327,3.4409,0.76,74.7324,2.8833,3.126,1.1624,268412.878,76321.6506
300111.SZ,20260327,5.6788,1.2,847.5609,7.8246,17.7624,,538054.0785,538054.0785
300607.SZ,20260327,3.4533,1.11,,4.2393,5.1962,,1207694.1472,840749.0909
002011.SZ,20260327,0.8326,0.56,11.1652,2.0274,0.9953,,1300359.3382,1282066.7603
601998.SH,20260327,0.1656,0.75,6.5559,0.6396,2.1789,4.3293,46296775.0036,33914815.4068
002413.SZ,20260327,6.7094,0.81,,4.9936,11.3542,,1679520.7429,1649083.0227
300145.SZ,20260327,2.9791,0.74,33.7234,2.874,1.6575,,844906.4958,840764.6271
002690.SZ,20260327,0.8863,0.86,22.1661,5.8404,6.5581,3.8804,1591540.9356,782479.6151
002244.SZ,20260327,0.7226,0.92,9.2208,1.0261,0.3248,0.8367,3049215.0122,2632181.3777
300753.SZ,20260327,4.4564,0.74,,5.2163,9.3171,0.231,354699.072,247366.8115
605155.SH,20260327,1.3352,0.54,27.5966,2.2875,3.4929,1.5287,308181.2391,300980.7135
002403.SZ,20260327,0.8708,0.69,,2.2602,1.3093,0.1693,362098.8095,315882.6256
300037.SZ,20260327,6.0201,1.28,40.6625,4.2319,4.6289,0.6681,4461882.9976,3195515.673
001217.SZ,20260327,1.7244,0.81,137.4629,1.8006,2.0701,0.8197,404881.4,400871.2868
000680.SZ,20260327,1.9925,0.7,14.4443,2.8336,1.1964,0.8107,1749166.2856,1532915.194
605318.SH,20260327,2.7208,1.45,,14.7849,16.4711,0.3947,955540.6128,955540.6128
603231.SH,20260327,1.4278,0.59,18.756,1.6944,2.0143,2.1437,330458.4152,183415.0849
300967.SZ,20260327,2.5413,0.71,14.2414,4.1077,2.4929,1.1029,336690.3399,223872.6262
301328.SZ,20260327,0.6322,0.6,51.9309,2.6471,7.7582,1.0684,514302.0199,514295.7019
301027.SZ,20260327,5.6691,0.6,166.1793,3.4185,4.7833,,325605.0,261906.6856
300969.SZ,20260327,4.3324,1.02,78.8525,10.2291,15.0715,0.2264,1413472.7489,634310.4532
301039.SZ,20260327,0.83,0.62,18.5231,1.1368,0.8294,3.1355,1673593.1071,1297017.7575
688631.SH,20260327,2.0366,0.78,158.8148,4.5767,6.8878,0.7454,877180.02,348092.42
001317.SZ,20260327,4.2885,1.36,,4.1918,2.6998,0.192,416876.5679,416465.4929
605305.SH,20260327,4.7848,1.33,17.3331,3.1301,5.1994,1.9524,892584.0,892584.0
300558.SZ,20260327,2.0131,1.94,60.0422,3.1162,5.5777,0.4596,1820936.0725,1815131.4325
000707.SZ,20260327,2.9063,0.8,,1.2629,1.617,2.3427,359601.0737,338682.7072
603138.SH,20260327,2.8643,0.5,,7.2025,13.1648,,552480.6948,542084.558
600732.SH,20260327,2.9359,0.61,,4.9715,2.1649,,3216102.633,3189080.8079
002599.SZ,20260327,1.5504,0.57,,3.0625,1.8253,0.2809,379268.0083,283380.796
920006.BJ,20260327,1.3563,0.42,248.2364,6.1606,17.4479,0.5051,196645.5216,104102.1099
002423.SZ,20260327,0.5107,0.38,25.8076,1.1078,,1.4725,2472305.282,2472305.282
600855.SH,20260327,1.1367,0.49,,5.1556,6.8756,,789494.4967,787972.9417
600379.SH,20260327,0.9744,0.49,54.1084,5.0108,3.051,0.6919,383033.8142,383033.8142
301175.SZ,20260327,4.0384,0.64,25.1762,2.5941,5.1327,2.9862,961137.64,406087.64
920985.BJ,20260327,2.2464,0.34,,3.5283,1.4472,3.1659,240153.5312,170190.6586
600838.SH,20260327,5.1024,1.87,92.7683,2.6629,43.967,0.3051,420525.1981,420525.1981
300300.SZ,20260327,10.0479,0.67,209.3803,59.7446,48.9427,,847562.6158,847508.6619
002305.SZ,20260327,1.7585,1.59,,,1.7617,,374590.6063,374566.3076
300769.SZ,20260327,13.0633,1.37,,2.561,1.8712,,1332013.8946,1196855.0504
688768.SH,20260327,2.2754,1.19,47.8278,3.6359,6.2162,0.9368,401316.52,398009.047
688349.SH,20260327,0.6925,0.73,40.6879,2.1567,1.0926,2.4476,2989973.4762,2899962.5162
920564.BJ,20260327,4.7782,1.43,341.4777,6.5043,10.1999,0.176,210997.3745,97065.9705
002833.SZ,20260327,1.896,1.18,19.1113,2.7939,3.3009,3.8717,767011.7543,521703.3612
600320.SH,20260327,1.1024,0.65,39.6493,1.5977,0.7054,1.5949,2476126.1455,1561338.9007
688552.SH,20260327,6.6472,0.58,431.8076,5.337,17.029,,1379681.568,355211.5111
603116.SH,20260327,0.7923,0.66,,1.2446,1.6436,4.3528,324977.2512,324977.2512
000060.SZ,20260327,2.077,0.69,24.2767,1.4374,0.4357,1.1925,2726879.8892,2726845.3517
688120.SH,20260327,1.1466,0.9,55.6707,8.1005,13.0011,0.215,6043205.2222,6043205.2222
300873.SZ,20260327,1.1487,0.61,18.2007,1.6192,2.8623,1.8,509168.728,368382.0245
300641.SZ,20260327,6.7322,0.93,10.7444,3.5669,4.0206,2.8222,1117308.2661,1117308.2661
300232.SZ,20260327,3.3929,0.61,77.9541,1.6484,0.9611,3.4,766650.2415,622773.6032
002367.SZ,20260327,6.0892,5.5,16.816,1.5341,1.2484,4.3103,555230.8374,553024.7088
300913.SZ,20260327,1.5276,0.58,81.6526,6.5322,8.183,0.1894,1644321.0326,1226995.1908
002124.SZ,20260327,1.7056,0.71,14.1572,1.3551,0.5786,,533264.1197,473365.1155
603858.SH,20260327,0.5599,0.96,10339.0386,1.6258,1.5684,2.3926,1718946.5605,1718946.5605
300488.SZ,20260327,1.6183,0.68,34.6837,2.481,7.4343,0.6684,509120.2214,431678.5592
301185.SZ,20260327,1.7252,0.6,39.0993,2.6579,13.6181,1.6181,284436.2304,259319.653
600029.SH,20260327,0.7541,0.63,,2.8183,0.5889,,10437652.3985,7762709.9491
000519.SZ,20260327,2.5769,0.71,,2.3516,4.5542,,2402164.244,2402164.244
002379.SZ,20260327,1.4353,0.48,19.7325,3.2312,2.2492,,35249174.7364,3073891.0019
920009.BJ,20260327,5.3301,1.5,37.6414,5.3993,15.1448,,365574.0,47520.0
300649.SZ,20260327,2.0537,0.52,,3.8013,12.3635,0.3484,190017.8339,152277.6281
920132.BJ,20260327,2.2576,0.9,60.2259,4.1409,3.7134,0.6767,110155.92,37326.3183
688418.SH,20260327,3.6002,1.2,,9.1231,9.1027,,797561.294,797561.294
605008.SH,20260327,0.248,0.74,1008.8744,3.8601,1.9111,,777092.784,777092.784
603777.SH,20260327,3.0188,0.86,,2.926,1.2531,,463846.3182,463846.3182
000596.SZ,20260327,0.5542,0.77,11.6492,2.2104,2.6327,5.7548,5511183.6,4260063.6
600195.SH,20260327,0.9786,0.74,35.5243,1.3324,1.2128,0.3083,761776.602,761776.602
600456.SH,20260327,1.7437,0.83,38.544,2.2179,2.595,1.1631,1601988.0883,1601988.0883
300680.SZ,20260327,1.9827,0.63,30.9608,4.3911,3.3937,0.5217,870103.134,671877.5329
603213.SH,20260327,4.0876,5.12,68.437,3.4042,2.2116,1.8218,632462.44,632462.44
301567.SZ,20260327,4.3922,0.77,102.8938,4.0614,7.5491,0.4267,303696.0,89589.6873
000895.SZ,20260327,0.3703,0.81,18.9638,4.5314,1.6331,5.0107,9680263.4291,9679001.2508
603882.SH,20260327,1.1096,0.94,,1.8571,1.952,3.4188,1192426.7999,1184386.4012
000590.SZ,20260327,1.7922,0.81,,4.9378,8.189,,288083.9342,287963.8267
301380.SZ,20260327,1.5974,0.71,55.7347,4.4579,2.9444,0.7543,324455.7856,258363.5648
600219.SH,20260327,1.6654,0.89,14.3076,1.3664,1.9571,6.6062,6775383.9198,6775383.9198
000731.SZ,20260327,6.5601,0.88,56.8078,1.0912,0.9686,3.5171,426437.7243,426437.7243
688046.SH,20260327,0.8853,0.57,41.5402,2.6904,7.5616,0.9546,599830.0,599830.0
000818.SZ,20260327,3.9605,0.77,,6.1036,3.3434,,1409760.0833,1405939.6337
603155.SH,20260327,1.5569,1.11,52.9226,2.2947,8.1091,3.4854,498311.5704,498311.5704
301327.SZ,20260327,8.3925,1.31,59.7533,2.1452,3.013,1.0716,1330180.9836,1330180.9836
002080.SZ,20260327,1.8425,0.86,37.0008,3.3779,2.2275,0.5614,6725919.3247,6725919.3247
300715.SZ,20260327,2.9794,1.01,,2.8575,2.2256,,531167.8792,439706.9145
603968.SH,20260327,2.4432,0.52,,1.464,0.9629,,264392.64,264392.64
688081.SH,20260327,1.26,0.89,,9.8212,26.5506,,388769.92,388769.92
600876.SH,20260327,2.3273,0.75,,2.0158,1.9281,,689580.8605,422580.8605
300990.SZ,20260327,2.8976,0.66,50.3713,6.6071,4.6371,0.6388,1329664.4743,601173.6681
603633.SH,20260327,1.1887,0.57,201.292,1.6727,2.0796,0.3521,324376.2217,324376.2217
001323.SZ,20260327,0.577,1.43,14.8017,2.3863,1.9208,1.8478,1053765.6104,753842.7505
002987.SZ,20260327,0.8928,0.79,42.8302,4.8455,2.9324,1.0978,1411357.6673,1372451.4978
603602.SH,20260327,0.9077,0.44,106.9299,2.7998,1.8431,0.5151,302223.2022,302223.2022
001359.SZ,20260327,1.5166,0.53,51.075,6.5847,11.1387,0.5134,1300748.193,325216.56
002106.SZ,20260327,1.3283,0.5,26.0384,1.3905,1.2563,0.9107,774986.1437,773102.797
001207.SZ,20260327,4.0104,1.32,22.8298,2.839,2.8348,1.8587,668202.1986,645022.6971
688148.SH,20260327,5.0347,1.46,,13.1817,1.8948,,431606.4028,431606.4028
300895.SZ,20260327,12.4295,0.71,,11.7766,34.9326,,921540.3001,904337.4024
600998.SH,20260327,0.5242,0.79,9.2104,0.9694,0.1627,3.8856,2566617.3491,2566617.3491
600158.SH,20260327,8.9462,1.09,558.9508,3.9922,4.6979,0.1822,1037233.6254,1037233.6254
300155.SZ,20260327,2.3211,0.72,,2.2044,16.8943,,269950.5449,159079.5793
002226.SZ,20260327,0.7469,0.78,18.2823,1.4363,1.5235,1.1691,1472801.1074,1472771.3686
301005.SZ,20260327,6.6895,1.2,1415.7173,24.9457,24.4509,0.0346,1918589.8472,1891575.6739
002566.SZ,20260327,2.5197,0.77,66.109,1.198,4.1738,1.2407,266746.9896,186823.1172
301111.SZ,20260327,1.9017,0.96,,4.063,10.9231,0.2632,304000.0,304000.0
000906.SZ,20260327,0.8638,0.67,20.5101,0.849,0.0179,3.5095,403798.3489,399005.4257
600979.SH,20260327,11.6431,0.81,48.2019,1.5246,2.3198,1.016,707789.5736,691297.7422
002787.SZ,20260327,4.1181,0.84,43.5467,2.2786,1.814,0.7815,425339.1041,318341.4847
000768.SZ,20260327,0.6475,0.67,64.9338,3.1926,1.5594,0.4794,6961216.1247,6949906.7022
688586.SH,20260327,1.1873,0.88,202.6743,4.5047,11.7673,0.6388,1114996.8708,1114996.8708
600436.SH,20260327,0.1741,0.62,38.1314,6.3753,9.4342,2.1055,9226530.0925,9226530.0925
601788.SH,20260327,0.2938,0.67,18.8929,1.1537,6.4838,1.4292,7036061.9371,5961622.4283
688795.SH,20260327,4.0913,0.57,,22.7092,172.4917,,25969058.9893,1623376.8265
300509.SZ,20260327,3.817,1.24,35.5316,5.6108,2.9011,1.2831,346491.6,288864.0184
600707.SH,20260327,0.452,0.74,52.3298,0.9374,1.8069,,2041793.7575,2041384.0775
920087.BJ,20260327,3.6393,0.85,201.0125,4.5976,7.6062,0.9823,252260.4,250498.4329
600153.SH,20260327,0.3724,0.6,12.8872,0.4761,0.0376,5.5792,2624082.3887,2624082.3887
603839.SH,20260327,0.7069,0.66,,1.624,1.3224,1.3199,291810.2148,291810.2148
002698.SZ,20260327,0.8769,0.71,27.5307,3.4242,4.785,1.8811,1358984.2455,1117076.1037
300671.SZ,20260327,3.5458,0.81,,5.0992,10.8918,,846803.2095,844343.0192
000678.SZ,20260327,1.6552,0.56,,6.6691,3.4552,,531770.8491,531770.8491
002321.SZ,20260327,1.1189,0.61,,4.9815,0.9715,,462837.1454,460954.0222
002872.SZ,20260327,1.594,0.79,,0.8414,3.1975,,165042.0,111542.5115
688696.SH,20260327,1.7348,1.25,45.358,2.0943,1.8741,,649855.62,649855.62
301190.SZ,20260327,1.1369,0.74,69.646,2.4884,7.7169,0.633,486580.9455,361255.518
688308.SH,20260327,6.0624,0.97,121.6619,4.8064,8.6668,0.1871,1263108.4871,1263108.4871
000626.SZ,20260327,2.9433,0.9,,1.7805,0.0498,,423033.4314,420603.295
603042.SH,20260327,10.7318,0.73,,3.8103,3.7579,,328727.4025,328727.4025
688377.SH,20260327,0.8537,0.76,58.6964,3.8114,5.9792,0.3761,721929.8559,721929.8559
002017.SZ,20260327,1.2674,0.59,60.6638,6.2866,8.684,0.8559,1112107.5376,1111444.5499
000525.SZ,20260327,2.32,0.68,87.6419,2.9885,2.9903,,787107.7588,671503.043
300351.SZ,20260327,2.6693,0.7,63.1282,2.4335,2.7215,0.3826,608247.3746,411974.047
001331.SZ,20260327,5.1711,1.74,4790.1645,10.5038,3.0791,,1590704.64,946147.3268
688327.SH,20260327,1.8869,0.64,,17.8839,26.5789,,1330380.6541,1067637.9722
300139.SZ,20260327,12.7477,0.82,192.9084,14.3986,32.463,,1595502.0,1360597.6672
600171.SH,20260327,0.862,0.65,54.1268,4.3516,6.1848,0.6164,1955210.4697,1955210.4697
601579.SH,20260327,0.8286,0.61,39.6145,2.1759,4.4438,2.3773,791594.0883,791594.0883
600476.SH,20260327,2.0725,0.48,,15.4255,2.492,,175244.16,175244.16
300492.SZ,20260327,0.5009,0.61,66.2883,38.3059,3.6152,0.9261,1144683.7576,1144683.7576
600352.SH,20260327,0.9519,0.55,20.8631,1.267,2.8953,3.3835,4326931.3738,4326931.3738
688230.SH,20260327,1.005,1.22,69.2176,3.3099,18.6674,0.6882,734764.8,734764.8
600706.SH,20260327,1.8225,0.66,104.262,4.0512,2.7749,,257100.2633,256062.4265
300260.SZ,20260327,2.5334,0.81,112.0452,9.3551,6.6089,0.1252,1944422.5935,1371452.9538
301517.SZ,20260327,2.3453,0.64,,6.0743,14.2188,0.0743,813808.3418,528183.2475
301193.SZ,20260327,1.6105,0.58,,2.8774,1.7768,,438566.1457,311161.2457
300101.SZ,20260327,1.7354,0.62,185.3265,6.2168,11.8234,0.3622,1146033.7026,1142275.6115
000669.SZ,20260327,6.164,0.88,,,2.6991,,341565.2161,341565.2161
605389.SH,20260327,0.8244,0.5,93.0882,5.0205,11.0694,0.9816,1056878.6585,999516.6846
600477.SH,20260327,1.3747,0.52,67.75,1.5289,0.9848,1.8885,761946.8048,761946.8048
000928.SZ,20260327,1.3344,0.6,12.8431,1.1411,0.678,4.4494,964081.1853,964069.3917
002969.SZ,20260327,6.7084,1.02,185.2446,9.2893,8.6888,0.1036,2745140.7793,2729630.116
688337.SH,20260327,2.22,1.16,91.5728,2.494,8.7565,0.9831,788293.3795,755938.3675
688091.SH,20260327,3.833,2.28,185.0702,8.3006,37.4323,,1186892.3009,1186892.3009
002662.SZ,20260327,1.1703,0.79,24.2038,1.2945,1.99,1.8947,570000.0,569992.818
600482.SH,20260327,1.6122,0.85,38.6204,1.7817,1.2784,0.8414,7165390.2765,7165390.2765
603713.SH,20260327,0.9435,0.93,15.4699,1.9961,0.7009,1.2104,927732.2237,927732.2237
301210.SZ,20260327,3.4289,0.72,82.4877,2.4104,2.7839,0.8023,439889.8139,166814.5173
300798.SZ,20260327,5.2817,0.39,,2.6065,3.7257,0.1071,437910.8913,356233.8961
688538.SH,20260327,1.0156,1.02,,3.9552,5.7992,,3189980.0914,1328766.4525
002888.SZ,20260327,2.4226,0.61,162.0907,7.19,9.3828,1.1015,273435.599,138757.433
301082.SZ,20260327,1.8317,0.47,106.6605,3.794,1.6987,0.5741,394230.5811,364481.2922
603307.SH,20260327,0.8643,0.87,21.3547,1.842,2.9485,2.6342,257671.445,253595.0
920729.BJ,20260327,1.0965,0.62,52.4993,3.1548,8.9408,1.6688,212939.65,59846.7069
688028.SH,20260327,3.5466,1.01,142.1069,6.7487,17.7685,0.3835,1339219.528,1339219.528
002319.SZ,20260327,4.0069,1.15,,13.0295,5.9503,,236703.9363,226000.0
603032.SH,20260327,2.7056,1.14,,3.7829,7.8447,0.3047,429138.416,426259.9936
600549.SH,20260327,5.9236,1.13,40.3526,5.4224,2.0068,1.0283,9325479.1419,9127796.4505
000683.SZ,20260327,0.8845,0.55,29.8776,2.1973,2.7648,3.4942,3192758.31,2876801.3278
600917.SH,20260327,0.8404,0.7,33.7659,1.5273,0.8396,1.4695,871060.1861,871060.1861
600874.SH,20260327,1.6852,0.89,11.5456,0.9705,2.0917,2.6814,995645.0659,780085.0659
688372.SH,20260327,5.4919,1.2,63.9619,6.7676,12.1883,0.2022,1919217.2825,1919217.2825
300825.SZ,20260327,0.9399,0.53,,1.9762,3.8243,,416859.8826,405451.3374
600067.SH,20260327,2.2435,1.02,,1.0143,0.5393,5.257,570584.183,570584.183
002039.SZ,20260327,10.1831,1.45,19.6076,2.0118,3.3151,0.7828,873928.8095,873926.3567
920273.BJ,20260327,1.269,0.69,33.7385,3.3675,3.0451,1.6344,225118.8733,149839.4369
301186.SZ,20260327,5.4586,1.31,34.5432,2.8598,5.8838,1.334,450112.0198,422729.1769
688721.SH,20260327,1.7072,0.88,94.2546,4.3622,21.4329,1.0101,528660.0,211798.7784
300409.SZ,20260327,3.5309,0.77,45.7891,2.4244,2.5476,0.7126,1947017.644,1711161.7189
920579.BJ,20260327,1.6001,0.62,,4.7394,4.8146,0.1821,227496.36,78317.2559
000930.SZ,20260327,2.8106,1.14,135.2485,1.2013,0.7042,,1280945.2532,1280880.1752
002346.SZ,20260327,1.1107,0.88,14.9431,2.9682,10.1343,2.416,856214.7316,762657.2293
600351.SH,20260327,1.8036,1.06,20.2151,1.7292,1.9817,7.7338,450492.0299,450492.0299
300723.SZ,20260327,4.0016,2.57,,8.3769,14.317,,1466646.4112,1361105.8972
002178.SZ,20260327,1.6225,0.53,,9.9619,9.6827,,434413.3306,434187.7264
003035.SZ,20260327,2.5364,0.51,242.2478,4.6091,9.1323,0.0828,3200757.575,3200757.575
600803.SH,20260327,0.4396,0.57,15.6402,2.9891,0.5208,5.4004,6925271.2844,6871452.6436
605055.SH,20260327,1.4214,1.06,,3.8766,2.6328,0.6455,404800.0,404800.0
603338.SH,20260327,0.3886,0.4,14.14,2.2429,2.9889,2.0313,2492750.6083,2492750.6083
605111.SH,20260327,3.1998,1.07,40.1371,3.6526,8.417,0.1707,1579925.0849,1579925.0849
301029.SZ,20260327,1.7061,0.84,29.6439,3.4395,5.1439,1.9506,1463105.6566,1065558.9341
688611.SH,20260327,0.4757,0.59,,9.4011,39.3775,0.2693,813731.828,813731.828
003022.SZ,20260327,1.7183,1.46,91.6104,3.5821,4.5032,0.3032,2643089.072,2640840.5817
603257.SH,20260327,4.1419,0.58,39.9663,2.7153,2.8697,0.9042,663600.0,137697.0
000558.SZ,20260327,1.5457,0.62,,5.6548,11.7303,,593043.0165,592794.9197
300334.SZ,20260327,2.1756,0.67,93.7103,3.7452,9.4904,,227455.2131,227428.41
600458.SH,20260327,1.3225,0.77,21.1429,1.5685,0.5477,2.0245,1201602.7943,1113083.2556
002584.SZ,20260327,2.619,0.88,,2.0671,0.6483,,463491.4062,370993.8094
002318.SZ,20260327,0.4853,0.56,17.3963,3.6413,2.1962,3.0986,2969621.8181,2901299.4121
000823.SZ,20260327,3.1797,0.53,31.8895,1.4898,1.1205,1.514,709378.9855,709348.9406
920429.BJ,20260327,1.4817,1.2,41.2135,1.8837,1.387,1.9156,160698.516,146529.0048
000551.SZ,20260327,1.4095,0.7,24.9425,2.2826,1.6225,0.6289,642271.286,642025.0427
600792.SH,20260327,8.0052,0.92,,2.0103,1.0415,,571610.654,571610.654
603382.SH,20260327,1.8841,0.55,35.9127,2.8543,1.055,0.7326,494816.2346,98963.3736
300176.SZ,20260327,2.6296,0.62,104.7094,2.8588,1.4859,0.2841,272645.6832,272645.6832
000016.SZ,20260327,1.7603,0.76,,6.1643,0.7309,,780174.3122,517296.3912
300339.SZ,20260327,1.7445,0.66,243.8532,8.8707,8.4817,0.1757,3145822.822,3071861.7422
600287.SH,20260327,1.17,0.68,101.9667,1.0975,0.9102,,253341.7229,253341.7229
688387.SH,20260327,2.9987,0.91,,8.1071,7.917,,4858043.75,2865840.4012
600151.SH,20260327,1.7026,0.74,,4.2142,5.184,,1868830.73,1868830.73
000536.SZ,20260327,1.457,0.8,,20.8933,8.1724,,1194926.1709,1193651.6469
002885.SZ,20260327,5.1463,0.83,98.6963,4.5413,1.9027,0.0886,668623.077,569880.0876
688269.SH,20260327,0.6378,0.48,44.9045,4.6921,2.4351,0.7918,495237.456,495237.456
001388.SZ,20260327,3.5905,0.4,45.7514,4.518,6.1079,1.4863,629772.0,125954.4
002289.SZ,20260327,0.3909,0.67,,33.134,26.0943,,725016.4073,724240.3073
600901.SH,20260327,0.5046,0.75,11.8714,1.5473,6.3004,6.1732,3753129.4473,3752213.1753
002353.SZ,20260327,1.7324,0.6,35.4453,4.5396,6.3926,0.8549,10054264.2801,6807654.9998
300435.SZ,20260327,2.314,0.71,149.0215,3.0627,3.5975,0.7605,1014425.19,969982.4769
300084.SZ,20260327,11.8386,1.36,,4.5934,9.4748,,572955.4162,390056.546
002365.SZ,20260327,3.5907,1.26,161.2186,2.0725,5.1378,0.7059,409608.675,341328.5404
300653.SZ,20260327,1.3792,0.97,45.5929,4.0139,10.098,2.328,351000.0,351000.0
002206.SZ,20260327,1.6416,0.63,13.3342,1.8013,1.1861,2.8764,705459.7825,517781.1284
603045.SH,20260327,2.7594,0.84,65.8486,3.8501,0.8421,0.2106,392249.1689,392249.1689
002363.SZ,20260327,1.1913,0.56,64.2826,1.5586,1.5282,0.7545,332265.5549,331359.2591
688535.SH,20260327,4.8452,0.64,431.5316,4.8939,22.8478,0.1535,1046556.1207,571765.4732
600640.SH,20260327,0.5662,0.63,435.8437,2.3546,4.6366,0.0765,936534.1214,936534.1214
002695.SZ,20260327,1.1394,0.62,96.9581,2.1697,3.6556,1.0108,608829.3515,556463.1314
301315.SZ,20260327,2.7164,0.66,98.5276,4.1874,18.0799,0.8264,425920.0,179080.0
000628.SZ,20260327,2.9297,0.76,150.4139,7.807,3.4511,0.1122,1726172.0,941969.0665
003029.SZ,20260327,1.2191,0.55,,3.835,11.582,,413960.0453,370380.6654
300571.SZ,20260327,8.7151,0.59,,3.1208,4.7478,,453466.9555,375820.8188
001389.SZ,20260327,10.2051,1.38,59.8065,8.2534,11.101,0.4167,5426992.7387,1745069.8783
600841.SH,20260327,1.7221,0.94,,3.8266,2.2399,,1210180.5956,909517.35
300968.SZ,20260327,0.7535,0.55,189.9822,2.5208,3.734,0.4322,478280.66,478280.66
300634.SZ,20260327,1.4936,0.48,46.0714,3.6574,5.9772,0.6736,1065760.1458,1025754.007
300295.SZ,20260327,1.9647,0.52,,1.6536,18.9876,,186390.2809,164677.9479
688370.SH,20260327,0.4392,0.67,134.4997,1.2178,6.1219,1.5319,322203.5157,322203.5157
301106.SZ,20260327,0.9677,0.6,30.4811,2.2908,3.2248,1.387,293069.5765,293069.5765
300126.SZ,20260327,2.0973,0.7,,2.3407,4.8453,,237694.8432,164730.4145
920578.BJ,20260327,3.6508,1.09,,5.471,8.7477,,144774.9306,43539.0
301093.SZ,20260327,1.5255,0.59,286.3477,6.6721,23.9789,0.1742,1450392.9448,1386197.9425
600827.SH,20260327,0.4847,1.02,61.2911,0.7503,0.5925,3.1775,1487996.2096,1338111.2333
300718.SZ,20260327,2.0084,0.49,83.5007,12.349,16.715,0.5789,2068447.2247,1341968.3945
600330.SH,20260327,8.985,0.89,949.2761,2.5841,6.9778,0.1292,2072169.8189,2072169.8189
300378.SZ,20260327,2.8558,0.81,65.0988,4.4838,4.3046,0.0793,1021034.8808,1013468.8208
000708.SZ,20260327,0.1756,0.57,13.9786,1.9229,0.7718,4.307,8287433.661,8287433.661
603501.SH,20260327,0.6409,0.67,30.6365,3.982,4.4535,0.6107,12739131.9187,12226545.3265
603399.SH,20260327,9.3158,2.26,,3.6203,1.1799,,600404.6406,600404.6406
301616.SZ,20260327,2.2668,0.93,18.7917,2.6277,3.8856,0.8529,375200.0,133204.3998
603288.SH,20260327,1.0061,3.61,33.0068,5.8702,8.0461,3.5709,23231745.0277,22075584.1597
300158.SZ,20260327,4.6389,1.44,,1.7069,2.1165,,617212.5008,616828.9669
688017.SH,20260327,2.1591,0.8,275.4138,9.7267,60.4686,0.0533,3440373.1258,3440373.1258
002626.SZ,20260327,0.946,0.59,22.5965,2.4614,3.111,2.2396,1089343.501,1089178.296
600816.SH,20260327,0.5354,0.72,400.1487,1.8228,,,2530023.2013,1405568.4452
688670.SH,20260327,1.4064,0.88,,1.9723,19.1603,,216955.2,216955.2
301179.SZ,20260327,6.9864,0.58,65.1703,3.8925,7.6569,1.1574,944291.6736,554575.2234
002909.SZ,20260327,2.1297,0.73,4803.9883,2.877,2.2171,1.4933,258570.0,252223.3549
688638.SH,20260327,6.8363,1.54,,2.8492,3.1968,,231392.0,109336.9429
002043.SZ,20260327,0.8665,0.55,16.8354,3.6576,1.3669,4.0519,1214760.5587,1077682.2493
688563.SH,20260327,1.3876,0.58,50.5638,2.6035,9.4862,0.8837,2711250.0,704858.6828
000833.SZ,20260327,11.8504,1.23,41.2608,5.2606,7.0342,0.4766,2053330.4858,1161477.1866
600833.SH,20260327,1.1616,0.65,38.6971,2.3005,1.2805,1.8379,267034.3574,267034.3574
603680.SH,20260327,0.3708,0.91,20.0202,1.8431,2.0304,2.3274,1010213.4907,1010213.4907
002188.SZ,20260327,3.2148,0.48,82.5299,6.7472,5.5118,,218832.485,172175.8517
000778.SZ,20260327,1.0489,0.59,46.8253,0.6856,0.4946,0.4415,1795321.5751,1763803.2897
920027.BJ,20260327,0.906,0.53,32.8804,3.1657,3.9786,0.6565,144783.998,77147.998
300596.SZ,20260327,1.5737,0.63,19.2646,2.039,1.6388,0.8741,971980.0504,944148.6003
920092.BJ,20260327,2.3571,0.63,,5.2652,17.5771,0.1652,185990.7812,98728.3475
920185.BJ,20260327,1.0015,1.09,38.7287,2.7561,2.0508,1.2841,3482862.6179,3419998.0544
688529.SH,20260327,0.636,0.63,,2.5643,1.9811,,291112.5746,291112.5746
688616.SH,20260327,1.0735,0.52,23.3435,2.7239,4.1505,2.1821,242340.036,242340.036
603289.SH,20260327,2.1194,0.76,30.0975,2.1612,2.7285,1.3978,314806.4421,314806.4421
000029.SZ,20260327,0.2913,0.44,194.4254,5.3799,13.1056,,1943398.86,1712878.86
002016.SZ,20260327,1.2064,0.78,34.0564,0.9561,3.2286,0.1727,468466.3709,468466.3709
300760.SZ,20260327,0.6518,1.22,23.9064,5.4601,6.2171,2.73,20563006.0422,20562399.2982
301603.SZ,20260327,5.4285,0.9,24.5158,3.6323,3.3706,0.2872,840851.88,262731.3975
301216.SZ,20260327,1.6424,0.5,,2.34,0.8585,0.5402,1417981.0362,1340099.5961
601899.SH,20260327,1.1079,0.56,16.6746,4.6938,2.4733,1.5362,86336863.5056,66891100.0256
002887.SZ,20260327,4.1445,0.78,29.4648,1.5257,7.1446,2.1891,349437.5606,222234.3603
002392.SZ,20260327,0.7775,0.66,23.2332,1.4367,1.2215,0.4641,828581.6239,796141.4426
300573.SZ,20260327,2.4212,1.01,25.2453,8.6936,6.7753,2.127,1631363.4687,1254697.4509
002713.SZ,20260327,4.9148,0.98,,,15.8667,,1119803.9016,619691.4781
000963.SZ,20260327,1.11,2.27,16.8274,2.5791,1.4439,2.6217,6222258.3367,6219690.4717
600715.SH,20260327,0.9475,0.76,,7.2297,23.5216,,811970.7,572474.4482
300650.SZ,20260327,2.9097,0.65,66.8511,2.5289,1.3587,0.299,365000.8401,257562.1556
301370.SZ,20260327,0.6295,0.58,49.7172,1.949,0.6766,0.803,488482.8,336051.0063
688173.SH,20260327,1.1517,0.65,,3.9526,6.1518,,577945.5108,574036.0612
002511.SZ,20260327,0.9315,0.61,42.3754,1.9604,1.2399,0.7536,1075411.8517,1057553.0483
300061.SZ,20260327,1.0394,0.59,,10.5147,11.8899,,550918.714,520133.8734
603367.SH,20260327,2.04,1.44,15.2511,1.2386,2.1093,2.4578,751571.8541,751571.8541
002966.SZ,20260327,0.557,0.56,6.9487,0.7576,3.004,4.9161,3728532.1172,3666448.334
000758.SZ,20260327,1.9971,0.77,23.8913,2.1909,1.4666,0.7021,1305728.5941,1296365.7619
920225.BJ,20260327,2.3396,1.01,33.7677,3.8094,5.9984,0.912,278333.1345,181541.2637
920106.BJ,20260327,0.6843,0.53,26.2703,6.4174,8.8347,0.6445,371253.36,286375.9997
688379.SH,20260327,1.2983,0.73,22.4916,3.2773,1.6862,0.8674,430917.7313,408718.0042
000507.SZ,20260327,4.2452,0.98,17.651,0.9729,1.2284,1.1054,532526.5042,522463.2294
000757.SZ,20260327,1.6113,0.58,54.9139,1.6094,0.8139,,256236.4417,256231.5956
000876.SZ,20260327,0.427,0.65,34.344,1.5292,0.3489,0.2928,3710286.0281,3708499.0902
688087.SH,20260327,1.542,0.71,25.7144,2.7245,2.1855,0.3949,773696.3879,742560.7686
002747.SZ,20260327,1.0988,0.69,,6.1071,4.3823,,1948178.2859,1574981.573
600223.SH,20260327,0.6254,0.92,31.9537,1.6341,1.8114,0.8915,684150.7856,684150.7856
002685.SZ,20260327,9.2223,2.71,57.0836,4.6958,8.5928,,737629.5492,737531.2233
688315.SH,20260327,0.6544,0.84,34.5512,2.1678,2.5974,0.3529,573939.8,573939.8
301656.SZ,20260327,15.6876,4.8,47.5725,5.9457,2.7508,,5497352.0203,465495.9329
603027.SH,20260327,2.2878,2.48,30.2759,3.8749,4.6119,4.8127,1278467.2701,1198381.137
603990.SH,20260327,3.2392,0.62,117.9505,5.5319,15.3203,,461874.3583,461874.3583
603666.SH,20260327,0.9061,0.65,,2.5455,9.9777,,538900.7612,538900.7612
001339.SZ,20260327,4.8587,0.78,88.8901,6.8512,3.6531,0.1298,1543750.6608,730670.2088
002006.SZ,20260327,1.3832,0.74,41.7921,3.8019,4.8336,0.8531,913796.8675,913796.8675
603353.SH,20260327,3.2477,0.54,735.6383,3.5801,2.0802,0.591,584308.494,579250.782
002958.SZ,20260327,1.1416,0.74,5.7411,0.4589,1.6063,3.9088,1705576.3503,1669923.6777
603175.SH,20260327,11.7984,0.76,166.2944,13.1853,8.0413,,3825317.6467,385125.9429
002982.SZ,20260327,2.5061,0.59,88.1652,1.7485,0.6176,0.5233,277359.765,177280.5762
002300.SZ,20260327,3.6135,0.53,83.9229,3.5796,0.5431,1.174,676826.6769,676767.1849
600657.SH,20260327,0.4398,0.55,,0.4633,1.1887,,858415.4571,858415.4571
002867.SZ,20260327,0.4169,0.66,12.3954,2.1459,1.3042,7.6014,1285201.0893,1277650.6159
300369.SZ,20260327,3.7599,0.62,,2.8295,2.9386,,694702.9572,692503.9303
600858.SH,20260327,1.031,0.52,78.9592,1.1313,0.5762,0.6452,306319.2209,304835.7891
920394.BJ,20260327,0.9146,0.77,54.4277,8.5313,15.5676,0.4219,693225.0,688119.1289
301581.SZ,20260327,0.7812,0.75,50.8696,3.6278,4.4273,1.5368,364400.0,222639.29
603095.SH,20260327,1.051,0.69,42.6049,1.9672,3.6075,4.9129,456103.4072,456103.4072
600150.SH,20260327,0.7033,0.57,32.256,1.6444,1.7878,0.4818,23209016.0522,23209016.0522
300536.SZ,20260327,2.5697,0.58,,5.332,13.9276,,238736.5403,238719.233
605319.SH,20260327,2.6602,1.89,19.4308,3.339,3.0983,1.9336,866463.6024,861647.2524
300595.SZ,20260327,1.0525,0.79,26.2559,2.648,7.1114,1.9432,1291006.9154,963969.4439
603255.SH,20260327,1.2031,0.65,,2.3428,4.3782,,372011.3676,167706.3855
000561.SZ,20260327,1.1561,0.61,,2.6242,5.4775,,827729.472,686307.4839
600428.SH,20260327,3.3391,1.42,13.8277,1.4597,1.0604,3.1104,2461296.5943,2193421.168
600531.SH,20260327,3.4409,0.74,18.1463,2.4412,0.3509,1.5473,1585343.3971,1585343.3971
300546.SZ,20260327,2.3312,0.71,109.2166,3.5739,7.0492,0.209,401820.1837,288316.8097
002498.SZ,20260327,4.5755,0.58,48.6383,3.2314,2.7525,0.4619,2881005.336,2881005.336
000599.SZ,20260327,4.3209,2.15,,3.6816,1.0752,,484338.0793,484329.8514
688796.SH,20260327,8.0955,1.65,239.6534,19.0849,30.1042,,4150792.525,333324.4096
688560.SH,20260327,2.5119,0.59,,1.1738,4.2241,,303965.8962,303965.8962
300264.SZ,20260327,4.4897,0.57,,451.1972,26.5386,,439043.8108,377467.1031
688456.SH,20260327,2.6079,1.31,76.541,4.2817,1.3909,0.382,542763.76,542763.76
300796.SZ,20260327,2.4984,1.42,,1.9589,2.2967,,336946.2996,336946.2996
688506.SH,20260327,0.8344,2.34,,17.875,46.9836,,11840395.3239,11840395.3239
605007.SH,20260327,1.0648,0.64,30.0904,1.8941,0.751,1.836,649371.4541,548119.9133
601678.SH,20260327,6.6733,2.0,48.0141,0.934,0.773,0.753,1067498.0272,1060491.5272
002235.SZ,20260327,8.4245,1.03,2771.7982,7.6731,14.5463,,576674.4226,550810.4105
002688.SZ,20260327,1.0494,0.49,36.2739,1.9377,1.6558,1.652,455264.2948,441003.534
300506.SZ,20260327,0.8302,0.89,,,54.8048,,668604.7909,344572.6646
688129.SH,20260327,0.5253,0.49,27.9976,2.851,4.2404,0.5931,281197.5192,281197.5192
300018.SZ,20260327,2.792,0.66,50.9653,4.5292,10.1305,0.5368,627053.5125,580511.4283
001221.SZ,20260327,1.9166,0.58,39.8702,10.2072,7.9241,0.5434,2650066.25,238559.625
601858.SH,20260327,2.4591,0.93,35.8839,3.4398,6.2582,1.1488,1885342.5,1885342.5
001313.SZ,20260327,2.6118,2.03,644.2115,2.0755,0.8199,1.488,529200.0,528539.1434
000702.SZ,20260327,2.3078,0.61,,6.4493,2.0037,,227039.3409,174645.6473
001387.SZ,20260327,2.0043,0.59,25.5721,1.9201,1.2295,0.9147,240135.8848,149450.3569
301007.SZ,20260327,1.531,0.94,99.4551,7.4487,7.9562,0.4505,510622.2,509468.355
002829.SZ,20260327,2.7319,0.67,,2.6807,10.0684,,460713.4265,323790.5088
300622.SZ,20260327,2.2453,0.57,49.3797,6.287,3.8974,,533178.7344,364507.891
300229.SZ,20260327,1.6833,0.57,,3.975,31.8464,,1576012.1613,1574946.5403
920455.BJ,20260327,0.7357,0.7,48.3027,3.8959,8.3075,2.3778,134329.65,70978.1686
300360.SZ,20260327,1.1245,0.61,13.9671,2.0684,4.8574,4.2761,841724.3253,818952.8548
601789.SH,20260327,8.6769,0.54,32.0429,1.4319,0.4293,1.2508,868903.3699,619475.1963
300115.SZ,20260327,2.058,0.57,72.1961,5.1997,2.2975,0.4072,4328978.207,4316205.7221
300859.SZ,20260327,2.5035,0.75,70.2758,6.7142,16.1017,0.886,524830.0,524830.0
688551.SH,20260327,4.9703,0.94,58.241,2.9175,7.3593,1.1009,377981.9077,377981.9077
688380.SH,20260327,1.6067,0.54,59.2556,5.2997,15.0063,0.5922,1683935.19,1683935.19
688722.SH,20260327,0.8209,0.77,34.6023,2.6519,3.8836,0.3955,379237.3896,378289.5776
000582.SZ,20260327,1.078,0.57,25.0821,1.3877,3.5862,1.1001,2738587.9142,2346650.8666
002422.SZ,20260327,2.4772,2.1,33.5032,2.3739,3.0493,1.7931,5580402.375,4560148.6915
300505.SZ,20260327,19.9445,1.22,19.0972,2.9697,2.1269,0.9515,866657.3,685339.933
002053.SZ,20260327,4.161,1.07,53.2649,1.6975,5.045,2.414,1258637.1773,1258628.2576
603237.SH,20260327,0.5222,0.61,30.6308,1.8506,1.492,2.963,326549.1938,324791.43
688729.SH,20260327,1.4901,0.66,97.4642,7.3322,12.8788,,6537698.72,475582.0616
300440.SZ,20260327,4.8309,1.35,138.3472,4.2599,6.7953,0.3683,682569.2798,679936.8904
301199.SZ,20260327,1.9228,0.9,35.3049,2.1694,3.9597,0.6362,414980.748,159391.323
000632.SZ,20260327,3.3555,0.65,,2.5114,0.3909,,221121.7958,221103.7629
001386.SZ,20260327,3.0798,0.67,19.3627,2.0335,3.5846,1.4786,2424492.68,198560.3829
000504.SZ,20260327,0.7327,0.73,,13.7142,26.4872,,332333.2597,331426.2548
002001.SZ,20260327,1.3866,0.83,14.706,3.3515,4.712,2.0285,10587937.6876,10461989.342
688131.SH,20260327,1.8056,0.87,58.6741,4.8434,5.0683,0.3343,1453760.4596,1453760.4596
300905.SZ,20260327,2.6739,0.89,41.2669,3.027,4.0791,1.5505,574819.3999,448404.0477
605366.SH,20260327,6.3609,0.99,,3.3112,6.141,,897145.8212,897145.8212
688558.SH,20260327,0.7985,0.78,23.8172,2.18,2.9464,2.1019,373956.0,373956.0
603007.SH,20260327,3.4621,1.05,,19.0659,14.4061,,590943.5955,464319.4714
300189.SZ,20260327,12.4337,1.05,,10.1002,38.2939,,737280.0,638092.8533
002266.SZ,20260327,0.8828,0.62,23.511,1.8715,1.0075,1.1752,2197313.2602,2061553.2412
300623.SZ,20260327,1.283,0.81,46.8004,3.8654,6.8281,0.5472,2280731.058,2103452.1959
603062.SH,20260327,2.217,0.43,22.9175,2.6519,2.5858,3.443,541404.0,185847.4503
300585.SZ,20260327,2.2241,0.91,,3.6459,5.8551,,259746.6665,259746.6665
601717.SH,20260327,0.6501,0.64,8.6937,1.6968,0.9841,5.0886,3929665.2459,3394306.7717
603030.SH,20260327,1.1201,0.53,,3.658,3.7567,,323965.6459,323965.6459
300735.SZ,20260327,0.6362,0.48,50.0723,3.3031,2.0501,1.1759,1631621.4248,1610269.1394
603202.SH,20260327,2.2691,0.6,14.27,2.3482,3.596,3.6768,1518720.0,315723.2647
600699.SH,20260327,1.4909,0.7,33.1605,2.1851,0.6237,1.059,3777677.0915,3300910.6768
600538.SH,20260327,3.374,0.79,,4.4841,10.9463,,345970.9097,345970.9097
301318.SZ,20260327,1.0275,0.64,28.9949,1.8848,4.7886,1.4289,353941.8832,232256.9768
300474.SZ,20260327,1.1639,0.59,,4.4524,59.7102,0.101,3104358.1846,2414456.356
301501.SZ,20260327,1.5631,0.82,22.5227,2.6488,3.0046,0.9327,546786.3,160819.5
300473.SZ,20260327,2.0648,0.62,63.6493,2.717,1.167,,557008.8476,484061.2613
600727.SH,20260327,5.6685,1.54,61.3181,1.2869,0.7486,0.641,412294.8453,412294.8453
002871.SZ,20260327,2.0473,0.92,29.178,3.8375,6.5279,2.0817,420847.775,249639.9273
301373.SZ,20260327,24.3091,1.07,54.0301,4.7365,15.3543,0.9851,770802.6786,273387.1696
600846.SH,20260327,0.334,0.51,29.1906,1.8726,2.1549,1.6093,770955.7107,770955.7107
600928.SH,20260327,0.3897,0.52,6.0378,0.4663,1.5541,2.7624,1608888.8891,1601254.1719
920974.BJ,20260327,1.5973,0.8,48.1025,1.9417,1.1568,,123996.6,97238.0081
002902.SZ,20260327,48.6254,1.8,,7.7765,4.0615,,656615.3192,496304.4953
301019.SZ,20260327,1.07,0.58,30.5062,3.2888,7.2063,2.914,339659.6221,215390.9008
300640.SZ,20260327,3.3086,0.59,187.5728,2.7865,2.2427,0.2747,226403.2149,160705.3666
002460.SZ,20260327,10.8317,1.82,,4.0134,8.52,0.1883,16704364.3167,9651062.5718
002520.SZ,20260327,3.1279,0.52,,16.3738,3.4404,,420887.5409,402483.9359
688111.SH,20260327,0.9083,0.79,60.7327,8.6628,18.8124,0.373,11153366.9525,11153366.9525
600905.SH,20260327,1.0583,0.67,23.8093,1.4227,4.3413,1.509,12692916.663,12692916.663
600346.SH,20260327,0.3958,0.65,21.5982,2.3265,0.6964,2.4813,15035517.1429,15035517.1429
920870.BJ,20260327,1.4885,0.95,113.2569,4.1527,19.4126,0.7846,187868.0,92536.0658
600104.SH,20260327,0.3513,0.7,57.8821,0.5601,0.2525,0.6074,16553199.6058,16553199.6058
300319.SZ,20260327,3.1933,0.7,30.2269,2.1178,2.7782,0.9895,1018951.396,967508.8662
603220.SH,20260327,5.4669,0.7,156.5501,3.4418,4.3157,0.3575,1336038.3717,1081742.5269
301507.SZ,20260327,5.3292,1.74,42.4936,3.15,6.8574,0.6967,510229.2462,157677.3938
300695.SZ,20260327,1.3547,1.8,19.5608,2.3668,9.7176,0.2133,685530.4185,685530.4185
300214.SZ,20260327,2.4131,0.67,,1.4285,0.88,,345887.5448,345887.5448
920522.BJ,20260327,3.1081,1.14,121.9059,7.3858,8.1718,0.4227,794726.1504,659289.9222
300446.SZ,20260327,2.0964,0.71,19.1403,2.8567,1.8723,1.4042,1685747.7613,744878.981
688272.SH,20260327,3.9495,0.67,,7.5371,14.8934,,312968.0,312968.0
605001.SH,20260327,1.218,0.55,26.8808,1.0681,1.4436,2.7397,286806.78,286806.78
600796.SH,20260327,3.688,0.71,31.5233,1.6805,3.4529,0.4669,575412.9486,206821.3183
002979.SZ,20260327,1.0658,0.62,51.7944,6.8181,6.4789,0.8701,1120540.4012,787310.5764
600760.SH,20260327,0.316,0.42,46.1492,6.3283,3.5541,0.8212,13557422.9223,13514821.409
002907.SZ,20260327,1.7987,2.04,76.9605,3.4001,7.3006,0.6182,574194.9318,412382.4513
002951.SZ,20260327,1.5902,0.74,844.5522,3.5149,9.8909,3.3917,589680.0,584037.1628
688101.SH,20260327,0.6534,0.9,14.1029,1.2028,3.5042,,532547.3539,532547.3539
605589.SH,20260327,1.1141,0.63,24.1925,2.4658,2.3147,1.7663,2532394.386,2524051.194
920149.BJ,20260327,1.2741,1.01,,6.408,1.6238,,76100.7641,62950.668
301486.SZ,20260327,12.5036,1.36,115.6316,7.5559,19.7944,0.2581,1974867.2303,1111947.778
000589.SZ,20260327,1.7249,0.88,14.3158,0.8171,0.6691,3.6417,722900.3944,718341.6274
002156.SZ,20260327,2.2987,0.62,65.3656,4.2437,2.3934,0.106,6442198.8914,6441584.6824
920190.BJ,20260327,1.2777,1.03,95.2339,2.5672,0.7238,0.545,220200.0022,218973.5983
000062.SZ,20260327,5.4473,1.71,62.7628,4.3158,1.1665,2.0878,2905536.0965,2902732.4139
300556.SZ,20260327,3.1657,0.66,,4.8395,3.9789,,214684.3428,188979.9267
600189.SH,20260327,1.0733,0.72,360.4732,4.4324,4.3208,,543550.3371,543550.3371
688136.SH,20260327,2.7474,1.61,34.2958,3.116,3.5481,0.2886,546815.9483,546815.9483
601121.SH,20260327,2.0564,0.96,84.0815,1.8813,5.1523,0.4262,703893.5939,614400.0
600995.SH,20260327,1.4898,0.75,32.3276,2.1838,7.0201,0.7738,4896280.8933,4896280.8933
688579.SH,20260327,1.059,0.53,69.7189,2.9791,8.0484,0.6208,418810.47,418810.47
300233.SZ,20260327,1.8468,1.0,123.3646,1.488,1.9917,1.7397,545101.9135,525137.5315
300701.SZ,20260327,1.142,0.63,50.2489,3.2966,7.3087,0.8811,320904.3601,282753.2691
300847.SZ,20260327,1.238,0.56,40.3733,3.171,3.9148,0.8673,464143.68,464143.68
002153.SZ,20260327,0.9782,0.7,,3.975,9.783,0.1,2729193.841,1599763.804
002929.SZ,20260327,4.3583,0.61,,2.1687,1.3815,0.2694,1370700.8803,1015955.585
002410.SZ,20260327,1.6576,0.69,45.8744,3.0727,3.0624,1.3227,1858437.3848,1766383.2225
002489.SZ,20260327,1.0483,0.71,11.2567,1.5682,1.2564,1.1799,735296.5301,648516.8066
002283.SZ,20260327,1.7907,0.5,29.9904,1.7128,2.7494,2.7203,1031208.7461,908191.4182
600255.SH,20260327,2.9288,1.23,144.0835,4.1909,1.3468,,606865.3769,606865.3769
002583.SZ,20260327,3.5318,1.86,,7.3174,3.272,,1869540.7237,1318637.2384
300040.SZ,20260327,24.9818,0.61,,2.1835,3.8797,0.641,564270.9524,453738.7915
920445.BJ,20260327,1.3913,0.61,57.1561,4.7102,3.8206,3.042,143308.3412,101857.9108
688310.SH,20260327,1.1965,0.7,38.9443,2.947,5.6804,,254149.906,254149.906
000796.SZ,20260327,2.5979,0.83,,10.3858,12.546,,861234.6479,714621.777
002948.SZ,20260327,1.2421,0.87,5.7444,0.7309,2.0449,3.125,2980021.6187,1593600.7255
300611.SZ,20260327,6.2872,1.06,43.3157,5.1425,3.3419,0.3952,631957.5919,444019.1221
920028.BJ,20260327,18.7478,0.42,25.9476,2.5892,3.4536,,288616.16,74733.7796
300951.SZ,20260327,1.0093,0.52,31.1883,2.5956,4.5219,1.6623,604082.5289,539872.2771
688011.SH,20260327,1.0238,0.52,,6.396,58.2557,,675500.0,673220.3429
688668.SH,20260327,4.4459,0.81,74.9108,9.5032,11.4122,0.5378,1807453.9247,1807453.9247
000723.SZ,20260327,1.9099,0.56,,1.6467,1.2385,,2184132.834,2180125.3366
688037.SH,20260327,2.7729,1.18,482.5995,12.3893,17.757,0.064,3459924.3994,3459924.3994
603590.SH,20260327,1.5531,1.21,102.3304,1.8316,6.7086,1.6343,584522.5135,581629.5015
002258.SZ,20260327,1.2984,0.68,24.6935,1.4987,1.3125,2.7082,1182245.7858,1180345.0596
688369.SH,20260327,2.0414,0.6,,2.9372,2.7369,,247718.8527,247718.8527
601107.SH,20260327,0.6303,0.9,11.8502,1.0209,2.133,4.5741,1938810.04,1371177.16
301173.SZ,20260327,1.3139,0.6,22.8855,2.5017,1.5547,0.5443,367939.8599,129141.2526
000791.SZ,20260327,5.5614,0.77,10.7124,1.9142,2.1275,2.0906,2792946.0179,1666570.3577
002625.SZ,20260327,0.5911,0.52,116.7931,8.8217,44.6659,,8417974.7768,8417937.6603
600373.SH,20260327,0.4586,0.58,27.4143,0.6537,1.4536,4.8954,1139865.4763,1139865.4763
300507.SZ,20260327,1.0002,0.71,57.4127,3.0846,2.6259,0.7315,653327.8761,632393.2664
605338.SH,20260327,0.6526,0.73,22.6054,2.6402,3.3196,3.1056,617123.7213,617123.7213
603489.SH,20260327,1.6035,0.58,96.8718,2.8588,5.5861,0.3047,770016.2071,770016.2071
301303.SZ,20260327,1.9489,0.6,17.5359,1.7613,3.4373,2.4138,592760.0,147515.4818
002158.SZ,20260327,0.5369,0.57,25.953,2.7875,4.1643,2.5439,1219171.0369,1216578.6997
688356.SH,20260327,1.1376,1.33,89.4833,4.2997,17.9466,0.16,567265.9971,567265.9971
002637.SZ,20260327,4.1169,0.63,32.7266,1.4343,0.4196,1.0204,541431.551,509574.3457
601005.SH,20260327,1.2239,0.56,,0.7715,0.4918,,1265802.2187,1188850.0291
920171.BJ,20260327,2.1077,0.57,365.844,8.0013,7.1764,,175207.6948,117984.9832
688443.SH,20260327,3.5546,1.41,,6.0434,41.4959,,957401.48,304651.48
301390.SZ,20260327,3.7163,0.86,91.7957,2.3775,3.4714,0.2628,226620.0,115862.9498
300029.SZ,20260327,2.77,1.4,,,11.5764,,103862.367,103786.6095
002910.SZ,20260327,2.6394,0.71,,2.1065,2.5266,,219786.226,192273.6318
603357.SH,20260327,0.9749,0.57,10.146,1.1742,1.4406,4.3915,446780.5935,442815.5583
688233.SH,20260327,2.7352,0.97,118.2527,6.3839,27.5484,0.1053,1206616.1396,1206616.1396
600563.SH,20260327,5.8984,1.15,27.8642,5.6062,6.0836,1.4017,3210300.0,3210300.0
688016.SH,20260327,1.595,0.87,22.8879,3.1629,9.5442,1.5486,1289075.2196,1289075.2196
603630.SH,20260327,1.5882,0.91,,1.8709,4.2241,0.5611,357399.6685,357399.6685
300888.SZ,20260327,0.3458,0.62,21.9463,1.6699,1.7758,2.1244,1918776.7174,1916694.1456
600981.SH,20260327,0.8326,0.62,42.8498,1.3928,0.1234,0.3175,706366.4555,706366.4555
300709.SZ,20260327,3.2416,0.77,41.79,3.1097,2.5044,0.2868,713790.1483,572649.822
600176.SH,20260327,1.6368,0.68,30.4488,3.2172,5.2984,1.6407,10003838.6833,10003838.6833
600637.SH,20260327,0.8776,0.7,65.1746,1.0731,4.212,2.4134,3203890.5256,3203890.5256
300857.SZ,20260327,2.2813,0.41,63.1908,16.7574,6.0135,0.0977,7357835.3074,7312546.2013
600032.SH,20260327,5.6643,0.8,52.5358,2.1748,5.7463,0.4441,2815874.8044,2815874.8044
300138.SZ,20260327,1.7589,0.8,17.3899,1.8688,0.9634,0.9931,632378.0217,521392.0992
300868.SZ,20260327,15.5291,1.0,,4.6552,10.9016,0.0812,702200.576,442825.3535
688078.SH,20260327,1.0848,0.76,,2.6075,11.239,0.5631,176036.595,176036.595
920017.BJ,20260327,1.4286,1.44,19.5678,1.2685,3.1797,0.9364,207346.4171,205149.5785
920627.BJ,20260327,4.6556,1.52,74.8795,4.2276,2.5569,0.5794,195605.95,96896.9125
688518.SH,20260327,2.4709,0.79,48.4341,2.5536,2.5585,0.6137,834198.5322,834198.5322
301016.SZ,20260327,0.8461,0.74,74.0537,4.8805,12.8442,1.9201,487468.8,462359.1527
600661.SH,20260327,1.114,0.62,,20.6153,2.0612,,277379.2674,277379.2674
920159.BJ,20260327,17.03,1.06,22.4187,3.0221,1.3742,,323000.0,61200.0
603466.SH,20260327,2.4123,0.65,160.2085,2.6144,3.149,2.1598,550771.8536,550771.8536
300294.SZ,20260327,0.959,0.8,84.341,1.278,4.6162,1.6446,950508.8711,950508.8711
002595.SZ,20260327,0.4656,0.94,27.9097,5.8401,6.3189,0.4803,6650400.0,6605213.533
688285.SH,20260327,0.6786,0.79,61.1289,1.8613,2.6634,0.2392,314578.3673,314578.3673
600973.SH,20260327,2.5335,1.27,,2.5022,0.1907,,914701.2874,914701.2874
600645.SH,20260327,5.3028,1.26,199.5853,4.0198,10.1348,,1491821.0613,1491251.286
600180.SH,20260327,1.1651,0.68,238.3511,0.4859,0.1532,0.9865,382492.8673,382492.8673
689009.SH,20260327,1.8197,0.69,19.1564,4.8864,1.5761,3.2756,3361077.9396,2584363.8325
002469.SZ,20260327,3.339,0.92,21.5682,2.2213,2.0795,4.4543,582678.6417,564747.6301
600999.SH,20260327,0.2446,0.58,10.8249,1.1007,5.3472,3.2397,13314382.54,11363090.0714
002936.SZ,20260327,0.9447,0.56,8.9461,0.3737,1.2919,1.0638,1709313.1753,1321507.8151
300430.SZ,20260327,2.1491,0.79,73.4908,2.1306,6.1242,0.2521,487388.5309,463839.7631
301062.SZ,20260327,3.2753,1.27,,2.475,2.986,1.0884,357466.0196,257914.9964
300463.SZ,20260327,1.0938,0.77,,1.0352,2.9644,0.9664,654853.9538,532619.5733
601177.SH,20260327,0.6638,0.55,22.5929,2.0969,2.4487,0.4184,585068.8725,574086.1
600671.SH,20260327,4.5665,1.69,82.6549,41.146,10.8923,,274002.4913,273871.1993
603985.SH,20260327,6.0016,0.69,100.7062,2.5702,2.1231,,840716.2117,840716.2117
000403.SZ,20260327,0.7127,0.67,22.2756,1.5536,5.2335,2.0521,1246921.3704,1234211.6932
300620.SZ,20260327,11.2891,1.02,274.2817,22.3272,32.876,0.0514,4845814.0586,4805415.697
601880.SH,20260327,1.3712,1.36,30.4841,0.9874,3.5071,1.4142,3983628.659,3111805.6552
920670.BJ,20260327,1.9064,0.55,212.1297,6.9556,17.4209,,173608.224,108945.9491
300836.SZ,20260327,1.6536,0.52,86.5912,9.1036,8.5313,0.368,519039.416,355332.5272
300348.SZ,20260327,3.0605,0.86,3349.7518,5.0814,6.0076,0.0528,1075436.6532,940352.0143
002210.SZ,20260327,1.5342,0.59,797.7445,7.7634,39.9063,,739822.7112,738439.3554
300381.SZ,20260327,2.0663,0.84,501.0778,1.2576,3.9185,1.4749,325573.7486,324432.9332
002748.SZ,20260327,2.1191,0.78,65.3056,2.05,1.3839,0.4263,281520.0,281520.0
300918.SZ,20260327,0.8253,0.73,38.3988,1.8658,4.2004,1.1975,705045.2568,705045.2568
002395.SZ,20260327,2.1346,0.62,8.3186,3.1653,1.8303,0.8455,475802.766,475762.8173
300843.SZ,20260327,2.4105,0.61,73.3964,5.4668,5.3848,0.4349,865835.0204,830850.1683
300684.SZ,20260327,3.3207,0.74,45.7628,7.0135,8.3068,1.3185,1469092.7388,1002106.372
603667.SH,20260327,3.8948,0.73,266.6379,8.1904,7.0758,0.18,2442938.6787,2442938.6787
300593.SZ,20260327,2.2518,0.72,,5.1981,10.6191,,1240693.9986,1029752.6268
603530.SH,20260327,0.5745,0.55,68.3216,15.5752,15.7664,0.7766,2542622.1468,2517767.5189
688357.SH,20260327,1.3256,0.92,34.2254,1.9332,4.0103,0.5935,337201.7788,337201.7788
301389.SZ,20260327,10.395,0.95,144.7442,6.7468,29.7472,0.9786,1499998.5,447454.8277
002107.SZ,20260327,1.8035,0.95,38.2936,5.7311,4.4865,4.189,366528.096,362835.2002
603833.SH,20260327,0.1864,0.51,13.7168,1.8101,1.8035,6.8425,3293080.399,3293080.399
600545.SH,20260327,4.3405,0.46,,2.0759,1.7046,,663315.4344,663315.4344
002676.SZ,20260327,1.0999,0.59,66.8607,3.6003,1.6364,0.1534,469440.0,469424.6513
600758.SH,20260327,17.5213,1.2,175.8107,1.3195,1.4431,0.5787,731075.6189,730371.0969
000524.SZ,20260327,1.517,0.54,99.3502,3.5136,1.7956,0.6706,799558.8562,799249.0771
000566.SZ,20260327,3.3964,1.49,,25.5865,8.6265,,712253.4542,711907.8625
920753.BJ,20260327,0.8867,0.6,45.3811,3.6908,6.2042,1.6803,149214.2065,59355.3353
920088.BJ,20260327,19.0567,0.73,100.2177,8.1785,12.7444,0.124,568061.175,206834.8203
002320.SZ,20260327,0.6275,0.69,105.4808,5.0671,4.1443,0.437,2040251.0961,2040251.0961
600499.SH,20260327,1.8357,1.18,22.1815,2.5621,1.9361,1.1532,3221998.7369,3221998.7369
002852.SZ,20260327,2.7106,0.54,14.2997,1.4873,0.5392,3.1308,333993.2242,277512.7322
301586.SZ,20260327,1.5186,0.9,55.833,2.8103,4.7512,0.4624,358869.0505,228840.3734
600871.SH,20260327,1.2528,0.71,85.7445,6.1043,0.6999,,5649199.6582,4037009.6806
002067.SZ,20260327,2.4834,0.44,120.4226,1.1298,1.3289,,747750.9035,678165.1535
601225.SH,20260327,0.3561,0.56,15.3032,2.6173,1.6008,4.4985,25323340.0,25323340.0
688800.SH,20260327,3.2809,0.61,58.6739,7.6255,5.7055,0.306,1801707.1746,1801707.1746
002398.SZ,20260327,1.752,0.59,70.6452,0.9967,1.3979,1.5316,359489.3063,293203.7289
003010.SZ,20260327,8.4471,2.2,50.5948,13.6767,2.8661,1.4842,983570.0631,715061.5795
000958.SZ,20260327,0.7005,0.74,124.4756,5.6731,25.1774,0.8626,11170921.7715,3461527.2577
000050.SZ,20260327,0.7228,0.61,117.9125,0.7243,0.5448,,1973571.3718,1973547.1011
300837.SZ,20260327,2.7501,0.8,87.4764,2.6217,6.0094,0.8299,361506.5685,273255.381
601990.SH,20260327,0.322,0.57,26.2094,1.3998,10.502,1.5003,3194129.7792,2676298.1107
000048.SZ,20260327,2.9852,1.12,26.588,2.5795,2.164,3.4765,1089730.0238,1081668.8753
002075.SZ,20260327,0.8655,0.59,36.7539,1.6238,0.763,1.0352,1059617.6899,1059615.9874
300669.SZ,20260327,0.9112,0.84,363.3821,6.7884,18.3666,0.3231,593340.3146,561917.306
301265.SZ,20260327,4.2754,0.55,102.4612,2.9592,7.1276,0.1927,625942.594,348014.0122
600332.SH,20260327,0.7686,0.55,12.5132,0.9878,0.4807,3.4843,3732816.0189,3227925.6189
688485.SH,20260327,7.6791,1.39,,3.4396,18.6608,0.0777,431789.0941,255001.6708
600234.SH,20260327,1.8066,0.83,67.6634,8.0645,8.4051,,403232.2145,403232.2145
002025.SZ,20260327,6.3926,0.68,357.8918,4.4727,5.4126,0.3598,2911538.3413,2901633.7431
600300.SH,20260327,2.0345,0.72,13.8872,1.6029,1.682,3.6676,564382.6208,564382.6208
000609.SZ,20260327,2.7963,0.75,,,17.6882,,275324.2802,267773.6102
002705.SZ,20260327,6.329,3.3,12.0597,1.3998,0.7461,4.0007,1208071.1606,1202457.8592
601368.SH,20260327,2.724,1.8,48.4026,0.9582,1.8415,0.5747,460911.9462,460911.9462
603348.SH,20260327,0.554,0.7,300.9941,1.4112,1.0359,0.774,609456.7981,609456.7981
920046.BJ,20260327,6.0932,0.57,189.0803,11.2528,13.4931,0.2852,283725.75,179736.79
601919.SH,20260327,0.5769,0.6,7.5253,1.0037,1.0583,10.526,23229347.068,19047767.6665
300052.SZ,20260327,3.0527,0.98,,9.1225,17.8823,,344867.9211,344858.0436
301560.SZ,20260327,9.0234,0.61,53.0934,4.8651,4.4444,0.2059,472416.0,94483.2
688004.SH,20260327,1.3532,0.53,,2.9814,10.1394,,173390.52,173390.52
600624.SH,20260327,0.6024,0.75,,5.0668,4.7668,,315216.9811,315216.9811
300923.SZ,20260327,1.7675,0.61,43.0162,1.8727,4.0007,1.6585,211905.6,206159.076
600720.SH,20260327,0.6146,0.54,10.1701,1.015,1.3101,3.3926,1548852.0064,681108.5954
300555.SZ,20260327,0.7442,0.6,,5.4248,16.7185,,257800.0,255202.4884
600989.SH,20260327,1.7504,0.84,19.4474,4.5616,4.595,2.2847,22073413.6,22073413.6
600562.SH,20260327,0.4336,0.46,48.754,4.8411,8.749,1.0205,3090984.1638,3090984.1638
001380.SZ,20260327,0.9065,0.42,20.1177,3.0102,2.739,0.9835,558230.5227,181375.941
300388.SZ,20260327,0.862,0.78,15.6653,1.1849,1.5188,2.381,557773.5872,557773.5872
601058.SH,20260327,0.643,0.57,11.8489,2.0757,1.2229,2.8571,4373173.3445,4373173.3445
601798.SH,20260327,1.7073,0.6,,2.5434,4.2109,,322266.132,322266.132
301055.SZ,20260327,1.9927,0.99,63.3627,4.4362,2.9103,0.6259,290316.0,290316.0
000009.SZ,20260327,1.0094,0.92,333.0225,2.3289,1.0476,0.3297,2347084.7082,2344178.6232
002848.SZ,20260327,4.0255,1.48,,19.4778,14.2291,,224816.75,221825.7551
002221.SZ,20260327,2.7016,0.91,36.1197,1.2608,0.4592,,1401177.5849,1298717.9746
688781.SH,20260327,29.3957,,,9.5975,76.6021,,3930000.0,160481.9312
603322.SH,20260327,2.0092,0.39,,16.6716,1.9513,,480324.5542,480324.5542
603091.SH,20260327,1.6892,0.74,25.8718,3.4915,5.0855,1.3278,739186.4734,227322.9054
688113.SH,20260327,1.0456,0.6,27.4525,2.489,5.0354,1.1297,244517.5315,244517.5315
301010.SZ,20260327,2.4521,0.66,109.3627,2.8548,2.3277,0.9132,236520.0,236520.0
300765.SZ,20260327,1.642,2.16,,16.9983,21.0134,0.0614,4534026.0232,4534026.0232
688205.SH,20260327,9.7586,1.06,444.7084,14.0217,34.8458,0.1601,3253871.5083,3253871.5083
300375.SZ,20260327,2.1272,0.61,78.7112,1.6155,1.3522,0.735,369992.8044,257256.6318
002316.SZ,20260327,9.1622,0.67,353.822,28.382,3.7204,,218181.6,189135.675
603305.SH,20260327,1.8343,0.8,42.1564,1.8262,3.8009,2.1847,1657286.0693,1657286.0693
001325.SZ,20260327,13.0695,0.71,26.1009,2.409,2.9597,,422497.6,105624.4
002863.SZ,20260327,1.5821,0.61,40.766,1.1349,0.5776,0.3166,321922.6685,321922.6685
688727.SH,20260327,5.1881,0.89,210.0119,8.5902,32.6926,,2155386.1212,241016.4625
002743.SZ,20260327,1.5182,0.5,96.2309,0.7234,0.7089,,238527.1259,238144.8959
601700.SH,20260327,1.5175,0.61,232.9962,2.5105,2.3658,0.3505,636565.3307,636565.3307
603378.SH,20260327,1.386,0.68,,2.4778,3.4103,,247300.2624,247300.2624
002919.SZ,20260327,1.34,0.6,,6.5822,3.6677,0.2461,540781.3879,536443.5969
601319.SH,20260327,0.4766,2.43,7.0821,1.0691,0.4938,2.5701,33035320.9655,26516824.1675
600610.SH,20260327,4.2184,0.9,215.6298,87.5859,9.464,,994142.8334,657698.3822
600694.SH,20260327,0.4936,0.52,11.3556,0.6459,0.8746,5.5676,567846.0584,567846.0584
002215.SZ,20260327,1.9128,1.14,15.5362,2.522,1.9066,3.3673,1044819.1624,835112.3737
600121.SH,20260327,10.3032,0.64,,4.1096,1.7125,,629919.0236,629919.0236
920367.BJ,20260327,4.852,1.57,91.337,2.7688,9.4468,0.5319,133219.15,78946.0466
000752.SZ,20260327,1.465,0.9,19.0587,4.5611,6.2705,,280375.2759,280375.2759
301272.SZ,20260327,2.6971,0.81,58.5523,2.2967,4.0586,1.7078,231610.6057,124029.5315
603014.SH,20260327,2.3223,0.89,32.926,2.2584,4.2269,0.4214,1561982.4528,147194.4543
301606.SZ,20260327,1.2384,0.51,47.8762,9.257,3.5339,0.8562,2907687.9204,1534866.2935
601162.SH,20260327,0.8814,0.66,57.1008,1.3863,10.8547,,3767670.4775,3215640.9573
603216.SH,20260327,1.5433,1.07,94.2527,4.0323,6.6065,0.6165,722406.36,722406.36
920808.BJ,20260327,0.7021,0.76,386.4543,18.6442,15.9687,0.088,1409000.007,1370761.0011
601881.SH,20260327,0.6478,1.34,10.5094,1.2694,4.7374,2.3795,14750508.6433,9771370.3734
002837.SZ,20260327,4.7299,1.1,182.2658,27.451,15.8358,0.1639,9094664.7894,7917865.7556
600503.SH,20260327,1.039,0.52,,1.1134,15.2607,,395765.63,395765.63
688008.SH,20260327,2.0487,0.73,73.86,8.6294,30.262,0.4326,16511922.2837,15488222.2987
603181.SH,20260327,0.6364,0.48,19.3395,2.6051,3.5775,1.3902,869509.9,869509.9
688669.SH,20260327,0.7495,0.59,,2.6705,0.791,,315952.0017,315952.0017
300242.SZ,20260327,2.5903,0.72,,11.5026,1.4179,,303951.9523,303951.7866
002366.SZ,20260327,3.169,0.56,,3.5096,15.4223,,1602321.9828,1424774.7553
600031.SH,20260327,0.6526,0.8,21.3726,2.0812,2.0576,3.4758,17617628.5013,16236931.3109
603033.SH,20260327,0.3105,0.64,,3.4865,2.0971,,1014664.9371,996330.5217
603499.SH,20260327,1.0829,0.59,52.4276,7.6655,6.4406,0.645,670246.5739,670246.5739
603201.SH,20260327,1.2098,0.71,12.0273,1.7844,1.0366,2.4555,308527.0685,305888.101
002541.SZ,20260327,1.6631,0.8,23.884,1.5297,0.6796,1.69,1464216.3753,1052764.1785
002478.SZ,20260327,2.3405,0.44,15.7525,1.6411,1.684,2.0297,969265.3493,777650.9573
300638.SZ,20260327,2.4517,0.53,70.2426,3.6981,3.1802,1.3463,2333594.8652,1376514.335
600660.SH,20260327,0.7597,0.94,16.1674,4.0088,3.2882,4.6802,15055610.4361,11555228.1493
600419.SH,20260327,1.0474,0.78,269.3787,1.222,1.0663,0.2282,290270.9305,290270.9305
603758.SH,20260327,0.5174,0.62,32.5762,2.2647,4.1042,,573946.5401,573946.5401
688648.SH,20260327,2.3512,0.79,11.4738,3.302,5.2123,,722160.0,369198.5864
300403.SZ,20260327,1.4612,0.6,31.132,3.2682,5.953,0.8628,698877.0,494966.7043
301105.SZ,20260327,9.6183,1.06,,3.8086,17.7053,,317850.0,104493.1684
301611.SZ,20260327,3.2693,0.62,130.6966,24.9528,41.6256,0.1012,4308988.0,1448676.7055
000885.SZ,20260327,0.827,0.67,7.4492,0.9679,1.3078,2.5778,886710.0702,886710.0702
605098.SH,20260327,0.6538,0.55,21.5098,6.8616,7.8992,4.3194,621178.9799,621178.9799
301568.SZ,20260327,5.6085,0.63,44.1077,4.7286,10.2387,1.1653,492955.6016,227239.3446
301095.SZ,20260327,2.7174,0.96,127.8534,4.4667,20.3853,0.3517,1400966.2106,1220657.8233
002400.SZ,20260327,2.5833,0.73,142.2041,3.0224,0.6963,0.336,1504499.9415,1489680.0653
600984.SH,20260327,1.6918,0.71,,2.349,2.0027,,507845.7457,507845.7457
603605.SH,20260327,0.6411,0.71,15.4779,4.6088,2.2393,3.2087,2443171.9077,2443171.9077
600986.SH,20260327,3.1068,0.59,113.9457,2.7642,1.8733,,1444240.2142,1444240.2142
600848.SH,20260327,0.2523,0.66,15.9566,1.2889,2.3131,2.0,2522487.004,2393912.273
603456.SH,20260327,1.9309,1.38,20.4129,1.6854,2.7551,2.9877,1475590.9605,1475590.9605
000988.SZ,20260327,9.7522,0.82,74.8592,9.9576,7.6701,0.1826,11010254.6417,11004592.9442
603025.SH,20260327,0.7788,0.88,22.1093,5.7685,5.2304,2.4727,1570016.6108,1559499.7308
600023.SH,20260327,1.0032,1.17,10.513,1.0291,0.9508,5.9545,7656386.3997,7656386.3997
002683.SZ,20260327,1.9159,1.04,32.1043,4.3767,1.5086,1.5941,3072975.1948,2695565.0691
600212.SH,20260327,4.0925,1.41,171.1948,9.7449,3.6281,,525296.0589,396260.4389
000720.SZ,20260327,10.6426,3.59,,2.9365,4.9481,,692348.8956,692348.8956
000969.SZ,20260327,1.6403,0.65,69.2308,3.8407,2.8833,0.9668,2173524.6324,2138820.5692
603585.SH,20260327,1.7775,0.92,32.3601,1.5264,1.4214,,387613.4418,378995.9718
600728.SH,20260327,1.0888,0.73,44.8757,1.5254,1.1734,,1198520.7847,1198520.7847
688362.SH,20260327,2.6749,0.95,187.1725,5.9944,3.4981,,1539311.3625,1539311.3625
300791.SZ,20260327,1.5728,2.58,18.4566,2.5971,1.4319,2.4053,637726.6564,531776.1177
002821.SZ,20260327,1.2945,1.31,34.7025,2.0779,5.7277,1.0963,3605140.9503,3166829.3307
601127.SH,20260327,1.0164,0.74,23.021,4.1474,1.1149,1.3414,16622021.6906,14858834.7665
000516.SZ,20260327,4.7084,1.23,,3.4681,2.7529,,1157509.6213,1139910.6911
000902.SZ,20260327,1.1219,0.71,12.6529,1.7314,1.196,1.888,1993771.8096,1815881.9598
600746.SH,20260327,2.9846,1.16,74.4921,1.7971,1.6014,0.5877,979820.1797,978343.0891
603773.SH,20260327,3.5295,0.8,,6.8106,3.2092,0.1393,795291.5608,795015.4408
301072.SZ,20260327,1.8746,0.65,,3.1221,3.0187,,234042.4546,149587.7484
603396.SH,20260327,4.4435,0.6,124.1604,2.2032,2.2035,0.3643,570456.1544,570456.1544
301348.SZ,20260327,7.3174,0.71,,3.9301,8.0568,0.2052,584880.0,378074.1573
301372.SZ,20260327,2.436,0.55,,2.2847,6.9305,,180274.2895,108237.0999
688392.SH,20260327,1.6677,0.87,104.235,6.6582,15.4757,0.518,1197840.276,1197840.276
000676.SZ,20260327,1.1671,0.63,54.1798,2.2416,2.3702,,957439.8034,956861.6843
300989.SZ,20260327,3.1784,1.29,,3.0543,9.9043,,303570.7694,216732.3372
920035.BJ,20260327,3.318,0.91,31.4282,3.1908,3.3769,,185987.75,41840.01
300819.SZ,20260327,2.7314,0.84,99.0999,6.8492,10.3562,1.0196,585331.215,528672.3068
001378.SZ,20260327,5.9125,1.14,38.6093,1.6672,2.0732,2.7936,309600.6192,149782.3887
688505.SH,20260327,0.7975,1.33,,3.9037,12.0465,0.3764,826147.9637,566325.9637
605158.SH,20260327,0.5055,0.71,23.2439,1.5397,0.565,1.9958,380496.48,380496.48
688193.SH,20260327,0.9721,0.69,215.9595,2.2485,12.6714,0.4717,205358.0838,205358.0838
300612.SZ,20260327,2.7384,0.62,,5.4551,5.2321,,267433.5631,266581.4131
300235.SZ,20260327,2.843,0.93,553.726,4.512,43.9434,0.3586,314683.2938,253917.8638
600360.SH,20260327,0.6935,0.52,48.3941,2.4985,3.8191,0.8371,848901.0487,848901.0487
300161.SZ,20260327,1.0057,0.6,,3.5927,3.5423,0.036,552178.7018,541890.8354
001282.SZ,20260327,2.3259,0.52,32.7304,2.7495,2.6806,0.7125,441038.416,155157.128
300779.SZ,20260327,4.479,1.43,658.5511,12.9083,15.1379,0.1108,1758769.1924,1409587.8466
300434.SZ,20260327,2.3127,1.27,30.5624,1.5833,3.7806,0.6956,398529.921,339384.1173
000695.SZ,20260327,13.4743,1.83,,19.2827,6.6127,,331173.8066,316968.1534
920112.BJ,20260327,0.5215,0.52,19.4916,3.1353,2.5068,1.511,280768.65,76712.547
000905.SZ,20260327,1.5898,0.61,82.3133,1.6429,0.7653,0.6133,1693454.0885,814504.7415
301332.SZ,20260327,1.1749,1.02,33.1089,1.4437,1.1973,1.6332,420945.0,241586.52
301278.SZ,20260327,5.5989,0.69,120.4404,2.5378,3.7677,1.2698,361075.2756,206892.9051
920725.BJ,20260327,2.5997,0.49,,4.494,15.881,0.3367,269261.25,124129.3979
920068.BJ,20260327,2.6739,0.45,98.8471,10.311,21.9226,0.4739,1383316.0317,132305.9907
000573.SZ,20260327,2.763,0.81,41.4742,1.6451,6.2255,1.1792,270630.9761,268377.0833
300521.SZ,20260327,1.5461,0.73,,7.2627,20.6346,,386453.13,386453.13
600639.SH,20260327,0.9422,0.75,11.4488,0.8097,2.0605,2.947,1229042.1178,931009.1898
301149.SZ,20260327,2.8128,0.8,37.7434,2.533,0.8861,1.2658,509550.0213,309556.0261
600835.SH,20260327,0.7556,0.64,27.9667,1.5761,1.1487,1.9382,2216276.0804,1747694.8181
000973.SZ,20260327,13.2632,1.6,400.2135,5.6181,21.3678,0.0703,4815685.8246,1895181.992
000501.SZ,20260327,0.8979,0.78,35.9282,0.5944,1.0663,3.4704,648260.8722,647610.1057
000822.SZ,20260327,8.4224,1.72,,1.5078,1.2166,,577334.2923,577334.2923
688588.SH,20260327,0.6771,0.61,46.4275,3.84,4.4741,1.638,471611.7935,471611.7935
300812.SZ,20260327,7.0009,0.69,,6.0736,10.9163,,475981.7445,315021.9777
301205.SZ,20260327,13.4476,0.96,255.9538,18.1534,26.2929,0.0901,2879278.848,1850917.3243
600386.SH,20260327,0.8852,0.61,3986.0511,1.8336,0.7956,0.2463,327398.4,327398.4
605116.SH,20260327,2.2149,2.27,25.5265,4.2969,6.6711,1.0833,1083696.8683,1083696.8683
002651.SZ,20260327,1.3888,0.59,167.559,3.4749,13.2804,0.6431,964218.18,527577.5771
300971.SZ,20260327,2.8134,0.68,35.5268,2.4869,5.1417,0.8015,262012.8,205115.2455
300808.SZ,20260327,1.5675,0.77,,4.4142,12.5882,,428000.0,318056.3712
603809.SH,20260327,1.3482,0.92,28.2237,2.6579,3.7829,1.3208,970904.6914,970904.6914
603010.SH,20260327,1.6456,0.95,,2.4453,1.9025,0.7129,642640.6664,642640.6664
600107.SH,20260327,3.9128,1.93,,4.9997,9.3445,,228240.0,228240.0
603279.SH,20260327,1.5682,0.89,15.55,2.1708,1.7098,5.3928,961966.537,961966.537
002737.SZ,20260327,0.8102,1.06,,1.7854,3.4553,4.0355,723576.0,723576.0
002193.SZ,20260327,3.2841,0.58,,2.9723,4.7804,,162787.0721,162786.1391
603393.SH,20260327,3.8849,0.81,15.0004,1.8673,4.4367,,1678304.5336,1675533.2494
301009.SZ,20260327,3.0015,1.05,86.06,2.3934,2.8524,0.5843,319163.64,177315.1229
002313.SZ,20260327,0.8803,0.52,,243.1746,1.2177,,325353.6,325330.7236
002385.SZ,20260327,2.7346,0.75,36.2841,1.9832,0.5798,0.7541,1702831.1117,1395534.8433
300652.SZ,20260327,1.0628,0.61,33.5458,3.6544,5.363,0.2784,552903.9209,496230.8074
603609.SH,20260327,0.3958,0.63,34.0513,0.9625,0.1697,0.8083,621271.135,621271.135
002238.SZ,20260327,0.7444,0.76,,2.7826,4.5557,0.6793,590683.5418,590683.5418
605183.SH,20260327,0.5461,0.62,14.7766,2.2787,3.7264,1.5033,825943.926,819084.8778
001400.SZ,20260327,17.2367,0.93,80.661,7.2771,8.7457,0.5363,895080.0,223770.0
688038.SH,20260327,1.6617,0.65,,3.8721,8.7644,,230186.5852,230186.5852
688163.SH,20260327,2.5906,1.54,53.1751,2.4716,14.0152,1.2593,274987.02,274987.02
603128.SH,20260327,1.0968,1.0,19.8203,1.2202,0.4395,3.0796,739611.2691,739611.2691
300920.SZ,20260327,4.4113,1.28,113.9026,3.3579,9.0137,0.2512,398100.0,220472.9991
600536.SH,20260327,1.0028,0.63,,9.7442,6.2726,,3434467.056,3102966.3818
600268.SH,20260327,5.2677,1.52,31.7179,4.0757,1.5789,0.9342,1522790.2962,1515236.2281
300588.SZ,20260327,1.2249,0.59,,17.0073,25.6102,,466040.487,430384.821
600009.SH,20260327,0.3288,0.61,29.1278,1.66,5.3465,1.8412,6892627.1208,5668194.2566
920419.BJ,20260327,0.653,0.89,22.1179,2.2166,1.5897,0.7547,136880.98,128012.7868
603028.SH,20260327,1.5314,0.73,,4.8258,1.3596,,247141.44,244687.59
688691.SH,20260327,4.474,0.7,,9.1634,15.5676,0.1807,1129200.0,672485.7441
603112.SH,20260327,0.6405,0.43,16.2831,2.1771,2.2155,1.9652,914694.6133,860478.8107
002421.SZ,20260327,1.434,0.54,,1.8848,2.2412,0.1894,559833.5527,529766.8213
301395.SZ,20260327,1.9855,0.55,71.9481,2.4404,1.6485,0.5308,376418.1789,213017.1789
002230.SZ,20260327,0.9629,0.57,129.0693,6.1247,4.2403,0.2132,10805575.1823,10232556.4304
300984.SZ,20260327,2.1894,0.93,153.8817,6.2359,5.2469,0.2026,648138.2633,465022.0273
002387.SZ,20260327,0.5637,0.57,,2.7062,1.3362,,1086707.3215,1085307.1549
603918.SH,20260327,1.741,0.68,,4.9836,6.4951,,498736.8805,498736.8805
001229.SZ,20260327,6.4604,1.14,54.3017,3.6491,17.4693,1.6232,369645.012,190067.3907
002540.SZ,20260327,1.6379,0.95,19.7984,1.4854,1.0366,4.5995,805736.4108,561424.4975
600186.SH,20260327,12.5035,0.87,44.1014,6.7151,3.9971,,1280033.9537,1271125.8398
300737.SZ,20260327,1.4941,0.59,,1.5351,1.0812,5.618,691511.4714,552541.891
600708.SH,20260327,1.2713,0.64,,0.8192,1.3603,,748821.9456,747693.3311
003012.SZ,20260327,0.8163,1.03,19.5423,0.946,1.1466,3.9006,720799.2614,713029.8895
002941.SZ,20260327,2.2406,0.76,19.2989,2.413,1.3397,0.8539,1134033.3213,1134033.3213
000063.SZ,20260327,1.0212,0.56,27.8272,2.0726,1.1675,1.888,15632592.0107,13162266.1862
600918.SH,20260327,0.4266,0.53,27.9829,1.0982,3.8917,0.3589,4853943.0305,2406544.4065
600520.SH,20260327,1.1404,0.53,422.5485,9.8708,12.0424,,383083.74,383083.74
600483.SH,20260327,1.0516,0.72,10.0249,1.1494,2.1373,3.53,3016449.513,3016449.513
688480.SH,20260327,3.083,0.87,70.958,6.7904,6.238,0.7695,780435.4275,780435.4275
920701.BJ,20260327,0.6391,0.63,29.9036,2.5174,2.3795,1.3789,213208.8,155722.051
301533.SZ,20260327,3.493,0.87,55.7633,2.7453,3.8783,1.2494,310944.0921,89945.2821
600528.SH,20260327,0.5298,0.54,11.9321,0.6944,0.6038,1.3351,1723924.0323,1723924.0323
600903.SH,20260327,1.0422,0.66,,2.5027,1.1188,0.5411,749806.134,749806.134
301298.SZ,20260327,2.1728,0.63,34.4697,2.4444,3.5916,1.885,229742.0,169340.03
605056.SH,20260327,1.9102,0.92,37.8263,5.8642,2.2316,1.8543,962074.02,947974.02
001337.SZ,20260327,3.0807,0.82,46.0183,11.1689,21.4747,0.5429,1934100.0,1934100.0
300284.SZ,20260327,0.5058,0.51,53.4876,0.973,1.7882,1.3867,819575.2253,777081.681
603677.SH,20260327,1.4248,1.44,61.655,2.5628,1.4383,1.6192,297375.7356,297375.7356
002567.SZ,20260327,1.2618,0.63,,1.0581,0.2245,,580385.8142,579723.8405
002203.SZ,20260327,2.7609,1.76,45.3407,2.0491,0.4028,1.6688,3396381.3161,3278393.3607
601618.SH,20260327,0.7583,0.71,16.2147,0.6034,0.1328,1.8421,6299980.2277,5427196.2277
300398.SZ,20260327,3.719,0.86,43.8879,2.9713,4.712,0.409,1455351.5372,1447403.5686
301020.SZ,20260327,0.6838,0.59,34.0092,3.074,5.3596,1.5078,300998.4,300998.4
002331.SZ,20260327,1.3934,0.58,,2.0423,2.5851,0.3728,342316.9675,316280.3907
688318.SH,20260327,0.8918,0.9,87.2253,7.1554,74.5326,0.333,2747137.4567,2747137.4567
603869.SH,20260327,0.1144,0.55,123.5752,1.2538,7.0249,0.1327,469410.7586,469410.7586
688779.SH,20260327,1.838,0.88,92.468,3.1454,2.2576,,2108636.743,2108636.743
300267.SZ,20260327,7.3581,2.07,,1.8321,6.3391,,818854.1334,564689.5807
300553.SZ,20260327,2.5135,0.82,113.4562,4.9667,12.4678,,422660.1487,320760.3916
601933.SH,20260327,0.784,0.47,,9.3928,0.6251,,3466664.1313,3466664.1313
920942.BJ,20260327,1.5202,0.68,71.6288,3.0671,8.6159,0.6014,152949.7874,103192.6219
601658.SH,20260327,0.1482,0.65,6.967,0.6084,1.719,4.2117,60768097.067,36699067.1061
002819.SZ,20260327,0.6748,0.56,,1.8013,2.3987,0.0988,724157.6117,568186.6198
688718.SH,20260327,1.2831,0.83,56.3396,3.2562,6.185,0.7719,259762.8116,259762.8116
603306.SH,20260327,1.7334,0.49,99.0718,8.1051,10.2317,0.1139,2514371.1025,2514371.1025
002424.SZ,20260327,0.6765,0.51,3040.2673,2.0687,2.1419,,675040.0272,585982.6093
603328.SH,20260327,1.4751,0.54,24.6923,2.6759,2.8698,1.7113,1155198.1009,1155198.1009
603989.SH,20260327,1.5549,0.93,30.0725,1.7654,1.7099,0.8993,665164.8065,665164.8065
603194.SH,20260327,0.5823,0.58,14.9125,2.5225,1.8731,2.7035,1305255.0,514377.6018
600884.SH,20260327,4.9191,1.2,,1.3986,1.5185,,3068199.1451,2503089.6935
688325.SH,20260327,1.8128,0.57,114.4047,6.2691,22.5563,0.7634,1102234.8359,1044991.2645
002237.SZ,20260327,2.8878,0.85,32.8534,1.5759,0.1864,0.7727,2094906.6477,1746801.5517
300113.SZ,20260327,11.8704,0.74,52.3577,7.533,9.7502,0.3188,1903047.9723,1443288.2428
601808.SH,20260327,0.9947,0.93,20.5433,1.6946,1.5696,1.3942,7892213.168,4896614.072
603488.SH,20260327,2.6277,1.35,,3.3106,6.5107,0.2933,298706.2201,298706.2201
603006.SH,20260327,0.7355,0.54,43.0449,2.4412,3.744,6.0703,318326.321,318326.321
600797.SH,20260327,1.613,0.43,531.4771,2.6252,2.692,,916553.522,916553.522
300041.SZ,20260327,1.7658,0.66,37.9781,2.0312,1.3835,1.4286,587406.4077,571291.4813
300678.SZ,20260327,1.375,0.64,1055.4322,9.856,17.285,0.1777,834031.0285,819657.4035
688180.SH,20260327,2.4395,1.4,,5.7375,13.8485,,3459944.8653,2582748.3563
920242.BJ,20260327,0.9287,1.09,18.2448,2.3206,1.9951,1.6917,155651.8838,87491.9334
688251.SH,20260327,3.9966,1.09,110.8575,4.2643,3.583,0.351,366192.9726,363647.9756
603127.SH,20260327,3.2055,1.35,100.6728,2.7905,13.5842,0.0987,2266029.0173,1906187.5143
000929.SZ,20260327,1.8837,0.84,,3.8002,7.0455,,177592.296,177581.0372
920130.BJ,20260327,1.2694,0.61,,3.8381,5.2391,,183102.8235,112326.4237
002191.SZ,20260327,0.6189,0.61,,0.7951,2.0729,,531351.0532,527228.6862
600582.SH,20260327,1.4341,1.29,9.8099,0.9374,0.8209,5.4655,2400381.5574,2400381.5574
300845.SZ,20260327,3.4244,0.54,47.1592,2.914,6.0324,2.1645,233402.6485,164131.4692
603565.SH,20260327,0.5887,0.6,11.0747,2.3957,2.2094,10.8252,2366771.1171,2366771.1171
002076.SZ,20260327,1.6336,0.62,,7.3207,9.7517,,230697.8941,216793.0403
002218.SZ,20260327,13.3575,0.76,,2.3228,9.2611,0.1494,942484.7062,928729.6321
603178.SH,20260327,0.5186,0.55,,3.0054,2.1018,0.2591,365019.9443,365019.9443
920493.BJ,20260327,3.1845,0.68,399.1905,19.983,7.8443,,870682.5437,638639.8047
600731.SH,20260327,2.0499,1.14,15.4497,1.2825,1.8113,2.751,406205.7364,393803.2975
603600.SH,20260327,1.5206,1.02,13.0355,1.4966,0.7076,4.4427,342659.1973,311139.4413
301273.SZ,20260327,1.8981,0.63,,2.3197,6.2557,,213779.1073,164078.7223
002771.SZ,20260327,14.268,1.19,,5.6327,6.843,0.0616,347159.5855,288821.754
920427.BJ,20260327,1.667,0.67,,3.8866,12.7984,1.2351,121033.53,59766.0084
600594.SH,20260327,1.8466,0.97,,1.2654,1.5947,,304100.1216,304100.1216
603993.SH,20260327,1.2614,0.66,19.2495,4.8414,1.8459,1.4505,37611197.2894,30696160.5454
301037.SZ,20260327,2.7449,0.5,,3.2516,1.1211,,206323.022,100908.7129
600060.SH,20260327,0.8542,1.18,10.8697,1.364,0.4591,4.1199,2787420.7345,2777160.3881
603156.SH,20260327,0.2952,0.54,23.3839,4.1936,6.5735,6.2187,3769490.1999,3769490.1999
601598.SH,20260327,0.2468,0.8,11.0696,1.0912,0.4405,4.9864,4175123.2141,3001647.6721
300275.SZ,20260327,1.3693,0.48,68.7467,3.558,7.2092,0.27,336033.5292,296164.4452
920608.BJ,20260327,0.7537,0.83,29.9459,2.1208,6.9144,1.8337,101824.64,64477.9747
301500.SZ,20260327,8.2404,0.83,74.3739,2.348,0.7775,0.4756,1099178.1179,281763.1066
301630.SZ,20260327,5.4307,0.64,51.2097,4.1614,6.122,,696600.0,174150.0
300598.SZ,20260327,1.1054,0.58,,5.4434,3.7428,,807389.0583,807162.948
600577.SH,20260327,2.4435,0.73,43.6525,4.3497,1.0848,0.66,2604910.4635,2604910.4635
688798.SH,20260327,0.9646,0.69,49.4901,3.7338,5.4901,0.4901,1566624.4339,912194.5728
920260.BJ,20260327,1.9359,0.51,24.7703,2.3245,3.3883,1.9861,104274.85,99508.6777
601003.SH,20260327,0.5157,0.65,22.446,1.2857,0.1767,,1198570.9058,1166070.906
601001.SH,20260327,1.2408,0.67,14.4714,1.4886,2.1323,4.5156,2798426.4,2798426.4
300832.SZ,20260327,0.453,0.85,23.3715,4.4089,8.476,2.6493,3855522.078,3352080.9445
600400.SH,20260327,0.9092,0.54,,2.1221,3.0863,,494936.32,494936.32
688213.SH,20260327,1.4428,0.82,31.0359,6.3485,3.4412,0.3551,3107819.8369,2499110.7021
301393.SZ,20260327,2.3468,0.87,39.4129,2.3118,9.6664,0.7932,539784.0,210439.6655
600111.SH,20260327,2.147,0.89,79.8417,7.1544,4.0981,0.074,17088416.2351,17088416.2351
688410.SH,20260327,1.6889,1.24,35.1277,2.8304,6.231,0.6358,502731.7784,502731.7784
300621.SZ,20260327,3.175,0.81,,1.9763,0.2037,0.1224,169982.3239,165466.2036
300919.SZ,20260327,2.6772,1.68,42.4126,2.2969,1.2286,1.2155,5326959.4682,4663768.8449
301125.SZ,20260327,1.4799,0.36,445.4929,4.5263,4.6266,0.155,273734.5435,247383.152
600776.SH,20260327,1.1944,0.62,45.1899,4.9199,7.2919,0.4119,1860136.0948,1415836.0948
603881.SH,20260327,5.834,0.65,182.5794,8.17,15.0835,0.1602,2683138.0913,2683138.0913
002915.SZ,20260327,2.1118,0.89,,4.665,4.5141,,693009.9731,595450.7666
000725.SZ,20260327,0.9813,0.63,22.1203,1.1061,0.6995,1.2787,14632509.5853,14354957.1583
600113.SH,20260327,1.6609,1.45,146.6743,8.2768,27.3178,0.2393,2113043.3032,2064150.1297
000543.SZ,20260327,4.1515,1.41,8.6519,1.2021,0.7042,3.5016,2065112.4945,2065112.4945
603089.SH,20260327,0.9204,0.68,21.704,1.7515,1.2429,0.6673,339961.8118,295961.0194
601860.SH,20260327,1.9832,0.94,6.8445,0.5074,2.3633,3.6232,1010437.2398,980238.3366
600131.SH,20260327,1.9953,0.7,34.5441,3.7981,2.2044,1.1326,2342784.111,2337994.5663
920263.BJ,20260327,0.5504,0.41,78.9042,2.5903,4.7348,,150423.6842,109262.3299
002799.SZ,20260327,1.4027,0.6,,2.1087,2.95,,267873.48,267869.9646
603390.SH,20260327,0.7697,0.67,63.1757,2.494,4.3338,0.7854,402993.1737,401688.9901
688612.SH,20260327,1.7149,0.79,22.4217,3.445,1.9698,1.2029,1249180.532,752606.8404
002628.SZ,20260327,3.6642,0.84,,1.3794,4.8479,,395206.4166,393475.6666
301584.SZ,20260327,5.6396,0.64,36.7938,5.3076,0.5714,,1102512.0281,140570.2838
301132.SZ,20260327,4.6065,0.69,41.6039,3.1356,3.6051,1.0897,569391.6274,364253.9256
301314.SZ,20260327,5.3559,0.64,168.5936,2.404,14.5289,0.4392,251608.5,74002.5
688662.SH,20260327,6.1814,0.96,133.3326,7.2791,9.9429,0.5806,531822.48,531822.48
002576.SZ,20260327,2.3447,0.52,36.4404,2.3636,1.6889,0.4278,308737.0,302991.5578
600665.SH,20260327,1.0762,0.76,,1.1094,0.2672,,294665.7797,294665.7797
300629.SZ,20260327,3.27,0.59,299.5533,3.3057,16.2239,0.4446,562434.1995,485057.7408
600568.SH,20260327,0.776,0.7,,3.1931,9.6043,,548039.1623,458993.5017
920690.BJ,20260327,1.0229,0.61,21.9084,2.6665,4.1254,1.6447,161241.6,104816.9626
002601.SZ,20260327,1.1726,0.83,32.8551,1.8102,1.6116,3.386,4203429.3227,3504143.7117
300382.SZ,20260327,3.4278,1.72,,3.1561,3.5229,,726207.9933,726138.8086
600774.SH,20260327,1.4606,0.84,,1.5513,2.5019,,259038.449,258904.7954
301362.SZ,20260327,9.0297,0.92,54.5402,4.2382,6.438,1.8515,1056120.3,299370.3
600318.SH,20260327,2.8397,0.63,111.8072,3.6624,11.318,0.2571,398902.0977,398902.0977
603318.SH,20260327,7.3683,0.87,,2.4357,1.8459,0.6708,465370.8299,385160.5052
300110.SZ,20260327,2.1233,0.93,,2.7301,2.9466,,370032.6634,369605.301
301129.SZ,20260327,3.8923,0.78,48.5425,1.9967,7.1956,0.9864,336481.9624,164115.47
002171.SZ,20260327,1.5307,0.76,31.2716,2.0506,0.3018,,1778739.9077,1768660.6511
002775.SZ,20260327,1.4901,0.65,,7.5598,4.4536,,268505.2779,241152.0819
001227.SZ,20260327,2.1227,0.97,6.8138,0.4289,1.6738,4.4493,1292923.2571,957372.507
301508.SZ,20260327,2.5887,0.69,43.7239,3.2535,7.5529,0.7182,664238.3176,172861.3432
000750.SZ,20260327,0.7232,0.76,32.2525,1.0958,7.1596,1.0853,2471449.5226,2243130.9391
001230.SZ,20260327,2.2668,0.66,20.8841,1.6493,2.016,1.8084,316102.3642,185002.3709
600737.SH,20260327,1.5361,1.3,22.4793,2.7235,1.0208,2.8552,3071386.0554,3071386.0554
688390.SH,20260327,5.4963,0.94,177.6555,8.8085,2.7203,,2417253.7481,2417253.7481
300394.SZ,20260327,3.7216,0.82,134.743,50.616,51.704,0.2699,24690728.6982,24641071.7794
920682.BJ,20260327,0.9724,0.56,28.3956,2.3364,0.7131,2.0008,270291.84,156747.5442
688302.SH,20260327,3.1349,3.05,,3.7871,194.9296,,402993.4839,402993.4839
300564.SZ,20260327,1.8621,0.56,164.1839,1.9867,7.355,3.3625,239875.7024,168316.1323
601009.SH,20260327,0.402,1.07,6.3499,0.7628,2.4932,4.4268,13847195.3144,13847195.3144
603300.SH,20260327,1.8575,0.48,21.2167,2.1114,2.3319,0.365,1374213.821,1374213.821
002195.SZ,20260327,2.6594,0.59,297.5283,5.1461,79.6448,,5137522.5546,5074743.1111
301295.SZ,20260327,8.1767,0.91,168.4481,3.6965,4.8605,0.6859,352699.2,102870.6
002573.SZ,20260327,0.8579,0.67,,0.917,0.6111,,544877.8254,543907.7794
002374.SZ,20260327,1.1597,0.51,,4.2242,6.1364,,355948.6448,355948.6448
300792.SZ,20260327,2.1963,0.79,101.0415,2.7517,7.2088,0.2941,805605.282,722614.4882
688155.SH,20260327,1.6114,0.68,27.2092,4.1535,3.197,0.7852,957247.0166,957247.0166
603332.SH,20260327,2.6027,0.51,51.5251,2.1888,1.7848,1.6986,279304.2145,279304.2145
301397.SZ,20260327,1.9191,0.54,39.6419,2.3323,3.2532,2.0842,457026.2685,207686.1749
002645.SZ,20260327,5.4979,0.95,,2.7106,1.5479,,1081983.0206,963591.0979
300527.SZ,20260327,0.7146,0.53,706.4082,2.8191,7.9606,0.0316,820533.6902,820533.6902
688716.SH,20260327,1.8963,0.86,339.448,3.4016,13.0274,0.6042,402760.8,231458.9327
000717.SZ,20260327,1.138,0.48,,0.782,0.2181,,613232.9343,613160.9241
688793.SH,20260327,5.1883,0.79,,10.0415,3.1432,,242366.0816,242366.0816
300908.SZ,20260327,1.039,1.24,22.0445,2.256,3.6616,2.9412,397120.0,334975.2733
601089.SH,20260327,0.8088,1.49,24.1521,3.0347,3.2709,2.0923,1118400.0,1118400.0
002168.SZ,20260327,3.6586,2.63,,131.1378,8.8899,,297197.9165,297197.9165
300230.SZ,20260327,1.6508,0.59,17.3729,1.1955,1.637,1.357,389529.2382,301684.977
000782.SZ,20260327,2.3012,0.58,,2.1205,1.3766,,364574.7813,280442.1398
002774.SZ,20260327,1.0817,0.51,36.2852,3.0008,2.5427,3.3676,359919.3651,301214.1985
300600.SZ,20260327,0.9746,0.46,,2.9968,15.0742,,366027.6931,366027.6931
000972.SZ,20260327,1.4985,1.14,,,8.0407,,293087.76,293087.76
000856.SZ,20260327,11.1718,0.56,101.7,6.1425,0.9557,,265590.0,265590.0
603896.SH,20260327,0.6339,0.67,28.1375,1.6615,5.7327,1.4369,372500.3088,372500.3088
002430.SZ,20260327,1.9048,0.98,27.9961,2.7777,1.9009,1.3977,2811790.5657,2810683.2854
920152.BJ,20260327,0.823,0.48,,9.3074,3.2272,,193957.2414,143124.854
688376.SH,20260327,1.2594,0.54,70.0576,4.1937,4.2325,0.3297,815163.4665,815163.4665
600016.SH,20260327,0.4321,0.63,5.5247,0.2984,1.1715,5.1697,16768666.2863,13581993.1906
601619.SH,20260327,2.2999,0.55,24.2835,2.0821,6.6271,2.5547,1636976.2202,1368290.9614
300162.SZ,20260327,6.3566,0.71,,4.0643,3.0972,,363295.686,296312.1015
301079.SZ,20260327,4.8831,0.64,,8.3415,14.7631,0.0554,394443.6193,251750.7456
601595.SH,20260327,0.7149,0.52,86.2899,6.1604,12.3445,0.2043,1053270.0,1053270.0
600398.SH,20260327,0.5225,0.67,13.84,1.6239,1.3734,2.9557,2924887.1103,2924887.1103
920885.BJ,20260327,2.2832,0.68,96.0393,7.964,16.4785,0.2349,325582.7294,168687.0916
000883.SZ,20260327,1.3266,0.93,19.4909,0.9928,2.1189,1.7588,3695440.3429,3382343.607
600408.SH,20260327,9.9806,0.63,,2.8923,0.7398,,392652.0,392652.0
688096.SH,20260327,5.0891,0.89,,2.4433,4.6338,1.1179,219521.2957,219521.2957
603269.SH,20260327,3.1417,0.59,40.4434,4.5084,2.5021,1.5405,429473.7093,429473.7093
301251.SZ,20260327,5.4519,0.62,96.7163,4.8379,5.4049,0.2375,759509.2015,304467.1642
600055.SH,20260327,0.604,0.96,,2.2995,7.61,0.8916,1025063.0226,1025063.0226
001322.SZ,20260327,0.5112,0.67,107.6029,1.5333,1.0698,1.7366,724405.057,588423.9872
002669.SZ,20260327,2.5783,0.63,,1.4062,0.8169,,381677.2,380818.9924
002510.SZ,20260327,2.0949,0.61,126.2767,2.8756,3.1085,0.4237,718718.2053,711431.6378
002041.SZ,20260327,2.2995,0.88,181.1229,2.6013,7.9797,0.2708,942480.0,942480.0
002370.SZ,20260327,3.6224,1.44,36.0965,4.343,14.9067,,486920.8971,486920.8971
603339.SH,20260327,0.9352,0.75,25.5146,1.5291,2.3966,1.7937,398250.7922,398250.7922
603508.SH,20260327,0.6228,0.72,15.5747,2.4994,6.1509,13.0436,961192.7044,961192.7044
000878.SZ,20260327,2.6181,0.87,34.4177,2.6588,0.2495,1.0735,4479314.9219,3700687.6361
920768.BJ,20260327,1.0068,0.68,22.138,1.7005,0.6588,,120291.48,82919.806
000888.SZ,20260327,1.8897,0.62,30.4532,2.5561,7.285,2.5385,684987.0326,684987.0326
600725.SH,20260327,1.121,0.48,,19.7909,8.5265,,554611.5,554611.5
002616.SZ,20260327,13.6654,1.43,19.6952,1.7074,1.564,1.9135,581689.4811,397724.1414
002875.SZ,20260327,1.407,0.45,,6.4357,7.4397,,413465.7486,354109.3668
300034.SZ,20260327,1.4812,0.59,164.8654,3.8068,3.8997,0.5528,1441703.4675,1387605.6191
688636.SH,20260327,2.4929,0.96,67.9525,4.9734,9.796,0.2302,694408.2712,669336.2282
000620.SZ,20260327,2.8403,0.61,,3.8732,8.8931,,1732185.4368,1378165.9004
300130.SZ,20260327,1.5147,0.71,38.2042,3.0349,4.3208,2.1552,1316133.9654,1007233.3546
600851.SH,20260327,1.5621,0.75,61.8016,2.0679,12.2536,0.5,965645.3536,590564.888
920239.BJ,20260327,0.8047,0.75,22.5312,5.1286,1.2488,1.1611,560060.2515,551941.1618
301236.SZ,20260327,1.5677,0.7,193.7282,2.8797,1.142,0.2419,3938895.2104,2979838.6213
600726.SH,20260327,6.7121,0.97,,12.8441,3.1709,,5282100.5883,4993524.5869
600933.SH,20260327,0.8464,0.72,15.9553,1.8677,2.4627,1.6946,1744014.441,1654697.2683
600371.SH,20260327,2.837,0.68,123.6344,4.5488,11.328,1.7564,249861.612,249861.612
300674.SZ,20260327,1.2386,0.78,34.7207,3.1122,3.632,1.2971,1377839.6664,1375794.0828
600704.SH,20260327,1.13,0.79,7.0106,0.6588,0.0451,6.0194,2663157.6434,2663157.6434
300539.SZ,20260327,2.1048,0.78,144.7947,6.3867,8.1832,0.4053,742102.6324,603114.64
000581.SZ,20260327,1.8913,0.85,12.9997,0.9989,1.7421,4.8617,1994478.8847,1637747.7221
003002.SZ,20260327,1.585,1.07,28.045,3.4029,3.948,0.5852,510400.0,466626.2458
603709.SH,20260327,1.8689,0.85,,4.1751,1.3506,,216222.398,214562.3981
002092.SZ,20260327,2.8561,0.63,,0.8604,0.6453,,1851863.9547,1841515.0268
603661.SH,20260327,0.4568,0.75,15.366,1.1411,0.3621,4.1667,423876.3105,423876.3105
601992.SH,20260327,0.8125,0.46,,0.4708,0.1853,2.7933,1911321.033,1491814.3293
688550.SH,20260327,4.3978,1.97,22.942,2.1956,4.2529,1.4239,713109.8847,713109.8847
920396.BJ,20260327,2.4694,0.66,54.445,6.1236,8.6082,0.6741,222441.0989,158030.9592
001215.SZ,20260327,3.3915,1.46,62.9563,1.885,1.8704,,352012.2959,350644.4938
300211.SZ,20260327,1.1292,0.85,,5.4085,12.6224,,250742.0215,245095.6415
300071.SZ,20260327,3.4154,0.85,,34.7684,4.7141,,487725.474,478347.5382
000608.SZ,20260327,3.8821,0.95,,1.5451,9.3976,,320962.8963,319042.9953
002687.SZ,20260327,2.3255,0.64,41.3649,1.6439,1.9134,,245322.8326,200936.5221
600831.SH,20260327,7.6871,3.97,,1.901,2.1623,,279402.1679,279402.1679
300785.SZ,20260327,5.8772,0.85,112.7989,5.0704,7.3012,0.3115,957487.995,589039.5823
300740.SZ,20260327,2.6575,1.09,53.7418,3.9316,1.7692,,814064.944,749341.8835
603800.SH,20260327,1.9146,1.01,83.8683,9.1772,6.627,0.255,790816.0,790816.0
603822.SH,20260327,1.4999,0.91,,16.1334,2.2243,,720703.6366,720703.6366
301418.SZ,20260327,2.7881,0.67,170.6016,1.6467,7.8345,,266493.3358,106971.6378
300834.SZ,20260327,1.6665,1.81,72.4197,1.6215,3.3357,1.2262,476144.9637,472985.0228
002876.SZ,20260327,2.7251,0.88,90.4922,1.838,1.3023,0.5949,437494.4889,374756.7156
301313.SZ,20260327,1.9542,0.52,,4.1872,5.573,,301566.661,220046.867
300172.SZ,20260327,4.0991,0.65,51.0286,2.0668,5.2739,0.8446,400612.32,309919.3331
301163.SZ,20260327,5.7364,1.0,65.7656,2.0863,2.8904,0.4304,236966.4,158923.2557
300666.SZ,20260327,7.3217,1.85,80.4987,7.834,8.4124,0.2088,3874212.6132,3229336.164
000514.SZ,20260327,0.9601,0.61,43.6362,1.0702,13.9177,,405853.8342,405853.8342
600282.SH,20260327,0.6664,0.81,11.5027,1.1901,0.5687,3.8056,3298323.6909,3298323.6909
000166.SZ,20260327,0.2645,0.71,12.6309,1.0736,4.423,1.7125,11843893.7769,10659294.9605
688566.SH,20260327,1.8204,1.33,22.8907,2.4396,6.1363,1.7514,592110.2382,592110.2382
600741.SH,20260327,0.2513,0.69,8.2551,0.8807,0.3163,4.4248,5700124.9631,5700124.9631
600736.SH,20260327,0.8377,0.65,40.7338,0.9391,1.2735,0.2956,701137.3804,701137.3804
688311.SH,20260327,1.6675,0.68,,3.7725,12.2459,,643029.7377,643029.7377
601007.SH,20260327,2.9149,0.84,100.6188,2.0019,1.7956,0.861,317070.0,317070.0
600059.SH,20260327,0.5993,0.6,39.2003,1.3873,4.4042,0.904,806715.0355,806715.0355
000932.SZ,20260327,0.7125,0.53,12.8367,0.6443,0.279,1.9307,3556504.154,3556504.154
002841.SZ,20260327,1.1288,1.16,22.9179,1.7413,0.9537,2.0303,2322607.2107,1733240.3294
688475.SH,20260327,0.3666,0.84,36.8616,3.6071,3.539,1.3198,2088450.0,2088450.0
300987.SZ,20260327,1.9592,0.76,134.7209,3.7558,8.9988,0.728,297672.856,297672.856
688138.SH,20260327,0.5767,0.56,44.5738,3.0051,6.7294,0.9758,834220.0,834220.0
688018.SH,20260327,2.3303,1.51,48.6482,5.4321,9.4411,0.2756,2421902.2149,2270622.4418
603920.SH,20260327,2.2271,0.78,45.0704,5.7006,6.7879,1.7612,3682226.7399,3682226.7399
601377.SH,20260327,0.529,0.65,15.5521,0.9392,4.0821,2.4752,5233408.3002,5233408.3002
300916.SZ,20260327,2.2306,0.56,31.5241,3.1485,2.6999,1.345,430171.2768,277846.4437
300039.SZ,20260327,1.874,0.94,17.9201,1.3719,5.2876,2.1959,619232.0,542820.3258
003026.SZ,20260327,4.3992,0.74,104.0166,6.9458,10.824,0.4239,457295.832,337613.0607
688351.SH,20260327,0.4697,0.76,194.8578,5.5307,21.4567,,996730.8,996730.8
301099.SZ,20260327,5.8725,0.55,66.8722,5.3771,1.1619,0.4665,696809.1065,426546.5711
300132.SZ,20260327,1.8557,0.7,32.6955,3.0984,2.0726,,436510.8487,429328.685
605166.SH,20260327,0.838,0.51,15.5477,1.6458,0.5171,1.3052,320712.6621,320712.6621
600326.SH,20260327,1.2139,0.57,,3.14,3.6096,,1265729.449,1265729.449
001373.SZ,20260327,3.7414,0.5,,2.7811,4.3237,0.1704,241846.5326,116656.8284
920029.BJ,20260327,0.8025,0.52,16.032,3.0372,3.7512,1.8387,1133037.4294,313974.2294
301337.SZ,20260327,4.4336,0.7,,2.599,11.5409,,284987.0,101156.0946
300390.SZ,20260327,10.3975,1.42,132.2173,4.6841,7.0443,0.9374,5317635.794,4303184.786
301100.SZ,20260327,2.2289,0.95,,1.8844,3.1072,,376000.0,164500.0
300706.SZ,20260327,6.3531,1.22,,7.1256,3.7196,,500835.9972,371315.7822
300069.SZ,20260327,15.0034,1.29,99.8997,8.2164,9.2628,,232011.0,232011.0
600730.SH,20260327,1.7586,0.66,656.1804,3.0974,47.4035,0.1057,554976.5779,554976.5779
301520.SZ,20260327,3.0858,1.0,67.4602,1.8214,9.3334,,275533.3347,92674.2259
300604.SZ,20260327,2.346,0.73,80.8026,17.9031,15.9857,0.0807,7809058.7197,6024903.8934
920675.BJ,20260327,2.1241,0.5,34.5825,2.7962,3.0948,1.9861,173369.148,79570.9951
301127.SZ,20260327,1.073,0.55,38.207,3.3472,5.641,0.597,1083906.2902,1052012.9867
601298.SH,20260327,0.2119,0.96,10.6512,1.2283,2.9856,4.015,5614801.5,4664144.875
601117.SH,20260327,1.9696,0.78,8.6342,0.8271,0.2932,3.1429,5557066.2074,5540141.2994
688209.SH,20260327,0.918,0.7,48.6967,3.9405,5.3619,0.443,864097.8256,864097.8256
688409.SH,20260327,1.8687,1.24,,6.0247,7.6161,0.1689,2704147.3187,2704147.3187
688503.SH,20260327,6.4731,1.47,52.0669,4.251,1.4588,0.4696,2129654.0248,1767893.3642
002270.SZ,20260327,1.1871,0.5,34.65,7.8265,10.1337,2.2483,2459242.5827,2459203.1733
920124.BJ,20260327,0.7666,0.35,23.0884,2.2222,2.1433,,234998.6377,120919.6262
002908.SZ,20260327,0.9602,0.45,244.2878,3.4997,6.429,0.5511,386994.5829,288685.6649
301109.SZ,20260327,3.3747,0.7,18.5544,1.7831,4.8017,3.7224,1362777.1541,398283.5429
301112.SZ,20260327,0.5802,0.67,,2.9561,6.7846,0.3082,357815.117,357815.117
300195.SZ,20260327,2.8227,0.66,205.7321,1.2201,2.001,,326678.6799,242026.5229
603165.SH,20260327,6.257,0.66,23.2861,2.1577,2.2247,7.9284,485474.1417,485474.1417
300085.SZ,20260327,8.3882,0.8,,56.4223,37.0618,,2825855.4995,2607399.4271
688112.SH,20260327,0.5373,0.54,43.2262,3.8417,10.2383,1.3173,616363.1621,616363.1621
300806.SZ,20260327,2.2866,0.5,433.4491,8.8622,6.8787,0.0224,2010387.7308,1402392.1128
605399.SH,20260327,1.5924,0.81,,2.0957,4.1605,0.6945,449575.6723,448599.3523
600388.SH,20260327,1.0626,0.57,20.7927,2.1072,1.948,1.5376,2312754.2996,2312754.2996
300364.SZ,20260327,5.6301,0.88,,39.9718,13.8736,,1889729.3061,1713107.1016
301626.SZ,20260327,6.559,0.97,158.4824,18.8752,27.7787,0.2179,2972976.0,1352308.2486
000592.SZ,20260327,8.4927,0.65,,10.6358,14.479,,2039960.622,2022337.6261
600061.SH,20260327,0.3246,0.61,12.6893,0.8091,23.2152,1.8459,4399061.9786,4399061.9786
688252.SH,20260327,1.5024,1.58,36.1004,3.5025,3.85,0.3471,842992.9838,842992.9838
002467.SZ,20260327,11.9897,1.04,126.2385,5.1609,12.7912,0.1364,1008147.5829,1001925.9405
300164.SZ,20260327,22.0857,0.81,159.0457,6.9605,8.5271,,1013914.2178,1004872.1705
601236.SH,20260327,0.3148,0.7,37.9179,1.5142,17.147,1.9487,3702678.3775,3702678.3775
300487.SZ,20260327,1.6317,1.22,40.9824,8.7589,13.3025,1.1455,3452945.4859,2088974.7325
605011.SH,20260327,2.531,1.21,46.1664,3.6345,2.6708,1.0138,868217.0,868217.0
301291.SZ,20260327,4.0997,0.64,24.3736,3.4457,2.2404,1.4573,1692436.2,876233.9331
600345.SH,20260327,5.6899,0.76,94.1929,3.6793,14.4568,0.1399,1295375.6788,831428.0372
000931.SZ,20260327,1.9611,1.04,74.7938,2.3497,1.5488,,384847.8878,383776.0909
605580.SH,20260327,1.4489,0.83,49.6206,6.2509,6.6226,1.1606,603120.0,603120.0
688084.SH,20260327,2.3641,0.81,,3.3855,17.7642,,522047.5554,522047.5554
603235.SH,20260327,0.0966,0.46,18.9289,2.4408,5.2472,2.5335,1167997.04,1167997.04
603987.SH,20260327,1.1827,0.78,15.3523,1.4031,1.6436,1.7503,374329.7842,374329.7842
688708.SH,20260327,0.7067,0.79,47.4171,5.912,18.618,0.1934,2068451.71,735711.0059
603379.SH,20260327,0.7862,0.65,21.3189,5.1979,7.102,1.2148,3855785.5977,3855785.5977
000762.SZ,20260327,9.2633,1.66,,5.4682,67.5042,0.1623,1605685.7169,1605628.3053
600231.SH,20260327,0.7495,0.55,,1.2274,0.3622,,578473.7041,571230.6641
301102.SZ,20260327,0.6199,0.62,104.7531,1.4582,7.246,0.1852,438480.0,438480.0
600155.SH,20260327,0.839,0.71,88.2287,0.7,4.3384,,1398958.8455,1398958.8455
600110.SH,20260327,10.1528,1.47,,2.553,2.3624,,1502666.6871,1502666.6871
300266.SZ,20260327,1.94,0.56,,126.6574,4.062,,430404.626,430146.8913
000705.SZ,20260327,2.0196,0.75,61.9844,1.4508,1.0968,0.6849,292691.9985,246997.6179
603439.SH,20260327,0.8185,1.32,28.0963,3.062,2.6009,3.0488,451458.9585,445839.5985
300204.SZ,20260327,12.2796,4.8,,15.2341,54.2749,,1326296.6127,1259372.6548
300328.SZ,20260327,3.853,0.7,,10.3635,6.956,,1135056.3984,1128386.8959
688151.SH,20260327,1.0822,0.75,168.3835,1.6996,11.4372,0.2081,718627.0,718627.0
603768.SH,20260327,0.8653,0.56,,1.119,0.7485,0.5247,262941.222,262941.222
002155.SZ,20260327,3.9949,0.82,37.8212,5.9896,0.9514,0.6049,4570755.0993,4570342.5017
300027.SZ,20260327,2.5185,0.66,,16.5517,15.4982,,435597.4293,390141.6696
688215.SH,20260327,1.7058,1.06,123.1764,8.958,10.0042,0.1194,434465.9522,434465.9522
600800.SH,20260327,14.879,3.06,,4.7732,1.3456,,567233.1054,567072.1404
600716.SH,20260327,1.2405,0.98,,0.8559,3.8044,,430587.8714,430587.8714
002701.SZ,20260327,0.5932,0.62,11.8076,1.3342,0.6169,2.3529,1305477.8392,1304276.9381
300979.SZ,20260327,0.0782,0.48,15.8819,3.1361,2.0387,7.5619,5092788.0,5092743.4872
600489.SH,20260327,1.294,0.61,27.9985,4.2404,1.6846,1.5192,12380036.2885,12380036.2885
920014.BJ,20260327,6.5575,0.52,194.0736,2.1791,3.2538,1.4281,171696.1509,94469.6429
003027.SZ,20260327,3.1963,0.73,33.8216,1.615,3.1309,1.3906,275695.2288,221151.7815
600377.SH,20260327,0.3507,1.05,13.0694,1.5132,2.7556,4.0496,6095674.475,4600641.4312
603163.SH,20260327,3.1444,0.67,73.0311,9.6486,3.7718,0.7984,1127200.0,1127200.0
000739.SZ,20260327,0.7287,0.69,22.8261,3.2075,2.078,3.9962,2033068.4759,2032304.7508
002314.SZ,20260327,1.7396,0.76,,0.7462,0.4516,,685068.9758,338584.1478
301353.SZ,20260327,2.9337,0.61,38.2358,2.0404,2.8654,1.3992,264205.7411,85792.4411
600744.SH,20260327,6.6086,0.52,81.1823,11.9902,1.9962,,1706144.3902,1706144.3902
002276.SZ,20260327,1.4768,0.7,28.6635,2.3441,0.7574,0.3552,1427638.5298,1422244.9369
688352.SH,20260327,1.9417,0.68,54.8461,2.3708,6.6556,0.8127,1457759.7151,448570.2568
605077.SH,20260327,0.8376,0.85,17.8955,1.486,1.2216,4.7425,447301.7011,441957.8431
002517.SZ,20260327,1.8765,0.78,20.2155,3.8231,7.4168,0.547,3905418.2318,3453250.4382
301220.SZ,20260327,3.9139,0.7,36.5545,2.7417,4.8502,0.3324,480854.8618,331888.5679
301212.SZ,20260327,1.5086,0.76,182.8261,2.2023,4.1596,0.4389,295272.0,256312.5
300042.SZ,20260327,10.9046,0.6,,8.8898,8.593,,890577.6,890495.6082
688602.SH,20260327,2.8507,1.04,,1.4874,5.2439,,404593.125,202225.4094
600712.SH,20260327,0.949,0.61,,4.3463,5.9593,,346400.809,342580.364
300167.SZ,20260327,1.6662,0.62,175.3759,82.3784,5.0037,,236739.392,218207.096
600773.SH,20260327,6.8015,1.34,381.6919,3.9705,10.4344,0.0508,1874626.1241,1874626.1241
920790.BJ,20260327,1.0066,0.73,274.0512,6.6193,10.8672,1.1464,206656.6913,142231.2231
605398.SH,20260327,0.9008,0.59,641.861,4.171,8.21,0.056,429571.2406,429571.2406
603855.SH,20260327,0.389,0.46,14.5374,3.06,1.6723,5.2718,640258.367,636505.1525
002824.SZ,20260327,4.9118,1.19,46.7443,2.584,1.5532,0.8111,585016.2154,413602.1432
603278.SH,20260327,1.4417,0.64,,1.8413,0.7337,,369441.9028,369441.9028
300246.SZ,20260327,6.5802,0.68,,3.3039,3.6168,0.3457,378385.3988,302172.482
300314.SZ,20260327,2.2339,0.76,55.287,3.0204,7.1226,0.6808,368064.0,183701.5705
688569.SH,20260327,0.3559,0.62,24.797,1.441,3.3304,1.7361,424704.0672,424704.0672
603325.SH,20260327,1.4031,0.79,12.7573,2.1625,3.7494,1.7087,573548.676,245059.3608
600805.SH,20260327,1.8145,0.64,61.357,1.1107,1.7008,1.4286,476500.9166,476154.2061
688246.SH,20260327,1.4092,0.74,,2.123,6.7803,,276409.4664,276409.4664
603766.SH,20260327,0.8265,0.85,15.966,3.0166,1.4994,4.2888,2872905.0482,2872905.0482
603408.SH,20260327,0.4203,0.76,12.1631,1.5764,1.0653,5.8524,527688.567,527688.567
000004.SZ,20260327,4.3529,0.53,,18.0578,9.042,,66719.6621,63649.0351
601628.SH,20260327,0.1197,0.94,6.8461,1.7722,1.7133,1.8435,105483879.06,77713413.96
301042.SZ,20260327,3.2737,1.39,574.6004,6.1413,13.7029,,645570.5994,611286.8372
002350.SZ,20260327,8.1968,0.85,121.0027,4.8595,3.6117,0.1914,802108.0681,784685.6256
600505.SH,20260327,8.0745,1.25,355.2078,4.5727,3.6004,0.1307,557788.275,557788.275
688172.SH,20260327,1.9137,0.76,,3.1554,31.5775,,5788991.3833,3155523.8942
688449.SH,20260327,1.85,0.56,142.7622,10.6501,15.2373,,2028600.0,1293030.2354
300750.SZ,20260327,0.7108,0.8,26.3069,5.634,4.4828,1.3294,189939098.2108,177152794.6605
920056.BJ,20260327,1.5462,0.52,32.3357,3.3258,2.984,,178332.9811,67332.1922
300315.SZ,20260327,2.1845,0.75,,2.6766,18.8507,,1324021.7805,1263100.5243
000938.SZ,20260327,3.1936,0.92,51.5552,4.9694,0.7374,0.2983,7190240.8032,7190240.8032
001231.SZ,20260327,2.6646,0.64,36.1872,2.3646,3.2354,0.6402,233759.66,116727.795
600887.SH,20260327,0.4233,0.69,20.6569,3.106,1.4143,6.4985,16547143.5049,16464920.1501
002354.SZ,20260327,2.3426,0.59,,7.3289,4.99,,941459.3316,925154.8978
300307.SZ,20260327,0.8561,0.82,54.3477,1.5939,2.71,1.524,521160.5082,513321.269
300637.SZ,20260327,1.7348,0.71,223.8654,3.5752,2.8704,,261981.1451,261707.5175
001311.SZ,20260327,2.2004,1.13,35.3141,2.1144,2.5442,1.6492,970341.6688,425794.6188
300762.SZ,20260327,2.9425,0.79,,9.1722,44.4792,,2141991.2483,2141991.2483
300190.SZ,20260327,2.1186,0.49,,1.1904,2.385,,390791.2664,389607.6592
301458.SZ,20260327,2.9173,0.55,70.9055,5.5129,12.2055,0.5791,911733.4473,401670.9136
600678.SH,20260327,1.8752,0.55,196.1806,13.2442,6.8463,,373419.3,373419.3
300973.SZ,20260327,1.5928,0.67,17.9735,2.3213,1.3185,2.0754,562041.1892,386750.6934
603908.SH,20260327,2.2049,0.93,75.6794,3.9732,2.0311,2.8657,211770.7707,211770.7707
300287.SZ,20260327,1.9042,0.81,,5.9812,14.1162,,643002.666,590563.4417
603169.SH,20260327,1.8733,0.46,186.8875,4.0019,1.9485,,1324579.8832,1324579.8832
002199.SZ,20260327,1.8741,1.37,,10.7996,8.6813,,205952.2391,205952.2391
920523.BJ,20260327,1.9579,1.2,16.0542,3.3403,4.4934,1.2766,238058.2172,190442.8532
002758.SZ,20260327,1.927,0.89,11.7974,1.079,0.1164,2.9611,516208.4865,515614.2974
688307.SH,20260327,10.8022,0.77,105.0587,7.3814,10.1274,0.5951,666692.74,666692.74
603341.SH,20260327,1.5064,0.67,34.5377,2.8001,0.4661,1.2745,1994728.4881,1016134.3759
300784.SZ,20260327,3.6184,0.77,42.5703,3.3934,5.2108,0.8283,271571.3704,81749.4167
688553.SH,20260327,1.8382,1.46,,1.9507,7.3461,2.6624,733251.6,594667.264
300109.SZ,20260327,1.1402,0.58,34.9026,2.246,5.7782,1.4495,836006.0086,773871.0241
000070.SZ,20260327,9.0851,1.15,,9.3632,3.4823,,1411740.5837,1393448.4399
300566.SZ,20260327,2.4068,0.72,24.9019,2.25,2.1619,1.1103,467856.7521,404624.5693
600227.SH,20260327,25.0701,1.04,,3.0114,3.2129,,721086.7215,545535.1159
688177.SH,20260327,1.0461,1.73,,24.8427,9.8854,,922984.32,922984.32
601186.SH,20260327,0.3294,0.5,4.4499,0.3479,0.0915,4.2918,9492099.5085,8040768.6045
600506.SH,20260327,2.162,0.54,310.1111,9.1417,1.682,,405543.9886,405543.9886
600892.SH,20260327,0.5146,0.41,,267.3674,7.9476,,201966.5719,201914.3525
002290.SZ,20260327,1.3902,0.6,91.7743,15.4888,5.8689,,1499342.8102,1493805.7604
600787.SH,20260327,1.2108,0.78,25.8891,0.8615,0.1883,1.271,1197883.9293,1197883.9293
600985.SH,20260327,0.983,0.84,21.015,0.9069,0.9178,5.3802,3754402.6403,3754402.6403
002581.SZ,20260327,1.1272,0.98,,2.661,19.2997,,497440.6318,302196.5354
002803.SZ,20260327,2.2672,0.91,30.2404,3.104,1.1917,1.8776,794965.3333,509679.3818
603077.SH,20260327,4.4591,1.42,,1.391,3.2973,,2525819.6472,2525819.6472
000919.SZ,20260327,1.3175,0.86,118.9136,1.1758,1.2958,1.3987,445919.8866,445806.744
603629.SH,20260327,9.9857,0.8,90.0561,8.9099,5.2552,0.1987,1691826.24,1656181.696
300581.SZ,20260327,1.3953,0.54,,7.4852,47.4162,,715142.4098,715142.4098
603733.SH,20260327,0.4802,0.72,17.1646,1.9988,1.3716,2.1315,1656074.3659,1656074.3659
688660.SH,20260327,0.8638,0.68,,4.1867,1.2669,,1733333.42,1733333.42
920021.BJ,20260327,6.6791,0.82,285.9444,4.6473,7.2328,,299111.9835,239632.9235
002971.SZ,20260327,2.2236,0.85,86.843,3.9253,3.9802,0.3375,625947.78,475929.438
301299.SZ,20260327,5.7709,0.93,60.498,6.7594,11.1562,2.5848,397122.9431,292657.749
301386.SZ,20260327,3.9489,0.66,36.3198,2.3741,6.5729,1.9881,352100.0,107946.3251
301587.SZ,20260327,27.3716,2.63,88.3797,2.0605,6.2248,1.7521,407656.6867,203244.5617
688221.SH,20260327,4.3812,2.0,,8.434,51.9101,,745786.0981,745786.0981
603931.SH,20260327,0.9065,0.74,42.7879,3.3841,8.7247,0.8041,545991.7277,545991.7277
688567.SH,20260327,1.202,0.89,,1.8279,1.862,,1691391.7768,1691391.7768
688530.SH,20260327,16.8224,1.35,,6.2354,9.222,0.207,502540.7474,212823.5606
301363.SZ,20260327,1.2186,0.61,46.2696,3.975,8.9054,0.5915,1453465.8649,953533.6854
920533.BJ,20260327,1.6623,0.76,83.6787,7.9984,4.217,0.6838,294203.988,164558.5493
600301.SH,20260327,4.7549,1.21,50.7852,6.9114,5.8013,,3105906.3219,1351898.1937
600170.SH,20260327,1.4732,0.65,12.0525,0.7743,0.1,2.1818,2443633.4296,2443633.4296
603589.SH,20260327,0.4747,0.72,13.6285,1.414,3.0682,5.2545,1480943.8127,1480943.8127
002442.SZ,20260327,1.9159,0.61,33.0264,1.6385,0.6717,2.0101,300463.8661,294061.1158
688169.SH,20260327,0.7572,0.69,23.4782,2.2785,1.7154,0.6189,3193226.8792,3193226.8792
600149.SH,20260327,19.8202,1.35,166.2746,11.4742,12.8593,,267632.64,267632.64
300478.SZ,20260327,2.1064,0.95,,57.1938,6.5734,,293754.687,293754.687
002209.SZ,20260327,14.3507,3.06,25.1121,4.01,1.7373,0.3144,329194.0487,258541.5746
601019.SH,20260327,0.3529,0.86,11.7447,1.1755,1.5674,4.2578,1813516.1,1813516.1
300237.SZ,20260327,1.11,0.57,,,1.8729,,343175.7533,343172.5403
002212.SZ,20260327,1.323,0.56,522.8261,0.9454,3.6053,0.2644,879872.5937,870470.05
002347.SZ,20260327,1.8037,0.61,,3.6247,3.5773,0.2433,414865.2709,405560.7446
688322.SH,20260327,1.3193,0.6,238.7814,10.1918,32.2585,,3034656.1756,2410786.9055
688225.SH,20260327,0.419,0.48,,3.9453,0.8757,,679216.98,679216.98
300692.SZ,20260327,2.134,0.58,54.9104,1.568,3.9037,0.3259,381925.974,341849.1029
300768.SZ,20260327,0.8982,0.68,61.4979,2.9404,8.2787,0.5094,998578.8395,652455.6167
600865.SH,20260327,1.2607,0.73,166.8416,1.8293,22.7597,1.6115,420260.433,420260.433
601898.SH,20260327,0.3961,0.57,13.7881,1.5278,1.4856,2.3714,23706490.1592,16363776.7152
301075.SZ,20260327,7.2403,4.21,,8.8456,29.8127,,528000.0,528000.0
603170.SH,20260327,0.4882,0.8,20.254,3.6104,1.7857,3.0612,509612.74,509612.74
688010.SH,20260327,1.1747,0.7,358.9622,2.6287,6.7475,0.1987,455673.7584,455673.7584
688119.SH,20260327,0.853,0.55,,2.0387,2.8731,,573750.0,573750.0
301505.SZ,20260327,3.2461,0.9,115.9363,2.6384,9.4771,0.887,256599.1798,175383.696
301323.SZ,20260327,4.1344,1.3,41.1653,2.7192,6.2345,1.0563,588023.4146,376870.7309
600502.SH,20260327,1.3646,0.84,6.6986,0.7271,0.0912,6.2366,798188.2812,798188.2812
603767.SH,20260327,0.4925,0.46,674.8869,4.0824,6.3707,1.0875,567573.3285,567573.3285
300940.SZ,20260327,1.624,0.65,37.2557,4.1439,5.9088,,492934.6396,348659.4403
601778.SH,20260327,6.678,0.61,42.8282,1.2458,4.9191,0.4949,1971192.3527,1971192.3527
688317.SH,20260327,0.7804,0.96,,1.1052,29.6282,,370096.3061,370096.3061
600378.SH,20260327,0.5603,0.85,28.2878,2.2543,2.5261,0.9094,4057048.8049,3373218.0666
603697.SH,20260327,1.102,0.94,22.3145,2.661,3.04,4.0183,468322.8473,468322.8473
301270.SZ,20260327,1.5132,0.4,215.555,3.2437,16.7464,0.3129,319500.0,301904.6366
601900.SH,20260327,0.8205,0.82,10.0189,1.312,1.2625,4.2802,1133331.5708,1133331.5708
600906.SH,20260327,0.5176,0.49,21.0464,1.6943,7.3426,2.044,2063820.0,1351013.4282
000058.SZ,20260327,1.0298,1.23,144.5972,4.9837,5.9457,0.1534,1003428.5477,802562.5735
600522.SH,20260327,3.3809,0.9,32.2172,2.5211,1.7852,1.1029,9232028.8087,9232028.8087
603185.SH,20260327,3.5222,0.84,,1.3668,2.1702,,1660559.7057,1650702.9731
300725.SZ,20260327,4.1729,1.48,41.5446,1.1689,4.2208,0.6664,835627.4367,724499.4857
600753.SH,20260327,1.698,1.02,,123.0382,3.2574,,273604.9239,273604.9239
002972.SZ,20260327,8.0221,3.2,34.2982,2.4417,7.9091,2.4494,299884.7272,164133.858
300670.SZ,20260327,3.1432,0.59,,3.6687,7.9902,,209167.5161,148298.1892
000926.SZ,20260327,1.258,0.58,,0.3896,0.4486,,336115.5673,331947.1296
688651.SH,20260327,2.051,0.53,,3.1537,9.4981,,296242.671,127513.4398
603900.SH,20260327,1.6294,0.66,,1.3413,1.6952,1.3143,260995.4822,260070.8672
688697.SH,20260327,0.443,0.63,21.685,3.5549,2.2682,2.9866,656273.4003,656273.4003
920026.BJ,20260327,0.8525,0.65,49.6962,4.0913,6.8118,0.7002,257886.7069,116928.336
603797.SH,20260327,1.1842,0.68,21.2571,0.8317,2.7256,1.9272,269274.6237,269274.6237
603137.SH,20260327,2.9858,0.89,46.6574,1.9864,1.334,0.5926,246960.0009,99540.0009
688623.SH,20260327,3.3825,1.1,80.5767,2.45,15.4009,1.3499,519627.7622,168187.7622
688067.SH,20260327,2.0602,0.77,63.6201,3.5795,8.0053,0.5626,184144.0,184144.0
301260.SZ,20260327,0.8662,0.5,,1.6464,1.3923,,734299.6666,311151.2419
603738.SH,20260327,10.8107,0.76,264.67,5.9038,10.9708,0.3043,1010639.3415,1010639.3415
002497.SZ,20260327,6.9994,1.65,63.8999,2.5706,3.5585,0.164,2789201.2984,2561694.2428
000711.SZ,20260327,13.191,1.53,,17.3886,19.07,,1198927.3939,964146.7227
002073.SZ,20260327,1.1549,0.62,15.5638,1.1832,0.912,2.1094,725025.4868,721042.3937
300252.SZ,20260327,3.2108,0.76,585.291,3.9768,3.5848,,868083.6764,732576.2582
603928.SH,20260327,0.9785,0.72,48.5568,2.4433,2.4082,1.1073,378705.6,378705.6
301257.SZ,20260327,3.377,1.44,36.5688,3.5637,5.4266,0.2997,444480.836,423744.182
600843.SH,20260327,1.2011,0.58,,2.2002,1.5407,,669663.3247,440600.1435
600135.SH,20260327,9.9352,1.04,,2.3375,4.2134,,556073.6345,556073.6345
000722.SZ,20260327,26.1545,2.83,111.7909,2.5014,21.1377,0.2948,787212.4463,787212.4463
600734.SH,20260327,1.8106,0.58,,26.6019,21.7381,,825576.8772,825406.3272
300710.SZ,20260327,2.1019,0.54,,6.0986,9.9074,,281955.5102,211359.7568
301618.SZ,20260327,1.4302,0.56,90.3789,4.6125,7.9568,0.7023,431231.8108,158477.6018
603607.SH,20260327,1.3021,0.43,37.1634,3.9711,4.3237,2.2242,401305.7664,401305.7664
300144.SZ,20260327,0.8293,0.66,25.7655,2.4456,9.1541,2.5621,2047250.6652,1839879.4003
000402.SZ,20260327,0.4267,0.63,,0.3275,0.5639,,771143.916,771076.1304
605162.SH,20260327,8.3477,1.08,30.1536,3.5267,5.9685,1.6069,448652.9622,448652.9622
301322.SZ,20260327,1.4949,0.68,47.8536,1.4745,5.3005,1.0225,414538.6341,278811.2131
600362.SH,20260327,1.5993,0.9,21.3149,1.8699,0.2791,2.4937,15197919.3585,9108260.8605
603392.SH,20260327,0.2504,1.05,,4.1761,28.1162,,5048720.4664,5048720.4664
603041.SH,20260327,1.6812,0.86,73.1674,1.5414,3.7279,0.9383,231681.8304,231681.8304
002835.SZ,20260327,1.208,0.51,19.9337,2.7665,3.0923,2.0554,340435.087,197423.9966
920770.BJ,20260327,3.6546,0.5,49.577,3.4834,11.754,0.7273,214718.0888,135124.77
688080.SH,20260327,1.1134,0.54,25.386,3.2604,4.9091,0.3864,381538.7638,381538.7638
688077.SH,20260327,2.3778,1.08,58.2536,3.0065,2.0086,0.6684,330384.9625,330384.9625
688178.SH,20260327,3.2109,1.17,,2.6817,4.874,,246493.7476,246493.7476
688396.SH,20260327,0.5853,0.62,91.7763,2.6532,5.4913,0.1837,6069922.8076,6069922.8076
002531.SZ,20260327,2.8336,0.75,,2.178,3.896,0.1837,1956800.8586,1945897.209
603533.SH,20260327,2.347,0.54,,4.6513,3.4333,0.4082,1075297.2458,1075297.2458
300298.SZ,20260327,0.8738,0.97,31.277,2.7597,1.8706,1.3795,881860.7396,710347.2987
001220.SZ,20260327,3.5873,0.41,22.8848,2.4329,3.8563,,363991.76,89168.5077
600452.SH,20260327,3.4997,0.79,48.8307,3.4819,6.3813,0.7258,1905311.651,1905311.651
688516.SH,20260327,3.5015,0.63,52.6918,6.4257,3.6391,2.8354,2336909.7629,2332687.8422
920821.BJ,20260327,1.1693,0.64,154.7788,5.18,6.9471,0.3611,273679.8362,144104.0687
600206.SH,20260327,4.0022,1.21,63.4148,4.1692,1.9286,0.5225,1765910.2506,1765910.2506
000559.SZ,20260327,1.4114,0.65,50.7628,5.4423,3.6832,1.1625,5115598.0791,5114341.7222
002981.SZ,20260327,1.1218,0.54,43.9296,3.0371,1.7821,1.0852,324054.7731,281465.9044
301053.SZ,20260327,8.0357,1.06,124.6469,4.2278,5.1579,0.71,345421.1699,318987.0882
603093.SH,20260327,1.1028,0.5,31.4399,2.5853,6.473,0.381,1418224.3886,1205490.2046
600269.SH,20260327,0.8495,0.87,8.4754,0.5725,1.7778,3.5491,1118659.9597,1118659.9597
300875.SZ,20260327,12.5646,0.91,,5.161,32.2661,,487193.5849,428423.3447
300557.SZ,20260327,2.4405,0.71,82.7764,3.9108,5.5443,0.4772,389919.7744,384818.7845
300691.SZ,20260327,2.1379,0.56,,2.6004,2.1073,0.5138,418908.9287,343689.2528
300563.SZ,20260327,1.9168,0.51,84.4363,5.004,6.4599,0.7662,552966.4929,389050.6275
301357.SZ,20260327,24.9026,1.19,1096.627,10.411,64.8738,,1184383.2,296095.8
002725.SZ,20260327,3.3563,0.53,52.5298,3.74,5.636,,385280.0,319080.7825
000010.SZ,20260327,3.9025,0.69,107.2033,14.825,5.3009,,484003.6149,357022.034
603218.SH,20260327,1.7231,0.67,27.4763,1.4828,2.3806,2.3533,1515631.9788,1512241.3238
301312.SZ,20260327,11.8272,0.85,132.8244,9.1707,17.5283,0.3087,1129766.8457,564533.4281
600036.SH,20260327,0.2269,0.68,6.6231,0.9346,2.9469,7.6395,99467071.0503,81360556.828
603790.SH,20260327,0.9877,0.48,68.5921,3.1186,4.7061,0.5842,393053.44,393053.44
600853.SH,20260327,1.1371,0.76,9.8484,1.1679,0.2253,1.0181,398382.5461,398382.5461
002596.SZ,20260327,2.0832,0.7,,6.6115,3.8057,,441818.4994,441412.2282
603658.SH,20260327,0.3399,1.1,17.3698,2.1801,4.5204,3.7758,1906844.4508,1906844.4508
002912.SZ,20260327,1.3483,0.52,64.6003,2.612,5.9718,0.7616,448394.752,425994.2787
002227.SZ,20260327,1.6231,0.72,,2.4322,7.4812,,232194.3813,230442.7497
300822.SZ,20260327,0.5669,0.66,358.0094,3.5241,5.1984,0.7112,435839.1438,404285.8698
601188.SH,20260327,1.7061,0.77,27.8715,0.9637,5.0072,2.0821,445165.241,445165.241
300983.SZ,20260327,0.6861,0.51,,1.8162,29.4595,,514771.2,352363.4632
301122.SZ,20260327,1.487,0.65,932.9442,2.0302,10.6301,0.8418,363069.6043,224652.7543
002010.SZ,20260327,0.6467,0.68,28.8796,0.897,0.6084,2.6042,1592081.803,1588067.0531
601611.SH,20260327,1.2454,0.5,25.1039,1.9819,0.3968,0.7278,4306769.0889,4306769.0889
600693.SH,20260327,2.411,0.68,209.1406,2.7275,5.2186,0.722,963789.6406,962799.6825
002940.SZ,20260327,8.9065,4.07,58.1533,3.9928,4.2718,0.702,628585.0276,577318.3552
000039.SZ,20260327,1.6736,0.64,273.9973,1.306,0.3863,1.5686,6050407.872,2582178.8122
002508.SZ,20260327,0.3223,0.6,12.3686,1.6608,1.7033,4.985,1895547.4655,1872704.8847
603020.SH,20260327,1.4382,0.96,22.7509,1.254,1.6774,1.6306,414663.2715,414663.2715
688450.SH,20260327,3.6547,1.1,,2.3041,10.0361,,216282.0,160345.8121
601136.SH,20260327,0.1875,0.65,42.7438,3.2826,17.859,1.1804,4515467.4376,4515467.4376
002773.SZ,20260327,1.2099,1.75,20.3727,2.7791,5.4605,2.1695,2547452.4378,1899096.0902
600329.SH,20260327,0.9562,1.07,9.4753,4.7594,6.3179,8.4734,3389955.3551,2496327.3451
920541.BJ,20260327,0.5721,0.46,22.8087,3.4617,4.7794,1.2658,161989.5,106719.5405
600336.SH,20260327,0.7806,0.44,,2.2784,0.7761,0.1447,551428.2054,551428.2054
603150.SH,20260327,1.7002,0.51,31.4927,2.3056,1.0065,0.7056,387665.405,387665.405
920547.BJ,20260327,1.318,0.92,27.1836,2.4015,4.2053,0.9112,170525.16,82791.888
601199.SH,20260327,0.7853,0.53,13.5946,1.2201,3.5688,2.3729,551774.0723,551774.0723
600936.SH,20260327,1.3118,0.96,,6.5732,1.8019,,641674.0758,641674.0758
301629.SZ,20260327,7.5872,0.84,192.1021,8.6017,23.1394,0.3988,1002289.1215,461089.2171
003004.SZ,20260327,1.0605,0.92,,3.9086,7.5015,,251071.9992,210829.8155
600161.SH,20260327,0.3517,0.81,22.7014,2.6065,4.6513,1.6545,2987808.2549,2987808.2549
002185.SZ,20260327,2.0685,0.65,49.9003,2.2769,2.4532,0.4645,4001239.3638,4000330.5657
002142.SZ,20260327,0.2071,0.64,6.7763,0.8933,2.7619,3.9867,19876808.2839,19865660.9717
002098.SZ,20260327,0.6612,0.68,16.4409,2.2272,1.157,1.105,323990.0,323979.8188
002337.SZ,20260327,1.834,0.82,83.0575,2.7311,5.5636,0.3437,359644.2233,359265.8811
002295.SZ,20260327,1.3755,0.6,218.5918,1.9674,0.5769,0.339,266154.192,265812.228
600080.SH,20260327,2.0296,1.06,40.986,2.0261,5.8319,0.3296,321012.4451,321012.4451
601908.SH,20260327,18.2453,1.86,,1.3277,3.7543,,1168667.7847,1168667.7847
300074.SZ,20260327,2.1009,0.5,,2.3849,4.4296,,234887.4052,233606.7041
600179.SH,20260327,1.1108,0.82,17.3782,1.5917,2.0785,,1887261.0326,1722576.2088
920123.BJ,20260327,0.8686,0.51,35.1506,3.2745,1.6177,1.89,136190.34,77695.766
300937.SZ,20260327,2.353,0.65,,3.4063,0.6456,0.3377,283269.0454,197288.3535
603960.SH,20260327,6.3171,1.69,121.9024,4.8019,10.1319,0.2789,536981.2992,536981.2992
603689.SH,20260327,1.0422,0.61,14.2427,1.2534,0.8288,4.4132,444299.3725,442300.6264
603002.SH,20260327,3.6261,1.17,305.3325,3.4044,4.3929,0.1934,1172637.1783,1172637.1783
600584.SH,20260327,2.0562,0.63,47.5706,2.5117,1.7839,0.3795,7073555.7952,7073555.7952
688606.SH,20260327,0.2609,0.68,22.9184,1.2683,5.4895,3.9001,500262.1951,500262.1951
000625.SZ,20260327,0.488,0.65,14.5994,1.2948,0.6062,3.447,9922837.0361,8275380.0289
301136.SZ,20260327,1.6244,0.68,1409.9868,2.8837,7.1544,,420512.965,420512.965
002681.SZ,20260327,1.0851,0.53,,4.1907,3.4341,,954754.9874,815386.175
301234.SZ,20260327,3.2682,1.69,111.7567,3.5474,5.6184,0.756,269824.0,269824.0
000922.SZ,20260327,1.0777,0.59,38.9902,2.1075,1.9293,0.8046,959079.5125,810461.5841
688585.SH,20260327,0.509,0.49,1153.4471,35.1156,26.2906,0.0265,4723365.8349,4723365.8349
688226.SH,20260327,5.0036,1.09,277.4085,5.1488,2.2924,0.3233,882148.005,882148.005
600256.SH,20260327,3.8124,0.79,22.8387,1.8889,1.3812,8.8352,4499970.0867,4499970.0867
600030.SH,20260327,0.7783,0.72,11.9546,1.2765,4.8033,2.3495,35954646.6072,29540312.6629
603057.SH,20260327,0.9044,0.81,52.846,5.0867,3.1745,2.1271,1012696.0,1012696.0
000828.SZ,20260327,0.686,0.8,10.4514,1.0935,7.1201,4.4393,1112283.1814,1112281.7369
002183.SZ,20260327,5.6303,0.83,182.2831,1.5711,0.2036,0.1786,1454325.091,1454316.691
002617.SZ,20260327,2.0978,0.62,54.2463,2.2946,3.9669,,1465330.4981,1441287.7666
301089.SZ,20260327,2.9705,1.38,,2.3807,9.862,,362423.448,260556.1604
300688.SZ,20260327,2.4679,0.41,,10.5489,25.5348,,421963.6287,374062.0926
688682.SH,20260327,1.0642,0.75,,7.0838,14.3134,0.3354,433731.8538,433731.8538
688167.SH,20260327,6.5304,0.9,,13.9969,35.4006,,3115249.978,3115249.978
688689.SH,20260327,1.5471,0.55,51.6505,3.4382,3.9559,0.7045,415197.4037,415197.4037
300644.SZ,20260327,2.2518,0.71,24.5833,3.1526,1.1445,0.8545,317106.0221,249846.3358
300222.SZ,20260327,3.25,0.86,107.3389,5.0071,2.831,,867005.2947,706057.109
920184.BJ,20260327,1.7777,0.81,90.526,3.119,8.0918,,196135.6756,132175.0531
600533.SH,20260327,1.4592,0.74,,0.8244,0.499,,265650.0,265650.0
002736.SZ,20260327,0.2312,0.48,9.3016,1.2071,4.282,3.7819,11603894.887,10890882.4841
688220.SH,20260327,1.3468,0.7,,5.3874,7.699,,2938563.7452,2593203.8073
300337.SZ,20260327,2.3967,0.73,824.0604,5.7933,1.6496,0.0821,1001117.5986,866484.6702
920418.BJ,20260327,0.7888,0.66,24.737,4.1064,5.231,1.2491,379413.216,364251.3815
300871.SZ,20260327,3.3423,0.98,22.3834,2.2869,2.8918,0.863,482158.4833,482158.4833
920407.BJ,20260327,1.6583,0.75,82.6694,5.6777,5.7138,0.4234,155142.728,63160.5462
300500.SZ,20260327,6.2224,2.29,,1.7041,2.1018,1.3787,189284.6575,182346.575
603125.SH,20260327,1.5812,0.63,46.1521,2.9142,7.0835,0.6011,696723.4014,174189.8964
688300.SH,20260327,3.1946,0.98,72.4379,12.4291,19.0036,0.4381,2119858.019,2119858.019
603072.SH,20260327,1.4543,0.76,63.6983,4.4453,4.2041,,951408.0,454428.0
300664.SZ,20260327,2.159,0.57,20.6691,1.0301,2.618,1.6065,453753.7992,451347.1992
003006.SZ,20260327,0.6852,0.88,25.6429,5.1285,2.1205,3.1348,753172.5759,751288.4076
002691.SZ,20260327,1.0086,0.54,,3.144,7.1402,,266900.0,263744.5394
603331.SH,20260327,3.3397,0.7,42.2286,2.2708,1.9712,0.5369,301241.6976,301241.6976
301248.SZ,20260327,7.269,0.56,6169.2468,5.021,9.7685,0.04,766987.95,560520.213
002565.SZ,20260327,19.3238,0.74,285.6896,8.6846,12.599,0.2547,1619663.0728,1619594.3128
603345.SH,20260327,1.418,1.14,21.0117,1.9268,1.8898,2.7794,2914278.4214,2564564.7646
600375.SH,20260327,0.9789,0.74,171.4962,2.4221,1.2451,,815963.3258,744507.0518
601699.SH,20260327,0.9748,0.62,35.1095,0.9052,1.3969,2.8975,4232844.018,4232844.018
300667.SZ,20260327,2.4809,0.58,,2.7415,4.3128,,310637.5072,262053.0595
688787.SH,20260327,2.7303,0.56,591.4864,11.2247,22.0835,0.2517,832487.484,832487.484
300755.SZ,20260327,0.7176,0.9,,1.8636,0.8009,0.6966,544338.7104,543878.3193
600163.SH,20260327,14.0245,2.79,26.1389,2.1445,8.6334,1.06,1490045.98,1490045.98
301063.SZ,20260327,2.7217,0.63,41.7134,1.5808,1.3879,0.6316,247856.7195,238560.7415
688757.SH,20260327,1.8617,0.99,153.5712,10.7676,18.0662,0.839,956654.8448,429854.6631
300318.SZ,20260327,0.8245,0.76,,3.5994,5.8058,,484421.9935,473533.914
688531.SH,20260327,1.4444,0.51,64.2488,3.3295,10.4685,0.6074,1121567.7488,724466.0477
300610.SZ,20260327,2.8538,0.52,34.8819,2.1169,2.7798,1.7536,244249.0653,183155.0637
603915.SH,20260327,0.6634,0.66,35.2709,2.6419,3.5989,1.656,953430.361,953430.361
300510.SZ,20260327,3.4908,0.64,,1.7226,3.9377,,381831.7941,381831.7941
301226.SZ,20260327,14.7271,1.19,155.324,4.8637,8.6702,0.2454,443360.0,443360.0
600337.SH,20260327,3.6886,1.11,,1.5322,1.2246,,385115.5007,385115.5007
920179.BJ,20260327,5.1366,1.21,134.9848,4.1863,11.097,0.2863,314199.27,250280.1245
688580.SH,20260327,0.8593,0.49,36.6734,2.9621,10.8288,1.5281,501075.3788,501075.3788
300849.SZ,20260327,2.3532,1.18,,5.1215,9.698,,301800.0,244393.6623
002633.SZ,20260327,1.9824,0.83,462.1483,6.5066,8.8129,,276900.0,275827.0125
301607.SZ,20260327,3.6337,0.79,47.9214,6.2668,2.1576,0.028,714156.7334,513929.7876
300543.SZ,20260327,2.9687,0.39,83.878,2.0558,1.8394,1.0163,301469.3927,246195.6271
920992.BJ,20260327,5.0911,1.24,75.2804,2.3012,4.6618,0.538,143838.8989,72146.2407
002309.SZ,20260327,35.5144,1.83,,6.9986,6.8662,,1302319.1117,1041855.2894
688309.SH,20260327,3.6434,0.81,133.9099,6.23,16.3561,0.1452,481171.6901,481171.6901
002800.SZ,20260327,3.6421,0.59,,6.1947,2.6826,0.1498,304962.8932,296129.2606
000755.SZ,20260327,0.6042,0.9,16.3861,1.4284,4.8914,3.7736,777674.4039,777674.4039
002996.SZ,20260327,2.7556,0.68,32.7964,1.4873,0.3114,0.6913,477977.9009,289718.2413
688486.SH,20260327,1.4781,1.08,45.5243,5.1828,13.7738,0.9071,782633.4933,782586.0579
600012.SH,20260327,0.2936,0.55,13.7388,2.1266,3.5579,3.9018,2644900.2442,1804348.8
002405.SZ,20260327,2.9266,0.49,,2.7638,6.2299,,2273452.2126,2259261.319
600105.SH,20260327,6.1459,0.77,112.1044,11.4985,7.8327,0.3327,3735396.7191,3735396.7191
300616.SZ,20260327,2.3487,1.0,,0.8729,0.7613,6.8257,274583.0435,189575.08
300561.SZ,20260327,7.7964,1.47,,8.0671,50.3619,0.2373,483959.2631,355559.9217
688227.SH,20260327,1.4491,0.67,,5.6484,14.5578,,716544.333,716544.333
002826.SZ,20260327,3.4713,0.89,44.9867,4.816,6.1512,0.4848,386313.1215,353185.2641
002027.SZ,20260327,0.5726,0.74,17.162,6.5137,7.3887,5.8915,9315218.8233,9315218.8233
688092.SH,20260327,1.0323,0.67,46.1905,3.5644,5.228,0.9842,235178.3403,235178.3403
002121.SZ,20260327,2.5127,0.68,,38.9976,2.2029,,1390103.5679,1171734.0059
002282.SZ,20260327,1.0714,0.55,23.7065,1.0133,2.1653,2.8736,366679.4902,351483.2628
001223.SZ,20260327,0.5579,0.72,65.7394,2.2925,5.2619,0.2239,446689.32,446689.32
300460.SZ,20260327,1.555,0.62,,4.4773,4.711,,249915.7834,249915.7834
000638.SZ,20260327,8.7142,1.72,,3.3038,1.0071,,46085.2095,45901.5489
002069.SZ,20260327,2.241,0.88,,147.5472,1.7834,,267378.1849,267041.2889
300099.SZ,20260327,5.1627,0.7,34.1189,2.6203,10.795,2.7005,625200.9362,492957.8684
301051.SZ,20260327,2.1606,1.01,,2.0135,2.5247,0.1905,444056.0383,352124.4216
603109.SH,20260327,0.7286,0.73,21.0649,2.4156,1.557,1.2848,480351.228,480351.228
002873.SZ,20260327,2.6079,0.85,325.9464,1.9361,3.2382,0.5772,244592.0136,239146.1586
688190.SH,20260327,0.6089,0.72,39.9944,4.5178,6.1791,1.4697,1167600.0,1167600.0
920139.BJ,20260327,0.8346,0.62,,4.3883,14.487,,458162.5664,441880.6328
002310.SZ,20260327,13.0752,0.66,,14.9945,66.0847,,2303739.6929,1612435.0913
300415.SZ,20260327,1.1552,0.67,16.5011,3.6603,2.0042,2.0132,1141417.2366,1103732.4506
002569.SZ,20260327,2.7123,0.86,,73.2243,17.6651,,211262.67,205316.0755
600279.SH,20260327,0.5548,0.7,12.2807,0.9162,1.4692,0.7692,617170.4672,617170.4672
002682.SZ,20260327,3.5004,0.54,,3.1382,1.4449,,337983.525,337978.4766
600802.SH,20260327,3.2638,0.87,,2.5044,1.6018,,277240.282,277240.282
300805.SZ,20260327,1.529,0.69,111.6307,2.9688,1.8645,0.1831,463490.83,314879.6764
300520.SZ,20260327,3.0884,0.67,,5.8474,6.2741,,1034665.8968,984983.8781
002330.SZ,20260327,1.4702,0.56,,1.309,0.9154,,299868.8169,299804.3535
688577.SH,20260327,1.5464,1.61,154.3537,7.2107,8.3131,0.6515,731998.0574,731998.0574
603599.SH,20260327,2.2383,1.11,17.9545,1.3057,3.4112,1.8881,1301685.1634,1301685.1634
301151.SZ,20260327,0.8133,0.73,37.7405,1.4923,3.4608,1.7247,305390.4087,305100.7556
000547.SZ,20260327,11.1674,0.86,,9.3031,18.408,,4373409.184,4347835.2256
002453.SZ,20260327,1.8989,0.87,,4.8487,12.743,,444364.8179,335181.4354
002493.SZ,20260327,0.5911,0.71,164.1707,2.7664,0.3911,0.7919,12087225.1273,11328260.1898
002810.SZ,20260327,3.5993,0.67,44.5855,3.2498,3.7096,0.4768,726351.2604,672650.9694
301580.SZ,20260327,7.0936,0.85,42.1834,3.6612,7.6814,0.6483,763215.214,515785.6967
601010.SH,20260327,0.8704,0.58,38.9644,0.9713,2.463,4.5297,415800.0,415800.0
301126.SZ,20260327,2.9115,0.87,,1.3394,0.4333,0.9145,233132.632,156497.5103
688581.SH,20260327,0.513,0.66,19.8166,1.7551,7.3935,2.5183,441547.476,226209.4525
688019.SH,20260327,2.7953,1.63,52.7787,12.5363,16.6345,0.1395,4165178.1395,4165178.1395
300125.SZ,20260327,3.3803,2.13,,,58.0177,,589943.0885,319677.9719
002524.SZ,20260327,3.1702,0.87,,20.4558,2.6741,,229322.5504,227331.5092
603099.SH,20260327,2.1272,1.29,76.1389,6.5809,12.5014,0.2207,984838.7898,964278.72
600333.SH,20260327,3.2877,0.95,,1.9091,1.5939,,356891.9808,356891.9808
002594.SZ,20260327,1.8882,0.68,25.0341,4.3666,1.1414,1.258,96004090.3595,36720656.3962
002950.SZ,20260327,2.2632,0.53,16.3665,1.9842,2.1317,0.5015,740287.2608,528382.3993
300418.SZ,20260327,3.8608,0.63,,4.5762,8.4122,,6426172.2424,6421737.9087
002048.SZ,20260327,1.4433,0.63,63.234,1.8274,0.7497,1.8549,2054928.6331,1792230.3979
300438.SZ,20260327,13.2538,0.97,,5.6409,2.9707,,2939021.879,2359914.9857
601636.SH,20260327,1.332,0.61,28.6159,1.1319,1.0822,0.6982,1713060.5085,1713060.5085
002715.SZ,20260327,1.7437,0.47,,4.5342,3.9543,0.2065,213900.0,213900.0
002858.SZ,20260327,3.7124,0.72,,4.4387,4.9436,,241453.9214,216499.2392
600900.SH,20260327,0.2802,0.66,19.5147,3.0873,7.7637,3.4606,66675893.2761,66675893.2761
301017.SZ,20260327,1.5125,0.78,,2.8115,0.5628,,559331.3042,335933.3042
600073.SH,20260327,0.8923,0.8,2044.5095,1.111,0.248,1.1785,557011.3064,557011.3064
603916.SH,20260327,1.3991,0.75,40.4891,1.0702,1.2334,0.9592,451020.5046,444704.2446
688328.SH,20260327,6.0566,0.51,142.4389,4.2932,5.2979,,356383.601,356383.601
002579.SZ,20260327,5.9519,0.73,224.3444,2.9528,2.192,,714313.3109,680258.2684
605088.SH,20260327,0.8494,0.6,22.6674,2.3853,1.6106,1.6237,685011.3331,674837.8399
002568.SZ,20260327,0.9271,1.23,25.9747,3.7972,6.1507,1.7267,1803050.6264,1239107.6518
001300.SZ,20260327,0.8313,0.47,,3.9669,8.1721,0.059,411006.191,411006.191
300462.SZ,20260327,2.0664,0.48,60.9642,1.6264,3.2,,232507.7465,177097.6759
603536.SH,20260327,2.8766,1.07,,6.1128,1.4601,,246258.8725,244380.7762
600235.SH,20260327,1.7699,0.74,78.2751,1.5345,1.9608,0.2572,232209.3,232209.3
300820.SZ,20260327,1.4842,0.6,48.3533,4.0586,6.4249,0.8564,1028586.921,517316.0397
003000.SZ,20260327,0.9148,0.87,18.5098,3.468,1.8858,3.8607,461715.6188,315453.7421
920402.BJ,20260327,1.0128,0.63,,2.4345,7.9343,0.2245,376055.5197,243130.0898
001236.SZ,20260327,1.7643,0.58,636.6923,5.2848,7.308,0.1021,986614.4447,742158.1447
688653.SH,20260327,1.9028,0.92,,3.7735,7.8953,,539514.08,402159.1398
002239.SZ,20260327,1.747,0.61,79.786,1.8052,1.1861,0.1017,1008774.2401,992910.2372
603668.SH,20260327,4.1684,1.04,206.1973,2.3988,0.9642,,564892.8948,564892.8948
300227.SZ,20260327,3.5313,0.65,,3.8683,4.7162,,612829.1415,476807.5696
002149.SZ,20260327,25.0928,2.43,270.6963,8.4234,8.0249,0.6067,2414219.5849,2413848.7099
600543.SH,20260327,1.7763,0.65,,2.0711,6.3876,,157348.8,157348.8
000908.SZ,20260327,3.0943,0.74,87.3266,366.5528,34.7716,,1367169.3415,683584.6707
301326.SZ,20260327,0.9366,0.45,,7.088,7.8277,,908871.6,900717.6625
600339.SH,20260327,1.5432,0.79,43.6844,0.8586,0.2493,1.165,2300256.7581,2300256.7581
002307.SZ,20260327,1.5818,0.5,,1.6784,0.6049,,753492.0286,579609.253
300265.SZ,20260327,10.4902,0.78,308.5885,3.5723,3.2086,0.2199,833733.1803,833198.9489
301065.SZ,20260327,1.8692,0.64,34.4971,1.7976,3.7047,0.8551,241301.52,196390.35
603172.SH,20260327,2.8363,0.49,50.0198,2.5758,4.8688,0.4288,279964.62,105117.92
600605.SH,20260327,1.0505,0.78,242.9981,4.1287,56.8399,0.4928,586048.3808,586048.3808
688521.SH,20260327,2.9495,0.78,,31.8471,35.9564,,11335051.879,11335051.879
688187.SH,20260327,0.382,0.91,17.0382,1.646,2.4321,2.7956,6994792.2702,4475742.5943
300200.SZ,20260327,3.5123,0.76,40.0799,2.5567,3.1585,1.4989,416751.0902,409931.8197
002866.SZ,20260327,13.3958,1.38,,2.9789,2.8932,,618709.0611,387366.5233
002647.SZ,20260327,0.9634,0.66,29.9573,19.1755,13.0912,,1077167.9491,967572.9491
600129.SH,20260327,1.3766,1.25,,2.5123,0.8854,,888886.1142,888886.1142
002890.SZ,20260327,0.8218,0.69,174.3267,4.3431,8.4478,0.1691,261267.9961,248362.715
603029.SH,20260327,2.78,0.7,28.019,2.4477,2.3973,0.9173,227516.25,227516.25
688166.SH,20260327,4.2608,1.29,384.3393,8.5173,17.1228,0.1935,2095213.2562,2095213.2562
000957.SZ,20260327,1.6589,0.55,19.9199,2.134,0.9214,0.8894,659309.1768,659309.1768
002905.SZ,20260327,1.8144,0.69,108.1973,41.6851,3.6005,,395888.64,367610.88
300878.SZ,20260327,0.9474,0.83,,3.9613,30.5049,0.4951,401648.3532,399799.8623
688228.SH,20260327,2.8454,0.99,,5.4729,17.1198,0.1395,716443.3606,716443.3606
001287.SZ,20260327,8.2742,0.61,54.0175,3.4728,0.3048,0.4557,1867834.4384,1075115.6761
600987.SH,20260327,0.7958,0.79,10.2889,1.1609,0.6848,5.457,748260.2339,748260.2339
603158.SH,20260327,4.8408,0.75,36.6943,2.4675,1.442,1.3552,573219.5329,573219.5329
603310.SH,20260327,0.7321,0.69,31.1856,1.4019,5.6199,1.8634,555997.4,312356.1
301177.SZ,20260327,0.2969,0.81,82.7266,1.7981,7.3335,1.7858,1119968.1909,1119226.0914
688469.SH,20260327,1.5314,0.77,,4.142,6.6083,,5406833.2259,2857221.0
603221.SH,20260327,1.0841,0.91,42.7959,1.7563,2.3566,1.56,282199.16,279579.58
600116.SH,20260327,2.6321,1.02,49.6271,1.2238,1.3985,1.2393,1374830.748,1374830.748
688809.SH,20260327,6.588,1.03,103.0026,10.0638,40.5023,,4099256.252,770529.2048
300515.SZ,20260327,0.9246,0.74,20.0798,3.9563,5.5784,1.6362,368094.8005,360950.921
688562.SH,20260327,1.9042,0.7,,4.2233,5.9917,,728800.0,315242.44
301338.SZ,20260327,6.0974,0.99,117.9987,11.1334,16.5371,0.1221,1743257.6,969113.6
000911.SZ,20260327,1.2878,0.61,52.6516,22.0435,0.9293,,264611.3997,264611.3997
601555.SH,20260327,1.0246,0.83,11.1423,0.929,3.7274,4.8201,3865650.8072,3865650.8072
002980.SZ,20260327,9.5622,0.77,80.6763,6.984,9.7054,1.305,753816.6168,403531.9771
600425.SH,20260327,2.5157,1.49,24.0952,1.0289,1.715,2.4096,665952.0384,665952.0384
002606.SZ,20260327,4.3598,0.88,29.8444,2.8041,3.2744,0.2642,510203.0816,489367.0679
920703.BJ,20260327,0.532,0.47,22.3541,1.7941,5.4993,2.1259,202573.056,102500.3576
002543.SZ,20260327,1.4878,0.51,9.996,1.3491,0.8944,2.8243,682624.8,607358.9008
002642.SZ,20260327,1.4902,0.65,213.331,4.3628,3.0092,,512724.7426,512724.7426
688123.SH,20260327,5.218,0.98,46.7096,6.475,13.9054,0.2793,1698248.3021,1698248.3021
688777.SH,20260327,1.4473,0.69,113.907,5.1204,6.3683,1.0881,5126908.135,5101050.2652
920078.BJ,20260327,22.5314,0.55,36.7351,3.0658,3.7751,,300600.0,51853.5
301339.SZ,20260327,0.6856,0.79,34.6484,2.7846,7.1796,2.8658,766620.3157,752705.8
603808.SH,20260327,5.6241,1.37,,1.4842,1.3316,0.4706,386440.2433,386440.2433
688280.SH,20260327,2.3743,0.55,35.469,7.6915,2.1043,,573695.4603,505968.9089
920160.BJ,20260327,1.9685,0.59,33.174,4.628,13.0878,,245251.2,55181.52
600048.SH,20260327,0.5619,0.67,68.7448,0.376,0.2287,2.8609,7050591.1732,7050591.1732
000881.SZ,20260327,1.0212,0.61,,1.3897,1.2572,,726087.0259,694066.4456
300335.SZ,20260327,22.1357,0.79,80.4602,2.0965,3.611,1.1737,406414.5546,327305.3117
300811.SZ,20260327,2.1023,0.5,57.018,7.5311,12.567,0.2647,2182775.7391,1789817.7264
603262.SH,20260327,2.2023,0.83,64.6411,6.5054,9.4291,,997624.94,99779.952
601020.SH,20260327,3.7706,0.95,25.5613,5.3879,10.7344,0.1423,2304920.7661,2304920.7661
603578.SH,20260327,2.1349,0.61,,1.9622,2.0886,,303576.5515,233923.0705
000838.SZ,20260327,2.0502,0.72,,5.9282,8.2746,,243202.1396,232882.254
603052.SH,20260327,4.3546,0.82,353.4582,11.0872,13.5043,0.2749,1206112.6532,1206112.6532
920168.BJ,20260327,3.0837,0.54,20.8472,2.0562,2.3284,,166884.948,62547.4211
300748.SZ,20260327,2.5499,1.03,60.7858,5.8078,5.5576,0.9607,4289087.428,3523438.8188
001326.SZ,20260327,3.5669,0.51,143.9251,3.1804,2.6026,0.5312,385837.2,127048.6472
001279.SZ,20260327,1.4523,0.68,85.2928,4.988,3.4731,0.6027,497760.0,124440.0
002126.SZ,20260327,1.9372,0.72,41.864,5.2686,2.4481,0.279,3562973.8033,3341239.5183
301479.SZ,20260327,4.9859,0.93,42.6751,6.4184,4.8648,1.1582,823018.2956,471146.242
920735.BJ,20260327,1.4662,0.82,15.0675,2.7316,3.375,1.0078,356992.5576,315733.2539
600366.SH,20260327,1.5883,0.82,42.7478,2.108,2.4353,0.4171,1290274.1939,1290274.1939
600350.SH,20260327,0.1516,0.74,15.37,1.714,1.994,4.0038,5071464.7954,5071464.7954
688320.SH,20260327,0.8517,0.55,,3.802,4.5324,,465877.1658,465877.1658
688819.SH,20260327,0.7242,0.95,20.4244,1.9036,0.7095,1.224,3248758.2,3248758.2
688170.SH,20260327,7.831,1.07,208.6253,4.1817,6.6783,,525585.6,525585.6
600601.SH,20260327,1.0935,0.54,116.1028,9.4903,9.5414,,4226731.7152,4124420.0608
603778.SH,20260327,15.0311,0.79,,20.7601,10.2194,,1510276.876,1478571.4266
603927.SH,20260327,0.6872,0.71,58.2175,4.4222,1.996,2.3325,1389498.88,1389498.88
920111.BJ,20260327,1.0076,0.51,28.6633,3.7852,2.8755,0.8741,354993.496,172259.23
603107.SH,20260327,0.5744,0.51,25.6436,2.2994,2.1641,2.079,486774.405,314825.0791
000006.SZ,20260327,1.6787,0.65,,2.2488,3.5262,,1213645.5464,1213638.669
600635.SH,20260327,1.7395,0.62,29.6976,1.9073,2.8255,0.6143,1730126.7196,1417411.9216
000797.SZ,20260327,1.3583,0.59,,0.8957,1.0285,,452377.2145,452324.8711
002251.SZ,20260327,1.5774,0.54,,1.4185,2.8396,,1164206.9653,932020.4275
605005.SH,20260327,1.0803,0.93,36.9526,4.0191,4.4364,0.978,820045.0,820045.0
002842.SZ,20260327,13.4165,1.37,,9.7043,5.2571,,1083922.2341,889415.6297
301408.SZ,20260327,2.3677,0.75,36.2911,3.2291,1.313,0.591,676816.92,387399.3099
600390.SH,20260327,0.4562,0.5,576.3798,0.5733,40.4689,0.1111,2428955.3479,2428955.3479
688617.SH,20260327,1.1285,1.11,42.4429,11.2768,13.4796,0.4886,3483019.1202,3483019.1202
603369.SH,20260327,0.4526,0.9,11.717,2.0407,3.2132,4.4412,3368853.7,3368853.7
300657.SZ,20260327,4.0718,0.64,152.1899,11.232,2.0208,,1409735.3889,1369905.4416
603409.SH,20260327,2.3661,0.46,30.2692,3.2257,3.9311,1.3096,481182.54,138075.3279
301682.SZ,20260327,39.8487,,46.8354,3.0692,5.7048,,1492747.6656,315459.8487
600992.SH,20260327,1.3436,0.53,,2.1415,1.426,,298274.53,298274.53
300012.SZ,20260327,1.1645,0.54,24.0157,3.17,3.7082,1.059,2369422.1253,2015931.7207
601601.SH,20260327,0.5086,0.96,6.6743,1.1819,0.8206,2.9095,35710707.481,25408793.881
002539.SZ,20260327,3.135,0.81,21.6737,1.897,0.8543,0.6878,1756030.3499,1281268.0061
300261.SZ,20260327,1.934,0.92,,3.0779,4.9062,,617481.3709,600087.0622
920982.BJ,20260327,0.8706,0.64,27.7213,9.5293,11.3149,1.6181,1805145.0539,861351.0205
001332.SZ,20260327,6.206,1.69,24.3259,2.3818,4.5335,1.4671,600844.62,261043.0384
002886.SZ,20260327,2.7342,0.73,129.6197,2.9926,2.6659,0.2049,539567.3083,428610.2362
300437.SZ,20260327,10.5011,0.87,,2.8074,4.4225,,391098.9397,277132.2022
603356.SH,20260327,2.3217,0.54,,5.7206,2.3062,,219344.3,219344.3
002869.SZ,20260327,5.6374,0.82,240.1122,2.0252,7.5866,0.8008,433441.728,385919.7223
300066.SZ,20260327,1.7163,0.65,48.2008,2.5095,5.5169,0.4754,656260.9883,634729.4296
600968.SH,20260327,0.6692,0.78,12.1688,1.5982,0.9385,2.9032,4726773.4525,4726773.4525
000831.SZ,20260327,3.9199,1.29,473.3983,10.604,14.3619,,5125696.4978,5125696.4978
001277.SZ,20260327,1.7736,0.63,26.3428,1.7611,2.6089,1.1328,272384.0,162652.0305
603917.SH,20260327,1.5131,0.64,260.5329,1.5706,3.9839,1.1592,263768.96,263768.96
002788.SZ,20260327,2.6195,0.86,17.296,1.644,0.2547,2.5529,532656.4451,523439.3012
000848.SZ,20260327,0.478,0.62,12.7751,2.4979,2.6129,3.9075,805800.0585,798803.8185
600168.SH,20260327,1.5702,1.02,56.9925,0.9848,1.3037,0.5066,529480.9043,529480.9043
601568.SH,20260327,1.1313,0.74,84.1805,1.5046,1.8468,2.3041,1723944.4452,1723944.4452
601086.SH,20260327,0.7219,0.63,70.4584,3.6942,8.0345,0.8992,587412.0,587412.0
002189.SZ,20260327,1.6789,0.85,,9.8904,4.0217,,520570.1511,520491.7226
688613.SH,20260327,3.2413,1.17,227.5385,2.0868,13.3879,,299226.7475,299226.7475
300933.SZ,20260327,1.5699,0.48,203.4023,2.029,1.4379,0.324,434936.9109,434936.9109
600510.SH,20260327,0.7076,0.59,82.6566,0.8345,1.5964,0.4869,868965.4348,868965.4348
002157.SZ,20260327,1.8721,0.78,,2.4346,2.0878,,2858300.24,2235384.55
301319.SZ,20260327,3.3928,0.95,63.281,4.6319,3.8319,1.2525,543103.7145,408206.2165
301283.SZ,20260327,1.1366,0.72,23.5498,2.2009,1.7178,1.546,360271.8426,283480.288
300957.SZ,20260327,1.9352,1.19,45.2105,2.7351,3.142,2.3286,1628318.4,1628318.4
600623.SH,20260327,1.1314,0.76,30.0642,0.9532,0.4568,1.8173,2112217.1236,1862482.7661
301115.SZ,20260327,1.9204,0.61,124.5818,1.5082,2.6945,1.6443,380814.0638,321140.9316
002277.SZ,20260327,1.2939,0.84,,1.2837,8.0957,0.0808,862992.9632,862992.9632
002219.SZ,20260327,11.4692,2.47,371.8453,4.4402,2.59,,873944.4923,844187.2798
600681.SH,20260327,13.3084,1.26,19.3987,1.8554,1.2312,4.8354,651655.4377,651147.0632
000089.SZ,20260327,0.4146,0.47,23.7624,1.1997,2.7151,1.7725,1388370.9576,1388352.6068
300479.SZ,20260327,1.619,0.51,154.04,8.1527,3.4696,,358614.3743,358409.6243
600319.SH,20260327,1.8382,0.95,,7.4189,3.3446,,298923.9351,298923.9351
002891.SZ,20260327,4.3405,1.68,26.702,4.0081,2.3143,0.8934,1188637.633,1188637.633
301133.SZ,20260327,2.172,0.83,100.0588,3.3098,4.0538,0.3526,453556.374,414981.7082
300982.SZ,20260327,2.3119,0.57,544.9547,1.6954,2.8695,2.465,492163.1172,461087.4132
600081.SH,20260327,0.23,0.47,118.0092,1.3485,0.9329,0.4472,618283.2581,618283.2581
603662.SH,20260327,0.8508,0.77,47.7631,5.6193,10.6133,0.506,1547372.5727,1547372.5727
300716.SZ,20260327,3.566,0.7,,,38.3348,,243710.46,243710.46
601016.SH,20260327,15.0368,0.93,35.2726,1.84,6.8625,2.2223,3175107.6802,2925536.1329
600769.SH,20260327,3.3148,1.06,275.941,42.4356,64.6945,,509968.992,509968.992
601999.SH,20260327,3.4546,0.86,32.3346,1.6511,1.885,0.7557,437426.2718,437426.2718
603969.SH,20260327,1.3859,1.04,21.7278,2.897,2.4802,0.8629,794890.992,769553.2608
002216.SZ,20260327,1.3725,0.76,20.0353,2.406,1.6739,2.4213,1089309.0355,781192.46
600547.SH,20260327,1.8185,1.0,37.5261,5.7453,1.7054,0.8364,17785108.1075,13944522.4327
001382.SZ,20260327,12.9637,0.55,76.3262,5.8391,3.0563,1.1086,929060.0,142065.0
002522.SZ,20260327,3.8666,0.79,66.9343,2.241,3.1489,0.4378,517200.03,516766.3509
300861.SZ,20260327,1.8777,0.63,521.984,1.7221,5.7404,2.2004,1089725.1937,684264.85
600561.SH,20260327,1.6894,0.47,,2.0826,1.2502,,188608.1184,188608.1184
300368.SZ,20260327,4.6452,0.58,,33.9544,46.5605,,632616.3961,632616.3961
000553.SZ,20260327,1.192,1.68,,0.8181,0.5093,,1509718.0244,1410742.6307
601600.SH,20260327,1.4423,0.7,13.7669,2.7527,0.8184,2.2554,19625287.1981,15070329.7556
300631.SZ,20260327,4.1842,2.06,41.5219,2.5743,5.5622,0.6672,337367.158,325084.5318
603199.SH,20260327,1.8311,0.58,20.5004,2.641,4.9661,1.725,436300.56,436300.56
301522.SZ,20260327,1.2382,0.63,101.0316,6.0577,4.714,0.3796,1146093.0677,867326.1677
688189.SH,20260327,2.3969,1.25,,2.6942,14.8677,,211013.6,211013.6
002429.SZ,20260327,1.8611,0.62,35.7337,2.6793,2.434,1.102,4395659.3294,4393127.3605
000869.SZ,20260327,0.1642,0.64,46.9019,1.2224,3.9443,2.0953,1260586.5655,872890.0378
001367.SZ,20260327,44.4969,6.18,28.2324,2.5681,7.2074,0.4549,383620.3216,100214.2723
600156.SH,20260327,1.4428,0.51,,8.6815,4.087,0.1235,325709.6686,325709.6686
603166.SH,20260327,2.2051,1.65,27.7153,3.3018,4.4137,0.7256,877439.2347,870732.5697
002549.SZ,20260327,11.8952,2.2,224.2874,6.5197,20.9173,,1348279.58,1342485.1209
002373.SZ,20260327,1.1153,0.61,,1.3279,2.1353,0.2081,1515400.4982,1321112.7668
603860.SH,20260327,2.0792,0.61,45.4343,2.4662,7.5493,0.5385,207174.76,207174.76
002003.SZ,20260327,0.5373,0.49,17.899,2.5181,2.3991,4.0711,1148467.4048,987349.4385
301289.SZ,20260327,0.8154,0.99,46.5592,4.1119,12.1918,0.7869,406380.0,403779.689
603230.SH,20260327,1.0894,1.19,17.6375,1.5403,2.5223,3.9409,430591.014,430591.014
000920.SZ,20260327,1.6358,0.62,24.5367,2.7151,2.6779,1.8079,541151.1801,541125.4176
300019.SZ,20260327,1.936,0.76,27.5375,2.8547,2.0632,1.5236,774046.7823,664612.1172
300024.SZ,20260327,0.7236,0.58,,5.4596,5.9735,,2345298.6851,2306810.5022
920061.BJ,20260327,1.1568,0.79,351.9478,5.8857,17.1081,0.6115,164374.38,91404.1368
300772.SZ,20260327,1.861,0.52,44.0027,2.2371,0.5087,0.3157,1495797.4872,1326661.3711
600392.SH,20260327,3.1685,0.9,43.6687,2.9796,2.8991,0.6676,3938601.3028,3938601.3028
600475.SH,20260327,1.1735,0.46,30.501,2.0123,2.0254,2.4602,1730297.9695,1706623.1695
688543.SH,20260327,4.3729,0.7,55.9164,5.73,9.8132,1.1317,1383996.1196,768480.3596
000898.SZ,20260327,0.5166,0.66,,0.4876,0.2254,,2229874.6594,1893848.3892
000338.SZ,20260327,5.9752,2.62,18.7312,2.1972,0.8832,2.9877,20474133.1756,11758208.6017
688512.SH,20260327,6.9397,1.46,,3.3843,6.8531,,556010.6657,386563.2225
002735.SZ,20260327,2.7105,0.6,,3.2548,2.4274,0.0912,544494.0662,413621.1038
603096.SH,20260327,1.0778,0.7,39.5181,1.434,4.0617,4.627,266671.6649,266671.6649
688596.SH,20260327,0.9422,0.58,61.668,2.3606,1.7294,0.9611,850921.3099,850921.3099
301491.SZ,20260327,1.636,0.45,29.6217,3.0937,4.1351,,646935.0,143346.0018
300547.SZ,20260327,4.6903,1.12,33.4032,5.024,4.3491,0.9329,642042.275,522833.7718
603391.SH,20260327,3.0883,0.71,30.6619,3.003,6.3372,1.8103,628355.0,157088.75
003043.SZ,20260327,5.7275,1.23,114.3761,4.2171,7.4959,0.3916,727905.5145,455930.1361
300062.SZ,20260327,3.8997,0.44,,3.426,4.9848,,550565.2614,400683.7705
600761.SH,20260327,0.8114,0.47,12.3559,1.5483,0.8779,3.7675,1654907.1499,1654907.1499
300070.SZ,20260327,0.9538,0.58,657.1699,0.529,1.7608,0.1008,1438811.1171,1338619.7642
300981.SZ,20260327,2.4428,0.53,,1.0624,2.2981,1.7031,570390.3955,522736.3891
300407.SZ,20260327,1.8128,0.46,41.9423,2.1018,1.5573,0.7802,404211.1427,325772.1147
301307.SZ,20260327,7.1703,0.67,,2.886,2.12,,824709.6,426811.2622
601727.SH,20260327,0.6722,0.6,118.9481,2.3339,1.0402,,12603038.6468,10231283.7448
600897.SH,20260327,0.4435,0.58,14.7358,1.3876,3.2993,2.0382,654586.38,654586.38
002131.SZ,20260327,9.8512,1.4,107.1511,3.9695,2.6503,0.4306,5241356.7161,4527686.2537
002008.SZ,20260327,2.0208,0.59,57.215,3.8139,3.7292,0.5568,6472087.0227,6013967.196
002717.SZ,20260327,2.5337,0.94,,3.499,9.7109,,300338.5371,266508.0116
601211.SH,20260327,0.4184,0.64,11.5802,0.9507,4.9125,2.5387,29616595.3927,22674809.1242
300258.SZ,20260327,1.9679,0.6,51.945,1.4923,3.4336,0.5843,703811.8333,685578.7984
001255.SZ,20260327,1.5951,0.64,396.1118,3.5985,7.5506,0.0987,318431.5825,259709.68
300978.SZ,20260327,1.611,0.56,31.5445,2.8282,2.1992,3.6799,459477.8773,207855.4671
688786.SH,20260327,1.153,0.49,49.7945,5.5997,9.9223,0.6901,434132.2091,434132.2091
600711.SH,20260327,4.2491,0.77,19.586,2.331,1.2804,1.1991,3841630.1579,3841630.1579
603719.SH,20260327,0.6654,0.81,,2.0239,0.7029,2.4412,409020.0,409020.0
300730.SZ,20260327,15.6946,2.79,,13.2465,12.9659,,332048.33,266200.3718
000100.SZ,20260327,1.1654,0.62,29.1898,1.4782,0.5067,1.0973,9006773.4396,8284150.219
300272.SZ,20260327,6.1103,0.92,51.9431,3.5,2.7497,2.0741,492232.925,373899.9721
600239.SH,20260327,1.2015,0.75,,2.7417,1.8622,,351645.4331,351645.4331
000759.SZ,20260327,1.8104,0.54,,3.0942,0.426,,374954.3919,371129.6102
000539.SZ,20260327,9.0976,0.78,449.2679,1.5548,0.6959,0.2882,3643697.0863,1773438.5079
002818.SZ,20260327,1.0222,0.67,13.5255,1.5252,6.5923,9.2609,840519.3896,335055.1255
605080.SH,20260327,0.5575,0.61,15.6702,1.4589,3.1158,0.8688,320873.0843,318176.1704
300590.SZ,20260327,1.1466,0.66,68.733,2.8114,5.7961,1.9472,516487.3952,397949.001
300697.SZ,20260327,2.4247,0.62,37.9304,5.1365,2.0632,0.951,629923.84,293371.2804
300400.SZ,20260327,8.527,1.11,55.741,8.9138,7.9224,3.2348,607535.0032,600768.1936
600365.SH,20260327,1.2501,0.71,,5.2706,1.8326,,142111.39,133738.64
603606.SH,20260327,2.9529,1.35,40.1162,5.1802,4.0149,0.7767,3971556.2502,3971556.2502
002140.SZ,20260327,1.6743,0.73,17.6718,2.0527,0.9393,1.5038,941658.4498,940258.6288
002472.SZ,20260327,1.5299,0.67,26.2417,3.2809,3.654,1.101,3107754.2828,2762528.8941
300751.SZ,20260327,5.4288,0.64,92.071,9.7307,9.2509,0.4004,7647594.4192,5292248.7867
002200.SZ,20260327,1.3564,0.72,,,6.7287,,345562.195,149926.093
002068.SZ,20260327,7.1994,1.86,,2.522,0.7315,,676517.5803,676205.3553
920496.BJ,20260327,2.978,0.64,146.4482,2.8188,2.6147,1.5674,158455.275,138763.4994
002128.SZ,20260327,0.5268,0.56,13.2459,1.8331,2.2009,3.6789,6702304.7441,6702304.7441
002236.SZ,20260327,0.7242,0.53,14.3,1.46,1.6834,3.8159,5511889.0976,3548468.3579
688802.SH,20260327,8.4075,0.62,,18.1775,145.5617,,23931581.4,1084964.531
300254.SZ,20260327,6.5777,1.26,140.7019,9.7579,3.3739,,286529.532,252817.5387
603486.SH,20260327,0.5508,0.78,22.1925,4.1001,1.8604,0.725,3570786.6154,3536430.2386
301288.SZ,20260327,0.4641,0.46,,2.3269,15.1808,,184913.12,133723.6712
301118.SZ,20260327,2.7319,0.87,,1.9708,1.7781,0.5224,264140.7708,251810.7538
300597.SZ,20260327,1.7245,0.46,,2.6243,5.06,0.043,247766.1573,246677.3643
002161.SZ,20260327,2.47,0.63,50.5957,3.2884,9.4043,0.2008,552598.7778,526442.7386
688217.SH,20260327,1.6071,0.74,,1.8275,8.9273,0.604,155335.2468,155335.2468
601088.SH,20260327,0.1367,0.44,19.5262,2.3094,3.3885,6.3002,100850899.9048,78332430.2863
603638.SH,20260327,0.6202,0.97,43.0025,4.7447,5.3324,0.7637,1632258.4228,1632258.4228
600860.SH,20260327,2.8022,0.6,,8.121,3.8807,,626871.4563,508426.7023
603317.SH,20260327,0.6595,1.24,23.0992,2.8974,3.8159,4.4418,1315987.4854,1315987.4854
600765.SH,20260327,0.9928,0.65,41.7435,1.8116,2.5127,0.7551,2541432.9285,2541432.9285
603282.SH,20260327,0.9346,0.62,22.221,2.0541,2.6416,1.1463,271520.78,271520.78
600729.SH,20260327,1.0698,0.61,9.5406,1.247,0.6619,6.8798,973841.7532,425579.5681
300467.SZ,20260327,1.0787,0.47,360.9985,9.1249,20.5411,,582588.4397,483253.7046
300928.SZ,20260327,1.868,0.62,,2.1561,2.3215,,236720.0,158562.3884
002529.SZ,20260327,1.1224,0.7,,9.3871,5.3014,,181480.0,181480.0
300773.SZ,20260327,4.3372,0.78,104.5282,5.4009,3.4096,1.7004,1853899.2166,1753389.5927
001301.SZ,20260327,4.1792,1.02,21.4694,3.085,2.9321,0.996,2086157.9977,1488236.7551
002179.SZ,20260327,0.6364,0.56,33.1343,2.9647,3.3032,2.4084,7036211.7852,6966691.9336
688222.SH,20260327,4.4582,1.96,87.4691,6.6836,18.9754,0.2403,997292.52,997292.52
601702.SH,20260327,1.2263,1.27,15.553,2.9053,1.497,1.6026,1869249.2832,1869249.2832
603373.SH,20260327,5.254,0.85,37.749,2.7352,1.7813,1.5408,488494.6249,206388.9806
300421.SZ,20260327,2.9215,0.74,121.6184,5.3823,6.3132,0.5166,683032.8143,535089.2793
600755.SH,20260327,0.6692,0.55,27.1771,0.686,0.0432,4.365,1333875.5645,1330466.8959
600415.SH,20260327,0.5976,0.71,17.1993,3.2578,3.9742,2.5038,7227331.0599,7227331.0599
600486.SH,20260327,1.1626,0.92,24.3657,2.6634,2.5926,1.2428,3001028.4694,2991131.9942
002513.SZ,20260327,4.0383,0.91,,62.0352,1.0945,,240380.1459,184986.4333
300682.SZ,20260327,2.382,0.81,,2.6216,4.1843,1.5244,1768306.7464,1692575.0987
002714.SZ,20260327,0.932,0.56,11.7651,3.2047,1.7059,3.2744,26093935.7547,17215748.8619
688419.SH,20260327,2.0748,0.6,60.76,4.7026,16.5511,0.6669,488104.6616,253570.1627
300225.SZ,20260327,0.9722,0.49,91.5577,2.9467,3.2804,0.3738,254354.8307,254155.5432
300988.SZ,20260327,3.5191,0.67,34.7093,2.8053,1.8596,0.6562,357056.7736,271474.7606
002494.SZ,20260327,3.7659,0.55,133.2067,1.634,5.0299,,200351.9913,152275.1026
601512.SH,20260327,0.2047,0.75,16.3504,0.8617,3.9377,1.4764,1299537.63,1299537.63
688571.SH,20260327,0.7076,0.71,29.3591,1.8998,2.5497,2.5903,318552.1957,318552.1957
002575.SZ,20260327,20.0692,0.99,,6.6174,13.0405,,548685.0,521090.995
600650.SH,20260327,0.6748,0.62,58.0882,1.684,4.2358,0.8416,720954.4098,510462.018
300157.SZ,20260327,9.1807,0.78,232.524,,9.1235,,511169.7653,479905.1005
600651.SH,20260327,0.8397,0.79,362.0847,7.2107,9.3977,,1797539.0868,1797539.0868
605033.SH,20260327,2.0953,0.83,105.1485,2.7453,3.5924,0.6477,313123.2,313123.2
000816.SZ,20260327,1.9263,0.68,,2.3597,3.8967,,483302.4482,479767.7776
300538.SZ,20260327,2.3666,0.67,,2.7656,0.801,,266146.8723,177001.4178
300766.SZ,20260327,4.127,0.79,,8.5926,28.6192,,1349254.6694,1224498.6299
688021.SH,20260327,4.8097,0.64,146.0468,2.3509,5.8771,,204941.589,204941.589
001210.SZ,20260327,3.6478,1.0,25.3046,2.5352,2.8363,1.3063,340126.6942,206703.6221
688468.SH,20260327,0.9105,1.0,66.2076,2.0831,8.8377,1.6776,294012.164,294012.164
600663.SH,20260327,0.1484,0.57,31.403,1.5283,2.1149,1.9693,3841822.2571,2407786.6341
002552.SZ,20260327,1.1553,0.55,49.6545,4.1186,1.9604,1.2579,616896.6763,585920.2295
688401.SH,20260327,1.5046,0.92,37.4084,6.1741,8.1173,0.6146,937739.9971,937739.9971
300226.SZ,20260327,2.9002,0.7,39.6519,3.7613,0.1074,0.1992,799990.7692,768952.7166
300627.SZ,20260327,1.1179,0.75,37.8989,6.4287,7.009,1.0819,2580220.3468,2125173.1936
002100.SZ,20260327,2.0917,0.8,22.0896,1.3899,0.5631,3.0137,996633.606,996633.606
920807.BJ,20260327,1.5599,0.79,90.2374,2.2422,3.5288,0.8636,210617.04,143054.109
600172.SH,20260327,6.2116,0.65,,11.539,8.3177,,1139325.736,1008242.0425
605300.SH,20260327,0.3743,0.91,178.7097,1.7027,2.0323,0.5535,487569.6946,487569.6946
920163.BJ,20260327,0.9046,0.59,38.8476,3.254,1.993,0.8737,162052.3864,75655.8091
920207.BJ,20260327,5.0646,0.89,3277.3568,9.4296,6.1797,0.5363,257869.415,157511.567
002074.SZ,20260327,2.7057,0.95,20.498,2.3972,1.7171,0.2626,6821067.903,6528083.3262
301419.SZ,20260327,17.0683,1.53,70.9622,5.2601,12.0431,1.0011,499440.0,330157.3092
002693.SZ,20260327,3.496,0.93,,8.9326,16.154,,349168.7695,346046.5038
600215.SH,20260327,1.034,0.74,,1.5552,2.8603,0.2226,312051.007,312051.007
301287.SZ,20260327,4.2238,0.56,28.8157,2.3678,4.5454,1.6541,274080.37,70015.8799
603718.SH,20260327,1.781,0.85,17.5783,1.9862,12.2255,1.7068,301179.9714,299828.6214
600273.SH,20260327,1.6152,0.87,12.0838,1.2477,1.2804,4.242,1256470.4374,1256470.4374
920230.BJ,20260327,2.0942,1.49,95.3168,2.6498,3.3146,0.6974,110789.2445,51972.5228
300481.SZ,20260327,1.4619,0.63,31.1996,1.9502,3.3569,2.4907,468719.8334,465861.4521
920765.BJ,20260327,1.3616,0.7,,4.1108,2.4043,1.4885,125773.3514,76411.8795
920030.BJ,20260327,1.3687,0.56,,2.2817,0.4187,0.3022,99256.023,62423.0928
603206.SH,20260327,0.452,0.51,95.0998,2.0718,1.132,,470007.9815,470007.9815
601077.SH,20260327,0.7371,1.15,6.5548,0.6063,2.775,4.4794,7949900.0,6186769.6863
300738.SZ,20260327,5.8587,0.69,131.5876,6.127,8.9426,0.0595,2152621.075,2152011.5386
603977.SH,20260327,7.6232,1.76,69.3847,3.155,4.6895,0.5294,1056111.1076,1056111.1076
600801.SH,20260327,0.9941,1.29,14.8639,1.3228,1.1998,3.9184,4241151.124,2737063.204
603335.SH,20260327,2.6876,0.8,,11.6748,2.6526,,252605.314,252605.314
603759.SH,20260327,2.4779,0.83,17.3212,1.6071,1.8225,,457604.16,457604.16
002004.SZ,20260327,1.7264,0.97,,1.0656,0.8728,3.8177,1033517.8177,982205.3419
301355.SZ,20260327,2.8095,0.55,339.3003,1.5748,1.3835,0.8142,237434.1784,121950.0059
300244.SZ,20260327,3.6097,0.76,,1.7871,1.1008,1.3213,1156211.9566,927699.2629
920786.BJ,20260327,1.9482,0.65,33.1797,2.2059,1.27,,167869.559,114183.7534
300896.SZ,20260327,1.0745,0.68,28.1447,4.7911,14.8149,4.1478,3633525.4685,2455051.5226
300687.SZ,20260327,1.3738,0.62,105.8667,2.7708,3.4941,0.3736,765771.7688,617037.0731
603203.SH,20260327,0.9532,0.66,36.408,6.1797,8.4293,1.7884,902018.9356,885989.1988
600850.SH,20260327,1.4285,0.82,30.9014,3.2253,1.3922,1.8069,1554934.3219,1554934.3219
603703.SH,20260327,4.2374,1.53,,6.2396,5.7298,,516237.7573,516237.7573
605151.SH,20260327,1.1044,0.63,,1.797,1.3127,0.4396,244888.684,244888.684
300281.SZ,20260327,0.9383,0.59,1628.5196,2.253,6.4621,0.5926,282773.4165,268194.9906
601518.SH,20260327,1.1105,0.8,10.3391,1.0025,3.7026,2.8859,563384.8444,563384.8444
300308.SZ,20260327,2.0292,0.62,61.5308,22.1453,17.3758,0.1505,66444876.3732,66108928.8236
300425.SZ,20260327,1.3278,0.62,53.553,1.4249,2.0074,0.5295,334972.4028,333423.5306
603182.SH,20260327,1.0153,0.73,21.7073,2.2767,1.7697,2.6403,249293.25,249293.25
300003.SZ,20260327,1.964,0.93,70.2189,1.9681,4.7849,1.8334,2993675.9875,2564107.4244
002252.SZ,20260327,0.4278,0.95,24.6239,1.1965,5.2846,0.8186,3883221.1296,3880761.3655
300946.SZ,20260327,1.4667,0.99,132.6804,5.8422,11.1662,0.5286,694702.7334,337556.5479
000812.SZ,20260327,2.7731,1.2,,1.8086,2.2832,0.6619,325156.9757,324932.0903
002612.SZ,20260327,1.585,0.69,7.0721,2.1483,1.2553,2.414,733131.9864,422102.8991
301548.SZ,20260327,3.5443,0.64,44.4809,3.8953,9.9254,0.6346,588120.0,177348.4783
920953.BJ,20260327,1.3616,0.7,54.5957,6.1268,11.2667,0.4419,368717.8192,172351.1971
300047.SZ,20260327,1.7485,0.49,257.7316,2.3114,0.8607,0.1255,762104.883,653236.8805
002802.SZ,20260327,2.1536,0.55,51.2456,3.7866,5.7311,0.761,234532.1817,193690.0699
300942.SZ,20260327,1.3143,0.88,110.9827,4.1,13.7685,0.2019,346738.862,346738.862
000157.SZ,20260327,0.6539,0.63,17.0891,1.2989,1.5236,5.8824,7351254.9506,6009854.7586
300305.SZ,20260327,2.1858,0.61,,1.1548,2.4623,,236502.2344,202529.8151
601096.SH,20260327,1.8921,0.7,46.2095,3.3729,1.5612,0.692,1546239.6409,949640.4407
688501.SH,20260327,0.7254,0.47,17.1635,2.7546,1.5207,0.9511,310565.0,310565.0
688141.SH,20260327,4.6018,1.8,,15.1755,8.8855,,2362387.1608,2362387.1608
300203.SZ,20260327,1.3971,0.59,227.5684,2.1478,1.8215,1.8342,611629.3488,611126.2996
603825.SH,20260327,0.7364,0.69,,13.3441,1.8354,,219389.454,219389.454
600668.SH,20260327,0.6426,0.6,6.1232,0.7286,1.5165,0.8178,420745.7053,420745.7053
603848.SH,20260327,0.4971,0.84,30.9697,2.489,4.0288,1.2912,623327.6855,623327.6855
300290.SZ,20260327,2.0783,0.67,,11.7136,12.1829,,909059.9805,908789.8129
603877.SH,20260327,0.3097,0.65,36.4958,1.5259,1.0079,2.886,652910.9687,650482.4542
920639.BJ,20260327,1.4375,0.59,83.8947,1.8006,0.6772,,153417.6,90371.5155
000909.SZ,20260327,1.4077,1.46,,2.6714,8.0646,,265254.8325,265252.6054
688060.SH,20260327,0.6508,0.66,,2.8919,6.9043,,259301.6562,259301.6562
600331.SH,20260327,2.5073,0.54,,12.0045,9.9733,,3782771.2,2909824.0
688281.SH,20260327,0.5459,0.52,64.1346,4.3306,16.066,0.7613,2010208.7281,2010208.7281
002675.SZ,20260327,1.7004,1.29,55.4707,2.4946,3.9589,0.228,1085167.9478,978293.3361
920001.BJ,20260327,2.0786,0.67,,3.35,11.2478,1.2836,239396.3658,138180.6092
603818.SH,20260327,1.4682,0.66,,1.1325,0.7105,,246469.2439,246469.2439
002485.SZ,20260327,0.9999,0.72,,2.3235,3.5763,,273632.0,273632.0
600480.SH,20260327,0.7321,0.63,16.1894,1.5435,0.6149,3.3617,1202727.8762,1193488.8925
002577.SZ,20260327,2.0204,2.51,412.6362,3.8222,10.2842,,444329.104,444305.359
002281.SZ,20260327,5.6308,0.8,74.392,6.9738,5.9656,0.3078,6816410.1044,6586583.6836
603276.SH,20260327,2.296,0.7,84.2393,1.9716,4.4521,0.7474,343659.9175,125188.0528
002556.SZ,20260327,3.0686,1.07,39.7466,1.6719,0.3887,3.8474,597252.9085,596686.9494
300245.SZ,20260327,15.8728,1.83,,3.5838,8.2934,,422494.2071,421564.2959
002630.SZ,20260327,6.9094,1.07,,10.7158,1.3007,,258595.2,225629.7623
002703.SZ,20260327,4.7012,0.65,84.7663,7.7497,4.7445,0.3117,1583567.3392,1128142.5425
688350.SH,20260327,3.0438,1.92,282.9667,2.2532,2.9066,,403663.3617,403663.3617
300876.SZ,20260327,1.5307,0.66,,2.7645,5.2414,,277779.3547,207223.0297
603048.SH,20260327,1.5484,0.62,98.0582,2.4192,4.2026,1.6734,305510.4,305510.4
601015.SH,20260327,6.9234,0.55,,1.8184,0.9311,,1025333.8148,1025333.8148
603270.SH,20260327,3.479,0.63,35.6391,2.3211,2.5961,1.0443,524541.3608,169295.7008
301071.SZ,20260327,3.4163,0.66,149.4161,1.9822,19.0876,0.3638,1049157.6937,784409.0872
601666.SH,20260327,1.365,0.62,36.3892,0.9257,0.9763,6.6333,2126122.3308,2126122.3308
300789.SZ,20260327,1.4949,0.38,52.4373,2.8406,5.1119,0.7224,302658.4159,208077.0851
301192.SZ,20260327,1.7207,0.6,67.6893,4.3933,6.0164,0.9168,272427.3,130538.0813
003001.SZ,20260327,1.7683,0.68,63.6151,2.5818,4.5685,1.1295,309642.8898,187693.5959
603730.SH,20260327,1.2144,1.39,30.3766,4.1525,2.9759,3.0525,1895052.2187,1895052.2187
688707.SH,20260327,2.568,1.17,,1.7864,4.986,,712236.287,712236.287
300752.SZ,20260327,1.9346,0.52,49.1698,3.0511,2.5277,,371767.8014,255869.4229
920873.BJ,20260327,1.1657,0.86,,3.9952,11.3504,,102922.6783,80390.091
300445.SZ,20260327,2.9992,0.87,32.7942,3.3617,6.9932,0.4473,427409.1862,285834.2629
000025.SZ,20260327,0.8941,0.65,45.2745,3.8112,4.0208,0.6258,688831.1954,627659.7554
300017.SZ,20260327,7.1162,0.8,49.7549,4.2281,8.9048,1.4253,4286820.9613,4019604.8593
300867.SZ,20260327,4.9041,0.39,23.784,1.5101,3.7151,0.316,584786.7461,412383.0729
300803.SZ,20260327,2.187,0.74,263.2701,21.8944,38.9768,0.0813,6000352.4436,5956537.5509
002077.SZ,20260327,5.1756,0.79,215.8287,2.8591,26.1647,,958735.7435,958735.7435
300256.SZ,20260327,0.675,0.49,,8.6528,5.1601,,803011.2586,794161.2586
002187.SZ,20260327,1.2148,0.74,,1.1207,1.0659,0.6229,452077.0383,452077.0383
002895.SZ,20260327,2.021,0.85,19.2369,3.2705,3.1053,3.4909,2402418.8086,2359022.2801
603129.SH,20260327,0.8728,0.81,19.2595,4.7675,1.8815,1.689,3477919.4096,3477919.4096
300469.SZ,20260327,3.1022,0.94,,42.0108,58.9221,,1600892.176,1600851.7407
300532.SZ,20260327,1.8083,0.99,21.0812,2.6728,2.3329,2.8609,475368.1389,452072.3879
600546.SH,20260327,1.1745,0.58,19.0056,1.4309,1.022,5.8376,2343263.1575,2343263.1575
301231.SZ,20260327,3.9863,0.62,,3.1315,8.2105,,263328.0,204144.72
301551.SZ,20260327,2.1514,0.77,39.2199,4.7158,18.8261,2.3776,1135628.39,438778.0111
600961.SH,20260327,2.8787,1.0,17.3611,5.0358,0.8615,,1845341.0492,1293117.3246
603596.SH,20260327,1.1964,0.74,20.5349,3.7112,2.3177,0.7795,2715355.1507,2715355.1507
301137.SZ,20260327,2.1831,0.6,171.1816,6.1956,4.8638,0.1926,849432.2048,849432.2048
605122.SH,20260327,1.1627,0.75,,1.1244,1.9378,,225611.386,225611.386
301012.SZ,20260327,4.6311,0.67,113.4893,5.0041,4.1349,0.3423,583592.96,583592.96
600828.SH,20260327,0.9756,0.64,,1.3427,3.9105,,943930.4876,943591.2986
600165.SH,20260327,0.7183,0.78,,,11.5528,,563943.4375,255786.8625
000682.SZ,20260327,1.0051,0.56,22.3473,3.0781,2.0961,0.6492,1693338.2098,1693123.414
920110.BJ,20260327,0.5297,0.56,28.3331,3.5054,6.4541,3.0012,129948.0,54108.348
688565.SH,20260327,2.1281,0.82,208.8874,4.0606,7.0995,,201985.77,201985.77
002721.SZ,20260327,3.2292,2.06,,3.8101,11.9557,,781857.3128,781857.3128
603583.SH,20260327,0.5493,0.62,33.2999,2.5979,2.9819,0.9366,1228294.7207,1217074.3047
600108.SH,20260327,6.6606,0.86,99.4976,2.1886,2.1832,0.1134,944253.8337,944253.8337
600583.SH,20260327,1.4796,0.68,14.254,1.1179,1.0938,2.9911,2971150.4256,2971150.4256
603308.SH,20260327,1.7966,0.66,119.8113,8.6292,15.547,0.1122,4235150.2825,4235150.2825
688135.SH,20260327,3.1031,0.53,,4.1924,9.4545,,584660.0201,584660.0201
300626.SZ,20260327,3.555,0.81,,6.9469,4.5705,,367560.0,367358.9141
688583.SH,20260327,3.6255,0.83,110.1687,8.9458,28.3875,0.4816,1051960.0,366560.9598
600523.SH,20260327,0.6771,0.55,29.0923,1.7479,2.2209,0.9524,560375.4895,560005.8433
603895.SH,20260327,1.0701,0.86,,14.7093,6.3795,,285006.96,285006.96
002602.SZ,20260327,1.0668,0.86,32.1439,4.1803,3.5292,,12110031.055,11167197.6492
002631.SZ,20260327,2.6289,0.75,,2.5663,4.5731,,561287.1482,558674.9358
301091.SZ,20260327,0.5979,0.62,123.3566,4.6682,9.1549,0.1872,1105178.88,1105178.88
600058.SH,20260327,0.8171,0.73,119.2968,2.4678,0.2172,,1232697.3177,1232697.3177
002015.SZ,20260327,10.7454,0.61,44.6816,2.3367,2.8323,0.5485,2883024.5145,2883024.5145
688200.SH,20260327,1.6452,0.97,67.5918,8.9164,27.0248,0.2788,3638660.4916,3638660.4916
301261.SZ,20260327,2.6657,0.61,132.6811,4.4563,6.3513,0.7686,686070.87,292594.8037
002643.SZ,20260327,1.2906,0.88,56.7189,2.0168,3.8643,0.6406,1451814.8609,1430321.9316
001211.SZ,20260327,5.7713,1.21,90.4268,2.3758,1.3479,0.7305,205344.0,191074.2319
002466.SZ,20260327,6.9213,1.93,,2.2071,9.5127,,9889395.9215,8553847.1211
603005.SH,20260327,2.6684,0.71,47.4637,3.807,11.9028,0.3119,1754341.8891,1754341.8891
002956.SZ,20260327,0.5279,0.68,36.6929,3.687,2.6668,1.6192,575753.7164,575695.4723
000548.SZ,20260327,2.0661,0.76,58.4992,1.3012,5.4309,0.9276,269077.3221,269054.7855
301211.SZ,20260327,1.0307,1.06,133.2771,2.231,11.7011,1.4284,504043.2,504043.2
920368.BJ,20260327,3.9807,0.63,108.2299,2.0093,3.8757,0.4156,847322.608,806138.8437
300522.SZ,20260327,1.3752,0.84,173.7771,4.4927,4.9368,0.3636,354696.6577,289416.1831
002339.SZ,20260327,6.123,0.53,118.0818,3.1796,1.8714,0.184,547948.3018,520448.6475
301096.SZ,20260327,2.1837,0.83,,2.1994,9.6326,,568642.4465,430990.0539
920961.BJ,20260327,1.5956,0.76,829.5987,4.1939,15.546,0.2246,317962.9708,231393.4791
688353.SH,20260327,11.2637,1.87,1583.063,6.1476,24.1574,,2100455.5,2100455.5
002989.SZ,20260327,2.0528,1.14,,3.5685,17.7002,,534057.849,485638.7647
301153.SZ,20260327,2.079,1.34,232.2424,4.6125,11.1623,0.8118,775918.4254,723976.7876
002880.SZ,20260327,1.0664,0.66,27.3041,2.6867,5.4771,0.7265,624380.4,624380.4
603031.SH,20260327,2.2528,0.61,54.7946,4.5623,2.5936,0.659,1238332.4808,1041390.994
603040.SH,20260327,1.2135,0.76,42.2525,7.7082,14.096,1.4246,1095058.5654,1089346.7717
002792.SZ,20260327,13.688,1.51,1402.0972,7.638,18.2423,0.0613,2126774.2818,1371567.3969
300617.SZ,20260327,6.0404,0.89,80.7979,3.3945,11.2131,0.4021,979166.5866,820900.2851
600863.SH,20260327,0.9778,0.77,20.2377,1.8442,2.0114,3.4384,4176156.0355,3478831.2033
301159.SZ,20260327,2.6227,0.44,,5.5904,9.5749,,326107.6,223511.1346
688659.SH,20260327,1.8028,0.68,,3.0851,2.2673,,158400.0,158400.0
301021.SZ,20260327,3.0601,0.89,188.4178,8.0452,16.2782,0.1867,811342.5987,810740.0452
300102.SZ,20260327,3.7984,0.59,206.2987,6.5858,8.4427,0.1483,2789531.9388,2777426.2005
300088.SZ,20260327,1.4585,0.47,42.9702,1.7178,1.3192,0.9734,1501137.881,1493787.6918
002261.SZ,20260327,7.5453,0.76,,16.7824,13.5019,,4375394.7092,3978850.3719
000719.SZ,20260327,1.1493,0.92,9.8822,1.0894,1.4257,4.6048,1333234.4849,869293.2485
300568.SZ,20260327,9.1503,1.23,158.6265,2.0832,5.2499,0.3258,2044134.4606,1848839.9421
000882.SZ,20260327,1.7744,0.66,,0.6767,3.6947,,457137.7751,456830.8824
603068.SH,20260327,1.1392,0.74,257.6132,2.7822,5.4829,,480406.8646,480406.8646
001238.SZ,20260327,0.2763,0.83,,4.7214,3.4727,,539582.58,504755.0807
600493.SH,20260327,2.0148,0.53,314.0744,1.7692,2.236,0.803,198832.0,198832.0
920489.BJ,20260327,1.4773,0.62,,3.9732,3.5425,1.2885,190633.5024,121295.264
301371.SZ,20260327,1.463,0.79,24.8024,2.0972,6.3418,3.4143,1171794.312,175259.5182
001278.SZ,20260327,2.5028,0.46,,2.0532,1.1953,0.4782,258726.5394,178385.0417
300797.SZ,20260327,0.7482,0.69,35.5638,4.4457,4.7578,0.817,562227.7405,556004.5497
600537.SH,20260327,12.1016,0.76,,20.4307,1.9758,,459281.427,459281.427
301631.SZ,20260327,2.0078,0.61,29.251,3.1668,1.6873,0.9898,791650.2628,265909.6127
301333.SZ,20260327,2.3134,1.14,39.6417,3.1238,7.601,0.2549,600059.3435,599204.9318
301050.SZ,20260327,1.6606,0.62,89.1935,3.5534,16.0476,0.7568,1120365.559,953377.1983
000829.SZ,20260327,1.7818,0.53,,3.6486,0.1326,0.0963,1064054.2546,1063046.5964
688498.SH,20260327,4.1209,0.81,495.2334,40.5405,157.2107,0.0362,9455195.285,9333179.2246
920510.BJ,20260327,0.8512,0.52,,6.7445,12.5308,,262689.0628,133900.0852
603261.SH,20260327,0.9256,1.03,,3.829,8.9364,,254603.9973,254603.9973
688211.SH,20260327,0.2024,0.49,,1.1792,1.6122,,410320.6581,410320.6581
002726.SZ,20260327,2.221,0.52,,3.3868,0.3451,,365835.4736,365557.8326
600143.SH,20260327,2.1997,0.49,37.1573,2.3493,0.6433,0.5745,4481839.0736,4481839.0736
600569.SH,20260327,1.2571,0.51,,2.3897,0.2267,,652039.6546,652039.6546
688805.SH,20260327,8.1924,1.23,101.9287,6.2634,13.2134,,765626.88,143915.1102
002585.SZ,20260327,5.9117,1.3,,0.9647,1.5216,0.4115,832024.1841,646303.5435
600809.SH,20260327,0.3037,0.75,14.728,4.6704,4.8198,2.4249,18111588.8398,18111588.8398
301228.SZ,20260327,1.4911,0.79,,7.1107,12.6779,,490920.0,488630.2428
002700.SZ,20260327,3.2932,1.04,38.354,2.0895,4.1327,0.9551,285817.0758,182054.2279
688783.SH,20260327,2.0344,0.56,,7.0272,32.9367,,8725685.8,355738.6033
688192.SH,20260327,2.204,1.83,,17.4556,32.4782,,2601946.7152,2579816.9152
300945.SZ,20260327,3.8736,0.65,33.6566,2.4739,1.433,1.2845,408045.5264,371189.8074
002110.SZ,20260327,0.756,0.63,39.987,0.4805,0.2048,,944910.6523,944910.6523
002831.SZ,20260327,2.0095,0.62,20.0842,2.574,1.6932,3.156,2963132.9565,1644887.172
920007.BJ,20260327,1.3979,0.35,28.4848,3.9859,2.5088,1.6886,258685.7239,61962.6727
300739.SZ,20260327,3.5785,0.63,182.0229,3.4978,5.3891,0.4736,944094.6369,867503.8209
600894.SH,20260327,0.4309,0.69,11.1517,0.8686,1.0387,8.0895,740960.1749,733535.6672
002623.SZ,20260327,2.7403,0.51,,1.5706,2.1957,2.1697,444904.6875,443951.7394
688036.SH,20260327,1.1118,1.05,25.3433,3.2026,0.998,4.0048,6549088.8765,6549088.8765
920346.BJ,20260327,0.6871,0.56,33.2595,3.4964,5.5962,1.7005,161306.206,89207.436
300939.SZ,20260327,11.8944,0.82,60.2027,3.5232,3.9074,0.9699,489000.0,489000.0
603236.SH,20260327,1.2888,0.69,21.7275,3.1098,0.9028,1.2105,2096793.6074,1906176.0094
920033.BJ,20260327,0.7018,0.9,81.5816,2.4212,7.332,,180251.6333,125217.3295
000576.SZ,20260327,3.7252,0.72,52.694,2.4895,8.5817,,411105.9576,408653.9759
301076.SZ,20260327,1.8156,0.62,97.4284,5.4681,14.6233,0.4768,648984.1332,407482.8407
920957.BJ,20260327,1.0151,0.66,218.9283,2.9886,1.9052,0.9158,117173.0567,46633.5695
000786.SZ,20260327,0.7437,0.86,14.6071,1.5628,1.6793,3.4424,4245376.6887,4213632.5579
301665.SZ,20260327,8.2376,0.93,25.6233,3.4063,2.3437,2.2573,1196100.0,101668.5
301468.SZ,20260327,4.5731,0.66,137.3783,2.7389,13.3732,0.5497,615438.6382,354762.3264
600082.SH,20260327,2.1847,0.76,38.8094,1.3188,3.1268,,234540.0448,230263.7546
603958.SH,20260327,4.6034,0.97,,6.5217,3.4246,,449029.92,449029.92
301429.SZ,20260327,4.754,0.69,44.9129,1.728,2.3525,1.5146,232538.74,86628.9086
605180.SH,20260327,0.9973,0.71,92.9098,2.1717,7.0728,0.885,248261.0,248261.0
002103.SZ,20260327,1.3563,0.69,25.9563,3.7206,1.5624,,446652.1887,315190.3753
300609.SZ,20260327,1.5113,0.44,,4.0847,11.2294,,407067.6575,406440.0825
920003.BJ,20260327,1.8247,0.63,17.5915,3.1563,4.8014,1.4524,178223.1436,36668.3698
002479.SZ,20260327,8.6215,1.56,22.4858,1.2028,0.9098,2.5597,506890.0,505760.6866
688627.SH,20260327,4.572,0.76,329.7469,13.0514,20.0896,0.1317,2269255.7181,1746425.0449
601921.SH,20260327,0.2873,0.69,13.3587,1.2594,1.5784,5.1881,1713333.3339,1713333.3339
002925.SZ,20260327,1.1537,1.0,57.5209,3.2387,3.7836,1.5448,1481604.5818,1403612.3866
002123.SZ,20260327,0.9865,0.37,,4.6846,2.5547,,808643.2764,722950.0471
603799.SH,20260327,4.1803,1.21,21.2336,2.3847,1.5271,0.7388,11361397.707,11285632.7128
001360.SZ,20260327,2.8003,0.71,83.674,3.0248,5.42,0.7056,428808.0,171903.9689
002049.SZ,20260327,1.0214,0.65,40.2753,4.395,9.3752,0.307,5768101.7964,5767071.7353
301300.SZ,20260327,2.0935,0.55,34.7045,3.4672,5.7145,2.4878,277850.416,166026.0417
000565.SZ,20260327,2.3972,0.87,554.6376,2.5909,8.7446,0.2013,323026.2039,323026.2039
605138.SH,20260327,0.4538,0.63,82.4799,1.5653,1.0846,0.7924,377232.9786,377232.9786
605365.SH,20260327,1.3767,2.02,34.5925,2.4709,1.3521,2.2872,921193.6275,921193.6275
002434.SZ,20260327,0.7765,0.61,32.2372,1.754,1.7624,1.2579,1043517.0,1042516.1348
000523.SZ,20260327,1.5097,0.68,12.4677,3.4063,3.0492,,644249.4298,465131.2141
002530.SZ,20260327,1.6713,0.64,104.7632,5.101,6.497,,679460.8086,606147.5472
688219.SH,20260327,1.2276,0.85,28.3505,1.9383,0.9003,1.2159,583125.6,583125.6
688575.SH,20260327,0.8759,0.68,353.7426,3.1492,4.6965,1.4099,849654.4021,849654.4021
301638.SZ,20260327,11.4012,0.44,112.0999,8.1128,12.7957,,8651828.2758,639381.0126
688186.SH,20260327,2.4353,0.61,30.0711,1.3638,1.3095,1.186,644845.0294,644845.0294
603226.SH,20260327,1.312,0.93,,14.33,39.4665,,1301099.8782,1301099.8782
300986.SZ,20260327,3.7464,0.65,76.0233,4.7198,3.6624,0.2558,1005216.499,1004387.0649
603312.SH,20260327,2.7346,0.75,24.0339,4.3954,2.458,2.6258,698877.816,222416.376
000430.SZ,20260327,0.6349,0.59,,22.1336,12.9401,,592653.0923,271247.3478
601238.SH,20260327,0.2002,0.68,,0.6694,0.7465,0.2753,7392872.7775,5353180.7564
301613.SZ,20260327,1.6438,1.16,29.4126,4.1119,2.371,1.47,652320.0551,380492.1551
600929.SH,20260327,1.7678,1.39,,1.2886,2.1686,1.4701,970947.0476,970947.0476
300008.SZ,20260327,3.5575,0.65,44.6318,5.6057,2.7559,,1309846.0828,1248645.8738
600028.SH,20260327,0.2035,0.71,22.4295,0.8593,0.2563,3.8677,71346053.391,55903960.4713
300677.SZ,20260327,3.066,0.79,21.28,1.995,3.6781,0.2664,3622749.8042,2576237.8467
300058.SZ,20260327,5.489,0.95,,6.4532,0.7702,,5119655.4697,4962522.4349
002032.SZ,20260327,0.0982,0.51,16.7739,5.5869,1.5445,6.3654,3517011.5864,3514782.0604
002614.SZ,20260327,1.4434,0.57,56.8134,0.9006,0.7598,1.6019,389213.2633,275349.8973
002816.SZ,20260327,2.1624,0.66,,9.3614,11.5731,,216600.0,216600.0
000713.SZ,20260327,1.7801,0.73,104.1933,1.752,1.9143,0.2349,522833.7555,402179.8119
600420.SH,20260327,0.7859,0.86,14.7129,1.0082,1.484,2.8958,1389454.9089,1389454.9089
301286.SZ,20260327,0.9919,0.73,90.6188,9.5511,16.7711,0.1739,1824456.0,735434.0549
600423.SH,20260327,3.3281,1.03,488.7701,5.3577,20.2003,,299510.6348,299510.6348
600491.SH,20260327,0.7538,0.54,,0.4568,0.7316,,448219.0808,448219.0808
300746.SZ,20260327,1.4147,0.84,,3.5277,2.2794,,271337.4703,268701.6309
688282.SH,20260327,0.6542,0.43,,4.3609,18.4457,,555280.0,555280.0
601133.SH,20260327,19.0969,0.71,51.804,3.3021,2.0634,1.1462,966273.7159,273377.7415
301033.SZ,20260327,2.0006,0.97,41.9779,5.6206,12.7039,0.9281,427776.5756,360272.9856
002278.SZ,20260327,5.2343,0.81,95.8704,3.2851,5.6798,0.3965,457124.4352,391650.5755
301128.SZ,20260327,10.515,0.78,105.9822,15.9721,8.2966,0.3119,1421283.0498,1212298.8314
300869.SZ,20260327,1.1268,0.69,,3.1029,10.9982,1.8643,538818.0872,339757.388
601633.SH,20260327,0.1713,0.54,18.0275,2.0756,0.802,2.1554,17868837.2371,12964900.0939
603922.SH,20260327,3.4225,0.58,190.6234,3.6203,5.3872,,376320.0,376320.0
600789.SH,20260327,1.9937,1.24,45.9044,1.6845,1.3997,1.1616,866462.326,744997.1249
600916.SH,20260327,1.4756,0.51,38.8167,2.1987,0.2653,3.7155,1582560.0,1582560.0
003016.SZ,20260327,0.9009,0.75,,1.2782,2.3731,,342304.5922,334458.6334
605189.SH,20260327,1.0889,0.68,58.8284,1.5214,0.8242,0.9884,268991.5578,268991.5578
301421.SZ,20260327,5.2875,0.89,309.2832,8.2663,20.381,0.1759,986843.104,394918.7601
300213.SZ,20260327,1.1788,0.47,202.855,2.0955,4.6793,0.646,460038.2468,427419.7258
001285.SZ,20260327,2.3468,0.63,27.4955,2.4678,3.9913,,911341.2547,205472.6059
002491.SZ,20260327,16.5827,1.46,3686.7089,5.5629,4.3248,,1380053.829,1319998.0733
688234.SH,20260327,0.8801,0.68,,5.2854,25.8837,,3791655.4883,3362059.2083
301255.SZ,20260327,1.8146,0.57,89.7165,3.5394,8.5955,0.585,371965.44,92991.36
002766.SZ,20260327,1.2709,0.58,,3.9222,5.8261,,428534.1911,424721.509
002115.SZ,20260327,3.2638,0.65,,4.6525,0.997,,965079.6851,895112.6831
300904.SZ,20260327,6.2446,0.71,,6.6559,6.6842,,438642.3859,133218.3859
688700.SH,20260327,3.216,0.56,119.9997,8.4215,14.0229,0.1919,1552880.6774,1552880.6774
002408.SZ,20260327,2.4603,0.99,,1.5192,0.6904,0.4887,1731296.6798,1675417.2862
301488.SZ,20260327,8.2869,1.54,127.115,9.0007,6.9866,0.3824,1202808.0,306090.9459
002154.SZ,20260327,1.1006,0.79,16.782,1.1686,1.0393,1.3774,529738.1436,428257.4458
600198.SH,20260327,1.4398,1.07,155.5989,39.0821,10.2525,,1071562.1107,1070202.7389
600556.SH,20260327,1.8492,0.69,503.3402,2.8434,2.9122,0.1421,1093687.3234,1093687.3234
603995.SH,20260327,1.0178,0.88,9.5218,1.1179,0.1504,4.5515,639100.0805,639100.0805
301617.SZ,20260327,4.4083,1.09,44.1787,4.5671,5.5322,0.7463,771370.08,306146.88
300475.SZ,20260327,4.4596,0.72,258.2957,19.7866,1.9591,0.0639,6692495.5017,6411687.1257
920926.BJ,20260327,0.9166,0.94,42.4464,4.4966,2.6437,1.9389,124855.1344,113297.7015
300253.SZ,20260327,2.045,0.66,,3.2907,8.5767,0.1776,1856613.2609,1529146.2654
000985.SZ,20260327,1.791,0.75,,4.1843,1.3573,0.3275,257334.4075,257334.4075
002137.SZ,20260327,2.529,0.48,,3.1093,7.4909,,470088.9512,322717.407
603183.SH,20260327,2.0014,0.58,56.4302,1.4351,2.7203,0.5447,228193.3422,228193.3422
000498.SZ,20260327,0.9662,0.65,3.9226,0.5646,0.1275,3.5442,892653.6141,833374.4232
603115.SH,20260327,8.6859,1.59,51.499,5.0869,4.7106,1.3662,1050530.0072,1050530.0072
000555.SZ,20260327,2.7874,0.46,,2.7364,1.264,,1516353.4751,1510338.1353
603986.SH,20260327,4.3389,0.93,133.9682,7.8622,21.24,0.1306,18134715.9976,17274473.2347
301058.SZ,20260327,0.9166,0.6,21.4607,2.319,1.6703,1.5152,507151.5026,507151.5026
600587.SH,20260327,1.0643,0.83,17.0579,1.1197,0.9066,3.4943,868108.3496,868108.3496
000737.SZ,20260327,1.6114,0.62,33.406,3.7907,0.9743,0.8302,2523749.2764,2523513.062
688058.SH,20260327,2.9447,1.08,,3.2863,9.2738,,213631.5444,213631.5444
605208.SH,20260327,1.6373,0.64,84.1139,2.0026,0.7757,0.2953,435190.86,435190.86
300345.SZ,20260327,16.7844,0.6,,9.0353,4.7646,,471146.7949,389230.0019
301168.SZ,20260327,2.2515,0.63,114.6838,2.4022,3.5397,0.1421,519240.0,412420.8049
688293.SH,20260327,0.7122,0.62,139.0842,2.2137,16.3409,0.8419,579960.676,507637.8868
300342.SZ,20260327,12.6806,0.83,357.7959,13.5544,24.2359,0.13,2125175.565,2093994.315
300964.SZ,20260327,9.0789,0.78,140.9649,5.0923,6.4344,0.3038,502469.0936,368712.6911
688184.SH,20260327,0.4452,0.69,,1.4563,2.3406,,157616.0864,99583.1264
301043.SZ,20260327,1.9569,0.83,42.6455,4.3762,6.2143,2.7057,366928.0,306210.859
300828.SZ,20260327,4.7644,0.79,74.0631,4.3197,5.393,,336338.862,252095.882
603316.SH,20260327,3.8989,0.61,,7.2564,7.6251,,383975.592,383975.592
600468.SH,20260327,7.1914,0.57,,4.9989,4.6244,,1003979.7013,1003979.7013
301571.SZ,20260327,4.022,1.02,56.9702,5.6873,10.5265,0.15,1160167.9211,770533.7573
300217.SZ,20260327,3.9891,0.81,40.6666,1.8267,2.2203,0.6166,767070.0319,636787.8347
600864.SH,20260327,3.9995,1.01,23.1575,1.086,8.7473,0.7236,1437674.2293,1437674.2293
688056.SH,20260327,1.5392,1.15,59.0423,2.8731,5.7805,1.7232,232508.6296,232508.6296
600626.SH,20260327,1.9763,0.97,62.1775,1.6527,0.4933,,530939.3561,445407.4414
002930.SZ,20260327,4.4679,1.52,,2.8154,5.3045,1.3928,656955.4591,621385.8195
688052.SH,20260327,0.8455,0.51,,3.2348,7.6777,,2585712.5847,2266202.0847
000407.SZ,20260327,3.8973,0.83,27.9096,1.4236,1.0438,1.1538,434761.8201,432632.7324
000668.SZ,20260327,1.9205,1.63,,2.9104,7.3496,,205578.646,205578.646
603551.SH,20260327,1.347,1.35,16.6785,3.9173,2.6981,6.5689,492470.592,486251.072
603617.SH,20260327,1.0119,0.49,58.4752,1.8858,2.5915,1.1038,283003.0307,278523.6107
603601.SH,20260327,29.1212,1.85,185.5768,5.6816,11.0311,0.2047,1505605.3998,1505605.3998
600724.SH,20260327,0.8921,1.2,38.371,3.0514,5.3883,3.6145,839685.0623,839511.6878
300993.SZ,20260327,0.8978,0.63,22.6815,2.4929,4.9367,0.7926,381158.2944,297862.3945
600232.SH,20260327,2.4857,0.97,,3.0743,2.4372,1.2626,288857.0868,288857.0868
603083.SH,20260327,6.1527,0.64,134.4189,4.8595,8.6774,0.2468,3686254.349,2880725.263
002749.SZ,20260327,0.4072,0.72,16.1423,3.3894,2.9216,7.7101,605799.7565,589292.6906
001330.SZ,20260327,2.449,0.64,,2.2608,6.4254,,947043.58,947043.58
603035.SH,20260327,0.7876,0.56,12.9145,0.9437,0.7591,2.5475,501162.8054,501162.8054
600649.SH,20260327,1.774,1.3,39.232,0.5419,0.7879,0.8791,1139547.8494,1139547.8494
002571.SZ,20260327,2.0826,0.66,,4.584,2.6166,,447607.6994,340665.6667
600184.SH,20260327,2.8979,0.8,,2.8153,5.7186,,953924.8651,953924.8651
300212.SZ,20260327,4.3741,0.86,,30.3642,18.435,,825716.608,801192.9474
000078.SZ,20260327,2.3885,1.07,,4.5481,0.3038,,828803.826,827328.9585
603970.SH,20260327,1.1464,0.98,19.1372,2.2184,0.3114,3.5211,343526.5713,343526.5713
300882.SZ,20260327,1.4305,0.64,34.7273,4.6427,5.0883,0.2352,608463.7257,566211.2658
300128.SZ,20260327,1.4886,0.79,,12.1414,3.7448,,802853.3246,801989.1289
300491.SZ,20260327,4.354,0.8,104.3453,3.4756,2.6907,0.2836,418980.4604,372035.1459
002677.SZ,20260327,0.9256,0.56,234.7471,3.4571,9.1111,3.7975,510380.8011,422547.868
688702.SH,20260327,3.0208,0.88,,31.9109,61.8992,,7121700.0,3525967.2707
603717.SH,20260327,2.6482,0.86,,3.7998,2.7604,,196719.1507,196719.1507
001202.SZ,20260327,2.0139,0.96,38.8653,3.4002,1.7457,,284375.0337,199301.6672
603351.SH,20260327,0.7037,1.04,22.7399,1.9079,2.5529,1.6142,335618.1691,335618.1691
600051.SH,20260327,1.8645,0.63,25.5785,0.7018,1.4314,1.5645,238444.96,238444.96
002988.SZ,20260327,0.9589,0.93,40.1703,2.7094,0.979,0.5421,726085.5412,725861.1121
600636.SH,20260327,1.0247,0.63,,1.6753,9.7336,0.6361,344768.5264,344768.5264
605089.SH,20260327,0.8469,0.91,43.9436,2.6041,4.6153,1.5395,319470.0,319470.0
000530.SZ,20260327,1.4419,0.54,48.1024,1.6031,1.1517,0.8264,510143.5667,363025.0851
300950.SZ,20260327,1.4695,0.56,46.0902,4.0897,6.9445,0.9222,326340.976,193932.6363
600975.SH,20260327,0.9946,0.76,270.2488,2.2316,0.9402,,673567.6779,673567.6779
000710.SZ,20260327,2.5293,0.93,,2.2722,3.9102,,368015.8451,343040.6498
300147.SZ,20260327,0.8531,0.85,,8.9935,4.2347,,622924.8604,619269.2485
603380.SH,20260327,0.7559,0.92,24.3117,3.5166,2.3074,2.9815,538119.7848,538119.7848
002753.SZ,20260327,4.121,0.78,42.9943,1.264,0.8531,1.6533,336082.1377,190363.2329
002655.SZ,20260327,6.6695,0.95,76.4402,8.4929,4.6254,0.169,639101.4045,638926.7029
600585.SH,20260327,0.5294,0.7,15.0493,0.6345,1.4794,4.1233,12209593.142,9215314.742
300451.SZ,20260327,1.6212,0.87,,1.6802,6.4841,,723441.2312,712965.9906
301358.SZ,20260327,4.2197,1.15,81.151,4.9442,2.0274,0.1958,6071205.7136,6064306.2854
605369.SH,20260327,0.4428,0.71,37.3455,2.2241,3.3949,1.6484,381673.2947,381673.2947
002364.SZ,20260327,4.4724,0.95,164.9898,6.5626,7.2126,0.3539,1587562.4923,1572178.2919
300747.SZ,20260327,1.7572,0.64,91.3306,4.6392,4.3834,0.1852,1519689.6,1378094.4753
601065.SH,20260327,1.8105,0.77,18.2022,1.2333,2.306,2.5913,545716.8911,353401.4111
002501.SZ,20260327,1.7884,0.78,,24.9093,22.4256,,656750.0,656096.8031
300540.SZ,20260327,2.5861,0.8,66.2798,4.1196,5.4891,0.1803,454756.5969,409526.5911
603856.SH,20260327,0.9865,0.68,21.0507,1.3602,1.8206,1.6641,367801.1022,367801.1022
301090.SZ,20260327,0.9621,0.74,,1.8281,0.7819,,1147047.4509,1145851.1951
002152.SZ,20260327,0.6723,0.56,33.3532,2.3222,2.3664,3.2174,2855890.3327,2854453.77
002369.SZ,20260327,1.9457,0.8,,12.9314,2.315,,400838.09,400314.2927
688109.SH,20260327,0.703,0.48,212.8291,12.5001,23.0086,0.5258,1006500.8018,1006500.8018
600679.SH,20260327,0.7144,0.46,,2.8562,2.7845,,611138.9888,407621.3888
603260.SH,20260327,0.5566,0.74,,1.5563,2.3142,1.059,4981820.0494,4981820.0494
300970.SZ,20260327,2.9856,0.76,754.8159,1.8882,2.501,,291196.6125,225948.3064
601339.SH,20260327,0.4077,0.71,19.0424,1.1359,1.3728,5.8993,1042200.455,1042200.455
002019.SZ,20260327,3.2507,0.97,39.1157,1.8044,3.0501,0.7634,1593471.0114,1102331.0448
301633.SZ,20260327,1.3251,0.56,42.2515,3.6874,5.7151,1.6529,336864.0,154339.3841
600439.SH,20260327,0.9898,0.68,,1.1128,2.3152,,293184.229,293184.229
002304.SZ,20260327,0.4097,1.22,36.9755,1.5758,3.9346,4.561,7652740.9759,7652560.3819
300771.SZ,20260327,1.8301,0.63,43.3354,1.6434,5.7044,1.088,324000.0,244618.8363
688639.SH,20260327,1.7135,0.72,55.8742,2.7954,2.5852,0.8435,739842.2199,739842.2199
920478.BJ,20260327,1.7098,1.01,25.4898,2.4939,4.4596,1.7528,128295.181,77001.3076
688368.SH,20260327,2.4761,1.6,447.2354,4.9675,10.1437,0.2729,1592363.7304,1093688.9442
301200.SZ,20260327,1.1011,0.92,138.2816,7.8462,16.6383,0.2341,8156644.8306,7108362.5932
002372.SZ,20260327,0.4039,0.6,20.132,3.7322,2.9827,5.3952,1748057.7108,1615002.2037
300002.SZ,20260327,1.4009,0.71,23.338,2.4375,3.1987,1.0535,1862913.6511,1749157.7326
002063.SZ,20260327,3.8483,0.61,42.819,3.2621,4.9718,0.4433,1289294.2469,1190512.8799
920100.BJ,20260327,2.9008,0.75,60.3387,7.8877,6.5937,1.0163,363141.756,96285.079
300311.SZ,20260327,1.5168,0.53,,5.9134,8.3098,,349614.0479,278915.3193
003009.SZ,20260327,1.482,0.61,,4.5579,12.7562,0.0957,925547.1717,925377.9556
002689.SZ,20260327,0.9013,0.75,56.4955,3.1562,2.9401,,384981.6575,384834.3524
600578.SH,20260327,0.8369,0.75,10.7223,1.5693,1.0193,2.1544,3728903.9054,3728903.9054
300685.SZ,20260327,2.9612,1.17,24.5061,4.3069,7.3229,1.3393,877040.9626,872698.0931
600621.SH,20260327,1.4785,0.98,23.6314,1.6332,5.7907,0.8263,1502233.3975,1502233.3975
688090.SH,20260327,2.5991,0.99,507.4953,6.7048,6.3976,0.1554,604508.1162,604508.1162
301636.SZ,20260327,12.1941,0.49,50.2063,3.9418,4.9221,0.7506,425423.569,106355.8939
300404.SZ,20260327,3.1272,1.1,504.3889,3.661,4.8547,0.1226,373901.2848,276593.0199
601155.SH,20260327,0.5481,0.91,117.211,0.5148,0.4435,,3184939.4727,3184939.4727
603366.SH,20260327,6.8556,0.66,44.9961,1.9686,1.7784,0.5368,817926.3896,817926.3896
300480.SZ,20260327,7.5666,0.96,,7.8194,15.3604,0.1753,1002036.0697,702987.2278
603616.SH,20260327,9.8359,0.76,,10.289,2.76,,258269.88,253633.38
688789.SH,20260327,0.5452,0.75,24.0375,3.5567,5.509,1.2704,1271346.3227,1271346.3227
301259.SZ,20260327,2.8451,0.92,,6.188,19.0508,,511992.0,324494.7467
300452.SZ,20260327,2.6085,0.96,26.9084,3.7372,3.7298,2.0017,348633.0891,295362.7297
000571.SZ,20260327,2.2373,0.82,,35.2465,7.7715,,500120.884,485139.4108
600581.SH,20260327,1.7985,0.9,,,0.2208,,407750.8334,407750.8334
000721.SZ,20260327,1.2038,0.58,,20.9077,7.7744,,455114.0462,406301.7242
002165.SZ,20260327,13.6466,0.87,149.5205,3.647,2.6624,0.3945,745563.6147,737816.3089
300842.SZ,20260327,3.3374,0.52,,7.8406,0.6847,0.3416,1235604.2142,1098177.8472
002263.SZ,20260327,15.9781,4.92,150.4101,2.7628,5.9394,,764492.5607,764486.4557
603885.SH,20260327,0.7082,0.47,35.7662,2.6664,1.1868,0.825,2620806.3216,2620806.3216
603511.SH,20260327,0.3115,0.66,44.8846,1.2705,1.7749,2.94,553145.2878,550183.7301
300676.SZ,20260327,1.2439,0.7,,1.812,4.5079,,1674523.2512,1665434.2396
000607.SZ,20260327,0.9852,0.55,,2.7771,3.6495,,430486.4274,374369.1468
002870.SZ,20260327,1.4155,0.86,40.4013,2.8774,0.8159,0.2711,487094.9456,475610.307
600501.SH,20260327,1.1193,0.7,,5.4865,4.1288,,945491.482,945491.482
600467.SH,20260327,2.6139,0.65,88.8748,1.0634,2.6364,0.3582,363787.5817,363787.5817
603336.SH,20260327,1.0539,0.93,552.2536,3.7452,5.0508,0.057,533846.5148,533846.5148
301595.SZ,20260327,4.335,0.85,85.9824,7.3431,5.9111,0.4267,634412.52,142742.817
300962.SZ,20260327,0.8131,0.5,41.6604,4.2833,11.7372,0.9001,428211.0769,428211.0769
001979.SZ,20260327,0.5223,1.11,76.0888,0.7977,0.5035,2.2464,7789851.7957,7269336.1734
688472.SH,20260327,3.4411,0.55,50.4414,2.1934,1.2797,0.6531,5151400.1184,1905583.3089
603626.SH,20260327,5.0041,0.92,,5.6448,3.7473,,1204088.9273,1204088.9273
688347.SH,20260327,3.0431,0.77,519.4744,4.3321,11.3143,,19564000.861,4590857.25
688283.SH,20260327,0.5875,0.61,103.0027,4.8864,19.8509,0.6528,481719.0,481719.0
002635.SZ,20260327,1.9541,0.5,65.957,1.5948,1.9851,1.4184,930158.3542,557445.8787
002463.SZ,20260327,3.5239,0.79,40.5987,10.2682,8.191,0.6197,15518067.5624,15505543.7591
603959.SH,20260327,2.6981,0.77,,127.3532,2.8649,,302514.4781,302514.4781
688361.SH,20260327,1.3851,0.74,953.1252,10.7462,26.7897,,5500714.29,3900404.1987
300624.SZ,20260327,3.1103,0.74,,12.2999,8.6854,,1328220.5459,1176372.1939
000839.SZ,20260327,2.2025,0.58,,8.7153,4.1144,,1336660.786,1336660.786
300274.SZ,20260327,3.6382,0.66,22.1086,7.8731,3.5908,1.2304,33865908.611,25967903.8494
301356.SZ,20260327,4.0797,1.16,53.0274,1.5971,3.0752,,479304.0,121623.39
600152.SH,20260327,13.6712,0.91,,3.2377,3.7871,,551300.7088,551300.7088
300049.SZ,20260327,3.1029,0.98,100.3575,7.8167,9.6929,,1546399.3524,1363524.3064
600540.SH,20260327,2.9476,0.71,,6.4645,0.6505,,281967.8256,281967.8256
300741.SZ,20260327,0.4179,0.57,116.9976,1.4445,7.3289,0.6281,980480.96,980475.6268
002686.SZ,20260327,2.323,0.74,332.0824,2.4737,2.4059,0.1393,405993.4584,374799.2799
300810.SZ,20260327,1.5003,0.56,,5.0991,15.867,0.0614,379412.7,366365.5474
920876.BJ,20260327,2.5526,0.81,223.6216,5.7592,2.6761,,147679.6964,90310.2209
600927.SH,20260327,0.2824,0.63,31.8845,1.5337,1.762,0.6511,2011577.7784,2011577.7784
688157.SH,20260327,1.6885,1.36,280.3342,4.5345,8.474,0.4234,612584.1093,612584.1093
002587.SZ,20260327,6.0486,1.27,,3.3663,5.6866,0.2903,447610.8352,365963.3316
920199.BJ,20260327,2.547,0.62,367.2949,4.7794,9.2215,,252823.5776,140785.9706
603327.SH,20260327,0.7787,0.63,95.3004,3.942,3.6649,2.0273,943004.3427,943004.3427
601311.SH,20260327,2.3484,0.82,15.2513,1.1538,0.6931,2.9928,1136778.5883,1136778.5883
002512.SZ,20260327,10.6599,1.12,,11.3737,2.4452,,441661.1629,434497.3575
600966.SH,20260327,1.0644,0.62,61.015,1.2247,0.4655,0.3892,903706.7387,903706.7387
600358.SH,20260327,2.772,1.31,,59.5771,7.5533,,322654.5257,322654.5257
002893.SZ,20260327,25.7198,1.28,42.5021,2.8634,2.8293,0.7721,348268.44,267870.5544
300331.SZ,20260327,3.5032,0.71,,7.0382,5.6423,,1101227.7549,891525.9288
002348.SZ,20260327,1.786,0.64,,15.786,20.923,,702822.4,670421.4853
603389.SH,20260327,0.4802,0.99,,47.5946,53.3209,,1113280.224,1113280.224
002825.SZ,20260327,1.1734,0.61,21.4141,2.1532,1.7917,1.1593,348707.3647,261931.4322
605018.SH,20260327,0.5208,0.46,58.541,1.8282,2.4169,1.4046,495449.3458,495449.3458
002132.SZ,20260327,2.8724,0.94,357.3783,1.5588,1.0365,1.2274,540996.2534,540200.1122
688020.SH,20260327,2.1364,0.99,,4.9371,19.0917,0.2197,682789.797,682789.797
300659.SZ,20260327,2.2552,0.68,,2.9327,4.271,,352310.8874,257520.1823
600118.SH,20260327,1.9511,0.76,1599.8772,14.4763,13.9629,0.0129,9193853.0246,9193853.0246
300036.SZ,20260327,1.4762,0.55,,2.7845,4.9437,,749990.7911,667363.1766
000837.SZ,20260327,1.2445,0.74,204.4597,2.2158,2.6443,0.2838,1081465.1497,1064825.3272
688699.SH,20260327,1.6692,0.6,,4.059,7.2712,,483513.9635,483513.9635
300413.SZ,20260327,1.1529,0.72,41.2374,1.6666,2.9998,1.0664,3859297.0413,2107767.0134
920855.BJ,20260327,0.3894,0.59,32.6094,1.9851,4.2722,1.3717,114416.7328,102633.5107
002324.SZ,20260327,1.8408,0.77,64.3879,3.6184,1.7678,0.3315,1655156.337,1155098.6315
300004.SZ,20260327,4.6011,0.84,96.184,3.5653,10.7005,,634551.5366,634551.5366
300756.SZ,20260327,2.2195,0.52,79.0358,4.4001,9.3889,0.1223,644261.3435,536469.6831
300915.SZ,20260327,1.3924,0.76,366.0603,1.8543,2.7106,1.2568,285151.7813,130526.7846
001318.SZ,20260327,0.7423,0.81,33.0271,2.6679,7.8505,1.3226,384700.26,384700.26
300373.SZ,20260327,1.8673,0.94,30.5983,4.3259,5.7478,1.1115,3999039.7123,3990208.2496
002303.SZ,20260327,2.275,0.89,17.2095,1.257,1.3679,5.427,555870.4977,350998.1335
603119.SH,20260327,4.5554,0.77,101.5766,13.8434,21.0922,0.2608,2711697.7283,1519921.5458
605117.SH,20260327,1.6582,0.6,38.4655,14.0607,9.8032,2.274,11799980.4582,11799980.4582
688162.SH,20260327,0.7051,0.58,51.5044,1.7183,0.9613,,416786.356,416786.356
301276.SZ,20260327,2.3575,0.55,22.7846,1.4745,2.7427,2.5306,307281.6,171346.4962
920204.BJ,20260327,0.8229,0.44,67.7322,2.8715,4.3886,0.4003,141337.4077,74936.1238
600595.SH,20260327,1.1351,0.59,24.5915,1.7152,1.2628,,2861644.2514,2861644.2514
603398.SH,20260327,1.4463,0.41,,7.5729,19.2012,,486545.7899,486545.7899
002588.SZ,20260327,2.6664,0.83,12.4747,1.6643,1.044,2.8828,1218701.7148,908396.2291
002649.SZ,20260327,1.34,0.6,52.5902,1.5973,1.0019,1.4754,678414.3126,635761.7658
000672.SZ,20260327,0.7334,0.55,16.3281,1.3822,2.3441,4.8981,1226285.2443,1226285.2443
688083.SH,20260327,1.7258,0.78,393.3974,3.1575,9.4735,0.7125,847043.7063,847043.7063
000892.SZ,20260327,2.4214,0.66,,6.9453,10.2201,,586626.3229,425080.1995
600839.SH,20260327,0.9303,0.63,29.4851,2.6062,0.3722,0.5727,4029981.2058,4028858.8849
603208.SH,20260327,1.3275,0.9,,1.9696,1.1692,1.4097,237057.0378,237057.0378
688122.SH,20260327,1.375,0.67,55.5004,6.5463,8.9065,0.9053,4664591.0885,4664591.0885
920227.BJ,20260327,1.7809,0.73,51.1571,5.3595,14.3606,1.7464,222979.029,101454.5105
688681.SH,20260327,2.1267,0.76,42.0039,3.2174,3.9052,0.5238,197407.62,197407.62
600496.SH,20260327,1.1523,0.92,12.6866,0.8639,0.3781,2.005,794059.861,794059.861
002935.SZ,20260327,0.7569,0.53,118.9885,4.7733,8.1809,0.2823,755326.5667,739276.8626
300966.SZ,20260327,2.5449,0.66,,3.0794,3.8103,,238631.9039,158082.3044
920685.BJ,20260327,0.7219,0.68,31.6839,1.9962,6.5679,1.4352,111466.4161,66872.9502
300504.SZ,20260327,3.724,0.5,,1.9275,3.1412,,408705.0666,329123.3087
002223.SZ,20260327,0.836,0.93,19.5754,2.5963,4.2144,2.3543,3406416.6047,3194657.4413
002036.SZ,20260327,1.7136,0.59,,4.3496,1.0532,,943377.466,941477.2553
688207.SH,20260327,1.2365,0.55,,1.9669,23.5065,,365411.1104,365411.1104
002401.SZ,20260327,2.0503,1.76,,3.4752,3.2478,0.8508,567909.3763,567444.1003
688137.SH,20260327,2.3971,1.32,,1.3802,18.55,,281052.6332,130865.1332
600644.SH,20260327,9.9685,0.74,325.4588,3.681,2.2434,,761648.5173,761648.5173
301160.SZ,20260327,1.1855,0.44,28.9097,3.8788,4.1888,1.2179,634890.5784,413338.3249
600160.SH,20260327,0.6618,0.78,23.9418,4.7408,3.5092,1.1704,9457210.5217,9457210.5217
002843.SZ,20260327,8.2345,0.78,127.9775,3.8243,3.4721,0.4651,541235.7583,539204.0083
603803.SH,20260327,18.0166,0.62,,3.7144,4.869,,583365.1238,583365.1238
600617.SH,20260327,12.0589,0.91,,2.4749,0.5332,,837269.2308,770585.527
001395.SZ,20260327,1.0696,0.7,18.4952,2.8712,4.2928,1.5736,343725.6,184746.6
600382.SH,20260327,3.5771,1.2,28.2845,2.2609,7.3484,3.172,613162.3426,613162.3426
603725.SH,20260327,1.1619,0.63,23.2548,3.3235,0.8657,1.0954,274981.6274,258565.2274
300689.SZ,20260327,1.3341,0.62,229.5387,7.8388,12.8534,,541354.8,473836.1208
002046.SZ,20260327,1.4359,0.66,82.3113,5.3524,7.358,0.4862,2316344.4893,2284429.6166
000598.SZ,20260327,0.6718,0.55,10.2136,1.0379,2.2575,2.7263,2047029.9826,2043750.2166
920374.BJ,20260327,1.9101,0.55,101.7273,6.0602,6.4519,0.5599,158470.992,66316.7431
002706.SZ,20260327,4.7687,0.75,39.5739,2.9722,2.6182,1.9727,1209605.6465,985443.7884
000488.SZ,20260327,3.1331,0.94,,2.6407,1.3502,,844197.9294,482558.1758
603608.SH,20260327,1.9455,0.53,,3.9215,3.9811,,414680.4652,414680.4652
002064.SZ,20260327,0.7615,0.76,30.3674,1.8956,2.0519,1.9608,5061794.7749,5047547.0834
002045.SZ,20260327,0.9781,0.55,234.9,1.4844,0.7744,,656980.2982,656220.8062
603223.SH,20260327,0.5905,0.72,25.8213,1.5692,4.5358,1.1176,599948.8641,599948.8641
920976.BJ,20260327,1.8091,0.81,31.2783,8.2112,6.9689,2.6981,210376.831,130814.614
600267.SH,20260327,1.2865,1.18,22.451,1.4425,1.1817,1.9992,1227620.5527,1227531.4647
300777.SZ,20260327,1.471,0.57,37.628,3.4909,16.1958,0.6179,1561401.4639,1504257.7918
002674.SZ,20260327,0.9194,0.86,51.66,1.5399,1.2528,1.199,369734.2309,365997.1287
301519.SZ,20260327,2.4614,0.51,,1.6247,3.5833,0.6923,229856.1739,107327.7664
301060.SZ,20260327,1.8176,0.97,,2.5334,2.6224,1.994,399715.966,359464.1879
688432.SH,20260327,0.7364,0.77,82.2061,3.8055,17.1144,0.4339,1720415.3566,1720415.3566
000990.SZ,20260327,8.8212,1.05,109.3231,0.7079,1.0969,0.4803,1265062.2739,1265061.337
301198.SZ,20260327,1.937,0.61,,2.6074,5.3636,,238290.0,219331.6476
920718.BJ,20260327,0.6944,0.65,29.9948,2.017,1.0227,1.5504,116960.043,55612.0832
600676.SH,20260327,1.7922,1.31,,1.5313,1.6919,,785768.6092,785768.6092
300686.SZ,20260327,2.5524,0.82,,3.9918,2.3343,,375820.1252,245030.2378
002119.SZ,20260327,3.8243,0.65,75.9295,5.2376,3.7266,0.148,760700.668,760700.668
688055.SH,20260327,0.7056,0.83,,3.3092,5.4027,,1350000.027,1350000.027
000652.SZ,20260327,0.7107,0.69,124.1717,1.0129,0.3094,0.7634,579900.5238,579463.7071
300231.SZ,20260327,7.7442,0.69,,3.2883,3.117,0.8312,534483.0342,534455.5878
688247.SH,20260327,0.4834,1.21,87.8036,3.3226,9.6253,0.6478,429766.32,429766.32
605488.SH,20260327,1.1995,0.61,73.4484,4.4095,3.4314,0.3043,981976.6691,898458.9063
300412.SZ,20260327,3.0586,0.7,83.8227,2.5414,1.9315,1.1385,262317.7477,246563.0874
301622.SZ,20260327,2.7048,1.1,43.2123,4.4933,5.1477,0.1984,701271.9421,379996.8311
301196.SZ,20260327,10.8572,0.92,51.8588,4.2466,6.3626,1.094,1374190.4399,898791.0262
300026.SZ,20260327,1.4633,1.1,,1.2102,1.9042,0.8621,1045445.8833,953007.9103
002973.SZ,20260327,0.6272,0.64,27.2953,2.1336,1.4361,0.7605,537395.36,409665.1073
688210.SH,20260327,2.307,0.81,,4.9744,7.4939,0.3662,642093.9667,642093.9667
300932.SZ,20260327,4.4603,0.7,56.659,2.4135,1.8312,1.177,423497.5894,301635.7948
688807.SH,20260327,8.6069,0.64,193.1414,9.6385,35.0129,,1702080.0,319898.6171
300586.SZ,20260327,1.3753,0.72,,3.5376,3.8846,,663565.1298,498778.5046
688107.SH,20260327,2.0403,0.69,,12.9887,23.5732,,1225797.3643,1225797.3643
002767.SZ,20260327,1.5273,0.65,83.0895,3.6642,4.756,0.2116,311850.0,270682.7252
603863.SH,20260327,3.0922,1.11,,10.392,7.3381,,378397.85,378397.85
002139.SZ,20260327,0.9289,0.48,28.5789,2.1814,1.4035,0.5577,1542334.8802,1324839.3007
688297.SH,20260327,1.4606,0.72,394.6746,6.1053,11.5915,,3495825.0,3495825.0
300503.SZ,20260327,3.1107,0.59,116.542,10.7187,9.7237,0.1126,1440960.2199,1126558.5878
920060.BJ,20260327,3.0506,0.51,38.7078,4.4861,4.0914,1.5748,482741.805,301067.0636
300817.SZ,20260327,1.2713,0.66,60.5344,3.8213,4.2867,1.5704,389225.7619,223340.8141
300955.SZ,20260327,4.7411,1.4,,4.0613,3.2648,0.7919,356428.8,356428.8
002060.SZ,20260327,3.0654,0.86,13.9125,1.0922,0.2136,3.4913,1505511.69,626688.6787
002877.SZ,20260327,3.6414,0.56,520.8633,2.5616,2.8087,0.2291,310651.5457,209969.2912
002250.SZ,20260327,2.3758,1.1,37.0467,2.1769,2.3718,0.1257,1431698.2882,1423906.4278
301600.SZ,20260327,2.6337,0.85,59.1869,8.6647,10.8323,2.1794,1044503.3355,322359.1905
000503.SZ,20260327,0.8194,0.57,,6.2265,23.9184,,782422.7251,782409.1421
002492.SZ,20260327,1.7822,0.68,48.3681,1.7399,8.8608,0.2681,300915.0,295591.2007
301086.SZ,20260327,8.1633,1.96,141.9219,5.9758,13.328,0.6236,1154520.0,607255.8792
688411.SH,20260327,5.2773,0.78,55.0466,10.931,4.5019,0.3792,5224123.0079,3845714.5982
688095.SH,20260327,1.7372,0.71,239.8432,2.5163,6.1387,0.4077,660072.5609,660072.5609
300860.SZ,20260327,1.2769,0.48,160.543,1.4944,11.484,0.8688,455485.3975,264460.6691
301510.SZ,20260327,1.3762,0.74,187.6006,8.7397,24.85,0.1267,1231230.78,859252.2023
000537.SZ,20260327,4.4018,0.56,26.1727,1.1863,5.0868,2.1529,2351741.2765,2351741.2765
600312.SH,20260327,1.2608,0.63,24.8701,2.5679,2.2054,1.2114,2856319.3554,2856319.3554
000421.SZ,20260327,1.8095,0.77,22.4891,1.4106,0.4453,0.8721,396346.8565,396264.4449
002786.SZ,20260327,1.2417,0.84,,16.3245,1.5797,,374682.672,373548.672
605108.SH,20260327,0.6247,0.66,91.4991,1.9205,1.6785,0.7245,429000.0,429000.0
605178.SH,20260327,2.2906,0.74,,5.5212,19.1938,,674833.88,674833.88
600433.SH,20260327,3.2274,0.75,,1.522,0.9006,1.6304,644102.7577,644102.7577
002368.SZ,20260327,1.9532,1.34,57.8575,2.4921,1.5456,0.446,1292581.6872,1286771.2393
600990.SH,20260327,1.645,0.81,,3.3947,3.9409,,611816.4149,607161.6549
603458.SH,20260327,2.0245,0.63,,1.067,2.0763,,304593.8914,304593.8914
603517.SH,20260327,0.7388,0.86,102.6842,1.1089,1.2864,2.8253,707810.2612,707810.2612
600115.SH,20260327,0.9823,0.62,,5.9878,0.7067,,9608165.4515,7405859.7285
600589.SH,20260327,10.1487,0.87,365.8475,22.484,38.7775,,1598989.4715,1592312.0715
603222.SH,20260327,1.6909,0.68,,3.3669,7.3851,,471006.2817,471006.2817
000937.SZ,20260327,0.8134,0.68,51.9487,1.0938,1.4218,10.1695,2084792.6415,2025704.3639
002838.SZ,20260327,0.5359,0.65,68.3184,3.3063,1.9774,0.38,1184036.045,1041063.5169
688262.SH,20260327,2.1929,0.72,,5.7072,21.0868,,1121567.7096,1121567.7096
300733.SZ,20260327,3.6335,1.09,63.959,3.338,2.9613,0.2655,570697.6148,420978.5944
002507.SZ,20260327,0.8455,0.61,18.7672,1.6652,5.9264,4.964,1441244.866,1434994.2292
002333.SZ,20260327,4.9636,3.54,75.7573,1.9924,2.3078,0.177,381332.512,376577.8466
000534.SZ,20260327,5.7232,1.34,87.1645,12.4712,15.7114,0.1237,1951570.8163,1914886.6933
003042.SZ,20260327,10.0407,2.53,,1.9503,1.2833,,256036.56,228876.2438
002475.SZ,20260327,2.4071,1.1,23.3249,4.6923,1.1799,0.7091,36874367.8582,36789789.4131
300579.SZ,20260327,1.2052,0.63,,9.659,7.9122,0.1073,755190.0,733593.2218
920121.BJ,20260327,2.0934,0.6,22.1766,2.9891,3.9036,,235070.5951,42312.7109
688584.SH,20260327,0.8151,0.77,101.6638,3.0859,9.7179,1.0444,1274352.746,655765.3805
300080.SZ,20260327,4.3013,0.62,,2.2282,2.8561,,1075320.3703,1073873.9551
002990.SZ,20260327,4.0423,0.74,59.694,3.0779,5.9631,0.7287,753086.7489,385658.3359
688593.SH,20260327,2.109,0.71,1539.6233,8.8908,22.4134,,1374452.4713,965141.0335
300326.SZ,20260327,0.5227,0.51,,1.5309,4.1734,,426622.5458,423668.2268
002656.SZ,20260327,1.7159,0.63,,5.0302,3.993,,213755.9532,202976.9409
002945.SZ,20260327,0.2621,0.55,84.6656,5.7764,25.6912,0.2597,4158000.0,4158000.0
002589.SZ,20260327,3.0911,1.22,,0.8692,0.6355,0.1277,464955.5355,421967.7883
600328.SH,20260327,4.1473,0.96,5373.8317,1.1817,1.1734,1.2716,1419387.6279,1419387.6279
600970.SH,20260327,0.9291,1.05,9.1787,1.1444,0.5297,4.5221,2627063.163,2623972.4149
002892.SZ,20260327,0.8195,0.59,235.0938,6.2556,4.4854,0.3807,815268.1026,529341.8701
000400.SZ,20260327,1.7621,0.57,25.5184,2.4716,1.691,1.3784,2867421.6309,2847939.0441
603359.SH,20260327,1.38,0.55,,1.0372,10.2884,,274349.04,274349.04
301028.SZ,20260327,0.9652,0.71,23.2485,3.2633,4.4196,1.4566,525764.0229,340140.9706
002148.SZ,20260327,2.133,0.95,337.229,3.4086,11.4148,0.2146,416445.5609,334741.6202
300220.SZ,20260327,1.2057,0.51,1012.5275,33.6513,8.3514,,211982.4,211729.1259
300655.SZ,20260327,2.3748,0.88,,6.1358,9.984,0.374,1559032.6605,1549583.816
300013.SZ,20260327,2.8075,0.67,,11.0327,4.2768,,216084.892,172587.121
688059.SH,20260327,1.3931,0.61,59.4258,5.9541,10.9404,0.8424,1109853.1248,1038722.0826
688385.SH,20260327,1.1593,0.71,240.7988,8.9989,14.049,0.1173,5594660.394,3663491.034
002481.SZ,20260327,0.7234,0.63,85.6426,2.3148,2.4934,0.6472,566266.6935,513145.9809
603049.SH,20260327,2.0744,0.72,10.1892,1.7245,0.9539,2.7305,4163425.9321,416342.5942
603866.SH,20260327,0.5681,0.76,20.936,1.5438,1.469,2.5794,806258.4541,806258.4541
920837.BJ,20260327,0.4959,0.52,25.0945,3.3075,3.1216,1.7713,188427.2815,169890.4315
002678.SZ,20260327,0.5695,0.63,,2.2024,13.3206,,714476.4899,714084.1596
603233.SH,20260327,0.3411,0.89,17.5788,3.0051,0.7453,3.6797,1999817.2057,1999817.2057
300827.SZ,20260327,16.906,0.61,56.0584,5.9187,4.5515,0.1785,2398227.3223,1659633.0604
301558.SZ,20260327,2.6732,0.6,1989.1443,4.7113,3.6447,,638969.4906,177618.2394
688455.SH,20260327,3.179,2.17,127.7153,4.2574,1.7751,,405794.0584,405794.0584
300912.SZ,20260327,3.7918,0.66,,5.8736,5.2015,,289502.64,216558.027
301511.SZ,20260327,8.2776,1.13,953.4529,6.0031,2.2248,,2439346.14,1449822.1674
688355.SH,20260327,1.1071,0.65,32.1749,2.3295,4.8372,2.1645,256589.069,256589.069
300648.SZ,20260327,1.6447,0.75,,6.7274,8.0303,,916197.3198,697535.2594
002382.SZ,20260327,2.4818,0.47,,1.0104,1.3468,,778517.7173,772772.8779
002243.SZ,20260327,1.4842,1.12,61.1992,1.4794,4.5852,0.783,1082280.1718,1076503.2073
688147.SH,20260327,1.8712,0.88,145.7385,10.7727,11.785,0.0649,3101743.8855,3101743.8855
002898.SZ,20260327,0.5281,0.51,,4.3993,8.2737,,202576.0,116553.2077
002760.SZ,20260327,3.2584,0.67,,2.7737,3.8554,,229368.0115,229368.0115
002963.SZ,20260327,2.0212,0.5,,1.7216,6.4176,1.3523,222382.3365,168919.477
688728.SH,20260327,0.3413,0.65,678.8979,4.3524,4.3946,0.1654,3419771.4671,3286036.6325
301668.SZ,20260327,9.0986,0.64,52.2184,5.9203,6.6138,0.9376,586630.0,129744.2798
300059.SZ,20260327,1.3606,0.6,25.1225,3.3044,85.9491,0.312,30359556.3737,25621824.6195
600616.SH,20260327,1.0827,0.71,129.7367,1.7437,6.0561,0.998,335171.48,335171.48
300831.SZ,20260327,6.7244,0.64,538.4441,5.7855,44.5951,0.2755,530240.0,305690.3857
688126.SH,20260327,0.5537,0.62,,3.4325,15.6445,,5813536.1483,4804987.5777
000661.SZ,20260327,1.02,1.03,36.8017,1.5341,2.7394,2.9592,3529475.5009,3457465.2423
301011.SZ,20260327,1.0627,0.5,45.0641,3.8547,3.6649,0.7946,369212.2779,335907.1248
301157.SZ,20260327,8.8958,0.66,104.0275,3.3267,13.6929,0.3297,363960.0,125323.8936
301279.SZ,20260327,1.1288,0.66,56.9151,2.5803,5.1478,0.7418,347440.9697,262581.8447
000889.SZ,20260327,6.6828,1.76,,44.9829,2.0322,,319275.2706,296618.7395
688679.SH,20260327,1.4778,0.61,,5.4276,4.2471,0.1104,596554.2278,596554.2278
002967.SZ,20260327,1.0531,0.89,30.6228,2.6515,3.6078,1.2932,1300051.1021,1116342.4496
603177.SH,20260327,1.6825,0.78,197.5552,6.4111,2.2396,0.3552,232166.304,232166.304
688709.SH,20260327,2.4971,0.97,115.9959,8.931,32.0026,0.0467,2729526.3534,950404.4318
688367.SH,20260327,1.1896,0.49,311.0503,5.2728,15.8732,0.3073,313608.4434,313608.4434
600017.SH,20260327,3.6173,1.53,19.7065,0.6984,1.2473,3.7539,974982.2825,974982.2825
688570.SH,20260327,0.2697,0.57,77.6286,1.7656,4.6931,1.8814,759482.0,330102.8
300570.SZ,20260327,9.7746,0.85,71.4833,16.1788,16.0254,0.6764,2686229.456,2273066.883
601038.SH,20260327,1.8674,1.37,17.769,1.8833,1.3331,2.8656,1442760.5331,939509.5731
600313.SH,20260327,9.6806,1.31,176.2652,3.9699,1.5167,,943035.6628,878745.3144
301081.SZ,20260327,6.0415,1.19,246.6076,3.2801,3.9874,1.8619,353062.3695,338722.1042
688608.SH,20260327,3.4844,2.09,47.8591,4.0309,8.0653,0.5054,2842826.8222,2842826.8222
601519.SH,20260327,1.274,0.89,,15.8238,25.5817,,2114477.08,2114477.08
002094.SZ,20260327,2.159,0.81,119.8597,2.9405,2.7109,,454610.5872,454318.4352
301535.SZ,20260327,6.2376,0.53,70.1986,7.9206,11.4661,1.0547,879082.9419,131862.4419
603067.SH,20260327,3.2641,0.86,43.7366,6.5297,5.2865,0.4225,2268036.0439,2268036.0439
601677.SH,20260327,1.399,0.71,10.7103,1.0049,0.5401,1.46,1865285.4405,1827009.9405
603063.SH,20260327,9.1963,1.18,29.7422,3.052,3.7894,0.3435,1579379.283,1579379.283
000659.SZ,20260327,4.8199,1.0,,34.2597,5.8476,,582423.2416,582423.2416
688548.SH,20260327,3.9823,0.92,109.1931,5.2082,12.8867,0.3504,3124335.6977,1636782.9167
300076.SZ,20260327,3.0016,0.87,,2.9842,22.2123,,268392.0,268392.0
600658.SH,20260327,0.6146,0.58,,0.9523,3.7893,,527972.1412,527972.1412
002697.SZ,20260327,2.0194,0.87,15.5072,1.5568,0.7799,2.0985,745280.0,627406.57
002376.SZ,20260327,0.8998,0.44,79.4435,1.4782,2.1043,2.8341,560098.7158,539885.0048
300661.SZ,20260327,2.885,0.68,78.8573,8.9796,11.896,0.2158,4404816.0157,4224529.4424
002515.SZ,20260327,1.066,0.6,128.9947,2.6849,22.7749,0.5181,700945.601,700937.2112
002906.SZ,20260327,1.1327,0.69,19.2277,2.1232,1.188,1.7518,1438278.1723,1437759.0574
600939.SH,20260327,0.652,0.68,,0.7706,0.2264,,578352.383,578352.383
603103.SH,20260327,0.5825,0.66,90.6211,11.6533,6.2795,0.6154,1442805.0,1442805.0
301048.SZ,20260327,0.4444,0.58,25.6012,1.9702,1.6616,0.6132,540266.7342,540266.7342
603686.SH,20260327,2.4597,0.64,53.0131,2.2397,1.5674,0.8639,759822.2089,759822.2089
603879.SH,20260327,2.2111,0.61,,8.0442,6.0947,,206263.7086,206263.7086
300196.SZ,20260327,3.9182,0.88,21.8627,1.5465,2.3118,1.6791,720976.5834,435574.9732
002768.SZ,20260327,1.3041,0.69,17.9604,2.3395,0.7281,0.5506,1496610.0,878084.685
301566.SZ,20260327,3.6036,0.57,52.0969,5.4991,22.109,0.455,791219.78,410436.5982
688306.SH,20260327,0.5603,0.79,907.5039,5.7873,4.2896,,1106682.8028,1106682.8028
002135.SZ,20260327,2.6313,0.54,96.9422,1.2002,0.8531,1.0324,756323.2,707744.2166
003013.SZ,20260327,0.3965,0.71,11.3389,1.7961,2.2237,3.1255,614669.8128,544327.9868
000526.SZ,20260327,1.2467,0.75,16.3659,3.8578,1.2206,,384715.5211,377133.5121
600353.SH,20260327,1.8341,0.74,71.8144,6.1202,7.0969,0.4292,1160306.7821,1158678.0003
600750.SH,20260327,0.799,0.52,18.0725,4.0642,3.8834,4.6503,1638611.059,1620750.871
002921.SZ,20260327,2.4447,0.71,,2.6562,3.1393,,351569.4997,303263.8468
002328.SZ,20260327,10.379,1.11,36.9737,1.6602,1.3082,1.986,551815.55,408116.2056
002024.SZ,20260327,0.439,0.95,153.0897,1.0305,0.228,,1297067.4665,1295621.7845
603806.SH,20260327,3.0951,1.03,69.1528,3.2066,3.2342,1.3292,5097476.3792,5097476.3792
000563.SZ,20260327,0.7225,0.53,12.0659,0.9125,5.8545,2.3669,1728521.981,1728521.981
600078.SH,20260327,5.6701,1.46,,4.5775,2.2207,,794578.2988,777860.5388
603210.SH,20260327,1.8239,0.52,30.4267,3.3658,3.0369,,614762.4,136155.6006
301080.SZ,20260327,2.7866,1.29,40.9601,2.678,8.9068,0.6761,707663.1829,533350.9902
603663.SH,20260327,1.7911,0.9,227.5268,13.2156,16.4527,0.1817,1747381.368,1745399.928
600815.SH,20260327,12.9591,1.1,,4.9678,13.652,,753990.154,753990.154
