ts_code,trade_date,turnover_rate,volume_ratio,pe_ttm,pb,ps_ttm,dv_ttm,total_mv,circ_mv
300645.SZ,20260515,3.1509,1.03,167.678,2.1023,1.6705,0.1254,221259.8439,216921.9313
600572.SH,20260515,1.3621,0.64,22.6191,1.5068,1.6334,3.4586,1093444.1084,1090538.3698
300386.SZ,20260515,2.7581,1.15,,3.5268,8.2092,,507923.46,304670.5484
600233.SH,20260515,0.5419,0.93,14.3326,1.9174,0.9016,1.7739,6941250.2787,6941250.2787
603319.SH,20260515,7.7176,0.75,153.8038,4.4745,4.8661,0.5756,1101897.3038,1101897.3038
603110.SH,20260515,7.2824,0.9,4411.6805,7.0369,12.0028,0.2052,490389.5459,490389.5459
600667.SH,20260515,11.7524,0.91,56.2396,2.9545,0.8436,0.7746,2583054.5898,2583054.5898
920278.BJ,20260515,1.4416,0.84,98.5003,3.5307,4.5208,2.5674,135935.5,57683.392
688416.SH,20260515,7.0422,0.93,,7.5252,16.1766,,1001297.6264,1001297.6264
002218.SZ,20260515,9.0882,0.99,,2.0103,7.8658,0.1783,790056.3836,778487.2733
603178.SH,20260515,15.4214,1.38,,4.5912,3.1954,0.1799,525543.6115,525543.6115
920493.BJ,20260515,4.8217,0.94,452.6759,19.7121,6.8212,,915763.1445,671706.123
600731.SH,20260515,1.3578,0.82,15.122,1.0885,1.8857,3.1898,350331.4948,339635.031
603600.SH,20260515,2.4943,1.56,16.143,1.7002,0.7962,3.8138,399163.2694,362445.9451
301273.SZ,20260515,3.2741,0.94,,3.5597,10.1816,,311211.9444,238859.9094
002771.SZ,20260515,4.8399,0.87,,5.1187,8.5903,0.0706,303109.1245,252173.6765
920427.BJ,20260515,3.1376,0.63,,4.0841,12.2208,1.1647,128353.275,63380.4774
600594.SH,20260515,4.2454,0.82,,1.4384,1.8046,,310435.5408,310435.5408
603993.SH,20260515,2.0351,1.2,16.7237,4.5453,1.7788,1.3506,40392457.6123,32966070.0283
301037.SZ,20260515,3.8031,0.97,,4.3354,1.4606,,236492.8979,115664.2323
600060.SH,20260515,1.2324,1.66,13.3432,1.523,0.5728,3.455,3323764.3309,3311529.7324
603156.SH,20260515,1.4206,1.07,41.3587,5.9487,9.7716,3.9761,5895578.4537,5895578.4537
601598.SH,20260515,0.3742,1.16,10.7299,1.0431,0.4604,4.7811,4354466.9948,3130584.4278
300275.SZ,20260515,2.5419,0.92,84.6094,3.4528,7.7436,0.2751,329873.4278,290735.2162
920608.BJ,20260515,0.4987,0.56,30.1155,2.0839,7.0112,1.827,102198.08,79175.4141
301630.SZ,20260515,15.5554,1.02,72.974,5.8036,8.0658,,1015800.0,253950.0
301500.SZ,20260515,13.2185,0.89,23.7328,3.1455,0.9985,0.3203,1631908.6167,418323.1399
300598.SZ,20260515,3.2171,0.73,,5.8916,3.7301,,832124.9767,831891.9391
600577.SH,20260515,5.4044,1.84,49.575,4.9619,1.1559,0.6395,3026591.8567,3026591.8567
688798.SH,20260515,4.3781,1.37,55.983,4.0026,5.9503,0.4512,1701839.0428,990925.652
920260.BJ,20260515,0.9776,0.9,30.1898,2.165,3.2391,2.1164,97854.75,93440.4745
601003.SH,20260515,0.7042,0.38,24.9386,1.1528,0.1597,,1082665.1479,1053308.0052
601001.SH,20260515,1.589,1.46,17.8898,1.5172,2.1599,4.2607,2965796.4,2965796.4
300832.SZ,20260515,1.5296,1.43,24.7361,4.2364,8.7739,2.5415,4018951.5853,3494170.3752
601011.SH,20260515,1.5201,0.96,,1.0327,7.7865,,559374.0454,559374.0454
300129.SZ,20260515,4.0029,0.49,69.4645,2.2051,2.5609,0.441,1271854.672,824360.5833
600185.SH,20260515,1.2889,0.94,,125.1074,3.4023,,1080108.3205,1080108.3205
600738.SH,20260515,1.3709,1.01,20.6197,1.5895,5.4293,0.3212,343362.1914,343060.4544
603999.SH,20260515,1.408,1.06,44.0568,1.8177,4.4302,0.5038,377280.0,377280.0
600751.SH,20260515,2.6736,1.06,144.3342,1.3921,5.9742,,1052459.6152,934067.6259
920270.BJ,20260515,5.6904,0.7,57.4826,4.5271,8.4382,2.784,187890.336,145706.4573
002622.SZ,20260515,2.0814,0.93,,8.5746,3.3007,,229320.0,229313.2433
002916.SZ,20260515,1.4777,0.94,60.5822,12.1715,8.6485,0.3494,22018710.1834,21489965.4713
600576.SH,20260515,1.5936,0.67,60.5912,2.3513,5.0616,,608474.4499,381045.0779
600775.SH,20260515,2.9082,0.81,354.8715,3.7276,4.3323,,1159661.0933,852563.0933
300092.SZ,20260515,2.8769,0.91,109.7857,2.7779,4.1157,0.6042,453343.0135,347328.6537
600710.SH,20260515,1.3839,0.76,11.3029,1.8125,0.1259,3.1061,1552418.3276,1552418.3276
688519.SH,20260515,3.0047,1.05,115.3706,15.1563,6.9768,0.1711,4261093.6863,4261093.6863
300818.SZ,20260515,5.095,1.07,91.9629,3.2384,5.5381,0.2018,585303.3907,379157.2689
600798.SH,20260515,3.457,1.31,68.1017,1.1304,1.5254,0.5405,446417.6544,446417.6544
300464.SZ,20260515,5.7959,1.17,345.2975,26.5065,2.4943,,377243.4023,292802.3642
601528.SH,20260515,1.1074,1.2,4.8462,0.4811,2.179,4.3299,951648.2766,841211.4209
601588.SH,20260515,2.4294,0.92,,1.0073,1.0735,,659935.92,521360.0
301201.SZ,20260515,5.1001,0.84,,2.8691,13.1555,0.5025,602919.7721,422997.1527
603967.SH,20260515,1.647,1.01,16.0971,2.0722,0.5222,4.8184,467653.3918,467653.3918
000159.SZ,20260515,17.7948,3.27,90.3793,1.609,1.5961,,331673.3352,331661.2602
001396.SZ,20260515,8.4955,0.63,42.5433,3.818,6.9121,,546271.3458,113478.5058
688030.SH,20260515,1.2783,0.75,,4.3756,3.1871,,297749.6539,297749.6539
002418.SZ,20260515,11.9541,0.87,388.7131,4.6357,2.463,,675021.6,675019.8406
603660.SH,20260515,7.6727,0.97,,10.5935,8.1078,,756582.8644,750941.4025
301189.SZ,20260515,8.4896,0.9,,5.5791,9.9223,,1156631.6727,1116500.184
600778.SH,20260515,1.8942,0.85,153.1369,8.3425,1.5308,,210879.6453,210692.4751
688665.SH,20260515,1.1725,1.19,39.3029,4.4249,5.07,0.6677,524682.2881,524682.2881
300881.SZ,20260515,4.2724,0.91,23.7263,4.6482,1.7796,1.8997,575410.0,300292.0938
002120.SZ,20260515,1.3388,0.97,16.259,1.0218,0.4193,2.6599,2174400.9945,2111347.4348
688680.SH,20260515,4.5065,1.13,,2.8551,4.2108,,465706.1825,465706.1825
600817.SH,20260515,0.7346,0.67,19.1131,2.2185,1.685,3.5018,578101.9111,573700.8711
920810.BJ,20260515,1.8112,1.55,,4.791,9.403,,109326.0,71144.6013
300258.SZ,20260515,8.4475,1.0,87.4705,1.6975,4.0462,0.515,798589.4867,777902.9049
001255.SZ,20260515,1.751,0.86,277.3087,3.3584,6.2828,0.104,302266.4312,246848.544
300978.SZ,20260515,4.6529,2.69,38.735,2.8936,2.4586,3.4996,483149.2307,328142.9773
688786.SH,20260515,2.9098,1.09,57.2752,6.1365,10.7869,0.614,487913.4102,487913.4102
600711.SH,20260515,5.6742,1.39,14.8413,2.2846,1.1852,0.3797,3993070.1239,3993070.1239
603719.SH,20260515,1.1073,1.14,,2.1058,0.7427,2.3206,430273.0,430273.0
300730.SZ,20260515,19.7631,1.7,,21.6116,14.0577,,343622.9995,294626.4023
000100.SZ,20260515,3.5354,1.09,17.1811,1.387,0.4639,1.1366,8694760.5028,7997170.4193
300272.SZ,20260515,1.5761,0.64,120.4819,3.4823,2.3758,2.319,440258.0198,334401.8508
600239.SH,20260515,1.7971,0.46,,2.4649,1.4837,,248881.4709,248881.4709
000759.SZ,20260515,5.0996,1.51,,4.7136,0.4403,,341168.7489,337688.6029
000539.SZ,20260515,6.6397,0.84,43.5847,1.554,0.6924,0.2899,3622695.9503,1763216.9603
002818.SZ,20260515,1.8045,0.89,10.7701,1.4905,7.5947,5.8566,856237.0274,341295.1096
000548.SZ,20260515,2.0967,1.36,66.7025,1.216,5.1061,0.9921,251604.7687,251604.7687
301211.SZ,20260515,0.8008,0.61,137.2539,2.0327,10.1074,1.5519,463953.6,463948.2672
920368.BJ,20260515,8.712,1.16,612.2557,2.5086,5.6199,0.3316,1062146.7106,1010521.5098
002339.SZ,20260515,4.9804,0.92,598.5199,2.7909,1.5427,0.2068,487457.229,462922.7032
300522.SZ,20260515,1.7839,0.72,251.6658,5.5278,6.0504,0.2996,430472.7618,351246.004
301096.SZ,20260515,4.1119,0.94,,2.7803,9.8006,,695565.7125,529116.9035
920961.BJ,20260515,1.7757,0.65,,3.7737,15.1697,0.2519,283538.4084,206341.4448
688353.SH,20260515,3.3164,0.85,106.0446,4.61,15.7835,,1626262.0,1626262.0
002989.SZ,20260515,5.369,0.72,,4.6915,18.9336,,653836.9294,594560.5646
301153.SZ,20260515,1.2951,0.74,59.815,4.0346,8.652,0.7766,726978.2789,678101.7993
002880.SZ,20260515,0.4518,0.49,25.017,2.3911,4.6238,0.7764,584236.8,584236.8
603031.SH,20260515,6.6002,0.71,64.6681,6.6223,3.946,0.3317,1865491.2905,1568807.9413
002792.SZ,20260515,12.2397,0.68,1488.927,8.9827,22.2396,0.0515,2533794.8771,1634057.0194
603040.SH,20260515,2.7999,1.56,42.5004,7.2739,13.6967,1.379,1131219.3778,1125318.9703
300617.SZ,20260515,9.1519,0.91,136.1654,3.5465,12.2329,0.3669,1072957.1244,899531.1129
600863.SH,20260515,1.3167,0.75,15.518,1.818,1.8315,3.7865,3792231.747,3159013.7005
301159.SZ,20260515,4.4157,1.03,135.9065,4.7479,7.9941,,308239.75,211264.6794
688659.SH,20260515,2.5088,0.95,,3.6708,2.509,,189920.0,189920.0
301021.SZ,20260515,6.9782,0.93,157.8466,10.074,19.3813,0.1438,1053273.8935,1052104.1231
300102.SZ,20260515,6.6941,0.94,224.3105,6.07,8.6116,0.1733,2612827.8371,2600307.4751
300088.SZ,20260515,5.0375,0.88,103.2167,2.0424,1.5772,0.824,1773390.8411,1764706.7019
002261.SZ,20260515,6.0523,0.61,701.6794,16.1269,13.3674,,4199473.9239,3819969.5682
600400.SH,20260515,9.331,2.36,,4.9723,2.9216,,689702.9275,689702.9275
688213.SH,20260515,5.4795,0.96,40.1522,7.6966,4.4736,0.2626,4202094.2649,3379056.4768
301393.SZ,20260515,6.965,1.5,55.4506,2.6298,9.8318,0.6815,628236.0,244923.4762
600111.SH,20260515,4.4592,0.87,70.9974,7.5994,4.3075,0.0651,19441824.0983,19441824.0983
688410.SH,20260515,1.475,0.58,32.2231,2.8695,6.2127,0.6073,526382.2244,526382.2244
300621.SZ,20260515,2.3372,1.02,,3.3904,0.2224,0.1143,182049.6125,177212.8864
300919.SZ,20260515,2.47,1.05,32.3932,2.4772,1.1072,1.1013,5879354.013,5147387.0591
301125.SZ,20260515,4.3163,1.01,,6.094,5.9931,0.1197,354253.0421,314027.8886
600776.SH,20260515,3.2815,0.53,46.6326,5.584,8.2899,0.3592,2132688.1087,1623288.1087
600231.SH,20260515,0.4285,0.7,,1.669,0.3829,,594517.1199,587131.3599
301102.SZ,20260515,0.6434,0.73,,1.4904,8.6999,0.1837,442134.0,442134.0
600155.SH,20260515,1.378,1.09,52.9956,0.6693,4.0666,,1339193.1986,1339193.1986
600110.SH,20260515,7.6612,0.88,,3.1108,2.0732,,1754267.9223,1754267.9223
300266.SZ,20260515,1.3844,0.64,,106.3173,3.5539,,324745.7286,324585.5928
000705.SZ,20260515,1.9347,0.8,,1.3124,1.2994,0.7853,255270.1905,215421.5473
603439.SH,20260515,2.8928,0.88,102.1507,3.3329,2.9694,2.7657,497668.0729,491473.5429
300204.SZ,20260515,4.2525,0.73,,16.0059,63.5654,,1296196.9417,1230473.0951
300328.SZ,20260515,10.7485,2.09,,12.2499,7.1731,,1260023.07,1253852.6081
688151.SH,20260515,0.5279,0.8,145.5141,1.6257,10.3197,0.2172,688311.0,688311.0
603768.SH,20260515,1.3047,1.1,,1.2899,0.7773,0.4885,282453.6023,282453.6023
002155.SZ,20260515,4.1548,1.19,23.486,4.7209,0.7359,0.6722,4112898.2637,4112528.7072
300027.SZ,20260515,2.6619,0.61,,,19.9993,,532705.1364,492398.947
688215.SH,20260515,3.1133,2.09,115.7402,9.8759,10.1365,0.1065,486901.4982,486901.4982
600800.SH,20260515,4.2989,0.93,,5.2518,1.6612,,513950.935,513805.09
600716.SH,20260515,0.9629,0.67,,0.8438,7.8792,,375360.2966,375360.2966
002701.SZ,20260515,0.9471,1.1,15.4615,1.2964,0.5179,2.3121,1328515.6834,1327292.3573
300979.SZ,20260515,0.1751,0.6,15.7427,2.7165,1.8601,8.6478,4453272.0,4453242.8076
600489.SH,20260515,2.0203,1.48,18.8157,3.6003,1.3603,1.5928,11808053.4059,11808053.4059
920014.BJ,20260515,2.1272,0.67,153.9983,1.8375,2.8917,1.6967,144522.0972,79518.0954
003027.SZ,20260515,5.4464,0.7,46.2034,1.8825,5.0852,1.1731,326808.0,262152.42
600377.SH,20260515,0.2018,0.89,13.0056,1.4251,3.0827,3.9967,6176278.435,4661476.3592
603163.SH,20260515,6.0045,2.06,67.4111,9.2661,3.748,0.8126,1107500.0,1107500.0
000739.SZ,20260515,1.7602,0.99,21.579,3.0558,2.0241,3.4738,1923016.3362,1922293.9523
002314.SZ,20260515,1.4171,0.61,,0.9406,0.611,,633621.108,313167.8251
002542.SZ,20260515,1.6829,0.43,,,3.3481,,314264.3124,306026.2034
300608.SZ,20260515,16.131,1.51,,3.8009,7.3133,,480297.9667,416986.5384
300889.SZ,20260515,3.1946,0.75,,3.4224,3.6726,,484499.576,322007.3538
603108.SH,20260515,3.5502,1.22,,2.172,1.1665,0.2267,798699.5201,798699.5201
920011.BJ,20260515,44.3607,1.68,26.8366,2.8587,2.6216,,242709.3343,54609.6029
002850.SZ,20260515,3.5405,1.25,29.1856,3.9234,3.284,1.0196,5363890.3227,3872480.3897
002777.SZ,20260515,4.0155,1.03,91.7825,3.9792,5.5343,0.9053,676438.83,670275.5406
600211.SH,20260515,1.1981,0.81,14.0741,3.491,4.5489,2.0857,1361476.2839,1361476.2839
688345.SH,20260515,4.6616,1.44,76.8554,4.7316,1.9165,0.3686,547218.795,541000.0
002388.SZ,20260515,3.267,0.8,,2.8432,1.3644,,272712.5184,270272.5896
688788.SH,20260515,1.6216,0.91,,4.7857,28.7317,,841474.3245,841474.3245
002256.SZ,20260515,8.1483,0.53,194.3095,7.5894,19.3292,,989752.1706,976958.2591
002896.SZ,20260515,9.2469,1.19,280.9967,13.147,15.047,0.2481,1583972.7202,1583972.7202
000767.SZ,20260515,16.6658,1.56,76.0222,2.496,0.9764,,1507701.6873,1427000.7536
600123.SH,20260515,3.0146,1.67,,0.6492,1.1737,2.2523,981177.854,981177.854
000631.SZ,20260515,1.9108,1.01,150.8919,1.3692,14.0168,,754400.0279,754400.0279
300602.SZ,20260515,7.2792,1.1,57.2846,5.3028,3.1486,0.1002,2200607.496,1495417.4477
002097.SZ,20260515,1.7925,0.79,149.2019,2.2255,1.4196,0.2062,1042378.7461,1040450.4162
603669.SH,20260515,1.2524,0.67,,6.1916,8.6734,,311288.3162,311288.3162
300826.SZ,20260515,2.0063,1.04,206.0001,1.9649,3.5068,0.1659,295007.9498,283706.7344
688598.SH,20260515,9.6545,1.26,,1.7264,7.8006,,666309.7024,653477.7274
688266.SH,20260515,1.2668,0.63,54.4112,15.8155,17.4992,,2709288.2837,2709288.2837
603195.SH,20260515,0.2137,0.73,18.6233,4.3421,4.7859,4.0087,7736044.9131,7705042.6424
603200.SH,20260515,3.1166,1.05,122.7377,9.1513,19.6649,0.1569,1006378.3907,1006378.3907
920237.BJ,20260515,2.0614,1.24,41.8179,3.1474,4.932,1.1969,166565.3184,163412.8938
601366.SH,20260515,0.9792,1.02,,0.8455,0.5868,0.4608,369500.3285,369500.3285
600588.SH,20260515,1.9665,0.91,,5.7037,4.2459,,3932964.0178,3932964.0178
002855.SZ,20260515,1.4202,0.97,,14.6925,1.8932,,304328.3073,304090.6315
002865.SZ,20260515,13.0649,0.96,,7.5105,4.0633,,3025817.2915,2172919.1681
002012.SZ,20260515,3.5379,1.19,107.5946,2.1211,5.1677,0.0565,331078.8328,331078.8328
000785.SZ,20260515,0.7635,0.92,,0.7916,1.4613,,1513172.8618,1410489.0973
001328.SZ,20260515,0.6554,0.86,27.9613,3.3715,2.9788,2.4343,530467.4778,498249.7689
603823.SH,20260515,4.5592,1.4,52.0707,3.4116,3.9653,0.731,854386.5286,854386.5286
002371.SZ,20260515,3.217,2.01,76.9546,10.9202,10.3473,0.132,42910090.8672,42875793.2288
000719.SZ,20260515,0.88,0.93,10.263,1.1417,1.5175,4.3447,1413044.3774,921330.7569
300568.SZ,20260515,7.172,0.67,1177.0316,2.2843,5.1623,0.2988,2228496.8182,2001378.5793
603068.SH,20260515,4.2805,1.52,258.7068,3.2391,5.3489,,568595.297,568595.297
000882.SZ,20260515,1.7012,0.78,,0.64,3.6621,,418814.8479,418487.7827
001238.SZ,20260515,0.351,0.72,131.304,4.3009,2.783,,501682.14,469300.7354
600493.SH,20260515,2.4293,1.18,321.1442,1.7662,2.1217,0.8108,196928.0,196928.0
920489.BJ,20260515,6.8333,1.82,,4.5596,4.0288,1.1229,218744.0976,139181.323
301371.SZ,20260515,5.8893,0.74,32.4125,2.8335,7.7662,2.4069,1662252.384,248614.9224
001278.SZ,20260515,3.8103,0.76,,2.3695,1.2754,0.4421,279884.9508,192973.2015
300797.SZ,20260515,1.0678,1.2,36.3219,4.3952,4.8264,0.7748,592845.9973,586283.8989
600537.SH,20260515,4.3265,0.62,,,2.6387,,392993.386,392993.386
301631.SZ,20260515,8.5752,0.71,41.2744,4.7052,2.2781,0.6246,1254573.6959,427350.0577
301333.SZ,20260515,1.6477,1.2,41.5661,2.7829,6.1984,0.2754,555535.3845,554744.3695
688368.SH,20260515,5.7174,1.28,339.2106,5.3289,14.4785,,2681150.3512,1628408.8504
301200.SZ,20260515,1.6154,0.81,105.3319,9.6014,16.036,0.1756,10853526.8115,9438159.0302
002372.SZ,20260515,0.5961,0.72,21.4958,3.6066,3.0281,4.4077,1604774.2919,1482624.6967
300002.SZ,20260515,2.033,0.88,25.3829,2.3837,3.1584,1.0535,1862913.6511,1748912.7844
002063.SZ,20260515,2.8761,0.95,40.3986,3.0518,4.6959,0.4692,1217995.629,1124941.9895
920100.BJ,20260515,40.9781,3.41,82.8114,10.3699,8.4659,0.7473,493858.0263,130943.7934
300311.SZ,20260515,2.1003,0.98,105.6466,5.6519,7.5447,,369822.9524,295037.5921
003009.SZ,20260515,2.5238,0.54,,4.9848,11.83,0.0882,1004282.0975,1004098.4864
002689.SZ,20260515,0.7133,0.77,34.1447,2.838,2.4209,,353682.3358,353547.0066
600578.SH,20260515,6.6241,4.3,13.1536,1.8612,1.3138,1.7118,4692929.3315,4692929.3315
300685.SZ,20260515,1.6361,0.76,22.0074,3.8385,6.6049,1.4995,783331.1794,782259.7688
600621.SH,20260515,1.6277,0.89,22.725,1.5879,5.7389,0.8357,1485259.0088,1485259.0088
688090.SH,20260515,5.3193,1.15,351.9887,11.4216,10.8684,0.0889,1056910.2428,1056910.2428
301636.SZ,20260515,13.2471,0.98,6751.0531,3.7027,4.9642,0.813,392787.1115,98147.5794
300404.SZ,20260515,2.9465,0.62,95.5372,3.8514,4.3301,0.1114,411329.9996,304280.8661
601155.SH,20260515,0.6232,0.65,48.7332,0.5411,0.6621,,3349599.9412,3349599.9412
603366.SH,20260515,1.1951,0.58,37.8446,1.6057,1.6352,0.6383,687838.6934,687838.6934
300480.SZ,20260515,17.7063,1.63,266.8813,8.7227,19.891,0.122,1440165.914,1050929.8377
603616.SH,20260515,9.3696,1.25,,11.9511,3.1862,,254356.7,249790.45
688789.SH,20260515,1.2502,0.87,22.626,2.8884,4.7627,1.5467,1044223.6279,1044223.6279
301259.SZ,20260515,6.3247,1.15,211.8749,7.476,25.8254,,661908.0,389801.4399
300452.SZ,20260515,2.4547,1.12,18.0058,3.1005,3.322,2.1967,317685.3651,269143.7801
301353.SZ,20260515,4.0958,0.94,41.7839,2.2139,3.0179,1.2695,291205.5845,94559.7845
600744.SH,20260515,10.1864,0.81,115.5379,12.9365,2.0683,,1667553.029,1667553.029
002276.SZ,20260515,2.1647,0.96,41.2101,2.2105,0.6805,0.3746,1353830.0222,1348494.375
688352.SH,20260515,9.4249,1.14,,2.9718,8.1038,0.6843,1731238.2913,532722.9151
605077.SH,20260515,7.5997,0.99,38.783,1.7877,1.2032,1.105,548520.5996,541967.4946
002517.SZ,20260515,2.3165,0.72,17.4087,3.6418,6.0885,0.5666,3770822.308,3334237.9778
301220.SZ,20260515,2.5752,0.59,94.4807,2.6671,4.2621,0.3436,465292.4858,320924.439
301212.SZ,20260515,3.5264,0.78,431.457,2.8036,5.3813,0.3426,378324.0,328406.25
300042.SZ,20260515,14.4765,0.66,106.91,11.4655,8.7236,,1301598.0,1301478.1673
688450.SH,20260515,2.8182,0.54,,3.2664,13.7703,,305580.0,226549.0114
601136.SH,20260515,0.4353,0.99,39.9085,3.1089,16.5239,1.2119,4397934.0842,4397934.0842
002773.SZ,20260515,1.0933,0.72,19.0817,2.1262,4.6078,2.7058,2042568.555,1522564.4543
600329.SH,20260515,0.9137,1.15,15.087,4.3734,6.6098,8.7313,3289843.0888,2422605.7288
920541.BJ,20260515,2.4875,1.15,23.3183,3.5382,4.9689,1.1914,172105.3,113383.8832
600336.SH,20260515,1.6783,0.84,,2.8453,0.9954,0.1239,643997.9186,643997.9186
603150.SH,20260515,2.7086,0.81,60.9206,3.5214,1.1703,0.4463,612913.11,612913.11
920547.BJ,20260515,1.5717,1.05,26.6884,2.328,4.1354,0.9141,169981.344,82527.8592
601199.SH,20260515,1.539,0.46,15.8411,1.2153,3.8963,2.2913,571413.4884,571413.4884
600936.SH,20260515,7.4578,0.76,,9.1948,2.135,,914051.3527,914051.3527
301629.SZ,20260515,13.7662,0.83,549.4166,14.3669,47.478,0.2353,1699051.1427,781624.9268
003004.SZ,20260515,2.4938,0.88,,5.0687,7.9904,,319919.0994,268642.1337
600161.SH,20260515,0.577,1.04,28.017,2.297,4.5474,1.8142,2724817.8526,2724817.8526
002185.SZ,20260515,7.802,1.07,57.2641,2.6073,2.5328,,4671743.7624,4670640.004
002142.SZ,20260515,0.3187,0.91,6.986,0.9044,2.8468,3.7688,21025833.0817,21012623.7769
002098.SZ,20260515,0.9307,0.75,16.3165,1.9745,1.0929,1.1919,300362.0,300362.0
002337.SZ,20260515,1.8059,1.28,69.8412,2.6295,4.7845,0.3523,350814.987,350445.9331
002295.SZ,20260515,1.9001,0.59,,2.1975,0.5824,0.3161,285451.624,285236.353
600080.SH,20260515,2.4962,0.55,121.159,1.3892,3.927,0.478,221349.279,221349.279
601908.SH,20260515,10.4284,1.85,,1.3893,3.6052,,1028620.8188,1028620.8188
300074.SZ,20260515,3.652,1.2,,2.8855,8.4952,,245987.4972,245777.966
600179.SH,20260515,0.7849,0.94,16.0268,1.4538,1.9221,,1760315.2233,1606707.8539
920123.BJ,20260515,2.0046,1.14,35.0804,3.2884,1.5481,1.833,140428.86,80113.8161
300937.SZ,20260515,3.0235,0.73,,3.0346,0.5604,0.3854,248255.0398,158256.0724
603960.SH,20260515,3.9891,0.73,287.0284,5.403,12.4326,0.2462,608299.128,608299.128
603689.SH,20260515,1.5077,1.89,13.1675,1.1801,0.8925,4.4026,445363.406,443359.9292
601669.SH,20260515,2.1804,0.69,10.6432,0.6742,0.1531,2.204,9922267.7764,7529198.8896
920212.BJ,20260515,1.5062,0.76,379.694,2.9911,2.5185,0.4988,127638.3,62077.5224
301310.SZ,20260515,18.2011,0.83,44.3786,2.5346,1.458,1.3596,600020.2094,192091.004
002225.SZ,20260515,4.5274,0.77,99.842,1.2239,0.9277,0.9865,505428.2681,413599.2321
002644.SZ,20260515,0.854,0.83,76.3746,2.1723,4.4004,0.1529,400865.745,400865.745
301296.SZ,20260515,0.702,1.01,86.7162,1.1935,0.9536,0.7615,317351.2849,317344.0407
002998.SZ,20260515,3.4272,0.7,48.3815,1.8878,1.2176,5.0997,331750.8581,252908.3594
603227.SH,20260515,3.7013,2.98,19.5661,1.8134,1.7265,2.2624,947376.3371,947376.3371
603368.SH,20260515,0.9177,1.02,10.0102,0.8371,0.3132,4.5373,657384.7925,657384.7925
002292.SZ,20260515,3.1513,0.93,149.795,3.904,4.701,,1160779.2621,799026.6916
000736.SZ,20260515,0.7754,0.77,,3.3847,1.2484,,410157.0221,410157.0221
002480.SZ,20260515,1.8015,0.75,,5.9786,3.248,,482268.7561,481303.8978
603088.SH,20260515,4.1931,0.98,65.0417,5.1939,6.9421,,596836.9036,520191.7459
002995.SZ,20260515,12.2173,1.87,,4.9587,3.8667,,397852.9442,252039.3803
300776.SZ,20260515,13.7794,1.49,77.5276,10.2378,21.2681,0.2637,4029545.6185,2471853.8776
600293.SH,20260515,2.4035,0.88,,2.116,3.189,,360805.1093,360805.1093
301049.SZ,20260515,3.9698,0.7,,4.4958,13.3334,,237047.135,107708.2929
300228.SZ,20260515,10.8333,1.3,25.0203,2.4418,1.9199,0.7558,620127.7199,580142.4029
002791.SZ,20260515,2.8679,0.95,,1.1711,1.1512,1.1165,626022.588,385119.3348
688388.SH,20260515,6.0662,0.68,133.0857,2.5167,1.8341,,2037317.5151,2037317.5151
300554.SZ,20260515,6.3321,0.84,,6.2048,13.1967,,307229.1421,212765.4047
605133.SH,20260515,6.5417,1.3,59.6309,2.9228,3.2224,0.2922,1116655.3812,1114084.4243
300091.SZ,20260515,0.8627,0.77,,6.568,11.3778,,852613.5201,490626.5448
601033.SH,20260515,2.3757,0.94,14.9785,1.287,3.0078,4.2,1350000.0,360000.0
301038.SZ,20260515,1.5476,0.55,95.4031,5.0784,5.9069,0.3469,455083.2,455083.2
301239.SZ,20260515,2.0771,0.83,,3.102,2.2791,,655331.4302,622152.9302
300606.SZ,20260515,10.8523,1.26,264.6894,7.724,9.7393,0.3132,530148.8692,450928.6304
301031.SZ,20260515,7.0149,1.12,37.8528,10.3881,7.185,0.287,1734405.4512,1363815.2757
300907.SZ,20260515,7.2933,2.54,74.3579,3.935,2.4721,,317280.0,317280.0
000868.SZ,20260515,1.4177,0.96,,5.0674,1.1781,,406809.8803,317531.3132
300702.SZ,20260515,1.3149,0.82,71.1071,1.8485,2.1861,0.2556,680643.323,411561.9424
001319.SZ,20260515,4.1445,1.33,24.6219,2.435,2.646,1.6069,343177.8,199014.182
000715.SZ,20260515,3.4319,0.89,26.1607,1.4714,4.108,1.3885,299400.7806,269261.3657
603535.SH,20260515,2.5839,1.07,,1.7238,4.0266,,427638.643,427638.643
000571.SZ,20260515,3.8517,0.75,,295.5077,8.278,,445577.499,432229.8317
600581.SH,20260515,1.5685,1.22,,,0.2172,,401619.2419,401619.2419
000721.SZ,20260515,1.5055,0.91,,31.2149,7.4144,,396000.8725,353528.6125
002165.SZ,20260515,33.1862,3.66,,3.5818,2.4902,0.4107,716152.8212,708667.0069
300842.SZ,20260515,7.6549,1.1,,8.2789,0.6462,,1328292.6902,1180557.3259
002263.SZ,20260515,5.5623,0.76,408.3321,2.6642,6.0365,,740073.8794,740067.9694
603885.SH,20260515,0.9189,0.89,21.6252,2.3725,1.0787,0.8807,2454821.9212,2454821.9212
603511.SH,20260515,0.9421,2.29,36.4311,1.3044,1.8902,2.7853,583853.1343,580727.1658
300676.SZ,20260515,1.8972,0.61,,2.0228,4.4367,,1704642.0806,1695386.0238
000607.SZ,20260515,1.6329,1.27,,3.4247,3.2677,,407079.364,354013.3776
002870.SZ,20260515,4.375,0.68,88.4894,3.3433,0.9468,,547057.2843,537352.4043
600501.SH,20260515,1.7429,0.63,,6.6992,4.5109,,979289.5938,979289.5938
300579.SZ,20260515,1.4232,1.04,,8.7539,8.1104,0.1169,692820.0,668374.4339
920121.BJ,20260515,2.9234,0.62,21.984,3.0816,3.9896,,249935.9363,44988.4725
688584.SH,20260515,4.1617,0.61,145.1798,4.1411,13.1417,0.7724,1723178.0314,883998.0923
300080.SZ,20260515,4.1897,1.6,,2.0792,2.6098,,893602.468,892386.303
002990.SZ,20260515,15.3272,1.04,309.0991,7.2918,13.3015,0.3016,1819610.507,959090.9943
688593.SH,20260515,5.32,1.22,1470.9559,11.6125,29.4032,,1805031.5303,1267493.8079
300326.SZ,20260515,0.8017,0.5,27.8057,1.7088,5.733,,498323.814,498118.7508
002656.SZ,20260515,2.2597,1.0,,5.9409,3.7397,,245106.8263,232746.8922
002589.SZ,20260515,1.9133,0.62,371.5094,0.8576,0.6292,0.1302,455927.2727,413774.239
002945.SZ,20260515,0.469,0.91,81.7128,5.523,23.2428,,4060800.0,4060800.0
600328.SH,20260515,4.279,1.58,,0.9951,1.0717,,1178912.8645,1178912.8645
600970.SH,20260515,1.0063,0.78,8.6743,0.9839,0.4702,5.1607,2301957.5421,2301951.7473
002892.SZ,20260515,5.3343,2.66,438.3076,6.6364,4.5325,0.3676,844305.0487,568154.3837
000400.SZ,20260515,2.7517,0.72,25.0784,2.1878,1.7875,1.472,2685088.2484,2666844.5187
603359.SH,20260515,5.4192,0.69,,1.0173,6.6966,,142750.72,142750.72
301028.SZ,20260515,9.9767,0.93,28.831,3.946,5.4422,1.133,675927.4509,437050.8155
002148.SZ,20260515,2.6871,0.88,978.7327,3.5284,11.1602,0.2076,430420.2441,345974.5605
300220.SZ,20260515,2.2128,1.21,,35.6387,8.8049,,216064.8,215806.6483
300655.SZ,20260515,7.8864,1.74,155.1169,6.7822,10.5206,0.334,1745730.3087,1735828.525
300013.SZ,20260515,5.3275,0.61,,14.232,2.5451,,255728.3735,204290.2199
688059.SH,20260515,3.4081,0.75,43.7361,6.6989,12.1585,0.6427,1454707.4876,1361474.5567
688385.SH,20260515,4.6723,1.16,232.8273,9.0596,13.794,0.1153,5691900.0175,3727179.7175
603002.SH,20260515,10.1337,1.43,584.3185,4.9685,4.8972,0.1321,1716994.8626,1716994.8626
600584.SH,20260515,14.0314,1.32,62.873,3.611,2.6836,0.2584,10387551.5789,10387551.5789
688606.SH,20260515,0.4091,0.42,24.0061,1.1028,4.7991,4.5566,428195.8979,428195.8979
688621.SH,20260515,1.6432,0.79,32.2808,5.0184,5.2942,0.2831,629216.0,629216.0
600535.SH,20260515,0.64,1.02,18.8402,1.713,2.6205,1.4344,2187142.8073,2187142.8073
301275.SZ,20260515,2.2767,0.58,38.6954,4.4933,3.9687,0.3437,1867852.8,1330399.5283
002779.SZ,20260515,1.7549,0.58,87.0605,14.7175,11.8642,0.1049,1384336.8,1242070.2375
002962.SZ,20260515,14.5183,1.12,176.9131,2.9998,4.3664,1.0846,532289.2674,381760.8091
603065.SH,20260515,1.0055,1.06,,1.6969,2.5789,1.4095,338944.7657,338944.7657
300770.SZ,20260515,1.0423,0.92,13.5722,2.3495,5.4647,7.4731,872393.9649,872393.9649
600925.SH,20260515,0.6917,0.93,143.3427,2.0159,2.4093,2.6754,3141333.3334,732358.1552
688381.SH,20260515,13.0522,1.58,,3.4187,16.7019,0.5969,858577.5,858577.5
002564.SZ,20260515,2.2657,0.99,158.0683,26.5025,1.9879,,503318.0235,503318.0235
688159.SH,20260515,19.786,1.37,157.7438,6.3264,2.9236,0.1553,592293.7275,591146.2275
600889.SH,20260515,1.7389,1.36,,7.6046,17.9327,,850977.3265,558677.6653
000593.SZ,20260515,7.8837,0.71,266.7209,9.547,5.8481,,844217.3952,843869.3798
688183.SH,20260515,2.7865,0.78,47.2695,13.2445,7.8639,0.5556,8119406.4892,8119406.4892
300533.SZ,20260515,3.3985,0.64,21.9643,4.1132,2.4821,3.7467,625778.9979,440314.7466
603256.SH,20260515,2.5124,0.99,389.7089,43.7674,88.7291,,12130504.2275,11797145.775
600316.SH,20260515,1.6209,0.61,433.2175,4.3449,2.9945,0.052,2342813.1107,2342813.1107
301599.SZ,20260515,27.5315,0.63,100.5655,12.0501,11.1135,,2537808.0,321639.1517
300502.SZ,20260515,4.0215,0.81,56.4634,29.7564,20.8187,0.0526,60639538.0786,54013303.0891
601888.SH,20260515,2.1274,1.23,30.6734,2.1152,2.2764,2.2034,12259000.1996,11519605.7096
002402.SZ,20260515,5.286,1.03,43.655,4.2025,2.6468,0.3178,2898741.0235,2566201.601
920089.BJ,20260515,2.1529,1.02,15.2971,1.9289,1.304,0.5992,251464.892,143228.1574
000790.SZ,20260515,4.2364,0.86,,3.6906,5.0218,,265080.7297,264611.211
603229.SH,20260515,1.5024,1.15,77.163,3.5216,10.4885,0.9936,833618.3336,833618.3336
920178.BJ,20260515,79.4492,,87.7928,12.2602,19.1953,,1147256.5321,254191.5778
600818.SH,20260515,16.7582,7.01,,3.7519,1.8583,0.1715,187404.1315,138729.4615
002317.SZ,20260515,6.2694,0.49,62.2581,4.3843,7.2589,0.9337,1823950.8036,1634430.9533
920895.BJ,20260515,1.5607,1.04,,4.6939,13.3945,,89873.16,45691.671
601137.SH,20260515,3.7657,1.54,,1.9949,0.8727,2.1708,1871879.0535,1870493.2135
603898.SH,20260515,0.7992,0.7,,1.2883,2.5461,0.6145,395096.8837,395096.8837
300001.SZ,20260515,4.6621,0.86,30.4363,4.4012,2.3932,0.4129,3805213.4554,3730817.2506
000887.SZ,20260515,4.1266,2.04,16.0191,1.6495,1.2507,1.0893,2417075.1755,2413184.4363
605577.SH,20260515,0.7359,0.82,21.0788,1.249,3.237,1.3251,503111.1117,503111.1117
603106.SH,20260515,1.154,1.02,157.811,3.4159,13.8807,0.3452,452331.88,452331.88
688568.SH,20260515,2.4722,0.81,,12.4894,19.121,0.1555,4541403.4854,4541403.4854
601101.SH,20260515,2.9128,1.1,27.5999,1.2455,1.8945,4.3005,1533597.7912,1533597.7912
000795.SZ,20260515,1.8039,1.04,42.274,3.8942,2.6301,2.7153,1058860.9522,1058859.3765
603567.SH,20260515,1.5861,0.8,,1.1226,13.4315,2.0604,684945.558,683885.5966
301188.SZ,20260515,10.5697,0.89,236.5494,4.8434,9.2582,0.2399,949487.4466,949487.4466
603939.SH,20260515,0.887,0.7,16.1532,2.3439,1.1392,3.0396,2792139.5383,2792139.5383
300441.SZ,20260515,0.9705,0.9,26.4468,1.7534,2.5568,,442069.2854,429390.7658
301349.SZ,20260515,9.0434,1.3,108.2595,2.4809,5.304,0.4478,678292.7648,535576.9264
603331.SH,20260515,13.3613,1.22,,3.0855,2.3786,0.5031,321459.2612,321459.2612
301248.SZ,20260515,7.215,0.86,,8.7333,15.8715,0.0233,1317251.85,962656.959
002565.SZ,20260515,12.7241,0.71,303.8001,10.8443,17.269,0.207,1992779.1734,1992715.7234
603345.SH,20260515,1.8824,0.99,21.8685,2.0812,1.931,2.4243,3341221.5433,2940274.6758
600375.SH,20260515,1.4323,0.92,125.5176,2.3271,1.0913,,790314.1839,721104.0797
601699.SH,20260515,1.5197,1.57,38.5054,0.9777,1.6119,2.7063,4531984.938,4531984.938
300667.SZ,20260515,10.974,0.78,,3.9781,5.3818,,411113.8024,346814.6223
688787.SH,20260515,6.0051,1.2,391.5854,11.5523,21.4723,0.2415,867355.438,867355.438
300755.SZ,20260515,2.1954,0.76,,2.155,1.1503,0.6269,604774.4784,604458.8859
600163.SH,20260515,4.262,1.06,27.1962,1.7308,8.1535,1.2444,1269298.4274,1269298.4274
301063.SZ,20260515,2.1581,0.95,64.5529,1.5201,1.3157,0.6516,240238.3866,222482.0915
688757.SH,20260515,6.5444,0.87,248.5212,16.0344,25.9466,0.559,1435788.8902,645144.4353
688531.SH,20260515,11.5277,1.13,119.7616,6.4771,18.8527,0.3077,2213990.9644,1534592.917
300318.SZ,20260515,0.8559,0.5,,3.4042,5.357,,435407.9638,422359.4054
300610.SZ,20260515,6.0921,2.47,41.5937,2.2773,2.9207,1.5886,269620.0069,210200.6565
603915.SH,20260515,4.1496,1.5,50.9321,3.3173,4.6571,1.255,1258107.8317,1258107.8317
300510.SZ,20260515,2.9126,0.89,,1.7764,3.6082,,340597.2591,340597.2591
301226.SZ,20260515,5.7455,0.9,433.2809,4.9836,8.8662,0.2402,453043.2,453043.2
600337.SH,20260515,5.6098,1.37,,11.9027,1.9818,,467024.3945,467024.3945
920179.BJ,20260515,8.9247,0.79,212.2266,5.3293,15.0766,0.223,403413.57,321345.1086
688580.SH,20260515,1.9428,0.72,35.782,3.3923,12.5939,1.2858,595505.8688,595505.8688
300849.SZ,20260515,2.9206,0.72,,6.9301,12.2823,,373500.0,274571.9589
002481.SZ,20260515,0.5926,0.64,138.0222,2.1983,2.4595,0.686,534190.5845,484160.0758
603049.SH,20260515,2.1228,0.77,9.8722,1.6284,0.9145,2.7317,4161676.9609,416167.697
603866.SH,20260515,0.8233,1.47,30.767,1.4719,1.4295,,774264.071,774264.071
920837.BJ,20260515,0.44,0.47,24.4794,3.5511,3.1712,2.0077,196468.0592,177140.1842
002678.SZ,20260515,0.6819,0.8,,2.6723,13.8326,,813633.8735,813187.0944
603233.SH,20260515,0.4076,0.91,16.6526,2.7888,0.7784,3.4352,2142173.214,2142173.214
300827.SZ,20260515,10.9173,1.1,45.6619,5.0188,3.6774,0.1983,2158849.9434,1493977.95
688455.SH,20260515,2.2048,0.85,115.8236,3.7789,1.4494,,347823.4786,347823.4786
301558.SZ,20260515,5.1194,1.04,130.0727,4.5967,3.8,,635814.0857,176902.3727
300912.SZ,20260515,22.8656,1.48,,8.9669,6.6469,,397002.4128,299706.1484
301511.SZ,20260515,10.2648,0.83,239.3177,13.9048,4.0498,,5780683.062,3435741.3687
688355.SH,20260515,1.6821,0.87,42.1544,2.6611,5.5264,1.885,294643.5831,294643.5831
600019.SH,20260515,0.5512,1.16,13.3666,0.6503,0.4212,3.4806,13548456.7139,13548456.7139
603507.SH,20260515,4.1155,0.54,41.5256,3.2143,1.8479,0.6524,835806.4272,824337.4122
600886.SH,20260515,0.7322,1.04,14.3869,1.5494,2.0406,3.4169,10694004.334,9958784.2088
688171.SH,20260515,2.4102,0.72,377.7521,5.8084,30.4972,0.0723,480105.3554,480105.3554
002666.SZ,20260515,2.187,1.12,80.6039,1.118,0.6834,1.8043,394787.6498,250834.6324
000409.SZ,20260515,1.2087,0.89,94.1412,4.0539,4.5819,,665550.9959,579854.6831
600395.SH,20260515,1.3919,0.99,23.4188,1.048,1.148,0.7648,1122684.8196,1122684.8196
300906.SZ,20260515,2.561,1.0,46.6403,2.9297,15.8354,1.4577,274400.0,247609.985
601890.SH,20260515,3.38,0.75,27.8218,2.4962,4.7228,1.382,971872.2,971872.2
301498.SZ,20260515,2.9961,0.75,31.8152,3.9726,2.719,1.0611,1885025.6579,844165.7782
300535.SZ,20260515,3.6029,1.12,86.8531,2.011,2.7,,192421.7137,145927.5607
000533.SZ,20260515,11.6065,0.95,94.7652,9.5514,4.195,,941582.208,933521.9712
003031.SZ,20260515,5.5901,1.21,114.419,10.9609,21.5382,0.2615,7243908.9155,5462916.5378
002009.SZ,20260515,24.3258,1.42,306.6541,5.5241,3.9581,,1134297.6437,998414.1446
600106.SH,20260515,2.3784,1.38,92.2499,1.4769,71.9114,0.6091,785453.8116,785453.8116
000586.SZ,20260515,9.3037,0.68,,11.0365,6.7371,,351480.48,347392.23
688013.SH,20260515,1.8618,0.87,31.9191,4.522,8.2369,3.0792,260752.9428,260752.9428
601800.SH,20260515,0.3712,0.82,8.133,0.3738,0.1487,4.173,10887736.9865,7883316.0557
603568.SH,20260515,0.3033,0.92,18.0818,2.2857,6.1643,2.3217,3502342.2648,3496026.2328
688425.SH,20260515,0.3411,0.98,17.5728,1.3052,2.489,1.8438,2458742.117,2458742.117
688428.SH,20260515,3.3486,0.78,60.8417,6.0502,17.6166,,4443373.4711,675729.7674
002273.SZ,20260515,5.925,0.89,44.1014,5.1826,7.3735,0.7809,5284402.4398,5175897.8402
600666.SH,20260515,12.2098,1.08,113.1774,14.4551,32.5132,,1584833.6989,1441297.9964
603909.SH,20260515,1.1353,0.85,27.1053,2.6153,0.3926,1.0101,309679.6903,309679.6903
601066.SH,20260515,0.1836,0.8,15.2666,1.9932,6.5891,1.4885,17196592.3649,14400902.6846
603061.SH,20260515,4.5538,1.02,115.4897,15.9943,31.5783,0.0846,2695173.0,2695173.0
605086.SH,20260515,4.1023,1.15,52.6538,3.7056,22.3723,0.558,603724.8,603724.8
688223.SH,20260515,3.2306,1.27,,2.8145,1.0977,,7014004.4913,7014004.4913
601399.SH,20260515,1.4568,1.0,61.5305,1.9831,2.1102,,2950344.359,2950344.359
002820.SZ,20260515,2.5531,1.02,,2.5816,4.7765,1.299,225575.0953,225575.0953
920167.BJ,20260515,4.2254,0.63,35.5208,3.2824,0.6228,0.1959,218402.6025,129747.1668
002198.SZ,20260515,6.65,1.17,73.185,2.7585,5.2328,,201481.4097,201469.6386
601866.SH,20260515,1.5669,1.5,22.4225,1.111,1.3418,1.5649,3457785.8248,2555019.7608
688599.SH,20260515,3.0004,1.37,,1.9825,0.5824,,4045614.3937,4045614.3937
600714.SH,20260515,6.9357,0.72,511.3771,9.6448,24.1653,0.2778,726204.208,726204.208
603665.SH,20260515,2.387,1.02,,7.397,3.557,,490905.3907,488031.0032
603121.SH,20260515,2.8735,1.34,,6.3929,5.9403,0.9653,701441.8575,701441.8575
002937.SZ,20260515,2.7145,0.69,71.5596,6.7549,5.5493,1.1837,1006194.2239,1003406.4813
300358.SZ,20260515,2.3786,0.83,20.242,1.2029,1.1574,,670041.7475,657118.4486
600369.SH,20260515,0.8066,1.26,23.9942,1.0167,7.9912,2.0885,2704559.4135,2704559.4135
301015.SZ,20260515,0.9423,0.73,23.3741,4.8232,1.6116,3.3362,1200525.3919,1200371.2219
300450.SZ,20260515,3.5467,0.85,54.488,4.8907,5.8126,0.1065,8739435.8855,8140142.9749
600359.SH,20260515,2.4054,1.06,,4.0842,5.7921,,275452.256,275452.256
601949.SH,20260515,0.7126,1.21,18.8265,1.0889,2.0804,1.7926,1083357.8227,1083357.8227
603899.SH,20260515,0.506,1.38,16.4475,2.2698,0.8625,4.1886,2186383.675,2186383.675
000862.SZ,20260515,8.3837,0.73,233.058,1.468,4.8696,,637978.5137,436437.1262
300048.SZ,20260515,1.7521,0.89,313.6385,3.8059,1.0144,,698658.3193,697352.9015
002976.SZ,20260515,16.3502,2.26,,3.5879,2.5512,,516467.3702,230026.8525
300030.SZ,20260515,3.2169,0.86,88.723,3.9247,5.407,,251987.6617,221865.4533
920187.BJ,20260515,3.0678,0.66,17.7346,1.763,2.3841,,224764.8,82461.6162
300387.SZ,20260515,2.0353,0.86,40.4247,1.743,1.7882,0.7982,253503.0048,253414.9777
603687.SH,20260515,5.0321,0.73,123.2631,2.6137,3.8351,0.3727,855299.5485,855299.5485
002722.SZ,20260515,1.6595,0.97,21.0886,1.1393,1.3604,1.3909,340451.5473,340428.5823
301297.SZ,20260515,12.1205,1.67,85.5333,7.4237,11.8078,0.2946,4026590.406,1966613.6175
002111.SZ,20260515,1.9654,0.69,36.8676,1.9619,1.7168,1.5249,605959.8353,556687.3161
600229.SH,20260515,0.5805,0.84,,1.4393,2.0431,1.1628,397746.086,397746.086
002633.SZ,20260515,2.3111,1.0,315.0812,6.9618,9.4456,,299400.0,298239.825
301607.SZ,20260515,6.9815,1.0,31.366,4.6632,1.8422,0.0234,854068.1593,553712.8955
300543.SZ,20260515,2.697,1.38,,2.0688,1.8344,1.0471,292584.624,238939.8616
920992.BJ,20260515,1.8038,0.53,70.4673,2.2424,4.5779,0.5464,141614.0874,71761.3023
002309.SZ,20260515,29.458,2.21,392.2159,7.461,5.215,,1398564.404,1118851.5232
688309.SH,20260515,2.2134,0.56,91.4615,7.6129,15.234,0.1129,619012.2931,619012.2931
002800.SZ,20260515,4.6872,1.11,,5.3775,2.3638,0.1719,265681.6019,257985.8012
000755.SZ,20260515,0.7459,0.99,16.3794,1.3679,4.7234,3.8095,770337.8529,770337.8529
002996.SZ,20260515,2.9923,1.09,20.5122,1.4343,0.2908,0.6962,474630.7167,295162.6967
688486.SH,20260515,3.7274,1.54,64.0246,7.1979,19.7827,,1161956.3794,1161886.1636
600012.SH,20260515,0.332,1.07,14.566,2.0313,4.9565,3.8035,2713243.9197,1850972.8
002405.SZ,20260515,3.4152,1.24,189.775,2.4022,5.0099,,2116989.3909,2103538.2132
600105.SH,20260515,10.828,0.87,733.1892,22.6908,13.315,0.165,7529273.2303,7529273.2303
601999.SH,20260515,1.6553,1.06,35.5175,1.3849,1.8367,0.8889,371867.4225,371867.4225
603969.SH,20260515,3.2515,1.08,24.1481,3.0842,2.7442,0.7854,873276.8676,851306.0136
002216.SZ,20260515,1.1889,1.01,20.0514,2.4899,1.792,2.1723,1214153.1703,870723.7992
920177.BJ,20260515,37.7112,1.39,25.0388,3.0279,6.3428,,200647.2,45145.62
600547.SH,20260515,2.0106,1.19,28.5058,4.5948,1.3264,1.0115,14705675.1848,11530074.2769
001382.SZ,20260515,10.6283,0.67,93.0988,5.4409,2.8915,1.1542,892392.0,136458.0
002522.SZ,20260515,11.3693,0.82,105.8493,2.6779,3.7837,0.3628,624081.9976,623558.6966
300861.SZ,20260515,4.5904,0.88,33.5999,2.0932,5.9412,1.7334,1383319.466,868619.8065
600561.SH,20260515,2.1667,1.13,134.8644,2.1388,1.4087,,194866.608,194866.608
300368.SZ,20260515,4.6544,0.5,,128.1735,41.6867,,617805.9788,617805.9788
000553.SZ,20260515,0.6903,0.58,,0.896,0.554,,1605240.3068,1500002.5811
601600.SH,20260515,2.5491,1.51,12.7871,2.325,0.769,2.3606,18750383.6604,14398488.1319
300631.SZ,20260515,3.1229,0.72,50.6641,2.6833,5.4048,0.6184,363966.4753,352173.0158
603199.SH,20260515,2.0906,1.04,18.5655,2.3046,4.5143,,396787.8,396787.8
301522.SZ,20260515,1.7073,0.85,115.661,6.0737,4.8493,,1178445.4677,876923.0402
688189.SH,20260515,12.8415,1.16,,3.6088,21.7406,,276869.6,276869.6
002429.SZ,20260515,4.6235,1.1,48.5981,3.3856,3.1354,0.8458,5726579.8679,5723280.7934
000869.SZ,20260515,0.3848,1.41,207.4192,1.1969,4.1079,2.1041,1255328.6445,869264.4835
001367.SZ,20260515,1.82,0.73,26.7119,2.3658,6.8488,0.4953,356806.5104,284873.9524
603166.SH,20260515,3.1365,2.21,29.1997,3.6585,4.7192,1.3341,953626.0115,946337.0165
600156.SH,20260515,31.1391,3.49,,14.4174,7.0687,0.0763,526765.0196,526765.0196
002549.SZ,20260515,10.7911,1.57,291.9643,6.689,22.472,,1387914.4104,1381949.6139
600487.SH,20260515,6.4771,0.91,53.3175,5.312,2.4119,0.3265,17215417.9539,17067364.2525
002881.SZ,20260515,2.816,1.01,85.6601,4.4955,3.3324,0.3194,1225547.2466,738257.1689
301092.SZ,20260515,6.7346,0.99,58.8723,2.7908,8.5576,0.6297,551729.1997,249912.6188
920720.BJ,20260515,3.3056,1.2,56.942,5.9915,4.5455,0.9296,327405.6962,91485.2258
600673.SH,20260515,2.6911,0.54,941.5206,11.0666,6.9383,,10987885.5204,10958687.9915
688733.SH,20260515,5.5815,1.09,,3.4941,10.5106,0.2707,731177.1954,731177.1954
300143.SZ,20260515,2.8756,1.38,135.0751,3.4177,4.4027,,868614.409,743217.592
002298.SZ,20260515,10.4477,0.71,,4.498,4.8466,,839285.7617,749298.4233
300292.SZ,20260515,20.4185,0.8,71.1155,5.9822,2.0511,,878856.058,730943.8525
688258.SH,20260515,4.9259,0.66,134.8378,16.9525,48.0956,0.1465,1623548.2603,1623548.2603
688073.SH,20260515,1.3476,0.81,29.9107,2.3911,3.7175,1.5506,502128.2877,502128.2877
300855.SZ,20260515,2.7296,0.78,71.4068,7.1001,12.6302,0.6621,1493526.944,1106202.3771
301215.SZ,20260515,0.8049,0.9,35.859,2.7815,13.1014,1.4414,826113.6,825177.6
002839.SZ,20260515,1.2655,1.4,5.3472,0.5575,2.2733,6.8807,1065734.4087,1064720.7449
601916.SH,20260515,0.4594,1.23,6.3295,0.4473,1.3118,5.2174,8211926.1529,6441786.3529
301632.SZ,20260515,2.7631,0.99,63.2948,3.0558,6.9439,,846746.88,148209.026
000949.SZ,20260515,4.272,0.98,47.9104,2.0149,1.6745,,1371913.1354,1371536.3962
002380.SZ,20260515,23.7217,2.62,65.6305,4.1598,5.3538,0.0948,1012284.7755,599816.4298
603013.SH,20260515,1.0531,1.09,19.5407,2.3659,1.1718,1.8699,1096229.5995,1096229.5995
603268.SH,20260515,2.1181,0.67,40.3875,14.4346,4.9957,,15221803.791,3657356.7386
603739.SH,20260515,4.3858,2.93,50.3786,2.1862,2.8085,0.6431,393459.8866,393459.8866
301178.SZ,20260515,4.7156,0.93,491.8821,4.9343,6.6608,,385205.8336,285082.6826
002446.SZ,20260515,5.4334,0.8,136.3369,3.7259,7.9228,,948370.6901,878297.2787
600515.SH,20260515,1.2987,0.98,162.4882,1.5454,7.3875,0.1524,3747501.5495,3009732.1026
300148.SZ,20260515,3.0987,0.73,63.6429,3.2986,6.0247,,340636.3746,328902.418
603878.SH,20260515,3.3032,0.67,137.5337,1.6857,2.0208,1.1465,436565.4675,436565.4675
002443.SZ,20260515,7.7815,1.25,42.3931,1.8318,1.4873,1.597,641820.2962,639998.535
301141.SZ,20260515,8.8991,0.99,269.501,5.4447,8.9555,0.1776,698551.6314,250694.9914
300886.SZ,20260515,4.0598,1.19,94.3646,3.663,5.6418,0.5126,218410.16,127447.196
600050.SH,20260515,0.7406,0.67,16.8276,0.8535,0.372,3.7189,14569222.2024,14441530.6648
300149.SZ,20260515,2.458,0.8,,3.6663,4.123,,470078.0084,447987.9147
002197.SZ,20260515,4.4732,0.97,,2.748,4.6743,,484117.9873,420792.0095
688270.SH,20260515,4.3173,0.63,204.2829,13.3619,63.832,,3066289.17,3066289.17
300093.SZ,20260515,1.9882,0.86,43.7028,5.9672,39.2076,,1161000.0,496602.1733
600026.SH,20260515,1.6152,0.81,21.7202,2.479,4.6978,0.8003,11952437.9749,8358710.9754
920351.BJ,20260515,6.5711,0.93,97.0381,3.2362,0.7831,0.6124,143761.8719,65059.2752
688099.SH,20260515,4.6157,0.99,53.5324,6.097,6.416,,4593232.1754,4593232.1754
300352.SZ,20260515,5.243,0.63,,4.6656,16.2185,,471192.8283,414741.1574
600248.SH,20260515,0.5779,0.87,,0.452,0.1002,2.6786,1256551.0561,1245128.4001
605066.SH,20260515,1.8393,0.82,49.1987,2.1278,1.3609,,381086.3444,379337.0094
301502.SZ,20260515,14.6984,1.04,191.5502,5.1813,10.6147,0.4605,433834.6,179261.2
003018.SZ,20260515,3.487,0.65,160.2517,9.4836,19.6336,,1537640.0,1403909.675
301601.SZ,20260515,2.3649,1.33,45.8709,2.2525,7.0721,0.8455,299081.92,179857.92
603556.SH,20260515,1.1864,0.8,19.9433,1.8154,2.6499,2.4941,1354245.7135,1354245.7135
002727.SZ,20260515,2.4947,1.28,27.1227,1.0124,0.4453,3.7912,757186.1336,508039.6225
002959.SZ,20260515,0.8732,1.1,17.7922,1.9828,1.1831,2.5429,609153.2375,588376.797
688435.SH,20260515,4.9157,0.91,,3.1761,17.9601,,344020.0,230918.378
001270.SZ,20260515,3.4712,0.9,226.383,19.1536,71.7547,,2988666.0645,2950742.547
002159.SZ,20260515,6.0466,1.69,21.1533,1.9129,4.4054,1.5654,283150.216,221140.6831
688127.SH,20260515,2.9482,1.0,81.9835,16.5995,22.3845,0.208,3876323.035,3876323.035
603192.SH,20260515,0.9327,0.93,48.9264,1.7182,1.5156,1.4032,377232.7782,314222.1766
603893.SH,20260515,2.2361,0.93,62.7898,15.4273,15.4185,0.549,7281522.6016,7279481.6736
688257.SH,20260515,4.0914,0.81,41.1731,7.5762,6.5758,0.3141,2026840.2871,2026840.2871
300340.SZ,20260515,2.1901,1.01,,46.4628,1.4768,,299208.9805,296980.8853
000880.SZ,20260515,19.4881,1.45,57.3191,6.981,2.1165,0.5718,1506581.0323,737383.0464
688811.SH,20260515,16.9136,0.63,191.6187,8.7317,22.312,,1373582.3305,252241.2536
605286.SH,20260515,1.9093,0.9,53.14,3.3272,3.6081,0.421,718368.0,718368.0
603291.SH,20260515,1.1211,0.61,50.3212,2.8576,4.8999,1.2165,521831.0047,521831.0047
000779.SZ,20260515,1.3097,1.05,25.3148,0.9664,1.852,0.965,385343.6157,385296.8211
301024.SZ,20260515,4.5787,1.34,,9.6894,22.0841,,327526.335,317095.56
300063.SZ,20260515,13.8034,0.96,78.4902,5.1756,1.1278,,914783.7429,755579.4333
002864.SZ,20260515,2.3566,0.51,37.6552,1.9128,2.9358,1.1342,326813.952,226582.0761
300055.SZ,20260515,9.2167,2.32,,1.7357,3.1308,0.1473,851811.0989,602590.7289
603983.SH,20260515,0.4743,0.76,46.6988,2.901,2.8497,3.0205,995683.0,995683.0
688517.SH,20260515,3.2617,0.87,41.9154,3.9406,4.4499,2.3404,318718.5583,318718.5583
300494.SZ,20260515,2.2792,0.83,3374.2585,3.603,4.4916,,521902.7209,423842.3444
300010.SZ,20260515,7.0325,1.07,,3.208,5.4778,,555918.8053,447436.2208
688286.SH,20260515,3.9956,1.04,175.7118,3.7714,6.7548,,400266.7721,400266.7721
603179.SH,20260515,7.6872,1.17,47.0722,5.015,2.4231,0.3856,3790864.4069,3790864.4069
002414.SZ,20260515,2.2313,0.85,61.6437,8.0603,11.5171,,5970489.079,4751260.1785
002373.SZ,20260515,1.8158,0.95,264.5226,1.1759,1.7096,0.2329,1354221.3003,1180592.2527
603860.SH,20260515,1.9517,1.18,45.1614,2.5062,7.6902,0.5294,210708.8,210708.8
002003.SZ,20260515,0.7652,0.65,18.2435,2.4877,2.3918,4.0212,1162734.0806,999614.6489
603230.SH,20260515,0.4996,0.92,44.7266,1.3025,2.8764,4.6021,368724.489,368724.489
301289.SZ,20260515,0.7376,0.72,48.215,4.2061,12.7275,0.7348,435240.0,432455.022
000920.SZ,20260515,1.336,1.02,24.1032,2.6389,2.6443,1.8433,530753.5155,530728.248
300019.SZ,20260515,1.6481,1.03,27.7472,2.6687,1.8442,1.676,703678.893,659811.7317
300024.SZ,20260515,7.2429,3.44,,6.2259,6.1987,,2519082.4996,2518390.2386
920061.BJ,20260515,5.8615,0.85,413.707,6.8362,19.8578,0.5244,191699.32,106598.7952
300772.SZ,20260515,3.3174,0.94,38.2725,1.869,0.3926,0.375,1258956.328,1116600.8384
600392.SH,20260515,4.0762,0.88,44.1536,3.4242,2.8648,0.5967,4406605.997,4406605.997
600475.SH,20260515,3.2451,1.19,48.4043,2.0941,2.012,2.3474,1813466.9879,1788654.2279
688543.SH,20260515,3.5482,0.69,52.4372,5.0936,8.6497,1.2569,1246160.3811,691945.4211
000898.SZ,20260515,0.6508,1.06,,0.4723,0.2156,,2005013.3492,1702899.6517
600546.SH,20260515,1.4578,1.02,20.2087,1.6212,1.2526,5.0512,2708035.0872,2708035.0872
301231.SZ,20260515,6.2896,0.73,,3.1277,7.3053,,254044.0,196947.31
301551.SZ,20260515,3.2105,1.03,43.2279,4.3571,18.297,2.4572,1098827.47,424559.0688
600961.SH,20260515,11.3109,1.0,15.7592,6.2121,1.2839,,3139225.529,2199803.0765
603596.SH,20260515,2.4881,1.35,21.8624,3.651,2.3725,0.8061,2858981.6355,2858981.6355
301137.SZ,20260515,8.4368,1.51,237.152,6.5181,4.9864,0.1807,905430.732,905430.732
605122.SH,20260515,1.5665,0.74,,1.4336,2.5576,,249223.884,249223.884
301012.SZ,20260515,7.3929,0.77,158.8249,5.9647,5.3024,0.2811,710632.2645,710632.2645
600828.SH,20260515,1.0424,0.66,,1.1973,3.604,,805371.8839,805082.4842
600165.SH,20260515,1.396,0.82,,4.1823,10.2133,,478301.5974,216942.4392
000682.SZ,20260515,2.4614,0.95,17.0118,2.8397,2.0575,0.6293,1746967.2901,1746800.8475
920110.BJ,20260515,0.6784,0.69,30.6864,3.2838,6.214,3.1616,123357.0,51363.957
688565.SH,20260515,3.2563,1.28,279.7591,3.7187,6.6727,,184916.55,184916.55
002721.SZ,20260515,1.6085,1.03,92.6246,3.5959,8.0943,,773879.177,773879.177
603583.SH,20260515,2.5791,1.49,32.8502,2.34,2.7372,1.0448,1100990.3056,1090932.8096
600108.SH,20260515,3.7096,1.04,144.6009,1.7784,1.8268,0.1389,770978.3879,770978.3879
600583.SH,20260515,0.8817,0.95,13.8081,0.9432,1.0113,,2736818.6212,2736818.6212
603308.SH,20260515,2.6161,0.74,132.9017,10.1049,15.9214,0.0949,5007251.6597,5007251.6597
688135.SH,20260515,14.3355,1.57,5126.797,5.8404,14.1433,,925888.8537,925888.8537
300626.SZ,20260515,7.3802,0.98,403.4579,11.209,7.2969,,596520.0,596193.6539
688583.SH,20260515,5.459,1.12,138.1839,8.8447,28.3464,0.4811,1052932.4,366899.7977
002145.SZ,20260515,1.3646,0.95,52.9142,1.4253,2.1804,,1728229.1711,1728139.3131
300310.SZ,20260515,6.9806,0.73,311.5473,2.7526,2.1647,,519296.8748,407218.4873
001312.SZ,20260515,9.0033,0.51,23.9389,2.3753,3.2811,,554633.3349,135869.9594
600338.SH,20260515,8.3589,0.86,34.299,4.2968,7.1768,0.2591,1940868.1867,1940868.1867
300255.SZ,20260515,1.8018,0.79,,31.8215,44.1343,,3850865.0788,3844841.9538
002116.SZ,20260515,0.7994,1.0,13.0815,1.5617,0.6404,3.2792,439709.5823,434246.4532
000959.SZ,20260515,0.4981,1.1,37.6776,0.6309,0.3126,0.5392,3171781.6543,3047707.4282
000027.SZ,20260515,1.2794,0.94,17.2598,1.0324,0.7922,2.0661,3453865.079,3453865.079
688685.SH,20260515,4.3018,0.98,,10.0835,20.5218,0.2827,807684.1685,807684.1685
688191.SH,20260515,2.7565,0.79,191.0452,13.8377,9.9549,0.8491,1188366.3981,1188366.3981
603976.SH,20260515,1.3191,0.83,219.0952,2.7334,4.5631,1.1458,324634.5565,324634.5565
688063.SH,20260515,5.3649,1.18,126.0,1.9801,4.8865,0.5888,1829398.5605,1829398.5605
002217.SZ,20260515,14.3679,0.97,1187.257,12.3494,13.4713,,2311134.2688,2249310.6188
920689.BJ,20260515,3.7746,1.11,37.2009,4.1687,3.4552,1.3937,210658.0,108860.8708
000532.SZ,20260515,1.8913,0.92,33.8497,2.5264,8.2166,0.5046,409858.2163,408480.648
002326.SZ,20260515,8.8403,1.87,453.4439,7.8268,3.7218,,2175900.1999,1900790.0668
603903.SH,20260515,13.4685,2.35,,2.4672,3.4918,,352596.2019,352596.2019
300086.SZ,20260515,2.8071,0.55,,3.834,7.5605,,340433.0594,329624.5425
600298.SH,20260515,0.9741,0.75,19.6613,2.5242,1.8011,1.5176,3146241.4324,3107170.4574
600509.SH,20260515,20.8786,3.86,61.359,1.7737,1.6602,0.5484,1378520.5992,1378520.5992
920020.BJ,20260515,1.7388,0.93,19.5057,2.9592,1.3009,,353838.485,87460.2173
002224.SZ,20260515,1.3781,0.78,,1.1443,3.3766,0.7353,368063.4602,329003.1906
002613.SZ,20260515,6.2902,0.59,415.6556,1.9893,2.9573,0.7519,439126.9081,308695.0945
300711.SZ,20260515,2.0417,0.94,73.2703,3.7424,7.5382,,575169.3792,509521.0984
003007.SZ,20260515,9.3392,0.82,261.4319,4.0414,12.1375,0.1074,615210.5041,373463.4953
603337.SH,20260515,1.676,1.87,22.8723,3.6902,2.9084,1.1483,1982825.4579,1971645.4935
300243.SZ,20260515,12.0925,0.79,106.4543,3.8657,2.3901,0.2597,482071.7418,379362.2709
688106.SH,20260515,11.1375,1.07,182.2687,4.2117,6.0034,0.2821,1691280.8612,1691280.8612
920300.BJ,20260515,2.3607,1.14,,6.017,10.776,,96492.1696,74781.5813
001379.SZ,20260515,2.4934,0.76,58.7432,2.8465,2.0586,0.9311,429600.0,144555.4059
000426.SZ,20260515,6.6953,1.19,29.3814,7.24,11.9918,0.1586,7837656.1519,7835756.9181
688235.SH,20260515,3.1776,0.68,122.8298,11.7618,9.5407,,38850995.0536,2899622.6625
002085.SZ,20260515,1.5736,1.01,30.3646,3.7974,1.8266,1.4641,2900424.4123,2900424.4123
600600.SH,20260515,0.8803,0.98,18.0122,2.5971,2.6074,3.5622,8425269.0673,4379561.824
601106.SH,20260515,1.2537,0.71,,5.6825,2.9411,,2935131.0928,2935131.0928
002598.SZ,20260515,2.1346,0.81,42.6002,2.023,1.3468,1.2315,253386.6016,232661.9629
688197.SH,20260515,2.3598,0.86,,9.3334,179.0591,,620754.5377,267156.3775
688478.SH,20260515,16.1211,2.23,,6.9236,217.4033,0.3302,1037745.72,1037745.72
600785.SH,20260515,3.5498,1.02,65.6503,1.6922,0.6518,2.0208,390793.377,390793.377
603123.SH,20260515,2.6788,0.92,,5.5114,3.9079,,897780.0115,733158.1667
600633.SH,20260515,4.356,1.06,28.0368,1.5864,5.0823,1.8433,1651032.9625,1651032.9625
003038.SZ,20260515,6.7982,2.24,,1.2022,0.4082,,338443.4136,226721.7266
301301.SZ,20260515,1.913,1.19,36.7586,2.7848,4.9262,1.7744,2174332.875,602337.0668
688292.SH,20260515,1.6732,0.71,,3.7672,9.1605,0.512,367052.5393,367052.5393
603912.SH,20260515,6.7651,1.1,,3.6432,8.406,0.6914,626945.0363,626945.0363
688276.SH,20260515,0.5404,0.75,,1.8815,12.2597,0.9663,723487.1389,723487.1389
002901.SZ,20260515,0.4658,0.7,26.0349,4.4955,6.2195,1.2143,1674294.8823,1166518.179
002544.SZ,20260515,1.9741,0.81,694.4096,4.6491,3.5647,0.0326,1731958.7501,1731791.966
603330.SH,20260515,1.995,1.03,,2.3107,3.773,,301140.8597,301140.8597
601375.SH,20260515,1.331,1.27,35.0772,1.2571,8.7132,0.6345,1829296.5718,1358322.7618
301575.SZ,20260515,5.0354,1.29,35.1918,2.9592,3.5293,,420436.17,84448.8081
688082.SH,20260515,2.5304,1.29,67.4312,6.1444,12.1538,0.3409,8455093.9913,8364276.3907
920015.BJ,20260515,15.1237,1.97,37.4407,3.8045,6.7249,,649364.3349,191659.5876
002462.SZ,20260515,2.1119,0.98,38.1179,0.8971,0.2093,1.2593,393804.612,393485.0657
603659.SH,20260515,2.297,0.84,26.7192,3.3556,4.0846,0.7032,6881341.4238,6881341.4238
300499.SZ,20260515,14.2499,0.9,431.1853,9.4552,13.392,,1316537.0565,1170584.4551
688026.SH,20260515,1.3517,0.92,79.5291,2.0227,3.9983,0.4585,219108.8705,219038.9034
301181.SZ,20260515,3.0683,0.8,47.9121,3.6482,10.0323,1.4913,542349.3273,423310.6608
920679.BJ,20260515,0.8507,1.09,40.9552,2.0078,7.9389,1.9726,101926.25,67844.375
300943.SZ,20260515,11.6786,0.72,138.9674,7.7447,14.2645,0.3091,791229.24,517958.0045
688179.SH,20260515,4.0603,0.94,74.0455,6.0177,10.7578,0.6414,792069.2527,792069.2527
300858.SZ,20260515,5.5425,0.64,52.2018,2.5048,12.4652,0.8494,465332.3784,345677.1084
002605.SZ,20260515,1.6747,0.89,17.926,2.1462,3.0963,2.4908,835749.9802,675513.0958
300887.SZ,20260515,2.1535,0.65,,1.8882,3.7749,,519541.8268,344811.7534
600076.SH,20260515,8.1106,1.03,,1.6165,16.2468,,575464.5611,575464.5611
300277.SZ,20260515,2.7925,0.63,290.8216,2.536,17.393,0.0261,2563062.0529,1293786.8785
002204.SZ,20260515,1.2534,0.79,19.9102,1.5153,0.759,0.7845,1218694.4902,1218694.4902
300366.SZ,20260515,1.5206,1.01,,3.0522,5.2293,,351179.0147,306630.4392
002021.SZ,20260515,3.4048,0.97,,6.0865,4.5362,,372988.9248,372976.622
002755.SZ,20260515,1.3591,0.65,58.5112,4.7211,8.8936,0.7147,1558381.2293,1558364.6072
300278.SZ,20260515,4.6633,2.41,,4.3595,2.2762,,728151.5516,725864.2677
688069.SH,20260515,7.4762,0.97,67.1857,4.987,11.2286,0.6746,646812.0,646812.0
688695.SH,20260515,2.0351,1.02,,2.7479,14.4725,0.5691,209226.3899,131352.8759
688601.SH,20260515,10.3133,0.99,356.126,7.3424,11.2965,0.5799,915794.995,915794.995
603315.SH,20260515,9.4203,0.98,147.0005,3.4914,4.7023,0.4381,607094.0703,607094.0703
688299.SH,20260515,3.4799,0.92,,2.8784,5.2916,,564439.6438,564439.6438
300975.SZ,20260515,8.8868,0.82,29.17,5.7442,1.4524,0.0538,1525152.4409,1092402.7016
300941.SZ,20260515,2.7034,0.95,116.8693,2.7101,13.6443,0.7362,350122.5,211661.512
920896.BJ,20260515,2.3746,1.0,28.5947,3.8307,3.8272,1.7271,175826.5049,76953.7638
600426.SH,20260515,1.1545,0.96,19.4827,2.1366,2.3011,1.6061,7257734.2196,7256773.5327
002942.SZ,20260515,1.4267,1.25,29.486,2.3067,2.5634,1.589,294259.7718,261975.2607
002040.SZ,20260515,4.062,0.83,25.8985,1.4622,4.7969,0.9135,507464.8644,505518.4628
688185.SH,20260515,2.3597,0.89,,3.0081,13.2179,,1481768.7184,686008.6602
300006.SZ,20260515,3.3569,0.71,,3.8394,8.8004,,668391.7928,668334.6284
300694.SZ,20260515,2.4138,0.79,20.4088,1.76,1.9248,0.6462,266562.4217,266210.5997
002822.SZ,20260515,1.0368,0.84,,5.4906,8.1893,,590850.0,323890.7874
688165.SH,20260515,5.0701,1.95,,8.8194,10.8336,,1065996.54,1065996.54
600791.SH,20260515,5.9356,1.14,,,3.1965,,726872.4,725963.4821
301446.SZ,20260515,3.8355,0.77,59.4873,3.6908,7.4009,0.4645,447824.0,133787.42
920045.BJ,20260515,7.1721,1.2,111.6389,31.7838,15.2553,,3675863.592,1086886.89
000544.SZ,20260515,0.5847,0.96,7.4584,0.8433,1.4254,3.1941,793393.1732,793393.1732
000681.SZ,20260515,6.3329,1.1,50.508,4.0059,19.8307,0.1093,1535665.7397,1482088.0143
600210.SH,20260515,1.357,0.9,9.4238,1.4814,1.0714,4.4444,1023796.9067,1023796.9067
920363.BJ,20260515,3.4072,1.14,320.4234,4.688,8.1554,,163505.85,87516.4334
600137.SH,20260515,2.9602,0.77,72.6686,3.9785,5.6187,0.8069,224086.5403,224086.5403
300250.SZ,20260515,3.7322,0.64,107.8285,7.4944,17.655,,414032.7408,304931.1945
600909.SH,20260515,1.8304,1.07,14.2229,1.0875,6.224,2.2831,2868823.4977,2868823.4977
688610.SH,20260515,5.1762,0.99,117.7183,5.9561,18.0596,0.1471,924664.0,556601.0597
603017.SH,20260515,4.8612,0.46,83.8219,2.7305,3.5151,1.3378,407656.8725,407656.8725
300194.SZ,20260515,0.7949,0.63,75.1325,1.0677,2.8146,1.7632,472315.8157,384432.6538
300350.SZ,20260515,3.0239,0.91,,3.3448,5.3929,,293370.4096,246157.1477
000639.SZ,20260515,6.2667,0.57,,1.0197,0.371,,168390.7828,168390.5764
300152.SZ,20260515,5.9836,1.22,,5.3293,4.4718,,112622.4,112618.1064
600523.SH,20260515,0.837,0.57,27.568,1.6652,2.1423,0.9858,541372.8575,541015.7462
603895.SH,20260515,5.0237,0.93,251.866,20.8648,8.1903,,428212.96,428212.96
002602.SZ,20260515,2.6078,0.97,17.4806,3.4005,2.6941,,10982316.6598,10127273.1642
002631.SZ,20260515,2.6989,0.44,,3.196,5.7788,,646596.4165,643587.1775
301091.SZ,20260515,1.6361,1.1,324.3908,4.9901,9.8012,0.1774,1166343.36,1166343.36
600058.SH,20260515,1.4837,0.95,,2.3759,0.227,,1158735.4786,1158735.4786
002015.SZ,20260515,15.4028,1.22,80.3833,2.9155,3.6337,0.4487,3524237.737,3524237.737
688200.SH,20260515,2.2788,1.09,98.2449,13.3301,39.308,,5583968.87,5583968.87
301261.SZ,20260515,22.5609,1.47,66.0342,5.3586,7.3259,0.609,865894.211,369285.6785
002643.SZ,20260515,5.0019,2.32,57.0631,2.3335,4.3112,0.5573,1668710.2788,1644042.189
001211.SZ,20260515,12.4931,1.01,,4.8179,2.4792,0.3606,415944.0,387038.7805
002466.SZ,20260515,4.7449,0.81,52.9904,2.5544,9.1853,,11840051.8164,10198086.0967
603005.SH,20260515,10.8106,1.44,58.1084,4.6097,14.1602,0.2547,2148253.5996,2148253.5996
002956.SZ,20260515,1.3487,0.74,31.0355,3.949,2.8169,1.3746,678224.0366,678148.3631
600975.SH,20260515,1.5469,1.02,,3.8752,0.9948,,692312.604,692312.604
000710.SZ,20260515,3.5932,0.5,,2.5328,3.9903,,368015.8451,343040.6498
300147.SZ,20260515,1.5821,0.79,,,4.6117,,704923.462,700753.0696
603380.SH,20260515,1.7697,0.72,28.2171,3.6894,2.6215,2.6954,595236.852,595236.852
002753.SZ,20260515,2.5521,0.81,280.4423,1.1208,0.7514,1.8677,297502.4015,168511.4322
002655.SZ,20260515,13.2515,0.72,236.3433,16.302,9.4749,0.0794,1361001.987,1358304.3519
600585.SH,20260515,1.1537,1.12,13.9669,0.5599,1.3474,4.6387,10852971.6818,8191390.8818
300451.SZ,20260515,1.8892,0.78,,1.6741,6.8675,,658377.9941,648844.8523
301358.SZ,20260515,4.3459,0.87,31.7151,4.2295,1.8801,0.1476,8052212.3633,7255889.2748
605369.SH,20260515,1.2916,0.47,82.9499,2.7086,4.0113,1.3523,465240.1224,465240.1224
002364.SZ,20260515,10.5951,0.98,205.8219,10.783,12.4415,0.2083,2696658.3336,2670526.4916
300747.SZ,20260515,5.1456,0.81,112.0902,6.0812,5.7975,0.1344,2093083.2,1945411.7078
601065.SH,20260515,0.6494,0.99,25.5045,1.1461,2.3312,2.7397,516149.1914,516149.1914
002501.SZ,20260515,3.0114,1.28,,32.3096,22.3632,,518300.0,517784.5041
300540.SZ,20260515,9.6796,0.86,95.911,6.1799,9.2277,0.1639,700384.8446,630724.6994
603856.SH,20260515,1.9369,1.07,13.4875,1.212,1.5358,1.8068,338749.3281,338749.3281
301090.SZ,20260515,1.0551,1.17,,1.9704,0.9939,,1300183.4392,1298825.2704
002152.SZ,20260515,1.2097,1.11,33.3855,2.2228,2.3323,3.2513,2826089.7379,2824668.1654
002369.SZ,20260515,2.5643,1.04,,21.8561,2.4833,,408775.4779,408232.7285
688109.SH,20260515,1.6184,0.56,235.154,9.4286,17.9561,0.7076,747898.0578,747898.0578
000568.SZ,20260515,0.931,1.19,13.4669,2.5959,5.4887,6.5385,13394671.8633,13388433.2127
605388.SH,20260515,1.6084,0.82,,2.6888,3.0354,1.1344,413132.992,413132.992
605255.SH,20260515,1.2196,0.64,910.1327,16.8421,44.2709,0.2204,1368956.8,1368956.8
603618.SH,20260515,7.3058,0.5,,9.3021,2.602,0.1648,2516607.2422,2516607.2422
600790.SH,20260515,1.831,0.5,21.1563,1.0793,7.2465,2.5381,642016.4265,642016.4265
603817.SH,20260515,2.2668,1.03,16.7362,1.1996,2.8196,0.8721,392217.8188,392217.8188
002620.SZ,20260515,4.1809,1.16,,,11.4723,,390706.29,327134.5511
603228.SH,20260515,3.1956,0.69,61.7723,5.2877,4.4365,1.0632,7034833.9296,6970106.6351
600100.SH,20260515,1.9059,0.79,47.3638,1.7895,1.9123,,2837702.1629,2837702.1629
600162.SH,20260515,1.0525,0.86,,1.0446,4.4909,0.5976,598124.1763,598124.1763
920195.BJ,20260515,1.1075,0.67,15.0318,1.8289,1.3872,1.2755,153711.04,110950.0885
002889.SZ,20260515,4.3147,4.58,52.5032,2.0501,1.5173,0.3933,514383.0969,342196.7714
000012.SZ,20260515,1.36,0.9,1017.3079,0.8707,0.832,1.8451,1134840.8665,730825.0911
301121.SZ,20260515,6.4154,2.19,8575.5532,2.3893,2.7752,,395403.0541,202417.1596
301056.SZ,20260515,2.3342,0.78,59.7039,5.1474,7.676,3.9113,409250.7472,269977.6032
600278.SH,20260515,1.0164,0.57,33.2431,0.8117,0.1858,1.4867,606665.6532,606665.6532
601098.SH,20260515,0.4423,0.71,12.7627,1.2371,1.6188,4.8246,2047440.0,2047440.0
000897.SZ,20260515,1.4861,0.72,,1.107,10.3844,4.6117,333158.0802,333151.5706
600567.SH,20260515,1.2364,1.11,,0.5974,0.3128,,883043.4628,883043.4628
920475.BJ,20260515,2.4922,0.84,,4.2575,6.3213,0.3365,150175.16,83510.861
301280.SZ,20260515,5.6356,1.36,44.1585,4.7904,5.0044,0.293,933715.9477,273927.3217
920023.BJ,20260515,5.2269,0.68,93.4716,0.662,1.4226,,79862.176,65589.2813
301139.SZ,20260515,0.5312,0.21,,0.4726,0.6379,0.463,91915.0848,57582.3639
688785.SH,20260515,12.2908,1.01,313.2799,13.5294,58.9387,,3019833.7932,567717.4973
301218.SZ,20260515,6.7045,1.15,,4.2567,7.8515,0.0738,386367.52,237393.2164
920866.BJ,20260515,1.0105,0.93,37.8269,1.7392,2.794,1.9597,135514.8368,85812.4488
002484.SZ,20260515,7.9352,1.43,60.4552,6.4409,7.2476,0.5303,4138649.4969,3992418.0415
688051.SH,20260515,1.9253,0.59,,6.1554,18.4572,,356277.738,356277.738
601138.SH,20260515,1.7263,1.18,33.0103,7.6148,1.3506,1.4349,134185752.0244,134185752.0244
300813.SZ,20260515,3.008,0.88,167.4545,3.7121,8.6974,0.5274,298028.8795,187009.5885
600238.SH,20260515,2.8265,1.56,,29.6601,5.4217,,231271.2,229760.1353
601975.SH,20260515,13.2515,1.53,15.8822,1.9336,3.852,,2316770.6156,2316770.6156
300618.SZ,20260515,3.2182,0.6,47.0582,2.3444,1.8429,0.3556,1300727.7822,1144485.9636
002671.SZ,20260515,2.0662,0.89,47.9929,1.6038,1.7719,,263026.7036,257265.6291
601390.SH,20260515,0.7871,1.09,5.8152,0.3839,0.1146,5.2088,12343110.9645,10239415.9645
603225.SH,20260515,1.0105,0.8,26.4634,1.3583,0.3833,1.1777,2856771.9073,2841533.293
300551.SZ,20260515,2.5111,0.63,,16.2806,35.0048,,498872.1848,497419.8827
000890.SZ,20260515,12.2691,0.67,,260.5254,16.4905,,509277.8172,509262.1298
920433.BJ,20260515,3.3668,0.99,,3.5657,10.3377,1.1342,135381.5112,89568.3735
003015.SZ,20260515,3.518,1.17,47.084,3.5311,6.2277,1.351,408952.0005,359858.2388
301082.SZ,20260515,3.0522,1.27,95.4503,3.459,1.5734,0.5158,350982.8977,325340.4674
603307.SH,20260515,0.9819,0.68,26.7743,2.0698,3.406,2.2686,299198.415,294465.0
920729.BJ,20260515,1.0243,0.78,55.1323,3.1088,9.6219,1.6774,211846.25,59539.4068
688028.SH,20260515,4.2188,0.76,180.5559,9.089,23.0596,0.2795,1837351.228,1837351.228
002319.SZ,20260515,3.6218,1.1,,13.5497,5.7094,,242150.2216,231200.0
603032.SH,20260515,6.2523,0.74,76.8827,4.5186,8.6738,0.2474,528493.2884,524948.4486
600549.SH,20260515,3.3978,0.88,28.0237,4.6326,1.5807,1.1311,8477708.3108,8297996.7732
600917.SH,20260515,1.8242,3.85,38.0383,1.4859,0.8418,1.4936,857010.8282,857010.8282
000683.SZ,20260515,1.3962,1.12,29.8635,2.3459,2.5622,3.6515,3055235.5423,2747216.0829
600874.SH,20260515,1.4591,1.44,10.5704,0.8869,1.944,2.8571,934398.7606,732098.7606
688372.SH,20260515,6.6422,1.01,77.0061,6.3992,15.0662,0.1448,2680879.2828,2680879.2828
300825.SZ,20260515,6.7016,2.03,,2.757,5.8579,,560204.7045,548440.3028
600067.SH,20260515,2.1787,0.77,237.3328,0.8187,0.381,6.5513,457859.0151,457859.0151
002039.SZ,20260515,3.6012,0.93,13.5811,1.9087,2.5825,0.7901,865805.2052,865802.7752
920273.BJ,20260515,3.2192,1.69,38.2128,3.3786,2.7057,2.4229,212635.196,141530.2838
301186.SZ,20260515,3.6106,1.22,50.2501,3.8393,7.4557,0.9523,620635.8469,582879.0816
688721.SH,20260515,8.8169,1.41,131.3473,5.2572,25.2963,,643203.0,257688.5137
920579.BJ,20260515,9.8272,2.22,,5.4583,5.8597,0.1625,254946.12,87767.033
300409.SZ,20260515,3.8207,0.61,34.139,2.3957,2.2572,0.7121,1948582.1419,1712543.9844
000930.SZ,20260515,1.046,1.06,,0.9884,0.6048,,1028469.0874,1028416.8363
002346.SZ,20260515,2.3762,0.7,31.8558,3.0704,10.1684,2.3284,888449.737,788932.3117
600351.SH,20260515,2.7397,0.83,14.1907,1.589,2.0626,7.6865,453260.0301,453260.0301
300723.SZ,20260515,2.7977,0.6,90.5451,9.355,19.2483,,1810836.2989,1680527.7308
002178.SZ,20260515,2.0078,1.07,465.7961,8.9652,9.8797,,387411.2325,387210.038
003035.SZ,20260515,2.0661,0.69,82.5997,3.9991,7.4693,0.0942,2814393.9387,2814393.9387
600803.SH,20260515,0.2392,0.82,14.819,2.6702,0.5013,5.7886,6460903.5183,6410693.6375
605055.SH,20260515,3.7532,0.66,,5.7649,3.485,0.4615,566280.0,566280.0
603338.SH,20260515,1.7787,1.34,15.0024,2.4364,3.1589,1.7547,2885676.5624,2885676.5624
605111.SH,20260515,9.6028,1.0,52.4652,4.5907,10.2473,0.1353,1993180.989,1993180.989
600302.SH,20260515,4.1945,1.09,,6.2117,9.2614,,301028.5295,301028.5295
300448.SZ,20260515,2.9166,0.82,,4.3559,22.1311,0.4155,530389.3899,503772.6472
002383.SZ,20260515,2.2872,0.99,,4.3793,4.8769,,657439.9508,657439.9508
603681.SH,20260515,4.89,0.96,35.6988,1.4517,0.7285,0.565,491650.1044,491650.1044
300426.SZ,20260515,3.6345,1.18,,36.1484,42.3081,,335985.5763,298400.0
688045.SH,20260515,6.2024,1.44,126.2787,3.4253,6.4097,0.0782,490439.4966,490439.4966
920946.BJ,20260515,0.6445,0.7,29.2134,3.3238,7.4361,1.3685,436737.4618,436603.1931
300787.SZ,20260515,2.4201,1.11,51.5295,2.1875,0.9816,1.5504,336940.4965,211272.617
002296.SZ,20260515,2.9458,0.65,25.291,1.7767,5.0386,1.7467,446069.5809,397686.4781
300406.SZ,20260515,1.196,0.78,36.0807,2.0458,5.5871,3.8053,765719.0682,554165.0688
300625.SZ,20260515,2.5024,1.57,,1.7046,1.8447,2.5489,328772.587,190640.7568
688448.SH,20260515,4.4049,1.44,567.04,5.2887,14.4532,0.3982,538673.028,538673.028
688595.SH,20260515,3.5669,0.85,,8.21,6.1246,,531416.8575,531416.8575
600618.SH,20260515,4.0644,2.95,17.466,1.5346,1.8067,1.6614,1461689.5697,947797.7297
688778.SH,20260515,1.6727,0.84,41.8575,3.8141,1.5294,0.7475,3592391.1288,3592391.1288
605169.SH,20260515,2.4079,0.71,36.6988,1.8826,1.258,1.8249,379624.96,379624.96
688366.SH,20260515,0.3612,1.0,36.1481,1.5557,3.4906,2.6836,846789.6554,714498.9301
000670.SZ,20260515,6.8226,0.96,,225.1683,1.4049,,692674.7091,673927.5411
301608.SZ,20260515,3.8387,0.93,35.4857,3.9808,4.9684,0.847,885450.5,397374.6425
000800.SZ,20260515,0.419,1.35,38.8847,1.1669,0.4605,0.7962,3090564.4523,3090286.3789
002672.SZ,20260515,1.162,1.17,,2.0187,1.3373,,449839.1114,368383.1489
300628.SZ,20260515,1.3088,0.83,17.9181,4.8355,7.712,4.7115,4827733.7289,2765854.1457
603324.SH,20260515,3.9305,1.77,,2.5187,4.4498,0.4485,410696.912,410696.912
002975.SZ,20260515,14.8081,1.43,102.7705,10.1694,11.4093,0.0627,2393295.3333,1579434.0945
301456.SZ,20260515,2.8792,1.02,53.301,2.1081,6.7548,0.6414,469096.256,184615.433
605378.SH,20260515,1.0924,0.76,123.0703,3.8491,3.7945,1.9484,479047.9512,479047.9512
920304.BJ,20260515,0.8523,0.79,35.8638,3.5316,2.4226,1.6987,191069.326,153783.6941
603090.SH,20260515,9.4504,1.59,86.0242,10.0512,8.1142,0.4579,655100.0,655100.0
600217.SH,20260515,0.9048,1.17,,2.0659,2.0546,,588467.0539,588467.0539
002490.SZ,20260515,7.8848,0.67,1364.1759,14.3974,3.3951,,725244.1956,492425.298
300383.SZ,20260515,10.2033,1.28,,2.5312,4.3038,0.3591,3003777.6473,2998289.7826
688047.SH,20260515,3.075,0.8,,26.7456,99.4188,,6415198.0,6415198.0
605003.SH,20260515,0.9895,0.64,48.5569,2.0869,5.6632,1.4695,306900.0,306900.0
002550.SZ,20260515,1.2648,0.97,27.4286,3.1028,5.9901,1.6935,885621.6,651338.2046
600679.SH,20260515,0.9185,0.85,63.09,2.6096,2.5957,,556002.5033,370846.1033
603260.SH,20260515,0.8849,1.0,,1.7074,2.4774,1.0503,5023197.2923,5023197.2923
300970.SZ,20260515,7.0474,0.95,18.7546,2.3498,2.8561,,410004.8304,316868.6754
601339.SH,20260515,0.965,0.75,17.5137,1.3585,1.5647,4.8406,1270134.943,1270134.943
002019.SZ,20260515,1.221,0.81,37.242,1.4891,2.6169,0.9183,1324648.8026,916729.353
301633.SZ,20260515,1.7836,0.87,51.6895,3.6339,6.1323,1.6469,338088.96,154900.6182
600439.SH,20260515,1.3984,0.69,,1.1599,2.2399,,292052.2435,292052.2435
002304.SZ,20260515,0.4491,0.94,68.1639,1.4058,4.2387,5.0424,6922115.115,6921951.7628
300771.SZ,20260515,3.1975,0.7,36.2442,1.6677,5.3655,,332400.0,247323.7338
688639.SH,20260515,3.0619,1.38,54.9425,2.5604,2.3016,0.589,678063.6437,678063.6437
920478.BJ,20260515,1.7202,1.02,35.6959,2.3478,4.8093,1.8445,121919.7763,73174.8622
002559.SZ,20260515,10.535,0.92,61.1883,3.5105,2.7418,0.6539,623433.5372,571541.6802
002897.SZ,20260515,7.641,0.64,44.9182,4.6447,2.0866,0.147,1320327.5398,1242315.7005
300150.SZ,20260515,2.4137,1.06,75.0107,1.8154,3.3271,,285531.7539,226267.6572
603101.SH,20260515,2.8822,0.59,45.5589,2.6848,1.5495,1.814,384787.2,384787.2
002095.SZ,20260515,1.4471,1.05,,4.5909,7.7551,0.3141,402330.24,400719.7967
301237.SZ,20260515,3.6038,0.79,,4.9375,8.877,0.1376,568000.0,413575.0
600879.SH,20260515,4.9465,0.75,333.9195,3.6547,5.4306,0.2162,7631279.3595,7631279.3595
300461.SZ,20260515,9.3923,1.07,1869.079,15.6262,26.9098,,847634.9667,775566.478
603836.SH,20260515,1.195,0.94,60.254,1.6525,0.333,1.0534,287534.567,287534.567
300316.SZ,20260515,5.173,1.18,166.8586,4.015,6.9497,0.7563,6914338.4482,6502612.6862
600808.SH,20260515,1.5615,1.18,,1.1071,0.3514,,2664435.6904,2064841.9104
605288.SH,20260515,2.2215,1.21,164.422,2.5602,4.2001,0.4592,573228.8003,569383.3752
301449.SZ,20260515,4.6602,0.58,49.0063,3.9506,5.3201,,455152.1788,97100.6485
688391.SH,20260515,1.8693,1.01,100.0971,2.0313,7.1143,1.8247,378601.7877,378601.7877
002051.SZ,20260515,3.6671,0.59,50.0812,1.1249,1.1158,1.1826,1307941.2464,1307865.9669
301369.SZ,20260515,6.5683,0.82,432.2478,11.2814,44.6641,0.1674,1711806.2785,917385.8775
688363.SH,20260515,0.692,0.93,75.4973,2.6983,4.8697,0.2735,1923822.8985,1923822.8985
600877.SH,20260515,2.2671,0.96,643.9776,7.6811,19.5939,,1922912.615,1922912.615
300841.SZ,20260515,1.7157,0.68,31.4438,1.9983,5.9388,1.8242,712368.9003,651909.1174
002801.SZ,20260515,3.1909,1.54,18.2661,3.7179,5.1766,1.499,759163.392,382843.7262
920806.BJ,20260515,0.6138,0.77,46.799,2.2108,2.1506,0.8703,345546.4304,345546.4304
300839.SZ,20260515,5.0356,0.68,158.0942,7.0087,1.7595,,564855.2461,554754.5442
000923.SZ,20260515,3.027,1.35,23.3091,1.0769,1.9628,3.0175,1081571.8884,1040432.5436
002427.SZ,20260515,1.458,0.77,423.4363,5.6839,2.5193,,538046.2962,537546.8204
601799.SH,20260515,2.8894,1.56,23.4473,3.3583,2.492,1.0976,3885525.7778,3885525.7778
300357.SZ,20260515,1.3319,0.6,29.6569,4.6113,11.6205,0.9121,1262884.608,1167201.0625
002639.SZ,20260515,10.808,1.22,439.6131,5.1706,4.9252,,1325785.3374,1121029.5199
688630.SH,20260515,6.2556,1.18,98.3743,14.6487,20.28,0.2706,3408264.0636,3408264.0636
301591.SZ,20260515,15.4802,1.79,64.6511,4.3023,9.0507,0.9566,395700.48,159646.2336
002947.SZ,20260515,4.8149,0.85,36.5669,6.7615,7.1949,0.5883,2102966.2299,1581136.0471
603015.SH,20260515,3.186,1.41,193.7753,3.684,6.3687,0.3943,512549.692,512549.692
301176.SZ,20260515,4.0229,0.77,,4.2038,3.2165,,625208.5346,606670.2424
301059.SZ,20260515,4.1026,0.9,43.8276,5.5968,7.7841,,366610.244,327525.5705
600768.SH,20260515,3.7267,0.81,29.8224,5.3098,1.8103,0.2752,243018.6624,243018.6624
300051.SZ,20260515,5.8878,0.92,,56.9614,16.0404,,544261.8805,537529.0082
002028.SZ,20260515,2.919,1.47,45.6927,9.2238,6.4973,0.2617,14866572.458,11602983.859
002965.SZ,20260515,8.637,1.12,182.746,2.2413,1.1582,1.1489,950592.4459,682069.0732
300635.SZ,20260515,3.8828,0.71,,6.9433,3.7831,,213521.35,183631.6962
300643.SZ,20260515,3.0699,1.17,27.3154,3.3378,3.4977,0.839,438456.7232,437456.4865
300207.SZ,20260515,3.9489,1.04,59.3127,1.8894,0.6941,0.8269,4655605.3639,4318867.4886
601995.SH,20260515,0.6142,1.03,14.3377,1.5817,5.1413,0.5351,16238892.104,9834796.7682
603019.SH,20260515,5.4921,0.99,62.3205,6.1273,8.8725,0.3598,13820591.6957,13816729.0373
601288.SH,20260515,0.1199,1.12,7.9321,0.8394,3.1339,3.7407,233438683.5933,212935888.5883
600612.SH,20260515,0.4825,1.28,11.5806,1.4246,0.3988,5.4827,1955937.3196,1185672.9066
920156.BJ,20260515,34.0273,1.23,36.9809,6.5699,5.9869,,790166.68,164742.012
002248.SZ,20260515,5.8364,1.05,121.3992,35.8909,12.2858,,411736.6084,411736.6084
300376.SZ,20260515,1.5742,1.33,,2.1314,3.5951,0.3498,1382974.8427,1382496.3312
600686.SH,20260515,2.1807,0.65,18.291,2.8767,0.4118,0.6173,1045455.134,1045455.134
000623.SZ,20260515,1.1565,1.04,7.8872,0.6873,9.7211,2.7081,2164570.6505,2155649.2962
300045.SZ,20260515,9.1247,1.19,,10.5887,20.3044,,1606324.7721,1251543.1386
000518.SZ,20260515,3.7265,2.4,,10.2858,8.712,,332546.6597,332540.0288
600167.SH,20260515,0.6049,0.95,25.0931,1.2586,4.8235,2.9522,1507051.7484,1507051.7484
603299.SH,20260515,0.9438,0.88,21.5442,1.235,2.3046,3.4204,1012372.7224,827336.555
002108.SZ,20260515,8.8747,0.87,62.636,1.8581,3.153,1.7777,936403.781,935778.981
300079.SZ,20260515,3.0321,0.84,229.6427,1.9921,11.3319,0.1741,819966.1357,736850.8022
600025.SH,20260515,0.3017,1.37,20.7493,2.4972,6.5688,2.0318,17718170.6384,17718170.6384
301029.SZ,20260515,6.2072,2.45,37.2107,4.2991,6.2855,1.4769,1932415.6635,1407350.7031
688611.SH,20260515,1.258,0.63,,12.9923,51.5613,0.1955,1120817.8072,1120817.8072
003022.SZ,20260515,4.4289,1.47,88.5505,4.4776,4.7645,0.2786,3356282.384,3353427.1762
603257.SH,20260515,6.2113,0.49,38.8407,3.0105,3.879,0.7764,772800.0,160356.0
000558.SZ,20260515,1.8901,0.8,,4.7861,10.6597,,502797.3401,502586.9971
300334.SZ,20260515,2.7518,0.91,,4.666,9.0451,,255547.2912,255517.1778
688518.SH,20260515,6.2115,1.23,58.8073,2.9581,2.9846,0.5236,977896.3972,977896.3972
301016.SZ,20260515,1.0301,0.61,78.7898,5.5007,14.398,0.5962,549450.72,526835.3708
600661.SH,20260515,1.8155,0.97,27.9948,10.7521,1.9598,,273940.6815,273940.6815
920159.BJ,20260515,8.839,0.71,21.273,2.7282,1.262,,303164.0,57441.6
603466.SH,20260515,4.4414,0.7,,2.8567,3.7627,2.0019,594222.9183,594222.9183
300294.SZ,20260515,1.1148,0.86,2414.7527,1.1116,4.4975,1.8845,829489.174,829489.174
002595.SZ,20260515,0.4646,0.83,28.6335,5.8299,5.9652,1.1695,6840520.0,6793217.9221
688285.SH,20260515,0.9567,0.99,58.7046,2.0292,2.7099,0.2179,345434.1401,345434.1401
600973.SH,20260515,3.3048,0.75,,2.9932,0.1933,,1013439.6573,1013439.6573
600645.SH,20260515,3.0709,1.28,96.485,2.8549,7.4694,,1061776.0314,1061370.5044
600180.SH,20260515,0.0208,0.48,,0.4885,0.1242,1.7992,209719.1006,209719.1006
689009.SH,20260515,2.474,1.08,19.9606,4.0585,1.3636,3.664,3004808.0139,2310424.6002
002469.SZ,20260515,1.8541,1.06,33.7574,1.706,1.8,1.4347,452257.2531,437996.829
600999.SH,20260515,0.5359,0.84,10.315,1.1046,5.0425,3.1412,13731815.8267,11719346.3245
002936.SZ,20260515,1.4326,1.89,8.3482,0.3522,1.2551,1.1173,1627484.3531,1258243.9645
300430.SZ,20260515,12.9772,0.82,,1.22,3.1191,0.7853,156455.8141,148894.313
301062.SZ,20260515,2.9008,0.82,,2.5478,2.9808,1.1266,345333.8396,249655.0201
300463.SZ,20260515,1.9263,0.8,,0.9948,2.9278,1.0122,625225.2892,508204.9718
601177.SH,20260515,6.0453,1.39,26.3437,2.3758,2.8076,0.3538,691889.8095,678901.82
600671.SH,20260515,1.4031,0.87,140.5965,31.1282,11.2729,,229796.756,229686.6458
603985.SH,20260515,9.5542,1.05,100.4418,3.5698,2.6699,,1192520.8981,1192520.8981
000403.SZ,20260515,0.8145,0.89,30.1418,1.3123,4.0926,2.4038,1064445.0723,1053565.9445
300620.SZ,20260515,9.8598,1.35,321.9065,31.4556,41.4516,0.0735,6778209.1851,6721700.92
601880.SH,20260515,0.8623,1.27,25.9625,0.9321,3.3181,1.4845,3795054.5213,2964501.2455
920670.BJ,20260515,4.7716,0.71,482.7626,6.9895,16.9035,0.3866,164795.0848,103415.3596
300836.SZ,20260515,3.4801,0.66,65.8082,10.0155,6.317,0.2977,641662.478,439279.8368
300348.SZ,20260515,2.0493,0.92,,4.4474,4.6977,0.0603,942397.5731,825572.0622
002210.SZ,20260515,4.2477,0.55,292.1036,8.6598,29.2399,,811675.9961,809856.6939
600834.SH,20260515,0.5088,1.0,76.6215,2.1611,6.2321,0.4689,376654.323,376654.323
920665.BJ,20260515,15.6421,5.2,49.1289,2.142,4.657,1.2438,156767.94,77270.4316
688676.SH,20260515,3.9138,0.8,64.0301,8.7642,5.6939,0.7334,4256223.8575,4256223.8575
300613.SZ,20260515,9.4009,0.96,68.2239,5.0393,7.6128,0.1879,1469464.0175,1386113.8934
601022.SH,20260515,0.858,1.21,18.1721,1.7903,1.783,2.4913,1124116.0339,1124116.0339
600883.SH,20260515,1.9052,0.93,76.5243,2.1919,36.0096,0.6579,215312.256,215312.256
001390.SZ,20260515,2.6749,0.95,22.135,2.3927,3.6601,,398800.0,99700.0
600368.SH,20260515,1.1293,0.6,11.1671,0.8403,4.7382,3.385,622936.043,622936.043
003023.SZ,20260515,3.8789,0.78,62.2001,2.0225,2.7576,1.3128,320975.8552,320301.5968
920476.BJ,20260515,3.2005,2.11,36.3326,3.5002,4.129,0.5203,153919.8986,145698.3793
300165.SZ,20260515,8.5711,0.6,,3.4359,5.7969,,362714.5827,307831.385
002868.SZ,20260515,3.5596,1.31,,81.2446,11.2294,,564781.1517,388847.0995
002527.SZ,20260515,5.2082,2.18,1485.8718,7.3191,2.5187,,910383.1525,726164.0931
002133.SZ,20260515,3.0476,1.15,33.2096,0.8283,0.6815,1.5919,239984.6943,238659.7623
920395.BJ,20260515,0.4904,0.69,41.4084,5.9713,9.3692,,149381.4042,102543.9492
001338.SZ,20260515,1.6118,0.99,31.179,1.6585,1.6111,2.4272,620139.3108,620139.3108
002457.SZ,20260515,9.7867,1.32,31.3906,1.5906,1.5569,1.3087,403852.5148,403590.3926
000510.SZ,20260515,10.0316,1.13,,8.8228,5.443,,909906.6554,851074.38
601231.SH,20260515,2.1148,0.94,48.9611,4.0987,1.6092,0.5313,9477579.8444,9477579.8444
600207.SH,20260515,5.7236,0.92,,3.8981,2.9455,,732018.0363,732018.0363
600226.SH,20260515,4.1908,1.21,82.7852,4.5267,7.7515,,1677551.0103,1677551.0103
688161.SH,20260515,0.4502,0.99,41.5192,2.5838,7.0899,0.9896,1084000.0,1084000.0
301381.SZ,20260515,4.412,0.89,31.4069,3.1239,0.7242,1.1531,874697.3776,423775.0576
000069.SZ,20260515,0.7088,0.76,,0.4941,0.5614,,1687929.1911,1448706.374
601360.SH,20260515,1.4085,0.84,119.0731,2.632,8.6943,1.8215,7685514.5511,7685514.5511
600109.SH,20260515,0.8962,0.85,13.7559,0.909,3.6476,1.3463,3282953.3103,3282953.3103
001203.SZ,20260515,2.2227,0.79,97.1187,8.8499,16.329,0.4548,6495661.8031,5533412.3549
000955.SZ,20260515,2.6597,0.7,2838.1312,3.9213,5.0372,,254122.44,254083.677
600527.SH,20260515,7.0865,0.69,228.5929,2.4133,9.3136,1.7149,500478.9007,500478.9007
002719.SZ,20260515,8.3699,0.73,,13.1094,2.4627,,142968.4942,132897.1542
688772.SH,20260515,2.9621,0.9,41.7156,2.3775,1.1018,1.9648,1712996.9702,1712996.9702
301696.SZ,20260515,37.5074,0.97,118.9755,25.5544,45.9081,,5579339.48,419602.6216
301209.SZ,20260515,1.7693,1.28,246.3797,12.9393,19.5238,0.16,999936.0,854257.824
000008.SZ,20260515,1.9147,0.72,,3.3857,3.4171,,730705.5967,730683.8801
300134.SZ,20260515,1.804,0.97,,2.3934,3.4679,,874947.7268,874947.7268
300883.SZ,20260515,11.3364,1.11,,1.785,2.8389,,251888.0,240731.0906
002102.SZ,20260515,1.0635,0.35,130.259,2.0204,0.9675,,626333.5779,549742.4942
603131.SH,20260515,3.819,0.52,,4.6991,8.4877,0.0492,775897.3277,775897.3277
920570.BJ,20260515,8.3381,1.67,110.5097,4.3674,12.748,0.293,155676.9546,75604.052
000975.SZ,20260515,2.7584,1.69,18.9745,4.6736,3.7225,1.9118,6966796.1629,6341327.2543
002037.SZ,20260515,1.8576,1.02,,3.8631,0.6137,,396784.5241,396784.5241
600289.SH,20260515,0.3298,0.31,,4.5266,5.5931,,407028.5845,365020.1312
300395.SZ,20260515,9.3737,0.86,145.0655,14.6184,31.3175,0.0968,6989508.2678,6845495.4107
601607.SH,20260515,0.3272,1.03,10.6797,0.8026,0.2154,2.4507,6204089.3065,4666344.1559
002458.SZ,20260515,3.2154,1.74,46.5147,2.9566,4.2111,1.2411,1310972.8237,885209.1849
600882.SH,20260515,1.3137,0.73,87.6165,2.1046,1.6236,,978282.8949,978282.8949
001283.SZ,20260515,5.2474,0.83,34.2826,2.0346,1.2086,0.493,724487.2927,578025.9595
000718.SZ,20260515,1.909,1.18,,0.6664,4.5976,3.4826,609961.9132,458647.7842
002141.SZ,20260515,1.7089,0.63,321.6697,4.5566,3.458,,367725.1441,367725.1441
920174.BJ,20260515,3.693,0.85,39.5464,3.3432,5.245,,891912.9118,227296.9104
600500.SH,20260515,4.4912,1.26,,1.9985,0.4393,,2030981.3675,2030981.3675
300542.SZ,20260515,1.4638,0.6,,8.8568,4.267,,472321.7602,391674.6987
000423.SZ,20260515,0.8632,0.88,19.029,3.1182,4.9519,4.8584,3365422.8822,3359535.6312
300015.SZ,20260515,1.0156,0.88,29.2674,4.2813,4.342,2.2611,9866269.6769,8416768.6825
300699.SZ,20260515,2.8625,0.79,49.7655,4.8869,9.6704,1.4542,2836573.024,2802653.9874
600460.SH,20260515,5.1407,1.11,112.2505,4.2226,3.7951,0.1292,5150302.3603,5150302.3603
002389.SZ,20260515,2.1606,0.69,131.8928,2.5835,7.0128,0.282,2095901.2927,2095571.7825
688625.SH,20260515,2.8598,0.82,57.6775,10.6958,16.8781,0.4461,1698654.978,1698654.978
000650.SZ,20260515,0.9722,0.91,21.1161,1.2078,2.1189,2.693,779765.5963,741581.9095
605058.SH,20260515,2.3242,0.78,35.9698,2.9477,3.9136,1.6009,535678.9646,535678.9646
300809.SZ,20260515,15.0108,2.48,51.3815,5.3733,18.8456,0.3094,983225.0176,583908.5365
002279.SZ,20260515,2.9872,0.65,87.3829,4.6926,2.5903,,655277.222,604579.4566
002957.SZ,20260515,10.8439,1.35,64.099,5.7755,7.0412,0.3714,1911760.1852,1905825.2694
301067.SZ,20260515,3.3455,0.83,,3.8282,4.2954,0.1636,294527.844,193337.7381
000917.SZ,20260515,2.355,0.92,278.3413,1.1364,2.6041,0.2424,1169483.9789,1169403.9745
600604.SH,20260515,0.7289,0.75,,1.4736,9.141,0.2114,886073.1723,665726.1223
688267.SH,20260515,2.3228,0.88,30.242,2.0714,6.7312,1.9007,592032.0,592032.0
301150.SZ,20260515,4.8836,0.71,122.6342,4.6593,2.6616,,1709368.0796,1631336.2166
600685.SH,20260515,2.3002,0.87,35.5823,2.3805,1.9215,0.4884,4340878.0868,2522627.4409
688132.SH,20260515,0.8976,0.9,,2.2447,21.0749,,265176.3054,265176.3054
688259.SH,20260515,3.082,1.19,56.7857,2.793,12.7835,0.617,440544.8,440544.8
301316.SZ,20260515,11.1556,1.18,233.9602,21.379,10.0658,0.1364,2369864.0,1424420.2666
601116.SH,20260515,3.1581,0.9,40.1823,2.1213,1.8128,1.542,710338.8848,710338.8848
605016.SH,20260515,1.3093,0.98,28.0718,5.4971,7.8481,0.7622,1144533.572,1144533.572
600148.SH,20260515,1.2304,0.84,163.0294,5.5891,3.3108,,269022.7715,269022.7715
002352.SZ,20260515,0.4526,0.9,15.8355,1.8,0.5781,2.5101,18066358.0163,17100492.9447
688312.SH,20260515,6.7867,1.23,92.5058,8.1501,20.512,0.5701,1261748.7936,1261748.7936
300577.SZ,20260515,1.5846,0.65,14.0559,2.2115,0.9851,1.7088,484229.3827,287030.713
000912.SZ,20260515,2.0375,0.9,,1.0727,1.6925,,680512.0,680512.0
600094.SH,20260515,1.1401,0.9,74.2868,1.0429,5.5403,,1071801.9707,980192.007
002778.SZ,20260515,1.9001,0.77,167.7518,7.6157,12.3593,,244391.7147,241796.9017
300894.SZ,20260515,1.3056,0.98,,4.2966,5.4646,,416439.1474,301423.0774
000011.SZ,20260515,1.097,0.6,2754.8841,1.3456,1.8517,,452944.1099,400121.4127
600941.SH,20260515,1.7212,1.43,15.6321,1.4921,2.0163,4.8934,212293293.1241,8844416.793
002918.SZ,20260515,22.2572,2.26,81.3819,2.3575,1.9675,1.0735,761606.5635,399038.9135
002592.SZ,20260515,1.3526,0.81,22.8033,2.2168,2.8191,2.6385,214765.017,199125.2629
002396.SZ,20260515,6.2118,0.69,45.3225,2.6083,0.9353,0.7999,1830882.8763,1823334.149
300304.SZ,20260515,2.3399,1.19,25.1587,3.2497,4.6804,0.237,1106461.0847,1076689.5728
300935.SZ,20260515,3.4066,1.14,,3.5423,21.0717,,260373.769,197530.5754
920932.BJ,20260515,2.1082,0.9,,2.6091,4.8848,0.1459,157288.0726,129612.027
301107.SZ,20260515,4.1623,1.6,45.6071,2.9322,4.0319,1.7979,282447.871,163305.743
300877.SZ,20260515,2.0421,0.59,43.8801,2.2439,3.3382,0.3078,378000.0,377996.6925
600822.SH,20260515,0.8429,1.0,168.321,3.8371,3.0382,,476133.9974,380301.9917
000637.SZ,20260515,3.1306,1.34,,5.0838,0.7714,,243301.6666,170627.7947
688513.SH,20260515,1.4202,0.96,37.3273,3.4274,7.5731,0.7305,1023887.0848,1023887.0848
688556.SH,20260515,10.5721,1.52,,3.1469,3.2626,0.8032,1225391.5527,1225391.5527
603277.SH,20260515,0.2728,0.64,24.3137,2.7998,2.9117,5.3496,798422.7958,793279.5785
001965.SZ,20260515,0.2279,1.36,14.588,0.9635,4.7854,4.1994,6754324.422,6754324.422
600120.SH,20260515,1.87,0.97,18.9562,1.07,,2.2689,1755506.0869,1755506.0869
688175.SH,20260515,1.4887,1.11,,2.5205,17.6487,0.2964,436315.558,436315.558
603098.SH,20260515,1.2499,0.97,77.818,2.4646,2.4918,0.3831,704308.4713,703133.9713
600603.SH,20260515,1.0433,0.76,37.5638,0.906,2.596,,659703.8833,659703.8833
000925.SZ,20260515,19.0825,0.88,,2.0144,2.6845,,648638.6938,645641.2914
688326.SH,20260515,2.4402,1.11,256.4384,2.7702,1.6377,,1095780.6106,1019792.4879
300381.SZ,20260515,2.6935,0.66,,1.4545,4.2574,1.3387,358689.8742,357404.521
002748.SZ,20260515,2.0987,0.93,40.9109,2.0591,1.4407,0.4078,294240.0,294240.0
300918.SZ,20260515,2.7471,1.24,62.783,1.9691,3.8167,0.2624,763250.7159,763250.7159
002395.SZ,20260515,4.4897,1.49,34.6045,3.6607,2.1817,0.7079,568334.871,568285.617
300843.SZ,20260515,4.95,0.91,131.9952,9.5453,8.1995,0.2421,1555046.5142,1524607.9756
300684.SZ,20260515,6.6693,0.87,52.6297,8.0597,9.5891,1.0774,1797953.8657,1226431.1011
603667.SH,20260515,21.8816,1.7,383.549,8.1062,10.186,0.1359,3234951.6774,3091849.9871
688779.SH,20260515,2.0908,1.0,50.9758,2.6794,1.7384,,1902210.5256,1902210.5256
300267.SZ,20260515,8.1623,0.89,,2.3333,8.857,,938485.2159,647182.0314
300553.SZ,20260515,6.7769,0.81,412.4938,8.3175,23.2698,,706327.6135,540104.2167
601933.SH,20260515,1.1555,1.01,,15.5196,0.6724,,3321463.5394,3321463.5394
920942.BJ,20260515,2.3586,0.84,124.4525,3.0227,8.9896,0.6034,152459.1706,102957.7248
601658.SH,20260515,0.2256,1.55,6.7916,0.5781,1.6464,2.4748,59687241.5855,36046316.9007
002819.SZ,20260515,2.0252,0.98,,2.1567,2.6131,0.0846,845499.7022,667682.2821
688718.SH,20260515,1.7754,0.55,64.1427,3.9996,7.6417,0.6214,322661.9004,322661.9004
603306.SH,20260515,5.3895,0.95,248.0443,11.0389,14.3146,0.0807,3548005.8857,3548005.8857
002424.SZ,20260515,1.0932,1.23,,2.1422,2.326,,682028.0192,592048.6819
603328.SH,20260515,3.1587,0.87,30.9005,2.7636,2.9794,1.6528,1196134.248,1196134.248
603989.SH,20260515,2.0831,0.82,30.4067,2.0181,1.9844,0.75,797559.72,797559.72
603194.SH,20260515,1.1442,0.76,17.2266,2.6506,1.9631,2.4123,1462848.0,576482.1786
600884.SH,20260515,5.4329,0.72,45.5049,1.5278,1.5519,,3439352.2675,2805882.8016
688325.SH,20260515,2.5442,0.94,104.1239,5.4527,19.1877,0.8695,967771.8335,934588.2723
002237.SZ,20260515,3.0975,1.27,32.813,1.6163,0.1724,0.7433,2177844.9314,1815958.2002
300113.SZ,20260515,10.5148,0.86,43.2924,7.2946,12.6715,0.33,1838444.9062,1388098.3608
601808.SH,20260515,0.5966,1.0,17.6575,1.4161,1.3249,1.6355,6727944.72,4174259.88
603488.SH,20260515,5.3266,0.58,,4.4333,6.4319,0.2551,343380.7574,343380.7574
603006.SH,20260515,1.6314,1.29,34.4125,2.6286,3.8594,5.4054,357481.4755,357481.4755
600797.SH,20260515,2.3226,0.65,,2.7904,2.7139,,923746.2066,923746.2066
300041.SZ,20260515,5.5772,1.5,31.1248,2.2906,1.5321,1.2097,693699.0764,674668.1156
300678.SZ,20260515,1.9399,0.69,536.9813,9.8352,12.0261,0.1751,846479.2528,831659.1175
688180.SH,20260515,1.7018,0.7,,6.7128,14.5291,,3957889.4527,2954449.5292
920242.BJ,20260515,1.1762,0.78,19.8856,2.4361,2.1105,1.5648,168276.342,95070.1829
688251.SH,20260515,3.2212,0.97,198.2858,3.4918,2.7805,0.4365,294463.4151,292416.9298
603127.SH,20260515,10.3203,1.94,60.4833,3.4995,17.7559,0.0747,2994395.4871,2518890.6439
301138.SZ,20260515,1.7746,0.86,41.7135,3.4235,5.8486,1.8282,393840.0,225014.3795
603323.SH,20260515,1.258,1.22,4.6811,0.4993,2.2877,5.2951,966881.3483,966881.3483
300528.SZ,20260515,2.0726,0.65,,14.7478,8.4301,,565991.634,565991.634
000691.SZ,20260515,2.9599,1.28,,9.3187,7.3726,,423806.97,282537.98
002551.SZ,20260515,1.9382,0.87,,1.171,2.749,0.233,290004.6403,209635.5395
301361.SZ,20260515,17.5264,0.89,47.5807,3.7498,15.3285,0.4184,467089.04,122232.66
000096.SZ,20260515,1.2718,1.06,42.3725,1.7301,3.4142,0.8306,476784.0,461295.744
300698.SZ,20260515,3.1454,0.73,105.0942,9.4433,6.806,,505448.0,447155.297
688602.SH,20260515,2.9933,1.0,,1.4716,5.9058,,399399.375,199629.4478
600712.SH,20260515,1.3987,0.69,,4.4112,7.0756,,334418.391,330730.0998
300167.SZ,20260515,2.9216,1.03,,39.2119,4.5043,,234792.522,213513.255
600773.SH,20260515,3.535,0.7,,4.7161,44.5448,0.0476,1999284.0034,1999284.0034
920790.BJ,20260515,1.3429,0.61,,6.0729,9.6127,1.2579,188336.3427,129636.5748
605398.SH,20260515,1.0468,0.79,314.2387,4.1752,7.9121,0.0554,433801.8664,433801.8664
603855.SH,20260515,1.5409,1.13,18.4867,2.8651,2.0772,5.2441,643633.477,639860.4775
002824.SZ,20260515,4.372,0.45,47.9656,3.4408,1.8748,0.5908,803152.5809,583760.5915
603278.SH,20260515,22.3414,0.87,,2.9936,1.1705,,579623.9288,579623.9288
300246.SZ,20260515,4.7948,0.71,,4.6832,4.6218,0.2595,504074.7672,402577.8817
300314.SZ,20260515,2.1489,0.93,42.9068,2.6169,5.5432,0.722,319104.0,159265.5244
688569.SH,20260515,0.4177,0.84,25.6058,1.4453,3.2182,1.7199,428706.7345,428706.7345
603325.SH,20260515,2.4847,1.09,14.2149,1.7379,3.6943,2.0356,481464.072,205714.4976
600805.SH,20260515,1.555,1.02,119.1065,0.9987,1.6374,1.5968,426298.1415,425987.9594
688246.SH,20260515,3.7608,1.06,,2.5459,8.471,,328416.8224,328416.8224
603766.SH,20260515,0.925,1.08,18.4566,3.0826,1.5652,4.1408,2975582.1407,2975582.1407
603408.SH,20260515,0.5049,1.15,12.3948,1.4556,0.9652,6.0526,510233.22,510233.22
601628.SH,20260515,0.1463,0.65,6.9031,1.6706,1.6691,1.9457,99943996.88,73632002.08
301042.SZ,20260515,1.5348,0.76,225.1635,6.5447,12.8888,,704138.4041,666744.3319
002350.SZ,20260515,4.4136,0.55,442.594,4.9588,3.9742,0.1728,888338.7529,869041.0163
600505.SH,20260515,3.219,0.8,355.7564,3.9693,3.2502,0.1499,486333.045,486333.045
688172.SH,20260515,4.4258,1.46,,4.0389,36.5817,,7337957.0186,3999850.2629
688449.SH,20260515,5.76,0.76,171.3748,15.6324,20.9041,,3013000.0,1920487.0843
300750.SZ,20260515,0.6978,0.87,24.8148,5.4438,4.1864,1.8667,195978235.8976,180321338.9908
920056.BJ,20260515,3.9912,1.08,32.3371,3.4017,3.1296,,187400.7598,70755.863
300315.SZ,20260515,2.2455,0.76,,2.8345,18.203,,1326729.3915,1245325.1838
600099.SH,20260515,2.8154,1.15,95.2207,4.3587,2.0244,0.2737,240155.52,240155.52
920819.BJ,20260515,0.6857,1.65,,0.8534,0.7409,,405739.8,401047.875
688466.SH,20260515,1.0156,0.65,77.9598,1.9292,4.6661,,222564.8649,222564.8649
603815.SH,20260515,2.5543,0.62,,2.7672,1.1797,0.9135,435722.6614,435722.6614
300443.SZ,20260515,5.4014,0.91,27.0809,1.3986,3.4713,0.7226,884852.0289,671027.4604
603938.SH,20260515,10.9246,1.23,167.712,6.0836,6.8692,0.0419,1545420.3434,1545420.3434
688208.SH,20260515,3.0399,0.84,27.6414,7.3081,5.108,2.783,2573505.6307,2573505.6307
300422.SZ,20260515,4.2999,0.78,,4.7267,1.3442,,313387.7883,303295.876
300127.SZ,20260515,3.7022,1.12,54.1372,6.6301,11.3253,1.0876,1039884.9865,742766.3385
002653.SZ,20260515,0.7305,0.64,76.8616,12.9796,11.6601,0.5068,5899727.866,2827789.3486
600169.SH,20260515,0.315,0.86,32.5547,1.5007,0.7505,,783222.1418,779955.111
002692.SZ,20260515,3.2591,0.92,,3.4634,0.8593,,395698.446,395471.4478
000688.SZ,20260515,2.718,0.9,58.5092,16.8152,8.0143,0.3219,4786488.4645,4786471.0161
688066.SH,20260515,3.1349,0.51,,,10.128,,345671.265,345671.265
688628.SH,20260515,6.1228,1.49,56.7772,7.1542,7.3408,1.5095,957736.4616,957736.4616
603696.SH,20260515,1.927,0.9,106.8377,6.1194,5.9232,0.598,353976.0,353976.0
300429.SZ,20260515,12.5498,1.9,,4.9236,8.0682,,824879.6712,614266.0891
301556.SZ,20260515,6.4115,1.11,65.9384,7.154,14.1399,0.9893,708165.12,244801.92
688818.SH,20260515,16.3077,0.62,364.4966,24.9823,38.9288,,13641800.2321,1036856.3265
000425.SZ,20260515,1.0001,0.53,18.1,1.9177,1.152,1.72,11957145.8684,9160225.8176
600325.SH,20260515,2.4179,0.92,,1.0622,0.1321,3.732,910962.3504,910962.3504
605376.SH,20260515,3.5775,0.81,132.4433,18.2791,24.5306,0.122,3217680.0,3217680.0
600996.SH,20260515,1.959,0.85,,6.5716,8.3835,,1031103.4793,1031103.4793
600132.SH,20260515,0.6776,0.74,21.2214,13.8799,1.7246,4.1953,2537944.9623,2537944.9623
002096.SZ,20260515,0.527,0.9,18.1613,1.6428,1.3808,2.1375,1334714.2685,1334711.9992
600845.SH,20260515,1.2353,0.89,53.5017,6.1727,5.9969,0.9939,6642982.1478,4938201.31
000153.SZ,20260515,1.2401,0.64,29.2784,1.3201,0.7676,1.6132,288105.0236,284498.4681
002086.SZ,20260515,2.1007,0.61,,2.9042,10.2533,,368281.942,297281.6058
300020.SZ,20260515,1.9135,0.66,,2.0781,16.7472,,277342.6129,267537.6446
605567.SH,20260515,2.0191,0.99,58.2368,1.9369,0.8013,0.9294,215200.0,215200.0
000506.SZ,20260515,3.896,1.05,38.3979,15.0884,22.067,,1341501.6469,1341052.8517
603527.SH,20260515,4.9835,0.83,139.1809,1.9305,0.3239,1.2384,409526.7904,409526.7904
688655.SH,20260515,9.1542,0.59,,13.33,11.1662,,869836.19,869836.19
600988.SH,20260515,3.8732,1.1,19.9408,5.006,5.1888,0.4251,7153147.674,6262962.4268
605222.SH,20260515,3.8446,0.7,79.864,3.3283,0.6913,0.1054,1566555.2226,1566555.2226
688536.SH,20260515,5.7905,0.98,155.7116,6.4335,16.8932,,4092557.3161,4020635.7376
000505.SZ,20260515,3.3304,0.91,,1.6813,0.6501,0.2711,482694.9667,419900.5431
688203.SH,20260515,1.7121,0.63,269.7246,1.9527,3.1515,0.4196,288005.5346,288005.5346
300722.SZ,20260515,1.1337,0.8,91.5318,11.1097,16.7492,0.6642,750010.0608,750010.0608
688981.SH,20260515,6.642,1.62,189.0228,6.3664,13.8948,,95372749.1139,23798793.4582
300584.SZ,20260515,3.0963,0.66,104.334,4.3254,6.7236,0.2591,463080.0,316862.2816
003040.SZ,20260515,1.527,1.17,,4.6223,7.365,0.2079,665419.2076,659234.9223
688032.SH,20260515,1.9962,1.11,,2.4126,5.2943,2.8784,1368531.2014,1368531.2014
605128.SH,20260515,4.2404,2.25,36.6059,3.3574,3.0231,0.7424,736240.6678,736240.6678
000983.SZ,20260515,1.1563,1.14,28.4365,1.0199,1.0206,3.8496,3775272.2042,3775249.0456
688338.SH,20260515,1.0969,0.68,34.856,1.7494,11.7301,1.1475,299003.1408,299003.1408
002638.SZ,20260515,3.9989,0.79,,3.3667,18.1902,,636411.2966,599237.244
301195.SZ,20260515,1.2357,1.09,30.429,1.6762,4.4853,2.074,413906.8786,274819.921
002081.SZ,20260515,20.6431,0.95,51.3778,1.4961,1.2533,1.2739,2084429.0959,2075731.0407
300423.SZ,20260515,3.2843,0.81,,3.2935,5.4154,,379103.603,253890.4737
603102.SH,20260515,0.8119,0.7,20.9614,1.5214,2.6782,1.8244,256000.0,256000.0
300359.SZ,20260515,1.7655,1.09,,5.6707,10.1192,,290700.0407,290685.4789
002452.SZ,20260515,5.6163,0.79,18.3148,2.4153,4.131,1.0185,669958.6518,556466.0256
688088.SH,20260515,2.0515,0.95,65.2828,6.1902,18.237,1.0977,1715805.8008,1715805.8008
002853.SZ,20260515,2.3976,0.77,,5.4779,9.3157,,487288.0855,342869.6272
920086.BJ,20260515,7.1699,0.57,29.5663,3.0411,9.6666,,267273.92,85421.933
002044.SZ,20260515,7.6657,0.97,79.7897,3.0897,2.3933,0.2167,2438580.194,2413643.8116
000151.SZ,20260515,3.1571,1.13,10.2267,4.721,3.2385,,413367.6049,362747.0707
000929.SZ,20260515,1.4888,0.56,,6.0611,5.427,,211401.708,211388.3058
920130.BJ,20260515,1.5186,0.66,,3.7477,5.0179,,174893.1755,107290.1256
002191.SZ,20260515,2.6745,1.49,,0.9282,1.7212,,577807.9759,573324.937
600582.SH,20260515,0.5646,0.88,15.7987,0.8754,0.8014,5.7532,2280362.4795,2280362.4795
300845.SZ,20260515,7.7993,0.61,95.0907,3.8325,8.6248,1.6036,315042.1652,220273.8662
603565.SH,20260515,0.8098,1.23,11.2678,2.0363,2.1007,4.0452,2232367.0785,2232367.0785
002076.SZ,20260515,3.3166,0.82,,8.7799,6.0376,,267299.0023,251187.1199
688409.SH,20260515,4.1077,1.3,695.0431,10.9962,12.9935,0.0919,4968882.181,4968882.181
688503.SH,20260515,5.8373,1.0,43.5349,5.0854,1.5671,0.3707,2697464.9512,2239251.2267
002270.SZ,20260515,2.7851,0.77,30.7676,7.3574,8.8175,2.5325,2158110.8378,2158076.2542
920124.BJ,20260515,8.0765,1.8,28.0989,2.3191,2.2995,,250466.9025,128878.8928
301112.SZ,20260515,2.5602,1.8,,3.7266,10.8863,0.2657,415043.4824,415043.4824
301109.SZ,20260515,2.3458,0.88,15.9907,1.6917,4.4862,4.12,1220739.0026,356308.711
002908.SZ,20260515,2.3767,1.33,,3.1922,6.7219,0.6088,350322.8555,261329.7212
300195.SZ,20260515,3.1896,1.02,,1.0612,1.8052,,283460.4888,209975.7057
603165.SH,20260515,3.4027,0.68,25.5807,2.1788,2.5679,4.3318,585773.4198,585773.4198
300085.SZ,20260515,7.4387,1.06,,66.2877,36.0647,,2782043.7863,2566974.6298
688112.SH,20260515,4.7905,1.63,77.2021,6.5936,17.1278,0.7499,1082705.2543,1082705.2543
300806.SZ,20260515,7.334,1.02,574.7201,16.2317,12.2166,0.0119,3789592.2051,2645220.0619
605399.SH,20260515,8.0892,5.6,,2.3334,3.9837,0.6498,480483.9998,479440.5578
600388.SH,20260515,1.2512,1.0,20.4279,2.1325,1.9484,,2392767.216,2392767.216
300364.SZ,20260515,8.5934,0.84,,80.5126,11.7232,,2032515.3292,1842587.0697
301626.SZ,20260515,4.015,0.87,286.2312,19.9779,28.5606,0.2007,3227472.0,1468070.0442
000592.SZ,20260515,12.8222,0.77,,11.7193,16.3949,,2076664.4589,2058724.3827
600061.SH,20260515,0.6648,1.01,12.3504,0.7502,,1.9538,4156090.6699,4156090.6699
688252.SH,20260515,2.4471,1.16,46.4832,3.9495,4.4737,0.3012,971425.6849,971425.6849
002467.SZ,20260515,3.5984,0.59,,5.9298,11.3403,,927000.6424,921229.0672
300164.SZ,20260515,9.011,0.83,316.3477,5.2701,6.5503,,725569.4896,719098.8893
601236.SH,20260515,0.2997,0.85,30.531,1.3298,14.7129,0.6932,3400803.962,3400803.962
300487.SZ,20260515,1.5397,1.14,34.7588,6.9149,10.9345,1.2846,3079251.6008,1862900.2123
605011.SH,20260515,2.2867,0.71,47.0278,3.6181,2.6748,0.9843,894223.5,894223.5
301291.SZ,20260515,6.1967,0.62,32.3496,3.164,2.4664,1.5229,1619537.6524,840022.6322
600345.SH,20260515,10.1367,0.94,72.3736,4.768,17.7677,0.0998,1815833.2352,1165480.1672
000931.SZ,20260515,1.2432,1.01,213.0169,2.0884,1.4708,,338154.0149,337212.2599
000938.SZ,20260515,9.577,1.16,42.9506,5.8777,0.878,0.235,9126514.8779,9126491.9027
001231.SZ,20260515,4.1841,1.3,37.0767,2.4485,3.2441,0.5973,250549.58,128164.5838
600887.SH,20260515,0.768,0.73,14.4504,2.9308,1.4871,6.1572,17464320.8016,17377539.9597
002354.SZ,20260515,6.298,0.73,,7.7483,4.9813,,1065553.2681,1046946.7937
300307.SZ,20260515,1.5081,1.0,51.3918,1.7533,2.9225,0.2782,575598.1649,565780.693
300637.SZ,20260515,2.8796,1.14,1320.0986,3.7214,2.928,,260807.3944,260515.9947
001311.SZ,20260515,2.9113,0.9,42.7794,1.8861,2.0004,1.8058,886193.6392,388869.7094
300762.SZ,20260515,5.2457,0.61,,11.7783,63.6451,,2677018.086,2677018.086
000625.SZ,20260515,1.2297,1.15,28.6126,1.1389,0.5409,3.8901,8792763.6873,7332929.1565
301136.SZ,20260515,1.5925,0.73,3328.9723,2.9366,7.4651,,424916.2421,424441.4621
002681.SZ,20260515,3.4002,1.21,,4.6318,3.9277,,987058.7276,863095.6499
301234.SZ,20260515,3.0904,0.7,127.0681,3.5208,5.9535,0.7534,270776.0,159959.381
000922.SZ,20260515,2.9496,0.6,39.1975,2.335,2.1975,0.7045,1095296.6027,925807.0207
688585.SH,20260515,2.0317,1.37,,42.6137,30.0278,0.0226,5542190.1427,5542190.1427
688226.SH,20260515,6.502,1.04,482.5071,6.7904,2.8655,0.2453,1162857.2032,1162857.2032
600256.SH,20260515,3.7828,1.62,46.0796,1.6759,1.4406,9.7188,4090881.897,4090881.897
600030.SH,20260515,1.086,0.91,11.572,1.3397,4.8664,2.1632,39052140.8944,32085211.8165
603057.SH,20260515,0.784,0.81,38.0155,5.423,3.4244,1.8627,1156484.0,1156484.0
000828.SZ,20260515,0.4536,0.66,12.0224,1.0204,6.9329,1.4591,1068623.4678,1068623.4678
002183.SZ,20260515,10.2931,0.81,,2.0546,0.2857,0.1395,1862055.5182,1862044.7632
002617.SZ,20260515,26.6481,3.09,96.6549,2.7744,4.7408,,1786986.82,1757454.016
301089.SZ,20260515,3.5086,0.4,,2.3097,9.1121,,340657.794,243545.4096
300688.SZ,20260515,3.2013,0.71,,12.0305,34.6737,,441044.8876,390977.2368
688682.SH,20260515,1.9681,0.97,,7.3996,14.7427,0.3182,457256.6386,457256.6386
688167.SH,20260515,7.6153,0.84,,20.6532,50.428,,4618509.955,4618509.955
688689.SH,20260515,5.2885,1.67,60.6357,4.4231,5.0849,0.5237,558540.5944,558540.5944
300644.SZ,20260515,5.0452,1.82,25.1922,2.9744,1.1254,0.842,321829.0056,257667.8532
300222.SZ,20260515,6.9616,1.06,115.2707,5.7684,3.3416,0.3106,1002426.2294,816338.9196
920184.BJ,20260515,1.5647,0.63,93.2093,3.1746,7.9759,,200246.7006,134945.4565
600533.SH,20260515,1.8029,0.94,,1.9162,0.5004,,254100.0,254100.0
002736.SZ,20260515,0.4112,1.08,9.7711,1.0569,4.4572,4.14,10600204.0671,9948864.4052
688220.SH,20260515,3.5018,0.89,,8.3131,11.2035,,4522669.2119,3991134.4576
920418.BJ,20260515,3.2207,1.33,29.1425,4.4668,5.81,1.1154,424910.304,410342.0135
300337.SZ,20260515,3.7821,0.57,129.0381,6.298,1.6094,0.0738,1113738.3964,963960.8075
002548.SZ,20260515,3.7639,0.85,,3.7656,0.8058,,394210.6612,382928.4302
301131.SZ,20260515,4.7061,1.32,90.6421,2.1416,1.4581,1.2281,237344.2841,170010.4759
000605.SZ,20260515,1.8976,1.38,268.2783,1.1381,1.2308,0.289,244039.7512,244039.7512
000913.SZ,20260515,1.0505,1.02,7.9439,1.2694,1.3255,7.0064,676438.135,668331.9374
601233.SH,20260515,1.7717,0.97,14.6489,1.209,0.497,0.4902,4862679.0456,4853830.0177
920357.BJ,20260515,3.3702,0.73,27.4717,4.827,3.1321,1.9562,204684.48,113779.3176
000967.SZ,20260515,6.5798,0.65,74.3063,2.4317,2.9728,1.3807,4335145.5777,4333135.3533
600062.SH,20260515,0.5505,0.89,11.2349,1.5065,1.7018,2.6798,1825828.0543,1825200.2321
601111.SH,20260515,1.2897,1.38,59.1651,2.6735,0.6682,,11760235.754,7844085.7855
601216.SH,20260515,1.206,1.24,15.552,1.577,1.8742,2.6882,4708413.7036,4708413.7036
002175.SZ,20260515,7.8095,1.09,,4.8997,11.6588,,379203.8759,379203.8759
688576.SH,20260515,2.093,0.73,72.1281,1.9824,9.8927,1.3129,344207.9539,164858.288
301040.SZ,20260515,4.0389,0.69,,4.6518,4.7157,,326003.41,307627.0964
605186.SH,20260515,8.2215,0.91,113.2842,3.1506,10.1202,,348568.0,348568.0
688603.SH,20260515,19.9241,1.02,178.6988,14.268,33.9459,0.143,1744896.0908,663428.2819
688321.SH,20260515,3.5386,0.94,135.9631,5.493,13.3124,0.1918,1337682.6867,1231580.616
605368.SH,20260515,0.6739,1.35,22.9118,1.627,1.391,5.291,540264.7517,540264.7517
688359.SH,20260515,4.4224,0.88,,19.2301,24.6535,,1208257.8547,1208257.8547
603058.SH,20260515,1.8981,0.73,148.8903,3.9393,5.562,1.036,466108.868,464927.9487
002922.SZ,20260515,7.5005,1.02,79.0128,4.7234,3.2861,0.2343,1792788.6154,1588752.2706
603786.SH,20260515,1.0926,1.48,29.128,3.9122,3.183,1.1632,2256751.2396,2256751.2396
301585.SZ,20260515,1.6208,0.62,42.045,2.9762,5.9919,1.0706,298896.0,195745.0677
920271.BJ,20260515,0.9206,0.79,18.4479,2.578,4.5433,1.6247,161043.113,71263.1206
003003.SZ,20260515,3.229,1.05,40.1817,1.8184,2.3326,1.457,239455.6,159614.0204
300424.SZ,20260515,5.4091,0.74,,6.6991,2.4446,,472464.1672,472184.4916
002533.SZ,20260515,3.3874,1.18,17.2042,2.2662,0.4824,1.7764,1023847.7815,889515.379
000761.SZ,20260515,0.3964,1.04,,1.8447,0.2459,,1092791.973,986391.973
300712.SZ,20260515,1.6912,1.0,680.5225,3.7,2.9506,0.1943,473741.2844,471704.1917
688692.SH,20260515,2.2117,0.59,52.3743,7.6804,20.4656,0.2276,2984666.68,1927662.6841
000935.SZ,20260515,1.1888,0.64,103.8876,3.1907,21.7665,,2498740.2099,2498740.2099
002150.SZ,20260515,9.1112,2.13,38.5676,4.9577,2.6311,0.3387,1072502.0825,1065595.6746
301191.SZ,20260515,10.5009,0.83,145.8884,6.2886,5.4534,0.6434,1070640.48,805943.0335
688439.SH,20260515,1.6862,1.11,74.5787,2.0295,14.1481,0.3202,1018200.0,1018200.0
000915.SZ,20260515,1.0145,0.7,14.3438,2.2365,3.2828,8.8152,664564.0915,664141.3857
600243.SH,20260515,2.4515,0.74,,3.5487,5.4702,,195727.1,195727.1
605580.SH,20260515,1.9466,0.78,37.6794,5.6268,5.4413,1.159,603960.0,603960.0
688084.SH,20260515,2.238,0.83,,3.1701,15.0714,,486109.4991,486109.4991
603235.SH,20260515,0.0969,0.8,21.5516,2.2133,4.737,2.6404,1120716.8,1120716.8
603987.SH,20260515,1.2978,1.01,14.8018,1.2151,1.5126,1.8939,345938.377,345938.377
688708.SH,20260515,2.0861,1.41,49.1416,6.1404,19.3214,0.1844,2169654.24,771706.9224
603379.SH,20260515,3.8405,2.97,17.609,4.4252,6.3206,1.2278,3814883.5022,3814883.5022
000762.SZ,20260515,6.1603,0.68,7811.0038,5.8784,35.9937,0.1507,1729640.696,1729578.8524
002724.SZ,20260515,1.3886,0.72,59.2423,1.6182,2.6394,0.8621,445154.3425,327606.2339
300163.SZ,20260515,4.1527,0.8,62.5839,3.9001,10.8046,,214248.0,206381.5014
300205.SZ,20260515,0.8894,0.78,,5.8839,17.468,,244701.864,244701.864
002828.SZ,20260515,5.0597,1.06,,3.429,2.3556,0.448,224302.1616,224302.1616
002362.SZ,20260515,1.9688,0.95,,4.9292,2.3387,,447352.0022,379896.8956
001216.SZ,20260515,1.3955,0.86,23.5367,1.9575,3.5378,2.0016,503336.1747,423333.7151
600703.SH,20260515,9.3386,1.31,,2.3101,4.8732,0.1167,8062254.2628,8062254.2628
002441.SZ,20260515,2.0892,1.07,30.0488,1.2226,0.5108,4.902,555434.4812,406525.2116
002607.SZ,20260515,2.2511,0.79,281.9162,19.7004,7.008,,1585021.643,1424664.1345
600598.SH,20260515,1.8421,1.56,23.3752,3.2919,5.3093,3.4613,2824733.3754,2824733.3754
600281.SH,20260515,1.5885,1.08,,49.2813,5.7403,,277262.6915,277262.6915
600008.SH,20260515,1.255,1.08,12.5432,1.068,1.2002,6.8182,2260901.9285,2260901.9285
000819.SZ,20260515,3.433,1.13,,2.8723,1.5992,0.6191,597119.2817,590700.2065
002661.SZ,20260515,1.3042,0.8,69.955,1.236,0.6449,1.6108,282833.943,269734.772
300107.SZ,20260515,12.7765,3.84,,2.9176,8.6303,0.2088,431091.2173,266095.5281
000001.SZ,20260515,0.5023,1.07,4.9529,0.4596,1.6034,5.4414,21327104.0996,21326755.1176
002130.SZ,20260515,3.7764,0.76,27.9911,3.4406,3.609,0.6026,3148346.6771,2579495.6192
603789.SH,20260515,1.4598,0.8,,15.1799,3.5891,,158863.5454,155740.0
002078.SZ,20260515,0.8772,1.02,11.6962,1.225,0.9716,2.9218,3825718.5779,3802198.2941
002361.SZ,20260515,21.828,0.71,,8.2073,7.5244,0.2644,1798407.1264,1529854.9082
688403.SH,20260515,7.0493,0.96,188.8338,4.2838,10.5168,0.4101,1913501.6082,1913501.6082
601939.SH,20260515,1.1261,1.4,7.5148,0.7242,3.2841,1.8921,256891574.5927,9420971.7691
603727.SH,20260515,1.2798,1.05,,1.5337,2.9445,1.1665,475542.1396,475542.1396
002066.SZ,20260515,11.0656,1.58,,9.839,1.6466,0.566,612167.642,601986.0
688313.SH,20260515,7.2885,1.04,200.8269,47.8565,34.9718,0.0342,7936879.9197,7936879.9197
688336.SH,20260515,0.7491,0.6,13.8352,4.774,9.5277,0.1844,4115219.937,4106559.8098
301658.SZ,20260515,15.8814,1.62,243.4751,5.3023,6.5593,0.3073,1690721.6535,399408.3921
300871.SZ,20260515,3.1578,0.95,16.9766,2.1561,2.793,0.856,486098.516,486098.516
920407.BJ,20260515,1.9906,0.94,81.3055,5.5295,5.39,0.4334,151556.6,61700.5886
300500.SZ,20260515,2.5314,0.76,,2.1044,2.1907,1.2448,209639.7171,201955.5358
603125.SH,20260515,2.4334,1.32,50.6512,4.0859,8.7672,0.4052,1033547.2654,1033547.2654
688300.SH,20260515,4.6665,0.92,98.0326,16.6207,25.224,0.3145,2953168.1937,2953168.1937
603072.SH,20260515,2.9423,1.0,58.5033,4.5432,4.1972,,1012985.24,483839.59
300664.SZ,20260515,2.6592,1.1,37.9206,0.9453,2.393,1.7654,412915.9573,410851.8725
003006.SZ,20260515,2.3283,1.6,31.7372,4.4527,1.9751,,701614.8411,699859.6518
300066.SZ,20260515,6.549,2.4,47.8064,2.5598,5.5248,0.4637,672901.5205,645770.2568
002691.SZ,20260515,4.8609,1.13,,2.3343,6.7305,,190060.0,187812.5014
600968.SH,20260515,0.4951,1.0,10.7662,1.4019,0.8451,3.2452,4228683.3468,4228683.3468
001277.SZ,20260515,2.1362,1.12,31.1707,1.7837,2.4651,,280288.0,167986.5154
000831.SZ,20260515,5.9793,1.49,248.6287,11.9869,18.1065,,5930101.8695,5930101.8695
603917.SH,20260515,2.1863,0.93,121.8507,1.4935,3.3216,1.2195,250723.2,250723.2
002788.SZ,20260515,6.833,0.62,18.495,1.5209,0.2396,2.6495,513230.6083,504392.9822
000848.SZ,20260515,1.3333,0.94,13.7991,2.4544,2.751,3.4568,910860.0661,902951.6581
600168.SH,20260515,0.6509,0.95,47.5717,0.9039,1.2456,0.5477,489745.0015,489745.0015
601568.SH,20260515,0.7644,1.32,369.1967,1.3304,1.732,2.6247,1513416.6673,1513416.6673
601086.SH,20260515,3.0109,0.85,58.9584,3.4982,6.8661,0.9266,570096.0,570096.0
002189.SZ,20260515,1.5517,0.45,,14.3035,3.9528,,597623.9366,597533.8992
688613.SH,20260515,1.5758,0.9,189.6696,1.8772,11.7194,,269495.8847,269495.8847
300933.SZ,20260515,3.0644,0.87,,2.21,1.4566,0.3002,469403.6095,469403.6095
600510.SH,20260515,2.2912,0.77,122.4122,0.9795,2.3694,0.4092,1034089.5079,1034089.5079
002157.SZ,20260515,3.9502,0.99,,2.9931,2.01,,3126554.9551,2632160.1571
301319.SZ,20260515,13.3525,1.18,153.9433,10.9853,8.4093,0.5092,1335985.2833,1003478.2737
301283.SZ,20260515,3.1963,1.44,20.1839,2.3001,1.7634,1.412,394449.4169,310361.7217
300957.SZ,20260515,1.466,0.9,31.0677,2.6967,3.0537,2.2462,1688046.0,1678852.1348
600623.SH,20260515,2.0012,1.1,35.1147,0.9039,0.4309,1.8836,2037918.0288,1800993.3437
301115.SZ,20260515,3.4277,0.71,,1.8655,3.3376,1.3545,462299.0972,389857.3526
002277.SZ,20260515,5.6557,2.5,,1.4262,10.0426,0.0765,911789.0112,911789.0112
002219.SZ,20260515,1.9036,0.69,304.233,3.7985,2.6325,,783586.2379,742714.8123
600681.SH,20260515,1.7163,0.85,21.6123,1.4391,1.0502,5.9494,529637.65,529224.4649
000089.SZ,20260515,0.641,1.39,22.3423,1.1661,2.6572,1.7751,1386320.1881,1386295.7561
300479.SZ,20260515,3.7365,1.04,297.4215,6.1442,3.7102,,324526.3047,324341.0172
300759.SZ,20260515,1.7498,0.73,28.8445,2.9683,3.3519,0.7518,4885337.1669,3775864.9657
601059.SH,20260515,0.2924,1.01,25.1565,2.4261,12.9189,0.4455,5386623.0,5386623.0
600054.SH,20260515,1.2461,0.89,28.5506,1.7246,3.9018,2.1303,828575.0438,583108.8
603579.SH,20260515,3.6158,1.36,25.4359,1.5672,2.7711,1.365,448949.9288,448949.9288
002528.SZ,20260515,2.613,1.37,,,13.0769,,629304.4181,551363.6945
002271.SZ,20260515,3.318,0.83,110.7989,1.7431,1.241,6.1789,3575883.6994,2865994.3743
301152.SZ,20260515,6.9007,0.74,,3.1628,1.6641,,383055.2626,228978.9218
688520.SH,20260515,0.5434,0.66,,279.5832,14.5211,,1980113.3559,1874863.3559
002823.SZ,20260515,4.0292,1.17,23.1684,2.6029,1.9127,2.0047,548704.5138,365762.9458
301070.SZ,20260515,13.8698,1.37,,12.0193,31.5796,,871620.2544,573210.876
000545.SZ,20260515,3.7932,0.66,,4.6193,2.1797,,288155.264,287737.704
920062.BJ,20260515,3.5553,0.77,202.7809,2.6642,1.3838,0.2796,200217.3599,140968.6828
600643.SH,20260515,1.3026,0.76,,0.7656,7.2254,,751976.6072,750646.01
600875.SH,20260515,4.5312,0.91,31.696,2.882,1.7211,1.0315,13511813.7937,8842973.2867
002299.SZ,20260515,1.1808,1.0,15.1893,1.9665,1.0672,2.7389,2256247.7736,2212371.8983
603613.SH,20260515,2.252,0.97,14.6557,2.0737,0.3905,0.244,1944011.0195,1944011.0195
600688.SH,20260515,0.7502,0.77,,1.3349,0.4263,0.6711,3141700.015,2183986.423
688153.SH,20260515,1.8619,1.19,1046.9822,3.5869,6.215,,1426487.6215,1356629.2541
002806.SZ,20260515,5.2688,1.07,,2.7942,2.7057,,311706.9703,255412.1597
000020.SZ,20260515,3.9505,0.65,110.7516,8.6547,4.8166,,384532.9463,246022.601
300927.SZ,20260515,10.073,2.09,133.1251,4.2711,2.645,0.3091,420376.32,410152.8617
600257.SH,20260515,2.6131,0.75,505.6397,3.5214,3.0647,,281523.755,281523.755
002061.SZ,20260515,0.6879,0.87,10.487,0.6288,0.2172,3.311,1008210.9228,979874.9883
603816.SH,20260515,0.8482,0.82,14.7767,2.3559,1.2943,4.3427,2611394.3789,2581876.4483
002878.SZ,20260515,10.1942,1.43,,4.1633,1.7624,,520315.5698,468494.0615
605136.SH,20260515,2.3013,1.25,,1.7601,2.4327,,424886.4685,424886.4685
300291.SZ,20260515,2.8209,1.11,,2.8684,7.8695,,584913.4733,577446.0992
002232.SZ,20260515,1.2268,0.9,150.2613,5.0654,8.642,0.057,716185.4416,716185.4416
688279.SH,20260515,3.0732,1.18,105.1981,5.1938,31.6692,0.3275,2701382.1154,2195527.4634
000546.SZ,20260515,9.218,0.56,,1.3832,0.4692,,531133.7629,475849.6557
002169.SZ,20260515,4.4449,1.02,56.5344,3.9499,2.6261,0.567,1104395.4766,1070488.9674
002977.SZ,20260515,3.9132,0.96,,4.2327,,0.6006,359999.64,199741.5685
688065.SH,20260515,1.3361,1.31,56.1383,1.8517,9.7509,0.869,3309277.5749,2676538.4429
002563.SZ,20260515,0.7466,0.75,15.8747,1.39,1.0159,5.1458,1570654.5633,1286735.0966
002939.SZ,20260515,1.799,0.81,15.6461,1.1352,7.1278,1.8301,3703603.9456,3307241.5413
603272.SH,20260515,10.2943,2.14,,6.2967,27.935,0.2922,339274.798,339274.798
000815.SZ,20260515,14.0574,0.77,187.8534,10.3974,42.7605,,1462833.4256,1462833.4256
601128.SH,20260515,1.4457,1.14,5.4795,0.7422,2.0118,5.2618,2377945.9133,2377945.9133
001239.SZ,20260515,1.9398,1.01,113.3263,2.6597,1.7753,,360960.0,171456.0
000002.SZ,20260515,1.2394,0.82,,0.408,0.201,,4509808.18,3673001.757
300929.SZ,20260515,3.4521,1.03,,2.3876,5.0569,,183268.41,173874.8068
301563.SZ,20260515,16.4691,1.03,84.6872,8.7023,2.9392,,1101113.2341,248911.2431
600182.SH,20260515,1.4857,0.72,21.521,4.1154,0.9857,6.2232,475320.0,237660.0
603187.SH,20260515,1.5113,1.04,13.8288,1.249,1.6406,5.7094,537891.2209,532247.7523
301108.SZ,20260515,2.6517,0.99,36.7267,1.5005,3.3851,0.6781,284542.2051,163898.8731
688511.SH,20260515,1.9982,0.49,125.1873,3.7496,23.3696,1.0414,296230.1932,296230.1932
002211.SZ,20260515,3.0562,1.0,,34.9396,3.2886,,168665.5538,168665.5538
301366.SZ,20260515,2.9748,0.81,179.0814,3.9299,7.1249,0.6998,850716.9761,475005.2216
688799.SH,20260515,1.8606,0.49,33.6828,3.6337,5.0538,0.7461,754302.08,754302.08
002702.SZ,20260515,3.0064,0.78,,3.1307,1.9484,,324563.84,267906.35
300800.SZ,20260515,1.7014,1.09,64.6019,1.4385,3.4425,1.2486,296185.509,293117.4315
920266.BJ,20260515,1.2755,1.47,,1.1139,2.2405,,97588.0055,93251.9897
688393.SH,20260515,1.8933,1.31,,1.9324,6.496,0.4098,228305.1856,228305.1856
603168.SH,20260515,1.5767,1.05,,1.807,5.2101,,239440.9632,238408.9632
920010.BJ,20260515,5.3589,0.59,110.5139,4.4328,6.4195,0.3799,308602.0,228323.1745
002407.SZ,20260515,14.3097,1.26,82.9192,4.9502,4.1145,0.5339,4341507.5791,3934264.5072
002468.SZ,20260515,1.5348,1.08,14.9407,2.0864,0.4011,0.4234,2377335.7638,2273756.927
300168.SZ,20260515,1.686,1.0,,7.9438,3.938,,816836.4026,816016.503
001233.SZ,20260515,5.3307,0.95,22.5365,2.2465,4.7343,3.51,1059676.0571,201628.9722
688816.SH,20260515,13.6661,1.06,106.3823,3.9316,15.7165,,715300.0,137940.183
688238.SH,20260515,1.3605,0.76,,3.0257,15.4562,,410191.1944,405204.0824
688607.SH,20260515,1.7606,0.5,,6.5738,16.6747,0.0966,551863.9671,496758.3671
002716.SZ,20260515,9.3148,1.13,66.3932,7.6488,2.2581,,3105397.5106,2557339.653
002287.SZ,20260515,0.2854,0.86,19.127,2.534,5.2829,2.5555,1277539.9473,1274921.0603
688239.SH,20260515,3.2015,0.69,68.3213,6.587,6.3617,0.2373,1363206.8719,1363206.8719
688383.SH,20260515,3.8261,0.87,,10.1983,17.0254,0.1579,1280440.9605,1280440.9605
688093.SH,20260515,1.3764,1.08,23.2432,3.2159,8.6244,1.2079,923020.148,923020.148
600508.SH,20260515,1.3033,1.25,51.5558,0.7672,1.2403,2.1418,978560.172,978560.172
603078.SH,20260515,12.7791,1.54,109.2551,5.847,9.1114,0.2975,1166552.6752,1166552.6752
600319.SH,20260515,1.1621,0.5,,9.3705,3.8155,,316370.8573,316370.8573
002891.SZ,20260515,2.0075,0.78,28.7789,2.9071,1.7668,1.0631,998848.7058,998848.7058
301133.SZ,20260515,2.2604,0.9,,4.1691,4.9511,0.2793,572715.1322,524006.0938
300982.SZ,20260515,4.6813,0.74,,1.6271,4.3674,2.6169,463601.927,434329.607
600081.SH,20260515,2.6043,1.41,313.1278,1.5478,1.1723,0.3864,715615.864,715615.864
603662.SH,20260515,4.6697,1.94,58.7509,6.4447,11.2329,0.4355,1797872.8149,1797872.8149
300716.SZ,20260515,1.9511,0.38,,,104.6912,,261792.72,261792.72
601016.SH,20260515,11.3887,0.83,66.1142,1.8485,7.6381,2.1435,3291847.6532,3037213.8027
600769.SH,20260515,6.904,0.88,454.7281,69.0248,107.2154,,874821.8076,874821.8076
688015.SH,20260515,1.2988,1.34,25.5542,1.4756,1.5825,1.0952,396229.5582,396229.5582
003041.SZ,20260515,2.493,0.54,291.9151,6.0901,8.935,1.2853,896256.0,851588.8416
002174.SZ,20260515,7.6802,1.56,,2.5823,8.3923,,1171853.9165,1171193.8142
002214.SZ,20260515,1.0363,0.73,,9.0682,32.7573,,1140452.4187,911383.724
000697.SZ,20260515,5.7484,1.12,,5.3648,8.9455,,1807934.3485,845774.0157
000026.SZ,20260515,6.1709,0.95,76.6143,2.4146,2.2959,1.9782,820454.8222,737141.8021
603636.SH,20260515,8.4568,0.87,,3.4816,8.2353,,644200.1805,644200.1805
920571.BJ,20260515,8.7144,0.78,86.9813,4.5661,6.0765,0.8818,629832.0517,320601.9693
002640.SZ,20260515,14.575,0.74,,10.4517,1.2296,,673073.8546,668849.1862
600021.SH,20260515,2.5143,1.05,19.0747,2.2972,1.1561,1.6503,4779171.9968,4779171.9968
001226.SZ,20260515,4.8931,1.0,172.3201,5.3124,5.5881,0.7564,394837.5096,179402.8032
300910.SZ,20260515,2.3523,0.78,19.9742,3.4381,3.8491,2.5601,1361006.3435,951641.2133
000978.SZ,20260515,3.6298,0.87,240.1336,2.7532,6.5094,,294921.9,294915.7575
603683.SH,20260515,3.4981,0.75,85.6892,4.8692,3.6389,0.3146,823428.3556,814943.3375
000037.SZ,20260515,9.8201,0.73,34.9882,3.8379,14.9671,,648572.5533,364665.1694
920175.BJ,20260515,2.6117,1.14,,1.8416,5.3879,,119238.0,79434.4117
601606.SH,20260515,1.9538,0.6,3988.2613,12.6581,17.5494,,2762207.1176,2762207.1176
600084.SH,20260515,0.854,0.73,,4.113,37.7419,,523656.7028,523656.7028
300170.SZ,20260515,7.4315,0.82,97.1194,3.9309,6.461,0.0686,2237309.1602,2135351.2741
002323.SZ,20260515,9.8901,1.28,,13.502,9.5714,,258744.3273,258699.8949
920405.BJ,20260515,1.5656,0.91,45.9482,2.7891,4.8425,0.8264,232831.6,182733.225
600409.SH,20260515,2.6162,1.04,928.8384,1.1479,0.8513,0.953,1581291.6772,1581291.6772
688260.SH,20260515,8.1756,0.75,,36.3725,9.4793,,587400.0,587400.0
300761.SZ,20260515,2.5542,1.45,35.2027,1.9525,0.9638,2.6841,1853714.9852,1390420.2396
300385.SZ,20260515,3.7333,0.77,,,14.357,,515709.9027,449945.7559
300044.SZ,20260515,3.1048,0.69,,,37.6628,,521722.6827,488603.3126
603219.SH,20260515,2.2224,1.14,187.4826,6.3735,3.2507,1.0876,1030169.0,1030169.0
002264.SZ,20260515,6.1469,2.2,34.3004,2.6359,1.5115,1.2894,549216.0219,499599.284
688687.SH,20260515,1.3103,0.64,295.8745,1.905,2.5258,1.5344,327358.5681,327358.5681
300615.SZ,20260515,5.4463,1.42,,6.0281,5.1837,0.3472,278250.048,217846.9627
688459.SH,20260515,0.2297,0.64,45.0756,1.249,3.8405,1.4509,430080.0,430080.0
603688.SH,20260515,6.7395,0.83,274.202,6.4341,37.2658,0.2718,3766289.1434,3766289.1434
688582.SH,20260515,2.7064,1.15,82.6832,8.9366,44.4183,0.5639,2162963.0775,1347179.3975
300489.SZ,20260515,8.5533,0.9,,23.2047,7.6955,,1674625.3864,1668494.0153
600000.SH,20260515,0.5164,1.71,6.008,0.4007,1.73,4.108,30208395.3381,30208395.3381
301156.SZ,20260515,3.0055,1.08,48.6041,3.8582,4.6517,2.0488,288608.5838,182911.2644
601901.SH,20260515,0.8473,1.24,13.543,1.1009,5.2753,1.8588,5770703.0779,5770703.0779
002026.SZ,20260515,1.8648,0.96,22.3326,1.4857,2.9569,0.9977,574013.1165,573963.5699
688249.SH,20260515,6.5059,1.27,127.1213,3.5919,7.0115,0.2469,7873774.6356,4747111.5601
002412.SZ,20260515,3.694,0.85,16.1501,1.5015,3.5229,,363813.6,359941.935
601777.SH,20260515,2.0837,1.28,481.6519,5.247,5.145,,5429841.1853,5429841.1853
920699.BJ,20260515,10.865,0.95,56.7593,8.7634,8.9127,0.9625,308107.6509,140970.9009
301360.SZ,20260515,5.321,0.73,97.2679,4.0171,10.0619,0.3888,480113.34,227383.7121
000333.SZ,20260515,0.6221,1.19,14.2147,2.7005,1.3666,4.8549,62825816.5168,56623195.6944
605228.SH,20260515,1.7132,0.95,41.0606,3.0521,3.5823,0.1633,700045.9211,697094.7011
300511.SZ,20260515,4.3306,0.72,22.4943,2.4679,1.978,,440261.9,375104.1063
301148.SZ,20260515,3.9354,0.88,209.6855,4.9152,16.7177,0.5381,843438.8592,426241.0992
000610.SZ,20260515,2.1461,0.54,,,3.3427,,182059.1359,181101.2641
300497.SZ,20260515,12.1438,1.31,2319.7597,4.0589,6.9664,,911932.6453,766150.5095
002570.SZ,20260515,2.103,0.68,36.377,3.3546,2.0205,,546501.9265,546477.6385
600793.SH,20260515,2.0712,1.15,,12.4926,1.3042,,283046.4032,283046.4032
920580.BJ,20260515,37.3131,3.18,69.029,4.1142,9.4267,0.4217,142760.0,90906.7028
002229.SZ,20260515,16.7607,1.2,,8.3881,21.1502,,898106.5933,892612.655
000619.SZ,20260515,2.153,1.1,,1.0662,0.5833,,264701.2986,216000.0
002790.SZ,20260515,1.437,0.86,,1.4539,1.7309,2.7816,300450.1837,187441.5025
300097.SZ,20260515,4.8976,0.64,,15.1114,18.5958,,299226.0068,279998.7606
601918.SH,20260515,2.1632,1.32,10.6391,1.3111,1.7646,2.3756,2290038.9512,2290038.9512
002985.SZ,20260515,1.5495,0.55,52.0617,4.0941,12.0769,0.3882,1111377.7064,1108316.1879
002538.SZ,20260515,1.0695,0.61,28.8639,1.0698,1.1439,1.8072,566761.0266,566389.5439
603053.SH,20260515,0.5947,1.71,18.7132,1.7367,1.6588,3.0395,877334.43,877334.43
300455.SZ,20260515,1.9106,0.77,,11.1668,17.0054,0.0578,1864043.3298,1840292.4663
603598.SH,20260515,12.384,0.78,342.0587,30.5689,0.8022,,683106.7857,682346.8857
002797.SZ,20260515,3.4798,0.86,34.0526,1.7735,8.0958,0.992,3134990.4,3134990.4
301120.SZ,20260515,5.3519,0.71,236.753,4.8531,16.5024,0.1459,757739.7522,445768.8905
920371.BJ,20260515,0.8725,1.09,20.9152,2.8478,1.963,1.1364,180792.0717,171432.4515
688256.SH,20260515,2.5744,0.83,279.5777,62.0652,91.8453,0.0833,75960619.9521,75960619.9521
002476.SZ,20260515,1.6679,0.73,115.8938,3.6137,4.9542,0.1757,348228.0,348228.0
301513.SZ,20260515,22.978,1.19,59.8656,6.0554,9.6123,,819500.0,165120.9649
300578.SZ,20260515,5.1785,0.95,,3.5889,9.5009,,413788.9474,413677.032
002495.SZ,20260515,3.342,1.24,123.5652,2.197,9.637,0.3018,243262.656,180418.7338
688776.SH,20260515,1.9538,0.9,,4.9824,38.2202,,850701.4557,850701.4557
603023.SH,20260515,5.5329,1.23,26614.3912,3.6673,15.1436,,282407.4079,282407.4079
002327.SZ,20260515,1.8217,0.78,18.3476,1.6789,2.3778,8.2119,632875.3819,370692.4428
688305.SH,20260515,6.9324,2.56,101.5273,4.7629,17.2817,0.274,914265.038,909498.5789
001872.SZ,20260515,0.1761,1.18,12.1786,0.8637,3.249,3.2475,5666171.2734,5255470.0067
000877.SZ,20260515,0.2659,1.2,,0.432,0.4441,,3192610.7706,3192610.0971
600664.SH,20260515,3.3083,0.5,29.5912,1.5644,0.5742,,916737.5949,916737.5949
603085.SH,20260515,3.2955,0.74,62.5351,5.7585,1.709,,557131.3,557131.3
002978.SZ,20260515,1.4423,1.17,21.8661,1.6012,7.1682,1.6763,1405114.105,1099345.2442
688098.SH,20260515,0.5589,0.72,,2.5129,12.8117,,348636.756,348636.756
300432.SZ,20260515,4.2549,0.98,84.7122,8.7557,2.7094,0.2846,4291498.2074,4243650.5769
301221.SZ,20260515,3.7636,0.81,100.9841,2.3432,6.6009,0.388,477467.9565,323337.9877
002246.SZ,20260515,2.4001,0.63,40.1585,3.926,4.345,0.2012,1228190.8342,1228190.8342
000952.SZ,20260515,2.2236,0.85,,4.0927,3.9965,,255208.2495,253179.6098
603215.SH,20260515,2.0775,1.01,76.9837,2.2538,1.6233,1.4519,384536.9607,334389.8867
301130.SZ,20260515,2.7633,0.92,105.9284,2.7362,10.1203,0.8238,241417.2259,186258.7882
920344.BJ,20260515,0.7548,0.41,139.6514,4.1107,8.5611,,257749.96,240648.7844
002832.SZ,20260515,4.2627,1.17,19.9251,2.1061,2.6516,2.4598,1206474.7756,823230.2524
605499.SH,20260515,1.2559,1.57,22.9286,5.2861,4.9096,1.3434,10759638.3847,9676921.917
600630.SH,20260515,1.1958,0.82,63.5138,4.1877,1.8321,0.4738,340739.0008,340739.0008
688646.SH,20260515,2.1729,0.89,,4.5048,8.9761,,637104.2057,392326.4288
600807.SH,20260515,2.893,1.19,,8.8866,8.2926,,262736.5151,233744.4838
601328.SH,20260515,0.6111,1.06,6.159,0.51,2.2131,2.3259,59380462.9979,17520679.3904
688712.SH,20260515,11.6066,0.75,171.9644,10.2431,30.1321,,1807695.0,160892.2245
600559.SH,20260515,1.4795,1.11,27.5985,2.2317,2.928,4.1168,1222102.5852,1215104.6172
601609.SH,20260515,8.5962,1.03,29.1124,2.2206,0.1674,0.7113,2247229.6509,2247229.6509
002177.SZ,20260515,10.5925,1.21,370.1307,3.5273,105.6922,0.0881,605147.0787,536560.5756
605268.SH,20260515,1.0997,0.46,40.0833,3.0381,1.599,1.7036,523959.135,517205.7
002486.SZ,20260515,3.5888,1.09,58.6904,2.0913,1.7787,,225029.2863,223979.574
300589.SZ,20260515,7.0306,0.7,,8.5065,8.3226,0.0639,591050.4137,366880.7856
301331.SZ,20260515,0.7832,0.79,56.5275,2.5055,3.094,1.9782,272149.0411,271475.4205
600550.SH,20260515,4.1079,0.71,121.5748,31.099,4.7322,,2775183.4194,2775183.4194
300270.SZ,20260515,5.9901,0.85,,7.7896,24.7177,,428773.3356,369477.2312
000798.SZ,20260515,1.9684,0.94,45.1012,8.2019,0.7662,,332199.7105,332179.2805
301282.SZ,20260515,7.9213,1.0,69.3205,3.4071,2.6432,0.7723,580700.9579,486118.8899
603712.SH,20260515,2.1749,1.22,,3.0297,5.3209,,1158772.0,1158772.0
688079.SH,20260515,5.4568,1.31,,5.7756,10.5527,,721419.7646,708857.9069
601686.SH,20260515,0.3201,0.73,11.6193,1.1765,0.1574,8.108,785806.1194,785806.1194
002860.SZ,20260515,4.1169,0.86,26.2671,2.185,2.3394,0.6968,505396.085,493913.8658
000751.SZ,20260515,6.3727,0.82,82.9321,2.5447,0.4796,,940297.0063,820543.6294
002580.SZ,20260515,23.3649,0.84,68.7248,5.3039,3.5903,0.1419,1279456.6913,1275143.0772
605258.SH,20260515,3.6127,0.7,53.0444,2.6075,3.2352,1.9391,317680.0,317680.0
000028.SZ,20260515,0.451,0.6,12.2655,0.711,0.1842,1.5162,1343548.0959,1154019.5799
301004.SZ,20260515,0.492,1.1,17.3032,3.3415,2.9149,2.406,599992.6694,560081.7494
688268.SH,20260515,9.4647,1.09,183.782,12.2203,15.6596,0.3128,2294210.7319,2292662.0929
600742.SH,20260515,0.7779,0.48,14.7588,0.7754,0.3478,7.5281,661321.5132,661321.5132
300642.SZ,20260515,2.0519,0.7,,1.7916,6.851,0.9492,254543.9682,215649.1088
688591.SH,20260515,4.3332,1.31,87.3952,3.5542,8.5671,0.5556,872695.318,610585.4155
600399.SH,20260515,2.039,0.82,,1.9106,1.2937,0.3444,1025492.0,1025492.0
600015.SH,20260515,0.4387,0.85,3.8725,0.3268,1.0681,6.1364,10503852.7889,10155567.8288
920274.BJ,20260515,3.2513,0.56,91.9007,3.8948,3.0626,0.4124,194956.0016,194956.0016
688289.SH,20260515,0.7588,0.44,64.4211,1.4113,6.3056,3.0497,1011032.0705,1011032.0705
300823.SZ,20260515,4.9902,0.74,48.7061,2.5832,5.7693,1.7023,250831.9222,162371.7508
600586.SH,20260515,4.5606,1.16,,1.5609,1.8655,0.2665,786622.4235,786622.4235
301592.SZ,20260515,6.12,0.79,160.3629,9.7272,19.5134,0.5365,913360.0,304780.7164
300545.SZ,20260515,9.2678,1.37,67.5032,2.9601,5.8635,0.5584,644849.2044,415706.417
920593.BJ,20260515,6.235,2.28,246.2042,8.1737,20.1265,0.4488,599268.5304,508910.7623
603980.SH,20260515,2.6041,1.26,45.3289,1.0733,2.6522,1.12,423020.85,423020.85
002342.SZ,20260515,15.6787,0.61,1230.2481,7.6265,7.0603,,1865280.0,1854962.67
000830.SZ,20260515,1.6212,0.92,30.6773,1.4743,0.9868,2.3389,2858382.8355,2858168.5573
603679.SH,20260515,8.0131,1.08,,3.6043,6.0367,,317347.5836,317347.5836
600619.SH,20260515,5.8971,1.94,152.2725,3.1833,0.9557,0.071,1964220.263,1444189.8803
300679.SZ,20260515,7.8488,0.96,99.4765,4.6417,4.2992,0.8604,2322490.94,1965065.8331
603757.SH,20260515,9.2353,1.12,98.5704,5.4326,6.0305,1.0949,1152862.0606,1152862.0606
603516.SH,20260515,5.1786,0.91,80.7247,14.0185,71.3658,0.2117,2388199.01,2388199.01
600771.SH,20260515,1.4007,1.06,118.6806,4.623,5.4544,,785633.2813,785633.2813
000962.SZ,20260515,5.6901,1.35,105.5332,6.7501,16.0692,0.2373,2702705.8906,2570538.8693
002920.SZ,20260515,2.0762,1.24,26.8623,4.3467,1.9425,1.1848,6266497.587,6264528.837
605500.SH,20260515,1.3047,1.41,159.9193,1.5117,1.2296,1.5924,390364.8,390364.8
688039.SH,20260515,2.4549,1.18,,4.6273,13.511,,480341.9844,480341.9844
300852.SZ,20260515,9.2955,0.78,64.3833,3.7267,3.9533,0.2708,829894.4231,801124.1279
002652.SZ,20260515,5.9299,0.67,,13.4766,9.1239,,316455.552,316455.552
920662.BJ,20260515,4.3138,0.91,125.473,4.4238,5.2008,0.7354,204779.4547,63167.2258
600575.SH,20260515,2.6261,0.87,15.0664,1.1852,0.6392,,2644546.3107,1434030.333
000509.SZ,20260515,2.8322,0.49,,33.815,5.7195,,408861.7878,408860.5518
603081.SH,20260515,5.3474,3.73,92.5487,1.7034,2.2142,1.0085,544601.4031,544601.4031
601698.SH,20260515,1.5293,0.68,372.7896,9.2794,55.967,0.092,14823368.4107,14823368.4107
002847.SZ,20260515,1.1508,0.82,19.067,7.0374,2.6297,2.5004,1527174.2024,1376039.0728
920504.BJ,20260515,1.0812,0.79,60.4694,4.6392,7.4427,0.9447,91736.1727,36183.5629
301536.SZ,20260515,4.6273,1.04,79.0511,11.7062,11.4347,0.2231,3773929.6112,1675192.5016
300977.SZ,20260515,1.8594,0.7,151.4962,2.4203,6.8277,,334594.3459,208374.9784
300185.SZ,20260515,4.4454,0.83,188.9933,1.8158,1.9111,0.3313,1283507.1003,1223037.6761
002746.SZ,20260515,2.3356,1.14,20.6836,1.1567,0.9043,3.9809,540418.3206,445676.6706
301003.SZ,20260515,5.1091,0.69,60.7053,4.6387,10.1725,0.5472,532484.8767,411919.4206
600066.SH,20260515,0.6753,0.87,13.299,6.1536,1.7742,7.6243,7259506.7122,7259506.7122
301068.SZ,20260515,0.9008,0.62,,5.8937,3.4064,0.6827,474538.2616,336879.681
300870.SZ,20260515,4.8173,1.22,243.6446,16.9865,9.6021,0.2463,4431661.0599,4431173.3079
920082.BJ,20260515,2.104,0.96,57.5366,3.9783,2.954,2.1622,215125.4,58559.1792
600782.SH,20260515,1.2998,0.91,,0.3748,0.2766,0.3343,952022.6226,940549.9926
301018.SZ,20260515,7.5014,1.22,183.6543,12.7073,8.3538,0.1214,3506838.8461,2606633.8834
300259.SZ,20260515,8.9431,2.85,25.4316,2.0559,5.5997,2.0243,617655.2004,617513.546
603676.SH,20260515,0.4363,1.12,20.2062,2.8347,3.7671,3.2294,437772.469,437772.469
605303.SH,20260515,4.0893,0.97,,4.9448,9.0283,,418411.0738,418411.0738
301413.SZ,20260515,18.1167,1.9,175.2601,10.1368,10.8751,0.2293,1287589.9737,768742.0359
300420.SZ,20260515,6.7512,0.75,113.6366,2.0981,6.1464,,499023.4518,498974.6841
300639.SZ,20260515,4.6581,0.53,,1.0718,6.1677,,407941.9253,400788.7181
688382.SH,20260515,2.1945,0.73,,8.3245,173.8039,,1245184.3011,1245184.3011
301258.SZ,20260515,1.2611,1.02,74.453,1.5032,6.7845,0.2952,279868.51,271915.445
688100.SH,20260515,0.893,1.02,27.6726,5.5061,6.3249,1.4349,1868403.665,1868403.665
600596.SH,20260515,2.0423,1.01,76.6037,1.2815,1.0665,0.8389,1608719.6824,1608719.6824
300961.SZ,20260515,7.0743,1.19,,4.6833,7.0909,,259006.08,221965.2535
603296.SH,20260515,2.9082,0.72,28.6239,3.986,0.6903,0.7883,12230683.9934,6494999.6183
600519.SH,20260515,0.4646,1.15,20.1803,6.1619,9.6965,3.8744,166921358.3084,166921358.3084
300296.SZ,20260515,4.8696,1.03,72.051,2.2103,2.6617,1.518,1784481.0121,1496638.8173
601567.SH,20260515,2.8,1.42,26.7173,2.1751,1.821,7.5657,2543429.014,2543429.014
605336.SH,20260515,2.9484,1.29,,1.8759,16.8095,1.7615,338395.9703,338395.9703
002445.SZ,20260515,17.4913,2.25,192.6069,4.4209,8.8997,,1010058.2007,1005680.0385
002397.SZ,20260515,5.7405,0.81,73.4245,3.2041,2.2958,,392585.2576,340120.2515
688496.SH,20260515,12.3226,7.2,,0.8983,1.2566,,80100.0,42354.3168
300083.SZ,20260515,22.2201,1.91,169.5467,3.7401,3.6456,,1986181.0687,1780101.8013
300854.SZ,20260515,5.8659,0.82,,3.8564,7.2961,0.3436,352842.4125,286997.0952
600560.SH,20260515,2.8077,2.12,64.3525,3.294,3.9991,0.4883,325180.557,325180.557
301180.SZ,20260515,2.6172,1.0,,5.4465,4.9329,,712817.82,292493.9196
000903.SZ,20260515,2.4578,0.86,,6.1334,0.8538,,377294.66,374451.0214
301235.SZ,20260515,6.8846,0.67,54.5875,3.7345,2.9462,0.0733,706046.2492,476553.3073
002547.SZ,20260515,7.0597,0.99,,,1.7369,,386923.6086,378948.8579
601965.SH,20260515,1.7825,0.91,16.5323,2.1569,3.531,1.9756,1726257.4605,1718256.2562
603729.SH,20260515,4.5106,0.37,,4.8841,3.984,0.0726,127003.5078,127003.5078
000995.SZ,20260515,21.8472,2.75,440.0519,15.6052,15.8229,,257951.232,257951.232
002357.SZ,20260515,3.2447,0.72,22.1072,2.1326,4.6476,0.8306,377440.7993,377427.2543
603701.SH,20260515,1.5005,0.76,430.5338,8.0481,6.4017,0.1601,653143.3906,653143.3906
300864.SZ,20260515,3.3089,1.06,24.9574,2.7162,4.6967,,380564.746,380564.746
600403.SH,20260515,0.7051,0.92,,3.8766,3.219,,1295820.3219,1295820.3219
601966.SH,20260515,0.6636,0.86,17.8249,0.8159,0.7451,2.0346,1863038.9155,1863038.9155
603444.SH,20260515,1.6723,0.66,13.6153,4.5975,3.9921,4.1842,2761047.2369,2761047.2369
000035.SZ,20260515,2.2971,0.88,51.1362,1.3739,2.8212,0.5687,1478192.284,1431762.938
600197.SH,20260515,1.1947,1.33,32.5764,1.4488,3.7625,3.6916,576799.98,576799.98
603580.SH,20260515,1.6915,1.03,81.6319,7.394,8.7474,0.3184,336483.49,336483.49
003030.SZ,20260515,4.5747,0.72,113.2948,3.1419,1.5069,0.59,315693.4,204826.0803
000156.SZ,20260515,0.6706,0.99,29.9948,0.8862,1.4825,2.4793,1345228.9529,1234109.8867
688657.SH,20260515,2.8534,1.26,70.4669,2.4592,9.763,1.1486,339601.1039,212452.8785
300098.SZ,20260515,4.3698,0.71,,3.8726,4.8299,,1025291.5423,909628.4892
002181.SZ,20260515,8.8945,0.95,313.0679,5.3762,38.2316,0.3454,2286123.5446,2233903.5578
000927.SZ,20260515,1.0413,0.89,32.9958,1.677,0.4925,0.989,1651746.544,1651745.7086
603657.SH,20260515,2.5205,0.52,,4.64,1.5765,0.1162,404759.0097,404759.0097
603612.SH,20260515,4.0322,1.13,16.2731,1.9516,0.6175,0.9022,1153111.8226,1153111.8226
603779.SH,20260515,1.5938,0.23,,6.7241,9.7773,0.0907,329426.092,329426.092
300576.SZ,20260515,17.061,1.98,141.247,8.9554,14.1974,0.1759,1558894.0189,980184.6296
600697.SH,20260515,1.9466,1.06,,0.8701,0.2935,0.8177,194564.7157,190024.8663
300179.SZ,20260515,11.2622,0.84,136.4015,10.9401,22.4416,0.6949,1390627.6116,1070710.1167
301207.SZ,20260515,1.8152,0.48,63.6901,2.08,9.9107,3.9858,1194241.6425,1193487.8741
688557.SH,20260515,1.9168,1.34,33.1354,2.9963,2.404,0.9168,367901.1501,367901.1501
002545.SZ,20260515,1.4421,0.57,21.7006,2.9787,5.6955,1.2265,3042975.855,2764380.4298
688629.SH,20260515,10.925,0.86,134.7092,30.1876,21.1137,,5817729.5272,2294102.0531
002992.SZ,20260515,1.2537,0.67,560.3864,11.8117,6.9323,,869435.5284,751022.1353
000422.SZ,20260515,3.3058,0.76,17.525,2.6914,0.5884,1.2926,1674880.4565,1629099.3365
300466.SZ,20260515,3.0244,1.19,,7.2164,10.2956,,500184.9341,419246.5993
600173.SH,20260515,2.2028,1.2,,1.3674,2.0396,,488953.3583,488890.5383
688484.SH,20260515,3.297,0.84,109.5964,4.6846,5.8688,0.4336,1955703.6764,1955703.6764
300892.SZ,20260515,2.5498,0.88,,2.5296,3.2667,0.3773,262400.0,169412.0
603321.SH,20260515,1.4672,1.37,74.4207,1.7766,3.8483,2.3673,257131.5387,253944.0137
600303.SH,20260515,3.2273,1.15,,2.3217,1.546,,218753.3475,216193.3475
301525.SZ,20260515,3.1072,0.73,86.339,2.2018,6.0926,0.5919,717052.3721,375597.3008
000410.SZ,20260515,1.9203,1.06,,3.8371,3.8341,,1602689.1704,1192466.0915
300234.SZ,20260515,5.8021,0.56,,3.409,13.2335,0.183,384925.8839,263150.0887
603400.SH,20260515,15.6601,0.99,78.3521,7.1042,5.9634,1.0331,871200.0,174240.0
300599.SZ,20260515,4.4428,0.58,,2.2256,4.7902,,435129.8539,383961.9818
000554.SZ,20260515,4.4421,0.82,21.4849,3.0496,1.173,1.9338,362998.9551,273803.1637
002038.SZ,20260515,4.5042,0.58,,1.2319,10.6106,0.3273,627710.85,520517.8141
000158.SZ,20260515,1.4959,0.78,853.7523,5.0925,3.5455,,2700063.6418,2681982.6856
002122.SZ,20260515,0.8176,0.91,151.9908,2.6321,5.1854,,574430.665,570475.6294
300223.SZ,20260515,8.2728,0.97,105.9368,5.1763,12.5595,0.0732,6581855.4617,5736582.7794
688539.SH,20260515,2.2841,0.8,135.5342,4.0533,18.152,0.5168,711329.92,711329.92
688479.SH,20260515,2.9233,0.79,122.9807,3.1189,11.4526,1.2132,587516.1354,253694.1354
000552.SZ,20260515,2.346,1.04,,0.9071,1.761,2.4549,1482452.6802,1032049.7844
688719.SH,20260515,7.3843,1.61,,5.0057,9.0088,0.2224,842082.7806,654793.3308
002709.SZ,20260515,8.9238,1.03,40.9177,6.3499,5.9138,0.6055,11729884.275,8682849.4033
920857.BJ,20260515,1.0221,0.7,,4.047,3.5817,0.5365,137949.3313,137949.3313
000068.SZ,20260515,2.0766,0.77,,5.6751,4.4599,,332201.5831,332201.5831
301135.SZ,20260515,2.1086,0.91,159.162,2.2817,1.8612,1.0886,271100.2453,211297.0179
603026.SH,20260515,7.8522,0.96,71.8348,4.5049,3.1435,,2342135.7059,2342135.7059
002079.SZ,20260515,6.974,0.85,94.853,2.8332,2.6585,0.1335,1153320.4302,1029436.2889
688335.SH,20260515,1.7714,0.89,,3.7374,13.4036,0.6922,422934.8293,422934.8293
002558.SZ,20260515,3.3606,0.95,23.0172,3.5086,8.6056,0.9577,5724492.6567,5724492.6567
603205.SH,20260515,1.7588,0.77,36.0994,2.6104,3.891,1.0597,397488.0,105334.32
600458.SH,20260515,1.5046,0.94,22.0031,1.4212,0.5258,2.1249,1144826.8296,1060489.8563
002584.SZ,20260515,5.9043,1.49,,2.1933,0.6459,,479877.466,384109.7521
002318.SZ,20260515,1.2813,0.92,18.2673,3.0351,2.4709,,2767347.479,2703678.8204
000823.SZ,20260515,6.5856,0.72,40.915,1.8664,1.3593,1.2285,874238.5918,874201.5645
920429.BJ,20260515,4.0455,2.05,81.1678,1.8873,1.4147,1.9504,157835.568,143918.4958
000551.SZ,20260515,6.4809,1.13,24.3871,2.7205,1.9449,0.4876,828408.7756,828091.1682
600792.SH,20260515,1.6266,0.79,,1.8512,0.794,,451738.9052,451738.9052
603382.SH,20260515,2.8877,1.06,46.1252,2.577,1.138,0.7943,456390.9446,91278.3058
300176.SZ,20260515,2.5956,0.81,53.279,2.609,1.3953,0.3021,256379.8896,256379.8896
000016.SZ,20260515,1.9787,0.52,,,0.8329,,768134.5852,509313.4222
300339.SZ,20260515,4.4604,0.81,250.4568,9.8265,8.8077,0.1543,3582255.9628,3498033.9535
600287.SH,20260515,1.4748,1.16,106.5232,1.065,1.001,,243295.4132,243295.4132
688387.SH,20260515,4.9169,0.91,,11.5375,11.1178,,6772543.75,3995235.6332
600151.SH,20260515,3.4362,0.68,,4.5839,5.9201,,2019427.2201,2019427.2201
000536.SZ,20260515,1.6284,1.06,,12.8746,8.1495,,1081518.826,1080365.2638
688269.SH,20260515,2.3072,1.26,41.391,5.0946,2.5966,0.6991,560850.864,560850.864
002885.SZ,20260515,13.7313,0.9,120.9864,7.5914,3.4492,0.0506,1171174.0527,1025656.9315
001388.SZ,20260515,3.0273,0.6,50.9287,4.1204,5.9408,1.5686,596700.0,119340.0
002289.SZ,20260515,2.6453,1.25,375.2863,47.416,22.9942,,1258059.0074,1231921.8049
600901.SH,20260515,0.5948,0.75,11.6871,1.4869,6.0436,6.0245,3845799.3102,3844860.4142
002353.SZ,20260515,2.3899,0.89,50.3554,6.0084,8.3883,0.609,14114876.5137,9526658.3464
300435.SZ,20260515,3.842,0.84,21.6883,2.4594,3.2785,0.9058,851654.304,814475.1941
600516.SH,20260515,1.5468,0.97,229.7892,1.3357,5.9473,0.3461,2182075.9395,2182075.9395
300436.SZ,20260515,7.373,1.02,,77.4808,46.7259,,1949428.08,1673476.9006
603557.SH,20260515,1.7586,0.68,,55.3698,8.7306,,309848.1333,309848.1333
603861.SH,20260515,3.3602,0.83,41.6965,2.0973,1.7062,0.8745,840520.97,821951.9733
920471.BJ,20260515,18.8237,2.38,,2.5349,3.0719,0.6312,129792.0,82727.7469
601222.SH,20260515,1.6677,1.08,69.0735,0.8332,2.3759,1.4379,1249226.7355,1249226.7355
301596.SZ,20260515,15.2101,3.6,61.855,7.0278,9.4411,0.9816,628897.195,255230.396
600261.SH,20260515,2.28,1.04,33.4699,1.2883,1.724,4.1056,455253.0614,455253.0614
688182.SH,20260515,2.3964,0.73,144.4392,6.3479,16.9531,0.3136,1434800.0,1434800.0
000629.SZ,20260515,1.6522,0.9,434.469,2.69,3.598,,3326159.3285,3325979.1059
300433.SZ,20260515,5.284,1.65,52.5059,3.3065,2.5262,1.4572,18058572.5163,17001343.7308
000813.SZ,20260515,2.9981,0.97,,1.8048,20.9628,,830453.7938,830317.1738
603004.SH,20260515,3.4579,0.81,34.5153,2.3573,6.6644,1.0096,489881.6,122470.4
600722.SH,20260515,11.0976,0.93,180.9331,6.8227,18.9759,,860604.3901,860604.3901
000600.SZ,20260515,5.1846,0.94,8.6253,1.406,0.7807,2.3683,1754547.0478,1060619.5023
600322.SH,20260515,2.4748,0.71,,38.3764,3.4532,,291904.8,291904.8
600448.SH,20260515,3.3538,0.88,,2.3968,0.7439,,218547.4227,218547.4227
688253.SH,20260515,2.2668,1.0,91.5718,3.9241,25.3942,0.9147,822453.8333,822453.8333
603377.SH,20260515,1.5253,1.35,,,4.2663,,256121.2138,256121.2138
002487.SZ,20260515,3.5891,1.47,37.7678,5.706,7.1129,0.2235,4936179.9613,4883322.8588
300263.SZ,20260515,24.0453,5.0,67.8619,3.3912,4.3574,0.3133,1422098.6589,1340375.3291
603421.SH,20260515,2.6323,0.91,,2.2546,3.6856,,542622.5052,542622.5052
688006.SH,20260515,2.3002,0.86,51.2374,3.5263,6.1683,0.3838,1950464.7231,1950464.7231
603258.SH,20260515,1.0438,0.81,,2.006,10.4849,,390966.4101,386870.1841
300146.SZ,20260515,1.2761,0.83,23.5895,1.5978,2.7125,4.3816,1720435.5405,1139736.2982
920505.BJ,20260515,3.5303,0.76,179.1259,7.7154,15.0386,0.3721,260437.5693,144763.9225
601801.SH,20260515,0.5245,0.96,15.0662,0.9295,1.4521,3.4662,1129726.3237,1129726.3237
920221.BJ,20260515,1.4414,1.02,30.6618,4.1252,5.0522,2.1659,178585.56,95056.1934
300879.SZ,20260515,2.1664,1.07,,3.7241,1.2964,0.091,460052.5474,456937.6623
603190.SH,20260515,12.5176,1.46,28.4089,1.5811,1.8512,0.8842,355935.32,117508.3334
688711.SH,20260515,9.5469,1.26,407.8128,6.5699,5.0832,,690846.9484,690846.9484
920833.BJ,20260515,1.1573,0.56,57.7738,2.0331,2.9907,2.3026,125187.2,94938.06
601991.SH,20260515,12.3037,1.78,18.2275,3.9802,1.2081,1.4785,14657314.7192,9817702.572
002129.SZ,20260515,6.3231,1.04,,1.9865,1.3473,,3974382.8049,3971103.5434
301183.SZ,20260515,16.4787,0.77,193.2233,21.2756,22.6226,0.0477,2097519.9119,1537562.0251
600177.SH,20260515,0.4493,1.09,13.7316,0.8302,3.0193,5.7324,3523062.7293,3523062.7293
002160.SZ,20260515,2.2659,1.01,70.4411,1.2627,0.5625,,476112.118,475166.2944
301439.SZ,20260515,2.5106,0.78,32.218,2.1752,1.579,1.1751,662251.2789,311886.2646
002817.SZ,20260515,1.9178,0.91,37.157,2.4145,5.3981,0.8999,235988.4561,228841.0038
603876.SH,20260515,5.1744,0.85,44.8625,3.6488,1.0284,0.3337,2787801.639,2787801.639
603611.SH,20260515,1.3016,0.77,12.935,1.6295,0.7384,4.3521,493047.914,493047.914
688053.SH,20260515,1.2576,0.92,,2.5054,19.9908,,396800.0,396800.0
601229.SH,20260515,0.346,0.84,5.564,0.5329,2.4367,5.4791,13484357.9529,13484357.9529
603160.SH,20260515,1.6943,1.19,39.8889,3.2282,6.5239,0.8292,3027332.3289,3027332.3289
301217.SZ,20260515,4.7077,0.75,419.9453,12.5383,9.6655,0.024,6897409.3261,6897409.3261
300419.SZ,20260515,2.8047,0.78,,7.8707,11.9677,,262208.438,262208.438
688820.SH,20260515,32.6897,1.17,347.4632,17.7982,50.9706,,34245238.9992,3178642.1889
301073.SZ,20260515,2.1298,1.0,170.871,5.1988,6.8042,0.9502,460460.0769,421008.5102
603991.SH,20260515,3.7556,1.11,1031.7932,5.4581,13.7547,0.008,1918644.7964,936457.7149
000803.SZ,20260515,3.4284,1.03,86.4896,2.6578,2.7565,,395885.4339,390359.8252
688105.SH,20260515,0.5517,0.78,,2.039,5.4811,0.77,774786.8917,774786.8917
920101.BJ,20260515,1.8415,0.96,28.739,2.8426,3.5301,,305154.1996,95222.859
601868.SH,20260515,3.1983,0.56,25.2218,1.1389,0.3153,0.7497,14333819.3707,10506907.7541
600779.SH,20260515,0.7246,1.06,39.8694,2.9169,5.3253,3.0497,1541485.1121,1541485.1121
301687.SZ,20260515,11.2101,0.48,72.3924,5.9018,12.7546,,905122.832,182026.208
601456.SH,20260515,0.6078,1.13,24.8881,0.9908,6.6522,0.6002,5299993.088,4083723.8487
002664.SZ,20260515,5.3391,1.13,60.9364,2.6635,1.5225,,949473.2,936391.9807
603301.SH,20260515,2.4017,4.37,91.8987,4.2684,5.5926,0.7135,2426341.8889,2426341.8889
300377.SZ,20260515,3.1832,0.83,,5.2188,9.0155,,1255677.1498,1155221.7629
301590.SZ,20260515,20.7397,1.48,224.1983,4.7645,7.7871,0.5459,923276.4252,188871.8614
000517.SZ,20260515,0.7053,0.64,,1.3575,1.8139,,630416.652,493413.3104
002546.SZ,20260515,2.7188,0.79,12.2104,1.8135,9.698,1.4581,686422.406,659414.015
300899.SZ,20260515,6.3015,1.53,,3.8346,16.3758,1.0375,239762.0487,153878.6721
301680.SZ,20260515,13.4323,0.63,53.0548,5.0198,7.8089,,955346.4,193867.0142
600497.SH,20260515,6.274,1.18,41.6959,2.9174,1.9841,1.6117,5015178.5806,5015178.5806
002917.SZ,20260515,2.0134,0.56,26.4216,2.678,2.6461,0.7308,468236.3234,350953.7527
002641.SZ,20260515,0.8422,0.96,75.0747,0.9515,0.8097,1.1763,517448.5197,477411.7489
600127.SH,20260515,2.8703,1.0,,6.1942,1.2225,,415875.5253,415875.5253
300084.SZ,20260515,7.5509,0.92,,5.1756,10.8793,,653789.4101,458704.3881
002365.SZ,20260515,3.3501,1.01,111.2385,1.9286,4.5389,0.7513,384855.345,320346.7379
300653.SZ,20260515,1.0699,0.9,43.8945,3.4239,8.9029,2.6394,309600.0,309600.0
002206.SZ,20260515,1.5921,1.01,13.8911,1.6767,1.2151,2.9344,691513.2959,628817.4117
603045.SH,20260515,11.9426,0.96,32.1897,7.56,1.5858,0.0872,947167.9689,947167.9689
002363.SZ,20260515,1.6994,0.77,52.2763,1.5742,1.7563,0.7298,343521.728,342584.7296
688535.SH,20260515,16.2134,1.82,621.2232,8.8581,31.8142,0.0504,1899110.3103,1595847.7274
600640.SH,20260515,1.158,0.94,423.9088,2.5127,5.4848,0.0717,999394.1006,999394.1006
002695.SZ,20260515,1.5335,1.02,85.5231,2.52,4.0396,0.8687,708435.6241,647502.1363
301315.SZ,20260515,5.4102,1.26,138.0849,4.3252,24.6652,0.7874,447040.0,187960.0
000628.SZ,20260515,11.9155,1.38,206.6088,10.1684,4.6436,0.0866,2236273.44,1220330.5376
003029.SZ,20260515,1.291,0.83,,3.9921,10.0341,,408925.9194,371921.1155
300571.SZ,20260515,24.6155,0.96,,6.9449,8.0883,,857122.31,710359.166
000338.SZ,20260515,2.1735,0.87,26.7952,3.1765,1.2787,2.0193,30293004.7028,17397145.2375
688512.SH,20260515,16.5278,2.57,,4.541,8.1542,,721740.1252,501785.6776
002735.SZ,20260515,4.5326,1.01,,3.4554,2.4912,0.092,539991.014,410200.3917
603096.SH,20260515,0.93,0.8,38.9258,1.5114,4.5304,4.3337,284717.1159,284717.1159
688596.SH,20260515,16.4515,2.25,185.0831,3.895,2.7099,0.5793,1411829.7168,1411829.7168
301491.SZ,20260515,3.435,0.98,30.6171,3.0246,3.3869,,658416.0,145889.9288
300547.SZ,20260515,7.6154,0.92,44.649,6.3561,5.9319,0.6806,879988.3479,723053.133
603391.SH,20260515,3.3225,0.73,29.1756,2.5207,5.5049,1.9889,571935.0,142983.75
003043.SZ,20260515,6.7076,1.0,106.3947,4.5309,8.4633,0.3563,800178.0123,501220.6223
300062.SZ,20260515,9.0545,0.88,,3.4252,4.4688,,527887.5161,384104.2135
600761.SH,20260515,1.9523,0.51,14.3277,1.578,0.8489,3.5425,1760008.8957,1760008.8957
300070.SZ,20260515,0.9055,0.89,221.2244,0.4969,1.8137,0.1067,1359078.5111,1288037.9516
300981.SZ,20260515,3.7407,1.34,,1.2553,2.8134,1.4718,660023.1719,604822.9663
300407.SZ,20260515,2.3049,0.72,59.9404,2.0626,1.6756,0.6873,458830.5559,343070.7305
301307.SZ,20260515,11.3655,1.0,,5.0879,3.0859,,1242329.4,641701.1247
601727.SH,20260515,2.8289,0.71,105.8934,2.497,1.0704,,13706387.283,11126994.159
600897.SH,20260515,0.5353,0.94,12.5285,1.2846,3.0753,2.0901,638325.954,638325.954
002131.SZ,20260515,6.253,0.95,,3.4537,2.1851,0.5065,4455830.3866,3852457.3827
002008.SZ,20260515,5.7039,0.9,106.8928,7.1386,7.0425,0.2442,14754216.8366,13709903.3841
002717.SZ,20260515,4.2522,1.45,,,26.8092,,225708.9612,213100.6918
601211.SH,20260515,1.0087,0.91,12.3973,0.8338,4.0285,2.7623,27219061.48,20839229.338
600230.SH,20260515,3.4037,0.81,89.2035,1.7674,1.5762,0.121,718636.322,718636.322
301552.SZ,20260515,4.4292,0.71,26.4873,3.4072,5.6834,3.7634,379448.16,94862.04
688528.SH,20260515,1.1406,0.81,,4.7184,7.6141,,210000.0,210000.0
605028.SH,20260515,1.5118,1.14,28.7637,3.1933,12.6969,3.5266,408320.0,408320.0
600237.SH,20260515,3.6546,0.94,47.5894,2.7881,4.1742,,557983.4332,552784.9786
002465.SZ,20260515,4.0189,1.03,,3.2546,8.4359,0.4005,3717787.2541,3711874.8893
300732.SZ,20260515,2.0083,0.7,,1.0181,1.6479,,284960.6954,284645.0339
002428.SZ,20260515,18.1627,1.09,3096.3157,40.1556,52.9282,0.0332,5899632.96,5898870.8006
600007.SH,20260515,0.2434,0.85,17.7239,2.1092,5.6992,5.2257,2120329.7341,2120329.7341
688701.SH,20260515,1.6666,0.84,,10.9446,11.0259,,142199.7369,142199.7369
000756.SZ,20260515,1.2784,0.54,38.0425,1.8609,1.1381,1.7254,995560.6286,712927.1154
688118.SH,20260515,2.8963,0.69,406.2098,2.9298,7.4746,0.5565,247475.9229,247475.9229
300068.SZ,20260515,10.2643,0.84,,3.8509,0.5807,,424029.3651,402937.7383
920491.BJ,20260515,3.0073,1.31,41.9011,3.3845,5.2683,1.2,352857.95,288910.49
603829.SH,20260515,2.9772,0.79,90.3742,3.3283,2.2672,0.4023,497144.3784,497144.3784
002646.SZ,20260515,1.5424,1.27,,1.2964,3.4734,0.1419,373704.2197,371157.1492
003025.SZ,20260515,3.527,1.39,26.9219,3.1747,5.5481,1.2609,412868.4733,329208.7593
300552.SZ,20260515,5.1049,0.89,,3.5506,5.3971,,616380.9599,390674.9211
300801.SZ,20260515,9.9126,1.69,50.465,2.5846,2.316,,668395.8,418851.0405
601369.SH,20260515,0.5054,0.85,22.8651,1.7395,1.6742,4.6841,1582149.5837,1566301.9661
301378.SZ,20260515,8.7391,1.02,,2.8675,9.0109,,340708.2,161940.5508
920981.BJ,20260515,22.5928,1.37,258.9768,6.3901,5.1332,0.3505,327283.04,159685.165
601100.SH,20260515,1.3769,1.82,56.1873,8.6974,13.2633,0.8619,15556205.1492,15556205.1492
688075.SH,20260515,0.4982,1.03,185.1032,0.8996,11.38,2.1942,463343.907,463343.907
600478.SH,20260515,2.1553,0.52,80.1267,3.8855,1.9752,,1139229.9865,1139229.9865
688600.SH,20260515,2.3312,0.85,50.9354,4.613,4.9238,0.3382,370583.056,370583.056
301336.SZ,20260515,4.4556,1.64,78.0898,2.6912,7.3389,0.3955,226760.0,172509.3537
301285.SZ,20260515,3.0865,1.13,,26.3765,22.4594,0.0414,2489546.82,2489546.82
920036.BJ,20260515,15.1464,0.48,35.3856,4.5226,3.2489,0.4128,263673.7518,63281.8871
603266.SH,20260515,2.4319,1.38,37.1023,2.5224,3.0532,0.826,409308.9315,409308.9315
603076.SH,20260515,5.0087,1.08,139.3852,2.7746,2.1195,1.3468,358482.9917,358482.9917
300880.SZ,20260515,4.3917,0.55,59.2461,4.1924,6.9273,1.9523,449791.4304,449791.4304
300175.SZ,20260515,2.2074,1.17,,6.3494,9.6861,,316377.6,316377.6
301281.SZ,20260515,3.9718,0.72,177.6502,3.0038,9.3284,0.5179,418215.98,274016.624
300508.SZ,20260515,15.7385,2.41,95.2965,6.3648,9.9262,0.3751,540966.2601,406839.891
002058.SZ,20260515,2.1223,1.38,18.1391,61.5426,4.0109,,389892.5664,388967.6283
688303.SH,20260515,1.2465,1.42,,1.191,11.0337,,4545690.9292,4545690.9292
600262.SH,20260515,3.6201,0.84,18.6117,2.2609,1.4034,1.2701,422960.0,422960.0
002375.SZ,20260515,3.9287,1.0,18.4157,0.7276,0.6753,1.501,605678.4171,601610.4004
000799.SZ,20260515,3.6284,1.3,,3.5868,12.5122,1.4413,1352679.3437,1352551.3315
300333.SZ,20260515,7.109,0.78,,6.4956,29.1643,,366240.0,364910.273
301230.SZ,20260515,5.3325,0.61,118.7542,5.3154,7.9203,1.2562,547458.6648,492665.2853
002386.SZ,20260515,2.1134,0.6,54.9649,1.0987,0.7118,,840864.0092,840707.3309
300720.SZ,20260515,8.8372,0.78,584.732,22.7492,56.0836,0.2183,1339196.5032,1265445.9587
600006.SH,20260515,1.8995,2.16,,1.7165,1.5812,0.0729,1372000.0,1372000.0
603520.SH,20260515,11.7637,1.46,353.0659,2.3086,2.4057,1.1062,594483.7986,594483.7986
300703.SZ,20260515,3.3343,0.7,154.5005,4.2136,1.4892,0.831,325607.2712,300121.7867
002983.SZ,20260515,6.1407,1.86,50.8265,4.0225,5.839,1.599,558485.5671,320009.3224
002668.SZ,20260515,1.3824,0.98,9.3694,2.7467,0.5617,,1057008.6423,1057008.6423
920694.BJ,20260515,1.1372,0.89,25.0929,2.7332,3.2884,1.7114,231551.0984,109545.7431
600960.SH,20260515,1.5999,0.78,28.683,1.3036,1.6424,,459098.9952,459098.9952
601099.SH,20260515,1.7802,0.97,146.1426,2.4564,19.2164,,2440241.2605,2440241.2605
603293.SH,20260515,11.4734,0.68,36.555,3.1657,2.5097,,922495.9794,180782.1282
600526.SH,20260515,1.133,0.79,14.7205,0.9855,0.931,1.9515,455904.5569,447852.6628
300938.SZ,20260515,7.6591,0.75,72.2636,7.6846,17.7019,0.4379,1474370.3871,1279700.5628
002047.SZ,20260515,1.1412,0.78,127.7759,207.8599,12.747,,846066.7707,846016.6868
300210.SZ,20260515,11.2205,1.1,,14.5294,22.3242,,544747.4471,544747.4471
002611.SZ,20260515,5.5244,0.95,50.86,3.9577,4.234,0.9353,2238589.5793,1842499.9572
603528.SH,20260515,1.4276,0.96,,2.9674,14.9419,0.6284,557684.8035,557684.8035
688609.SH,20260515,7.2586,1.24,,6.2123,2.3525,,598679.974,573500.0
301041.SZ,20260515,11.5265,0.99,156.9484,5.1708,4.8551,0.2997,351723.96,260368.2574
300067.SZ,20260515,9.3514,0.65,,3.2108,7.0568,0.1445,798827.2052,648586.4666
920527.BJ,20260515,2.3466,1.09,51.7689,2.5683,2.8021,0.8681,102372.8035,79380.1914
603329.SH,20260515,1.6699,0.92,42.0458,1.9541,0.9162,0.1653,288058.9536,237753.2771
000700.SZ,20260515,12.3117,1.42,25.5363,3.2024,1.8367,2.363,1269615.283,1269615.283
603069.SH,20260515,2.6375,0.97,,7.2066,9.4858,,556792.0,556792.0
600976.SH,20260515,1.159,1.07,13.9761,1.8094,1.4072,2.9278,471547.2964,471239.8964
300947.SZ,20260515,2.466,0.53,,2.2973,2.2342,,270989.8889,270882.3717
300846.SZ,20260515,11.1976,0.88,,20.6219,12.2916,,1577584.8022,1229725.1716
000007.SZ,20260515,4.5736,0.61,,24.5484,10.3667,,439642.5678,439642.5678
003816.SZ,20260515,0.3745,0.98,25.461,1.9178,3.3531,1.9874,24138418.394,18802205.644
000788.SZ,20260515,4.0316,0.65,52.6046,2.2699,2.8274,4.0212,337924.87,337924.87
920931.BJ,20260515,1.487,0.96,222.2335,2.7973,3.5695,0.8496,110555.61,33869.1166
002632.SZ,20260515,2.2717,0.68,32.74,3.2605,4.7694,2.71,691431.1926,635889.3174
301277.SZ,20260515,0.5442,0.69,41.9013,2.7989,6.4025,1.857,422268.4368,422268.4368
300142.SZ,20260515,6.6837,0.61,80.0871,3.0893,9.5368,0.2795,2288667.7622,2256884.5567
920508.BJ,20260515,1.6245,0.76,446.7966,5.8944,12.6698,0.88,113640.0,60429.822
002332.SZ,20260515,0.7861,0.94,21.5398,1.4157,2.3455,4.5977,860608.2334,856579.1286
002762.SZ,20260515,1.847,1.13,,4.7398,7.9599,0.5587,316852.375,189183.6984
603232.SH,20260515,2.8645,0.83,,3.4231,11.7843,0.263,445224.3349,439932.5905
300025.SZ,20260515,2.7347,1.01,,6.8493,5.1828,,292047.1372,290819.1199
300605.SZ,20260515,6.4527,1.76,,4.6264,4.625,,201970.8209,154565.9039
300033.SZ,20260515,3.8264,0.9,52.1455,41.0087,27.5009,1.6048,17419852.8,10147020.6045
301223.SZ,20260515,0.8028,0.93,23.2067,1.2024,1.1112,1.8461,363852.323,363852.323
000655.SZ,20260515,1.7493,1.24,18.1334,1.3045,2.717,2.7132,460793.338,460793.338
605009.SH,20260515,0.501,0.75,26.3637,1.7019,1.5522,2.1925,592859.6557,592859.6557
688458.SH,20260515,11.0816,2.13,,2.7308,9.0974,,497230.2921,379235.5558
603271.SH,20260515,3.2097,0.77,20.398,3.0758,0.9296,1.0614,935993.76,449992.589
600216.SH,20260515,1.7437,1.1,18.1241,1.2114,1.5445,2.5869,1361679.054,1347167.4966
600419.SH,20260515,1.2892,0.89,20.0832,1.1813,1.0388,0.2282,290271.1532,290271.1532
603758.SH,20260515,2.4146,1.08,41.5103,2.241,4.0909,,581406.0899,581406.0899
688648.SH,20260515,3.3417,0.83,10.9716,3.1494,4.4144,,678640.0,346949.3308
300403.SZ,20260515,8.3376,2.63,34.0694,3.2524,6.3536,0.4139,728424.0,515887.1391
301105.SZ,20260515,5.979,1.06,,3.6965,18.7359,,302050.0,99298.9194
301611.SZ,20260515,16.9281,1.32,220.2144,29.8243,49.8047,0.0799,5458720.0,1835215.2538
000885.SZ,20260515,1.2466,1.28,6.9268,0.9035,1.3299,2.5835,884783.8354,884783.8354
605098.SH,20260515,1.8243,1.0,21.7419,7.017,8.4206,3.7313,719084.133,719084.133
301568.SZ,20260515,8.178,0.86,50.5518,6.015,11.7279,1.0158,605920.2912,279313.0445
301095.SZ,20260515,9.8989,1.37,249.2204,7.2736,29.5278,0.2156,2285006.933,1973988.3859
002400.SZ,20260515,9.8108,1.35,194.5111,3.089,0.6984,0.3266,1548083.3697,1532834.1808
600984.SH,20260515,11.2239,2.26,,3.5346,2.472,,632293.0943,632293.0943
603605.SH,20260515,0.84,0.6,15.0745,3.4966,2.1077,3.5277,2222217.3569,2222217.3569
600986.SH,20260515,12.1387,1.35,,3.0297,1.9393,,1563230.1392,1563230.1392
600848.SH,20260515,0.9924,1.5,23.8093,1.3081,2.8269,2.2989,2194563.6935,2082703.6775
603456.SH,20260515,1.6151,0.74,17.7219,1.2996,2.2138,3.8156,1155390.3904,1155390.3904
000988.SZ,20260515,8.8227,0.89,79.2757,11.5266,8.8252,0.1493,13471725.2684,13464797.8325
603025.SH,20260515,1.2262,0.67,23.6173,7.4777,5.9118,2.7289,1841363.7207,1829029.2007
600023.SH,20260515,0.7112,1.24,10.9976,1.0548,1.0487,5.6013,8139100.7786,8139100.7786
002683.SZ,20260515,2.2164,0.76,28.5914,4.1348,1.3132,1.7713,2765221.7443,2425608.6268
600212.SH,20260515,3.4433,0.89,2321.0344,8.6398,3.3475,,498538.3508,376075.5908
000720.SZ,20260515,12.9019,0.65,,3.6804,4.7917,,692348.8956,692348.8956
000969.SZ,20260515,2.7532,0.87,59.3893,3.8511,2.6496,0.9274,2265970.3393,2246191.6717
603585.SH,20260515,1.9926,0.7,19.7477,1.286,1.299,,355683.7862,348129.9962
600728.SH,20260515,1.5003,0.76,173.7602,1.4471,1.1279,,1143073.2039,1143073.2039
688362.SH,20260515,8.4766,1.38,246.5868,7.9168,4.4643,,2064767.1697,2064767.1697
300791.SZ,20260515,0.6692,0.9,46.0694,1.9241,1.2585,2.8266,542679.9436,452557.8913
002821.SZ,20260515,2.7005,1.08,38.3437,2.3714,6.1425,0.9284,4257242.0211,3739648.2096
601127.SH,20260515,1.3983,0.83,24.3211,3.5109,0.845,0.3723,14503767.826,12965275.4418
000516.SZ,20260515,1.17,0.92,,3.0744,2.4841,,1005264.6421,985210.6686
000902.SZ,20260515,1.1702,0.88,11.7433,1.5242,0.9929,2.008,1874572.6348,1707318.1128
603459.SH,20260515,26.8425,0.76,113.73,15.5004,16.3876,,6316455.0674,662454.57
600746.SH,20260515,1.2351,0.82,134.8252,1.618,1.532,0.6531,881721.3774,881721.3774
300253.SZ,20260515,4.2086,0.63,,3.632,9.0655,0.1685,1956931.2978,1609534.9267
000985.SZ,20260515,1.3788,1.16,409.4814,3.9854,1.3664,0.3456,243851.8995,243851.8995
002137.SZ,20260515,4.4611,1.1,114.9096,3.2307,6.9401,,496654.1744,340953.9497
603183.SH,20260515,2.6046,0.95,205.7081,1.472,2.9842,0.5285,235153.4877,235153.4877
000498.SZ,20260515,0.9496,1.25,3.8711,0.4805,0.1227,3.8092,830556.1816,775400.7606
603115.SH,20260515,4.4133,1.26,82.041,8.4579,7.5609,0.7838,1831110.328,1831110.328
000555.SZ,20260515,2.3059,0.78,236.1525,2.3625,1.0523,,1343641.3997,1342067.6953
603986.SH,20260515,9.349,1.35,91.5425,10.4122,22.9177,0.09,26315179.3958,25066886.1977
301058.SZ,20260515,1.0598,0.64,21.4104,2.1342,1.5809,1.5385,499467.3889,499467.3889
600587.SH,20260515,0.7766,0.82,16.7158,1.0429,0.8458,3.7039,818970.1412,818970.1412
688058.SH,20260515,1.3134,0.77,,3.559,9.6014,,219319.2852,219319.2852
000737.SZ,20260515,3.6544,0.92,26.7699,3.7246,0.8899,0.7565,2769457.6965,2769200.084
001393.SZ,20260515,75.45,,101.7928,8.3253,9.4308,,3008705.3414,579700.8641
605208.SH,20260515,5.2652,0.99,72.3773,2.307,0.8528,0.2507,512726.76,512726.76
300345.SZ,20260515,5.5986,0.71,,10.0641,4.3742,,405174.3036,334758.1441
301168.SZ,20260515,2.3151,0.8,715.874,2.4655,4.5728,0.1408,524160.0,416328.6516
688293.SH,20260515,0.8804,0.51,96.9615,2.1438,14.1702,0.76,642461.6945,525052.3704
300342.SZ,20260515,7.4375,0.51,1725.3964,15.7668,29.7299,0.1118,2470304.0768,2434058.9918
300964.SZ,20260515,11.0609,0.82,187.6368,6.1315,6.651,0.244,625739.2722,459168.5617
688184.SH,20260515,2.6714,0.7,,2.0147,2.6535,,216463.6666,136763.5066
301043.SZ,20260515,1.8705,0.64,51.353,4.1648,6.3795,2.7584,359924.0,300365.8408
300828.SZ,20260515,12.7173,0.73,158.8596,5.5204,7.1534,,435859.218,220963.236
603316.SH,20260515,6.8941,0.61,,8.8989,8.1825,,491795.304,491795.304
301571.SZ,20260515,2.9056,0.91,53.0969,5.5508,9.6811,0.1519,1145993.2744,761117.0103
600468.SH,20260515,3.0721,0.81,98.0926,3.9746,3.5413,,810362.8141,810362.8141
300217.SZ,20260515,4.7409,1.18,58.6853,1.928,2.5661,0.5776,818799.2248,687743.4602
600864.SH,20260515,2.088,0.96,38.8405,0.929,7.4936,0.8681,1198408.6195,1198408.6195
688056.SH,20260515,1.2042,0.78,69.1227,2.9097,6.088,1.6928,236690.6821,236690.6821
600626.SH,20260515,3.2618,1.97,118.6247,1.6429,0.4941,,526977.1221,442083.5053
002930.SZ,20260515,4.6852,0.59,,3.5411,5.6994,1.3201,693097.3561,656509.0319
688052.SH,20260515,3.4556,1.04,,4.7192,9.4526,,3584545.7102,3141611.7202
000407.SZ,20260515,1.8156,0.88,23.9942,1.2748,0.9752,1.2723,394277.9259,392347.0934
000668.SZ,20260515,1.3939,0.61,100.3029,3.7672,7.421,,281495.9031,281495.9031
603551.SH,20260515,0.7703,1.07,15.3162,3.0364,2.3146,7.3434,440530.3343,434966.7793
603617.SH,20260515,2.6002,0.75,64.5859,1.9715,2.7323,1.0169,307171.3336,304740.3536
920075.BJ,20260515,1.6689,0.63,50.667,3.3343,2.3961,2.21,135592.98,72966.5835
000520.SZ,20260515,1.6544,0.82,,9.5893,4.8457,,403821.2985,403821.2985
002884.SZ,20260515,2.6345,1.77,14.7851,2.6381,3.709,5.3937,663143.3717,506276.3928
601012.SH,20260515,3.2431,1.38,,2.3422,1.7414,,11821783.0598,11821771.2881
300472.SZ,20260515,4.6941,1.2,,112.8779,16.7624,,259568.8796,231926.4443
605069.SH,20260515,4.2733,0.89,,5.0703,9.7806,,348454.5426,348454.5426
603678.SH,20260515,2.0557,0.81,60.4513,2.483,3.2451,0.6817,1527995.5854,1527995.5854
300136.SZ,20260515,13.6693,1.06,130.9356,12.0127,10.5228,0.0494,9637951.2031,8219819.5707
300449.SZ,20260515,20.1708,1.42,,14.0548,25.6402,,391054.4569,391054.4569
600383.SH,20260515,1.511,0.57,,0.2896,0.3435,,1295685.4852,1295685.4852
002636.SZ,20260515,4.7164,0.88,65.1701,8.1886,6.5324,0.1981,3123120.0,3107313.1389
300303.SZ,20260515,11.4964,0.9,52.6187,3.9075,4.398,1.2181,1501813.8586,1408365.5402
000863.SZ,20260515,4.1084,1.04,,1.5245,9.1398,,663553.1527,653727.2616
301589.SZ,20260515,2.2503,1.03,27.8883,4.2307,4.5049,0.6767,1619966.304,603929.4941
600683.SH,20260515,5.5457,0.67,,,1.9807,,1245987.9182,1245987.9182
603859.SH,20260515,4.6329,1.77,44.6692,3.1872,6.6266,0.0485,1008154.5281,1008154.5281
000728.SZ,20260515,1.0625,1.32,13.1795,0.7891,5.0643,2.5605,3067735.8574,3067735.8574
603375.SH,20260515,7.2973,0.76,573.1871,3.116,10.1243,0.2086,482596.0016,305765.7736
920642.BJ,20260515,1.8664,0.5,,5.7161,17.3597,0.3946,130417.2097,125745.7525
688244.SH,20260515,1.7461,1.31,,3.0702,10.4776,0.1744,291053.8086,291053.8086
002738.SZ,20260515,4.9312,1.08,63.4754,4.1326,8.257,0.6843,5271941.1452,5196943.186
688009.SH,20260515,0.5841,1.21,14.3766,1.0947,1.5275,3.4343,5241960.405,4267403.91
000420.SZ,20260515,4.1196,0.86,300.0613,2.8186,2.2684,,1251563.9866,1251140.1423
920553.BJ,20260515,0.7764,0.7,45.8196,3.5707,2.6532,0.5741,125154.3907,79273.0616
688690.SH,20260515,2.7735,1.04,80.1265,6.8558,14.1742,0.1801,1401641.0493,1401641.0493
603284.SH,20260515,6.8888,0.6,19.3162,1.5726,1.2548,,348114.7168,85273.2282
300995.SZ,20260515,12.5105,3.7,141.7428,5.064,8.3889,0.5156,318075.1308,226953.0106
688533.SH,20260515,1.3151,1.26,25.2713,2.5583,1.4766,1.6146,453879.3498,453879.3498
301158.SZ,20260515,4.5112,1.03,38.6565,2.8783,5.7406,1.2127,403143.3373,392747.548
601118.SH,20260515,1.6655,1.01,,3.221,0.7603,0.1514,3081188.0138,3081188.0138
603285.SH,20260515,8.3104,0.98,61.0739,4.6454,12.7889,0.4,800000.0,311483.9
000989.SZ,20260515,1.3808,0.57,27.7622,2.0829,3.139,3.3745,752373.0285,610161.1489
601179.SH,20260515,4.6489,0.66,66.4887,3.7621,3.6572,0.4026,8785762.3513,8785762.3513
300453.SZ,20260515,3.7778,0.88,18.6186,3.4052,3.0827,1.0033,520518.0222,358780.1359
688573.SH,20260515,6.1383,0.87,,6.7471,8.0527,,233339.7242,127027.1291
603706.SH,20260515,1.44,1.59,18.6558,2.4022,3.283,3.8462,443155.5508,443155.5508
600513.SH,20260515,6.9158,0.8,,4.4756,1.9771,0.4439,572339.8214,572339.8214
300672.SZ,20260515,6.118,0.86,,13.2653,24.1401,0.1267,5115585.0765,4956186.3061
603979.SH,20260515,1.869,0.93,15.5932,3.4301,2.7087,0.7148,3926751.1759,3926751.1759
300603.SZ,20260515,6.5327,1.01,,3.6998,6.7247,,466657.4239,375426.9288
600885.SH,20260515,1.1033,0.96,26.1213,3.8089,2.6092,1.123,4782066.4272,4782066.4272
600071.SH,20260515,1.5325,1.08,185.7795,10.536,3.3152,,536679.8324,536679.8324
601599.SH,20260515,1.3648,0.64,36.3492,2.645,1.2495,,405029.3161,405029.3161
603043.SH,20260515,0.494,0.66,16.8753,2.0702,1.5096,3.9841,826423.9797,819427.7847
301227.SZ,20260515,5.4094,1.08,,2.0049,5.2015,,321498.168,182719.248
603188.SH,20260515,2.9746,0.93,,4.1649,3.467,,293637.55,293637.55
300032.SZ,20260515,3.2775,0.89,,6.2161,2.7047,,402387.9736,402387.9736
688755.SH,20260515,3.1292,0.55,51.5888,2.7305,4.5211,0.2546,345664.0,69132.8
603978.SH,20260515,12.5287,1.04,,4.3145,2.089,,715609.6736,715609.6736
002272.SZ,20260515,10.2794,0.8,,6.2274,5.1434,,908660.0602,764841.4257
601668.SH,20260515,0.5088,0.9,5.3697,0.4106,0.0999,5.5071,20370952.4889,20370952.4889
002297.SZ,20260515,24.0439,0.86,76.6897,6.5562,13.1998,,1481475.9571,1481475.9571
601163.SH,20260515,0.622,1.08,11.9836,0.8246,1.1626,3.6301,1168000.0,1168000.0
688031.SH,20260515,5.5577,0.63,,18.1303,31.4852,,1462231.642,1462231.642
000417.SZ,20260515,6.0351,1.23,37.3632,1.1703,0.8801,1.5385,557617.203,557004.6275
688143.SH,20260515,26.1212,2.06,646.5478,10.281,33.3901,0.0428,1393408.2776,1324091.2893
003032.SZ,20260515,2.0893,0.88,,2.4521,6.981,,286945.0675,202835.3865
600020.SH,20260515,0.647,1.09,13.771,0.74,1.3074,4.3367,880969.7581,880969.7581
300782.SZ,20260515,10.9951,1.23,,5.8293,20.2313,,7683551.0939,5989931.6098
000636.SZ,20260515,6.1193,0.76,101.657,2.5026,5.209,0.551,3123935.6697,3123935.3997
000826.SZ,20260515,5.8391,1.21,,,0.7643,,344935.486,344887.5422
920392.BJ,20260515,1.0724,0.71,82.3621,4.2072,1.9645,0.3909,149286.0303,70169.6853
688290.SH,20260515,2.4952,1.11,,5.3597,30.4122,0.1628,718291.4997,718291.4997
688288.SH,20260515,2.6449,0.82,1009.0953,3.1644,3.3444,,237556.6155,237556.6155
605599.SH,20260515,0.9032,0.8,10.7704,2.5799,0.3743,4.2908,1305111.1484,1305111.1484
603082.SH,20260515,31.6319,6.17,46.0181,4.1126,3.2824,1.3712,686222.5069,171555.687
688758.SH,20260515,1.5238,0.92,59.1968,5.9059,18.9084,0.3408,818768.3891,586229.0992
920943.BJ,20260515,1.4505,0.69,35.3479,2.6735,1.8119,1.456,174312.206,88954.0493
002518.SZ,20260515,5.0735,1.24,52.817,6.7774,6.0574,0.3971,3372247.7444,3273270.3358
600597.SH,20260515,0.497,0.95,,1.0768,0.417,2.2284,989744.1618,989730.9506
603515.SH,20260515,0.1932,0.57,15.9685,2.0347,2.0852,4.5844,1453714.7482,1440257.703
603105.SH,20260515,3.7351,0.79,28.4388,2.322,6.9441,2.004,499010.8822,499010.8822
603132.SH,20260515,1.0593,1.29,28.2907,5.8021,9.6832,2.2751,1848420.0,1848420.0
002913.SZ,20260515,2.5295,0.92,77.2842,3.7173,2.8998,1.1563,1646783.6553,1565444.3679
600956.SH,20260515,1.0317,0.77,24.6748,1.584,2.1128,2.4194,3917017.5874,2038140.9716
601818.SH,20260515,0.4054,1.44,4.8586,0.3643,1.4696,6.1093,18375606.38,14432519.6395
600926.SH,20260515,0.3544,0.88,6.0947,0.8547,3.051,3.9976,11968103.2067,11968103.2067
002166.SZ,20260515,1.509,0.71,42.0503,2.0899,3.1818,1.1155,651133.0752,648478.0032
920047.BJ,20260515,2.3058,0.69,,32.476,131.5527,,862585.3582,566434.7129
000529.SZ,20260515,1.0617,1.29,29.3641,0.9738,1.5173,2.2346,313495.4072,306027.9104
300559.SZ,20260515,4.6908,0.71,147.782,4.5547,12.6968,1.1219,534150.9761,415989.9457
603189.SH,20260515,2.5017,0.78,,2.4878,12.1443,1.0909,367124.8513,367124.8513
688426.SH,20260515,1.2644,0.99,,1.7232,11.0071,,230612.1178,230066.5144
001389.SZ,20260515,4.8918,0.78,73.0926,11.8393,13.5888,0.2649,8536999.26,2746084.7464
600841.SH,20260515,2.287,0.85,3.6182,1.7576,1.9133,,1128299.1104,847978.9055
300968.SZ,20260515,1.9066,0.76,,2.9239,3.669,0.3962,521685.56,521685.56
300634.SZ,20260515,3.1535,1.01,43.8795,3.4908,6.3591,0.6747,1063955.3022,1024016.913
300295.SZ,20260515,4.0009,0.79,,2.1904,20.1201,,237017.1425,209442.92
688370.SH,20260515,0.7212,0.94,115.8451,1.251,6.4754,1.4772,334131.9011,334131.9011
301106.SZ,20260515,3.3007,1.09,50.1441,2.8688,3.9796,1.0918,372310.6884,372310.6884
300126.SZ,20260515,3.657,1.45,,2.4256,5.1142,,241342.3344,167256.262
920578.BJ,20260515,12.6835,1.66,,5.878,9.393,,155405.5251,46736.0
301093.SZ,20260515,3.1187,0.93,396.8927,7.637,27.8915,0.1501,1683066.646,1609217.0053
600827.SH,20260515,1.7554,1.72,12.1256,0.7248,0.6187,3.1699,1491564.5458,1341320.1331
300718.SZ,20260515,7.8299,1.31,90.7138,13.1487,17.7748,0.5051,2370811.6031,1560475.5882
600330.SH,20260515,16.3453,1.02,,4.6944,11.0626,0.0735,3641098.396,3641098.396
300378.SZ,20260515,5.0879,0.86,65.4907,4.6199,4.3855,0.0755,1072629.7285,1064565.8035
000708.SZ,20260515,0.3346,0.98,12.2588,1.6644,0.6937,1.3596,7424369.9431,7424336.8456
603501.SH,20260515,3.4418,1.3,34.7241,3.8925,4.4404,0.6084,12786778.3857,12272314.3728
603399.SH,20260515,17.7438,0.76,,6.5167,1.6468,,1055318.7369,1055318.7369
301616.SZ,20260515,3.6797,1.03,18.2328,2.4319,3.6831,0.9015,354960.0,126018.7467
603288.SH,20260515,0.2762,0.94,29.5894,5.126,7.2804,3.8512,21540567.6189,20468570.6025
002968.SZ,20260515,2.5782,1.59,26.5668,2.0286,0.8275,2.9763,252752.2836,237933.7986
300793.SZ,20260515,2.2115,1.07,,1.978,2.6216,0.8177,552552.2475,540270.5055
002378.SZ,20260515,4.4704,0.74,57.7822,13.3654,5.47,0.2379,3635489.8573,3616437.2626
600488.SH,20260515,3.6817,0.21,289.8675,2.5103,2.8033,1.398,765412.5627,765412.5627
301666.SZ,20260515,24.6521,0.82,22850.0842,110.6465,89.8492,,29662712.48,1803111.324
001268.SZ,20260515,4.5509,0.81,146.3728,4.5958,6.3407,1.0281,467998.9362,292390.9362
601198.SH,20260515,0.7126,1.54,19.8144,1.3353,9.8015,1.305,4111670.7014,4111670.7014
600276.SH,20260515,1.2008,0.59,44.1348,5.632,11.0041,0.37,35834242.1197,34440233.2773
605333.SH,20260515,0.8738,1.55,26.3315,3.1948,1.2838,0.9119,1101631.9238,1101631.9238
002035.SZ,20260515,2.7629,2.22,15.9041,1.2222,0.844,7.0662,470447.758,434030.9052
301317.SZ,20260515,19.5449,1.23,,10.002,12.8207,0.7463,1226867.95,407395.5011
301306.SZ,20260515,6.8027,0.72,,15.6384,42.6509,,1314867.6,907671.4875
688348.SH,20260515,3.6133,1.94,,2.2467,6.5566,0.8235,750600.5203,750600.5203
002114.SZ,20260515,7.2857,1.0,,4.0766,1.8998,,294613.0882,294609.0398
688590.SH,20260515,4.5839,0.97,,3.0524,2.1571,0.2,455494.8037,455494.8037
002301.SZ,20260515,8.1024,2.46,79.1903,1.8905,0.4983,1.6887,590029.8892,587316.0024
603639.SH,20260515,0.9295,0.94,26.6695,1.1565,0.9908,4.1829,406291.2502,394938.6264
600130.SH,20260515,27.7705,1.24,836.3774,5.2704,9.6447,,479250.0,479250.0
605377.SH,20260515,1.3595,0.69,21.7855,1.4003,1.8057,6.0561,556113.5977,556113.5977
300094.SZ,20260515,2.4091,0.92,,36.5725,1.0969,,347475.5139,340499.3589
300862.SZ,20260515,6.0612,0.65,,2.4715,12.5689,0.0571,484621.9928,397611.3934
000692.SZ,20260515,3.9305,0.82,83.0154,14.6818,1.2884,,272277.6507,272277.6507
600299.SH,20260515,0.5879,1.0,37.7525,1.9137,2.1675,1.2746,3757330.6935,3271919.5531
688408.SH,20260515,2.368,1.07,,2.0587,1.2372,2.5993,834860.0915,834860.0915
300596.SZ,20260515,3.9962,1.36,20.3969,2.1416,1.7313,0.8,1061990.9599,1061990.9599
920092.BJ,20260515,2.9672,0.68,,5.1387,21.9236,0.1704,180341.5285,95729.5892
920185.BJ,20260515,0.6808,0.79,38.6844,2.5795,1.8572,1.3452,3324654.1526,3264645.2016
688529.SH,20260515,2.9285,3.01,,3.5108,2.273,,347787.8708,347787.8708
688616.SH,20260515,1.2855,0.78,24.6377,2.7491,4.3144,2.1118,250412.0579,250412.0579
603289.SH,20260515,4.0949,0.66,41.4499,2.1858,2.6679,1.3537,325078.4501,325078.4501
000029.SZ,20260515,1.6453,0.81,1238.8654,8.094,23.969,,2924709.06,2577789.06
002016.SZ,20260515,1.4602,0.92,27.0054,0.8314,2.6399,0.1972,410211.4854,410211.4854
300760.SZ,20260515,0.579,0.81,24.8109,4.8476,5.8221,2.8871,19443922.6356,19427210.3015
600674.SH,20260515,0.666,0.87,15.4545,1.5754,44.7501,2.6684,7307035.6352,7307035.6352
603198.SH,20260515,0.7512,0.8,14.1708,2.4607,4.5514,4.2517,2822400.0,2822400.0
002603.SZ,20260515,1.1222,0.73,20.1674,2.4229,3.4904,1.8149,2761675.9865,2275410.6756
002351.SZ,20260515,2.9353,1.33,23.5558,3.3021,3.7367,2.1891,1015360.194,595046.8371
300816.SZ,20260515,7.5623,0.9,78.7449,7.9361,6.5374,0.0799,758800.0,537501.3959
001266.SZ,20260515,13.2032,1.21,103.3957,5.1391,5.6952,0.6084,506890.2397,284355.4133
002190.SZ,20260515,4.2433,0.97,,2.6203,4.8403,,1139324.3934,1139324.3934
002728.SZ,20260515,3.2314,0.69,64.3434,2.6426,5.8165,0.511,488157.6312,315662.1129
300963.SZ,20260515,5.4729,1.36,132.5287,7.1197,8.2635,,799409.52,586331.5244
002444.SZ,20260515,1.0228,0.72,16.163,2.1674,2.8039,0.7205,4144839.2915,3979149.7272
603648.SH,20260515,1.1007,1.17,29.2212,1.9247,2.3436,2.9821,364587.2768,364587.2768
601825.SH,20260515,0.2299,0.87,6.8863,0.6452,3.2741,4.9262,8496755.556,8258882.876
301232.SZ,20260515,9.6956,0.57,362.6601,11.5224,6.0148,,1630722.2805,969100.9814
000753.SZ,20260515,2.1998,0.62,92.9705,2.2815,2.3329,0.316,627607.5179,627607.5179
603569.SH,20260515,0.691,0.99,,1.4536,1.091,5.6338,385641.1334,385641.1334
002291.SZ,20260515,9.7665,2.52,,2.1373,2.1468,,635888.64,591005.1836
300721.SZ,20260515,21.7883,1.2,,4.3386,2.6718,0.1022,483990.0257,406200.5002
002167.SZ,20260515,3.7772,0.87,175.4388,5.3419,7.531,,950524.1391,930940.8056
920641.BJ,20260515,5.3628,1.09,246.1278,3.8242,2.6081,0.5634,133258.125,80623.3862
001368.SZ,20260515,1.5437,0.8,31.9833,2.3394,2.9845,2.6078,327395.0509,311215.1207
300169.SZ,20260515,2.6809,0.99,65.7386,19.9012,4.7254,,213202.4455,189490.0711
603721.SH,20260515,1.7928,0.64,123.7668,6.5797,8.5556,,322660.0,322660.0
300171.SZ,20260515,1.1205,0.73,46.7402,1.2206,1.866,0.8305,971069.9547,713449.5261
301203.SZ,20260515,2.9412,0.78,37.1495,2.8185,11.8915,3.0506,393360.0,215573.5725
301087.SZ,20260515,0.7627,0.58,30.7402,2.2204,3.2504,3.4906,1190336.262,978879.9484
300959.SZ,20260515,17.5031,1.27,,12.0715,27.3452,0.1973,1334105.48,868648.4022
688661.SH,20260515,3.2751,0.74,,15.0803,22.2805,0.051,1832070.9572,1832070.9572
600166.SH,20260515,2.9143,1.25,18.8853,1.6777,0.4339,,2699833.5251,2699833.5251
002955.SZ,20260515,1.1894,0.71,614.2263,1.7995,1.7295,,578347.9449,478160.9063
301097.SZ,20260515,1.8157,0.86,,3.0992,5.3889,0.8324,345490.5238,169625.3578
601838.SH,20260515,0.3962,0.9,5.9087,0.8626,3.3083,4.7596,7934350.9864,7934350.9864
002456.SZ,20260515,2.0895,1.03,,7.8361,1.3993,,2938296.0688,2902721.4221
000802.SZ,20260515,5.6518,0.65,,6.0514,13.0151,,369404.5316,369220.7066
301225.SZ,20260515,15.7022,1.53,96.7102,7.8415,10.3374,0.3393,1256377.14,363155.946
301170.SZ,20260515,4.0299,0.93,29.7229,1.6301,2.5504,1.0201,294100.0,98745.3249
603773.SH,20260515,1.0565,0.07,,15.9585,6.4876,0.0658,1685300.0109,1684715.0889
301072.SZ,20260515,2.4483,0.99,,3.6957,3.2241,,263980.5603,168722.6265
600004.SH,20260515,0.4313,0.92,16.0192,1.0135,2.647,1.7308,2146844.7501,1971476.3297
300901.SZ,20260515,2.8193,0.91,631.6404,4.7362,12.0651,,458400.0,458400.0
600590.SH,20260515,4.9793,0.88,166.4076,3.8504,2.7621,,1250307.0535,1236672.9207
601083.SH,20260515,5.9896,1.25,10.4136,1.5905,2.1762,4.1008,1540002.8,231002.8
920370.BJ,20260515,0.7085,0.66,,1.817,2.6904,,102396.62,89473.6942
688766.SH,20260515,6.2076,0.93,136.0526,22.2249,17.822,0.0756,5988586.1759,5988586.1759
000099.SZ,20260515,1.2334,0.85,42.386,2.3565,5.8712,1.1078,1316481.9225,1316481.9225
300014.SZ,20260515,3.5748,0.87,31.9142,2.975,2.0613,0.7049,14295947.2384,13895928.9349
301335.SZ,20260515,3.0958,0.95,54.5187,1.5618,0.9718,0.8096,302663.178,120737.6533
920108.BJ,20260515,2.4603,1.49,84.502,4.2409,3.5259,0.6472,203368.2,86174.7947
688652.SH,20260515,9.0292,1.32,168.4753,11.8808,18.033,0.0786,2670192.0,1919200.5
688671.SH,20260515,3.8212,0.95,,2.048,6.3837,,204777.2912,122177.2942
603186.SH,20260515,11.8475,1.07,54.7022,6.8156,3.4594,0.1288,1582173.1171,1582173.1171
688767.SH,20260515,1.4737,0.58,204.8381,2.6305,13.8137,1.7179,620928.0028,620928.0028
688522.SH,20260515,2.7852,0.79,88.3565,4.3155,20.1204,0.3641,1009278.3636,410036.127
300660.SZ,20260515,4.5792,2.12,76.325,5.7784,4.7935,0.8182,2068900.8076,2067244.4295
301269.SZ,20260515,2.0434,1.07,,10.0302,38.7226,0.1561,5218201.5957,5218201.5957
301256.SZ,20260515,4.6618,2.28,94.2871,3.9694,3.8747,1.1088,692640.0,692640.0
920566.BJ,20260515,0.9757,0.67,17.063,1.8126,3.5732,1.8692,155645.8166,120210.8203
301085.SZ,20260515,5.7638,0.78,,6.9159,4.6594,0.1564,660709.9895,448554.0036
688261.SH,20260515,8.5733,1.26,232.1427,3.4619,8.1672,0.0473,1020559.2419,1016576.2
920779.BJ,20260515,4.0547,0.85,42.4788,5.7565,14.7679,3.2879,255678.581,63966.014
688508.SH,20260515,8.0319,0.98,75.4192,4.3102,10.5624,0.4306,1198801.3923,1198801.3923
002903.SZ,20260515,10.7231,0.58,,9.619,19.3116,0.1664,749016.44,509861.8022
300952.SZ,20260515,7.4826,1.52,78.9887,3.7855,5.2819,0.5797,642195.4419,394899.6982
000948.SZ,20260515,1.2208,0.64,133.949,2.12,0.5955,0.6168,574306.1641,573216.9056
603889.SH,20260515,1.2031,0.75,12.0433,1.5767,1.148,3.6469,600919.5756,596445.4184
002438.SZ,20260515,1.7257,0.93,30.3733,2.2456,4.123,1.0392,854693.0843,789595.0432
301155.SZ,20260515,6.1995,1.04,49.282,2.5264,3.4093,0.1339,1460870.7322,828296.065
300786.SZ,20260515,11.0684,1.36,,3.0475,5.899,,340797.4079,271122.0936
601112.SH,20260515,6.8172,0.77,45.2037,5.1769,4.5501,,3402416.2475,346523.5662
301166.SZ,20260515,2.3999,0.94,,1.3483,2.3854,0.7338,268753.3375,176504.7895
603601.SH,20260515,13.4958,0.68,522.751,7.1219,15.4062,0.1599,1927129.2181,1927129.2181
600724.SH,20260515,0.8897,0.58,64.5273,4.2339,8.3229,2.5362,1196659.6068,1196412.5258
300993.SZ,20260515,1.8,1.34,26.0673,2.3914,4.896,0.7913,381774.5568,299658.7712
600232.SH,20260515,2.127,0.75,87.6136,3.3379,2.1946,1.1364,320952.3187,320952.3187
603083.SH,20260515,10.9183,0.94,189.3387,8.7721,12.7177,0.1371,6634058.8169,5184368.4729
002749.SZ,20260515,0.3461,0.94,19.2742,3.0323,2.7586,5.7661,566159.2797,550669.5381
001330.SZ,20260515,7.8987,0.96,,3.309,12.5177,,1257684.8704,1064005.2996
603035.SH,20260515,1.6799,1.28,14.593,0.8949,0.6471,2.6502,481746.4102,481746.4102
600649.SH,20260515,1.1492,0.85,37.7085,0.4889,0.7937,0.9732,1029349.8156,1029349.8156
002571.SZ,20260515,3.2126,1.11,,5.6598,2.8289,,450351.3543,342753.81
600184.SH,20260515,10.1726,1.03,319.5459,4.7907,6.6831,,1637464.1851,1637464.1851
300212.SZ,20260515,3.0848,0.6,,,11.6561,,433375.238,420504.0578
000078.SZ,20260515,0.0835,0.87,,4.4713,0.22,,555167.0072,553920.5135
603970.SH,20260515,0.6693,0.8,19.4255,2.072,0.2967,3.5885,337075.368,337075.368
300882.SZ,20260515,1.5161,0.76,48.6961,4.0722,3.6761,0.2722,525751.5824,489242.7541
300128.SZ,20260515,9.085,1.79,,23.1938,4.1799,,978233.9052,976991.3423
300491.SZ,20260515,4.4353,0.86,108.2508,4.1592,3.0596,0.28,501908.5659,446308.7663
002677.SZ,20260515,0.9295,0.5,766.5274,3.4647,11.8978,3.7975,510380.8011,435692.7815
688702.SH,20260515,3.7184,0.71,,52.3558,99.3662,,11685000.0,5785265.8155
603717.SH,20260515,14.4556,2.5,,5.7656,3.3706,,220511.1424,220511.1424
001202.SZ,20260515,1.8346,1.21,38.129,3.262,1.3552,,280041.0648,196264.2444
603351.SH,20260515,0.9487,0.97,24.528,2.0327,2.7792,1.453,372863.9304,372863.9304
600051.SH,20260515,2.6474,0.99,30.5468,0.6772,2.116,1.6107,231605.6,231605.6
002988.SZ,20260515,1.2511,0.56,66.9879,2.9086,0.9787,0.5032,782288.6163,782288.6163
605089.SH,20260515,0.8837,0.72,45.1377,2.5649,4.6091,1.514,324852.0,324852.0
000530.SZ,20260515,3.8032,1.17,93.7643,1.5908,1.1796,0.8347,505084.2917,359469.9183
300950.SZ,20260515,2.2735,0.65,45.4499,4.0248,6.138,0.8973,335404.852,214039.9301
002674.SZ,20260515,1.574,1.08,38.5947,1.6546,1.3752,1.0933,405495.8952,401397.3305
300777.SZ,20260515,4.0346,0.86,76.4319,3.6714,23.5411,0.5727,1684519.5742,1618161.9191
301519.SZ,20260515,3.9199,1.07,,1.7915,4.2002,0.6455,246505.3905,115098.6567
301060.SZ,20260515,2.1657,0.7,299.102,2.6873,3.0784,1.8703,426150.088,383217.057
688432.SH,20260515,2.6824,1.01,111.7892,5.2126,21.6097,0.3174,2351817.7949,2351817.7949
920181.BJ,20260515,30.4062,0.99,60.4052,7.2046,9.0577,,552960.0,128256.0
300991.SZ,20260515,3.7802,0.75,,10.1954,9.4539,0.0675,639648.0,409294.764
301008.SZ,20260515,6.5494,1.26,186.5497,2.7621,3.6821,0.2705,416855.9738,368084.4563
002194.SZ,20260515,6.824,0.6,,3.4976,6.5409,0.5521,866406.402,647794.3818
002322.SZ,20260515,1.1935,0.7,20.9464,1.5792,4.0142,4.9817,430226.4207,413597.3339
300056.SZ,20260515,4.4858,0.6,,61.9658,11.6403,,444084.9903,443748.2031
300567.SZ,20260515,6.9433,1.31,561.8285,11.7213,14.4084,,4895555.035,3973355.68
688502.SH,20260515,3.8901,0.87,1585.6175,24.6989,40.2651,0.0606,2946292.8,2946292.8
600795.SH,20260515,1.1625,0.84,13.0025,1.4366,0.5174,4.2683,8775124.5883,8775124.5883
300965.SZ,20260515,14.5958,2.17,169.9012,3.7806,25.3984,0.7435,468060.0,421985.3438
300922.SZ,20260515,4.236,1.08,88.2779,2.9193,14.8065,0.9495,294359.8554,230966.0971
300614.SZ,20260515,2.4524,1.28,,2.9446,5.7946,,212744.3404,212744.3404
001696.SZ,20260515,2.259,0.75,31.5299,3.4652,1.5869,1.1891,1925935.2794,1499331.8145
000712.SZ,20260515,5.0577,0.82,27.063,3.6836,9.3722,,983808.0,983516.0693
000679.SZ,20260515,2.006,1.03,,17.0533,5.6031,,246628.8,246628.8
603290.SH,20260515,7.0138,1.11,91.1829,4.2967,7.5613,0.509,2992220.9577,2992220.9577
603207.SH,20260515,1.5776,0.71,20.0972,3.5574,7.5528,8.6304,409286.9,138448.0
603039.SH,20260515,4.7484,1.19,37.029,4.5409,5.248,0.3219,1202356.329,1202356.329
601929.SH,20260515,3.1646,1.12,,2.1701,5.0483,,1015528.3569,1015528.3569
002101.SZ,20260515,1.039,0.93,20.7752,0.8109,0.7111,3.2277,644263.9667,643670.2574
688633.SH,20260515,8.3642,1.48,24.6088,3.137,5.9873,0.9036,554951.6171,554951.6171
300269.SZ,20260515,4.6606,1.04,,38.9307,6.7795,,323428.0429,309624.3585
301588.SZ,20260515,8.4962,0.68,167.6023,4.4584,4.5724,0.394,422337.13,260645.1772
601828.SH,20260515,1.3356,0.95,,0.5137,1.7776,,1158080.9742,960898.9956
001228.SZ,20260515,2.1291,1.03,30.5016,1.837,0.557,1.8791,317098.6513,243826.6513
600507.SH,20260515,2.4273,1.62,14.5179,1.1313,0.6492,0.6431,1161220.3208,1161220.3208
601187.SH,20260515,0.6519,1.13,7.2111,0.7094,3.1383,4.0928,1934480.7419,1930267.6074
301172.SZ,20260515,6.1258,0.58,172.4255,4.0748,12.5273,0.2029,607129.6,347656.6016
600469.SH,20260515,1.4725,0.83,22.2949,1.2326,0.7603,0.5067,575852.5234,471954.7135
603708.SH,20260515,0.8094,1.09,30.4972,2.6702,0.3555,2.3143,642168.7071,642168.7071
600552.SH,20260515,11.4687,1.22,124.1076,3.8166,2.7138,0.2867,1647394.4231,1647394.4231
603139.SH,20260515,5.006,1.01,,7.0436,8.6724,,384438.12,384438.12
301222.SZ,20260515,4.5501,0.97,55.7452,3.3516,7.6037,0.6109,492286.4976,392004.1232
600930.SH,20260515,7.0105,0.8,40.7851,2.3643,6.5381,0.4792,26113142.857,2021863.318
300891.SZ,20260515,1.7225,0.83,,2.752,1.9054,0.1195,332406.9364,277117.12
601616.SH,20260515,3.8275,0.82,,1.6047,4.7193,1.5625,382446.5429,382446.5429
688331.SH,20260515,4.1292,0.58,50.1029,16.4754,19.1415,,6472298.8201,1870025.6222
920019.BJ,20260515,1.4553,1.0,102.7343,3.9461,2.3253,1.1396,369018.0585,294025.0938
300569.SZ,20260515,3.2632,0.9,62.8891,1.1713,1.4592,0.1634,613630.9548,611784.0186
603385.SH,20260515,1.0501,0.97,,0.6947,0.8547,1.7134,244386.9095,244386.9095
002812.SZ,20260515,3.9862,0.78,199.2302,2.9352,5.0692,,7508398.3526,6289213.2849
000017.SZ,20260515,1.5457,0.87,98.5269,10.4346,5.7559,,407308.2954,260525.773
600965.SH,20260515,2.651,0.54,45.5388,1.1275,2.1276,,248066.3894,248066.3894
301577.SZ,20260515,11.9172,1.17,,4.5915,7.6331,0.393,337856.3385,141365.186
301565.SZ,20260515,2.2846,0.92,110.5646,3.6119,3.9526,,882022.05,282262.05
688559.SH,20260515,4.5334,1.26,,6.6468,3.2226,,1609690.5089,1609690.5089
600780.SH,20260515,4.1926,0.91,12.382,0.9419,0.719,,807137.7762,807137.7762
603344.SH,20260515,27.1328,3.33,38.3172,2.9248,2.4179,0.9503,634560.0568,176249.0568
601166.SH,20260515,0.4086,0.95,4.8248,0.4492,1.7627,9.1964,37394768.8367,37394768.8367
600629.SH,20260515,3.0859,1.2,1254.4825,3.7024,2.8346,0.607,1950380.7046,1925923.1713
600343.SH,20260515,5.6921,0.51,,17.6735,28.6641,,2250953.7894,2250953.7894
920436.BJ,20260515,0.6685,0.58,1253.5274,3.5426,0.6847,,137368.104,129214.2916
001296.SZ,20260515,2.5538,0.71,28.9678,1.7951,2.8418,1.8066,326108.5675,168070.7406
301052.SZ,20260515,5.3744,1.1,,4.463,5.0965,0.0582,306180.1949,248126.1734
002294.SZ,20260515,3.05,0.87,58.0936,4.2956,8.6962,,3929728.2859,3928844.2194
000014.SZ,20260515,2.6427,0.72,,2.1226,7.0665,,293117.9773,293117.9773
002055.SZ,20260515,2.9632,0.8,,2.5908,0.7701,,351208.6999,345108.1999
603586.SH,20260515,1.5324,0.72,47.934,1.4985,2.0352,3.222,334662.0955,334662.0955
002054.SZ,20260515,3.2421,0.71,30.9619,1.6012,1.308,0.8152,413655.0578,329482.5774
600136.SH,20260515,0.7672,0.89,,15.2377,7.0393,,344899.5823,328382.1245
002987.SZ,20260515,1.0171,0.88,43.0302,4.3794,2.7253,1.1774,1315937.0506,1279556.0426
603602.SH,20260515,2.3577,0.81,,3.5601,1.6355,0.4908,317241.9393,317241.9393
001359.SZ,20260515,7.3981,0.91,75.7364,8.9585,14.9001,0.3606,1851878.0962,462978.5961
688148.SH,20260515,4.3912,0.78,667.3217,13.613,2.0641,,523437.5524,523437.5524
001207.SZ,20260515,4.8233,0.9,23.4279,2.7845,2.7821,2.6789,643864.5683,621529.3234
002106.SZ,20260515,2.2204,1.15,37.0516,1.3521,1.2732,0.9294,759458.1882,758475.0534
300895.SZ,20260515,10.2461,0.92,,14.4481,40.5634,,1080504.2418,1060333.8772
600998.SH,20260515,0.658,1.01,12.3678,0.9073,0.1521,3.9955,2496022.7658,2496022.7658
600158.SH,20260515,15.2384,1.35,,5.8297,6.3865,0.1351,1398970.0517,1398970.0517
300155.SZ,20260515,3.1742,0.85,,2.4188,19.8762,,289032.2882,169663.23
300158.SZ,20260515,0.8273,0.64,,1.6894,2.1123,,565612.7419,565151.2688
688017.SH,20260515,10.9772,1.54,409.5523,15.6935,91.3925,0.0327,5600735.3188,5600735.3188
002626.SZ,20260515,1.3944,0.92,35.4858,2.2871,3.0046,2.4228,1007003.9464,1006880.1214
600816.SH,20260515,2.0834,0.81,28.2338,2.0469,,,3130534.5448,1739185.8582
688670.SH,20260515,2.5392,0.83,,2.2335,21.7994,,240486.4,240486.4
301179.SZ,20260515,4.6181,0.64,62.6703,4.0192,8.3726,1.0712,1020320.2966,599149.4982
002909.SZ,20260515,2.4566,1.35,,2.9806,2.416,,253500.0,247257.9278
688638.SH,20260515,3.953,0.94,,3.1235,3.0569,,238672.0,112776.8758
002043.SZ,20260515,0.7518,0.52,16.8792,3.6673,1.3601,3.8924,1264545.8275,1230665.5488
688563.SH,20260515,2.7573,0.77,50.4153,2.52,9.1879,0.9108,2630700.0,683917.6531
000833.SZ,20260515,17.042,1.34,40.0365,5.5762,6.9105,0.4223,2317215.5365,1310745.1531
600833.SH,20260515,1.1881,0.85,33.8414,2.1844,1.2228,1.9015,258110.9035,258110.9035
603680.SH,20260515,1.4604,1.46,19.158,2.0267,2.7104,1.975,1190468.8071,1190468.8071
002188.SZ,20260515,3.2858,0.85,77.1945,6.1769,5.4205,,222757.7314,175264.2078
000778.SZ,20260515,1.2307,0.87,16.6809,0.6305,0.4362,0.4717,1680389.2888,1650852.6454
920027.BJ,20260515,2.6079,0.7,28.6349,3.107,3.7737,0.6597,144071.1665,76768.1665
300593.SZ,20260515,6.9324,1.15,,6.8228,12.2406,,1565108.0831,1299010.2004
603530.SH,20260515,1.7197,0.87,55.0006,13.3521,13.9817,0.7776,2539600.3547,2514775.2654
688357.SH,20260515,1.3883,0.93,38.0905,1.9388,4.038,0.5867,341104.1139,341104.1139
301389.SZ,20260515,4.4824,0.85,204.2731,9.0994,34.1863,0.3733,2043184.5,2043184.5
002107.SZ,20260515,3.9889,1.21,37.5831,6.0863,5.0302,3.7307,411550.4448,407403.9334
603833.SH,20260515,1.0251,1.76,15.0305,1.4979,1.6857,8.1316,2771036.392,2771036.392
600545.SH,20260515,12.0871,1.07,,4.3106,3.051,,1129960.5243,1129960.5243
002676.SZ,20260515,4.1169,0.52,54.5014,3.3551,1.5795,0.1595,451440.0,451425.2398
600758.SH,20260515,11.2889,1.22,,1.0579,1.3181,0.7494,564501.4272,563957.4292
000524.SZ,20260515,1.1346,0.84,82.9598,2.7379,1.3767,0.8466,633347.1242,633119.1344
000566.SZ,20260515,2.0604,0.75,,1336.034,7.4952,,594193.2277,593904.9199
920753.BJ,20260515,1.3857,0.92,42.2316,3.6439,6.1431,1.6785,149377.0153,59420.0984
920088.BJ,20260515,10.7364,0.82,81.0022,5.3727,8.1463,0.1871,376505.6625,139220.6333
002320.SZ,20260515,1.2267,0.95,101.9003,4.4454,3.3523,0.4988,1793109.9856,1793109.9856
600499.SH,20260515,1.2572,0.74,21.5121,2.5325,1.8155,1.1154,3331316.5512,3331316.5512
002852.SZ,20260515,1.835,0.94,20.4797,1.3391,0.472,3.4299,296844.6472,246646.2285
301586.SZ,20260515,1.8021,0.63,72.095,2.7842,5.5564,0.4598,360943.4381,230163.1545
600871.SH,20260515,0.9505,0.91,74.6248,5.0092,0.5935,,4815089.6416,3440941.1372
002067.SZ,20260515,3.2941,1.27,71.4654,1.0698,1.144,,715304.1187,648737.8687
301603.SZ,20260515,11.4825,0.82,43.3066,6.6225,6.0374,0.1458,1656585.68,517614.435
301216.SZ,20260515,2.053,0.69,33.3229,2.5571,1.0524,0.4579,1672712.336,1580841.5539
601899.SH,20260515,2.1759,1.38,13.7243,4.2917,2.2966,1.5666,84664835.3564,65596109.3578
002887.SZ,20260515,3.5686,0.97,32.5307,1.8436,9.2191,1.7422,439092.2648,311726.6873
002392.SZ,20260515,4.3392,1.04,31.0187,2.1089,1.7502,0.3062,1255967.8351,1221211.6324
300573.SZ,20260515,2.6015,0.84,21.8582,7.5662,6.3102,2.0988,1653295.6966,1269632.7429
002713.SZ,20260515,5.6532,1.64,339.198,14.9648,20.4273,,1299619.4813,719200.1351
000963.SZ,20260515,1.1788,1.52,15.6753,2.1331,1.2459,2.9718,5489196.3342,5486930.9967
600715.SH,20260515,0.9686,0.6,,7.5108,31.8249,,811970.7,572474.4482
301531.SZ,20260515,47.62,,152.2304,14.0354,16.3675,,2032533.395,433673.7903
300650.SZ,20260515,4.7933,0.97,95.7407,2.7464,1.2798,0.2769,394210.5634,278173.9419
301370.SZ,20260515,1.0671,1.13,60.3666,1.8855,0.6938,0.8294,472953.0,325367.3038
688173.SH,20260515,3.3463,0.89,,5.2876,7.4401,,753801.3051,748705.0583
002511.SZ,20260515,1.6342,1.12,28.6667,1.8281,1.1406,0.7975,1016238.4723,999362.3303
300061.SZ,20260515,8.1891,1.69,,14.9793,16.4787,,694579.3356,655766.8691
603367.SH,20260515,2.0439,1.42,16.4275,1.0614,1.9882,2.753,670981.6192,670981.6192
002966.SZ,20260515,0.7523,1.38,6.8739,0.7266,2.9614,4.8694,3764297.4133,3700994.7014
000758.SZ,20260515,2.9018,0.95,28.8514,2.2574,1.3049,0.6514,1407241.0305,1397150.2952
920106.BJ,20260515,2.1722,0.99,25.1096,5.222,8.0243,0.7562,316414.2585,244074.4229
920225.BJ,20260515,2.479,0.6,55.8449,4.3782,7.2115,0.3981,318820.2617,207948.7708
688379.SH,20260515,6.8197,0.74,55.3488,5.1138,2.3546,0.5207,717847.964,680866.3602
000507.SZ,20260515,1.503,0.92,20.6508,0.7985,1.1216,1.2332,477342.4105,468321.9621
000757.SZ,20260515,2.1555,0.88,52.0001,1.5489,0.9512,,248778.4164,248778.4164
000876.SZ,20260515,0.6285,0.96,,1.8432,0.3435,0.2882,3768822.8734,3766503.0325
688087.SH,20260515,1.5036,0.68,30.9583,2.8407,2.1696,0.3732,818717.0957,785769.7223
002747.SZ,20260515,11.2661,2.45,189.0561,7.6012,5.0636,,2461111.466,1989654.969
600300.SH,20260515,1.958,0.91,16.088,1.5094,1.6241,3.6994,559531.1943,559531.1943
000609.SZ,20260515,9.9473,1.18,,,13.5644,,429446.0241,417668.6203
002705.SZ,20260515,1.9913,0.78,13.1652,1.2612,0.6929,4.4162,1094408.5514,1088686.3777
601368.SH,20260515,0.81,1.13,36.5621,0.8948,1.7253,0.6122,432656.8077,432656.8077
603348.SH,20260515,0.6203,0.89,,1.4943,0.9778,0.8108,581782.8052,581782.8052
920046.BJ,20260515,17.6034,0.7,200.1839,11.895,13.5391,0.2633,307293.7,169906.3384
601919.SH,20260515,0.8035,1.02,8.6617,0.9206,1.0171,11.2688,21698123.6534,17792192.2019
300052.SZ,20260515,13.8089,0.69,,11.1588,23.1565,,384408.5863,384397.5763
002207.SZ,20260515,8.9092,4.67,,227.1318,8.2786,,265986.2087,264724.0785
600784.SH,20260515,4.5309,3.15,36.1377,1.587,1.5777,0.8462,527008.7761,527008.7761
601996.SH,20260515,7.6805,0.9,,1.3938,2.0072,,341878.8969,341878.8969
001212.SZ,20260515,4.7009,0.87,,5.889,26.6884,0.1123,1130799.8042,978246.7699
688296.SH,20260515,1.8518,0.86,,3.0254,5.4999,,172637.856,171829.056
002673.SZ,20260515,0.9957,1.43,17.8057,1.0191,5.0233,1.4348,3110828.8667,3110828.8667
603926.SH,20260515,7.2969,1.42,73.7257,3.3938,2.4768,1.0294,593833.0258,584021.6858
002448.SZ,20260515,4.837,0.92,17.902,2.2598,2.1355,0.8604,889086.9751,877149.8666
300347.SZ,20260515,3.136,0.86,52.1885,1.9249,5.6946,0.6365,4026157.8098,2648836.6605
600370.SH,20260515,0.0575,0.61,,1.3812,0.3258,,679081.2205,679081.2205
603690.SH,20260515,15.2218,2.37,,3.1493,3.9822,0.1738,1094128.8623,1094128.8623
600783.SH,20260515,3.8589,0.64,93.0405,3.5296,185.2682,0.3354,1553477.8466,1553477.8466
920706.BJ,20260515,2.9927,0.69,46.9777,3.4244,5.6113,0.8945,206618.1278,106594.3013
600511.SH,20260515,0.776,0.93,10.4446,1.1033,0.3942,2.8725,2101290.8494,1541069.7908
920066.BJ,20260515,8.5022,4.38,57.5945,3.5052,3.2225,0.3142,142865.61,45172.07
002660.SZ,20260515,1.5321,1.19,,3.1611,2.5996,1.1312,315257.4008,303200.2516
600288.SH,20260515,3.3364,0.88,38.9936,3.2048,3.6418,,637728.0,637728.0
603122.SH,20260515,4.4946,0.71,,5.5181,8.7751,0.8984,575982.16,575982.16
600079.SH,20260515,0.6882,0.77,15.6091,1.5299,1.2416,1.7582,2970651.2563,2808585.3614
920556.BJ,20260515,3.4461,1.07,66.7176,2.7929,4.4741,1.0895,147442.0928,107393.8703
300996.SZ,20260515,2.5823,0.85,52.103,3.7757,5.8908,0.578,488799.5657,411439.6918
301202.SZ,20260515,5.6843,0.81,91.2489,4.8292,4.457,1.3944,586929.2,159802.6625
300384.SZ,20260515,1.6422,0.99,23.8428,1.5853,6.1875,1.5592,450119.2509,310580.133
603776.SH,20260515,2.1795,0.76,,1.7838,13.5806,0.9787,610654.2441,610654.2441
603538.SH,20260515,15.3547,0.66,109.9632,4.4293,7.8851,0.0891,1233453.7078,1211841.9654
002302.SZ,20260515,0.6322,0.53,,0.8924,0.3942,2.281,691770.1586,691770.1586
688739.SH,20260515,0.5877,0.67,166.8989,1.0291,7.3735,3.4217,962415.95,962415.95
688523.SH,20260515,9.1982,0.7,765.5792,17.8446,64.9114,,2999519.36,711515.4876
301219.SZ,20260515,5.2729,0.83,16.7684,2.5799,2.6978,1.7279,2546061.7353,1817786.0529
920871.BJ,20260515,3.5603,1.91,105.2752,4.2867,7.1127,1.3414,115196.1936,63704.0906
002356.SZ,20260515,2.4183,0.76,111.3107,6.7818,7.8171,,406488.9015,406486.5765
300160.SZ,20260515,0.907,0.89,26.8697,1.4693,2.5084,1.9646,393429.6626,387939.1942
600223.SH,20260515,0.6902,0.7,38.5718,1.5279,1.773,0.936,651620.5848,651620.5848
002685.SZ,20260515,4.961,0.53,101.5933,5.3274,7.6991,,878706.239,878588.4536
920128.BJ,20260515,1.8068,0.74,177.6871,3.7959,3.4559,1.6667,194856.0,58320.0
920970.BJ,20260515,4.4317,1.17,,3.0661,4.3934,,75455.3448,47718.5553
601997.SH,20260515,1.5953,1.42,4.1175,0.3296,1.6185,4.8739,2175437.8552,2175437.8552
600201.SH,20260515,7.2842,2.18,159.9276,3.0535,11.986,0.1982,1667621.739,1667621.739
002399.SZ,20260515,0.4117,0.87,39.8769,1.2457,2.8015,2.4178,1517184.2749,1289606.5619
000630.SZ,20260515,3.9005,1.06,31.7789,2.2251,0.4126,2.3343,8340691.2792,6930939.548
002899.SZ,20260515,2.3452,0.65,74.9367,2.7031,4.0485,0.2299,478123.2174,478123.2174
002780.SZ,20260515,4.176,0.66,37.7821,3.2843,2.6285,,269539.5922,212962.3672
000999.SZ,20260515,0.6216,1.04,12.8577,1.7848,1.2619,2.7957,4148895.12,4145096.1495
688160.SH,20260515,6.5908,1.5,155.7015,9.0387,14.8926,0.2344,1162652.2368,1162652.2368
600713.SH,20260515,1.0083,0.62,11.0049,0.9312,0.1255,3.2498,684551.0118,674566.9544
002213.SZ,20260515,9.8965,0.62,5095.7141,17.4921,7.4824,0.0516,965138.7149,839768.7406
603071.SH,20260515,0.736,1.19,11.6789,1.2879,0.2181,5.0946,766629.4033,766629.4033
000531.SZ,20260515,2.8173,0.82,18.473,1.0595,1.8503,1.9619,736270.7417,643190.06
920169.BJ,20260515,2.9058,0.51,80.0862,6.6049,10.9065,0.3675,222442.6478,139861.2179
301578.SZ,20260515,4.3465,1.06,222.5377,3.1067,3.5191,1.0789,289191.6527,82229.9751
300111.SZ,20260515,2.2459,0.97,,7.6064,20.2818,,514884.2856,514884.2856
300607.SZ,20260515,14.9734,1.31,133.5996,5.4068,5.8748,,1577824.7389,1116447.8829
002011.SZ,20260515,3.3349,1.73,13.0916,2.0266,1.0582,,1383109.4779,1363652.8268
601998.SH,20260515,0.1046,0.86,6.3298,0.6068,2.093,4.4469,45072581.4338,33018029.4225
002413.SZ,20260515,4.7354,0.52,,5.0749,11.028,,1668966.0171,1638719.5787
300145.SZ,20260515,4.8679,1.19,38.9461,3.2781,1.8219,,975482.9543,970700.9786
002690.SZ,20260515,2.0576,0.88,19.5961,5.9122,5.8921,4.3371,1423917.4446,700067.6822
002244.SZ,20260515,1.2432,0.55,17.1422,1.1045,0.459,0.7628,3344802.1818,2964365.5405
300753.SZ,20260515,3.5856,0.8,,5.2278,10.0326,0.2364,346632.0,241708.599
605155.SH,20260515,1.6587,0.57,29.5147,2.3411,3.6023,1.4685,320806.9137,313311.3945
300037.SZ,20260515,4.8512,0.95,35.2216,4.4819,4.3168,0.7891,4747565.4065,3402045.1354
002403.SZ,20260515,3.4138,1.89,,2.8765,1.4597,0.1541,397865.8603,347084.5783
001217.SZ,20260515,2.0604,1.56,,1.7725,1.8237,0.8584,386628.55,382320.7726
000680.SZ,20260515,1.5101,0.78,13.9551,2.7461,1.1631,0.7977,1777668.9952,1557894.0865
605318.SH,20260515,1.4142,0.81,36151.7887,17.4994,21.5985,0.3371,1118988.3492,1118988.3492
603231.SH,20260515,3.0676,0.82,18.8408,1.647,1.8088,2.124,333521.7609,185115.3406
300967.SZ,20260515,4.3631,0.81,,4.6016,2.9604,1.1557,321309.4999,213770.4107
301328.SZ,20260515,2.9485,0.7,96.4644,4.4497,11.9909,0.6194,887061.0908,887050.1936
301027.SZ,20260515,6.5997,1.03,,3.8745,5.0038,,348390.0,287225.2628
000990.SZ,20260515,2.9828,0.68,192.3935,0.7584,1.2526,0.4464,1361066.0392,1361065.0312
301198.SZ,20260515,2.744,0.65,,3.3537,6.9358,,303524.0,291449.8153
920718.BJ,20260515,1.183,0.81,50.6376,1.9512,1.0397,1.5936,113786.7085,54103.2282
600676.SH,20260515,1.4559,0.56,,1.585,1.8261,,755942.3138,755942.3138
300686.SZ,20260515,5.9033,0.89,,5.7959,2.8992,,438109.3138,285642.0456
688055.SH,20260515,0.7729,0.72,,3.7669,6.427,,1510000.0302,1510000.0302
002119.SZ,20260515,13.1127,1.3,75.1737,6.2668,3.6098,0.1721,872160.016,872160.016
000652.SZ,20260515,2.0806,1.03,,1.1309,0.4169,0.7212,613838.7224,613376.3413
300231.SZ,20260515,3.3219,0.87,93.5521,2.9288,2.6971,0.9216,482060.9148,482036.1605
688247.SH,20260515,0.4256,0.89,95.6496,3.1839,9.6398,0.6682,416619.46,416619.46
605488.SH,20260515,4.3781,1.35,172.6469,4.6714,3.4421,0.2827,1057187.0484,967276.4412
300412.SZ,20260515,2.1613,0.86,99.3337,2.416,2.259,1.1858,251864.8583,236737.9929
301622.SZ,20260515,2.7584,0.83,86.4836,4.3359,4.5301,0.2064,673912.0184,375865.0689
301196.SZ,20260515,9.3592,0.81,77.4072,5.8096,8.5382,0.7741,1942112.296,1270241.0473
300026.SZ,20260515,0.8611,0.83,417.6595,1.1625,2.1318,0.9036,997379.4059,996440.0411
002973.SZ,20260515,4.1172,1.91,37.6284,2.1986,1.6143,0.7184,568862.6544,442173.0846
688210.SH,20260515,4.2976,1.22,,6.0451,9.1014,0.3052,770448.0165,770448.0165
300932.SZ,20260515,4.2025,0.55,59.4314,2.6733,1.9495,1.324,459349.2369,327171.0999
688807.SH,20260515,12.0318,0.87,330.1913,16.9981,60.3085,,3056320.0,574422.2018
300586.SZ,20260515,5.951,0.82,,4.5186,5.0388,,833545.9079,626547.0605
688107.SH,20260515,5.5632,1.61,,19.4838,29.6984,,1758927.0224,1758927.0224
002767.SZ,20260515,1.4877,0.76,118.2536,3.4656,4.0654,0.221,298650.0,259256.8127
603863.SH,20260515,2.8779,0.75,,15.5917,8.1774,,377579.25,377579.25
002139.SZ,20260515,2.7379,1.42,62.7756,1.9874,1.2429,0.626,1374012.1568,1180341.0114
688297.SH,20260515,1.0124,0.65,342.1696,5.2958,9.0372,,3031425.0,3031425.0
300503.SZ,20260515,13.4369,1.3,112.6766,14.8784,12.1563,0.074,2192725.3485,1714296.8543
920060.BJ,20260515,3.9168,0.72,42.4035,4.7937,4.0594,1.5625,486542.9216,303437.6704
300817.SZ,20260515,3.8293,1.44,66.3273,4.3232,4.6104,1.341,455806.7251,261545.4963
300955.SZ,20260515,5.2734,1.0,,4.9657,3.5217,0.6565,429912.0,429912.0
002060.SZ,20260515,3.0609,1.21,12.7578,0.9484,0.2007,3.8251,1374107.9266,571990.1656
002877.SZ,20260515,3.5731,1.27,135.3615,2.6659,3.0648,0.22,323461.9188,218627.8187
301600.SZ,20260515,5.5488,1.28,78.438,9.6919,12.3178,1.8497,1230659.689,379811.579
002250.SZ,20260515,1.4693,0.54,33.5282,2.0315,2.0173,0.1296,1388504.3738,1380947.5915
000503.SZ,20260515,1.5669,0.92,,7.8612,21.513,,754024.4034,753978.764
301022.SZ,20260515,8.5003,2.09,92.8865,2.2163,3.707,0.8184,310688.9255,209821.6844
003039.SZ,20260515,0.758,1.01,27.1786,2.8934,3.7954,1.5075,860203.5909,860203.5909
002553.SZ,20260515,4.6572,1.23,30.3171,4.9069,8.9055,0.4513,771139.8323,547245.6
920284.BJ,20260515,10.6652,0.98,,11.0818,11.6903,,349564.9117,223714.4985
603286.SH,20260515,6.2067,1.48,,9.9372,7.8245,,808227.4718,794613.3526
600764.SH,20260515,0.8628,0.87,141.6421,1.9883,4.5848,0.5621,1630894.4409,1630894.4409
300632.SZ,20260515,31.6697,0.97,,6.2122,13.6468,0.2625,1076070.3921,779935.5375
002093.SZ,20260515,1.4663,0.9,122.2872,2.1189,13.7633,1.4622,814060.0,814060.0
300198.SZ,20260515,1.3912,0.7,,5.3415,31.2625,,256855.5865,255527.9112
300183.SZ,20260515,1.991,0.86,,1.9875,6.2135,0.7524,614807.5431,493097.5569
003019.SZ,20260515,8.6236,2.7,37.5393,3.7519,2.6035,1.3644,646440.1496,624849.1508
601928.SH,20260515,0.2665,0.75,13.7253,1.1532,1.9566,6.5005,2348942.7,2348942.7
002269.SZ,20260515,2.2478,1.03,,18.7797,9.0642,,402000.0,374996.652
603887.SH,20260515,3.8144,0.71,,2.5352,2.2483,,883177.1606,883177.1606
300591.SZ,20260515,5.6378,0.84,,19.7657,6.1768,,337926.2562,291920.5409
300057.SZ,20260515,8.6289,0.86,,1.4724,1.3434,0.1097,810642.0903,668078.228
002769.SZ,20260515,1.8052,0.52,587.9472,2.8542,43.2398,,335612.9305,335336.1968
600609.SH,20260515,1.1035,0.89,24.893,3.0876,1.1287,,523127.9818,523127.9818
920717.BJ,20260515,2.2855,0.89,,1.886,7.7063,0.457,103670.72,40029.12
600075.SH,20260515,1.5648,0.98,,1.2202,1.0287,0.3169,1077619.3359,1077619.3359
002377.SZ,20260515,3.389,0.8,125.8496,7.7222,1.1795,,306968.9423,292261.5948
002911.SZ,20260515,0.7066,1.06,14.9315,3.9754,0.4698,4.3811,1540934.7102,1503974.1072
300349.SZ,20260515,3.0793,0.6,23.7988,1.324,1.9129,3.466,599535.5308,531287.1414
300482.SZ,20260515,1.5057,0.63,,1.6077,4.6551,2.2142,869703.6059,799071.7229
002557.SZ,20260515,2.3147,1.33,26.3145,1.9755,1.4913,4.6135,1077471.5845,1075167.5103
603406.SH,20260515,3.4676,0.73,31.2525,2.8788,3.9367,1.485,1346833.67,123442.7823
300053.SZ,20260515,5.5755,0.67,,9.3674,53.3103,,1324758.088,1237206.7821
001258.SZ,20260515,3.4236,0.67,86.4962,2.8567,7.8673,0.182,871733.334,871724.2275
603628.SH,20260515,3.4596,1.34,110.4425,2.5234,1.5779,0.546,330730.023,329600.5233
600459.SH,20260515,3.3611,1.24,24.1943,1.7498,0.287,1.1449,1594689.7165,1471551.0217
600962.SH,20260515,3.8101,1.2,355.4458,6.8197,3.6416,,645823.23,645823.23
601985.SH,20260515,0.7209,0.98,22.8377,1.5669,2.3287,1.9683,18799153.8956,17259322.3684
600642.SH,20260515,0.8908,1.13,12.2657,1.2201,1.6901,4.7369,4649375.4072,4649122.4982
600295.SH,20260515,0.4241,0.85,15.9885,1.8203,1.5739,4.104,4091810.8833,2888292.4833
002226.SZ,20260515,1.5619,1.41,20.2043,1.5538,1.4848,1.1424,1507237.1045,1507234.3904
301005.SZ,20260515,6.7515,0.9,1568.8841,29.1196,26.0525,0.0292,2276395.4415,2244363.6316
002566.SZ,20260515,2.7876,1.09,79.1531,1.1721,3.9936,1.2563,263437.4736,184505.2125
301111.SZ,20260515,4.0966,0.57,,5.1144,12.3299,0.2093,382240.0,382240.0
000906.SZ,20260515,2.1623,0.69,21.6535,0.9503,0.0195,3.0119,470506.6877,464921.9635
600979.SH,20260515,7.9521,0.93,,1.5012,2.0768,1.1538,623258.555,613393.1093
002787.SZ,20260515,9.3568,0.79,76.7496,4.857,3.844,0.3703,897602.9321,671803.3853
000768.SZ,20260515,1.4976,0.57,59.3635,2.9211,1.663,0.5071,6581704.1895,6571771.9593
688586.SH,20260515,1.1158,0.98,215.3911,4.4387,11.9447,0.1876,1096796.0702,1096796.0702
600436.SH,20260515,0.47,0.92,42.913,5.3663,9.4911,2.3797,8163485.1685,8163485.1685
601788.SH,20260515,0.8482,0.97,16.9318,1.1084,6.0305,1.4589,6893127.5203,5840514.7643
688795.SH,20260515,11.6536,0.92,,27.1077,159.7882,,31226794.6246,1952048.1963
300509.SZ,20260515,8.1061,1.88,26.9203,5.013,2.6769,1.2942,343527.6,286392.9832
600707.SH,20260515,7.1082,1.22,667.5658,1.7598,3.4639,,3835988.6235,3835218.9435
920087.BJ,20260515,4.0882,1.26,237.1914,3.9719,6.4732,1.1538,214760.0,213259.9625
600153.SH,20260515,0.7131,0.56,,0.682,0.044,4.9844,2937232.5522,2937232.5522
603839.SH,20260515,1.2523,1.05,,1.8572,1.2956,1.2332,312322.0734,312322.0734
002698.SZ,20260515,3.3155,1.32,30.5455,3.5575,5.5587,1.7007,1503165.5153,1235151.1757
300671.SZ,20260515,7.9748,0.76,,7.0681,11.7727,,1121543.8064,1118285.421
000678.SZ,20260515,10.8265,1.11,,7.9344,4.1237,,618177.867,618177.867
002321.SZ,20260515,1.4701,1.09,,4.6966,0.7811,,432976.6844,431144.8201
002872.SZ,20260515,1.8074,0.95,,0.8829,3.2308,,171402.0,115840.8742
688696.SH,20260515,1.1675,0.67,49.3058,2.1593,1.8732,,646284.6,646284.6
301190.SZ,20260515,1.7222,0.65,57.0315,2.6794,6.2535,0.5803,530796.0645,353896.192
002156.SZ,20260515,10.4328,1.01,59.8277,5.5263,2.9523,0.0789,8653337.5922,8652512.5698
920190.BJ,20260515,1.8781,0.84,84.7438,2.7424,0.7648,0.5046,237800.0024,236475.5753
000062.SZ,20260515,6.3479,0.74,60.1593,4.9663,1.2265,1.5571,3358414.8329,3355174.1472
300556.SZ,20260515,4.1162,0.91,,6.1152,3.9672,,245926.6282,219508.6475
600189.SH,20260515,1.9717,0.96,311.2818,5.0385,4.8337,,622937.2943,622937.2943
688136.SH,20260515,1.5567,0.6,44.399,2.8795,3.4053,0.3172,497507.922,497507.922
601121.SH,20260515,1.5762,0.94,44.689,1.6057,4.3877,0.4269,702749.3221,571200.0
600995.SH,20260515,0.8926,0.78,26.514,2.0299,6.1128,0.8081,4688540.5159,4688540.5159
300233.SZ,20260515,3.0756,1.26,91.1993,1.6651,2.2071,1.5537,610360.5933,588006.1092
688579.SH,20260515,1.2308,1.03,111.762,2.8169,8.3076,0.666,390409.76,390409.76
601225.SH,20260515,0.4955,1.07,14.3057,2.2657,1.4737,4.9246,23132270.0,23132270.0
688800.SH,20260515,3.588,0.55,95.9521,11.2946,8.6248,0.2035,2709348.015,2709348.015
002398.SZ,20260515,2.2811,1.08,73.8638,0.9218,1.4584,1.6468,334360.145,291950.1772
003010.SZ,20260515,2.4996,0.74,37.3823,11.3028,2.3221,1.6317,894607.053,650384.9154
000958.SZ,20260515,0.8331,1.0,25.0573,2.2919,8.0842,0.9275,10389130.9787,3219284.275
000050.SZ,20260515,1.4622,1.4,,0.6784,0.5151,,1835937.5028,1835923.2164
300837.SZ,20260515,2.0395,0.85,45.0905,2.3008,4.9292,0.9236,324817.3411,245525.5411
601990.SH,20260515,0.5322,0.96,28.5924,1.3248,11.3772,1.532,3128135.3622,2621002.6952
000048.SZ,20260515,1.6574,0.76,,2.0247,1.5368,2.5934,760424.7465,759736.8567
002075.SZ,20260515,1.2332,0.6,38.0649,1.4382,0.7422,1.1521,952120.2431,952118.7133
300669.SZ,20260515,0.6768,0.68,352.8638,7.078,19.3306,0.3076,623209.6711,590204.7963
301265.SZ,20260515,4.3826,0.81,96.5845,3.7042,8.4219,0.1532,787730.2732,441472.5978
600332.SH,20260515,0.739,0.99,12.3139,0.9168,0.4623,3.5858,3627139.6072,3136542.7072
688485.SH,20260515,12.4608,1.18,,6.7509,36.1821,0.0397,844340.8043,498642.3204
600234.SH,20260515,3.4489,0.81,,15.4823,17.5817,,696993.1833,696993.1833
603881.SH,20260515,10.4004,0.76,208.6728,8.6482,17.0586,0.1477,2910145.2229,2910145.2229
002025.SZ,20260515,4.5685,0.83,167.6589,4.7504,5.2963,0.3314,3160667.7808,3150320.6864
002915.SZ,20260515,2.7231,0.46,723.0755,5.2111,5.0769,,774816.6656,665739.3029
000725.SZ,20260515,2.2608,1.22,25.7746,1.1269,0.7481,1.22,15336351.8185,15045448.7685
600113.SH,20260515,0.9364,0.48,128.4976,7.2056,23.6997,0.3032,1806005.5181,1764216.8141
000543.SZ,20260515,2.7283,1.09,8.8891,1.0884,0.7108,3.7841,1910965.788,1910965.788
603089.SH,20260515,1.1632,0.94,54.4775,1.655,1.1079,0.7262,312389.8887,271957.6926
601860.SH,20260515,1.458,1.77,7.5778,0.4638,2.2884,3.861,948200.4504,919861.6246
600131.SH,20260515,1.2997,1.05,32.9506,3.2297,1.9277,1.2674,2093526.2619,2089246.2953
920263.BJ,20260515,3.3635,2.44,,2.6419,4.8138,,142372.8392,103369.5855
002799.SZ,20260515,2.2621,1.51,,2.2088,3.8041,,280675.08,280670.1688
603390.SH,20260515,7.102,1.46,39.9306,3.0417,5.014,0.6081,520444.9363,518760.6504
688612.SH,20260515,2.846,1.1,22.4273,3.5181,2.0781,1.1384,1320023.3206,795288.235
002628.SZ,20260515,7.1219,1.02,,1.5586,5.0736,,439875.3411,437948.97
301584.SZ,20260515,4.1672,0.79,37.9549,4.9985,0.5577,,1083975.3337,138206.8553
301132.SZ,20260515,5.2954,1.22,48.549,2.893,3.1006,1.1681,531185.3752,339812.4399
301314.SZ,20260515,6.6751,0.88,163.5735,2.7404,13.9757,0.3828,288681.25,95394.7165
688662.SH,20260515,17.7363,2.13,193.8719,10.4378,14.2901,0.4005,770864.64,770864.64
002576.SZ,20260515,5.0104,1.16,36.6776,2.3756,1.7654,0.4221,312864.5,307042.247
301560.SZ,20260515,7.9577,0.9,149.0765,5.9384,5.3179,0.1699,572614.4,287531.54
688004.SH,20260515,2.3548,1.18,,3.3264,11.4013,,190929.792,190929.792
600624.SH,20260515,0.8004,0.53,,7.4654,5.0492,,317255.0219,317255.0219
300923.SZ,20260515,2.4131,0.89,68.5328,1.8977,4.7795,1.6171,217329.0,211043.1181
600720.SH,20260515,0.9174,1.45,10.2991,0.9226,1.3326,3.5614,1475424.9483,648819.0028
300555.SZ,20260515,0.8651,0.56,,6.8447,25.0463,,282000.0,279158.6568
600989.SH,20260515,1.3873,1.21,16.6097,4.2569,4.1354,2.4376,20885409.28,20885409.28
600562.SH,20260515,0.8265,0.66,50.5304,4.739,9.0955,0.9903,3185365.3596,3185365.3596
001380.SZ,20260515,6.2356,2.68,20.8918,2.6876,2.689,1.039,528436.5598,171695.9211
300388.SZ,20260515,1.0175,0.89,15.0165,1.183,1.5037,2.3381,567989.2207,567989.2207
601058.SH,20260515,1.3202,0.94,11.916,1.882,1.1148,2.9618,4218632.6323,4218632.6323
601798.SH,20260515,1.698,0.94,57.489,2.419,3.1917,,313048.3988,313048.3988
301055.SZ,20260515,6.4619,1.02,80.0816,8.142,5.322,0.3185,570492.0,570492.0
000009.SZ,20260515,1.0095,0.81,393.3935,2.0366,0.8513,0.3788,2042737.4603,2040208.2083
002848.SZ,20260515,5.8842,1.53,,33.6512,5.9507,,281146.3,277403.8702
002221.SZ,20260515,2.0991,1.6,,1.2667,0.4919,,1264054.4691,1171633.6693
688781.SH,20260515,12.844,0.8,,11.4173,72.545,,4631000.0,189107.3342
603322.SH,20260515,4.4938,0.78,,21.412,2.4597,,563372.7957,563372.7957
603091.SH,20260515,1.6113,0.73,29.8306,3.7612,5.5355,1.143,858703.6224,264078.158
688113.SH,20260515,2.9276,1.45,30.0504,2.8851,5.553,0.9471,291656.5447,291656.5447
300765.SZ,20260515,0.635,0.93,,16.7709,18.3884,0.0644,4321932.4887,4321932.4887
301010.SZ,20260515,2.5595,1.04,325.9468,2.9429,2.9327,0.8857,243864.0,243864.0
688205.SH,20260515,8.4647,0.96,549.2757,17.9863,42.5564,0.1237,4210548.0367,4210548.0367
300375.SZ,20260515,5.4923,1.75,,1.8291,1.3496,0.7216,376830.4537,262010.8612
002316.SZ,20260515,4.7301,1.24,511.6914,27.312,3.7976,,213857.28,185387.04
603305.SH,20260515,4.6301,1.35,48.4949,2.0456,4.141,1.8918,1913853.3687,1913853.3687
001325.SZ,20260515,10.2366,0.83,24.1372,2.0909,2.612,,381651.2,95412.8
001230.SZ,20260515,6.8697,1.15,20.1911,1.7292,1.9754,1.6379,348996.0003,204403.4145
600737.SH,20260515,2.1743,0.97,33.8683,2.8832,1.3012,2.6148,3353714.0215,3353714.0215
688390.SH,20260515,3.901,0.95,106.3563,9.8851,3.0021,,2812229.8507,2812229.8507
300394.SZ,20260515,8.6947,1.24,143.4976,51.8376,56.1637,0.2138,31165652.0792,31103113.4427
920682.BJ,20260515,2.4031,0.54,32.5784,2.4398,0.7135,1.9026,284244.48,164838.9541
688302.SH,20260515,1.1313,0.63,,4.1857,209.2978,,432698.1633,432698.1633
300564.SZ,20260515,6.4092,1.37,60.8374,2.2781,7.9932,2.8523,282785.5456,198425.1378
601009.SH,20260515,0.3266,0.92,6.221,0.7373,2.4141,4.4189,13871922.4489,13871922.4489
688315.SH,20260515,0.9495,0.59,38.5413,2.3398,2.7666,0.3233,626381.0,626381.0
301656.SZ,20260515,6.7187,1.87,55.0251,4.871,2.224,,4698961.4381,397891.0992
603027.SH,20260515,1.1195,0.83,33.3348,3.1794,4.3659,5.5076,1117159.0953,1047177.6775
603990.SH,20260515,6.9612,1.32,261.3276,6.0469,16.9165,,507204.2025,507204.2025
603666.SH,20260515,3.9132,1.35,,2.9686,12.7788,,628923.0852,628923.0852
001339.SZ,20260515,10.0993,1.14,107.9706,10.8759,5.6619,0.078,2569327.5722,1268244.7136
002006.SZ,20260515,3.6776,1.42,50.4155,3.8692,5.4408,0.8058,967335.5918,967335.5918
603353.SH,20260515,4.7085,0.8,,4.8787,3.1185,0.4404,784063.266,777276.498
002958.SZ,20260515,0.9892,1.22,5.1131,0.4261,1.6733,4.0816,1633353.2476,1599210.2973
603175.SH,20260515,11.5213,1.02,635.7542,14.8924,8.0864,,4078794.6529,424411.0819
002982.SZ,20260515,5.0948,1.31,203.7604,1.764,0.6324,0.5066,286503.4935,183428.4933
002300.SZ,20260515,9.0957,0.78,93.4448,3.8439,0.5806,1.0859,731724.0381,731684.8461
600657.SH,20260515,1.2698,1.26,,0.5284,1.8186,,818489.1568,818489.1568
002867.SZ,20260515,0.9146,0.98,11.9784,2.0235,1.6934,7.1259,1370953.5269,1362899.2635
300369.SZ,20260515,2.8543,0.68,,2.2813,2.2989,,584458.3805,582353.7606
600858.SH,20260515,1.6995,1.05,49.0025,1.0297,0.5362,0.696,283956.3576,282581.2238
920394.BJ,20260515,1.9437,1.43,56.4816,8.8408,16.2867,0.4065,719550.0,714250.235
301581.SZ,20260515,2.3202,1.13,97.6383,3.926,4.5841,1.4017,399520.0,211218.733
603095.SH,20260515,4.7163,0.6,93.8851,2.6607,6.411,3.6031,621912.2336,621912.2336
600150.SH,20260515,1.6544,0.82,26.4125,2.0406,1.7007,0.3664,30516394.3228,24619741.469
300536.SZ,20260515,8.384,0.72,,13.9729,20.7831,,393592.6745,393564.1409
605319.SH,20260515,1.3562,0.87,19.4638,3.2101,3.0279,1.8259,917605.6025,912505.1365
300595.SZ,20260515,1.4473,0.93,25.564,2.3513,6.4582,0.4214,1189839.2445,888429.536
603255.SH,20260515,2.8193,0.84,168.8485,2.767,4.6336,,438499.6511,197679.958
000561.SZ,20260515,1.35,0.74,,2.7533,4.7211,,800080.8884,718805.0554
600428.SH,20260515,2.0888,1.26,11.9268,1.2836,0.8937,3.4875,2195136.316,1956228.4664
300546.SZ,20260515,4.3038,0.57,152.6851,3.5173,6.6154,0.2128,394728.1415,283228.0783
600531.SH,20260515,9.1491,1.03,20.4442,2.6082,0.3337,1.3241,1852590.4533,1852590.4533
002498.SZ,20260515,9.0961,1.12,55.7713,3.6126,2.861,0.418,3183743.772,3183743.772
000599.SZ,20260515,1.6287,0.85,,1.2645,1.2752,,1291174.8432,464726.2617
688796.SH,20260515,4.0817,0.69,148.002,18.8413,27.5142,,4299162.8004,345239.1064
688560.SH,20260515,3.4594,1.07,,1.2961,4.4783,,332550.7685,332550.7685
002863.SZ,20260515,2.0183,0.95,51.3414,1.1632,0.5893,0.3102,328516.9876,328516.9876
688727.SH,20260515,18.6746,1.05,283.519,10.6656,40.9272,,2697265.5588,301609.7195
300969.SZ,20260515,7.2703,1.08,106.5173,9.8957,17.8767,,1757654.745,837891.615
301039.SZ,20260515,0.7488,0.98,17.7243,1.0637,0.7726,3.3573,1563019.7663,1211324.535
600371.SH,20260515,1.718,0.99,,4.5206,14.2072,1.8094,242547.162,242547.162
300674.SZ,20260515,1.1878,0.5,31.5342,2.8577,3.6725,,1322219.1587,1320256.3858
600704.SH,20260515,1.3956,1.37,7.1614,0.6134,0.0433,6.2,2585589.945,2585589.945
300539.SZ,20260515,6.6748,0.71,170.51,7.3686,9.1493,0.342,879370.1714,714673.4174
000581.SZ,20260515,1.9669,1.14,17.8059,0.9564,1.5899,5.0049,1937438.5288,1590986.2192
003002.SZ,20260515,1.5423,0.96,32.0523,3.3994,4.0287,0.5662,527600.0,482351.1115
603709.SH,20260515,2.4267,0.69,,4.6879,1.361,,238538.0624,236706.7388
002092.SZ,20260515,2.4059,0.7,,0.6903,0.5055,,1476311.1247,1468060.9304
603661.SH,20260515,0.9809,0.89,22.3943,1.0361,0.3127,4.6131,382851.5363,382851.5363
601992.SH,20260515,0.9542,0.94,,0.4398,0.1908,3.125,1708443.3814,1333465.3222
688550.SH,20260515,4.4239,1.27,26.696,2.4549,4.7947,1.2378,820371.9029,820371.9029
920396.BJ,20260515,3.4119,0.92,49.4275,5.6291,7.8269,0.7214,207852.4294,147666.5911
001215.SZ,20260515,11.4339,1.53,61.2421,2.1326,1.9711,,396414.6197,395358.6994
300211.SZ,20260515,1.1429,0.83,,6.3943,14.7536,,281742.8532,276692.6508
300071.SZ,20260515,5.2482,1.17,,28.3828,5.3137,,456881.1753,448096.3105
000608.SZ,20260515,4.2109,2.31,,1.5228,9.4571,,312713.8499,310843.2921
002687.SZ,20260515,2.6812,0.84,29.8507,1.5454,1.9344,,241789.3762,198015.5042
300785.SZ,20260515,11.3576,0.87,106.5331,5.3515,8.1423,0.2837,1051347.6697,646781.3648
600831.SH,20260515,1.1882,0.78,,7.543,2.6307,,267316.069,267316.069
603800.SH,20260515,3.5231,0.73,502.2924,15.0835,11.2396,0.169,1193088.0,1193088.0
300740.SZ,20260515,3.6758,0.87,71.8182,4.5723,1.9922,,1013909.6618,933967.6139
603822.SH,20260515,1.1386,0.81,160.0979,16.3431,1.1075,,544388.2282,544388.2282
301418.SZ,20260515,3.9129,0.82,383.1948,1.9491,7.487,,314820.0029,126370.1819
300834.SZ,20260515,2.9048,0.73,175.0982,3.211,7.5713,0.6316,924395.3485,918260.5894
002876.SZ,20260515,3.4896,0.78,101.6843,2.1344,1.3501,,516264.3631,442207.6638
301313.SZ,20260515,4.8112,0.91,,6.1478,6.2071,,396743.789,301252.73
301163.SZ,20260515,3.4256,0.59,60.6915,2.1843,2.9855,0.4074,250348.8,167898.2605
300172.SZ,20260515,3.4135,0.83,44.6275,1.8721,4.8888,1.912,353919.33,273495.3575
300666.SZ,20260515,9.3054,1.37,91.2507,9.7187,10.2612,0.1606,5037378.4874,4198104.275
000514.SZ,20260515,1.2052,0.89,,1.1013,4.9563,,404166.2922,404166.2922
600282.SH,20260515,0.5122,0.74,10.7661,1.1348,0.5352,5.0754,3107205.8695,3107205.8695
000166.SZ,20260515,0.5819,1.41,11.4993,0.9917,4.6016,1.7841,11368134.8302,10231120.3215
002492.SZ,20260515,1.7563,0.6,,1.9263,9.4132,0.2581,312660.0,307128.4077
301086.SZ,20260515,3.7922,1.0,173.1792,10.5789,20.6467,0.3419,2105910.0,1097892.9667
688411.SH,20260515,6.4251,1.28,43.7388,9.2464,3.7325,0.4269,4640738.7537,3372026.7101
688095.SH,20260515,2.6015,0.73,150.0209,2.7017,6.4746,0.3789,710137.5801,710137.5801
300860.SZ,20260515,5.4794,2.55,,1.5804,21.1749,0.8006,494306.2464,287000.5523
301510.SZ,20260515,6.7701,1.36,211.91,11.2772,27.2044,0.0953,1636440.91,1142040.5327
000537.SZ,20260515,3.2891,0.77,34.1299,1.0897,4.2994,2.3346,2168782.3834,2168782.3834
600312.SH,20260515,2.5825,0.93,24.9055,2.5108,2.3518,1.1811,2929593.1061,2929593.1061
002786.SZ,20260515,7.3479,2.7,,20.9197,1.7835,,416809.692,415548.192
000421.SZ,20260515,1.5211,1.13,40.6767,1.2637,0.4761,0.9705,356137.7551,356063.7041
605108.SH,20260515,1.3959,1.34,55.8606,1.6058,1.3847,0.8296,374660.0,374660.0
605178.SH,20260515,6.8358,1.71,,6.8617,22.6432,,757466.6,757466.6
600433.SH,20260515,6.8616,0.91,,1.8247,1.1001,1.3043,805128.4472,805128.4472
002368.SZ,20260515,2.5319,0.96,,2.5422,1.3572,0.5699,1011504.3772,1006613.6322
603458.SH,20260515,6.4276,1.1,,1.5865,3.1964,,408982.3507,408982.3507
600990.SH,20260515,1.951,1.07,,3.7178,3.5443,,575170.9244,570844.9409
603517.SH,20260515,2.4792,2.78,,1.2434,1.4295,2.6742,747806.389,747806.389
600115.SH,20260515,1.8218,1.44,91.6808,6.4692,0.6353,,9122235.2447,7031310.5008
600589.SH,20260515,16.3546,0.74,,30.7183,41.6627,,1907800.8087,1899833.8087
603222.SH,20260515,3.3994,0.8,,4.7135,7.8523,,524565.5244,524565.5244
000937.SZ,20260515,0.5781,0.5,47.3623,0.9938,1.308,11.0497,1918715.9396,1864334.64
002838.SZ,20260515,2.3552,0.86,66.433,4.6617,2.7011,0.2569,1751894.9481,1540353.3733
688262.SH,20260515,4.7505,0.95,,6.8343,21.9058,,1317119.659,1317119.659
300733.SZ,20260515,7.1105,1.55,77.9848,3.5915,3.1467,0.2428,624190.9638,460496.2024
002507.SZ,20260515,0.8622,0.81,18.0095,1.5334,5.5956,5.171,1383548.9146,1379784.1805
920125.BJ,20260515,23.1671,0.79,112.474,11.9697,12.0527,,817071.84,239789.9109
002333.SZ,20260515,1.1588,0.76,71.2236,1.8373,2.4871,0.1901,355010.4448,350583.9775
000534.SZ,20260515,4.0457,0.62,93.1236,10.9409,14.2879,0.1284,1879214.927,1847358.0752
003042.SZ,20260515,2.3194,0.87,,1.9388,1.1957,,237229.2,205296.1567
002475.SZ,20260515,2.7365,0.88,31.3178,6.1032,1.5211,0.4849,53916297.9318,53792630.5822
600361.SH,20260515,1.6805,0.95,18.7756,1.3912,0.2031,1.9131,1586381.738,1586381.738
603100.SH,20260515,1.1404,1.03,16.0347,2.1467,1.5098,2.8693,1028399.0447,1025124.4887
300865.SZ,20260515,4.9984,0.68,242.3211,3.4011,8.6979,,296799.36,178309.9085
300096.SZ,20260515,1.0797,0.64,83.2129,11.9173,7.9436,,397320.0,397320.0
600038.SH,20260515,1.0103,0.78,50.7659,1.4055,0.8514,0.6755,2476077.5033,2020184.3674
600444.SH,20260515,1.8807,0.95,43.5236,3.1814,2.7825,0.6634,242767.5633,242767.5633
605100.SH,20260515,1.8651,0.93,360.6242,4.8106,10.1298,0.5923,866796.21,862744.764
301399.SZ,20260515,5.5195,0.83,177.4306,3.0031,8.3505,0.9659,396312.84,117132.2412
600606.SH,20260515,0.9488,0.7,,0.5468,0.1224,,2108132.7471,2108132.7471
300320.SZ,20260515,1.5222,0.72,23.582,2.2028,1.5856,0.4211,571172.4815,461063.121
003036.SZ,20260515,6.8826,0.95,189.6058,6.5262,5.807,0.2891,926777.0943,926753.3125
301233.SZ,20260515,8.5039,1.35,38.5681,3.1262,7.2652,0.8339,313967.0,171901.8125
300313.SZ,20260515,1.8356,0.85,,60.7604,7.5876,,223234.2434,183735.4466
605118.SH,20260515,1.4289,1.05,67.7155,11.4577,20.4887,1.3521,1852748.825,1841952.5925
300890.SZ,20260515,12.6382,0.84,52.6153,2.1109,2.3677,,451207.9167,412272.3117
301309.SZ,20260515,7.1215,1.74,33.3872,2.2406,4.2901,0.7992,375395.4496,226209.0806
002436.SZ,20260515,9.0283,0.95,370.8658,10.0281,7.2005,0.0946,5352272.0499,4779962.9272
301290.SZ,20260515,6.4313,0.61,,1.5367,8.3241,,332775.8155,226430.5098
002173.SZ,20260515,4.6153,0.78,,5.9691,13.6436,,1029516.3932,981878.1173
300936.SZ,20260515,7.8071,1.03,7505.3392,6.5279,26.55,0.1143,658000.0,414935.5
002268.SZ,20260515,1.4959,1.13,348.3415,2.3135,5.7418,0.399,1271836.6688,1271262.7424
688507.SH,20260515,20.514,5.43,726.2503,3.4634,20.5402,0.3442,958097.6456,529382.569
001316.SZ,20260515,3.3407,0.62,32.2904,4.9818,5.3217,1.0314,679526.3243,633310.5803
603838.SH,20260515,0.5182,0.6,,3.7367,8.5209,,328336.416,328336.416
002519.SZ,20260515,4.5528,0.47,,4.0379,13.0861,,895512.5639,888495.5544
603529.SH,20260515,0.8926,0.84,11.7433,1.9313,0.7974,5.5278,1909364.5604,1864633.0076
000900.SZ,20260515,1.242,1.51,15.3816,0.5414,0.9547,3.7594,605613.5053,605577.5953
600958.SH,20260515,1.2194,0.53,14.1292,0.999,5.8107,2.2682,8173772.7709,7185642.5152
601156.SH,20260515,1.8314,1.76,9.055,1.2188,0.974,1.8557,2463886.2229,1466012.3029
600770.SH,20260515,8.5812,0.64,71.3049,2.7419,18.5817,,932100.0,932100.0
600097.SH,20260515,1.5211,1.09,92.8028,1.0631,1.0625,0.8048,239490.9396,239490.9396
688089.SH,20260515,1.9938,0.64,45.2494,1.5714,5.9687,1.3486,249602.425,249602.425
603813.SH,20260515,0.9616,0.96,,8.1911,11.796,,406408.05,406408.05
300174.SZ,20260515,3.7159,0.87,29.2189,1.8658,3.3588,1.2785,651572.334,647966.0661
688007.SH,20260515,1.6154,0.95,,2.8353,4.6174,0.1671,683448.4492,683448.4492
002416.SZ,20260515,2.5555,1.1,41.1416,2.5867,0.2672,4.0032,1547862.9757,1528656.4757
000953.SZ,20260515,2.5162,1.3,424.9814,16.8402,14.7634,,259946.7585,259946.7585
301428.SZ,20260515,5.7641,0.65,,2.8654,3.3121,0.2829,345333.3345,214187.8095
600810.SH,20260515,2.1185,1.32,,1.0961,0.6232,0.6276,776492.1661,769496.0541
300701.SZ,20260515,2.7999,1.47,46.1661,3.4919,8.2349,0.8163,346350.5208,305174.2332
300847.SZ,20260515,0.9554,0.77,41.3416,3.1045,3.977,0.8537,471543.93,471543.93
002153.SZ,20260515,2.4774,0.84,,3.8484,9.1491,0.1064,2565442.2105,1503777.9758
002410.SZ,20260515,3.2574,1.26,41.3918,2.9734,2.8223,2.2238,1694894.8949,1610941.4989
002929.SZ,20260515,26.8403,1.48,,4.167,2.6983,0.1398,2641688.5981,1993612.1172
002489.SZ,20260515,7.9385,1.46,34.9941,1.8928,1.5573,0.9975,869775.5415,767121.5974
002283.SZ,20260515,5.2912,0.78,33.9543,2.348,3.2486,2.1472,1408369.072,1239493.5898
600255.SH,20260515,2.6685,0.95,164.0725,4.2711,1.2762,,630345.2873,630345.2873
002583.SZ,20260515,2.1725,0.84,,8.5469,2.8969,,1740418.7476,1227563.9061
300040.SZ,20260515,11.2417,0.77,108.3722,1.8194,3.1966,0.7607,475480.3122,382340.8973
920445.BJ,20260515,1.5855,0.65,61.7093,4.4362,3.7451,3.1799,137096.8342,97809.7779
688310.SH,20260515,1.8324,0.62,49.8443,3.5885,6.3216,,282638.312,282638.312
000796.SZ,20260515,2.8992,0.82,210.9917,8.2104,8.7243,,745761.8459,618804.2998
002948.SZ,20260515,1.9121,1.22,6.0617,0.777,2.2235,2.8169,3305961.4832,1767900.8049
300611.SZ,20260515,4.5113,1.3,41.8771,4.2035,2.6503,,541195.4795,380248.8407
920028.BJ,20260515,15.4162,0.61,31.3676,3.1232,4.1362,,354031.44,139922.9784
300951.SZ,20260515,2.0386,0.94,85.0576,2.652,4.292,1.6412,611874.9564,546836.4175
688011.SH,20260515,1.7929,0.91,,6.1606,44.7782,,646000.0,643819.8986
688668.SH,20260515,3.9347,0.76,127.8485,16.6522,20.5581,0.2837,3425778.3664,3425778.3664
000723.SZ,20260515,1.2412,0.79,,1.4368,0.9804,,1774609.7117,1771187.3825
688037.SH,20260515,7.1172,1.27,790.8597,19.9214,27.8468,0.0397,5579833.7895,5579833.7895
603590.SH,20260515,1.4248,0.65,33.0779,1.7321,6.0781,1.7121,557967.7638,555206.1808
002258.SZ,20260515,2.212,1.11,22.4087,1.2337,1.0697,3.2415,987739.5394,986149.2428
688369.SH,20260515,3.5738,0.99,,3.5479,2.9247,,270992.903,270992.903
601107.SH,20260515,0.5463,0.97,12.8304,0.9926,2.0837,4.5669,1941868.1,1373339.9
000980.SZ,20260515,3.6913,0.67,,411.7339,27.0924,,1346360.2463,1346347.7518
920198.BJ,20260515,2.6583,1.04,177.124,3.4126,7.986,,139902.477,61094.0246
300994.SZ,20260515,2.1243,0.72,25.6065,2.5817,0.9309,2.9304,318165.12,159246.36
000521.SZ,20260515,0.7265,0.75,19.2904,0.9446,0.1899,5.8929,576757.2804,490128.6992
688509.SH,20260515,3.5299,0.7,,3.3944,7.1968,,374220.0,187009.0092
300863.SZ,20260515,6.7624,0.97,77.3603,8.6712,3.0963,0.3109,1290886.235,1240760.2012
300427.SZ,20260515,5.8676,0.7,,4.4723,7.3739,,537505.955,531676.1666
300743.SZ,20260515,1.8301,0.81,25.1759,4.297,3.2147,2.5682,291086.3398,245265.9748
002449.SZ,20260515,3.8818,1.47,,1.335,1.6022,0.6165,501584.9841,501584.9841
600665.SH,20260515,1.52,1.09,,1.9937,0.4752,,282568.0644,282568.0644
300629.SZ,20260515,4.3879,0.77,57.3013,3.5801,14.5485,0.3937,635095.569,547608.0516
920690.BJ,20260515,3.4822,1.19,24.8143,2.9328,4.5287,1.4652,180999.0,117660.4884
600568.SH,20260515,1.0134,0.83,,3.0339,8.9999,,490245.9415,410590.5506
002601.SZ,20260515,1.3073,0.7,56.132,1.8317,1.6051,3.4014,4184355.3383,3488242.8894
300382.SZ,20260515,4.5588,0.98,,4.4114,4.7009,,1004371.5907,1004275.9059
600774.SH,20260515,1.2903,0.78,,1.6483,2.4347,,243991.7965,243865.9064
301362.SZ,20260515,7.9204,0.81,130.0706,7.46,11.4813,,1902900.6,539400.6
600318.SH,20260515,2.323,0.89,98.737,3.4275,10.7769,0.2695,380443.9029,380443.9029
603318.SH,20260515,17.7526,0.86,,3.2403,2.4964,0.5126,609031.1934,504059.8746
300110.SZ,20260515,1.3151,0.67,,4.1399,2.6619,,353481.6816,353172.1045
301129.SZ,20260515,10.5086,1.96,34.96,2.0879,6.9821,0.8729,380240.9252,185458.435
002171.SZ,20260515,4.7499,1.49,49.7306,2.1866,0.2982,,1947525.4464,1936489.764
002775.SZ,20260515,2.8001,1.41,,61.4081,4.8821,,250056.435,224705.577
001227.SZ,20260515,1.4724,1.67,6.6934,0.3997,1.5791,4.6759,1230270.5883,910980.0067
301508.SZ,20260515,2.2568,0.87,42.8585,3.1467,7.2567,0.7314,652255.802,169743.014
000750.SZ,20260515,0.9722,1.05,29.3078,1.0598,6.7119,1.1082,2420360.1268,2196761.3073
300190.SZ,20260515,7.7975,1.44,,1.4088,2.703,,438017.1411,436239.6386
301458.SZ,20260515,5.1489,0.61,84.7883,6.6666,13.9547,0.4657,1133866.8084,499533.4087
600678.SH,20260515,1.6289,3.54,,9.338,3.7585,,240803.1,240803.1
300973.SZ,20260515,1.7858,0.82,16.9975,1.8871,1.0938,2.4479,476524.5497,333641.2178
603908.SH,20260515,1.0631,0.71,,4.4514,2.2863,2.8065,216240.8661,216240.8661
300287.SZ,20260515,3.6143,0.6,,6.636,21.5294,,657355.4041,603779.3875
603169.SH,20260515,1.3744,0.67,,4.3377,1.8415,,1153455.6576,1153455.6576
920523.BJ,20260515,1.7259,1.17,16.6255,3.0831,4.2977,1.3411,226611.1625,181285.3883
002199.SZ,20260515,5.0499,2.08,,18.6568,7.4095,,337897.9998,320533.7451
002758.SZ,20260515,1.4056,0.93,8.4499,0.8796,0.0916,3.3442,457065.0016,456538.8904
688307.SH,20260515,6.3573,0.78,166.9325,12.3002,15.3826,0.0786,1129294.054,1129294.054
603341.SH,20260515,4.2024,0.82,45.9969,2.8428,0.5094,1.2381,2053258.6403,1045950.213
300784.SZ,20260515,10.5288,1.87,63.4994,3.6481,5.6345,0.7563,297440.6664,88934.6672
688553.SH,20260515,2.2539,0.97,377.4669,2.2498,8.2718,2.2951,850588.8,689827.7678
300109.SZ,20260515,2.5782,0.86,53.2947,2.5119,7.7768,1.3036,929540.9034,860072.5457
000070.SZ,20260515,12.3511,0.73,,20.5143,3.714,,1655156.9608,1632921.7401
300566.SZ,20260515,3.1164,0.84,26.146,2.3693,2.4513,0.9845,527616.6061,456307.7076
603300.SH,20260515,3.5688,0.96,29.4175,1.9641,2.1083,0.3827,1310435.2763,1310435.2763
002195.SZ,20260515,3.2989,0.87,602.6926,4.9739,75.6157,,4927712.0308,4883645.5979
301295.SZ,20260515,9.5347,1.19,147.4593,5.2255,6.8493,0.4741,510249.6,148822.8
002573.SZ,20260515,0.7444,0.84,,0.8965,0.5539,,492512.9435,491725.1063
002374.SZ,20260515,4.1277,1.53,,7.1997,6.9654,,385249.2955,385249.2955
300792.SZ,20260515,3.9029,0.98,74.0064,2.8462,8.0524,0.3968,835933.9514,749818.7983
688155.SH,20260515,2.7506,0.74,28.0672,5.0983,3.5233,0.6004,1251716.4792,1251716.4792
603332.SH,20260515,4.1915,1.23,37.9147,2.3778,1.8673,1.5103,314136.1112,314136.1112
301397.SZ,20260515,7.9046,0.59,49.3028,3.1426,4.6301,1.4976,636038.6012,288652.193
002645.SZ,20260515,5.6991,0.64,45.0223,4.1106,1.9685,,1754143.0062,1562202.505
300527.SZ,20260515,0.5642,0.75,568.2128,2.7699,8.1205,0.0324,801215.0531,801215.0531
688716.SH,20260515,10.1169,2.48,3351.0045,3.9583,15.0431,0.5214,466764.48,268240.6241
000717.SZ,20260515,1.0595,1.28,,0.8442,0.2159,,564756.0225,564689.7048
688793.SH,20260515,3.3033,0.81,,9.6106,2.7549,,214175.9841,214175.9841
300908.SZ,20260515,1.302,1.12,19.9713,2.3073,3.5755,3.7092,393616.0,332695.7659
601089.SH,20260515,0.506,0.98,22.0904,2.4751,2.7518,2.4399,959040.0,959040.0
002168.SZ,20260515,1.0614,0.71,,281.2186,8.2425,,315233.6739,315233.6739
300230.SZ,20260515,2.2045,1.1,23.0368,1.2528,1.6704,1.2871,410672.7877,318060.362
000782.SZ,20260515,12.0311,1.1,,3.5032,2.3026,,566429.7449,435715.189
300600.SZ,20260515,1.5724,0.66,,3.0333,12.758,,363968.0518,363968.0518
002774.SZ,20260515,3.7891,1.07,73.4603,3.5384,2.9595,,429613.7604,359536.2041
000972.SZ,20260515,0.8724,0.85,,456.1573,6.3252,,296172.8943,296172.8943
000856.SZ,20260515,2.5221,0.88,182.6234,5.3394,0.83,,223368.0,223368.0
603896.SH,20260515,0.8978,0.85,,1.4632,5.151,1.6484,324723.5262,324723.5262
002430.SZ,20260515,2.2936,0.76,29.681,2.9118,1.89,0.3337,2932141.2307,2930878.8943
920152.BJ,20260515,2.7853,0.34,,11.3789,3.2053,,202307.8689,149179.2123
688376.SH,20260515,3.0567,1.24,96.1708,5.4452,5.1502,0.2521,1066191.0746,1066191.0746
002971.SZ,20260515,20.4352,2.58,164.0992,4.8281,5.1289,0.2421,872642.355,644529.9634
301299.SZ,20260515,3.4662,0.78,54.1365,6.287,9.6646,2.5533,355604.2784,262495.7232
301386.SZ,20260515,3.4868,0.89,38.9954,2.3491,6.5958,1.9562,357840.0,115020.0
301587.SZ,20260515,12.7864,1.37,71.6395,2.1091,5.6857,1.6969,420916.2103,209855.3353
688221.SH,20260515,4.9107,0.75,2468.8889,7.7128,21.7953,,854788.4861,854788.4861
603931.SH,20260515,4.9187,0.98,76.9746,4.629,15.1073,0.4753,923755.741,923755.741
688567.SH,20260515,1.4054,1.14,,1.7845,1.9259,,1629064.4787,1629064.4787
688530.SH,20260515,15.8575,0.77,4631.4038,10.3176,11.8974,0.119,874004.7839,381061.8302
002743.SZ,20260515,2.1163,0.91,,0.9698,2.0325,,225033.8031,224673.1956
601700.SH,20260515,1.6982,0.73,,2.9435,1.9422,0.3523,633149.0588,633149.0588
603378.SH,20260515,11.5505,1.68,,,5.8378,,230156.3968,230156.3968
002919.SZ,20260515,4.0651,1.26,288.7281,8.7578,4.5532,0.1861,715089.4351,709916.9438
601319.SH,20260515,0.2746,1.34,7.2235,0.9638,0.4657,2.7584,30779897.4458,24706438.5818
600610.SH,20260515,8.3974,0.85,197.6554,78.8127,10.49,,1095913.9209,725027.4192
002215.SZ,20260515,2.1807,0.89,13.1139,2.0852,1.6123,3.457,1017694.0495,813431.5717
600694.SH,20260515,1.673,1.01,12.3742,0.6766,0.9895,5.109,618811.0169,618811.0169
600121.SH,20260515,3.4225,0.88,,6.8382,1.5165,,503204.1717,503204.1717
920367.BJ,20260515,2.1854,0.59,104.6905,2.6763,9.0883,0.5467,129605.2263,76804.4252
000752.SZ,20260515,1.3689,0.75,16.4861,3.8388,5.5694,,238437.6759,238437.6759
301272.SZ,20260515,3.2257,0.75,72.8592,2.6419,4.5784,1.4648,270046.6168,144606.3552
603014.SH,20260515,2.4393,1.07,29.8528,2.0094,3.859,0.4516,1457543.9363,137352.6213
301606.SZ,20260515,3.139,0.74,42.5827,10.0044,3.2225,0.7382,3372386.9032,1341110.222
601162.SH,20260515,1.6914,0.96,274.9607,1.3236,13.6503,,3626634.6842,3095269.3706
603216.SH,20260515,2.7356,0.91,97.3528,3.4416,5.9436,0.7156,622418.55,622418.55
920808.BJ,20260515,1.7737,0.78,792.2648,23.0096,16.8231,0.0757,1638000.0082,1593546.146
601881.SH,20260515,0.5794,0.88,10.5899,1.1204,4.8331,2.5845,13580527.602,8996324.6878
002837.SZ,20260515,5.0403,0.8,203.5449,28.3736,15.565,0.1517,9822300.3985,8710018.744
600503.SH,20260515,1.9443,0.96,,1.1468,10.0738,,395765.63,395765.63
688008.SH,20260515,9.9901,1.24,118.5013,14.5393,53.2204,0.2357,30308116.1208,28429084.8678
603181.SH,20260515,1.9159,1.5,19.8754,2.4598,3.6165,1.3598,888937.0,888937.0
688669.SH,20260515,4.4282,1.2,,3.9788,1.1999,,432310.669,432310.669
300242.SZ,20260515,2.8824,0.96,,12.8234,2.0598,,310932.0598,310931.8902
002366.SZ,20260515,2.9538,0.8,,3.4065,16.3931,,1581512.6064,1406271.187
600031.SH,20260515,1.016,0.69,22.3497,2.0771,2.0399,3.255,18812979.0781,17338602.0157
603033.SH,20260515,1.3166,0.8,,4.7352,2.5089,,1196149.7226,1174535.9809
603499.SH,20260515,2.2865,0.55,62.0056,7.0808,6.3036,0.6595,655419.4487,655419.4487
603201.SH,20260515,1.5491,1.17,15.3623,1.6889,0.9871,2.508,302067.758,299484.0398
002541.SZ,20260515,2.0734,0.71,19.7808,1.2889,0.5647,1.9479,1270323.7879,913452.2083
002478.SZ,20260515,3.4531,0.78,16.7835,1.2107,1.2226,2.6764,735056.25,589742.7334
300638.SZ,20260515,4.9711,1.19,91.4263,3.4966,3.2074,1.4384,2184316.7351,1288459.8534
600660.SH,20260515,0.7859,1.06,16.2491,4.0585,3.1571,3.75,14614563.7792,11216723.4592
600016.SH,20260515,0.5198,1.14,5.3879,0.2746,1.0986,5.4848,15805453.0792,12801826.4799
688566.SH,20260515,0.9277,1.14,21.0679,2.1571,5.4031,1.9374,535272.4417,535272.4417
600741.SH,20260515,0.7125,0.88,7.7623,0.8184,0.3033,4.5249,5574016.0037,5574016.0037
688631.SH,20260515,3.6826,0.93,160.2916,4.8357,7.3377,0.7102,920663.04,365347.84
001317.SZ,20260515,4.815,0.66,,4.9058,4.3122,0.1607,498164.076,497672.8447
605305.SH,20260515,2.6821,0.84,16.539,3.0263,4.6357,1.8794,927224.76,927224.76
300558.SZ,20260515,2.4453,0.78,48.2098,3.13,5.6994,0.3935,2126809.5764,2120029.8963
000707.SZ,20260515,1.4302,0.75,,1.2032,1.6786,2.5321,332704.0828,313350.3421
603138.SH,20260515,3.5362,0.55,,6.739,10.2862,,545133.8771,534875.9868
600732.SH,20260515,3.9099,1.85,,5.9698,1.7786,,2830763.1471,2806978.9599
002599.SZ,20260515,2.9577,0.45,379.1859,2.9814,1.8314,0.2894,368081.7328,274993.5635
920006.BJ,20260515,1.4142,0.41,757.3721,5.7286,18.0392,0.5517,180032.6768,95307.4413
002423.SZ,20260515,0.8683,1.18,21.8532,0.9263,121.1429,1.6475,2209637.2464,2209637.2464
600855.SH,20260515,4.7623,0.61,,6.6049,7.5242,,923497.7169,921717.9039
600379.SH,20260515,24.7333,0.98,147.4937,7.8256,4.9508,0.4301,616156.1184,616156.1184
301175.SZ,20260515,5.0298,0.8,22.7525,2.4308,4.5566,2.6534,887543.64,374993.64
920985.BJ,20260515,1.9975,1.19,,3.1497,1.2062,3.8326,198374.2442,140582.7476
600838.SH,20260515,2.0849,0.92,83.2478,2.3114,37.1755,0.3596,356784.9631,356784.9631
300300.SZ,20260515,10.9766,0.73,57.2568,30.4893,52.7858,,810886.0274,810834.4082
002305.SZ,20260515,1.7515,0.88,,16.4884,3.8629,,412743.3533,412716.5797
300769.SZ,20260515,12.3805,0.81,,3.9801,1.8793,,2076473.4903,1865774.6695
688768.SH,20260515,1.4862,0.98,53.9893,3.3867,5.7851,1.0268,366121.0348,363103.6274
688349.SH,20260515,0.7637,0.93,25.1314,1.8944,0.9327,2.6892,2721390.9531,2639465.4731
920564.BJ,20260515,2.2813,0.58,,7.0785,10.2482,0.1713,216700.0063,99689.3751
002833.SZ,20260515,2.9832,0.95,20.6675,3.0686,3.5857,3.2392,916765.9095,622863.3163
600320.SH,20260515,1.8218,1.01,31.4429,1.6765,0.738,1.4727,2681591.932,1690896.8094
688552.SH,20260515,4.5762,0.55,,4.8515,24.7062,,1252876.32,322564.352
603116.SH,20260515,6.9082,1.27,,1.8137,2.2746,3.0842,458655.8368,458655.8368
000060.SZ,20260515,6.8366,0.64,31.8352,1.6453,0.5182,0.9894,3286467.6189,3286425.9939
688120.SH,20260515,4.4954,1.45,86.192,12.2532,19.162,0.1373,9460544.4112,9460544.4112
300873.SZ,20260515,1.3419,0.94,22.5523,1.4598,2.406,1.9521,469505.222,341148.4647
300641.SZ,20260515,1.64,0.84,22.304,2.6728,4.6173,3.5993,876083.1983,876083.1983
300232.SZ,20260515,4.491,1.28,,1.4889,0.8502,3.8724,673129.7865,548212.4525
002367.SZ,20260515,1.4278,0.94,16.2573,1.3254,1.0731,4.9423,484231.4918,482307.4687
300913.SZ,20260515,3.2501,0.89,76.6588,7.1575,8.6798,0.1643,1895922.3747,1414740.5463
600128.SH,20260515,1.7158,0.81,43.0317,1.1569,0.3473,0.9883,249685.1104,244793.36
603698.SH,20260515,3.7328,0.52,92.8598,5.8993,4.7995,0.4208,2076425.26,2076425.26
920166.BJ,20260515,3.0423,0.52,23.7212,3.2755,5.7494,,204197.648,64449.8854
002730.SZ,20260515,5.8267,0.66,171.5549,7.1022,10.2448,0.4017,1171690.4917,1119752.6917
002284.SZ,20260515,3.1573,0.86,17.9899,2.7302,1.6772,0.3861,957134.9507,946501.8352
002537.SZ,20260515,2.1853,0.96,27.9334,1.9203,1.2868,,842944.0229,839485.4169
600593.SH,20260515,2.7268,0.78,91.0179,22.2484,9.0312,,465166.87,459300.8
000809.SZ,20260515,2.5382,0.96,,1.1857,7.2654,,315070.2739,315070.2739
601882.SH,20260515,3.1099,1.57,28.7829,4.3759,3.6902,1.2325,1270548.0,1270548.0
000564.SZ,20260515,1.4146,0.89,,2.0569,15.8311,,2979580.4534,2490655.1216
000617.SZ,20260515,0.8685,1.03,24.2177,1.0477,119.7761,1.2698,11150313.7477,11150313.7477
002578.SZ,20260515,2.8126,1.04,,2.4221,1.8654,,365127.1412,334992.2362
300396.SZ,20260515,3.9527,1.22,,1.4071,2.6916,3.2828,215978.5275,215632.4742
002286.SZ,20260515,2.4952,0.85,23.9573,1.6064,1.3145,0.6166,369911.4934,359338.2601
002574.SZ,20260515,1.3079,0.84,,1.0705,0.8915,,290928.0,290928.0
300131.SZ,20260515,16.3659,0.97,1868.8957,14.1602,4.316,,2443696.9512,2244001.9619
600829.SH,20260515,0.9968,0.62,39.4771,1.7585,0.5113,,538716.5066,538716.5066
001225.SZ,20260515,4.8268,0.93,106.2242,2.3042,13.303,2.4585,321429.984,102669.2122
301379.SZ,20260515,6.6609,0.82,46.0461,3.9592,3.1902,0.9612,579467.0483,449427.4843
300343.SZ,20260515,3.0128,1.28,184.6125,3.9761,7.11,,778845.2868,777273.9346
300683.SZ,20260515,9.1291,1.15,,2.1467,8.4387,,458915.7348,427956.5277
301182.SZ,20260515,7.5278,1.85,,11.0414,8.7009,,731886.1446,667440.5196
600530.SH,20260515,6.7144,1.26,1420.284,18.3918,18.6762,0.1582,578090.32,578090.32
603577.SH,20260515,1.9721,0.71,37.8528,1.9497,0.9284,0.7648,384922.8785,384922.8785
920016.BJ,20260515,1.7538,1.0,58.3207,3.2286,4.8007,0.4276,126019.4178,56046.3259
300022.SZ,20260515,3.0657,0.84,,8.4714,1.545,,432954.5729,432941.7833
603073.SH,20260515,5.688,1.93,39.8976,1.724,2.958,1.4549,239192.0,104941.0526
301013.SZ,20260515,11.6377,1.14,,9.9569,12.2181,0.1754,666401.4527,539527.9099
920964.BJ,20260515,1.5354,1.31,,1.7178,1.4857,0.3484,149933.392,84778.214
300354.SZ,20260515,7.0836,1.8,39.6073,6.049,10.1576,0.4559,535852.4587,314991.1396
600455.SH,20260515,3.3029,1.01,40.2257,5.3595,6.0568,,183376.688,183376.688
600525.SH,20260515,0.9463,0.55,,2.5155,0.8631,,706866.1615,706866.1615
600380.SH,20260515,0.9454,1.0,14.5969,1.2293,1.2925,1.9066,1919096.6019,1919096.6019
603191.SH,20260515,4.0874,0.79,99.2342,2.6576,1.655,0.2498,665208.7122,665208.7122
300073.SZ,20260515,3.8638,1.0,39.7378,2.1205,2.4425,0.3192,3173232.0844,2949812.749
603477.SH,20260515,4.5568,1.09,,3.4282,1.1387,0.9073,942931.5373,919656.951
603376.SH,20260515,3.6879,0.71,61.0456,6.9896,4.0084,,1225203.063,98018.4504
301119.SZ,20260515,2.0122,1.02,44.6412,4.1957,9.5361,2.1366,447824.0,362177.66
000858.SZ,20260515,0.9305,0.96,26.76,2.6344,7.2859,6.6156,33719528.7394,33718706.8276
603162.SH,20260515,7.9316,0.89,28.4724,3.7284,3.4745,0.2681,1730433.3644,521214.34
300322.SZ,20260515,14.3189,1.43,249.2012,14.8299,5.0339,,1509845.2181,1445493.7642
300371.SZ,20260515,2.0067,1.13,40.011,2.2585,5.7046,0.6702,266210.4826,185214.2608
603180.SH,20260515,0.5752,0.72,,1.0604,0.8861,2.0907,286146.9947,286146.9947
603001.SH,20260515,2.5978,0.8,,1.506,2.027,1.6854,356872.2,356872.2
603161.SH,20260515,1.6346,1.04,31.4055,1.7995,1.243,1.1568,275086.9026,269909.4813
688323.SH,20260515,11.7448,1.01,,8.0469,14.4198,,575825.6814,575825.6814
301602.SZ,20260515,0.8921,0.83,64.8726,5.6235,20.6247,0.5673,770136.6891,374881.905
002742.SZ,20260515,1.8869,0.49,,20.3557,4.0445,,326316.6736,249928.9787
920599.BJ,20260515,1.0752,0.97,10.1766,2.2432,1.3423,3.7021,855671.25,648562.5401
688365.SH,20260515,5.3484,0.88,,9.4747,15.3329,,904877.4535,904877.4535
603173.SH,20260515,1.472,1.56,15.8409,3.0351,2.0894,1.2562,630560.0,630560.0
000570.SZ,20260515,2.9217,0.72,56.0257,1.2927,1.8116,0.1546,456583.052,359533.052
003021.SZ,20260515,7.0471,2.71,117.8922,5.5191,16.627,0.2682,2835708.3951,2197877.0036
688206.SH,20260515,2.1677,1.09,770.4272,7.9113,31.961,0.0826,1575343.8279,1575343.8279
600259.SH,20260515,6.7236,1.06,130.0779,9.0467,5.5868,0.1544,3267465.5579,3267465.5579
300647.SZ,20260515,2.8161,0.93,,7.3803,4.4849,,316466.1486,315996.363
300276.SZ,20260515,11.1337,3.61,,6.7384,6.9442,,1179678.1976,890098.4594
300122.SZ,20260515,1.3109,0.53,,2.33,4.112,,3600259.7795,2127115.6374
301387.SZ,20260515,14.4823,0.82,,6.1996,6.027,0.1579,1011749.9995,404562.0229
002419.SZ,20260515,1.4528,1.09,75.1461,1.4564,0.5261,1.1628,603125.439,603049.4451
300031.SZ,20260515,5.7429,1.31,37.6075,2.4193,2.7088,0.4234,989079.6936,831192.2689
600893.SH,20260515,1.3537,0.65,199.5672,3.1237,2.6586,0.2059,12560280.0495,12558067.8597
688029.SH,20260515,0.8004,0.88,27.8061,3.6435,4.6298,1.8138,1545608.5882,1545608.5882
301116.SZ,20260515,0.6933,1.0,,3.0297,0.2452,0.6623,474571.4298,474568.2588
300885.SZ,20260515,17.6099,1.3,125.903,8.4908,22.0066,0.3863,776715.134,522765.6358
688199.SH,20260515,4.8165,1.68,98.7113,1.8434,3.0317,,477071.4357,477071.4357
603087.SH,20260515,0.9861,0.86,32.9752,2.8557,8.5598,1.7693,3377162.2947,3154132.4113
600579.SH,20260515,0.9762,0.78,,2.3967,2.3515,,363783.7594,363783.7594
002846.SZ,20260515,2.7243,0.59,162.2952,4.1872,2.5326,,596810.9568,369681.038
003033.SZ,20260515,2.3968,1.32,29.214,3.2445,2.3025,0.9073,450524.25,444978.2111
002798.SZ,20260515,3.2131,0.63,,2.6171,2.1233,,459639.75,401054.1654
002627.SZ,20260515,1.4354,0.64,80.1634,1.5933,6.4259,1.3991,492728.937,487614.9399
002384.SZ,20260515,7.3561,1.2,182.5685,16.453,8.3398,0.0319,37245739.1632,28190852.2372
003020.SZ,20260515,1.5028,1.11,25.4849,2.2417,2.6663,2.3077,413456.0637,298604.885
603992.SH,20260515,0.8943,1.09,56.7331,3.9523,5.0358,1.1056,1448746.7514,1448746.7514
001314.SZ,20260515,3.1908,0.66,71.1957,3.7041,1.5129,0.1628,782062.222,682026.5922
300662.SZ,20260515,2.2423,0.99,14.0578,2.0795,0.3252,0.6444,488670.1894,487252.0115
001308.SZ,20260515,0.4635,0.96,32.5121,1.7978,0.9785,2.6154,1450428.0595,1003707.532
300749.SZ,20260515,4.6957,0.59,,8.9718,6.4989,,494047.9152,379008.6048
002228.SZ,20260515,2.1048,1.02,47.1643,1.4796,0.4294,7.1982,445312.5258,443821.0672
000635.SZ,20260515,2.1232,1.08,,2.8666,1.8678,,316095.1656,294189.4924
603070.SH,20260515,4.7988,1.9,109.213,3.0685,3.6214,0.4834,663655.0,663655.0
002923.SZ,20260515,2.4534,0.67,,3.9304,3.261,1.2126,414262.9948,319250.9384
603810.SH,20260515,1.6623,1.08,69.6858,1.6242,1.9174,,250987.2175,250987.2175
300840.SZ,20260515,11.6236,0.71,178.8524,4.7606,9.2246,0.3925,611520.0,451212.924
003008.SZ,20260515,2.0263,0.97,29.9902,2.2147,10.6025,2.1968,236704.0,176898.0123
688198.SH,20260515,0.4375,0.73,64.0699,9.4768,19.5465,0.8474,1297036.4203,1297036.4203
601126.SH,20260515,4.3717,1.0,74.2779,12.3291,7.4784,0.9412,6374090.1805,6312728.3954
688125.SH,20260515,1.9133,1.01,,9.5673,24.5102,,1716440.8404,1707315.4824
002306.SZ,20260515,1.953,1.05,,28.7192,6.0078,,199175.6125,186396.9286
920832.BJ,20260515,0.8945,0.87,,1.2243,2.5833,1.2365,89780.2207,79802.0055
600718.SH,20260515,1.3129,1.08,,1.1792,0.8634,1.7094,1043294.6789,1043294.6789
300530.SZ,20260515,1.1364,0.94,,55.5302,29.5503,,403741.7792,403741.7792
688115.SH,20260515,2.7666,0.87,510.8729,3.1282,13.3191,0.7354,398886.61,398886.61
600814.SH,20260515,0.9943,1.04,23.6214,1.4079,3.1365,2.4284,538812.6123,538812.6123
601212.SH,20260515,2.613,1.06,,3.247,0.5936,0.0574,5161127.8342,5161127.8342
603211.SH,20260515,6.7227,1.44,132.4228,6.6108,6.2765,0.1969,828198.976,828198.976
300317.SZ,20260515,12.0404,0.67,,3.2082,6.777,,455773.4343,455073.4593
300118.SZ,20260515,8.6783,0.84,,2.5578,1.7254,,2121565.799,1724811.2384
603518.SH,20260515,2.1786,1.46,13.4139,0.8664,0.7992,3.2282,332919.3126,331687.3206
600691.SH,20260515,2.1105,1.07,,2.2765,0.7223,,708042.6217,707924.6137
001269.SZ,20260515,1.7403,1.12,,6.4238,9.4906,,432926.9753,432926.9753
600227.SH,20260515,11.6399,0.94,,2.7557,2.8147,,618074.3327,467601.5279
688177.SH,20260515,0.5605,0.61,,36.1752,8.2711,,810768.64,810768.64
601186.SH,20260515,0.5639,1.24,5.0834,0.322,0.0891,4.5524,8948917.8485,7580638.7845
600506.SH,20260515,3.222,0.9,128.0855,8.9122,1.752,0.1508,445579.936,445579.936
600892.SH,20260515,1.3002,0.68,,257.0776,6.3782,,225464.0678,225405.773
002290.SZ,20260515,9.2308,1.39,148.7628,22.882,9.2727,,2313647.4773,2305103.2129
600787.SH,20260515,1.45,1.6,19.4158,0.7697,0.1489,1.4145,1076359.4727,1076359.4727
600985.SH,20260515,0.7925,1.12,27.6866,0.8605,0.8874,5.5887,3614353.1875,3614353.1875
002581.SZ,20260515,3.537,0.89,,1.9896,12.6666,,358896.1588,218030.3916
002803.SZ,20260515,5.1138,0.9,34.9721,3.663,1.4391,1.4716,1014312.7086,650116.9896
603077.SH,20260515,2.0219,0.88,,1.3443,3.4813,,2384558.5216,2384558.5216
000919.SZ,20260515,2.8827,0.68,71.7576,1.1112,1.34,1.4748,422908.679,422801.375
603629.SH,20260515,15.0553,1.01,83.446,19.866,12.3856,0.0754,4459440.0,4386527.0
300581.SZ,20260515,1.63,0.48,,7.5163,49.5815,,688187.042,688187.042
603733.SH,20260515,0.4619,1.08,14.5092,1.7012,1.1906,2.3683,1490467.1484,1490467.1484
688660.SH,20260515,1.6177,0.96,,4.0915,1.1177,,1586666.746,1586666.746
920021.BJ,20260515,8.5136,0.93,227.1612,4.961,8.2016,,321977.9823,257951.9693
300616.SZ,20260515,7.8932,0.75,,1.1983,1.0124,5.4313,345081.0613,238567.364
300561.SZ,20260515,2.4678,0.6,,10.4213,54.0552,0.1899,604702.9979,444269.1089
688227.SH,20260515,9.1671,0.95,,9.1331,25.2207,,1137788.2876,1137788.2876
002826.SZ,20260515,1.8261,0.62,37.5497,4.1866,5.234,0.5338,350847.06,336681.9322
002027.SZ,20260515,0.7158,0.6,23.7447,5.5355,6.6711,6.4189,8549782.2378,8549782.2378
688092.SH,20260515,1.7603,0.86,51.734,3.5979,5.3067,0.9665,239476.8548,239476.8548
002121.SZ,20260515,3.4023,1.48,,32.1151,1.7785,,1139293.3058,960840.7605
002282.SZ,20260515,1.0319,1.12,26.6954,0.9701,2.1372,,352981.6932,338353.141
001223.SZ,20260515,10.6465,2.15,209.5524,3.3805,6.4368,0.1535,651596.96,348176.36
300460.SZ,20260515,4.1043,0.95,,6.4772,5.3361,,297652.5061,297652.5061
002069.SZ,20260515,1.8386,1.13,,94.8018,2.196,,260267.063,259939.127
300099.SZ,20260515,4.3573,0.93,34.9119,2.799,11.5663,2.2018,642895.3024,506909.5062
301051.SZ,20260515,2.6161,0.69,,2.5958,3.3344,0.1671,506390.3793,401306.0085
603109.SH,20260515,1.6,1.09,52.9616,2.3487,1.5707,1.3329,463016.8141,463016.8141
002873.SZ,20260515,2.6483,0.8,281.5291,1.8815,3.224,0.5956,237024.7956,232739.5221
688190.SH,20260515,1.7526,0.86,38.7946,4.0009,5.5564,1.5946,1076160.0,1076160.0
301363.SZ,20260515,5.0074,0.65,63.5286,4.8326,10.5547,0.4701,1828920.8437,1199847.6707
920533.BJ,20260515,8.3514,1.06,100.8868,9.1231,4.8927,0.5782,347945.2498,194617.9109
600301.SH,20260515,5.0486,0.86,42.719,7.1099,6.1977,,3542377.8824,1541879.8136
600170.SH,20260515,1.3805,0.79,16.6118,0.7522,0.1096,2.2642,2354774.0322,2354774.0322
603589.SH,20260515,1.3089,1.09,33.9122,1.2374,3.7344,5.8604,1327825.2278,1327825.2278
002442.SZ,20260515,3.2916,1.18,154.9093,1.6701,0.719,1.9673,307006.8402,300524.3586
688169.SH,20260515,5.4302,1.7,22.2984,2.2138,1.6232,0.6246,3164206.966,3164206.966
600149.SH,20260515,8.0652,1.19,149.331,9.4119,11.9955,,240261.12,240261.12
300478.SZ,20260515,7.3777,1.07,,162.6017,12.923,,510238.844,510238.844
002209.SZ,20260515,4.7415,0.69,25.1485,3.2311,1.5899,0.3728,277645.5248,218056.5276
601019.SH,20260515,0.4604,0.99,12.921,0.9695,1.359,5.0685,1523437.0,1523437.0
300237.SZ,20260515,3.4211,1.46,,78.4778,1.8751,,350385.328,350382.0475
002212.SZ,20260515,2.4145,0.92,204.8003,0.8997,3.4836,0.2713,857462.97,848295.5393
002347.SZ,20260515,5.3048,1.39,,3.8582,4.0882,0.237,425968.7209,416415.1684
688322.SH,20260515,5.7379,1.75,265.2607,11.9228,37.4794,,3570183.736,2836219.8888
688225.SH,20260515,0.9718,0.78,,4.0922,0.8292,,635215.88,635215.88
300692.SZ,20260515,2.7692,0.91,72.6517,1.5713,4.8616,0.2614,476247.8703,434597.4287
300768.SZ,20260515,1.3466,0.92,56.4464,3.1347,9.2536,0.4583,1109961.2632,725231.1303
600865.SH,20260515,2.1857,1.11,198.8095,1.7892,20.0935,1.6379,413488.1073,413488.1073
601898.SH,20260515,0.6316,1.6,12.5565,1.3589,1.5493,2.5223,22287813.1754,15384512.6724
301075.SZ,20260515,3.8333,0.85,,10.8533,48.8232,,669680.0,669680.0
603170.SH,20260515,0.5694,0.59,18.8056,3.2795,1.6694,3.0733,507612.69,507612.69
688010.SH,20260515,2.988,0.99,373.3978,3.152,8.0429,0.1676,540289.71,540289.71
688119.SH,20260515,1.3749,0.92,,1.9966,2.9296,,562500.0,562500.0
301505.SZ,20260515,3.5037,0.78,118.0839,2.5759,9.5044,0.9059,251222.3802,171708.6877
301323.SZ,20260515,2.7527,0.58,52.7152,3.4799,7.4919,0.7931,783151.3137,501144.1646
600502.SH,20260515,1.6428,0.93,5.789,0.7344,0.1058,5.5556,896030.7156,896030.7156
301580.SZ,20260515,14.8597,2.49,33.2012,3.1102,6.2075,0.7334,674660.0837,455939.5764
601010.SH,20260515,6.5952,3.07,,0.8189,2.3482,5.5693,338184.0,338184.0
301126.SZ,20260515,2.3605,1.1,,1.6033,0.46,0.8864,240527.1472,161443.743
688581.SH,20260515,4.3347,0.66,22.8555,1.9744,8.3884,2.189,507986.4587,260246.8477
688019.SH,20260515,4.9902,1.33,58.8924,10.5562,18.0548,0.1199,4843844.8813,4843844.8813
300125.SZ,20260515,2.2172,0.79,175.0507,6.56,52.2451,,685159.6366,371273.8522
002524.SZ,20260515,2.8955,1.33,,23.6233,2.5168,,217469.9242,215535.8982
601619.SH,20260515,3.1962,1.0,27.928,2.1241,6.9563,2.4712,1692321.6266,1414552.7025
300162.SZ,20260515,13.4482,1.2,,4.8699,3.9005,,402310.1188,328133.147
301079.SZ,20260515,9.6507,0.61,595.6839,10.0701,17.4574,0.0453,482678.7289,340891.9486
601595.SH,20260515,1.3319,1.07,165.8092,5.9415,11.8812,0.214,1005312.6,1005312.6
600398.SH,20260515,0.5358,0.68,13.2181,1.6667,1.3039,6.8333,2881662.1776,2881662.1776
920885.BJ,20260515,2.5352,0.77,109.3533,7.4478,15.0587,0.2494,306621.7205,158863.2368
000883.SZ,20260515,0.9837,1.01,16.5019,0.8994,1.9225,1.9127,3398106.0624,3110201.0179
600408.SH,20260515,2.8104,0.84,,2.7413,0.6125,,317142.0,317142.0
688096.SH,20260515,8.3548,0.53,,3.4179,6.0947,0.8686,282545.4975,282545.4975
603269.SH,20260515,12.4836,1.11,56.1845,6.4848,3.471,0.9884,669373.833,669373.833
301251.SZ,20260515,7.5476,0.7,176.7303,5.8874,5.5029,0.1971,915343.9499,366933.1183
600055.SH,20260515,1.3675,1.52,,2.1067,6.7796,0.9767,935774.2682,935774.2682
001322.SZ,20260515,0.6903,1.2,126.8769,1.4839,1.0831,1.8142,693455.8423,563283.7861
002669.SZ,20260515,11.8136,2.18,33.9219,1.5397,0.7745,,427187.2,426226.6624
002510.SZ,20260515,8.8357,2.75,125.0421,2.9511,3.0957,0.4071,748157.2278,740572.1992
002041.SZ,20260515,1.4964,1.02,84.4263,2.3033,7.069,0.2999,850960.0,850960.0
002370.SZ,20260515,2.1414,0.59,46.9331,4.263,14.976,,476481.5517,476481.5517
603339.SH,20260515,1.1455,0.51,28.4444,1.558,2.5638,1.6987,420530.5568,420530.5568
603508.SH,20260515,2.3713,1.55,17.3718,2.4597,6.4899,12.2332,1024865.5254,1024865.5254
000878.SZ,20260515,3.9504,1.19,31.6067,2.4307,0.23,1.0735,4479314.9219,3700687.6361
920768.BJ,20260515,1.6799,0.83,23.3713,1.903,0.7275,,137269.89,94623.4318
000888.SZ,20260515,1.2385,0.84,26.1618,2.1155,6.2118,3.0165,576442.9336,576442.9336
600725.SH,20260515,2.6724,1.17,,19.5943,9.7966,,502847.76,502847.76
002616.SZ,20260515,3.4105,0.98,16.4021,1.3966,1.359,6.6586,489753.3298,334863.7528
002875.SZ,20260515,4.5141,1.0,,8.2381,9.0712,,508897.3072,435844.3271
300034.SZ,20260515,2.2833,0.76,159.092,4.1184,4.2113,0.502,1587547.4335,1527977.0002
688636.SH,20260515,2.9064,0.89,63.9681,5.1152,9.7016,0.2434,714581.414,688781.0071
000620.SZ,20260515,9.5023,1.53,,5.2235,11.231,,1914211.703,1522990.1137
300130.SZ,20260515,1.9384,1.01,29.6468,2.7501,3.7137,2.2831,1242385.0794,950813.5383
600851.SH,20260515,1.8611,0.85,54.346,2.0553,13.2426,0.5168,934261.8796,571371.5291
920239.BJ,20260515,1.1068,0.97,20.5389,4.5994,1.1219,1.2286,529289.711,522911.1019
301236.SZ,20260515,2.6957,0.93,760.0088,3.0695,1.1319,0.2326,4097279.1702,3109837.2273
600726.SH,20260515,5.1732,0.88,185.5679,12.0993,3.6501,,6025390.192,5696206.1905
600933.SH,20260515,3.4541,1.97,16.036,1.8478,2.3693,1.6264,1817155.15,1724092.2483
603858.SH,20260515,0.6774,0.91,44.5872,1.6313,1.4288,2.4668,1667272.7068,1667272.7068
002124.SZ,20260515,15.6957,1.47,,3.9784,0.8132,,659914.3481,585734.084
000582.SZ,20260515,2.5106,0.58,28.2199,1.4808,3.9278,0.9966,3023018.4605,2590374.7158
002422.SZ,20260515,0.7775,0.68,31.7672,2.1008,2.7156,1.8926,4991871.4307,4075053.3711
300505.SZ,20260515,10.0812,1.17,15.9482,2.2838,1.5527,1.2225,674524.9014,533404.4388
002053.SZ,20260515,1.4252,0.7,50.5999,1.4682,5.1177,2.7138,1119607.0282,1119599.0938
603237.SH,20260515,0.8332,0.79,28.5451,1.9308,1.4214,3.0937,312754.1162,311070.6092
688729.SH,20260515,10.4435,1.65,125.6894,8.5337,15.5428,,7699233.8,560077.4279
300440.SZ,20260515,2.9559,0.73,96.2058,4.7883,6.9248,0.3139,800799.2452,797710.8914
301199.SZ,20260515,7.3135,1.37,50.724,2.2547,4.0728,0.6028,437941.896,168210.546
000632.SZ,20260515,9.054,1.44,,31.0941,0.4365,,195052.6998,195036.7929
001386.SZ,20260515,5.425,0.77,18.9604,1.8179,3.5706,1.6129,2222551.2,200029.608
000504.SZ,20260515,0.7662,0.42,72.5067,11.0384,5.9596,,305601.3887,304767.3405
002001.SZ,20260515,0.8792,0.77,15.0751,2.8799,4.3787,2.1228,10117704.1706,9997349.467
688131.SH,20260515,2.2712,0.8,61.3318,4.8284,5.0151,0.1128,1504241.3694,1504241.3694
300905.SZ,20260515,12.9607,0.88,88.5121,7.1271,9.2614,0.6309,1412612.8571,1101948.4088
605366.SH,20260515,9.4406,1.71,,3.4216,6.4264,,915771.686,915771.686
688558.SH,20260515,5.593,1.8,35.2683,3.2859,4.4294,1.3617,577236.0,577236.0
603007.SH,20260515,37.2889,3.54,,31.59,13.4578,,740448.7865,581789.5173
300189.SZ,20260515,7.1043,0.85,52.2387,8.5992,24.842,,591872.0,512252.7451
002266.SZ,20260515,3.075,0.87,19.0873,2.1872,1.131,0.9335,2766213.8431,2566570.1714
300623.SZ,20260515,5.1389,1.07,55.3992,4.2017,6.9385,0.4843,2576951.5091,2376504.3472
603062.SH,20260515,4.1861,0.87,34.1843,2.917,3.5323,3.1285,581580.0,199638.6435
300585.SZ,20260515,5.1792,0.81,,6.0135,8.5449,,381064.4442,381064.4442
601717.SH,20260515,1.3787,0.97,7.9928,1.3071,0.796,6.1069,3274423.4716,2828331.9488
603030.SH,20260515,2.9959,0.52,,5.5001,3.7356,,384544.5878,384544.5878
300735.SZ,20260515,1.7229,1.14,61.4378,2.9054,1.6577,1.155,1661114.0825,1554976.7869
603202.SH,20260515,3.8774,1.28,14.0577,1.6535,3.0241,4.9127,1136640.0,356717.2155
600699.SH,20260515,7.912,1.71,33.7018,2.6873,0.7795,0.8494,4709690.1998,4115297.9168
600538.SH,20260515,3.4136,0.8,,5.2634,10.7751,,358027.4717,358027.4717
301318.SZ,20260515,1.429,0.96,71.8596,1.7882,4.9569,1.497,337841.3158,221691.7703
300474.SZ,20260515,3.2586,0.85,,4.9517,48.1397,0.0928,3378210.6575,2627448.2786
301501.SZ,20260515,2.4421,0.94,27.0215,2.2203,2.5098,1.083,470913.6,138504.0
300473.SZ,20260515,4.4546,1.57,30.3131,2.8662,0.9969,,549066.3779,478641.6368
300633.SZ,20260515,1.4404,0.75,56.1369,3.055,4.2251,0.4311,996969.3811,617451.7594
002500.SZ,20260515,1.2296,1.49,20.6915,1.0261,5.6918,1.8657,1924117.5492,1924117.5492
002312.SZ,20260515,1.3195,0.69,48.535,2.0086,1.814,1.3675,1948115.9398,1944101.4123
688592.SH,20260515,3.8072,0.95,191.5321,3.8084,6.5571,0.2022,362072.763,173347.9785
920415.BJ,20260515,1.6273,0.84,61.8961,3.0851,9.7217,0.2833,172267.0831,132691.6265
301320.SZ,20260515,4.9533,1.24,,2.9165,3.1975,0.5834,307414.89,115205.2966
601330.SH,20260515,6.3194,1.43,20.9305,1.6166,3.7151,3.0925,1337596.6814,924803.7259
603365.SH,20260515,1.471,0.97,12.8086,1.6691,1.1803,5.2681,540742.378,535192.738
603281.SH,20260515,1.3866,0.88,32.3071,2.8033,7.2938,2.6869,1373120.0025,1373120.0025
300005.SZ,20260515,3.9791,0.7,166.1482,6.6095,9.4074,0.0709,1430713.8391,1419189.0686
002938.SZ,20260515,1.6661,0.95,53.6425,5.7473,5.1002,1.164,19914376.2785,19840340.836
002659.SZ,20260515,2.3343,1.06,,1.3998,8.518,,300336.7528,300335.3411
002883.SZ,20260515,3.2872,0.72,,3.3075,3.8313,0.2016,154907.9087,152089.5206
300713.SZ,20260515,3.997,0.82,,6.5179,7.6413,,289030.595,157290.0113
603610.SH,20260515,9.3064,2.71,72.3377,2.1893,2.1897,0.5181,681273.8285,681273.8285
301512.SZ,20260515,6.2696,0.76,94.5198,2.7191,5.1861,0.6972,286880.3586,133471.2786
920748.BJ,20260515,2.6633,0.83,,12.4277,22.2459,0.2982,257309.22,119588.212
688139.SH,20260515,1.9562,1.55,48.8698,2.4131,4.6899,1.3706,1074809.9631,1074809.9631
002521.SZ,20260515,1.3083,0.88,24.9643,1.1083,1.3299,5.0697,441888.1685,330727.9625
603358.SH,20260515,1.9108,0.61,123.5335,4.5577,3.1651,1.4535,1615916.1814,1565817.4559
300731.SZ,20260515,7.044,0.92,482.0344,17.5674,9.622,0.0931,1086247.6147,1030897.0832
000910.SZ,20260515,6.4195,7.71,,0.5574,0.7897,2.8919,359640.1575,359497.917
002933.SZ,20260515,1.6374,0.86,133.5064,2.3137,9.1332,0.0659,355922.55,354083.5905
600867.SH,20260515,1.3705,0.78,13.8257,2.3617,5.6181,2.8416,1709807.8897,1709807.8897
600389.SH,20260515,1.9267,0.96,20.1569,2.6996,1.8759,2.0992,1128303.0,1128303.0
002172.SZ,20260515,1.6021,0.8,99.7182,15.4273,1.5868,,279492.3114,279276.3665
300985.SZ,20260515,2.4122,1.2,,5.0512,2.5414,,446510.8771,446510.8771
600495.SH,20260515,0.8672,0.76,233.4114,1.5213,4.204,0.339,498982.8359,498982.8359
301263.SZ,20260515,1.1831,0.84,445.8888,6.7454,16.8384,0.74,1144588.275,816646.488
301103.SZ,20260515,1.8235,1.06,107.5988,1.5403,2.6739,0.7875,295825.5537,227698.1292
300201.SZ,20260515,6.981,1.5,46.3336,7.9579,7.9099,0.1992,1498429.7564,1490425.0243
605218.SH,20260515,1.3089,0.51,,2.408,1.7422,,427111.0942,374374.0561
002245.SZ,20260515,13.7406,1.54,39.0956,3.8156,3.5013,0.2505,2989523.1014,2812635.1168
000703.SZ,20260515,1.0052,0.57,25.7559,2.1447,0.4875,0.291,5670487.4851,5642035.8661
603559.SH,20260515,1.6935,0.73,,5.1619,9.1166,,404085.9179,404085.9179
002658.SZ,20260515,14.5036,1.85,41.2313,2.4965,4.6797,1.9881,639575.4895,360712.868
603867.SH,20260515,5.7297,1.43,29.3696,2.528,2.6445,1.0798,793391.6385,786825.2385
688658.SH,20260515,1.8642,0.7,,2.7243,3.6876,,894150.0,894150.0
601279.SH,20260515,0.9942,1.2,,1.4569,1.4363,0.2625,604184.4603,604184.4603
600908.SH,20260515,0.8986,1.49,5.2744,0.5303,2.5272,5.9034,1226827.0675,1117615.7797
001335.SZ,20260515,6.0503,1.18,56.9928,4.5126,3.3302,0.3141,447606.399,121972.7433
301252.SZ,20260515,8.1678,0.75,71.6581,5.0146,5.0885,0.4271,678932.4653,193557.6963
300180.SZ,20260515,1.2902,0.88,3216.3711,1.9412,2.3759,0.0969,908707.04,883737.2773
605339.SH,20260515,0.422,0.89,476.3042,2.0496,2.3056,1.0201,701352.3882,701352.3882
601000.SH,20260515,0.7968,1.07,12.9995,1.2381,4.5525,4.3668,2714075.3052,2714075.3052
002262.SZ,20260515,1.1752,0.84,19.9555,2.5593,3.5659,,2143309.6901,1865085.7126
600138.SH,20260515,1.6947,1.6,76.8791,0.9803,0.5303,0.8206,617435.52,617435.52
300324.SZ,20260515,2.6863,0.87,,3.4281,4.5079,,848246.9821,839605.5064
920592.BJ,20260515,2.7796,0.57,,7.7245,13.0152,0.4847,256443.33,159606.8467
603843.SH,20260515,2.6961,0.6,,247.144,4.7588,,636657.1457,636657.1457
300850.SZ,20260515,4.9897,0.94,19.7624,2.2418,3.4342,0.7753,1575596.6022,1144487.6632
300082.SZ,20260515,2.6257,0.58,605.2987,2.68,1.6884,,735186.1542,733265.5015
002708.SZ,20260515,6.5362,0.92,81.1336,4.935,3.1088,,872938.1428,802367.6237
600733.SH,20260515,1.6018,0.99,,7.3375,1.5633,,4418804.8496,3394848.0732
600119.SH,20260515,1.4151,0.75,,29.9693,9.9332,,222449.6553,222449.6553
301321.SZ,20260515,5.238,1.07,,5.6194,1.5779,,548305.335,434151.2699
688813.SH,20260515,19.8241,0.86,116.8358,11.4775,9.4049,,2055680.0,386428.9876
688002.SH,20260515,2.4002,1.15,43.0284,8.7419,8.8177,0.1149,6271602.161,6271602.161
000860.SZ,20260515,1.2784,1.06,,1.3007,1.4006,1.2458,893087.4548,893087.4548
300257.SZ,20260515,1.8972,0.79,94.3301,5.0515,6.9892,0.2963,3353518.1858,3222079.425
301628.SZ,20260515,9.1797,0.91,71.6109,7.0147,8.3439,0.3597,838178.896,309978.896
600517.SH,20260515,0.6569,0.98,14.0458,1.3578,3.8502,1.6344,3253789.9383,3253789.9383
000572.SZ,20260515,2.4357,0.76,,5.3451,4.7296,,842053.8501,840833.5703
001256.SZ,20260515,4.1542,1.29,25.5687,2.8161,6.6278,0.7681,369366.5252,276903.5252
300493.SZ,20260515,3.1173,0.9,141.3819,7.2456,2.8988,0.2137,839509.475,829829.3045
002127.SZ,20260515,3.3159,0.72,,2.0298,3.3333,1.2422,790468.2698,642303.8138
603333.SH,20260515,7.3675,2.49,,2.9379,3.7883,0.1008,599774.1205,599774.1205
600821.SH,20260515,12.3993,0.89,,1.8526,4.9919,2.3557,1670258.8851,1670258.8851
000789.SZ,20260515,0.5509,1.07,,0.5895,0.8844,2.9929,380363.7839,380363.7839
600435.SH,20260515,2.5863,1.44,169.9523,7.1178,4.8398,0.146,2067393.0429,2067393.0429
002184.SZ,20260515,3.5551,1.37,,3.3822,1.8769,,430032.0281,293732.63
601988.SH,20260515,0.1281,1.24,7.6058,0.6825,2.7753,1.8895,186560986.4403,122033233.0958
920834.BJ,20260515,4.8467,2.12,32.101,4.7378,4.8468,1.8489,149280.0062,78118.7701
600236.SH,20260515,0.5499,0.72,23.3705,4.3961,7.5618,1.5947,8402614.7369,8402614.7369
688667.SH,20260515,3.7022,1.13,53.2639,4.3738,7.2414,0.065,796755.3098,796755.3098
920978.BJ,20260515,5.3644,1.67,28.3477,5.7413,4.0895,1.9283,469874.3015,263440.2143
002745.SZ,20260515,5.1084,0.84,,1.2113,0.7863,0.5165,1436673.0742,1030038.1559
603871.SH,20260515,0.8643,0.91,13.7256,2.6336,2.0671,4.0109,1656658.4848,1656658.4848
300363.SZ,20260515,8.8847,2.26,65.7684,1.5917,2.4112,0.5774,845052.5837,775721.6787
600620.SH,20260515,1.1187,0.84,594.0545,2.5424,11.8659,0.2841,362565.5157,362565.5157
600056.SH,20260515,1.5843,0.9,30.8018,1.2534,0.4269,1.0458,1506350.9062,1505818.9383
002431.SZ,20260515,2.8314,0.96,,9.7677,1.8933,,290187.1672,290187.1672
301246.SZ,20260515,18.3631,1.17,52.7129,2.9112,6.072,0.0887,1341622.8072,570439.7673
603699.SH,20260515,1.3212,1.41,30.0277,10.1071,6.299,2.6232,5054844.5015,4943090.5866
002293.SZ,20260515,1.5372,0.99,17.4326,2.2264,1.9711,5.1784,966423.4355,958009.777
600098.SH,20260515,1.2029,0.85,10.5648,0.9135,0.4911,5.111,2538246.2462,2538246.2462
688693.SH,20260515,21.481,0.99,,12.9066,36.5125,,1002400.0064,529255.6481
300654.SZ,20260515,4.9599,1.14,170.1708,4.9949,8.4742,0.4697,428732.2017,412937.0359
300288.SZ,20260515,2.1192,1.03,,3.6302,13.4875,0.1293,392012.0263,297620.4936
002437.SZ,20260515,3.0002,0.81,17.0662,2.9414,3.3081,,702408.4597,661548.4631
002783.SZ,20260515,2.2304,0.82,37.2146,1.6226,1.2357,1.1561,431944.3647,398927.9323
002732.SZ,20260515,1.1105,1.11,50.0552,1.6248,1.5476,0.9628,245151.3,243930.0944
002752.SZ,20260515,1.9521,0.68,19.4698,1.9334,0.9567,1.3717,712173.5632,711159.0511
603997.SH,20260515,1.9339,0.91,36.0418,3.2037,0.7224,,1732824.7448,1732824.7448
301526.SZ,20260515,15.5727,1.1,143.9904,8.2656,7.8359,,7055312.8278,2627619.1589
000998.SZ,20260515,2.0195,1.67,354.9959,1.9434,1.6507,0.4464,1316625.4627,1177711.9227
300135.SZ,20260515,2.1417,0.87,,4.1302,2.4047,0.2577,357580.8,357580.8
600410.SH,20260515,8.623,0.7,,5.8375,5.2486,0.0288,2515358.8028,2515358.8028
600654.SH,20260515,4.1698,0.6,153.4737,6.6247,3.7523,,1116506.4282,899163.5473
601566.SH,20260515,4.6673,2.23,38.0609,1.6031,2.1645,2.6316,655086.351,655086.351
688023.SH,20260515,2.6747,0.77,,2.0121,2.0716,,448564.199,448564.199
603496.SH,20260515,6.0046,0.88,198.8245,6.9372,8.7923,0.0828,967352.1231,967352.1231
920139.BJ,20260515,2.1309,0.71,,4.9428,15.6065,,509638.4783,491482.0266
002310.SZ,20260515,8.5141,1.04,,7.6877,50.2045,,1841791.8899,1350495.9018
300415.SZ,20260515,2.3813,0.81,17.6599,3.7019,2.0401,1.8293,1256214.9472,1214740.0247
002569.SZ,20260515,4.2687,1.11,278.4689,60.776,16.3901,,241360.76,234656.76
600279.SH,20260515,0.6494,0.51,99.918,0.8662,1.3461,0.813,583938.2112,583938.2112
002682.SZ,20260515,2.4924,0.69,,6.3075,1.5645,,332359.8391,332359.8391
600802.SH,20260515,1.6199,0.98,,2.7796,1.7529,,254327.862,254327.862
300805.SZ,20260515,3.0507,1.12,129.0603,2.7238,1.6283,0.1995,425291.0363,288928.0547
300520.SZ,20260515,5.5637,0.79,,6.2817,7.9026,,1074966.1773,1038848.728
002330.SZ,20260515,2.0598,1.11,718.7636,1.2407,0.8965,,285256.5652,285181.9863
688577.SH,20260515,2.5155,0.91,137.5738,8.5604,9.3715,0.5381,886343.0415,886343.0415
301151.SZ,20260515,1.0068,0.88,63.5741,1.408,3.8057,1.8046,291870.0807,291593.2512
603599.SH,20260515,1.7843,0.61,16.9723,1.0847,3.2023,2.2167,1108708.0622,1108708.0622
000547.SZ,20260515,7.4242,0.49,,10.7202,14.2206,,4044124.7206,4020476.2869
002453.SZ,20260515,6.0401,0.74,,6.7613,14.0991,,504479.9852,374245.8705
002493.SZ,20260515,0.5626,0.96,42.3265,2.8065,0.4423,0.7354,13016243.257,12167501.632
002810.SZ,20260515,8.4215,1.5,43.2011,3.8666,4.2162,0.4024,860759.0327,797686.4305
605080.SH,20260515,1.6674,0.8,22.8495,1.6778,3.6578,0.73,381877.1863,378667.5376
300590.SZ,20260515,5.7833,0.72,59.0956,3.6234,6.5885,1.4583,689656.9147,533859.3728
300697.SZ,20260515,2.3555,0.79,38.7187,5.4697,2.0034,0.8351,717317.12,549195.92
300400.SZ,20260515,6.0278,0.74,87.5315,10.5063,9.2882,2.6471,742434.948,739950.84
600365.SH,20260515,2.186,1.07,,6.2465,2.0329,,137571.09,129465.84
603606.SH,20260515,3.052,1.15,29.6183,4.7429,3.4839,0.7646,4034138.3487,4034138.3487
002140.SZ,20260515,1.1204,0.44,13.8275,1.5716,0.775,1.8467,766779.0234,765639.1691
002472.SZ,20260515,6.3756,1.58,28.4516,3.5052,3.9509,0.9472,3612221.591,3181261.7055
300751.SZ,20260515,7.2665,1.01,107.0817,9.201,9.9934,0.4221,7255350.1765,5016777.9182
002200.SZ,20260515,0.763,0.54,,2.7091,6.1429,,352329.0788,152861.9826
002068.SZ,20260515,5.3599,1.56,,3.1342,0.8699,,730933.1248,730569.4451
920496.BJ,20260515,1.7279,0.74,146.1416,2.5613,2.4634,1.7222,144215.825,126293.6343
002128.SZ,20260515,1.1623,1.56,11.5919,1.7112,2.1923,3.6292,6794209.2573,6794209.2573
002236.SZ,20260515,1.7697,0.88,14.6607,1.501,1.7134,1.0511,5721208.6295,4184472.1888
688802.SH,20260515,13.2263,0.85,,21.8507,151.7891,,28621153.5,1297571.4336
300254.SZ,20260515,4.9336,0.71,207.6913,8.3986,4.2852,,369748.565,326245.3315
603486.SH,20260515,2.4319,1.53,22.3387,4.0649,1.878,0.6864,3771680.4784,3735391.2769
603099.SH,20260515,2.167,0.82,77.0911,6.8103,12.5803,0.2119,1025692.1688,1025692.1688
600333.SH,20260515,3.6156,1.69,310.7699,1.8584,1.4488,,359937.1342,359937.1342
002594.SZ,20260515,1.3372,1.16,31.8705,3.7858,1.1201,1.3756,87798612.551,33576088.005
002950.SZ,20260515,2.1763,0.43,27.2367,1.9987,1.9402,0.5024,739020.73,501372.6726
300418.SZ,20260515,5.1501,1.03,,5.0439,6.8609,,6177611.5657,6173348.7495
002048.SZ,20260515,4.7126,1.38,54.6288,1.9823,0.9473,1.6034,2377206.5494,2073324.2431
300438.SZ,20260515,9.1504,0.84,72.9946,7.3609,2.7914,,4193353.5322,3367092.2668
601636.SH,20260515,3.1454,0.8,116.4657,1.2634,1.1931,0.6337,1887621.0785,1887621.0785
002715.SZ,20260515,3.2255,0.56,,5.1599,4.4758,0.1839,240120.0,240120.0
002858.SZ,20260515,3.9892,0.77,,5.2176,5.5113,,272106.9311,244704.6056
600900.SH,20260515,0.4853,1.11,18.3293,2.902,7.5726,3.4887,66137592.4863,66137592.4863
301017.SZ,20260515,2.5549,0.77,55.0008,2.6695,0.5159,,544324.6732,347168.7356
600073.SH,20260515,0.8251,0.86,,1.1191,0.2371,1.25,525128.5043,525128.5043
603916.SH,20260515,5.8811,0.71,50.4424,1.5017,1.7924,0.6761,639872.9843,630912.0143
688328.SH,20260515,9.9892,0.82,166.3972,7.2284,9.0751,,618688.7323,618688.7323
002579.SZ,20260515,7.529,0.77,305.0461,3.3298,2.5834,,800079.9177,761935.9336
605088.SH,20260515,2.7256,0.94,25.76,2.5176,1.5963,1.4942,744410.0666,733354.409
002568.SZ,20260515,1.6452,1.0,27.4154,3.6576,6.132,1.6887,1843673.9508,1350653.9382
001300.SZ,20260515,1.098,0.7,,4.5385,9.2184,0.0555,436846.4379,436846.4379
300462.SZ,20260515,1.3008,0.59,,1.7632,3.4053,,244287.1724,186069.8886
603536.SH,20260515,1.4828,1.04,,6.9865,1.7058,,244562.207,242697.0503
600235.SH,20260515,3.0104,1.31,234.5792,1.5529,1.8866,0.2256,233614.5,233614.5
300820.SZ,20260515,20.6408,2.06,67.9883,5.4982,9.5983,0.6208,1419085.4561,713712.8162
003000.SZ,20260515,1.4817,1.15,20.0166,3.3491,1.907,0.8915,493278.2099,337017.9627
920402.BJ,20260515,3.94,1.34,,2.8508,10.6131,0.1965,429657.1482,277784.996
001236.SZ,20260515,2.2084,1.08,622.508,5.0844,,0.1058,952350.0002,716383.5002
688653.SH,20260515,4.6624,1.11,,4.6983,9.2573,,676196.64,504043.674
002179.SZ,20260515,2.2927,0.55,43.5188,3.3864,3.9008,2.0282,8355369.1557,8272803.8014
688222.SH,20260515,6.7027,0.98,97.6223,7.7892,20.6782,0.2,1198033.2,1198033.2
601702.SH,20260515,0.727,0.92,15.1582,2.6743,1.4224,1.6769,1786371.2434,1786371.2434
603373.SH,20260515,7.7486,0.86,39.0028,2.6825,1.8383,1.4996,501935.4852,212067.7441
300421.SZ,20260515,10.9147,1.3,132.841,6.079,6.9965,0.4491,785649.4532,615369.1404
600755.SH,20260515,0.8786,0.95,38.3962,0.6803,0.0371,4.436,1312499.3536,1309145.311
600415.SH,20260515,3.5833,1.72,17.1726,3.1589,3.5301,2.4,7539893.9358,7539893.9358
603767.SH,20260515,4.7357,1.54,,4.887,7.2812,0.9242,667878.566,667878.566
300940.SZ,20260515,5.18,1.07,67.706,3.7512,5.8927,,440390.5678,311494.2967
601778.SH,20260515,19.4215,1.15,110.0039,1.5811,7.6989,0.3759,2594997.2265,2594997.2265
688317.SH,20260515,1.238,0.54,,1.1125,31.1089,,367406.0941,367406.0941
600378.SH,20260515,3.4277,1.62,30.3874,2.5638,2.6819,0.7745,4763968.5967,3960983.8856
603697.SH,20260515,5.2645,4.07,24.1284,2.7616,2.7863,3.7037,485002.8391,485002.8391
301270.SZ,20260515,2.598,0.88,414.2622,3.3165,17.5016,0.3114,321000.0,303322.0292
601900.SH,20260515,0.7891,0.81,10.6643,1.1944,1.2848,4.4462,1090997.0063,1090997.0063
600906.SH,20260515,1.4603,0.76,23.2795,1.6419,6.9668,2.0537,2054085.0,1344640.7234
000058.SZ,20260515,0.9702,0.76,137.0888,4.7916,5.835,0.1576,976342.1329,780898.3077
600522.SH,20260515,10.6989,1.01,43.8049,3.6802,2.5032,0.7278,13989680.6235,13989680.6235
603185.SH,20260515,6.8312,1.54,,1.2537,1.9195,,1479544.3531,1470762.0895
300725.SZ,20260515,4.3551,0.8,45.1385,1.6158,4.3821,0.6268,888467.8958,770310.9276
600753.SH,20260515,0.7317,0.52,52.7654,36.1534,1.4541,,317593.5943,317593.5943
002972.SZ,20260515,3.373,0.92,33.9407,2.5635,8.0495,2.3345,314645.2552,172212.6369
300670.SZ,20260515,3.9823,0.86,,5.3315,10.1421,,225647.381,159982.2889
000926.SZ,20260515,2.0417,0.98,,0.6087,0.8186,,318592.9548,314641.829
688651.SH,20260515,5.3024,0.92,,3.4392,10.2839,,313961.436,135140.2299
603900.SH,20260515,1.7881,0.77,29.8877,1.2722,1.6685,1.3516,253793.2416,253615.6416
688697.SH,20260515,7.2853,2.25,35.7251,5.777,3.6424,1.7724,1105832.1128,1105832.1128
920026.BJ,20260515,2.3868,1.67,55.1371,4.4168,7.1372,0.6395,282345.7262,212842.9652
603797.SH,20260515,1.2379,1.19,22.1667,0.8139,2.6639,1.9027,272734.2549,272734.2549
603137.SH,20260515,1.4485,1.28,,2.1169,1.9822,0.5776,253362.6676,253362.6676
688623.SH,20260515,6.2484,1.69,102.3798,2.6728,16.5531,1.2277,571318.482,184918.482
688067.SH,20260515,1.6847,0.94,62.664,3.5989,8.5596,0.5516,187816.0,187816.0
301260.SZ,20260515,2.3146,0.73,,1.9312,1.5426,,833304.8372,353996.1091
603738.SH,20260515,18.7328,1.5,322.1335,11.7947,21.6102,0.1434,2144762.6805,2144762.6805
002497.SZ,20260515,4.2277,0.9,33.5367,2.7015,3.03,0.1534,2980526.6767,2740093.5724
000711.SZ,20260515,0.6882,0.14,,26.4011,35.965,,1748129.956,1409722.1911
002073.SZ,20260515,2.4343,0.98,17.7926,0.9983,0.7765,2.4045,636057.7304,629616.4079
300252.SZ,20260515,9.976,0.88,331.8889,4.8655,4.1058,,1071364.9034,904103.8298
603928.SH,20260515,3.5216,1.82,36.8511,2.7467,2.693,0.9456,443439.36,443439.36
301257.SZ,20260515,2.6913,1.06,33.4193,2.9789,4.4386,0.349,381751.0486,363940.9683
600843.SH,20260515,1.5655,0.69,,2.2899,1.4418,,621168.0041,408692.9978
600727.SH,20260515,8.054,1.91,76.5637,1.3841,0.8847,0.5869,450352.831,450352.831
002871.SZ,20260515,4.5584,1.4,40.1954,4.5038,7.6231,1.6604,527633.8053,312713.5752
301373.SZ,20260515,23.5432,1.8,92.2746,7.8229,24.6602,0.5711,1329650.8915,499919.2153
600846.SH,20260515,0.9129,1.33,32.7943,1.8294,1.7434,1.5612,794696.6484,794696.6484
600928.SH,20260515,0.7295,1.39,5.8405,0.4384,1.4551,2.8249,1573333.3335,1565867.3394
920974.BJ,20260515,1.7312,0.85,38.277,1.926,1.0886,,125470.8,98394.0742
002902.SZ,20260515,31.1922,1.06,,15.3358,5.4213,,930635.8855,703422.9022
301019.SZ,20260515,2.4986,1.14,34.0082,3.403,7.9174,2.551,387993.8956,246041.4758
300640.SZ,20260515,4.7883,0.57,233.4426,2.9551,2.2529,0.2591,240086.9256,170418.3284
002460.SZ,20260515,4.6052,0.87,43.0017,3.5229,5.7415,0.1922,16366796.5176,9454768.0046
002520.SZ,20260515,13.9496,1.28,,17.5634,5.5292,,519919.9035,497186.0385
688111.SH,20260515,1.8688,0.82,32.089,7.6965,18.6596,0.3572,11644541.4007,11644541.4007
600905.SH,20260515,0.6544,0.79,50.9222,1.3096,4.2388,1.6302,11749524.2084,11749524.2084
600346.SH,20260515,0.5819,0.97,16.6171,2.0996,0.7686,2.513,14845461.4487,14845461.4487
920870.BJ,20260515,2.2541,0.72,111.7076,4.4723,20.4496,0.719,205020.0,100984.437
600104.SH,20260515,0.3589,1.0,14.715,0.495,0.2299,0.6759,14874889.0902,14874889.0902
300319.SZ,20260515,4.76,0.92,38.7012,2.364,3.0056,0.8651,1165403.4694,1106567.1963
603220.SH,20260515,15.4121,1.29,267.1006,4.3379,5.2535,0.2859,1670720.6589,1352723.2455
301507.SZ,20260515,2.7823,0.98,43.1951,3.1214,6.2036,0.6923,513438.2352,158503.4755
300695.SZ,20260515,2.4055,1.29,24.3935,2.5618,10.4654,0.1982,737783.7067,737783.7067
300214.SZ,20260515,5.4523,0.73,,1.7299,1.1126,,414228.2291,414228.2291
920522.BJ,20260515,3.1304,0.92,168.5752,7.2056,7.3962,0.4283,784223.8522,650476.5519
600735.SH,20260515,3.2733,0.64,,2.6729,2.159,,285137.5156,282925.465
300446.SZ,20260515,2.7819,0.86,18.8978,2.6005,1.7708,1.5046,1573308.2166,695195.4782
688272.SH,20260515,3.4943,0.62,,8.4093,15.9663,,335160.0,335160.0
605001.SH,20260515,1.6199,1.25,34.2178,1.0208,1.5204,2.8129,279341.946,279341.946
600796.SH,20260515,2.6308,1.0,29.4505,1.4607,3.1071,0.529,507819.2589,182526.043
002979.SZ,20260515,9.3853,0.68,77.9746,10.0592,9.3812,0.5174,1884435.7553,1321279.7801
600760.SH,20260515,0.5723,0.51,41.2255,5.6379,3.2358,0.8304,13407162.9025,13380954.4866
002907.SZ,20260515,0.6969,0.74,94.5942,3.1555,6.8012,0.6523,544127.9971,437569.1458
002951.SZ,20260515,2.1809,0.64,,4.4576,15.8989,2.9553,676755.0,670278.9142
688101.SH,20260515,2.1096,0.83,15.9653,1.4345,3.6527,1.0903,639455.2391,639455.2391
605589.SH,20260515,6.0591,1.03,36.4478,3.2647,3.1949,1.2559,3561602.7996,3549868.7916
920149.BJ,20260515,1.1655,0.79,,6.2269,1.7617,,76100.7641,62950.668
688005.SH,20260515,4.0456,0.82,,3.215,1.9069,1.0449,2495106.6158,2494734.0632
920039.BJ,20260515,0.553,0.96,51.9152,2.6371,5.3493,2.1459,143360.24,143360.1468
601398.SH,20260515,0.1023,0.9,6.9487,0.6646,3.0149,4.2859,258038130.1324,195199241.8782
002031.SZ,20260515,25.3022,1.57,,9.5193,25.9076,,1847492.3628,1607441.2838
920261.BJ,20260515,1.6403,1.54,22.366,2.6283,0.5422,1.9446,436116.8565,256458.349
300341.SZ,20260515,1.1732,0.8,45.0383,4.0821,5.0597,0.449,806642.7138,803459.5476
605123.SH,20260515,3.5173,0.82,51.0904,2.8875,3.4973,0.7076,1335666.7425,1335666.7425
600717.SH,20260515,1.6241,1.88,12.0568,0.6243,1.0284,2.3583,1276254.4578,1276254.4578
301262.SZ,20260515,3.4547,0.99,24.9014,2.5346,10.3433,2.677,965772.0,282726.6079
605068.SH,20260515,2.8659,0.81,,2.8777,2.956,,444586.0748,444586.0748
688033.SH,20260515,3.4072,0.84,,3.6371,8.5077,,482366.3954,482366.3954
301667.SZ,20260515,15.3664,0.62,129.8956,8.9665,6.1795,,1156227.0384,232907.6285
603280.SH,20260515,1.2714,0.84,37.4902,2.5713,3.264,0.7903,356657.9344,356657.9344
600481.SH,20260515,15.2792,2.35,,3.2143,2.0501,,1395386.7359,1395386.7359
002845.SZ,20260515,3.2913,1.02,118.3864,1.9545,0.475,0.2649,477897.9376,365091.9181
002615.SZ,20260515,4.0855,0.75,164.1807,2.0642,1.4793,1.4133,492074.5036,265565.7751
301030.SZ,20260515,6.1178,0.71,,,,,235169.4295,234846.835
920223.BJ,20260515,2.5409,0.71,,11.008,5.5077,,262665.95,136244.8625
002056.SZ,20260515,2.1953,1.2,17.538,2.8314,1.3658,4.2712,3120033.7579,3116810.6261
600188.SH,20260515,1.1174,1.34,22.0531,2.7754,1.4227,3.4046,21227942.0223,12608259.5223
002459.SZ,20260515,3.0933,1.36,,1.6519,0.72,,3432172.3561,3428092.5565
688188.SH,20260515,1.5443,1.13,40.6852,7.4711,21.2404,1.3391,4774568.6553,4758846.6568
600416.SH,20260515,1.9397,1.11,81.2183,1.8616,3.697,,1812260.7676,1812260.7676
300897.SZ,20260515,3.1622,1.09,258.5421,3.9835,6.953,0.7645,389811.0551,243682.0398
300119.SZ,20260515,1.3445,0.93,20.3408,1.7238,2.345,2.2761,797983.8302,572852.6171
603937.SH,20260515,6.3763,0.49,1424.0997,2.1436,1.5871,,331718.1489,331718.1489
600580.SH,20260515,5.6518,1.47,55.7605,5.8119,4.106,0.4445,6323451.6845,6305296.4045
600682.SH,20260515,1.3406,1.14,,0.5052,1.3349,0.2582,829946.5804,718225.1897
603298.SH,20260515,0.5084,0.56,16.5469,3.0611,2.0302,2.4884,3684501.2938,3684501.2938
300745.SZ,20260515,14.7319,1.81,,3.7595,2.9492,,832550.0423,702876.6516
603936.SH,20260515,10.7738,0.75,,3.0947,3.6893,,1330770.1864,1330770.1864
002090.SZ,20260515,2.4459,0.87,61.8067,2.8637,2.8442,0.5804,448646.3195,442440.3077
920422.BJ,20260515,2.3455,1.4,41.0823,2.2264,1.873,1.3661,97154.0156,72712.5356
920640.BJ,20260515,2.7163,0.77,84.358,7.0035,7.1829,0.2853,657986.64,633067.1625
600653.SH,20260515,0.8361,0.73,,5.4144,0.9653,,338670.1752,338670.1752
002344.SZ,20260515,0.6365,0.55,114.0797,0.6491,5.4668,0.8879,548960.0589,548383.5994
301162.SZ,20260515,3.0437,0.81,65.0001,5.5111,12.2305,0.876,885659.2763,572921.1084
920077.BJ,20260515,2.9011,0.73,52.6998,3.8708,3.787,,1034319.9979,533902.1072
300283.SZ,20260515,20.8819,0.64,81.2173,6.6896,1.8105,,783734.6561,579103.5777
688156.SH,20260515,3.7461,1.07,,3.4122,6.1782,,263971.8055,263971.8055
001369.SZ,20260515,6.9275,0.73,33.2775,2.5389,4.8558,,1792761.0,314208.9334
002105.SZ,20260515,1.9957,1.23,,3.0311,1.9501,,242085.929,240915.3145
601728.SH,20260515,0.3318,1.62,18.2895,1.2368,1.1122,4.327,57924018.7965,49139618.2665
002461.SZ,20260515,0.5516,0.91,22.9963,1.8984,3.5788,1.7672,2129221.9978,2129221.9978
300501.SZ,20260515,4.7985,0.57,,3.1723,3.5826,3.6193,406424.9189,208447.6067
002253.SZ,20260515,1.9737,0.55,,3.1525,8.2141,,267366.9226,248789.5745
002360.SZ,20260515,3.3249,0.6,,2.6403,5.4294,,242671.6458,196613.9097
300949.SZ,20260515,2.9285,1.23,,4.326,5.7317,,243600.0,139262.3158
301046.SZ,20260515,4.9743,0.76,,4.1218,4.7469,0.9458,483089.2235,372314.7147
603988.SH,20260515,3.1348,1.06,188.7798,8.7661,8.882,0.161,584236.8,584236.8
688578.SH,20260515,1.0879,0.94,17.2031,5.3642,7.3227,0.8666,4153950.0,4153950.0
001391.SZ,20260515,2.4361,1.0,26.6061,2.414,2.8769,1.2037,6592795.8615,820451.1708
300998.SZ,20260515,2.5587,0.79,167.5875,3.0522,3.113,,393264.1824,308720.2229
001218.SZ,20260515,1.8214,0.54,16.9782,1.4793,0.671,1.8532,358250.5715,324904.3398
603619.SH,20260515,3.5346,1.11,42.9792,3.0663,3.5655,1.7122,1338469.8446,1338469.8446
002439.SZ,20260515,6.5608,0.79,,1.7764,8.1831,,1934606.1274,1163572.924
603037.SH,20260515,9.7054,1.62,58.0077,4.1216,4.9425,1.6368,409457.2742,408266.6448
300078.SZ,20260515,2.289,0.83,,8.3779,11.544,,422555.7029,420852.7819
002946.SZ,20260515,0.4857,0.74,19.6102,4.023,1.3431,1.7907,1538030.151,1520211.5934
001267.SZ,20260515,10.7696,1.18,592.7645,30.9444,29.8697,0.1004,4926908.3545,3806674.2077
300465.SZ,20260515,2.8416,0.61,260.4044,9.7537,6.5317,,651867.8054,651867.8054
600689.SH,20260515,1.945,0.89,220.4241,5.4063,1.8555,0.1176,256263.9623,194060.2823
301550.SZ,20260515,6.9688,1.46,256.3256,22.6928,52.645,0.179,4239039.475,2585847.4385
603615.SH,20260515,2.1918,0.82,423.3611,4.7499,3.2813,,546029.56,546029.56
300346.SZ,20260515,11.7971,1.37,112.1655,10.8547,14.9171,0.3184,3907801.1296,3708967.6918
601857.SH,20260515,0.1443,1.24,13.2633,1.2967,0.7397,4.0834,210657145.4685,186372311.5685
603707.SH,20260515,0.6454,1.06,23.9934,2.0246,3.4843,1.1494,1405616.3874,1405616.3874
601500.SH,20260515,1.3787,1.15,31.8215,1.1679,0.8421,,716781.3965,713933.3315
300177.SZ,20260515,2.6897,0.74,,5.1407,6.364,,648915.4256,528696.4349
603966.SH,20260515,2.8058,1.06,21.0004,2.5064,2.0062,1.7159,534418.1434,533151.4286
002739.SZ,20260515,1.3577,0.82,,2.5175,1.7534,,1917495.0669,1906720.5028
300572.SZ,20260515,5.7491,0.83,,4.79,17.6304,,770776.3412,610181.435
002125.SZ,20260515,3.0497,0.79,33.7976,2.6563,4.7016,1.1142,903978.2742,903978.2742
003017.SZ,20260515,12.3843,2.05,27.715,2.4076,2.6147,1.7831,280980.0,231768.3199
600748.SH,20260515,2.7776,0.93,,0.9231,2.9334,,953639.0152,953639.0152
000965.SZ,20260515,1.514,0.8,,0.7131,0.953,0.2825,392880.1368,392880.1368
603275.SH,20260515,11.9317,0.8,43.4361,2.6092,10.2401,0.3186,787300.6355,219808.3162
300838.SZ,20260515,10.8985,1.57,,2.9202,2.8398,0.7452,277749.714,204807.9041
600323.SH,20260515,0.8811,0.92,11.6491,1.6333,1.6565,3.4471,2483547.4067,2483547.4067
002088.SZ,20260515,0.6174,0.89,,1.9151,2.0485,8.4656,484900.8438,477918.9872
600103.SH,20260515,7.6505,0.75,264.3659,2.6032,4.3857,0.2612,1035261.9571,1022096.0197
920663.BJ,20260515,2.3143,0.75,25.336,5.7912,5.7289,3.6085,221697.1666,106367.0232
600192.SH,20260515,4.04,0.91,,5.1293,2.4875,,389621.736,389621.736
300815.SZ,20260515,1.5682,1.02,15.3968,1.8369,1.1065,1.7305,863748.864,845954.1534
600363.SH,20260515,5.1277,1.42,42.1387,4.1502,5.9703,0.1301,1882459.2788,1882459.2788
600743.SH,20260515,5.5059,1.04,,11.3954,19.8252,,631101.1351,631101.1351
688339.SH,20260515,3.5548,1.0,,3.3197,24.1727,,639815.3355,520793.7365
002561.SZ,20260515,1.1408,0.9,,1.4669,8.9868,,318058.695,317046.2688
002590.SZ,20260515,2.0766,0.99,30.5337,2.1179,1.316,0.4761,652968.0161,622655.7362
688275.SH,20260515,4.5879,0.74,189.8318,3.3901,1.2808,,1869201.7401,1869201.7401
000513.SZ,20260515,1.0493,0.86,13.9645,1.8897,2.3413,3.5917,2741857.344,1754415.6839
603136.SH,20260515,1.009,0.76,29.9109,1.9904,5.4631,2.3084,274988.9908,274988.9908
688117.SH,20260515,1.1761,0.45,31.7851,5.0069,7.0268,0.3683,563127.0293,563127.0293
600938.SH,20260515,1.4493,1.12,13.9201,2.073,4.259,3.4817,173531861.9956,10916490.0
300496.SZ,20260515,5.0832,1.15,65.016,2.8729,3.7112,0.0891,2990404.7246,2392350.2251
600085.SH,20260515,0.3782,0.65,34.721,2.6582,2.2495,1.8315,3744113.8153,3744113.8153
002953.SZ,20260515,2.3267,0.86,35.979,2.5264,1.1946,0.804,563841.8563,311194.1207
920839.BJ,20260515,1.6901,1.17,32.4345,5.6205,5.4774,1.5489,381581.7864,209965.5699
002138.SZ,20260515,3.8746,0.87,29.7481,5.0272,4.1222,2.2238,2872912.2953,2695408.5986
002840.SZ,20260515,5.222,0.94,,2.3979,1.0974,,862328.8725,856374.6259
300370.SZ,20260515,1.6108,0.74,,9.2415,9.6029,,399170.9374,398174.8714
600088.SH,20260515,8.7602,2.03,,5.9111,7.0051,0.1823,741722.436,741722.436
301288.SZ,20260515,7.0538,1.65,,2.7894,11.4971,,218612.24,158093.8729
301118.SZ,20260515,19.1989,2.94,932.5071,2.989,2.6376,0.3396,406404.3232,387713.8896
300597.SZ,20260515,2.4605,1.17,,2.8371,5.5344,0.0401,265755.7793,264587.9321
002161.SZ,20260515,2.7058,0.86,3757.1591,3.2246,7.9393,0.2262,490459.1562,490360.9991
688217.SH,20260515,1.8436,1.26,,1.8734,9.9343,0.5962,157346.059,157346.059
601088.SH,20260515,0.2466,1.43,19.2217,1.979,3.3518,6.3847,99120714.7693,75364043.4544
603638.SH,20260515,1.945,1.69,49.0147,5.9619,6.0434,0.5741,2171635.0605,2171635.0605
600860.SH,20260515,2.364,1.08,,7.1825,3.9157,,592927.325,480896.1734
603317.SH,20260515,1.1156,0.59,22.8351,4.0744,4.321,3.4132,1701414.2408,1701414.2408
600765.SH,20260515,1.5153,0.86,42.6193,1.6903,2.3627,0.7913,2424995.867,2424995.867
603282.SH,20260515,1.416,0.81,36.4372,1.8301,3.0906,1.2914,241009.82,241009.82
600729.SH,20260515,2.2262,1.27,10.3718,1.084,0.6074,7.6056,880906.154,384965.688
300467.SZ,20260515,4.4136,0.94,316.5077,12.2577,27.8011,,796359.9913,667099.3479
002529.SZ,20260515,2.6937,0.86,,28.9085,5.7579,,230360.0,230360.0
300928.SZ,20260515,3.9188,0.47,,2.8322,3.4435,,286720.0,192060.1196
300773.SZ,20260515,5.7496,0.9,12.4097,4.2409,3.5247,1.5259,2065928.7457,1953923.8863
001301.SZ,20260515,3.1592,0.97,23.497,2.9023,2.4501,0.9965,2085114.7883,1485026.0862
301050.SZ,20260515,2.488,0.87,241.3153,3.2301,17.3783,0.8574,988848.684,842016.2
000829.SZ,20260515,2.637,0.8,,3.679,0.1095,0.0962,1066104.4555,1065094.8558
688498.SH,20260515,5.7344,1.41,376.335,53.072,153.6062,0.0255,13399250.4834,13226337.74
920510.BJ,20260515,8.1845,1.75,,8.4248,14.9952,,329006.0772,167703.7533
603261.SH,20260515,0.927,1.05,,5.8798,8.2218,,293899.0434,293899.0434
688211.SH,20260515,1.4439,0.87,,1.414,1.8928,,493957.904,493957.904
002726.SZ,20260515,3.2629,0.81,,3.441,0.2175,,207204.9769,207047.7289
600143.SH,20260515,3.3973,1.32,38.18,2.3386,0.7063,0.5581,4613580.375,4613580.375
600569.SH,20260515,0.9445,1.17,,3.8233,0.1882,,557249.7489,557249.7489
688805.SH,20260515,6.939,0.54,104.8541,6.9699,14.2818,,868582.4,163267.6896
002585.SZ,20260515,8.6769,0.83,,1.1503,1.9087,0.3576,957569.6715,743988.8998
600809.SH,20260515,0.6168,0.83,14.5989,3.5607,4.319,2.7395,16031549.8413,16031549.8413
301228.SZ,20260515,2.2461,0.58,,12.3149,19.9786,,737880.0,734438.3678
002700.SZ,20260515,2.3726,0.93,37.8761,2.0884,4.3645,0.9348,292021.4986,151638.8094
688783.SH,20260515,20.3432,0.9,,11.1808,50.4586,,13716406.6,629048.1374
688192.SH,20260515,0.8765,0.91,,20.0084,27.743,,2480264.2695,2459193.5385
300945.SZ,20260515,3.7297,0.8,29.0399,2.1542,1.4211,1.4025,373714.143,339958.7665
600486.SH,20260515,1.6468,0.97,20.8807,2.2136,2.1716,1.4198,2626913.2239,2618250.4666
002513.SZ,20260515,2.9455,1.24,,61.6474,1.0086,,247140.8375,190189.1767
300682.SZ,20260515,2.1038,0.97,301.5842,2.3261,3.4436,1.7229,1564520.1763,1496451.584
002714.SZ,20260515,1.1878,0.91,25.0847,2.8443,1.7782,3.4825,24535227.6748,16150806.7988
688419.SH,20260515,4.1533,1.21,72.4417,4.9467,17.6296,0.6254,520522.7839,520522.7839
300225.SZ,20260515,5.1796,1.14,139.0894,4.0724,4.2137,0.2663,357047.6221,354506.4634
300988.SZ,20260515,5.6407,0.97,45.5745,3.2513,2.0938,0.5512,425100.9917,327981.8864
002494.SZ,20260515,3.5216,0.91,83.4265,1.832,4.511,,230536.8487,175216.7376
601512.SH,20260515,0.7292,0.4,14.7756,0.8775,4.7136,1.4175,1353497.67,1353497.67
688571.SH,20260515,3.4119,1.26,36.5534,2.3212,3.1252,2.0872,395327.0924,395327.0924
002575.SZ,20260515,18.3818,1.25,,5.388,9.8339,,454360.5,430647.8935
600650.SH,20260515,1.1584,0.92,47.468,1.6,4.6165,0.8929,679583.6518,481170.0124
300157.SZ,20260515,4.0896,0.64,,,5.5195,,404864.5487,380101.8274
600651.SH,20260515,0.8559,0.81,297.1677,7.0854,10.3574,,1787510.9747,1787510.9747
605033.SH,20260515,2.236,0.7,57.5065,2.6286,3.2585,0.6491,312447.2,312447.2
000816.SZ,20260515,2.5612,1.13,,2.1305,3.2724,,415292.8223,413139.1037
300538.SZ,20260515,6.0009,1.33,,3.3951,1.0447,,308715.8184,205311.9659
300766.SZ,20260515,6.0039,0.82,,7.3981,21.5558,,1158590.5368,1050544.8397
688021.SH,20260515,3.2646,0.8,74.2256,2.429,6.1048,,214569.7173,214569.7173
001210.SZ,20260515,24.566,3.09,34.546,3.2132,3.9394,0.9379,473731.0942,287898.4059
688468.SH,20260515,0.7337,0.85,75.5532,2.0396,8.9183,1.7032,289599.976,289599.976
600663.SH,20260515,0.5032,0.92,50.4537,1.5892,2.4777,1.8877,4007982.3285,2511924.195
002552.SZ,20260515,10.6391,0.96,72.3423,7.9606,3.6307,0.6225,1246596.8685,1184001.0676
688401.SH,20260515,5.7086,1.33,49.9319,8.0876,11.0782,0.4258,1353440.865,1353440.865
300226.SZ,20260515,2.8485,0.9,36.7152,3.5032,0.1062,0.2029,785329.5838,755100.0565
300627.SZ,20260515,2.6935,1.35,36.384,5.5636,6.5392,1.1485,2430710.7811,2002031.1055
600082.SH,20260515,4.6876,1.19,,1.4723,5.5179,,248754.593,244219.1336
603958.SH,20260515,5.1418,1.1,,8.3114,3.6351,,541161.12,541161.12
301429.SZ,20260515,3.7501,0.64,54.6626,1.9662,2.745,1.3206,266704.32,99311.4008
605180.SH,20260515,0.9916,1.05,120.3698,2.2631,6.8329,0.8453,259922.0,259922.0
002103.SZ,20260515,1.4392,0.83,26.9575,3.3251,1.4836,,417801.4492,303522.0298
300609.SZ,20260515,3.3727,0.82,,5.3105,15.1171,,487304.0681,486552.7928
920003.BJ,20260515,2.844,0.49,18.8304,3.1019,5.5625,1.2743,203138.1438,41794.4855
002479.SZ,20260515,2.8999,0.94,22.6771,1.1182,0.8503,2.7125,478345.0,477279.2827
600135.SH,20260515,4.0184,0.81,,2.6876,4.6918,,632983.3213,632983.3213
002239.SZ,20260515,2.4956,0.94,52.255,1.5817,1.2475,0.1035,991243.7937,756427.1077
603668.SH,20260515,1.1571,0.68,,3.0661,1.0737,,649948.8006,649948.8006
300227.SZ,20260515,4.3057,0.81,,4.9455,3.8362,,675235.586,490665.737
002149.SZ,20260515,12.4578,0.73,419.074,9.0496,10.9425,0.4347,3369654.9191,3369137.2691
600543.SH,20260515,1.4867,0.95,,2.2738,6.463,,157669.92,157669.92
000908.SZ,20260515,3.0316,1.29,,6.6007,35.7346,,1377726.6337,688863.1602
301326.SZ,20260515,6.1028,2.01,,10.4554,8.9273,,1291179.3498,1279595.5401
600339.SH,20260515,1.2424,0.88,57.3877,0.7947,0.2151,1.2533,2138345.4814,2138345.4814
002307.SZ,20260515,1.2439,0.79,,1.5779,0.5939,,680945.7501,523804.4234
301065.SZ,20260515,2.2257,0.89,33.7029,1.8038,3.9153,0.8254,249995.16,203465.925
300265.SZ,20260515,12.7956,0.64,357.6137,4.6482,4.1342,0.1675,1094187.1239,1093482.4914
603172.SH,20260515,3.753,1.45,59.0384,2.7523,5.1174,0.3922,306107.1,306107.1
600605.SH,20260515,2.4738,0.76,293.8009,4.8016,59.3616,0.121,681763.4278,681763.4278
688521.SH,20260515,5.2387,0.91,,42.2136,36.917,,13284619.796,13284619.796
688187.SH,20260515,2.4283,1.11,18.2378,1.7372,2.5602,2.5899,7493227.6347,4831125.7667
300200.SZ,20260515,11.1776,1.87,54.9255,2.986,3.6221,1.2636,494326.2673,486237.6393
002866.SZ,20260515,8.8667,0.43,106.6378,3.1657,2.9834,0.2624,662137.3995,414433.0012
002647.SZ,20260515,4.5228,0.73,,22.3931,16.6305,,1393649.6131,1251854.6131
002890.SZ,20260515,1.3326,0.76,275.2572,4.8583,9.7581,0.1501,294223.7771,279677.6617
600129.SH,20260515,1.1578,0.95,73.7387,2.3071,0.8071,,823267.3502,823267.3502
603029.SH,20260515,1.5421,0.97,31.2486,2.4316,2.3081,0.8944,233340.666,233340.666
688166.SH,20260515,2.8753,0.93,526.9596,9.9414,20.6178,0.1513,2679516.9192,2679516.9192
000957.SZ,20260515,2.8797,0.92,18.0521,2.14,0.9312,0.8489,690733.0854,690733.0854
002905.SZ,20260515,1.6308,1.05,,50.8275,3.7272,,331537.92,307856.64
300878.SZ,20260515,8.5599,3.31,,5.746,23.2787,0.3794,524140.9656,521728.7316
688228.SH,20260515,3.8219,1.11,,5.5248,16.9749,0.1451,689017.752,689017.752
001287.SZ,20260515,7.7361,0.87,60.5849,3.9178,0.2609,0.3923,2169514.7769,2169514.7769
600987.SH,20260515,0.8065,0.79,9.5337,1.0288,0.7162,5.8055,703344.2035,703344.2035
603158.SH,20260515,7.193,0.73,119.9901,3.1537,1.7388,1.0841,716524.4161,716524.4161
603310.SH,20260515,10.5942,10.45,34.4805,1.4991,5.6351,1.6988,609870.44,342621.66
301177.SZ,20260515,0.85,1.52,79.9936,1.9816,8.4659,1.603,1247655.7724,1246831.17
688469.SH,20260515,5.8899,1.29,,5.0544,7.7961,,6555261.3685,4590183.6
603221.SH,20260515,1.3689,0.97,,1.8944,2.7105,1.4793,297605.18,294842.59
301486.SZ,20260515,19.1904,1.35,514.3383,12.9707,33.1979,0.1538,3313664.3022,1865756.645
000589.SZ,20260515,2.4006,1.38,10.1225,0.8085,0.6691,3.5427,743110.5129,738424.2965
603396.SH,20260515,4.9291,1.29,93.5115,1.9353,1.8574,0.4099,506872.042,506872.042
301348.SZ,20260515,10.5595,0.7,,4.438,8.7063,0.184,652080.0,421513.1222
301372.SZ,20260515,6.2367,1.03,,3.5029,9.2217,,259611.434,155871.3048
688392.SH,20260515,3.6623,0.99,131.5282,10.2173,23.0024,0.3271,1896869.7704,1896869.7704
000676.SZ,20260515,1.6327,0.93,62.6919,2.098,2.2593,,898229.7103,897687.3433
300989.SZ,20260515,1.9326,0.6,,3.3391,11.3741,,322768.087,249311.231
920035.BJ,20260515,4.9719,0.55,34.8458,3.8095,3.7139,1.3463,214854.9,48333.996
300819.SZ,20260515,8.5246,0.75,235.2974,13.8478,21.3915,0.489,1220496.9,1102355.205
001378.SZ,20260515,5.2429,1.11,42.6539,1.9894,2.457,2.2873,378134.0896,183994.9042
688505.SH,20260515,0.4948,0.7,,3.8071,12.345,0.3846,808526.238,554246.238
605158.SH,20260515,2.9508,0.5,,1.7367,0.5972,1.8042,420898.66,420898.66
688193.SH,20260515,6.7697,1.96,159.015,2.3996,13.4951,0.4395,220424.3549,220424.3549
300612.SZ,20260515,3.7485,1.02,,6.2772,9.5889,,268877.199,268020.449
300235.SZ,20260515,2.9276,0.46,249.0323,4.9566,40.8895,0.3209,351690.0491,283776.509
600360.SH,20260515,2.7911,1.04,62.3662,3.1206,4.8131,0.648,1096657.2372,1096657.2372
300161.SZ,20260515,9.9906,1.56,,5.3111,5.1647,0.0242,819823.4342,804546.4942
001282.SZ,20260515,5.6713,0.94,44.0607,2.8563,2.8652,0.6655,472144.4,166100.2
300779.SZ,20260515,3.6445,0.94,208.429,4.664,12.8161,0.1357,1436105.5151,1093413.2529
300434.SZ,20260515,4.251,0.78,25.002,1.7317,4.2842,0.6,462005.4528,393432.3777
000695.SZ,20260515,14.0659,3.17,,12.0043,5.2103,,358984.0633,343585.493
920112.BJ,20260515,1.1739,0.75,18.3437,2.9194,2.3167,1.5704,270162.4,73814.672
000905.SZ,20260515,2.6309,1.15,53.7277,1.8367,0.7122,0.6166,1684200.241,810053.8959
301332.SZ,20260515,1.1994,0.56,33.4093,1.4365,1.2926,1.6103,426945.3125,244977.222
301278.SZ,20260515,5.891,0.9,226.9453,2.5155,3.216,1.28,358204.615,205248.0423
920725.BJ,20260515,7.297,0.69,,4.8786,16.3334,0.3092,293266.575,133564.0244
920068.BJ,20260515,0.9702,0.72,136.7326,9.7825,23.0006,1.0499,1248918.0286,330865.2368
000573.SZ,20260515,4.8138,1.08,,1.7479,4.7616,1.1136,286587.9912,284201.2037
300521.SZ,20260515,2.1699,0.86,,8.182,22.1439,,436163.49,430701.615
600639.SH,20260515,0.7934,0.75,10.946,0.7579,1.8882,3.1731,1141493.9122,864690.727
301149.SZ,20260515,8.6856,1.53,47.1097,2.9452,0.915,1.0366,622210.026,377929.8982
600835.SH,20260515,2.1486,1.74,31.6927,1.7198,1.2574,1.7662,2432074.0744,1917867.2254
000973.SZ,20260515,8.9056,1.19,64.716,4.5587,13.6646,0.0812,4171627.7919,1641717.1212
000501.SZ,20260515,1.2194,1.17,37.2496,0.5442,0.991,3.7459,600583.3229,599980.4182
688615.SH,20260515,4.4354,0.81,56.0685,9.665,14.4162,0.8353,2765560.0,1909624.0056
603418.SH,20260515,3.9364,0.37,21.4017,2.3352,2.1334,,1080797.1495,231559.098
301678.SZ,20260515,6.0812,1.11,173.0048,7.6298,15.3328,0.8174,1465360.7916,293072.162
002536.SZ,20260515,6.4182,0.72,101.2925,7.2715,5.6654,0.6752,2553773.7004,2418773.9762
688273.SH,20260515,1.3142,0.84,51.9865,3.2512,10.7996,1.5368,445500.0,445500.0
301001.SZ,20260515,2.8145,0.97,,3.1464,7.7205,1.2401,241920.0,152107.2
601226.SH,20260515,2.0206,0.98,53.6686,2.3068,0.9504,0.3955,1002999.0531,1002999.0531
688265.SH,20260515,0.6919,0.89,92.8154,1.793,7.0998,,307098.2777,307098.2777
300112.SZ,20260515,3.0753,1.33,,2.6363,2.448,,244660.4286,200301.8664
002104.SZ,20260515,3.7583,1.06,690.6529,4.5106,12.9188,0.5922,962647.8593,814994.4499
002415.SZ,20260515,0.6837,0.83,20.3202,3.5269,3.2056,3.3261,30354054.5736,29961684.0168
300016.SZ,20260515,3.2241,0.96,42.2199,2.1143,4.1838,0.473,520030.6195,502574.4488
002516.SZ,20260515,1.1245,1.0,46.7877,2.455,3.866,1.2903,911919.9828,903605.7828
002335.SZ,20260515,10.433,0.97,81.8527,5.3873,4.1743,0.1474,3495538.0261,3083566.0329
301539.SZ,20260515,3.1713,1.34,970.7657,3.4238,2.3747,0.5602,264180.0,133985.2202
603811.SH,20260515,1.7151,0.57,19.3901,2.5876,4.5354,2.1155,375418.055,375418.055
301268.SZ,20260515,1.3011,0.84,,5.779,2.4909,,912905.005,785911.0342
002586.SZ,20260515,0.5801,0.82,19.4467,1.6133,2.4451,,517189.1187,491558.1374
301165.SZ,20260515,1.7358,1.08,106.6716,14.7964,5.1389,0.4533,7594999.9957,7594999.9957
000850.SZ,20260515,1.4008,1.09,82.3427,0.9085,1.1862,2.2461,406719.6189,406594.7815
300241.SZ,20260515,7.9938,0.99,72.4326,2.1433,2.5311,0.2806,489170.4944,409789.3352
688378.SH,20260515,3.9309,1.21,100.2475,6.1881,19.3147,0.404,1272617.6984,1172996.0596
603193.SH,20260515,3.2677,0.71,30.2186,4.2922,6.2085,1.7828,975879.0734,249247.1894
920000.BJ,20260515,1.4673,1.02,21.7841,2.1643,3.4191,0.4394,146046.24,91747.1225
301383.SZ,20260515,7.6113,1.82,,2.6639,2.8442,1.2541,519494.976,224553.315
300221.SZ,20260515,11.9845,1.62,44.332,3.8634,2.5686,,581770.7532,561397.489
002426.SZ,20260515,8.2587,1.58,,7.876,3.6548,,1292997.8481,1292987.9586
603919.SH,20260515,1.7398,0.9,29.2829,2.693,3.2806,3.6527,952127.0144,952127.0144
300778.SZ,20260515,5.3692,1.61,,2.4236,23.3024,,291233.2881,291155.529
600027.SH,20260515,1.9946,0.98,10.4592,1.2403,0.4773,3.9463,6200687.4143,4921171.6926
300353.SZ,20260515,4.0934,1.3,126.3282,5.3303,12.5021,,1175675.1885,1032597.1043
603755.SH,20260515,1.9478,1.47,32.1753,3.5914,5.538,1.7823,272666.828,272666.828
301023.SZ,20260515,8.6608,1.59,51.4745,4.1993,13.1757,2.5234,347841.5925,193738.3773
600959.SH,20260515,1.2012,0.94,87.8557,0.84,2.4385,0.5759,1910274.1561,1910274.1561
001205.SZ,20260515,2.0739,1.07,25.2885,1.2624,1.8867,0.7998,278245.2303,246396.798
300486.SZ,20260515,2.3097,0.81,447.7167,6.328,10.0076,,1075493.7017,1075170.4579
920050.BJ,20260515,2.8746,0.68,23.5331,2.0931,2.1103,,227267.2036,60788.7021
688389.SH,20260515,0.6045,0.96,32.7764,2.4855,4.9344,2.2614,534321.7053,534321.7053
600977.SH,20260515,2.075,0.98,188.1277,2.4537,5.7471,0.0762,2695948.0,2695948.0
601218.SH,20260515,6.7164,0.98,37.1468,1.962,3.8166,0.7414,588203.3418,588203.3418
300926.SZ,20260515,1.7436,1.09,11.8672,2.7036,1.7112,,978088.6715,671066.3164
300046.SZ,20260515,7.408,1.63,180.2908,7.1612,21.9143,0.2299,823129.1711,823129.1711
600053.SH,20260515,3.3089,0.89,,1.8908,15.5423,,420534.576,420534.576
300224.SZ,20260515,2.8797,1.11,43.5429,2.4775,1.7884,1.4917,1240623.6559,1236055.7701
002514.SZ,20260515,0.4912,0.09,,,11.7719,,268572.7805,206654.165
600880.SH,20260515,2.1065,0.76,,1.821,15.3754,0.2,546666.046,546515.0875
300140.SZ,20260515,2.9593,1.11,22.5432,1.4281,3.4203,1.8127,2051582.3646,675320.2675
301503.SZ,20260515,2.8704,0.93,34.0173,2.5867,1.721,2.6776,283840.0,115239.04
300100.SZ,20260515,6.8467,2.89,44.2719,5.815,3.5444,0.3017,1896123.4461,1827082.2494
920180.BJ,20260515,4.222,0.5,25.0176,2.3397,6.2708,,185335.0592,55965.4047
688196.SH,20260515,1.5196,1.05,48.1659,1.8491,2.0887,1.0097,594235.3942,594235.3942
300483.SZ,20260515,5.1661,0.66,39.1629,2.1546,2.6909,,790318.2996,790069.8996
603370.SH,20260515,7.175,3.12,55.3062,4.2007,5.4351,,826988.65,165397.73
600367.SH,20260515,12.6677,1.1,92.3433,3.4191,4.1011,0.2004,851121.6005,803323.0891
301487.SZ,20260515,6.8298,1.19,165.3726,6.0039,4.3074,,1159152.6566,687986.4781
600251.SH,20260515,1.6847,0.86,19.6901,2.2155,3.7096,1.5625,895096.6076,895096.6076
002943.SZ,20260515,10.8632,1.21,487.4171,18.7103,20.671,,1619319.2085,1147545.3701
688343.SH,20260515,4.86,1.09,,7.8109,20.9528,,2905595.3104,2905595.3104
688314.SH,20260515,2.993,1.1,41.5658,5.1468,10.6644,1.1574,365007.5998,365007.5998
002991.SZ,20260515,2.1386,1.16,20.0492,2.5015,2.0146,4.8655,445105.593,238433.4462
300428.SZ,20260515,1.9203,0.93,16.4894,1.6747,0.4556,1.4107,1521305.4661,1324213.1006
600935.SH,20260515,1.9936,2.43,,1.634,2.1211,,970579.2751,946998.4892
002591.SZ,20260515,9.1957,0.47,,4.2002,5.6333,,268678.5382,200043.6535
600820.SH,20260515,0.692,1.0,8.29,0.5625,0.3269,5.2174,1807855.2541,1807855.2541
301169.SZ,20260515,3.7875,1.07,,15.4006,18.5877,,667527.6066,667235.7276
000690.SZ,20260515,6.5348,0.86,11.5232,0.9109,1.3624,3.6496,1192386.5484,1191608.5736
000733.SZ,20260515,2.6577,0.9,25.3005,1.5777,4.375,0.4012,2486558.2369,2486223.058
600551.SH,20260515,1.0571,0.8,14.0034,0.9396,0.8644,4.8309,561429.7379,561429.7379
300380.SZ,20260515,2.9169,0.9,135.0883,12.1471,4.8042,0.1382,501010.922,460935.9001
002409.SZ,20260515,12.0119,1.59,50.8011,6.313,6.0407,0.5397,5114318.8278,3422845.4393
301538.SZ,20260515,25.2514,1.92,49.9198,6.2361,8.9694,0.3663,917280.0,365270.1507
600558.SH,20260515,1.7702,0.94,26.1137,2.0733,1.3602,2.6178,514327.5682,514327.5682
002208.SZ,20260515,19.9873,2.05,,2.8157,1.5419,,1667633.9719,1667178.0263
002254.SZ,20260515,15.064,2.27,265.9054,1.7177,3.3864,0.3514,1215307.0855,1206216.1811
601068.SH,20260515,0.7697,1.34,62.8807,5.4661,0.7452,,1682151.8183,1441049.5455
301057.SZ,20260515,2.0286,0.62,90.6535,4.5152,3.5877,0.6526,354534.3666,245563.3999
300120.SZ,20260515,2.8818,1.17,,1.6556,1.5581,,415286.8107,381344.1824
603880.SH,20260515,5.1301,1.16,,14.4101,4.2416,,247998.036,247998.036
603595.SH,20260515,6.126,3.98,,3.325,2.21,0.069,505562.0591,505562.0591
300218.SZ,20260515,1.4635,0.75,35.0156,2.018,1.4167,1.6863,317018.007,315979.8116
920119.BJ,20260515,4.1714,0.77,24.6033,3.4941,4.7629,,685820.1459,180450.0774
000560.SZ,20260515,3.8731,0.6,,0.7715,0.7294,0.1414,716072.2587,710884.603
301555.SZ,20260515,13.3853,1.8,47.5192,3.2635,1.6129,0.5504,368789.9999,193233.9658
688619.SH,20260515,5.6651,2.14,,5.0194,21.118,,330079.7148,330079.7148
300182.SZ,20260515,5.1845,0.87,89.1537,1.8028,6.1285,0.0868,1534363.564,1301395.4248
603956.SH,20260515,1.7071,1.33,,1.7934,3.0104,,330545.6459,330545.6459
001222.SZ,20260515,1.0857,0.69,30.0647,2.3903,1.841,0.8302,340356.87,201476.6554
300338.SZ,20260515,1.6258,0.72,,,11.0037,,142126.5163,123527.6699
002222.SZ,20260515,10.2032,0.83,169.3154,27.2197,40.0338,0.189,4976185.5,4953981.4375
002240.SZ,20260515,6.1677,0.96,,4.3542,6.0994,,4673490.5104,4661311.9345
603055.SH,20260515,0.6384,0.95,15.6031,1.444,1.2253,2.8532,779896.8861,777056.1933
600285.SH,20260515,1.7817,1.36,15.8558,3.4286,3.1603,4.0798,1251056.7621,1248299.2621
002062.SZ,20260515,3.0543,0.8,46.076,2.428,2.1486,1.0153,1206339.1168,1096583.436
600854.SH,20260515,7.0915,0.79,23.392,1.1901,28.7837,2.1127,295052.4496,295052.4496
688308.SH,20260515,6.2917,0.74,58.5948,6.2022,9.7618,0.1345,1756919.599,1756919.599
000626.SZ,20260515,2.7235,0.66,,1.9772,0.056,,434179.2224,431680.7735
603042.SH,20260515,10.4711,0.8,,4.2035,4.2313,,350567.6207,350567.6207
603407.SH,20260515,52.1819,,123.7729,15.1942,17.639,,3132481.7741,275804.0986
688377.SH,20260515,1.6324,0.88,72.7484,4.3925,6.9052,0.3233,839883.3454,839883.3454
002017.SZ,20260515,2.2583,1.08,65.2926,5.7861,8.1417,0.8803,1081344.6465,1080699.9982
000525.SZ,20260515,2.247,0.97,,2.6925,2.3009,,668520.3315,570332.8826
002110.SZ,20260515,1.2964,1.14,,0.4,0.1779,,774875.3164,774875.3164
002831.SZ,20260515,1.6189,0.54,23.9027,3.0949,2.2025,2.4497,3817369.4845,2119047.3636
920007.BJ,20260515,4.0972,0.89,32.5089,3.6412,2.3786,1.8503,236069.6069,56545.4621
300739.SZ,20260515,5.596,0.72,123.319,3.8051,5.3869,0.4238,1055010.8185,969421.7935
600894.SH,20260515,1.3708,1.13,10.3081,0.8243,0.9971,8.1741,733295.0697,725947.3671
002623.SZ,20260515,8.8054,0.98,,1.6671,2.4731,2.1157,456251.25,455273.9985
688036.SH,20260515,2.0496,1.79,25.0373,3.2895,1.0158,3.7535,6987690.1882,6987690.1882
920346.BJ,20260515,1.3658,0.79,34.8686,3.3671,5.734,1.6754,163725.7991,90545.5475
300939.SZ,20260515,5.3659,0.74,75.5192,3.8973,4.2793,0.841,564000.0,564000.0
603236.SH,20260515,2.3788,0.95,27.4454,3.0072,0.8137,1.2065,2103701.3695,1912455.7931
920033.BJ,20260515,1.2368,0.77,54.1166,2.6846,6.4181,,207057.0645,143838.545
000576.SZ,20260515,2.9276,1.04,52.6915,2.2459,6.4108,,370955.4819,368742.9719
301076.SZ,20260515,10.5237,2.12,114.1295,6.2708,17.0613,0.4097,755137.0216,503950.0795
001257.SZ,20260515,15.9623,0.64,49.5079,5.8151,12.7681,,4444836.928,331551.0789
920957.BJ,20260515,1.2059,0.55,146.0506,3.138,1.9559,0.8621,124469.5474,49537.4914
000786.SZ,20260515,0.6447,0.74,15.0341,1.5433,1.7112,3.3894,4311763.8944,4279523.3638
301665.SZ,20260515,2.4776,0.71,22.5325,3.1439,2.0556,2.2989,1174500.0,271883.7
301468.SZ,20260515,7.8648,0.82,156.6272,3.2905,15.6902,0.4455,759344.5862,437715.2086
600467.SH,20260515,1.7116,0.8,110.2735,1.0018,3.1424,0.3796,343333.6614,343333.6614
920186.BJ,20260515,20.3293,0.89,24.7676,7.2243,18.1524,,2474093.5723,1055898.3733
603336.SH,20260515,2.2978,0.77,454.753,5.164,7.3602,0.041,742028.394,742028.394
301595.SZ,20260515,9.5374,0.72,94.5265,5.6376,4.6952,1.0815,500578.44,112630.149
300962.SZ,20260515,1.3866,0.62,31.9136,3.5305,10.184,1.0377,371450.6691,371450.6691
001979.SZ,20260515,0.6352,0.63,132.4377,0.8381,0.5177,2.1399,8177541.1791,7631120.2653
688472.SH,20260515,7.4459,1.15,35.6986,2.2473,1.369,0.6334,5311698.2833,1964880.1021
603626.SH,20260515,8.0826,1.08,110.9438,6.2254,4.6221,,1417717.608,1417717.608
688347.SH,20260515,10.5805,1.73,528.5684,5.7638,14.4855,,26080129.0892,6119919.75
688283.SH,20260515,2.1547,0.83,109.6599,5.7467,23.0049,0.5525,569171.4,569171.4
002635.SZ,20260515,6.3843,1.12,96.2301,1.9264,2.2949,0.895,1105635.0366,662913.4907
002463.SZ,20260515,3.2639,0.94,46.0701,12.5217,9.3832,0.4855,19819020.0676,19803025.1953
603959.SH,20260515,6.1569,1.02,,5856.3395,4.4786,,228969.6293,228969.6293
688361.SH,20260515,4.942,1.61,12857.6843,14.3242,33.7139,,7265887.1678,5744896.543
300624.SZ,20260515,7.0372,1.2,,13.0306,8.3616,,1272539.6846,1127057.0277
000839.SZ,20260515,8.6476,1.77,154.0615,8.6825,4.0274,,1348420.2651,1348420.2651
688627.SH,20260515,9.7158,1.3,345.8725,19.0982,25.4186,0.0899,3326865.475,2557198.0607
601921.SH,20260515,0.376,0.99,13.1772,1.1391,1.5987,5.3763,1653333.3339,1653333.3339
002925.SZ,20260515,1.6022,0.98,26.8929,3.09,3.6214,1.4335,1596583.2707,1512538.5561
002123.SZ,20260515,2.1935,0.96,,4.8642,3.0212,,740183.3602,662168.9622
603799.SH,20260515,3.9858,0.89,15.1237,2.2024,1.2502,0.7546,11124306.7699,11070816.2104
001360.SZ,20260515,2.3386,0.71,93.8954,2.9098,4.8227,0.7267,416364.0,256113.5665
002049.SZ,20260515,4.5016,0.92,39.7366,4.7149,9.9187,0.2697,6565077.9668,6564198.5415
301300.SZ,20260515,2.3418,0.87,30.6789,3.1204,5.039,2.6335,262471.96,156836.8376
000565.SZ,20260515,3.7407,0.7,129.1782,2.7871,8.6495,0.1818,357713.5815,357713.5815
605138.SH,20260515,1.1976,0.65,25.0571,1.7516,1.2834,0.6802,439457.0494,439457.0494
605365.SH,20260515,1.3583,0.63,72.7304,3.0535,1.7059,1.8146,1161155.7822,1161155.7822
002434.SZ,20260515,2.3518,1.15,50.1318,1.7287,2.0309,1.2821,1023828.0,1022829.834
000523.SZ,20260515,3.3186,1.78,55.0044,3.2311,2.9531,,633236.619,457180.2531
002530.SZ,20260515,2.6536,0.95,101.6121,5.1516,6.2314,0.2961,684135.9977,610318.2873
688219.SH,20260515,2.5516,1.89,32.846,2.1599,0.9875,1.0777,657871.2,657871.2
688575.SH,20260515,1.2385,1.09,224.7516,2.5799,3.9089,1.7114,699950.6675,699950.6675
301638.SZ,20260515,12.4185,0.64,132.5242,8.2289,12.0499,,9233704.2679,682382.3817
688186.SH,20260515,1.8514,0.73,40.7909,1.1812,1.1624,1.3694,558454.3078,558454.3078
603226.SH,20260515,1.2955,1.06,,19.766,47.213,,1683253.531,1683253.531
300986.SZ,20260515,5.7023,0.83,52.2281,4.1571,3.0006,0.2775,926941.4438,926176.5968
603312.SH,20260515,3.0998,0.94,24.743,3.3383,2.3582,2.9814,615518.0765,195887.3165
601238.SH,20260515,0.2819,0.83,,0.6456,0.7007,0.3024,6730063.494,4873240.4127
301613.SZ,20260515,1.8306,0.5,28.0145,3.896,1.9922,1.4556,658792.9113,384267.7113
600929.SH,20260515,2.4913,1.0,159.9693,1.377,1.8631,1.3706,1041471.9176,1041471.9176
300008.SZ,20260515,3.0901,0.64,37.6401,5.145,2.6923,,1289109.7332,1228878.393
600028.SH,20260515,0.2969,0.93,17.4495,0.7446,0.2252,4.4482,62034788.7959,48608019.8674
002348.SZ,20260515,3.372,0.89,,32.6655,38.8824,,1299558.4,1239647.2746
300331.SZ,20260515,8.7647,1.35,,9.2112,6.733,,1419054.393,1213944.9204
603389.SH,20260515,0.9627,1.31,,91.6352,29.1142,,1837424.736,1837424.736
002825.SZ,20260515,4.3494,1.2,41.1456,2.2155,1.7967,1.098,368174.8669,276644.0289
605018.SH,20260515,1.6818,1.2,60.1874,2.2082,2.8663,1.1131,625187.5047,625187.5047
002132.SZ,20260515,13.7324,1.12,118.5475,2.3394,1.574,0.803,826911.3718,825519.9825
688020.SH,20260515,6.0736,0.94,,9.2654,34.9458,0.123,1219027.644,1219027.644
300659.SZ,20260515,2.8084,0.84,,2.815,4.7096,,328875.5734,239008.6132
600116.SH,20260515,1.6902,1.04,27.1098,1.1302,1.2212,1.33,1281135.7457,1281135.7457
605555.SH,20260515,3.288,1.69,83.933,2.6428,1.7497,1.6467,791452.8804,791452.8804
002100.SZ,20260515,2.0134,0.54,,1.465,0.6011,2.9891,1004825.115,1004825.115
920807.BJ,20260515,2.4066,0.82,153.5579,2.2632,3.5079,0.8584,211890.2,143936.8241
600172.SH,20260515,22.1492,1.16,,34.4036,11.1386,,1595056.0305,1411538.8595
920163.BJ,20260515,1.095,0.92,32.3135,3.0643,1.9465,0.8943,158319.6468,73913.1416
605300.SH,20260515,0.4981,0.78,107.2122,1.6616,2.1412,0.563,479390.5198,479390.5198
920207.BJ,20260515,4.5729,0.68,640.0831,9.2575,6.8292,0.5319,259989.9,158806.7998
002074.SZ,20260515,2.772,0.97,28.4529,2.2657,1.3735,0.2733,6554780.6681,6273010.2698
301419.SZ,20260515,5.2842,0.81,78.619,5.3074,11.3052,0.9688,516120.0,341183.7066
002693.SZ,20260515,6.0323,1.3,141.6212,11.0776,15.9681,,460720.3123,456600.5532
600215.SH,20260515,2.7731,1.15,,1.2854,3.4873,0.2203,315249.1872,315249.1872
301287.SZ,20260515,4.325,1.01,49.6039,2.4976,5.0581,1.5395,294481.39,75227.473
603718.SH,20260515,2.2884,0.7,,2.8537,14.5815,2.0323,252939.0236,251804.1236
600273.SH,20260515,1.5769,1.05,12.9124,1.0349,1.007,5.0618,1052981.225,1052981.225
920230.BJ,20260515,3.43,0.42,100.2536,2.8584,3.6657,0.6409,120558.8415,56555.5544
300481.SZ,20260515,3.6194,1.29,38.4443,1.7867,3.1002,2.6756,436323.8798,433663.0579
920765.BJ,20260515,6.8259,1.14,,4.5371,2.5142,1.3295,140810.5247,85547.5085
920030.BJ,20260515,1.1645,0.88,,2.3004,0.4404,0.299,100329.061,63097.937
603206.SH,20260515,1.8108,0.94,111.591,2.3253,1.1318,,530437.5791,530437.5791
601077.SH,20260515,0.3912,0.6,6.3615,0.5763,2.6787,4.5443,7836330.0,6098387.2622
300738.SZ,20260515,13.6212,1.53,155.5204,6.9227,10.0267,0.0475,2695481.3147,2694633.2641
603977.SH,20260515,3.3738,0.89,35.7924,2.5776,3.7511,0.6272,891482.0232,891482.0232
600801.SH,20260515,0.7816,0.68,12.7956,1.2652,1.1209,3.9967,4157991.298,2683395.298
603335.SH,20260515,3.106,0.68,61.1921,11.1167,3.4935,,313829.9918,313829.9918
603759.SH,20260515,1.0039,1.02,30.8662,1.3807,0.9155,,403578.24,403578.24
002004.SZ,20260515,1.4312,0.97,13.8138,0.9085,0.8205,4.1779,944421.4541,898344.7986
301355.SZ,20260515,3.1765,1.02,,1.6553,1.3272,0.7915,244262.6059,125519.7959
300244.SZ,20260515,7.0599,0.69,90.4399,1.7935,1.1732,1.3051,1170586.4836,939232.8213
920786.BJ,20260515,3.8156,1.05,32.3728,2.1315,1.2809,,164524.711,111318.3601
300896.SZ,20260515,1.66,0.87,29.9969,4.5039,14.1823,1.7544,3436235.4447,2321749.2581
300687.SZ,20260515,15.2528,1.36,,4.1776,5.4104,0.2558,1118230.9882,895081.7677
603203.SH,20260515,8.1555,1.56,112.2797,11.1697,14.3914,0.9636,1674163.3788,1644411.8988
600850.SH,20260515,2.1764,1.1,41.6695,2.577,1.1736,2.2207,1265169.6583,1265169.6583
603703.SH,20260515,2.8657,0.93,,6.9143,5.901,,571430.3792,571430.3792
000822.SZ,20260515,2.5233,1.01,,1.3037,1.0111,,487825.0997,487825.0997
688588.SH,20260515,0.9501,0.83,125.4095,3.919,4.5839,1.6054,481212.0336,481212.0336
300812.SZ,20260515,18.2388,1.2,784.9374,7.5365,9.5159,,590984.9854,372690.7949
301205.SZ,20260515,10.3824,0.9,410.2767,22.0327,29.0458,0.0723,3587032.368,2305890.0174
600386.SH,20260515,6.366,5.25,,2.093,0.9737,0.2294,351590.4,351590.4
605116.SH,20260515,0.9066,0.97,22.1909,3.2366,5.1859,1.3437,873700.1363,873700.1363
002651.SZ,20260515,1.4279,0.42,232.5103,3.4139,12.7882,0.6479,956983.96,523619.3316
300971.SZ,20260515,3.4994,0.84,31.286,2.7148,5.2224,0.7143,294000.0,230632.0
300808.SZ,20260515,1.8918,0.7,,4.4479,13.658,,417600.0,310327.8986
603809.SH,20260515,2.7052,1.67,38.1849,2.8008,3.8316,,1056491.5504,1056491.5504
603010.SH,20260515,2.1869,0.48,,3.3504,2.3762,,851219.0763,830482.4163
600107.SH,20260515,1.4508,0.43,,5.8783,9.8068,,238320.0,238320.0
603279.SH,20260515,1.0749,0.81,21.7055,2.2314,1.7956,5.0087,1035742.281,1035742.281
002737.SZ,20260515,0.6471,0.5,,1.9952,3.1533,3.7064,787816.0,787815.5953
002193.SZ,20260515,6.604,0.79,,5.0539,3.7631,,136092.086,136091.306
603393.SH,20260515,2.2956,1.04,22.5607,1.3761,3.4362,,1296351.418,1294210.8302
301009.SZ,20260515,2.115,0.8,147.4941,2.1308,2.465,0.6515,286268.58,159039.8845
002313.SZ,20260515,4.2638,0.79,,48.5763,1.3248,,372528.0,372501.8066
002385.SZ,20260515,1.8894,1.12,,2.1623,0.5447,0.8006,1603929.3047,1291921.8328
300652.SZ,20260515,5.2382,0.96,47.0953,4.0512,5.9282,0.2456,626668.9073,562434.821
603609.SH,20260515,0.5971,1.45,,0.9447,0.1631,0.8326,603105.3123,603105.3123
002238.SZ,20260515,0.8027,0.94,,2.9828,4.6089,0.6897,581855.391,581855.391
605183.SH,20260515,0.4501,0.57,15.4282,1.7858,3.0244,1.8361,676225.9938,670610.2776
001400.SZ,20260515,5.647,0.92,124.9384,8.299,11.1832,0.4508,1064880.0,586083.33
688038.SH,20260515,1.9771,0.75,,4.0017,9.8424,,237052.6158,237052.6158
603128.SH,20260515,1.0707,1.25,15.837,1.1613,0.4005,3.1071,733066.0366,733066.0366
688163.SH,20260515,2.2143,0.62,86.8481,3.7913,21.3508,0.8205,422058.0,422058.0
300920.SZ,20260515,3.645,0.82,185.91,3.9694,11.2791,0.2137,467900.0,307262.5606
600536.SH,20260515,2.1303,0.53,,10.6517,7.241,,3744484.2018,3383060.139
600268.SH,20260515,4.2704,1.02,31.1763,4.0621,1.6288,0.9267,1534980.7456,1527366.2046
300588.SZ,20260515,2.7319,0.87,,15.6507,19.0874,,400940.3368,370265.3308
600009.SH,20260515,0.6567,1.24,29.8174,1.5042,4.8512,1.9563,6487032.0953,5334650.6956
920419.BJ,20260515,0.8932,1.24,24.1573,2.0968,1.4654,0.7874,131199.128,122797.918
603028.SH,20260515,3.6701,0.57,,5.8657,1.6705,,272400.96,269696.31
688691.SH,20260515,13.1623,0.94,,11.1715,17.8055,0.1514,1347720.0,819470.0273
002163.SZ,20260515,4.9204,0.98,,16.502,2.8103,,980996.0836,932920.2439
002065.SZ,20260515,1.3952,0.69,54.8362,2.1434,2.0903,0.6039,2654139.4065,2407759.1254
688041.SH,20260515,2.4812,1.24,258.3544,29.9735,43.9902,0.0856,70429768.4954,70429768.4954
603016.SH,20260515,5.2475,1.78,138.7039,9.0864,12.7459,0.9114,768950.4,768950.4
920856.BJ,20260515,1.4502,0.76,224.5195,2.4233,3.0361,0.7607,113676.3205,63406.7442
002926.SZ,20260515,0.8141,1.09,14.0242,0.8688,4.6676,1.497,2191875.0,2191875.0
000776.SZ,20260515,0.716,0.72,9.9687,1.1319,3.9071,2.5075,15602741.9489,11772674.3261
600265.SH,20260515,0.4041,0.37,,13.3654,17.4516,,282964.0,282964.0
600702.SH,20260515,2.0359,1.1,129.1339,1.958,3.238,1.0101,1400249.3628,1399660.2428
002201.SZ,20260515,7.1107,0.65,92.6854,7.0225,4.604,0.1879,832139.4798,768783.5626
603722.SH,20260515,3.145,2.31,,4.5509,7.6328,0.2371,403681.8199,395337.1999
301398.SZ,20260515,4.7918,0.82,382.3933,4.6552,11.329,0.5847,513072.0,170500.239
600824.SH,20260515,1.1127,1.17,32.6624,1.6352,6.4522,0.458,414232.6397,414232.6397
600011.SH,20260515,1.4829,0.77,8.4914,1.6873,0.5237,3.5857,11820664.2993,8281275.569
301208.SZ,20260515,1.9367,0.87,79.8519,2.5506,3.309,0.6013,399120.1996,219755.6716
600305.SH,20260515,0.6102,1.07,52.4553,2.3498,3.4933,1.3717,806617.7439,804078.4182
600292.SH,20260515,4.1516,0.89,74.1357,3.7604,4.7728,,6561548.8891,658046.8073
920781.BJ,20260515,1.4003,0.79,,3.1724,4.9631,0.2508,112061.1142,74036.2786
600406.SH,20260515,1.846,0.76,25.5624,3.9758,3.1792,2.1887,21268090.3011,21205650.477
000055.SZ,20260515,1.6953,1.16,,0.6916,1.1533,1.3889,386594.7217,243307.5944
000997.SZ,20260515,3.4287,0.85,23.1849,3.0174,2.5131,0.9727,2274404.8192,2261701.4103
000049.SZ,20260515,3.3874,1.0,32.136,1.5289,0.4513,1.2209,1039677.9574,1039397.732
301213.SZ,20260515,2.9938,0.6,298.4223,7.1111,26.8476,,571839.9929,369630.5783
002440.SZ,20260515,3.5175,1.02,13.9018,1.1058,1.8251,1.4658,1119503.9054,942573.9903
920892.BJ,20260515,0.6421,0.73,21.8871,5.308,3.9915,3.9185,237129.0834,209986.7426
605196.SH,20260515,3.0229,0.96,68.8124,6.2706,2.6125,0.151,2123089.4121,2098120.3551
002534.SZ,20260515,1.2354,0.84,32.2605,2.5222,2.3341,1.0285,1429449.1527,1411370.2974
600881.SH,20260515,0.9228,0.59,,11.5,0.7938,,494519.1012,494519.1012
688231.SH,20260515,1.9166,0.92,115.1199,3.8166,5.1676,0.5629,1071360.0006,1071360.0006
003037.SZ,20260515,0.6663,0.69,116.8973,1.4523,0.6717,0.7351,405573.557,405573.557
688386.SH,20260515,2.4482,1.09,79.1435,5.3535,10.7531,0.0862,812410.6614,742196.0
603111.SH,20260515,1.1983,0.72,16.1623,1.3997,1.3642,3.6879,575836.4889,569722.9021
002984.SZ,20260515,2.5098,1.11,16.6628,1.1986,1.8775,3.7677,1621788.9531,1117298.6096
600372.SH,20260515,1.4161,1.18,52.3775,1.5834,2.4887,0.7409,6005070.7178,6005070.7178
002020.SZ,20260515,1.1338,0.65,16.1466,2.0134,3.0398,2.3216,1226966.5245,1031654.8774
300757.SZ,20260515,6.0694,1.11,,60.8283,97.248,0.0076,9888543.3328,8888212.3605
603011.SH,20260515,3.5092,0.76,,5.5857,4.9435,,1041236.8043,1041236.8043
300484.SZ,20260515,8.0415,2.1,104.281,5.3241,8.1226,0.9009,368751.742,296107.6725
920183.BJ,20260515,13.2497,0.67,29.0418,4.5304,8.7549,,217200.024,49915.4824
605198.SH,20260515,2.1464,1.01,61.1474,6.7952,12.2891,0.431,1938290.4,1569108.8
605050.SH,20260515,1.4845,1.25,16.1448,1.3418,0.505,2.8629,599280.2841,599280.2841
300166.SZ,20260515,16.2069,0.86,,3.7678,8.0968,,2148813.2265,1709167.4481
600571.SH,20260515,1.5691,0.69,170.6297,5.1914,2.8922,0.3652,600151.6637,589126.4418
002091.SZ,20260515,1.8592,0.49,11.5832,0.9142,0.3642,5.2278,1463316.3244,1436773.4986
920914.BJ,20260515,1.7473,0.79,43.5918,2.4331,2.1812,0.4104,241232.86,241042.285
300321.SZ,20260515,2.7539,0.51,422.5533,5.8619,9.64,0.1027,371894.4,371458.4292
002861.SZ,20260515,3.3354,0.53,,3.2405,3.781,0.5565,334752.2797,269852.1656
300668.SZ,20260515,4.4186,0.83,718.8312,9.201,13.9744,,717472.3871,594175.4175
920634.BJ,20260515,2.3084,0.92,74.4332,4.3199,1.516,0.5039,126539.3567,80244.8955
688710.SH,20260515,2.4643,0.83,,3.9004,11.2249,0.4948,911715.1702,586517.8652
301305.SZ,20260515,4.1809,0.91,21.9121,1.5885,3.2719,0.7813,617544.2022,316706.4422
001260.SZ,20260515,1.121,0.65,67.9178,3.0329,4.4109,0.5746,252195.0,252195.0
603273.SH,20260515,3.7569,1.2,135.8287,4.2416,8.0214,0.4271,376334.3304,98438.5504
688158.SH,20260515,11.2479,0.99,,8.7807,12.0655,,2126381.6775,1889508.4113
600241.SH,20260515,2.2153,0.8,,2.5888,6.7544,,264871.9035,264871.9035
601766.SH,20260515,0.9513,0.68,12.6853,0.9754,0.6158,5.3601,17133221.8605,14523695.4347
688420.SH,20260515,3.192,0.85,,1.6907,4.8221,0.5323,241237.04,113863.992
300960.SZ,20260515,1.0504,0.92,69.9916,4.7955,6.1721,,304488.5106,275891.3826
688048.SH,20260515,6.6988,0.87,2185.3326,24.4682,143.735,,7373966.2956,7373966.2956
601169.SH,20260515,0.4642,1.03,5.3909,0.3902,1.5683,3.8241,11057780.7743,11057780.7743
001358.SZ,20260515,3.7777,0.81,69.4683,2.5501,7.4763,0.8472,363563.2,146654.3036
001896.SZ,20260515,12.1439,0.95,61.7468,6.5044,2.151,,2317661.8403,2317661.8403
603787.SH,20260515,1.7326,0.83,57.9221,1.7202,0.6641,1.7331,265585.9337,265585.9337
300323.SZ,20260515,19.5599,1.69,,4.3137,4.3551,,2861346.8791,2093904.5326
688499.SH,20260515,4.3921,1.16,159.7482,3.9241,2.8402,,919570.3795,919570.3795
601963.SH,20260515,0.9064,1.46,6.6747,0.6539,2.5031,3.5974,3886804.6271,2180480.1504
301459.SZ,20260515,5.705,1.08,47.1656,3.1291,4.162,1.0036,398578.327,99906.9375
002454.SZ,20260515,3.5179,1.0,27.6684,1.5297,1.1126,2.5082,624181.5288,622961.7435
300351.SZ,20260515,6.4722,0.66,568.4666,4.0864,4.3805,0.234,994431.4453,673542.1239
001331.SZ,20260515,4.2422,1.08,,10.5976,3.0287,,1558529.28,1088535.294
688327.SH,20260515,3.4177,0.89,,18.8663,29.176,,1419695.8268,1139313.9017
300139.SZ,20260515,11.197,0.85,74.3246,11.5599,19.7366,,1377398.0,1174604.9241
600171.SH,20260515,3.065,1.13,94.2401,4.5646,6.2723,0.5806,2075727.4312,2075727.4312
601579.SH,20260515,2.2902,1.02,31.6337,2.2046,4.654,2.1964,856801.1119,856801.1119
600476.SH,20260515,1.9849,0.45,,,3.6562,,194250.42,194250.42
300492.SZ,20260515,1.2521,0.79,39.142,36.8397,2.934,1.1262,941315.5436,941315.5436
600352.SH,20260515,1.2143,1.01,19.7489,1.174,2.841,3.7625,3890984.9046,3890984.9046
688230.SH,20260515,1.7701,1.12,77.1247,3.8407,20.6045,0.5852,864124.8,864124.8
600706.SH,20260515,1.5609,0.82,,5.1545,2.614,,231339.225,230405.3778
300260.SZ,20260515,15.6913,1.4,146.2061,12.0387,8.3634,0.0941,2586718.2279,1824481.1421
301517.SZ,20260515,4.9321,0.58,,8.0204,17.0315,0.0593,1020398.6029,658251.3538
301193.SZ,20260515,4.0297,0.81,,2.8646,1.8964,,556546.1112,420466.1112
300101.SZ,20260515,3.3762,1.15,735.1405,6.5413,12.6669,0.36,1152848.571,1148937.4147
000669.SZ,20260515,1.7913,0.96,68.1386,49.3488,2.3793,,300060.2795,300060.2795
605389.SH,20260515,2.8641,0.81,133.1533,8.2164,15.8451,0.5854,1772270.961,1676081.148
600477.SH,20260515,2.3121,1.23,77.7664,1.3853,1.0195,2.0819,691177.7517,691177.7517
000928.SZ,20260515,1.4927,0.82,21.3119,1.0866,0.7035,4.5929,933953.6483,933942.2232
002969.SZ,20260515,5.3576,0.95,156.3192,6.7668,7.1785,0.1291,2203582.3943,2192026.8995
688337.SH,20260515,4.7045,1.22,114.3375,3.792,12.5074,0.6428,1205704.9993,1156217.5867
688091.SH,20260515,3.6304,1.12,191.3002,9.0517,40.4414,,1311121.1885,1311121.1885
002662.SZ,20260515,1.3319,0.71,24.2749,1.2317,1.9008,1.9619,550500.0,550493.0637
600482.SH,20260515,2.1449,1.12,56.2769,2.0546,1.4403,0.7174,8403852.7934,8403852.7934
603713.SH,20260515,1.1773,1.22,13.5073,1.7554,0.628,1.3016,862744.2947,862744.2947
301210.SZ,20260515,9.0931,1.04,72.6076,2.5873,2.4584,0.724,487454.7625,184852.0433
300798.SZ,20260515,8.0413,0.86,,2.7011,3.942,0.0951,493131.974,405421.0252
688538.SH,20260515,1.6271,1.12,,4.1288,5.6832,,3134742.3409,1305757.5096
002888.SZ,20260515,15.0224,2.27,179.1932,8.6881,12.4202,0.9107,330721.2429,167827.5648
301173.SZ,20260515,2.3861,0.93,21.2792,2.3973,1.6697,1.4351,363548.1213,127599.8196
000791.SZ,20260515,5.068,0.6,14.6358,1.9376,3.2682,1.9376,3013527.1203,1798189.3877
002625.SZ,20260515,1.3198,0.81,121.8836,8.8829,39.5551,,8685143.6717,8685114.9508
600373.SH,20260515,0.5076,0.59,52.0431,0.6197,1.4853,5.0322,1108876.2257,1108876.2257
300507.SZ,20260515,4.2639,0.8,71.7017,3.4525,3.4479,0.6391,747804.2111,723842.0834
300274.SZ,20260515,10.9094,2.64,26.5879,6.7125,3.6997,1.063,31709768.7301,24319275.4024
301356.SZ,20260515,2.9905,1.17,55.4742,1.7709,3.5606,,529416.0,310535.5725
600152.SH,20260515,18.4553,0.93,,4.4309,4.8182,,726425.9819,726425.9819
300049.SZ,20260515,4.1238,1.04,95.882,7.6078,9.2775,,1507712.871,1329412.8347
600540.SH,20260515,7.4114,1.05,,8.3095,0.9898,,319757.328,319757.328
300741.SZ,20260515,0.3817,0.87,121.8778,1.4236,7.027,0.5076,970626.88,970621.6004
002686.SZ,20260515,4.9054,0.86,235.9302,2.7479,2.886,0.1275,443365.2411,409296.6958
300810.SZ,20260515,1.8676,0.78,,4.9224,11.4105,0.0615,379294.65,366296.3782
920876.BJ,20260515,2.2769,0.94,785.4949,5.5492,2.6444,,140940.7272,86189.1548
600927.SH,20260515,1.4283,1.48,25.6138,1.5991,1966.5843,0.6113,2142577.7784,2142577.7784
688157.SH,20260515,1.1132,0.78,561.2471,3.966,7.6976,0.4855,534212.1382,534212.1382
002587.SZ,20260515,3.3663,0.91,369.3638,3.4296,5.6351,0.2808,462734.4383,376627.8909
920199.BJ,20260515,2.1743,0.73,361.877,4.2241,8.1511,,222444.9738,123868.7818
603327.SH,20260515,2.4647,0.8,75.9728,4.4304,3.8875,1.7235,1109232.381,1109232.381
601311.SH,20260515,1.9653,0.67,14.3014,1.0623,0.6789,3.1284,1087506.4514,1087506.4514
002512.SZ,20260515,5.8368,0.85,,17.8608,2.6361,,531364.8166,527525.7589
600966.SH,20260515,0.9773,0.68,51.5249,1.0848,0.4259,0.4335,811464.4828,811464.4828
600358.SH,20260515,3.2579,0.63,,71.1152,7.1992,,344366.8021,344366.8021
002893.SZ,20260515,6.8615,0.97,44.5444,2.0572,2.0979,0.929,289476.72,222650.9226
300648.SZ,20260515,3.4651,1.34,,7.7243,9.2783,,896329.2402,682408.9478
002382.SZ,20260515,1.7735,0.69,,0.9873,1.1583,,681858.7058,675225.122
002243.SZ,20260515,2.2964,1.33,61.4019,1.4823,4.4168,0.7839,1081069.5676,1075299.065
688147.SH,20260515,4.1998,1.82,269.987,14.3773,16.1979,0.0477,4219601.8397,4219601.8397
002760.SZ,20260515,12.0407,1.18,108.3274,3.0775,4.1002,,257661.0525,257661.0525
002963.SZ,20260515,4.9269,1.32,,2.4623,8.3967,1.0299,291998.9841,238854.4412
688728.SH,20260515,1.5399,1.35,365.0601,4.8073,4.6493,0.1495,3783853.6005,3635880.8367
301668.SZ,20260515,4.9359,0.62,59.7473,4.7126,5.6342,1.1531,476960.0,105488.6925
300059.SZ,20260515,2.7707,0.93,23.7892,3.3161,82.4018,0.5068,31181366.3328,26315387.8054
600616.SH,20260515,1.3783,1.06,7660.5203,1.6289,6.1771,1.0616,315101.3315,315101.3315
300831.SZ,20260515,23.2013,1.87,128.663,7.8171,33.8811,0.192,760960.0,438703.5227
920055.BJ,20260515,16.8989,0.96,17.5229,2.1398,2.4671,,262004.0,58950.9
688126.SH,20260515,5.5842,1.05,,4.7259,19.8963,,7955191.307,6575102.3874
301011.SZ,20260515,1.4403,1.13,63.1704,3.1314,3.0845,0.9853,297746.8579,282728.4355
600118.SH,20260515,6.0585,1.0,6674.5013,17.9142,18.0702,0.0104,11330610.8916,11330610.8916
300036.SZ,20260515,4.0389,1.59,147.0549,2.6971,4.8729,,711554.9949,633161.91
000837.SZ,20260515,5.0536,1.42,254.3731,2.5654,3.0154,0.2429,1263585.1087,1244143.1212
688699.SH,20260515,6.2812,0.83,660.1122,5.7118,9.0103,,693627.3613,693627.3613
300413.SZ,20260515,1.4247,0.92,34.5146,1.5343,2.5834,1.1381,3616103.3354,1974946.0188
920855.BJ,20260515,0.4368,0.93,42.0844,1.9636,4.3818,1.3725,114341.9995,102566.4738
002324.SZ,20260515,3.1621,0.72,52.2327,3.4082,1.5215,0.3432,1598427.1884,1115508.5574
300004.SZ,20260515,11.1909,1.07,822.8635,4.434,15.1575,,785749.5199,785749.5199
300756.SZ,20260515,2.4169,0.8,73.0874,5.3473,10.993,0.0994,792876.4235,660206.5939
300915.SZ,20260515,2.7409,1.25,,2.0479,3.0552,1.1392,314598.17,143848.22
001318.SZ,20260515,1.1812,1.4,35.7888,2.4573,7.7322,1.4008,363218.1,363218.1
300373.SZ,20260515,5.7853,1.14,32.8618,4.6731,5.8637,1.1099,4503809.8064,4493784.866
002303.SZ,20260515,2.158,0.81,22.4057,1.2068,1.3877,5.565,542088.5845,342275.8942
603119.SH,20260515,11.958,1.36,118.3713,16.9869,23.1589,0.2432,3440529.1272,1928420.1333
605117.SH,20260515,1.6382,1.2,37.4201,11.822,9.6835,1.963,13669996.1039,13669996.1039
688162.SH,20260515,2.9608,2.16,61.1488,1.9015,1.0512,,459973.1001,459973.1001
301276.SZ,20260515,2.8279,0.59,30.9607,1.5852,2.95,2.2582,344347.2,192015.0318
920204.BJ,20260515,1.8295,0.48,61.6954,3.0101,4.4757,0.375,150860.4752,79985.1888
600595.SH,20260515,2.2868,1.25,13.2486,1.6313,1.1852,,2925770.7332,2925770.7332
603398.SH,20260515,3.5454,1.0,,84.9929,14.058,,607965.4166,607965.4166
002588.SZ,20260515,2.1585,0.96,10.601,1.4578,0.8903,3.05,1151891.98,858636.57
002649.SZ,20260515,1.8806,0.87,137.4696,1.456,0.923,1.6522,605831.5906,555126.1996
000672.SZ,20260515,4.5595,0.96,28.2458,1.8327,3.7321,3.6066,1665421.3831,1665421.3831
688083.SH,20260515,2.1023,1.05,318.1421,3.6629,10.5726,0.6238,967492.5409,967492.5409
000892.SZ,20260515,3.7117,0.65,,7.0954,8.2233,,428688.4667,310635.5304
600839.SH,20260515,1.3446,0.63,53.4502,2.5759,0.3629,0.5821,3965353.7867,3964249.464
603063.SH,20260515,10.3616,1.13,56.6348,5.2123,6.8048,0.2204,2700252.2804,2700252.2804
688548.SH,20260515,7.3238,1.41,130.5758,6.8784,16.8848,0.2612,4191729.1012,2195970.9994
000659.SZ,20260515,2.6042,0.54,,58.1533,5.5226,,534852.2483,534852.2483
300076.SZ,20260515,2.3459,0.62,,2.5154,23.2808,,211152.0,211152.0
600658.SH,20260515,2.5839,0.74,,1.4659,5.4839,,593968.6589,593968.6589
002697.SZ,20260515,1.6146,0.88,14.2834,1.3518,0.6992,2.3469,666400.0,561216.7225
002376.SZ,20260515,1.4709,0.99,71.6206,1.4989,1.9521,2.7778,571446.5914,554929.0505
300661.SZ,20260515,5.7361,0.88,109.6111,12.5249,15.9203,0.1854,6697080.0346,6463525.888
605151.SH,20260515,1.6556,0.74,150.0406,2.2047,1.5971,0.3546,303554.3248,303554.3248
300281.SZ,20260515,2.1485,1.23,,2.5424,6.9295,0.5284,317125.1501,300775.7154
300677.SZ,20260515,2.378,0.6,49.3607,1.8068,3.1954,0.2926,3297337.4325,2344828.0853
300058.SZ,20260515,11.9577,0.78,248.3804,7.9603,0.8657,,6340330.6869,6142024.878
002032.SZ,20260515,0.2858,1.17,18.3902,5.7744,1.6929,5.7829,3871265.075,3869503.073
002614.SZ,20260515,2.3115,0.97,,0.7964,0.659,1.8141,343680.3014,243137.4894
002816.SZ,20260515,3.2294,0.84,249.8678,10.8337,9.1739,,258100.0,258100.0
000713.SZ,20260515,1.3603,1.13,82.5445,1.5796,1.7391,0.2485,494097.8544,380075.2726
600420.SH,20260515,0.6249,0.92,17.2829,0.8924,1.408,3.2397,1241925.9128,1241925.9128
301286.SZ,20260515,3.2478,0.96,106.975,12.5634,23.2097,0.1246,2545436.2,1026059.5301
600423.SH,20260515,1.4877,0.76,,4.3971,17.8135,,233218.9476,233218.9476
600491.SH,20260515,4.2328,0.8,,0.306,0.4945,,212636.3557,212636.3557
300746.SZ,20260515,3.1405,0.65,43.4405,3.6692,2.4058,,302263.6212,299327.3576
688282.SH,20260515,3.3649,0.76,,6.2849,25.8739,,792000.0,792000.0
920200.BJ,20260515,27.2137,0.53,47.4605,6.0215,5.2037,,690608.0,164689.2
601133.SH,20260515,5.9417,1.44,77.4781,4.9151,3.7613,0.7443,1487955.9188,1477721.8446
301033.SZ,20260515,1.976,0.63,33.9523,4.5416,9.9707,1.0661,372393.5895,312988.2332
002278.SZ,20260515,2.0548,0.45,114.1213,2.8632,4.97,0.4502,402608.1589,344731.9485
301128.SZ,20260515,8.4987,1.21,148.8903,22.8987,10.6516,0.2062,2149716.4731,1891004.4101
300869.SZ,20260515,1.4797,0.72,,2.9261,10.8629,2.0259,495825.3055,325947.1891
601633.SH,20260515,0.2173,0.93,18.0329,1.8522,0.7168,2.3575,16336978.3467,11853445.7766
603922.SH,20260515,3.1617,0.65,,3.124,4.547,,290662.4,290662.4
600789.SH,20260515,1.3711,0.44,99.278,1.6707,1.5123,1.1659,863326.7566,742301.116
600916.SH,20260515,2.5559,1.41,46.1611,1.9257,0.1896,4.1816,1406160.0,1406160.0
003016.SZ,20260515,0.9023,0.91,114.8624,1.2702,2.274,,342304.5922,334458.6334
605189.SH,20260515,11.4691,1.04,25.1577,1.9146,1.0112,0.7279,365254.2051,365254.2051
301421.SZ,20260515,19.1519,1.28,347.5861,10.216,26.6021,0.1409,1232280.982,493139.0568
300213.SZ,20260515,3.1688,1.47,,2.4522,5.5766,0.5917,502238.1377,466627.4785
001285.SZ,20260515,4.4381,0.95,26.7562,2.4207,3.8148,,937106.735,215824.7008
002491.SZ,20260515,16.7968,1.17,,11.0246,7.2803,,2778557.5755,2657643.1796
688234.SH,20260515,8.5404,1.67,,10.8189,54.1029,,7695742.4787,6823811.3787
301255.SZ,20260515,14.815,1.69,118.9088,4.4249,10.2312,0.4604,472648.96,118162.24
002766.SZ,20260515,2.1461,0.9,,3.8637,6.6709,,412118.5668,408659.4301
002115.SZ,20260515,9.6616,0.54,1621.6437,5.5787,0.7958,,1152418.6828,1068869.851
603112.SH,20260515,2.4367,1.19,21.005,2.6559,2.855,1.4969,1200874.1558,1188964.9472
002421.SZ,20260515,11.4523,3.42,,2.5067,3.2365,0.1558,680706.7061,643084.0767
600736.SH,20260515,10.3347,0.64,44.7469,1.2958,1.8256,0.2145,965934.749,965934.749
688311.SH,20260515,4.9667,1.31,,3.1159,10.7465,,554395.909,554395.909
601007.SH,20260515,1.5116,0.63,43.4705,1.7572,1.5873,0.9615,283920.0,283920.0
600059.SH,20260515,1.7184,1.42,34.3884,1.3121,4.2293,0.9412,774811.0511,774811.0511
000932.SZ,20260515,1.4635,1.53,13.1787,0.5301,0.246,2.3195,2960327.1571,2960327.1571
002841.SZ,20260515,1.2046,1.02,24.7067,2.074,1.062,1.8398,2713768.509,2025143.5554
688475.SH,20260515,0.7983,0.95,39.2868,4.0203,4.0465,1.1479,2401087.5,2401087.5
300987.SZ,20260515,2.8585,1.05,141.4992,3.5396,9.4216,0.759,285537.096,285537.096
688138.SH,20260515,2.8514,1.23,55.0406,3.7141,8.2791,0.7733,1052691.2,1052691.2
688018.SH,20260515,4.5235,1.41,55.2511,6.6337,11.2312,0.2238,2982332.7274,2982332.7274
603920.SH,20260515,7.7769,0.97,85.1793,7.074,8.1064,1.408,4606026.0903,4606026.0903
601377.SH,20260515,1.1536,1.09,16.2008,0.8981,4.3424,2.5467,5086596.5162,5086596.5162
300916.SZ,20260515,4.2436,0.8,73.7447,3.9646,3.4711,1.0667,542415.0263,350309.2013
300039.SZ,20260515,0.7273,0.66,22.6832,1.2573,5.6782,2.3132,587852.0,515312.539
003026.SZ,20260515,11.4928,0.62,126.6122,9.2661,14.1089,0.3071,631244.53,471369.248
688351.SH,20260515,1.7259,0.8,199.053,6.8612,25.4962,,1240031.0,1240031.0
301099.SZ,20260515,7.2788,0.79,49.2571,6.3593,1.2212,0.3562,912701.1303,558703.2861
300132.SZ,20260515,3.2622,0.89,24.153,2.8403,1.8347,,418430.5177,411545.84
605166.SH,20260515,2.3146,1.05,37.2091,1.8365,0.7093,1.1465,365089.9784,365089.9784
600326.SH,20260515,2.4328,1.23,402.9427,3.0911,3.3904,,1211230.872,1211230.872
001373.SZ,20260515,5.6248,0.82,,3.136,4.4798,0.1558,264581.8926,127623.4317
920029.BJ,20260515,0.6564,1.04,16.3294,2.4047,3.3206,2.2901,909707.6689,885194.2939
301337.SZ,20260515,3.9472,0.99,,2.6624,11.407,,288634.0,122683.5078
300390.SZ,20260515,10.9334,0.99,56.878,6.304,8.5859,0.6407,7779981.1296,6295785.8961
301100.SZ,20260515,3.443,1.94,,1.8152,3.2458,,366200.0,160212.5
300706.SZ,20260515,15.9591,0.88,,11.2496,4.9995,,776012.1879,575021.6814
600730.SH,20260515,10.4739,2.1,,4.3546,104.3406,0.0803,730386.7225,730386.7225
301520.SZ,20260515,2.3368,0.66,112.9229,1.8122,11.7545,,274666.668,96703.474
300604.SZ,20260515,8.8669,1.21,84.4992,26.0959,22.7013,0.0474,13291069.9633,10254426.5633
920675.BJ,20260515,1.7796,0.8,39.0188,2.6666,3.1936,2.1622,159251.7,73091.5298
301127.SZ,20260515,1.4742,0.63,42.345,2.6783,4.9857,,906630.4944,879953.5707
301098.SZ,20260515,10.5968,1.15,,1.8669,2.9221,0.4766,192948.4224,157024.1061
603120.SH,20260515,17.2695,1.31,57.1851,4.0437,7.6274,0.7506,481741.6,201969.1
301469.SZ,20260515,4.7914,1.28,35.9047,2.3445,2.8371,0.9358,330718.08,170232.8998
688012.SH,20260515,6.077,1.99,99.4521,11.1642,20.6754,0.069,27139271.9949,27139271.9949
600971.SH,20260515,1.2762,0.94,,0.7812,1.5499,3.4929,927603.7753,927603.7753
300992.SZ,20260515,6.8101,2.16,,3.3668,3.0955,0.2405,290908.1759,236464.6064
002192.SZ,20260515,11.0526,0.79,44.3448,6.1419,21.2193,0.1811,2379999.5907,2375072.6365
688373.SH,20260515,1.7338,0.84,,19.6215,23.702,,356988.2387,329467.0149
300736.SZ,20260515,17.71,0.78,,72.7284,11.8456,,478602.3061,466530.7089
688212.SH,20260515,2.9518,1.45,304.7633,3.7469,6.1174,0.2194,481832.2645,481832.2645
002022.SZ,20260515,1.697,0.94,,1.1669,1.7928,,295751.6347,295709.5878
300236.SZ,20260515,7.0161,1.23,87.2315,6.4029,14.8112,0.2629,3080859.9461,2738426.0528
300909.SZ,20260515,5.1842,1.56,428.8058,4.2978,5.449,0.4646,856216.2461,639239.3964
600622.SH,20260515,1.2593,0.74,,1.9136,3.0297,,382419.7775,382419.7775
603588.SH,20260515,6.5725,1.9,16.6442,2.0048,1.2331,0.7429,2024378.5934,2024378.5934
002432.SZ,20260515,5.7587,0.78,15.0807,1.6003,29.8214,0.2482,3459500.4527,3454877.282
688050.SH,20260515,0.9093,0.82,35.7764,3.3091,6.2193,0.7138,947675.5575,947675.5575
300592.SZ,20260515,3.0874,0.81,24.9361,2.4293,0.6638,0.3441,581876.1539,502022.4536
600684.SH,20260515,1.8772,1.07,73.656,3.6253,2.8642,,456808.6789,352479.2786
920378.BJ,20260515,3.9651,5.29,62.6158,3.5701,3.4683,1.0929,142306.29,101914.7716
002815.SZ,20260515,5.5872,0.81,79.9899,2.1689,2.4518,0.6726,1928978.5194,1214672.9679
688068.SH,20260515,2.813,0.89,,3.6359,20.6764,,884248.3317,884248.3317
002862.SZ,20260515,2.7391,0.96,,10.7085,7.111,0.1155,311808.0,234316.1321
300408.SZ,20260515,1.7829,1.11,57.0959,7.6262,16.666,0.5237,16424382.4695,16024219.7829
600819.SH,20260515,5.0603,2.4,62.2841,1.8834,1.2941,0.4437,729637.5335,558319.802
300580.SZ,20260515,3.1261,1.33,49.7616,4.1713,9.0991,0.6072,1401480.506,1318532.9969
603086.SH,20260515,0.9409,0.63,22.5649,1.4561,1.2608,,309152.1447,309152.1447
300103.SZ,20260515,5.8248,1.52,,6.5199,20.5119,,292510.521,292270.7018
603982.SH,20260515,3.0474,1.04,,1.3166,1.0934,,279323.6812,259758.4642
603022.SH,20260515,2.3618,1.03,38.2559,2.6608,2.3013,0.6866,227200.0,227200.0
300009.SZ,20260515,1.2678,0.71,20.8062,3.0452,5.6398,1.7337,1443485.4117,1062933.6084
603079.SH,20260515,1.1968,0.67,54.5011,1.8286,3.5187,,292239.7987,292239.7987
300681.SZ,20260515,6.7417,1.14,45.391,3.4046,2.3828,0.0729,1052218.2589,793472.3918
002560.SZ,20260515,25.8687,1.24,44.0693,2.8476,0.9449,0.6818,768358.9004,661848.7436
603949.SH,20260515,2.8204,1.47,39.9602,3.4593,8.509,,382276.3847,381312.367
300513.SZ,20260515,2.2729,0.96,,5.2855,3.1458,,285145.2599,261145.8146
600258.SH,20260515,1.2397,0.8,18.5444,1.2687,2.0388,2.5881,1553194.9483,1553194.9483
300848.SZ,20260515,4.6803,1.47,79.3755,4.6294,3.7392,0.4147,722274.3144,427270.8003
300972.SZ,20260515,0.9136,0.89,25.139,23.49,0.7723,0.4317,4423270.1744,4058129.9185
600446.SH,20260515,2.3313,0.84,,3.4174,5.1214,,1208587.443,1208587.443
300197.SZ,20260515,1.5526,0.7,,,5.3175,,474447.6928,474435.6928
300401.SZ,20260515,2.1483,0.47,28.2328,2.2233,6.1468,,730168.9698,718372.0591
002532.SZ,20260515,1.9568,1.35,11.8689,2.3517,2.3636,3.5576,7095854.4572,6295812.4739
002807.SZ,20260515,1.3319,1.36,5.3212,0.5488,2.5974,2.2472,1095319.7911,1093584.9426
601688.SH,20260515,1.8268,0.9,9.5304,0.9386,4.3994,2.8079,16717751.7317,13532116.0123
300251.SZ,20260515,1.8315,0.92,,4.0232,32.1388,1.4486,4036617.6824,3818904.7306
300454.SZ,20260515,4.2244,0.64,89.6253,4.7655,6.1604,0.0507,5179571.7781,3456611.2619
688229.SH,20260515,7.4726,0.69,,11.1996,33.3804,,409456.8,409456.8
000056.SZ,20260515,6.3894,0.96,,,0.5332,,178561.7612,136463.7144
920145.BJ,20260515,3.0955,1.51,,3.6859,17.7786,,95030.85,65454.771
600309.SH,20260515,0.9042,0.92,19.4566,2.299,1.1955,0.895,25610388.3723,25610388.3723
300106.SZ,20260515,5.9503,0.6,,7.6619,2.9494,,288679.9355,288679.9355
600271.SH,20260515,1.1722,0.94,,1.156,2.8168,0.0494,1500836.5568,1500836.5568
600095.SH,20260515,1.754,1.53,57.1762,2.0406,149.1463,,2510366.8384,2510366.8384
301083.SZ,20260515,3.2906,1.33,100.3199,3.6611,8.6923,0.6952,306997.8672,147762.7167
603075.SH,20260515,3.2756,0.68,30.4636,4.4329,4.5163,2.8391,992523.3517,101710.3328
002033.SZ,20260515,3.4511,0.85,20.1546,1.8856,5.5093,3.8846,495091.1306,495081.6431
688195.SH,20260515,5.3474,0.92,626.7038,44.3398,70.1381,,4513280.2,4513280.2
002856.SZ,20260515,16.4249,2.69,,,7.0309,,243292.4288,222780.1885
002600.SZ,20260515,8.1311,2.16,58.5573,5.075,2.3546,0.1174,12380088.5639,12196299.9278
600754.SH,20260515,1.4076,0.85,23.3763,1.4887,1.7149,1.6873,2399171.499,2038599.1418
002789.SZ,20260515,3.0481,1.05,,14.9064,0.6821,,226665.3899,222191.7296
688072.SH,20260515,3.7392,1.75,91.1112,20.6714,21.6401,0.0502,14981033.4779,14981033.4779
300240.SZ,20260515,1.8012,1.09,1123.1561,1.713,0.3765,,244859.9841,239449.3957
301683.SZ,20260515,17.7629,0.82,40.5666,3.6072,8.3813,,857120.712,193727.527
301329.SZ,20260515,6.6557,0.98,58.1668,2.7981,4.5042,1.4368,444222.0,156453.84
300405.SZ,20260515,4.5906,0.91,,5.2503,3.5733,,204463.9504,157333.9951
002393.SZ,20260515,0.8253,0.74,11.9278,1.1063,3.6361,4.6945,492488.9587,478546.6057
605338.SH,20260515,0.8651,0.75,19.6102,2.3277,2.9691,,555075.9559,555075.9559
603489.SH,20260515,2.4392,0.87,73.4307,3.3327,6.5448,0.2541,923221.7474,923221.7474
301303.SZ,20260515,3.3287,1.0,17.9218,1.6709,3.2447,2.4476,584584.0,146146.0
002158.SZ,20260515,3.8746,1.08,37.4493,3.9676,5.8822,1.7523,1769936.9001,1766106.1874
688356.SH,20260515,1.2823,0.55,75.5839,4.0777,16.6325,0.1662,545977.6014,545977.6014
002637.SZ,20260515,8.1274,1.27,31.1729,1.6589,0.4863,0.8824,626103.731,619433.4125
601005.SH,20260515,1.0184,1.34,,0.8837,0.5444,,1212691.6361,1138968.2097
920171.BJ,20260515,4.989,0.64,208.6811,9.8174,8.3751,,214599.3561,144800.0692
688443.SH,20260515,2.7443,0.72,,7.6766,39.6617,,1101873.4,350623.4
301390.SZ,20260515,1.9131,0.72,,2.3878,4.2504,0.2656,224220.0,183322.9447
002910.SZ,20260515,3.3097,1.29,,2.1647,2.2443,,214506.6637,187654.9592
603357.SH,20260515,1.1593,1.52,13.5763,1.0211,1.7147,4.8143,407540.1398,407514.9449
688233.SH,20260515,7.4887,1.15,165.8262,8.5615,36.8938,0.0774,1640214.5434,1640214.5434
600563.SH,20260515,4.417,1.17,25.2113,4.7865,5.574,1.4929,3014325.0,3014325.0
688016.SH,20260515,2.2442,1.21,21.7127,3.0295,9.202,1.5622,1277858.3669,1277858.3669
603630.SH,20260515,1.1512,0.67,,1.8439,4.1879,0.5759,348166.2807,348166.2807
300709.SZ,20260515,11.1422,1.8,458.1303,4.0581,2.9031,0.234,874746.4774,701751.0689
600981.SH,20260515,0.9289,0.96,,1.2111,0.1056,0.3717,603214.5286,603214.5286
300888.SZ,20260515,0.6301,1.03,23.3191,1.53,1.6307,2.2676,1797652.1173,1789595.1214
600176.SH,20260515,5.2127,1.5,35.4629,4.1981,6.8862,1.2109,13554620.961,13554620.961
600637.SH,20260515,1.6834,0.8,58.0508,1.0824,4.4196,2.3859,3240871.4236,3240871.4236
300857.SZ,20260515,5.5877,0.92,76.0667,26.1679,8.1745,0.0886,13277677.2515,13209091.3976
600032.SH,20260515,2.7255,0.67,54.4043,1.9067,5.1511,0.5103,2450364.1552,2450364.1552
300138.SZ,20260515,1.8988,0.95,15.126,1.5515,0.8323,1.1659,538656.6037,444119.3206
300868.SZ,20260515,3.4507,0.47,,8.0812,19.1194,0.0481,1186498.896,748919.9448
688078.SH,20260515,0.8948,0.57,,2.8412,13.5746,0.5221,189886.265,189886.265
920017.BJ,20260515,0.9308,0.66,19.9863,1.3022,3.2936,0.8847,219455.1482,217130.0174
920627.BJ,20260515,2.4626,0.64,62.2017,3.9499,2.3137,0.6061,187011.0,92698.65
301395.SZ,20260515,3.3446,0.64,,2.4909,1.685,0.5563,359175.7978,188320.2388
002230.SZ,20260515,2.4121,0.91,131.2223,4.9591,4.0847,0.2034,11323404.3705,10320325.7878
300984.SZ,20260515,4.3279,0.97,171.0553,8.0181,6.7846,,864472.4674,620236.0855
002387.SZ,20260515,2.0161,1.24,,4.2804,1.3608,,1116040.0384,1114576.1106
603918.SH,20260515,2.0931,0.77,,4.906,6.7417,,480116.3967,480116.3967
000661.SZ,20260515,1.2331,0.67,,1.5407,2.9408,3.0426,3432794.3065,3362756.5897
301157.SZ,20260515,26.7223,1.16,158.8938,4.4302,17.9449,0.2436,492600.0,169600.5791
301279.SZ,20260515,2.7626,0.92,70.4174,3.4104,6.4027,0.7051,458387.2874,354959.2874
000889.SZ,20260515,15.8886,0.72,,69.428,3.0372,,482189.9247,447970.2502
688679.SH,20260515,4.6445,1.46,,7.8401,6.2548,0.0765,860592.0261,860592.0261
603177.SH,20260515,1.6471,0.83,,7.2085,2.2073,0.3542,232778.88,232778.88
002967.SZ,20260515,2.6626,0.82,31.9191,2.8323,3.7684,0.6031,1393731.255,1196784.7732
688709.SH,20260515,4.8951,1.2,390.7504,8.6746,35.6841,0.0504,2525098.4581,879223.8852
688367.SH,20260515,4.5514,1.05,420.8518,5.7429,18.7262,0.2821,341735.94,341735.94
600017.SH,20260515,1.3134,1.14,19.9881,0.6233,1.1405,4.1754,876561.3581,876561.3581
688570.SH,20260515,0.4157,0.8,130.2521,1.703,4.6947,1.9446,734801.0,319375.4
300570.SZ,20260515,19.2426,1.01,127.6616,20.5945,24.0158,0.4988,3643114.9467,3082772.4799
601038.SH,20260515,0.7104,0.84,17.8859,1.8379,1.382,2.7356,1511302.8949,984143.5949
600313.SH,20260515,4.9402,0.94,153.6743,3.24,1.1619,,782766.0551,729401.8989
301081.SZ,20260515,8.5262,2.37,571.6565,4.2781,4.8442,1.4219,462322.5408,443589.7617
688608.SH,20260515,4.671,1.13,63.7412,4.3907,9.8125,0.4577,3139390.4084,3139390.4084
601519.SH,20260515,1.7389,0.93,,16.254,25.0157,,2108509.6,2108509.6
002094.SZ,20260515,2.3539,0.71,196.968,2.7007,2.3504,,398647.8858,398391.6978
301535.SZ,20260515,1.5771,0.91,89.4324,6.8306,10.46,1.1658,795300.0007,317518.7407
603067.SH,20260515,4.9971,1.18,44.9484,7.0661,6.3294,0.3214,2981303.2442,2981303.2442
601677.SH,20260515,3.2796,1.1,9.5236,1.0682,0.5755,1.2867,2116477.2132,2073047.2792
001289.SZ,20260515,0.2047,0.9,33.9834,1.8824,4.8157,1.8981,14437402.5152,8707420.3012
000685.SZ,20260515,1.7743,1.14,7.5667,0.8488,3.5187,0.737,1632948.2656,1388136.1122
002986.SZ,20260515,2.2459,0.85,,1.3574,0.6055,2.2321,515444.6076,409291.5714
301325.SZ,20260515,1.5821,1.03,,2.3601,8.9433,,624494.1444,624494.1444
300268.SZ,20260515,3.7913,1.17,,,2.0982,,246318.8,189062.405
600202.SH,20260515,3.1431,1.22,,2.9936,1.6174,0.158,242654.6454,242654.6454
600675.SH,20260515,0.4196,0.84,,1.0659,1.8927,,1529672.2387,1529672.2387
603018.SH,20260515,1.6361,1.73,18.2681,0.9581,1.2711,1.3022,519685.2663,519685.2663
301187.SZ,20260515,1.8718,1.67,101.0089,3.7303,2.566,0.8274,546322.5441,546320.7761
002795.SZ,20260515,8.9816,1.13,,9.8638,6.452,,439920.6773,432691.2312
300575.SZ,20260515,7.3586,1.81,,1.7154,1.19,0.698,332940.6952,239210.3348
300247.SZ,20260515,10.7862,2.18,59.3917,3.4683,4.3544,,401216.1162,400707.1362
603038.SH,20260515,1.3774,0.76,51.8037,3.0069,3.1265,0.3115,431226.7551,431226.7551
002515.SZ,20260515,7.145,0.95,593.644,3.1338,26.6317,,823217.6315,749257.2683
002906.SZ,20260515,2.1424,1.5,20.9468,2.406,1.2148,1.5823,1658744.1696,1657775.7623
600939.SH,20260515,0.5611,0.83,,0.7953,0.2612,,557425.1586,557425.1586
603103.SH,20260515,0.6992,0.79,,10.0124,7.4962,0.6938,1279815.6,1279815.6
301048.SZ,20260515,0.8046,0.72,27.0521,2.0213,1.7424,0.572,579200.0724,579200.0724
603686.SH,20260515,5.022,0.87,49.1458,2.2037,1.5194,0.8508,771454.2602,771454.2602
603879.SH,20260515,2.5127,1.2,,8.9635,6.1728,,207701.0863,207701.0863
300196.SZ,20260515,9.0261,0.8,24.8133,1.7282,2.5957,2.2495,807218.8025,487679.0179
002768.SZ,20260515,5.136,1.54,19.0239,2.7223,0.8451,0.4389,1877390.0,1101494.315
301566.SZ,20260515,8.5206,0.86,65.8738,6.9894,28.2828,0.3382,1064426.61,561701.9056
688306.SH,20260515,3.2549,2.33,1585.226,7.3227,4.7421,,1281098.9604,1281098.9604
002135.SZ,20260515,7.2325,1.7,523.6357,1.4642,1.0276,0.8599,908034.9186,849711.4783
003013.SZ,20260515,0.941,2.3,13.3115,1.9003,2.4394,3.0625,639992.5856,555526.5052
000526.SZ,20260515,1.362,0.62,19.5959,3.9912,1.2536,,415424.5206,407237.2957
600353.SH,20260515,10.5672,1.23,106.0653,9.0652,10.4983,0.2849,1747962.7343,1747962.7343
600750.SH,20260515,0.9463,1.14,16.0682,3.3871,3.5905,5.2123,1461910.5647,1445976.3395
002921.SZ,20260515,6.6133,0.87,,3.5226,3.7943,,461956.3638,398302.1461
002328.SZ,20260515,8.8378,0.65,38.1452,2.2908,2.169,1.4004,782574.78,578782.2717
002024.SZ,20260515,0.4143,1.5,167.6335,0.9394,0.256,,1158095.9523,1156661.3209
603806.SH,20260515,4.0524,1.87,65.416,2.7502,2.9205,1.5224,4450518.7738,4450518.7738
000563.SZ,20260515,1.079,1.08,11.7928,0.8614,5.887,2.9221,1575102.8703,1575102.8703
600078.SH,20260515,11.4414,1.03,145.4676,6.144,2.8714,,1047029.496,1025000.216
603210.SH,20260515,1.5269,1.03,25.5947,2.8102,2.2856,,544640.0,372284.0
301080.SZ,20260515,3.7739,1.01,43.8333,2.7781,8.4605,0.6374,750627.8506,565732.5646
603663.SH,20260515,3.1772,1.41,128.8241,13.0625,15.1489,0.1749,1815532.6278,1813473.9078
600815.SH,20260515,4.3229,0.68,,5.2472,10.2228,,762860.6264,762860.6264
002050.SZ,20260515,7.8336,1.63,53.6002,6.7142,7.0404,0.71,21906920.5456,19179932.3568
300788.SZ,20260515,3.3734,0.65,50.1957,2.6259,3.4971,1.5419,589469.6965,589469.6965
603788.SH,20260515,2.702,0.95,18.307,1.8269,2.5449,3.9326,397055.821,397055.821
605259.SH,20260515,0.9839,1.02,13.9718,1.728,1.2926,3.178,325642.24,325642.24
002117.SZ,20260515,2.3811,0.99,35.7265,4.069,4.6141,2.9155,538908.8627,538728.3884
920925.BJ,20260515,2.1014,0.91,276.5106,3.9981,4.9898,0.1972,146609.7155,82168.4488
002634.SZ,20260515,2.3432,0.52,,,4.0245,,225082.7314,216695.2544
000859.SZ,20260515,4.202,1.29,,3.026,3.6848,,816234.3829,816187.9219
300904.SZ,20260515,4.5303,0.95,,7.5321,4.4191,,440090.0506,133658.0506
688700.SH,20260515,11.4965,2.21,154.9908,12.2415,19.2692,0.1297,2297690.472,2297690.472
002408.SZ,20260515,1.3812,1.0,,1.5071,0.6869,0.5122,1651697.4809,1598387.2547
301488.SZ,20260515,19.4942,2.84,186.3237,9.956,6.9534,0.2737,1344488.0,342145.7154
603208.SH,20260515,1.1715,0.59,,2.4273,1.6962,1.3581,246054.9253,246054.9253
688122.SH,20260515,2.312,1.02,57.7682,5.7417,7.8731,1.0251,4119522.5755,4119522.5755
920227.BJ,20260515,4.7096,0.96,57.133,5.8504,15.9552,1.554,250588.5525,114016.7264
688681.SH,20260515,2.3434,0.9,41.7443,3.3642,4.0159,0.4952,208816.65,208816.65
002935.SZ,20260515,2.0282,0.57,132.6607,5.429,8.8701,0.2432,877043.9865,858407.946
600496.SH,20260515,1.8619,0.79,12.9065,0.8728,0.3911,1.9512,815951.3209,815951.3209
300966.SZ,20260515,5.2268,0.68,,3.7661,4.9676,,312411.8162,207766.673
920685.BJ,20260515,1.2277,1.22,32.874,2.0735,6.8176,1.3647,117231.9204,70331.8959
300504.SZ,20260515,5.3877,0.9,,2.4427,4.0795,,511965.4316,412277.1421
002223.SZ,20260515,0.8576,0.74,22.68,2.1357,3.695,2.751,2915202.9095,2740189.5533
002036.SZ,20260515,3.3456,0.63,,9.1815,1.146,,886267.1709,884481.9955
688207.SH,20260515,2.2551,0.66,,2.4125,26.1,,439995.3768,439995.3768
002401.SZ,20260515,1.2565,0.65,154.5065,3.2866,3.1606,0.885,545980.9384,545512.4596
688137.SH,20260515,2.2593,1.28,,1.6764,22.5508,,338807.0195,338807.0195
600644.SH,20260515,5.8317,0.72,290.0155,3.1911,1.984,,659864.0533,659864.0533
301160.SZ,20260515,3.5159,1.07,34.0198,3.7191,4.5444,1.1159,692917.6014,462853.1266
600160.SH,20260515,3.9602,3.08,23.3753,4.4856,3.5632,1.1417,9694788.1769,9694788.1769
002843.SZ,20260515,12.5964,1.11,,4.8978,4.1545,0.3823,658545.4622,654514.337
603803.SH,20260515,10.2623,0.68,,4.51,5.4362,,692985.0815,692985.0815
600617.SH,20260515,4.8983,1.6,,2.2194,0.484,,709942.5736,653399.7096
001395.SZ,20260515,1.5286,0.83,19.1134,2.7071,4.3084,1.6037,337269.84,181276.74
600382.SH,20260515,6.0485,1.79,33.2921,2.0052,6.3069,3.0915,629133.7286,629133.7286
603725.SH,20260515,4.3553,1.63,27.0974,3.6444,1.0352,0.9602,313698.5527,294970.7527
300689.SZ,20260515,4.7123,1.59,984.7769,9.8915,16.6234,,684930.0,599504.381
002046.SZ,20260515,3.7093,0.94,179.0598,6.6825,9.8549,0.3864,2914733.4823,2874573.9343
000598.SZ,20260515,1.3192,1.38,9.698,0.9695,2.1502,2.8424,1963477.7384,1960331.8404
920374.BJ,20260515,2.2635,1.05,118.6899,6.0982,6.5016,0.5525,160590.46,67203.6955
002706.SZ,20260515,9.9771,1.08,60.8918,3.0763,2.936,,1330903.1487,1083541.7102
000488.SZ,20260515,0.7877,0.74,,16.5952,0.8258,,691242.207,398141.6413
603608.SH,20260515,9.4173,1.64,208.5127,5.4261,5.2391,,593926.6961,593926.6961
601298.SH,20260515,0.2067,1.27,11.0053,1.2254,3.0129,3.9066,5770587.9,4793554.675
601117.SH,20260515,1.7612,0.97,7.5421,0.7185,0.2591,3.5309,4946399.5912,4931334.5632
688209.SH,20260515,3.8151,0.83,55.8792,5.0848,6.7685,0.3367,1136947.9924,1136947.9924
000722.SZ,20260515,6.1769,0.7,82.2524,2.1178,19.051,0.3484,666067.1347,666067.1347
300710.SZ,20260515,7.8821,1.13,,7.8239,13.0773,,339062.9424,254168.6843
600734.SH,20260515,4.276,0.72,,21.575,40.3902,,494474.8051,494372.6551
301618.SZ,20260515,2.8493,0.67,153.7395,4.9721,8.1302,0.6425,471377.8685,173231.2698
603607.SH,20260515,1.8371,0.95,38.0571,3.8085,5.0128,2.1911,407375.3376,407375.3376
300144.SZ,20260515,0.9804,1.0,23.9048,2.3918,8.389,2.8028,1871397.0824,1851930.74
000402.SZ,20260515,3.1736,0.72,,0.4531,1.1003,,899667.902,899584.838
605162.SH,20260515,4.0302,0.93,39.0544,3.3449,6.9098,1.5408,467927.2858,467927.2858
301322.SZ,20260515,3.9825,1.27,456.7621,2.0794,5.6631,0.716,592021.8937,399282.622
603392.SH,20260515,0.4218,0.4,,4.2312,25.7608,,5001937.9326,5001937.9326
600362.SH,20260515,2.843,0.81,20.0826,1.909,0.2806,2.3603,16056676.251,9622922.217
603041.SH,20260515,2.7607,1.61,44.7141,1.7201,4.0964,0.8265,263000.0857,263000.0857
002835.SZ,20260515,2.1232,1.18,28.5224,2.5709,2.9192,2.1324,328143.4268,190294.2504
920770.BJ,20260515,6.1239,1.33,44.3456,3.0855,10.9484,0.8136,191944.9581,120793.355
688080.SH,20260515,2.6395,1.07,24.3902,2.8224,4.3553,0.4443,331820.8747,331820.8747
688077.SH,20260515,2.9127,0.98,57.1223,3.2016,2.0805,0.621,355570.2334,355570.2334
688178.SH,20260515,2.2033,0.69,,3.2976,5.632,,306247.2319,306247.2319
688396.SH,20260515,2.8842,1.06,90.2768,3.5386,7.088,0.1361,8191075.2636,8191075.2636
002531.SZ,20260515,7.6062,2.56,,2.5785,4.3667,0.1608,2235317.0506,2222760.912
603533.SH,20260515,5.1405,0.86,,4.7534,3.2148,0.4023,1091097.5318,1091097.5318
300298.SZ,20260515,1.3122,0.98,79.7609,3.1679,1.9413,1.2902,942930.0224,758886.8904
001220.SZ,20260515,7.837,1.17,27.7708,2.195,4.3165,,342765.06,83968.5187
600452.SH,20260515,6.4641,1.28,45.1283,3.3909,6.6419,0.7098,1948334.8173,1948334.8173
688516.SH,20260515,6.3509,1.36,65.505,6.92,4.3153,2.6045,2544083.5776,2539487.3751
920821.BJ,20260515,2.6317,0.53,410.8057,6.191,8.5473,0.3051,323905.2056,170549.8609
600206.SH,20260515,12.4835,0.95,90.6188,5.9582,2.4287,0.3564,2588760.0893,2588760.0893
000559.SZ,20260515,5.373,1.53,58.6562,6.609,4.5695,1.025,5801877.277,5800110.4683
002981.SZ,20260515,1.736,0.48,69.8844,3.252,1.931,1.017,345777.5792,300333.7927
301053.SZ,20260515,7.4475,0.9,243.9958,5.4236,7.6679,0.4775,513599.1067,476944.6892
603093.SH,20260515,3.945,1.18,27.6282,2.9048,12.9945,0.3231,1672299.0007,1421453.5307
600269.SH,20260515,0.5593,0.85,9.1012,0.5192,1.6483,3.8724,1025243.6791,1025243.6791
300299.SZ,20260515,1.8693,0.77,,11.1945,10.6059,,421083.0519,420426.0819
002879.SZ,20260515,5.1955,0.71,25.9103,2.0386,2.3773,2.7472,343731.5992,244080.7574
920267.BJ,20260515,1.0879,0.7,,3.8156,1.8814,1.032,92018.5944,54635.4454
603352.SH,20260515,2.9636,0.66,39.4044,2.7335,2.049,,808066.6679,158365.7562
920057.BJ,20260515,0.741,0.66,89.653,1.5266,0.668,,109664.2947,69617.7608
300399.SZ,20260515,2.0405,0.79,,8.7327,8.8487,0.2237,441636.0,441592.9204
920076.BJ,20260515,7.2602,1.12,23.3141,1.8991,1.6975,,189515.7566,59615.1177
688201.SH,20260515,2.1124,0.76,89.0481,2.136,5.0077,,276875.2814,264109.3474
603387.SH,20260515,2.3473,0.63,20.7084,1.7027,4.4815,1.8947,481795.8412,481795.8412
300767.SZ,20260515,4.3928,0.82,,4.1115,12.7377,,624694.0143,542395.4254
300758.SZ,20260515,9.0605,2.02,125.8311,3.2516,3.796,,581112.3602,523784.2006
000528.SZ,20260515,1.8831,0.49,12.4322,1.0181,0.5688,2.768,1937040.6097,1934348.7101
300133.SZ,20260515,10.7929,0.68,100.8641,2.4688,6.8997,0.134,1818404.9547,1614373.8269
300956.SZ,20260515,1.6283,0.75,778.013,2.5173,1.4991,0.646,333482.0177,325780.309
600348.SH,20260515,1.2883,0.99,21.5356,1.2288,1.6657,3.2561,3423517.5,3423517.5
002471.SZ,20260515,6.0316,0.63,,6.0757,2.029,,1096376.76,1075261.4092
300193.SZ,20260515,2.2545,1.22,23.8338,1.7617,3.2152,2.2624,421004.8276,370728.2956
300783.SZ,20260515,4.3177,1.83,41.6169,2.4548,0.7663,,789313.776,550754.916
300700.SZ,20260515,4.2818,0.91,,10.0924,16.5863,,778573.5219,530666.8944
600873.SH,20260515,0.9959,0.71,10.6863,1.5493,1.0631,4.718,2543447.1766,2543447.1766
002932.SZ,20260515,2.1389,1.01,,0.6966,14.4874,6.8402,385054.7048,258493.3117
002597.SZ,20260515,2.2824,1.07,69.3949,1.7647,2.7224,3.2545,1395225.3005,1392590.9406
920751.BJ,20260515,0.8726,0.59,44.6933,5.1262,8.9312,1.2285,211916.76,202849.9193
601869.SH,20260515,3.8213,0.92,267.9022,21.7826,20.5935,0.0716,31000906.7691,15215338.1677
920091.BJ,20260515,5.6115,0.56,93.137,6.7441,13.5582,,317959.4796,75009.5346
600777.SH,20260515,0.2685,0.76,53.3657,1.8272,6.1147,,4053095.5117,3794226.825
600759.SH,20260515,0.1181,0.79,60.7149,1.4203,5.7409,,1290341.8861,1288686.2776
603059.SH,20260515,1.8385,0.9,25.0743,2.7368,1.876,0.2627,305866.2915,305866.2915
600096.SH,20260515,2.2707,1.02,11.1451,2.4711,1.2444,4.3277,5897375.0148,5897375.0148
601811.SH,20260515,0.3538,0.79,10.5042,1.0572,1.4024,4.5011,1644710.053,1055607.8987
300534.SZ,20260515,1.7146,0.77,54.1291,3.6454,3.1669,0.454,267246.945,266107.3609
300525.SZ,20260515,2.1643,0.79,42.1282,2.9451,3.6699,1.2243,736458.3271,605268.8009
300763.SZ,20260515,6.8359,1.58,63.0708,4.2521,5.6112,0.2073,3845262.4787,3106593.2873
000088.SZ,20260515,1.1914,1.21,15.8958,1.2738,26.6176,4.8337,2344966.989,1426461.4552
920826.BJ,20260515,4.1436,1.4,28.8981,3.5592,2.1378,1.0091,139251.1717,61912.2027
300724.SZ,20260515,8.1605,1.56,14.4766,2.3195,2.4517,1.3194,3154828.9903,2606117.479
001288.SZ,20260515,3.2953,0.87,32.2516,2.8754,3.8159,0.6246,671760.2921,434480.4035
603214.SH,20260515,2.0785,1.2,27.1009,1.8994,0.5923,2.3497,225820.2587,225820.2587
688677.SH,20260515,5.2016,1.3,86.1691,10.6593,23.4167,0.4829,1475685.87,1475685.87
300780.SZ,20260515,11.8756,0.7,,4.8752,8.1777,,488264.43,357977.8131
300365.SZ,20260515,4.1083,1.19,,2.2403,4.826,,358113.715,305499.5963
300948.SZ,20260515,2.5384,0.61,,3.7056,22.9127,,354211.7078,333890.2731
920454.BJ,20260515,2.0016,0.77,54.7474,4.6016,10.3516,1.087,154707.2,72467.296
605299.SH,20260515,10.7617,1.12,97.6643,8.587,6.2814,0.7882,1032887.7441,1032887.7441
300663.SZ,20260515,7.7224,0.89,,13.4369,8.2897,,430606.2933,413691.4242
688597.SH,20260515,2.1378,0.77,61.9165,3.6644,2.8896,1.1665,291700.3196,291700.3196
301489.SZ,20260515,7.0861,0.85,274.4798,17.3228,18.8691,0.0761,1895616.274,1117377.705
920022.BJ,20260515,2.6003,0.6,24.3599,3.6338,2.4796,2.1626,161780.922,44561.43
600035.SH,20260515,0.6703,1.3,12.2414,0.6758,0.9586,4.4503,615064.2742,615064.2742
300293.SZ,20260515,4.3446,1.55,,9.1554,5.4531,,680937.4693,680937.4693
002970.SZ,20260515,5.0165,0.78,41.281,6.6264,5.3308,1.3535,1343321.1358,920253.663
600183.SH,20260515,2.4984,0.99,55.6198,12.1878,7.0572,1.1118,21849927.4739,21538541.3883
688216.SH,20260515,4.9368,0.98,,5.6083,4.7826,,411600.3807,381668.2395
600470.SH,20260515,6.7801,1.36,,2.1633,0.52,,329651.2,329651.2
603248.SH,20260515,20.9248,1.19,74.265,6.2225,11.1032,,1453600.0,219016.1809
301368.SZ,20260515,9.7029,1.92,,6.9505,12.779,0.1228,655145.5,349782.4552
600847.SH,20260515,5.3447,2.14,,4.9134,4.8627,,235449.4464,235449.4464
300414.SZ,20260515,2.678,0.52,191.5361,4.3554,8.4678,0.0748,435888.026,419202.7527
000415.SZ,20260515,1.4431,0.97,,0.8969,0.5983,,2677897.7151,2335131.7438
000429.SZ,20260515,0.5127,0.86,17.2035,2.3823,6.1034,3.9832,2745228.4434,1711272.1666
601952.SH,20260515,1.0927,0.93,24.4234,1.7747,1.2532,2.9605,1256736.0,1256736.0
300192.SZ,20260515,2.6119,0.72,57.2537,6.3184,8.4222,1.0433,630967.7617,622330.4786
300693.SZ,20260515,11.1718,0.97,38.5804,8.3669,5.2303,,1884282.0378,1619570.6226
301292.SZ,20260515,12.3384,0.74,571.4575,6.3845,3.3628,,1825811.4007,697137.5622
688110.SH,20260515,4.5507,0.8,25265.8591,19.2112,54.8624,,6904403.2219,6904403.2219
002005.SZ,20260515,0.5723,0.69,119.8281,15.335,7.8635,,509955.6337,509824.5091
002151.SZ,20260515,4.924,0.79,,4.511,8.6928,,2181416.0484,1779231.12
300393.SZ,20260515,6.5148,0.86,,7.2166,3.8561,,1278132.8909,1121276.6237
300675.SZ,20260515,1.9053,0.87,,4.8268,9.1272,0.0618,237453.3873,237453.3873
001229.SZ,20260515,2.6808,0.75,62.3393,3.6283,15.7017,1.6331,367391.079,188908.4432
002540.SZ,20260515,1.125,0.62,19.2305,1.2595,0.8264,5.1875,714403.1515,490032.8675
600186.SH,20260515,11.9581,0.72,52.7222,9.8187,5.0445,,1853718.6388,1849968.9929
300737.SZ,20260515,3.4066,0.95,,2.1508,1.411,4.5103,861337.9181,688228.5466
600708.SH,20260515,1.2746,0.67,,1.3827,1.9111,,824595.5949,823352.7753
003012.SZ,20260515,0.955,0.72,18.9692,0.8337,1.073,4.4588,630554.7311,618309.9818
002941.SZ,20260515,1.1764,0.72,20.8249,2.0612,1.0152,1.0023,966190.5517,966190.5517
000063.SZ,20260515,3.649,1.03,39.2409,2.2861,1.292,,17560356.5702,14785397.5427
600918.SH,20260515,0.6309,0.9,30.1484,1.0348,3.8683,0.3767,4624311.1417,2292694.8343
600520.SH,20260515,8.9271,1.29,350.8304,11.94,11.4244,,470061.81,470061.81
600483.SH,20260515,1.4236,1.09,10.3215,1.0578,2.1685,3.6132,2946946.068,2946946.068
688480.SH,20260515,3.1233,0.85,78.7469,7.8684,7.3488,0.6327,949258.0905,949258.0905
920701.BJ,20260515,1.1047,1.08,32.4058,2.4547,2.3356,1.4116,208269.6,152114.5903
301533.SZ,20260515,4.3314,1.28,109.1653,2.7601,3.8304,1.2498,310845.7854,89916.8454
600528.SH,20260515,0.8114,1.11,12.3916,0.6645,0.6091,1.3578,1695043.8616,1695043.8616
600903.SH,20260515,12.7791,4.01,119.6485,3.0097,1.4562,0.4405,921157.5358,921157.5358
301298.SZ,20260515,2.578,1.31,47.847,2.4779,3.6819,1.8323,236348.0,174175.0196
605056.SH,20260515,1.6221,0.65,37.3077,5.3608,2.0523,1.8111,985000.0392,970564.0392
001337.SZ,20260515,2.9948,0.78,35.8365,12.0332,17.5361,0.9222,2277240.0,2277240.0
300284.SZ,20260515,0.8239,0.99,387.308,0.9962,1.9705,1.3636,833466.3308,777337.3021
603677.SH,20260515,2.3737,2.55,79.2488,2.9143,1.607,1.1737,328191.874,328191.874
002567.SZ,20260515,1.4398,0.75,,1.4207,0.25,,590417.1739,589846.5655
601618.SH,20260515,0.6517,1.01,44.4537,0.5804,0.1408,1.9377,5989125.9401,5159406.9401
002203.SZ,20260515,1.9668,0.7,46.9536,2.8468,0.56,1.1672,4856229.4256,4687527.349
300398.SZ,20260515,10.7657,0.79,53.8647,4.2921,6.3707,0.275,2164601.5461,2152780.2201
301020.SZ,20260515,1.4236,0.93,37.8087,3.4337,6.0521,1.3091,346675.2,346675.2
002331.SZ,20260515,5.2745,0.54,,2.8583,2.9416,0.3093,412579.7743,381205.6156
688318.SH,20260515,1.5371,0.91,96.6923,7.578,79.9672,0.3118,2934104.6712,2934104.6712
603869.SH,20260515,0.3192,0.92,159.5621,1.4792,8.3024,0.1124,554398.8117,554398.8117
000807.SZ,20260515,2.3375,1.25,11.8859,2.8938,1.6637,1.6807,10317173.2799,10317065.2755
603135.SH,20260515,1.0321,0.93,,2.6857,21.7717,0.5195,793455.6071,787552.1381
600438.SH,20260515,1.914,1.27,,2.0925,0.9108,,7315734.4081,7315734.4081
603012.SH,20260515,3.8359,0.57,64.609,1.5413,2.1899,1.0984,592194.0,592194.0
002488.SZ,20260515,2.2187,0.81,212.2448,3.4893,3.0983,0.0815,1210453.903,1118822.1428
002030.SZ,20260515,6.8128,0.6,,1.2042,11.4867,,847681.4033,847681.4033
600157.SH,20260515,3.6405,0.77,174.0314,0.8138,1.6111,,3818108.7254,3818108.7254
001208.SZ,20260515,5.9662,0.66,113.22,4.1761,2.6048,0.2698,1228186.2312,613243.5561
002772.SZ,20260515,1.6756,0.6,13.0316,1.6111,2.6293,2.8791,585722.5791,580841.0081
603212.SH,20260515,6.4886,1.24,,2.7687,2.5637,,661923.3323,661923.3323
920099.BJ,20260515,1.7753,1.2,29.715,2.5494,4.5327,0.6741,232612.7941,143848.2095
002394.SZ,20260515,1.6373,0.61,16.6539,0.9289,1.0563,0.8032,403006.5,402286.026
002723.SZ,20260515,11.4319,1.37,,4.1809,3.5673,,306758.9355,292636.9959
300050.SZ,20260515,7.9767,0.92,250.5717,10.1524,14.345,,418987.1261,418731.6882
603819.SH,20260515,4.972,1.21,121.5696,3.9139,2.106,0.137,317886.073,317886.073
920656.BJ,20260515,1.6791,0.71,20.4749,2.1581,6.3949,1.2804,156200.0,50571.7509
000612.SZ,20260515,4.9171,1.32,9.996,1.8426,2.0977,1.0915,1419909.4783,1419909.4783
301101.SZ,20260515,3.2966,2.11,37.6639,4.1818,8.8061,1.3197,760506.6654,720449.9012
605337.SH,20260515,0.8995,1.06,21.9234,2.4099,3.1571,7.0967,402585.6015,402585.6015
300239.SZ,20260515,1.4893,1.13,57.756,1.8488,4.2469,0.459,317580.2442,315522.5539
601333.SH,20260515,1.1412,0.9,14.1005,0.7491,0.7428,2.2876,2167562.322,1729584.522
688678.SH,20260515,7.4369,0.97,117.71,4.4168,4.6911,0.2823,1019859.4475,1019859.4475
301391.SZ,20260515,1.912,0.74,309.5931,3.507,12.2163,0.1504,734749.5335,717897.8572
300583.SZ,20260515,2.342,1.1,,1.6072,2.6155,0.1337,283794.3805,278478.7933
300636.SZ,20260515,1.5424,0.78,43.5372,1.2982,3.7463,0.5427,309504.2518,270742.6131
002952.SZ,20260515,12.8775,1.75,324.1299,5.5767,5.0819,0.1652,491212.26,393487.0006
601969.SH,20260515,2.2516,1.28,47.3772,3.2694,5.0527,0.9789,2232955.4929,2211146.2865
000411.SZ,20260515,1.7284,0.93,13.8571,1.2322,0.1968,3.0032,665957.1431,664644.6685
603238.SH,20260515,5.3206,3.56,23.347,1.8407,0.9262,1.9342,275316.459,275316.459
603386.SH,20260515,6.8176,1.05,,4.218,2.1645,,552137.7715,552137.7715
300456.SZ,20260515,11.8687,1.15,26.9356,6.0279,58.1425,0.7075,3829474.6908,3124657.8934
000657.SZ,20260515,4.6509,0.77,64.949,12.0413,6.0531,0.2834,12865000.4424,8203216.4809
603395.SH,20260515,3.122,0.92,137.8494,4.9174,2.0264,0.4277,701480.0,175370.0
688027.SH,20260515,4.024,1.09,8925.3453,18.5024,190.042,0.0028,5966040.919,4661793.8344
603429.SH,20260515,0.6825,0.92,,4.0116,42.1446,,506128.4737,506128.4737
300917.SZ,20260515,2.4434,0.6,45.5834,4.6133,1.8813,0.7456,566657.0,566657.0
301266.SZ,20260515,3.1466,0.85,152.2519,2.3104,1.3049,0.2626,418365.7649,396881.6783
688399.SH,20260515,2.0931,0.66,,1.75,15.8213,5.5285,515811.0842,515811.0842
603737.SH,20260515,1.1457,1.83,39.1127,10.1221,2.3665,1.7701,3036856.7189,3036856.7189
688360.SH,20260515,2.5695,1.57,52.1805,3.5249,3.0311,0.5384,524853.8773,502049.2097
688737.SH,20260515,1.8524,0.84,,1.9359,1.652,,343508.8344,343508.8344
300286.SZ,20260515,2.7272,0.94,30.733,2.7113,5.6259,1.6,624704.5756,517567.6595
603883.SH,20260515,1.0542,1.05,25.3561,1.4733,0.4496,1.6676,1001735.1115,1001735.1115
300517.SZ,20260515,4.5459,0.91,505.1832,2.2365,12.7087,0.8461,233882.8194,147326.8962
600638.SH,20260515,2.1816,0.77,31.6939,0.8698,1.8557,0.6126,406731.6587,406731.6587
300417.SZ,20260515,5.4348,0.85,,4.4242,8.7683,,200633.7312,124633.2864
002756.SZ,20260515,4.8033,0.83,40.8308,2.9682,4.8564,0.4059,3916033.5866,2811734.1634
920245.BJ,20260515,1.3772,1.09,78.5206,3.496,3.5673,0.6002,124192.5,94989.905
688022.SH,20260515,2.2419,0.33,86.872,2.6545,2.4461,,175174.8107,175174.8107
002404.SZ,20260515,2.0126,1.01,20.9522,2.0417,0.8028,4.3228,388675.7695,316147.1411
600057.SH,20260515,0.9106,0.68,14.4935,1.2,0.0459,5.15,1891832.4998,1393611.7692
000921.SZ,20260515,1.5863,1.38,10.9486,1.831,0.3932,5.0246,3387370.4243,2245754.4505
002496.SZ,20260515,1.9705,0.6,,3.2603,10.0238,,363329.1122,284680.8885
601018.SH,20260515,0.4374,1.31,13.7891,0.8688,2.2145,3.7705,7120306.154,7120306.154
600749.SH,20260515,4.3166,0.94,293.8205,3.5022,19.5961,,364279.6548,364279.6548
002657.SZ,20260515,2.2589,0.85,,4.0798,8.4416,,694726.2258,686708.3599
001259.SZ,20260515,1.1953,0.49,357.6031,6.1269,9.4349,0.2612,445212.7724,287644.219
000981.SZ,20260515,9.7904,1.19,36.8775,14.2256,15.0692,,4408884.6616,4195390.037
301032.SZ,20260515,2.8711,0.82,28.0515,2.4711,1.3509,0.7657,314920.2204,208793.8442
000408.SZ,20260515,1.3397,1.22,28.0932,8.5944,35.1431,2.9811,13144359.7114,13144221.5899
600117.SH,20260515,0.5028,0.8,,2.2982,1.305,,790992.9103,790992.9103
000601.SZ,20260515,26.054,1.89,84.2442,2.029,1.7159,,838702.5393,827099.3969
600919.SH,20260515,0.4395,1.08,5.8116,0.7765,2.2842,4.8775,20516780.7496,20516780.7496
300980.SZ,20260515,5.8791,1.16,76.1465,3.2007,7.1925,0.5332,455615.1534,324526.7784
605266.SH,20260515,1.167,0.98,20.2296,1.1246,0.3494,5.3504,304604.1111,304604.1111
603326.SH,20260515,1.3209,0.91,18.2504,2.1928,1.9133,5.4945,261405.9057,261405.9057
688236.SH,20260515,0.5178,0.69,23.8044,2.1575,6.365,1.5039,657436.409,494365.592
002241.SZ,20260515,4.1727,1.1,22.6234,2.4057,0.9091,1.1524,8991570.2191,7960188.72
603092.SH,20260515,9.6431,1.32,33.0059,5.1627,5.2044,,2961200.7403,255933.9546
300775.SZ,20260515,3.365,0.79,59.9852,2.7576,11.055,0.6743,1624036.1622,1576847.209
300043.SZ,20260515,2.3051,0.64,16.8784,3.7853,3.4987,0.1834,676843.9301,676482.2245
603685.SH,20260515,1.2682,0.63,228.7432,4.0784,7.3135,0.0166,813832.692,653353.4175
688526.SH,20260515,0.3767,1.2,17.6059,1.591,7.3613,2.9073,686140.4984,686140.4984
002064.SZ,20260515,1.2741,1.38,28.177,2.038,2.3111,1.7422,5697000.3938,5684885.1767
002045.SZ,20260515,2.5536,1.08,,1.498,0.8234,,634480.9729,633625.6669
603223.SH,20260515,0.9432,0.62,20.4072,1.5816,4.6685,0.4913,646533.1288,646533.1288
920976.BJ,20260515,1.6212,0.74,32.4989,7.2262,6.8805,2.6891,211086.365,131255.81
600267.SH,20260515,2.235,1.02,19.0526,1.4952,1.2978,1.8345,1337817.4947,1337817.4947
001914.SZ,20260515,0.7844,1.07,15.6859,0.9569,0.5355,2.4249,1048451.2587,1048447.4777
920247.BJ,20260515,3.9905,1.1,85.6155,8.2901,8.6248,0.4491,392852.1319,284984.0164
603171.SH,20260515,1.2683,0.6,163.5369,9.063,11.1574,0.3484,2334858.37,2332243.94
000735.SZ,20260515,1.7123,0.99,,1.7236,2.0461,0.3205,718544.4727,718160.0506
603303.SH,20260515,1.4758,1.09,38.4652,2.9468,2.1975,6.8046,949119.7043,949119.7043
002099.SZ,20260515,1.2506,0.65,,1.8575,4.9325,,917811.5485,915909.3258
920726.BJ,20260515,6.3108,1.58,57.1983,3.8263,7.5943,0.9828,175889.1,96730.2772
300997.SZ,20260515,2.1686,1.08,173.8484,8.2248,5.5172,1.0219,818512.8717,742957.9102
600548.SH,20260515,0.1507,0.99,19.2602,0.9687,2.4578,2.7232,2273919.0898,1536125.6808
920080.BJ,20260515,2.8882,0.72,26.3342,3.5583,5.0027,1.9968,207832.0,57531.1553
600381.SH,20260515,7.7393,6.26,,3.1843,10.2656,,311729.2535,311729.2535
600602.SH,20260515,4.693,0.78,155.4842,6.198,4.7752,0.2018,3049911.8047,2395695.6677
002707.SZ,20260515,2.5756,1.23,,6.3749,0.8291,,573905.5793,505152.9348
000603.SZ,20260515,4.1152,1.02,40.0326,6.7589,9.6913,0.2856,2416272.6497,2334840.6892
301002.SZ,20260515,14.6676,1.04,684.9154,7.1006,7.5621,,778719.5687,490449.4507
000042.SZ,20260515,0.9866,0.62,,2.9658,3.5439,,672144.2815,671407.6042
601069.SH,20260515,3.0408,1.23,28.3057,5.1627,1.377,0.1691,2713866.3874,2642934.3717
002205.SZ,20260515,1.8175,0.86,,10.2277,3.4884,,262410.6379,262410.6379
301066.SZ,20260515,4.3314,0.88,105.2499,3.0102,5.1791,0.2998,387858.0563,384875.6222
301238.SZ,20260515,1.322,0.79,48.0623,2.0978,6.8483,0.9465,1549533.2629,1549533.2629
600980.SH,20260515,2.0182,1.16,34.8366,2.9211,3.3152,0.6215,441551.8062,441551.8062
600252.SH,20260515,1.5886,1.23,,1.3674,4.5492,,719620.8538,719620.8538
002136.SZ,20260515,4.8868,0.99,,2.9338,1.8583,,319519.72,318681.2594
300199.SZ,20260515,10.4452,1.26,218.2975,27.8233,21.5928,,2063251.7609,1740711.1515
603080.SH,20260515,6.1456,2.74,15.9474,2.0659,2.0442,2.3609,335638.0,335638.0
002827.SZ,20260515,1.1463,0.51,46.2869,8.1394,4.8068,0.4719,878789.912,875467.9557
688433.SH,20260515,1.5705,0.89,633.5841,19.0795,56.3507,,4051881.0833,4051881.0833
603868.SH,20260515,0.6469,0.95,31.3551,4.6358,4.3996,1.3365,1629579.6,1629579.6
603506.SH,20260515,1.1853,0.92,20.8758,1.9801,1.3069,,245237.7794,245237.7794
300875.SZ,20260515,3.8465,0.66,,4.5361,9.956,,385362.1389,338875.8423
300557.SZ,20260515,3.1118,0.59,95.5622,4.4451,6.1086,0.4129,450595.4492,445077.0287
300691.SZ,20260515,6.3505,2.49,166.1795,2.9683,2.3214,0.4408,488323.5103,400639.6878
300563.SZ,20260515,3.4561,1.03,76.4147,4.997,6.5909,0.7356,575915.6952,405196.9975
301357.SZ,20260515,2.5296,0.68,469.1286,8.8367,45.8414,,1008168.0,1008168.0
002725.SZ,20260515,4.0994,0.78,1937.5056,4.393,6.6177,,428800.0,359051.8811
000010.SZ,20260515,6.9596,0.82,,10.5465,4.8028,,310406.1188,234398.3765
603218.SH,20260515,1.5873,0.88,25.0887,1.2446,2.1291,2.7474,1298229.975,1295325.675
301312.SZ,20260515,8.576,0.67,220.3803,11.5755,22.3922,0.2439,1429931.2216,714522.627
600036.SH,20260515,0.3983,0.94,6.2988,0.8385,2.7868,8.0027,94952718.6878,77667975.7752
603790.SH,20260515,3.5604,1.19,68.5096,4.2572,6.3378,0.4134,555518.08,555518.08
600853.SH,20260515,3.376,1.94,10.7772,1.1435,0.2377,0.9688,418656.467,418656.467
002596.SZ,20260515,3.1082,0.83,,8.4638,4.0891,,449851.5631,449437.9051
603658.SH,20260515,0.416,0.77,18.5525,2.0949,4.5455,3.7511,1919415.7957,1919415.7957
002912.SZ,20260515,1.8492,1.06,148.4415,2.4489,5.2044,0.8532,400242.688,380247.7492
002227.SZ,20260515,1.9662,0.71,,2.4075,7.6051,,221786.5222,220113.4056
300822.SZ,20260515,1.1386,0.87,199.3901,3.7868,5.8987,0.1971,471665.8068,437518.804
601188.SH,20260515,1.7002,1.33,27.7907,0.9746,5.4784,2.1006,441248.8313,441248.8313
300983.SZ,20260515,3.1091,0.94,,3.2244,61.7414,,891820.8,788653.6383
301122.SZ,20260515,6.3678,2.2,344.2846,2.0547,8.9443,0.8033,380428.4877,235393.7277
002010.SZ,20260515,0.8671,0.78,22.6791,0.8219,0.6487,2.7778,1492576.6903,1488955.5032
601611.SH,20260515,1.3861,0.93,33.4454,1.7386,0.4105,0.8006,3914970.6414,3914970.6414
600693.SH,20260515,7.4934,1.19,171.9664,2.4394,4.7313,0.7905,880284.401,879380.2154
002940.SZ,20260515,28.7811,2.27,68.5644,5.2979,6.1438,0.506,872070.9481,800942.995
000039.SZ,20260515,1.9835,0.94,,1.4001,0.4268,1.4509,6541127.227,2791606.862
002508.SZ,20260515,0.7808,0.94,13.8514,1.4342,1.6929,5.5804,1693330.5375,1672924.8023
603020.SH,20260515,2.3242,0.58,46.693,1.2633,1.6421,1.6544,408693.8981,408693.8981
688809.SH,20260515,18.6449,1.85,118.8129,14.0097,48.3799,,5856209.9193,1100780.3598
300515.SZ,20260515,1.7503,0.77,18.2756,3.5756,5.075,1.7465,344844.542,338146.0309
688562.SH,20260515,2.7024,0.68,,4.3913,6.1108,,732000.0,316626.6
301338.SZ,20260515,6.6826,0.79,96.907,12.4684,16.3008,0.1005,2117360.0,1055197.5
000911.SZ,20260515,1.7653,0.58,,,0.9491,,237789.9719,237789.9719
601555.SH,20260515,1.0896,0.82,12.0474,0.9291,5.089,4.5844,4064398.9207,4064398.9207
002980.SZ,20260515,21.4814,1.43,234.8028,16.1501,23.4544,0.5395,1823364.9673,975090.3726
600425.SH,20260515,1.355,1.1,20.6657,0.9782,1.6225,2.5445,630648.5569,630648.5569
300548.SZ,20260515,7.0417,1.25,195.3576,35.0594,27.5079,0.0318,7330138.3819,6769704.9319
001336.SZ,20260515,4.6441,0.87,53.7876,2.9699,5.1649,0.4923,243290.5845,149301.508
002072.SZ,20260515,2.8441,1.2,,11.6787,5.7419,,269877.12,269768.3412
000155.SZ,20260515,2.2869,0.63,54.8867,2.72,7.3354,1.0739,2922484.4854,2922484.4854
600327.SH,20260515,1.2509,1.02,,1.1874,1.1039,0.7817,335331.4373,335331.4373
600859.SH,20260515,1.2292,0.93,,0.672,1.3093,0.6885,1306008.3147,1305888.2104
601718.SH,20260515,0.9535,0.53,,0.8147,1.4839,,985601.7077,985601.7077
002311.SZ,20260515,0.7666,0.73,20.1591,3.2059,0.594,2.7615,7832018.4818,7826170.0269
688001.SH,20260515,3.1331,0.72,233.8761,7.1103,11.3395,,2651254.8539,2651254.8539
600266.SH,20260515,1.6483,0.75,,0.5667,0.3291,1.002,1035796.01,1035796.01
688750.SH,20260515,1.8837,0.98,142.3847,3.4246,13.3555,0.4585,847300.0,426706.3732
603655.SH,20260515,2.6124,0.55,100.396,7.527,16.2248,0.4605,433434.0,433434.0
603267.SH,20260515,3.8189,0.75,45.3328,2.8699,7.4585,0.4802,1296594.885,1296594.885
603008.SH,20260515,8.0147,0.86,22.2993,0.8527,0.3418,9.8826,299790.0421,299790.0421
920118.BJ,20260515,3.4494,0.82,33.7718,1.947,0.6927,4.4375,114694.998,69510.1238
301359.SZ,20260515,4.4811,1.39,82.6675,3.3201,8.3105,1.5038,285418.0,168974.1915
603153.SH,20260515,0.5063,0.52,16.8377,1.6169,1.2558,1.6385,628317.0755,618994.9991
002555.SZ,20260515,2.2277,0.8,14.4425,3.2124,3.0155,4.7237,4656760.3185,3341390.3771
300830.SZ,20260515,4.5128,1.01,,3.7265,15.3227,0.2107,490030.2105,365736.9776
002811.SZ,20260515,2.0307,1.08,24.8063,2.8213,2.756,3.295,409600.1067,375840.6541
301499.SZ,20260515,10.3991,0.71,95.6774,4.0184,5.3955,0.3213,524953.7262,131238.4334
002667.SZ,20260515,10.1084,106.5,,,14.5669,,587894.424,533794.416
002523.SZ,20260515,1.1049,0.83,46.3087,2.1493,2.5639,0.4,531240.3,529328.5061
600272.SH,20260515,1.5812,0.92,140.1907,4.0589,2.8485,0.3198,322536.5885,196480.0
600969.SH,20260515,3.1043,0.56,50.2024,1.0592,0.9185,,385592.6043,385592.6043
300439.SZ,20260515,1.2119,0.73,57.7892,1.2877,2.4962,1.3474,384703.1338,292624.3831
600022.SH,20260515,0.9449,1.27,,0.7849,0.2354,,1476441.2385,1476441.2385
688146.SH,20260515,22.4179,1.27,213.9648,13.1321,31.5072,0.1189,7705588.2396,2110050.6053
688698.SH,20260515,6.9878,2.46,63.5618,6.7552,7.9764,0.549,1617156.0803,1617156.0803
603363.SH,20260515,5.4521,2.68,,2.941,1.0239,,911036.6391,750094.1158
300007.SZ,20260515,10.2221,1.79,92.4638,5.2143,6.6417,0.085,1540631.6374,1331262.2897
000595.SZ,20260515,2.7905,1.4,79.0289,17.8784,10.5711,,865378.8382,865378.8382
300856.SZ,20260515,1.9549,1.12,67.3868,2.4875,4.2951,1.5006,679281.3544,656502.4696
603283.SH,20260515,9.0855,1.38,32.6859,4.6587,4.8379,0.6637,1659585.082,1659585.082
002859.SZ,20260515,3.0134,0.95,94.9874,7.2244,10.1256,0.4219,2221248.0518,2090787.8352
000557.SZ,20260515,0.655,1.24,23.5371,1.0273,4.8052,1.1111,656268.6308,656062.2891
688500.SH,20260515,11.2711,2.27,,6.0951,8.3076,,442895.2482,431244.1826
002255.SZ,20260515,3.315,0.9,20.279,1.9758,3.8476,0.8503,905660.35,695389.7449
002059.SZ,20260515,0.8925,1.09,,4.3833,12.7844,,463695.1444,450235.0946
301006.SZ,20260515,2.8479,0.94,27.3863,1.8191,6.0133,1.1474,239840.16,144339.5898
002793.SZ,20260515,2.3093,0.71,,5.073,2.3507,,557932.8933,557083.9465
688025.SH,20260515,6.0933,1.43,110.2327,15.6075,15.6878,0.1061,3752551.22,3752551.22
920252.BJ,20260515,2.6679,0.8,302.2066,9.545,6.4194,0.239,253444.4919,168462.9291
002830.SZ,20260515,4.7072,0.8,71.3804,4.5195,4.3795,1.0632,308948.78,154897.2425
601515.SH,20260515,2.2471,0.66,,1.8303,6.7465,,896803.3327,896803.3327
002696.SZ,20260515,2.2047,0.89,134.1016,1.6652,0.5351,,226123.2677,218605.3324
002900.SZ,20260515,2.0586,0.85,,2.0389,4.4269,1.7575,360011.4779,183357.2912
002741.SZ,20260515,6.6813,0.91,88.4352,5.4763,3.1674,0.4388,1059785.8445,971670.372
603656.SH,20260515,1.3585,0.85,107.301,2.6394,5.422,0.257,350340.3606,350340.3606
600844.SH,20260515,5.0378,1.07,,67.9007,4.3659,,355783.484,287955.7219
600033.SH,20260515,0.8965,1.05,10.1441,0.7717,3.196,2.8249,971517.6,971517.6
688398.SH,20260515,1.488,0.68,360.0235,5.1822,5.3779,0.3131,533145.7293,533145.7293
300498.SZ,20260515,0.867,0.82,45.7151,2.5362,0.9645,3.3054,10034122.5056,8971548.6209
601168.SH,20260515,3.0853,0.99,16.4295,3.6398,1.1372,3.4121,7263384.0,7263384.0
301388.SZ,20260515,2.49,0.67,149.6511,3.4014,6.7905,0.3058,335003.652,237673.5277
688133.SH,20260515,2.925,1.31,,1.3527,1.4718,0.3128,368009.9545,368009.9545
002648.SZ,20260515,2.2079,1.31,16.144,2.6681,2.0379,1.7742,9459157.0975,9453082.8179
920576.BJ,20260515,1.6332,0.44,620.1882,17.1869,15.6501,0.2835,768642.25,754039.4865
603151.SH,20260515,1.3387,0.97,29.7559,1.8687,0.4261,1.3143,258551.1386,258551.1386
002785.SZ,20260515,4.8136,0.9,,15.7582,11.6117,,1253206.9134,1070027.4772
300209.SZ,20260515,17.3558,1.03,,26.8961,103.0696,,2414453.9276,1909855.5736
600037.SH,20260515,1.6226,1.02,161.1452,0.852,4.4457,0.3453,1088370.3053,1088370.3053
920262.BJ,20260515,1.9616,1.08,33.7567,3.7432,2.1946,0.5088,135850.842,61298.0353
002247.SZ,20260515,3.163,0.95,53.5953,3.5558,2.9822,,239094.4838,180834.9288
688232.SH,20260515,0.7402,0.89,135.5085,1.3259,3.8925,1.6282,711902.1467,711902.1467
601689.SH,20260515,5.439,2.03,43.9454,4.9425,3.9921,0.7422,12152684.2109,12152684.2109
300705.SZ,20260515,1.2151,0.78,15.2524,2.2866,2.046,2.4962,615858.3761,454101.0898
002624.SZ,20260515,3.7877,0.77,58.4164,4.3061,5.3446,1.4092,3103949.4464,2924372.8656
002345.SZ,20260515,1.8252,0.88,15.1071,2.1468,0.903,3.6008,863634.3512,842946.9428
300087.SZ,20260515,1.7803,1.14,,4.5157,1.7593,0.618,766391.3866,729957.3831
688620.SH,20260515,4.8291,1.08,,4.2018,9.1548,,535472.0,317347.0983
688683.SH,20260515,0.8599,0.75,156.2787,5.8091,6.2407,0.1444,702225.3102,676420.5925
600283.SH,20260515,0.7222,0.74,25.008,1.5737,1.9374,2.8027,500255.809,485397.1326
600063.SH,20260515,1.6949,1.09,29.7711,1.5915,1.6932,2.1664,1346988.2983,1346988.2983
002961.SZ,20260515,2.6295,1.14,17.7737,2.8961,9.5769,1.4212,1189948.9153,1189943.3016
002670.SZ,20260515,0.8961,0.93,117.6017,2.1166,11.5228,,2399504.9697,2012954.7862
920146.BJ,20260515,1.2559,0.82,,4.9846,3.886,,91388.5299,72532.3258
688076.SH,20260515,0.614,0.49,31.9766,3.1739,5.1235,1.8191,988926.3857,988926.3857
300519.SZ,20260515,2.3344,0.91,45.1125,2.9245,9.7015,1.8987,252800.0,180278.0
300468.SZ,20260515,3.4972,0.98,203.6805,9.0503,22.3644,0.2171,1466714.5961,1464338.5843
300123.SZ,20260515,5.2943,0.74,,16.6641,8.3001,,520113.5686,505956.3749
920924.BJ,20260515,2.4099,0.74,146.7341,6.5061,4.3469,0.2557,210193.8435,128064.0242
300188.SZ,20260515,1.646,1.05,,4.2383,7.7766,,1058016.5686,1053131.0743
603118.SH,20260515,17.6254,1.46,156.8966,2.4718,1.3448,,1254131.3148,1254131.3148
300781.SZ,20260515,5.3603,1.1,,10.5074,8.9719,,578389.7228,426767.3456
002999.SZ,20260515,3.1354,0.73,44.3614,1.9446,0.1759,1.7997,239490.888,236701.7299
603021.SH,20260515,3.152,1.07,,,6.2106,,224603.5451,224603.5451
000936.SZ,20260515,5.0495,0.98,278.4495,1.3623,1.9301,0.5096,695520.1163,695421.5595
605287.SH,20260515,7.0848,0.89,112.4724,4.2638,1.9774,,674240.0,674240.0
002593.SZ,20260515,2.1714,1.05,32.2714,1.6711,1.1197,0.9728,413183.0269,288099.2251
688589.SH,20260515,3.1955,1.07,818.58,3.6897,10.6184,1.0335,350532.3854,350532.3854
000032.SZ,20260515,1.8425,0.78,,3.0254,0.452,0.6111,2234714.7529,2092707.0313
600518.SH,20260515,1.4267,1.27,,3.0801,4.4514,,2240281.2638,2239221.0545
603036.SH,20260515,2.3483,0.92,33.9971,2.4053,7.8302,1.2158,338879.9111,338879.9111
920018.BJ,20260515,4.916,0.86,33.2462,3.8607,1.2668,0.3531,360597.3252,125241.8016
600178.SH,20260515,0.8338,0.62,,1.8976,0.8547,0.0484,481869.8743,481869.8743
002474.SZ,20260515,13.8056,1.23,,3.8826,11.0015,,512070.6,435228.8652
300238.SZ,20260515,2.6951,1.16,178.1905,6.0334,9.0582,,350005.5253,349976.9882
002162.SZ,20260515,1.4329,0.89,331.2653,4.7402,3.596,,387194.1063,386686.0249
920693.BJ,20260515,3.9144,0.85,,6.4529,7.0839,0.2236,227551.0,114589.3
002554.SZ,20260515,2.3063,0.81,,2.3608,1.8919,,450797.3843,450713.1642
688790.SH,20260515,14.5899,0.97,,5.7531,8.1588,,1563443.7551,189401.8961
601158.SH,20260515,0.2293,1.0,24.7646,1.1899,2.7547,3.6175,2083211.0036,2083211.0036
603897.SH,20260515,7.8316,1.2,38.2901,4.6078,0.8934,3.1802,1168425.9545,1168425.9545
600539.SH,20260515,11.8743,0.73,,12.5838,8.6408,,378120.0,378120.0
001299.SZ,20260515,3.793,0.92,35.3997,3.2694,5.2345,4.2256,367003.3384,330398.3224
002406.SZ,20260515,12.2408,1.75,35.6151,1.4949,3.7655,1.7794,615579.7441,507665.473
300121.SZ,20260515,6.6638,1.32,30.192,1.6373,1.7098,1.0476,588157.5578,567186.8599
003011.SZ,20260515,3.7239,1.05,27.7458,1.7209,1.9832,2.553,238927.052,178818.5593
688334.SH,20260515,1.978,0.75,25.7637,2.1833,7.3852,1.808,649621.0642,321968.4403
000021.SZ,20260515,10.0734,1.14,44.1978,3.9662,3.29,0.5596,5299001.5043,5298224.9681
688371.SH,20260515,4.7288,1.0,4630.4341,6.3624,24.9038,,1243596.0237,1243596.0237
603360.SH,20260515,3.0164,0.91,83.9337,10.2674,9.6626,2.0906,1447758.4907,1447758.4907
002928.SZ,20260515,2.2727,0.87,14.5929,2.4859,1.3181,,989358.9597,989353.9481
688515.SH,20260515,12.8453,0.88,,11.2622,24.3932,,1652000.0,1028770.61
000875.SZ,20260515,2.4061,0.93,144.5508,1.3642,1.863,0.8623,2397625.8838,2209312.7616
600521.SH,20260515,1.542,0.63,66.2822,2.5747,2.8916,1.5062,2473460.5287,2473460.5287
300215.SZ,20260515,4.5564,0.69,229.3401,3.2956,11.644,0.0571,656206.5078,656206.5078
001306.SZ,20260515,10.341,1.76,,3.5146,5.8224,0.2239,451330.1586,111303.8843
300884.SZ,20260515,2.5226,0.94,258.9189,2.5254,4.8568,,323421.2327,243856.1948
688488.SH,20260515,1.3346,0.87,,7.0382,9.8076,,685875.977,685875.977
002663.SZ,20260515,2.7756,0.81,,2.0165,2.1965,,389476.8519,385808.2567
600221.SH,20260515,0.8383,0.53,19.011,9.3837,0.9411,,6525560.5128,6469672.7549
002572.SZ,20260515,1.7833,1.05,13.6972,1.5824,1.317,8.2645,1165287.0684,788270.9802
002112.SZ,20260515,9.9619,0.68,373.8299,7.0161,2.8655,0.3022,607086.966,540932.1912
600187.SH,20260515,3.1494,0.59,,0.7758,10.4255,,230770.6977,230770.6977
002759.SZ,20260515,12.9309,1.16,60.6211,5.2393,5.3168,,1826536.83,1824930.9519
000716.SZ,20260515,5.088,1.28,,1.551,1.5941,0.9605,392252.5901,384857.1446
603519.SH,20260515,2.4692,1.17,22.853,2.8206,2.1375,7.4134,355813.9929,355813.9929
300925.SZ,20260515,2.6615,0.77,78.2583,3.4625,1.4324,0.3525,777678.0262,634035.5728
300153.SZ,20260515,9.5625,1.09,177.2027,10.858,5.0462,,1017600.0,1012289.7752
688035.SH,20260515,6.7761,1.12,100.5902,4.8899,7.0576,0.4257,1155557.76,1155557.76
301025.SZ,20260515,2.0662,0.79,397.5432,7.0948,12.8775,0.2712,442742.1964,306528.7184
002083.SZ,20260515,2.5862,0.75,20.7085,2.0407,1.8968,1.3651,996810.8796,996478.3422
301311.SZ,20260515,1.1758,1.04,,2.3328,2.156,0.3241,399840.0,399840.0
600335.SH,20260515,1.3358,1.96,21.7331,0.7702,0.2623,1.8303,898969.0039,898969.0039
000301.SZ,20260515,0.4691,1.24,70.2674,2.4782,0.6762,,8607822.4118,8603780.4231
920002.BJ,20260515,8.8592,1.31,75.6408,6.045,12.4112,0.357,449705.8327,314824.0422
002164.SZ,20260515,13.5651,3.27,37.6783,4.7831,5.1654,,760476.2016,685598.6793
301077.SZ,20260515,3.798,0.58,40.3403,4.3041,6.3935,2.7888,516359.6649,289642.3816
300248.SZ,20260515,2.0127,0.94,77.4549,2.13,4.739,0.8316,458247.1541,393498.9023
605298.SH,20260515,2.1669,1.67,202.6627,10.8468,20.8299,0.2427,1160913.0,1151031.18
603948.SH,20260515,3.0002,1.79,19.4133,2.0485,2.2096,3.5881,452857.3084,452857.3084
002796.SZ,20260515,9.6613,1.0,,13.9386,12.2445,,1174263.409,1059526.2686
600655.SH,20260515,0.3774,1.14,,0.6091,0.4902,4.0288,1825562.93,1824337.902
600307.SH,20260515,1.1173,0.83,,1.9669,0.3399,,1045980.6898,1045980.6898
601006.SH,20260515,0.6628,0.96,19.1126,0.6569,1.3926,4.059,10919770.3221,10919770.3221
603828.SH,20260515,1.6721,1.1,,6.8086,2.6949,,348636.6924,348624.6806
603955.SH,20260515,1.2149,0.75,,2.3669,7.7208,0.2006,338214.24,338214.24
002763.SZ,20260515,6.9557,0.97,48.4836,2.1575,1.1292,13.382,336957.528,249570.8724
603711.SH,20260515,1.8052,0.91,29.8798,1.7308,1.9222,1.6656,619724.0241,619724.0241
600982.SH,20260515,9.9884,1.0,18.5899,1.5407,1.8105,2.3847,702987.6881,702987.6881
300921.SZ,20260515,9.0885,0.93,174.9611,6.2555,9.2884,0.2506,519779.2932,324374.6175
920275.BJ,20260515,0.9162,1.14,295.2064,4.7735,14.0057,0.8571,111564.32,92340.1647
300953.SZ,20260515,6.6709,1.37,55.0305,8.3937,3.6403,0.0645,3972466.5622,2852257.489
600246.SH,20260515,11.461,1.8,,5.6614,56.998,,2586116.3306,2516139.0056
600739.SH,20260515,0.9205,1.25,18.4679,0.589,1.8408,0.1754,1736220.6412,1736220.6412
300790.SZ,20260515,10.0322,0.72,50.0002,4.6772,3.5422,0.4384,1270133.9405,1102091.3946
300054.SZ,20260515,6.8684,1.04,79.5762,12.0954,17.1315,0.143,6606155.5785,5143449.024
688049.SH,20260515,4.6343,0.95,41.2209,4.17,9.0213,0.5819,873210.7353,873210.7353
301069.SZ,20260515,6.3419,2.73,76.6461,4.6229,10.1657,0.1974,1065412.6124,1003346.2124
688130.SH,20260515,13.4311,2.58,,2.9089,19.6981,,359771.8957,179408.4397
688319.SH,20260515,3.432,1.06,281.5819,17.098,20.5507,,1591596.0147,1590420.6839
688395.SH,20260515,2.8442,0.81,64.2909,3.4736,5.9199,0.471,275813.7382,275813.7382
600963.SH,20260515,1.4993,0.74,,1.0099,0.9024,0.6897,768057.1522,768057.1522
688720.SH,20260515,12.4132,1.21,151.9283,7.7277,12.8427,,806596.2728,516029.3149
600284.SH,20260515,2.7869,0.72,24.8243,0.8773,0.5188,2.4965,699554.576,699554.576
000651.SZ,20260515,0.887,1.09,7.732,1.4841,1.3125,7.4262,22562462.3247,22242654.1613
300931.SZ,20260515,7.4796,1.22,,6.8642,10.25,,412904.358,331961.3823
688358.SH,20260515,1.2192,0.52,30.8154,2.6246,8.5579,3.9054,372593.412,372094.962
605277.SH,20260515,1.8419,0.86,34.7506,4.337,1.8734,0.6427,756835.6153,743162.8531
605167.SH,20260515,1.6124,1.11,40.5726,4.2586,3.6037,0.5719,877090.9407,877090.9407
603650.SH,20260515,3.8442,1.32,60.6703,8.2103,9.7953,0.84,3547405.7413,3538137.7681
920469.BJ,20260515,14.5347,1.29,,4.249,4.2681,0.576,122341.128,89793.0046
300804.SZ,20260515,11.1265,0.88,161.5712,2.722,5.1111,,372072.0,138270.0
601696.SH,20260515,1.9136,1.38,29.4213,1.7124,9.3101,0.3219,3314154.0,3314154.0
001356.SZ,20260515,4.535,1.61,99.0985,3.4697,3.3597,0.3169,706594.68,240575.4533
002582.SZ,20260515,5.2988,0.64,2.803,1.062,3.8235,8.0337,543069.6718,417562.6081
001298.SZ,20260515,4.6082,0.63,86.4785,6.1141,1.0431,0.2053,1017272.9915,958250.5417
688510.SH,20260515,2.1999,0.6,95.5165,7.0992,12.5644,,871995.9629,871995.9629
301528.SZ,20260515,3.2253,1.13,75.0103,2.8803,20.9251,0.2224,450879.6,232366.294
301167.SZ,20260515,3.6966,1.0,91.1137,2.0138,5.4393,0.3474,193424.0,122552.5328
001286.SZ,20260515,2.0581,0.96,13.4885,1.5673,1.8307,3.1332,4308750.0,1551149.7702
600203.SH,20260515,3.7655,0.85,195.4411,4.5246,0.4714,0.1589,746571.9952,746571.9952
000852.SZ,20260515,1.6139,0.96,,2.1431,0.9586,,670133.35,663057.1945
002390.SZ,20260515,1.6145,1.25,47.9501,0.8954,1.1252,1.8583,612313.3384,607254.0576
300708.SZ,20260515,6.9403,1.23,51.3994,3.1012,3.162,0.3165,890091.5565,673093.5128
301171.SZ,20260515,23.2457,1.27,693.7832,7.3621,6.7968,0.0615,2679819.7147,2170118.9526
301662.SZ,20260515,5.1385,0.89,116.3401,8.9058,6.1473,0.5799,1379600.0,530337.4854
001309.SZ,20260515,13.2325,1.27,39.3624,24.7263,9.4597,0.0562,16152771.9235,11487409.0625
603416.SH,20260515,7.5148,2.07,38.3741,3.6557,4.8211,2.2734,1007415.7762,892699.695
000550.SZ,20260515,0.8243,0.8,13.0266,1.3221,0.3956,3.8612,1591766.616,956046.067
300173.SZ,20260515,1.3746,0.72,,3.6111,2.5925,,293155.5535,293155.5535
002455.SZ,20260515,8.2985,1.09,,2.6347,1.2518,,722462.5,660811.973
600512.SH,20260515,1.9117,0.96,308.6677,0.5872,0.7348,0.8772,363388.9032,361928.3772
601877.SH,20260515,2.6223,1.31,15.0166,1.5201,1.0495,1.8603,6915382.1648,6915382.1648
600126.SH,20260515,3.9139,0.94,437.2405,1.5462,0.6594,,3005698.2839,3005698.2839
300151.SZ,20260515,6.4547,1.1,162.9946,6.7667,10.567,0.4096,1039990.9793,719986.8749
000726.SZ,20260515,1.4422,1.03,9.5271,0.524,0.8841,3.1835,513406.0812,370103.3063
002813.SZ,20260515,3.2507,1.12,,14.5182,8.3751,,299760.0,299400.4754
002274.SZ,20260515,2.4681,1.2,,1.135,0.9127,4.7695,599037.3623,589907.1028
601228.SH,20260515,0.464,1.16,29.9813,1.1036,1.7598,1.2381,2376527.3756,2376527.3756
601326.SH,20260515,0.4576,0.95,11.7404,0.9136,2.6871,2.5074,1894132.668,1612812.501
002606.SZ,20260515,10.4704,0.73,27.8682,3.5535,3.5422,0.1926,699882.7127,671300.4357
920703.BJ,20260515,1.6584,1.18,22.2904,1.5307,4.6699,2.4866,173181.876,87628.6539
002543.SZ,20260515,0.5569,0.89,51.484,1.2359,0.8404,3.2288,597110.8,531279.3351
002642.SZ,20260515,4.3212,0.45,286.2533,4.805,2.8424,,570943.8101,570943.8101
688123.SH,20260515,13.0495,1.0,87.4696,10.0521,20.8014,0.4294,2579818.0172,2579818.0172
688777.SH,20260515,3.9073,1.33,157.9307,6.2342,7.8469,0.8918,6255144.4005,6223596.2032
920078.BJ,20260515,20.2166,0.52,47.6136,3.8762,4.54,,383520.0,66157.2
301339.SZ,20260515,0.7628,1.02,32.4599,2.6108,6.7834,2.9927,734121.6498,720797.0
603808.SH,20260515,1.627,0.71,21.5012,1.3797,1.2186,0.5128,354639.9022,354639.9022
688280.SH,20260515,2.9423,0.6,365.4083,5.9491,1.4471,,383644.0836,338353.6943
920160.BJ,20260515,3.4358,0.74,32.0097,4.8118,13.6541,,269266.56,60584.976
600048.SH,20260515,0.8221,0.5,,0.3832,0.2481,2.7135,7433645.3626,7433645.3626
000881.SZ,20260515,1.4772,0.89,,1.4931,1.3335,,743104.6906,710333.6279
300335.SZ,20260515,8.4988,0.87,77.5794,1.6429,3.0861,1.5038,317213.238,255465.9604
300811.SZ,20260515,3.7828,1.11,67.3536,9.3198,15.2772,0.1982,2915695.5156,2390826.0676
603262.SH,20260515,2.8322,1.06,91.7786,6.6638,9.7969,,1046426.16,104660.928
601020.SH,20260515,3.6017,0.89,26.2195,5.2171,11.0454,0.1462,2243423.4137,2243423.4137
603578.SH,20260515,3.1147,0.86,,2.4838,2.212,,352027.0883,271256.9761
000838.SZ,20260515,6.3997,1.22,,,10.5556,,216791.0475,207591.8734
603052.SH,20260515,9.7834,2.54,,20.0154,22.5686,0.1555,2132070.4589,2132070.4589
920168.BJ,20260515,7.381,1.27,23.2463,1.9989,2.4422,,163502.145,61279.568
300748.SZ,20260515,5.3281,1.15,66.0524,6.66,6.0928,1.129,4873712.8793,4003702.2883
001326.SZ,20260515,5.6067,1.14,148.7743,3.4466,2.7154,0.4811,426024.0,140281.3748
001279.SZ,20260515,6.3627,0.8,135.7188,5.2428,3.4747,0.5619,533920.0,133480.0
002126.SZ,20260515,2.6167,0.67,43.624,5.592,2.5342,0.2376,4183221.6005,3923423.7302
301479.SZ,20260515,6.4716,0.73,57.6312,8.0933,6.1322,0.9004,1058598.4974,606006.8245
920735.BJ,20260515,2.0121,1.3,13.912,2.6016,3.1202,1.3712,342234.206,302680.594
600366.SH,20260515,3.0767,1.06,35.7736,2.3089,2.5121,0.3668,1467219.8031,1467219.8031
600350.SH,20260515,0.1249,0.97,16.4008,1.7286,2.2018,3.8286,5303524.195,5303524.195
688320.SH,20260515,10.1791,2.26,,5.2269,5.9823,,634257.4056,634257.4056
688819.SH,20260515,0.4609,0.6,20.7264,1.5069,0.5702,1.5395,2582869.7,2582869.7
688170.SH,20260515,13.7771,1.65,453.4147,6.1779,9.8134,,761143.04,761143.04
600601.SH,20260515,6.161,0.59,85.4265,10.9493,9.6234,,5342178.6088,5212866.6088
603778.SH,20260515,8.5212,0.68,,51.0189,17.5577,,1440211.9058,1402714.2838
603381.SH,20260515,7.5452,0.88,,1.6871,0.536,2.3549,564195.5432,338003.4173
002340.SZ,20260515,3.2084,0.8,27.1229,1.9786,1.1477,0.7796,4316596.2732,4294280.6722
688330.SH,20260515,1.2835,0.74,8.8607,1.2731,9.8853,0.8436,559020.0,559020.0
002927.SZ,20260515,4.5782,1.08,,4.3441,5.1794,0.2551,437456.6728,432592.8995
301392.SZ,20260515,15.9246,0.88,455.2358,24.9031,38.8185,0.1591,1885800.0,769329.2896
002014.SZ,20260515,0.4327,0.79,15.8844,2.7222,1.8318,2.454,698853.2191,687674.234
300902.SZ,20260515,2.3913,1.01,,3.8666,10.8886,,313610.8115,215272.1237
001213.SZ,20260515,0.266,0.93,46.7416,0.9094,1.4964,2.0558,1751111.1109,1751111.1109
002851.SZ,20260515,5.4294,1.01,486.499,8.3074,7.5473,0.0367,7452394.3363,5869530.8869
300447.SZ,20260515,4.1803,0.68,217.8687,2.9859,7.1178,0.3121,594326.6436,383364.7069
002761.SZ,20260515,1.105,0.88,40.2282,1.2902,0.141,0.4803,1126140.9484,919520.5778
600072.SH,20260515,2.7763,0.92,,2.5846,1.7239,0.2299,1965851.1188,1419171.884
002343.SZ,20260515,2.2056,0.85,,2.9345,13.2498,,280418.7293,280418.7293
002334.SZ,20260515,7.7913,0.65,51.9392,2.4327,1.6432,0.6488,743757.5024,664450.933
600745.SH,20260515,0.4964,2.04,,1.0158,1.2243,,2322554.5596,2322554.5596
000777.SZ,20260515,2.104,0.94,47.7998,3.0622,4.6602,0.9939,752265.3175,752252.0426
920651.BJ,20260515,1.4479,0.66,20.8394,2.887,4.5198,2.682,159210.0,108229.8435
600740.SH,20260515,1.5676,0.93,72.9658,0.6478,1.6552,0.5195,986416.6443,986416.6443
000811.SZ,20260515,5.6986,1.02,55.9148,5.0317,4.5009,0.3484,3287087.0863,3240446.4955
603500.SH,20260515,1.5868,0.95,24.471,3.1378,4.0973,1.2783,338447.6802,338263.4232
600354.SH,20260515,4.6152,1.34,101.3531,4.1465,2.6057,,310347.623,310347.623
605006.SH,20260515,10.0506,0.92,,3.5078,3.2295,,879070.8679,879070.8679
300512.SZ,20260515,1.2026,1.11,119.9651,2.2922,3.1369,0.6454,374861.4355,296698.9961
300191.SZ,20260515,7.4968,1.1,180.0942,10.7792,15.3875,,1246400.0,861554.525
300807.SZ,20260515,4.8796,0.45,,7.7323,23.9954,,346865.8145,264790.0639
300582.SZ,20260515,12.6242,1.31,,5.7996,2.1482,0.2195,509900.3215,378432.3266
600895.SH,20260515,3.7488,1.74,69.5655,3.9456,14.1897,0.6318,5392537.0131,5392537.0131
603933.SH,20260515,8.6424,1.35,98.6417,4.1511,2.3182,0.224,555804.3719,555804.3719
605566.SH,20260515,3.6048,0.67,84.7488,2.3427,5.554,0.2785,476157.14,476157.14
300219.SZ,20260515,5.0055,1.51,56.8797,2.2124,1.3072,1.411,576973.9574,575912.265
002338.SZ,20260515,3.3589,1.12,156.134,10.5654,17.7546,0.0943,1527120.0,1527120.0
301396.SZ,20260515,7.6379,0.62,1394.2912,39.4734,40.5203,0.0269,4887538.1438,3217970.3974
000783.SZ,20260515,2.8047,0.58,11.1309,1.2701,4.1037,1.773,4678441.714,4678441.714
000987.SZ,20260515,0.9973,0.98,10.0833,1.2597,11.3292,3.0987,4194322.7382,4191156.1174
002265.SZ,20260515,1.2041,0.6,102.5594,6.1221,4.9081,,2387356.3806,2387356.3806
603901.SH,20260515,2.9723,1.15,44.7372,2.1706,1.835,0.0968,750935.7873,703466.6419
001366.SZ,20260515,4.0464,1.22,,3.1068,1.7617,,250018.08,250018.08
601608.SH,20260515,1.3796,1.18,70.5715,2.8424,3.2995,0.4889,2679038.7606,2679038.7606
000886.SZ,20260515,1.5247,0.7,35.5316,1.6184,6.9018,,514190.716,508470.377
601968.SH,20260515,0.8012,0.8,32.0677,1.3797,0.6809,1.5474,627683.4943,627683.4943
000801.SZ,20260515,1.8544,0.82,79.8942,4.4142,3.1936,0.7438,1375087.3989,1374604.8975
601021.SH,20260515,0.4777,0.67,16.8806,2.3753,1.9935,2.7456,4427937.0725,4427937.0725
000665.SZ,20260515,1.684,0.9,,1.6781,3.7128,,535597.4121,535583.4164
688545.SH,20260515,14.4153,0.92,153.324,11.0538,20.9165,0.2158,3336120.0,1688910.75
688295.SH,20260515,1.2693,0.58,287.4365,10.3951,20.9429,,4940100.0,4940100.0
688626.SH,20260515,1.4024,0.82,121.3201,4.643,12.6095,0.3788,976960.0,976960.0
688775.SH,20260515,5.848,0.77,103.0797,14.8762,7.9406,,8629520.0,705856.0
300900.SZ,20260515,14.666,0.86,,7.2534,14.2252,,1404281.6312,1100323.5493
603798.SH,20260515,3.8747,0.71,112.8107,3.9238,5.3952,0.2073,487254.335,487254.335
600862.SH,20260515,1.2714,0.71,30.1995,3.5187,5.9523,1.2431,2790277.3613,2790277.3613
300159.SZ,20260515,3.6834,1.03,100.5165,5.1,21.4666,,1424752.3064,797736.3389
000034.SZ,20260515,6.2015,0.79,54.596,2.6283,0.1939,,2957259.9364,2469807.1525
600721.SH,20260515,1.6793,0.63,116.9114,3.9226,8.6757,0.4944,311099.0367,311099.0367
002608.SZ,20260515,1.1125,0.89,9.0736,0.8559,0.8612,1.2315,3067800.7196,3067800.7196
920509.BJ,20260515,4.2434,1.12,75.4785,13.9669,22.4759,0.7532,532535.5221,278999.8709
600641.SH,20260515,9.4694,1.34,,3.2989,12.4603,0.1441,2734548.777,2687659.209
600993.SH,20260515,1.0176,0.77,18.6289,2.3955,2.8136,2.4295,1100049.5298,1098143.5048
601139.SH,20260515,1.527,1.19,13.028,1.1384,0.6456,2.4502,1878513.2456,1878513.2456
300410.SZ,20260515,7.403,1.22,92.8134,13.4842,3.9947,,371887.2894,371887.2894
300301.SZ,20260515,1.1306,0.59,,40.6824,7.6725,,295433.2818,281168.5754
300285.SZ,20260515,8.0912,1.04,63.525,5.4348,8.3875,0.506,3918399.8151,3354917.7002
300458.SZ,20260515,5.1753,0.97,95.8404,11.3501,11.4397,0.461,3580703.9817,2862733.5239
605090.SH,20260515,3.4687,0.71,21.9117,2.6754,1.6001,2.5804,3085560.0074,3079487.3771
688686.SH,20260515,2.2222,1.12,77.8065,4.8786,11.0059,0.437,1495428.5565,1495428.5565
002057.SZ,20260515,2.9427,1.09,40.9279,2.2501,2.2973,1.2731,734282.7296,733727.7474
002233.SZ,20260515,0.8582,1.18,16.2388,0.8598,2.49,5.6202,1000376.2328,999628.4324
688332.SH,20260515,2.646,0.81,11.6056,2.9999,8.419,0.7596,1583816.1606,1583816.1606
300726.SZ,20260515,8.7084,1.06,51.4958,4.3548,11.7733,1.0903,2266354.667,1180054.6418
603124.SH,20260515,4.0892,1.03,66.8253,9.0362,1.5518,0.3095,1742383.854,927813.3236
301382.SZ,20260515,8.107,0.8,90.5174,7.3296,6.3282,0.1559,1400266.9064,865657.7992
301515.SZ,20260515,2.0772,0.94,,1.9311,3.1639,0.4871,236600.0,155139.9213
300279.SZ,20260515,4.0769,0.7,102.4072,3.5868,2.1302,,375139.3088,373486.2029
301529.SZ,20260515,13.1016,1.6,101.9045,9.8078,8.1745,0.2541,1381149.7788,736482.9428
300619.SZ,20260515,4.9408,0.58,111.2253,4.9883,3.9021,,787870.4514,663290.8539
300562.SZ,20260515,3.6224,0.99,33.0808,2.9163,3.0248,1.8797,301468.2758,224717.059
300958.SZ,20260515,4.3046,1.29,,1.8151,4.7492,,219431.2106,127469.1978
603888.SH,20260515,1.8261,1.09,40.7169,3.5304,5.96,0.5254,1343403.6925,1343403.6925
300802.SZ,20260515,3.9527,1.06,69.6829,4.1404,7.907,0.696,628949.2566,431102.993
000401.SZ,20260515,0.4747,0.92,112.2035,0.4163,0.4627,2.4331,1092527.2836,1081486.755
600191.SH,20260515,2.0474,1.36,77.6266,3.1058,7.3,,533425.2,533425.2
300355.SZ,20260515,1.3326,0.83,230.1121,1.3497,2.1242,0.1127,569505.9388,485033.2319
920299.BJ,20260515,7.746,0.61,91.0646,7.3116,16.732,0.4634,213919.4212,107814.6521
300476.SZ,20260515,6.1928,0.93,71.4486,9.365,16.3108,0.5862,33436304.9079,29435662.4188
300416.SZ,20260515,2.965,0.89,32.2631,2.985,3.671,0.9091,839103.8799,833174.3789
600250.SH,20260515,3.0756,0.9,312.6931,4.978,4.3074,,310914.6556,310914.6556
605358.SH,20260515,8.3293,0.93,,4.9646,9.1913,,3464980.8774,3464980.8774
603682.SH,20260515,4.0664,0.74,,7.8097,4.5748,3.6545,426667.5,426667.5
605289.SH,20260515,3.3133,0.73,194.3474,12.3406,8.0427,,1681004.6575,1670672.5875
301518.SZ,20260515,3.6255,1.0,57.0291,3.1252,1.8254,0.4471,519762.5771,190995.5296
688298.SH,20260515,1.1877,0.33,,0.7829,4.5613,,461462.4,461462.4
603505.SH,20260515,5.6673,2.61,53.5513,9.0402,4.342,0.5177,1714479.3721,1714479.3721
600573.SH,20260515,5.9182,1.08,41.8203,2.5077,5.2722,0.5839,342500.0,342500.0
300249.SZ,20260515,13.002,0.88,246.4495,25.4941,5.235,,811819.3729,689484.0278
000059.SZ,20260515,1.623,0.89,,0.8206,0.1952,0.36,799721.2685,799706.4935
600830.SH,20260515,2.1362,0.67,55.2309,2.0055,10.975,0.15,454322.747,454322.747
688061.SH,20260515,2.9999,1.34,,2.0359,7.4264,,467484.932,467484.932
600868.SH,20260515,4.4556,0.83,,3.424,16.4033,,662453.889,662453.889
605168.SH,20260515,6.1675,0.82,100.337,4.6773,3.271,1.1867,1279026.6541,1279026.6541
920971.BJ,20260515,8.2213,1.19,74.4247,7.0028,11.4135,0.6649,316104.71,257794.0284
002202.SZ,20260515,5.1617,0.82,34.0394,2.665,1.3408,0.5577,10597485.7153,8439034.2482
600052.SH,20260515,3.019,0.64,,1.7085,7.132,0.4521,368913.1018,368913.1018
301293.SZ,20260515,3.2087,0.79,227.3502,5.8733,7.7927,0.217,1384644.5266,1384644.5266
300537.SZ,20260515,7.1529,0.71,475.8741,5.9899,11.1074,,543206.2459,396712.2932
300658.SZ,20260515,8.3511,0.9,103.7731,4.6728,3.542,0.3118,631253.5072,418940.8024
002733.SZ,20260515,4.2997,0.69,130.4191,3.8325,2.893,0.3627,1041606.6291,999986.9396
688071.SH,20260515,7.5409,2.43,,3.2117,6.1884,,324914.2224,324914.2224
601665.SH,20260515,0.8119,1.02,6.544,0.764,2.8527,3.6738,3864613.1057,3864613.1057
300523.SZ,20260515,1.2251,1.02,,4.9633,3.2229,,480396.7225,480381.8545
603197.SH,20260515,2.4261,2.48,39.907,2.3458,0.8305,2.3462,754231.0645,744522.2235
000977.SZ,20260515,5.374,0.73,40.3517,4.6229,0.6721,0.1642,10310174.5948,10298626.0959
300795.SZ,20260515,2.4219,1.35,20.9079,5.4778,3.8562,2.5348,311148.5187,181118.5526
600196.SH,20260515,0.893,0.72,18.5345,1.3111,1.5228,1.3137,6443745.9612,5111913.5347
002329.SZ,20260515,6.0545,0.98,,7.9358,2.2388,,395391.8929,309506.6389
600757.SH,20260515,0.7192,1.05,10.7743,0.9878,1.5121,4.8694,1021893.5299,1021764.5607
301598.SZ,20260515,7.0533,1.63,32.3595,3.9933,7.153,2.9308,401914.6498,119745.6618
002949.SZ,20260515,1.8571,0.69,30.0693,1.8964,2.4469,2.4647,278387.22,215677.7835
601816.SH,20260515,0.3861,0.73,18.1768,1.1534,5.5918,3.1593,24267136.9675,24267136.9675
688329.SH,20260515,2.8032,1.05,200.7076,2.5557,4.5176,,193000.0,193000.0
603050.SH,20260515,3.2578,1.1,40.1087,4.9652,2.1027,0.8761,913114.653,913114.653
603355.SH,20260515,0.4566,0.66,31.6131,3.2931,1.9006,,1861245.8765,1861245.8765
000615.SZ,20260515,2.4927,1.72,,3.8816,7.1613,,634559.906,328470.3015
002420.SZ,20260515,2.8917,0.91,15.105,3.5794,1.0,,284201.39,276095.5109
300154.SZ,20260515,7.7965,1.18,61.2227,2.9943,6.0536,1.6681,539016.686,377870.1867
300719.SZ,20260515,2.4743,0.69,,3.7317,5.766,0.2699,376764.6363,266159.9856
301308.SZ,20260515,8.4822,0.99,45.521,20.3141,8.7096,,24751366.3069,16416305.2993
688549.SH,20260515,12.1317,0.98,,8.2388,18.9757,0.0298,2480346.404,989466.601
600228.SH,20260515,1.7528,0.69,,7.1684,4.2683,,273753.7845,273336.4253
605598.SH,20260515,2.2152,0.51,398.4223,7.8843,8.7008,0.2064,1350930.4412,1350930.4412
001201.SZ,20260515,2.8796,1.13,,1.0976,1.4729,,333314.7133,260461.9653
600376.SH,20260515,3.2637,1.1,,5.0182,0.3795,,1181440.8808,1181440.8808
600463.SH,20260515,0.9986,0.61,,3.6772,4.9608,,326400.0,326400.0
002249.SZ,20260515,6.1982,2.04,22.27,2.4082,2.0198,2.2885,2443561.9306,1845178.0676
300898.SZ,20260515,3.4481,1.04,26.2395,2.8084,3.4537,2.5478,292020.0,270189.4467
603402.SH,20260515,7.0129,1.08,21.9359,2.622,7.8219,,770240.0066,192560.0066
002809.SZ,20260515,32.0319,5.05,,1.5064,3.3719,2.3176,273896.6428,193766.1238
688103.SH,20260515,2.4039,0.83,94.2816,5.4697,4.403,0.3248,616310.4498,616310.4498
600826.SH,20260515,1.6263,0.75,20.3584,1.5824,4.188,2.9548,686252.8012,686252.8012
002182.SZ,20260515,3.3035,1.31,,2.9164,1.5386,0.322,1540252.2818,1344129.7542
001209.SZ,20260515,4.6973,0.85,127.271,2.2219,1.5614,0.8828,291322.8248,212849.6187
601200.SH,20260515,0.9524,1.1,17.652,0.9009,1.7218,1.2642,1064868.1285,1064868.1285
300866.SZ,20260515,1.676,0.67,28.6055,6.4581,2.2445,1.6261,7211338.8594,4136198.9029
000729.SZ,20260515,1.1822,0.87,19.4443,2.1964,2.2164,2.3635,3458347.7714,3079287.3804
000538.SZ,20260515,0.4484,0.89,17.2786,2.3126,2.165,5.112,9081896.6493,9024230.8533
002134.SZ,20260515,5.2435,0.76,466.3996,14.4229,4.9122,,739209.7203,738730.2693
300727.SZ,20260515,4.2879,1.43,51.6856,4.6123,4.2105,0.6518,636782.0043,573055.2337
000993.SZ,20260515,7.6949,0.92,297.3583,2.3875,11.1249,,608159.5322,583984.7756
600315.SH,20260515,0.6478,0.68,47.0049,1.8119,1.9992,0.2041,1281262.7179,1281262.7179
301026.SZ,20260515,3.8884,0.87,22.6679,2.8562,0.9037,0.9282,484160.1262,349671.6715
000810.SZ,20260515,1.1576,0.91,54.9586,2.1474,1.4885,0.4035,1414740.5622,1366045.5953
301078.SZ,20260515,2.264,1.28,34.1377,2.4895,1.0416,0.8144,1076212.5342,1075096.0605
000066.SZ,20260515,16.3193,0.89,3277.9481,6.0491,4.0894,,6612888.1304,6612377.1679
300930.SZ,20260515,4.2351,1.13,53.5178,3.4472,3.7292,0.3067,326100.0,153674.6283
605060.SH,20260515,3.5235,0.79,55.9942,5.4028,10.3773,0.6123,1365600.192,1356225.7104
300903.SZ,20260515,12.5953,0.9,,17.8943,8.5936,,3267576.1553,2481810.4605
002042.SZ,20260515,3.75,0.73,110.7493,1.3815,1.0336,,816327.0504,816327.0504
920188.BJ,20260515,15.3897,0.97,25.5265,3.054,8.3157,,249062.5872,59401.4309
002650.SZ,20260515,1.2823,1.16,,5.1966,7.3487,,904487.4842,904456.8467
300289.SZ,20260515,1.2253,0.68,,2.1193,10.9021,,346535.3172,345990.6822
600566.SH,20260515,0.6498,0.66,14.9892,1.7377,4.414,7.3771,2604617.5468,2595828.9694
601886.SH,20260515,0.4905,0.92,17.0167,1.5011,0.4747,5.3821,1052558.9137,1052558.9137
001234.SZ,20260515,4.5537,0.41,75.384,3.2016,3.5122,1.0858,302310.0531,252774.4365
600529.SH,20260515,1.4238,1.4,17.5849,1.4007,2.5946,3.3937,1173269.7518,1173269.7518
300729.SZ,20260515,1.7482,1.16,20.7743,1.1811,0.6498,2.3638,433165.7975,417067.7679
601388.SH,20260515,2.8014,0.79,38.5602,1.7132,1.0464,,803446.2548,803446.2548
600449.SH,20260515,6.3317,2.44,38.1015,0.9617,1.4897,1.417,708664.3042,708664.3042
920526.BJ,20260515,10.9647,1.29,134.3185,8.9397,18.0431,0.3962,208734.8,132175.5347
301365.SZ,20260515,5.0263,1.05,155.7171,3.8467,9.3995,1.8597,677520.0,381603.1729
300587.SZ,20260515,2.5103,0.92,,3.5113,4.9875,0.4447,786750.891,637883.1817
688070.SH,20260515,1.72,0.76,194.4403,6.5938,6.208,,393736.4865,393736.4865
002997.SZ,20260515,5.0359,0.95,18.2901,2.8465,2.0658,1.2839,733671.2441,733671.2441
002170.SZ,20260515,2.7168,1.0,12.1583,3.5278,2.3392,5.74,1233317.0196,1000441.6263
300075.SZ,20260515,2.2045,0.56,,2.6868,13.9304,,851569.4466,706666.1506
000820.SZ,20260515,2.7143,0.66,,28.1907,6.9875,,242458.1921,111362.5789
000901.SZ,20260515,3.1078,0.56,197.9247,4.1437,3.5731,,1760034.1002,1760016.4051
300264.SZ,20260515,7.4634,0.88,,489.247,53.9608,,426548.9428,366682.5885
688456.SH,20260515,6.903,0.8,94.0936,6.57,1.9341,0.2451,845761.94,845761.94
300796.SZ,20260515,1.5226,1.25,2902.6453,1.7783,2.0987,,305165.7268,305165.7268
688506.SH,20260515,0.3386,0.71,,18.8019,41.6576,,10611269.9707,10611269.9707
605007.SH,20260515,1.4258,0.92,25.4602,1.9803,0.7757,1.6752,711692.0845,600723.3628
920191.BJ,20260515,15.1361,0.69,24.3417,2.2755,4.7116,,231323.6016,52049.16
601678.SH,20260515,4.8204,1.37,43.341,1.0223,0.7979,0.6727,1195021.8764,1187178.3764
002235.SZ,20260515,7.6506,0.84,,8.9382,15.8989,,652018.8195,622775.5898
002688.SZ,20260515,1.269,1.07,116.8045,1.9801,1.5108,1.6622,452468.586,439508.6068
300506.SZ,20260515,1.3643,0.85,,5.3517,44.4542,,731331.0399,376899.3112
688129.SH,20260515,2.2882,2.3,36.3885,3.5979,5.5934,0.4486,371797.5768,371797.5768
300018.SZ,20260515,7.5969,0.89,49.1304,4.8402,10.2925,,698397.8363,519003.4666
001221.SZ,20260515,4.6477,0.57,32.7626,7.9709,6.3903,0.6135,2347258.68,211300.812
601858.SH,20260515,3.5354,1.43,45.8221,3.9077,7.6265,0.9713,2230000.5,2230000.5
001313.SZ,20260515,3.148,0.5,118.1834,2.4773,0.8958,1.2403,634900.0,634131.9987
000702.SZ,20260515,4.8686,1.49,,7.1814,2.1914,,238131.3393,183177.9537
001387.SZ,20260515,3.6222,1.03,28.9868,1.979,1.1768,0.8404,261367.4112,162663.9555
301007.SZ,20260515,6.6247,1.34,137.3666,10.3683,10.4691,0.3371,682363.0,673396.8063
300622.SZ,20260515,12.5843,2.07,39.3876,6.586,4.4949,,623636.8359,426349.6144
002829.SZ,20260515,3.9382,0.82,,2.9259,13.1938,,453024.4789,318394.5023
300229.SZ,20260515,3.3333,0.98,,4.3325,36.1405,,1632797.5219,1631693.5055
920455.BJ,20260515,0.7206,0.8,50.1862,3.9337,8.081,2.3018,138765.9,73322.2296
300360.SZ,20260515,1.3084,0.78,15.1759,1.7393,4.7696,4.8679,739401.0872,719397.804
601789.SH,20260515,7.011,0.73,26.6839,1.4676,0.4307,1.1784,922257.0856,657513.147
300115.SZ,20260515,9.6007,1.7,94.6431,6.1047,2.6524,0.3399,5186674.4742,5171376.4022
300859.SZ,20260515,1.4589,0.65,57.1882,6.2625,13.4927,1.0479,443765.0,443765.0
688551.SH,20260515,10.4913,1.11,113.5596,4.3864,11.6748,0.7206,577481.7001,577481.7001
688380.SH,20260515,4.4169,1.18,68.3791,6.3761,16.5879,0.4845,2058276.465,2058276.465
603927.SH,20260515,1.0697,0.8,60.2705,4.2581,2.2748,2.397,1352102.08,1352102.08
920111.BJ,20260515,8.0613,0.56,27.5647,5.0564,3.4128,0.5984,518526.339,251612.9138
603107.SH,20260515,1.4312,1.37,31.4488,2.2422,2.2002,2.0704,488798.415,316134.1231
000006.SZ,20260515,3.4668,0.71,,2.444,8.6037,,1312195.1847,1312185.2703
600635.SH,20260515,1.9534,1.0,56.469,1.7274,2.5472,0.6923,1535266.031,1257771.671
000797.SZ,20260515,1.7037,1.0,,0.9228,0.6049,,427245.147,427180.2231
002251.SZ,20260515,3.2876,1.08,92.6966,1.2026,2.3387,,1021705.8818,817939.4052
605005.SH,20260515,0.4942,0.6,38.2853,3.5889,4.0416,1.0504,763504.0,763504.0
002842.SZ,20260515,12.664,0.77,30.8849,8.1646,3.8754,,1191889.1333,978008.3738
301408.SZ,20260515,10.9184,0.95,35.3084,3.3985,1.3112,0.5408,739618.49,423345.9361
600390.SH,20260515,0.9287,1.33,43.118,0.5362,12.6155,0.1186,2276021.1223,2276021.1223
688617.SH,20260515,1.1092,1.13,38.1042,11.6688,12.128,0.4213,3303339.506,3303339.506
603369.SH,20260515,1.0224,0.79,14.757,1.9278,3.679,4.3243,3459870.1027,3459870.1027
300657.SZ,20260515,10.1903,0.93,97.779,12.2744,2.3751,,1743848.4616,1694578.6533
603409.SH,20260515,4.553,0.74,33.9576,3.4991,4.1983,1.1604,543063.27,155832.0032
301682.SZ,20260515,15.3105,0.88,52.8903,3.3818,6.3845,,1691967.0634,357560.5483
600992.SH,20260515,3.0665,0.59,,2.0267,1.4029,,289696.38,289696.38
300012.SZ,20260515,1.7227,1.01,24.3711,3.3774,3.7778,1.2998,2579775.6521,2194094.2359
601601.SH,20260515,0.5616,0.61,6.1627,1.0397,0.7657,3.1268,33228659.3856,23642773.1856
002539.SZ,20260515,3.1051,1.28,19.599,1.769,0.7887,0.7027,1718590.9133,1266176.3284
300261.SZ,20260515,1.2497,0.81,,2.9408,4.1356,,535600.0659,524213.7519
920982.BJ,20260515,1.1839,0.82,30.1394,9.2393,11.724,1.553,1880858.0476,897478.5684
001332.SZ,20260515,6.9094,1.14,26.9962,2.7639,5.4766,1.1995,734868.99,319271.2852
002886.SZ,20260515,15.98,3.54,100.974,3.8863,3.3993,0.1536,719861.7503,571828.7785
300437.SZ,20260515,6.3101,0.81,,2.7241,4.0704,,376877.1601,267054.6676
603356.SH,20260515,3.097,0.64,,8.7895,2.8462,,265479.94,265479.94
002869.SZ,20260515,2.0597,0.88,,1.7094,7.1369,1.0072,344630.4025,306843.5134
601518.SH,20260515,0.7422,1.11,10.9594,0.9243,3.9031,3.0175,538807.6532,538807.6532
300308.SZ,20260515,2.4926,0.97,78.2089,33.826,22.8963,0.1333,116913579.2631,116357687.4813
300425.SZ,20260515,1.1109,0.77,215.4351,1.3586,2.0244,0.552,321327.9058,320627.7775
603182.SH,20260515,1.6605,0.85,28.0103,2.1342,1.6606,2.7229,241723.95,241723.95
300003.SZ,20260515,1.6261,0.82,30.2619,1.5284,3.9146,2.1845,2512587.8879,2152057.1296
002252.SZ,20260515,0.4734,0.83,27.2171,1.1103,5.2702,0.8803,3611063.7513,3608776.3809
300946.SZ,20260515,5.0419,1.12,268.5588,7.011,12.4348,0.4383,837761.886,407069.091
600690.SH,20260515,1.2733,1.35,10.7214,1.603,0.6759,5.7115,20068127.451,13381480.7995
002029.SZ,20260515,2.369,0.69,33.1072,1.1355,2.5331,0.8738,771295.7495,727954.1191
301197.SZ,20260515,10.0097,0.95,200.9554,3.478,10.4427,0.2538,459498.48,414552.141
300821.SZ,20260515,9.0488,1.57,138.0082,3.7128,4.9767,0.0946,1903200.0,1902868.1295
920425.BJ,20260515,6.0128,0.78,42.8478,6.5981,13.6774,0.5334,189968.0755,158573.212
300457.SZ,20260515,2.4971,0.68,30.6982,2.6089,1.7679,0.4162,1795534.3481,1766777.0748
920339.BJ,20260515,0.4657,0.47,87.7998,3.0933,3.5877,1.1815,185852.0072,127593.5019
688291.SH,20260515,6.3909,2.74,66.3973,5.1554,20.5389,0.3963,517234.8346,517234.8346
920809.BJ,20260515,7.88,0.86,,3.5874,1.3898,,585870.9,449915.8417
000960.SZ,20260515,4.897,1.03,25.7424,2.9589,1.2175,0.9858,6009117.4887,6009117.4887
300651.SZ,20260515,27.5028,1.76,76.7454,4.4254,11.2026,0.6905,484208.0202,354480.6417
601872.SH,20260515,1.4587,0.64,17.8026,3.1251,4.5224,1.2959,14081995.1475,14081995.1475
002526.SZ,20260515,1.6626,0.94,72.8107,1.7847,2.8147,0.3077,579407.9967,575602.4424
300442.SZ,20260515,7.7277,1.5,32.1905,11.7212,26.5159,0.5147,16745484.249,16699172.329
688278.SH,20260515,0.8299,0.84,23.2767,6.4989,6.1762,,2359335.1944,2359335.1944
920414.BJ,20260515,9.9408,1.64,,3.5067,16.4775,,94102.8418,66171.5527
000686.SZ,20260515,1.6455,1.28,11.5934,0.9312,3.9182,2.0681,1923852.2961,1923852.2961
000893.SZ,20260515,1.4897,0.81,26.0112,3.4084,8.4562,,4735762.3334,4160507.4105
600208.SH,20260515,4.3537,1.03,274.4069,0.9957,12.1841,,4160872.0512,4160400.4288
000036.SZ,20260515,3.1563,0.5,88.622,1.5586,10.7294,,801580.492,801102.2829
600872.SH,20260515,2.0169,0.81,25.7047,2.6773,3.5993,2.0463,1590494.3528,1575128.3819
601008.SH,20260515,1.1593,1.25,32.8488,1.4127,2.27,1.2685,586821.7768,586821.7768
603383.SH,20260515,3.0775,1.0,32.8289,4.3095,11.3302,2.4616,667481.9418,667473.1668
300565.SZ,20260515,26.7956,2.06,,7.4705,6.6129,,389539.1947,356000.0262
920375.BJ,20260515,9.8251,1.0,266.8251,1.9619,2.0611,,150920.1977,90168.5851
688277.SH,20260515,2.4311,1.16,,7.5447,31.9746,,872768.7531,872768.7531
600615.SH,20260515,1.5229,1.05,,3.477,4.1738,,250894.5663,250495.8476
002482.SZ,20260515,2.0953,1.36,,13.9088,3.4398,,618908.7899,617712.1172
300541.SZ,20260515,3.3458,1.0,68.9747,3.1362,1.4975,0.1414,547446.6383,491972.7545
688663.SH,20260515,5.6264,0.94,163.623,8.4365,6.3889,0.7107,1169994.942,1169994.942
600141.SH,20260515,3.1109,0.79,26.8912,1.546,1.3099,2.8529,3867198.8598,3867198.8598
600280.SH,20260515,1.3271,0.86,,12.6908,1.6823,,337372.1016,337372.1016
688400.SH,20260515,4.3562,0.85,87.4734,5.306,10.4604,0.0376,3027777.6356,2912450.9991
920037.BJ,20260515,4.1771,0.73,32.5869,8.7155,8.1261,1.7425,688642.5258,222595.5867
301376.SZ,20260515,3.129,1.2,24.7842,2.1645,0.8335,2.1556,743762.6658,357852.0312
300488.SZ,20260515,11.3593,1.08,40.6837,3.3962,10.1727,0.4579,743084.0171,630516.864
301185.SZ,20260515,1.72,0.88,51.3668,2.4697,14.8797,1.7133,268634.2176,242806.5701
600029.SH,20260515,1.0614,1.09,31.5428,2.6257,0.5214,,9730959.7623,7237133.2079
000519.SZ,20260515,2.0493,0.8,108.6667,2.3523,2.3546,,2448118.6904,2448118.6904
002379.SZ,20260515,3.2697,1.28,11.158,5.6173,1.3985,1.1832,27534752.7608,2401157.7401
920009.BJ,20260515,3.3475,0.62,39.7836,5.3213,14.6744,0.7786,355703.502,46236.96
300649.SZ,20260515,5.4706,0.81,,6.805,21.0568,0.2203,300585.7024,240878.6983
920132.BJ,20260515,3.1704,1.15,66.9649,4.2092,3.4741,0.6531,114131.472,38753.8041
688418.SH,20260515,4.6111,0.95,,11.8176,11.7023,,965276.3802,965276.3802
605008.SH,20260515,0.4616,1.03,,4.0484,1.9755,,790657.9947,790657.9947
603777.SH,20260515,6.5983,1.02,,4.2596,1.7436,,663831.9695,663831.9695
000596.SZ,20260515,0.8143,0.94,18.2588,1.9753,3.0121,6.1463,5160193.2,3988753.2
600195.SH,20260515,0.7807,0.86,55.9187,1.292,1.1391,0.3194,735226.7472,735226.7472
600456.SH,20260515,1.9201,0.77,42.5969,2.2273,2.614,1.1552,1612976.9717,1612976.9717
300680.SZ,20260515,8.2958,1.48,40.9509,4.7309,3.7461,0.4623,981911.7283,758214.0597
603213.SH,20260515,0.5897,1.32,79.9145,3.1329,2.2739,1.9169,601082.4028,601082.4028
301567.SZ,20260515,5.9483,1.01,,4.538,8.112,0.393,329760.0,97278.513
000895.SZ,20260515,0.2675,0.73,17.5105,4.631,1.5463,5.4552,9209069.5042,9207868.7633
603882.SH,20260515,1.0786,0.65,,1.8972,2.0363,3.3846,1204471.515,1196349.9002
000590.SZ,20260515,1.8662,1.29,,4.6318,7.279,,250486.9453,250369.0192
301380.SZ,20260515,2.2974,0.82,95.8627,4.7297,3.1882,0.685,357306.9339,284522.8722
600219.SH,20260515,2.0608,1.13,14.5052,1.1765,1.7272,5.728,5994492.2138,5994492.2138
000731.SZ,20260515,1.8209,0.93,,0.9401,0.9739,4.1786,358932.1386,358932.1386
688046.SH,20260515,1.6772,1.14,55.2021,3.8699,10.6176,0.6493,881910.0,881910.0
000818.SZ,20260515,8.2083,0.78,,5.0587,2.9139,,1105500.0653,1102504.1603
603155.SH,20260515,3.2038,1.37,72.4789,2.7849,9.8809,2.8191,616100.0468,616100.0468
301327.SZ,20260515,1.8411,1.04,,1.7499,2.4395,1.337,1066167.6106,1066167.6106
002080.SZ,20260515,3.7884,1.2,55.3747,5.3161,3.4462,0.3473,10870884.5772,10870884.5772
300715.SZ,20260515,12.7993,2.32,227.3397,3.6616,2.6044,,642694.231,532029.7186
603968.SH,20260515,1.7297,0.76,,1.3724,0.9288,,240264.0,240264.0
688081.SH,20260515,1.45,0.59,,14.2369,34.0023,,561464.96,561464.96
600876.SH,20260515,3.4161,1.84,,2.1581,1.9617,,593375.291,363625.291
300990.SZ,20260515,6.2417,0.85,61.3694,7.3595,5.1427,0.5542,1538965.0913,695835.1026
603633.SH,20260515,2.3051,0.73,,1.9838,2.2988,0.3308,345289.9518,345289.9518
601577.SH,20260515,0.5663,1.37,4.616,0.5151,1.4699,6.5608,3800368.2975,3799546.0256
301035.SZ,20260515,0.5443,0.9,21.8705,2.7116,1.372,1.0146,2084443.711,2081183.0902
600125.SH,20260515,1.4382,1.34,14.2408,0.9793,0.6751,2.381,767646.8619,767646.8619
002535.SZ,20260515,2.0319,0.73,,4.4588,2.6637,,265357.0975,247024.8068
002242.SZ,20260515,2.2271,0.69,82.1545,2.4142,1.014,1.4071,813376.122,811956.9829
603217.SH,20260515,4.8416,2.08,32.6029,1.9512,3.0309,1.063,675660.4372,675660.4372
600308.SH,20260515,1.8839,1.43,,0.6468,0.4686,0.2033,585511.8879,585511.8879
605188.SH,20260515,1.223,1.18,368.1948,6.1552,2.6663,0.0658,753537.75,753537.75
920005.BJ,20260515,1.5544,0.85,55.6244,4.4527,6.2687,1.707,291745.0,75572.5
000656.SZ,20260515,1.2302,1.11,0.4852,3.6446,2.3534,,1499405.5101,1074156.0505
002931.SZ,20260515,5.7975,1.14,713.4423,13.4023,25.3026,0.0854,1279133.281,1178138.1529
600391.SH,20260515,4.8118,0.61,299.2377,7.7508,3.2074,,1375318.9429,1375318.9429
300065.SZ,20260515,11.0631,0.93,2415.4071,9.8495,37.5128,,1730250.9057,1574664.1167
600698.SH,20260515,4.4831,1.1,,11.3967,14.8429,,842086.5328,654395.9719
002836.SZ,20260515,1.3701,0.98,68.1949,7.3492,6.3604,1.9106,291916.8,291916.8
300673.SZ,20260515,2.2195,0.79,38.2501,2.2085,2.6399,2.1823,388270.1924,251880.4851
603009.SH,20260515,3.1616,1.05,145.2315,8.7358,7.5898,,1796031.1908,1754650.5095
600662.SH,20260515,0.5974,0.91,16.2334,2.0298,0.4493,4.9793,1100626.4548,1097259.076
920069.BJ,20260515,8.8147,0.66,22.5583,2.7729,5.4171,,219487.272,61298.0448
002562.SZ,20260515,4.7022,1.44,61.4117,1.8257,1.8261,,671979.2872,478349.346
300459.SZ,20260515,2.7396,0.72,,19.5817,15.701,,1441482.485,1347748.5404
002180.SZ,20260515,1.0954,0.9,,2.741,1.9421,,2501085.0256,2392745.709
300833.SZ,20260515,1.8311,0.76,30.8861,1.992,4.4525,3.3197,495336.798,318189.4305
600218.SH,20260515,1.5759,0.96,62.3596,1.2544,0.9322,0.8493,410335.1237,410335.1237
688726.SH,20260515,11.6487,1.02,57.3692,6.6936,5.6596,0.5322,2817827.6659,1528914.9432
300690.SZ,20260515,5.3746,0.95,31.3413,2.9149,4.5262,0.7353,472236.5127,316595.4768
601061.SH,20260515,0.4216,1.09,19.2911,2.7828,0.4301,2.0858,6742400.0,6742400.0
301206.SZ,20260515,1.2224,1.11,58.8918,1.2785,7.5304,5.5101,545267.7615,351092.804
688085.SH,20260515,1.1676,0.58,105.0997,2.842,10.9572,0.0194,602566.7339,575965.764
603726.SH,20260515,4.2885,1.02,22.3815,3.4017,2.9152,1.4577,508869.9392,506279.6942
920799.BJ,20260515,1.8367,0.68,168.9565,17.5051,14.2498,0.7189,726361.9742,417002.8356
603066.SH,20260515,2.1032,0.62,27.5341,2.2615,2.5739,0.4433,345073.2268,345073.2268
301302.SZ,20260515,3.6193,0.71,,2.7197,10.2961,,399014.4,355814.4
300397.SZ,20260515,4.8608,0.66,,4.898,11.3256,,701915.4262,553468.7771
603297.SH,20260515,2.3011,0.78,74.075,7.4052,15.4336,0.6052,1558105.9515,1555190.2095
600133.SH,20260515,4.6339,1.07,35.5837,1.083,2.6721,1.7838,986271.8844,986271.8844
300011.SZ,20260515,1.3786,0.81,,2.8044,2.4786,,423888.7709,355079.2028
300872.SZ,20260515,4.9662,0.45,,2.6197,5.6043,0.2341,972825.3184,841129.0941
301110.SZ,20260515,8.5778,1.28,43.1517,4.3448,4.5124,0.5529,669493.1343,472927.228
301036.SZ,20260515,2.2381,1.65,125.9843,1.704,1.8952,0.7112,281200.0,198060.7876
001219.SZ,20260515,2.2865,0.7,25.0998,2.589,5.026,2.7586,282726.4375,275677.003
603950.SH,20260515,3.0292,0.68,57.441,7.3128,10.0396,0.1755,2264053.638,2260393.498
301088.SZ,20260515,2.5373,0.7,53.1447,1.502,6.8254,3.4274,379681.4,313208.0
688097.SH,20260515,3.2151,1.2,42.4942,5.7786,3.7947,0.3764,2773682.6207,2763504.4307
000951.SZ,20260515,0.9222,0.69,14.3629,1.5706,0.4031,3.2374,2599844.771,2599844.771
300529.SZ,20260515,1.2206,0.81,27.2025,4.2888,7.5853,4.0339,1535717.9438,985503.2706
920098.BJ,20260515,1.5816,1.18,35.9747,2.1146,4.0969,1.2116,201349.2336,137110.1441
003005.SZ,20260515,3.1742,1.25,,2.2549,8.3123,1.3024,406087.1527,222846.7515
688525.SH,20260515,9.4506,1.05,36.5153,16.9426,8.7017,,14421728.4273,14421728.4273
603716.SH,20260515,4.5111,0.93,,4.2715,4.8491,,470999.5462,470999.5462
300549.SZ,20260515,2.9856,1.25,457.0627,4.4432,7.9816,0.272,245078.92,185737.5277
002259.SZ,20260515,4.204,0.59,20.5052,8.8338,4.1315,,404752.6076,404752.6076
688108.SH,20260515,7.0196,1.47,125.4832,8.7009,15.2947,,863070.88,863070.88
301113.SZ,20260515,2.1803,1.01,977.6924,3.5874,7.0657,0.3349,244517.0,148015.9208
001333.SZ,20260515,20.033,1.94,29.0272,1.8784,2.0389,1.382,333440.0,114620.0
300999.SZ,20260515,1.7965,0.99,40.9304,1.5277,0.5944,,14952749.4563,1496620.6935
300329.SZ,20260515,1.4005,0.73,,5.6177,29.1095,,341146.9642,340137.4414
600249.SH,20260515,2.2889,0.41,,1.473,3.0264,0.5236,315150.0,315150.0
688102.SH,20260515,3.1483,0.77,205.1226,16.6337,19.443,0.185,3248009.3318,3248009.3318
300081.SZ,20260515,3.6359,1.53,,3.253,6.0493,,256433.2568,256384.889
603051.SH,20260515,4.9778,1.1,,2.3273,2.631,1.0527,396162.2281,396162.2281
000966.SZ,20260515,3.6541,0.87,151.2841,1.26,1.218,1.4784,1695264.0528,1588361.6133
600101.SH,20260515,4.96,0.78,29.6719,1.731,1.7773,1.6032,546766.7461,546766.7461
605296.SH,20260515,1.4489,1.64,,3.6813,3.0285,1.2991,1575342.7828,1554989.2228
002144.SZ,20260515,3.2016,0.92,63.3651,1.1152,5.1424,0.3695,239159.7004,186229.1876
300485.SZ,20260515,1.8347,0.8,,1.4499,12.1547,,489373.0624,278198.2569
688181.SH,20260515,10.6642,2.13,66.3577,2.5977,6.0384,,542633.0381,542633.0381
301609.SZ,20260515,9.9523,0.77,60.1285,6.2549,11.3425,,810816.64,182433.744
301345.SZ,20260515,3.1108,0.97,28.8487,7.2332,5.9959,1.2511,2614887.6735,839978.2793
600461.SH,20260515,0.931,1.21,11.2536,1.2956,1.8259,4.4961,1325248.5648,1325248.5648
603117.SH,20260515,2.4393,0.78,402.7101,2.8867,12.8087,,296003.6845,296003.6845
600405.SH,20260515,3.7088,1.6,,95.403,7.1026,,299060.8389,299060.8389
920906.BJ,20260515,3.6991,1.32,49.0916,2.6865,2.0635,0.3743,154498.66,79319.9093
601956.SH,20260515,1.2142,0.97,257.4315,1.4576,0.5679,1.7306,359294.389,359294.389
300389.SZ,20260515,3.5162,0.78,22.1977,3.3659,1.3399,2.2846,565461.6856,336178.1029
301123.SZ,20260515,6.7857,0.66,,6.1144,7.0402,0.1351,1714045.2,1205629.151
000663.SZ,20260515,1.9755,1.05,,2.4484,6.7909,,222884.761,202771.3918
605588.SH,20260515,3.5074,1.29,,4.5739,3.2155,,432618.4398,431579.8081
688248.SH,20260515,1.5391,1.13,79.5074,9.927,9.0752,0.4555,3285424.6,3285424.6
601113.SH,20260515,1.2339,0.77,35.2733,1.2009,1.0318,,485826.9794,485826.9794
688429.SH,20260515,4.0526,1.49,,4.4176,5.2202,,569601.1392,170634.0282
000793.SZ,20260515,1.9945,1.2,,181.3664,15.3052,,555234.237,545160.395
300444.SZ,20260515,12.0941,0.63,27.421,6.2154,2.6664,0.375,1277800.144,994314.7184
000709.SZ,20260515,1.3063,1.27,21.2851,0.4469,0.199,1.3333,2325852.2457,2325467.7896
002391.SZ,20260515,1.4997,1.03,73.9157,0.9422,1.0722,,403396.9736,288205.0511
003028.SZ,20260515,4.4836,2.37,84.8131,2.4277,2.9934,1.2091,417925.368,203714.3129
001376.SZ,20260515,9.2654,1.41,33.1924,4.9879,5.8808,0.3613,637885.6,295833.8932
600356.SH,20260515,1.8165,0.83,13.9322,1.0242,1.1128,1.1355,315695.9708,286184.6601
002349.SZ,20260515,1.5662,0.78,26.8049,2.1119,4.0481,1.09,597581.2535,585396.0729
300206.SZ,20260515,2.4019,0.8,24.1528,3.944,3.9847,2.1597,834715.2182,487266.5736
688150.SH,20260515,3.1832,0.75,115.3551,12.0828,43.6105,0.5265,2356272.0602,2356272.0602
688717.SH,20260515,5.7873,1.08,132.1759,4.2227,3.9518,0.8014,1871840.0,1158760.3058
688722.SH,20260515,3.0713,1.59,41.3477,2.891,4.3436,0.3546,423047.3961,421990.0916
601336.SH,20260515,0.8391,0.76,5.1752,1.5457,1.3038,4.345,19097864.2852,12767059.6395
601615.SH,20260515,3.5307,0.75,90.5848,1.3134,0.8871,1.8875,3464612.9536,3464612.9536
000727.SZ,20260515,3.0172,0.84,,6.86,0.2265,,1236571.7855,1236571.7855
600114.SH,20260515,4.0256,1.22,38.3117,5.9115,3.4454,,2106926.6627,2056871.6627
002285.SZ,20260515,2.2653,0.64,,2.8301,3.3559,,619769.8308,614299.1583
002882.SZ,20260515,1.5483,0.87,144.9671,5.2893,2.4281,1.1565,1122942.6,640153.9347
600611.SH,20260515,1.1194,0.89,,1.0962,5.182,1.1261,1049670.5516,694112.4656
002506.SZ,20260515,19.9683,2.31,,29.0183,1.9348,,2732097.7714,2729352.2667
002109.SZ,20260515,2.3873,0.81,,0.9801,1.0162,,384157.2252,384157.2252
300035.SZ,20260515,3.6358,0.65,33.3861,2.6522,1.4614,1.2827,1335896.5818,1136951.5473
688128.SH,20260515,0.8644,1.12,20.157,3.0302,2.2694,2.7767,1092554.5,1092554.5
300137.SZ,20260515,4.8723,0.51,3695.8055,6.2318,11.5325,,1021652.5278,1009184.9378
603890.SH,20260515,8.8706,0.86,29.3557,2.7156,1.9349,0.7195,896297.6524,896297.6524
601827.SH,20260515,0.4739,1.24,10.6875,1.0724,2.4207,3.0625,1337546.64,1337546.64
301267.SZ,20260515,0.6224,1.04,31.4835,2.6765,3.4711,1.7718,1456560.0,1124402.5601
300514.SZ,20260515,2.3531,1.19,84.2289,2.3909,3.2143,2.4631,243600.0,195194.6399
600825.SH,20260515,0.7873,0.67,138.829,2.3687,4.0721,0.212,591406.5231,591406.5231
688202.SH,20260515,4.9562,1.27,,4.5259,7.0309,,886321.3578,886321.3578
000633.SZ,20260515,2.7957,1.06,328.704,12.1928,8.6463,,243002.1214,242999.6131
002757.SZ,20260515,6.7407,0.44,78.5038,4.5854,2.7754,1.0955,943981.642,901160.0411
920719.BJ,20260515,6.3488,1.08,,9.6209,6.196,,106591.943,83806.743
002007.SZ,20260515,0.6875,0.64,30.2369,2.2125,5.776,4.9331,2593161.0091,2232391.6721
301367.SZ,20260515,1.1952,0.89,30.5055,1.9048,4.8716,0.6065,586163.2,459238.973
002084.SZ,20260515,2.177,0.97,,1.8454,0.9476,,239040.7348,238480.2706
920438.BJ,20260515,6.9765,0.65,290.3552,9.5393,16.2331,0.1505,938459.225,899231.0166
300072.SZ,20260515,1.6233,0.85,,1.9591,3.0836,,1024478.0517,1016473.5137
000825.SZ,20260515,0.8385,1.02,,0.7129,0.261,,2329765.3486,2329765.3486
300332.SZ,20260515,3.5122,0.96,,1.2077,1.9626,,468089.3348,449061.2963
301045.SZ,20260515,7.0251,0.95,161.7243,5.7071,10.4396,0.0931,592409.5825,374375.0918
688116.SH,20260515,3.6617,1.06,66.6578,4.0007,11.7914,0.355,1506813.1794,1506813.1794
300181.SZ,20260515,1.14,0.71,15.9716,3.0334,3.3356,3.9998,1038754.6431,892911.071
603637.SH,20260515,3.9131,0.83,70.7338,3.9512,8.8857,1.1574,412449.1955,412449.1955
000968.SZ,20260515,3.0042,0.88,26.7571,1.2468,3.9334,0.3641,797222.1918,797222.1918
000812.SZ,20260515,1.519,0.84,,1.9663,2.0953,0.7334,293456.5006,293378.3162
002612.SZ,20260515,2.9468,1.18,7.6062,2.1696,1.1673,2.4405,725167.9696,417058.6731
301548.SZ,20260515,10.454,1.2,53.6479,4.9455,11.8501,0.4771,782304.0,235904.9581
920953.BJ,20260515,1.8642,0.47,62.5442,6.3079,11.6473,0.4285,380248.2583,177740.9149
300047.SZ,20260515,2.7172,0.64,238.1381,2.3774,0.8214,,785701.4359,707058.8214
002802.SZ,20260515,3.9674,0.61,60.9694,3.9759,6.6063,0.6872,259725.3604,214496.0356
300942.SZ,20260515,1.1714,0.75,441.849,3.6264,11.1139,0.2319,301776.3126,301776.3126
000157.SZ,20260515,1.1119,0.47,15.0315,1.1166,1.2301,6.6401,6512347.0327,5323461.2088
300305.SZ,20260515,2.7559,1.32,,1.2977,2.9488,,251142.8489,215067.3751
601096.SH,20260515,2.5095,0.8,38.861,3.1307,1.5395,0.7168,1492736.5391,916780.9099
688501.SH,20260515,1.3268,0.54,21.504,2.5149,1.6423,1.0213,289198.128,289198.128
688141.SH,20260515,7.706,1.74,,34.7642,15.0064,,4339299.0243,4339299.0243
300203.SZ,20260515,1.9797,0.69,,2.3359,2.1181,1.8519,605795.76,605273.8838
603825.SH,20260515,0.6959,0.78,,70.8443,1.3892,,220656.1368,220656.1368
600668.SH,20260515,1.6439,0.49,,0.6602,1.4351,0.9513,361700.9203,361700.9203
603848.SH,20260515,0.8107,0.51,31.1402,2.5149,4.0953,1.2285,655117.7999,655117.7999
300290.SZ,20260515,3.4778,0.81,,13.3574,13.438,,995423.8774,995128.0429
603877.SH,20260515,0.4895,1.43,35.01,1.4355,1.0358,2.8777,654795.2717,652359.7484
920639.BJ,20260515,4.3457,0.8,78.1753,1.8631,0.6592,,159667.2,94052.8781
000909.SZ,20260515,1.9539,0.61,,3.3081,7.7374,,202661.6954,202659.9939
688060.SH,20260515,0.8818,1.07,,3.0726,7.1858,,272483.4257,272483.4257
600331.SH,20260515,3.1285,0.87,,14.2139,11.9463,,4427321.6,3405632.0
688281.SH,20260515,4.6609,3.91,76.6416,5.1898,19.0602,0.617,2480393.1425,2480393.1425
002675.SZ,20260515,1.1565,0.76,50.6462,2.4521,3.8607,0.6375,1034867.6098,932946.9125
920001.BJ,20260515,6.2748,1.97,,3.5754,11.3924,1.212,253532.7366,146340.183
603818.SH,20260515,2.4979,1.09,,1.2572,0.768,,259513.5772,259513.5772
002485.SZ,20260515,0.7511,0.79,,2.5405,4.9889,,257856.0,257856.0
600480.SH,20260515,5.47,0.98,19.045,1.7851,0.734,2.7453,1472783.9339,1461538.7353
002577.SZ,20260515,2.5887,1.44,,4.561,11.3914,,530500.32,530471.97
002281.SZ,20260515,11.6467,1.12,152.9861,15.3286,12.7009,0.1324,15850371.851,15316371.371
603276.SH,20260515,3.1249,0.72,50.8974,2.0693,4.0121,0.6906,371900.2491,135475.4094
002556.SZ,20260515,1.7046,0.91,32.1058,1.4521,0.3461,4.3274,530996.6429,530436.5966
300245.SZ,20260515,6.2005,0.93,,1.7893,4.6483,,215975.3781,215500.0155
002630.SZ,20260515,3.323,1.23,,,1.995,,238521.6,217460.8406
301559.SZ,20260515,3.1525,1.07,85.3567,2.151,4.134,1.0255,965400.0,144810.0
300271.SZ,20260515,1.3379,0.82,,1.4365,3.2759,,507412.9206,496478.4506
603728.SH,20260515,4.154,1.87,401.7834,9.1551,9.4951,0.0369,2722317.3675,2722317.3675
600613.SH,20260515,1.8235,0.89,81.8834,1.2715,1.561,2.7076,295875.6819,265543.2678
300518.SZ,20260515,6.1764,0.51,,8.663,42.8039,,572710.0463,572597.8229
600018.SH,20260515,0.275,1.22,8.6884,0.8173,2.9405,3.8237,11872779.857,11855826.3585
301557.SZ,20260515,4.7473,0.84,68.6708,4.8205,4.2326,0.9749,499925.7085,200442.3145
600199.SH,20260515,2.9952,1.47,,2.6986,8.5183,,524921.8656,524921.8656
000597.SZ,20260515,0.931,0.84,27.8145,1.2535,0.9762,2.0492,696419.0733,687676.7837
002857.SZ,20260515,2.0248,0.71,,6.1562,9.0514,0.0666,287133.532,282630.1597
002275.SZ,20260515,0.3697,0.89,18.3277,2.496,3.9427,3.8952,829646.8632,786629.4162
600869.SH,20260515,6.0522,1.18,438.1197,11.1594,1.6809,,4800459.9896,4800459.9896
002234.SZ,20260515,4.5282,1.57,,1.7199,1.3534,,292777.6179,252881.8481
600570.SH,20260515,1.7667,0.96,36.9359,4.9578,8.7319,0.382,4944314.7766,4944314.7766
600628.SH,20260515,1.8754,1.19,60.0171,1.0176,3.9323,0.5988,432112.7565,432112.7565
300021.SZ,20260515,1.3968,0.89,88.0434,1.6917,1.1619,1.1917,443707.4815,379050.8937
603167.SH,20260515,1.0386,0.82,17.1355,1.2042,2.3136,8.8009,426452.3532,426452.3532
600159.SH,20260515,2.4134,0.79,,1.8335,4.8052,,267261.0407,267261.0407
688618.SH,20260515,3.2359,0.65,171.1384,5.6265,13.4392,0.3801,464542.6161,463961.7272
301117.SZ,20260515,4.7092,0.72,,4.42,16.7872,0.0337,547674.9488,336867.5209
002805.SZ,20260515,14.011,0.98,,7.1069,1.9885,,664588.3315,661628.7496
688168.SH,20260515,3.9419,1.26,,6.6549,14.6025,,665797.8445,665797.8445
300550.SZ,20260515,4.2135,1.23,87.9072,3.2561,8.5988,0.1764,372047.7198,371679.9304
920792.BJ,20260515,0.917,0.85,23.2249,1.7528,2.1293,0.885,187060.2,114837.7619
002186.SZ,20260515,1.7578,0.9,305.1929,3.6902,2.5078,,314901.5493,314778.4293
605020.SH,20260515,12.3728,2.37,25.0448,2.7207,2.9935,0.7273,1614187.1647,1589239.7989
300490.SZ,20260515,6.8415,1.0,,3.4354,2.6337,,764650.3527,754258.5098
688176.SH,20260515,1.8655,0.75,,4.8716,24.8874,,714534.278,545043.1222
300306.SZ,20260515,1.674,0.96,47.8848,2.2549,8.5007,3.4395,337812.2252,197948.7274
600794.SH,20260515,0.7144,0.65,,1.6802,8.0037,0.8571,420053.255,420053.255
300844.SZ,20260515,1.3565,1.07,,3.862,6.6345,,295478.4896,284827.2896
300665.SZ,20260515,12.4557,1.78,,5.5774,4.1892,,220040.4587,219161.3037
002196.SZ,20260515,21.79,2.72,159.7617,5.3414,2.3811,,761659.2845,750198.3852
000090.SZ,20260515,0.9537,0.85,39.9938,0.5683,0.2742,2.924,639042.5384,639003.5504
001323.SZ,20260515,0.1407,0.43,20.4268,2.2443,1.9524,1.8844,1033316.8145,739214.0926
000404.SZ,20260515,4.225,1.38,11.6322,1.3427,0.5236,3.5211,592988.5741,590204.4664
002052.SZ,20260515,2.6194,0.64,142.4601,31.1996,20.1618,,869067.8466,796242.164
002034.SZ,20260515,10.8251,1.62,16.229,1.4057,3.6538,1.8156,1171239.2041,1166279.0304
300814.SZ,20260515,5.0693,1.05,613.0984,14.249,11.5426,0.082,2333533.3091,2333533.3091
001280.SZ,20260515,7.485,0.89,94.2708,9.5189,8.0331,,16208340.9077,1238929.8488
000065.SZ,20260515,2.0837,0.76,22.2066,1.3033,1.1903,1.0862,1458771.3517,1224552.6337
920249.BJ,20260515,7.0715,0.6,81.4204,5.686,1.7251,,440603.35,130279.7069
300824.SZ,20260515,1.2741,1.04,27.4533,4.1508,3.1479,2.0926,310024.5979,300684.7917
000766.SZ,20260515,1.3386,0.54,693.4541,9.5164,18.8548,,2207473.9108,2206361.5434
000591.SZ,20260515,6.397,1.0,32.7235,0.981,4.974,1.9875,2346814.3764,2345938.7501
002993.SZ,20260515,4.2316,1.12,47.3838,3.3641,2.2693,2.5107,1631396.4,1409221.374
603259.SH,20260515,1.595,0.76,15.2863,3.6536,6.3792,1.6436,30771487.5395,25506939.177
000541.SZ,20260515,0.9125,1.23,46.7971,1.1998,0.9427,2.2346,824712.9095,660775.7194
688152.SH,20260515,2.6265,0.73,,3.2926,12.2514,,386703.1984,386703.1984
600222.SH,20260515,5.1635,0.62,72.9261,2.7725,2.4952,0.1738,445335.7556,445335.7556
601318.SH,20260515,1.1087,1.37,7.5685,0.9869,0.9699,4.6306,100497413.0723,59163361.2107
300531.SZ,20260515,4.762,0.86,61.7064,4.5224,3.9803,0.2444,650505.9831,631318.4928
300696.SZ,20260515,4.5733,1.15,213.4257,5.9976,22.7909,,1145348.7046,1039253.01
600479.SH,20260515,1.4866,0.77,16.5805,1.6463,1.4215,2.9489,510913.9966,434410.3874
688218.SH,20260515,6.1612,1.06,,5.8232,9.4698,0.4456,496650.8412,496650.8412
920122.BJ,20260515,2.2073,1.65,99.7519,6.9062,11.9664,1.0637,235032.8912,95231.8516
603309.SH,20260515,1.3405,0.53,52.0353,2.2078,2.4542,5.0885,402490.6854,402490.6854
002381.SZ,20260515,2.1229,1.14,46.9132,1.2314,1.0233,3.096,265879.3363,206976.2844
600983.SH,20260515,0.5893,1.14,13.7005,2.2247,1.6091,3.2511,683663.588,683663.588
688759.SH,20260515,10.0663,1.51,,9.6296,,,1566577.603,185778.6899
600064.SH,20260515,1.242,1.18,7.6564,0.6844,4.567,3.8412,1351395.262,1351395.262
002355.SZ,20260515,5.1313,1.07,,5.399,4.7407,,441865.941,408608.1557
920950.BJ,20260515,0.7195,0.67,29.3304,3.56,6.1728,2.3467,117165.36,57080.7198
002609.SZ,20260515,2.0342,0.86,84.3585,2.2441,2.9875,0.8341,538558.3099,384065.7497
000950.SZ,20260515,4.7028,0.91,26.7099,0.9861,0.1403,0.8942,1154427.3769,1154427.3769
688333.SH,20260515,4.9146,0.99,103.2896,4.8643,12.4717,0.1241,2432689.039,2432689.039
688062.SH,20260515,3.9153,0.8,,13.3705,20.5826,,1534071.5068,701119.78
688003.SH,20260515,6.3183,1.83,165.6831,9.4882,9.5863,0.5132,1874221.2225,1874221.2225
605199.SH,20260515,0.4109,0.76,,6.6526,3.5946,,255269.3838,255269.3838
300707.SZ,20260515,3.3378,0.89,98.4217,2.3606,2.9986,0.3963,264282.1524,218268.8799
603826.SH,20260515,1.7863,0.89,,12.164,16.0912,,2275509.6,2275509.6
600397.SH,20260515,2.9405,0.69,,71.4807,7.5931,,1380004.0755,1380004.0755
000428.SZ,20260515,1.6722,1.13,,2.9532,7.1285,,377002.62,377002.62
600866.SH,20260515,1.6542,0.52,20.7218,1.1608,0.6081,6.655,948700.8637,717044.284
002146.SZ,20260515,1.8596,0.7,,1.0975,0.2438,,556564.9729,500674.7329
300976.SZ,20260515,5.4823,1.21,34.3619,2.7825,3.063,0.2774,1020264.8753,657439.0206
600648.SH,20260515,0.2027,0.99,14.9239,0.8506,2.3173,3.507,1357192.3936,1135495.1496
300911.SZ,20260515,5.7791,0.62,,5.9204,21.2512,2.1408,641694.0005,599697.2625
920879.BJ,20260515,1.3967,0.79,45.8711,5.8172,8.9502,1.3706,363572.5533,272062.4014
688114.SH,20260515,1.6764,1.41,,3.0802,7.5033,,2183377.6845,2178772.425
600967.SH,20260515,1.0637,0.56,83.2962,1.9998,2.4148,0.4986,2389319.7125,2389319.7125
920403.BJ,20260515,3.2248,0.88,26.0443,3.8941,5.8234,0.6464,219587.9868,130596.8118
688765.SH,20260515,4.0947,0.71,,7.1385,383.8609,,2047760.0,265092.0634
600039.SH,20260515,0.4332,0.75,9.8627,1.3079,0.6063,5.146,6921690.1534,6921690.1534
000031.SZ,20260515,0.7117,1.02,,1.1987,0.3683,,1225885.615,1225883.1445
000738.SZ,20260515,2.248,0.73,89.8651,2.2418,5.4597,0.8011,2823700.0501,2823700.0501
600888.SH,20260515,2.6595,1.2,18.1701,1.0009,1.642,2.958,1281295.9079,1281295.9079
600340.SH,20260515,2.5773,0.63,,,0.5126,,424375.7018,424375.7018
688489.SH,20260515,0.621,0.71,,2.6556,8.584,0.2639,481230.8167,477558.7324
603209.SH,20260515,1.7882,1.0,15.0939,1.3389,2.7102,,464425.0,459411.4921
603159.SH,20260515,0.9671,0.67,,7.2561,9.2326,0.2529,359800.0,359800.0
600812.SH,20260515,0.9354,1.06,53.8039,1.5612,0.9823,0.5941,866443.8369,866443.8369
688561.SH,20260515,1.0813,0.83,,2.8311,4.5205,,1999000.4843,1999000.4843
600955.SH,20260515,1.3054,0.9,,1.3227,1.1221,0.1615,1014750.0,1014750.0
002712.SZ,20260515,3.2403,1.23,,2.2033,0.3784,,304794.6709,302904.1529
603566.SH,20260515,0.8271,0.81,22.7077,1.4827,3.7005,5.2277,392434.6176,392434.6176
920208.BJ,20260515,0.8192,0.87,15.8654,2.7762,3.1417,3.1411,304271.5558,231672.1047
000061.SZ,20260515,1.2417,1.14,31.6282,1.5846,2.1844,0.8673,1369623.2266,1238075.2717
605507.SH,20260515,0.6027,0.98,16.9877,1.4943,2.1372,2.573,1302058.755,1302058.755
002082.SZ,20260515,2.2458,29.96,,4.4288,9.8324,,1156704.003,1046199.3845
601108.SH,20260515,1.2846,0.75,12.9287,1.0034,5.0991,2.045,3826461.6489,3826461.6489
920519.BJ,20260515,1.277,0.87,41.9114,2.0273,2.4686,0.8183,107734.5315,69446.8102
301229.SZ,20260515,2.2168,1.05,163.9598,2.5277,2.853,0.9567,313571.3642,223009.104
002470.SZ,20260515,4.8739,0.54,248.8787,4.3464,0.8805,,926659.8232,926577.5286
600498.SH,20260515,10.5162,0.95,175.9657,4.1961,2.9052,0.2875,7373491.2598,6903632.8846
603334.SH,20260515,5.2255,0.81,47.3045,3.9371,1.8949,,684782.0,151829.3067
300656.SZ,20260515,7.1032,1.29,,6.2273,17.0112,,535279.2252,415704.6062
300477.SZ,20260515,7.1529,0.85,,40.2058,2.0688,,333397.8117,308205.0302
301161.SZ,20260515,7.9893,1.45,45.6225,4.3477,5.2731,0.2414,417600.0,268649.91
300893.SZ,20260515,3.9529,4.1,31.4582,5.4771,4.2169,0.391,1157907.0992,614117.5592
300853.SZ,20260515,9.1225,1.37,,9.3885,13.9315,,481405.0616,322076.7262
301516.SZ,20260515,17.9798,1.49,,4.8567,6.1909,,615298.247,153824.5623
688301.SH,20260515,5.9972,2.72,43.5755,4.8021,12.1682,0.4782,2987776.5602,2987776.5602
603886.SH,20260515,1.4225,0.84,30.2113,1.9233,1.3736,8.4175,285120.0,285120.0
001324.SZ,20260515,4.7927,0.88,68.5195,2.4957,5.6181,0.6349,287592.0,170166.1024
605099.SH,20260515,1.5233,1.11,30.2631,6.4628,6.3192,1.1923,2156000.6086,2150181.8502
000019.SZ,20260515,3.4354,0.78,37.4722,1.6078,1.4942,2.1277,812537.3541,293425.5169
605177.SH,20260515,4.6103,1.5,,1.5764,2.5833,,261906.5933,259468.2329
002315.SZ,20260515,3.03,0.77,25.9976,4.7934,6.4168,3.2404,1272686.8571,811350.342
603097.SH,20260515,1.5603,0.77,91.4737,4.2272,2.0561,0.7212,456017.5196,443094.3361
600763.SH,20260515,1.5383,0.73,35.2501,4.0258,6.0872,1.1309,1779763.3965,1779763.3965
603000.SH,20260515,2.2826,0.97,110.6523,5.48,10.1971,0.6922,2108552.8438,2108552.8438
603801.SH,20260515,0.7449,0.58,54.1267,1.1733,0.8984,7.0855,369633.0388,369633.0388
300095.SZ,20260515,5.9916,0.52,,3.4162,3.3926,0.9219,431106.7032,347213.5592
603060.SH,20260515,1.7799,0.85,42.2182,2.5785,1.9835,1.7592,520966.7209,520966.7209
600422.SH,20260515,1.6237,1.11,56.9945,1.2844,1.1558,3.386,670680.5207,670680.5207
603320.SH,20260515,6.0376,1.42,52.1444,3.2644,4.0041,0.5348,390464.7595,390464.7595
002451.SZ,20260515,3.0499,0.69,320.0399,5.533,2.775,0.1029,427009.23,425535.381
300471.SZ,20260515,2.4586,0.88,,3.5309,4.998,,552906.6677,431065.1355
000677.SZ,20260515,0.7996,7.42,,4.2731,1.8922,,219450.3988,219450.3988
002483.SZ,20260515,1.0869,0.88,15.2951,1.1913,0.8597,4.8465,548723.9476,547970.2446
300516.SZ,20260515,2.0648,0.97,652.39,7.6313,14.6676,0.0997,974988.0,974988.0
002267.SZ,20260515,0.8273,1.2,17.2998,1.2231,1.0464,4.5337,858522.2435,858522.2435
000698.SZ,20260515,0.7351,0.71,,2.1871,0.5163,,304039.8405,291500.0405
300184.SZ,20260515,8.8522,0.87,60.6022,3.867,1.6569,,1629861.4848,1492469.4502
301330.SZ,20260515,1.5099,0.73,35.4644,2.0217,3.2342,1.3906,701818.3221,579466.8949
601002.SH,20260515,2.6078,0.8,20.4524,1.2164,2.2741,1.4545,524942.396,524942.396
605179.SH,20260515,0.7863,0.96,119.6226,5.581,2.2221,0.2497,642402.0,642402.0
600089.SH,20260515,3.9605,0.72,22.0504,1.8903,1.3765,0.9227,13602117.6011,13602117.6011
600756.SH,20260515,2.5659,0.54,,2.5542,4.83,,570943.7536,529253.2636
300327.SZ,20260515,3.6286,0.91,145.2753,5.224,7.3194,0.718,945595.3764,938626.2199
002679.SZ,20260515,1.5883,1.37,288.0706,3.349,16.4237,0.3459,249429.848,249429.848
603313.SH,20260515,1.9666,0.78,,0.991,0.3691,,336646.2622,336646.2622
688605.SH,20260515,14.4759,2.35,91.663,9.4243,12.8851,0.2572,1573705.7603,842543.0525
301047.SZ,20260515,0.7593,0.67,53.4283,1.618,11.5454,7.5286,840144.977,825943.3492
002176.SZ,20260515,7.1613,0.66,,7.7635,12.158,,2295007.9064,2291109.2612
300829.SZ,20260515,4.7571,0.66,40.4498,1.7544,2.5777,0.2195,427959.0265,295147.8806
000970.SZ,20260515,2.3204,0.98,157.0228,2.264,2.1578,0.1627,1479538.2657,1479538.2657
600692.SH,20260515,3.0704,0.57,102.3842,2.8219,1.7544,,274375.9699,198908.2033
603113.SH,20260515,1.3619,0.63,,0.6263,0.2894,6.5943,456487.9514,456487.9514
688237.SH,20260515,1.6544,0.91,323.9381,3.8057,11.1805,0.6503,461862.0528,461862.0528
000821.SZ,20260515,3.9308,1.59,49.6256,1.4988,0.9979,0.6972,625366.2771,607069.3671
002782.SZ,20260515,8.5464,1.51,49.4444,5.8893,2.2394,0.7865,1261236.4851,1237172.5516
920116.BJ,20260515,1.4877,0.53,157.7004,26.6389,49.7739,,1601424.825,1538279.925
000567.SZ,20260515,1.3182,0.57,17.6758,2.0767,12.1472,,1250938.9792,1247065.4931
300402.SZ,20260515,1.4077,0.84,89.1178,3.0138,3.4027,0.4854,457549.5814,451668.6934
002849.SZ,20260515,7.2911,1.31,75.3699,2.8632,2.2955,0.2238,394272.9866,391078.8456
002358.SZ,20260515,4.0648,0.76,68.4335,2.01,2.3059,0.2759,674073.8083,674072.884
300141.SZ,20260515,2.423,0.84,,5.2361,7.6637,,324368.5068,320310.4001
600010.SH,20260515,2.7286,0.9,,2.326,1.8683,0.0755,12001484.1272,8315911.5461
600861.SH,20260515,0.9874,1.28,10.2503,1.1397,0.1887,4.5866,862755.7822,558660.0684
300560.SZ,20260515,8.3101,1.07,,4.4285,3.4006,,393550.8245,320270.6767
601958.SH,20260515,1.8895,1.01,20.0942,3.4274,4.6152,1.9011,6788775.6576,6788775.6576
000701.SZ,20260515,2.2413,0.96,220.1818,,0.1197,,394973.0456,394638.2589
601208.SH,20260515,6.9601,0.7,121.043,7.5633,8.3865,0.4124,4604413.8542,4604413.8542
601026.SH,20260515,6.551,1.11,59.53,4.5714,3.6123,0.8206,1205383.2,203064.6413
002425.SZ,20260515,1.833,0.7,,1.3272,5.8347,,329092.7827,316543.9575
688271.SH,20260515,0.8097,0.8,48.6092,4.2011,6.4839,0.1866,9226448.6757,9226448.6757
600592.SH,20260515,5.2761,1.81,57.5256,3.0816,6.4444,0.4263,796709.8206,796709.8206
600997.SH,20260515,0.6076,0.83,,0.6462,0.5056,,874877.7179,874877.7179
603176.SH,20260515,1.1467,1.08,126.4715,2.4811,1.1112,0.4114,265182.3643,257693.4463
002703.SZ,20260515,8.9345,1.2,90.0088,7.3862,4.3611,0.3158,1563001.5296,1113491.3406
688350.SH,20260515,3.2589,0.41,171.2342,2.6586,3.4935,,494193.9666,494193.9666
300876.SZ,20260515,5.4816,1.68,,3.2877,6.4321,,334857.3043,249803.1043
603048.SH,20260515,1.2581,0.92,101.9207,2.6774,4.6081,1.4932,342377.28,342377.28
601015.SH,20260515,1.9988,0.89,,1.5921,0.7743,,765936.6146,765936.6146
603270.SH,20260515,9.3679,1.78,42.4668,2.7791,2.9477,0.8579,638476.8276,206068.3676
301071.SZ,20260515,9.1641,1.06,113.7114,2.7643,21.2833,0.2568,1486415.1795,1101486.5152
601666.SH,20260515,1.851,1.21,91.3935,0.8275,0.85,7.7284,1824859.9332,1824859.9332
300789.SZ,20260515,2.7605,0.96,101.6613,3.178,6.7049,0.6487,337038.3406,199939.5793
301192.SZ,20260515,5.2176,1.57,49.3971,4.1642,5.7369,,271827.9,130250.8688
003001.SZ,20260515,8.458,1.08,341.1244,2.8709,5.9948,1.0182,343488.7125,224986.7867
603730.SH,20260515,1.1885,0.88,37.969,4.8638,3.7991,2.391,2419307.7887,2419307.7887
688707.SH,20260515,3.4097,0.65,,2.1163,6.1474,,823650.3919,823650.3919
300752.SZ,20260515,3.3783,1.04,97.6651,3.5632,2.8092,,447857.9538,308281.442
920873.BJ,20260515,3.532,0.4,,5.5858,14.5179,,138661.8498,108304.9811
300445.SZ,20260515,3.1615,0.77,43.8549,3.8734,8.2459,0.3758,508769.8811,340252.7834
000025.SZ,20260515,1.0079,0.82,46.8071,3.5714,5.0568,0.6489,664260.8711,605271.3911
300017.SZ,20260515,14.0191,1.23,65.0615,4.4077,10.4356,1.2893,4739305.3915,4446392.906
300867.SZ,20260515,4.4418,0.86,20.3003,1.4963,3.7973,0.3067,602449.9145,424838.8814
300803.SZ,20260515,3.8031,0.94,302.5445,21.1649,37.1229,0.0804,6064990.3866,6020703.5042
002077.SZ,20260515,4.4636,0.88,131.8073,2.9564,25.3599,,1000520.8364,1000520.8364
300256.SZ,20260515,1.0826,0.84,,8.2284,5.0045,,746301.424,738076.424
002187.SZ,20260515,2.0133,1.41,,1.0105,1.6774,0.6964,404416.2032,404416.2032
002895.SZ,20260515,1.2993,0.8,16.6096,2.6145,2.3918,4.0496,2070988.0171,2033578.3489
603129.SH,20260515,0.831,0.99,23.9398,5.0334,1.9319,1.4581,4028769.046,4028769.046
300469.SZ,20260515,3.813,0.94,,64.0564,62.2967,,1499362.497,1498607.346
300532.SZ,20260515,1.5313,0.66,23.0838,2.8568,2.2,3.623,500884.5564,476520.5491
002154.SZ,20260515,3.7765,0.79,16.2643,1.3617,1.2515,1.0989,663996.8467,536796.8642
600198.SH,20260515,5.9239,0.69,,63.064,11.725,,1213654.8967,1212115.2675
600556.SH,20260515,3.3904,0.99,516.4351,2.7969,2.7169,0.145,1071994.3517,1071994.3517
603995.SH,20260515,1.2578,0.92,12.4482,1.2034,0.165,4.0905,711127.0956,711127.0956
301617.SZ,20260515,8.8363,1.07,50.8551,4.9772,5.7709,0.6496,886166.84,351708.24
300475.SZ,20260515,11.3291,0.93,47.7093,18.2147,1.7318,0.0183,8851425.0037,8480030.7637
920926.BJ,20260515,0.6813,1.12,59.9658,4.5387,2.7303,1.9294,125473.6665,113858.9782
600429.SH,20260515,0.9405,0.63,,1.6298,1.2272,0.2301,787094.6701,784720.0912
300077.SZ,20260515,10.6545,0.82,,9.6949,11.6367,,1688535.483,1410156.471
301509.SZ,20260515,3.5093,0.67,54.1606,1.8041,6.561,1.2016,400966.9611,188890.5493
300105.SZ,20260515,1.4717,0.89,,1.8373,3.805,1.5038,343016.5893,342789.4586
603239.SH,20260515,2.8556,0.96,31.3383,4.6527,4.2412,0.8879,640252.8,640252.8
603906.SH,20260515,6.774,0.79,319.3017,4.4089,1.9932,,2161045.5878,1569224.1136
002765.SZ,20260515,2.9313,1.29,41.8732,2.3867,1.6822,,635172.7597,580367.7764
603929.SH,20260515,2.7853,1.08,38.4526,16.1079,7.8216,1.0488,4068775.2,4068775.2
300374.SZ,20260515,1.4966,1.31,,4.6469,1.6602,,330014.3563,329975.5859
002718.SZ,20260515,1.7545,0.63,871.7143,10.5276,20.3634,,968917.0001,703446.4676
603350.SH,20260515,5.3999,2.1,38.1674,3.093,2.1359,1.9297,422290.75,159951.3125
300835.SZ,20260515,9.6385,1.61,81.6082,10.9511,10.0038,0.1693,1367769.2838,953664.0314
920575.BJ,20260515,3.8541,0.56,,,795.9208,,122770.78,82085.5032
300124.SZ,20260515,2.9836,1.51,44.1586,5.7539,4.5243,0.5276,20933968.4436,18635328.1637
603700.SH,20260515,1.7299,0.88,32.1618,1.4864,1.3292,1.6374,244153.5214,244153.5214
002960.SZ,20260515,2.0301,1.1,32.7431,1.6777,2.2025,1.2632,1032659.9335,948856.5124
920802.BJ,20260515,3.098,0.72,47.9479,2.7426,5.9288,0.8255,122274.3604,54000.5042
300594.SZ,20260515,3.3502,0.7,,2.2604,2.1521,,172630.2126,170975.6121
002734.SZ,20260515,3.1733,0.74,16.0945,1.9794,1.746,1.2858,810830.7193,740125.2347
002729.SZ,20260515,12.806,1.67,94.4435,6.752,9.0912,0.1339,382590.1027,366889.0911
000045.SZ,20260515,1.7149,0.88,87.4905,2.0332,1.8764,0.5892,610358.828,550711.328
688622.SH,20260515,1.1226,0.56,,19.6277,66.8709,,580917.7551,580917.7551
000899.SZ,20260515,3.1327,0.64,12.4114,1.8943,1.5431,2.5542,1260575.6659,1260575.6659
600719.SH,20260515,20.5969,0.76,,9.2224,6.1684,,371827.0324,371827.0324
688656.SH,20260515,0.5447,0.59,396.3125,10.4215,21.5575,0.2168,861547.0313,861547.0313
603693.SH,20260515,2.0689,0.61,29.384,1.8541,6.5924,1.004,1331864.9647,1331864.9647
600857.SH,20260515,12.0069,2.67,67.1829,3.5433,8.7584,,313374.9268,313374.9268
301448.SZ,20260515,1.9991,1.17,,5.6752,5.2076,0.556,392773.0,181300.7875
301000.SZ,20260515,10.4613,1.15,67.5927,7.1659,11.2552,0.5142,942849.764,890023.508
301061.SZ,20260515,1.2285,1.11,17.3526,3.3021,4.2964,1.3367,1439927.0334,956610.2863
300601.SZ,20260515,1.9754,0.63,195.9275,1.7387,5.9858,0.6316,1591624.9009,1283032.8859
600418.SH,20260515,2.2859,0.95,,8.2167,2.1482,,10339915.3805,10018052.9113
000030.SZ,20260515,1.0891,1.06,12.4579,0.9692,0.4718,3.1592,827229.0164,803705.8197
600557.SH,20260515,1.2445,1.0,24.8148,1.5189,2.2914,,743932.6711,743932.6711
688808.SH,20260515,20.1159,1.19,439.6359,40.9523,81.1247,,12012000.039,2257648.848
302132.SZ,20260515,1.3873,0.55,52.54,8.5068,2.3365,0.934,18223663.1843,3996993.9832
002023.SZ,20260515,8.0546,1.08,,2.707,6.2523,,1007569.9196,1007569.9196
603998.SH,20260515,1.305,0.71,15.3274,2.7094,2.623,4.6729,469817.0552,469817.0552
001206.SZ,20260515,2.2334,0.96,21.6165,1.8156,2.1226,4.5145,338540.5624,195668.8226
000792.SZ,20260515,2.0478,0.87,17.3138,4.0123,9.5317,,17933139.3414,17932979.4823
601865.SH,20260515,2.0244,1.79,32.6045,1.3505,1.9626,,2975458.0153,2414302.1653
603558.SH,20260515,1.6844,0.86,10.4959,2.052,1.7577,4.4148,457764.4335,457764.4335
301377.SZ,20260515,12.2189,2.03,163.3668,37.6584,40.0703,0.3634,10155290.0,1759193.456
688316.SH,20260515,8.1832,0.89,,66.2484,15.392,,352051.2482,352051.2482
920012.BJ,20260515,35.3117,0.87,56.5119,4.5094,8.5852,,373135.2971,100390.7345
603126.SH,20260515,7.7824,1.48,158.3771,2.5292,1.2308,0.0588,518925.0,518925.0
920090.BJ,20260515,2.3061,0.56,,26.5325,67.0439,,101859.442,76104.6572
601878.SH,20260515,0.7197,0.91,16.7659,1.1599,5.3285,1.7632,4372549.5869,4372549.5869
688375.SH,20260515,1.4638,1.13,145.4307,10.137,27.8435,0.3636,6556759.9149,6556759.9149
920158.BJ,20260515,8.6752,1.02,43.5097,4.4171,7.4473,,247376.3,66171.859
688255.SH,20260515,4.6196,1.82,111.1871,3.351,5.1369,0.8768,358249.7751,358249.7751
300717.SZ,20260515,1.5582,0.82,42.8214,2.9797,6.0541,1.3966,220760.7,218781.1032
603196.SH,20260515,1.6017,0.83,351.8187,6.0262,12.0017,,1201214.2654,679919.3811
600490.SH,20260515,3.4687,0.97,78.6125,2.8162,6.266,,1792438.534,1614023.3227
300302.SZ,20260515,22.6971,0.93,350.4157,19.3908,44.7104,,2135599.4839,1643434.7161
002694.SZ,20260515,1.3192,0.68,,,2.1477,,197638.9632,186168.559
603130.SH,20260515,1.535,0.85,60.3633,4.6719,2.4699,0.4825,655530.1914,655530.1914
688057.SH,20260515,1.8373,1.63,60.0983,1.1064,11.5784,1.9623,351624.0,351624.0
600310.SH,20260515,9.1145,0.85,,2.7515,1.9861,0.5882,747512.4682,747512.4682
603587.SH,20260515,0.6081,1.34,22.3543,1.6674,2.8741,3.7637,622483.8293,622483.8293
300187.SZ,20260515,3.2292,0.69,29.5744,3.3051,4.5399,2.8162,382853.9438,380632.8784
300774.SZ,20260515,11.7483,2.47,159.4137,4.1499,6.4036,1.3532,604152.6895,288033.1957
000933.SZ,20260515,3.1296,1.46,12.1049,2.5145,1.5364,1.6516,6762756.2278,6757992.1926
600396.SH,20260515,23.3516,1.19,633.0241,16.7241,5.7664,,2566927.982,2566927.982
920008.BJ,20260515,2.6832,0.7,81.1254,4.9908,9.1232,,162498.75,86718.8178
300411.SZ,20260515,1.7515,0.95,1277.8972,4.2233,12.7221,,407333.047,309733.731
000419.SZ,20260515,1.6691,1.34,20.9728,0.8749,1.7713,2.7273,298970.4603,298970.4603
300470.SZ,20260515,1.1119,0.75,19.3491,2.328,3.9394,3.0057,691888.699,655899.0329
002654.SZ,20260515,12.2518,1.2,490.0477,8.9556,2.4991,,1400666.3154,1400566.8954
