ts_code,trade_date,turnover_rate,volume_ratio,pe_ttm,pb,ps_ttm,dv_ttm,total_mv,circ_mv
002274.SZ,20260521,3.9752,1.49,,1.0827,0.8707,5.0,571418.7876,562709.478
600917.SH,20260521,0.9955,0.9,37.3455,1.4588,0.8265,1.5213,841400.4306,841400.4306
300221.SZ,20260521,7.0227,0.67,42.1299,3.6715,2.441,,552871.7174,533510.4802
002669.SZ,20260521,9.9742,1.41,33.7292,1.531,0.7701,,424760.0,423804.92
688350.SH,20260521,4.0444,0.89,186.3723,2.8936,3.8024,,537883.5781,537883.5781
920725.BJ,20260521,6.9335,0.99,,4.6387,15.5302,0.3251,278845.125,126995.9834
688578.SH,20260521,1.615,1.43,17.4454,5.4398,7.4258,0.8546,4212450.0,4212450.0
000153.SZ,20260521,1.5902,1.17,28.0506,1.2647,0.7354,1.6838,276023.2001,272567.8872
000564.SZ,20260521,2.0478,1.53,,1.9447,14.9676,,2817057.8832,2354801.2059
600332.SH,20260521,0.4209,0.63,11.9828,0.8922,0.4499,3.6849,3529592.1503,3052189.2503
002181.SZ,20260521,9.7678,0.9,217.0329,3.727,26.5039,0.4982,1584844.4075,1548643.147
301356.SZ,20260521,6.0834,2.57,60.114,1.919,3.8584,,573696.0,336508.56
600967.SH,20260521,0.9021,0.99,79.3212,1.9044,2.2995,0.5236,2275299.4698,2275299.4698
603893.SH,20260521,5.2974,1.52,67.923,16.6886,16.679,0.5075,7876808.966,7875274.746
600928.SH,20260521,0.5203,0.9,5.923,0.4446,1.4756,2.7855,1595555.5558,1587984.1097
688531.SH,20260521,11.2668,1.04,133.4666,7.2184,21.0101,0.2761,2467349.6911,1710204.5223
920088.BJ,20260521,14.4203,0.91,76.9284,5.1025,7.7366,0.197,357570.29,132218.8938
600755.SH,20260521,0.8186,1.12,37.7083,0.6681,0.0365,4.517,1288985.5215,1285691.5677
002761.SZ,20260521,1.1514,1.14,37.8618,1.2143,0.1327,0.5103,1059897.3632,865431.132
688408.SH,20260521,2.9303,1.27,,2.0177,1.2125,2.6522,818211.0842,818211.0842
688143.SH,20260521,9.8145,0.51,788.7644,12.5424,40.7347,0.0351,1699906.5864,1615342.4232
000536.SZ,20260521,6.8377,4.87,,14.1258,8.9415,,1186628.0725,1185362.3994
605069.SH,20260521,3.6039,0.96,,4.8546,9.3647,,333635.6981,333635.6981
301314.SZ,20260521,5.342,1.1,153.6495,2.5742,13.1278,0.4075,271167.0,89607.1327
301367.SZ,20260521,4.0927,3.38,32.3381,2.0193,5.1643,0.5721,621376.0,486712.5792
301638.SZ,20260521,13.1109,0.91,126.181,7.835,11.4731,,8791732.886,691897.0238
600764.SH,20260521,0.9023,1.15,133.9274,1.88,4.3351,0.5945,1542065.7676,1542065.7676
300316.SZ,20260521,3.9503,0.84,165.6261,4.0313,6.8983,0.2857,6863266.6301,6454582.0244
920402.BJ,20260521,4.6981,1.09,,2.8564,10.634,0.1961,430501.2683,278330.7425
920045.BJ,20260521,8.2553,1.43,95.9268,27.3105,13.1083,,3158519.8272,933917.624
603988.SH,20260521,3.1745,0.98,167.2723,7.7674,7.8701,0.1817,517675.2,517675.2
605007.SH,20260521,0.9931,0.81,24.0476,1.8705,0.7326,1.7736,672206.4942,567394.4597
300540.SZ,20260521,6.6887,0.79,86.2916,5.5601,8.3022,0.1821,630139.757,567466.175
688398.SH,20260521,2.1367,1.0,371.2423,5.3437,5.5454,0.3037,549759.3356,549759.3356
603636.SH,20260521,8.8815,0.97,,3.4596,8.1834,,640137.6569,640137.6569
002769.SZ,20260521,2.4908,1.27,555.9011,2.6986,40.883,,317320.3459,317058.6955
603901.SH,20260521,2.4438,1.06,42.4694,2.0606,1.742,0.102,712869.9179,667807.0426
300020.SZ,20260521,1.2611,0.66,,1.953,15.7395,,260654.3755,251439.391
603020.SH,20260521,2.2341,0.88,43.4314,1.1751,1.5274,1.7787,380145.4273,380145.4273
603300.SH,20260521,3.5591,1.15,27.4026,1.8296,1.9639,0.4109,1220679.4355,1220679.4355
301202.SZ,20260521,6.3918,1.21,88.0044,4.6575,4.2985,1.4458,566060.0,154120.625
601222.SH,20260521,3.9305,1.15,71.5565,0.8631,2.4613,1.388,1294133.5789,1294133.5789
002657.SZ,20260521,3.294,1.45,,3.8761,8.0201,,660040.9223,652423.361
603662.SH,20260521,5.74,1.47,61.871,6.7869,11.8294,0.4136,1893354.9701,1893354.9701
000017.SZ,20260521,1.554,0.99,93.3588,9.8873,5.454,,385943.5625,246860.2926
601116.SH,20260521,1.9874,0.76,37.7968,1.9954,1.7051,1.6393,668167.648,668167.648
300472.SZ,20260521,2.1671,0.73,,108.5687,16.1224,,249659.5692,223072.4125
920642.BJ,20260521,2.8671,0.98,,5.6343,17.1113,0.4003,128551.1447,123946.5287
601868.SH,20260521,2.3749,0.74,23.1978,1.0475,0.29,0.8151,13183574.6064,9663760.8355
600858.SH,20260521,1.2515,0.88,47.1178,0.9939,0.5156,0.6667,273034.9592,271712.7152
603369.SH,20260521,0.9026,0.88,14.9963,1.959,3.7387,4.2553,3515976.1043,3515976.1043
002012.SZ,20260521,11.8796,3.47,114.1293,2.2499,5.4815,0.0533,351186.728,351186.728
600530.SH,20260521,6.4529,0.95,1302.2443,16.8633,17.124,0.1725,530045.28,530045.28
688182.SH,20260521,7.5057,2.09,152.4122,6.6983,17.8889,0.2972,1514000.0,1514000.0
600557.SH,20260521,1.1302,0.95,23.474,1.4368,2.1676,,703735.3959,703735.3959
300624.SZ,20260521,6.0498,1.01,,12.6208,8.0986,,1232519.0655,1091611.752
000890.SZ,20260521,15.2702,1.21,,250.01,15.8249,,488722.1227,488707.0686
300788.SZ,20260521,3.8434,1.24,47.0544,2.4616,3.2783,1.6449,552580.3026,552580.3026
300133.SZ,20260521,6.5521,0.69,91.9613,2.2509,6.2907,0.147,1657901.9213,1471879.7716
300843.SZ,20260521,8.3481,1.61,129.9247,9.3956,8.0709,0.246,1530654.2697,1500693.1858
600458.SH,20260521,3.4667,2.4,21.4664,1.3865,0.513,2.178,1116904.224,1034624.25
300143.SZ,20260521,1.5881,0.7,125.0523,3.1641,4.076,,804161.5711,688069.4359
300939.SZ,20260521,14.2822,2.16,85.4814,4.4858,4.8438,0.3759,638400.0,638400.0
601568.SH,20260521,0.5133,0.96,360.4755,1.299,1.6911,2.6882,1477666.6673,1477666.6673
000921.SZ,20260521,0.7964,0.72,10.8367,1.8123,0.3892,5.0764,3352748.895,2222801.1139
002065.SZ,20260521,1.4606,1.08,53.1143,2.0761,2.0246,0.6234,2570796.8648,2332153.1625
002261.SZ,20260521,6.4119,1.03,679.3637,15.614,12.9423,,4065917.2975,3698482.3872
300560.SZ,20260521,6.7841,1.04,,4.2165,3.2379,,374711.8475,304939.5643
600216.SH,20260521,1.5032,0.93,17.4842,1.1686,1.49,2.6815,1313597.1665,1299598.0229
002158.SZ,20260521,7.2822,2.46,38.162,4.0431,5.9942,1.7195,1803624.5208,1799720.8974
002578.SZ,20260521,4.2262,1.34,,2.4158,1.8606,,364188.511,334131.0737
300427.SZ,20260521,6.8171,1.3,,4.0323,6.6484,,484619.844,479363.6583
605389.SH,20260521,1.4294,0.65,123.4104,7.6152,14.6857,0.6316,1642592.598,1553441.064
601929.SH,20260521,8.0469,1.16,,2.2372,5.2044,,1046936.4504,1046936.4504
300749.SZ,20260521,4.833,0.79,,8.7147,6.3127,,479891.2266,368148.3084
688020.SH,20260521,8.1916,1.52,,8.6529,32.6359,0.1318,1138451.202,1138451.202
603215.SH,20260521,2.0971,0.99,75.5181,2.2109,1.5924,1.4801,377216.5482,328024.1218
688071.SH,20260521,6.9793,1.21,,3.2477,6.2579,,328560.1805,328560.1805
300888.SZ,20260521,0.5089,0.95,22.5561,1.48,1.5774,2.3443,1738836.8067,1731043.4184
002400.SZ,20260521,6.0744,0.76,183.3398,2.9116,0.6583,0.3465,1459173.1761,1444799.7853
688399.SH,20260521,2.4131,1.39,,1.6482,14.9003,5.8702,485785.008,485785.008
601139.SH,20260521,1.1146,0.81,12.9881,1.1349,0.6436,2.4578,1872759.7594,1872759.7594
601127.SH,20260521,4.5361,3.05,24.3561,3.516,0.8462,0.3718,14524671.6471,12983961.8825
605218.SH,20260521,7.5998,1.77,,2.8323,2.0492,,502383.6577,440352.4287
688378.SH,20260521,7.5012,1.93,98.5382,6.0826,18.9854,0.411,1250919.4097,1152996.3322
002090.SZ,20260521,3.8458,1.59,59.5993,2.7614,2.7427,0.6019,432623.2367,426638.8681
300385.SZ,20260521,3.9626,1.0,,,13.1235,,471401.4938,411287.6257
000705.SZ,20260521,2.4078,1.19,,1.2523,1.2399,0.823,243575.8755,205552.7591
002416.SZ,20260521,2.0345,0.94,39.0664,2.4563,0.2538,4.2159,1469788.2219,1451550.5045
601108.SH,20260521,2.0072,1.94,12.6149,0.979,4.9754,2.0959,3733586.3661,3733586.3661
603590.SH,20260521,7.417,4.62,36.971,1.936,6.7935,1.5318,623639.0908,620552.4768
688605.SH,20260521,12.1658,1.07,90.6493,9.32,12.7426,0.2601,1556301.0926,833224.8037
002066.SZ,20260521,5.1091,0.72,,9.8202,1.6434,0.5671,610993.107,600831.0
002305.SZ,20260521,1.9041,1.35,,16.2805,3.8142,,407540.706,407514.2699
300305.SZ,20260521,3.1943,1.35,,1.2278,2.7902,,237628.4355,203494.2428
300549.SZ,20260521,3.0694,1.09,432.6927,4.2063,7.556,0.2874,232011.6,175834.221
603565.SH,20260521,0.3873,0.67,11.3844,2.0574,2.1224,4.0037,2255467.7726,2255467.7726
300188.SZ,20260521,1.7537,1.19,,4.1625,7.6377,,1039108.0678,1034309.8853
603115.SH,20260521,4.883,1.26,114.5973,11.8142,10.5614,0.5611,2557749.0896,2557749.0896
600824.SH,20260521,0.9367,1.09,32.0806,1.6061,6.3372,0.4663,406854.4502,406854.4502
605488.SH,20260521,9.4782,2.36,189.5081,5.1276,3.7783,0.2575,1160434.777,1061743.6366
688352.SH,20260521,10.6258,1.09,,2.9391,8.0148,0.6919,1712213.6947,526868.8171
002773.SZ,20260521,1.5441,1.32,18.4792,2.0591,4.4623,2.794,1978076.0882,1474490.7006
603707.SH,20260521,0.5438,0.9,22.8903,1.9315,3.3241,1.2048,1340990.3466,1340990.3466
002840.SZ,20260521,2.7487,0.66,,2.2551,1.0321,,810990.2233,805390.4621
603976.SH,20260521,3.6368,2.67,224.5037,2.8008,4.6758,,332648.3578,332648.3578
688317.SH,20260521,4.4907,1.69,,1.1579,32.378,,382394.418,382394.418
000088.SZ,20260521,1.084,1.17,15.8253,1.2682,26.4996,4.8552,2334568.0224,1420135.6838
301169.SZ,20260521,3.9291,1.04,,15.2843,18.4473,,662484.7691,662195.0951
000151.SZ,20260521,3.0574,1.16,9.9141,4.5767,3.1396,,400734.9786,351661.4217
002910.SZ,20260521,2.9471,1.04,,2.0424,2.1174,,202383.2241,177049.1183
688051.SH,20260521,3.3964,1.44,,6.1835,18.5414,,357901.752,357901.752
300153.SZ,20260521,8.6328,0.97,159.5939,9.779,4.5447,,916480.0,911697.458
688060.SH,20260521,0.9968,1.2,,2.9681,6.9414,,263214.0535,263214.0535
920576.BJ,20260521,1.8199,0.84,565.246,15.6643,14.2637,0.311,700548.5,687239.3902
000617.SZ,20260521,1.0075,1.09,22.6526,0.98,112.0354,1.3576,10429715.2402,10429715.2402
603268.SH,20260521,2.9131,1.14,37.039,13.2378,4.5815,,13959791.9971,3354132.009
002148.SZ,20260521,3.0867,1.0,935.5159,3.3726,10.6674,0.2172,411414.6749,330697.7617
300141.SZ,20260521,4.0203,1.26,,5.0363,7.3712,,311991.966,308088.6996
920050.BJ,20260521,3.1744,1.28,22.1034,1.966,1.9821,,213460.6194,57095.7613
300189.SZ,20260521,5.7555,0.96,47.4486,7.8107,22.5641,,537600.0,465281.4726
600215.SH,20260521,3.8704,1.51,,1.2798,3.4721,0.2213,313878.5386,313878.5386
688339.SH,20260521,3.2962,1.08,,3.004,21.8736,,578960.719,471259.5954
605303.SH,20260521,9.6255,2.0,,5.6403,10.2981,,477262.7277,477262.7277
600968.SH,20260521,0.6588,1.3,10.5332,1.3716,0.8268,3.317,4137197.409,4137197.409
000970.SZ,20260521,1.9634,1.07,149.9265,2.1617,2.0603,0.1704,1412673.3482,1412673.3482
002717.SZ,20260521,2.9418,0.8,,,23.9986,,202045.9249,190759.4902
002405.SZ,20260521,5.538,1.85,202.5259,2.5636,5.3466,,2259228.3197,2244873.3675
603606.SH,20260521,1.6664,0.82,28.9064,4.6289,3.4001,0.7835,3937170.4818,3937170.4818
301489.SZ,20260521,8.6358,0.78,313.008,19.7544,21.5178,0.0667,2161700.2657,1274221.8534
600206.SH,20260521,10.1031,0.96,85.6996,5.6348,2.2968,0.3769,2448232.2361,2448232.2361
603192.SH,20260521,0.9499,1.12,46.0799,1.6191,1.4274,1.4899,355285.9346,296238.7424
601698.SH,20260521,1.0716,0.79,351.7544,8.7558,52.809,0.0976,13986940.0991,13986940.0991
920392.BJ,20260521,1.7465,1.49,77.7512,3.9717,1.8546,0.414,140928.4662,66241.3362
601068.SH,20260521,0.7357,1.12,62.0988,5.3981,0.7359,,1661236.9645,1423132.4109
601089.SH,20260521,0.9937,1.15,20.8189,2.3327,2.5934,2.589,903840.0,903840.0
301687.SZ,20260521,12.3038,1.07,67.0243,5.4642,11.8089,,838005.984,168528.5645
300174.SZ,20260521,10.913,1.78,31.1951,1.992,3.586,1.1975,695641.7876,691791.6077
002331.SZ,20260521,5.571,1.08,,2.7426,2.8225,0.3224,395870.9361,365767.382
600011.SH,20260521,1.3031,0.74,8.2546,1.6402,0.509,3.6885,11491004.3388,8050323.6607
920015.BJ,20260521,10.8184,0.9,37.0655,3.7664,6.6576,,642857.1349,189738.9905
601179.SH,20260521,4.7677,1.14,62.5319,3.5382,3.4395,0.428,8262922.3514,8262922.3514
688609.SH,20260521,9.5111,1.26,,6.586,2.494,,634694.724,608000.0
002014.SZ,20260521,0.2893,0.71,15.4667,2.6506,1.7837,2.5203,680478.4631,669593.404
002203.SZ,20260521,2.2559,1.0,44.3167,2.6869,0.5286,1.2366,4583510.548,4424282.538
605365.SH,20260521,1.819,0.48,57.9202,2.4317,1.3586,2.2786,924707.7176,924707.7176
920964.BJ,20260521,1.3599,1.02,,1.6041,1.3874,0.3731,140007.488,79165.719
002538.SZ,20260521,1.7916,1.51,28.1249,1.0424,1.1146,1.8547,552250.5787,551888.6067
600826.SH,20260521,0.8009,0.62,19.1583,1.4892,3.9411,3.1399,645798.456,645798.456
000417.SZ,20260521,30.2754,4.9,48.6505,1.5239,1.146,1.1815,726072.1902,725274.5569
301305.SZ,20260521,3.9069,1.19,20.9106,1.5159,3.1224,0.8187,589320.5024,302231.9681
300025.SZ,20260521,2.389,0.96,,6.7658,5.1196,,288485.5868,287272.5453
000933.SZ,20260521,2.6377,1.13,12.1331,2.5204,1.54,,6778499.2586,6773724.1332
002970.SZ,20260521,6.6174,1.5,39.984,6.4182,5.1633,1.3974,1301113.9565,891339.2729
600613.SH,20260521,1.4718,0.96,78.7795,1.2233,1.5019,2.8143,284660.1777,255477.5483
002832.SZ,20260521,2.6839,0.77,18.8412,1.9915,2.5073,2.6013,1140843.4609,778447.1497
600238.SH,20260521,1.4667,0.8,,29.4877,5.3901,,229926.6,228424.3205
600036.SH,20260521,0.3515,0.95,6.2152,0.8274,2.7498,8.1104,93691726.4077,76636528.5537
002395.SZ,20260521,4.3407,0.8,26.3902,2.7917,1.6638,0.9282,433425.744,433388.1817
002529.SZ,20260521,2.6228,0.9,,27.7339,5.5239,,221000.0,221000.0
603615.SH,20260521,2.1167,0.95,400.8619,4.4975,3.1069,,517011.16,517011.16
605198.SH,20260521,1.1088,0.32,55.2225,6.1368,11.0983,0.4773,1750476.744,1417067.568
601995.SH,20260521,0.9434,1.54,14.5508,1.6052,5.2177,0.5272,16480254.9474,9980973.8902
600499.SH,20260521,1.1822,0.75,20.7319,2.4407,1.7497,1.1574,3210491.5985,3210491.5985
002695.SZ,20260521,1.3986,1.02,79.9161,2.3547,3.7747,,661990.0026,605051.3644
920132.BJ,20260521,2.0466,0.8,63.5146,3.9924,3.2951,0.6886,108250.968,36757.0551
002208.SZ,20260521,16.8661,1.07,,3.1588,1.7298,,1870866.8211,1870355.3098
301236.SZ,20260521,3.0446,1.06,731.9741,2.9562,1.0902,0.2415,3946141.5354,2995123.6762
000778.SZ,20260521,1.0331,0.87,16.6416,0.629,0.4352,0.4728,1676426.1066,1646959.125
002054.SZ,20260521,3.8435,1.33,28.3637,1.4668,1.1983,0.8899,378942.7453,301833.6898
600351.SH,20260521,2.1183,0.92,13.8441,1.5502,2.0122,7.879,442188.0294,442188.0294
002207.SZ,20260521,8.8621,1.05,,204.3068,7.4467,,239256.5601,238121.2647
300228.SZ,20260521,6.0705,0.8,21.8145,2.1908,1.6739,1.326,540670.1218,505808.1643
601388.SH,20260521,2.9863,1.23,37.2925,1.6569,1.012,,777031.5834,777031.5834
601918.SH,20260521,1.6439,0.81,10.4105,1.2829,1.7267,2.4277,2240818.657,2240818.657
301336.SZ,20260521,3.7695,0.8,74.3017,2.5607,6.9829,0.4157,215760.0,164141.022
000683.SZ,20260521,1.3199,0.91,27.1387,2.1318,2.3285,4.0181,2776473.1753,2496557.6812
688455.SH,20260521,3.3344,1.03,116.8308,3.8118,1.462,,350848.0306,350848.0306
300294.SZ,20260521,2.0215,1.85,2351.6315,1.0879,4.3799,1.392,807806.4783,807806.4783
002112.SZ,20260521,8.9295,0.94,340.504,6.3906,2.6101,0.3318,552966.8102,492709.554
002674.SZ,20260521,3.5264,1.57,41.2671,1.7691,1.4704,1.0225,433573.2348,429190.8775
002312.SZ,20260521,1.4156,0.9,45.7603,1.8937,1.7103,1.4504,1836741.0944,1832956.0797
300406.SZ,20260521,0.9296,1.02,35.2795,2.0004,5.4631,3.8918,748716.118,541859.7188
000059.SZ,20260521,1.5593,1.01,,0.7795,0.1855,0.3789,759735.2051,759721.1688
002942.SZ,20260521,1.3839,1.13,28.1116,2.1992,2.4439,1.6667,280544.274,249764.5494
920770.BJ,20260521,4.6646,1.06,40.5875,2.824,10.0205,0.8889,175678.4363,110556.63
920926.BJ,20260521,0.7804,1.15,57.2631,4.3342,2.6073,2.0204,119818.5154,108727.3059
000576.SZ,20260521,1.9045,0.8,50.1499,2.1375,6.1016,,353062.3351,350956.5461
688588.SH,20260521,1.6715,1.71,123.0118,3.844,4.4962,1.6367,472011.8035,472011.8035
688314.SH,20260521,1.955,0.93,37.005,4.5821,9.4942,1.3,324956.688,324956.688
603766.SH,20260521,1.0877,1.35,17.7178,2.9592,1.5025,4.3134,2856476.7134,2856476.7134
688228.SH,20260521,5.657,0.98,,5.7848,17.7737,,721442.1168,721442.1168
002316.SZ,20260521,7.998,2.13,502.2853,26.8099,3.7278,,209926.08,181979.19
920925.BJ,20260521,2.4429,0.97,259.2054,3.7479,4.6775,0.2103,137434.2757,77026.0088
000950.SZ,20260521,3.3127,0.84,24.4707,0.9034,0.1286,0.976,1057649.034,1057649.034
002413.SZ,20260521,6.2953,1.26,,4.5694,9.9296,,1502729.0858,1475495.3361
002443.SZ,20260521,7.8747,0.91,43.562,1.8904,1.5283,0.2299,659518.5038,657646.5075
600056.SH,20260521,0.8001,0.65,30.2818,1.2323,0.4197,1.0637,1480920.9505,1480397.9632
300737.SZ,20260521,7.9778,2.03,,2.0926,1.3728,4.6357,838028.6282,669603.9175
000058.SZ,20260521,0.7752,1.01,130.1738,4.5499,5.5407,0.166,927094.106,741508.7336
300337.SZ,20260521,4.2494,1.06,123.7052,6.0377,1.5429,0.077,1067709.3556,924121.8368
688652.SH,20260521,10.2865,1.3,166.4189,11.7358,17.8129,0.0796,2637600.0,1895775.0
301008.SZ,20260521,5.8647,0.8,172.1907,2.5495,3.3987,,384769.9815,339752.4765
688627.SH,20260521,10.5914,1.05,401.1726,22.0936,29.4827,0.0774,3858783.6732,2970829.2676
920837.BJ,20260521,0.539,0.91,23.3452,3.3865,3.0243,2.1053,187365.2919,168932.9169
688333.SH,20260521,3.9405,0.89,100.7737,4.7458,12.1679,0.1272,2373435.4494,2373435.4494
301071.SZ,20260521,9.4549,0.99,118.8484,2.8891,22.2448,0.2457,1553565.4363,1151247.2437
600400.SH,20260521,4.7784,0.84,,4.9888,2.9313,,691994.2993,691994.2993
300537.SZ,20260521,19.3571,0.93,515.9248,6.494,12.0422,,588923.6805,430100.474
600905.SH,20260521,0.5635,0.85,50.6744,1.3032,4.2181,1.6381,11692348.9081,11692348.9081
600116.SH,20260521,1.7265,0.89,26.3815,1.0999,1.1884,1.3667,1246717.1734,1246717.1734
002686.SZ,20260521,5.6257,1.38,207.3052,2.4145,2.5358,0.1452,389572.5235,359637.4543
600595.SH,20260521,1.8948,0.95,12.8674,1.5844,1.1511,,2841604.7258,2841604.7258
300942.SZ,20260521,1.3292,1.13,421.091,3.456,10.5918,0.2434,287598.902,287598.902
603500.SH,20260521,1.9393,1.03,24.1582,3.0977,4.0449,1.2949,334121.407,333939.5053
001266.SZ,20260521,20.9533,1.5,108.1522,5.3755,5.9572,0.5816,530208.6417,297436.5762
300614.SZ,20260521,1.9398,0.99,,2.7936,5.4974,,201834.3742,201834.3742
002457.SZ,20260521,16.0789,1.37,34.3975,1.743,1.706,1.1943,442536.9836,442249.7531
002590.SZ,20260521,3.3221,1.0,31.6259,2.1937,1.3631,0.4597,676325.3775,644928.7951
600483.SH,20260521,1.3326,0.79,10.2631,1.0518,2.1563,3.6338,2930270.2509,2930270.2509
002008.SZ,20260521,6.9435,1.18,106.3632,7.1747,7.0076,0.1403,14681114.9947,13641975.7399
002561.SZ,20260521,1.1376,1.12,,1.4055,8.6109,,304754.279,303784.2026
603679.SH,20260521,4.7014,0.58,,3.3642,5.6345,,296202.9237,296202.9237
600284.SH,20260521,3.3832,1.09,24.3079,0.859,0.508,2.5496,685000.736,685000.736
001298.SZ,20260521,4.7359,1.17,82.3605,5.823,0.9935,0.2155,968831.4205,912619.5635
600885.SH,20260521,1.8673,1.57,28.4545,4.1491,2.8423,1.0309,5209202.4576,5209202.4576
600416.SH,20260521,3.3784,1.72,78.0436,1.7888,3.5524,,1741423.2131,1741423.2131
002356.SZ,20260521,2.461,1.2,107.7201,6.5631,7.565,,393376.3563,393374.1063
300324.SZ,20260521,3.3396,1.13,,3.3443,4.3978,,827515.895,819085.6162
688435.SH,20260521,5.6222,0.97,,3.2046,18.1214,,347109.5,232992.1596
000668.SZ,20260521,1.7339,0.84,91.0417,3.4193,6.7358,,255504.8886,255504.8886
300896.SZ,20260521,1.4988,0.91,27.3527,4.1069,12.9321,1.924,3133340.7917,2117093.4807
603517.SH,20260521,3.3787,1.57,,1.332,1.5315,2.4962,801134.5594,801134.5594
603809.SH,20260521,2.8782,1.63,37.3867,2.7422,3.7515,,1034404.6191,1034404.6191
600328.SH,20260521,2.2104,0.78,,0.8961,0.965,,1061608.1019,1061608.1019
603111.SH,20260521,1.0596,1.01,15.8478,1.3725,1.3377,3.7611,564630.0902,558635.4804
688141.SH,20260521,3.7308,0.74,,34.2916,14.8024,,4280306.8935,4280306.8935
002510.SZ,20260521,6.4565,0.95,126.0601,2.9751,3.1209,0.4038,754248.06,746601.2809
002902.SZ,20260521,19.0563,0.82,,13.8526,4.8969,,840627.4148,635389.8285
300930.SZ,20260521,3.5492,0.8,52.9762,3.4123,3.6914,0.3098,322800.0,152119.5032
920855.BJ,20260521,0.519,1.04,39.3337,1.8352,4.0954,1.4685,106868.6662,95862.7827
601766.SH,20260521,0.9743,1.05,12.1753,0.9362,0.5911,5.5846,16444449.1224,13939828.2815
688283.SH,20260521,2.5034,1.08,103.9575,5.4479,21.8087,0.5828,539574.0,539574.0
301012.SZ,20260521,13.9356,1.46,176.5651,6.6309,5.8946,0.2529,790007.2098,790007.2098
601828.SH,20260521,0.7956,0.77,,0.477,1.6506,,1075360.9046,892263.353
603903.SH,20260521,7.3024,0.71,,2.3333,3.3021,,333447.2409,333447.2409
920116.BJ,20260521,1.6419,1.02,154.0187,26.017,48.6119,,1564037.475,1502366.775
000027.SZ,20260521,1.2057,0.73,17.2361,1.031,0.7911,2.069,3449107.6891,3449107.6891
920689.BJ,20260521,2.02,0.59,34.3104,3.8448,3.1867,1.5111,194289.8,100402.3432
600419.SH,20260521,1.3921,1.13,19.1227,1.1248,0.9891,0.2396,276388.7257,276388.7257
300517.SZ,20260521,9.3442,1.45,550.6367,2.4377,13.8522,,254926.2607,160582.5295
603409.SH,20260521,5.6096,1.29,33.4375,3.4455,4.134,1.1784,534745.29,153445.1588
002424.SZ,20260521,0.8547,1.05,,2.0852,2.2641,,663859.24,576276.8932
688046.SH,20260521,1.1974,0.93,53.4569,3.7476,10.282,0.6704,854030.0,854030.0
002554.SZ,20260521,2.8633,1.5,,2.249,1.8023,,429457.8632,429377.6298
603776.SH,20260521,2.2449,1.18,,1.8207,13.8616,0.9589,623288.4698,623288.4698
002133.SZ,20260521,2.8655,1.07,31.8169,0.7935,0.6529,1.6616,229920.82,228651.4497
002713.SZ,20260521,3.3587,0.93,336.4665,14.8443,20.2628,,1289154.0243,713408.626
688535.SH,20260521,12.5848,0.93,627.7247,8.9508,32.1471,0.0499,1918985.8761,1612549.4304
001396.SZ,20260521,17.2057,1.92,38.2973,3.437,6.2222,,491751.1136,102152.8624
000967.SZ,20260521,5.4878,0.94,67.8924,2.212,2.7162,1.5111,3960945.1009,3959114.1708
300107.SZ,20260521,6.8279,0.99,,2.6586,7.8642,0.2291,392822.0231,242473.4708
301500.SZ,20260521,7.5964,0.7,21.5426,2.8553,0.9064,0.3529,1481305.4799,379717.5608
002600.SZ,20260521,5.1857,0.83,53.6487,4.6775,2.1573,0.2564,11342324.3514,11173941.8465
301262.SZ,20260521,3.6816,1.11,23.7617,2.4186,9.8699,2.8054,921570.0,269786.6163
301176.SZ,20260521,7.2164,1.25,,4.6483,3.5566,,691313.6014,670815.2031
002300.SZ,20260521,6.7101,0.72,85.1427,3.5024,0.529,1.1918,666714.0051,666678.2952
002379.SZ,20260521,2.5609,0.97,10.9098,5.4923,1.3674,1.2101,26922290.2053,2347748.1737
300807.SZ,20260521,6.1579,1.4,,7.2045,22.3574,,323188.0383,246714.9478
920028.BJ,20260521,13.1738,0.89,31.9793,3.1841,4.2169,,360934.56,142651.2816
688526.SH,20260521,0.2944,1.06,17.1155,1.5467,7.1563,2.9906,667029.2481,667029.2481
600179.SH,20260521,1.6222,1.58,17.1055,1.5516,2.0514,,1878797.9787,1714851.6518
300076.SZ,20260521,4.3419,1.73,,2.5608,23.7016,,214968.0,214968.0
600570.SH,20260521,2.2053,1.47,37.0208,4.9691,8.752,0.3812,4955676.6642,4955676.6642
688084.SH,20260521,2.4727,1.36,,3.0088,14.3044,,461368.9845,461368.9845
300358.SZ,20260521,2.7363,1.25,19.2267,1.1425,1.0993,,636432.3962,624157.3311
301152.SZ,20260521,7.6102,1.24,,2.9628,1.5589,,358832.3012,214499.1636
301585.SZ,20260521,2.7468,1.71,41.0941,2.9089,5.8563,1.0954,292136.0,191317.9872
002842.SZ,20260521,15.65,1.06,27.1292,7.1718,3.4041,,1046951.7504,859079.5488
920719.BJ,20260521,2.8793,0.56,,8.8815,5.7198,,98399.7238,77365.7007
002550.SZ,20260521,1.4097,1.06,25.645,2.901,5.6006,1.8112,828030.6,608982.3965
688701.SH,20260521,1.6323,0.95,,10.6139,10.6928,,137902.861,137902.861
301053.SZ,20260521,4.4158,0.58,239.2072,5.3171,7.5174,0.4871,503519.3003,467584.256
920729.BJ,20260521,1.1169,1.02,54.7055,3.0848,9.5474,1.6905,210206.15,59078.4565
603006.SH,20260521,1.9038,1.42,33.874,2.5875,3.799,5.4913,351887.882,351887.882
300649.SZ,20260521,6.6951,0.77,,6.2624,19.3778,0.2393,276618.2962,221672.0708
920634.BJ,20260521,2.5219,1.22,67.1027,3.9813,1.3667,0.5602,114077.1473,72341.9891
603021.SH,20260521,2.2969,0.8,,,5.724,,207006.4013,207006.4013
600103.SH,20260521,7.032,1.14,239.1882,2.3553,3.968,0.2887,936665.5802,924753.5416
002955.SZ,20260521,1.2765,0.88,616.7395,1.8069,1.7366,,580714.344,480117.3748
003037.SZ,20260521,2.7414,3.55,124.1494,1.5423,0.7134,0.6922,430734.6935,430734.6935
600476.SH,20260521,1.791,0.73,,,3.6107,,191834.37,191834.37
300519.SZ,20260521,2.1465,1.12,42.8569,2.7782,9.2164,1.9987,240160.0,171264.1
300639.SZ,20260521,4.229,0.98,,1.0497,6.0407,,399537.4165,392531.5813
300343.SZ,20260521,2.6653,1.12,168.4051,3.627,6.4858,,710469.2945,709035.8937
300738.SZ,20260521,10.9941,1.0,139.093,6.1915,8.9676,0.0531,2410761.2489,2410002.7768
001314.SZ,20260521,2.9834,1.18,68.0404,3.5399,1.4459,0.1703,747402.16,651799.9896
688131.SH,20260521,4.223,1.8,64.8861,5.1082,5.3057,0.1066,1591416.1019,1591416.1019
603505.SH,20260521,5.4894,0.88,55.1287,9.3065,4.4699,0.5028,1764979.5009,1764979.5009
002109.SZ,20260521,1.4765,0.68,,0.9475,0.9825,,371394.5266,371394.5266
000011.SZ,20260521,0.7822,0.7,2704.1362,1.3208,1.8176,,444600.4026,392750.7551
600084.SH,20260521,0.7824,1.02,,4.4131,40.4956,,561863.415,561863.415
600166.SH,20260521,2.1149,0.87,17.1685,1.5252,0.3944,,2454394.1138,2454394.1138
688148.SH,20260521,4.2034,1.14,624.3945,12.7373,1.9313,,489766.1309,489766.1309
300826.SZ,20260521,2.9885,0.93,200.0898,1.9085,3.4062,0.1708,286543.8843,275566.9118
603598.SH,20260521,9.0949,0.8,304.6524,27.226,0.7145,,608404.6224,607727.8224
600855.SH,20260521,4.0145,0.93,,6.1123,6.9631,,854621.9359,852974.8639
300302.SZ,20260521,15.1596,0.69,424.3365,23.4813,54.1421,,2586107.454,1990119.7774
603029.SH,20260521,2.3315,1.47,29.6236,2.3052,2.1881,0.9435,221206.466,221206.466
605180.SH,20260521,1.3127,1.51,114.8914,2.1601,6.5219,0.8856,248092.0,248092.0
301300.SZ,20260521,3.0529,1.15,28.4408,2.8914,4.6714,2.8408,243323.908,145444.9367
688485.SH,20260521,11.4857,1.09,,6.5923,35.332,0.0407,824502.2521,486926.2673
301378.SZ,20260521,7.3673,1.06,,2.6837,8.4335,,318876.6,151563.8668
603656.SH,20260521,1.7181,1.31,103.771,2.5526,5.2437,0.2658,338814.803,338814.803
301212.SZ,20260521,3.2834,1.11,404.4832,2.6283,5.0449,0.3654,354672.0,307875.0
002810.SZ,20260521,3.3593,0.57,45.4563,4.0685,4.4363,0.3824,905692.0081,839342.9071
300756.SZ,20260521,2.2181,0.97,68.1626,4.987,10.2523,0.1066,739450.6418,643448.3617
601865.SH,20260521,1.2114,1.03,31.0898,1.2878,1.8714,,2837228.076,2302141.671
300403.SZ,20260521,7.3002,1.5,34.9437,3.4093,6.5167,1.0492,747117.0,529125.9647
002817.SZ,20260521,2.1038,1.12,35.3204,2.2951,5.1312,0.9467,224323.6275,217529.4713
301196.SZ,20260521,6.8486,0.78,70.2648,5.2736,7.7504,0.8528,1762913.6521,1153035.9435
000691.SZ,20260521,1.9058,0.81,,8.7963,6.9593,,400046.625,266697.75
002975.SZ,20260521,10.6161,0.95,98.7576,9.7723,10.9638,0.0652,2299844.6328,1517762.131
000571.SZ,20260521,3.8364,0.76,,317.2116,8.886,,478303.53,463975.5255
002214.SZ,20260521,0.6995,0.79,,8.8302,31.8976,,1110519.2844,887462.8913
301258.SZ,20260521,1.0876,1.08,70.4535,1.4225,6.4201,0.312,264834.63,257308.785
301018.SZ,20260521,6.7087,0.97,216.3137,14.902,9.8394,0.1031,4130461.9263,3075294.1338
002585.SZ,20260521,9.8175,1.01,,1.1188,1.8564,0.3676,931319.2514,723593.4949
002833.SZ,20260521,3.3404,1.02,19.2233,2.8542,3.3351,3.4826,852706.8386,579340.7061
300822.SZ,20260521,1.4353,1.53,195.7026,3.7168,5.7896,0.2009,462942.7932,429427.307
002099.SZ,20260521,0.9667,0.66,,1.8215,4.8368,,900005.6807,898140.3618
000810.SZ,20260521,2.1694,1.56,56.1204,2.1928,1.52,0.3951,1444645.6472,1394921.3558
600801.SH,20260521,0.7789,0.99,11.9191,1.1785,1.0441,4.2906,3873168.8941,2499582.7201
300007.SZ,20260521,14.6831,1.72,99.5976,5.6166,7.1542,0.0789,1659494.3971,1433971.7927
920832.BJ,20260521,0.9565,1.1,,1.194,2.5194,1.2678,87559.9988,77828.5401
920701.BJ,20260521,0.6312,0.72,31.317,2.3723,2.2571,1.4607,201272.4,147004.0211
002847.SZ,20260521,1.3903,0.77,19.3393,7.138,2.6673,2.4652,1548990.9767,1395696.7738
002969.SZ,20260521,7.7237,1.51,151.7215,6.5678,6.9674,0.133,2138771.1474,2127555.5201
600884.SH,20260521,6.1073,1.17,43.0347,1.4449,1.4676,,3252650.9999,2653568.6927
300433.SZ,20260521,4.7566,0.99,56.036,3.5289,2.696,1.3654,19272682.9164,18144374.7329
002626.SZ,20260521,1.0025,0.67,34.1962,2.204,2.8954,2.5141,970407.8005,970288.4755
300477.SZ,20260521,4.1247,0.59,,36.1981,1.8626,,300165.2324,277483.6285
300349.SZ,20260521,6.1337,1.05,24.0307,1.3369,1.9316,3.4325,605376.5172,536463.2165
600818.SH,20260521,6.5055,0.57,,3.99,1.9762,0.1613,199297.7042,147533.9042
000062.SZ,20260521,6.0997,1.01,62.2576,5.1395,1.2693,1.5047,3475556.677,3472202.9559
001325.SZ,20260521,7.6699,0.78,22.1142,1.9156,2.3931,,349664.0,87416.0
603277.SH,20260521,0.2553,0.89,23.4166,2.6965,2.8043,5.5546,768965.2292,764011.7693
002702.SZ,20260521,2.8477,1.0,,2.9645,1.845,,307335.28,253685.2938
688166.SH,20260521,3.6854,1.56,490.1223,9.2464,19.1765,0.1627,2492204.2085,2492204.2085
001238.SZ,20260521,0.4001,1.17,130.1148,4.262,2.7578,,497138.52,465050.3863
605098.SH,20260521,1.0195,0.75,20.2167,6.5247,7.8299,2.6752,668640.9177,668640.9177
000630.SZ,20260521,2.4318,0.86,29.5308,2.0677,0.3834,2.512,7750674.5328,6440648.0044
001387.SZ,20260521,2.9054,0.98,28.0124,1.9124,1.1373,0.8696,252581.952,157196.2595
003026.SZ,20260521,14.6738,1.17,119.7226,8.7619,13.3412,0.3247,596895.495,445719.792
001209.SZ,20260521,3.3579,0.95,117.5605,2.0524,1.4423,0.9558,269095.4851,196609.6253
301131.SZ,20260521,4.2092,1.02,85.465,2.0193,1.3748,1.3025,223788.0007,160300.0664
605567.SH,20260521,2.0366,1.19,55.4765,1.8451,0.7633,0.9756,205000.0,205000.0
002893.SZ,20260521,16.9978,1.33,46.37,2.1416,2.1839,0.8924,301340.52,231775.9604
920112.BJ,20260521,0.8876,0.57,17.4565,2.7782,2.2046,1.6502,257095.5,70244.49
301592.SZ,20260521,7.2899,1.22,150.3095,9.1174,18.29,0.5724,856100.0,285673.5255
600516.SH,20260521,1.943,1.45,214.1025,1.2445,5.5413,0.3715,2033115.0358,2033115.0358
688393.SH,20260521,1.8873,1.16,,1.8833,6.331,0.4205,222503.9882,222503.9882
688311.SH,20260521,2.6552,0.7,,3.0846,10.6387,,548834.5707,548834.5707
920726.BJ,20260521,2.7866,0.73,55.5121,3.7466,7.3705,1.1316,170703.93,93878.6909
300310.SZ,20260521,21.9889,3.35,338.5233,2.991,2.3522,,564261.4598,442478.4922
688589.SH,20260521,4.7498,1.65,787.3572,3.5489,10.2134,1.0745,337162.1618,337162.1618
605056.SH,20260521,2.7825,1.27,37.6799,5.4143,2.0728,1.7932,994825.476,980245.476
000958.SZ,20260521,0.8153,1.03,25.4763,2.3302,8.2194,0.9123,10562862.266,3273118.4602
002252.SZ,20260521,0.5607,1.44,26.6667,1.0878,5.1637,0.8984,3538045.9181,3535804.7997
605580.SH,20260521,1.613,0.89,35.0941,5.2408,5.068,1.2444,562520.0,562520.0
603559.SH,20260521,1.5963,0.59,,4.8287,8.5282,,378002.9142,378002.9142
301366.SZ,20260521,9.4747,3.24,181.772,3.989,7.232,0.6895,863498.6843,482141.9996
920906.BJ,20260521,2.2576,0.75,45.417,2.4854,1.9091,0.4045,142934.0,73382.5906
000838.SZ,20260521,3.0557,0.73,,,9.6447,,198083.1906,189677.8539
000783.SZ,20260521,3.3673,1.5,11.0125,1.2566,4.06,1.7921,4628671.0575,4628671.0575
603333.SH,20260521,9.5746,1.19,,2.9409,3.7922,0.1007,600395.6481,600395.6481
000533.SZ,20260521,8.3124,0.71,84.1971,8.4862,3.7272,,836578.176,829416.8064
001330.SZ,20260521,8.3016,0.88,,3.4247,12.9555,,1301669.4778,1101216.4139
301065.SZ,20260521,2.5551,1.27,31.8305,1.7036,3.6978,0.8739,236106.54,192162.2625
600835.SH,20260521,2.561,1.04,34.2249,1.8572,1.3579,1.6355,2626394.5429,2071103.0424
300231.SZ,20260521,5.7431,1.41,92.6038,2.8991,2.6697,0.931,477174.8341,477150.3308
603207.SH,20260521,1.7433,1.18,19.6708,3.4819,7.3925,8.8175,400602.62,135510.4
603928.SH,20260521,2.5649,1.05,34.6078,2.5795,2.5291,1.0069,416445.12,416445.12
000962.SZ,20260521,6.1677,1.09,116.552,7.4549,17.747,0.2148,2984897.0794,2838930.4179
603298.SH,20260521,0.6322,1.13,16.2293,3.0023,1.9912,2.5372,3613771.4432,3613771.4432
002919.SZ,20260521,2.7946,0.6,273.985,8.3107,4.3207,0.1961,678575.364,673666.9917
301276.SZ,20260521,4.1661,1.4,30.4597,1.5596,2.9023,2.2953,338774.4,188907.5247
601137.SH,20260521,2.8291,0.93,,1.9626,0.8586,2.2065,1841568.9413,1840205.5413
600933.SH,20260521,3.9485,1.98,15.9088,1.8331,2.3504,1.6394,1802733.2838,1716771.539
600848.SH,20260521,0.9885,1.18,23.8367,1.3096,2.8302,2.2962,2197086.1805,2085097.5898
300468.SZ,20260521,4.1819,1.28,195.0587,8.6672,21.4177,0.2267,1404628.6309,1402353.1956
600792.SH,20260521,2.3791,1.21,,1.7739,0.7608,,432870.204,432870.204
300172.SZ,20260521,3.3087,1.01,42.0676,1.7647,4.6084,2.0284,333618.03,257807.2873
603222.SH,20260521,2.5009,0.92,,4.487,7.475,,499361.1749,499361.1749
301320.SZ,20260521,4.9567,1.15,,2.7317,2.995,0.6228,287939.82,107906.9149
300580.SZ,20260521,3.949,1.53,48.6023,4.0741,8.8871,0.6216,1368829.5265,1287814.4862
002105.SZ,20260521,2.6982,1.53,,2.8936,1.8616,,231098.6705,229981.1852
600037.SH,20260521,1.7337,1.07,156.6117,0.828,4.3206,0.3553,1057751.1918,1057751.1918
300505.SZ,20260521,6.1864,0.86,14.5964,2.0903,1.4211,1.3357,617352.4567,488193.3046
000609.SZ,20260521,3.586,0.59,,,14.0087,,443511.5036,431348.3591
002941.SZ,20260521,2.0201,1.23,21.2023,2.0986,1.0337,0.9844,983704.5799,983704.5799
600643.SH,20260521,1.5009,1.51,,0.7526,7.103,,739231.241,737923.1962
603197.SH,20260521,4.1911,2.55,39.9296,2.3471,0.8309,2.3448,754658.8757,744944.5277
603558.SH,20260521,1.2413,0.62,9.341,1.8262,1.5643,4.9606,407396.6403,407396.6403
688696.SH,20260521,1.5658,0.99,44.6477,2.009,1.6962,1.367,585227.16,585227.16
688362.SH,20260521,9.8406,1.16,259.1858,8.3213,4.6924,,2170263.2259,2170263.2259
002949.SZ,20260521,1.9585,1.05,28.4177,1.7922,2.3125,2.608,263095.9933,203831.1596
301584.SZ,20260521,4.3033,1.0,35.7717,4.7109,0.5256,,1021624.6343,130257.1411
000407.SZ,20260521,5.5799,1.72,25.9758,1.38,1.0557,1.1753,426841.0582,424750.7596
600138.SH,20260521,1.0299,1.0,74.0851,0.9447,0.5111,0.8516,594996.48,594996.48
603063.SH,20260521,8.1854,0.9,54.7939,5.0429,6.5836,0.2278,2612480.2952,2612480.2952
301511.SZ,20260521,10.6828,1.06,256.3838,14.8964,4.3387,,6192913.65,3680750.0761
600566.SH,20260521,0.5393,0.81,15.1696,1.7586,4.4671,7.2894,2635954.0636,2627059.7496
300138.SZ,20260521,1.3179,0.8,14.2578,1.5261,0.7846,2.8544,507738.1977,418627.2699
000002.SZ,20260521,1.3557,1.06,,0.3745,0.1845,,4139956.1864,3371776.7452
301127.SZ,20260521,3.0922,1.78,42.0932,2.6623,4.956,,901237.8966,874719.6461
002889.SZ,20260521,1.8814,0.81,51.154,1.9974,1.4784,0.4037,501164.7353,333403.1686
301048.SZ,20260521,1.0812,1.26,25.8813,1.9338,1.667,0.5979,554133.4026,554133.4026
000888.SZ,20260521,1.2166,1.01,25.5639,2.0672,6.0698,3.087,563270.106,563270.106
301019.SZ,20260521,2.407,1.09,32.49,3.2511,7.5639,2.6702,370672.7396,235057.4813
000908.SZ,20260521,1.2308,0.58,,6.1286,33.1789,,1279191.9064,639595.8078
000799.SZ,20260521,3.0654,0.95,,3.5989,12.5543,1.4364,1357228.3495,1357099.9067
603535.SH,20260521,1.4217,0.6,,1.6497,3.8534,,409245.5831,409245.5831
002721.SZ,20260521,1.9256,1.07,89.4416,3.4724,7.8162,,747285.3908,747285.3908
603985.SH,20260521,8.5941,1.04,92.8669,3.3006,2.4685,,1102585.8655,1102585.8655
600605.SH,20260521,2.8673,1.16,279.7554,4.572,56.5237,0.1271,649170.8041,649170.8041
002403.SZ,20260521,2.2967,1.04,,2.8026,1.4222,0.1582,387646.7029,338169.7347
002607.SZ,20260521,2.8403,1.29,265.4619,18.5506,6.599,,1492510.6521,1341512.5313
603668.SH,20260521,1.1334,0.93,,2.9349,1.0278,,622129.9804,622129.9804
603180.SH,20260521,0.9145,1.36,,1.0541,0.8808,2.1032,284450.1662,284450.1662
000633.SZ,20260521,2.6502,1.03,312.5553,11.5938,8.2215,,231063.8238,231061.4388
002462.SZ,20260521,1.733,0.7,37.7791,0.8891,0.2074,1.2706,390304.1266,389987.4206
605369.SH,20260521,0.9746,0.67,77.053,2.516,3.7262,1.4558,432166.18,432166.18
002735.SZ,20260521,4.997,1.12,,3.1432,2.2661,0.1011,491207.9481,373142.6774
002986.SZ,20260521,2.3367,1.16,,1.2293,0.5484,2.4647,466789.0694,370656.3788
000425.SZ,20260521,2.2403,1.53,16.9654,1.7975,1.0797,1.835,11207628.3997,8586029.4882
601881.SH,20260521,0.8617,1.64,10.5813,1.1195,4.8292,2.5866,13569593.1997,8989081.2701
301062.SZ,20260521,3.3897,1.41,,2.4136,2.8237,1.1893,327135.5695,236498.7957
002291.SZ,20260521,6.0836,1.05,,1.999,2.0079,,594742.9045,552763.6717
603600.SH,20260521,1.2143,0.69,15.5684,1.6397,0.7679,3.9546,384954.6431,349544.3096
688521.SH,20260521,4.5282,0.88,,45.713,39.9773,,14385886.3776,14385886.3776
000822.SZ,20260521,2.3351,0.98,,1.2128,0.9406,,453811.6065,453811.6065
600500.SH,20260521,3.8492,0.74,,2.0938,0.4602,,2127865.6377,2127865.6377
688232.SH,20260521,1.0578,1.29,133.2409,1.3038,3.8274,1.6559,699988.8137,699988.8137
301009.SZ,20260521,2.421,1.36,141.7512,2.0478,2.369,0.6779,275122.32,152847.4483
603066.SH,20260521,2.0985,1.09,26.783,2.1998,2.5037,0.4557,335659.4644,335659.4644
300101.SZ,20260521,3.8133,1.22,695.3053,6.1869,11.9805,0.3807,1090378.944,1086679.7222
603887.SH,20260521,4.6188,1.01,,2.3848,2.115,,830800.601,830800.601
002812.SZ,20260521,4.4085,0.98,198.7872,2.9286,5.0579,,7491702.1103,6275228.1147
603036.SH,20260521,2.4419,0.75,30.0084,2.1231,6.9115,1.3774,299120.7483,299120.7483
601101.SH,20260521,2.2947,0.92,27.2112,1.2279,1.8678,4.3619,1511997.8223,1511997.8223
688116.SH,20260521,3.575,0.98,69.317,4.1603,12.2618,0.3414,1566924.518,1566924.518
000801.SZ,20260521,3.4909,2.27,79.717,4.4044,3.1865,0.7455,1372038.4247,1371556.9931
600649.SH,20260521,0.9431,1.02,35.323,0.458,0.7434,1.039,964232.7957,964232.7957
603238.SH,20260521,1.8324,0.61,21.4654,1.6924,0.8515,2.1038,253127.834,253127.834
300352.SZ,20260521,3.8446,0.83,,4.8522,16.8673,,490040.5414,431330.8036
601778.SH,20260521,7.8429,0.53,96.5695,1.388,6.7587,0.4282,2278079.4618,2278079.4618
600380.SH,20260521,0.6801,0.89,14.1516,1.1918,1.2531,1.9666,1860554.0936,1860554.0936
000720.SZ,20260521,5.8478,0.55,,3.273,4.2612,,615700.4698,615700.4698
600120.SH,20260521,1.0301,0.66,18.1818,1.0263,,2.3655,1683783.0756,1683783.0756
300236.SZ,20260521,7.9146,1.33,88.3406,6.4843,14.9995,0.2596,3120032.7153,2773244.8155
002675.SZ,20260521,1.2542,1.08,51.3322,2.4853,3.913,0.6289,1048885.7368,945584.4404
603160.SH,20260521,1.6245,1.27,38.9559,3.2149,6.3713,0.8482,2956517.5376,2956517.5376
603121.SH,20260521,6.0866,1.79,,5.7727,5.3641,1.0689,633396.5808,633396.5808
000514.SZ,20260521,1.7198,1.52,,1.0231,4.6045,,375478.0794,375478.0794
688244.SH,20260521,1.6412,1.04,,2.9619,10.1081,0.1808,280788.4253,280788.4253
001258.SZ,20260521,9.9843,1.77,95.6644,3.1595,8.7012,0.1646,964133.334,964123.2623
002552.SZ,20260521,9.497,1.05,81.5061,8.969,4.0906,0.5525,1404506.8982,1333981.9062
688085.SH,20260521,1.4562,1.25,101.7844,2.7524,10.6116,0.02,583559.3715,557797.5025
603391.SH,20260521,8.3806,1.17,32.179,2.9581,6.0715,2.1639,630812.0,157703.0
600128.SH,20260521,1.902,1.1,40.9495,1.1009,0.3305,1.0386,237603.5728,232948.52
603406.SH,20260521,2.5876,0.72,29.0063,2.6719,3.6538,1.6,1250031.25,114570.4469
600689.SH,20260521,2.5771,1.4,216.9664,5.3215,1.8264,0.1195,252244.1355,191016.1995
000605.SZ,20260521,1.8519,1.32,256.26,1.0871,1.1757,0.3026,233107.3346,233107.3346
002011.SZ,20260521,1.9372,0.93,12.583,1.9479,1.0171,,1329375.6209,1310674.8615
601199.SH,20260521,2.0687,0.9,15.1411,1.1616,3.7241,2.3973,546162.8105,546162.8105
603278.SH,20260521,20.4004,0.83,,2.4464,0.9566,,473678.5173,473678.5173
002737.SZ,20260521,0.7802,1.28,,1.8976,2.999,3.8971,749272.0,749271.6151
603118.SH,20260521,12.0488,1.07,138.0847,2.1754,1.1835,,1103761.5212,1103761.5212
603439.SH,20260521,4.2061,1.16,109.0335,3.5574,3.1695,2.5911,531200.3506,524588.4406
002377.SZ,20260521,4.616,1.57,115.7065,7.0998,1.0845,,282228.1619,268706.1827
301136.SZ,20260521,2.0848,1.24,3078.8682,2.7159,6.9043,,392992.483,392553.373
002037.SZ,20260521,1.8147,0.98,,3.6558,0.5808,,375493.6472,375493.6472
300905.SZ,20260521,9.1901,0.89,78.0356,6.2835,8.1652,0.7157,1245412.1971,971518.8291
300234.SZ,20260521,5.6389,1.01,,3.1907,12.3858,0.1955,360270.5004,246294.7235
603077.SH,20260521,2.128,1.14,,1.2696,3.2879,,2252083.0481,2252083.0481
003021.SZ,20260521,5.8664,1.17,123.9876,5.8044,17.4867,0.255,2982323.0003,2311513.8182
920571.BJ,20260521,8.9012,1.2,83.6831,4.3929,5.8461,0.9166,605949.5312,308445.1045
600340.SH,20260521,2.5341,0.9,,,0.5173,,428269.0568,428269.0568
301085.SZ,20260521,8.1251,1.17,,6.9014,4.6496,0.1568,659321.5787,447611.4157
920826.BJ,20260521,2.3072,0.76,28.8398,3.5521,2.1334,1.0111,138970.14,61787.2538
300014.SZ,20260521,3.5122,1.08,31.0264,2.8922,2.004,0.725,13898233.8993,13509344.1074
300435.SZ,20260521,3.7695,1.03,19.9988,2.3327,3.0231,1.2279,785311.668,751028.7569
002766.SZ,20260521,6.6731,3.06,,4.1634,7.1883,,444085.8351,440358.3796
688619.SH,20260521,5.6248,0.95,,5.0983,21.4502,,335271.9799,335271.9799
301590.SZ,20260521,12.7566,0.86,198.1074,4.21,6.8809,0.6178,815830.6832,166892.0114
603326.SH,20260521,1.7495,1.16,17.9384,2.1553,1.8806,5.5901,256937.4287,256937.4287
688045.SH,20260521,5.4213,1.05,121.5358,3.2966,6.169,0.0813,472018.9024,472018.9024
600668.SH,20260521,1.712,1.08,,0.6331,1.3761,0.9921,346836.499,346836.499
002933.SZ,20260521,2.1502,1.47,130.7333,2.2656,8.9435,0.0673,348529.5,346728.7385
000892.SZ,20260521,6.2352,1.59,,6.6732,7.734,,403182.9744,292153.7826
601328.SH,20260521,0.5883,0.93,6.0857,0.504,2.1867,2.3539,58673552.7241,17312099.8738
600777.SH,20260521,0.3563,1.12,50.6795,1.7352,5.8069,,3849080.637,3603242.2533
601728.SH,20260521,0.5491,0.85,18.3473,1.2407,1.1157,4.3134,58107033.0739,49294877.7239
600594.SH,20260521,3.4062,0.96,,1.3466,1.6895,,290637.3558,290637.3558
002688.SZ,20260521,0.9432,0.91,112.6329,1.9094,1.4569,1.7238,436308.9937,423811.8708
601872.SH,20260521,1.9365,1.13,18.1701,3.1896,4.6158,1.2697,14372678.5336,14372678.5336
688429.SH,20260521,3.5673,1.18,,4.1104,4.8572,,530001.06,158771.1288
000543.SZ,20260521,3.3661,0.93,8.9207,1.0923,0.7134,3.7707,1917766.378,1917766.378
600802.SH,20260521,1.5946,1.05,,2.6544,1.6739,,242871.652,242871.652
600955.SH,20260521,1.2517,0.97,,1.241,1.0528,0.1722,952050.0,952050.0
688479.SH,20260521,3.4427,1.32,117.6639,2.9841,10.9575,1.2681,562116.273,242726.273
002442.SZ,20260521,27.9604,6.3,187.1609,2.0179,0.8687,1.6283,370924.6578,363092.5448
920130.BJ,20260521,2.1374,1.26,,3.5441,4.7453,,165392.1221,101461.6009
300678.SZ,20260521,2.8329,1.29,522.3159,9.5666,11.6976,0.18,823361.122,808945.7383
600016.SH,20260521,0.4583,0.88,5.2685,0.2686,1.0742,5.6091,15455193.7312,12518129.4942
300346.SZ,20260521,13.6255,1.26,110.6181,11.313,14.7113,0.825,3853890.8911,3657800.4686
300669.SZ,20260521,3.0848,2.17,371.8491,7.4588,20.3707,0.2919,656740.4326,621959.7853
002960.SZ,20260521,2.8185,1.33,31.5403,1.6161,2.1216,1.3114,994725.4869,914000.5589
600152.SH,20260521,10.1755,0.75,,4.0307,4.3831,,660820.1394,660820.1394
600868.SH,20260521,3.0812,0.66,,3.2278,15.4633,,624490.9154,624490.9154
300984.SZ,20260521,5.3537,1.44,175.6731,8.2346,6.9678,,887809.8901,636980.0678
600763.SH,20260521,2.2051,1.06,32.5304,3.7152,5.6175,1.2255,1642445.6376,1642445.6376
300550.SZ,20260521,3.5493,1.03,83.0063,3.0746,8.1194,0.1868,351305.4687,350958.1841
603739.SH,20260521,2.0382,0.69,44.7738,1.943,2.496,0.7236,349685.8928,349685.8928
688266.SH,20260521,1.8405,1.29,54.8312,15.9376,17.6343,,2730200.2304,2730200.2304
600535.SH,20260521,0.7533,1.19,18.5056,1.6826,2.5739,1.4604,2148300.1072,2148300.1072
605060.SH,20260521,2.3957,0.74,53.2221,5.1353,9.8636,0.6441,1297993.84,1289083.458
300600.SZ,20260521,1.5464,0.98,,2.82,11.8607,,338369.652,338369.652
000589.SZ,20260521,2.1671,1.18,9.9743,0.7966,0.6593,3.5954,732228.1414,727610.5516
300420.SZ,20260521,6.8091,0.91,112.3655,2.0747,6.0776,,493441.534,493393.3118
600104.SH,20260521,0.3804,1.04,14.101,0.4743,0.2203,0.7053,14254144.105,14254144.105
688689.SH,20260521,4.6664,1.03,56.6754,4.1342,4.7528,0.5603,522060.791,522060.791
603107.SH,20260521,1.259,1.23,30.4721,2.1726,2.1319,2.1368,473618.34,306316.2932
001336.SZ,20260521,4.0829,1.05,51.6908,2.8542,4.9636,0.5123,233806.5115,143481.3633
300500.SZ,20260521,2.1735,0.92,,2.0276,2.1108,1.292,201984.8229,194581.2258
688188.SH,20260521,1.4934,1.08,41.9639,7.6711,21.908,1.294,4924624.872,4924624.872
600107.SH,20260521,1.9703,1.38,,5.9227,9.8809,,240120.0,240120.0
002892.SZ,20260521,6.7952,1.28,454.6059,6.88,4.701,0.3545,875700.215,589321.7476
605006.SH,20260521,10.873,1.19,,3.4264,3.1545,,858669.2232,858669.2232
301317.SZ,20260521,13.9927,0.89,,9.5958,12.3,0.7779,1177038.72,390849.1367
002100.SZ,20260521,1.837,0.8,,1.4252,0.5847,3.0726,977520.0847,977520.0847
600303.SH,20260521,13.7908,4.32,,2.5249,1.6813,,237894.2654,235110.2654
603882.SH,20260521,1.3848,1.25,,1.8709,2.0081,3.4321,1187794.2171,1179785.0554
000756.SZ,20260521,0.7908,0.79,37.5101,1.8349,1.1221,1.7499,981626.9599,702949.1292
300296.SZ,20260521,7.9805,1.27,71.7225,2.2766,2.6495,1.525,1776345.0804,1489815.2361
002402.SZ,20260521,5.6731,1.3,42.1929,4.0618,2.5581,0.3289,2801654.0036,2480252.2651
688665.SH,20260521,1.2104,1.15,39.4924,4.4462,5.0945,0.6645,527212.0966,527212.0966
301486.SZ,20260521,12.9903,0.85,469.9771,11.852,30.3346,0.1683,3027863.8124,1704836.8552
688503.SH,20260521,7.8959,1.4,42.5779,4.9736,1.5326,0.3791,2638166.7087,2190025.8745
000581.SZ,20260521,2.0225,1.32,17.646,0.9478,1.5756,5.0502,1920036.3863,1576695.9238
603258.SH,20260521,1.1835,0.99,,1.8521,9.6804,,360967.116,357185.198
003012.SZ,20260521,0.7279,0.79,18.656,0.8199,1.0553,4.5337,620141.9007,608099.3582
920418.BJ,20260521,1.9175,0.91,26.7687,4.3639,5.3368,1.4571,390300.0192,376918.3619
301261.SZ,20260521,18.805,1.22,66.0476,5.3597,7.3274,0.6089,866069.9914,369360.6451
002212.SZ,20260521,2.7959,1.1,201.9832,0.8874,3.4356,0.2751,845668.4312,836627.1
300541.SZ,20260521,3.135,1.09,65.2361,2.9662,1.4163,0.1495,517773.5684,467173.8008
300033.SZ,20260521,9.2649,2.72,53.2156,41.8503,28.0653,1.5725,17777356.8,10355265.7887
300657.SZ,20260521,27.4687,1.63,132.4084,16.6216,3.2163,,2361451.4141,2294732.1659
000820.SZ,20260521,1.8597,0.84,,27.8148,6.8944,,239225.4162,109877.7445
301045.SZ,20260521,12.2389,1.82,161.664,5.7049,10.4357,0.0931,592188.9457,374235.6598
603011.SH,20260521,4.5968,1.37,,5.1189,4.5304,,954219.8634,954219.8634
920270.BJ,20260521,5.1148,1.18,56.4904,4.4489,8.2925,2.8329,184647.24,143462.8483
603926.SH,20260521,4.5254,0.94,71.4528,3.2892,2.4004,1.0621,575525.1302,566016.2742
001872.SZ,20260521,0.134,0.91,12.0986,0.858,3.2277,3.269,5628942.8156,5220939.9803
300408.SZ,20260521,2.6947,1.39,65.6036,8.7626,19.1494,0.4558,18871749.6122,18411959.4169
300465.SZ,20260521,3.5761,1.28,249.4138,9.3421,6.256,,624355.3453,624355.3453
002820.SZ,20260521,2.4708,1.17,,2.4598,4.5511,1.3633,214929.0757,214929.0757
601198.SH,20260521,1.4909,1.38,21.0294,1.4172,10.4025,1.2296,4363801.452,4363801.452
001277.SZ,20260521,1.7318,1.11,29.6662,1.7262,2.3461,0.9744,266760.0,159878.7064
600136.SH,20260521,0.678,0.72,,15.0574,6.956,,340817.9305,324495.9455
603689.SH,20260521,1.247,1.0,13.1364,1.1774,0.8904,4.4131,444312.2765,442313.5304
920026.BJ,20260521,2.8282,1.61,53.4381,4.2807,6.9173,0.6599,273645.5382,206284.432
688037.SH,20260521,6.3984,1.21,814.8936,20.5268,28.6931,0.0385,5749402.3454,5749402.3454
688230.SH,20260521,2.2806,1.47,74.1544,3.6928,19.811,0.6086,830844.0,830844.0
600251.SH,20260521,1.9938,1.26,17.7928,2.002,3.3522,1.7291,808850.3199,808850.3199
003023.SZ,20260521,7.5397,2.2,64.813,2.1074,2.8735,1.2598,334459.58,333756.997
600507.SH,20260521,2.035,1.4,13.6793,1.0659,0.6117,0.6826,1094137.872,1094137.872
603578.SH,20260521,2.9744,0.9,,2.4095,2.1458,,341494.3629,263140.9097
603199.SH,20260521,1.427,0.73,17.6955,2.311,4.3028,2.2534,378193.56,378193.56
600233.SH,20260521,0.6386,1.09,13.2513,1.7727,0.8336,1.9186,6417576.0713,6417576.0713
003033.SZ,20260521,2.5871,1.09,30.587,3.397,2.4107,0.8666,471697.5,465890.8143
002614.SZ,20260521,2.2179,1.08,,0.7675,0.6351,1.8824,331205.5173,234312.1722
300625.SZ,20260521,2.8262,1.29,,1.7234,1.8651,2.521,332403.89,192746.3896
688548.SH,20260521,6.9241,1.09,126.3836,6.6576,16.3427,0.2698,4057150.4521,2125467.6812
600150.SH,20260521,2.0054,1.1,25.0121,1.9324,1.6105,0.3869,28898385.7459,23314379.0976
300844.SZ,20260521,1.3171,1.05,,3.7402,6.4252,,286157.4016,275842.2016
000089.SZ,20260521,0.4719,1.08,22.2431,1.161,2.6454,1.7831,1380167.8796,1380143.556
002029.SZ,20260521,3.1092,1.05,29.3849,1.0078,2.2483,0.9845,684577.8544,646109.1862
300960.SZ,20260521,1.3568,1.33,66.771,4.5748,5.8881,,290477.4169,263196.1909
300536.SZ,20260521,8.2002,1.03,,13.8792,20.6437,,390953.0813,390924.739
300396.SZ,20260521,1.3382,0.61,,1.3928,2.6644,,213796.9262,213454.3684
603628.SH,20260521,3.2465,1.37,104.5145,2.3879,1.4932,0.577,312978.2051,311909.3309
300945.SZ,20260521,2.8096,0.85,26.9423,1.9986,1.3184,1.5117,346720.7652,315403.54
301049.SZ,20260521,4.0076,1.11,,4.2259,12.5329,,222814.8816,101241.5127
600227.SH,20260521,6.9563,0.73,,2.334,2.384,,523505.5824,396055.9389
688235.SH,20260521,6.0288,1.77,122.8005,11.759,9.5385,,38841745.5508,2898932.331
002156.SZ,20260521,15.7941,1.58,64.8011,5.9857,3.1977,0.0729,9372678.5285,9371784.9231
920062.BJ,20260521,3.7948,0.92,195.136,2.5638,1.3316,0.2905,192669.1088,135654.1236
600081.SH,20260521,1.5726,0.68,288.9294,1.4282,1.0817,0.4188,660313.247,660313.247
600363.SH,20260521,3.1162,0.71,39.5952,3.8997,5.61,0.1384,1768835.3894,1768835.3894
300964.SZ,20260521,16.2946,1.32,202.9718,6.6327,7.1945,0.2255,676879.2225,496695.1458
600506.SH,20260521,11.1145,1.78,128.516,8.9422,1.7579,0.1503,447077.6837,447077.6837
002295.SZ,20260521,2.106,1.13,,2.0625,0.5466,0.3368,267908.504,267706.463
301098.SZ,20260521,6.982,0.81,,1.8152,2.8413,0.4902,187614.2906,152683.1156
301292.SZ,20260521,12.1313,0.92,516.3688,5.7691,3.0386,,1649802.7361,629933.331
002085.SZ,20260521,2.2097,1.42,29.3421,3.6695,1.7651,1.5152,2802752.7264,2802752.7264
002452.SZ,20260521,5.8997,0.81,19.1287,2.5226,4.3146,0.9752,699734.5919,581197.849
002480.SZ,20260521,2.1999,1.25,,5.8452,3.1754,,471500.3947,470557.0803
603363.SH,20260521,2.7597,0.72,,2.7897,0.9713,,864183.3262,711517.8469
600157.SH,20260521,3.7236,0.92,170.0535,0.7952,1.5743,,3730837.6688,3730837.6688
301097.SZ,20260521,3.8243,1.71,,3.1663,5.5057,,352976.8396,173300.9116
002819.SZ,20260521,1.6611,0.87,,2.0023,2.426,0.0911,784978.462,619889.2909
603878.SH,20260521,2.4611,0.84,127.4599,1.5621,1.8727,1.2371,404588.9582,404588.9582
300817.SZ,20260521,2.9648,1.21,64.3578,4.1948,4.4735,1.382,442272.2342,253779.2986
601390.SH,20260521,0.5817,0.82,5.5361,0.3655,0.1091,5.4715,11750641.6382,9747923.9982
002703.SZ,20260521,11.6986,1.43,94.3671,7.7439,4.5722,0.3012,1638683.7089,1167407.7634
300516.SZ,20260521,1.9943,1.12,623.2188,7.29,14.0117,0.1044,931392.0,931392.0
920751.BJ,20260521,1.1618,1.01,40.5571,4.6518,8.1047,1.3538,192304.48,184076.749
002456.SZ,20260521,3.3347,1.81,,7.7376,1.3817,,2901357.4896,2866230.0671
300255.SZ,20260521,1.895,1.12,,30.7886,42.7018,,3725872.7994,3720045.1744
002053.SZ,20260521,1.8433,1.11,47.6455,1.3825,4.8189,2.8821,1054235.2363,1054227.7652
601011.SH,20260521,2.0888,1.41,,0.9726,7.3331,,526807.7482,526807.7482
002727.SZ,20260521,1.9196,0.77,24.8782,0.9286,0.4085,4.1332,694526.4923,465997.6739
688305.SH,20260521,5.8872,1.44,101.6306,4.7677,17.2993,0.2737,915195.3847,910424.0753
600658.SH,20260521,2.4203,1.02,,1.3637,5.1018,,552581.0122,552581.0122
300479.SZ,20260521,2.7043,0.85,290.7399,6.0062,3.6269,,317235.7927,317054.6677
002032.SZ,20260521,0.313,1.26,19.0172,5.9712,1.7506,5.5922,4003240.0208,4001417.9505
300661.SZ,20260521,5.105,0.93,111.3584,12.7245,16.1741,0.1824,6803836.0833,6566558.9235
300841.SZ,20260521,1.7729,1.14,30.1074,1.9134,5.6864,,682091.2729,624201.1961
002080.SZ,20260521,2.7219,0.97,55.3918,5.3178,3.4473,0.3472,10874240.8243,10874240.8243
000953.SZ,20260521,2.7156,1.29,404.0317,16.0101,14.0357,,247132.4816,247132.4816
002622.SZ,20260521,2.5811,1.15,,8.1349,3.1314,,217560.0,217553.5898
002662.SZ,20260521,1.6675,0.76,24.2088,1.2284,1.8956,,549000.0,548993.0826
000099.SZ,20260521,1.8097,1.74,42.0863,2.3718,5.8297,0.9496,1307172.6808,1307172.6808
600161.SH,20260521,1.0071,2.13,27.7324,2.2736,4.5012,1.8328,2697134.6523,2697134.6523
600176.SH,20260521,4.4981,1.22,37.2015,4.4039,7.2237,0.4786,14219141.6579,14219141.6579
688570.SH,20260521,0.5042,1.24,127.489,1.6668,4.5951,1.9868,719213.0,312600.2
600501.SH,20260521,2.0671,1.23,,6.1987,4.1739,,906131.6556,906131.6556
603030.SH,20260521,4.4253,1.43,,5.1611,3.5053,,360839.7845,360839.7845
603078.SH,20260521,15.921,1.26,126.1941,6.7536,10.524,0.0859,1347416.5445,1347416.5445
603801.SH,20260521,0.5967,0.83,50.3105,1.0906,0.835,7.623,343571.955,343571.955
688160.SH,20260521,8.5529,1.64,168.705,9.7936,16.1364,0.2163,1259751.865,1259751.865
301566.SZ,20260521,10.9233,1.19,69.9337,7.4202,30.0259,0.3186,1130028.25,596320.1366
301056.SZ,20260521,1.9271,0.84,54.4497,4.6944,7.0005,4.2888,373234.5471,246218.1662
300068.SZ,20260521,7.9147,0.92,,3.8917,0.5868,,428521.2016,407206.1466
000685.SZ,20260521,5.0443,1.05,8.4347,0.9462,3.9224,0.6612,1820287.4071,1547389.3067
002009.SZ,20260521,13.8674,0.77,286.5367,5.1617,3.6985,,1059884.5004,932915.3443
000680.SZ,20260521,1.4945,1.05,13.6135,2.6788,1.1346,0.8177,1734164.8595,1519768.4084
301323.SZ,20260521,3.7568,1.02,56.9227,3.7576,8.0899,0.7345,845659.8182,541143.8067
300097.SZ,20260521,7.7424,1.25,,14.5285,17.8785,,287684.02,269198.4227
300496.SZ,20260521,9.1252,1.64,69.1634,3.0813,3.948,0.2674,3181163.9782,2544959.315
603317.SH,20260521,0.9554,0.89,22.5207,4.0183,4.2615,3.4609,1677990.5153,1677990.5153
002432.SZ,20260521,10.1461,1.67,14.7218,1.5622,29.1118,0.2542,3377175.6907,3372662.5362
603072.SH,20260521,2.8288,1.23,56.0307,4.3512,4.0198,,970171.88,463390.33
301183.SZ,20260521,18.8048,1.3,178.8684,19.695,20.9419,0.0515,1941691.3348,1423333.74
603022.SH,20260521,3.0172,1.42,36.9762,2.5718,2.2243,0.7104,219600.0,219600.0
000016.SZ,20260521,2.485,1.13,,,0.8512,,784990.203,520489.5788
300589.SZ,20260521,6.7993,0.98,,7.7727,7.6047,0.0699,540065.2343,335232.9223
920982.BJ,20260521,1.3881,1.1,29.553,9.0596,11.4959,1.5838,1844267.2695,880018.7505
600335.SH,20260521,1.0579,1.12,20.6121,0.7305,0.2488,1.9298,852599.5544,852599.5544
300286.SZ,20260521,10.1486,2.01,32.1395,2.9477,5.8834,1.7219,653294.0263,541254.0157
920533.BJ,20260521,7.2167,1.29,95.0861,8.5985,4.6114,0.6134,327939.3786,183427.9296
002541.SZ,20260521,2.1674,0.58,19.0609,1.242,0.5442,2.0215,1224092.5582,880208.7005
300972.SZ,20260521,0.867,0.85,23.5926,22.045,0.7248,0.4599,4151173.5107,3808494.7916
000715.SZ,20260521,1.6609,0.61,24.6968,1.3891,3.8781,1.4708,282647.3073,254194.394
002173.SZ,20260521,9.4906,1.47,,5.9819,13.6728,,1031722.815,983982.4425
002778.SZ,20260521,2.7004,1.25,161.9289,7.3513,11.9303,,235908.4903,233403.7473
300532.SZ,20260521,1.6989,1.06,22.41,2.7734,2.1358,3.7319,486264.8295,462611.9544
300619.SZ,20260521,5.6898,1.04,108.9409,4.8858,3.8219,,771688.4832,649667.6098
000546.SZ,20260521,8.354,0.93,,1.2172,0.4128,,467366.6055,418719.8288
600333.SH,20260521,4.1929,1.0,310.7699,1.8584,1.4488,,359937.1342,359937.1342
300253.SZ,20260521,3.8778,1.0,,3.5258,8.8004,0.1736,1899698.2115,1562461.9142
603396.SH,20260521,3.6249,1.03,88.4257,1.83,1.7563,0.4335,479305.0739,479305.0739
000603.SZ,20260521,2.5699,0.84,37.0376,6.2532,8.9662,0.3086,2235500.681,2160161.0032
601869.SH,20260521,3.3823,0.96,268.8681,21.8611,20.6678,0.0713,31112673.9586,15270193.8401
688636.SH,20260521,3.172,1.24,61.6952,4.9334,9.3569,0.2523,689191.0791,664307.406
920247.BJ,20260521,1.946,0.61,77.0457,7.4603,7.7615,0.4991,353529.1081,256458.1861
920519.BJ,20260521,0.8564,0.64,39.6891,1.9198,2.3377,0.8641,102022.0129,65764.4607
605319.SH,20260521,1.7295,1.03,18.7732,3.0962,2.9204,1.893,885046.5331,880127.0451
001395.SZ,20260521,1.427,1.05,18.0999,2.5635,4.08,1.6935,319385.64,171664.29
002149.SZ,20260521,14.2665,0.92,425.9352,9.1978,11.1217,0.4277,3424823.1321,3424297.0071
603216.SH,20260521,7.1144,2.95,97.2135,3.4367,5.9351,0.7166,621527.79,621527.79
301080.SZ,20260521,2.6559,0.85,41.7832,2.6482,8.0648,0.6687,715520.5346,539272.9123
002517.SZ,20260521,2.5389,1.04,16.2843,3.4066,5.6952,0.6057,3527267.7793,3118882.0971
920374.BJ,20260521,12.1322,2.24,127.2453,6.5378,6.9703,0.5154,172166.016,72047.8197
002883.SZ,20260521,2.9978,0.73,,3.2541,3.7695,0.2049,152409.394,149636.4638
300195.SZ,20260521,3.3456,1.14,,1.0231,1.7405,,273291.5026,202442.945
002869.SZ,20260521,2.056,0.78,,1.7165,7.1662,1.0031,346045.7224,308103.651
600280.SH,20260521,1.2913,0.93,,12.0541,1.5979,,320447.0798,320447.0798
920124.BJ,20260521,4.5107,0.93,27.0143,2.2296,2.2107,,240799.237,123904.3512
603938.SH,20260521,13.1742,1.86,210.0241,7.6184,8.6022,0.0335,1935314.7058,1935314.7058
600299.SH,20260521,0.4943,0.96,34.689,1.7584,1.9916,0.455,3452432.5471,3006411.327
603338.SH,20260521,1.319,1.05,14.4128,2.3407,3.0348,1.8265,2772254.6375,2772254.6375
300893.SZ,20260521,1.3573,0.68,29.415,5.1214,3.943,0.4181,1082699.8979,574230.0216
600988.SH,20260521,2.7608,0.88,18.2773,4.5884,4.756,0.4638,6556418.5641,5740494.2541
300648.SZ,20260521,4.3942,1.26,,7.8099,9.3812,,906263.28,689972.1036
688719.SH,20260521,4.9887,1.08,,5.1806,9.3235,0.2149,871506.0622,677672.5168
002931.SZ,20260521,9.358,1.86,731.7232,13.7458,25.951,0.0833,1311909.1594,1208326.1821
605168.SH,20260521,5.9017,0.86,100.8993,4.7035,3.2894,1.1801,1286194.4316,1286194.4316
603355.SH,20260521,0.4287,0.93,29.4121,3.0638,1.7682,,1731658.2092,1731658.2092
603681.SH,20260521,4.6989,1.06,37.4423,1.5226,0.7641,0.5387,515662.0293,515662.0293
300919.SZ,20260521,2.1877,1.11,31.3021,2.3938,1.0699,1.1397,5681325.78,4974012.916
002884.SZ,20260521,1.1795,0.68,13.5491,2.8186,3.3989,5.8858,607702.5828,463950.1571
603980.SH,20260521,3.0045,1.16,42.2828,1.0012,2.474,1.2007,394593.8489,394593.8489
688530.SH,20260521,16.715,1.1,4198.0313,9.3522,10.7841,0.1313,792221.8788,345404.8818
600052.SH,20260521,4.4892,1.21,,1.775,7.4094,0.4352,383264.4124,383264.4124
300548.SZ,20260521,5.5813,0.92,179.8705,32.28,25.3272,0.0345,6749033.935,6233029.4375
002999.SZ,20260521,3.0714,1.2,42.7517,1.874,0.1695,1.8675,230801.088,228113.133
601689.SH,20260521,4.6741,1.36,45.6296,5.1319,4.1451,0.7148,12618424.1464,12618424.1464
600609.SH,20260521,1.6777,1.51,23.5273,2.9182,1.0667,,494427.6935,494427.6935
300653.SZ,20260521,1.1742,1.3,42.2613,3.2965,8.5716,2.7414,298080.0,298080.0
002612.SZ,20260521,3.6985,1.51,7.764,2.2146,1.1916,2.3909,740211.1124,425710.2868
603399.SH,20260521,17.5317,0.96,,5.5613,1.4054,,900606.9609,900606.9609
920221.BJ,20260521,4.4169,3.0,30.4427,4.0957,5.0161,2.1815,177309.12,94376.7794
920230.BJ,20260521,2.9147,0.73,93.8045,2.6745,3.4299,0.685,112803.5944,52917.4778
001260.SZ,20260521,1.4668,1.2,64.4491,2.878,4.1856,0.6055,239315.0,239315.0
301390.SZ,20260521,2.3952,1.26,,2.2913,4.0786,0.2768,215160.0,175915.4615
002223.SZ,20260521,1.1657,1.05,21.3385,2.0094,3.4765,2.924,2742776.8777,2578115.068
002399.SZ,20260521,0.3238,0.94,39.337,1.2288,2.7636,2.451,1496642.1281,1272145.7381
600367.SH,20260521,14.6506,1.39,91.8622,3.4013,4.0798,0.2015,846686.8988,799137.4377
601727.SH,20260521,2.265,0.82,104.2126,2.4573,1.0534,,13488825.58,10950375.204
300340.SZ,20260521,2.8997,1.28,,43.6391,1.3871,,281025.0093,278932.3232
000797.SZ,20260521,1.9543,1.4,,0.8787,0.576,,406825.3422,406763.5212
000625.SZ,20260521,1.2969,1.0,27.3223,1.0876,0.5165,4.0738,8396246.7229,7002244.6399
002111.SZ,20260521,2.0601,1.07,35.1845,1.8724,1.6384,1.5978,578295.295,531272.2674
002010.SZ,20260521,0.9331,1.22,22.1752,0.8037,0.6343,2.8409,1459408.3194,1455867.6032
002564.SZ,20260521,2.0374,1.04,152.134,25.5075,1.9133,,484422.125,484422.125
688291.SH,20260521,5.4555,1.21,71.7744,5.5729,22.2023,0.3666,559122.8482,559122.8482
300281.SZ,20260521,5.9041,1.07,,2.6532,7.2315,0.5063,330949.6282,313887.4705
603016.SH,20260521,2.8199,0.72,128.2811,8.4036,11.7881,0.9854,711168.0,711168.0
301388.SZ,20260521,3.6149,1.49,140.5896,3.1955,6.3793,0.3255,314719.0272,223282.2866
603305.SH,20260521,5.5405,1.39,50.1056,2.1136,4.2785,1.831,1977417.3393,1977417.3393
603659.SH,20260521,2.4689,1.17,26.3128,3.3046,4.0225,0.714,6776657.8691,6776657.8691
688657.SH,20260521,3.1904,1.16,72.5657,2.5325,10.0537,1.1154,349715.6634,218780.5001
301208.SZ,20260521,2.9659,1.46,77.283,2.4686,3.2026,0.6213,386280.1931,212685.9611
301010.SZ,20260521,4.1622,1.42,322.338,2.9103,2.9002,0.8957,241164.0,241164.0
600223.SH,20260521,0.6903,1.01,37.1878,1.4731,1.7094,0.9709,628239.503,628239.503
300931.SZ,20260521,7.3588,1.29,,6.468,9.6584,,389073.6,312802.2448
688489.SH,20260521,0.9596,1.22,,2.6105,8.4381,0.2685,473050.9297,469441.2629
688432.SH,20260521,3.7121,1.22,113.9287,5.3124,22.0233,0.3114,2396828.6618,2396828.6618
002321.SZ,20260521,1.165,0.88,,4.4421,0.7388,,409514.8936,407782.2929
688559.SH,20260521,8.4893,2.38,,6.8668,3.3293,,1662958.7033,1662958.7033
688175.SH,20260521,2.2521,1.32,,2.6348,18.449,0.2835,456101.059,456101.059
001308.SZ,20260521,1.2821,2.7,33.3801,1.8458,1.0046,2.5474,1489153.0805,1030505.5486
002568.SZ,20260521,2.3432,1.15,28.0815,3.7464,6.281,1.6486,1888463.7699,1383466.435
688551.SH,20260521,5.9271,0.6,105.0621,4.0582,10.8012,0.7789,534269.3557,534269.3557
300975.SZ,20260521,13.0198,1.02,28.4079,5.5941,1.4144,0.0552,1485306.1158,1063862.4508
688819.SH,20260521,0.5427,1.22,20.1101,1.4621,0.5532,1.5867,2506073.8,2506073.8
000415.SZ,20260521,1.2182,0.78,,0.8575,0.5721,,2560391.8107,2232666.3786
300867.SZ,20260521,5.2163,0.98,20.6025,1.5185,3.8538,0.3022,611417.3693,431162.5995
000752.SZ,20260521,1.9661,1.22,16.249,3.7836,5.4894,,235008.8155,235008.8155
002543.SZ,20260521,0.5075,1.01,50.1376,1.2036,0.8184,3.3155,581495.2,517385.355
920665.BJ,20260521,4.4663,0.51,46.6032,2.0319,4.4176,1.3112,148708.56,73297.9882
603967.SH,20260521,1.0843,0.98,15.4169,1.9847,0.5001,5.031,447893.3893,447893.3893
003022.SZ,20260521,2.6866,0.77,85.2734,4.3119,4.5882,0.2893,3232074.56,3229325.0165
920493.BJ,20260521,4.1462,0.91,433.4319,18.8741,6.5313,,876832.6124,643547.3339
002876.SZ,20260521,7.3725,2.2,99.6979,2.1092,1.3238,0.3736,506179.0371,433569.05
601908.SH,20260521,4.1546,0.5,,1.2263,3.182,,907890.6757,907890.6757
601022.SH,20260521,1.9408,3.3,18.8067,1.8529,1.8452,2.4072,1163375.0339,1163375.0339
300869.SZ,20260521,1.2154,1.02,,2.8147,10.4491,2.1061,476940.5491,313532.6689
600847.SH,20260521,5.814,0.86,,5.3836,5.3281,,257982.6942,257982.6942
300405.SZ,20260521,4.1672,1.03,,5.0166,3.4142,,195364.025,150331.6476
603530.SH,20260521,0.8716,0.69,54.5705,13.2477,13.8723,0.7837,2519742.8643,2495111.8858
003006.SZ,20260521,1.9174,1.41,30.299,4.7713,1.8856,2.5657,669820.9046,668145.2524
301083.SZ,20260521,3.6295,1.34,95.2051,3.4745,8.2491,0.7326,291345.6005,140229.044
688757.SH,20260521,5.782,0.97,239.5158,15.4534,25.0064,0.58,1383761.7085,621767.0106
603321.SH,20260521,1.8277,1.58,70.6845,1.6874,3.6551,2.4925,244222.6283,241195.1283
688223.SH,20260521,1.6198,0.75,,2.6002,1.0141,,6479998.4426,6479998.4426
920608.BJ,20260521,0.5731,0.79,28.4832,1.9709,6.6312,1.9317,96658.72,74883.9331
002891.SZ,20260521,2.2472,1.1,27.8236,2.8106,1.7082,1.0996,965693.238,965693.238
920873.BJ,20260521,2.5422,0.68,,5.1286,13.3295,,127311.2117,99439.3079
001221.SZ,20260521,3.2869,0.75,30.8978,7.5172,6.0266,0.6505,2213655.34,199273.806
920640.BJ,20260521,2.7823,1.07,81.1088,6.7338,6.9062,0.2967,632643.36,608683.6912
920810.BJ,20260521,1.3552,0.84,,4.2783,8.3967,,97626.2,63530.8808
300120.SZ,20260521,3.6547,1.71,,1.6075,1.5128,,403224.5382,370267.7954
301233.SZ,20260521,5.8672,0.99,37.3668,3.0289,7.0389,0.8607,304187.7,166547.4938
002565.SZ,20260521,7.063,0.63,263.8859,9.4196,15.0001,0.2383,1730961.9096,1730906.7959
603669.SH,20260521,1.7288,1.58,,6.0357,8.4551,,303452.6835,303452.6835
920014.BJ,20260521,5.302,1.89,140.624,1.6779,2.6405,1.858,131970.8527,72612.2237
600082.SH,20260521,2.4792,0.69,,1.4035,5.2599,,237124.5081,232801.0962
300244.SZ,20260521,5.82,0.9,87.6876,1.7389,1.1375,1.3461,1134962.6558,910649.6548
300434.SZ,20260521,2.9015,0.83,23.2845,1.6127,3.9899,0.6443,430267.6869,366405.2839
300672.SZ,20260521,8.2831,1.47,,14.6327,26.6286,0.1148,5642926.9324,5467096.4847
301395.SZ,20260521,5.6766,1.7,,2.1558,1.4582,0.6428,310848.5606,162981.6806
688087.SH,20260521,1.5537,0.96,30.5987,2.8077,2.1444,0.3776,809208.4118,776643.6933
920008.BJ,20260521,4.8941,2.18,82.0165,5.0457,9.2235,,164283.75,87671.398
300558.SZ,20260521,3.5918,1.55,47.3801,3.0762,5.6013,0.4004,2090205.732,2083542.7349
600426.SH,20260521,1.4847,1.14,17.8132,1.9535,2.1039,1.7567,6635824.03,6634945.6637
300290.SZ,20260521,3.7841,1.15,,12.2929,12.3671,,916097.0388,915824.7798
605136.SH,20260521,1.9285,1.0,,1.6307,2.2539,,393650.7055,393650.7055
000035.SZ,20260521,2.0178,1.05,49.8144,1.3384,2.7483,0.5837,1439983.7597,1394754.526
600655.SH,20260521,0.3449,1.04,,0.5882,0.4733,4.1725,1762717.3975,1762100.3617
002653.SZ,20260521,0.7022,0.83,76.0883,12.849,11.5428,0.512,5840372.2136,2799339.6836
301113.SZ,20260521,2.4391,1.12,927.8436,3.4045,6.7055,0.3529,232050.0,140572.1058
603329.SH,20260521,1.8386,1.17,41.0238,1.9066,0.894,0.1695,281057.5207,231974.5516
605128.SH,20260521,2.5755,1.03,36.4275,3.341,3.0083,0.746,732651.3098,732651.3098
301311.SZ,20260521,1.3215,1.27,,2.2222,2.0538,0.3403,380880.0,380880.0
688781.SH,20260521,27.7461,1.86,,12.3098,78.2158,,4993000.0,203889.6393
688348.SH,20260521,2.0753,0.95,,2.1873,6.3833,0.8459,730753.2861,730753.2861
688345.SH,20260521,3.3724,0.72,76.0741,4.6835,1.897,0.3723,541655.5725,535500.0
000596.SZ,20260521,0.6283,0.84,17.7669,1.922,2.9309,6.3165,5021171.4,3881291.4
002042.SZ,20260521,5.861,1.38,108.6727,1.3556,1.0142,,801020.9182,801020.9182
002247.SZ,20260521,5.1484,1.46,51.8788,3.4419,2.8867,,231436.6533,175043.0628
601688.SH,20260521,2.2548,1.6,9.6024,0.9457,4.4327,2.7868,16844127.8247,13634410.6258
603602.SH,20260521,5.9524,2.21,,3.5212,1.6176,0.4962,313776.0769,313776.0769
600018.SH,20260521,0.2091,0.86,8.6714,0.8157,2.9347,3.8312,11849499.8965,11832579.6402
002346.SZ,20260521,2.366,0.78,32.22,3.1055,10.2847,2.302,898605.9716,797950.9216
920075.BJ,20260521,3.4327,1.01,49.892,3.2833,2.3594,2.2443,133518.9,71850.4598
002007.SZ,20260521,0.6428,1.07,29.6829,2.172,5.6702,5.0251,2545647.1357,2191488.0896
002562.SZ,20260521,3.3062,0.93,56.6074,1.6829,1.6833,,619409.479,440927.4584
002059.SZ,20260521,0.7924,1.05,,4.2589,12.4215,,450533.4918,437455.4958
600276.SH,20260521,1.5583,1.24,42.0585,5.367,10.4864,0.3882,34148393.3517,32819966.6997
000061.SZ,20260521,0.6936,0.7,29.703,1.4882,2.0514,0.9235,1286254.8563,1162714.1682
300242.SZ,20260521,9.0141,1.55,,13.8702,2.2279,,336314.2687,336314.0853
603599.SH,20260521,2.022,1.08,15.9968,1.0224,3.0182,2.3519,1044989.2081,1044989.2081
300605.SZ,20260521,4.24,0.95,,4.5546,4.5532,,198833.0894,152164.6347
603370.SH,20260521,6.1263,0.85,54.2649,4.1216,5.3327,,811418.1,162283.62
002595.SZ,20260521,0.3757,0.76,27.2302,5.5442,5.6728,1.2298,6505280.0,6460296.101
688693.SH,20260521,14.0686,0.94,,11.0054,31.1339,,854736.8476,451291.2024
600620.SH,20260521,0.9527,0.89,565.9269,2.422,11.3041,0.2982,345398.5878,345398.5878
001299.SZ,20260521,4.8322,1.06,36.218,3.3449,5.3555,4.1302,375487.1485,338035.9548
688216.SH,20260521,6.7603,1.28,,5.4018,4.6066,,396449.4465,367619.1019
002128.SZ,20260521,0.6148,0.77,11.133,1.7418,2.1055,4.4658,6525220.4381,6525220.4381
603556.SH,20260521,1.0682,0.9,19.9147,1.8128,2.6461,2.4977,1352300.6568,1352300.6568
688211.SH,20260521,2.0606,1.24,,1.4073,1.8838,,491598.2325,491598.2325
300485.SZ,20260521,3.4921,1.88,,1.3015,10.9105,,439279.7568,249721.27
300601.SZ,20260521,1.4126,0.83,184.7907,1.6399,5.6456,0.6696,1501154.2708,1210103.2756
600927.SH,20260521,0.8761,0.77,25.1788,1.572,1933.1844,0.6219,2106188.8895,2106188.8895
301256.SZ,20260521,3.8006,1.17,85.5314,3.6008,3.5149,1.2223,628320.0,628320.0
688110.SH,20260521,10.6228,2.46,22446.6735,17.0676,48.7408,,6134004.1435,6134004.1435
688449.SH,20260521,11.2654,1.5,220.197,20.0859,26.8594,,3871360.0,2467606.0002
002360.SZ,20260521,4.5095,0.67,,2.6534,5.4563,,243876.9685,197590.4688
300161.SZ,20260521,6.478,1.02,,4.7653,4.634,0.027,735575.946,721868.9097
603585.SH,20260521,2.6555,1.2,18.3057,1.1833,1.2042,,329710.9765,322751.3515
301072.SZ,20260521,2.2134,1.07,,3.581,3.124,,255786.9735,163485.7125
300774.SZ,20260521,5.0955,0.68,146.4708,3.813,5.8836,1.4728,555101.0503,264647.5506
002518.SZ,20260521,3.7473,0.68,55.3885,7.1074,6.3524,0.3787,3536435.221,3432638.8155
603336.SH,20260521,3.6072,1.23,461.841,5.2445,7.4749,0.0404,753594.0539,753594.0539
603235.SH,20260521,0.0926,0.93,20.8865,2.145,4.5908,2.7245,1086132.18,1086132.18
688433.SH,20260521,1.5788,1.16,606.9411,18.2772,53.9811,,3881494.289,3881494.289
000068.SZ,20260521,2.1866,1.08,,5.3828,4.2302,,315088.1682,315088.1682
000568.SZ,20260521,0.6582,0.83,13.529,2.6079,5.514,6.5085,13456493.4257,13450225.9814
600989.SH,20260521,1.1438,0.99,15.4841,3.9684,3.8552,2.6147,19470070.8,19470070.8
688321.SH,20260521,3.3558,0.97,129.7502,5.242,12.7041,0.201,1276556.7891,1175303.0912
600106.SH,20260521,2.5321,1.52,86.3185,1.3819,67.2876,0.651,734950.8593,734950.8593
300009.SZ,20260521,1.1985,0.92,19.8911,2.9112,5.3917,1.8134,1379998.7848,1016184.2136
603128.SH,20260521,0.9847,1.0,15.4694,1.1344,0.3912,3.181,716048.4322,716048.4322
301289.SZ,20260521,1.0112,1.39,45.6487,3.9822,12.05,0.7761,412074.0,409437.2547
301362.SZ,20260521,13.651,1.37,142.3336,8.1633,12.5638,,2082304.98,590254.98
605598.SH,20260521,3.4026,1.34,378.4976,7.4901,8.2656,0.2173,1283371.7683,1283371.7683
688523.SH,20260521,8.0591,0.99,692.3653,16.1381,58.7037,,2712668.96,643471.752
300733.SZ,20260521,4.928,0.99,75.3497,3.4701,3.0404,0.2513,603099.3004,444935.8508
603888.SH,20260521,1.8173,1.08,39.449,3.4205,5.7744,0.5423,1301569.9261,1301569.9261
301207.SZ,20260521,1.9074,1.0,60.8053,1.9857,9.4618,4.1749,1140149.1675,1139429.5406
301439.SZ,20260521,3.6339,1.41,31.1958,2.1062,1.5289,1.2136,641239.7812,301990.9308
600015.SH,20260521,0.4949,1.15,3.9312,0.3318,1.0843,6.0448,10663002.0736,10309440.0686
688512.SH,20260521,9.0933,0.8,,4.1298,7.4158,,656382.0285,456345.8362
000987.SZ,20260521,0.9861,1.41,9.9627,1.2447,11.1937,3.1362,4144151.4136,4141022.671
002439.SZ,20260521,6.5595,1.22,,1.6763,7.7219,,1825580.1089,1097998.9959
688777.SH,20260521,3.3514,0.95,169.4968,6.6908,8.4215,0.831,6713243.1366,6679384.4908
000428.SZ,20260521,2.1934,1.69,,3.0011,7.2441,,383116.176,383116.176
000166.SZ,20260521,0.6108,1.43,11.322,0.9764,4.5306,1.8121,11192855.2183,10073371.7703
920950.BJ,20260521,0.7233,0.83,27.862,3.3818,5.8637,,111299.76,54223.1118
300662.SZ,20260521,2.0857,0.91,12.9595,1.917,0.2998,0.699,450489.7558,449182.382
920819.BJ,20260521,0.4241,0.94,,0.8019,0.6962,,381223.8,376815.375
300750.SZ,20260521,0.7956,1.15,24.1136,5.29,4.0681,1.9209,190440323.9908,175225856.3946
001300.SZ,20260521,1.4408,1.16,,4.2422,8.6165,0.0594,408324.656,408324.656
688729.SH,20260521,25.5325,2.58,136.0147,9.2348,16.8196,,8331723.64,606087.6273
603299.SH,20260521,1.1868,1.44,20.7922,1.1918,2.2241,3.5441,977035.1839,798457.8262
688631.SH,20260521,4.7673,1.35,152.9772,4.615,7.0029,0.7442,878651.25,348676.25
300566.SZ,20260521,16.1483,3.23,28.458,2.5788,2.6681,0.9045,574271.229,496656.8243
688313.SH,20260521,7.7944,1.19,191.9978,45.7526,33.4343,0.0357,7587946.4745,7587946.4745
002853.SZ,20260521,4.2931,0.84,,5.8172,9.8927,,517469.2169,364105.9216
920885.BJ,20260521,3.4454,1.17,98.9358,6.7383,13.6241,0.2756,277411.5176,143729.1903
300410.SZ,20260521,5.9641,1.02,88.782,12.8985,3.8212,,355734.2383,355734.2383
301266.SZ,20260521,3.8557,1.3,144.3271,2.1902,1.237,0.2771,396589.6289,376223.7991
688203.SH,20260521,2.5659,1.44,260.4237,1.8853,3.0428,0.4346,278074.3093,278074.3093
600642.SH,20260521,0.8755,0.9,12.2787,1.2213,1.6918,4.7319,4654269.4866,4654016.3114
300072.SZ,20260521,1.9279,1.04,,1.8288,2.8785,,956336.1629,948864.0369
300092.SZ,20260521,3.6453,1.29,100.6977,2.548,3.775,0.6588,415815.5254,318576.9766
603605.SH,20260521,0.983,1.05,14.873,3.4499,2.0795,3.5755,2192519.1563,2192519.1563
300692.SZ,20260521,3.2972,1.04,73.3379,1.5862,4.9075,0.2589,480746.0792,438702.2451
002449.SZ,20260521,11.1798,3.09,,1.3877,1.6654,0.5931,521376.2535,521376.2535
601800.SH,20260521,0.3862,1.0,7.7804,0.3576,0.1422,4.3621,10415772.304,7541587.856
301252.SZ,20260521,8.5456,0.84,71.6759,5.0158,5.0897,0.427,679101.6907,193605.941
600929.SH,20260521,2.1237,1.16,148.6329,1.2794,1.7311,1.4751,967666.821,967666.821
000919.SZ,20260521,2.3977,0.91,68.5918,1.0622,1.2809,1.5429,404250.9432,404148.3732
300740.SZ,20260521,3.6882,1.04,70.7903,4.5069,1.9637,,999397.7135,920599.9039
688215.SH,20260521,2.2439,1.09,109.7751,9.3669,9.6141,0.1123,461807.3441,461807.3441
002691.SZ,20260521,3.7305,0.89,,2.3426,6.7546,,190740.0,188484.4602
688193.SH,20260521,2.7973,0.69,154.39,2.3298,13.1026,0.4527,214013.1757,214013.1757
000882.SZ,20260521,1.5642,0.96,,0.6107,3.4945,,399653.3843,399341.2828
300314.SZ,20260521,2.1208,0.94,41.5127,2.5318,5.3631,0.7463,308736.0,154090.8323
002323.SZ,20260521,5.6733,0.62,,12.7273,9.0222,,243898.3413,243856.4583
002375.SZ,20260521,3.6676,0.87,18.0898,0.7148,0.6634,1.528,594958.4451,590962.4287
000672.SZ,20260521,5.3074,1.03,29.742,1.9297,3.9298,3.4251,1753636.3691,1753636.3691
000952.SZ,20260521,2.3473,1.13,,3.9703,3.877,,247579.742,245611.741
300490.SZ,20260521,6.7837,1.23,,3.0396,2.3302,,676544.1338,667349.6826
301057.SZ,20260521,3.0754,1.26,94.2126,4.6925,3.7286,0.6279,368453.7297,255204.4572
300267.SZ,20260521,5.5842,0.84,,2.1743,8.2535,,874544.4649,603088.3106
301052.SZ,20260521,5.5,1.17,,4.1932,4.7885,0.0619,287674.7985,233129.5365
301656.SZ,20260521,8.257,1.99,55.3349,4.8984,2.2365,,4725414.1382,400131.0184
300360.SZ,20260521,1.229,0.92,15.0809,1.7285,4.7398,4.8985,734773.4031,714895.3143
002746.SZ,20260521,2.447,1.22,20.3542,1.1383,0.8899,4.0453,531812.9333,438579.9083
603383.SH,20260521,4.6459,1.64,33.5865,4.409,11.5916,2.4061,682885.3712,682876.3937
688117.SH,20260521,2.1635,1.72,31.03,4.888,6.8598,0.3772,549749.2212,549749.2212
000755.SZ,20260521,0.4928,0.71,15.8802,1.3262,4.5795,3.9293,746860.8898,746860.8898
000709.SZ,20260521,0.8274,0.9,20.8121,0.437,0.1945,1.3636,2274166.6402,2273790.7276
600596.SH,20260521,3.7374,2.01,77.4392,1.2955,1.0781,0.8299,1626264.444,1626264.444
603168.SH,20260521,1.7147,1.06,,1.7279,4.9821,,228965.4211,227978.5711
301155.SZ,20260521,4.7871,0.75,47.7493,2.4478,3.3033,0.1382,1415435.9133,802535.0713
000078.SZ,20260521,4.0934,1.73,,3.6449,0.1793,,452553.2002,451537.1011
000903.SZ,20260521,1.6601,0.74,,5.8504,0.8144,,359881.0603,357168.6665
002122.SZ,20260521,0.838,1.19,149.8724,2.5954,5.1131,,566424.6627,562524.7495
002798.SZ,20260521,3.6948,1.09,,2.5886,2.1002,,454643.6657,396694.8809
301563.SZ,20260521,21.6958,1.41,81.1916,8.3431,2.8179,,1055662.197,238636.8464
920060.BJ,20260521,3.711,0.95,40.8664,4.6199,3.9123,1.6213,468905.7407,292438.0548
300078.SZ,20260521,2.4704,1.01,,8.1119,11.1775,,409141.2362,407492.3762
300932.SZ,20260521,6.7057,1.42,57.634,2.5925,1.8905,1.3653,445456.7234,317276.1691
001217.SZ,20260521,1.4662,0.88,,1.6249,1.6719,0.9363,354437.16,350488.0559
600600.SH,20260521,0.7859,1.04,17.8518,2.574,2.5842,3.5942,8350238.3356,4340559.8971
301165.SZ,20260521,1.6253,1.08,103.4652,14.3517,4.9845,0.4674,7366704.5412,7366704.5412
002081.SZ,20260521,16.9348,0.99,37.3716,1.0882,0.9116,1.7513,1516189.8264,1509862.9608
600477.SH,20260521,1.6167,0.83,74.8468,1.3332,0.9812,2.1631,665229.099,665229.099
601059.SH,20260521,0.6378,1.54,26.0349,2.5108,13.37,0.4305,5574717.0,5574717.0
002027.SZ,20260521,1.2311,1.09,22.381,5.2175,6.288,6.81,8058747.4471,8058747.4471
601990.SH,20260521,0.7955,1.74,28.3511,1.3136,11.2812,1.545,3101737.5955,2598884.529
300576.SZ,20260521,15.575,0.94,140.9482,8.9365,14.1674,0.1763,1555596.7107,978111.3836
600108.SH,20260521,3.4346,1.14,132.916,1.6347,1.6792,0.1511,708677.104,708677.104
603328.SH,20260521,2.9846,1.13,30.1009,2.6921,2.9023,1.6967,1165182.527,1165182.527
000928.SZ,20260521,1.2958,1.02,20.7881,1.0599,0.6862,4.7087,910999.3343,910988.1901
301111.SZ,20260521,5.2215,1.24,,5.5447,13.3673,0.1931,414400.0,414400.0
300299.SZ,20260521,2.7256,1.28,,10.7724,10.206,,405206.1499,404573.9509
300747.SZ,20260521,8.7045,1.36,113.7142,6.1693,5.8815,0.1325,2123409.6,1973598.5155
301189.SZ,20260521,3.8976,0.6,,5.0693,9.0156,,1050943.6825,1014479.2353
600452.SH,20260521,5.3477,0.79,44.3454,3.332,6.5266,0.7223,1914530.9009,1914530.9009
600592.SH,20260521,3.5361,1.14,55.7081,2.9842,6.2408,0.4402,771537.9456,771537.9456
002613.SZ,20260521,6.3672,1.14,421.9061,2.0192,3.0018,0.7407,445730.3203,313337.126
301321.SZ,20260521,6.5561,1.37,,5.6882,1.5972,,555016.995,439465.6004
920225.BJ,20260521,2.6802,0.92,53.3772,4.1848,6.8928,0.4165,304732.2645,198759.9518
600547.SH,20260521,1.2942,0.87,26.4505,4.2635,1.2308,1.0901,13645391.394,10698752.3071
000682.SZ,20260521,3.0697,1.09,17.3121,2.8898,2.0938,0.6184,1777804.0113,1777634.6307
688049.SH,20260521,6.9666,1.36,40.6338,4.1106,8.8928,0.5903,860773.8321,860773.8321
920212.BJ,20260521,1.1387,0.93,371.1722,2.9239,2.4619,0.5102,124773.6,60684.2613
603823.SH,20260521,5.1613,1.08,57.3995,3.7608,4.3711,0.6631,941823.7464,941823.7464
301682.SZ,20260521,22.0683,1.08,58.1262,3.7166,7.0166,,1859462.0787,392956.9877
300235.SZ,20260521,4.1303,1.05,241.1888,4.8005,39.6017,0.3313,340613.1972,274838.6662
603232.SH,20260521,3.6358,1.36,,3.2791,11.2886,0.2745,426497.7593,421428.5909
300926.SZ,20260521,2.0573,1.35,11.2506,2.6326,1.6223,1.0304,927273.2299,636201.8586
300790.SZ,20260521,10.7882,1.23,50.5893,4.7324,3.5839,0.4333,1285098.6997,1115076.2712
000885.SZ,20260521,0.8121,0.85,6.7458,0.8799,1.2951,2.6528,861669.0182,861669.0182
600776.SH,20260521,3.462,1.06,42.7878,5.1236,7.6064,0.3915,1956848.0997,1489448.0997
300483.SZ,20260521,8.3401,1.04,41.3197,2.2733,2.8391,,833843.0755,833580.9955
688057.SH,20260521,3.8953,2.23,64.9099,1.195,12.5054,1.8169,379776.0,379776.0
688050.SH,20260521,2.2705,2.37,34.024,3.147,5.9147,0.7505,901258.7955,901258.7955
301128.SZ,20260521,6.6992,1.08,132.749,22.3899,9.4969,0.4318,1916663.2918,1685998.4972
000697.SZ,20260521,2.8349,0.62,,4.8594,8.1028,,1637611.5759,766094.9192
002603.SZ,20260521,1.0576,1.12,19.5696,2.3511,3.3869,1.8703,2679811.4231,2207960.5103
920508.BJ,20260521,1.8056,1.02,422.9706,5.58,11.9942,0.9295,107580.0,57207.3235
600028.SH,20260521,0.2666,1.09,17.1094,0.7301,0.2208,4.5367,60825533.6537,47660495.1136
002441.SZ,20260521,2.3482,1.15,29.6069,1.2047,0.5032,4.9751,547266.327,400546.8996
002389.SZ,20260521,2.1297,1.11,127.8021,2.5034,6.7953,0.291,2030896.8353,2030577.5449
603344.SH,20260521,13.4793,0.8,37.3422,2.8504,2.3564,0.9751,618413.9854,171764.4854
920029.BJ,20260521,0.6601,1.12,15.9679,2.3514,3.2471,2.3419,889569.1021,865598.3896
600674.SH,20260521,0.7501,0.97,15.2586,1.5555,44.1829,2.7027,7214418.1054,7214418.1054
002165.SZ,20260521,18.1693,0.94,,2.8904,2.0095,0.5089,577922.0919,571881.1781
300237.SZ,20260521,1.874,0.69,,77.8319,1.8596,,347501.4981,347498.2446
002788.SZ,20260521,5.5231,0.88,17.1089,1.4069,0.2216,2.8642,474767.4514,466592.1455
688056.SH,20260521,2.1173,1.68,67.4089,2.8376,5.937,1.7358,230822.3181,230822.3181
600640.SH,20260521,3.2514,1.06,433.6966,2.5707,5.6114,0.07,1022469.2829,1022469.2829
688010.SH,20260521,6.1149,1.12,434.9834,3.6718,9.3695,0.1438,629401.3858,629401.3858
920178.BJ,20260521,50.1062,,129.527,18.0883,28.3203,,1692630.3339,375027.1742
000521.SZ,20260521,0.846,1.11,18.877,0.9244,0.1858,6.0219,564398.1958,479625.9414
002835.SZ,20260521,2.0502,0.94,27.435,2.4728,2.8079,2.2169,315632.2728,183038.8843
000995.SZ,20260521,15.3187,0.94,435.5122,15.4442,15.6597,,255290.112,255290.112
300454.SZ,20260521,5.3612,1.22,84.0098,4.4669,5.7744,0.0541,4855039.3688,3240033.0525
688280.SH,20260521,3.0371,0.94,340.673,5.5464,1.3491,,357674.3302,315449.7519
002916.SZ,20260521,2.1495,1.49,64.4485,12.9483,9.2004,0.3284,23423956.8689,22861467.3666
300652.SZ,20260521,4.5977,0.95,47.5865,4.0934,5.99,0.2431,633205.0453,568300.9995
601138.SH,20260521,1.0565,0.75,31.9754,7.376,1.3082,1.4814,129978804.4602,129978804.4602
600468.SH,20260521,3.3525,1.07,88.3492,3.5798,3.1895,,729870.4004,729870.4004
605258.SH,20260521,5.5666,1.73,52.0159,2.5569,3.1724,1.9774,311520.0,311520.0
688660.SH,20260521,2.533,1.39,,3.9746,1.0857,,1541333.4104,1541333.4104
920422.BJ,20260521,1.9844,1.15,40.0346,2.1696,1.8252,1.4019,94676.4997,70858.2997
300482.SZ,20260521,1.1627,0.95,,1.5506,4.4897,,838809.9364,770687.0438
603629.SH,20260521,10.6385,0.84,88.1631,20.989,13.0858,0.0714,4711529.52,4634494.791
603725.SH,20260521,8.6339,2.19,29.8098,4.0092,1.1388,0.8728,345098.8938,324496.4938
000899.SZ,20260521,3.8095,0.97,12.3249,1.8811,1.5324,2.5721,1251794.5661,1251794.5661
300103.SZ,20260521,3.6441,0.79,,6.4775,20.3783,,290604.915,290366.6582
920273.BJ,20260521,2.1308,0.77,33.9484,3.0015,2.4038,2.7272,188905.8923,125736.0261
920357.BJ,20260521,2.642,1.13,25.6531,4.5943,2.9248,0.419,191134.944,106247.4473
920208.BJ,20260521,1.0521,1.32,14.9514,2.6163,2.9607,3.3331,286743.1592,218325.9984
002044.SZ,20260521,6.5049,0.88,73.8983,2.8616,2.2166,0.234,2258524.5136,2235429.3408
601121.SH,20260521,2.3447,1.39,42.3106,1.5203,4.1542,0.4509,665348.0976,540800.0
601899.SH,20260521,1.4349,0.98,12.9268,4.0424,2.1632,1.6632,79745553.1514,61784777.6269
002225.SZ,20260521,5.9541,1.39,87.0183,1.0667,0.8085,1.1319,440510.8759,360476.395
002608.SZ,20260521,1.2674,0.85,9.0959,0.858,0.8633,1.2285,3075356.8791,3075356.8791
002906.SZ,20260521,3.7642,2.1,20.8805,2.3983,1.2109,1.5873,1653494.9792,1652529.6365
603787.SH,20260521,2.2238,1.29,55.2619,1.6412,0.6336,1.8165,253388.3128,253388.3128
300761.SZ,20260521,1.4936,0.67,32.6905,1.8131,0.895,2.8903,1721426.3819,1291194.2243
000055.SZ,20260521,1.6863,0.8,,0.6743,1.1245,1.4245,376929.8537,237224.9046
603393.SH,20260521,2.3346,0.9,21.4098,1.3059,3.2609,,1230219.691,1228188.3026
300585.SZ,20260521,6.1995,1.09,,5.9784,8.495,,378839.9998,378839.9998
300990.SZ,20260521,14.0475,1.67,63.9406,7.6678,5.3582,0.5319,1603444.01,724988.912
300284.SZ,20260521,0.9521,1.11,367.3558,0.9449,1.869,0.3195,790530.1865,737292.6532
301087.SZ,20260521,1.1079,0.98,28.9065,2.088,3.0565,3.712,1119331.265,920488.5762
000716.SZ,20260521,13.7826,3.06,,1.6433,1.689,0.9065,415591.9956,407756.514
301372.SZ,20260521,10.5316,1.78,,3.4854,9.1754,,258308.5768,155089.0663
688200.SH,20260521,3.2186,1.55,103.0141,13.9772,41.2162,,5855035.32,5855035.32
688662.SH,20260521,10.9328,0.99,189.4778,10.2012,13.9662,0.4098,753393.12,753393.12
000889.SZ,20260521,13.1862,0.85,,54.5987,2.3885,,379197.902,352287.2841
600678.SH,20260521,19.4316,5.23,,9.0673,3.6496,,233823.3,233823.3
601699.SH,20260521,1.073,1.15,36.4722,0.9261,1.5268,2.8571,4292672.202,4292672.202
600765.SH,20260521,1.425,1.11,41.1459,1.6319,2.281,0.8197,2341161.1827,2341161.1827
002586.SZ,20260521,0.8096,1.31,18.242,1.5134,2.2936,,485150.8547,461107.6333
301235.SZ,20260521,11.0042,1.1,58.4372,3.9979,3.154,0.0684,755839.1613,510161.5546
688239.SH,20260521,4.4677,1.33,62.1111,5.9883,5.7834,0.261,1239296.3046,1239296.3046
601065.SH,20260521,0.6613,1.18,24.7739,1.1133,2.2644,2.8205,501365.3416,501365.3416
920834.BJ,20260521,3.1688,0.83,30.1398,4.4484,4.5507,1.9692,140160.0058,73346.2408
600495.SH,20260521,0.8921,1.01,228.8901,1.4918,4.1226,0.3457,489317.3088,489317.3088
600673.SH,20260521,2.4472,0.87,933.0105,10.9665,6.8756,,10888570.2035,10859636.5799
300725.SZ,20260521,5.5714,1.44,44.699,1.6,4.3394,0.633,879817.0242,762810.5317
300928.SZ,20260521,4.521,1.2,,2.7224,3.31,,275600.0,184611.3593
301361.SZ,20260521,13.1385,1.12,53.1505,4.1888,17.1228,0.3746,521766.96,252666.96
920371.BJ,20260521,0.5993,0.84,19.7744,2.6925,1.856,1.2019,170930.686,162081.5905
301302.SZ,20260521,8.7683,1.09,,2.9152,11.0361,,427693.56,381388.56
301217.SZ,20260521,3.9209,0.9,418.5825,12.4976,9.6342,0.024,6875025.9064,6875025.9064
603997.SH,20260521,1.1015,0.74,35.4331,3.1496,0.7102,,1703562.6529,1703562.6529
300531.SZ,20260521,5.5686,1.15,56.4373,4.1362,3.6405,0.2672,594959.3221,577410.2503
605289.SH,20260521,3.2009,1.3,179.0325,11.6002,7.409,0.176,1548538.7435,1539020.8575
600326.SH,20260521,2.4261,1.18,378.0138,2.8999,3.1807,,1136295.3288,1136295.3288
001229.SZ,20260521,3.0856,1.5,59.4014,3.4573,14.9617,1.7139,350076.7755,180005.6191
600169.SH,20260521,0.3593,1.11,31.7199,1.4622,0.7313,,763139.5228,759956.262
600436.SH,20260521,0.6344,1.0,39.9953,5.0014,8.8458,2.5533,7608433.3353,7608433.3353
603803.SH,20260521,7.2963,0.83,,4.0675,4.9029,,625003.7123,625003.7123
688252.SH,20260521,3.1232,1.38,45.1328,3.8347,4.3438,0.3102,943203.2123,943203.2123
605268.SH,20260521,1.1662,0.93,37.4201,2.8363,1.4928,1.8248,489147.54,482842.8
688112.SH,20260521,2.758,0.71,80.4568,6.8716,17.8498,0.7196,1128349.9628,1128349.9628
603312.SH,20260521,3.1489,0.95,24.9166,3.3617,2.3748,2.9606,619838.063,197262.143
688818.SH,20260521,15.4324,0.84,357.3496,24.4924,38.1655,,13374313.953,1016525.8103
600961.SH,20260521,6.1783,0.67,14.1004,5.5582,1.1487,,2808780.7365,1968244.858
002361.SZ,20260521,14.0419,0.69,,7.5085,6.8838,0.289,1645290.4964,1399602.851
920419.BJ,20260521,0.5577,0.69,22.4834,1.9515,1.3639,0.846,122108.1648,114289.0859
920262.BJ,20260521,1.4438,0.93,31.5928,3.5033,2.0539,0.5436,127142.4547,57368.6741
600463.SH,20260521,1.4195,1.15,,3.4643,4.6736,,307500.0,307500.0
001359.SZ,20260521,4.8165,0.78,75.175,8.8921,14.7896,0.3633,1838150.862,459546.7203
603718.SH,20260521,2.6573,1.21,,2.5154,12.8527,2.3056,222951.4074,221951.0574
300593.SZ,20260521,10.0199,1.33,,7.0498,12.6479,,1617187.9361,1342235.4965
300264.SZ,20260521,5.7375,0.87,,467.9968,51.6171,,408022.0695,350755.971
000736.SZ,20260521,1.2248,1.37,,3.3045,1.2188,,400444.7429,400444.7429
300695.SZ,20260521,2.8615,0.81,23.8119,2.5008,10.2159,0.203,720195.5157,720195.5157
002301.SZ,20260521,4.2931,0.79,80.6424,1.9251,0.5074,1.6583,600849.5082,598085.8558
300131.SZ,20260521,19.5727,1.27,1725.6687,13.075,3.9853,,2256418.7362,2072027.8218
301516.SZ,20260521,20.4662,1.19,,4.5864,5.8463,,581052.6329,145263.1587
300613.SZ,20260521,11.376,1.17,65.6302,4.8477,7.3234,0.1953,1413599.8779,1333418.96
688185.SH,20260521,2.6723,0.96,,3.122,13.7182,,1537847.6612,711971.3087
603966.SH,20260521,2.9177,1.29,20.1666,2.4069,1.9265,1.7868,513201.5429,511985.1172
301313.SZ,20260521,20.252,1.27,,7.5521,7.625,,487368.9674,370065.6092
002453.SZ,20260521,4.3138,0.85,,6.1951,12.9185,,462236.8947,342908.052
600660.SH,20260521,0.6601,0.98,15.7674,3.9382,3.0636,3.8646,14181346.3529,10884227.7281
688357.SH,20260521,2.1869,1.76,37.9006,1.9291,4.0179,0.5896,339403.096,339403.096
001286.SZ,20260521,1.6314,0.84,13.3829,1.555,1.8164,3.1579,4275000.0,1538999.772
605266.SH,20260521,1.2266,1.26,19.1314,1.0635,0.3304,5.6575,288068.0178,288068.0178
002461.SZ,20260521,0.7697,1.32,22.5421,1.8609,3.5082,1.8028,2087168.7566,2087168.7566
600540.SH,20260521,3.6267,0.59,,7.4786,0.8908,,287781.5952,287781.5952
300577.SZ,20260521,1.5272,1.1,13.297,2.0921,0.932,1.8064,458087.2318,271534.7508
003009.SZ,20260521,2.1886,0.93,,4.5989,10.9141,0.0956,926535.4763,926366.0794
300770.SZ,20260521,0.9826,0.96,13.1716,2.2801,5.3034,7.7004,846648.2042,846648.2042
301282.SZ,20260521,6.7508,1.15,66.0219,3.2449,2.5174,0.8108,553068.6203,462987.1883
001358.SZ,20260521,4.7458,1.32,66.0078,2.4231,7.1039,0.8916,345452.8,139348.9215
603167.SH,20260521,1.2427,1.19,17.1166,1.2029,2.311,8.8106,425983.2087,425983.2087
300263.SZ,20260521,11.6439,0.81,62.5278,3.1246,4.0149,0.34,1310317.9783,1235018.3163
603688.SH,20260521,8.6445,1.43,286.1907,6.7154,38.8952,0.2605,3930959.3433,3930959.3433
601838.SH,20260521,0.4194,0.92,5.9181,0.8639,3.3136,4.752,7947066.2925,7947066.2925
001215.SZ,20260521,10.5124,1.27,61.6024,2.1452,1.9827,,398746.4704,397684.3388
301392.SZ,20260521,17.5984,1.18,451.4216,24.6945,38.4932,0.1604,1870000.0,762883.5357
000761.SZ,20260521,0.4029,1.0,,1.7546,0.2339,,1039384.8465,938184.8465
000010.SZ,20260521,2.9499,0.57,,9.1794,4.1802,,270168.2886,204013.4017
002130.SZ,20260521,4.4135,1.06,25.4646,3.13,3.2832,0.6624,2864169.5427,2346664.3117
688290.SH,20260521,4.8643,1.67,,5.41,30.6977,0.1613,725036.0208,725036.0208
600580.SH,20260521,6.2827,1.61,56.0084,5.8377,4.1243,0.4425,6351569.7997,6333333.7897
300275.SZ,20260521,6.0966,1.4,76.6303,3.1272,7.0133,,298764.916,263317.6094
301161.SZ,20260521,7.8957,1.19,44.5212,4.2428,5.1458,0.2473,407520.0,262165.257
600987.SH,20260521,1.1024,1.26,9.4646,1.0213,0.711,5.848,698240.1091,698240.1091
688306.SH,20260521,2.0149,1.06,1562.4279,7.2174,4.6739,,1262674.7184,1262674.7184
601010.SH,20260521,4.3266,0.79,,0.7294,2.0916,6.2527,301224.0,301224.0
000980.SZ,20260521,3.9328,1.19,,376.2662,24.7586,,1230381.6483,1230370.2301
002358.SZ,20260521,3.9483,0.95,62.3925,1.8326,2.1023,0.3026,614569.3618,614568.519
600789.SH,20260521,1.6113,1.09,97.4751,1.6403,1.4848,1.1874,847648.91,728821.0716
002183.SZ,20260521,8.6253,1.01,,1.9142,0.2662,0.1497,1734802.0728,1734792.0528
600032.SH,20260521,4.4166,1.12,58.4619,2.0489,5.5353,0.4749,2633119.4798,2633119.4798
300830.SZ,20260521,5.134,1.1,,3.6235,14.899,0.2167,476480.9881,355624.4345
300166.SZ,20260521,21.7374,1.05,,3.7179,7.9895,,2120344.5828,1686523.4703
603855.SH,20260521,1.1299,0.59,18.4285,2.8561,2.0707,,641608.411,637847.2825
688139.SH,20260521,1.8257,1.42,47.7761,2.3591,4.5849,1.4019,1050756.501,1050756.501
000301.SZ,20260521,0.4166,1.04,67.569,2.383,0.6502,,8277260.8752,8273374.1088
300473.SZ,20260521,6.9111,0.99,33.7257,3.1889,1.1092,,610879.5111,532526.45
002890.SZ,20260521,1.4976,1.12,259.2058,4.575,9.189,0.1594,277066.386,263368.514
002058.SZ,20260521,0.7821,0.48,17.1247,58.1009,3.7866,,368088.4199,367215.2075
601211.SH,20260521,1.3923,1.8,12.2287,0.8225,3.9737,2.8004,26848854.0376,20555794.2239
688296.SH,20260521,2.2788,0.95,,2.9876,5.4311,,170479.8828,169681.1928
000938.SZ,20260521,8.9493,1.27,39.3703,5.3878,0.8048,0.2564,8365733.6315,8365712.5715
601128.SH,20260521,1.2102,1.1,5.4719,0.7412,2.009,5.2691,2374629.3919,2374629.3919
301448.SZ,20260521,2.0997,1.11,,5.5211,5.0661,0.5716,382103.8,176375.9725
601566.SH,20260521,5.0906,1.31,40.2311,1.6945,2.2879,2.4896,692437.7658,692437.7658
603990.SH,20260521,7.9988,1.57,260.0652,6.0177,16.8348,,504753.9407,504753.9407
601228.SH,20260521,0.391,1.14,29.5054,1.086,1.7319,1.2581,2338804.7188,2338804.7188
603876.SH,20260521,5.1839,1.02,39.3145,3.1975,0.9012,0.3808,2443043.503,2443043.503
300223.SZ,20260521,8.3851,1.24,101.5253,4.9891,12.0365,0.1147,6307772.3311,5497698.6871
920089.BJ,20260521,2.0427,1.07,14.6005,1.8411,1.2446,0.6277,240014.124,136706.0843
601026.SH,20260521,5.2439,1.17,57.055,4.3813,3.4621,0.8562,1155268.8,194622.1289
002294.SZ,20260521,2.4773,0.94,59.8241,4.4235,8.9553,,4046784.0221,4045873.6217
688041.SH,20260521,2.2197,1.17,261.7564,30.3681,44.5695,0.0293,71357179.3937,71357179.3937
002051.SZ,20260521,5.1521,1.17,50.3904,1.1416,1.1227,1.1753,1316016.4146,1315939.9955
688505.SH,20260521,0.659,1.37,,3.7388,12.1234,0.3916,794014.2286,544298.2286
601825.SH,20260521,0.1733,0.93,6.7456,0.632,3.2072,5.029,8323155.556,8090142.9308
000019.SZ,20260521,3.0608,1.05,35.8776,1.5394,1.4306,2.2222,777961.2965,280939.3247
002230.SZ,20260521,2.683,1.1,131.3893,4.9654,4.0899,0.2032,11337816.8495,10333461.544
300543.SZ,20260521,2.6664,1.29,,1.9887,1.7633,1.0893,281248.8846,229682.5057
300568.SZ,20260521,10.9917,1.26,1261.613,2.4517,5.5333,0.0555,2388636.3842,2145197.4506
002079.SZ,20260521,6.166,1.06,91.9401,2.7462,2.5769,0.1377,1117903.5036,997823.6784
605005.SH,20260521,0.7228,1.23,37.4408,3.5097,3.9525,1.0741,746662.0,746662.0
300542.SZ,20260521,1.8116,1.18,,8.4145,4.054,,448735.5282,372115.722
002344.SZ,20260521,0.7942,1.2,108.4824,0.6172,5.1985,0.9337,522025.1027,521476.9274
002920.SZ,20260521,5.3517,2.6,27.1488,4.3931,1.9632,1.1723,6333340.2279,6331350.4779
920627.BJ,20260521,2.5174,1.04,58.8089,3.7345,2.1875,0.641,176810.4,87642.36
920690.BJ,20260521,8.2091,1.3,25.4596,3.0091,4.6465,1.4281,185706.3,120720.5231
002292.SZ,20260521,3.4102,0.85,148.4593,3.8692,4.6591,,1150428.3643,791901.6129
603637.SH,20260521,3.9719,1.02,71.9209,4.0176,9.0349,1.1383,419371.0859,419371.0859
300752.SZ,20260521,5.5442,1.98,95.3534,3.4067,2.7427,,437257.5222,302238.6108
688004.SH,20260521,2.1054,0.98,,3.1952,10.9518,,183401.52,183401.52
920454.BJ,20260521,1.2412,0.7,51.2885,4.3109,9.6976,1.1603,144932.9,67888.8595
603350.SH,20260521,2.9418,0.93,36.3775,3.0254,2.0357,1.736,402486.77,152450.1475
600814.SH,20260521,0.853,1.02,22.9769,1.3695,3.0509,2.4966,524111.0404,524111.0404
688579.SH,20260521,1.3541,1.13,111.6475,2.814,8.2991,0.6667,390009.75,390009.75
002414.SZ,20260521,2.7059,1.4,60.2768,7.8816,11.2617,,5838096.2596,4645903.1932
603613.SH,20260521,3.2933,2.0,13.8518,1.96,0.3691,0.2582,1837371.4232,1837371.4232
300617.SZ,20260521,7.2036,0.8,124.3679,3.2392,11.173,0.4017,979995.1249,821594.9037
000860.SZ,20260521,1.215,0.93,,1.2467,1.3424,1.2998,855999.1053,855999.1053
603676.SH,20260521,0.5808,1.2,19.2622,2.7023,3.5911,3.3877,417319.8785,417319.8785
605338.SH,20260521,0.9425,0.9,17.7566,2.3966,2.6885,5.7197,502610.8569,502610.8569
001914.SZ,20260521,1.0835,1.2,15.4021,0.9395,0.5258,2.4696,1029484.3013,1029480.5887
600177.SH,20260521,0.4082,1.05,13.4433,0.8128,2.9559,5.8553,3449087.6589,3359567.682
600982.SH,20260521,4.372,0.45,17.9397,1.4868,1.7472,2.4712,678399.8834,678399.8834
300781.SZ,20260521,4.7204,1.02,,10.0033,8.5416,,550644.0904,406295.1113
688603.SH,20260521,26.3834,1.24,181.8283,14.5178,34.5404,0.1406,1775453.5991,675046.5756
600639.SH,20260521,0.7133,1.1,10.7092,0.7415,1.8474,3.2432,1116800.8285,845985.5195
688808.SH,20260521,15.4877,0.78,574.9085,53.553,106.0861,,15708000.051,2952310.032
688419.SH,20260521,8.1065,1.49,86.726,5.9221,21.1059,0.5224,623161.0794,623161.0794
600851.SH,20260521,2.0373,0.99,51.5374,1.9491,12.5582,0.545,885979.6119,541843.2847
603577.SH,20260521,2.3891,1.25,35.3849,1.8226,0.8678,0.8181,359826.5851,359826.5851
600846.SH,20260521,0.6864,1.08,31.5825,1.7618,1.679,1.6211,765332.8571,765332.8571
300425.SZ,20260521,1.1,0.94,208.5741,1.3154,1.96,0.5702,311094.533,310416.7017
300573.SZ,20260521,2.6793,1.16,21.4705,7.432,6.1982,2.1367,1623970.5829,1247112.8
002714.SZ,20260521,1.014,0.74,23.3081,2.6428,1.6523,3.7479,22797558.5068,15006951.9093
688312.SH,20260521,6.166,0.95,99.4329,8.7604,22.048,0.5303,1356233.2381,1356233.2381
688733.SH,20260521,5.5398,1.05,,3.2746,9.8501,0.2889,685228.9017,685228.9017
002628.SZ,20260521,4.8819,0.66,,1.4379,4.6806,,405805.8224,404028.6539
920378.BJ,20260521,1.9263,1.07,61.0419,3.4803,3.3811,1.1211,138729.192,99352.9795
600737.SH,20260521,2.2917,1.19,30.8875,2.6295,1.1867,2.8671,3058552.966,3058552.966
600876.SH,20260521,2.0308,0.89,,2.0312,1.8465,,558508.843,342258.843
600965.SH,20260521,3.851,1.14,51.8511,1.2838,2.4225,,282451.8295,282451.8295
001225.SZ,20260521,9.4022,2.02,117.0208,2.5384,14.6551,2.2317,354099.9168,113104.4436
688184.SH,20260521,3.6172,1.39,,1.9896,2.6204,,213759.8588,135055.2188
300122.SZ,20260521,1.2498,1.05,,2.2448,3.9616,,3468601.3434,2049328.8289
688550.SH,20260521,7.2069,1.69,28.031,2.5776,5.0345,1.1788,861399.1903,861399.1903
300642.SZ,20260521,1.7778,1.08,,1.7276,6.606,,245441.5019,207937.5187
301551.SZ,20260521,3.2883,0.88,40.4426,4.0764,17.1181,2.6265,1028025.7,397203.0604
002329.SZ,20260521,6.0727,1.16,,7.4847,2.1116,,372916.9853,291913.63
000531.SZ,20260521,2.7347,0.8,18.2117,1.0445,1.8241,1.9901,725856.7284,634092.6051
600025.SH,20260521,0.2285,0.82,20.3566,2.4499,6.4444,2.071,17382810.9418,17382810.9418
002033.SZ,20260521,3.4387,1.17,19.1703,1.9352,5.2403,4.084,470913.5393,470904.5151
603266.SH,20260521,3.5227,1.6,37.1383,2.5248,3.0561,0.8252,409706.705,409706.705
603713.SH,20260521,1.0572,0.84,12.6805,1.648,0.5896,1.3865,809929.6696,809929.6696
688472.SH,20260521,4.8562,0.83,34.4254,2.1671,1.3202,0.6568,5122254.9975,1894802.0737
000789.SZ,20260521,0.4391,0.85,,0.5648,0.8473,3.1239,364415.6169,364415.6169
002408.SZ,20260521,1.2808,1.13,,1.4267,0.6503,0.5411,1563569.0439,1513103.2532
300099.SZ,20260521,3.434,0.85,32.9501,2.6417,10.9164,2.3329,606769.3049,478424.9123
600195.SH,20260521,0.9736,1.46,53.4334,1.2346,1.0885,0.3343,702550.0029,702550.0029
300491.SZ,20260521,5.5429,1.35,102.2347,3.928,2.8896,0.2965,474014.8863,421505.0579
000823.SZ,20260521,8.0885,1.46,38.2762,1.746,1.2717,1.3132,817853.4246,817818.7855
600246.SH,20260521,14.0263,1.61,,6.5546,65.9909,,2994143.7005,2913125.6255
300051.SZ,20260521,13.2211,2.12,,51.7052,14.5602,,494039.4923,487927.9035
600739.SH,20260521,0.8713,1.25,18.2076,0.5807,1.8149,0.1779,1711745.2841,1711745.2841
920436.BJ,20260521,1.2135,1.13,1188.8682,3.3598,0.6494,,130282.404,122549.1802
002048.SZ,20260521,5.668,1.52,53.5815,1.9443,0.9291,1.6348,2331631.8945,2033583.1368
300272.SZ,20260521,2.1487,1.2,112.4498,3.2502,2.2174,2.4846,410907.4852,312108.3941
300596.SZ,20260521,2.8788,0.92,18.9945,1.9943,1.6123,0.8591,988971.9058,988971.9058
300538.SZ,20260521,13.134,1.7,,3.3711,1.0373,,306532.7955,203860.1429
002210.SZ,20260521,3.7793,0.92,260.4989,7.7228,26.0763,,723855.3145,722232.8549
688015.SH,20260521,0.8748,0.85,24.5442,1.4173,1.5199,1.1403,380569.0566,380569.0566
603069.SH,20260521,4.8529,1.63,,7.546,9.9326,,583020.0,583020.0
000676.SZ,20260521,2.1712,1.22,59.7903,2.0009,2.1548,,856656.6662,856139.4018
688416.SH,20260521,8.2781,1.29,,7.2208,15.5222,,960790.8502,960790.8502
600816.SH,20260521,2.3555,1.19,28.2338,2.0469,,,3130534.5448,1739185.8582
600666.SH,20260521,11.2689,0.89,102.3705,13.0748,29.4087,,1433504.0923,1303674.0558
688361.SH,20260521,5.255,1.4,14971.3017,16.6789,39.2559,,8460293.9692,8460293.9692
920090.BJ,20260521,2.5649,0.92,,22.5345,56.9414,,86510.759,64636.8322
920786.BJ,20260521,2.2885,0.8,30.4395,2.0042,1.2044,,154699.22,104670.3767
000825.SZ,20260521,0.5606,0.86,,0.678,0.2482,,2215840.3926,2215840.3926
002370.SZ,20260521,2.4033,0.93,44.4359,4.0362,14.1792,,451128.8557,451128.8557
603867.SH,20260521,6.9518,1.03,30.851,2.6555,2.7779,1.028,833409.1992,826511.5992
688068.SH,20260521,4.4009,1.61,,3.4382,19.5524,,836178.3557,835762.0791
300430.SZ,20260521,10.8652,1.07,,1.2435,3.179,0.7705,159459.3289,151752.6681
002549.SZ,20260521,7.2618,0.85,263.2945,6.0322,20.2653,,1251626.2218,1246247.1468
002672.SZ,20260521,1.2487,1.22,,1.8898,1.2519,,421102.4606,344850.0731
603601.SH,20260521,18.4873,1.01,561.7946,7.6538,16.5569,0.1488,2071064.1804,2071064.1804
920856.BJ,20260521,1.3223,0.86,213.9981,2.3098,2.8938,0.7981,108349.2293,60435.3821
000503.SZ,20260521,1.5072,0.92,,7.4324,20.3396,,712895.7996,712852.6496
601599.SH,20260521,1.6331,1.01,34.4745,2.5085,1.185,,384139.5519,384139.5519
300039.SZ,20260521,1.056,1.07,22.441,1.2439,5.6176,2.3381,581576.0,509810.9817
601399.SH,20260521,1.3393,1.0,58.3713,1.8813,2.0019,,2798859.6853,2798859.6853
603977.SH,20260521,2.5896,0.85,33.1235,2.3854,3.4714,0.6777,825009.1476,825009.1476
002900.SZ,20260521,2.1438,1.22,,1.9242,4.178,1.8622,339764.7867,173045.4576
300011.SZ,20260521,1.555,1.07,,2.7243,2.4078,,411777.6632,344934.0827
300943.SZ,20260521,10.5788,1.12,128.4428,7.1582,13.1842,0.3344,731306.16,478730.8913
001335.SZ,20260521,7.1623,1.0,58.4848,4.6307,3.4174,0.3061,459323.844,125165.747
603906.SH,20260521,14.8207,2.1,335.9923,4.6875,2.0973,,2274007.8846,1649579.7538
920195.BJ,20260521,0.8254,0.71,14.5046,1.7647,1.3386,1.3219,148319.39,107058.3443
603709.SH,20260521,2.8017,1.25,,4.3955,1.2761,,223660.9528,221943.845
000713.SZ,20260521,1.1705,1.22,79.4775,1.5209,1.6745,,475738.8065,365952.9281
002364.SZ,20260521,11.3454,1.01,211.4997,11.0805,12.7847,0.2027,2771048.9083,2744196.1879
002471.SZ,20260521,11.0653,1.99,,6.1743,2.062,,1114170.64,1093617.9337
603100.SH,20260521,1.5057,0.9,16.0747,2.1521,1.5136,2.8622,1030964.9106,1027682.1845
300831.SZ,20260521,29.2997,1.49,125.3084,7.6133,32.9978,0.1971,741120.0,427265.4998
601111.SH,20260521,1.2028,1.53,59.4285,2.6854,0.6712,,11812581.017,7879000.1139
688168.SH,20260521,2.6608,0.94,,6.3054,13.8356,,630833.0377,630833.0377
002041.SZ,20260521,1.8746,1.39,77.0925,2.1032,6.4549,0.3284,777040.0,777040.0
600502.SH,20260521,1.3614,0.95,5.5893,0.7091,0.1022,5.754,865133.1048,865133.1048
002527.SZ,20260521,5.254,1.32,1519.4203,7.4843,2.5756,,930938.0526,742559.6407
688425.SH,20260521,0.3277,0.94,16.7342,1.2429,2.3702,1.9362,2341405.183,2341405.183
002339.SZ,20260521,4.9611,1.15,555.1937,2.5889,1.431,0.223,452170.7698,429412.2697
603444.SH,20260521,2.7652,1.47,12.9474,4.771,3.7962,5.3566,2625609.967,2625609.967
603357.SH,20260521,0.7476,0.87,13.1467,0.9888,1.6604,4.9716,394646.8479,394622.4501
688334.SH,20260521,2.17,0.99,25.2239,2.1375,7.2304,1.8467,636008.1472,315221.5383
603182.SH,20260521,1.8291,1.2,26.8853,2.0485,1.5939,2.8369,232015.5,232015.5
688610.SH,20260521,10.3233,1.74,153.2121,7.752,23.5049,0.113,1203464.0,724424.5885
688229.SH,20260521,6.0184,0.8,,11.009,32.8121,,402486.0,402486.0
000573.SZ,20260521,4.5615,1.01,,1.7323,4.7192,1.1236,284034.8688,281669.3445
920078.BJ,20260521,20.2281,0.78,42.6079,3.4687,4.0627,,343200.0,59202.0
688289.SH,20260521,0.8069,1.19,63.9042,1.3999,6.255,3.0744,1002920.6384,1002920.6384
600493.SH,20260521,2.7885,1.19,304.7321,1.6759,2.0133,0.8544,186864.0,186864.0
600601.SH,20260521,6.0378,1.09,79.4808,10.1872,8.9536,,4970362.9776,4850051.0928
601118.SH,20260521,1.4205,0.92,,2.8676,0.6769,0.17,2743113.2179,2743113.2179
002497.SZ,20260521,4.5518,1.12,30.7484,2.4769,2.7781,0.1674,2732725.7349,2512282.2352
920125.BJ,20260521,18.1538,0.82,102.0453,10.8599,10.9351,,741312.0,217556.3148
603261.SH,20260521,0.5391,0.69,,5.472,7.6515,,273515.2226,273515.2226
688716.SH,20260521,5.8241,1.03,3257.5328,3.8479,14.6235,0.5363,453744.72,260758.4169
300656.SZ,20260521,9.1141,1.61,,6.3308,17.294,,544177.729,422615.2966
920509.BJ,20260521,5.2252,1.28,73.3427,13.5716,21.8399,0.7751,517466.7867,271105.2327
300481.SZ,20260521,6.4351,1.77,38.6501,1.8402,3.1168,2.6613,438658.7233,435983.6629
600221.SH,20260521,1.0151,1.36,18.6333,9.1972,0.9224,,6395913.6152,6341136.2101
301011.SZ,20260521,1.7516,1.23,59.7974,2.9642,2.9198,1.0409,281848.5031,267631.9975
601012.SH,20260521,2.0038,0.88,,2.2206,1.651,,11207959.7087,11207948.5481
002560.SZ,20260521,11.8508,0.62,38.7135,2.5015,0.83,0.7761,674979.3977,581413.5374
000066.SZ,20260521,12.4926,0.96,3245.9681,5.9901,4.0495,,6548372.1486,6547866.1711
600191.SH,20260521,1.3293,1.03,75.2273,3.0098,7.0743,,516937.512,516937.512
002440.SZ,20260521,2.8561,0.97,13.0783,1.0403,1.717,1.5581,1053187.911,886738.784
300287.SZ,20260521,3.0562,0.91,,6.1579,19.9781,,609991.3684,560275.6326
300735.SZ,20260521,1.7296,1.09,60.7196,2.8714,1.6384,1.1687,1641695.3109,1536798.7826
000513.SZ,20260521,0.7117,0.9,14.0233,1.8977,2.3512,3.5766,2753400.1373,1761801.5012
600664.SH,20260521,2.3811,0.66,27.2337,1.4398,0.5285,,843700.8085,843700.8085
300024.SZ,20260521,5.3577,1.23,,6.3458,6.3182,,2567616.718,2566911.1195
688161.SH,20260521,0.3313,0.94,40.4927,2.5199,6.9146,1.0146,1057200.0,1057200.0
601598.SH,20260521,0.463,1.08,10.889,1.0586,0.4672,4.7112,4419030.7558,3177001.6598
002576.SZ,20260521,9.4259,2.17,36.6002,2.3706,1.7617,0.423,312204.1,306394.1368
600298.SH,20260521,1.2352,1.32,19.7535,2.5361,1.8096,1.5105,3160996.2198,3121742.0154
600252.SH,20260521,0.8288,0.65,,1.3432,4.4687,,706884.2015,706884.2015
300812.SZ,20260521,19.9884,1.37,733.9602,7.0471,8.8979,,552603.8794,348486.6522
600391.SH,20260521,7.2724,1.63,316.4766,8.1973,3.3921,,1454549.991,1454549.991
603677.SH,20260521,5.8837,1.49,82.3183,3.0272,1.6692,1.1299,340903.5311,340903.5311
003010.SZ,20260521,2.9552,1.16,35.8225,10.8312,2.2252,1.7028,857279.9159,623247.8536
603948.SH,20260521,1.9952,0.85,17.8879,1.8875,2.036,3.8941,417272.1809,417272.1809
300992.SZ,20260521,4.0657,0.77,,3.2101,2.9514,0.2523,277368.6934,225459.0429
601002.SH,20260521,2.6219,1.14,19.4483,1.1567,2.1625,1.5296,499172.4966,499172.4966
601799.SH,20260521,3.6845,1.81,24.3524,3.6484,2.5882,1.4018,4035507.4728,4035507.4728
603201.SH,20260521,4.0549,2.42,15.1014,1.6603,0.9704,2.5513,296938.3055,294398.4617
301358.SZ,20260521,3.8812,0.97,30.3665,4.0497,1.8002,,7709816.2364,6947354.3936
920790.BJ,20260521,3.2214,1.5,,5.4465,8.6212,1.4025,168910.4558,116265.2552
002848.SZ,20260521,1.9992,0.56,,33.7712,5.972,,282149.2,278393.4203
603658.SH,20260521,0.5857,0.98,18.2985,2.0662,4.4832,3.8032,1893130.2564,1893130.2564
920368.BJ,20260521,4.8462,0.69,527.8066,2.1626,4.8448,0.3846,915643.716,871139.2326
603158.SH,20260521,6.8614,1.14,113.4153,2.9809,1.6435,1.147,677262.8042,677262.8042
603986.SH,20260521,9.4692,1.1,105.337,11.9813,26.3712,0.0782,30280614.8587,28844216.3073
603177.SH,20260521,5.9745,3.58,,7.4235,2.2732,0.344,239721.408,239721.408
605001.SH,20260521,1.3345,1.06,33.2553,0.9921,1.4777,2.8944,271484.226,271484.226
002783.SZ,20260521,1.9442,0.96,35.1495,1.5326,1.1672,1.224,407975.1976,376790.8909
300967.SZ,20260521,4.216,1.09,,4.4001,2.8307,1.2087,307241.7419,204411.0192
603092.SH,20260521,10.8809,1.6,31.6683,4.9534,4.9935,,2841200.7103,245562.4584
002649.SZ,20260521,2.6303,1.19,136.2742,1.4433,0.915,1.6667,600563.4898,550299.0152
600063.SH,20260521,1.8791,1.1,27.1644,1.4593,1.5449,1.6835,1229049.2307,1229049.2307
300873.SZ,20260521,5.2677,1.84,24.8009,1.6053,2.6459,1.7751,516317.3832,375162.7762
000619.SZ,20260521,2.3171,1.15,,1.0235,0.56,,254113.2467,207360.0
301520.SZ,20260521,3.1374,1.36,109.3598,1.755,11.3836,,266000.0013,93652.1508
000728.SZ,20260521,3.1623,3.46,13.667,0.8183,5.2516,2.4691,3181194.0825,3181194.0825
300667.SZ,20260521,7.9263,0.73,,3.683,4.9826,,380623.0325,321092.6816
000788.SZ,20260521,2.777,0.84,50.6562,2.1858,2.7227,4.1758,325409.1341,325409.1341
688163.SH,20260521,1.7843,0.65,88.8523,3.8788,21.8435,0.802,431797.8,431797.8
002082.SZ,20260521,9.6342,5.29,,3.6068,8.0073,,942001.1447,874485.4149
600841.SH,20260521,1.4012,0.74,3.3868,1.6451,1.791,,1056132.3776,793741.6323
000719.SZ,20260521,0.7825,0.87,10.1813,1.1326,1.5054,4.3796,1401789.1361,913992.1339
300582.SZ,20260521,8.8906,0.64,,5.6026,2.0753,0.2272,492585.2052,365581.5801
300658.SZ,20260521,19.2498,1.89,68.2704,3.0741,2.3302,0.4739,415289.603,275613.1373
300521.SZ,20260521,3.0024,1.14,,7.1568,19.3693,,381512.04,376734.54
600588.SH,20260521,2.1503,1.3,,5.3767,4.0024,,3707442.1888,3707442.1888
300230.SZ,20260521,3.1448,1.42,22.3982,1.2181,1.6241,1.3238,399287.7995,309242.847
300760.SZ,20260521,1.262,1.94,24.4844,4.7839,5.7455,2.9256,19188097.5014,19171605.0528
601877.SH,20260521,2.391,1.23,14.3866,1.4563,1.0055,1.9417,6625271.353,6625271.353
601218.SH,20260521,6.7358,1.32,33.1078,1.7487,3.4016,0.8318,524247.13,524247.13
300808.SZ,20260521,2.898,1.29,,4.5178,13.8726,,424160.0,315202.7813
000505.SZ,20260521,2.56,1.02,,1.5597,0.6031,0.2922,447801.3546,389546.287
601003.SH,20260521,0.6971,1.01,23.543,1.0883,0.1508,,1022078.0471,994363.7616
002164.SZ,20260521,10.8731,1.15,39.4186,5.004,5.4039,,795599.6651,717263.8388
002392.SZ,20260521,5.9303,1.31,26.3439,1.7911,1.4864,0.3605,1066679.7917,1037161.7276
601113.SH,20260521,1.3195,1.2,34.4716,1.1736,1.0083,,474785.4572,474785.4572
600731.SH,20260521,1.4413,0.68,14.3261,1.0312,1.7865,3.367,331892.9951,321759.503
301149.SZ,20260521,7.2229,1.19,41.9657,2.6236,0.8151,1.1637,554270.0232,336663.192
301326.SZ,20260521,3.7247,0.88,,10.4819,8.9499,,1294451.2876,1282838.1236
002187.SZ,20260521,1.3081,0.93,,0.9702,1.6105,0.7253,388295.6267,388295.6267
600119.SH,20260521,1.2086,0.97,,29.1328,9.6559,,216240.059,216240.059
000659.SZ,20260521,3.647,1.15,,57.7339,5.4828,,530995.1408,530995.1408
000507.SZ,20260521,1.6578,0.83,20.6508,0.7985,1.1216,1.2332,477342.4105,468321.9621
603719.SH,20260521,1.4063,1.18,,2.1234,0.7489,2.3013,433882.0,433882.0
002715.SZ,20260521,3.4717,0.95,,4.9227,4.27,0.1928,229080.0,229080.0
920121.BJ,20260521,3.088,1.14,20.7055,2.9024,3.7576,,235400.936,42372.1723
600226.SH,20260521,3.9023,1.02,85.8676,4.6953,8.0402,,1740013.016,1740013.016
300338.SZ,20260521,4.5718,1.68,,,9.8815,,127632.0274,110929.9472
920693.BJ,20260521,5.7699,1.62,,6.2673,6.8802,0.2303,221008.0,111294.4
688545.SH,20260521,16.2583,1.2,129.6976,9.3505,17.6934,0.2551,2822040.0,1428657.75
603722.SH,20260521,3.1365,1.57,,4.2766,7.1727,0.2523,379349.5097,371507.8697
920396.BJ,20260521,3.178,0.93,44.9965,5.1245,7.1253,0.7925,189219.3763,134428.9329
600089.SH,20260521,3.1901,0.98,21.2231,1.8194,1.3249,0.9587,13091785.5515,13091785.5515
300243.SZ,20260521,10.5768,0.88,104.0088,3.5147,2.3352,0.2658,470997.2343,373608.0469
300864.SZ,20260521,2.077,0.96,24.1496,2.6283,4.5447,,368247.7128,368247.7128
600121.SH,20260521,4.8744,1.06,,6.656,1.4761,,489801.6393,489801.6393
300641.SZ,20260521,1.5673,0.94,20.5513,2.4628,4.2545,3.9063,807236.8282,807236.8282
605055.SH,20260521,5.5826,2.09,,6.0068,3.6312,0.4429,590040.0,590040.0
600959.SH,20260521,1.35,1.03,87.8557,0.84,2.4385,0.5759,1910274.1561,1910274.1561
603055.SH,20260521,2.819,3.05,15.799,1.4622,1.2407,2.8178,789690.1119,786813.7483
301275.SZ,20260521,3.985,1.07,41.5831,4.8287,4.2648,0.3199,2007244.8,1429683.0752
300602.SZ,20260521,10.6651,1.26,58.2388,5.3911,3.2011,,2237264.8922,1520327.8917
603630.SH,20260521,1.3065,1.06,,1.7366,3.9441,0.6115,327897.8685,327897.8685
603176.SH,20260521,1.4809,1.37,122.1651,2.3966,1.0733,0.4259,256152.8573,248918.9383
000539.SZ,20260521,3.5649,0.58,40.679,1.4504,0.6462,0.3106,3381182.887,1645669.163
600562.SH,20260521,0.9032,1.05,49.112,4.606,8.8402,1.0189,3095951.5951,3095951.5951
002372.SZ,20260521,0.4711,0.75,21.1119,3.5422,2.974,4.4879,1576117.6081,1456149.2557
601555.SH,20260521,1.1708,1.45,11.797,0.9098,4.9832,4.6816,3979930.9724,3979930.9724
603281.SH,20260521,1.7044,1.27,32.922,2.8566,7.4326,2.6367,1399253.3358,1399253.3358
920061.BJ,20260521,3.135,0.76,371.2363,6.2463,17.8192,0.2922,172019.7,95655.492
600259.SH,20260521,3.9187,0.72,116.3228,8.0901,4.996,0.1727,2921945.8784,2921945.8784
605336.SH,20260521,2.4425,0.97,,1.7538,15.7162,1.8841,316386.4763,316386.4763
002979.SZ,20260521,15.6851,1.12,81.8586,10.5219,9.8485,0.4928,1978302.9974,1392874.604
600882.SH,20260521,1.051,0.77,86.7943,2.0848,1.6084,,969101.9293,969101.9293
000935.SZ,20260521,1.2362,0.97,99.8565,3.0669,20.9219,,2401783.2876,2401783.2876
002369.SZ,20260521,3.7342,1.55,,20.5526,2.3352,,384396.3578,383885.9777
603026.SH,20260521,7.586,1.11,69.9435,4.3863,3.0607,,2280469.9372,2280469.9372
000968.SZ,20260521,4.1498,1.02,25.5231,1.1893,3.752,0.3817,760457.0908,760457.0908
601999.SH,20260521,1.2353,0.89,33.7285,1.3152,1.7442,0.936,353136.3227,353136.3227
000998.SZ,20260521,1.0321,0.78,333.6011,1.8263,1.5512,0.4751,1237275.2674,1106733.7488
002664.SZ,20260521,4.3442,1.24,59.4431,2.6162,1.4852,0.2644,926205.8,913445.1437
601665.SH,20260521,0.7486,1.0,6.4085,0.7482,2.7937,3.7514,3784613.1529,3784613.1529
605318.SH,20260521,1.9471,0.7,40071.6175,19.3968,23.9403,0.3041,1240316.8612,1240316.8612
002827.SZ,20260521,1.2816,1.09,43.7479,7.6929,4.5432,0.4993,830583.908,827444.1776
300709.SZ,20260521,8.2934,0.95,464.1724,4.1116,2.9414,0.2309,886283.2316,711006.2415
000800.SZ,20260521,0.2956,0.8,38.0179,1.1409,0.4502,0.8143,3021666.5187,3021394.6444
920821.BJ,20260521,3.6398,1.33,386.5891,5.8261,8.0435,0.3242,304811.2635,160496.0887
301552.SZ,20260521,4.0033,0.92,25.0791,3.226,5.3813,3.9747,359275.28,89818.82
920599.BJ,20260521,0.8475,0.94,9.434,2.2701,1.2443,4.0377,793230.375,601235.0034
301571.SZ,20260521,2.5874,1.04,52.6895,5.5082,9.6068,0.153,1137201.4049,755277.8474
600358.SH,20260521,6.9906,1.68,,63.9203,6.4709,,309526.1726,309526.1726
920876.BJ,20260521,2.6628,1.15,754.7333,5.3319,2.5408,,135421.1905,82813.8054
301100.SZ,20260521,2.8858,1.24,,1.7131,3.0633,,345600.0,151200.0
301227.SZ,20260521,3.8322,1.03,,1.9906,5.1645,,319212.636,181420.296
002426.SZ,20260521,4.9645,0.87,,7.3371,3.4048,,1204529.5743,1204520.3614
301377.SZ,20260521,8.2969,1.1,171.3225,39.2805,42.0216,0.3465,10649835.2095,1875102.4735
600435.SH,20260521,2.3879,1.3,158.0171,6.7052,4.4999,0.1967,1922206.699,1922206.699
600338.SH,20260521,6.6284,0.82,32.1988,4.0337,6.7373,0.276,1822020.8648,1822020.8648
000541.SZ,20260521,0.9351,1.16,44.5313,1.1417,0.8971,2.3483,784782.6755,628782.854
920190.BJ,20260521,1.5128,0.97,79.327,2.5671,0.716,0.5391,222600.0022,221360.2315
603013.SH,20260521,1.2447,1.67,19.3142,2.3384,1.1582,1.8918,1083524.1104,1083524.1104
603727.SH,20260521,2.6418,1.23,,1.6564,3.18,1.0802,513574.242,513574.242
300363.SZ,20260521,5.6923,0.82,66.149,1.6009,2.4251,0.5741,849943.5633,780211.3861
301609.SZ,20260521,10.183,0.85,57.906,6.0237,10.9233,,780846.72,175690.512
688097.SH,20260521,2.6147,1.07,39.6749,5.3952,3.543,0.4031,2589663.7415,2580160.8195
002555.SZ,20260521,2.2307,1.01,14.072,3.13,2.9381,3.0543,4537299.4837,3255672.9993
300806.SZ,20260521,8.0939,1.18,570.5266,16.1132,12.1274,0.012,3761940.8744,2625918.815
600183.SH,20260521,3.0349,1.0,60.7149,13.3042,7.7037,1.0185,23851521.7194,23511610.6605
300402.SZ,20260521,1.9908,1.32,81.1866,2.7456,3.0999,0.5329,416829.1494,411471.6414
601588.SH,20260521,2.1003,1.07,,0.9096,0.9695,,595962.54,470820.0
300720.SZ,20260521,5.2838,0.76,574.8617,22.3652,55.1369,0.222,1316590.7415,1244085.1131
002615.SZ,20260521,3.9031,0.97,150.9192,1.8975,1.3598,1.5375,452327.8714,244115.0697
300390.SZ,20260521,8.3225,0.85,53.8777,5.9715,8.133,0.6764,7369590.2403,5963685.7111
003013.SZ,20260521,1.2441,1.15,14.0495,2.0056,2.5746,2.9016,675470.9363,586322.431
600406.SH,20260521,1.4947,0.98,24.7708,3.8527,3.0807,2.2586,20609486.2963,20548980.0317
300401.SZ,20260521,2.337,1.11,27.0976,2.1339,5.8996,,700810.0746,689487.4999
601636.SH,20260521,6.7311,2.85,124.6804,1.3525,1.2772,0.5919,2020760.4962,2020760.4962
300838.SZ,20260521,10.2769,1.01,,3.1668,3.0797,0.6871,301205.974,222104.1504
688105.SH,20260521,0.9618,1.03,,2.0955,5.6331,0.7493,796264.5571,796264.5571
301001.SZ,20260521,3.1827,1.28,,2.9747,7.2993,1.3116,228720.0,143807.7
002909.SZ,20260521,9.1107,2.48,,2.9301,2.3751,,249210.0,243073.5629
002063.SZ,20260521,3.4982,1.19,40.081,3.0278,4.659,0.473,1208420.1917,1116098.1059
000595.SZ,20260521,1.3481,0.55,78.509,17.7608,10.5015,,859685.5563,859685.5563
300257.SZ,20260521,1.283,0.7,87.3426,4.6773,6.4715,0.32,3105109.4313,2983406.875
001324.SZ,20260521,4.9161,1.16,65.5604,2.3879,5.3755,0.6636,275172.0,162817.2784
301606.SZ,20260521,3.4559,1.05,40.2985,9.4678,3.0497,0.78,3191486.2278,1269170.7465
300565.SZ,20260521,12.0042,0.54,,6.7857,6.0067,,353831.4352,323366.6905
000063.SZ,20260521,4.18,1.31,37.2313,2.169,1.2258,,16661052.0114,14028204.7511
002485.SZ,20260521,0.8014,0.83,,2.5244,4.9573,,256224.0,256224.0
000768.SZ,20260521,1.2372,0.9,55.9778,2.7545,1.5681,0.5377,6206321.8213,6196956.0681
300162.SZ,20260521,32.5333,2.83,,5.068,4.0591,,418671.0099,341477.4564
300865.SZ,20260521,4.362,0.99,232.2439,3.2596,8.3362,,284456.64,170894.6995
002076.SZ,20260521,6.7894,1.9,,9.035,6.213,,275062.8738,258483.0113
601366.SH,20260521,1.075,1.19,,0.8191,0.5685,0.4756,357983.4351,357983.4351
300675.SZ,20260521,2.5984,1.44,,4.5674,8.6367,0.0653,224693.3844,224693.3844
000821.SZ,20260521,2.2325,0.74,47.8462,1.4451,0.9621,0.7231,602942.7851,585301.9396
300767.SZ,20260521,5.5098,1.41,,3.7878,11.7349,,575514.2113,499694.6798
600528.SH,20260521,0.59,0.94,12.1967,0.6541,0.5995,1.3795,1668385.2426,1668385.2426
300105.SZ,20260521,1.762,1.12,,1.7958,3.7191,1.5385,335279.373,335057.3655
605286.SH,20260521,2.4067,0.93,48.2808,3.023,3.2782,0.4633,652680.0,652680.0
301529.SZ,20260521,10.1624,1.18,108.8525,10.4765,8.7318,0.2379,1475319.0819,793915.4084
603293.SH,20260521,35.1408,2.94,38.8686,3.366,2.6686,,980879.5339,192223.5907
000065.SZ,20260521,2.1014,0.98,21.5701,1.2659,1.1561,1.1183,1416959.434,1189453.9914
300530.SZ,20260521,1.5071,1.3,,52.5266,27.952,,381903.9572,381903.9572
688499.SH,20260521,5.9707,1.35,164.8484,4.0494,2.9309,,948929.1402,948929.1402
600757.SH,20260521,0.8499,1.2,10.3648,0.9502,1.4547,5.0617,983056.7211,982932.6534
603610.SH,20260521,3.6109,0.59,68.2898,2.0668,2.0671,0.5488,643150.7335,643150.7335
688658.SH,20260521,2.3813,1.05,,2.5502,3.4519,,837000.0,837000.0
301501.SZ,20260521,2.1542,0.99,25.8927,2.1276,2.405,1.1302,451242.9,132718.5
002278.SZ,20260521,3.2593,1.17,104.9784,2.6338,4.5719,0.4894,370352.872,317113.4622
000922.SZ,20260521,4.6676,1.66,39.2472,2.3767,2.2003,0.6971,1096686.572,926981.9019
688208.SH,20260521,3.3339,1.14,28.4836,7.5307,5.2637,2.7007,2651917.1304,2651917.1304
300852.SZ,20260521,6.4712,0.81,59.6635,3.4535,3.6635,0.2922,769056.9015,742395.686
688047.SH,20260521,4.1148,1.43,,26.2992,97.7596,,6308131.0,6308131.0
600539.SH,20260521,12.6573,1.1,,10.3334,7.0955,,310500.0,310500.0
300179.SZ,20260521,15.8192,1.27,128.731,10.3249,21.1796,0.7363,1312426.0589,1010499.0344
688380.SH,20260521,5.596,1.34,67.4613,6.2906,16.3652,0.491,2030651.28,2030651.28
600228.SH,20260521,2.6892,1.62,,6.852,4.0799,,261670.2842,261271.3472
301110.SZ,20260521,7.4886,0.95,39.6566,3.9929,4.147,0.6016,615267.4291,434622.4104
600770.SH,20260521,7.0839,1.11,65.8352,2.5316,17.1563,,860600.0,860600.0
603861.SH,20260521,3.2068,0.93,42.0987,2.1175,1.7226,0.8662,848628.8894,829880.7705
688799.SH,20260521,2.6477,0.95,31.7887,3.4294,4.7696,0.7906,711885.72,711885.72
002973.SZ,20260521,1.8151,0.59,36.1146,2.1102,1.5493,0.7485,545977.3752,424384.5122
001367.SZ,20260521,1.3613,1.0,25.2862,2.2395,6.4833,0.5232,337762.6104,269669.3221
688638.SH,20260521,4.6688,1.37,,2.9484,2.8854,,225288.0,106452.6915
000750.SZ,20260521,1.477,1.9,29.3078,1.0598,6.7119,1.1082,2420360.1268,2196761.3073
603933.SH,20260521,6.8587,1.22,94.2952,3.9682,2.2161,0.2344,531314.112,531314.112
688135.SH,20260521,17.7568,1.19,5008.0494,5.7051,13.8157,,904443.2911,904443.2911
301230.SZ,20260521,4.5088,1.0,117.5128,5.2598,7.8375,1.2694,541735.614,487515.0362
000532.SZ,20260521,5.7709,2.77,35.3016,2.6347,8.5691,0.4839,427438.3416,426001.685
600461.SH,20260521,0.6353,0.91,11.1663,1.2856,1.8117,4.5312,1314975.3201,1314975.3201
603567.SH,20260521,2.7462,1.45,,1.1674,13.9666,1.9815,712230.4772,711128.292
688181.SH,20260521,12.9564,1.72,64.779,2.5359,5.8947,,529722.8097,529722.8097
688778.SH,20260521,1.369,0.83,40.7638,3.7144,1.4895,0.7676,3498518.5874,3498518.5874
002427.SZ,20260521,1.8447,1.15,376.1293,5.0489,2.2379,,477934.8968,477491.2232
300847.SZ,20260521,1.0807,1.06,39.4731,2.9642,3.7972,0.8941,450231.21,450231.21
300307.SZ,20260521,2.7071,1.69,52.1066,1.7777,2.9631,0.2743,583603.7027,573649.6874
688183.SH,20260521,3.5302,1.11,48.0637,13.467,7.996,0.5465,8255825.1619,8255825.1619
301059.SZ,20260521,2.8289,0.89,40.622,5.1874,7.2147,,339796.38,303570.3586
301683.SZ,20260521,25.5372,1.23,40.6801,3.6173,8.4048,,859519.1352,194269.6217
002268.SZ,20260521,1.3964,0.98,346.9518,2.3043,5.7189,0.4006,1266762.8523,1266191.2155
603579.SH,20260521,2.3621,0.88,24.1373,1.4872,2.6296,1.4385,426029.9593,426029.9593
001391.SZ,20260521,1.2238,0.5,25.9163,2.3514,2.8023,1.2357,6421871.5244,799180.2145
300219.SZ,20260521,11.0036,2.34,57.5078,2.2368,1.3216,1.3956,583345.4489,582272.0324
301587.SZ,20260521,6.1723,0.75,67.3767,1.9836,5.3474,1.8043,395870.4435,197368.3185
000657.SZ,20260521,7.0896,1.52,65.2366,12.0946,6.0799,0.2822,12921965.5524,8239539.6145
301205.SZ,20260521,10.6452,0.94,364.0655,19.5511,25.7742,0.0815,3183009.552,2046167.7504
600746.SH,20260521,1.1761,0.95,123.7535,1.4851,1.4062,0.7115,809315.1186,809315.1186
300511.SZ,20260521,5.2518,1.11,21.5447,2.3637,1.8945,,421677.3365,359270.0174
600679.SH,20260521,0.9974,1.02,59.8741,2.4766,2.4634,,527661.3192,351942.9192
300022.SZ,20260521,2.6169,0.82,,8.1233,1.4815,,415161.9192,415149.6552
002563.SZ,20260521,0.7271,1.09,15.5479,1.3614,0.995,5.2539,1538325.4814,1260249.9831
300959.SZ,20260521,8.6888,0.5,,13.0096,29.4702,0.1831,1437779.942,936151.8021
920245.BJ,20260521,1.2987,0.92,72.6473,3.2345,3.3005,0.6487,114902.901,87884.6601
600784.SH,20260521,3.9976,0.91,36.8326,1.6175,1.6081,0.8302,537143.5602,537143.5602
301456.SZ,20260521,3.3636,0.92,52.036,2.0581,6.5945,0.657,457963.1184,180233.925
601601.SH,20260521,0.873,1.49,5.8879,0.9933,0.7315,3.2727,31747126.8015,22588636.8015
920879.BJ,20260521,1.341,0.98,42.8553,5.4348,8.3617,1.467,339669.1645,254175.4258
688375.SH,20260521,1.0172,0.92,140.1296,9.7675,26.8286,0.3774,6317757.94,6317757.94
300003.SZ,20260521,1.806,0.96,28.9964,1.4644,3.7509,2.2798,2407512.6791,2062059.1425
001208.SZ,20260521,6.62,1.08,101.3331,3.7376,2.3313,0.3014,1099239.4439,548859.3574
688101.SH,20260521,1.7737,0.92,14.78,1.328,3.3815,1.1778,591977.5137,591977.5137
920023.BJ,20260521,3.3357,0.65,90.0239,0.6376,1.3701,,76916.44,63170.0046
600727.SH,20260521,4.4451,0.83,69.5544,1.2574,0.8037,0.646,409123.3465,409123.3465
300525.SZ,20260521,2.9828,1.26,40.2626,2.8146,3.5074,1.2811,703844.8276,578464.9302
688257.SH,20260521,6.036,1.34,43.5778,8.0187,6.9599,0.2968,2145219.8755,2145219.8755
301287.SZ,20260521,4.807,1.24,46.4033,2.3364,4.7317,1.6457,275480.44,70373.5382
688796.SH,20260521,9.2265,1.64,162.7406,20.7176,30.2542,,4727291.4868,379619.4665
002901.SZ,20260521,1.019,2.18,26.7302,4.6155,6.3856,1.1827,1719008.9889,1197487.5499
600568.SH,20260521,0.761,0.64,,3.1079,9.2194,,502203.1596,420604.9543
600571.SH,20260521,2.6345,1.69,161.2166,4.905,2.7327,0.3865,567043.0637,556626.0708
003038.SZ,20260521,3.081,0.83,,1.1261,0.3823,,317001.3543,212357.7871
605555.SH,20260521,2.4907,1.18,84.8057,2.6703,1.7679,1.6297,799682.0541,799682.0541
000559.SZ,20260521,5.7002,1.3,60.6338,7.39,4.7236,1.1056,5997483.4252,5995657.0498
601133.SH,20260521,9.6363,1.66,91.0877,5.7784,4.422,0.6331,1749325.0387,1737293.2829
003020.SZ,20260521,1.5737,1.26,24.1017,2.12,2.5216,2.4402,391014.5662,282397.2602
002634.SZ,20260521,3.2365,1.06,,,3.5153,,196602.8756,189276.6712
601117.SH,20260521,1.4034,1.01,7.328,0.6981,0.2517,3.6341,4805946.2695,4791309.0139
002374.SZ,20260521,7.5251,1.0,,7.4836,7.2401,,400442.2254,400442.2254
002879.SZ,20260521,4.5607,0.89,24.28,1.9104,2.2277,2.9317,322103.5435,228722.867
600977.SH,20260521,2.5471,1.28,189.6911,2.4741,5.7949,0.0755,2718352.0,2718352.0
301201.SZ,20260521,6.5575,1.52,,2.6835,12.3048,0.5372,563931.8885,395643.9881
301337.SZ,20260521,4.6113,1.16,,2.5827,11.0652,,279985.4,119007.4315
000159.SZ,20260521,7.5438,0.65,89.0694,1.5856,1.573,,326866.4752,326854.5752
002868.SZ,20260521,2.37,0.67,,82.7201,11.4334,,575038.5969,395909.2648
600386.SH,20260521,2.7887,0.73,,1.877,0.8732,0.2558,315302.4,315302.4
002273.SZ,20260521,10.7862,1.93,42.5578,5.0012,7.1154,0.2698,5099448.3544,4994741.4158
603759.SH,20260521,0.8299,0.91,29.9126,1.338,0.8873,,391110.72,391110.72
920027.BJ,20260521,3.6069,1.49,27.6116,2.996,3.6389,0.6842,138922.939,74024.939
600395.SH,20260521,1.1856,0.85,23.2396,1.04,1.1392,0.7707,1114098.32,1114098.32
002790.SZ,20260521,1.7097,1.13,,1.371,1.6322,2.9499,283317.4194,176752.905
300572.SZ,20260521,3.9749,0.84,,4.4641,16.431,,718337.9032,568668.7943
603306.SH,20260521,4.9415,0.87,247.5836,11.0184,14.288,0.0808,3541415.9788,3541415.9788
000519.SZ,20260521,2.0021,1.14,103.9689,2.2507,2.2528,,2342284.2077,2342284.2077
000555.SZ,20260521,2.7088,1.16,222.9472,2.2304,0.9935,,1268506.7681,1267021.0631
002520.SZ,20260521,5.6878,0.58,,16.3215,5.1382,,483157.8901,462031.4701
603233.SH,20260521,0.501,0.69,15.4132,2.5812,0.7205,3.7114,1982734.4846,1982734.4846
688061.SH,20260521,3.7458,1.12,,2.0324,7.4136,,466680.7062,466680.7062
002605.SZ,20260521,1.8893,1.16,17.4153,2.0851,3.0081,2.5638,811943.0092,656270.5938
002569.SZ,20260521,2.5312,0.74,260.1923,56.7871,15.3144,,225519.66,219255.66
688695.SH,20260521,2.3415,1.22,,2.6585,14.0019,0.5882,202422.2796,127081.2376
600405.SH,20260521,2.0591,0.84,,91.102,6.7824,,285578.588,285578.588
600345.SH,20260521,6.8972,0.95,67.0267,4.4158,16.455,0.1078,1681681.0975,1079375.5333
000404.SZ,20260521,11.4292,2.13,13.4754,1.5555,0.6065,3.0395,686948.0313,683722.7798
603477.SH,20260521,2.4115,0.55,,3.2114,1.0667,0.9686,883311.906,861508.9242
300936.SZ,20260521,8.1232,1.19,7471.0291,6.4981,26.4286,0.1148,654992.0,413038.652
600151.SH,20260521,4.9309,0.83,,4.8573,6.2733,,2139904.4122,2139904.4122
002391.SZ,20260521,1.642,1.01,70.3449,0.8967,1.0204,,383909.1971,274282.1018
300270.SZ,20260521,6.3156,1.34,,7.278,23.0943,,400612.375,345210.7181
300955.SZ,20260521,7.3907,1.47,,5.7318,4.065,0.5688,496238.4,496238.4
000828.SZ,20260521,0.6911,1.54,11.7183,1.0278,6.7575,4.7405,1041596.026,1041596.026
688565.SH,20260521,3.2524,1.22,273.1899,3.6314,6.5161,,180574.38,180574.38
002103.SZ,20260521,1.6239,1.08,25.2683,3.1168,1.3907,,391622.0745,284503.386
000628.SZ,20260521,8.4188,0.92,188.9683,9.3002,4.2471,0.0947,2045337.68,1116137.2245
688630.SH,20260521,5.3173,1.05,102.0019,15.1889,21.0279,0.261,3533944.7067,3533944.7067
002689.SZ,20260521,0.7815,0.99,32.7346,2.7208,2.321,,339075.9856,338946.2453
300370.SZ,20260521,1.7223,0.98,,8.8428,9.1886,,381951.7989,380998.7005
688083.SH,20260521,2.6079,0.97,328.9644,3.7875,10.9322,0.6033,1000403.9127,1000403.9127
688671.SH,20260521,3.6846,1.04,,1.9749,6.1561,,197475.0335,117820.5118
002276.SZ,20260521,2.3988,1.25,39.6404,2.1263,0.6546,0.3894,1302265.1744,1297132.752
002692.SZ,20260521,2.6954,1.03,,3.1743,0.7876,,362663.73,362455.6826
002837.SZ,20260521,7.7353,1.31,203.6259,28.3848,15.5712,0.1517,9826210.1608,8713485.7631
300745.SZ,20260521,5.6429,0.63,,3.6705,2.8793,,812827.7594,686226.2025
603650.SH,20260521,5.7964,1.5,60.6492,8.2075,9.7919,0.8403,3546173.5753,3536908.8213
688607.SH,20260521,6.4479,3.18,,6.662,16.8984,0.0953,559266.8053,503422.0053
600429.SH,20260521,0.7856,0.75,,1.5925,1.1991,0.2355,769069.6013,766749.4021
600486.SH,20260521,1.5618,1.17,19.6242,2.0804,2.0409,1.5107,2468836.3597,2460694.8915
300520.SZ,20260521,5.5025,1.17,,5.8039,7.3015,,993197.4922,959827.3632
600114.SH,20260521,9.4786,2.45,40.1371,6.1932,3.6096,,2207316.6356,2154876.6356
600278.SH,20260521,0.811,0.88,32.5358,0.7944,0.1819,1.519,593757.8733,593757.8733
600071.SH,20260521,2.2231,1.79,180.2237,10.2209,3.216,,520630.1208,520630.1208
603307.SH,20260521,1.5025,1.47,25.8666,1.9996,3.2905,2.3482,289054.942,284482.0
601882.SH,20260521,2.255,1.23,27.695,4.2105,3.5507,1.281,1222524.0,1222524.0
002150.SZ,20260521,11.3401,1.36,44.1088,5.6699,3.0091,0.2961,1226593.0614,1218694.3802
300369.SZ,20260521,3.3146,1.21,,2.1927,2.2096,,561760.9677,559738.0806
920946.BJ,20260521,0.5773,1.04,27.6714,3.1483,7.0436,1.4448,413683.8715,413556.6902
301568.SZ,20260521,14.9163,1.74,50.3192,5.9873,11.674,1.0205,603132.3144,278027.8618
301487.SZ,20260521,10.334,1.93,166.5529,6.0467,4.3382,,1167425.7525,692896.7702
600127.SH,20260521,2.4479,1.04,,5.9839,1.181,,401756.2945,401756.2945
301089.SZ,20260521,2.7093,0.78,,2.2196,8.7567,,327370.6215,234046.053
300918.SZ,20260521,2.3575,1.15,60.9928,1.913,3.7078,0.2701,741486.9356,741486.9356
600867.SH,20260521,1.4454,1.13,13.2872,2.2697,5.3993,2.9568,1643217.4335,1643217.4335
600269.SH,20260521,0.4834,0.96,8.9768,0.5121,1.6257,3.9261,1011231.2371,1011231.2371
300885.SZ,20260521,19.3174,1.25,128.96,8.697,22.5409,0.3771,795574.6708,535458.9867
603171.SH,20260521,1.3089,1.01,157.9017,8.7507,10.7729,0.3609,2254402.06,2251877.72
002593.SZ,20260521,2.0863,1.0,31.3296,1.6223,1.087,,401125.1565,279691.6602
002723.SZ,20260521,6.0688,0.74,,3.9997,3.4127,,293464.9405,279955.0025
920748.BJ,20260521,1.572,0.72,,11.4974,20.5806,0.3224,238047.48,114265.3775
002193.SZ,20260521,4.322,0.66,,4.6943,3.4954,,126408.6107,126407.8862
002486.SZ,20260521,2.9995,0.98,56.1106,1.9994,1.7006,,215137.8891,214134.318
002679.SZ,20260521,2.6995,1.86,283.4418,3.2952,16.1598,0.3516,245421.996,245421.996
300487.SZ,20260521,1.491,1.11,34.6381,6.8909,10.8966,1.289,3068559.7549,1856431.8088
000421.SZ,20260521,1.8119,1.26,39.3645,1.2229,0.4608,,344649.4404,344577.7782
002448.SZ,20260521,2.976,0.73,16.4684,2.0788,1.9645,0.9353,817889.4079,806908.2161
688063.SH,20260521,10.2228,1.71,125.3578,1.97,4.8616,0.5918,1820074.9091,1820074.9091
600694.SH,20260521,1.1887,0.73,11.8509,0.648,0.9477,5.3346,592639.822,592639.822
300816.SZ,20260521,4.7305,0.7,73.6391,7.4215,6.1135,0.0854,709600.0,502650.2248
300779.SZ,20260521,3.5604,1.21,204.0734,4.5377,12.5483,0.1386,1406094.2974,1072681.7079
000520.SZ,20260521,2.1887,1.45,,9.2768,4.6879,,390664.2136,390664.2136
688080.SH,20260521,3.9537,1.1,24.4335,2.8274,4.363,0.4435,332410.1237,332410.1237
600020.SH,20260521,0.6313,1.22,13.7007,0.7363,1.3007,4.359,876475.0145,876475.0145
300276.SZ,20260521,18.5849,1.52,,7.3706,7.5957,,1290360.5938,973611.2602
688386.SH,20260521,2.6675,1.02,83.3647,5.639,11.3266,0.0818,855740.5582,781781.0
603429.SH,20260521,0.8685,1.19,,3.891,40.8781,,490918.3952,490918.3952
000717.SZ,20260521,0.5945,0.74,,0.8225,0.2103,,550212.9489,550148.3391
300988.SZ,20260521,5.9402,1.39,43.1679,3.0796,1.9832,0.5819,402653.4146,310662.7109
002139.SZ,20260521,3.216,1.5,62.8895,1.991,1.2451,0.6249,1376505.8268,1182483.1911
002535.SZ,20260521,2.4998,0.91,,4.1086,2.4545,,244513.3376,227621.0456
300569.SZ,20260521,2.6781,0.93,59.1158,1.101,1.3717,0.1739,576813.0975,575076.9775
300912.SZ,20260521,12.948,0.7,,8.1926,6.073,,362723.088,273827.9066
002334.SZ,20260521,6.7949,0.96,50.3305,2.3574,1.5923,0.6695,720720.7656,643870.5943
300137.SZ,20260521,5.3893,0.95,3856.9147,6.5035,12.0352,,1066188.8513,1053177.7686
300201.SZ,20260521,6.615,0.94,51.045,8.767,8.7142,0.1808,1650795.3411,1641976.6597
603188.SH,20260521,3.0029,1.17,,3.898,3.2449,,274821.94,274821.94
920971.BJ,20260521,8.6231,1.23,77.9381,7.3334,11.9523,0.6349,331027.2063,269963.8263
002860.SZ,20260521,2.8295,0.79,24.6593,2.0512,2.1962,0.7422,474460.8086,463681.4156
000726.SZ,20260521,2.2847,1.46,9.0113,0.4956,0.8362,3.3658,485610.2106,350065.8662
605066.SH,20260521,3.1068,1.13,47.8302,2.0686,1.3231,,370486.5918,368785.9138
688802.SH,20260521,16.7643,1.16,,22.1027,153.5397,,28951236.0,1312536.0863
000021.SZ,20260521,15.9524,1.21,47.7562,4.2855,3.5548,0.5179,5725629.3735,5724790.3176
300860.SZ,20260521,2.4468,0.82,,1.5545,20.8277,0.814,486202.8653,282295.6252
300668.SZ,20260521,3.3357,0.8,715.0923,9.1531,13.9018,,713740.5676,591084.9078
300985.SZ,20260521,2.0601,1.19,,4.8276,2.4289,,426740.5542,426740.5542
002797.SZ,20260521,5.8544,2.08,33.4592,1.7426,7.9547,1.0095,3080359.2,3080359.2
603970.SH,20260521,0.9031,1.52,18.62,1.9861,0.2844,3.7438,323097.7611,323097.7611
301499.SZ,20260521,10.612,1.2,92.4268,3.8819,5.2122,0.3326,507118.8485,126779.714
300376.SZ,20260521,2.7675,2.12,,1.9376,3.2683,0.3847,1257249.857,1256814.8465
605358.SH,20260521,10.8984,1.29,,4.9309,9.1289,,3441482.6541,3441482.6541
300884.SZ,20260521,3.5509,1.17,248.9605,2.4283,4.67,,310981.9545,234477.1104
001368.SZ,20260521,1.6588,1.19,30.026,2.1962,2.8019,2.7778,307359.7488,292169.9673
605151.SH,20260521,1.5008,0.99,147.5799,2.1685,1.5709,0.3605,298575.8186,298575.8186
688639.SH,20260521,2.1366,1.01,51.4972,2.3998,2.1573,0.6284,635543.9759,635543.9759
600038.SH,20260521,1.2057,1.09,48.2108,1.3348,0.8085,0.7113,2351453.7349,1918506.2138
002491.SZ,20260521,12.9665,0.81,,10.6098,7.0064,,2674008.043,2557643.3256
300539.SZ,20260521,5.1671,1.04,159.9571,7.2208,8.583,0.6175,824945.737,670442.1052
301322.SZ,20260521,25.6504,5.84,622.7373,2.8351,7.721,0.5251,807146.9577,544371.3434
301357.SZ,20260521,1.8986,0.9,439.0052,8.2693,42.8978,,943432.0,943432.0
920263.BJ,20260521,1.3441,0.74,,2.5685,4.6801,,138418.0381,100498.2082
688563.SH,20260521,3.8335,1.46,49.1563,2.4571,8.9584,0.4043,2565000.0,666837.2601
002172.SZ,20260521,2.2084,1.13,94.2542,14.582,1.4998,,264177.6642,263973.5519
603385.SH,20260521,1.202,1.12,,0.6611,0.8134,1.8003,232586.2954,232586.2954
301047.SZ,20260521,0.7127,0.96,51.7497,1.5672,11.1827,7.7728,813749.804,799994.3545
002519.SZ,20260521,4.6078,0.95,,3.7636,12.1972,,834685.2954,828144.913
002708.SZ,20260521,6.3355,1.11,79.8275,4.8556,3.0587,,858885.6936,789451.2099
002114.SZ,20260521,8.0262,1.23,,3.8439,1.7914,,277796.5344,277792.717
300732.SZ,20260521,2.3929,1.18,,0.9532,1.5429,,266803.2518,266507.7041
000796.SZ,20260521,6.3682,2.46,217.7979,8.4752,9.0058,,769818.6797,638765.7288
002123.SZ,20260521,4.9517,1.15,,5.0971,3.1659,,775621.9542,693872.3728
001378.SZ,20260521,5.0557,1.08,40.9544,1.9101,2.3591,2.3822,363067.3928,176663.6545
000969.SZ,20260521,7.0336,2.85,61.0413,3.9582,2.7233,0.9023,2329001.5031,2308672.664
600072.SH,20260521,3.2714,1.03,,2.4859,1.6581,0.239,1890818.6333,1365005.0182
002124.SZ,20260521,6.8857,0.62,,3.6435,0.7447,,604366.0023,536429.8682
600210.SH,20260521,1.2058,0.96,9.3819,1.4749,1.0666,4.4643,1019246.6982,1019246.6982
920139.BJ,20260521,4.051,1.67,,4.9401,15.5982,,509368.9709,492025.1912
301022.SZ,20260521,6.5762,1.01,96.6639,2.3065,3.8577,0.7864,323323.4095,218354.2985
688381.SH,20260521,9.4175,0.94,,4.2376,20.7028,0.4815,1064250.0,1064250.0
600192.SH,20260521,2.713,0.74,,4.7048,2.2816,,357374.132,357374.132
300192.SZ,20260521,3.3471,1.21,53.3113,5.8833,7.8423,1.1204,587520.8423,579478.3016
600900.SH,20260521,0.4766,0.94,18.0784,2.8623,7.4689,3.5371,65232268.4309,65232268.4309
002643.SZ,20260521,5.8986,1.62,53.1179,2.1722,4.0131,0.5987,1553340.3757,1530377.7677
300269.SZ,20260521,13.9953,3.2,,40.9797,7.1363,,340450.5715,325920.3774
301190.SZ,20260521,2.1417,0.9,52.1194,2.4486,5.7149,0.635,485078.49,323415.04
605378.SH,20260521,1.1575,1.23,119.3775,3.7336,3.6807,2.0087,464673.8992,464673.8992
301575.SZ,20260521,5.0878,1.19,33.5958,2.825,3.3692,,401368.77,80618.9302
002444.SZ,20260521,1.2091,0.83,15.1197,2.0275,2.6229,0.7702,3877276.1788,3722282.4249
603112.SH,20260521,4.1842,2.45,21.0522,2.729,2.8614,1.8936,1203573.9628,1191637.9799
001207.SZ,20260521,6.4274,1.31,21.2549,2.5262,2.5241,2.9528,584146.4327,563882.7713
300041.SZ,20260521,6.7943,1.25,30.8236,2.2684,1.5173,1.2215,686985.8595,668139.0693
000423.SZ,20260521,0.8763,1.07,18.0787,2.9625,4.7046,5.1138,3197344.9312,3191751.7047
600561.SH,20260521,2.0431,1.1,129.3517,2.0514,1.3512,,186901.2576,186901.2576
002984.SZ,20260521,2.0561,1.19,16.6096,1.1948,1.8715,3.7798,1616607.5188,1113728.9654
600690.SH,20260521,0.79,0.87,10.2405,1.5311,0.6456,5.9798,19167875.0046,12781190.0721
300190.SZ,20260521,4.6221,0.78,,1.3448,2.5801,,418107.2711,416410.5641
300801.SZ,20260521,6.0847,0.93,47.1171,2.4334,2.1624,0.345,624054.51,391064.5172
000927.SZ,20260521,1.0044,1.0,32.0289,1.6278,0.4781,1.0189,1603343.7149,1603342.904
002422.SZ,20260521,1.1841,1.01,32.7896,2.1684,2.803,1.8336,5152540.3327,4206213.47
605228.SH,20260521,2.3855,1.69,39.6835,3.0226,3.4622,0.986,676567.3104,673715.0704
300820.SZ,20260521,16.4533,1.14,71.9068,5.8151,10.1515,0.5869,1500874.563,754847.7131
002862.SZ,20260521,3.0365,1.07,,10.0623,6.6819,,292992.0,220176.3655
600771.SH,20260521,1.3697,0.91,111.8038,4.3551,5.1383,,740110.6052,740110.6052
920011.BJ,20260521,39.1557,1.39,25.7854,2.7467,2.5189,,233202.6676,52470.6028
300775.SZ,20260521,4.2702,1.3,55.7179,2.5614,10.2686,0.7259,1508502.9086,1464670.9578
300857.SZ,20260521,4.8418,1.03,71.6223,24.639,7.6969,0.0941,12501882.1608,12437303.6772
301369.SZ,20260521,8.2437,1.37,487.2612,12.7172,50.3486,0.1485,1929672.5321,1034144.0801
300283.SZ,20260521,19.3336,0.75,90.4875,7.4532,2.0171,,873190.7361,645202.908
688522.SH,20260521,3.8311,1.35,88.1178,4.3038,20.0661,0.3651,1006551.4031,408928.2539
688459.SH,20260521,0.4841,1.45,43.7676,1.2127,3.729,1.4943,417600.0,417600.0
000862.SZ,20260521,5.7136,0.63,218.6386,1.3772,4.5683,,598506.4618,409434.5414
600050.SH,20260521,1.2967,0.91,16.4304,0.8333,0.3632,3.8088,14225313.5238,14100636.1642
002577.SZ,20260521,1.9496,0.92,,4.5489,11.3612,,529096.88,529068.605
600201.SH,20260521,2.4287,0.58,142.0157,2.7115,10.6436,0.2232,1480848.1042,1480848.1042
002235.SZ,20260521,12.3958,1.75,,8.1914,14.5705,,597539.0248,570739.2294
300094.SZ,20260521,3.8859,1.4,,35.3851,1.0613,,336193.8414,329444.1849
001386.SZ,20260521,4.2238,0.81,17.574,1.6849,3.3095,1.7401,2060042.08,185403.7872
000937.SZ,20260521,0.3255,0.72,46.9262,0.9847,1.2959,11.1524,1901048.2053,1847167.6543
600356.SH,20260521,2.3603,1.21,13.2196,0.9718,1.0559,1.1967,299548.6821,271546.8226
300049.SZ,20260521,2.9892,0.91,95.4271,7.5717,9.2335,,1500558.5217,1323104.5489
002227.SZ,20260521,2.2324,1.29,,2.2892,7.2312,,210883.0507,209292.1879
600051.SH,20260521,2.2964,1.12,29.1117,0.6454,2.0165,1.6901,220724.8,220724.8
600582.SH,20260521,0.3527,0.59,15.4833,0.8579,0.7854,5.8704,2234838.0017,2234838.0017
601058.SH,20260521,1.4657,1.18,11.6838,1.8453,1.0931,3.0207,4136430.1258,4136430.1258
688621.SH,20260521,3.1365,1.99,32.614,5.0702,5.3488,0.2802,635712.0,635712.0
301150.SZ,20260521,5.8729,1.18,111.0719,4.22,2.4107,,1548203.7539,1477528.9679
688707.SH,20260521,6.6041,1.84,,2.1385,6.212,,832298.9754,832298.9754
920076.BJ,20260521,5.708,1.15,21.2153,1.7281,1.5447,,172454.3204,54248.1786
300962.SZ,20260521,1.4185,0.96,30.3939,3.3624,9.6991,1.0896,353762.542,353762.542
002987.SZ,20260521,1.3866,1.58,42.7182,4.6283,2.7055,1.3944,1306394.9884,1270277.7852
002547.SZ,20260521,4.6356,0.79,,,1.6357,,364362.4653,356852.7146
603291.SH,20260521,1.6367,1.14,46.9746,2.6675,4.574,1.3032,487126.9152,487126.9152
002673.SZ,20260521,0.9271,1.34,17.4987,1.0015,4.9367,1.46,3057193.8862,3057193.8862
300609.SZ,20260521,5.1269,1.77,,4.8929,13.9285,,448987.5786,448295.3758
600546.SH,20260521,0.9352,0.88,19.75,1.5844,1.2242,5.1685,2646578.9469,2646578.9469
002693.SZ,20260521,4.0831,0.95,134.4828,10.5192,15.1632,,437497.6863,433585.5838
002160.SZ,20260521,2.4932,1.09,69.8299,1.2518,0.5576,,471980.9933,471043.3765
603826.SH,20260521,1.6148,0.92,,11.8768,15.7113,,2221783.2,2221783.2
300929.SZ,20260521,3.9131,1.33,,2.2585,4.7835,,173358.4383,164472.7805
601066.SH,20260521,0.4752,2.7,15.6109,2.0381,6.7377,1.4557,17584427.1048,14725686.2363
002072.SZ,20260521,9.8512,2.68,,11.1059,5.4603,,256640.64,256537.1964
600279.SH,20260521,0.7377,0.86,99.3087,0.861,1.3378,0.818,580377.6124,580377.6124
920866.BJ,20260521,1.2338,1.42,35.3621,1.6259,2.6119,2.0963,126684.7477,80220.9462
000759.SZ,20260521,3.7472,0.76,,4.5031,0.4206,,325932.0863,322607.3643
300529.SZ,20260521,1.0418,1.01,26.4386,4.1684,7.3723,4.1504,1492593.259,957829.2318
603416.SH,20260521,3.9537,0.84,38.7393,3.6905,4.867,2.252,1017001.2328,901193.64
002315.SZ,20260521,3.5957,1.25,24.9782,4.6055,6.1652,3.3727,1222785.655,779537.8367
300175.SZ,20260521,1.5299,0.82,,6.1982,9.4555,,308844.8,308844.8
600825.SH,20260521,0.9028,0.99,131.9611,2.2515,3.8707,0.223,562149.6633,562149.6633
300599.SZ,20260521,7.4876,1.72,,2.2421,4.8257,,438353.038,386806.1446
601975.SH,20260521,13.0858,1.38,18.3849,2.2383,4.459,,2681837.5005,2681837.5005
603102.SH,20260521,1.0691,1.2,20.343,1.4765,2.5992,1.8799,248448.0,248448.0
605566.SH,20260521,7.4183,1.84,89.1868,2.4654,5.8449,0.2646,501091.72,501091.72
000850.SZ,20260521,1.2737,1.13,79.2859,0.8747,1.1421,2.3327,391620.9787,391500.7756
300085.SZ,20260521,9.43,1.52,,68.8133,37.4388,,2888039.8665,2664776.5588
603917.SH,20260521,11.1329,1.87,127.2002,1.559,3.4674,1.1682,261730.56,261730.56
605003.SH,20260521,1.91,1.78,46.451,1.9964,5.4176,1.5362,293590.0,293590.0
301528.SZ,20260521,2.9313,0.91,71.2001,2.734,19.8622,0.2343,427976.6,220562.954
601311.SH,20260521,2.0069,1.18,14.1471,1.0508,0.6716,3.1625,1075774.9902,1075774.9902
600611.SH,20260521,9.7731,4.22,,1.3752,6.5009,0.8977,1316816.4352,870767.2147
002479.SZ,20260521,3.1307,0.97,21.4879,1.0596,0.8058,2.8626,453260.0,452250.1703
002887.SZ,20260521,4.9184,1.05,34.7297,1.9682,9.8423,1.6318,468773.066,332798.108
000698.SZ,20260521,1.1955,1.42,,2.1105,0.4982,,293386.1534,281285.7534
002544.SZ,20260521,2.5233,1.27,641.2034,4.2928,3.2916,0.0353,1599254.6415,1599100.6366
002190.SZ,20260521,2.0721,0.59,,2.4504,4.5264,,1065426.1487,1065426.1487
002546.SZ,20260521,2.8411,1.13,11.5724,1.7187,9.1913,1.5385,650558.2949,624961.0349
300436.SZ,20260521,10.8107,1.49,,82.3424,49.6577,,2071745.136,1778479.3728
300616.SZ,20260521,8.438,0.86,,1.32,1.1151,4.9308,380105.5541,262781.0977
600527.SH,20260521,5.4495,0.89,208.0275,2.1962,8.4757,1.8845,455453.1172,455453.1172
688308.SH,20260521,12.2212,1.64,60.3688,6.39,10.0573,0.1305,1810111.4712,1810111.4712
301228.SZ,20260521,4.1453,1.35,,13.2141,21.4374,,791760.0,788067.0598
688411.SH,20260521,5.4385,1.06,42.8893,9.0668,3.66,0.4353,4550606.0647,3306535.0177
002681.SZ,20260521,4.6696,1.54,,4.5729,3.8777,,974496.162,852110.7962
300908.SZ,20260521,0.8135,0.86,19.2527,2.2243,3.4469,3.8476,379454.0,320725.6289
300968.SZ,20260521,1.7239,1.04,,2.7478,3.448,0.4216,490268.68,490268.68
920187.BJ,20260521,4.0278,1.31,16.8878,1.6788,2.2703,,214032.0,78523.971
920685.BJ,20260521,1.0263,0.61,32.0528,2.0217,6.6473,1.3996,114303.4103,68574.9711
603655.SH,20260521,2.5306,1.12,98.6528,7.3963,15.9431,0.4686,425908.0,425908.0
300044.SZ,20260521,3.1284,0.92,,,34.4645,,477418.2675,447111.3769
002195.SZ,20260521,3.0288,0.7,560.3862,4.6248,70.3078,,4581808.1944,4540835.0323
301172.SZ,20260521,13.2107,1.8,187.1209,4.4221,13.595,0.187,658873.6,377286.4256
002656.SZ,20260521,3.3896,1.79,,5.751,3.6201,,237269.1081,225304.4044
300898.SZ,20260521,2.6308,0.9,25.0695,2.6832,3.2998,2.6667,279000.0,258142.7835
002131.SZ,20260521,10.3848,0.94,,3.48,2.2017,0.5026,4489689.2801,3881731.375
300428.SZ,20260521,2.0238,1.16,16.0287,1.6279,0.4428,1.4512,1478799.4098,1287213.9062
002393.SZ,20260521,0.8509,0.8,11.2618,1.0445,3.433,4.9721,464991.1436,451827.2532
000859.SZ,20260521,17.2049,2.48,,3.4346,4.1823,,926439.4642,926386.7302
002269.SZ,20260521,3.5991,1.82,,18.1928,8.781,,389437.5,363278.0066
000523.SZ,20260521,2.619,1.1,51.3375,3.0157,2.7563,,591020.8444,426701.5696
300146.SZ,20260521,1.2711,1.11,23.172,1.5696,2.6645,4.4605,1689985.354,1119563.9743
600712.SH,20260521,1.7773,1.42,,4.2675,6.8451,,323525.2838,319957.1324
000831.SZ,20260521,3.1243,0.78,227.6279,10.9744,16.5771,,5429205.6486,5429205.6486
300151.SZ,20260521,8.2159,1.02,169.8382,7.0508,11.0106,0.3931,1083656.7552,750216.7386
301301.SZ,20260521,1.3886,0.97,34.7981,2.6362,4.6635,1.8743,2058368.455,570212.4233
301508.SZ,20260521,2.7515,0.99,41.1798,3.0234,6.9724,0.7612,626708.1744,163094.5008
000639.SZ,20260521,4.992,0.71,,1.0132,0.3686,,167311.3547,167311.1497
600202.SH,20260521,3.9471,1.45,,2.7902,1.5075,0.1695,226170.9965,226170.9965
300088.SZ,20260521,11.7996,2.6,103.0713,2.0396,1.575,0.8251,1770893.1075,1762221.1995
002728.SZ,20260521,3.4704,1.24,60.6898,2.4925,5.4862,0.5418,460438.9014,297738.0813
603318.SH,20260521,12.6601,0.77,,2.9156,2.2463,0.5696,548017.1394,453562.0729
002990.SZ,20260521,11.8388,0.95,272.6691,6.5006,11.7338,0.1631,1605153.6059,846053.7912
920019.BJ,20260521,1.2175,1.04,97.3488,3.7393,2.2034,1.2026,349673.5221,278611.8126
600722.SH,20260521,5.3696,0.57,162.0531,6.1108,16.9958,,770802.1929,770802.1929
603899.SH,20260521,0.741,1.04,14.6461,2.2336,0.768,4.7038,1946931.377,1946931.377
603815.SH,20260521,3.2093,1.29,,2.6218,1.1177,0.9642,412822.4647,412822.4647
600059.SH,20260521,0.8569,0.72,33.7816,1.2889,4.1547,0.9581,761137.9149,761137.9149
603536.SH,20260521,1.7336,1.2,,6.6957,1.6348,,234382.2143,232594.6954
920022.BJ,20260521,3.146,1.44,22.4253,3.6412,2.2826,4.7793,148932.549,41022.435
603067.SH,20260521,4.8107,0.99,48.4795,7.6212,6.8266,0.298,3215516.1194,3215516.1194
600337.SH,20260521,3.1988,0.63,,11.097,1.8476,,435410.4355,435410.4355
603341.SH,20260521,5.0672,1.53,43.117,2.6648,0.4775,1.3208,1924701.3419,980461.8566
601997.SH,20260521,1.151,0.89,4.1521,0.3324,1.6321,4.8333,2193718.8456,2193718.8456
301191.SZ,20260521,11.2225,1.03,141.8066,6.1126,5.3008,0.6619,1040684.736,783393.3321
301075.SZ,20260521,2.482,0.64,,11.0296,49.6164,,680560.0,680560.0
603031.SH,20260521,8.9266,1.15,66.314,6.7909,4.0465,0.3235,1912969.7262,1608735.5182
000988.SZ,20260521,12.0581,1.17,91.0978,13.2456,10.1412,0.1299,15480719.677,15472759.1752
600624.SH,20260521,0.7237,0.98,,7.2736,4.9195,,309102.8586,309102.8586
600350.SH,20260521,0.1221,0.88,17.8211,1.8783,2.3925,3.5235,5762808.4234,5762808.4234
002571.SZ,20260521,4.8436,1.6,,5.7682,2.883,,458974.2697,349316.5461
600812.SH,20260521,0.8865,1.0,50.8207,1.4746,0.9278,0.6289,818403.3865,818403.3865
300840.SZ,20260521,9.4215,0.89,167.5513,4.4598,8.6418,0.4189,572880.0,422702.2172
002194.SZ,20260521,10.7818,1.17,,3.3432,6.252,,828142.3969,619185.1662
688315.SH,20260521,1.1562,1.3,37.4657,2.2745,2.6894,0.3326,608900.6,608900.6
000403.SZ,20260521,4.025,3.88,31.0837,1.3534,4.2205,2.331,1097708.9808,1086489.8802
600810.SH,20260521,1.2286,0.85,,1.0407,0.5917,0.661,737231.3263,730588.9503
603015.SH,20260521,4.4051,1.32,194.6922,3.7014,6.3989,0.3925,514975.006,514975.006
300603.SZ,20260521,11.8424,0.81,,4.0241,7.3141,,507559.6683,408332.8748
300651.SZ,20260521,13.2506,0.65,56.0651,3.2329,8.1838,0.9452,353730.2684,258960.0488
300683.SZ,20260521,4.8134,0.84,,1.9979,7.8538,,427108.3978,398294.9658
002779.SZ,20260521,2.172,1.44,85.7472,14.4955,11.6852,0.1065,1363454.4,1223333.8956
301099.SZ,20260521,7.8106,1.1,48.6793,6.2847,1.2069,0.3604,901994.5286,552149.3186
002865.SZ,20260521,9.5574,0.83,,7.5453,4.0821,,3039824.2638,2182977.9442
688190.SH,20260521,5.1354,1.61,44.8335,4.6237,6.4214,1.3798,1243680.0,1243680.0
300697.SZ,20260521,2.7257,1.03,38.1816,5.3938,1.9757,0.8469,707366.4,541577.4
301132.SZ,20260521,5.8076,1.24,46.8166,2.7897,2.9899,1.2113,512230.3353,327686.4314
920188.BJ,20260521,11.4052,0.74,23.6467,2.8291,7.7033,,230721.0904,55026.9836
002961.SZ,20260521,1.7417,0.78,16.5128,2.7645,8.8975,1.7168,1105531.6977,1105526.4822
601858.SH,20260521,1.7558,0.77,42.3298,3.6098,7.0453,1.0514,2060043.0,2060043.0
300171.SZ,20260521,1.5953,1.36,45.0077,1.1753,1.7968,0.8625,935076.0368,687004.6305
600300.SH,20260521,1.7873,1.06,15.7161,1.4745,1.5866,3.787,546594.0568,546594.0568
603909.SH,20260521,1.2123,1.07,25.782,2.4876,0.3734,1.0619,294560.6482,294560.6482
600113.SH,20260521,2.2614,2.0,112.9149,6.3318,20.8256,0.345,1586993.6549,1550272.6109
000977.SZ,20260521,6.0382,1.03,38.1103,4.3776,0.6348,0.0603,9737468.6993,9726561.6923
920541.BJ,20260521,1.2301,0.56,21.6143,3.2796,4.6058,1.2853,159528.9,105098.4842
000826.SZ,20260521,2.7205,0.53,,,0.679,,306450.9483,306408.3536
000690.SZ,20260521,4.9419,0.74,11.2919,0.8927,1.3351,3.7244,1168451.7819,1167689.4234
600749.SH,20260521,3.5645,0.97,282.1043,3.3625,18.8147,,349753.8617,349753.8617
002652.SZ,20260521,6.2464,0.97,,12.975,8.7844,,304678.08,304678.08
000902.SZ,20260521,0.9189,0.81,11.1302,1.4446,0.941,,1776703.3808,1618181.0225
002110.SZ,20260521,1.1088,1.02,,0.39,0.1735,,755442.7066,755442.7066
000981.SZ,20260521,5.0618,0.66,33.1981,12.8062,13.5657,,3968995.9425,3776802.3689
301068.SZ,20260521,0.9721,0.99,,5.6462,3.2633,0.7126,454612.742,322734.3459
603117.SH,20260521,2.5143,1.2,397.0037,2.8458,12.6272,,291809.3004,291809.3004
300247.SZ,20260521,4.2605,0.8,55.3449,3.232,4.0577,,373878.7455,373404.4455
600926.SH,20260521,0.3671,1.09,5.9544,0.835,2.9808,4.0918,11692641.1099,11692641.1099
920207.BJ,20260521,4.4704,0.84,594.6871,8.601,6.3448,0.5725,241550.9,147543.9062
600626.SH,20260521,3.5872,1.09,123.9762,1.717,0.5164,,550750.5261,462027.1221
920957.BJ,20260521,1.3348,1.0,140.2589,3.0136,1.8784,0.8977,119533.6861,47573.0737
300480.SZ,20260521,15.0848,1.12,254.189,8.3079,18.945,0.1281,1371674.733,1000949.884
688173.SH,20260521,4.9844,1.52,,5.2238,7.3504,,744714.3852,739679.5726
300875.SZ,20260521,4.3344,1.0,,4.475,9.8219,,380170.7318,334310.6756
600526.SH,20260521,1.0719,1.02,14.2327,0.9528,0.9002,2.0184,440796.6086,433011.5414
002286.SZ,20260521,2.4606,1.0,21.3693,1.4329,1.1725,0.6912,329951.9185,320520.8555
300063.SZ,20260521,9.2073,0.8,73.3487,4.8366,1.0539,,854860.0981,706084.5948
301092.SZ,20260521,19.9724,2.59,67.8589,3.2168,9.8639,0.5463,635948.2875,288060.7045
300899.SZ,20260521,4.7437,0.73,,3.7744,16.1188,1.0541,235998.8242,151463.4442
000570.SZ,20260521,3.2584,1.12,52.2156,1.2101,1.6884,0.3648,425532.5817,335082.5817
002616.SZ,20260521,3.2218,0.97,15.8553,1.3501,1.3137,6.8882,473428.2188,323701.6277
300911.SZ,20260521,5.1516,0.75,,5.2928,18.9985,2.3947,573674.4364,536129.3527
601633.SH,20260521,0.3754,1.32,16.8426,1.7299,0.6695,2.5241,15258686.4286,11071081.0999
300091.SZ,20260521,0.9184,1.04,,6.4147,11.1124,,832719.2046,479178.5921
601669.SH,20260521,2.1391,1.1,10.1259,0.6414,0.1457,2.3166,9439935.315,7163196.1658
000401.SZ,20260521,0.3276,0.89,108.1085,0.4011,0.4458,2.5253,1052654.0251,1042016.4355
600160.SH,20260521,1.5916,0.6,21.2077,4.0696,3.2328,1.2584,8795772.7319,8795772.7319
605108.SH,20260521,1.1609,1.04,53.9223,1.5501,1.3366,0.8594,361660.0,361660.0
000815.SZ,20260521,11.6174,0.99,166.5146,9.2163,37.9032,,1296665.5603,1296665.5603
002285.SZ,20260521,3.9684,1.9,,2.5571,3.0322,,559984.9597,555042.0047
605222.SH,20260521,5.1057,1.48,76.7907,3.2003,0.6647,0.1096,1506271.3369,1506271.3369
603589.SH,20260521,1.2321,0.88,32.4915,1.1856,3.5779,6.1166,1272200.1169,1272200.1169
605500.SH,20260521,2.3751,1.44,167.8983,1.5871,1.2909,1.5167,409841.6,409841.6
300205.SZ,20260521,0.6448,0.71,,6.2252,18.4811,,258893.712,258893.712
920593.BJ,20260521,6.1397,1.62,249.8789,8.2957,20.4269,0.4422,608212.8368,516506.4453
002245.SZ,20260521,11.2706,1.48,41.4253,4.1034,3.7099,0.3642,3167671.4469,2980242.5492
600100.SH,20260521,1.9853,1.38,45.5743,1.7219,1.8401,,2730492.6361,2730492.6361
301558.SZ,20260521,4.0036,0.97,122.165,4.3173,3.5689,,597160.3758,166147.762
002153.SZ,20260521,1.9314,0.8,,3.5864,8.5262,0.1142,2390773.8047,1401393.0923
000936.SZ,20260521,4.0416,0.83,247.5895,1.2114,1.7162,0.5731,618436.9951,618349.3612
300937.SZ,20260521,3.1739,1.07,,2.8954,0.5347,0.4039,236870.7046,150998.8575
600537.SH,20260521,3.6002,0.84,,,2.5036,,372870.2307,372870.2307
603900.SH,20260521,2.1326,1.05,28.2722,1.2034,1.5783,1.4288,240074.688,239906.688
603595.SH,20260521,2.9581,0.8,,3.267,2.1714,0.0702,496729.2507,496729.2507
688365.SH,20260521,4.852,0.96,,9.0066,14.5753,,860165.8617,860165.8617
300378.SZ,20260521,5.1513,0.85,66.6016,4.6982,4.4599,0.0742,1090823.7011,1082622.9956
000700.SZ,20260521,20.4753,2.41,27.8628,3.4942,2.004,2.1657,1385285.222,1385285.222
002722.SZ,20260521,3.0482,2.01,20.1795,1.0902,1.3018,1.4536,325774.9947,325753.0197
688484.SH,20260521,3.237,0.91,106.361,4.5463,5.6955,0.4467,1897969.1485,1897969.1485
600459.SH,20260521,2.9209,0.78,23.932,1.7308,0.2839,1.1574,1577400.876,1455597.1903
301186.SZ,20260521,2.123,0.9,47.5262,3.5356,7.0516,1.0229,586993.6024,551897.6968
600378.SH,20260521,2.3526,0.82,28.8487,2.434,2.5461,0.8158,4522738.6677,3760414.1627
600352.SH,20260521,1.7041,1.45,18.9067,1.1239,2.7199,3.9301,3725064.9797,3725064.9797
002171.SZ,20260521,3.1866,0.78,44.8404,1.9716,0.2688,,1756018.7775,1746068.2705
300707.SZ,20260521,3.9142,1.21,92.3731,2.2156,2.8143,0.4222,248040.3635,204854.894
301107.SZ,20260521,4.8084,1.61,45.9351,2.9533,4.0609,1.7851,284479.1394,164480.182
688653.SH,20260521,4.2598,1.06,,4.5095,8.8854,,649029.92,483793.3318
920119.BJ,20260521,3.4065,1.03,23.0561,3.3357,4.4633,0.5611,642690.4271,169101.9656
300084.SZ,20260521,4.6808,0.78,,5.071,10.6593,,640571.2727,449420.9769
002500.SZ,20260521,1.6463,1.6,20.2283,1.0031,5.5643,1.9084,1881040.2906,1881040.2906
600879.SH,20260521,3.6524,0.84,322.9476,3.5346,5.2522,0.2235,7380532.6102,7380532.6102
600318.SH,20260521,3.9101,1.7,96.3418,3.3444,10.5154,0.2762,371214.8056,371214.8056
300553.SZ,20260521,6.775,0.87,394.5339,7.9554,22.2567,,675574.2735,516588.2048
002138.SZ,20260521,7.4273,1.29,33.3132,5.6297,4.6162,1.9858,3217210.2325,3018433.9905
300226.SZ,20260521,3.3633,1.27,35.4486,3.3823,0.1026,0.2102,758238.2629,729051.5562
000766.SZ,20260521,1.3362,1.11,700.4373,9.6122,19.0446,,2229703.289,2228579.7201
000777.SZ,20260521,2.1287,0.99,44.7057,2.864,4.3585,1.0627,703571.2832,703558.8675
600167.SH,20260521,0.5153,0.78,25.3569,1.2718,4.8742,2.9215,1522891.6316,1522891.6316
600222.SH,20260521,5.4752,0.99,71.7044,2.7261,2.4534,0.1768,437875.2339,437875.2339
688197.SH,20260521,3.4961,1.39,,9.5414,183.0487,,634585.4366,273108.8315
688103.SH,20260521,4.3971,2.1,94.9523,5.5086,4.4343,0.3225,620694.9658,620694.9658
301173.SZ,20260521,2.8295,0.96,19.9888,2.2519,1.5685,1.5278,341501.5935,119861.8262
002097.SZ,20260521,1.7455,0.98,140.4344,2.0947,1.3361,0.2191,981125.562,979310.5463
600383.SH,20260521,1.9112,1.3,,0.2704,0.3208,,1209908.3973,1209908.3973
600796.SH,20260521,2.2777,0.93,27.4904,1.3635,2.9003,0.5667,474022.414,170378.4053
603730.SH,20260521,1.7642,1.48,39.8236,5.1014,3.9846,2.2797,2537480.0164,2537480.0164
301116.SZ,20260521,0.8407,1.22,,2.8491,0.2306,0.7042,446285.7154,446282.7334
301488.SZ,20260521,31.579,2.17,201.2918,10.7558,7.512,0.2534,1452496.0,369631.6241
920099.BJ,20260521,9.483,6.82,33.5909,2.882,5.124,0.5963,262953.5933,162611.0194
300383.SZ,20260521,10.5247,1.2,,2.3131,3.9329,,2744924.2774,2739909.3345
003816.SZ,20260521,0.5151,1.26,23.4369,1.7653,3.0866,2.1591,22219464.6304,17307469.6304
301159.SZ,20260521,4.1933,1.15,130.7909,4.5692,7.6932,,296637.25,203312.433
002049.SZ,20260521,5.9054,1.43,40.0555,4.7527,9.9983,0.2676,6617754.9222,6616868.4405
688070.SH,20260521,3.1507,1.35,204.527,6.9359,6.53,,414161.622,414161.622
601969.SH,20260521,1.4062,0.84,43.7003,3.0156,4.6605,1.0613,2059657.4305,2039540.8209
688562.SH,20260521,3.2467,1.23,,4.2377,5.8971,,706400.0,305553.32
601968.SH,20260521,0.9036,1.03,30.1123,1.2955,0.6394,1.6479,589410.1105,589410.1105
000557.SZ,20260521,0.6547,1.25,22.8048,0.9953,4.6557,1.1468,635851.3845,635651.4623
600703.SH,20260521,6.5003,0.93,,2.2443,4.7345,0.1202,7832759.4014,7832759.4014
603132.SH,20260521,0.6725,0.87,27.0034,5.5381,9.2425,2.3836,1764312.0,1764312.0
300710.SZ,20260521,11.8479,1.19,,8.4368,14.1019,,365626.8525,274081.5478
688336.SH,20260521,0.9826,1.29,13.4029,4.6249,9.23,0.1903,3986657.9444,3978268.3649
002284.SZ,20260521,6.1669,2.31,18.1844,2.7597,1.6954,0.382,967482.3555,956734.2874
002830.SZ,20260521,5.4255,1.18,71.6577,4.5371,4.3965,1.0591,310148.84,155498.915
002472.SZ,20260521,8.3088,1.58,29.7637,3.6669,4.1331,0.9055,3778808.7514,3327974.01
600692.SH,20260521,3.6787,1.13,95.296,2.6266,1.6329,,255380.7105,185137.6353
002484.SZ,20260521,5.8572,0.8,68.9656,7.3476,8.2679,0.4649,4721258.3965,4554441.543
002821.SZ,20260521,3.9004,2.03,41.0025,2.5358,6.5684,0.8682,4552437.7466,3998954.1548
688335.SH,20260521,1.8143,0.71,,3.532,12.667,0.7325,399693.3984,399693.3984
601939.SH,20260521,1.6547,1.84,7.6908,0.7411,3.361,1.8488,262908383.3663,9641625.894
301106.SZ,20260521,3.6313,1.43,46.4307,2.6563,3.6849,1.1791,344739.683,344739.683
301629.SZ,20260521,12.7499,1.11,515.5622,13.4817,44.5524,0.2507,1594357.4123,733462.0273
688157.SH,20260521,1.9584,1.68,532.3219,3.7616,7.3009,0.5119,506680.2681,506680.2681
688206.SH,20260521,6.9037,2.75,833.1174,8.5551,34.5616,0.0767,1703530.6142,1698063.9824
688152.SH,20260521,2.1164,0.87,,3.1035,11.5476,,364489.4179,364489.4179
920931.BJ,20260521,3.0664,1.07,217.5131,2.7379,3.4937,0.8681,108207.36,33149.7216
002963.SZ,20260521,6.2775,1.01,,2.4458,8.3405,1.0368,290044.305,237255.5186
002572.SZ,20260521,1.6638,0.94,11.7275,1.5132,1.1276,7.722,997716.8619,674916.3103
603508.SH,20260521,1.2721,0.65,15.7819,2.3472,5.896,10.7473,931072.0286,931072.0286
300861.SZ,20260521,4.4195,0.95,33.1104,2.0627,5.8547,1.759,1363164.2528,855963.8598
601333.SH,20260521,1.0167,1.1,13.9623,0.7417,0.7355,2.3102,2146311.711,1712627.811
603697.SH,20260521,2.4179,0.63,23.7028,2.7129,2.7372,3.7702,476448.9972,476448.9972
001380.SZ,20260521,1.4234,1.06,21.1702,2.7235,2.7248,,535478.7692,535457.125
000544.SZ,20260521,0.5219,1.2,7.3576,0.8319,1.4061,3.2379,782671.6439,782671.6439
002129.SZ,20260521,3.7273,0.74,,1.843,1.25,,3687321.585,3684279.1776
688369.SH,20260521,4.1445,1.05,,3.4197,2.819,,261199.367,261199.367
001323.SZ,20260521,0.2712,1.24,19.0937,2.0978,1.8249,2.016,965879.2961,690970.6466
600132.SH,20260521,0.7031,0.92,21.1283,13.819,1.717,4.2138,2526813.6248,2526813.6248
603786.SH,20260521,3.2392,3.47,30.1288,4.0466,3.2924,1.1246,2334291.726,2334291.726
688212.SH,20260521,1.778,0.85,285.3429,3.5082,5.7276,0.2344,451128.5875,451128.5875
300823.SZ,20260521,4.7074,1.15,47.1038,2.4982,5.5795,1.7603,242580.0104,157030.017
600725.SH,20260521,1.7642,0.83,,19.1141,9.5565,,490523.06,490523.06
002064.SZ,20260521,0.803,0.67,25.1826,1.8214,2.0655,0.4873,5091570.0383,5080742.3269
300686.SZ,20260521,6.8135,0.83,,6.027,3.0148,,455571.1366,297026.9457
000661.SZ,20260521,1.0005,0.84,,1.4757,2.8168,3.1766,3287976.4837,3220893.4181
002151.SZ,20260521,4.1468,1.05,,4.2977,8.2817,,2078262.975,1695096.2487
603286.SH,20260521,6.6416,1.63,,9.8837,7.7824,,803875.8396,790335.0211
603012.SH,20260521,6.1182,1.6,66.584,1.5885,2.2568,1.0658,610296.0,610296.0
688518.SH,20260521,8.047,1.4,60.901,3.0635,3.0908,0.5056,1012711.5569,1012711.5569
920699.BJ,20260521,13.2593,1.04,63.206,9.7587,9.925,0.8644,343102.256,156982.256
002741.SZ,20260521,10.4479,1.49,89.4441,5.5388,3.2035,0.4338,1071876.4246,982755.6856
300796.SZ,20260521,2.3512,1.61,2665.6246,1.633,1.9274,,280246.8687,280246.8687
001360.SZ,20260521,3.328,1.57,91.8712,2.8471,4.7188,0.7427,407388.0,250592.2549
300833.SZ,20260521,1.9201,1.03,29.4112,1.8968,4.2399,3.4862,471683.0745,302994.9914
002421.SZ,20260521,46.2065,3.81,,3.0923,3.9927,0.1263,839750.329,793337.3657
300249.SZ,20260521,14.7142,1.2,232.8099,24.0831,4.9453,,766889.5976,651324.8467
002611.SZ,20260521,8.4043,0.95,51.6897,4.0222,4.303,0.9203,2275108.1695,1872557.0528
300910.SZ,20260521,2.0709,0.82,19.4357,3.3454,3.7454,2.631,1324310.3691,925982.6983
603033.SH,20260521,1.1804,0.86,,4.4004,2.3315,,1111594.3112,1091508.4374
300711.SZ,20260521,1.9751,1.2,71.0554,3.6293,7.3103,,557782.494,494118.7054
300659.SZ,20260521,3.4181,1.06,,2.6902,4.5008,,314293.6002,228411.24
301509.SZ,20260521,4.7837,1.37,51.9154,1.7293,6.289,1.2535,384345.3208,181060.3012
600971.SH,20260521,1.6517,1.29,,0.7378,1.4637,3.6986,876003.5653,876003.5653
000887.SZ,20260521,5.4172,2.0,16.7171,1.7213,1.3052,1.0438,2522394.3553,2518334.0849
600779.SH,20260521,1.1148,1.62,39.7055,2.905,5.3034,3.0623,1535147.5705,1535147.5705
600172.SH,20260521,11.1513,0.62,,31.0753,10.061,,1440742.2915,1274979.4943
600873.SH,20260521,0.8481,0.68,11.2047,1.6244,1.1146,4.4997,2666833.8092,2666833.8092
002022.SZ,20260521,2.0298,1.1,,1.1344,1.7429,,287522.024,287481.1471
002596.SZ,20260521,2.5564,0.83,,8.1183,3.9222,,431490.2748,431093.5008
300915.SZ,20260521,1.9754,0.84,,1.9946,2.9758,1.1696,306418.6176,140108.1663
002943.SZ,20260521,9.4453,1.05,507.8422,19.4944,21.5372,,1687176.3944,1195632.9856
688569.SH,20260521,0.6808,1.78,25.2786,1.4268,3.1771,1.7422,423229.4003,423229.4003
601696.SH,20260521,2.3607,1.83,29.5446,1.7196,9.3492,0.3205,3328044.0,3328044.0
301502.SZ,20260521,13.3033,0.92,219.9802,5.9503,12.1901,0.401,498224.788,205867.336
000524.SZ,20260521,1.2779,1.28,80.5017,2.6568,1.3359,0.8724,614581.2834,614360.0489
000965.SZ,20260521,1.8399,1.35,,0.6849,0.9153,0.2941,377342.5043,377342.5043
300897.SZ,20260521,2.5468,0.85,253.3341,3.9032,6.813,0.7802,381958.7461,238773.3368
000534.SZ,20260521,3.4231,0.79,90.2956,10.6086,13.854,0.1324,1822145.4932,1791256.0946
603014.SH,20260521,1.1997,1.31,30.118,2.0273,3.8933,0.4476,1470494.3123,357226.7846
920892.BJ,20260521,0.4777,1.0,21.101,5.1174,3.8482,4.0645,228611.5157,202444.1154
688592.SH,20260521,4.0654,1.21,179.6146,3.5714,6.1491,0.2156,339543.7911,162561.8821
000989.SZ,20260521,1.5896,1.05,26.4673,1.9858,2.9926,3.5395,717279.4061,581700.845
000632.SZ,20260521,4.2433,0.71,,29.0904,0.4084,,182483.6714,182468.7896
600827.SH,20260521,0.691,0.52,11.763,0.7031,0.6002,3.2676,1446960.3429,1301208.8851
600871.SH,20260521,1.581,1.5,70.5116,4.7331,0.5608,,4549690.9999,3251282.9642
600736.SH,20260521,6.4424,0.76,39.6268,1.1475,1.6167,0.2423,855410.6299,855410.6299
300074.SZ,20260521,3.1789,0.89,,2.8532,8.4001,,243235.9592,243028.7717
002050.SZ,20260521,8.3485,1.59,54.393,6.8135,7.1446,0.6996,22230937.6186,19463615.5668
301596.SZ,20260521,16.8759,1.54,66.181,7.5193,10.1013,0.9174,672881.416,273080.8654
688218.SH,20260521,7.6268,1.21,,5.9434,9.6652,0.4366,506900.671,506900.671
688226.SH,20260521,7.825,1.19,457.2851,6.4355,2.7157,0.2588,1102071.4858,1102071.4858
300215.SZ,20260521,4.6737,0.95,233.2671,3.352,11.8434,0.0561,667442.9206,667442.9206
603319.SH,20260521,10.8042,1.69,155.6027,4.5268,4.923,0.5689,1114784.9916,1114784.9916
605011.SH,20260521,1.6892,0.61,44.9657,3.4594,2.5575,1.0295,855013.7,855013.7
003027.SZ,20260521,4.8269,1.04,42.156,1.7176,4.6397,1.2857,298179.6192,239187.868
601096.SH,20260521,2.9749,1.34,35.7967,2.8838,1.4181,0.7782,1375029.7152,844489.9421
601061.SH,20260521,0.3443,0.98,18.7022,2.6978,0.417,2.1514,6536600.0,6536600.0
605033.SH,20260521,2.5753,1.22,53.4505,2.4432,3.0286,0.6983,290409.6,290409.6
601677.SH,20260521,5.048,1.53,10.0719,1.1297,0.6086,1.2167,2238342.5286,2237923.1286
920001.BJ,20260521,24.9379,5.02,,4.2753,13.6226,0.5068,303163.6905,174987.3825
603129.SH,20260521,0.7435,0.77,22.1978,4.6671,1.7913,1.5725,3735616.9687,3735616.9687
605020.SH,20260521,5.9596,0.64,25.9958,2.824,3.1071,0.7007,1675485.4114,1649590.6774
688055.SH,20260521,2.2427,3.45,,4.4821,7.6471,,1796666.7026,1796666.7026
002176.SZ,20260521,8.6951,1.17,,7.3479,11.5072,,2172152.4646,2168982.6946
002169.SZ,20260521,12.6851,1.68,71.3191,4.9829,3.3128,0.4494,1393213.2873,1350439.6613
300726.SZ,20260521,7.8732,0.98,53.2457,4.5028,12.1734,1.0545,2343368.7181,1220154.6269
603609.SH,20260521,0.3421,0.84,,0.9276,0.1601,0.8479,592205.8187,592205.8187
003030.SZ,20260521,4.5542,1.08,114.5934,3.1779,1.5242,0.5833,319312.02,207173.8891
002246.SZ,20260521,8.332,1.5,40.6432,3.9733,4.3974,0.1988,1243014.7736,1243014.7736
301166.SZ,20260521,2.8799,1.39,,1.2957,2.2923,0.7636,258266.6706,169617.6306
300655.SZ,20260521,11.3794,1.43,159.7885,6.9865,10.8375,0.3242,1798306.0832,1788106.0897
002030.SZ,20260521,7.7028,0.94,,1.2919,12.3235,,909433.0287,909433.0287
688337.SH,20260521,4.9687,1.08,114.025,3.7817,12.4732,0.6445,1202409.1342,1153056.9983
688387.SH,20260521,4.1617,0.98,,10.5532,10.1694,,6194775.0,3654400.2864
600883.SH,20260521,2.1541,1.1,75.0979,2.151,35.3384,0.6704,211298.76,211298.76
002767.SZ,20260521,2.8609,1.65,113.2645,3.3194,3.8939,0.2307,286050.0,248318.8055
300777.SZ,20260521,5.6177,1.45,75.8134,3.6417,23.3506,,1670888.6406,1605067.9438
603059.SH,20260521,1.7376,1.14,24.1685,2.6379,1.8082,0.2726,294816.9345,294816.9345
300953.SZ,20260521,7.8605,1.59,60.0243,9.1554,3.9707,0.0591,4332953.2872,3111069.7052
600390.SH,20260521,0.8393,1.24,42.0102,0.5225,12.2913,0.1217,2217546.2713,2217546.2713
920068.BJ,20260521,1.2281,1.01,137.8092,9.8595,23.1817,1.0417,1258752.0288,333470.4749
600422.SH,20260521,1.0531,0.72,54.7431,1.2337,1.1101,3.5253,644186.3692,644186.3692
002307.SZ,20260521,1.3614,1.07,,1.5703,0.591,,677648.192,521267.8402
603209.SH,20260521,1.8914,1.37,15.0833,1.3379,2.7083,,464100.0,459090.0005
603868.SH,20260521,0.453,0.81,30.9779,4.58,4.3467,1.3528,1609977.6,1609977.6
603667.SH,20260521,17.1353,1.13,384.9573,8.136,10.2234,0.1354,3246829.387,3103202.273
301421.SZ,20260521,37.0947,2.05,391.422,11.5044,29.9571,0.1251,1387690.256,555331.3521
002866.SZ,20260521,7.3366,0.86,99.224,2.9456,2.776,0.282,616103.3608,385620.2128
688538.SH,20260521,3.8112,2.55,,4.3107,5.9335,,3272836.7171,1363279.8668
300168.SZ,20260521,1.6473,1.04,,7.8317,3.8824,,805311.374,804503.0427
300663.SZ,20260521,7.2111,1.21,,12.3172,7.5989,,394722.4355,379217.1389
688591.SH,20260521,10.4178,1.88,94.7568,3.8536,9.2887,0.5141,946205.9099,659769.1235
603139.SH,20260521,5.0777,1.3,,6.9813,8.5958,,381042.2,381042.2
688478.SH,20260521,8.627,0.89,,5.8047,182.2709,0.3938,870046.0116,870046.0116
601033.SH,20260521,1.3657,0.74,14.659,1.2596,2.9437,4.2916,1321200.0,352320.0
300731.SZ,20260521,7.7842,0.97,481.5849,17.551,9.613,0.0932,1085234.5603,1029935.6497
002469.SZ,20260521,1.3525,0.93,32.9825,1.6669,1.7587,1.4684,441875.451,427942.3824
300374.SZ,20260521,1.6782,1.28,,4.3283,1.5464,,307390.4213,307354.3088
300598.SZ,20260521,2.9844,0.93,,5.6735,3.592,,801313.5695,801089.1607
300802.SZ,20260521,6.8608,1.25,69.3996,4.1235,7.8748,0.6989,626392.5523,429350.5418
920395.BJ,20260521,2.2068,1.51,40.3087,5.8127,9.1204,,145414.1759,99820.6165
920592.BJ,20260521,5.2029,2.03,,7.4227,12.5067,0.5044,246424.75,153371.4186
603520.SH,20260521,14.2388,1.0,335.6209,2.1945,2.2868,1.1637,565110.3366,565110.3366
300741.SZ,20260521,0.4634,1.34,115.3045,1.3529,6.648,0.8719,918277.08,918272.0852
000809.SZ,20260521,15.5301,7.23,,1.2415,7.6077,,329916.5172,329916.5172
600039.SH,20260521,0.5651,1.37,10.0114,1.3276,0.6154,5.0695,7026037.2412,7026037.2412
300971.SZ,20260521,4.4385,1.35,29.3838,2.5498,4.9048,0.7605,276124.8,216609.5744
301120.SZ,20260521,17.0683,1.24,267.3916,5.4811,18.6381,0.1292,855800.1907,503456.6292
300317.SZ,20260521,7.7903,0.65,,2.9511,6.2338,,419245.1445,418601.2695
003039.SZ,20260521,0.7357,1.11,25.8908,2.7563,3.6156,1.5825,819447.3547,819447.3547
002646.SZ,20260521,1.2845,1.03,,1.2914,3.46,0.1424,372266.8958,369729.6217
688633.SH,20260521,6.3041,1.08,21.7529,2.7729,5.2925,1.0222,490548.9176,490548.9176
688115.SH,20260521,3.4245,1.51,487.2206,2.9834,12.7025,0.7711,380419.02,380419.02
603062.SH,20260521,4.0369,1.3,30.3881,2.5931,3.1401,3.5193,516996.0,177468.9297
601107.SH,20260521,0.4895,0.96,12.79,0.9895,2.0771,4.5814,1935751.98,1369014.42
301167.SZ,20260521,3.6843,1.13,86.8403,1.9194,5.1842,0.3645,184352.0,116804.5565
605189.SH,20260521,6.8506,0.72,22.4842,1.7111,0.9037,0.8144,326438.6679,326438.6679
605599.SH,20260521,0.6975,0.84,10.4045,2.4923,0.3616,4.4417,1260777.8138,1260777.8138
920924.BJ,20260521,4.6262,0.8,145.0863,6.433,4.2981,0.2586,207833.3205,126625.8371
002589.SZ,20260521,2.1738,1.05,358.0222,0.8265,0.6063,0.1351,439375.4575,398752.732
688676.SH,20260521,4.2176,0.94,64.8255,8.8731,5.7646,0.7244,4309099.0594,4309099.0594
688692.SH,20260521,2.4231,0.9,50.7171,7.4374,19.8181,0.2351,2890224.52,1866666.718
603519.SH,20260521,1.6429,0.75,22.6991,2.8016,2.1231,7.4636,353417.0424,353417.0424
300776.SZ,20260521,12.9317,1.27,77.6542,10.2546,21.3028,0.2633,4036121.7843,2475887.9109
688626.SH,20260521,1.8233,0.9,113.2533,4.3343,11.7711,0.4058,912000.0,912000.0
920249.BJ,20260521,5.639,0.77,75.421,5.267,1.598,,408137.84,120680.1496
688702.SH,20260521,5.7124,1.3,,55.2712,104.8994,,12335670.0,6107413.7751
688699.SH,20260521,9.0138,1.42,652.0467,5.642,8.9002,,685152.384,685152.384
000501.SZ,20260521,0.9612,1.02,36.5819,0.5345,0.9732,3.8143,589817.4247,589225.3275
600382.SH,20260521,5.4065,0.92,32.5571,1.9609,6.1677,3.1613,615245.5669,615245.5669
002024.SZ,20260521,0.2329,0.62,160.9281,0.9018,0.2457,,1111772.1142,1110394.868
603969.SH,20260521,3.118,1.19,21.4971,2.7456,2.4429,0.8823,777408.1496,757849.2656
603213.SH,20260521,1.0462,2.03,80.2083,3.1444,2.2823,1.9099,603292.2646,603292.2646
300575.SZ,20260521,4.6411,0.85,,1.5827,1.0979,,307183.1056,220704.0911
300245.SZ,20260521,3.7768,0.76,,1.711,4.4448,,206518.829,206064.2804
002264.SZ,20260521,2.8452,0.84,31.3784,2.4113,1.3827,1.4094,502428.2874,457038.4014
920003.BJ,20260521,2.3463,0.76,17.7866,2.93,5.2541,1.3491,191877.858,39477.7475
002575.SZ,20260521,10.2808,0.68,,4.518,8.2461,,380997.0,361113.159
002641.SZ,20260521,1.1116,1.4,73.6481,0.9334,0.7944,1.1991,507615.7687,468339.7917
000692.SZ,20260521,3.4842,1.01,77.9792,13.7911,1.2103,,255759.8285,255759.8285
600745.SH,20260521,17.2178,50.3,,0.9145,1.1023,,2091045.9058,2091045.9058
600153.SH,20260521,0.8877,1.05,,0.643,0.0415,2.0942,2769059.3162,2769059.3162
603839.SH,20260521,1.2278,0.99,,1.7606,1.2282,1.3009,296067.393,296067.393
920942.BJ,20260521,2.5112,1.2,114.4903,2.7807,8.27,0.6559,140255.0777,94716.137
600354.SH,20260521,3.0438,0.95,95.1478,3.8926,2.4462,,291346.7482,291346.7482
300557.SZ,20260521,6.233,1.4,96.8695,4.5059,6.1921,0.4074,456759.711,451165.7971
603956.SH,20260521,5.0661,1.55,,1.8243,3.0623,,336244.7087,336244.7087
603927.SH,20260521,1.4012,1.21,59.5296,4.2057,2.2468,0.3111,1335481.28,1335481.28
600105.SH,20260521,9.6475,1.04,659.0161,20.3953,11.968,0.1836,6767573.9385,6767573.9385
600182.SH,20260521,1.1261,0.91,21.7519,4.1595,0.9963,6.1571,480420.0,240210.0
603103.SH,20260521,0.9086,1.24,,9.8636,7.3847,0.7042,1260789.6,1260789.6
002117.SZ,20260521,2.4481,1.04,33.3655,3.8001,4.3092,3.1217,503295.8378,503127.2899
001316.SZ,20260521,3.5097,1.37,31.774,5.0894,5.2366,1.3498,668659.4286,623182.7624
002623.SZ,20260521,7.0043,0.89,,1.4911,2.212,2.3655,408078.125,407204.0563
603040.SH,20260521,4.969,1.81,46.6531,7.9846,15.035,1.2563,1241748.6536,1235271.7286
001333.SZ,20260521,13.9036,0.78,28.0912,1.8178,1.9731,1.428,322688.0,110924.0
000528.SZ,20260521,1.6564,0.87,11.8838,0.9732,0.5437,2.8957,1851593.8466,1849020.8322
600232.SH,20260521,2.5579,1.0,78.7527,3.0003,1.9726,1.2642,288492.3683,288492.3683
688787.SH,20260521,6.6477,1.1,388.644,11.4656,21.311,0.2434,860840.3186,860840.3186
003017.SZ,20260521,5.7167,0.69,24.5748,2.1348,2.3185,2.011,249144.0,205508.1724
603038.SH,20260521,2.5584,1.14,53.6434,3.1137,3.2375,0.3008,446541.3502,446541.3502
300876.SZ,20260521,2.7794,0.86,,3.071,6.0081,,312787.1638,233338.8088
688502.SH,20260521,4.8122,1.23,1488.0668,23.1793,37.7879,0.0646,2765030.4,2765030.4
001365.SZ,20260521,44.0831,,51.247,4.6154,2.0531,,3359475.0,367978.6288
600808.SH,20260521,1.4735,1.07,,0.9919,0.3149,,2387211.1677,1850002.8677
002758.SZ,20260521,1.0692,0.86,8.1334,0.8466,0.0882,3.4744,439944.5192,439438.1148
301603.SZ,20260521,12.6644,1.29,44.503,6.8055,6.2042,0.1419,1702353.72,531915.0525
600101.SH,20260521,4.9246,0.84,28.3042,1.6512,1.6954,1.6807,521565.0724,521565.0724
603018.SH,20260521,1.127,0.92,17.547,0.9203,1.2209,1.3558,499171.3742,499171.3742
920108.BJ,20260521,1.8425,0.92,79.7796,4.0039,3.3289,0.6855,192003.0,81358.9298
605177.SH,20260521,5.1251,1.32,,1.5391,2.5222,,255711.6936,253331.0079
002925.SZ,20260521,2.2215,1.74,26.152,3.0049,3.5216,1.4742,1552598.1346,1470868.8134
603843.SH,20260521,2.4496,0.8,,238.9964,4.6019,,615668.4486,615668.4486
601878.SH,20260521,1.1344,2.07,16.7484,1.1587,5.3229,1.765,4367975.7902,4367975.7902
605388.SH,20260521,1.7734,1.1,,2.556,2.8854,1.1934,392716.536,392716.536
920895.BJ,20260521,1.7732,1.11,,4.3367,12.3752,,83033.756,42214.5061
000158.SZ,20260521,2.5102,1.43,779.447,4.6493,3.2369,,2465066.9838,2448559.681
688668.SH,20260521,4.4921,1.04,135.1354,17.6013,21.7299,0.2684,3621035.756,3621035.756
688677.SH,20260521,3.2802,0.89,88.115,10.9001,23.9456,0.4722,1509011.676,1509011.676
920870.BJ,20260521,3.1081,1.46,110.1744,4.4109,20.1689,0.729,202206.0,99598.3761
600368.SH,20260521,1.1383,1.34,11.3113,0.8512,4.7994,3.3418,630984.3123,630984.3123
600478.SH,20260521,2.0394,0.98,76.7295,3.7208,1.8914,,1090929.3,1090929.3
920100.BJ,20260521,37.3546,1.5,83.5293,10.4598,8.5393,0.7409,498138.9657,132078.8614
300342.SZ,20260521,8.635,0.98,1672.8508,15.37,28.8245,0.0355,2395072.8618,2359931.593
300809.SZ,20260521,15.3449,1.74,52.203,5.4592,19.1469,0.3046,998944.448,593243.8458
600710.SH,20260521,1.0502,0.76,11.4837,1.8415,0.1279,3.0572,1577246.5668,1577246.5668
601005.SH,20260521,0.9007,1.02,,0.8579,0.5285,,1177284.581,1105713.6634
603838.SH,20260521,0.3525,0.61,,3.4891,7.9561,,306575.328,306575.328
603122.SH,20260521,3.8274,1.0,,5.1253,8.1505,0.9673,534982.7388,534982.7388
688553.SH,20260521,3.2683,1.32,387.8059,2.3114,8.4984,2.2339,873886.8,708722.4527
003018.SZ,20260521,6.3553,0.9,180.8455,10.7024,22.1567,,1735240.0,1584324.175
688318.SH,20260521,3.1479,2.24,100.3217,7.8624,82.9687,0.3005,3044236.0442,3044236.0442
920020.BJ,20260521,1.8309,0.9,18.9477,2.8746,1.2637,,343715.96,84958.1767
000751.SZ,20260521,4.7681,1.0,74.6674,2.2911,0.4318,,846590.4318,738771.2402
601808.SH,20260521,0.8237,1.22,17.1316,1.3739,1.2854,1.6857,6527537.856,4049920.224
002420.SZ,20260521,2.3282,0.95,14.3181,3.393,0.9479,,269394.95,261711.3743
300883.SZ,20260521,9.9208,1.02,,1.6992,2.7024,,239778.0,229157.4805
688217.SH,20260521,1.6226,0.89,,1.8229,9.6663,0.6128,153101.0109,153101.0109
001223.SZ,20260521,5.0784,0.58,186.5557,3.0095,5.7304,0.1724,580089.328,309966.748
000629.SZ,20260521,1.5365,1.03,422.333,2.6149,3.4975,,3233249.8501,3233074.6616
920304.BJ,20260521,1.1411,1.03,34.8773,3.4344,2.356,1.7468,185813.648,149553.6191
688450.SH,20260521,3.8226,1.38,,3.2558,13.7257,,304590.0,225815.0513
002647.SZ,20260521,3.6305,0.85,,21.1218,15.6863,,1314529.1971,1180784.1971
300604.SZ,20260521,8.7187,1.13,94.6915,29.2436,25.4395,0.0423,14894245.8009,11491320.8795
300722.SZ,20260521,1.0103,0.99,86.0264,10.4415,15.7418,0.7067,704898.7546,704898.7546
002706.SZ,20260521,7.4917,0.77,64.8999,3.4542,3.1292,1.5492,1418506.9003,1154863.443
301067.SZ,20260521,5.3256,1.55,,3.6791,4.1281,0.1702,283053.996,185805.9279
000912.SZ,20260521,1.9094,0.95,,0.9739,1.5365,,617792.0,617792.0
688776.SH,20260521,2.7746,1.39,,4.8897,37.5093,,834877.4766,834877.4766
301234.SZ,20260521,3.3903,1.04,122.6006,3.397,5.7442,0.7808,261256.0,154335.4951
600569.SH,20260521,0.6543,0.91,,3.6459,0.1795,,531397.9564,531397.9564
300556.SZ,20260521,7.2975,0.75,,6.3087,4.0927,,253706.8082,226453.0634
605008.SH,20260521,0.514,1.06,,3.9194,1.9125,,765465.4606,765465.4606
002598.SZ,20260521,2.5752,0.95,40.3968,1.9184,1.2772,1.2986,240280.3981,220627.7235
002558.SZ,20260521,2.0372,0.61,20.9539,3.1941,7.8341,1.052,5211340.9245,5211340.9245
002293.SZ,20260521,0.81,0.68,16.0338,2.0477,1.813,5.6302,888876.0847,881137.5516
300503.SZ,20260521,25.4655,2.26,137.7493,18.1891,14.8613,0.0605,2680648.3491,2095760.436
301086.SZ,20260521,4.2692,0.88,175.1035,10.6965,20.8761,0.3381,2129310.0,1110092.2988
688302.SH,20260521,1.6832,1.72,,4.1464,207.3342,,428638.5237,428638.5237
301505.SZ,20260521,3.4257,1.1,110.6633,2.4539,8.9071,0.8182,235435.1815,160918.2511
300145.SZ,20260521,5.7739,1.37,37.8728,3.1878,1.7717,,948599.5658,943949.3768
300555.SZ,20260521,1.2197,1.17,,6.6602,24.3713,,274400.0,271635.232
003025.SZ,20260521,5.7373,1.33,27.8292,3.2817,5.735,1.2198,426782.1977,340303.1398
301397.SZ,20260521,9.6194,1.07,47.9152,3.0541,4.4998,1.541,618137.368,280528.1103
002631.SZ,20260521,2.7127,0.95,,2.995,5.4154,,605934.9896,603114.9875
600650.SH,20260521,3.3088,2.12,49.3945,1.665,4.8038,0.858,707164.1572,500698.0162
600289.SH,20260521,0.8197,0.68,,4.3932,5.4283,,395038.5952,354267.6002
001227.SZ,20260521,0.8345,0.85,6.6004,0.3941,1.5572,4.7418,1213183.4968,898327.5066
000551.SZ,20260521,8.8455,1.45,24.7438,2.7603,1.9733,0.4806,840527.1018,840204.8483
600865.SH,20260521,1.6598,0.95,186.6892,1.6801,18.8685,1.7442,388280.0061,388280.0061
600635.SH,20260521,4.3333,1.5,59.2924,1.8137,2.6745,0.6593,1612029.3326,1320660.2546
002061.SZ,20260521,0.5541,0.85,10.2089,0.6121,0.2115,3.4012,981467.9275,953883.6093
688338.SH,20260521,0.9495,0.97,34.2992,1.7215,11.5427,1.1661,294226.7328,294226.7328
600638.SH,20260521,2.2518,1.12,30.0147,0.8237,1.7574,0.6469,385182.9616,385182.9616
301312.SZ,20260521,8.906,1.07,211.976,11.134,21.5382,0.2536,1375399.9462,687273.8828
600604.SH,20260521,10.9441,10.1,,1.8039,11.1895,0.1727,1084643.4815,814916.3315
300839.SZ,20260521,4.3139,0.73,151.4072,6.7122,1.685,,540963.1966,531289.7305
920718.BJ,20260521,13.2885,1.12,53.6234,2.0662,1.101,1.5049,120496.0443,57293.3787
688207.SH,20260521,4.7098,1.45,,2.3046,24.9325,,420313.4176,420313.4176
600984.SH,20260521,5.1783,0.89,,3.4573,2.418,,618465.6111,618465.6111
603309.SH,20260521,1.5669,0.87,50.4128,2.139,2.3777,5.2523,389940.2144,389940.2144
300736.SZ,20260521,5.9483,0.42,,73.4671,11.9659,,483463.8104,471269.5934
603272.SH,20260521,5.053,0.95,,6.4044,28.4128,0.2873,345077.91,345077.91
003041.SZ,20260521,1.8574,0.92,269.1209,5.6145,8.2374,1.3942,826272.0,785092.6692
600017.SH,20260521,0.7944,0.65,19.5673,0.6102,1.1165,4.2652,858107.4348,858107.4348
688536.SH,20260521,5.7885,1.12,152.1918,6.2881,16.5114,,4000046.7425,3929750.9216
600235.SH,20260521,2.4949,1.11,224.3495,1.4852,1.8043,0.2358,223426.8,223426.8
688119.SH,20260521,1.3635,1.04,,1.8568,2.7246,,523125.0,523125.0
000723.SZ,20260521,1.1107,0.96,,1.4119,0.9633,,1743785.2254,1740422.3412
603187.SH,20260521,1.9582,1.27,13.0737,1.1808,1.551,6.0392,508523.5968,503188.2486
301216.SZ,20260521,2.3401,0.92,31.4157,2.4107,0.9921,0.4857,1576980.0584,1490367.2295
688515.SH,20260521,14.2039,1.18,,11.8348,25.6335,,1736000.0,1081080.98
300892.SZ,20260521,2.7408,1.17,,2.3744,3.0663,0.402,246300.0,159017.4375
920346.BJ,20260521,1.4859,1.18,32.9276,3.1796,5.4149,1.7741,154611.9985,85505.3274
000048.SZ,20260521,1.6239,0.9,,1.9315,1.4661,2.7185,725426.118,724769.8884
600744.SH,20260521,4.5423,0.53,107.9386,12.0856,1.9323,,1557872.3182,1557872.3182
688279.SH,20260521,2.1729,0.78,107.1391,5.2896,32.2536,0.3215,2751226.512,2236038.112
600735.SH,20260521,2.9923,1.03,,2.6166,2.1136,,279134.6206,276969.1394
000972.SZ,20260521,1.2051,1.59,,449.0298,6.2264,,291545.1929,291545.1929
600257.SH,20260521,2.6371,0.87,477.9808,3.3288,2.897,,266124.165,266124.165
603858.SH,20260521,0.481,0.89,43.1207,1.5776,1.3818,2.5507,1612435.1478,1612435.1478
603119.SH,20260521,14.6126,1.44,130.4427,18.7192,25.5207,0.2206,3791391.2234,2125078.701
300027.SZ,20260521,2.3367,0.72,,,19.0619,,507734.5832,469317.7464
002580.SZ,20260521,22.263,0.97,65.6043,5.0631,3.4273,0.1486,1221361.4602,1217243.7108
603052.SH,20260521,5.3905,0.87,,16.6127,18.7319,0.1874,1769616.6019,1769616.6019
300946.SZ,20260521,4.3093,1.44,271.0594,7.0763,12.5506,0.4343,845562.276,410859.306
300461.SZ,20260521,8.8117,0.87,1746.4823,14.6012,25.1447,,792036.8978,724695.5251
300552.SZ,20260521,12.0573,2.05,,3.6746,5.5856,,637907.4042,404318.824
688506.SH,20260521,0.6086,1.68,,18.2964,40.5376,,10325974.1632,10325974.1632
600425.SH,20260521,1.2424,1.18,19.9821,0.9458,1.5688,2.6316,609787.4087,609787.4087
605018.SH,20260521,3.3337,1.89,61.8617,2.2697,2.946,1.083,642579.939,642579.939
600099.SH,20260521,2.2908,1.02,91.7455,4.1996,1.9505,0.2841,231390.72,231390.72
603359.SH,20260521,3.2985,0.71,,0.9855,6.4873,,138289.76,138289.76
002953.SZ,20260521,2.7285,1.2,34.0969,2.3942,1.1321,0.8484,534347.0774,294915.4396
000951.SZ,20260521,0.8121,0.69,13.433,1.4689,0.377,3.4615,2431509.4981,2431509.4981
002763.SZ,20260521,3.4286,0.63,48.7195,2.168,1.1347,13.3172,338597.224,250785.3292
300986.SZ,20260521,4.5743,0.86,48.3052,3.8449,2.7752,0.3,857317.842,856610.4435
600894.SH,20260521,1.0713,0.9,9.7573,0.7802,0.9438,8.6354,694117.865,687162.7227
300424.SZ,20260521,12.0783,1.73,,7.169,2.6161,,505598.0179,505298.7287
603288.SH,20260521,0.3057,1.17,28.4077,4.9213,6.9897,4.0114,20680349.3521,19651162.3225
688177.SH,20260521,1.4009,2.4,,37.4684,8.5667,,839754.24,839754.24
688655.SH,20260521,9.5942,1.04,,12.1853,10.2073,,795137.79,795137.79
002052.SZ,20260521,2.5496,0.97,132.7161,29.0656,18.7828,,809625.1107,741780.5788
600800.SH,20260521,4.2318,0.91,,4.6506,1.471,,455118.5386,454989.3886
002390.SZ,20260521,1.3129,1.01,46.5801,0.8845,1.0931,2.8694,594818.6716,589903.9417
002777.SZ,20260521,3.0593,0.71,89.1238,3.8639,5.3739,0.9323,656843.7401,650858.989
000878.SZ,20260521,2.5235,0.91,29.5874,2.2754,0.2153,1.1468,4193143.2052,3464260.3805
000893.SZ,20260521,2.1707,1.38,23.9202,3.1344,7.7764,,4355053.2443,3826043.205
920030.BJ,20260521,1.1476,0.78,,2.1733,0.416,0.3165,94785.0309,59611.2417
603580.SH,20260521,2.1207,1.45,77.4155,7.0121,8.2956,0.3358,319103.9544,319103.9544
002275.SZ,20260521,0.3909,1.01,17.6527,2.4041,3.7975,4.0441,799093.296,757660.061
603596.SH,20260521,7.2896,3.63,22.5831,3.7713,2.4507,0.7804,2953233.7773,2953233.7773
688509.SH,20260521,3.3735,0.92,,3.3455,7.0931,,368830.0,184315.4638
920663.BJ,20260521,1.5429,1.03,24.0997,5.5086,5.4493,3.7936,210879.4133,101176.8251
600031.SH,20260521,1.4764,1.44,20.7111,1.9248,1.8904,3.5125,17433728.4126,16067443.5102
300785.SZ,20260521,12.5481,1.1,102.5031,5.1491,7.8343,0.2949,1011576.6211,622314.5078
920523.BJ,20260521,1.4683,1.0,15.481,2.8708,4.0018,1.4402,211010.7516,168805.3035
002398.SZ,20260521,2.3949,1.16,72.6301,0.9064,1.434,1.6747,328775.842,287074.1825
000993.SZ,20260521,5.3095,0.59,293.9996,2.3605,10.9992,,601290.2604,577388.562
300821.SZ,20260521,5.4336,0.8,124.6076,3.368,4.4935,0.1397,1718400.0,1718100.354
301567.SZ,20260521,11.2402,1.76,,4.5757,8.1793,0.3898,332496.0,98085.6273
600211.SH,20260521,1.1584,1.23,13.6943,3.3968,4.4261,2.1436,1324731.8956,1324731.8956
603282.SH,20260521,1.9335,1.53,34.6568,1.7407,2.9396,1.3578,229233.66,229233.66
300654.SZ,20260521,3.8258,1.0,149.6806,4.3934,7.4538,0.534,377108.5976,363215.3262
603008.SH,20260521,3.0094,0.57,24.5457,0.9386,0.3762,8.9782,329990.0218,329990.0218
002215.SZ,20260521,1.9279,0.84,12.1688,1.9349,1.4961,3.7255,944355.7814,754813.107
300339.SZ,20260521,4.446,1.15,237.7614,9.3284,8.3613,0.1625,3400674.2911,3320721.4276
000506.SZ,20260521,3.5513,1.13,37.0949,14.5764,21.3182,,1295979.7766,1295546.2106
300239.SZ,20260521,1.4672,1.16,55.5983,1.7796,4.0882,0.4768,305715.93,303735.1627
601500.SH,20260521,1.3104,1.23,30.9748,1.1368,0.8197,,697709.6077,694937.3227
688260.SH,20260521,12.165,1.36,,45.0217,11.7334,,727080.0,727080.0
002101.SZ,20260521,0.9776,1.01,20.0271,0.7817,0.6855,3.3483,621065.1613,620492.8305
300404.SZ,20260521,5.8251,1.62,93.8545,3.781,4.2538,0.1134,404085.4704,298944.3421
301175.SZ,20260521,3.2719,0.8,21.8092,2.33,4.3677,2.7682,850746.64,359446.64
600986.SH,20260521,6.3117,0.79,,2.7213,1.7419,,1404081.1145,1404081.1145
002911.SZ,20260521,0.661,0.98,14.8182,3.9453,0.4663,4.4146,1529251.1277,1492570.7652
300492.SZ,20260521,1.0547,1.02,36.8847,34.7152,2.7648,1.1951,887031.5716,887031.5716
301260.SZ,20260521,6.8537,2.49,,1.9716,1.5749,,850705.6342,361388.1392
002697.SZ,20260521,1.108,0.83,14.021,1.3269,0.6864,2.3909,654160.0,550908.6603
002985.SZ,20260521,1.9304,1.23,50.2584,3.9523,11.6586,0.4021,1072882.6888,1069927.2128
600219.SH,20260521,1.6589,1.04,14.0328,1.1741,1.671,8.6074,5799269.2873,5799269.2873
688178.SH,20260521,1.987,0.86,,3.0972,5.2897,,287632.7041,287632.7041
002668.SZ,20260521,1.3126,1.27,9.3117,2.7298,0.5583,,1050503.9737,1050503.9737
300407.SZ,20260521,3.3021,1.53,56.3666,1.9397,1.5757,0.7309,431473.8662,322615.9473
603626.SH,20260521,12.9575,1.83,118.89,6.6713,4.9531,,1519260.5912,1519260.5912
600118.SH,20260521,4.5444,0.81,5939.6235,15.9418,16.0806,0.0117,10083084.8541,10083084.8541
300452.SZ,20260521,3.6829,1.8,17.0091,2.9289,3.1381,2.3254,300101.3043,254246.5229
600359.SH,20260521,2.3587,1.15,,3.7391,5.3028,,252179.974,252179.974
002648.SZ,20260521,1.5442,0.85,14.287,2.3612,1.8035,2.0049,8371084.5397,8365708.9752
300534.SZ,20260521,1.5928,1.05,51.8558,3.4923,3.0339,0.4739,256023.18,254931.4559
605300.SH,20260521,0.5031,1.01,104.6717,1.6222,2.0905,0.5767,468030.5549,468030.5549
301039.SZ,20260521,1.2136,1.52,17.0018,1.0203,0.7411,3.5,1499299.536,1161942.0
300716.SZ,20260521,4.2373,2.02,,,94.8364,,237149.64,237149.64
002241.SZ,20260521,5.2857,1.42,22.2751,2.3687,0.8951,1.1704,8853129.1458,7837627.583
688159.SH,20260521,12.9293,0.97,132.7275,5.3231,2.4599,0.1846,498362.9105,497397.3905
301588.SZ,20260521,11.6832,1.21,157.7434,4.1962,4.3035,0.4187,397493.7694,245313.108
002320.SZ,20260521,1.033,1.02,100.7568,4.3955,3.3147,0.5044,1772987.8037,1772987.8037
920768.BJ,20260521,1.5704,0.89,22.5022,1.8322,0.7005,,132165.27,90988.5721
601231.SH,20260521,1.785,0.98,46.0237,3.8528,1.5127,0.5653,8908972.8359,8908972.8359
300056.SZ,20260521,7.8042,1.58,,57.0709,10.7208,,409005.36,408695.1767
002897.SZ,20260521,9.1441,0.95,43.2429,4.4715,2.0088,0.1527,1271081.843,1195979.6964
000600.SZ,20260521,8.3034,1.16,8.9798,1.4638,0.8128,2.2748,1826676.4229,1104221.5374
688076.SH,20260521,0.6103,0.92,31.2204,3.0988,5.0023,1.8632,965538.5453,965538.5453
002965.SZ,20260521,10.8487,1.71,194.2251,2.3821,1.2309,1.081,1010303.0267,724912.608
300778.SZ,20260521,3.2371,0.78,,2.2152,21.2981,,266183.1521,266112.0814
000157.SZ,20260521,1.481,1.29,14.5125,1.0781,1.1876,6.8776,6287485.1166,5139649.7992
688309.SH,20260521,3.0207,1.47,86.2291,7.1774,14.3625,0.1197,583599.3272,583599.3272
300978.SZ,20260521,2.1258,0.71,36.3289,2.7138,2.3059,3.7313,453137.3362,307759.6428
688533.SH,20260521,1.3848,1.46,24.8212,2.5127,1.4503,1.6438,445794.9848,445794.9848
002786.SZ,20260521,7.8112,1.12,,22.4868,1.9171,,448033.248,446677.248
300169.SZ,20260521,3.54,1.39,63.0169,19.0772,4.5298,,204375.5927,181644.9408
002084.SZ,20260521,3.1769,1.4,,1.7457,0.8963,,226119.614,225589.4452
300006.SZ,20260521,3.179,0.95,,3.5301,8.0914,,614540.3213,614487.7626
300126.SZ,20260521,2.9204,1.13,,2.3065,4.863,,229487.988,159040.904
688128.SH,20260521,1.1066,1.41,19.8884,2.9898,2.2392,2.8143,1077992.5,1077992.5
600872.SH,20260521,1.5252,0.89,24.9372,2.5974,3.4918,2.1093,1543005.2899,1528098.1169
300100.SZ,20260521,5.6029,1.2,45.9146,6.0307,3.6759,0.2909,1966477.3477,1894874.4415
688099.SH,20260521,5.0234,0.98,54.1018,6.1619,6.4843,,4642087.3865,4642087.3865
300787.SZ,20260521,3.0949,1.42,50.3311,2.1367,0.9588,1.5873,329104.671,206359.3004
600060.SH,20260521,0.9132,0.98,13.0603,1.4907,0.5607,3.5299,3253295.8292,3241320.6215
600740.SH,20260521,1.3977,0.92,70.3125,0.6243,1.5951,0.5391,950546.9481,950546.9481
003003.SZ,20260521,3.6518,1.28,38.3135,1.7339,2.2242,1.5281,228322.24,152192.8519
603181.SH,20260521,1.7305,0.98,19.6516,2.4321,3.5758,1.3753,878929.1,878929.1
000883.SZ,20260521,0.9345,0.78,16.9488,0.9238,1.9745,1.8623,3490138.1016,3194435.6288
688557.SH,20260521,2.1065,1.2,32.0811,2.901,2.3275,0.9469,356195.6712,356195.6712
300109.SZ,20260521,2.0727,0.95,48.5555,2.2885,7.0853,1.4308,846882.82,783591.8357
002881.SZ,20260521,10.2235,1.61,96.7845,5.0794,3.7652,0.2827,1384705.3045,834132.3606
000707.SZ,20260521,1.9471,1.3,,1.1059,1.5429,2.7548,305807.0919,288017.977
301315.SZ,20260521,10.1618,2.53,137.8402,4.3175,24.6215,0.7888,446248.0,187627.0
600661.SH,20260521,1.9892,1.26,26.267,10.0886,1.8389,,257034.3005,257034.3005
002843.SZ,20260521,5.8649,0.48,,4.7218,4.0052,0.3965,634882.1314,630995.8555
603916.SH,20260521,7.9322,1.14,50.5432,1.5047,1.796,0.6747,641151.8777,632172.9977
300012.SZ,20260521,1.9876,1.14,23.8464,3.3047,3.6965,1.3284,2524242.321,2146863.2445
300855.SZ,20260521,3.1336,1.42,68.4567,6.8068,12.1084,0.6906,1431824.03,1060501.2196
688219.SH,20260521,2.2033,1.37,31.7758,2.0895,0.9553,1.114,636436.8,636436.8
301058.SZ,20260521,1.4563,1.21,19.8513,1.9788,1.4658,1.6593,463095.9175,463095.9175
688295.SH,20260521,1.161,0.87,267.904,9.7497,19.5197,0.0645,4604400.0,4604400.0
300564.SZ,20260521,3.7039,0.75,55.944,2.0948,7.3503,3.1017,260040.1024,182465.101
300647.SZ,20260521,4.0176,1.38,,7.1137,4.3229,,305033.123,304580.3094
603982.SH,20260521,2.4332,1.08,,1.2805,1.0634,,271655.9723,252627.8397
300113.SZ,20260521,8.4844,0.89,39.9427,6.7302,11.6911,0.3577,1696196.3271,1280695.0773
688359.SH,20260521,6.3555,1.13,,19.4061,24.8792,,1219317.4232,1219317.4232
603256.SH,20260521,3.2734,1.37,421.0367,47.2858,95.8619,,13105648.4152,12745492.02
600587.SH,20260521,0.9408,1.2,16.5053,1.0298,0.8352,3.7511,808657.1838,808657.1838
600576.SH,20260521,2.8556,1.98,60.5912,2.3513,5.0616,,608474.4499,381045.0779
001339.SZ,20260521,12.2693,1.18,114.7665,11.5604,6.0183,0.0734,2731045.8533,1348070.407
688606.SH,20260521,0.7389,1.43,22.0504,1.0129,4.4081,4.9607,393312.3217,393312.3217
001239.SZ,20260521,2.6356,1.47,107.2229,2.5165,1.6796,,341520.0,162222.0
002609.SZ,20260521,2.7671,1.32,83.2499,2.2146,2.9482,0.8452,531480.4827,379018.2906
920037.BJ,20260521,4.0577,0.95,29.8723,7.9895,7.4492,1.9009,631276.99,204052.8528
000681.SZ,20260521,5.0138,0.94,47.3973,3.7592,18.6094,0.1165,1441087.7859,1390809.7835
300635.SZ,20260521,3.6774,0.98,,6.5426,3.5648,,201200.118,173035.2442
688118.SH,20260521,3.6505,1.11,396.2537,2.858,7.2914,0.5705,241410.3365,241410.3365
300017.SZ,20260521,11.1266,0.93,57.6612,3.9063,9.2486,1.4547,4200237.4797,3940642.0541
002152.SZ,20260521,1.25,1.09,32.7401,2.1799,2.2872,3.3154,2771455.3142,2770061.2237
301602.SZ,20260521,1.0253,1.2,63.7541,5.5265,20.2691,0.5772,756858.4703,368418.4239
000816.SZ,20260521,1.8802,0.85,,1.9894,3.0557,,387799.5692,385788.4313
601162.SH,20260521,1.9584,1.51,271.1418,1.3052,13.4607,,3576264.7581,3052279.5183
002522.SZ,20260521,7.5013,0.79,100.4723,2.5419,3.5915,0.3823,592379.7191,591883.0009
002802.SZ,20260521,4.3951,0.99,56.97,3.7151,6.1729,0.7354,242688.2467,200425.8142
920992.BJ,20260521,1.6978,0.78,68.4938,2.1796,4.4497,0.5622,137648.1191,69751.5937
301531.SZ,20260521,39.8516,0.82,147.9515,13.6408,15.9074,,1975402.7266,421484.0405
600648.SH,20260521,0.1984,1.1,14.6398,0.8344,2.2732,3.5751,1331354.0614,1113877.5065
600403.SH,20260521,0.7077,1.09,,3.6477,3.0289,,1219314.325,1219314.325
603392.SH,20260521,0.3533,0.8,,4.0568,24.6994,,4795841.9056,4795841.9056
300030.SZ,20260521,2.7774,1.01,83.6065,3.6984,5.0952,,237455.8579,209070.7584
300739.SZ,20260521,12.9149,2.27,134.3632,4.1459,5.8693,0.389,1149494.9732,1056240.8072
600285.SH,20260521,0.9039,0.66,15.4893,3.3493,3.0872,4.1763,1222133.8723,1219440.1223
600381.SH,20260521,3.8285,1.04,,2.8605,9.2216,,280027.9735,280027.9735
301550.SZ,20260521,7.8923,1.51,275.107,24.3555,56.5024,0.1668,4549641.8,2775317.301
603178.SH,20260521,11.1754,0.88,,4.0955,2.8504,0.2017,468804.76,468804.76
300087.SZ,20260521,1.4378,1.0,,4.1585,1.6202,0.6711,705762.1545,672210.4455
688234.SH,20260521,5.568,0.82,,9.5115,47.5649,,6765759.4928,5999195.8853
601958.SH,20260521,1.9965,1.21,20.1706,3.4404,4.6327,1.8939,6814588.4928,6814588.4928
002877.SZ,20260521,6.0265,1.84,132.83,2.616,3.0075,0.2242,317412.5759,214539.0696
000786.SZ,20260521,1.0173,1.24,14.1794,1.4556,1.6139,3.5937,4066641.9043,4036234.2345
603320.SH,20260521,2.9653,0.67,48.0016,3.005,3.686,0.5809,359442.3492,359442.3492
301117.SZ,20260521,5.9502,1.13,,4.2219,16.035,0.0353,523132.911,335151.9221
301601.SZ,20260521,2.044,1.07,43.6086,2.1414,6.7233,0.8893,284331.52,170987.52
920186.BJ,20260521,24.3627,1.19,22.6322,6.6014,16.5873,,2260774.91,964857.8278
688767.SH,20260521,3.1001,1.55,185.8224,2.3863,12.5313,1.8937,563285.3358,563285.3358
002352.SZ,20260521,0.431,1.05,15.6721,1.8198,0.5721,2.4784,17879899.0911,16924002.5015
002637.SZ,20260521,6.3963,1.08,26.0438,1.3859,0.4063,1.0562,523085.912,517513.114
300147.SZ,20260521,1.3761,0.75,,,4.3305,,661940.324,658024.2239
600320.SH,20260521,1.4112,0.85,29.775,1.5876,0.6988,1.5552,2539346.3875,1601202.8726
300347.SZ,20260521,2.6257,1.05,50.7487,1.8718,5.5375,0.6545,3915085.4494,2575761.3976
601330.SH,20260521,3.5982,0.58,19.4531,1.5025,3.4528,3.3273,1243178.0921,859523.4629
688466.SH,20260521,1.5288,1.4,76.1627,1.8847,4.5586,,217434.3906,217434.3906
001226.SZ,20260521,7.1637,1.19,165.2161,5.0934,5.3577,0.789,378560.169,172006.848
300906.SZ,20260521,2.7507,1.41,44.7094,2.8084,15.1799,1.5207,263040.0,237359.076
002096.SZ,20260521,0.8279,1.41,17.4692,1.5802,1.3282,2.2222,1283856.197,1283854.0141
300633.SZ,20260521,1.9286,1.3,54.8699,2.986,4.1298,0.4411,974468.3361,603516.2162
002179.SZ,20260521,3.0311,1.21,44.9966,3.5014,4.0333,1.9616,8639104.4489,8553735.3041
002343.SZ,20260521,3.1746,1.14,,2.7115,12.2426,,259103.1164,259103.1164
002757.SZ,20260521,7.1118,0.86,65.4076,3.8205,2.3124,0.5635,786503.6404,750825.6743
000839.SZ,20260521,4.0154,0.66,142.4173,8.0262,3.723,,1246504.7799,1246504.7799
001201.SZ,20260521,1.934,0.75,,1.0535,1.4136,,319909.9452,249987.0834
603004.SH,20260521,6.9054,1.48,35.2787,2.4095,6.8118,0.9878,500715.52,125178.88
605111.SH,20260521,11.8347,1.42,58.0299,5.0776,11.3342,0.1223,2204585.2656,2204585.2656
920407.BJ,20260521,2.0512,1.17,78.2823,5.3238,5.1896,0.4501,145921.256,59406.3696
300184.SZ,20260521,13.3312,1.33,60.5166,3.8615,1.6546,,1627559.4205,1490361.4425
688772.SH,20260521,3.5014,0.98,44.1695,2.5174,1.1666,1.8557,1813761.4978,1813761.4978
920694.BJ,20260521,1.3343,1.0,23.9048,2.6038,3.1327,1.7964,220587.7549,104359.0365
600543.SH,20260521,1.3188,0.97,,2.2182,6.305,,153816.48,153816.48
300858.SZ,20260521,5.1839,1.04,51.315,2.4622,12.2534,0.8641,457427.5248,339804.9039
301286.SZ,20260521,3.848,1.34,94.3303,11.0784,20.4662,0.1413,2244561.0,904777.4228
688687.SH,20260521,1.4265,0.99,284.2867,1.8304,2.4268,1.597,314537.7365,314537.7365
300351.SZ,20260521,7.5117,1.04,532.6796,3.829,4.1047,0.2498,931828.4271,631143.7129
002952.SZ,20260521,10.6476,1.09,319.5754,5.4983,5.0105,0.1676,484309.98,387957.9093
603071.SH,20260521,0.8319,1.58,11.1179,1.2261,0.2077,5.3517,729804.4101,729804.4101
002127.SZ,20260521,3.7089,0.99,,2.0235,3.3229,1.2461,788013.3994,640309.0815
603290.SH,20260521,6.7959,0.97,89.198,4.2031,7.3967,0.5203,2927084.1749,2927084.1749
000948.SZ,20260521,1.503,1.14,127.5834,2.0192,0.5672,0.6476,547013.9499,545976.4553
300256.SZ,20260521,1.6121,1.38,,8.2284,5.0045,,746301.424,738076.424
002638.SZ,20260521,3.4289,0.86,,3.2299,17.4511,,610552.5983,574889.0038
603608.SH,20260521,7.5625,0.82,250.952,6.5305,6.3055,,714810.7162,714810.7162
603057.SH,20260521,0.8302,0.82,36.9862,5.2762,3.3317,1.9145,1125172.0,1125172.0
301559.SZ,20260521,2.393,1.07,82.1207,2.0694,3.9773,1.0659,928800.0,139320.0
002157.SZ,20260521,2.9495,0.77,,2.8957,1.9446,,3024803.1666,2546498.1401
920171.BJ,20260521,11.9114,2.58,207.7064,9.7715,8.336,,213597.0238,144123.7494
300158.SZ,20260521,1.1729,1.28,,1.6064,2.0086,,537828.2564,537389.4521
300622.SZ,20260521,7.729,0.76,36.4951,6.1024,4.1648,,577838.1498,395039.3212
688368.SH,20260521,5.7015,0.94,365.1122,5.7358,15.5841,,2885879.4949,1752752.0262
301636.SZ,20260521,4.9425,0.99,6201.2576,3.3453,4.5599,0.8851,360799.124,210522.9551
000881.SZ,20260521,2.0248,1.5,,1.4438,1.2894,,718523.6194,686836.5868
600281.SH,20260521,1.7697,1.2,,47.3613,5.5166,,266460.249,266460.249
301429.SZ,20260521,3.1726,0.99,52.6272,1.893,2.6428,1.3717,256773.84,95613.6359
300426.SZ,20260521,2.6958,0.8,,31.6419,37.0338,,294099.9749,261200.0
001218.SZ,20260521,2.1653,0.98,15.7196,1.3697,0.6213,2.0016,331694.2065,300819.8612
600523.SH,20260521,1.129,1.04,26.1268,1.5782,2.0303,1.0402,513071.0651,512732.6228
300949.SZ,20260521,3.5148,1.43,,4.0926,5.4225,,230460.0,131750.383
600615.SH,20260521,8.656,4.06,,3.8146,4.5792,,275262.0242,274824.581
002532.SZ,20260521,1.947,1.14,11.9231,2.3624,2.3744,3.5414,7128255.6191,6324560.4761
000955.SZ,20260521,2.5265,1.08,2705.8454,3.7386,4.8024,,242277.75,242240.7938
000876.SZ,20260521,0.4094,0.78,,1.7947,0.3344,0.296,3669761.8182,3667502.9527
300348.SZ,20260521,2.2644,1.14,,4.2323,4.4705,0.0634,896823.9427,785648.0247
000966.SZ,20260521,2.8004,0.73,146.0031,1.216,1.1755,1.5319,1636086.4575,1532915.7254
600704.SH,20260521,0.9851,0.94,6.9752,0.5975,0.0421,6.3655,2518364.6064,2518364.6064
002760.SZ,20260521,9.8394,0.69,101.5173,2.884,3.8424,,241462.7466,241462.7466
000925.SZ,20260521,10.0211,0.6,,1.7182,2.2898,,553270.5438,550713.8439
603130.SH,20260521,1.3244,1.1,58.5146,4.5288,2.3942,0.4977,635453.1182,635453.1182
600860.SH,20260521,2.548,1.0,,6.7846,3.6988,,560078.1657,454253.7261
603737.SH,20260521,0.6409,0.7,36.7086,9.5,2.221,1.886,2850188.8982,2850188.8982
301030.SZ,20260521,7.6207,1.15,,,,,224847.8796,224539.4438
300762.SZ,20260521,5.3759,1.01,,10.9411,59.1214,,2486744.4571,2486744.4571
688052.SH,20260521,4.3751,1.24,,5.0956,10.2065,,3870437.7054,3392176.7054
600141.SH,20260521,2.5675,0.88,26.2311,1.508,1.2777,2.9247,3772261.4111,3772261.4111
600888.SH,20260521,5.5139,1.59,20.6368,1.1368,1.8649,2.6044,1455241.5342,1455241.5342
600267.SH,20260521,1.2134,0.61,18.216,1.4296,1.2408,,1279078.1961,1279078.1961
002003.SZ,20260521,0.5807,0.81,17.3854,2.6392,2.2793,5.3468,1108045.1566,952598.009
002789.SZ,20260521,1.797,0.91,,13.6257,0.6235,,207191.3212,203102.0176
300638.SZ,20260521,3.5732,0.77,87.9258,3.3627,3.0846,1.4956,2100685.0116,1239128.1258
002850.SZ,20260521,3.3698,1.15,31.0581,4.1751,3.4947,0.9581,5708026.4076,4120930.7046
603041.SH,20260521,4.2691,1.98,42.2853,1.6267,3.8739,0.874,248714.5657,248714.5657
000708.SZ,20260521,0.2161,0.78,11.7088,1.6742,0.6626,4.5964,7091257.4916,7091225.8791
600778.SH,20260521,2.2188,1.06,145.8985,7.9482,1.4584,,200911.922,200733.5989
603106.SH,20260521,1.6613,1.51,151.0917,3.2705,13.2897,0.3606,433072.64,433072.64
300373.SZ,20260521,5.1492,1.03,30.7685,4.3754,5.4902,1.1854,4216922.1749,4207535.812
300277.SZ,20260521,2.9893,0.74,269.8274,2.3529,16.1374,0.0282,2378036.2715,1200389.2459
688179.SH,20260521,4.0189,1.11,77.768,6.3202,11.2986,0.6107,831889.919,831889.919
603366.SH,20260521,1.631,1.31,35.6079,1.5108,1.5385,0.6784,647186.2884,647186.2884
003001.SZ,20260521,13.5236,1.01,392.4056,3.3025,6.896,0.8851,395125.4108,258809.0766
002991.SZ,20260521,1.5588,1.0,19.9736,2.4921,2.0071,4.8839,443427.7081,237534.6394
301231.SZ,20260521,6.5982,1.01,,2.9115,6.8005,,236488.8,183337.662
000957.SZ,20260521,2.8654,0.98,17.1688,2.0353,0.8857,0.8926,656937.5611,656937.5611
600510.SH,20260521,2.4816,0.87,110.1954,0.8817,2.1329,0.4545,930886.9622,930886.9622
920985.BJ,20260521,1.3143,0.77,,3.0121,1.1535,4.0077,189708.9106,134441.8476
688981.SH,20260521,7.7356,1.3,202.0457,6.805,14.8521,,101943548.4983,25438434.7484
002056.SZ,20260521,3.2773,1.54,18.0409,2.9126,1.405,4.1521,3209502.922,3206187.3646
601801.SH,20260521,0.3851,0.75,14.6223,0.9021,1.4093,3.5714,1096441.4927,1096441.4927
920299.BJ,20260521,4.3347,0.55,85.1956,6.8404,15.6536,0.4953,200132.702,100866.1931
300463.SZ,20260521,2.589,1.88,,0.9506,2.7976,1.0593,597410.6245,485596.24
688199.SH,20260521,5.9484,1.56,96.643,1.8048,2.9682,,467075.3461,467075.3461
603387.SH,20260521,2.215,0.98,19.8147,1.6292,4.2881,1.9802,461002.547,461002.547
600372.SH,20260521,0.8788,0.87,49.803,1.5056,2.3664,0.7792,5709898.0234,5709898.0234
600058.SH,20260521,1.2834,1.07,,2.2674,0.215,0.3281,1097636.5681,1097636.5681
601600.SH,20260521,2.0894,1.07,12.6818,2.3059,0.7626,2.3802,18595988.9185,14279927.8454
000610.SZ,20260521,3.3169,1.37,,,3.2601,,177560.9258,176626.7205
600617.SH,20260521,2.8473,0.6,,2.129,0.4643,,681004.6969,626766.5692
002666.SZ,20260521,2.6952,1.38,76.5817,1.0622,0.6493,1.899,375087.6673,238317.9342
002800.SZ,20260521,4.0647,0.93,,5.5008,2.418,0.1681,271771.7246,263899.5158
688602.SH,20260521,3.5135,1.32,,1.3893,5.5755,,377066.25,188466.8129
000791.SZ,20260521,3.3368,0.67,14.1474,1.8729,3.1591,2.0045,2912968.0883,1738185.2208
000960.SZ,20260521,4.8157,1.2,25.5803,2.9403,1.2098,0.992,5971272.5538,5971272.5538
600969.SH,20260521,3.593,1.01,48.9497,1.0328,0.8956,,375971.2917,375971.2917
003007.SZ,20260521,13.8593,1.06,276.1168,4.2685,12.8192,0.1017,649767.5178,394441.3281
601702.SH,20260521,1.2283,1.21,15.5819,2.749,1.4621,1.6313,1836297.7734,1836297.7734
603515.SH,20260521,0.1944,1.08,15.9604,2.0336,2.0841,4.5867,1452971.5403,1439521.3749
603270.SH,20260521,12.3503,1.32,45.3232,2.966,3.146,0.8039,681421.7344,219928.8344
000009.SZ,20260521,0.9591,0.96,384.9495,1.9929,0.833,0.3871,1998890.8229,1996415.8604
603275.SH,20260521,7.5644,0.89,40.2022,2.4149,9.4777,0.3442,728684.5262,203443.1468
603153.SH,20260521,0.4965,1.13,16.5411,1.5885,1.2337,1.6679,617250.8256,608092.9345
002487.SZ,20260521,2.2554,0.91,36.9871,5.5881,6.9658,0.2282,4834140.0654,4782375.6163
601319.SH,20260521,0.2,1.04,7.265,0.9694,0.4683,2.7426,30956793.4081,24848429.6081
300570.SZ,20260521,12.6426,0.82,118.2063,19.0692,22.2371,0.5386,3373288.2287,2854447.4359
600129.SH,20260521,1.3259,1.09,71.6149,2.2407,0.7838,,799556.3683,799556.3683
002423.SZ,20260521,0.6623,0.98,21.2608,0.9012,117.8586,1.6935,2149730.5015,2149730.5015
002756.SZ,20260521,3.8588,0.78,38.1384,2.7725,4.5361,0.4346,3657803.9489,2626323.8297
300872.SZ,20260521,6.5175,1.04,,2.6789,5.7308,0.229,994790.7672,860120.9703
000829.SZ,20260521,2.771,1.05,,3.3712,0.1003,0.1049,976920.7174,975995.5746
600583.SH,20260521,1.0364,1.07,13.3397,0.9112,0.977,,2643970.1704,2643970.1704
002034.SZ,20260521,5.3039,0.71,14.9254,1.2928,3.3603,1.9742,1077153.5538,1072591.8308
603501.SH,20260521,5.2991,2.02,35.159,3.9412,4.496,0.6009,12946944.1669,12426036.0343
600809.SH,20260521,0.7034,1.07,14.5945,3.5597,4.3177,2.7404,16026669.9844,16026669.9844
600597.SH,20260521,0.474,1.03,,1.0618,0.4111,2.2599,975959.4242,975946.397
920496.BJ,20260521,2.1264,1.11,139.0946,2.4378,2.3446,1.8094,137261.675,120203.7001
601238.SH,20260521,0.3296,1.18,,0.6202,0.6731,0.3148,6464939.7806,4681264.2752
603196.SH,20260521,2.3825,1.47,322.6333,5.5263,11.0061,,1101566.6546,623516.1699
300002.SZ,20260521,2.1918,1.06,24.1767,2.2705,3.0083,1.106,1774390.8271,1665807.1083
300167.SZ,20260521,1.976,0.88,,19.0548,4.1935,,218587.5748,188373.22
300368.SZ,20260521,8.9614,2.21,,122.3574,39.7951,,589771.9746,589771.9746
301138.SZ,20260521,1.6972,1.09,40.0231,3.2848,5.6115,1.5878,377880.0,215895.8809
600067.SH,20260521,1.7664,0.92,227.2335,0.7839,0.3647,6.8424,438375.6528,438375.6528
002366.SZ,20260521,2.5399,0.84,,3.1779,15.293,,1475384.7868,1311902.9889
688443.SH,20260521,5.3896,1.76,,7.508,38.7906,,1077672.52,342922.52
301082.SZ,20260521,2.4402,1.0,89.8497,3.2561,1.4811,0.548,330388.7629,306250.9178
002077.SZ,20260521,12.6965,2.12,136.0123,3.0507,26.169,,1032440.0046,1032440.0046
688371.SH,20260521,7.8957,1.33,4871.5114,6.6936,26.2004,,1308342.1884,1308342.1884
600999.SH,20260521,2.7129,2.65,11.3864,1.2193,5.5663,2.8457,15158046.2229,12936555.1891
605118.SH,20260521,0.9734,0.88,60.3653,10.214,18.2647,1.5168,1651640.24,1642015.896
688737.SH,20260521,3.6535,1.47,,1.9844,1.6934,,352117.479,352117.479
300082.SZ,20260521,2.8777,1.15,578.9814,2.5634,1.615,,703221.5388,701384.3927
002251.SZ,20260521,2.6525,0.9,89.2815,1.1583,2.2525,,984064.0862,787804.7956
002567.SZ,20260521,1.359,0.93,,1.3551,0.2384,,563189.1974,562644.9035
301069.SZ,20260521,3.9191,0.96,74.5922,4.5437,9.8933,0.4214,1036862.636,976459.436
603936.SH,20260521,16.194,1.65,,3.0112,3.5897,,1294837.5002,1294837.5002
002875.SZ,20260521,2.9346,0.8,,7.6381,8.4105,,471832.3715,404100.1191
301108.SZ,20260521,2.2166,0.94,35.1286,1.4481,3.2378,1.0339,272161.0173,156767.1975
600271.SH,20260521,1.2773,1.17,,1.1289,2.7508,0.0506,1465631.7487,1465631.7487
002476.SZ,20260521,2.7794,1.57,113.0423,3.5248,4.8323,0.1802,339660.0,339660.0
301004.SZ,20260521,0.4348,0.64,17.1182,3.3058,2.8837,2.432,593577.1949,554093.0259
688507.SH,20260521,28.3761,1.32,965.1591,4.6027,27.2971,0.259,1273275.4146,703529.346
603173.SH,20260521,1.0151,1.0,14.6953,2.8156,1.9383,1.3541,584960.0,584960.0
601019.SH,20260521,0.3054,0.74,12.7617,0.9576,1.3422,5.1318,1504654.9,1504654.9
600009.SH,20260521,0.5871,1.07,29.2798,1.4771,4.7637,1.9922,6370081.3824,5238475.5584
600708.SH,20260521,1.6701,1.02,,1.2444,1.72,,742136.0354,741017.4977
000758.SZ,20260521,2.4566,1.05,27.4231,2.1456,1.2403,0.6853,1337575.633,1332410.0664
600197.SH,20260521,1.5373,1.23,33.3782,1.4845,3.8551,3.6029,590995.2215,590995.2215
601233.SH,20260521,1.2813,0.74,13.8319,1.1416,0.4693,0.5191,4591472.8757,4583117.3846
603367.SH,20260521,1.385,1.12,15.8178,1.022,1.9144,2.8591,646080.1421,646080.1421
603869.SH,20260521,0.2943,1.29,153.1626,1.4198,7.9694,0.1171,532163.5653,532163.5653
000963.SZ,20260521,0.805,0.95,14.8439,2.02,1.1798,3.1382,5198076.0175,5195930.8225
300486.SZ,20260521,4.7118,1.97,456.2578,6.4487,10.1985,,1096011.106,1095681.6955
301213.SZ,20260521,2.7531,1.06,292.9115,6.9798,26.3518,,561279.993,362804.7198
600313.SH,20260521,3.527,0.94,140.4501,2.9612,1.0619,,715406.3649,666634.3764
603816.SH,20260521,0.5144,0.69,13.5031,2.1528,1.1828,4.7523,2386316.6627,2359342.9011
301123.SZ,20260521,8.709,1.12,,6.1605,7.0933,0.1341,1726950.4,1214706.441
603382.SH,20260521,3.4337,0.9,44.5315,2.488,1.0987,0.8227,440622.0756,88124.5279
002283.SZ,20260521,4.5738,0.7,31.5369,2.1808,3.0173,2.3118,1308096.8403,1151244.8553
603728.SH,20260521,4.1636,1.31,416.6826,9.4946,9.8472,0.0356,2823268.05,2823268.05
301525.SZ,20260521,13.5352,3.88,95.1398,2.4263,6.7136,0.5371,790143.9923,413883.2285
600307.SH,20260521,0.9585,0.88,,1.8962,0.3277,,1008400.5453,1008400.5453
300322.SZ,20260521,12.793,1.02,220.6517,13.1309,4.4572,,1336870.8726,1279891.7973
300475.SZ,20260521,9.7655,0.95,44.5396,17.0046,1.6168,0.0196,8263344.5084,7916625.3584
300771.SZ,20260521,2.9635,0.89,33.9151,1.5983,5.0207,1.5111,311040.0,231430.7285
300455.SZ,20260521,1.7698,1.03,,10.5648,16.0887,0.0611,1763555.8188,1741085.3253
301299.SZ,20260521,4.3773,1.13,53.2684,6.1862,9.5097,2.5949,349901.9922,258286.4775
002026.SZ,20260521,2.0809,1.12,21.647,1.4401,2.8661,1.0293,556391.839,556343.8134
002388.SZ,20260521,3.6055,1.14,,2.7207,1.3056,,260966.4736,258631.6354
603711.SH,20260521,2.1082,1.27,29.8798,1.7308,1.9222,1.6656,619724.0241,619724.0241
300610.SZ,20260521,3.5446,0.86,38.1096,2.1284,2.676,1.7338,247035.3168,192070.0485
601985.SH,20260521,0.9651,1.37,21.8382,1.4983,2.2268,2.0583,17976433.8127,16503990.9738
300680.SZ,20260521,9.9902,1.83,40.9984,4.7364,3.7505,0.4618,983050.3087,759093.2504
300111.SZ,20260521,3.409,1.51,,6.8457,18.2536,,463395.857,463395.857
002060.SZ,20260521,1.7035,0.69,12.8624,0.9562,0.2024,3.794,1385371.1063,576678.6095
001328.SZ,20260521,0.6769,1.08,27.2081,3.2807,2.8986,2.5017,516177.0524,484827.2662
301678.SZ,20260521,19.4251,3.2,185.4775,8.1798,16.4382,0.7624,1571004.7526,314200.9545
000678.SZ,20260521,4.3778,0.58,,7.2855,3.7865,,567620.5693,567620.5693
688029.SH,20260521,1.2086,1.68,27.2991,3.5771,4.5454,1.8475,1517431.4749,1517431.4749
301036.SZ,20260521,3.3126,1.38,119.3087,1.6137,1.7948,0.751,266300.0,187566.1015
000032.SZ,20260521,3.6014,1.23,,3.1471,0.4702,0.5874,2324638.0219,2176916.0146
002670.SZ,20260521,1.3844,1.67,113.239,2.0381,11.0953,,2310491.0757,1938280.657
688568.SH,20260521,1.7552,0.92,,11.9471,18.2908,,4344232.2309,4344232.2309
001319.SZ,20260521,5.8111,1.91,24.5407,2.427,2.6373,1.6122,342046.6,198358.1814
600266.SH,20260521,2.2259,1.36,,0.5395,0.3133,1.0526,985978.1658,985978.1658
688759.SH,20260521,10.2897,1.19,,10.1027,,,1643533.8714,194904.8479
600684.SH,20260521,2.1647,1.43,67.5923,3.3268,2.6284,,419202.1533,323461.614
600819.SH,20260521,2.9479,0.98,58.1151,1.7573,1.2075,0.4755,680799.6799,520948.9987
002455.SZ,20260521,10.8889,1.5,,2.5319,1.203,,694286.4625,635040.3061
688355.SH,20260521,2.5653,1.39,40.1327,2.5335,5.2614,1.9799,280512.5909,280512.5909
600925.SH,20260521,0.6325,0.77,143.3427,2.0159,2.4093,2.6754,3141333.3334,732358.1552
002899.SZ,20260521,1.9585,0.66,69.9796,2.5243,3.7807,0.2462,446494.6645,446494.6645
002687.SZ,20260521,3.0628,1.15,28.4174,1.4712,1.8415,,230179.4479,188507.4529
300909.SZ,20260521,3.158,0.82,400.0455,4.0095,5.0835,0.4981,798789.217,596365.1581
002401.SZ,20260521,1.4952,1.36,147.2492,3.1323,3.0122,0.9286,520335.816,519889.342
002021.SZ,20260521,4.7321,1.49,,5.5988,4.1727,,343101.9917,343090.6747
300345.SZ,20260521,4.5336,1.03,,9.0836,3.948,,365701.7354,302145.6029
002640.SZ,20260521,6.9249,0.58,,9.2662,1.0902,,596729.8294,592984.3479
001322.SZ,20260521,1.0567,0.94,126.523,1.4798,1.0801,1.8192,691521.5164,561712.5621
688561.SH,20260521,1.0932,1.01,,2.8697,4.5822,,2026290.5933,2026290.5933
688469.SH,20260521,4.0371,0.78,,4.7959,7.3973,,6219953.8816,4355391.6
001210.SZ,20260521,11.0484,0.64,33.5054,3.1164,3.8207,0.967,459461.1407,279226.1931
002198.SZ,20260521,2.8129,0.52,73.185,2.7585,5.2328,,201481.4097,201469.6386
300494.SZ,20260521,2.359,1.08,3190.3233,3.4066,4.2467,,493453.1365,400738.1564
300471.SZ,20260521,3.1971,1.24,,3.2187,4.556,,504010.1596,392943.729
603920.SH,20260521,7.6457,1.18,84.4064,7.0098,8.0329,1.4208,4564231.7359,4564231.7359
300139.SZ,20260521,10.8385,1.24,68.5584,10.663,18.2054,,1270538.0,1083477.8263
301662.SZ,20260521,9.7275,1.67,103.2455,7.9034,5.4554,0.6534,1224320.0,470645.6873
603666.SH,20260521,3.5054,1.2,,2.9802,12.8289,,631389.4502,631389.4502
301170.SZ,20260521,5.0141,1.4,28.1867,1.5459,2.4186,1.0757,278900.0,93641.8603
002409.SZ,20260521,13.3574,1.08,53.8455,6.6914,6.4027,0.5092,5420816.2524,3627974.0883
001287.SZ,20260521,6.7252,1.0,56.8501,3.6763,0.2448,0.4181,2035772.3599,2035772.3599
688401.SH,20260521,5.9053,1.13,49.5896,8.0322,11.0022,0.4288,1344160.1276,1344160.1276
600850.SH,20260521,5.9429,1.26,48.2784,2.9858,1.3597,1.9167,1465828.2869,1465828.2869
300629.SZ,20260521,7.7691,1.2,57.9592,3.6212,14.7156,0.3893,642386.8483,553894.9215
920375.BJ,20260521,12.1356,1.35,264.5199,1.945,2.0433,,149616.3515,89389.5909
000408.SZ,20260521,0.774,0.73,26.2188,8.021,32.7983,3.1942,12267344.4615,12267215.448
601336.SH,20260521,1.1212,1.45,5.0035,1.4944,1.2606,4.494,18464596.3254,12343715.4535
301373.SZ,20260521,16.842,1.09,93.0424,7.888,24.8654,0.5663,1340715.0448,504079.0913
002829.SZ,20260521,17.5037,2.22,,3.491,15.7418,,540512.2338,379882.6149
600688.SH,20260521,0.9171,1.31,,1.2498,0.3991,0.7168,2941390.2825,2044738.9665
300828.SZ,20260521,11.1534,0.69,121.0099,4.2051,5.449,,332011.89,168316.7834
002493.SZ,20260521,0.6593,1.15,37.4214,2.4813,0.3911,0.8318,11507837.4766,10757453.4766
300504.SZ,20260521,3.849,0.85,,2.2475,3.7534,,471040.72,379321.1609
603587.SH,20260521,0.4829,1.01,21.9116,1.6344,2.8172,3.8397,610157.4169,610157.4169
920160.BJ,20260521,3.3634,1.14,30.2186,4.5426,12.8901,,254200.32,57195.072
600793.SH,20260521,2.2589,1.5,,11.665,1.2178,,264294.579,264294.579
688133.SH,20260521,10.7729,2.53,,1.4844,1.6152,0.285,403857.2155,403857.2155
600301.SH,20260521,5.2781,1.28,40.0872,6.6719,5.8159,,3324142.1021,1446889.0037
301632.SZ,20260521,4.2985,1.37,58.2262,2.8111,6.3879,,778940.16,136340.582
002523.SZ,20260521,1.4696,1.1,43.9624,2.0404,2.434,0.4213,504324.1248,502509.1951
300432.SZ,20260521,3.8669,1.08,83.7334,8.6545,2.6781,0.2879,4241915.1604,4194620.3511
688663.SH,20260521,6.2577,1.08,180.0447,9.2832,7.0301,0.6458,1287418.86,1287418.86
300561.SZ,20260521,2.9468,1.2,,10.1725,52.7647,0.1946,590266.247,433662.5756
301380.SZ,20260521,4.1596,0.95,96.6516,4.7687,3.2144,0.6794,360247.3144,286864.292
300182.SZ,20260521,5.2618,0.96,86.3676,1.7464,5.937,0.0896,1486414.7027,1260726.8178
688025.SH,20260521,3.8698,0.83,106.1004,15.0224,15.0997,0.1102,3611878.074,3611878.074
688622.SH,20260521,1.1984,0.89,,18.3873,62.6448,,544205.2187,544205.2187
600721.SH,20260521,2.5873,1.26,110.9864,3.7238,8.2361,0.5208,295332.5837,295332.5837
600078.SH,20260521,6.5705,0.74,134.4658,5.6793,2.6542,,967842.3912,947479.1912
920351.BJ,20260521,4.285,0.85,92.9379,3.0995,0.75,0.6394,137687.4266,62310.2918
002742.SZ,20260521,1.9026,0.93,,18.8621,3.7477,,302373.1021,231590.3744
920046.BJ,20260521,10.7488,0.63,182.0632,10.8183,12.3135,0.2895,279477.45,154526.4032
688556.SH,20260521,6.8914,0.96,,2.8845,2.9905,0.8762,1123206.3588,1123206.3588
301349.SZ,20260521,10.9105,1.44,112.3079,2.5737,5.5023,0.4317,703657.4942,555604.803
002192.SZ,20260521,9.1376,0.92,41.5049,5.7486,19.8604,0.1935,2227581.9865,2222970.5596
000050.SZ,20260521,3.9123,3.66,,0.6902,0.524,,1867888.2224,1867873.6874
300040.SZ,20260521,9.1909,0.79,103.5328,1.7381,3.0538,0.7963,454247.7678,365267.4878
601106.SH,20260521,1.6635,1.18,,5.1647,2.6731,,2667677.5586,2667677.5586
002524.SZ,20260521,3.0438,1.09,,22.6717,2.4155,,208709.2875,206853.1725
688539.SH,20260521,2.0387,1.04,131.9917,3.9473,17.6775,0.5307,692737.92,692737.92
301611.SZ,20260521,11.0347,0.86,200.3037,27.1277,45.3016,0.0878,4965168.0,1669283.6509
600168.SH,20260521,0.6591,0.77,45.2558,0.8599,1.1849,0.5757,465903.4599,465903.4599
603039.SH,20260521,4.0198,1.2,36.4763,4.5059,5.1697,0.3257,1184410.7121,1184410.7121
603082.SH,20260521,48.2154,1.46,46.5621,4.1612,3.3212,1.3551,694333.884,173583.532
300586.SZ,20260521,6.4965,1.18,,4.349,4.8496,,802252.3756,603024.8159
600918.SH,20260521,0.8245,1.6,29.5289,1.0135,3.7888,0.3846,4529291.0497,2245584.6665
002632.SZ,20260521,2.1786,0.97,30.4922,3.0367,4.442,2.9098,643961.6618,592232.9596
603712.SH,20260521,1.9541,0.84,,3.171,5.569,,1212812.0,1212812.0
000811.SZ,20260521,5.5031,0.88,59.4094,5.3462,4.7822,0.3279,3492530.0292,3442974.4014
301265.SZ,20260521,5.7709,1.64,95.3215,3.6557,8.3117,0.1552,777429.185,435699.4946
300719.SZ,20260521,2.5461,1.0,,3.4648,5.3536,0.2907,349816.5584,247122.9016
600261.SH,20260521,1.2934,0.65,33.2736,1.2808,1.7139,4.1298,452582.9555,452582.9555
603070.SH,20260521,3.9227,0.88,109.279,3.0704,3.6236,0.4831,664056.0,664056.0
688017.SH,20260521,10.0389,1.26,449.0999,17.2089,100.2177,0.0298,6141559.1875,6141559.1875
920012.BJ,20260521,27.5851,0.86,47.8775,3.8204,7.2734,,316124.4058,85052.1555
300323.SZ,20260521,27.7845,1.84,,4.5828,4.6268,,3039876.7468,2224550.8732
300414.SZ,20260521,2.6602,1.13,180.3619,4.1013,7.9738,0.0794,410458.5077,394746.646
300498.SZ,20260521,0.7,0.73,43.2899,2.4017,0.9133,3.4906,9501808.3143,8495604.397
000663.SZ,20260521,1.9523,1.12,,2.3337,6.4729,,212447.5592,193276.0547
920526.BJ,20260521,12.5364,1.51,132.4559,8.8157,17.7929,0.4018,205840.3,130342.6727
001205.SZ,20260521,1.8168,1.03,25.3056,1.2632,1.8879,0.7992,278433.2339,246563.2824
600726.SH,20260521,2.28,0.5,150.7435,9.8287,2.9651,,4894641.114,4627233.1128
601008.SH,20260521,0.9982,1.16,32.2933,1.3888,2.2316,1.2903,576896.6728,576896.6728
002726.SZ,20260521,4.132,0.67,,3.1722,0.2005,,191017.0881,190872.1251
600075.SH,20260521,1.5473,1.24,,1.0617,0.895,0.3642,937580.0562,937580.0562
603101.SH,20260521,2.5837,0.91,42.8855,2.5273,1.4586,1.9271,362208.0,362208.0
603418.SH,20260521,5.0694,1.32,20.4115,2.2272,2.0347,,1030792.4225,220845.6635
002690.SZ,20260521,2.021,0.98,19.2197,5.7987,5.7789,4.422,1396568.3487,686621.5247
600073.SH,20260521,1.0388,1.54,,1.0752,0.2278,1.3011,504498.4559,504498.4559
600115.SH,20260521,1.76,1.48,93.4567,6.5945,0.6476,,9298937.1381,7167510.22
002121.SZ,20260521,3.5005,0.86,,32.5376,1.8019,,1154284.0072,973483.4021
600963.SH,20260521,1.5292,0.93,,0.9707,0.8673,0.7176,738178.4987,738178.4987
688016.SH,20260521,3.0569,1.64,20.9419,2.9219,8.8753,1.6197,1232497.9079,1232497.9079
301359.SZ,20260521,2.865,0.95,78.7691,3.302,7.9186,1.3257,271958.288,161005.7244
002228.SZ,20260521,1.8561,0.92,45.2366,1.4191,0.4119,7.5049,427111.7414,425681.2416
300608.SZ,20260521,23.0714,1.04,,4.0394,7.7723,,510440.8046,443156.0383
688580.SH,20260521,2.2047,1.03,32.8587,3.1151,11.565,1.4002,546854.0545,546854.0545
920096.BJ,20260521,48.8935,,83.9267,9.0608,14.9111,,597816.0,140356.8
000333.SZ,20260521,0.4546,0.85,14.0328,2.665,1.3491,4.9175,62021615.8604,55899372.9511
002219.SZ,20260521,1.9762,0.94,294.8514,3.6814,2.5513,,759422.7857,719811.7124
603239.SH,20260521,2.5092,1.09,29.4832,4.3773,3.9901,0.9438,602352.0,602352.0
002738.SZ,20260521,4.5505,0.94,57.2382,3.7265,7.4457,0.7588,4753909.9776,4686281.4633
002846.SZ,20260521,2.6367,0.9,152.9298,3.9456,2.3864,,562371.4786,348348.2828
600236.SH,20260521,0.3,0.57,22.8662,4.3013,7.3987,1.6299,8221320.0475,8221320.0475
300048.SZ,20260521,2.0749,1.22,295.3387,3.5838,0.9552,,657893.8144,656664.5637
603583.SH,20260521,3.4323,1.7,33.4833,2.3851,2.7899,1.0251,1122207.7081,1111956.3921
603489.SH,20260521,1.601,0.76,68.0936,3.0904,6.0691,0.274,856121.0054,856121.0054
600420.SH,20260521,0.374,0.77,17.0029,0.8779,1.3852,3.2931,1221808.3224,1221808.3224
300070.SZ,20260521,0.7629,0.78,214.7352,0.4823,1.7605,0.1099,1319212.2081,1250255.505
002528.SZ,20260521,1.3239,0.63,,,11.3583,,546595.8374,478898.7518
600593.SH,20260521,3.0295,1.26,88.6442,21.6682,8.7956,,453035.485,447322.4
000900.SZ,20260521,1.1718,1.08,15.1889,0.5346,0.9428,3.8071,598024.3636,597988.9036
688698.SH,20260521,6.6758,1.38,70.8634,7.5312,8.8926,0.4924,1802927.8482,1802927.8482
300154.SZ,20260521,4.5277,0.71,55.6059,2.7196,5.4982,1.8365,489565.6139,343203.1971
300527.SZ,20260521,0.6882,0.95,563.8863,2.7488,8.0586,0.0326,795114.4309,795114.4309
603661.SH,20260521,2.854,3.94,24.0537,1.1129,0.3359,4.2949,411221.2107,411221.2107
688202.SH,20260521,4.8027,1.04,,4.4916,6.9776,,879603.7486,879603.7486
605259.SH,20260521,0.9086,0.91,13.5352,1.674,1.2523,3.2805,315465.92,315465.92
300180.SZ,20260521,1.9787,1.34,2985.7398,1.802,2.2056,0.1044,843547.8142,820368.519
002556.SZ,20260521,1.2851,0.98,30.904,1.3977,0.3332,4.4957,511119.7632,510580.6812
688651.SH,20260521,4.7061,0.88,,3.3822,10.1134,,308758.905,132900.8745
600815.SH,20260521,3.554,1.01,,4.6981,9.153,,683026.3748,683026.3748
600229.SH,20260521,0.8033,1.12,,1.3891,1.9719,1.2048,383871.2225,383871.2225
603001.SH,20260521,2.4086,0.93,,1.4908,2.0065,1.7026,353263.38,353263.38
920706.BJ,20260521,5.1315,1.6,46.2844,3.3739,5.5285,0.9079,203568.7547,105021.1296
002006.SZ,20260521,3.3602,1.0,49.3048,3.7839,5.3209,0.824,946024.0608,946024.0608
300631.SZ,20260521,3.5321,1.09,46.3304,2.4538,4.9425,0.6762,332833.6507,323712.7256
300606.SZ,20260521,22.3066,1.97,256.5388,7.4862,9.4394,0.3231,513823.8258,437043.041
002036.SZ,20260521,6.6847,1.93,,10.2553,1.2801,,989911.7804,987917.8374
600573.SH,20260521,4.87,0.76,37.852,2.2697,4.7719,0.6452,310000.0,310000.0
001369.SZ,20260521,8.1499,1.26,31.0633,2.37,4.5327,,1673473.0,293301.8771
600756.SH,20260521,3.1703,1.04,,2.3821,4.5047,,532484.5908,493602.4008
300160.SZ,20260521,1.4417,1.68,26.3418,1.4723,2.4591,1.503,385700.1997,380317.599
002454.SZ,20260521,2.6687,0.75,26.5538,1.4681,1.0678,2.6135,599038.2648,597867.6148
603009.SH,20260521,7.9873,3.14,156.3794,9.4064,8.1724,,1933894.3371,1889337.2795
301536.SZ,20260521,5.2219,1.13,77.4169,11.4642,11.1983,,3695912.2932,1640561.7482
600880.SH,20260521,2.2163,0.87,,1.7044,14.3913,0.2137,511679.4191,511538.1219
300393.SZ,20260521,4.5524,0.88,,6.2815,3.3564,,1112509.5325,975979.0561
002977.SZ,20260521,3.7393,1.25,,3.9304,,0.6468,334293.96,185479.0741
603368.SH,20260521,0.7345,0.89,9.7501,0.8153,0.3051,4.6583,640304.7043,640304.7043
600548.SH,20260521,0.0835,0.54,18.9592,0.9535,2.4193,2.7664,2238389.104,1512123.717
603890.SH,20260521,17.9111,2.24,30.5557,2.8266,2.014,0.6913,932935.9413,932935.9413
002745.SZ,20260521,6.7657,1.42,,1.2113,0.7863,0.5165,1436673.0742,1030038.1559
002730.SZ,20260521,5.2131,1.16,162.0653,6.7093,9.6781,0.4253,1106878.1932,1057813.3432
601126.SH,20260521,3.5467,0.8,79.2874,13.1606,7.9828,0.8818,6803972.6185,6738472.4618
603421.SH,20260521,3.1051,1.46,,2.0676,3.38,,497621.3599,497621.3599
600773.SH,20260521,3.1913,0.86,,4.4894,42.4035,0.05,1903173.73,1903173.73
600732.SH,20260521,2.0278,0.78,,5.559,1.6562,,2635976.1541,2613828.5752
002106.SZ,20260521,3.4887,1.94,37.1894,1.3571,1.2779,0.9259,762281.4528,761294.6633
002282.SZ,20260521,1.0781,1.05,25.3407,0.9413,2.0288,2.3585,335069.1893,321182.9816
300581.SZ,20260521,1.7066,1.09,,7.0837,46.7279,,648579.1547,648579.1547
688795.SH,20260521,13.0697,1.01,,28.2498,166.5202,,32542403.604,2034289.4947
000001.SZ,20260521,0.5721,1.33,4.8222,0.4474,1.5611,5.5889,20764332.4719,20763992.6987
600130.SH,20260521,15.0002,0.7,718.5778,4.5281,8.2863,,411750.0,411750.0
003031.SZ,20260521,4.8692,1.02,109.325,10.4729,20.5793,0.2737,6921406.1214,5219704.5001
688261.SH,20260521,6.5954,1.02,216.6405,3.2307,7.6218,0.0507,952407.5558,948690.4965
600657.SH,20260521,0.9393,0.8,,0.5118,1.7615,,792822.2494,792822.2494
601006.SH,20260521,0.625,0.96,19.0773,0.6557,1.39,4.0665,10899623.1444,10899623.1444
002394.SZ,20260521,2.1408,1.2,15.5838,0.8692,0.9884,0.8584,377110.5,376436.3215
002996.SZ,20260521,2.8488,1.04,20.165,1.41,0.2858,0.7081,466597.4747,290166.9952
600797.SH,20260521,2.7546,1.06,,2.6973,2.6234,,892920.4155,892920.4155
601187.SH,20260521,0.4543,0.9,7.1914,0.7075,3.1298,4.104,1929202.4861,1925000.8473
601200.SH,20260521,0.7454,0.98,17.0495,0.8702,1.663,1.3089,1028519.9118,1028519.9118
688089.SH,20260521,1.7102,0.84,43.3271,1.5046,5.7152,1.4085,238998.9504,238998.9504
601916.SH,20260521,0.456,1.19,6.3084,0.4458,1.3074,5.2349,8184461.517,6420241.917
001366.SZ,20260521,4.2267,1.36,,2.997,1.6994,,241180.68,241180.68
920118.BJ,20260521,2.4409,0.85,31.9751,1.8434,0.6559,4.6869,108593.1,65812.11
002863.SZ,20260521,1.8905,0.9,48.9992,1.1102,0.5624,0.325,313529.8987,313529.8987
300854.SZ,20260521,7.8215,1.34,,4.167,7.8838,0.318,381261.9375,310113.1403
300159.SZ,20260521,2.544,0.88,94.9451,4.8173,20.2767,,1345782.2017,753520.006
688153.SH,20260521,1.7195,1.06,1007.5032,3.4517,5.9807,,1372698.4955,1305474.3049
002872.SZ,20260521,2.3191,1.41,,0.8583,3.1409,,166632.0,112617.1022
688030.SH,20260521,1.8242,1.03,,4.5107,3.2855,,306941.6832,306941.6832
603356.SH,20260521,3.3625,1.14,,8.22,2.6618,,248279.08,248279.08
600685.SH,20260521,1.9635,1.0,34.6785,2.3201,1.8727,0.5012,4230624.5894,2458555.4967
002972.SZ,20260521,3.8805,1.23,33.1712,2.5054,7.867,2.3886,307511.0,168307.8938
002170.SZ,20260521,2.279,0.98,11.3835,3.303,2.1901,6.1307,1154718.5313,936684.1348
002259.SZ,20260521,3.8586,1.08,19.5523,8.4233,3.9395,,385944.401,385944.401
002957.SZ,20260521,8.9875,0.93,59.255,5.339,6.5091,0.4017,1767286.2169,1761799.8097
600519.SH,20260521,0.3104,0.77,19.848,6.0604,9.5368,3.9393,164172625.1865,164172625.1865
688276.SH,20260521,0.4812,1.08,,1.8169,11.8391,1.0006,698667.683,698667.683
688717.SH,20260521,6.1662,0.88,139.5988,4.4599,4.1737,0.7587,1976960.0,1223834.7156
603208.SH,20260521,1.317,1.03,,2.3232,1.6234,1.419,235502.1765,235502.1765
601998.SH,20260521,0.1619,1.51,6.1579,0.5903,2.0361,4.5711,43848387.864,32121243.4382
603389.SH,20260521,0.745,0.83,,82.7246,26.2831,,1658753.376,1658753.376
920438.BJ,20260521,11.3945,1.65,321.9968,10.5789,18.0021,0.1357,1040728.15,997225.0337
300476.SZ,20260521,5.4639,1.02,69.5964,9.1222,15.888,0.6018,32569488.7028,28672560.4773
601018.SH,20260521,0.2977,0.93,13.6384,0.8593,2.1903,0.8287,7042488.6004,7042488.6004
603257.SH,20260521,6.8676,0.98,36.7961,2.852,3.6748,0.8195,732120.0,151914.9
000785.SZ,20260521,0.6082,0.9,,0.7688,1.4192,,1469583.5201,1369857.7242
600512.SH,20260521,1.4465,0.88,301.8987,0.5743,0.7187,0.8969,355419.8483,353991.3513
601777.SH,20260521,2.5576,1.53,494.8863,5.3912,5.2864,,5579037.4876,5579037.4876
300398.SZ,20260521,13.7279,1.29,51.8614,4.1325,6.1338,0.2856,2084095.1502,2072713.4859
603937.SH,20260521,5.3636,0.87,1332.6273,2.006,1.4851,,310411.3157,310411.3157
688790.SH,20260521,14.5942,1.11,,5.4682,7.7547,,1486008.1018,180021.028
688098.SH,20260521,0.7058,1.28,,2.3975,12.2232,,332621.64,332621.64
605366.SH,20260521,4.7952,0.87,,3.4245,6.4319,,916547.7637,916547.7637
603919.SH,20260521,3.6658,1.88,31.2331,2.8723,3.4991,3.4246,1015534.514,1015534.514
003002.SZ,20260521,0.887,0.7,30.0719,3.1893,3.7798,0.6035,495000.0,452547.0056
002620.SZ,20260521,0.4683,0.15,,,9.3441,,318227.442,266448.7213
601921.SH,20260521,0.3568,1.15,12.9824,1.1223,1.5751,5.457,1628888.8895,1628888.8895
600753.SH,20260521,1.897,1.41,53.9515,36.9661,1.4868,,324733.1168,324733.1168
002886.SZ,20260521,7.8916,0.68,98.8327,3.8448,3.3272,0.2802,704595.9435,559702.245
000651.SZ,20260521,0.656,0.9,7.4594,1.4318,1.2662,7.6976,21767062.7095,21458528.816
300607.SZ,20260521,15.5823,1.37,136.2651,5.5147,5.992,,1609304.9181,1138722.8406
300922.SZ,20260521,14.0056,3.74,101.9778,3.3724,17.1044,,340041.9313,266810.0159
688367.SH,20260521,3.7477,1.17,378.335,5.1627,16.8344,0.3137,307211.8476,307211.8476
601086.SH,20260521,1.5926,0.63,57.2365,3.396,6.6656,0.9544,553446.0,553446.0
920261.BJ,20260521,0.8123,0.77,21.2611,2.4984,0.5154,2.0456,414573.0332,243789.512
600992.SH,20260521,5.7498,0.81,,2.073,1.4349,,296313.81,296313.81
600995.SH,20260521,0.8513,0.97,25.5019,1.9524,5.8795,0.8402,4509564.1909,4509564.1909
300691.SZ,20260521,6.1971,0.83,163.8905,2.9274,2.2894,,481597.2911,395121.2348
601088.SH,20260521,0.1532,0.71,19.0367,1.9599,3.3195,6.4468,98166379.6599,74638437.7843
603337.SH,20260521,1.7715,1.68,22.6415,3.6529,2.8791,1.16,1962816.1669,1951749.0229
688593.SH,20260521,11.9018,2.0,1498.6674,11.8312,29.9571,,1839036.7068,1291372.2554
002217.SZ,20260521,8.596,0.95,1045.0936,10.8706,11.8582,,2034396.5084,1979975.6904
002927.SZ,20260521,8.5326,0.81,,4.7786,5.6974,0.2319,481202.3401,475852.1894
001213.SZ,20260521,0.2433,1.14,45.7925,0.8909,1.466,2.0984,1715555.5554,1715555.5554
688009.SH,20260521,0.3792,0.85,14.1152,1.0748,1.4997,3.4979,5146652.034,4189814.748
688299.SH,20260521,7.3188,2.12,,2.7597,5.0734,,541160.8194,541160.8194
300046.SZ,20260521,6.8349,1.09,169.4111,6.7291,20.5919,0.2446,773457.5832,773457.5832
603259.SH,20260521,2.3583,1.55,15.4493,3.6926,6.4472,0.3358,31099700.8266,25779000.0041
301272.SZ,20260521,3.3485,0.94,70.9651,2.5732,4.4594,1.5038,263026.3408,140847.0912
600916.SH,20260521,1.782,1.08,44.5617,1.859,0.183,4.3317,1357440.0,1357440.0
300913.SZ,20260521,3.6584,1.32,70.6713,6.5985,8.0019,0.1782,1747840.9309,1304241.9174
603611.SH,20260521,1.0388,0.81,12.3876,1.5606,0.7072,4.5445,472182.2499,472182.2499
603703.SH,20260521,2.9903,1.02,,6.8841,5.8753,,568940.4865,568940.4865
688221.SH,20260521,4.5215,1.12,2380.1734,7.4356,21.0121,,824073.0366,824073.0366
603037.SH,20260521,10.045,1.53,55.6632,3.955,4.7428,1.7057,392908.1536,391765.6461
600509.SH,20260521,7.9705,0.69,55.425,1.6021,1.4997,0.6071,1245204.0507,1245204.0507
002696.SZ,20260521,2.2655,1.02,127.9502,1.5888,0.5106,,215750.6408,208577.5648
300679.SZ,20260521,8.4845,1.07,92.7077,4.3258,4.0067,0.9232,2164457.9,1831353.6528
301599.SZ,20260521,53.197,1.27,121.6876,14.581,13.4477,,3070834.0,389194.3136
002512.SZ,20260521,5.5599,0.96,,18.2314,2.6908,,542388.9829,538470.2767
300824.SZ,20260521,1.394,1.16,26.0662,3.9411,2.9889,2.2039,294360.1972,285492.2969
603883.SH,20260521,1.0356,0.96,23.6657,1.3751,0.4196,1.7867,934952.7708,934952.7708
003015.SZ,20260521,5.1615,1.76,44.7864,3.5271,5.9238,1.4203,388996.2671,342298.146
600029.SH,20260521,1.0411,1.31,31.5428,2.6257,0.5214,,9730959.7623,7237133.2079
600579.SH,20260521,1.4218,1.26,,2.2276,2.1856,,338116.5199,338116.5199
300798.SZ,20260521,8.744,1.2,,2.3349,3.4297,0.1093,429042.4044,352962.1198
002813.SZ,20260521,4.2436,1.97,,14.5647,8.402,,300720.0,300359.324
301316.SZ,20260521,23.0241,2.67,179.6779,16.4188,7.7304,0.1776,1820020.0,1093933.396
002566.SZ,20260521,2.6106,1.19,75.8717,1.1235,3.828,1.3106,252516.0708,176856.1271
603310.SH,20260521,4.5282,0.73,32.6647,1.4201,5.3384,1.7932,577753.82,324578.73
002700.SZ,20260521,2.6612,1.19,36.8031,2.0292,4.2408,0.9621,283748.9349,147343.0924
600676.SH,20260521,4.4273,1.7,,1.5592,1.7963,,743600.3985,743600.3985
301005.SZ,20260521,4.8479,0.86,1482.1814,27.5104,24.6127,0.0309,2150592.8742,2120331.2681
688072.SH,20260521,5.3468,1.66,104.2224,23.6461,24.7541,0.0439,17136850.3874,17136850.3874
000959.SZ,20260521,0.4805,0.87,33.9006,0.5677,0.2813,0.5993,2853827.9922,2742191.5247
301055.SZ,20260521,4.0322,0.6,84.286,8.5695,5.6014,0.3026,600444.0,600444.0
301522.SZ,20260521,2.6622,1.35,115.223,6.0507,4.8309,,1173983.0677,873602.4102
002258.SZ,20260521,3.8744,1.81,21.4099,1.1787,1.022,1.6964,943715.4918,942196.0756
600027.SH,20260521,1.3113,0.61,10.0479,1.1915,0.4585,4.1079,5956840.1564,4727642.4688
688165.SH,20260521,4.1841,1.33,,8.7633,10.7646,,1059213.4,1059213.4
301617.SZ,20260521,5.6535,0.74,50.2109,4.9142,5.6978,0.658,874941.08,347252.88
603987.SH,20260521,1.0377,0.99,14.4094,1.1829,1.4725,1.9455,336765.7685,336765.7685
603194.SH,20260521,1.218,1.19,16.8677,2.5954,1.9222,2.4636,1432372.0,564472.1332
600433.SH,20260521,4.4913,0.84,,1.6859,1.0164,1.4118,743868.674,743868.674
600249.SH,20260521,2.2524,0.93,,1.401,2.8785,0.5505,299750.0,299750.0
688269.SH,20260521,2.1857,1.11,38.4007,4.7266,2.409,0.7536,520332.624,520332.624
002895.SZ,20260521,1.1571,0.94,15.7009,2.7918,2.261,5.571,1957683.5235,1922320.5516
600831.SH,20260521,6.0508,0.94,,8.0245,2.7986,,284378.7968,284378.7968
300061.SZ,20260521,7.5624,1.04,,14.9793,16.4787,,694579.3356,655766.8691
000582.SZ,20260521,2.5725,1.03,29.5123,1.5486,4.1076,0.9529,3161458.1069,2709001.3681
300784.SZ,20260521,5.1191,0.63,61.8666,3.5543,5.4896,0.3881,289792.3528,86647.8238
920239.BJ,20260521,1.0632,1.15,20.0938,4.4997,1.0976,1.2558,517819.0362,511578.6631
920002.BJ,20260521,5.5838,0.98,72.0206,5.7557,11.8172,0.375,428182.9289,299756.5757
300952.SZ,20260521,10.249,1.76,77.8636,3.7315,5.2067,0.5881,633048.3421,389274.9511
603828.SH,20260521,0.6716,0.72,,6.7969,2.6903,,348040.7323,348028.741
002020.SZ,20260521,1.2197,1.03,16.022,1.9979,3.0163,2.3397,1217495.204,1023691.2257
301032.SZ,20260521,3.3392,1.15,27.4715,2.4201,1.323,0.7819,308409.6186,204477.2792
300493.SZ,20260521,5.0744,1.41,142.4177,7.2987,2.92,0.2121,845659.7276,835908.6401
688327.SH,20260521,5.8897,1.2,,19.2804,29.8163,,1450852.2824,1164317.1329
600909.SH,20260521,9.1546,1.9,17.7351,1.356,7.7609,1.831,3577237.0059,3577237.0059
300357.SZ,20260521,1.6679,1.15,29.0299,4.5138,11.3748,0.9318,1236181.824,1142521.438
605277.SH,20260521,3.2402,1.76,32.5936,4.0678,1.7571,0.6853,709857.3772,697033.3096
301079.SZ,20260521,8.3461,0.93,531.2892,8.9815,15.5702,0.0508,430500.1888,304040.8442
688809.SH,20260521,15.8872,1.15,127.4582,15.0291,51.9002,,6282330.457,1180877.4064
002333.SZ,20260521,1.0524,1.07,70.0049,1.8058,2.4446,,348936.1216,344585.3924
605337.SH,20260521,0.7874,1.04,21.2224,2.3329,3.0561,7.3311,389712.2247,389712.2247
603120.SH,20260521,10.4986,0.66,55.7901,3.945,7.4413,0.7694,469989.6,197042.1
301510.SZ,20260521,6.1453,1.14,204.8135,10.8995,26.2934,0.0986,1581639.54,1103795.714
002381.SZ,20260521,2.2554,1.28,44.5893,1.1704,0.9726,,252708.8429,196723.5892
300134.SZ,20260521,1.9149,1.23,,2.2969,3.328,,839642.8186,839642.8186
600805.SH,20260521,1.1896,0.82,115.3027,0.9668,1.5851,1.6495,412683.8296,412383.5535
600396.SH,20260521,14.6091,0.75,516.8062,13.6537,4.7077,,2095661.8006,2095661.8006
688439.SH,20260521,2.4553,1.6,75.0621,2.0426,14.2398,0.3181,1024800.0,1024800.0
603085.SH,20260521,3.4347,1.08,63.8277,5.8775,1.7444,,568647.2,568647.2
603327.SH,20260521,2.7093,1.15,74.4691,4.3427,3.8106,1.7583,1087277.7344,1087277.7344
003028.SZ,20260521,3.2582,1.16,82.3756,2.3579,2.9074,1.2449,405914.355,197859.6426
002882.SZ,20260521,1.7616,1.01,136.7519,4.9896,2.2905,1.226,1059306.3,603876.8999
300956.SZ,20260521,2.2814,1.43,729.2615,2.3596,1.4052,0.6892,312585.5347,305366.4266
002729.SZ,20260521,9.0057,0.83,91.2818,6.526,8.7868,0.1385,369782.2083,354606.8164
001212.SZ,20260521,6.0156,1.08,,5.7509,26.0623,0.115,1104273.1339,955298.7384
301607.SZ,20260521,7.6531,1.06,33.6138,4.9974,1.9742,0.0218,915276.0987,593395.4723
603856.SH,20260521,1.6555,1.12,13.6784,1.2292,1.5576,1.7816,343544.2811,343544.2811
920857.BJ,20260521,2.1437,1.53,,3.5672,3.157,0.6086,121593.7507,121593.7507
300592.SZ,20260521,3.3857,0.91,22.0769,2.1508,0.5877,0.3887,515156.5115,444459.0729
301050.SZ,20260521,3.2834,1.4,223.8803,2.9967,16.1228,0.9242,917404.3666,781180.5296
301581.SZ,20260521,2.6656,1.32,93.5521,3.7617,4.3922,1.4629,382800.0,202379.1825
601991.SH,20260521,7.781,0.75,16.2252,3.543,1.0754,1.661,13047230.9053,8739242.8197
000049.SZ,20260521,3.274,1.08,31.4107,1.4944,0.4411,1.2491,1016215.0068,1015941.1054
002858.SZ,20260521,5.2869,0.89,,3.1198,5.3161,,262469.9119,207261.8527
688249.SH,20260521,7.1063,1.03,126.3434,3.5699,6.9686,0.2484,7825592.4349,4718062.4328
301180.SZ,20260521,3.9389,1.52,,4.881,4.4208,,638815.97,262128.3892
920166.BJ,20260521,2.5059,0.76,21.9456,3.0303,5.319,,188912.9421,59625.6499
601857.SH,20260521,0.1294,1.24,13.0098,1.2719,0.7256,4.163,206630683.9565,182810025.8565
920204.BJ,20260521,2.2919,1.24,57.7623,2.8182,4.1904,0.4005,141243.1199,74886.133
920260.BJ,20260521,0.8638,0.9,29.1036,2.0871,3.1226,2.1954,94334.05,90078.595
002807.SZ,20260521,0.7257,0.75,5.3093,0.5476,2.5915,2.2523,1092858.3983,1091127.4483
300966.SZ,20260521,9.7372,1.76,,3.698,4.8778,,306763.0417,204010.0062
920266.BJ,20260521,0.7853,0.88,,1.0672,2.1465,,93496.0053,89341.8046
000776.SZ,20260521,1.4357,1.91,9.6587,1.0967,3.7856,2.588,15117601.5273,11406623.2689
000727.SZ,20260521,6.4379,2.13,,7.1365,0.2356,,1286397.0223,1286397.0223
300460.SZ,20260521,3.2747,1.0,,6.0372,4.9736,,277434.6,277434.6
002739.SZ,20260521,1.6384,0.82,,2.5813,1.7978,,1966065.9771,1955018.4891
600470.SH,20260521,3.8664,0.84,,1.9476,0.4682,,296790.4,296790.4
002311.SZ,20260521,0.5921,0.72,19.113,3.0396,0.5632,2.9126,7425609.1194,7420064.1453
920077.BJ,20260521,2.5043,0.83,49.5857,3.6421,3.5632,,973201.089,502353.3463
920527.BJ,20260521,1.0187,0.59,49.1881,2.4402,2.6624,0.9136,97269.174,75422.8211
301608.SZ,20260521,4.3561,1.66,33.6532,3.8444,4.7118,1.0122,839724.7683,376853.7335
300212.SZ,20260521,6.6141,0.91,,,15.393,,572314.4755,555316.8206
600489.SH,20260521,1.1788,0.88,17.5953,3.3668,1.2721,1.7032,11042178.0208,11042178.0208
600886.SH,20260521,0.4912,0.66,14.3007,1.5402,2.0284,3.4375,10629968.3799,9899150.7704
601628.SH,20260521,0.1867,1.57,6.6474,1.6087,1.6073,2.0206,96241320.525,70904119.65
688316.SH,20260521,14.0707,1.44,,62.589,14.5418,,332604.6078,332604.6078
002069.SZ,20260521,1.4563,0.98,,91.6936,2.124,,251733.7167,251416.5327
300258.SZ,20260521,13.2052,2.33,91.2513,1.7708,4.2211,0.4936,833107.274,811526.5469
603758.SH,20260521,1.9144,1.1,39.8498,2.1513,3.9273,,558149.8463,558149.8463
600838.SH,20260521,1.8302,0.98,78.9451,2.192,35.2541,0.3791,338344.392,338344.392
600203.SH,20260521,3.6375,1.21,185.8165,4.3018,0.4482,0.1671,709806.7342,709806.7342
600007.SH,20260521,0.1639,0.53,17.6397,2.0992,5.6721,5.2506,2110256.9087,2110256.9087
920111.BJ,20260521,8.5355,0.99,24.2738,4.4527,3.0054,0.6796,456619.6935,221572.9519
002537.SZ,20260521,2.0527,0.96,26.4161,1.816,1.2169,,797157.3699,793886.6269
920491.BJ,20260521,3.8893,1.28,42.538,3.436,5.3483,1.182,358221.3908,293301.9294
600496.SH,20260521,2.1752,0.68,12.8435,0.8685,0.3892,1.9608,811971.0706,811971.0706
603885.SH,20260521,1.9127,1.99,22.1062,2.4253,1.1027,0.8616,2509422.0529,2509422.0529
603028.SH,20260521,2.7666,0.79,,5.569,1.586,,258623.04,256055.19
688366.SH,20260521,0.3701,1.11,34.0865,1.4669,3.2915,2.8459,798493.6674,673748.0406
002845.SZ,20260521,10.1398,1.52,125.6081,2.0738,0.504,0.2497,507050.0393,387362.7753
300699.SZ,20260521,3.8249,1.52,48.5404,4.7666,9.4323,,2766739.456,2733655.4719
000518.SZ,20260521,17.9104,5.53,,11.9417,10.1145,,386083.5833,386075.8849
600369.SH,20260521,0.9801,1.53,23.8763,1.0117,7.9519,2.0988,2691269.1952,2691269.1952
603017.SH,20260521,4.9685,1.05,76.6664,2.4974,3.215,1.4627,372856.8956,372856.8956
300441.SZ,20260521,0.805,0.91,25.2902,1.6767,2.445,,422736.8094,410612.744
920808.BJ,20260521,2.0648,1.17,783.5586,22.7568,16.6383,,1620000.0081,1576034.6499
002005.SZ,20260521,0.9933,1.28,118.181,15.1242,7.7554,,502945.9342,502816.612
300982.SZ,20260521,4.0027,0.97,,1.5247,4.0925,2.7927,434419.8415,406990.1095
003005.SZ,20260521,3.6547,1.17,,2.0622,7.6018,1.4241,371378.8491,203800.0206
920505.BJ,20260521,2.8195,0.83,161.7034,7.1013,13.5759,0.2756,235106.4525,130683.6505
002551.SZ,20260521,2.6589,1.33,,1.1163,2.6208,0.2444,276476.727,199856.6222
300836.SZ,20260521,5.2641,0.85,72.2435,10.995,6.9347,0.2712,704410.636,482237.0012
920792.BJ,20260521,0.6795,0.68,21.9917,1.6597,2.0163,0.9346,177127.8,108740.1817
603061.SH,20260521,6.2908,1.55,117.8048,16.3149,32.2113,0.0829,2749200.0,2749200.0
300547.SZ,20260521,10.3135,1.05,44.9131,6.3937,5.967,0.6766,885194.0961,727330.4994
300998.SZ,20260521,4.6292,2.04,152.0972,2.7701,2.8253,,356914.3365,280184.8692
000906.SZ,20260521,1.7598,0.86,20.1838,0.8858,0.0182,3.2312,438571.8446,433366.1742
002743.SZ,20260521,2.4762,1.14,,0.938,1.9656,,217634.239,217285.489
301215.SZ,20260521,1.1881,1.55,34.9395,2.7101,12.7655,1.4793,804931.2,804019.2
002694.SZ,20260521,1.1529,0.92,,,2.0731,,190771.2,179699.3813
002624.SZ,20260521,3.5287,0.93,52.1366,3.8432,4.77,1.579,2770274.8809,2610002.7825
002635.SZ,20260521,12.688,1.17,100.0196,2.0022,2.3853,0.8611,1149174.3638,689018.6759
300211.SZ,20260521,1.9527,1.55,,5.9804,13.7987,,263507.0698,258783.7414
600641.SH,20260521,9.7823,1.17,,3.0453,11.5025,0.1561,2524344.5427,2481059.3667
600480.SH,20260521,3.6655,0.89,18.2232,1.7081,0.7024,2.8691,1409228.1126,1398468.184
002330.SZ,20260521,1.592,0.82,686.7474,1.1855,0.8566,,272550.2594,272479.0025
300193.SZ,20260521,1.8448,0.87,22.1083,1.6341,2.9824,2.439,390524.8401,343888.238
600123.SH,20260521,1.9285,0.94,,0.6112,1.105,2.3923,923721.4932,923721.4932
002559.SZ,20260521,7.9519,0.82,57.8429,3.3965,2.5919,0.6917,589348.1057,540293.3696
605116.SH,20260521,1.2239,1.81,22.1806,3.2351,5.1835,1.3444,873293.9531,873293.9531
600055.SH,20260521,1.5929,1.36,,2.2159,7.131,,984285.4812,984285.4812
301586.SZ,20260521,2.1664,1.14,67.2887,2.5986,5.186,0.4926,336880.5422,214818.9442
600076.SH,20260521,10.1082,1.19,,1.5448,15.5256,,549918.2371,549918.2371
688558.SH,20260521,2.3208,0.73,32.5343,3.0312,4.086,1.4761,532488.0,532488.0
603211.SH,20260521,3.9746,0.79,128.381,6.4091,6.0849,0.2031,802920.832,802920.832
300923.SZ,20260521,2.444,1.2,64.8645,1.7961,4.5237,1.7086,205696.2,199746.7776
688600.SH,20260521,1.4373,0.75,49.9541,4.5241,4.8289,0.3448,363443.506,363443.506
300501.SZ,20260521,7.5427,0.96,,3.168,3.5777,3.6242,405868.5535,208162.2574
002211.SZ,20260521,2.5948,1.02,,33.6854,3.1706,,162610.8929,162610.8929
688018.SH,20260521,5.9368,1.3,55.1232,6.5693,11.2052,0.2243,2975428.5469,2975428.5469
002146.SZ,20260521,2.6769,1.3,,1.0461,0.2324,,530475.9898,477205.6048
603301.SH,20260521,1.2217,0.82,89.9998,4.1802,5.4771,0.7285,2376205.4061,2376205.4061
600724.SH,20260521,0.7424,0.83,57.6693,3.7839,7.4383,2.8378,1069478.3925,1069257.5714
002132.SZ,20260521,8.1198,0.76,106.09,2.0936,1.4086,0.8973,740015.6005,738770.425
300588.SZ,20260521,2.4789,0.96,,15.2022,18.5405,,389452.075,359656.009
688272.SH,20260521,3.2981,0.7,,7.065,13.4139,,281580.0,281580.0
601016.SH,20260521,5.7512,0.53,59.1479,1.6537,6.8333,2.3959,2944992.9303,2717189.2868
301077.SZ,20260521,4.6878,0.92,37.8423,4.2169,5.9976,2.1067,484384.824,271706.6874
600522.SH,20260521,9.0403,0.89,44.7774,3.762,2.5588,0.712,14300259.0419,14300259.0419
600822.SH,20260521,0.7996,1.12,161.8337,3.6892,2.9211,,457782.9996,365644.5191
300671.SZ,20260521,9.508,1.26,,6.9342,11.5497,,1100290.7062,1097094.0668
920981.BJ,20260521,13.9474,0.93,216.6208,5.345,4.2937,0.419,273755.44,133568.4324
603162.SH,20260521,6.7952,1.48,27.4752,3.6341,3.3528,0.5557,1669826.4426,502959.2618
688298.SH,20260521,1.0357,0.84,,0.7457,4.3441,,439488.0,439488.0
688807.SH,20260521,17.3875,0.8,390.6393,20.1099,71.3492,,3615840.0,679581.5799
300448.SZ,20260521,4.3886,1.0,,4.2503,21.5948,0.4258,517535.5654,491563.8713
688247.SH,20260521,0.636,2.05,93.1517,3.1008,9.388,0.6861,405739.3,405739.3
300518.SZ,20260521,7.6619,1.18,,9.6253,47.5582,,636322.339,636197.6507
300626.SZ,20260521,5.1482,0.85,355.2475,9.8696,6.4249,,525240.0,524952.65
601577.SH,20260521,0.3792,0.79,4.5085,0.5031,1.4357,6.7172,3711894.1149,3711090.9859
300987.SZ,20260521,4.4573,1.58,133.1656,3.3311,8.8668,0.8065,268720.4,268720.4
688711.SH,20260521,8.3065,0.82,409.6996,6.6003,5.1067,,694043.3408,694043.3408
002597.SZ,20260521,1.4062,0.56,59.1058,1.5247,2.3187,0.9461,1188356.8649,1186113.0985
688584.SH,20260521,15.5009,2.29,151.6636,4.326,13.7286,0.7393,1800135.4969,923477.6187
688310.SH,20260521,2.4543,1.27,46.7146,3.3632,5.9246,,264891.2552,264891.2552
603395.SH,20260521,3.6893,1.02,127.6818,4.5547,1.8769,0.4617,649740.0,162435.0
600423.SH,20260521,2.2481,1.46,,4.111,16.6544,,218043.7421,218043.7421
600525.SH,20260521,1.0935,1.02,,2.5577,0.8776,,718735.1828,718735.1828
000738.SZ,20260521,1.9273,1.07,88.2746,2.2022,5.3631,0.8156,2773723.0581,2773723.0581
002348.SZ,20260521,5.4717,1.32,,31.6893,37.7204,,1260723.2,1202602.4217
000729.SZ,20260521,1.4997,1.06,19.6979,2.225,2.2453,2.3331,3503444.4009,3119441.0871
600717.SH,20260521,0.851,0.84,11.9475,0.6186,1.0191,2.3799,1264678.4536,1264678.4536
600409.SH,20260521,2.798,1.12,829.4066,1.025,0.7602,1.0673,1412015.0224,1412015.0224
002200.SZ,20260521,0.7236,0.82,,2.6189,5.9384,,340599.8137,147773.1074
600935.SH,20260521,0.7086,0.55,,1.4767,1.9169,,877116.0857,855806.0421
002940.SZ,20260521,11.1076,0.62,72.4026,5.5945,6.4877,0.4792,920889.1691,845779.4985
601666.SH,20260521,1.1409,0.8,89.2911,0.8084,0.8304,7.9104,1782880.7466,1782880.7466
000070.SZ,20260521,14.757,1.15,,19.3627,3.5055,,1562238.9153,1541251.9468
600375.SH,20260521,1.4821,0.92,117.3704,2.1761,1.0205,,739015.9002,674298.1354
002885.SZ,20260521,18.5582,1.33,136.6589,8.5748,3.896,0.0448,1322887.5547,1158520.1935
688718.SH,20260521,2.1555,1.14,58.7198,3.6614,6.9957,0.6788,295382.4613,295382.4613
002513.SZ,20260521,2.9717,1.07,,57.7125,0.9442,,231365.8904,178049.442
002671.SZ,20260521,2.7104,1.2,46.143,1.542,1.7036,,252888.6294,247710.6725
688508.SH,20260521,6.7377,1.02,74.5611,4.2612,10.4422,0.4356,1185162.0967,1185162.0967
603214.SH,20260521,2.0417,1.12,25.7708,1.861,0.5632,2.471,214737.0558,214737.0558
603049.SH,20260521,3.0015,1.24,9.81,1.6181,0.9088,2.749,4135442.3929,413544.2402
600186.SH,20260521,15.5211,0.99,54.4559,10.1416,5.2103,,1914672.6366,1910799.6948
920057.BJ,20260521,0.9821,1.01,84.9111,1.4459,0.6326,,103863.8692,65935.4991
603619.SH,20260521,3.881,0.99,42.3408,3.0208,3.5126,1.738,1318589.2908,1318589.2908
002092.SZ,20260521,3.0457,1.41,,0.6104,0.4469,,1305369.8366,1298074.928
603912.SH,20260521,7.669,1.41,,3.2653,7.5342,0.7714,561920.4863,561920.4863
601798.SH,20260521,1.8931,1.22,54.5592,2.2957,3.029,,297094.6299,297094.6299
301631.SZ,20260521,7.4283,0.89,39.0819,4.4553,2.1571,0.6596,1187932.4671,404649.8106
920175.BJ,20260521,1.4984,0.7,,1.7552,5.1351,,113645.0,75708.4463
600985.SH,20260521,0.5488,0.85,26.8201,0.8335,0.8596,5.7692,3501236.3217,3501236.3217
605377.SH,20260521,1.5521,0.91,19.801,1.2728,1.6412,6.663,505456.6033,505456.6033
002857.SZ,20260521,3.3197,1.57,,5.9433,8.7384,0.069,277205.348,272857.6883
920475.BJ,20260521,3.9732,0.78,,4.2232,6.2703,0.3392,148962.44,82836.4799
920522.BJ,20260521,3.1415,1.11,159.2755,6.8081,6.9882,0.4533,740960.6534,614591.7771
688176.SH,20260521,3.1981,1.66,,4.8092,24.5691,,705395.5502,538072.147
600371.SH,20260521,1.8952,0.93,,4.3297,13.6074,1.8892,232306.932,232306.932
300673.SZ,20260521,2.2341,1.12,35.8138,2.0679,2.4717,2.3307,363539.6069,235837.1421
000069.SZ,20260521,0.7876,1.1,,0.4611,0.524,,1575400.5784,1352125.9491
300132.SZ,20260521,2.7276,0.94,23.5566,2.7702,1.7894,,408098.8999,401384.2144
300214.SZ,20260521,5.3395,1.05,,1.5746,1.0127,,377036.02,377036.02
920185.BJ,20260521,0.7517,1.19,37.3468,2.4903,1.793,1.3934,3209696.9224,3156876.4019
600807.SH,20260521,3.3996,1.31,,8.348,7.79,,246813.0899,219578.1515
300715.SZ,20260521,16.9995,1.36,276.2846,4.4499,3.1651,,781062.5184,646572.5874
000863.SZ,20260521,3.0122,0.85,,1.4567,8.7333,,634035.6637,624646.8674
600155.SH,20260521,2.2046,1.83,52.2949,0.6605,4.0128,,1321484.8588,1321484.8588
002982.SZ,20260521,2.7971,0.67,194.0783,1.6802,0.6023,0.5319,272889.6562,174712.5461
688739.SH,20260521,0.5798,1.27,162.7102,1.0032,7.1884,3.5098,938261.85,938261.85
000572.SZ,20260521,2.8043,1.07,,5.0528,4.471,,796004.0302,794850.4844
601949.SH,20260521,0.5032,0.81,17.5692,1.0162,1.9415,1.9209,1011007.0367,1011007.0367
688319.SH,20260521,5.4096,1.6,256.3881,15.5682,18.712,,1449192.1908,1448122.0196
600828.SH,20260521,0.9783,0.95,,1.1304,3.4025,,760340.3377,760067.1195
600312.SH,20260521,2.1573,0.97,24.3287,2.4527,2.2974,1.2091,2861747.0407,2861747.0407
300887.SZ,20260521,4.0709,1.14,,1.7811,3.5608,,490072.0173,325253.1036
688262.SH,20260521,7.62,1.85,,6.8046,21.8108,,1311407.6604,1311407.6604
300595.SZ,20260521,1.3707,1.05,24.3137,2.2898,6.1423,1.4873,1131645.4515,844977.3766
605133.SH,20260521,6.2181,1.32,63.0587,3.0908,3.4076,0.2763,1180843.9788,1178125.2357
600651.SH,20260521,1.0816,1.16,284.6642,6.7873,9.9216,,1712300.1342,1712300.1342
300213.SZ,20260521,2.5482,1.1,,2.3042,5.24,0.6297,471925.54,438464.1632
002959.SZ,20260521,0.8306,1.36,18.0745,2.0143,1.2018,2.5032,618815.0032,597709.031
002753.SZ,20260521,4.9115,2.14,277.6137,1.1095,0.7438,1.8867,294501.6568,166811.7492
300590.SZ,20260521,9.9238,1.75,59.8482,3.6696,6.6724,1.44,698439.4089,540657.85
920781.BJ,20260521,1.5152,0.9,,3.0367,4.7509,,107269.5355,70870.5895
301696.SZ,20260521,36.6056,0.91,128.1366,27.5221,49.4431,,6008950.22,451912.1438
300197.SZ,20260521,1.2815,0.89,,,5.1514,,459621.2024,459609.5774
301318.SZ,20260521,1.9123,1.49,68.8091,1.7123,4.7464,1.5634,323499.634,222796.2372
300150.SZ,20260521,2.3901,1.1,72.5513,1.7559,3.218,,276170.057,218849.0455
688035.SH,20260521,10.1693,1.36,99.6987,4.8466,6.9951,0.4295,1145316.48,1145316.48
688728.SH,20260521,1.7893,1.35,365.5619,4.8139,4.6557,0.1493,3789054.7738,3640878.6111
920556.BJ,20260521,3.0001,0.97,61.8999,2.5912,4.1511,1.1743,136795.2896,99261.8039
600379.SH,20260521,12.5254,0.58,105.2058,5.5819,3.5313,0.603,439498.2817,439498.2817
002584.SZ,20260521,10.6568,1.76,,2.1639,0.6372,,473440.0854,378957.0603
003036.SZ,20260521,8.2316,1.35,209.7832,7.2207,6.425,0.2613,1025402.6147,1025376.3021
688648.SH,20260521,7.989,2.27,10.8529,3.1153,4.3666,,671296.0,343194.7689
002239.SZ,20260521,2.2931,1.11,50.7726,1.5368,1.2121,0.1065,963123.4024,734968.1826
300240.SZ,20260521,2.4194,1.4,1082.2521,1.6506,0.3628,,235942.4733,230728.9321
300850.SZ,20260521,5.1174,1.05,17.9757,2.0391,3.1237,0.8524,1433151.0749,1041017.5564
920799.BJ,20260521,3.1319,1.85,163.7511,16.9658,13.8108,0.7418,703983.4164,404155.3541
002592.SZ,20260521,2.0143,1.17,22.0211,2.1725,2.7224,3.4153,207398.4069,192295.1088
603991.SH,20260521,6.0093,1.74,958.9501,5.0728,12.7837,0.0086,1783191.2837,870345.1716
688420.SH,20260521,4.7754,1.41,,1.7192,4.9034,0.5235,245304.82,115783.986
603353.SH,20260521,6.8561,1.56,,5.3429,3.4153,0.4021,858670.47,851237.91
002724.SZ,20260521,1.4953,1.07,57.0861,1.5593,2.5434,0.8946,428952.8847,315682.9567
001326.SZ,20260521,19.7306,2.63,172.6243,3.9992,3.1507,0.4146,494319.6,162769.7807
300660.SZ,20260521,4.6068,1.44,78.4859,5.942,4.9293,0.7957,2127475.6954,2125772.4218
300254.SZ,20260521,7.0607,1.22,183.9592,7.4389,3.7955,,327498.9021,288966.6059
002913.SZ,20260521,3.0681,1.29,78.2374,3.7632,2.9356,1.1422,1667094.7275,1584752.219
301469.SZ,20260521,6.7287,1.58,35.0596,2.2894,2.7703,0.9583,322933.32,166225.7942
002792.SZ,20260521,12.0242,0.85,1434.135,8.6521,21.4212,0.0534,2440552.0638,1573924.2616
002945.SZ,20260521,0.9411,2.64,82.0387,5.5451,23.3355,,4077000.0,4077000.0
600439.SH,20260521,1.69,0.98,,1.1014,2.1271,,277336.4328,277336.4328
301396.SZ,20260521,7.9506,0.93,1301.8844,36.8573,37.8348,0.0288,4563616.1197,3004699.1238
920080.BJ,20260521,4.3346,1.61,25.6612,3.4674,4.8748,2.0492,202520.0,56060.7104
688328.SH,20260521,11.3353,1.04,175.1363,7.7448,9.5517,0.2321,651181.6977,651181.6977
688012.SH,20260521,5.8091,1.29,109.6431,12.2351,22.794,0.0626,29920251.497,29920251.497
002326.SZ,20260521,5.8623,1.15,437.2495,7.5472,3.5889,,2098189.4784,1832904.7073
300301.SZ,20260521,1.8976,1.53,,39.4253,7.4354,,286304.7253,272480.7823
603019.SH,20260521,5.7131,1.07,61.5222,6.0488,8.7589,0.3644,13643554.6858,13639741.5068
600683.SH,20260521,5.5786,0.89,,,1.7087,,1074868.2932,1074868.2932
920009.BJ,20260521,4.2635,1.32,36.5832,4.8932,13.494,0.8467,327089.028,42517.44
002201.SZ,20260521,6.2321,0.89,84.1209,6.3736,4.1785,0.2071,755246.4033,697744.8309
603386.SH,20260521,5.1266,0.66,,3.8764,1.9893,,507431.5808,507431.5808
688329.SH,20260521,4.9011,1.54,213.2317,2.7152,4.7995,,205043.2,205043.2
600633.SH,20260521,3.0155,0.83,27.3477,1.5474,4.9574,1.8898,1610454.5794,1610454.5794
600030.SH,20260521,1.8871,2.01,11.5149,1.333,4.8424,2.1739,38859473.7856,31926916.6538
300846.SZ,20260521,11.8833,1.01,,19.0705,11.3669,,1458901.3424,1137211.5788
688026.SH,20260521,1.2388,1.06,78.5101,1.9967,3.947,0.4645,216301.582,216232.5113
000905.SZ,20260521,2.2079,0.9,49.152,1.6803,0.6515,0.674,1540765.6051,741065.7894
002387.SZ,20260521,4.4545,1.79,,4.6286,1.4715,,1206831.7812,1205248.7604
002907.SZ,20260521,0.5633,0.85,91.1095,3.0393,6.5507,0.6773,524083.3741,421449.9447
002824.SZ,20260521,6.8715,1.31,45.5496,3.2675,1.7804,0.6221,762699.3319,554357.6946
002197.SZ,20260521,5.1484,1.2,,2.5318,4.3065,,446027.4857,387684.0087
688528.SH,20260521,2.2598,1.55,,4.6806,7.5532,,208320.0,208320.0
301293.SZ,20260521,5.5233,0.93,216.1214,5.5832,7.4079,0.2282,1316256.8469,1316256.8469
300387.SZ,20260521,2.8722,1.41,37.9817,1.6376,1.6801,0.8495,238182.9828,238100.2755
688258.SH,20260521,4.7988,1.0,127.7649,16.0633,45.5727,0.1547,1538385.2677,1538385.2677
601988.SH,20260521,0.1547,1.34,7.6189,0.6837,2.7801,1.8862,186883198.8521,122243998.6107
688575.SH,20260521,1.8636,1.86,211.5417,2.4283,3.6792,1.8183,658810.7099,658810.7099
001203.SZ,20260521,2.4303,0.92,94.8036,8.6389,15.9397,0.4659,6340820.6792,5401508.9686
600143.SH,20260521,3.9808,1.53,38.2454,2.3426,0.7075,0.5571,4621484.8531,4621484.8531
300053.SZ,20260521,5.7714,1.08,,8.6085,48.9916,,1217439.4423,1136980.6672
000426.SZ,20260521,3.9822,0.94,26.5325,6.538,10.829,0.1756,7077684.0557,7075968.9795
300743.SZ,20260521,2.717,1.36,24.3258,4.1519,3.1061,2.6581,281257.4504,236984.2666
600310.SH,20260521,10.871,1.07,,2.8054,2.0251,0.5769,762169.5754,762169.5754
600990.SH,20260521,1.8173,1.05,,3.6005,3.4324,,557010.4852,552821.0903
301210.SZ,20260521,9.6953,1.19,72.71,2.591,2.4619,0.723,488142.4485,185112.8268
003042.SZ,20260521,3.7809,1.54,,1.8189,1.1217,,222553.76,192596.1542
688155.SH,20260521,3.6954,1.29,26.6979,4.8496,3.3514,0.6312,1190647.8873,1190647.8873
688169.SH,20260521,4.7733,1.09,23.7682,2.3597,1.7302,0.586,3372787.5923,3372787.5923
300389.SZ,20260521,6.0242,1.65,21.9949,3.3351,1.3276,2.3057,560294.2812,333105.9793
300636.SZ,20260521,1.4107,0.85,41.6469,1.2419,3.5837,0.5674,296065.804,258987.1672
603073.SH,20260521,4.9512,1.33,37.4983,1.6203,2.7801,1.548,224808.0,98630.3394
002511.SZ,20260521,1.5387,0.97,26.816,1.7263,1.0669,1.4039,950633.2038,934846.5343
603949.SH,20260521,1.7241,0.95,37.537,3.3918,7.993,1.2911,359095.347,358189.7869
688513.SH,20260521,0.6887,0.55,35.8664,3.2932,7.2767,0.7602,983814.2627,983814.2627
601700.SH,20260521,1.7662,1.05,,2.8323,1.8688,0.3662,609235.1555,609235.1555
603032.SH,20260521,7.3298,1.24,77.9005,4.5784,8.7887,0.2442,535490.1104,532242.2806
920896.BJ,20260521,1.54,0.87,26.6193,3.5661,3.5628,1.8553,163679.5961,71637.4416
000703.SZ,20260521,1.3692,1.28,24.3327,2.0262,0.4606,0.308,5357159.4694,5330279.9749
300509.SZ,20260521,3.6741,0.6,24.5047,4.5632,2.4367,1.4218,312702.0,260694.2168
688268.SH,20260521,10.717,1.24,155.4823,9.3905,13.2482,0.3697,1940936.5023,1939650.8703
300191.SZ,20260521,5.9936,0.79,171.9564,10.2921,14.6922,,1190080.0,822624.205
688255.SH,20260521,8.5592,2.03,112.9942,3.4055,5.2204,0.8628,364072.2952,364072.2952
301503.SZ,20260521,3.2977,1.3,32.6271,2.481,1.6507,2.7917,272240.0,110529.44
601339.SH,20260521,0.7751,0.76,16.273,1.2623,1.4538,5.2097,1180160.803,1180160.803
603466.SH,20260521,13.1175,1.62,,3.1398,4.1356,1.8214,653109.8741,653109.8741
601528.SH,20260521,0.513,0.77,4.8162,0.4781,2.1656,4.3568,945761.7924,836008.0513
000731.SZ,20260521,2.0807,1.17,,0.9013,0.9337,4.3585,344113.8393,344113.8393
600521.SH,20260521,4.2845,2.84,68.2884,2.6526,2.9791,1.462,2548323.1355,2548323.1355
603099.SH,20260521,4.5542,2.3,78.5649,6.9405,12.8208,0.2079,1045301.7907,1045301.7907
688150.SH,20260521,3.7336,1.17,127.0778,13.3106,48.0423,0.4779,2595722.4233,2595722.4233
688066.SH,20260521,3.9125,1.05,,,10.4878,,357951.3477,357951.3477
000983.SZ,20260521,1.2118,1.29,27.3675,0.9816,0.9822,4.0,3633344.6778,3633322.3898
600533.SH,20260521,2.5768,1.49,,1.7895,0.4673,,237300.0,237300.0
600714.SH,20260521,10.6284,1.32,550.948,10.3911,26.0353,0.2578,782398.5812,782398.5812
300298.SZ,20260521,1.5072,1.38,78.1496,3.1039,1.9021,1.3168,923880.9311,743555.8421
603060.SH,20260521,3.207,1.26,45.15,2.7576,2.1212,1.645,557144.9654,557144.9654
605155.SH,20260521,1.8786,1.28,27.8603,2.2099,3.4004,,302824.8923,295749.5155
300620.SZ,20260521,5.9638,0.82,295.7299,28.8977,38.0809,0.08,6227021.8196,6175108.6681
301328.SZ,20260521,4.3505,1.05,99.0458,4.5688,12.3118,0.6033,910798.1071,658261.9017
603400.SH,20260521,13.8727,1.06,72.3084,6.5562,5.5034,1.1194,804000.0,160800.0
002826.SZ,20260521,1.8223,0.91,36.3457,4.0524,5.0662,0.5515,339597.0728,328949.4729
605339.SH,20260521,0.774,1.5,481.4908,2.0719,2.3307,1.0091,708989.6193,708989.6193
603170.SH,20260521,0.8494,1.07,18.0201,3.1426,1.5996,3.2072,486412.16,486412.16
003019.SZ,20260521,7.8618,1.46,38.2926,3.8267,2.6558,1.3375,659411.2645,637389.0365
000056.SZ,20260521,4.8285,0.75,,,0.4661,,156093.725,119292.7835
002539.SZ,20260521,1.9357,0.79,17.7259,1.6,0.7133,0.777,1554340.4817,1145164.3954
002946.SZ,20260521,0.4551,0.82,18.875,3.8721,1.2927,1.8605,1480364.7788,1463214.2925
600970.SH,20260521,0.8921,0.92,8.368,0.9492,0.4536,5.3496,2220675.5466,2220675.5466
000526.SZ,20260521,1.8204,1.19,18.0496,3.6763,1.1546,,382643.8823,375102.7013
002796.SZ,20260521,16.3011,2.26,,15.751,13.8366,,1326945.4126,1197289.7314
920414.BJ,20260521,5.1021,0.69,,3.3165,15.5838,,88998.9588,62582.5871
920056.BJ,20260521,2.5396,0.63,30.7301,3.2327,2.9741,,178087.906,67239.6606
600734.SH,20260521,3.9753,0.83,,20.9097,39.1447,,479226.6833,479127.6833
300052.SZ,20260521,15.7311,0.99,,11.3868,23.6297,,392264.3476,392253.1126
002380.SZ,20260521,12.5411,0.81,73.6748,4.7636,6.01,0.4224,1136360.458,673335.8927
002540.SZ,20260521,1.2949,1.27,18.6916,1.2242,0.8033,5.3371,694384.8495,476301.6488
002093.SZ,20260521,1.3987,0.91,119.2603,2.0665,13.4226,1.4994,793910.0,793910.0
002199.SZ,20260521,4.2633,1.16,,17.3665,6.8971,,314527.533,298364.2642
601519.SH,20260521,4.6114,3.19,,16.4227,25.2753,,2130390.36,2130390.36
300335.SZ,20260521,6.7315,0.89,70.2298,1.5249,2.7937,1.6611,287161.4576,231263.9221
301296.SZ,20260521,0.858,1.39,82.6313,1.1373,0.9087,0.7991,302402.0319,302395.1289
688620.SH,20260521,7.9647,1.66,,4.0972,8.927,,522144.0,309448.2686
301458.SZ,20260521,8.0359,1.43,80.86,6.3578,13.3081,0.4883,1081333.4685,476389.4573
601515.SH,20260521,2.0197,0.91,,1.63,6.0081,,798655.3285,798655.3285
600498.SH,20260521,7.9069,0.9,175.1554,4.1768,2.8918,0.2889,7339537.0727,6871842.3482
002650.SZ,20260521,0.4602,0.42,,4.9104,6.944,,854668.7121,854639.7621
920106.BJ,20260521,1.8385,0.68,21.4853,4.7336,6.866,1.2542,270743.304,208844.9364
600295.SH,20260521,0.4948,1.34,14.9277,1.6996,1.4695,4.3956,3820329.5867,2696661.5867
600131.SH,20260521,1.6681,1.03,33.2524,3.2593,1.9453,1.2559,2112699.9426,2108380.7777
920403.BJ,20260521,1.6456,0.59,24.9955,3.7373,5.5889,0.6735,210744.8507,125337.4832
300062.SZ,20260521,9.2325,1.04,,3.2821,4.2821,,505839.7081,368061.6748
603226.SH,20260521,1.7095,1.4,,20.7888,49.6559,,1770349.0146,1770349.0146
002926.SZ,20260521,1.1755,2.05,13.9066,0.8615,4.6285,1.5097,2173500.0,2173500.0
601369.SH,20260521,0.5734,1.1,22.3171,1.6978,1.634,4.7991,1544233.1448,1528765.3176
301088.SZ,20260521,2.5167,1.01,54.7716,1.548,7.0344,3.3256,391304.3,322796.0
000156.SZ,20260521,0.8437,0.92,29.9535,0.885,1.4805,2.4828,1343376.0205,1232410.0108
688256.SH,20260521,2.4415,0.92,298.5169,66.2696,98.0671,0.078,81106339.3682,81106339.3682
300512.SZ,20260521,1.4309,1.14,114.5955,2.1896,2.9965,0.6756,358082.7031,283418.8009
002658.SZ,20260521,8.3028,0.69,37.2557,2.2558,4.2284,2.2002,577906.6799,325932.4026
300066.SZ,20260521,2.0682,0.61,44.4075,2.3778,5.132,0.4992,625059.9905,599857.6883
688480.SH,20260521,2.8956,0.97,72.642,7.2584,6.7791,0.6858,875666.2803,875666.2803
603116.SH,20260521,5.7893,1.05,,1.8023,2.2603,3.1036,455774.8328,455774.8328
688501.SH,20260521,1.5369,0.76,21.6148,2.5279,1.6508,1.0161,290688.84,290688.84
002663.SZ,20260521,5.321,1.62,,1.8113,1.9729,,349839.8271,346544.5845
002867.SZ,20260521,0.6827,0.85,11.8836,2.0075,1.68,7.1828,1360098.7879,1352108.2954
600448.SH,20260521,4.2954,1.28,,2.2103,0.686,,201542.2918,201542.2918
300058.SZ,20260521,11.906,0.98,247.9584,7.9468,0.8642,,6329560.0232,6131591.0872
301277.SZ,20260521,0.5415,0.98,40.8897,2.7313,6.2479,1.9029,412074.3984,412074.3984
301680.SZ,20260521,17.0674,1.05,49.3164,4.6661,7.2587,,888030.0,180206.598
600895.SH,20260521,7.4976,2.35,74.5402,4.2277,15.2044,0.5897,5778160.7111,5778160.7111
301418.SZ,20260521,8.6346,1.95,377.3929,1.9196,7.3737,,310053.3362,124456.8202
600833.SH,20260521,1.4159,1.18,32.6422,2.107,1.1795,1.9713,248964.3633,248964.3633
000710.SZ,20260521,5.278,1.48,,2.3284,3.6683,,338320.042,315360.1363
000877.SZ,20260521,0.1655,0.88,,0.4156,0.4273,,3071732.4118,3071731.7638
300706.SZ,20260521,21.754,1.32,,11.1074,4.9363,,766200.892,567751.5535
600348.SH,20260521,1.0699,1.09,20.3555,1.1614,1.5745,3.4448,3235927.5,3235927.5
603125.SH,20260521,4.171,1.31,51.5241,4.1564,8.9183,0.3983,1051360.0659,1051360.0659
000419.SZ,20260521,1.3575,0.97,20.2864,0.8463,1.7133,2.8195,289185.9725,289185.9725
600057.SH,20260521,0.8328,0.88,13.8841,1.1496,0.044,5.376,1812295.9983,1335021.4846
300326.SZ,20260521,1.3263,1.12,27.1255,1.667,5.5928,,486134.5984,485934.5511
688286.SH,20260521,6.115,1.32,174.506,3.7455,6.7084,,397519.8433,397519.8433
002263.SZ,20260521,4.3291,0.95,384.4955,2.5087,5.6842,,696871.5971,696866.0321
600919.SH,20260521,0.6005,1.41,5.8688,0.7842,2.3067,4.8299,20718645.3187,20718645.3187
603183.SH,20260521,3.0397,1.29,191.3564,1.3693,2.776,0.5682,218747.4304,218747.4304
603898.SH,20260521,0.7459,0.76,,1.2355,2.4418,0.6408,378906.9405,378906.9405
603124.SH,20260521,2.8899,0.86,65.875,8.9077,1.5297,0.314,1717607.1702,914619.8259
600370.SH,20260521,1.9648,2.37,,1.1278,0.266,,554516.0262,554516.0262
600308.SH,20260521,1.0281,0.62,,0.5999,0.4346,0.2192,543039.523,543039.523
301298.SZ,20260521,2.6847,1.13,45.5884,2.474,3.5081,1.9365,225191.2,165953.0932
000037.SZ,20260521,6.2666,0.7,31.2488,3.4277,13.3675,,579254.8548,325690.7322
688608.SH,20260521,5.3306,1.08,62.8507,4.3293,9.6754,0.4641,3095530.0373,3095530.0373
000598.SZ,20260521,0.8248,0.75,9.6538,0.9651,2.1404,2.8554,1954525.7123,1951394.1573
688285.SH,20260521,0.8575,1.04,55.6351,1.9231,2.5682,0.2299,327372.2243,327372.2243
002144.SZ,20260521,3.0368,0.99,60.4615,1.0641,4.9067,0.3873,228200.4236,177695.4037
000567.SZ,20260521,1.3542,1.04,17.0682,2.0053,11.7297,,1207937.9518,1204197.6168
301031.SZ,20260521,5.4133,1.02,35.5317,9.7511,6.7445,0.3057,1628055.9945,1280189.4929
601398.SH,20260521,0.1007,0.96,6.8623,0.6564,2.9775,4.3399,254830473.8186,192772731.9654
002136.SZ,20260521,5.3341,1.21,,2.8252,1.7895,,307693.62,306886.1926
600490.SH,20260521,2.5009,0.94,72.8864,2.6111,5.8096,,1661878.1963,1496458.6609
600325.SH,20260521,1.9396,0.94,,0.9338,0.1161,4.245,800876.2658,800876.2658
001376.SZ,20260521,5.8491,0.76,31.6336,4.7537,5.6046,0.3791,607927.1,282320.8216
000926.SZ,20260521,9.5585,3.0,,0.633,0.8514,,331336.673,327227.5022
688410.SH,20260521,2.5036,1.88,32.1448,2.8625,6.1976,0.6087,525103.8219,525103.8219
600520.SH,20260521,10.8854,1.14,355.9149,12.1131,11.59,,476874.3,476874.3
000930.SZ,20260521,1.0072,1.15,,0.926,0.5666,,963493.6035,963444.6535
002733.SZ,20260521,4.2276,0.97,121.3749,3.5667,2.6923,0.3897,969374.2255,930640.741
600455.SH,20260521,2.8397,1.01,39.1981,5.2226,5.9021,,178692.338,178692.338
300562.SZ,20260521,4.4912,1.41,31.5695,2.7831,2.8867,1.9697,287695.6134,214450.7974
600590.SH,20260521,7.4541,1.47,157.3267,3.6403,2.6114,,1182077.4735,1169187.3589
300381.SZ,20260521,2.3274,0.93,,1.361,3.9839,1.4306,335641.5288,334438.7686
920943.BJ,20260521,1.6723,1.28,32.3216,2.4446,1.6568,1.5924,159388.5635,81338.2978
603833.SH,20260521,0.8483,1.27,12.972,1.2928,1.4549,9.422,2391534.1558,2391534.1558
300464.SZ,20260521,11.5811,1.48,393.0692,30.1736,2.8394,,429434.8439,333311.4292
920267.BJ,20260521,1.9776,1.2,,3.6435,1.7966,1.0808,87870.0103,52172.2504
002221.SZ,20260521,2.5549,1.64,,1.1609,0.4508,,1158453.9087,1073754.0486
300682.SZ,20260521,2.4191,0.99,292.8547,2.2588,3.3439,1.7743,1519234.2718,1453135.9627
300862.SZ,20260521,5.34,1.02,,2.3519,11.9608,0.06,461175.5192,378374.5755
688669.SH,20260521,4.5988,1.34,,3.9207,1.1824,,426001.3357,426001.3357
601658.SH,20260521,0.1418,0.84,6.7233,0.5723,1.6299,2.5,59086766.3181,35683677.8977
688385.SH,20260521,5.9068,1.45,220.8659,8.5942,13.0853,0.1215,5399479.6838,3535696.5338
600584.SH,20260521,17.4641,1.32,72.3933,4.1578,3.09,0.2244,11960446.9859,11960446.9859
002937.SZ,20260521,5.6926,1.28,71.0518,6.7067,5.5099,1.1922,999054.4028,996286.4607
000795.SZ,20260521,1.4074,1.05,40.2372,3.7066,2.5034,2.8528,1007845.1676,1007843.6678
300377.SZ,20260521,6.5676,2.2,,5.0877,8.7891,,1224135.0204,1126203.0344
300098.SZ,20260521,4.4718,1.06,,3.761,4.6907,,995749.2436,883418.8547
000631.SZ,20260521,1.2015,0.8,146.2916,1.3275,13.5895,,731400.027,731400.027
300185.SZ,20260521,3.3349,0.78,174.7296,1.6788,1.7669,0.3583,1186638.6399,1130732.9458
300395.SZ,20260521,8.4194,1.06,139.1796,14.0253,30.0468,0.1009,6705916.9213,6567747.2221
603700.SH,20260521,1.9054,1.1,31.1872,1.4414,1.2889,1.6886,236754.9299,236754.9299
600821.SH,20260521,8.0397,0.71,,1.7828,4.8038,2.448,1607304.4866,1607304.4866
300292.SZ,20260521,10.4347,0.65,62.4297,5.2516,1.8006,,771514.8601,641668.2675
300320.SZ,20260521,2.379,1.25,22.1671,2.0707,1.4905,0.4479,536902.1326,433399.3337
300917.SZ,20260521,2.9083,1.28,41.3418,4.1841,1.7063,0.8221,513929.0,513929.0
688248.SH,20260521,0.9498,0.7,82.0082,10.2393,9.3607,0.4416,3388764.7,3388764.7
603726.SH,20260521,7.747,1.45,23.5165,3.5742,3.063,1.3873,534675.456,531953.856
688092.SH,20260521,1.9105,1.39,52.109,3.6239,5.3452,0.9596,241212.7933,241212.7933
300128.SZ,20260521,6.7458,0.81,,24.1487,4.352,,1018506.483,1017212.7654
300474.SZ,20260521,4.2302,1.42,,4.7724,46.3971,0.0963,3255917.7593,2532333.3502
300727.SZ,20260521,5.1114,1.25,50.472,4.504,4.1116,,621830.6871,559600.1886
002466.SZ,20260521,4.3666,0.9,50.4371,2.4313,8.7427,,11269550.1155,9707312.4391
688750.SH,20260521,2.1994,1.47,137.9546,3.3181,12.94,0.4732,820937.5,413430.0287
603175.SH,20260521,12.412,1.05,621.0405,14.5477,7.8992,,3984396.3196,414588.6461
300612.SZ,20260521,4.1231,1.1,,5.9065,9.0226,,252997.2034,252191.0534
600866.SH,20260521,1.2197,0.87,19.5605,1.0958,0.574,7.0501,895533.74,676859.6656
300451.SZ,20260521,1.8745,0.95,,1.5874,6.512,,624297.2509,615257.5893
300535.SZ,20260521,3.1628,0.97,85.0175,1.9685,2.6429,,188354.9589,142843.441
300800.SZ,20260521,1.6055,1.08,61.9682,1.3799,3.3022,1.3016,284110.8,281167.8
000737.SZ,20260521,2.4177,0.85,24.8736,3.4608,0.8268,0.8142,2573271.9037,2573032.5403
603296.SH,20260521,2.9868,0.9,26.4089,3.6776,0.6369,0.8544,11284242.8342,5992400.1748
688552.SH,20260521,1.3089,1.01,,4.5811,23.3296,,1183065.984,1183065.984
300013.SZ,20260521,14.5088,2.88,,15.3195,2.7396,,275270.9347,219901.9179
000045.SZ,20260521,2.7918,1.58,85.7479,1.9927,1.839,0.6012,598202.3037,539742.8037
300688.SZ,20260521,4.0966,1.18,,11.3411,32.6867,,415770.5886,368572.0897
601668.SH,20260521,0.4594,1.03,5.2281,0.3998,0.0973,5.6563,19833787.4131,19833787.4131
920469.BJ,20260521,5.156,0.38,,3.3825,3.3978,0.7236,97393.686,71482.6799
688816.SH,20260521,17.2865,1.06,105.6089,3.903,15.6023,,710100.0,136937.4024
000014.SZ,20260521,2.6479,1.06,,1.9613,6.5297,,270849.7247,270849.7247
300037.SZ,20260521,7.9368,1.65,37.2101,4.7173,4.5605,0.7469,5015594.9424,3598057.9094
603217.SH,20260521,2.7316,0.94,28.466,1.7037,2.6463,1.2175,589928.346,589928.346
301102.SZ,20260521,0.9823,1.38,,1.4644,8.5481,0.1869,434420.0,434420.0
920275.BJ,20260521,0.5034,0.56,281.2895,4.5485,13.3454,0.8996,106304.8592,87986.9855
300758.SZ,20260521,13.1474,1.85,125.3126,3.2382,3.7804,,578717.6664,521625.7492
920344.BJ,20260521,0.6975,0.89,135.2956,3.9825,8.2941,,249710.5,233142.726
600930.SH,20260521,3.8704,0.58,39.3518,2.2812,6.3084,0.4967,25195428.5713,1950807.4186
600282.SH,20260521,0.4576,0.98,10.1893,1.074,0.5065,5.3627,2940748.4122,2940748.4122
300632.SZ,20260521,31.6153,1.04,,6.2827,13.8016,0.2596,1088277.6569,788783.3598
688576.SH,20260521,3.1199,1.19,74.3687,2.044,10.2,1.2733,354900.468,169979.4642
603378.SH,20260521,5.1298,0.69,,,5.7182,,225441.8337,225441.8337
600853.SH,20260521,3.4647,1.05,9.8378,1.0438,0.217,1.0614,382163.4093,382163.4093
603836.SH,20260521,1.0764,1.05,57.3295,1.5723,0.3168,1.1071,273578.5709,273578.5709
001220.SZ,20260521,6.2467,0.98,26.3128,2.0798,4.0899,,324768.51,79559.8323
688343.SH,20260521,4.8858,1.11,,7.4919,20.0971,,2786926.195,2786926.195
688114.SH,20260521,1.5739,1.28,,3.1501,7.6736,,2232943.107,2228233.3023
600780.SH,20260521,2.9299,0.68,12.0479,0.9165,0.6996,,785354.2283,785354.2283
603716.SH,20260521,3.1565,0.66,,4.0381,4.5841,,445259.3984,445259.3984
603086.SH,20260521,1.3645,1.3,21.2637,1.3721,1.1881,,291324.8058,291324.8058
300551.SZ,20260521,3.3054,1.37,,15.2374,32.7618,,466906.2779,465547.034
301565.SZ,20260521,3.5532,1.21,109.3612,3.5726,3.9096,,872421.81,279189.81
920570.BJ,20260521,2.9933,0.49,100.5735,3.9747,11.6018,0.3219,141679.5745,71985.782
300399.SZ,20260521,4.0053,2.12,,8.4709,8.5835,0.2306,428396.8,428355.0118
002349.SZ,20260521,1.3829,1.15,26.3202,2.0737,3.975,1.11,586776.5854,574811.721
601890.SH,20260521,3.662,1.1,26.5859,2.3853,4.513,1.4463,928699.2,928699.2
601860.SH,20260521,0.7906,0.9,7.5486,0.462,2.2795,3.876,944539.4448,916310.0353
300217.SZ,20260521,6.1233,1.74,56.8845,1.8688,2.4874,0.5959,793673.6168,666639.419
002271.SZ,20260521,1.9852,0.58,104.5078,1.6441,1.1706,6.5509,3372844.2108,2703262.5628
605158.SH,20260521,2.0296,0.6,,1.5637,0.5377,2.0039,378962.22,378962.22
000561.SZ,20260521,1.6113,1.21,,2.6136,4.4814,,759472.0312,682321.4294
688525.SH,20260521,7.794,0.85,35.8834,16.6495,8.5512,,14172184.971,14172184.971
603376.SH,20260521,13.0792,1.8,64.5931,7.3958,4.2414,,1296403.241,103714.5928
688813.SH,20260521,18.4479,1.02,125.493,12.3279,10.1018,,2208000.0,415062.2688
000554.SZ,20260521,7.3598,1.47,20.802,2.9526,1.1358,1.9973,351459.9155,265099.487
603859.SH,20260521,7.7117,1.05,48.4314,3.4556,7.1847,0.0447,1093064.6304,1093064.6304
601952.SH,20260521,1.2722,1.5,23.0576,1.6754,1.1831,3.1359,1186458.0,1186458.0
001390.SZ,20260521,3.0254,1.07,20.9583,2.2655,3.4655,,377600.0,94400.0
301003.SZ,20260521,5.0391,0.99,58.2027,4.4475,9.7532,0.5708,510532.7457,394937.7006
603334.SH,20260521,7.269,1.28,43.8152,3.6467,1.7551,,634270.0,140629.8273
300198.SZ,20260521,1.2625,0.93,,4.9768,29.1281,,239319.2613,238082.2306
603822.SH,20260521,2.4823,1.24,174.603,17.8238,1.2078,,593710.447,593710.447
000701.SZ,20260521,3.5321,1.79,209.3776,,0.1138,,375591.9656,375273.6066
300813.SZ,20260521,3.2959,1.25,159.2146,3.5295,8.2694,0.5547,283363.774,177807.4087
688379.SH,20260521,6.0715,0.96,52.4927,4.8499,2.2331,0.549,680806.3252,645733.0074
000409.SZ,20260521,1.1528,0.95,91.0735,3.9218,4.4326,,643862.9798,560959.2148
002496.SZ,20260521,2.6779,1.39,,3.382,10.3981,,376897.4193,295312.125
688293.SH,20260521,1.1957,1.07,95.301,2.1071,13.9275,0.7732,631459.2072,516060.5782
300780.SZ,20260521,9.6732,0.88,,4.7141,7.9075,,472130.73,346149.168
301379.SZ,20260521,20.9099,1.23,50.8666,4.3737,3.5242,0.8701,640129.6952,496476.6839
300712.SZ,20260521,1.6299,0.88,636.6092,3.4613,2.7602,0.2077,443171.2807,441265.6394
600718.SH,20260521,1.2459,1.02,,1.1657,0.8535,1.7292,1031330.2904,1031330.2904
600012.SH,20260521,0.42,1.47,14.8687,2.0735,5.0595,3.7261,2769627.4521,1889437.6
301101.SZ,20260521,1.6462,0.71,34.68,3.8505,8.1084,1.4333,700254.5475,663371.3319
002396.SZ,20260521,6.1628,1.05,44.5106,2.5616,0.9185,0.8144,1798083.9509,1790670.4535
603191.SH,20260521,7.794,0.88,107.356,2.8751,1.7904,0.2309,719652.8777,719652.8777
920271.BJ,20260521,0.7683,0.72,17.6536,2.467,4.3477,1.6978,154109.494,68194.9277
603939.SH,20260521,0.8544,0.58,14.9398,2.1678,1.0536,3.2865,2582395.665,2582395.665
000975.SZ,20260521,1.9245,1.01,17.6738,4.3532,3.4673,2.0526,6489199.9333,5906608.9252
603922.SH,20260521,2.4929,0.81,,2.7754,4.0396,,258227.2,258227.2
920005.BJ,20260521,2.8914,1.59,53.9944,4.3222,6.085,1.7585,283196.0,73358.0
600239.SH,20260521,1.4525,0.73,,2.3854,1.4358,,240853.0364,240853.0364
688147.SH,20260521,3.6831,1.16,262.8759,13.9986,15.7713,0.049,4108463.1167,4108463.1167
002871.SZ,20260521,5.3887,1.27,40.0419,4.4866,7.594,1.6667,525618.9745,311519.4422
000096.SZ,20260521,1.502,1.34,40.5425,1.6554,3.2667,0.8681,456192.0,441372.672
300528.SZ,20260521,4.5938,0.86,,16.175,9.2459,,620765.018,620765.018
603960.SH,20260521,3.509,0.95,266.2436,5.0118,11.5323,0.2654,564249.8808,564249.8808
000545.SZ,20260521,5.1728,1.21,,4.113,1.9409,,256576.605,256204.805
001230.SZ,20260521,5.2427,0.85,19.6556,1.6833,1.923,1.6826,339741.3024,198983.0319
300670.SZ,20260521,4.794,1.31,,4.9496,9.4156,,209484.4366,148522.8834
920227.BJ,20260521,2.8137,0.63,53.0045,5.4276,14.8022,1.675,232480.755,105777.7555
002313.SZ,20260521,3.372,0.85,,47.0629,1.2835,,360921.6,360896.2227
688659.SH,20260521,2.2578,0.96,,3.5038,2.3949,,181280.0,181280.0
688403.SH,20260521,8.8443,1.01,189.7139,4.3521,10.5658,0.2577,1922420.0517,1922420.0517
002115.SZ,20260521,8.1335,0.86,1480.135,5.0919,0.7263,,1051855.7576,975597.605
688082.SH,20260521,4.5622,1.64,81.872,7.4603,14.7566,0.2808,10265796.7684,10155530.1018
301578.SZ,20260521,5.3746,1.34,216.3927,3.021,3.422,1.1095,281206.0843,79959.3249
600008.SH,20260521,1.1729,0.97,12.421,1.0576,1.1885,6.8852,2238880.1565,2238880.1565
603959.SH,20260521,4.7571,1.04,,5768.5572,4.4114,,225537.5363,225537.5363
603200.SH,20260521,3.2696,1.15,117.9652,8.7955,18.9003,0.1633,967246.3277,967246.3277
601326.SH,20260521,0.3932,0.96,11.8443,0.9217,2.7109,2.4854,1910894.904,1627085.178
600283.SH,20260521,0.727,0.78,24.8118,1.5613,1.9222,2.8249,496330.0347,481587.9623
603819.SH,20260521,3.4078,0.93,116.1573,3.7397,2.0122,0.1434,303733.6109,303733.6109
603105.SH,20260521,3.1213,0.87,26.2161,2.1405,6.4014,2.1739,460010.0317,460010.0317
603095.SH,20260521,3.7146,0.79,86.0873,2.4397,5.8785,3.9295,570258.3936,570258.3936
920036.BJ,20260521,14.7182,0.86,32.2889,4.1268,2.9646,0.4524,240598.8972,57743.9056
300321.SZ,20260521,4.1252,1.75,406.7126,5.6724,9.2786,0.0943,357952.8,357533.1729
920199.BJ,20260521,4.3733,0.83,360.1042,4.2034,8.1112,,221355.225,123261.9538
688458.SH,20260521,7.1087,0.71,,2.585,8.6118,,470684.5744,358989.243
000538.SZ,20260521,0.3853,1.11,17.0172,2.2776,2.1323,5.1905,8944508.4288,8887714.9838
002240.SZ,20260521,6.2861,1.02,,4.1768,5.851,,4483109.3851,4471426.9204
603198.SH,20260521,0.8338,0.96,14.7371,2.5591,4.7333,4.0883,2935200.0,2935200.0
920471.BJ,20260521,5.7033,0.44,,2.0767,2.5166,0.7704,106329.6,67773.1157
600699.SH,20260521,8.7715,1.39,33.491,2.6704,0.7746,0.8548,4680225.5591,4089551.8976
600241.SH,20260521,2.4293,1.08,,2.3874,6.2291,,244270.7555,244270.7555
603456.SH,20260521,1.6003,1.01,17.8174,1.3066,2.2258,3.7952,1161616.5126,1161616.5126
301591.SZ,20260521,7.339,0.78,60.5555,4.0298,8.4773,1.0213,370632.72,151480.8135
688468.SH,20260521,0.7549,0.99,73.4603,1.9831,8.6713,1.7517,281577.816,281577.816
300005.SZ,20260521,4.8229,1.08,163.6853,6.5115,9.268,0.0719,1409504.9867,1398151.0589
600785.SH,20260521,5.7579,1.11,62.0872,1.6004,0.6164,2.1368,369584.0366,369584.0366
688096.SH,20260521,8.9018,1.21,,3.5436,6.3187,0.8378,292931.464,292931.464
601020.SH,20260521,2.9367,0.82,25.4624,5.0665,10.7264,0.1505,2178646.2026,2178646.2026
603665.SH,20260521,2.8259,0.69,,7.636,3.5489,,489792.848,489792.848
301598.SZ,20260521,6.4259,1.47,30.6334,4.0152,6.7714,2.6316,380476.0606,113358.2906
600980.SH,20260521,1.854,1.17,33.0149,2.7683,3.1419,0.6558,418461.656,418461.656
603798.SH,20260521,2.3829,0.78,104.6764,3.6408,5.0062,0.2234,452120.733,452120.733
688475.SH,20260521,0.7228,1.28,38.1014,3.899,3.9244,1.1836,2328637.5,2328637.5
000802.SZ,20260521,8.6865,1.38,,5.8637,12.6115,,357950.1275,357772.0025
600293.SH,20260521,4.3529,1.89,,2.1296,3.2095,,363125.3994,363125.3994
002174.SZ,20260521,9.6538,1.65,,2.6363,8.5677,,1196349.1907,1195675.2903
002335.SZ,20260521,9.0087,1.03,75.094,4.9424,3.8296,0.1607,3206906.1631,2828951.3206
300571.SZ,20260521,19.4227,0.73,,6.7165,7.8223,,828937.5947,687000.4567
600302.SH,20260521,4.6512,1.43,,6.79,10.1236,,329055.3236,329055.3236
000790.SZ,20260521,3.4774,0.98,,3.6558,4.9745,,262585.8522,262120.7525
600444.SH,20260521,2.4433,1.55,41.7911,3.0547,2.6717,0.691,233103.7157,233103.7157
002272.SZ,20260521,38.4007,2.89,,7.4603,6.1617,,1088549.5385,916258.805
002404.SZ,20260521,1.6963,0.88,19.5936,1.9093,0.7508,4.6225,363473.4501,295647.6867
600960.SH,20260521,1.512,0.97,27.614,1.255,1.5812,,441989.7159,441989.7159
300902.SZ,20260521,5.1125,0.88,,4.0571,11.4251,,329064.0979,225879.7355
301105.SZ,20260521,5.478,1.04,,3.3875,17.1696,,276800.0,90997.9834
300065.SZ,20260521,8.9347,0.78,2362.0224,9.6318,36.6837,,1692009.3302,1539861.2817
002574.SZ,20260521,1.6527,1.18,,1.0219,0.8511,,277728.0,277728.0
603999.SH,20260521,3.9166,1.09,47.2182,1.9481,4.7481,0.4701,404352.0,404352.0
603076.SH,20260521,3.6628,0.73,126.62,2.5205,1.9254,1.4826,325652.2261,325652.2261
000590.SZ,20260521,2.0602,1.21,,4.5122,7.0911,,244021.2211,243906.339
688078.SH,20260521,1.6711,1.4,,2.7354,13.0691,0.5423,182815.644,182815.644
001388.SZ,20260521,4.1219,1.19,49.8502,4.0331,5.815,1.6026,584064.0,116812.8
002277.SZ,20260521,5.1221,1.26,,1.4502,10.2115,0.0752,927124.912,927124.912
002642.SZ,20260521,5.3329,0.89,288.2435,4.8384,2.8621,,574913.292,574913.292
603221.SH,20260521,2.158,1.3,,1.9567,2.7996,1.4322,307386.78,304533.39
600720.SH,20260521,0.6617,0.91,9.8826,0.8853,1.2787,3.7115,1415765.4636,622583.7087
301061.SZ,20260521,0.7819,0.73,15.7655,3.0001,3.9035,1.4713,1308229.058,869117.2095
688391.SH,20260521,3.2369,1.53,98.6658,2.0023,7.0126,1.8512,373188.2544,373188.2544
603172.SH,20260521,4.3855,1.09,56.2858,2.624,4.8788,0.4113,291835.44,291835.44
300311.SZ,20260521,2.8383,1.34,104.6844,5.6004,7.476,,366454.8016,292350.5466
688209.SH,20260521,4.1718,1.18,53.1715,4.8384,6.4406,0.3539,1081857.4182,1081857.4182
920177.BJ,20260521,27.4305,1.06,23.2237,2.8084,5.883,,186102.24,41873.004
301198.SZ,20260521,3.3593,1.11,,3.3312,6.8895,,301496.0,289502.4891
002655.SZ,20260521,11.3198,0.91,217.264,14.986,8.71,0.0863,1251132.273,1248652.4101
002803.SZ,20260521,5.3583,1.27,33.1086,3.4678,1.3624,1.5544,960264.074,615474.8764
301038.SZ,20260521,4.0646,1.59,100.5473,5.3522,6.2254,,479622.0,479622.0
688382.SH,20260521,3.3627,1.48,,8.0036,167.1036,,1197181.3764,1197181.3764
002407.SZ,20260521,26.854,1.57,92.7867,5.6892,4.6042,0.4759,4858155.3141,4402449.5349
920033.BJ,20260521,1.0376,0.8,50.1621,2.5078,5.9491,0.3104,191926.8878,133327.9033
603568.SH,20260521,0.2966,1.05,17.4991,2.2121,5.9656,2.399,3389481.1503,3383368.6623
300877.SZ,20260521,2.8119,0.92,42.2084,2.1584,3.211,0.32,363600.0,363596.8185
301382.SZ,20260521,5.0634,0.83,87.582,7.0919,6.123,0.1611,1354857.4758,1121277.4088
002075.SZ,20260521,1.4229,1.07,34.9952,1.3222,0.6823,1.2531,875336.3526,875334.9461
600563.SH,20260521,10.17,2.5,29.8012,5.6579,6.5887,1.2629,3563100.0,3563100.0
603706.SH,20260521,2.322,1.76,18.7037,2.4084,3.2914,3.8363,444291.847,444291.847
600021.SH,20260521,3.9549,1.18,20.212,2.4342,1.2251,1.5574,5064116.7263,5064116.7263
603829.SH,20260521,3.4426,1.32,83.1957,3.064,2.0871,0.437,457655.9527,457655.9527
002606.SZ,20260521,9.9241,1.01,26.1374,3.3328,3.3222,0.2053,656414.4639,629607.3722
001236.SZ,20260521,1.6012,0.85,599.4521,4.8961,,0.1099,917077.778,689850.778
600508.SH,20260521,1.223,0.92,49.3474,0.7343,1.1872,2.2377,936642.528,936642.528
688278.SH,20260521,1.0449,1.27,23.466,6.5517,6.2265,,2378520.1,2378520.1
603657.SH,20260521,4.3664,0.87,,4.7702,1.6207,0.1131,416114.9739,416114.9739
002303.SZ,20260521,2.2562,1.19,21.9626,1.183,1.3602,5.6772,531369.3187,335507.7268
301257.SZ,20260521,2.6093,1.06,32.7761,2.9215,4.3532,0.3558,374403.605,356936.3098
000909.SZ,20260521,2.5055,0.96,,3.5653,8.3391,,218419.4083,218417.5744
300229.SZ,20260521,3.4464,1.03,,4.2305,35.2896,,1594358.2009,1593280.1752
301112.SZ,20260521,2.6947,1.46,,3.6167,10.5653,0.2737,402803.8898,402803.8898
600135.SH,20260521,5.2424,1.68,,2.5137,4.3883,,592038.5959,592038.5959
300251.SZ,20260521,1.6879,0.85,,3.8186,30.5038,1.5262,3831266.4922,3624629.0539
301200.SZ,20260521,2.6918,2.02,118.3874,11.079,18.0236,0.2405,12198787.107,10607988.9691
000586.SZ,20260521,12.8466,1.2,,10.9211,6.6667,,347805.12,343759.62
600774.SH,20260521,1.3161,1.0,,1.5786,2.3316,,233665.6624,233545.1002
603155.SH,20260521,4.1735,1.62,73.1848,2.8121,9.9771,2.7919,622099.996,622099.996
603185.SH,20260521,3.3577,0.69,,1.1878,1.8184,,1401673.5977,1393353.5585
002068.SZ,20260521,4.6967,0.78,,3.1626,0.8777,,737551.2316,737184.259
688210.SH,20260521,6.3964,1.79,,6.2409,9.3963,0.2971,795409.8841,791489.664
000090.SZ,20260521,0.949,1.1,38.2397,0.5434,0.2622,3.0581,611014.3569,610977.0789
600398.SH,20260521,0.5956,1.03,13.0639,1.6472,1.2887,6.914,2848042.7855,2848042.7855
002317.SZ,20260521,8.2991,0.92,69.5689,4.8991,8.1113,0.8356,2038133.2838,1826358.5396
688111.SH,20260521,2.1005,1.2,31.1441,7.4698,18.1102,0.3681,11301646.0312,11301646.0312
300977.SZ,20260521,3.0802,1.4,146.5336,2.341,6.6041,,323634.0216,201549.2285
603150.SH,20260521,2.4872,1.12,55.6612,3.2174,1.0693,0.4885,559999.133,559999.133
000537.SZ,20260521,2.5862,0.72,32.9653,1.0525,4.1527,2.417,2094776.5391,2094776.5391
301046.SZ,20260521,3.5451,0.89,,4.0211,4.6309,0.9694,471285.9964,363218.0201
300341.SZ,20260521,2.7395,1.76,44.5472,4.0376,5.0045,0.454,797846.7381,794698.2825
002701.SZ,20260521,0.8645,1.11,15.0444,1.2614,0.5039,2.3762,1292679.0368,1291488.7099
688172.SH,20260521,3.8694,0.95,,4.0861,37.0087,,7423614.1044,4046541.122
000504.SZ,20260521,1.1911,1.25,72.4284,11.0265,5.9532,,305271.3657,304438.2182
300554.SZ,20260521,7.7683,1.41,,5.9534,12.6619,,294780.0802,204144.0556
002856.SZ,20260521,6.7486,0.67,,,7.4728,,258582.7761,236781.3906
601208.SH,20260521,8.2914,1.1,126.6198,7.9117,8.7728,0.3943,4816552.2722,4816552.2722
002870.SZ,20260521,4.8783,1.23,87.3784,3.3013,0.9349,,540189.3512,530606.3095
603087.SH,20260521,1.3569,1.17,31.8496,2.7582,8.2676,1.8318,3261882.4357,3046465.7054
601788.SH,20260521,1.4366,2.15,16.6713,1.0913,5.9377,1.4817,6787079.4046,5750660.691
000516.SZ,20260521,0.9093,0.82,,3.0401,2.4564,,994070.1583,974239.5031
605179.SH,20260521,0.6694,1.11,114.8437,5.3581,2.1333,0.2601,616738.0,616738.0
688031.SH,20260521,12.2788,2.24,,20.0047,34.7404,,1613409.2652,1613409.2652
920580.BJ,20260521,14.0604,0.53,57.9261,3.4524,7.9104,0.5025,119798.0,76284.9621
603617.SH,20260521,2.1502,0.81,60.4059,1.8439,2.5554,1.0873,287290.9554,285017.3104
300753.SZ,20260521,7.0727,1.02,,4.6803,8.9819,0.264,310330.176,216395.1166
603325.SH,20260521,1.6942,0.85,13.7236,1.6778,3.5666,2.1084,464823.24,198604.392
688053.SH,20260521,1.4494,1.19,,2.4928,19.89,,394800.0,394800.0
300478.SZ,20260521,6.8975,0.93,,152.0657,12.0856,,477177.191,477177.191
300450.SZ,20260521,3.6563,1.03,52.296,4.694,5.5788,0.111,8387849.3843,7812665.9586
002570.SZ,20260521,2.6268,1.3,34.4359,3.1756,1.9126,,517340.7565,517317.7645
002483.SZ,20260521,1.2298,0.89,14.6279,1.1393,0.8222,5.0676,524789.3005,524068.473
601607.SH,20260521,0.2571,0.9,10.5329,0.7916,0.2124,2.4848,6118796.9849,4602192.3833
300973.SZ,20260521,1.6717,0.98,16.5747,1.8402,1.0666,2.5103,464670.7052,325341.685
603528.SH,20260521,2.2387,1.46,,2.926,14.7338,0.6373,549919.572,549919.572
603375.SH,20260521,10.6125,1.38,609.2952,3.3123,10.762,0.1962,512997.335,325027.6142
300567.SZ,20260521,7.4941,1.18,612.6499,12.7816,15.7118,,5338392.9562,4332774.0824
000895.SZ,20260521,0.2795,1.01,17.0494,4.509,1.5056,5.6028,8966543.2192,8965374.1006
002506.SZ,20260521,9.1182,0.74,,23.3638,1.5578,,2199718.9766,2197508.4632
301355.SZ,20260521,4.1917,1.28,,1.5773,1.2646,0.8306,232751.8281,119604.7256
002880.SZ,20260521,0.7876,1.03,25.5123,2.4385,4.7154,0.7613,595803.6,595803.6
605162.SH,20260521,3.2614,0.88,36.2346,3.057,6.4109,1.6607,434141.9259,434141.9259
000733.SZ,20260521,3.295,1.24,25.7798,1.6076,4.4579,0.3937,2533662.6385,2533321.1101
600362.SH,20260521,2.1009,0.81,18.8309,1.79,0.2632,2.5172,15055947.4529,9023175.7169
603881.SH,20260521,10.1413,0.96,194.6102,8.0654,15.909,0.1584,2714028.3022,2714028.3022
688191.SH,20260521,4.3145,1.39,195.8191,13.9753,10.2037,0.8284,1218061.5963,1218061.5963
920639.BJ,20260521,2.248,0.54,73.931,1.762,0.6234,,150998.4,88946.4719
002373.SZ,20260521,2.1318,1.18,261.436,1.1673,1.6896,0.6126,1338419.4181,1166816.3804
600218.SH,20260521,1.3803,0.97,58.52,1.1772,0.8748,0.905,385070.3284,385070.3284
000813.SZ,20260521,7.027,2.12,,1.7365,20.1688,,798997.2107,798865.7657
301078.SZ,20260521,5.9748,1.62,38.1492,2.782,1.164,0.7288,1202676.9918,1201429.3226
300765.SZ,20260521,0.8175,1.33,,15.6536,17.1633,0.069,4033990.9352,4033990.9352
688237.SH,20260521,1.7042,1.18,319.6609,3.7555,11.0329,0.659,455763.6801,455763.6801
688349.SH,20260521,0.6786,1.05,24.9162,1.8781,0.9247,2.7124,2698089.273,2616865.273
300423.SZ,20260521,5.5559,1.6,,2.9867,4.9108,,343780.3014,230234.0122
300232.SZ,20260521,5.4391,1.45,,1.4889,0.8502,3.8724,673129.7865,548212.4525
301073.SZ,20260521,2.1886,1.29,167.5518,5.0978,6.672,0.969,451515.3288,412830.1354
301209.SZ,20260521,1.3069,0.99,241.3572,12.6755,19.1258,0.1633,979552.0,836843.518
301393.SZ,20260521,7.2304,1.0,60.7126,2.9147,10.7648,0.6311,687852.0,268165.312
600323.SH,20260521,0.6419,0.92,11.6835,1.6382,1.6614,3.437,2490885.531,2490885.531
002216.SZ,20260521,1.0392,1.01,19.5578,2.4286,1.7478,2.2272,1184260.9127,849286.718
002530.SZ,20260521,2.4629,0.95,96.4042,4.8876,5.912,0.3121,649072.0798,579037.7372
300274.SZ,20260521,7.1267,0.99,28.7487,7.258,4.0004,0.9831,34286770.5301,26295663.7205
688798.SH,20260521,4.826,1.23,54.3112,3.883,5.7726,,1651017.0002,961333.6257
002253.SZ,20260521,3.484,1.59,,2.9796,7.7635,,252701.2264,235142.889
300878.SZ,20260521,4.0547,0.76,,5.3175,21.5425,0.41,485047.5787,482815.2627
920405.BJ,20260521,1.8979,1.24,43.6508,2.6497,4.6004,0.8699,221190.02,173596.5637
603779.SH,20260521,42.6298,32.09,,9.8422,14.3112,0.062,482184.1588,482184.1588
920679.BJ,20260521,0.8922,0.8,38.7111,1.8978,7.5039,2.087,96341.25,64126.875
600163.SH,20260521,2.7795,0.66,25.8915,1.6478,7.7623,1.3071,1208402.5508,1208402.5508
600671.SH,20260521,2.3774,1.62,140.522,31.1117,11.2669,,229674.9771,229564.9252
600761.SH,20260521,2.381,1.1,13.5591,1.4934,0.8034,3.7433,1665595.4631,1665595.4631
920575.BJ,20260521,4.8236,1.27,,,690.2837,,106476.26,71190.8597
600675.SH,20260521,0.41,1.18,,1.0364,1.8404,,1487349.2914,1487349.2914
300136.SZ,20260521,14.0403,1.04,144.0016,13.2114,11.5729,0.0449,10599714.4293,9040068.6073
300766.SZ,20260521,7.4751,1.24,,6.7528,19.6756,,1057534.599,958912.9899
000798.SZ,20260521,1.927,1.13,43.015,7.8225,0.7308,,316833.6446,316814.1596
300621.SZ,20260521,2.4422,1.14,,3.1928,0.2095,0.1214,171438.7208,166883.9067
920082.BJ,20260521,2.1531,1.16,56.3703,3.8977,2.8942,0.4828,210764.75,57372.1689
002229.SZ,20260521,14.046,0.89,,7.1415,18.0069,,764631.083,759953.6472
688019.SH,20260521,6.7683,1.37,64.8476,11.6236,19.8805,0.1089,5333654.1957,5333654.1957
002515.SZ,20260521,9.5369,0.92,598.0091,3.1569,26.8276,,829270.7023,754766.5129
603131.SH,20260521,3.9011,1.01,,4.4073,7.9607,0.0524,727719.5952,727719.5952
002923.SZ,20260521,2.5489,1.01,,3.7016,3.0712,1.2876,390150.6782,300668.8304
001318.SZ,20260521,1.0007,1.09,34.0063,2.3349,7.3471,1.4742,345127.86,345127.86
300045.SZ,20260521,5.8881,0.82,,9.6932,18.5872,,1470476.3487,1145698.9375
002678.SZ,20260521,1.2301,1.24,,2.7035,13.9943,,823142.1157,822690.1155
688127.SH,20260521,2.9434,1.1,82.1208,16.6273,22.422,0.2077,3882817.3982,3882817.3982
002266.SZ,20260521,2.1901,0.88,19.5194,2.2367,1.1566,0.9128,2828845.0999,2624681.1941
300618.SZ,20260521,3.8545,1.3,46.6213,2.3226,1.8258,0.3589,1288649.5957,1133858.5939
603687.SH,20260521,13.7044,2.17,132.9339,2.8188,4.136,0.3456,922403.4359,922403.4359
688233.SH,20260521,9.8771,1.37,161.8144,8.3544,36.0012,0.0794,1600533.3069,1600533.3069
688690.SH,20260521,4.3329,1.4,80.0573,6.8499,14.1619,0.1803,1400429.605,1400429.605
920675.BJ,20260521,2.6337,1.37,35.9817,2.459,2.9451,2.3447,146855.892,67402.2431
003032.SZ,20260521,4.7474,2.09,,2.4487,6.9712,,286542.62,202550.9049
000990.SZ,20260521,3.3767,1.08,173.4977,0.6839,1.1296,0.495,1227389.9104,1227389.0014
300950.SZ,20260521,2.6553,1.06,43.7218,3.8718,5.9046,0.9328,322652.4,205901.9025
002755.SZ,20260521,5.1866,2.77,61.334,4.9488,9.3226,0.6818,1633562.2178,1633544.7938
600623.SH,20260521,2.2217,1.3,34.5661,0.8898,0.4241,1.9135,2006075.5596,1772852.8227
688069.SH,20260521,6.7638,1.01,74.5334,5.5324,12.4566,0.6081,717550.0,717550.0
300958.SZ,20260521,4.2278,1.12,,1.7568,4.5966,,212378.0645,123371.9736
920765.BJ,20260521,3.1136,0.52,,4.0022,2.2178,1.5072,124208.79,75461.3516
920779.BJ,20260521,4.1026,1.17,40.6162,5.5041,14.1204,3.4387,244468.1202,61161.3657
603331.SH,20260521,6.8308,0.7,,2.7556,2.1243,0.5634,287089.4031,287089.4031
000880.SZ,20260521,27.4937,1.6,60.3722,7.3528,2.2292,0.5429,1586826.8816,776658.6828
001312.SZ,20260521,13.1656,1.07,23.6267,2.3443,3.2383,,547400.0016,134097.9911
688100.SH,20260521,0.943,1.06,27.7163,5.5148,6.3348,1.4327,1871353.7761,1871353.7761
301345.SZ,20260521,5.2766,1.36,26.7914,6.7173,5.5683,1.3472,2428413.7621,780077.4137
920720.BJ,20260521,2.5596,1.03,53.4407,5.6231,4.266,0.9905,307273.9544,85859.9207
301338.SZ,20260521,8.0276,1.15,92.5242,11.9045,15.5636,0.1053,2021600.0,1007475.0
300685.SZ,20260521,1.7663,1.04,20.9552,3.9948,6.2891,2.3272,745881.0831,744860.8954
603195.SH,20260521,0.4151,1.35,19.1064,4.4548,4.91,3.9074,7936722.8718,7904916.3824
920252.BJ,20260521,2.551,0.88,281.2762,8.8839,5.9748,0.2567,235891.2282,156795.3872
920489.BJ,20260521,5.5525,0.97,,4.4373,3.9207,1.1538,212876.352,135447.8252
600775.SH,20260521,4.0458,0.94,336.1352,3.5308,4.1036,,1098433.9119,807549.9119
603002.SH,20260521,7.3523,1.01,583.5466,4.962,4.8907,0.1323,1714726.7056,1714726.7056
605169.SH,20260521,1.8842,0.9,35.4955,1.8208,1.2167,1.8867,367178.24,367178.24
920807.BJ,20260521,2.2888,1.09,140.2452,2.067,3.2038,0.9398,193520.32,131458.181
300746.SZ,20260521,3.5882,1.09,42.8241,3.6172,2.3717,,297974.593,295079.994
000901.SZ,20260521,2.5942,0.87,190.0256,3.9783,3.4305,,1689792.3765,1689775.3876
301519.SZ,20260521,3.4269,1.09,,1.7139,4.0184,0.6747,235836.9605,110117.3378
002019.SZ,20260521,1.1787,0.92,35.4979,1.4194,2.4944,0.9634,1262612.9082,873797.1244
300073.SZ,20260521,5.0991,1.36,39.8673,2.1274,2.4504,,3183573.6641,2959426.2039
600843.SH,20260521,1.8572,1.02,,2.2478,1.4153,,609757.3404,401185.4342
603566.SH,20260521,0.7886,1.08,22.3072,1.4566,3.6352,5.3215,385513.3721,385513.3721
688811.SH,20260521,24.546,0.75,232.6999,10.6036,27.0955,,1668064.7366,306319.2725
603035.SH,20260521,1.384,1.12,14.1935,0.8704,0.6294,2.7248,468557.9153,468557.9153
603165.SH,20260521,7.4905,2.21,25.6786,2.1871,2.5777,4.3153,588016.5346,588016.5346
601928.SH,20260521,0.1696,0.76,13.4725,1.1319,1.9206,6.6225,2305679.4,2305679.4
000036.SZ,20260521,2.4714,0.81,83.8107,1.474,10.1469,,758062.1115,757609.8647
002651.SZ,20260521,1.0165,0.68,222.7177,3.2701,12.2496,0.6764,916679.02,501566.2496
605088.SH,20260521,2.3369,1.12,25.0795,2.4511,1.5542,1.5347,724745.6395,713982.0295
300079.SZ,20260521,4.3904,1.51,226.0483,1.9609,11.1545,0.1769,807131.8831,725317.4853
300644.SZ,20260521,3.5483,1.15,23.4596,2.7698,1.048,0.9042,299694.9612,239946.5428
603271.SH,20260521,3.2926,0.96,19.9565,3.0092,0.9095,1.0849,915731.6,440251.2614
688496.SH,20260521,12.9779,1.26,,0.757,1.059,,67500.0,35691.84
300001.SZ,20260521,4.8526,0.96,32.1502,4.6491,2.528,0.3909,4019487.6111,3940902.1055
300300.SZ,20260521,6.713,0.71,52.8777,28.1575,48.7487,,748869.2506,748821.5793
688678.SH,20260521,5.8562,0.96,115.8024,4.3453,4.6151,0.287,1003332.081,1003332.081
920504.BJ,20260521,1.6105,0.96,57.2703,4.3938,7.0489,0.9975,86882.8655,34269.2695
600830.SH,20260521,3.0698,1.41,51.0886,1.8551,10.1518,0.1622,420248.541,420248.541
688390.SH,20260521,3.6391,0.93,125.6787,11.681,3.5475,,3323146.6308,3323146.6308
920641.BJ,20260521,2.7016,0.57,231.5681,3.5979,2.4538,0.5988,125375.25,75854.1154
688270.SH,20260521,4.7196,0.99,187.8119,12.2845,58.6853,,2819059.572,2819059.572
002787.SZ,20260521,11.4336,1.21,74.5715,4.7191,3.7349,,872129.5106,652738.0166
920200.BJ,20260521,26.324,0.85,44.906,5.6974,4.9236,,653437.04,155825.046
300196.SZ,20260521,10.1325,1.32,23.3559,1.6267,2.4432,2.3899,759807.4703,459035.592
300327.SZ,20260521,5.1157,1.34,141.6041,5.092,7.1344,0.7366,921699.4644,914906.4237
688400.SH,20260521,6.7121,1.22,88.2903,5.3555,10.5581,0.0372,3056052.2289,2939648.6263
300708.SZ,20260521,15.1413,2.37,50.9114,3.0718,3.132,0.3195,881641.3202,666703.3845
002928.SZ,20260521,3.1073,1.45,13.8953,2.3671,1.2551,,942064.0224,942059.2503
300886.SZ,20260521,3.9094,1.08,88.2568,3.4259,5.2767,0.5481,204273.338,119198.0453
601615.SH,20260521,7.0419,1.63,98.6854,1.4308,0.9665,1.7325,3774438.0023,3774438.0023
300266.SZ,20260521,1.8133,1.32,,105.8086,3.5369,,323191.9213,323032.5517
002645.SZ,20260521,8.3975,1.41,45.7955,4.1812,2.0023,,1784267.8235,1589031.0275
688158.SH,20260521,13.0354,1.18,,8.1701,11.2774,,1987488.9519,1766678.3364
920018.BJ,20260521,3.6469,0.81,31.1213,3.614,1.1859,0.3772,337550.6742,117237.2938
688353.SH,20260521,3.3661,1.14,98.5978,4.2863,14.6751,,1512060.0,1512060.0
300083.SZ,20260521,10.3099,0.83,154.3401,3.4046,3.3187,,1808040.7717,1620444.7244
301035.SZ,20260521,0.4296,0.89,20.9631,2.5991,1.315,1.0585,1997966.251,1994840.9038
600389.SH,20260521,1.1951,0.71,19.5953,2.6244,1.8236,2.1594,1096865.55,1096865.55
605050.SH,20260521,0.7136,0.71,15.7863,1.312,0.4937,2.9279,585973.8962,585973.8962
001379.SZ,20260521,5.8002,2.11,56.9383,2.7591,1.9954,0.9606,416400.0,140113.7594
600428.SH,20260521,2.1429,1.26,11.733,1.2627,0.8792,3.5451,2159465.3509,1924439.7538
002839.SZ,20260521,0.9212,0.99,5.2491,0.5558,2.2315,5.1402,1046179.6489,1045184.5844
300421.SZ,20260521,14.9366,1.49,136.5697,6.2497,7.1929,0.4368,807701.7395,632641.852
600975.SH,20260521,1.2315,0.85,,3.7073,0.9517,,662320.7222,662320.7222
300870.SZ,20260521,3.5683,0.85,234.3774,16.3404,9.2369,0.2561,4263099.6271,4262630.4271
002177.SZ,20260521,10.7362,1.1,361.7504,3.4474,103.2992,0.0901,591445.6354,524412.0343
002591.SZ,20260521,7.1346,0.79,,3.9749,5.3312,,254268.9629,189315.0553
300782.SZ,20260521,8.0763,0.9,,5.2797,18.3237,,6959067.4916,5425139.7346
001306.SZ,20260521,9.9671,1.12,,3.5514,5.8833,0.2216,456043.9536,112466.3674
600861.SH,20260521,0.9097,1.2,9.9275,1.1038,0.1827,4.7358,835582.3718,541064.4756
000686.SZ,20260521,1.6919,1.52,11.4382,0.9187,3.8658,2.0962,1898107.3141,1898107.3141
000560.SZ,20260521,6.7903,1.55,,0.7208,0.6814,0.1514,668962.2417,664115.8791
600560.SH,20260521,1.995,0.92,63.1133,3.2306,3.9221,0.4979,318918.483,318918.483
688549.SH,20260521,25.7261,1.07,,7.7284,17.8003,0.0317,2326709.7,928177.425
920098.BJ,20260521,1.2227,0.84,33.5047,1.9694,3.8157,1.301,187524.7709,127696.2812
600663.SH,20260521,0.589,1.06,45.0661,1.4195,2.2131,2.1134,3579994.2658,2243691.0837
300868.SZ,20260521,3.5441,0.91,,7.798,18.4493,0.0498,1144914.496,722671.8069
300724.SZ,20260521,5.9222,1.07,13.8645,2.2215,2.348,1.3777,3021433.1521,2495922.8451
603007.SH,20260521,19.2775,0.88,,26.0419,11.0942,,610405.8097,479611.43
300071.SZ,20260521,4.7863,1.02,,26.826,5.0223,,431820.1825,423517.188
001279.SZ,20260521,13.0421,3.22,134.9867,5.2146,3.456,0.5649,531040.0,132760.0
001311.SZ,20260521,3.7854,1.25,41.865,1.8458,1.9577,1.8453,867252.5699,380558.204
688351.SH,20260521,2.0984,1.52,196.1824,6.7622,25.1285,,1222148.2,1222148.2
603860.SH,20260521,2.1666,1.26,43.2463,2.4,7.3641,0.5529,201773.68,201773.68
301042.SZ,20260521,1.4778,1.01,229.645,6.675,13.1453,,718152.8431,680014.5181
301419.SZ,20260521,11.4524,2.35,80.977,5.4666,11.6443,0.9406,531600.0,351416.838
002667.SZ,20260521,0.3774,0.16,,,11.8614,,478706.5855,434654.407
002353.SZ,20260521,1.9892,0.87,48.5729,5.7957,8.0913,0.6313,13615234.8672,9189431.5023
301295.SZ,20260521,8.6817,1.1,145.158,5.144,6.7424,0.4816,502286.4,146500.2
300123.SZ,20260521,3.9476,0.83,,15.0271,7.4848,,469021.8625,456255.3558
002155.SZ,20260521,2.578,0.87,22.0315,4.4285,0.6903,0.7166,3858186.0992,3857839.4294
688395.SH,20260521,2.9391,1.22,62.5751,3.3809,5.7619,0.4839,268452.932,268452.932
301103.SZ,20260521,1.9032,1.06,104.1501,1.4909,2.5882,0.8136,286343.9655,220400.1122
600199.SH,20260521,4.6933,1.65,,2.8677,9.052,,557811.7068,557811.7068
601158.SH,20260521,0.216,0.83,24.3081,1.168,2.7039,3.6854,2044810.8008,2044810.8008
001206.SZ,20260521,1.9784,0.93,20.247,1.7523,1.9881,4.4034,317092.8807,183272.5455
688511.SH,20260521,7.5793,1.68,149.5356,4.4789,27.9149,0.8718,353845.3616,353845.3616
000607.SZ,20260521,1.6619,0.96,,3.2106,3.0634,,381636.9038,331887.5415
001896.SZ,20260521,19.0644,1.77,66.5435,7.0097,2.3181,,2497704.0372,2497704.0372
600248.SH,20260521,0.5101,1.06,,0.4399,0.0975,2.7523,1222893.4385,1211776.7465
300810.SZ,20260521,2.448,1.28,,4.6926,10.8778,0.0645,361587.15,349195.7069
603915.SH,20260521,3.1077,0.8,47.3169,3.0819,4.3265,1.3508,1168805.8144,1168805.8144
600515.SH,20260521,1.0385,1.04,160.0113,1.5218,7.2749,0.1548,3690375.0014,2963852.0401
600556.SH,20260521,2.806,0.82,485.9541,2.6318,2.5566,0.1541,1008723.1842,1008723.1842
301263.SZ,20260521,1.662,1.23,438.0981,6.6276,16.5442,0.7532,1124589.8925,802377.9434
300983.SZ,20260521,2.4563,0.6,,2.3041,44.1198,,637286.4,563564.1577
300059.SZ,20260521,5.4145,2.52,24.0907,3.3581,83.4459,0.5005,31576467.2747,26648831.6448
603569.SH,20260521,0.7651,1.2,,1.44,1.0808,5.6872,382020.0899,382020.0899
920167.BJ,20260521,4.1193,0.89,33.7493,3.1187,0.5917,0.2062,207509.979,123276.1494
002206.SZ,20260521,1.5915,1.11,12.6071,1.612,1.1028,3.6809,627591.8988,570691.4324
002163.SZ,20260521,3.3393,0.85,,15.436,2.6288,,917624.2436,872654.0783
301279.SZ,20260521,3.4988,1.09,68.8382,3.3339,6.2591,0.7213,448107.2783,346998.8033
000856.SZ,20260521,7.396,2.45,186.3352,5.448,0.8469,,227908.0,227908.0
601099.SH,20260521,3.0795,2.01,144.5097,2.429,19.0016,,2412975.995,2412975.995
300057.SZ,20260521,9.5611,0.85,,1.5188,1.4136,,853035.7436,706329.5898
603236.SH,20260521,4.8333,2.03,27.9786,3.0656,0.8295,1.1835,2144572.295,1949611.18
600110.SH,20260521,6.0024,0.9,,2.8585,1.9051,,1611983.0858,1611983.0858
600962.SH,20260521,7.3903,2.15,372.9078,7.1547,3.8205,,677550.64,677550.64
603358.SH,20260521,4.7663,1.16,138.8316,5.1221,3.5571,1.2933,1816026.7318,1759723.9199
001382.SZ,20260521,9.1681,0.88,87.855,5.1344,2.7286,1.2231,842128.0,128772.0
002588.SZ,20260521,1.4041,0.78,9.9967,1.3747,0.8396,3.2344,1086234.1371,809694.2855
688726.SH,20260521,6.9969,0.66,52.5169,6.1275,5.1809,0.5814,2579495.8668,1399599.3525
600085.SH,20260521,0.4423,0.78,32.4698,2.4858,2.1036,1.9585,3501363.5789,3501363.5789
688123.SH,20260521,9.7793,0.89,82.9158,9.4672,19.7185,0.453,2445510.5369,2445510.5369
300170.SZ,20260521,7.203,1.01,89.2557,3.6126,5.9379,0.0746,2056154.6674,1962452.2917
603660.SH,20260521,6.5835,0.95,,10.0614,7.7006,,718580.9854,713222.8846
603516.SH,20260521,4.2324,0.77,82.6347,14.3502,73.0545,0.2068,2444707.5915,2444707.5915
920169.BJ,20260521,2.7243,0.91,74.4717,6.1419,10.1419,0.3952,206848.2304,130154.4602
603499.SH,20260521,2.4267,1.0,59.6295,6.8094,6.062,0.6858,630304.1144,630304.1144
300863.SZ,20260521,7.0355,1.02,87.1149,9.7645,3.4867,0.2761,1453658.3331,1396902.3023
600330.SH,20260521,11.3797,0.87,,4.3732,10.3057,0.0789,3391944.644,3391944.644
002185.SZ,20260521,14.0892,1.44,60.8281,2.7695,2.6905,,4962502.6399,4961330.1861
002587.SZ,20260521,4.6616,1.52,353.6906,3.2841,5.396,0.2933,443099.3136,360646.5094
002376.SZ,20260521,1.6545,1.12,69.284,1.45,1.8884,2.8715,552803.653,536824.9822
002806.SZ,20260521,11.126,1.73,,2.9066,2.8146,,324243.2424,265684.3597
600577.SH,20260521,4.998,1.29,49.9978,5.0042,1.1658,0.6341,3052405.0069,3052405.0069
300895.SZ,20260521,8.5748,0.77,,12.8741,36.1445,,962794.8926,944821.8729
920179.BJ,20260521,13.7241,1.21,249.2213,6.2583,17.7048,0.1899,473735.43,377361.0372
688646.SH,20260521,3.0943,1.52,,4.6399,9.2454,,656219.2152,404097.3814
002332.SZ,20260521,0.792,1.09,21.2427,1.3962,2.3132,4.662,848737.775,844764.244
300803.SZ,20260521,7.7849,2.53,309.4495,21.6479,37.9701,0.0786,6203413.1513,6158115.4985
603995.SH,20260521,1.3207,0.94,11.6482,1.1261,0.1544,4.3714,665424.8401,665424.8401
603459.SH,20260521,48.7868,1.5,130.3009,17.7588,18.7754,,7236788.1984,758976.8887
002057.SZ,20260521,2.1993,0.89,37.9444,2.0861,2.1298,1.3732,680756.9865,680242.4598
300164.SZ,20260521,20.0961,1.17,300.1839,5.0008,6.2156,,688496.5959,682356.6103
603733.SH,20260521,0.3685,0.95,14.2888,1.6753,1.1725,2.4048,1467819.9742,1467819.9742
300124.SZ,20260521,2.7706,1.49,44.4156,5.7874,4.5506,0.5245,21055803.4902,18743785.1951
603315.SH,20260521,6.575,0.81,125.3577,2.9774,4.01,0.5137,517711.8826,517711.8826
000767.SZ,20260521,7.8001,0.51,68.7303,2.2566,0.8827,,1363085.403,1290125.1711
001393.SZ,20260521,42.9601,,77.4982,6.3383,7.18,,2290625.3395,441345.1428
688376.SH,20260521,3.0037,1.0,93.438,5.2905,5.0038,0.2595,1035894.6391,1035894.6391
002296.SZ,20260521,3.5196,1.21,23.9436,1.6821,4.7701,1.845,422305.1753,376499.6875
603322.SH,20260521,8.8328,1.02,,21.2863,2.4452,,560063.473,560063.473
300246.SZ,20260521,6.7514,1.24,,5.1823,5.1143,0.2345,557790.4409,445477.8767
002841.SZ,20260521,1.3165,1.35,24.2188,2.0331,1.0411,1.8769,2660175.235,1985149.6971
302132.SZ,20260521,1.1817,0.89,50.0748,8.1077,2.2268,0.98,17368593.944,3809451.7435
605333.SH,20260521,0.8108,1.18,25.6771,3.1154,1.2519,0.9351,1074253.5399,1074253.5399
688516.SH,20260521,3.6375,0.73,62.0787,6.5581,4.0896,2.7483,2411014.2581,2406658.4619
688288.SH,20260521,2.9001,1.04,988.7438,3.1005,3.277,,232765.5577,232765.5577
301121.SZ,20260521,4.8889,0.97,8434.0919,2.3499,2.7295,,388880.5343,199078.1113
000411.SZ,20260521,3.5542,1.35,13.9981,1.2447,0.1988,2.9729,672735.3329,671409.4998
002244.SZ,20260521,1.1348,0.75,16.1695,1.0418,0.433,0.8087,3155004.1045,2796155.0308
600743.SH,20260521,3.6812,1.17,,10.3364,17.9827,,572448.6133,572448.6133
603348.SH,20260521,0.6885,1.09,,1.4297,0.9355,0.8475,556624.6298,556624.6298
920198.BJ,20260521,15.9044,6.77,186.5215,3.5937,8.4097,,147325.2151,64335.4607
301185.SZ,20260521,2.5938,1.6,49.1372,2.3625,14.2339,,256974.48,232267.8498
002718.SZ,20260521,1.8862,1.0,915.6202,11.0578,21.389,,1017718.8316,738877.2383
600864.SH,20260521,1.9908,1.18,38.1662,0.9129,7.3635,0.8834,1177602.9143,1177602.9143
301222.SZ,20260521,5.5088,0.8,51.534,3.0984,7.0293,0.6608,455096.864,345689.052
301043.SZ,20260521,1.926,0.84,50.7127,4.1128,6.3,2.7932,355436.0,296620.4893
601880.SH,20260521,0.6408,1.03,25.8012,0.9263,3.2975,1.4937,3771482.7541,2946088.1942
300077.SZ,20260521,15.6988,1.0,,10.1466,12.1788,,1767198.1802,1475850.5074
603335.SH,20260521,3.4515,1.04,57.7693,10.4948,3.2981,,296276.0632,296276.0632
603696.SH,20260521,1.8702,1.16,100.5197,5.7576,5.5729,0.6356,333043.2,333043.2
688307.SH,20260521,5.6909,1.02,161.8541,12.4059,14.9147,0.4054,1094938.516,1094938.516
600728.SH,20260521,1.9224,1.02,171.8151,1.4309,1.1153,,1130277.6083,1130277.6083
300848.SZ,20260521,2.9451,0.91,74.2029,4.3879,3.4955,0.3169,675206.6754,399427.3239
600644.SH,20260521,2.6835,0.51,285.9487,3.1463,1.9561,,650610.9203,650610.9203
300795.SZ,20260521,1.6486,0.85,20.1045,5.2673,3.708,2.6361,299192.7639,174159.1462
600156.SH,20260521,24.2806,1.57,,14.3514,7.0363,0.0767,524352.3554,524352.3554
002682.SZ,20260521,3.6746,1.44,,5.7739,1.4322,,304241.4094,304241.4094
301246.SZ,20260521,13.5806,1.0,51.2513,2.8305,5.9036,0.0913,1304422.1748,554622.5645
001288.SZ,20260521,2.8878,0.78,29.6129,2.6943,3.5037,0.7616,616798.0863,398932.0069
600343.SH,20260521,4.4269,0.77,,16.2855,26.4129,,2074170.631,2074170.631
603080.SH,20260521,3.3033,0.67,15.4768,2.0049,1.9838,2.4327,325733.0,325733.0
003016.SZ,20260521,0.9392,0.97,108.7947,1.2031,2.1539,,324222.1629,316790.6712
000006.SZ,20260521,4.1782,0.98,,2.6301,9.2587,,1412094.8181,1412084.1489
300701.SZ,20260521,4.8311,1.75,45.5631,3.4463,8.1273,0.8271,341826.7589,301188.284
600859.SH,20260521,1.375,1.01,,0.635,1.2372,0.7286,1234076.7036,1233963.2143
002267.SZ,20260521,0.9349,1.06,17.0757,1.2072,1.0328,4.5932,847401.4891,847401.4891
300442.SZ,20260521,4.1815,0.81,28.7723,10.4765,23.7003,0.5759,14967318.4415,14941728.7916
688106.SH,20260521,9.9856,1.06,166.8633,3.8557,5.496,,1548333.0961,1548333.0961
301193.SZ,20260521,8.184,1.43,,2.9183,1.932,,566981.3508,428349.8508
301221.SZ,20260521,5.8249,1.56,102.6688,2.3823,6.711,0.3816,485433.4743,328923.6087
603091.SH,20260521,1.7449,0.94,29.2055,3.6823,5.4195,1.1675,840709.5948,258544.433
688682.SH,20260521,3.3695,1.11,,8.0077,15.9543,0.294,494835.1908,494835.1908
600602.SH,20260521,4.8103,0.97,146.5596,5.8422,4.5011,0.2141,2874849.6024,2258184.885
003011.SZ,20260521,14.9854,2.71,29.105,1.8052,2.0803,2.4338,250632.116,187578.9013
920300.BJ,20260521,2.5362,0.99,,5.9153,10.5938,,94861.0742,73517.4799
601212.SH,20260521,1.456,0.79,,2.9628,0.5417,0.0629,4709436.589,4709436.589
605028.SH,20260521,1.0193,0.84,27.8508,3.092,12.2939,3.6423,395360.0,395360.0
688195.SH,20260521,4.8256,0.94,576.5021,40.788,64.5198,,4151746.95,4151746.95
300546.SZ,20260521,4.7363,1.21,142.0729,3.2728,6.1556,0.2287,367293.1359,263542.7225
002822.SZ,20260521,0.8538,0.62,,5.5268,8.2433,,594750.0,326028.6804
300748.SZ,20260521,4.0895,1.06,61.634,6.2145,5.6853,1.2099,4547698.2159,3735884.7771
688120.SH,20260521,4.5296,1.23,90.2163,12.8253,20.0566,0.1312,9902255.748,9902255.748
688486.SH,20260521,3.3169,1.21,62.2488,6.9983,19.234,,1129728.1037,1129659.8354
301060.SZ,20260521,1.9765,1.07,291.512,2.6191,3.0003,1.919,415336.129,373492.5641
300018.SZ,20260521,9.7351,1.06,49.5401,4.8806,10.3783,,704221.8627,523331.5011
301512.SZ,20260521,6.7792,1.24,91.2162,2.624,5.0049,0.7224,276853.6794,128806.3594
001283.SZ,20260521,8.9957,1.36,36.2879,2.1536,1.2792,0.4657,766863.1531,611743.2914
600754.SH,20260521,1.5161,0.98,22.2023,1.4633,1.6288,2.3865,2278679.7748,1936216.1626
688396.SH,20260521,3.8312,1.42,87.5393,3.4313,6.8731,0.1404,7942699.8664,7942699.8664
300591.SZ,20260521,4.3024,0.83,,18.7691,5.8653,,320887.9576,277201.8582
600212.SH,20260521,3.4362,1.16,2189.9025,8.1516,3.1584,,470372.3423,354828.3823
920237.BJ,20260521,1.0119,0.73,40.536,3.1016,4.7808,0.5351,161459.5039,158403.7131
603618.SH,20260521,15.8174,1.59,,10.2911,2.8787,0.149,2784169.6056,2784169.6056
000917.SZ,20260521,2.2353,1.08,270.2441,1.1033,2.5284,0.2497,1135462.6267,1135384.9498
300457.SZ,20260521,3.8855,1.34,30.4776,2.5901,1.7552,0.4192,1782630.7596,1754080.1501
300623.SZ,20260521,6.3349,1.19,58.2255,4.4161,7.2925,0.4608,2708420.1363,2497746.7388
600262.SH,20260521,2.9045,0.96,17.7814,2.16,1.3408,1.3294,404090.0,404090.0
002981.SZ,20260521,4.1891,2.22,70.8014,3.2947,1.9563,1.0038,350314.621,304274.5542
603123.SH,20260521,2.7618,1.22,,5.2564,3.7271,,856245.7049,699239.8173
688137.SH,20260521,1.5081,1.12,,1.6097,21.654,,325333.3352,325333.3352
300353.SZ,20260521,4.5709,1.23,129.6317,5.4696,12.8291,,1206419.8325,1059600.1666
603390.SH,20260521,7.5156,0.86,38.5276,2.9348,4.8378,0.6303,502159.0332,500533.9249
301281.SZ,20260521,4.7404,1.34,166.3343,2.8124,8.7342,,391576.64,256562.432
600941.SH,20260521,1.5603,0.8,15.4374,1.4735,1.9912,4.9551,209649648.9717,8734279.1132
000509.SZ,20260521,6.1066,1.84,,33.7262,5.7045,,407788.6598,407787.427
600096.SH,20260521,2.1262,1.04,10.8798,2.4122,1.2148,4.4332,5757004.7285,5757004.7285
300042.SZ,20260521,20.3796,1.01,111.5518,11.9633,9.1024,,1358110.8,1357985.7644
600760.SH,20260521,0.5416,0.91,40.066,5.4793,3.1448,0.3046,13030095.3055,13004623.984
002250.SZ,20260521,2.5415,1.34,31.2683,1.8946,1.8814,0.139,1294917.5593,1287870.1129
002468.SZ,20260521,1.5639,1.0,14.6232,2.042,0.3926,0.4326,2326819.2923,2225441.4225
603231.SH,20260521,2.1328,0.9,18.0296,1.576,1.7309,2.2196,319162.328,177145.392
002186.SZ,20260521,1.2401,0.77,290.0225,3.5068,2.3832,,299248.5483,299131.5483
002929.SZ,20260521,20.1434,0.86,,3.6226,2.3458,0.1608,2296527.6511,1733128.3315
000848.SZ,20260521,1.0802,1.05,13.4282,2.3885,2.677,3.5523,886380.0643,878684.2003
000517.SZ,20260521,0.9455,1.12,,1.2615,1.6857,,585841.7372,458525.5005
002074.SZ,20260521,2.3556,0.96,27.4527,2.186,1.3252,0.2832,6324374.5942,6052508.6633
002073.SZ,20260521,2.09,0.88,17.191,0.9645,0.7502,2.4886,614548.5318,608325.0318
002793.SZ,20260521,2.9441,1.02,,4.4995,2.0849,,494852.7611,494099.7966
300866.SZ,20260521,1.6049,0.87,27.6119,6.2321,2.1666,1.6846,6960867.1528,3992429.0274
301278.SZ,20260521,7.7266,1.59,214.5551,2.3782,3.0404,1.3539,338648.2398,194042.4141
600292.SH,20260521,3.6344,0.87,69.7806,3.5395,4.4924,,6176090.7434,619389.852
603978.SH,20260521,7.9331,0.9,,4.1248,1.9972,,684156.6231,684156.6231
002141.SZ,20260521,2.3916,1.31,317.1518,4.4926,3.4094,,362560.4651,362560.4651
600782.SH,20260521,1.1701,1.12,,0.361,0.2664,0.3471,916998.3789,905947.8189
600549.SH,20260521,3.4218,0.99,26.3234,4.3515,1.4848,1.2041,7963330.5032,7794522.8117
605123.SH,20260521,6.3958,1.47,54.7427,3.0939,3.7473,0.6604,1431149.4054,1431149.4054
002768.SZ,20260521,3.1064,0.96,19.4269,2.7799,0.863,0.4298,1917155.0,1124825.0675
603680.SH,20260521,0.9155,0.93,17.2662,1.8266,2.4427,2.1914,1072910.992,1072910.992
600686.SH,20260521,2.36,1.19,17.6888,2.782,0.3983,0.6383,1011036.858,1011036.858
002707.SZ,20260521,1.902,1.0,,6.2221,0.8092,,560147.5688,493043.1041
300786.SZ,20260521,14.8366,1.13,,3.1725,6.1411,,354782.6147,282248.0542
002383.SZ,20260521,1.7566,0.97,,4.1919,4.6682,,629306.2593,629306.2593
300220.SZ,20260521,2.0448,1.09,,34.1673,8.4413,,207144.0,206896.5068
300763.SZ,20260521,4.9512,0.82,70.6576,4.7635,6.2862,0.1851,4307808.545,3480284.9436
603227.SH,20260521,1.0552,0.52,19.0128,1.7621,1.6776,2.3283,920584.0199,920584.0199
301365.SZ,20260521,3.5807,0.9,143.8439,3.5534,8.6828,2.0132,625860.0,352506.4379
300149.SZ,20260521,2.3406,1.09,,3.5343,3.9745,,453147.2327,431852.7568
600863.SH,20260521,6.0258,2.06,17.8905,2.0959,2.1115,3.2843,4372035.7745,3642003.3985
002908.SZ,20260521,1.8596,1.02,,3.1214,6.5729,0.6226,342557.0779,255536.6978
301177.SZ,20260521,0.4966,0.97,73.3724,1.8176,7.7652,1.7477,1144384.9385,1143628.59
300080.SZ,20260521,2.7573,0.7,,1.8133,2.276,,779326.2614,778265.6228
000100.SZ,20260521,12.4827,4.77,17.962,1.4501,0.4849,1.0872,9089976.8893,8360678.1656
001317.SZ,20260521,4.8309,0.94,,4.712,4.1418,0.1673,478483.9424,478012.1174
603098.SH,20260521,1.1946,1.21,75.3135,2.3853,2.4116,0.3959,681641.0722,680504.3722
000670.SZ,20260521,10.1652,1.26,,222.1477,1.3861,,683382.7313,664887.0497
600662.SH,20260521,0.5568,0.93,15.4925,1.9372,0.4288,5.2175,1050390.3925,1047176.7115
300218.SZ,20260521,2.6204,1.26,34.009,1.96,1.3759,1.7362,307904.553,306896.2031
000031.SZ,20260521,1.035,1.44,,1.1065,0.34,,1131586.7215,1131584.4411
301515.SZ,20260521,2.6164,1.03,,1.8552,3.0395,0.507,227300.0,149041.8602
002470.SZ,20260521,3.6061,0.72,217.107,3.7915,0.7681,,808362.8245,808291.0356
300225.SZ,20260521,5.0559,1.13,151.4982,4.4357,4.5896,0.2445,388901.4046,386133.538
300702.SZ,20260521,1.587,1.24,69.6166,1.8098,2.1403,0.2611,666376.2595,402935.1328
000612.SZ,20260521,3.7582,1.06,9.9457,1.8333,2.0871,1.097,1412756.2819,1412756.2819
600893.SH,20260521,1.216,0.86,193.0872,3.0222,2.5723,0.2128,12152444.131,12150303.7717
688036.SH,20260521,1.7685,0.92,25.9613,3.4109,1.0533,3.6199,7245555.5262,7245555.5262
605577.SH,20260521,0.8345,0.94,19.9243,1.1806,3.0597,1.4019,475555.5562,475555.5562
000020.SZ,20260521,5.1274,1.47,104.3903,8.1576,4.54,,362446.3706,231891.7005
600208.SH,20260521,6.1472,2.52,179.571,0.6516,7.9732,,2722861.056,2722552.4278
301093.SZ,20260521,2.6829,0.88,426.7467,8.2115,29.9895,0.1396,1809666.0981,1730261.5234
301428.SZ,20260521,8.0389,1.25,,2.7246,3.1493,0.2975,328362.6678,204076.471
002191.SZ,20260521,1.3319,0.85,,0.8746,1.6218,,544417.0628,540193.0939
300842.SZ,20260521,7.0019,1.02,,8.1639,0.6372,,1309842.1629,1164158.903
000565.SZ,20260521,3.3651,1.02,117.4347,2.5337,7.8632,0.2,325194.165,325194.165
920145.BJ,20260521,1.8392,1.0,,3.4697,16.7359,,89457.4,61615.924
600998.SH,20260521,0.528,1.0,12.018,0.8817,0.1478,4.1118,2425428.1826,2425428.1826
002238.SZ,20260521,1.0256,0.92,,2.8964,4.4754,0.7102,565001.6486,565001.6486
300497.SZ,20260521,5.6904,0.76,2175.888,3.8071,6.5343,,855374.5072,718633.7915
301020.SZ,20260521,14.113,3.65,51.3802,4.6662,8.2245,0.9633,471115.2,471115.2
600173.SH,20260521,1.516,1.06,,1.2969,1.9344,,463735.1335,463675.5535
600178.SH,20260521,0.8484,1.15,,1.7929,0.8075,0.0512,455280.7331,455280.7331
300176.SZ,20260521,3.4262,1.18,50.4621,2.471,1.3215,0.319,242825.0616,242825.0616
688187.SH,20260521,1.9187,0.74,16.9258,1.6122,2.376,2.7907,6954146.5099,4483562.7619
605080.SH,20260521,1.5246,1.02,21.2996,1.564,3.4097,0.7831,355975.2126,352983.268
920087.BJ,20260521,1.8671,0.65,218.9459,3.6664,5.9753,1.25,198240.0,196855.35
002782.SZ,20260521,11.0899,1.36,54.8301,6.5308,2.4833,0.7092,1398618.5167,1371933.384
688577.SH,20260521,3.2621,1.13,161.8587,10.0715,11.0257,0.4573,1042802.3405,1042802.3405
601360.SH,20260521,1.5063,1.22,114.9522,2.541,8.3934,1.8868,7419531.3517,7419531.3517
603998.SH,20260521,1.1599,0.95,14.6112,2.5828,2.5004,4.902,447862.9872,447862.9872
300751.SZ,20260521,7.2806,1.09,113.9601,9.792,10.6353,0.3966,7721395.0041,5339028.8562
002249.SZ,20260521,5.1621,1.17,22.1352,2.5129,2.0075,2.9852,2428767.4083,1834006.4547
002328.SZ,20260521,10.2406,1.27,36.1138,2.1688,2.0535,1.4792,740899.2,547959.5472
000753.SZ,20260521,2.0205,0.99,87.9768,2.159,2.2076,0.3339,593897.1615,593897.1615
600288.SH,20260521,3.3212,1.37,37.044,3.0445,3.4597,,605841.6,605841.6
600558.SH,20260521,1.5499,0.97,24.9287,1.9792,1.2985,2.7422,490989.8426,490989.8426
300510.SZ,20260521,4.2396,1.36,,1.6775,3.4072,,321629.373,321629.373
002025.SZ,20260521,8.3427,1.52,174.4464,4.9427,5.5107,0.3185,3288624.5084,3277858.5214
002983.SZ,20260521,9.2752,1.34,50.7654,4.0176,5.832,1.6009,557814.5793,319624.8499
603090.SH,20260521,17.6224,2.37,100.1143,12.2619,9.4432,0.3935,762400.0,762400.0
300628.SZ,20260521,1.5717,1.31,17.5748,4.7429,7.5642,4.8035,4735258.1156,2712873.9955
600125.SH,20260521,0.9562,0.98,14.1682,0.9743,0.6717,2.3932,763730.2963,763730.2963
688786.SH,20260521,3.4413,1.47,55.2158,5.9159,10.3991,0.6369,470369.8098,470369.8098
600702.SH,20260521,1.5591,0.84,128.2133,1.9441,3.2149,1.0174,1390266.5965,1389681.6765
601965.SH,20260521,2.6417,1.47,15.8887,2.0729,3.3935,2.0556,1659052.7831,1651363.0725
603817.SH,20260521,1.9906,1.08,15.9821,1.1455,2.6925,0.9132,374545.2136,374545.2136
603989.SH,20260521,10.062,1.88,39.2855,2.6073,2.5638,0.5805,1030447.1582,1030447.1582
300010.SZ,20260521,3.5317,0.6,,3.4345,5.8647,,595184.4458,479039.5227
601619.SH,20260521,1.9493,0.72,25.8129,1.9633,6.4295,2.6736,1564159.5757,1307426.5082
001278.SZ,20260521,2.9841,0.94,,2.1956,1.1818,0.4771,259345.2064,178811.5961
605166.SH,20260521,4.401,2.3,33.9052,1.6734,0.6463,1.2583,332672.5062,332672.5062
688189.SH,20260521,4.8525,0.52,,3.337,20.103,,256015.2,256015.2
601163.SH,20260521,0.6387,1.27,11.918,0.8201,1.1562,3.6501,1161600.0,1161600.0
603303.SH,20260521,1.1928,0.8,43.1043,3.3022,2.4625,6.0723,1063586.4023,1063586.4023
603212.SH,20260521,4.299,0.86,,2.5747,2.3841,,615549.3249,615549.3249
688488.SH,20260521,1.9167,1.86,,6.8093,9.4887,,663574.4882,663574.4882
000028.SZ,20260521,0.4004,0.77,12.1435,0.7039,0.1824,1.5314,1330190.534,1142546.3115
300533.SZ,20260521,4.5038,1.26,22.2441,4.1656,2.5137,3.6996,633750.7049,445923.8516
603161.SH,20260521,2.1699,1.54,30.4067,1.7423,1.2035,1.1948,266338.5559,261325.7875
688198.SH,20260521,0.4461,1.02,62.0286,9.1749,18.9237,0.8753,1255711.9804,1255711.9804
002795.SZ,20260521,12.4288,1.48,,9.2696,6.0634,,413419.4317,406625.4944
920394.BJ,20260521,1.5597,1.23,54.9432,8.6,15.8431,0.4179,699952.5,694797.0782
002836.SZ,20260521,1.2857,1.03,64.6426,6.9663,6.029,2.0156,276710.4,276710.4
603289.SH,20260521,4.0542,1.1,41.7866,2.2035,2.6896,1.3428,327718.9791,327718.9791
002306.SZ,20260521,2.4793,1.53,,26.838,5.6143,,186129.175,174187.5228
301303.SZ,20260521,2.6243,0.95,17.5208,1.6335,3.1721,2.5036,571502.4,142875.6
001268.SZ,20260521,3.3053,0.66,137.3933,4.3139,5.9518,1.0953,439288.6694,274453.6694
600497.SH,20260521,4.8589,1.06,38.7206,2.7092,1.8425,1.7356,4657311.5663,4657311.5663
002120.SZ,20260521,1.1753,1.02,15.652,0.9837,0.4036,2.763,2093223.3574,2032523.7972
301319.SZ,20260521,8.6454,1.06,176.5104,13.2753,9.642,0.4064,1531831.827,1150581.5085
603108.SH,20260521,8.836,1.24,,2.3821,1.2793,0.2067,875973.5478,875973.5478
002809.SZ,20260521,18.0881,1.02,,1.2342,2.7626,2.8288,224403.0389,158752.2453
001234.SZ,20260521,3.8167,0.89,69.1088,2.9351,3.2199,1.1844,277144.9021,231732.7715
920101.BJ,20260521,2.8401,1.67,27.0682,2.6773,3.3249,,287413.713,89686.9697
002488.SZ,20260521,2.3988,1.01,199.5031,3.2799,2.9123,0.0867,1137786.8513,1051656.0109
000721.SZ,20260521,2.0502,1.06,,29.3601,6.9738,,372470.3859,332521.8399
000793.SZ,20260521,0.9814,0.57,,173.5377,14.6445,,531267.2916,521628.2916
600243.SH,20260521,6.4908,3.69,,3.1429,4.8447,,173345.75,173345.75
920339.BJ,20260521,1.663,2.75,88.7361,3.1263,3.626,1.1691,187833.8414,128954.0962
002463.SZ,20260521,4.0089,1.33,46.3878,12.6081,9.4479,0.4822,19955649.8787,19939544.7398
605196.SH,20260521,1.9952,0.67,65.4338,5.9628,2.4843,0.1588,2018851.0871,1995107.9477
002067.SZ,20260521,12.3543,2.49,77.2121,1.1559,1.236,,772823.419,700904.419
300291.SZ,20260521,2.311,1.04,,2.6513,7.2739,,540644.6597,533742.4492
300819.SZ,20260521,7.569,1.12,220.4259,12.9726,20.0395,0.522,1143357.915,1032683.1218
300355.SZ,20260521,2.1439,1.56,215.2034,1.2623,1.9865,0.1205,532608.3709,453608.5436
300611.SZ,20260521,9.1346,1.71,45.4703,4.5642,2.8778,,587631.9091,412875.4963
920455.BJ,20260521,0.9215,1.02,46.849,3.9503,7.5437,1.9178,129538.5,68446.5827
002371.SZ,20260521,3.198,1.41,86.1827,12.2297,11.5881,0.1179,48055677.6082,48017267.1499
688122.SH,20260521,3.1496,1.66,56.7114,5.6367,7.7291,1.0442,4044161.4938,4044161.4938
601595.SH,20260521,1.1845,0.98,165.5875,5.9336,11.8653,0.2143,1003968.0,1003968.0
300965.SZ,20260521,7.5724,0.64,150.6047,3.3512,22.5138,0.8388,414900.0,374058.2813
688109.SH,20260521,2.7698,1.69,201.6632,8.0858,15.3987,0.8252,641382.1105,641382.1105
920039.BJ,20260521,0.6823,1.31,49.3529,2.507,5.0853,2.2573,136284.52,136284.4314
688625.SH,20260521,3.2279,0.99,58.4256,10.8345,17.097,0.4404,1720688.5293,1720688.5293
600481.SH,20260521,18.2046,1.33,,3.7088,2.3655,,1610061.6184,1610061.6184
600581.SH,20260521,1.174,1.0,,,0.2189,,404685.0377,404685.0377
000548.SZ,20260521,5.3458,3.29,68.026,1.2401,5.2074,0.9728,256596.9269,256596.9269
300920.SZ,20260521,3.7431,1.24,172.7187,3.6878,10.4788,0.23,434700.0,285460.6435
300445.SZ,20260521,5.1239,1.14,44.4958,3.93,8.3664,,516204.9316,345225.1622
603886.SH,20260521,3.0657,2.27,29.4992,1.8779,1.3412,8.6207,278400.0,278400.0
601038.SH,20260521,0.6864,1.07,16.9817,1.745,1.3122,2.8813,1434895.0162,934387.6362
000818.SZ,20260521,5.7134,0.88,,4.4154,2.5433,,964920.057,962305.1238
000999.SZ,20260521,0.3655,0.83,12.7133,1.7648,1.2477,2.8274,4102297.02,4098540.7174
301259.SZ,20260521,7.3846,1.5,194.3976,6.8593,23.695,,607308.0,357647.1849
601678.SH,20260521,13.5034,1.09,44.46,1.0487,0.8185,0.6557,1225874.4205,1217828.4205
600598.SH,20260521,1.5719,1.24,22.522,3.1718,5.1155,3.5924,2721627.9407,2721627.9407
301589.SZ,20260521,4.493,1.04,28.5711,4.3343,4.6152,0.6606,1659626.496,618714.9619
920128.BJ,20260521,3.5049,0.84,182.9436,3.9082,3.5581,1.6188,200620.49,60045.3
600552.SH,20260521,16.6679,1.85,130.2276,4.0048,2.8476,0.2732,1728630.616,1728630.616
002142.SZ,20260521,0.3518,1.17,6.918,0.8956,2.8191,3.8059,20821121.7672,20808041.0706
603633.SH,20260521,2.5807,1.14,,1.8783,2.1766,0.3494,326937.0866,326937.0866
002166.SZ,20260521,1.9804,1.43,41.1403,2.0446,3.113,1.1402,637042.4961,634444.8801
002098.SZ,20260521,1.1757,1.2,15.4803,1.8733,1.0369,1.2563,284968.0,284968.0
300279.SZ,20260521,4.4947,1.05,99.7369,3.4932,2.0746,,365357.319,363747.3189
000012.SZ,20260521,2.9657,2.66,1090.9468,0.9337,0.8922,1.7205,1216987.5244,783726.6392
603685.SH,20260521,1.3997,1.05,221.4781,3.9489,7.0812,0.0172,787984.7835,632602.4456
601606.SH,20260521,1.2141,0.78,3872.1897,12.2897,17.0387,,2681817.7652,2681817.7652
601609.SH,20260521,7.5005,0.92,29.6498,2.2616,0.1705,0.6984,2288716.9675,2288716.9675
002494.SZ,20260521,4.5003,1.31,78.511,1.7241,4.2452,,216953.6629,164893.0019
603380.SH,20260521,5.129,1.32,32.4763,4.2463,3.0172,2.3419,685083.924,685083.924
301363.SZ,20260521,3.8003,0.7,55.4665,4.2193,9.2152,0.5384,1596821.4023,1047580.8435
603638.SH,20260521,1.2657,1.04,47.5704,5.7862,5.8653,0.5915,2107641.2222,2107641.2222
920682.BJ,20260521,1.7245,0.79,30.6147,2.428,0.6705,2.4295,267111.936,154903.4552
600996.SH,20260521,4.1096,0.98,,7.0643,9.012,,1108405.0702,1108405.0702
002582.SZ,20260521,7.2229,1.06,2.5211,0.9552,3.4389,8.9321,488449.3091,375565.3796
300417.SZ,20260521,5.3902,1.22,,4.2699,8.4625,,193636.4448,120286.5856
603042.SH,20260521,8.7206,1.1,,3.9571,3.9832,,330012.1212,330012.1212
001965.SZ,20260521,0.2372,1.39,14.8522,0.981,4.8721,4.1247,6876636.1319,6876636.1319
600322.SH,20260521,3.3378,1.52,,34.7422,3.1262,,264262.3,264262.3
600606.SH,20260521,0.8631,1.09,,0.5104,0.1143,,1967590.564,1967590.564
002851.SZ,20260521,4.8879,0.89,443.0623,7.5657,6.8734,0.0403,6787012.371,5345473.8093
000034.SZ,20260521,7.8729,1.33,52.5768,2.543,0.1867,0.1862,2847887.7961,2378463.1054
002262.SZ,20260521,1.2275,1.12,19.6151,2.5156,3.5051,,2106741.3731,1833264.345
000430.SZ,20260521,2.8955,0.54,,3.279,12.7739,,595891.6338,272729.5737
600693.SH,20260521,3.4302,0.63,160.9212,2.2828,4.4274,0.8448,823744.395,822898.2846
002896.SZ,20260521,9.5798,1.46,278.6609,13.0377,14.9219,0.2502,1570805.7013,1570805.7013
000929.SZ,20260521,1.3111,0.62,,5.8534,5.241,,204156.834,204143.8911
603797.SH,20260521,1.0742,1.07,21.6512,0.795,2.602,1.9481,266391.5978,266391.5978
002823.SZ,20260521,3.8382,1.34,22.295,2.6036,1.8406,2.6514,528017.27,351972.9605
301066.SZ,20260521,2.8452,0.74,97.345,2.7841,4.7901,0.3241,358727.5905,355969.1551
301307.SZ,20260521,16.8825,1.7,,5.2613,3.1911,,1284660.0,663566.174
688583.SH,20260521,8.2696,1.22,145.7712,9.3304,29.9028,0.4561,1110746.0,387045.2487
603005.SH,20260521,28.7677,3.41,63.6476,5.1352,15.51,0.3322,2353035.5152,2353035.5152
002460.SZ,20260521,4.791,0.97,41.4978,3.3997,5.5407,0.1991,15794398.9453,9124105.4803
688095.SH,20260521,2.7321,1.0,149.3067,2.6888,6.4438,0.3808,706757.2777,706757.2777
300165.SZ,20260521,4.9441,0.67,,3.0745,5.1872,,324560.1799,275450.2147
000636.SZ,20260521,11.5474,1.31,128.7656,3.1699,6.5981,0.435,3956985.1816,3956984.8396
688560.SH,20260521,3.8573,1.3,,1.2263,4.2371,,314634.8978,314634.8978
000807.SZ,20260521,1.8832,0.95,11.9818,2.9172,1.6771,1.6672,10400404.2576,10400295.3819
600769.SH,20260521,3.8624,0.55,368.3824,55.9181,86.8569,,708706.908,708706.908
002182.SZ,20260521,3.4884,1.35,,2.8338,1.4951,0.3313,1496613.4535,1306047.5203
688146.SH,20260521,12.4028,0.7,187.9744,11.5369,27.68,0.1353,6769588.2391,1853742.1567
600973.SH,20260521,3.1722,1.12,,2.7907,0.1803,,944871.3449,944871.3449
300773.SZ,20260521,8.2491,1.82,12.1625,4.1564,3.4545,1.5569,2024765.5038,1914992.3202
601963.SH,20260521,0.9852,1.26,7.1417,0.6997,2.6783,3.3622,4158735.921,2333032.3997
688325.SH,20260521,3.3873,1.01,111.9182,5.8608,20.624,0.8089,1040214.7451,1004547.2165
920159.BJ,20260521,8.6491,1.0,19.7958,2.5387,1.1744,,282112.0,53452.8
300705.SZ,20260521,1.6541,1.21,14.4718,2.1696,1.9413,2.6308,584340.0352,430861.1478
688081.SH,20260521,3.5908,1.75,,15.0756,36.0054,,594540.8,594540.8
688785.SH,20260521,12.5495,1.16,304.1144,13.1336,57.2144,,2931483.0904,551107.8945
300364.SZ,20260521,7.7186,0.89,,75.0297,10.9249,,1894100.3068,1717106.2298
605099.SH,20260521,1.3013,0.82,24.5789,5.2489,5.1323,1.468,1751046.0507,1746320.2107
600997.SH,20260521,0.6675,1.06,,0.616,0.4809,0.3817,832007.1219,832007.1219
002338.SZ,20260521,5.032,1.73,153.6311,10.396,17.47,0.0958,1502640.0,1502640.0
301017.SZ,20260521,2.9543,1.03,55.4517,2.6913,0.5202,,548786.3508,350014.381
000725.SZ,20260521,2.8507,1.3,29.1987,1.2766,0.8475,1.0769,17373789.862,17044240.2715
603799.SH,20260521,3.1706,0.91,14.559,2.1607,1.2035,0.8856,10708923.4481,10657430.2343
000875.SZ,20260521,1.877,0.75,136.8968,1.292,1.7644,0.9105,2270671.4119,2092329.4837
002351.SZ,20260521,2.5957,1.05,22.6276,3.3655,3.5895,1.8127,975350.379,571599.2822
300997.SZ,20260521,1.4404,0.82,160.4683,7.5918,5.0926,1.1071,755516.6913,685776.7563
600829.SH,20260521,1.1934,1.29,37.3099,1.662,0.4833,,509142.1882,509142.1882
002451.SZ,20260521,4.2641,1.33,291.3057,5.0362,2.5258,0.113,388670.94,387329.418
688027.SH,20260521,5.037,1.55,8291.8106,17.189,176.5526,0.003,5542562.1779,4330892.5531
002514.SZ,20260521,24.2808,15.0,,,14.202,,324015.4188,249314.6763
000656.SZ,20260521,1.405,0.96,0.499,3.748,2.4202,,1541941.8366,1104628.5626
601512.SH,20260521,0.5981,0.68,14.1866,0.8425,4.5257,1.4764,1299537.63,1299537.63
301015.SZ,20260521,1.263,1.24,22.6168,4.6669,1.5593,3.4479,1161629.2102,1161480.0352
603113.SH,20260521,1.231,0.96,,0.603,0.2786,6.8489,439518.1391,439518.1391
688347.SH,20260521,10.5881,1.28,595.1633,6.49,16.3106,,29365992.5117,6890975.0
000338.SZ,20260521,1.9806,0.88,24.8763,2.949,1.1871,2.1751,28123617.8259,16151275.475
001389.SZ,20260521,6.1424,1.29,72.3725,11.7226,13.455,0.2675,8452895.548,2719031.2217
002458.SZ,20260521,1.8968,0.66,42.4523,2.6984,3.8433,1.3599,1196477.3806,807898.339
300506.SZ,20260521,1.8183,1.17,,5.3204,44.1942,,727054.2502,374695.2216
001233.SZ,20260521,4.5819,0.77,22.1093,2.2039,4.6446,3.5778,1039590.9371,197807.2928
688768.SH,20260521,3.5386,1.59,63.0589,3.9556,6.7569,0.8791,427625.1452,424100.8481
603248.SH,20260521,27.5826,1.33,68.8126,5.7657,10.2881,,1346880.0,202936.5119
002677.SZ,20260521,1.391,1.27,727.7159,3.2892,11.2954,4.0,484538.7353,413632.3875
603260.SH,20260521,0.8758,1.09,,1.5997,2.3211,1.121,4706365.8321,4706365.8321
688125.SH,20260521,2.1144,1.03,,9.0143,23.0935,,1617232.2024,1608634.2813
301158.SZ,20260521,5.132,1.24,35.3258,2.6303,5.2459,1.327,368407.7495,358907.681
600198.SH,20260521,4.7502,0.93,,58.5255,10.8812,,1126313.4594,1124884.6307
600681.SH,20260521,2.7337,1.49,21.0651,1.4027,1.0236,6.1039,516229.1019,515826.3772
002119.SZ,20260521,15.0457,1.2,73.524,6.1292,3.5306,0.176,853020.532,853020.532
920110.BJ,20260521,0.7359,0.94,29.5513,3.1624,5.9841,3.283,118794.0,49463.994
603138.SH,20260521,5.4775,1.26,,6.3938,9.7594,,517215.9696,507483.416
300789.SZ,20260521,2.7071,1.21,97.6694,3.0532,6.4416,0.6753,323804.2273,192088.7721
301157.SZ,20260521,13.4131,0.67,143.9914,4.0147,16.2619,0.2688,446400.0,153694.0692
002357.SZ,20260521,2.7185,0.83,20.0691,1.936,4.2191,0.9149,342643.5163,342631.2201
688073.SH,20260521,2.6563,1.33,29.7483,2.3781,3.6973,1.5591,499401.7993,499401.7993
920425.BJ,20260521,6.7726,1.36,41.5678,6.401,13.2688,0.5499,184293.1517,153836.1482
600346.SH,20260521,0.5324,1.1,14.931,1.8866,0.6906,2.7968,13339094.0945,13339094.0945
002135.SZ,20260521,3.7393,0.76,551.2971,1.5416,1.0819,0.8168,956002.3651,894597.9569
600170.SH,20260521,1.1905,0.88,15.9223,0.721,0.1051,2.3622,2257028.695,2257028.695
002811.SZ,20260521,3.0399,1.49,23.3142,2.6516,2.5902,3.5059,384962.5063,353233.6975
688088.SH,20260521,3.1339,1.22,66.8397,6.3378,18.6719,1.0721,1756725.1816,1756725.1816
688697.SH,20260521,5.4316,0.91,35.4148,5.7268,3.6108,1.7879,1096228.1119,1096228.1119
000529.SZ,20260521,0.6479,0.88,28.8173,0.9556,1.489,2.277,307657.5039,300329.0667
300110.SZ,20260521,1.631,1.21,,3.9876,2.5639,,340477.3388,340179.1508
603616.SH,20260521,18.6353,1.83,,12.9624,3.4558,,275879.19,270926.565
001332.SZ,20260521,5.4364,1.01,26.1804,2.6804,5.3111,0.4651,712660.5,309622.5815
688326.SH,20260521,4.2737,2.23,260.4804,2.8139,1.6635,,1113052.1088,1035866.2749
301255.SZ,20260521,25.263,2.34,124.0821,4.6175,10.6763,0.4412,493212.16,123303.04
603269.SH,20260521,8.0324,0.72,54.4223,6.2814,3.3621,1.0204,648378.7128,648378.7128
600479.SH,20260521,1.4563,1.09,16.1652,1.6051,1.3859,3.0246,498116.5362,423529.2024
002968.SZ,20260521,1.9128,1.07,25.0209,1.9105,0.7793,3.1602,238044.2277,224088.0538
920564.BJ,20260521,2.8379,0.97,,6.6885,9.6835,0.1813,204760.1211,94196.6217
600184.SH,20260521,6.3343,0.75,298.167,4.4702,6.236,,1527911.4211,1527911.4211
600237.SH,20260521,9.7854,2.04,51.0309,2.9897,4.4761,,598334.7775,592760.3895
688039.SH,20260521,4.9318,1.07,,4.9374,14.4163,,512526.9988,512526.9988
688820.SH,20260521,26.6434,0.98,334.1573,17.1166,49.0187,,32933846.035,3056918.7282
301188.SZ,20260521,16.2844,1.45,288.6715,5.9106,11.2982,0.1966,1158701.0796,1158701.0796
600258.SH,20260521,1.4699,1.16,18.1177,1.2395,1.9918,2.649,1517463.6482,1517463.6482
300204.SZ,20260521,5.3227,1.43,,15.528,61.6676,,1257497.3648,1194044.9666
300935.SZ,20260521,10.9181,1.39,,4.4673,26.5742,,328366.4311,249112.6903
688612.SH,20260521,5.2569,1.95,23.6024,3.7024,2.187,1.0817,1389189.3568,836959.4191
300941.SZ,20260521,3.0032,1.22,113.5204,2.6325,13.2533,0.7579,340089.75,205596.3576
300645.SZ,20260521,2.8282,1.03,162.1856,2.0334,1.6158,0.1297,214012.4116,209816.5887
603202.SH,20260521,2.7292,0.98,13.555,1.5944,2.916,5.0949,1096000.0,343962.9682
300224.SZ,20260521,2.3838,1.08,41.6156,2.3678,1.7093,1.5608,1185712.3313,1181346.625
603773.SH,20260521,16.1884,1.59,,17.2418,7.0093,0.0609,1820816.2006,1820184.2446
688171.SH,20260521,2.1075,0.68,336.0286,5.1669,27.1287,0.0813,427076.7932,427076.7932
600730.SH,20260521,5.5076,0.79,,4.428,106.1006,,742706.4985,742706.4985
600697.SH,20260521,2.3687,1.23,,0.8395,0.2832,0.8475,187723.9285,183343.6977
600023.SH,20260521,1.2104,1.03,10.3454,0.9922,0.9865,5.9545,7656386.3997,7656386.3997
002429.SZ,20260521,5.292,1.48,46.9078,3.2678,3.0264,0.8763,5527394.4811,5524210.1571
000422.SZ,20260521,2.5757,0.81,16.3984,2.5184,0.5506,1.3814,1567209.57,1524371.522
002184.SZ,20260521,4.2068,1.36,,3.349,1.8585,,425809.1277,290848.1852
300793.SZ,20260521,2.9796,1.28,,1.9685,2.609,0.8217,549888.577,537666.0445
000757.SZ,20260521,2.6728,1.03,48.4369,1.4427,0.886,,231731.5013,231731.5013
002202.SZ,20260521,5.2918,1.16,33.551,2.6268,1.3216,0.5659,10445429.324,8317948.0653
002362.SZ,20260521,2.6017,1.25,,4.7676,2.2621,,432684.7234,367441.2596
300456.SZ,20260521,14.1543,1.3,23.7992,5.3259,51.3722,0.8007,3383556.8922,2760811.4963
603678.SH,20260521,3.7534,1.23,64.44,2.6469,3.4592,0.6395,1628815.7112,1628815.7112
600158.SH,20260521,11.1961,0.89,,4.5622,4.9979,0.1727,1094804.4094,1094804.4094
300587.SZ,20260521,2.8735,1.15,,3.2795,4.6583,0.4762,734820.1391,595778.6812
300437.SZ,20260521,7.5156,1.3,,2.4086,3.599,,333231.0088,236127.0613
688708.SH,20260521,1.6795,0.91,45.8528,5.7295,18.0283,0.1976,2024450.61,720060.6074
600010.SH,20260521,1.9642,0.96,,2.2294,1.7907,0.0787,11503309.3144,7970722.7649
301095.SZ,20260521,9.1654,1.22,223.1603,6.513,26.4402,0.2408,2046071.595,1767575.1907
600137.SH,20260521,3.1806,1.18,68.444,3.7472,5.2921,0.8567,211059.3835,211059.3835
002232.SZ,20260521,2.1953,1.48,150.6042,5.077,8.6617,0.0569,717819.6354,717819.6354
300693.SZ,20260521,8.0233,0.86,36.7551,8.5643,4.9829,0.8691,1795135.2282,1542947.5105
300238.SZ,20260521,1.732,0.9,171.3059,5.8002,8.7082,,336482.5846,336455.1501
300981.SZ,20260521,2.3735,0.85,,1.1656,2.6123,1.5851,612848.0264,561593.2546
301171.SZ,20260521,15.3586,0.76,668.5427,6.9994,6.5495,0.0639,2582325.1416,2095368.4597
301192.SZ,20260521,3.4938,0.88,46.2383,3.8979,5.3701,,254445.3,121921.7063
600066.SH,20260521,0.5852,0.83,12.861,5.9509,1.7157,7.8839,7020401.2761,7020401.2761
603955.SH,20260521,1.1693,1.01,,2.1608,7.0485,0.2198,308763.0,308763.0
600682.SH,20260521,1.2165,1.07,,0.4741,1.2527,0.2751,778831.556,673990.8992
002289.SZ,20260521,1.8671,0.98,331.8136,41.9234,20.3306,,1112327.0663,1089217.5638
688363.SH,20260521,0.522,0.98,74.7034,2.6699,4.8185,0.2764,1903592.4124,1903592.4124
002828.SZ,20260521,6.985,1.41,,3.2078,2.2036,0.4789,209831.0544,209831.0544
002324.SZ,20260521,3.0777,0.91,48.7432,3.1805,1.4198,0.3678,1491642.9086,1040986.065
300319.SZ,20260521,8.573,1.41,39.3497,2.4036,3.0559,0.8509,1184930.4125,1125108.3069
301360.SZ,20260521,5.8364,1.07,95.2363,3.9332,9.8518,0.3971,470085.42,227903.9597
688227.SH,20260521,5.6061,0.83,,8.1222,22.429,,1011844.7113,1011844.7113
600637.SH,20260521,4.0345,1.65,62.5672,1.1666,4.7634,2.2137,3493013.9099,3493013.9099
600750.SH,20260521,0.8326,0.97,15.7399,3.3179,3.5172,5.3211,1432036.7401,1416428.1273
300333.SZ,20260521,10.1828,1.19,,6.6267,29.753,,373632.0,372275.4345
601611.SH,20260521,1.0595,0.84,31.8491,1.6556,0.3909,0.8407,3728112.9202,3728112.9202
002345.SZ,20260521,1.6891,0.99,14.3145,2.2045,0.8556,4.886,818320.2031,798718.2452
688222.SH,20260521,8.1392,1.51,97.9815,7.8178,20.7542,0.1993,1202440.68,1202440.68
600621.SH,20260521,1.5947,1.25,22.6114,1.58,5.7102,0.8399,1477832.7138,1477832.7138
300278.SZ,20260521,3.7485,1.02,,4.3342,2.2629,,723909.8921,721635.9322
001282.SZ,20260521,6.66,1.31,42.8788,2.7797,2.7883,0.6839,459479.8208,161642.9452
600004.SH,20260521,0.3805,1.01,15.923,1.0074,2.6311,1.7412,2133958.5271,1959642.7383
600889.SH,20260521,1.4025,1.45,,7.4251,17.5093,,830888.6814,545489.2089
603992.SH,20260521,0.8402,1.0,54.5123,3.7976,4.8387,1.1506,1392037.3984,1392037.3984
605122.SH,20260521,1.7361,1.1,,1.3861,2.4727,,240950.892,240950.892
601077.SH,20260521,0.407,1.01,6.2878,0.5697,2.6476,4.5977,7745474.0,6027681.3229
688709.SH,20260521,4.6819,1.06,372.6172,8.272,34.0281,0.0529,2407918.6053,838422.575
300285.SZ,20260521,8.7612,1.13,67.1296,5.7432,8.8634,0.4788,4140741.5857,3545285.8038
300871.SZ,20260521,2.7621,1.13,16.0676,2.0406,2.6435,0.9044,460068.334,460068.334
600585.SH,20260521,0.7231,1.02,13.4418,0.5389,1.2968,4.8199,10444925.3832,7883413.7832
301223.SZ,20260521,0.9794,1.09,21.9995,1.1398,1.0534,1.9474,344925.8222,344925.8222
000650.SZ,20260521,0.8793,1.03,20.5095,1.1731,2.0581,2.7726,757366.5846,720279.7362
002780.SZ,20260521,4.3289,1.19,34.9079,3.0344,2.4285,,249034.7398,196761.5491
603096.SH,20260521,0.9926,0.92,37.4497,1.454,4.3586,4.5045,273920.6922,273920.6922
603237.SH,20260521,1.0231,0.89,28.8328,1.9502,1.4358,3.0628,315907.2768,304260.5024
601816.SH,20260521,0.3091,0.78,17.7737,1.1278,5.4678,3.2309,23728954.4945,23728954.4945
600022.SH,20260521,1.0165,1.38,,0.7621,0.2286,,1433645.8402,1433645.8402
002137.SZ,20260521,7.6494,2.03,115.7113,3.2533,6.9886,,500119.2036,343332.6981
300805.SZ,20260521,2.3895,0.88,119.5289,2.5227,1.5081,0.2154,393882.3171,267590.0547
603398.SH,20260521,2.1655,0.63,,90.2671,14.9304,,645692.2292,645692.2292
688805.SH,20260521,18.6343,1.53,113.8012,7.5647,15.5004,,942696.96,177199.0253
002852.SZ,20260521,1.6024,0.91,19.8152,1.2956,0.4567,3.5449,287213.5347,238643.8016
603818.SH,20260521,1.9961,0.8,,1.164,0.7111,,240290.3493,240290.3493
002980.SZ,20260521,16.4665,0.93,258.0465,17.7488,25.7762,0.4909,2003864.2728,1071616.9255
688013.SH,20260521,1.7678,0.91,30.2899,4.2912,7.8165,3.2448,247443.4244,247443.4244
301538.SZ,20260521,12.0801,0.66,44.1812,5.5192,7.9383,0.4139,811832.0,323279.6932
603767.SH,20260521,8.6524,1.26,,5.4967,8.1897,,751209.071,751209.071
000910.SZ,20260521,3.4598,0.79,,0.5726,0.8113,2.8148,369493.3125,369347.175
002709.SZ,20260521,10.279,1.34,41.0386,6.3687,5.9313,0.6038,11764539.8246,8708502.5906
603189.SH,20260521,2.893,1.16,,2.2394,10.9317,1.212,330466.2759,330466.2759
300729.SZ,20260521,0.907,0.66,19.7094,1.1206,0.6165,2.4915,410960.9262,395688.111
002644.SZ,20260521,0.7659,0.94,73.3586,2.0865,4.2266,0.1592,385035.378,385035.378
605296.SH,20260521,0.9495,0.81,,3.5133,2.8903,1.3613,1503450.0576,1484025.3576
688721.SH,20260521,10.6457,1.19,129.5207,5.1841,24.9446,,634258.5,254105.0495
603402.SH,20260521,4.5331,0.86,21.6848,2.592,7.7324,,761424.0066,190356.0066
688093.SH,20260521,1.4305,1.17,22.3324,3.0898,8.2864,1.2571,886850.7679,886850.7679
603379.SH,20260521,1.5687,0.57,15.5068,3.8969,5.566,1.3942,3359466.1406,3359466.1406
600536.SH,20260521,2.1422,1.0,,10.2452,6.9647,,3601614.8545,3253980.787
603136.SH,20260521,0.9933,0.95,28.9413,1.9259,5.286,2.3858,266074.8094,266074.8094
603218.SH,20260521,1.0163,0.92,24.133,1.1972,2.048,2.8562,1248773.595,1247071.038
301179.SZ,20260521,6.9606,0.94,60.9564,3.9093,8.1436,,992416.1743,582763.7212
688151.SH,20260521,0.5637,1.12,137.5028,1.5362,9.7515,0.2299,650416.0,650416.0
603151.SH,20260521,1.3882,1.07,28.082,1.7636,0.4021,1.3927,244006.5676,244006.5676
688581.SH,20260521,3.7507,0.99,21.5598,1.8625,7.9128,2.3205,479188.1207,245493.1538
002660.SZ,20260521,1.9258,1.35,,3.0109,2.4761,1.1876,300279.108,288794.8098
301327.SZ,20260521,1.5959,1.01,,1.6838,2.3474,1.3895,1025885.5173,1025885.5173
000552.SZ,20260521,1.7106,0.8,,0.8645,1.6783,2.5758,1412879.0887,983614.2349
920703.BJ,20260521,1.2073,0.92,21.2428,1.4588,4.4504,2.6093,165042.78,83510.336
603729.SH,20260521,3.1929,0.86,,4.6891,3.825,0.0756,121934.4273,121934.4273
000665.SZ,20260521,2.0506,0.88,,1.6603,3.6733,,529911.6647,529897.8175
002354.SZ,20260521,13.2886,1.01,,8.1814,5.2598,,1125118.3576,1105471.7697
600719.SH,20260521,9.8861,0.63,,8.0884,5.4099,,326107.2776,326107.2776
600908.SH,20260521,0.5354,0.88,5.1989,0.5227,2.4911,5.9891,1209269.6139,1101621.2784
603166.SH,20260521,1.6541,1.0,28.0729,3.5173,4.5371,1.3877,916823.9244,909816.2244
300545.SZ,20260521,20.1999,2.16,67.6391,2.966,5.8753,0.5573,646147.434,416543.3295
688793.SH,20260521,3.2984,1.02,,8.3804,2.4023,,186759.3955,186759.3955
600062.SH,20260521,0.4232,0.87,10.9409,1.4671,1.6573,2.7518,1778053.2588,1777441.8643
300315.SZ,20260521,2.4423,1.01,,2.7477,17.6457,,1286115.2264,1207202.9843
600513.SH,20260521,4.6571,0.87,,4.2992,1.8992,0.4621,549788.776,549788.776
603093.SH,20260521,3.6394,0.71,26.1341,2.7477,12.2918,0.3416,1581865.6642,1344585.2282
300927.SZ,20260521,3.5164,0.63,119.136,3.8223,2.3671,0.3454,376202.16,367053.0074
002062.SZ,20260521,3.9512,1.71,45.4144,2.3931,2.1178,1.0301,1189017.3243,1080837.6226
688231.SH,20260521,2.0874,0.75,127.7194,4.2344,5.7332,0.5073,1188617.1435,1188617.1435
920055.BJ,20260521,14.8755,1.05,15.3354,1.8727,2.1591,,229296.0,51591.6
600449.SH,20260521,2.8298,0.71,35.839,0.9045,1.4013,1.5065,666584.3725,666584.3725
600578.SH,20260521,8.1782,1.6,15.349,2.1718,1.533,1.467,5476199.9903,5476199.9903
603206.SH,20260521,11.585,1.93,130.2109,2.7132,1.3207,,618945.5757,618945.5757
002055.SZ,20260521,6.4083,2.51,,3.0456,0.9053,,412866.6816,405695.1816
688618.SH,20260521,4.2661,1.38,157.6211,5.1821,12.3777,0.4127,427850.8013,427315.7938
002997.SZ,20260521,3.9433,0.98,17.0377,2.6516,1.9244,1.3783,683434.1261,683434.1261
000898.SZ,20260521,0.6003,0.94,,0.4459,0.2035,,1892582.6941,1607409.9516
300418.SZ,20260521,3.8996,0.83,,4.7508,6.4622,,5818579.4772,5814564.4084
688079.SH,20260521,16.7762,3.53,,6.797,12.4189,,848995.4218,834212.1289
000547.SZ,20260521,6.5749,0.93,,9.9193,13.1582,,3742014.2177,3720132.4061
300579.SZ,20260521,1.352,1.0,,8.5526,7.9239,0.1197,676890.0,653006.5105
300907.SZ,20260521,5.1506,0.77,77.0802,4.0791,2.5626,,328896.0,328896.0
601236.SH,20260521,0.383,1.67,30.1922,1.3151,14.5497,0.7009,3363069.66,3363069.66
688091.SH,20260521,2.9164,0.86,165.8458,7.8473,35.0603,,1136663.3164,1136663.3164
000669.SZ,20260521,0.5111,0.53,67.8296,49.125,2.3685,,298699.4619,298699.4619
300144.SZ,20260521,1.2453,1.27,23.0666,2.3079,8.0949,2.9047,1805780.0739,1786996.2821
300140.SZ,20260521,2.7334,1.03,21.4195,1.3569,3.2498,1.9078,1949313.1531,641656.2663
688282.SH,20260521,3.7195,1.19,,6.1173,25.184,,770880.0,770880.0
600339.SH,20260521,3.4167,1.26,58.5864,0.8113,0.2196,1.2276,2183010.6612,2183010.6612
002365.SZ,20260521,2.8616,0.86,104.2542,1.8075,4.2539,0.8016,360691.38,300233.0836
600691.SH,20260521,2.349,1.35,,2.1085,0.669,,655771.0188,655661.7228
002236.SZ,20260521,1.8451,1.1,14.7194,1.507,1.7203,1.0469,5744093.464,4201210.0775
002385.SZ,20260521,1.6593,0.8,,2.0058,0.5053,0.8631,1487827.1835,1198404.7028
300200.SZ,20260521,7.1472,0.84,49.6101,2.6971,3.2716,1.399,446488.2414,439182.3839
301182.SZ,20260521,8.5641,1.47,,12.2311,9.6384,,810747.4037,739357.7162
301291.SZ,20260521,6.5122,0.72,33.8149,3.3073,2.5781,1.4569,1692896.5008,878072.4378
600272.SH,20260521,1.6689,1.25,135.1676,3.9135,2.7465,0.3316,310979.9029,189440.0
600906.SH,20260521,2.4834,2.33,23.5001,1.6574,7.0328,2.0344,2073555.0,1357386.1331
002799.SZ,20260521,1.8358,1.11,,2.0905,3.6002,,265633.2,265628.552
300411.SZ,20260521,1.8463,1.07,1260.0423,4.1643,12.5444,,401641.7669,305406.114
600956.SH,20260521,0.8543,0.7,24.3621,1.5639,2.086,2.4504,3867377.9636,2012311.9962
300818.SZ,20260521,4.7523,1.31,86.1131,3.0581,5.1858,0.2771,548072.1537,355039.0164
601616.SH,20260521,4.3423,1.06,,1.5617,4.5929,1.6055,372202.4391,372202.4391
300207.SZ,20260521,3.88,1.16,57.3121,1.8257,0.6707,0.8558,4498571.056,4173191.4027
003029.SZ,20260521,1.8804,1.27,,3.8409,9.654,,393436.3013,357833.1944
301491.SZ,20260521,2.9189,0.97,29.3154,2.896,3.2429,,630423.0,139687.3202
003000.SZ,20260521,1.4697,0.85,19.9434,3.3369,1.9,0.8948,491474.6333,335785.7216
600854.SH,20260521,4.6595,0.7,21.5387,1.0958,26.5033,2.2945,271676.8154,271676.8154
001267.SZ,20260521,7.2403,0.72,542.226,28.3061,27.323,0.1098,4506845.2517,3493114.6429
688456.SH,20260521,6.7138,1.08,90.9683,6.3518,1.8698,0.2535,817670.08,817670.08
001211.SZ,20260521,17.462,1.51,,4.4509,2.2904,0.3904,384264.0,357560.3205
301446.SZ,20260521,7.1649,1.12,60.5786,3.7585,7.5367,0.4561,456040.0,136241.95
000711.SZ,20260521,5.5759,0.97,,24.5726,33.4742,,1627060.1449,1312089.4042
002594.SZ,20260521,1.0725,1.0,30.9471,3.6762,1.0877,1.4166,85254914.4303,32603322.8385
301125.SZ,20260521,3.8803,1.19,,5.9257,5.8276,0.1231,344471.7456,305357.2506
000025.SZ,20260521,1.1724,1.13,44.4075,3.3884,4.7976,0.684,630207.2638,574241.9038
600939.SH,20260521,1.0826,1.79,,0.7437,0.2443,,521278.1347,521278.1347
002481.SZ,20260521,0.8076,1.16,130.372,2.0765,2.3232,0.7263,504581.8685,457324.4134
301163.SZ,20260521,3.2151,0.94,56.6362,2.0383,2.786,0.4366,233620.8,156679.5045
920284.BJ,20260521,5.1012,0.72,,11.1482,11.7604,,351660.6246,225055.7126
300086.SZ,20260521,3.4326,1.06,,3.5572,7.0147,,315856.3412,305828.1183
300514.SZ,20260521,2.5142,1.28,81.8086,2.3222,3.1219,2.5359,236600.0,189585.5985
600149.SH,20260521,9.4079,0.92,138.9345,8.7567,11.1604,,223534.08,223534.08
000869.SZ,20260521,0.5529,1.48,208.2879,1.2019,4.1251,2.0953,1260586.5655,872905.3818
002752.SZ,20260521,2.7322,1.01,18.7487,1.9125,0.9212,1.4245,685796.7645,684819.8269
688667.SH,20260521,2.7356,0.83,51.7984,4.2535,7.0421,0.0669,774833.9997,774833.9997
000525.SZ,20260521,1.626,0.93,,2.6348,2.2516,,654185.5876,558103.5225
301238.SZ,20260521,2.7962,1.82,49.1996,2.1474,7.0103,0.9246,1586199.9279,1586199.9279
301197.SZ,20260521,5.6144,0.6,174.0173,3.0118,9.0428,0.2931,397902.54,358981.2743
300227.SZ,20260521,6.1752,1.49,,4.701,3.6466,,641861.1881,466413.9441
603533.SH,20260521,4.6575,0.77,,4.8968,3.3118,0.3905,1124014.7944,1124014.7944
603330.SH,20260521,2.4554,1.37,,2.2044,3.5996,,287295.3029,287295.3029
002004.SZ,20260521,1.2291,1.04,13.4663,0.8856,0.7999,4.2857,920662.4238,875744.9295
301665.SZ,20260521,3.2497,1.39,21.0821,2.9415,1.9233,2.457,1098900.0,254383.14
300304.SZ,20260521,6.0895,2.97,27.0755,3.4973,5.037,0.2202,1190762.8816,1158723.0641
300811.SZ,20260521,6.3237,1.8,69.9183,9.6747,15.859,0.1909,3026722.6962,2481866.6705
002976.SZ,20260521,7.4214,0.73,,3.4704,2.4676,,499551.1925,222492.6397
300413.SZ,20260521,1.653,1.13,32.8898,1.4621,2.4618,1.1944,3445867.7412,1881971.3226
605287.SH,20260521,4.3805,0.8,112.8927,4.2798,1.9848,,676760.0,676760.0
688428.SH,20260521,7.9675,2.57,62.4606,6.2112,18.0853,,4561604.6159,693709.8684
300194.SZ,20260521,0.8639,1.06,73.6185,1.0462,2.7579,1.7995,462798.1166,376685.9
603081.SH,20260521,1.2916,0.48,80.4147,1.48,1.9239,1.1607,473199.0469,473199.0469
605058.SH,20260521,2.8953,1.29,34.9621,2.8652,3.8039,1.647,520671.9499,520671.9499
605089.SH,20260521,0.9762,1.27,43.3353,2.4625,4.425,1.577,311880.0,311880.0
002816.SZ,20260521,2.9683,0.86,244.9305,10.6196,8.9927,,253000.0,253000.0
600794.SH,20260521,0.6922,0.9,,1.6034,7.6378,,400850.8204,400850.8204
688303.SH,20260521,0.8572,0.97,,1.1438,10.5963,,4365493.6483,4365493.6483
603790.SH,20260521,5.4,1.74,74.9995,4.6605,6.9381,0.3776,608142.08,608142.08
600377.SH,20260521,0.181,0.95,13.0904,1.4344,3.1028,3.9708,6216580.415,4691893.8232
300825.SZ,20260521,11.751,1.15,,3.0882,6.5617,,627508.4499,614330.6572
600217.SH,20260521,1.0613,1.18,,1.9495,1.9388,,555313.9805,555313.9805
603156.SH,20260521,2.6306,1.22,39.0335,5.6142,9.2222,4.2129,5564125.4539,5564125.4539
688138.SH,20260521,5.1232,1.86,53.7239,3.6253,8.081,0.7922,1027507.2,1027507.2
301115.SZ,20260521,2.7935,0.8,,1.8588,3.3257,1.3593,460647.3735,388464.4521
600408.SH,20260521,4.0578,1.43,,2.5412,0.5678,,293985.6,293985.6
600376.SH,20260521,6.9907,2.0,,4.9854,0.377,,1173702.1851,1173702.1851
300976.SZ,20260521,7.4696,1.13,35.5859,2.8817,3.1721,0.2679,1056607.1179,680857.2612
300008.SZ,20260521,3.8638,1.14,35.2687,4.8209,2.5227,,1207892.364,1151455.7596
301391.SZ,20260521,2.2491,0.97,287.2534,3.2539,11.3348,0.1621,681731.2689,666095.5807
300827.SZ,20260521,10.6937,1.16,44.0724,4.8441,3.5493,0.2055,2083696.5802,1441969.9501
300563.SZ,20260521,3.943,1.25,72.1372,4.7173,6.2219,0.7793,543677.5301,382515.1921
603324.SH,20260521,10.4087,2.83,,2.9797,5.2642,0.3791,485865.8182,485865.8182
002083.SZ,20260521,2.8164,0.97,20.0398,1.9748,1.8356,,964625.1532,964303.353
600171.SH,20260521,4.4265,1.52,91.5043,4.4321,6.0902,0.598,2015468.9504,2015468.9504
601818.SH,20260521,0.2718,0.78,4.8586,0.3643,1.4696,6.1093,18375606.38,14432519.6395
603698.SH,20260521,3.4682,0.66,92.2846,5.8627,4.7698,0.4234,2063561.5,2063561.5
300583.SZ,20260521,1.9847,1.01,,1.5105,2.4581,0.1422,266721.1892,261725.39
603079.SH,20260521,2.6365,2.16,53.2672,1.7872,3.4391,,285623.7619,285623.7619
300665.SZ,20260521,5.7911,0.61,,4.752,4.0773,,214161.5011,203404.2154
002859.SZ,20260521,3.3876,0.9,100.6671,7.6564,10.7311,0.3981,2354065.8347,2215804.8519
000739.SZ,20260521,1.2739,0.86,22.073,3.1257,2.0704,3.3961,1967037.192,1966298.2717
300694.SZ,20260521,2.3726,1.1,19.1789,1.654,1.8088,0.6876,250499.2139,250168.5929
688132.SH,20260521,1.3319,1.15,,2.1635,20.3127,,255586.1175,255586.1175
300075.SZ,20260521,2.3434,1.02,,2.6005,13.4833,,824239.7197,683986.8577
300265.SZ,20260521,15.6549,1.07,323.2278,4.2013,3.7367,0.1854,988976.8235,988339.9442
300466.SZ,20260521,2.5919,1.04,,6.9073,9.8547,,478763.7378,401291.7128
002749.SZ,20260521,0.3535,0.88,18.8296,2.9624,2.695,5.9022,553101.2403,537968.7579
000601.SZ,20260521,11.3391,0.54,77.6159,1.8694,1.5809,,772713.2532,762023.0484
688107.SH,20260521,4.49,1.1,,19.9811,30.4564,,1803822.1515,1803822.1515
301309.SZ,20260521,4.4452,0.85,30.5528,2.0504,3.9259,0.8733,343526.0448,207004.9353
002378.SZ,20260521,4.7317,1.09,53.6577,12.4114,5.0795,0.2562,3375983.6415,3358291.0469
603205.SH,20260521,4.3665,1.99,36.5952,2.6463,3.9445,1.0453,402948.0,106781.22
300994.SZ,20260521,2.0826,0.94,24.6686,2.4871,0.8968,3.0418,306510.72,153413.16
002548.SZ,20260521,3.5948,0.9,,3.4333,0.7347,,359427.3676,349140.6275
300925.SZ,20260521,3.4343,1.34,75.9718,3.3613,1.3906,0.3631,754956.4521,615510.8289
688372.SH,20260521,8.627,1.38,75.6665,6.2878,14.8041,0.1473,2634240.707,2634240.707
300597.SZ,20260521,3.0303,1.09,,2.7992,5.4606,0.0407,262212.3689,261060.093
600834.SH,20260521,0.424,1.01,76.3301,2.1529,6.2084,0.4707,375222.1773,375222.1773
601318.SH,20260521,0.9718,1.16,7.3312,0.956,0.9395,4.7805,97346683.3651,57308509.8862
601225.SH,20260521,0.427,0.94,14.0419,2.2239,1.4465,5.0171,22705690.0,22705690.0
002625.SZ,20260521,1.3197,1.07,115.1409,8.3915,37.3669,,8204670.5785,8204643.4465
300832.SZ,20260521,1.0442,0.94,23.9575,4.1031,8.4977,2.6241,3892450.8609,3384187.6909
600845.SH,20260521,1.9881,1.44,52.1376,6.0153,5.8439,1.02,6473606.1985,4812292.115
002415.SZ,20260521,0.6888,1.08,19.4061,3.6606,3.0614,3.6358,28988488.7127,28613770.0922
301371.SZ,20260521,3.7194,0.77,31.946,2.7927,7.6544,2.442,1638327.6,245036.61
000597.SZ,20260521,0.7208,0.9,27.6435,1.2458,0.9702,2.0619,692137.8085,683449.2624
002599.SZ,20260521,2.9651,0.89,375.3447,2.9512,1.8129,0.2924,364352.9743,272207.811
603968.SH,20260521,2.6224,1.56,,1.314,0.8893,,230040.0,230040.0
688253.SH,20260521,2.235,0.94,99.9755,4.2842,27.7247,0.8379,897932.1914,897932.1914
920953.BJ,20260521,2.0984,1.09,59.1725,5.9678,11.0194,0.453,359749.6999,168159.1944
002557.SZ,20260521,1.1066,0.69,26.5739,1.995,1.506,4.5685,1088094.5438,1085767.7533
300757.SZ,20260521,5.182,0.91,,54.0256,86.3724,0.0086,8782665.0164,7894205.3576
600327.SH,20260521,1.2104,1.01,,1.1498,1.069,0.8073,324714.0831,324714.0831
603089.SH,20260521,1.3091,1.28,53.5159,1.6257,1.0883,0.7392,306875.5041,267157.0273
920149.BJ,20260521,1.8171,1.33,,5.9578,1.6856,,72811.9874,60230.1869
688003.SH,20260521,4.5996,0.83,164.0168,9.3928,9.4899,0.5184,1855372.134,1855372.134
301370.SZ,20260521,1.1143,0.91,57.2432,1.7879,0.6579,0.8746,448481.8,308532.3786
002939.SZ,20260521,1.7645,1.27,15.2712,1.108,6.957,1.875,3614846.5526,3227983.0294
603193.SH,20260521,3.2391,1.0,29.4419,4.1819,6.0489,1.8298,950794.2879,242840.3379
600748.SH,20260521,2.0889,1.17,,0.8731,2.7746,,901991.2542,901991.2542
001228.SZ,20260521,3.6006,1.82,29.4326,1.7727,0.5375,1.9474,305985.1381,235281.1381
600159.SH,20260521,3.7266,1.72,,1.6627,4.3575,,242360.9437,242360.9437
600798.SH,20260521,3.8711,1.44,68.6538,1.1395,1.5378,0.5362,450037.257,450037.257
688755.SH,20260521,1.5075,1.19,49.5794,2.6241,4.345,0.2649,332200.0,231921.9419
300096.SZ,20260521,0.7612,0.61,82.3124,11.7883,7.8576,,393020.0,393020.0
601933.SH,20260521,1.5092,1.38,,14.5867,0.632,,3121812.7256,3121812.7256
000060.SZ,20260521,4.522,0.86,29.5981,1.5297,0.4818,1.0642,3055526.6511,3055487.9511
600469.SH,20260521,1.1487,0.84,21.1577,1.1698,0.7215,0.5339,546481.3746,447882.8348
301178.SZ,20260521,4.4778,1.28,466.9551,4.6842,6.3232,,365684.816,270635.5907
002028.SZ,20260521,1.8536,0.84,47.8138,9.652,6.7989,0.2501,15556694.4005,12141606.5834
300019.SZ,20260521,3.2021,1.81,27.6542,2.6598,1.838,1.6816,701320.1928,657600.0723
301306.SZ,20260521,5.3903,0.77,,13.7904,37.6108,,1159487.2,800410.225
600353.SH,20260521,9.0559,0.92,109.0828,9.323,10.797,0.277,1797691.4039,1797691.4039
002428.SZ,20260521,14.6849,0.98,2872.4815,37.2527,49.102,0.0358,5473145.6,5472438.5375
688028.SH,20260521,4.4764,1.1,166.5677,8.3849,21.2731,0.303,1695006.321,1695006.321
300334.SZ,20260521,2.4566,0.94,,4.3957,8.5212,,240746.0887,240717.7195
300951.SZ,20260521,3.0891,1.78,86.3528,2.6924,4.3573,1.6166,621191.9892,555163.1071
603345.SH,20260521,1.8747,1.21,21.4235,2.0388,1.8917,2.4746,3273230.6012,2880442.6525
920047.BJ,20260521,2.8285,1.45,,32.2695,130.7161,,857099.9188,562832.5844
000782.SZ,20260521,7.2701,0.88,,3.2697,2.149,,528667.7619,406667.5097
300723.SZ,20260521,5.7554,2.04,89.8902,9.2873,19.1091,,1797737.2087,1668371.2568
603931.SH,20260521,7.4904,1.66,82.6118,4.968,16.2137,0.4428,991406.0318,991406.0318
603050.SH,20260521,3.0061,1.08,40.7464,5.0442,2.1362,0.8624,927634.1439,927634.1439
301028.SZ,20260521,11.9643,1.27,33.4505,4.5783,6.3142,0.9765,784229.4629,507078.2757
301290.SZ,20260521,4.1904,0.83,,1.4243,7.7152,,308433.6954,209867.4111
300004.SZ,20260521,8.6881,0.82,772.0942,4.1604,14.2223,,737270.1665,737270.1665
603010.SH,20260521,2.2497,1.09,,3.0602,2.1704,,777505.2594,758564.3514
301076.SZ,20260521,5.5496,1.04,107.4794,5.9925,16.0671,0.4918,711136.9117,474586.0594
300769.SZ,20260521,18.3191,1.6,,3.9742,1.8765,,2073391.422,1863005.3372
601279.SH,20260521,0.7809,1.09,,1.4149,1.3948,0.2703,586740.8145,586740.8145
001269.SZ,20260521,8.6211,4.99,,6.9092,10.2077,,465637.0134,465637.0134
603825.SH,20260521,0.7079,0.81,,68.5669,1.3445,,213562.7133,213562.7133
688322.SH,20260521,8.8812,1.41,326.6581,14.6825,46.1544,,4396540.8704,3492693.2563
601686.SH,20260521,0.297,0.85,11.554,1.1699,0.1565,8.1539,781391.4782,781391.4782
600545.SH,20260521,8.3456,0.84,,3.956,2.8,,1036989.0888,1036989.0888
920180.BJ,20260521,3.3796,0.88,22.897,2.2417,5.7393,2.0891,169624.6941,51221.3647
001979.SZ,20260521,0.7323,0.94,124.8448,0.79,0.4881,2.2701,7708707.5062,7193613.9216
688090.SH,20260521,6.262,1.4,356.9607,11.5829,11.0219,0.0876,1071839.3906,1071839.3906
600256.SH,20260521,2.3841,0.96,44.7117,1.6261,1.3978,10.0161,3969433.8406,3969433.8406
600095.SH,20260521,2.0618,1.65,57.6972,2.0592,150.5053,,2533240.3403,2533240.3403
603813.SH,20260521,0.2747,0.4,,7.88,11.3479,,390970.845,390970.845
000530.SZ,20260521,4.4578,1.27,88.7552,1.5058,1.1166,0.8818,478101.4915,340266.1831
600456.SH,20260521,2.1712,1.2,41.2342,2.156,2.5304,1.1934,1561376.9975,1561376.9975
002698.SZ,20260521,2.8101,1.27,29.2988,3.4123,5.3318,1.773,1441811.8208,1184736.842
920006.BJ,20260521,3.6332,1.9,684.4456,5.177,16.3023,0.6104,162697.5344,86130.3958
601789.SH,20260521,9.0469,1.02,24.5227,1.3487,0.3958,1.2823,847561.8836,604260.016
002998.SZ,20260521,3.196,0.84,46.3635,1.8734,1.1668,3.1293,317913.1218,242359.2407
300119.SZ,20260521,0.8742,0.92,19.8788,1.6846,2.2917,2.329,779858.3967,559840.8221
301389.SZ,20260521,3.5043,0.87,199.398,8.8823,33.3704,0.3825,1994422.5,1994422.5
002256.SZ,20260521,7.2807,0.94,179.8865,7.0261,17.8944,,916286.0301,904441.7698
000637.SZ,20260521,2.8705,1.14,,4.8122,0.7302,,230304.7827,161513.0621
601866.SH,20260521,1.2394,1.13,22.3369,1.1067,1.3367,1.5709,3444588.169,2545267.777
603538.SH,20260521,18.2908,1.22,115.0501,4.6342,8.2498,0.0852,1290513.0821,1267901.5839
300835.SZ,20260521,7.2447,1.05,86.1974,11.567,10.5663,0.1603,1444683.9471,1007292.0436
601136.SH,20260521,0.5764,1.49,38.4947,2.9988,15.9386,1.2564,4242134.0576,4242134.0576
002922.SZ,20260521,9.7293,1.2,76.5478,4.576,3.1836,0.2419,1736856.6615,1539185.9034
603267.SH,20260521,6.1419,1.32,47.6596,3.0562,7.8413,0.5921,1363146.1819,1363146.1819
301090.SZ,20260521,0.9973,0.99,,1.7093,0.8622,,1127905.4523,1126727.2447
002630.SZ,20260521,3.7697,1.55,,,1.8172,,217267.2,198083.142
688292.SH,20260521,4.6782,0.97,,4.0695,9.8955,0.474,396505.4177,396505.4177
603918.SH,20260521,3.2729,0.97,,4.6262,6.3572,,452733.3322,452733.3322
002490.SZ,20260521,8.8626,1.1,1242.6157,13.1145,3.0926,,660618.4752,448545.816
603810.SH,20260521,1.5362,0.93,67.4823,1.5729,1.8568,,243050.8628,243050.8628
600230.SH,20260521,3.0311,0.92,82.5235,1.635,1.4582,0.1308,664821.3901,664821.3901
600255.SH,20260521,2.7735,0.97,160.7816,4.1854,1.2506,,617702.2586,617702.2586
002038.SZ,20260521,2.942,0.75,,1.2239,10.5411,0.3295,623601.45,517110.1688
600438.SH,20260521,1.1771,0.84,,2.0075,0.8738,,7018603.5668,7018603.5668
300102.SZ,20260521,5.3237,1.03,211.8269,5.7322,8.1323,0.1835,2467415.0867,2455591.5255
603800.SH,20260521,5.0021,1.32,498.5269,14.9704,11.1553,0.1703,1184144.0,1184144.0
688213.SH,20260521,10.681,1.52,41.8321,8.5738,4.6608,0.9222,4377902.3256,3520430.1178
300271.SZ,20260521,1.943,1.31,,1.3767,3.1396,,486304.5431,475824.9471
920174.BJ,20260521,2.8056,0.97,35.786,3.0253,4.7463,,807103.0994,205683.8044
300489.SZ,20260521,10.7137,1.39,,24.8572,8.2436,,1793883.651,1787315.6349
601166.SH,20260521,0.3718,0.95,4.7429,0.4415,1.7327,9.3552,36759883.1179,36759883.1179
688426.SH,20260521,1.0941,0.72,,1.6946,10.8246,,226787.3315,226250.7771
600111.SH,20260521,3.6714,0.96,66.9577,7.167,4.0624,0.069,18335613.9506,18335613.9506
002337.SZ,20260521,1.8452,1.11,65.0367,2.4486,4.4554,0.3784,326681.7413,326338.0753
002772.SZ,20260521,2.0899,1.13,12.2062,1.5572,2.4627,3.0738,548623.0683,544050.6947
601007.SH,20260521,1.9257,1.16,42.2166,1.7066,1.5415,0.9901,275730.0,275730.0
300067.SZ,20260521,12.568,1.2,,2.9928,6.5775,0.155,744571.6002,604535.0736
688077.SH,20260521,2.6259,1.12,54.2533,3.0408,1.976,0.6539,337711.5868,337711.5868
300856.SZ,20260521,1.323,0.78,65.1217,2.4039,4.1507,1.5528,656448.3677,634435.1597
000652.SZ,20260521,2.1386,1.07,,1.0213,0.3717,0.8089,547250.2361,546833.4263
920735.BJ,20260521,1.3682,1.01,13.7074,2.5633,3.0743,1.3916,337201.3501,298229.4088
001259.SZ,20260521,9.4516,1.09,520.15,8.9118,13.7235,0.1796,647582.2144,418391.5912
603316.SH,20260521,30.8039,3.66,,13.0304,11.9814,,720119.4,720119.4
301616.SZ,20260521,3.467,1.38,18.1424,2.4198,3.6649,0.906,353200.0,125393.9073
600165.SH,20260521,1.1419,0.76,,4.3095,10.5239,,492844.5514,223538.662
605068.SH,20260521,1.653,0.78,,2.6961,2.7695,,416525.7352,416525.7352
603586.SH,20260521,1.0094,0.77,47.3162,1.4792,2.009,3.2641,330348.9343,330348.9343
688691.SH,20260521,18.4466,1.05,,11.8042,18.8139,0.1433,1424040.0,865875.7737
300717.SZ,20260521,2.3233,1.25,40.4889,2.8174,5.7244,1.4771,208736.025,206864.2554
002437.SZ,20260521,2.5391,1.0,16.5786,2.8574,3.2136,,682339.6466,642647.0784
001202.SZ,20260521,1.609,1.07,37.0623,3.1707,1.3173,,272206.5826,190773.5185
600645.SH,20260521,2.1347,0.96,89.8939,2.6599,6.9592,,989243.9535,988866.1288
001337.SZ,20260521,2.5721,0.94,36.3388,12.2019,17.7819,0.9094,2309160.0,2309160.0
600551.SH,20260521,3.469,1.76,13.2931,0.892,0.8205,5.0891,532951.4179,532951.4179
301332.SZ,20260521,1.0651,0.92,32.2174,1.3852,1.2465,1.6699,411713.75,236237.4941
600392.SH,20260521,3.0294,0.79,40.518,3.1422,2.6289,0.6502,4043770.897,4043770.897
300792.SZ,20260521,5.7424,1.26,75.3699,2.8986,8.2007,0.3896,851335.2289,763633.4871
688670.SH,20260521,1.9942,0.76,,2.1763,21.241,,234326.4,234326.4
920553.BJ,20260521,0.9254,1.15,43.6101,3.3985,2.5253,0.6031,119119.3913,75471.205
688685.SH,20260521,4.0703,1.13,,9.638,19.6151,0.2958,771999.2134,771999.2134
688007.SH,20260521,4.1545,3.28,,2.944,4.7944,0.1609,709646.5404,709646.5404
300438.SZ,20260521,10.7281,1.07,74.3177,7.4943,2.842,,4269358.3795,3428121.0667
600844.SH,20260521,4.7638,1.04,,60.7227,3.9044,,318172.0871,257514.6884
002078.SZ,20260521,0.8856,1.11,11.0896,1.1615,0.9212,3.0817,3627306.5845,3605006.1254
002304.SZ,20260521,0.4237,0.95,66.1613,1.3645,4.1142,5.1951,6718745.03,6718586.477
600331.SH,20260521,2.9091,0.95,,13.4422,11.2976,,4186936.0,3220720.0
920370.BJ,20260521,0.8786,1.08,,1.7104,2.5326,,96390.9531,84225.9702
000635.SZ,20260521,1.8436,1.05,,2.62,1.7071,,288899.9457,268878.9251
600529.SH,20260521,1.4742,1.45,17.5849,1.421,2.5946,2.6018,1173269.7518,1173269.7518
600897.SH,20260521,0.6252,1.29,12.0048,1.2309,2.9467,2.1813,611642.178,611642.178
600768.SH,20260521,4.8609,1.11,29.2315,5.2046,1.7745,0.2807,238203.7632,238203.7632
002340.SZ,20260521,2.7484,1.01,25.8725,1.8874,1.0948,0.8173,4117604.2464,4096317.3788
001356.SZ,20260521,1.7507,0.5,89.5937,3.1369,3.0374,0.3506,638822.88,217501.077
603043.SH,20260521,0.4385,0.82,16.4223,2.0147,1.4691,4.094,804241.9183,797433.5083
301021.SZ,20260521,12.2166,1.19,195.3724,12.4689,23.989,0.1162,1303674.8568,1302226.9901
300993.SZ,20260521,1.5401,0.95,24.0055,2.2023,4.5087,0.8593,351577.6992,275956.9475
002947.SZ,20260521,6.8152,1.12,39.8147,7.362,7.8339,0.5403,2289742.8358,1772240.5959
920415.BJ,20260521,1.8171,1.11,58.9174,2.9366,9.2539,0.2977,163976.9053,126305.9773
002536.SZ,20260521,10.0787,1.47,101.6345,7.2961,5.6846,0.6729,2562395.4887,2426939.9924
300916.SZ,20260521,4.2703,0.98,76.6944,4.1232,3.61,1.0256,564111.6273,364321.5693
600026.SH,20260521,2.1234,1.33,22.465,2.564,4.8589,0.7737,12362329.5378,8645360.8717
300429.SZ,20260521,15.0217,1.35,,4.84,7.9311,,810862.1082,603827.5804
600336.SH,20260521,1.9399,0.96,,2.8417,0.9942,0.1241,643199.9038,643199.9038
002467.SZ,20260521,4.2975,0.95,,5.6395,10.7851,,881613.3706,876124.3799
603110.SH,20260521,6.773,0.81,4096.6897,6.5345,11.1458,0.2209,455376.0945,455376.0945
301667.SZ,20260521,16.2954,0.99,120.6747,8.33,5.7408,,1074149.8824,216374.2011
301333.SZ,20260521,2.3435,1.88,39.2898,2.6305,5.8589,0.2913,525112.2889,524364.5926
002988.SZ,20260521,2.3367,0.84,69.747,3.0284,1.019,0.4833,814509.316,814509.316
002938.SZ,20260521,2.2653,1.4,58.9936,6.3206,5.609,1.0584,21900945.9992,21819525.1098
300359.SZ,20260521,2.1613,1.1,,5.3247,9.5019,,272966.7049,272953.0314
300880.SZ,20260521,3.9029,0.86,54.2339,3.8377,6.3413,2.1327,411739.6608,411739.6608
920717.BJ,20260521,3.2253,1.38,,1.7817,7.28,0.4838,97936.72,37815.12
002248.SZ,20260521,4.6878,1.09,110.3382,32.6208,11.1664,,374222.1452,374222.1452
300308.SZ,20260521,2.1449,0.9,73.9978,32.0046,21.6635,0.1408,110618395.4444,110092435.5231
300055.SZ,20260521,5.3609,1.08,,1.6539,2.9831,0.1546,811647.1178,574177.8065
605009.SH,20260521,0.5319,0.91,25.0728,1.6186,1.4762,2.3053,563829.5311,563829.5311
300995.SZ,20260521,6.8524,0.92,140.2429,5.0105,8.3001,0.5211,314709.2564,224551.3915
300125.SZ,20260521,1.3728,0.69,174.03,6.5217,51.9404,,681164.5367,369108.9901
300422.SZ,20260521,3.4738,0.9,,4.5013,1.2801,,298439.1375,288828.611
300036.SZ,20260521,2.2715,0.85,145.1199,2.6616,4.8088,,702192.4292,624830.8322
300288.SZ,20260521,2.3043,1.02,,3.4674,12.8829,0.1354,374439.0734,284278.8852
920223.BJ,20260521,2.7471,1.06,,10.1445,5.0757,,242061.615,125557.3913
600207.SH,20260521,9.609,2.07,,3.8865,2.9367,,729839.4112,729839.4112
301376.SZ,20260521,3.5202,1.1,24.3014,2.1223,0.8172,2.1984,729273.7827,350880.8877
300980.SZ,20260521,4.4402,0.81,68.4165,2.8758,6.4624,0.5935,409363.3121,291582.3933
001219.SZ,20260521,2.2278,1.11,23.9054,2.4658,4.7869,2.8965,269272.5588,262558.5801
920092.BJ,20260521,13.9364,1.47,,6.1222,26.1196,0.143,214857.8417,114051.6724
688783.SH,20260521,21.6999,1.12,,10.7266,48.4088,,13159190.2,603493.6355
301091.SZ,20260521,1.5584,1.02,306.3528,4.7126,9.2562,0.1878,1101487.92,1101487.92
001256.SZ,20260521,3.2873,0.87,24.8382,2.7357,6.4384,0.7907,358813.1959,268991.9959
000852.SZ,20260521,3.1514,2.16,,1.9475,0.8711,,608951.4179,602521.3023
600064.SH,20260521,1.4593,1.28,7.2544,0.6485,4.3272,4.0541,1280451.3366,1280451.3366
002233.SZ,20260521,0.5772,0.94,15.7242,0.8326,2.411,5.8042,968674.1691,967950.0666
002474.SZ,20260521,8.961,0.85,,3.7458,10.6138,,494026.8,419892.7327
002492.SZ,20260521,2.4347,1.11,,1.7392,8.4987,0.2858,282285.0,277290.8033
300681.SZ,20260521,6.8188,1.15,43.8991,3.2927,2.3045,0.0754,1017634.0055,767392.5837
601100.SH,20260521,0.9426,1.2,55.2284,8.549,13.037,0.8769,15290722.5928,15290722.5928
920091.BJ,20260521,5.8623,0.93,84.6569,6.1301,12.3237,,289009.3704,68179.9404
688205.SH,20260521,6.4852,0.89,515.6803,16.8862,39.9535,0.1318,3953017.8064,3953017.8064
002725.SZ,20260521,10.8183,2.42,1739.7065,3.9445,5.9421,,385024.0,322396.4353
002367.SZ,20260521,0.7707,0.74,16.2305,1.3232,1.0713,4.9505,483433.7463,481512.893
300467.SZ,20260521,4.4477,1.17,306.4931,11.8699,26.9215,,771162.5841,645991.8411
688656.SH,20260521,0.5793,1.18,364.0165,9.5722,19.8007,0.236,791338.4388,791338.4388
300730.SZ,20260521,8.3754,0.58,,23.7652,15.4586,,377864.7299,323985.6648
002915.SZ,20260521,11.3985,1.03,688.9712,4.9653,4.8374,,738271.8727,634339.2233
000886.SZ,20260521,1.7114,1.1,34.5066,1.5717,6.7027,,499358.2915,493802.9622
603313.SH,20260521,1.4209,0.69,,0.9625,0.3585,,326946.2851,326946.2851
688629.SH,20260521,12.6512,0.96,143.0992,32.0678,22.4287,,6180069.8924,2436983.5281
300963.SZ,20260521,4.2943,0.87,120.135,6.4539,7.4907,,724651.2,531499.6033
600475.SH,20260521,2.417,0.64,49.0677,2.1228,2.0396,2.3156,1838322.0969,1813169.2569
600098.SH,20260521,1.0553,0.78,10.4918,0.9072,0.4877,5.1465,2520716.9213,2520716.9213
300135.SZ,20260521,2.8621,1.36,,3.8747,2.2559,0.2747,335462.4,335462.4
600250.SH,20260521,2.6918,0.88,297.9078,4.7426,4.1038,,296213.4596,296213.4596
002531.SZ,20260521,2.7873,0.67,,2.3277,3.9419,0.1781,2017894.7329,2006559.8908
600053.SH,20260521,2.6229,1.07,,1.9434,15.975,,432240.1776,432240.1776
002736.SZ,20260521,0.4763,1.61,9.6484,1.0437,4.4012,4.1927,10467061.4073,9823902.8233
002747.SZ,20260521,14.2801,1.86,213.3665,8.5786,5.7147,,2777581.5601,2245501.2824
300666.SZ,20260521,10.6278,1.31,91.8082,9.7781,10.3239,0.1596,5068155.6867,4223753.706
600610.SH,20260521,5.0026,0.8,167.128,66.6402,8.8699,,926652.5333,613048.5998
301248.SZ,20260521,5.9111,0.91,,8.4857,15.4214,0.0239,1279901.535,935361.0849
301013.SZ,20260521,41.1501,2.71,,12.468,15.2994,0.1401,834462.7099,675592.6477
603699.SH,20260521,0.6377,0.85,29.3553,9.8808,6.1579,2.6833,4941653.1982,4832401.7483
603588.SH,20260521,2.4381,0.58,15.8051,1.9037,1.171,0.7824,1922321.8847,1922321.8847
300032.SZ,20260521,4.5509,1.62,,6.0424,2.6291,,391143.5991,391143.5991
688590.SH,20260521,5.3908,0.77,,3.0788,2.1757,0.1983,459436.0443,459436.0443
300415.SZ,20260521,2.1458,1.07,16.7641,3.5142,1.9366,1.927,1192490.5038,1153119.4938
000429.SZ,20260521,0.4406,0.83,17.3476,2.4023,6.1545,3.9502,2768227.3108,1725608.7955
300684.SZ,20260521,9.2842,1.35,53.296,8.1617,9.7105,1.0639,1820716.5666,1241958.1315
688008.SH,20260521,9.7699,1.26,125.2822,15.3712,56.2658,0.2229,32042417.9506,30055864.1011
300173.SZ,20260521,1.3586,0.96,,3.5206,2.5275,,285808.2965,285808.2965
301023.SZ,20260521,19.8067,2.12,56.3906,4.6003,14.434,2.3034,381062.4188,212241.4808
301283.SZ,20260521,3.9834,1.98,17.9602,2.1998,1.5692,3.8537,350992.7231,275922.3846
600366.SH,20260521,2.5715,1.01,34.139,2.2034,2.3973,0.3843,1400178.299,1400178.299
603058.SH,20260521,2.7327,1.13,139.0879,3.6799,5.1959,1.109,435421.9853,434318.8133
603228.SH,20260521,5.8585,1.54,64.8597,5.7876,4.6582,0.7333,7386427.8975,7318465.5975
300640.SZ,20260521,5.5008,0.97,222.5567,2.8173,2.1478,0.2717,228891.1623,162471.3597
688271.SH,20260521,4.0456,4.97,53.5374,4.627,7.1412,0.1695,10161867.992,10161867.992
600820.SH,20260521,0.4718,0.8,8.0593,0.5469,0.3178,5.3667,1757549.7165,1757549.7165
300181.SZ,20260521,1.353,1.09,15.5079,2.9453,3.2388,4.1194,1008594.9877,866985.9015
301268.SZ,20260521,1.358,1.15,,5.3202,2.2931,,840433.1603,723520.7284
600315.SH,20260521,0.8244,0.99,44.4894,1.715,1.8922,0.2157,1212695.6679,1212695.6679
002759.SZ,20260521,18.6496,2.08,60.438,5.2235,5.3007,,1821021.6214,1819420.5922
688567.SH,20260521,3.5175,2.4,,1.9397,2.0935,,1770828.5294,1770828.5294
603866.SH,20260521,0.3904,0.81,30.6399,1.4658,1.4236,,771064.6327,771064.6327
002581.SZ,20260521,4.0164,1.83,,1.6604,10.571,,299519.956,181959.1871
600619.SH,20260521,8.285,1.51,153.7702,3.2146,0.9652,0.0703,1983540.4623,1458395.0267
920547.BJ,20260521,0.6936,0.69,25.8589,2.2556,4.0069,0.9434,164698.56,79963.008
603557.SH,20260521,1.954,1.06,,49.3538,7.782,,276182.5414,276182.5414
600188.SH,20260521,0.8859,1.03,21.1876,2.6665,1.3669,3.5437,20394883.3046,12113467.3046
920086.BJ,20260521,5.7933,0.78,27.0299,2.7802,8.8374,,244345.6,78093.94
600981.SH,20260521,0.9321,1.12,,1.1525,0.1005,0.3906,574062.8972,574062.8972
688251.SH,20260521,3.4037,1.31,192.5953,3.3916,2.7007,0.4494,286012.808,284025.0535
301297.SZ,20260521,8.9609,1.06,78.7765,6.8372,10.8751,0.3199,3708506.114,1811259.1272
600892.SH,20260521,1.193,0.93,,245.5952,6.0933,,215393.7124,215338.0214
300674.SZ,20260521,1.5382,1.02,30.5771,2.903,3.561,1.6414,1282087.9063,1280184.7063
300634.SZ,20260521,9.4988,1.28,50.467,4.0149,7.3138,0.5867,1223683.9608,1177749.732
603993.SH,20260521,1.1503,0.82,15.6253,4.2468,1.6619,1.4456,37739563.1505,30800925.5985
300921.SZ,20260521,17.7918,1.8,175.7035,6.282,9.3278,0.2496,521984.8631,325751.0303
603279.SH,20260521,1.9196,0.91,18.3476,1.8862,1.5178,5.9253,875510.587,875510.587
301033.SZ,20260521,3.577,1.54,31.6109,4.2284,9.2831,1.145,346713.585,291404.781
300021.SZ,20260521,1.6241,1.2,85.4062,1.6411,1.1271,1.2285,430416.7044,367696.8347
301381.SZ,20260521,2.8763,0.8,27.7129,2.7564,0.639,1.3068,771815.5366,373930.6666
300248.SZ,20260521,3.5663,0.99,78.1795,2.1499,4.7834,0.8239,462534.2896,397180.285
301156.SZ,20260521,2.5114,1.04,46.5414,3.6945,4.4543,2.1396,276360.317,175148.6887
603210.SH,20260521,1.3512,1.01,24.347,2.6732,2.1742,,518088.8,354135.155
002406.SZ,20260521,6.9054,0.81,34.0097,1.4275,3.5958,1.8634,587831.191,484781.3829
300453.SZ,20260521,2.7255,0.94,18.1891,3.3267,3.0116,1.027,508510.0839,350503.3624
002864.SZ,20260521,3.1451,1.32,35.7939,1.8182,2.7907,1.1932,310659.2461,215381.9214
300996.SZ,20260521,4.2365,1.03,53.7906,3.898,6.0816,0.5599,504631.1306,424765.6737
002196.SZ,20260521,22.481,1.08,171.203,5.7239,2.5516,,816205.1968,803923.5299
920445.BJ,20260521,1.3995,0.79,56.5835,4.0677,3.434,1.7401,125709.0713,89685.3411
688623.SH,20260521,7.8054,0.98,105.6441,2.758,17.0809,1.1898,589534.4336,190814.4336
600088.SH,20260521,4.5543,0.65,,4.8747,5.7768,0.2211,611672.4432,611672.4432
688582.SH,20260521,3.0725,1.28,78.5828,8.4934,42.2156,0.5933,2055698.7496,1280370.9096
300081.SZ,20260521,3.284,1.13,,3.161,5.8781,,249175.7118,249128.7129
600287.SH,20260521,1.4108,1.11,102.6983,1.0267,0.9651,,234559.4917,234559.4917
300289.SZ,20260521,1.0101,0.91,,2.0361,10.4742,,332935.03,332411.77
000400.SZ,20260521,2.8515,1.02,24.6693,2.1521,1.7583,1.4964,2641287.4917,2623341.3646
300444.SZ,20260521,11.5996,0.93,24.9189,5.6483,2.4231,0.4127,1161200.8809,903583.5003
300903.SZ,20260521,10.1804,0.88,,16.9763,8.1528,,3099952.3286,2354495.7334
600550.SH,20260521,3.3577,0.98,114.5563,29.3036,4.459,,2614970.4416,2614970.4416
601098.SH,20260521,0.4362,0.96,12.3597,1.198,1.5677,4.9819,1982784.0,1982784.0
000702.SZ,20260521,2.8886,0.7,,6.7633,2.0638,,224266.3414,172512.5707
002805.SZ,20260521,7.4763,0.7,,6.8523,1.9173,,640783.0183,637929.4476
301517.SZ,20260521,5.0154,0.95,,7.5533,16.0394,0.063,960962.3125,619909.4563
600133.SH,20260521,4.4961,0.85,34.4297,1.0478,2.5855,1.8436,954284.6881,954284.6881
300947.SZ,20260521,2.1895,0.95,,2.1051,2.0473,,248319.2345,248220.712
300112.SZ,20260521,3.0947,1.15,,2.5362,2.3551,,235373.2,192698.4741
301285.SZ,20260521,2.1457,0.93,,24.4672,20.8335,0.0447,2309330.58,2309330.58
000712.SZ,20260521,6.7966,1.59,25.6088,3.4856,8.8686,,930944.0,930667.7559
600388.SH,20260521,2.4698,2.25,20.8941,2.279,1.9928,1.9686,2447379.2066,2447379.2066
688529.SH,20260521,1.875,1.1,,3.3444,2.1652,,331306.6274,331306.6274
002936.SZ,20260521,0.6324,0.73,8.2549,0.3483,1.2411,1.1299,1609300.1704,1244185.3727
605117.SH,20260521,1.7936,0.98,41.9815,13.2613,10.8638,1.7497,15336340.4457,15336340.4457
300797.SZ,20260521,0.9798,1.09,35.2433,4.2647,4.6831,0.7985,575240.4996,568873.2731
920181.BJ,20260521,27.0965,1.01,49.6267,5.919,7.4415,,454291.2,105370.32
301024.SZ,20260521,2.0296,0.6,,8.969,20.442,,303173.28,293518.08
002465.SZ,20260521,7.3134,1.4,,3.5592,9.106,0.3681,4013125.4939,4006743.4553
605368.SH,20260521,0.595,1.05,22.4572,1.5948,1.3634,5.3981,529545.213,529545.213
300416.SZ,20260521,5.3418,1.46,33.2798,3.079,3.7866,0.8813,865548.3658,859431.9956
300690.SZ,20260521,4.6213,1.01,29.0368,2.7006,4.1934,0.7937,437513.2397,293316.3977
300069.SZ,20260521,0.443,0.05,,18.8952,21.632,,515502.0,515502.0
002685.SZ,20260521,12.7976,2.11,104.7389,5.4923,7.9375,,905913.8863,905792.4538
000558.SZ,20260521,2.1775,1.14,,4.553,10.1404,,478302.0851,478101.9896
920476.BJ,20260521,3.9718,2.03,36.0512,3.473,4.097,0.5244,152727.3814,144569.5595
002932.SZ,20260521,1.6704,1.14,,0.687,14.2862,6.9365,379706.7228,254903.1268
300031.SZ,20260521,9.7818,1.08,41.3969,2.663,2.9818,0.3846,1088741.407,914944.9192
002516.SZ,20260521,1.5447,1.27,45.1275,2.3679,3.7288,1.3378,879561.5318,871542.3518
002958.SZ,20260521,0.6048,0.8,5.0262,0.4189,1.6448,4.1522,1605575.1311,1572012.8432
688598.SH,20260521,8.2995,0.88,,1.8673,8.4372,,720693.8588,706814.5388
000718.SZ,20260521,1.3178,0.95,,0.6499,4.4832,3.5714,594788.7313,447238.6353
601298.SH,20260521,0.2312,1.35,11.1414,1.2405,3.0502,3.8589,5841990.0,4852867.5
301555.SZ,20260521,13.4343,1.11,46.8654,3.2186,1.5908,0.5581,363715.3314,190575.0045
002951.SZ,20260521,2.0732,0.8,,4.1535,14.8142,3.1717,630585.0,624550.7297
301548.SZ,20260521,7.657,0.99,50.808,4.6837,11.2228,0.5038,740892.0,223417.1067
002168.SZ,20260521,0.8229,0.83,,274.2231,8.0375,,307392.0403,307392.0403
002425.SZ,20260521,2.3014,1.11,,1.2616,5.5464,,312829.4766,300900.7968
002521.SZ,20260521,3.2569,2.35,25.1541,1.1167,1.34,1.2579,445248.5348,333243.0041
688789.SH,20260521,1.1514,0.87,22.4815,2.8699,4.7322,1.5566,1037554.1519,1037554.1519
301029.SZ,20260521,4.502,1.17,36.4658,4.2131,6.1596,1.507,1893729.298,1379175.9762
603219.SH,20260521,2.1937,1.01,185.0305,6.2902,3.2082,1.102,1016695.4,1016695.4
301148.SZ,20260521,3.0398,0.96,202.3291,4.7428,16.1312,0.5576,813848.6009,411287.3369
688275.SH,20260521,4.5047,1.08,183.005,3.2682,1.2348,,1801980.5993,1801980.5993
301141.SZ,20260521,6.4529,0.96,249.6425,5.0435,8.2956,0.1917,647078.1003,232222.2603
300187.SZ,20260521,2.9866,0.91,28.976,3.2382,4.4481,2.8744,375106.4779,372930.3581
301386.SZ,20260521,5.0489,1.44,37.3782,2.2517,6.3222,2.0408,343000.0,110250.0
300948.SZ,20260521,11.3645,3.45,,4.3902,27.1458,,419651.6375,395575.8569
688373.SH,20260521,1.9466,1.06,,18.2509,22.0463,,332051.5603,306452.7749
688758.SH,20260521,1.5481,1.19,58.0828,5.7948,18.5525,0.3473,803359.218,575196.3033
002218.SZ,20260521,4.1781,0.57,,1.8025,7.0526,0.1988,708374.9749,698001.958
600019.SH,20260521,0.4095,0.87,12.7649,0.6211,0.4022,3.6447,12938558.3409,12938558.3409
600538.SH,20260521,4.1353,1.05,,5.2556,10.7593,,357503.2733,357503.2733
603811.SH,20260521,1.7185,1.19,18.6801,2.4929,4.3693,2.196,361671.2736,361671.2736
603701.SH,20260521,2.3799,1.3,437.7696,8.1834,6.5093,0.1574,664120.5904,664120.5904
001301.SZ,20260521,5.5173,1.3,26.2655,3.2443,2.7388,,2330790.602,1659997.2649
300755.SZ,20260521,3.0759,0.84,,2.4684,1.3176,0.5474,692718.9408,692357.4558
301270.SZ,20260521,3.0773,1.32,388.9677,3.114,16.4329,0.3317,301400.0,284801.4318
301622.SZ,20260521,4.0399,1.65,84.7429,4.2486,4.4389,0.2107,660347.9885,368299.9196
301037.SZ,20260521,4.2348,1.25,,4.2539,1.4331,,232043.8839,113488.3032
600054.SH,20260521,1.9761,1.63,27.9474,1.6882,3.8194,2.1763,811069.9373,570789.6
600629.SH,20260521,2.3839,0.89,1222.6523,3.6084,2.7627,0.6228,1900893.433,1877056.464
002204.SZ,20260521,1.3393,1.12,19.2476,1.4648,0.7337,0.8115,1178135.7195,1178135.7195
300260.SZ,20260521,12.0926,0.85,146.1369,12.033,8.3595,0.0942,2585494.8077,1823618.2313
688220.SH,20260521,6.3765,1.75,,8.746,11.7869,,4758172.6124,4198959.9015
920932.BJ,20260521,2.1018,1.27,,2.4815,4.646,0.1534,149597.497,123274.6673
600966.SH,20260521,0.9373,1.12,49.3179,1.0384,0.4076,0.4529,776706.5313,776706.5313
601898.SH,20260521,0.449,0.98,12.1606,1.3161,1.5005,2.6044,21585104.0152,14899456.6512
002705.SZ,20260521,1.6924,0.98,13.0089,1.2462,0.6847,4.4692,1081418.539,1075764.2842
002495.SZ,20260521,4.1619,1.35,117.387,2.0872,9.1551,0.3177,231099.5232,171397.7971
300713.SZ,20260521,5.4087,1.4,,6.2315,7.3056,,276332.9302,150379.9614
301613.SZ,20260521,2.1255,1.06,27.5312,3.8288,1.9578,,647429.4527,377639.5127
920274.BJ,20260521,1.843,0.6,81.779,3.4659,2.7253,0.4634,173484.0014,173484.0014
300933.SZ,20260521,4.5272,1.28,,2.1611,1.4244,0.307,459008.8909,459008.8909
920478.BJ,20260521,2.1951,1.4,32.9075,2.2148,4.4336,1.0504,112396.0236,67458.8138
603262.SH,20260521,13.9918,3.32,97.5323,7.0816,10.411,,1112027.8,111222.24
600993.SH,20260521,1.0342,1.02,17.7019,2.2762,2.6735,2.5567,1045305.6857,1043494.5138
301383.SZ,20260521,4.5496,0.53,,2.6203,2.7977,1.2749,511000.0896,220881.374
000591.SZ,20260521,4.9092,0.84,31.8523,0.9549,4.8416,2.0419,2284336.789,2283484.4739
688006.SH,20260521,3.3814,1.1,53.6478,3.6922,6.4585,0.3665,2042222.8902,2042222.8902
300209.SZ,20260521,13.5232,0.96,,28.6753,109.888,,2574179.3413,2036199.8654
600803.SH,20260521,0.3153,1.37,14.3504,2.5857,0.4855,5.9776,6256581.7012,6207959.6748
920961.BJ,20260521,2.3608,1.2,,3.4657,13.9317,0.2743,260398.2461,189501.4881
920123.BJ,20260521,1.2956,0.81,33.4364,3.1343,1.4756,1.9231,133848.0,76359.4752
603352.SH,20260521,3.4008,0.98,36.7516,2.5495,1.9111,,753666.6678,147704.3869
301002.SZ,20260521,13.4637,1.02,693.9353,7.1941,7.6617,,788974.7563,496908.3241
002636.SZ,20260521,5.51,1.35,64.8359,8.1466,6.4989,0.1992,3107104.0,3091378.1998
603276.SH,20260521,3.5465,1.14,49.1923,2.0,3.8776,0.7146,359441.2793,130936.8698
300382.SZ,20260521,4.8616,0.98,,4.4769,4.7707,,1019284.7906,1019187.685
301119.SZ,20260521,2.661,1.58,42.4848,3.993,9.0755,2.245,426192.0,344682.78
688596.SH,20260521,12.8285,0.96,175.0968,3.6848,2.5637,0.6123,1335653.0442,1335653.0442
920656.BJ,20260521,2.2138,1.28,19.5966,2.0655,6.1206,1.3378,149500.0,48402.5401
600517.SH,20260521,0.523,0.95,13.6508,1.3196,3.7419,1.6817,3162294.9664,3162294.9664
920806.BJ,20260521,1.4546,2.25,47.3692,2.2377,2.1768,0.8598,349756.7437,349756.7437
601186.SH,20260521,0.3917,0.75,4.9523,0.3137,0.0868,4.6729,8718065.643,7385083.611
300643.SZ,20260521,2.0276,0.93,26.1196,3.1917,3.3446,0.8774,419262.6789,418306.2289
920802.BJ,20260521,5.2745,1.08,45.3431,2.5936,5.6067,0.8729,115631.6889,51066.8752
601608.SH,20260521,1.0113,0.9,67.0731,2.7015,3.1359,0.5144,2546231.711,2546231.711
603127.SH,20260521,9.6306,1.53,64.7365,3.7455,19.0045,0.0698,3204962.3369,2696019.8409
688498.SH,20260521,4.2165,1.05,362.9768,52.4337,148.1539,0.0663,12923637.1341,12756696.1158
688323.SH,20260521,20.3016,1.7,,9.8505,17.6517,,704886.9548,704886.9548
300371.SZ,20260521,3.2627,1.49,37.8335,2.1356,5.3941,0.7088,251722.8373,175134.5732
688615.SH,20260521,5.4693,1.2,55.0353,9.4869,14.1506,0.851,2714600.0,1874436.0367
002167.SZ,20260521,5.2334,1.3,171.0063,5.2069,7.3407,,926509.2668,907420.7037
600654.SH,20260521,5.2059,1.1,140.4205,6.0613,3.4332,,1021545.8299,822688.2972
002459.SZ,20260521,1.8669,0.89,,1.5404,0.6714,,3200492.4478,3196688.0445
688130.SH,20260521,8.7968,0.95,,2.7418,18.5662,,339099.5187,169099.6887
920367.BJ,20260521,1.8229,0.99,99.7107,2.549,8.656,0.5741,123440.2975,73151.0709
688788.SH,20260521,1.3753,1.01,,4.6893,28.1532,,824531.8884,824531.8884
002533.SZ,20260521,2.007,0.76,16.2792,2.3119,0.4565,3.3791,968802.2018,841691.9716
603135.SH,20260521,0.8666,0.92,,2.4388,19.7703,0.5721,720516.0429,715155.2589
300879.SZ,20260521,2.1285,1.24,,3.4341,1.1955,0.0986,424227.954,421355.627
688360.SH,20260521,11.3647,1.67,62.9837,4.2547,3.6586,0.4461,633517.0921,605991.0561
688370.SH,20260521,1.1629,1.45,120.7413,1.3039,6.749,1.4173,348254.0127,348254.0127
920976.BJ,20260521,3.2026,2.29,31.188,6.9347,6.603,2.8021,202571.957,125961.458
688517.SH,20260521,4.1812,1.37,40.6039,3.8173,4.3107,2.416,308745.7958,308745.7958
600048.SH,20260521,1.1013,1.18,,0.3622,0.2345,2.8707,7026650.2864,7026650.2864
688136.SH,20260521,2.4418,0.98,43.0878,2.7945,3.3047,0.3268,482816.1428,482816.1428
002489.SZ,20260521,3.3413,0.56,34.645,1.8739,1.5418,1.0076,861099.4763,759469.5117
688167.SH,20260521,8.4351,1.16,,18.5038,45.1799,,4137851.3612,4137851.3612
600097.SH,20260521,1.4677,1.12,89.4417,1.0246,1.024,0.8351,230817.2235,230817.2235
600575.SH,20260521,2.1606,0.7,15.3523,1.2077,0.6513,,2694713.8559,1461234.1604
601169.SH,20260521,0.355,0.83,5.2775,0.382,1.5353,3.9063,10825207.9473,10825207.9473
601156.SH,20260521,0.9977,0.81,9.3059,1.2526,1.001,1.8056,2532151.1118,1506629.9118
688156.SH,20260521,3.4081,1.05,,3.3158,6.0038,,256518.9579,256518.9579
603880.SH,20260521,2.6099,0.63,,13.6039,4.0043,,234124.02,234124.02
603506.SH,20260521,1.6194,1.24,19.645,1.8634,1.2299,,230778.8904,230778.8904
002791.SZ,20260521,2.7659,1.04,,1.0711,1.053,,572585.951,352245.949
300462.SZ,20260521,1.9484,1.21,,1.6912,3.2663,,234319.9658,178478.0163
605398.SH,20260521,1.7023,1.62,296.6762,3.9418,7.4699,0.0587,409557.1259,409557.1259
001270.SZ,20260521,10.1164,2.32,228.7249,19.3517,72.4969,,3019583.2997,2981267.4699
002162.SZ,20260521,1.2805,1.02,314.7413,4.5038,3.4166,,367880.386,367397.6484
301133.SZ,20260521,2.1569,0.73,,4.047,4.8062,0.2877,555952.738,508669.3301
688162.SH,20260521,2.1522,1.19,62.0783,1.9304,1.0671,,466965.2397,466965.2397
300698.SZ,20260521,12.8305,3.48,111.9482,10.0591,7.2498,,538412.0,476317.599
920163.BJ,20260521,1.0075,0.94,30.3432,2.8774,1.8278,0.9524,148666.0098,70087.1729
002905.SZ,20260521,1.8664,0.76,,48.866,3.5834,,318743.04,295975.68
688700.SH,20260521,6.445,1.03,141.0416,11.1397,17.535,0.1425,2090898.3295,2090898.3295
920016.BJ,20260521,1.4086,0.96,55.4349,3.1118,4.5631,0.4499,119783.8815,53273.1112
605167.SH,20260521,3.614,2.86,35.1505,3.6895,3.1221,0.6601,759876.0224,759876.0224
300703.SZ,20260521,3.3596,0.99,141.2332,3.8518,1.3613,0.9091,297646.536,274349.5557
603297.SH,20260521,2.3007,0.8,76.6594,7.6636,15.972,0.5848,1612464.9345,1609447.4685
300881.SZ,20260521,4.3943,1.07,23.0188,4.5096,1.7265,1.9581,558250.0,291336.7188
003035.SZ,20260521,1.3314,0.71,77.3747,3.7461,6.9968,0.1006,2636363.6358,2636363.6358
300093.SZ,20260521,1.3355,0.77,42.5238,5.8062,38.1499,,1129680.0,483205.4635
688277.SH,20260521,2.4874,1.24,,7.5604,32.0414,,874592.7212,874592.7212
002873.SZ,20260521,2.7398,1.14,268.4819,1.7943,3.0746,0.6246,226040.1244,221953.4474
002545.SZ,20260521,1.6292,0.99,20.2989,2.7863,5.3276,1.3112,2846414.0459,2585814.5639
002825.SZ,20260521,2.831,0.54,41.3364,2.2258,1.805,1.093,369882.5425,277927.1645
301025.SZ,20260521,2.6965,1.16,368.7878,6.5816,11.9461,0.2924,410717.4444,284356.6592
600759.SH,20260521,6.3527,1.59,54.4677,1.2741,5.1502,,1157573.5891,1156088.3326
603408.SH,20260521,0.5168,1.18,11.8947,1.3968,0.9263,6.3071,489644.862,489644.862
000973.SZ,20260521,10.2737,1.35,58.8813,4.1477,12.4326,0.0892,3795517.5667,1493701.376
603311.SH,20260521,14.1095,1.38,104.8437,5.4582,8.6625,0.3846,735957.7898,735957.7898
688038.SH,20260521,3.3217,1.5,,3.929,9.6637,,232746.8,232746.8
600117.SH,20260521,0.4264,0.83,,2.1847,1.2405,,751931.532,751931.532
603053.SH,20260521,0.7614,1.18,18.4288,1.7103,1.6336,3.0864,864001.08,864001.08
002888.SZ,20260521,20.906,1.06,205.9121,9.9835,14.2721,0.7925,380034.1425,192851.8535
301348.SZ,20260521,27.3954,1.59,,4.9346,9.6805,0.1655,725040.0,468675.4295
301560.SZ,20260521,6.5623,0.77,122.5157,4.8804,4.3704,0.2067,470592.0,236302.2
300222.SZ,20260521,12.87,1.08,126.0102,6.3059,3.653,0.2841,1095819.9775,892395.3407
300121.SZ,20260521,5.045,0.79,27.7922,1.522,1.5739,1.2144,541407.7141,522103.8771
002627.SZ,20260521,2.0864,1.36,78.8666,1.5676,6.3219,1.4221,484758.3219,479727.0512
688002.SH,20260521,1.9044,0.87,41.3413,8.3991,8.472,0.1196,6025693.5065,6025693.5065
300386.SZ,20260521,2.4858,1.16,,3.4206,7.9389,0.0851,491201.7,294640.2423
603179.SH,20260521,10.1585,2.28,54.9309,5.9731,2.8277,0.346,4423746.4381,4423746.4381
301269.SZ,20260521,3.6334,1.76,,10.1927,39.3499,0.1536,5302744.425,5302744.425
600733.SH,20260521,1.9579,1.22,,6.9357,1.4777,,4176852.9991,3208963.0202
000488.SZ,20260521,1.4216,1.38,,16.3127,0.8118,,679476.3822,391364.7623
300035.SZ,20260521,4.7438,0.95,33.1291,2.6318,1.4501,1.2927,1325615.1817,1128201.2788
301408.SZ,20260521,6.786,0.85,34.029,3.2753,1.2637,0.5612,712817.82,408005.6561
002088.SZ,20260521,0.711,1.04,,1.7773,1.9011,9.122,450008.5079,443529.0495
300388.SZ,20260521,1.2338,1.41,14.2423,1.122,1.4262,2.4652,538704.4047,538704.4047
601579.SH,20260521,1.3405,0.63,30.5539,2.1294,4.4951,2.274,827553.8439,827553.8439
688800.SH,20260521,5.2584,0.92,96.5931,11.37,8.6824,0.2021,2727447.3564,2727447.3564
920146.BJ,20260521,1.4214,0.95,,4.8006,3.7425,,88013.7688,69853.8795
000931.SZ,20260521,0.9677,0.97,206.8493,2.0279,1.4282,,328363.3642,327448.876
002948.SZ,20260521,1.3906,0.87,6.0617,0.777,2.2235,2.8169,3305961.4832,1767900.8049
300250.SZ,20260521,5.2792,1.18,102.3731,7.1152,16.7618,,393085.2919,289503.5967
002921.SZ,20260521,4.376,0.81,,3.2454,3.4957,,425607.6528,366962.0224
600938.SH,20260521,1.5381,1.09,13.8095,2.0565,4.2252,3.5096,172153493.33,10829780.0
688409.SH,20260521,4.066,1.1,700.6541,11.085,13.0984,0.0912,5008995.792,5008995.792
300891.SZ,20260521,2.2669,1.32,,2.5865,1.7908,0.1272,312406.519,260443.4064
603551.SH,20260521,0.6389,0.86,14.9818,2.9701,2.2641,7.5073,430911.768,425469.688
002368.SZ,20260521,1.9961,0.85,,2.5343,1.353,0.5717,1008388.2207,1005706.6446
603283.SH,20260521,11.2845,1.13,35.7836,5.1002,5.2964,0.6063,1816866.0211,1816866.0211
002431.SZ,20260521,1.7091,0.56,,9.707,1.8815,,288384.7624,288384.7624
003004.SZ,20260521,4.8298,1.32,,6.4383,10.1495,,406366.0209,341233.2528
603527.SH,20260521,4.5253,0.95,133.256,1.8483,0.3101,1.2935,392093.3744,392093.3744
920914.BJ,20260521,1.7414,0.96,40.6916,2.2712,2.0361,0.4396,225183.897,225006.0008
300047.SZ,20260521,4.2268,1.06,236.0119,2.3562,0.814,,778686.2445,700745.7962
300484.SZ,20260521,6.0009,0.78,104.3982,5.33,8.1318,0.8999,369166.0698,296440.3778
000932.SZ,20260521,1.1558,0.89,12.3856,0.4982,0.2312,2.4681,2782159.319,2782159.319
300961.SZ,20260521,3.7465,0.8,,4.3435,6.5764,,240214.4,205860.9983
000803.SZ,20260521,2.4524,0.88,80.1735,2.4637,2.5552,,366975.0724,361852.9829
600316.SH,20260521,1.3254,0.94,413.1943,4.1441,2.8561,0.0546,2234528.8194,2234528.8194
603518.SH,20260521,1.4529,0.92,12.7182,0.8214,0.7578,,315651.7134,314483.6214
301168.SZ,20260521,5.0039,1.54,745.0465,2.566,4.7592,0.1352,545520.0,433294.4255
002270.SZ,20260521,3.0358,1.17,29.2727,6.9999,8.3891,2.6619,2053252.4624,2053219.5591
002818.SZ,20260521,1.666,1.07,10.4877,1.4514,7.3955,6.0144,833783.2592,332345.063
301468.SZ,20260521,7.3383,1.02,136.0692,2.8586,13.6308,0.5128,659677.3564,380263.2124
301539.SZ,20260521,1.8292,0.67,939.2226,3.3126,2.2975,0.579,255596.0,129631.6388
600399.SH,20260521,2.4538,1.18,,1.8554,1.2564,0.3546,995910.5,995910.5
605507.SH,20260521,0.5021,0.81,16.1565,1.4211,2.0327,2.7054,1238352.876,1238352.876
603332.SH,20260521,3.6132,1.13,34.3896,2.1567,1.6937,1.6651,284929.2413,284929.2413
300991.SZ,20260521,5.1874,1.1,,9.8281,9.1134,0.0701,616608.0,394552.044
688520.SH,20260521,0.8051,1.51,,278.1222,14.4453,,1969765.9702,1865065.9702
600618.SH,20260521,1.6424,0.67,15.4485,1.3573,1.598,1.8784,1292855.1732,838321.0932
301368.SZ,20260521,10.3611,1.53,,7.1581,13.1609,0.1193,674721.8,360234.2499
000623.SZ,20260521,1.3414,1.48,7.6345,0.6653,9.4096,2.7978,2095208.718,2086573.2414
603717.SH,20260521,6.2296,0.73,,5.1966,3.038,,198750.1744,198750.1744
000679.SZ,20260521,2.0916,1.12,,16.4618,5.4088,,238075.2,238075.2
002861.SZ,20260521,7.0673,1.8,,3.3289,3.8841,0.5417,343880.1939,277210.4049
920753.BJ,20260521,1.0165,0.75,39.8151,3.4354,5.7916,1.7803,140829.5566,56020.0383
600361.SH,20260521,1.6183,1.15,18.7756,1.3912,0.2031,1.9131,1586381.738,1586381.738
002573.SZ,20260521,0.6364,0.93,,0.8656,0.5348,,475529.7385,474769.0681
002601.SZ,20260521,1.4389,0.96,51.5263,1.6814,1.4734,3.7054,3841023.6182,3202028.0882
603848.SH,20260521,0.6428,0.81,29.6291,2.3929,3.8966,1.2912,623327.6855,623327.6855
301331.SZ,20260521,1.2123,1.49,54.8819,2.4325,3.0039,2.0375,264226.3658,263572.3553
301526.SZ,20260521,13.3406,1.14,137.0641,7.868,7.459,,6715933.8035,2501223.7959
300157.SZ,20260521,6.6908,1.4,,,5.1084,,374707.0404,351788.8421
603000.SH,20260521,1.9356,0.88,105.6622,5.2328,9.7373,0.7249,2013463.413,2013463.413
688377.SH,20260521,0.9439,0.57,70.0003,4.2266,6.6444,0.336,808156.5817,808156.5817
301096.SZ,20260521,5.7663,1.64,,2.8126,9.9145,,703648.6055,535265.561
301339.SZ,20260521,0.8748,1.15,32.3316,2.6005,6.7566,3.0045,731219.9832,717948.0
300594.SZ,20260521,4.0971,1.42,,2.157,2.0536,,164729.0959,163150.2249
300142.SZ,20260521,5.7533,0.88,76.8971,2.9662,9.1569,0.2911,2197504.8953,2166987.6876
601886.SH,20260521,0.4432,0.86,16.6503,1.4688,0.4645,5.5006,1029898.8725,1029898.8725
002035.SZ,20260521,1.0407,0.73,15.5029,1.1914,0.8227,7.249,458580.6073,423082.3778
001216.SZ,20260521,1.3801,0.93,22.622,1.8815,3.4003,2.0825,483774.9661,406881.6507
301006.SZ,20260521,3.6799,1.27,26.448,1.7568,5.8072,1.1882,231622.64,139394.1567
002161.SZ,20260521,2.771,0.79,3666.4886,3.1468,7.7477,0.2318,478623.0378,478527.2495
603721.SH,20260521,1.3028,0.72,114.791,6.1025,7.9351,,299260.0,299260.0
603097.SH,20260521,4.8623,2.63,97.0396,4.4844,2.1812,0.6798,483765.0543,470055.5271
600006.SH,20260521,0.9517,0.78,,1.639,1.5098,0.0763,1310000.0,1310000.0
688170.SH,20260521,15.6104,1.31,477.0583,6.5001,10.3251,,800833.28,800833.28
300677.SZ,20260521,3.2707,1.23,46.7535,1.7113,3.0266,0.309,3123173.0645,2220974.9735
301162.SZ,20260521,4.0133,1.29,67.4328,5.9378,12.6882,0.9812,918805.2044,594362.7657
688679.SH,20260521,5.4699,1.17,,8.0921,6.4558,0.0741,888246.8579,888246.8579
000762.SZ,20260521,4.9299,0.87,7350.0111,5.5314,33.8694,0.1601,1627560.125,1627501.9313
002410.SZ,20260521,2.2861,0.96,40.6253,2.9183,2.77,2.2657,1663507.9524,1581109.2489
003008.SZ,20260521,2.383,1.11,28.3694,2.095,10.0296,2.3223,223912.0,167338.0582
605588.SH,20260521,5.9984,1.47,,4.6026,3.2357,,435329.6326,434284.4919
688021.SH,20260521,2.26,0.81,69.9697,2.2897,5.7548,,202267.1089,202267.1089
605208.SH,20260521,3.8438,1.03,66.1363,2.1081,0.7793,0.2743,468514.8,468514.8
920433.BJ,20260521,1.1387,0.45,,3.3702,9.771,1.2,127959.8405,84658.198
301577.SZ,20260521,10.1892,1.22,,4.3492,7.2302,0.4149,320024.6565,133904.0886
301513.SZ,20260521,32.2028,1.21,60.282,6.0975,9.6792,,825200.0,166269.4572
600180.SH,20260521,6.0663,202.56,,0.3974,0.1011,2.2117,170600.5118,170600.5118
002579.SZ,20260521,10.8464,1.49,298.2725,3.2559,2.5261,,782313.9777,745016.9886
300095.SZ,20260521,4.3489,0.84,,3.1193,3.0977,1.0097,393636.3127,317034.8875
002815.SZ,20260521,6.4269,1.33,76.8169,2.0828,2.3546,0.7004,1852461.1373,1166490.163
300687.SZ,20260521,11.3205,0.84,,4.791,6.2047,0.2231,1282412.4554,1026499.9089
300772.SZ,20260521,2.9638,0.94,38.0812,1.8596,0.3907,0.3769,1252661.5464,1111017.8342
605090.SH,20260521,2.9041,1.01,19.7612,2.4128,1.4431,2.8612,2782721.9285,2777245.3079
300969.SZ,20260521,8.0636,1.24,113.1995,10.4974,18.9982,,1867918.425,890884.7268
000923.SZ,20260521,2.3063,0.96,21.5366,0.995,1.8135,3.2658,999328.0393,961316.973
002178.SZ,20260521,3.501,1.1,490.6272,9.4431,10.4064,,408063.6696,407851.7495
300783.SZ,20260521,4.502,1.0,41.3204,2.4373,0.7608,,783690.1664,546830.9624
301129.SZ,20260521,6.9323,0.74,33.7355,2.0147,6.7376,0.9046,366922.98,178962.75
000563.SZ,20260521,0.8298,1.04,11.7162,0.8558,5.8488,2.9412,1564874.9295,1564874.9295
601001.SH,20260521,1.2695,0.97,17.3345,1.4701,2.0929,4.3972,2873742.9,2873742.9
600665.SH,20260521,1.7674,1.23,,1.9205,0.4577,,272198.5941,272198.5941
002031.SZ,20260521,21.0161,0.83,,8.2274,22.3916,,1596761.2564,1389288.5382
601226.SH,20260521,1.6435,0.97,50.497,2.1705,0.8942,0.4203,943725.6444,943725.6444
603871.SH,20260521,0.9267,0.76,12.6149,2.4205,1.8998,4.364,1522593.6364,1522593.6364
300901.SZ,20260521,2.8413,0.69,519.5325,3.8956,9.9237,,377040.0,377040.0
688573.SH,20260521,7.5456,1.2,,6.5577,7.8267,,226790.1802,123461.642
603486.SH,20260521,2.5213,1.22,23.4805,4.2726,1.974,0.653,3964461.6909,3926317.6461
002950.SZ,20260521,1.9476,0.86,24.9262,1.8291,1.7756,0.5489,676327.4547,458839.7723
300050.SZ,20260521,9.8479,1.14,230.6954,9.347,13.2071,,385751.4763,385516.3007
600936.SH,20260521,14.2467,2.1,,9.7327,2.2599,,967524.1924,967524.1924
300328.SZ,20260521,10.3266,1.21,,13.2231,7.743,,1360134.492,1353473.7743
301081.SZ,20260521,7.6435,1.21,517.8701,3.8756,4.3884,1.5696,418823.2279,401852.991
603507.SH,20260521,6.3956,1.43,39.2823,3.0406,1.748,0.6897,790652.607,779803.197
000550.SZ,20260521,0.7546,1.09,12.5038,1.2691,0.3797,4.0226,1527888.78,917679.7932
688196.SH,20260521,0.931,0.71,46.4442,1.783,2.014,1.0471,572994.5315,572994.5315
000620.SZ,20260521,6.8317,0.81,,4.9191,10.5764,,1802647.2173,1434226.8862
000039.SZ,20260521,7.0309,2.99,,1.1762,0.3586,1.7272,5494978.2723,2345133.8767
002108.SZ,20260521,4.6846,0.71,57.012,1.6913,2.8699,1.9531,852325.2725,851756.5725
688259.SH,20260521,4.6568,1.68,55.9506,2.752,12.5956,0.6262,434066.2,434066.2
002104.SZ,20260521,3.5062,1.12,673.3739,4.3977,12.5956,0.6074,938563.9541,794604.5962
688510.SH,20260521,2.7195,1.16,86.8745,6.4569,11.4276,,793101.09,793101.09
603137.SH,20260521,1.3062,1.18,,2.0374,1.9078,0.6002,243850.1342,243850.1342
000410.SZ,20260521,1.5275,0.99,,3.6468,3.644,,1523216.9802,1133335.5415
002281.SZ,20260521,11.535,1.12,169.1887,16.952,14.046,0.1197,17529064.091,16938508.3156
300768.SZ,20260521,1.4703,1.16,55.3332,3.0729,9.0711,0.4675,1088071.0759,710928.4282
605178.SH,20260521,3.2009,0.7,,5.8932,19.4474,,650559.28,650559.28
920670.BJ,20260521,3.1633,0.66,467.5207,6.7688,16.3698,0.3992,159592.1472,100150.3128
688201.SH,20260521,1.9139,1.04,88.9461,2.1335,5.002,,276558.1276,263806.8166
601718.SH,20260521,0.6446,0.5,,0.8003,1.4576,,968157.4297,968157.4297
688418.SH,20260521,4.3933,1.19,,11.5041,11.3918,,939666.6139,939666.6139
688611.SH,20260521,3.9728,1.92,,13.4315,53.3042,,1158705.0384,1158705.0384
002188.SZ,20260521,4.5193,1.25,73.7939,5.9048,5.1817,,212944.6155,167543.3176
300470.SZ,20260521,1.4257,1.2,19.3142,2.3238,3.9323,3.0111,690640.9286,654716.1672
300615.SZ,20260521,8.019,1.25,,5.8244,4.9867,0.3609,267676.0204,212332.0338
301007.SZ,20260521,4.5811,0.88,127.0872,9.5924,9.6857,0.3643,631300.78,623005.5396
301126.SZ,20260521,2.5599,1.25,,1.5294,0.4388,0.9293,229435.3744,153998.8565
002633.SZ,20260521,2.5751,1.02,301.3477,6.6583,9.0339,,286350.0,285240.3938
600329.SH,20260521,0.6565,0.78,14.6385,4.2434,6.4133,8.9988,3192041.1056,2350585.3806
002654.SZ,20260521,25.7953,1.48,535.2966,9.7826,2.7299,,1529997.6046,1529889.0046
920156.BJ,20260521,30.0766,1.13,29.6666,5.2705,4.8028,,633882.56,132158.304
603612.SH,20260521,3.1349,0.78,15.3523,1.8412,0.5826,0.9563,1087860.1385,1087860.1385
601901.SH,20260521,1.2628,1.98,13.543,1.1009,5.2753,1.8588,5770703.0779,5770703.0779
301137.SZ,20260521,4.0958,0.65,211.3891,5.81,4.4447,0.2027,807069.6826,807069.6826
301160.SZ,20260521,4.8714,1.63,33.847,3.7002,4.5213,1.1216,689397.3711,460501.6931
688297.SH,20260521,1.0199,0.86,332.2649,5.2663,8.7756,0.4572,2943675.0,2943675.0
002542.SZ,20260521,1.9576,1.04,,,3.2134,,301621.4952,293714.8044
301335.SZ,20260521,2.1416,1.32,51.8213,1.4845,0.9237,0.8517,287688.6476,198355.3521
001289.SZ,20260521,0.1329,0.72,33.3144,1.8453,4.7208,1.9362,14153168.7657,8535994.5397
600559.SH,20260521,1.2294,0.92,27.6811,2.2384,2.9368,4.1045,1225761.575,1218742.655
002145.SZ,20260521,1.2403,0.98,50.0004,1.3468,2.0603,,1633062.3665,1632977.4567
002801.SZ,20260521,5.3213,1.75,18.6584,3.9519,5.2878,1.4674,775467.264,391065.7179
603025.SH,20260521,1.2066,1.09,22.7007,7.1875,5.6823,2.8391,1769897.8152,1758042.0152
688246.SH,20260521,2.84,0.96,,2.5171,8.3751,,324702.0113,324702.0113
300446.SZ,20260521,2.5654,1.08,17.9026,2.4636,1.6775,1.5882,1490458.0257,658586.5815
300163.SZ,20260521,17.1891,1.29,77.5375,4.832,13.3862,,265440.0,255693.8955
300940.SZ,20260521,9.4078,2.02,70.0336,3.8802,6.0953,,455530.3851,322202.8974
688320.SH,20260521,6.3095,1.1,,5.0016,5.7245,,606923.9317,606923.9317
002583.SZ,20260521,2.0342,0.92,,7.9396,2.6911,,1616752.6297,1140338.8845
002617.SZ,20260521,12.6702,0.68,91.8015,2.6351,4.5027,,1697255.6442,1669205.7909
301118.SZ,20260521,9.531,0.78,829.3447,2.6583,2.3458,0.3818,361444.192,344821.4636
300115.SZ,20260521,8.8655,1.25,93.5004,6.031,2.6204,0.344,5124053.2076,5108939.8367
603458.SH,20260521,10.0875,1.8,,1.6066,3.2371,,414186.4674,414186.4674
301668.SZ,20260521,6.4207,1.18,56.2611,4.4377,5.3055,1.2246,449130.0,99333.5636
603806.SH,20260521,1.7595,0.66,61.083,2.568,2.727,1.6304,4155730.8153,4155730.8153
001373.SZ,20260521,6.1584,1.07,,3.2402,4.6286,0.1508,273373.8142,131864.2934
605138.SH,20260521,0.9977,0.79,23.8216,1.6652,1.2201,0.7155,417789.7612,417789.7612
300664.SZ,20260521,2.5267,1.28,35.4898,0.8847,2.2396,1.8863,386446.9857,384515.214
002918.SZ,20260521,25.0425,1.33,61.2002,1.7728,1.4796,1.4275,572737.9471,300082.4036
301498.SZ,20260521,2.5523,0.84,30.9568,3.8654,2.6456,1.0905,1834165.6072,821389.2637
600365.SH,20260521,2.6502,1.36,,5.8755,1.9122,,129398.55,121774.8
300676.SZ,20260521,1.6963,1.0,,1.9309,4.2353,,1627253.4218,1618417.5785
600460.SH,20260521,6.071,1.19,112.2142,4.2213,3.7939,0.1293,5148638.2884,5148638.2884
600511.SH,20260521,0.5019,0.73,10.1596,1.0732,0.3834,2.9531,2043948.6216,1499015.4626
300853.SZ,20260521,11.2898,1.08,,10.0505,14.9139,,515350.2903,344787.2646
000498.SZ,20260521,0.4948,0.84,3.8277,0.4751,0.1213,3.8524,821241.5329,766704.6773
000615.SZ,20260521,1.4912,1.03,,3.7941,6.9999,,620259.9645,321068.1539
002434.SZ,20260521,3.4819,2.02,50.5817,1.7442,2.0492,1.2706,1033016.2,1032009.0761
600187.SH,20260521,2.441,0.73,,0.7324,9.8423,,217860.4489,217860.4489
688065.SH,20260521,1.2784,1.08,52.9692,1.7472,9.2005,0.921,3122463.5182,2525443.5308
603373.SH,20260521,12.0705,2.23,40.6488,2.7957,1.9159,1.4388,523118.2809,221017.4754
600612.SH,20260521,0.2843,0.77,11.4568,1.4094,0.3945,5.542,1935012.609,1172988.5214
300507.SZ,20260521,3.0524,0.96,65.637,3.1605,3.1562,0.6982,684553.1055,662617.753
300459.SZ,20260521,2.8168,0.93,,19.3429,15.5096,,1423903.4303,1331312.5826
688775.SH,20260521,5.5035,1.09,93.2028,13.4508,7.1798,,7802658.0,638222.4
600360.SH,20260521,14.9443,3.61,65.9159,3.2982,5.0871,0.6131,1159076.4319,1159076.4319
001222.SZ,20260521,1.4772,1.12,28.6483,2.2777,1.7543,0.8713,324322.11,191984.7658
002094.SZ,20260521,2.2174,1.0,185.7029,2.5462,2.216,,375848.2667,375606.7307
600410.SH,20260521,8.4328,0.91,,5.3667,4.8254,0.0313,2312507.2864,2312507.2864
300400.SZ,20260521,5.566,0.9,85.5292,10.266,9.0757,2.709,725451.142,723023.86
603808.SH,20260521,1.3584,0.9,20.5089,1.316,1.1624,0.5376,338271.9067,338271.9067
301153.SZ,20260521,1.6095,1.27,58.4103,3.9399,8.4488,0.7953,709906.3819,662177.6866
600729.SH,20260521,1.5124,0.87,10.0088,1.046,0.5861,7.8815,850074.4386,371491.8889
300210.SZ,20260521,7.4713,0.62,,15.3559,23.5942,,575737.5241,575737.5241
600488.SH,20260521,12.1635,1.04,234.0442,2.0268,2.2634,1.7314,618007.8609,618007.8609
002762.SZ,20260521,1.9115,1.2,,4.6656,7.8354,0.5675,311896.025,186224.4004
300584.SZ,20260521,2.9911,0.98,98.9537,4.1024,6.3769,0.2732,439200.0,300522.4024
600903.SH,20260521,14.1144,1.32,149.2245,3.7537,1.8162,0.3532,1148859.3986,1148859.3986
688448.SH,20260521,3.1102,0.88,529.8359,4.9417,13.5049,0.4262,503330.064,503330.064
300241.SZ,20260521,14.0182,2.01,71.4974,2.1156,2.4984,0.2843,482854.0892,404497.9377
002046.SZ,20260521,3.5335,1.11,164.6652,6.1453,9.0627,0.4201,2680418.0791,2650359.717
002116.SZ,20260521,0.8285,1.24,12.541,1.4972,0.6139,3.4205,421543.6143,416306.1866
600273.SH,20260521,2.1664,1.37,12.2531,0.982,0.9556,5.3342,999217.551,999217.551
688058.SH,20260521,2.0584,1.32,,3.4655,9.3491,,213555.7079,213555.7079
603895.SH,20260521,4.1046,0.87,243.0298,20.1328,7.903,,413189.84,413189.84
002102.SZ,20260521,0.9415,0.77,120.4767,1.8687,0.8949,,579296.6689,508457.4848
301122.SZ,20260521,3.5474,0.72,310.6527,1.8539,8.0706,0.8903,343265.8077,212398.9677
000042.SZ,20260521,1.1019,1.26,,2.9394,3.5123,,666160.8013,665430.682
300155.SZ,20260521,2.4162,0.94,,2.3061,18.95,,275562.8223,161756.594
603529.SH,20260521,0.834,1.01,11.2416,1.8487,0.7633,5.7745,1827782.6201,1784962.3245
688617.SH,20260521,1.1828,1.18,36.1063,11.057,11.4921,0.4446,3130140.2013,3130140.2013
002849.SZ,20260521,5.3998,0.85,73.6406,2.7976,2.2428,0.2291,385226.9919,382106.1357
300689.SZ,20260521,4.0142,1.31,927.4355,9.3156,15.6555,,645048.0,564596.5309
689009.SH,20260521,2.1545,1.02,18.9621,3.8555,1.2954,3.857,2854495.3475,2194847.8044
300759.SZ,20260521,2.3739,1.46,28.9421,2.9783,3.3633,0.7493,4901872.7195,3788645.2533
603285.SH,20260521,6.5872,0.88,63.4558,4.8266,13.2877,0.385,831200.0,323631.7721
600603.SH,20260521,1.1913,1.1,35.2872,0.8511,2.4387,,619721.8298,619721.8298
600887.SH,20260521,0.8674,1.25,14.0055,2.8406,1.4413,6.3528,16926665.1449,16842555.9334
603488.SH,20260521,3.9888,0.87,,4.0375,5.8576,0.2801,312721.7612,312721.7612
301310.SZ,20260521,13.9645,1.06,40.323,2.3365,1.3248,1.2474,545187.4197,174114.813
603778.SH,20260521,8.2447,1.08,,55.6251,19.1428,,1570240.2035,1529357.1408
920579.BJ,20260521,4.7873,0.73,,5.2477,5.6335,0.169,245105.64,84379.3771
002290.SZ,20260521,10.8724,1.37,155.6226,23.9371,9.7003,,2420335.7792,2411397.5165
688032.SH,20260521,2.1963,1.32,,2.3408,5.1369,2.9667,1327835.0786,1327835.0786
300804.SZ,20260521,7.8293,0.6,139.1415,2.3441,4.4015,,320420.0,119075.0
300650.SZ,20260521,6.144,1.24,90.7572,2.6035,1.2131,0.2921,373691.3363,263694.5879
688722.SH,20260521,2.5793,1.2,40.0082,2.7973,4.2029,0.3664,409342.7274,408319.6744
301600.SZ,20260521,4.7793,1.27,74.8739,9.2515,11.7581,0.4449,1174739.6165,362553.2815
920651.BJ,20260521,1.1642,0.91,19.5619,2.71,4.2428,2.8571,149450.0,101595.0639
600653.SH,20260521,1.2226,1.38,,5.2588,0.9376,,328938.2736,328938.2736
688331.SH,20260521,10.0968,2.25,53.3059,17.5286,20.3651,,6886060.8151,1989572.8733
002992.SZ,20260521,1.6311,1.37,547.9126,11.5488,6.778,,850082.5845,734304.9794
605589.SH,20260521,6.3054,0.94,38.0762,3.4106,3.3376,,3720723.8372,3718659.9152
301518.SZ,20260521,3.2921,0.99,53.7251,2.9441,1.7196,0.4745,489650.3875,179930.2974
002159.SZ,20260521,5.436,0.92,21.1268,1.9105,4.3998,1.5674,282795.6134,220863.738
002831.SZ,20260521,4.1542,1.79,25.5626,3.3098,2.3554,2.2907,4082477.3725,2266210.5275
002234.SZ,20260521,3.4457,0.79,,1.5867,1.2485,,270095.2041,233290.2866
600309.SH,20260521,0.8975,0.96,18.4292,2.1776,1.1324,0.9448,24258024.6299,24258024.6299
600531.SH,20260521,5.0749,0.71,17.6551,2.2524,0.2882,1.5333,1599854.5495,1599854.5495
600742.SH,20260521,0.7329,0.91,14.4272,0.758,0.3399,7.7011,646460.3556,646460.3556
601966.SH,20260521,1.1403,1.53,17.1668,0.7858,0.7176,2.1126,1794254.2894,1794254.2894
688727.SH,20260521,23.2765,1.04,274.9232,10.3422,39.6864,,2615489.3916,314498.4141
002001.SZ,20260521,0.7838,0.79,14.0311,2.6805,4.0755,0.6496,9416964.0275,9304944.9474
002993.SZ,20260521,5.0007,1.01,49.7249,3.5303,2.3814,2.3925,1712000.08,1478847.8785
600567.SH,20260521,1.318,1.21,,0.5633,0.295,,832583.8364,832583.8364
603083.SH,20260521,10.7219,0.94,180.3508,8.4663,12.114,0.1808,6319142.0338,4938268.0558
000688.SZ,20260521,3.0143,1.12,63.2316,18.1724,8.6612,0.2978,5172820.5367,5172801.6799
002279.SZ,20260521,3.7691,1.25,81.8639,4.3962,2.4267,,613891.2922,566395.4909
300829.SZ,20260521,5.3372,1.03,40.4283,1.7534,2.5764,0.2196,427731.7514,294991.1371
301195.SZ,20260521,1.7593,1.61,29.9241,1.6484,4.4108,2.109,407039.2469,270260.0499
600415.SH,20260521,2.6831,0.85,16.9103,3.1107,3.4762,2.4373,7424739.192,7424739.192
003040.SZ,20260521,1.8428,1.45,,4.3948,7.0026,0.2187,632678.5536,626798.554
688023.SH,20260521,3.4303,1.31,,1.9541,2.0119,,435637.5701,435637.5701
002386.SZ,20260521,2.3501,0.98,51.6466,1.0324,0.6688,,790099.7733,789952.554
603169.SH,20260521,1.3038,0.99,,4.1461,1.7602,,1102510.2775,1102510.2775
002878.SZ,20260521,8.2646,0.93,,3.155,1.3356,,394297.5491,355026.9701
301273.SZ,20260521,6.6976,1.5,,3.4966,10.0011,,305695.5265,234625.9746
002363.SZ,20260521,1.8383,0.95,48.8504,1.4711,1.6412,0.781,321009.3818,320133.7886
688005.SH,20260521,5.3716,1.45,,3.1634,1.8763,1.0619,2455081.9895,2454715.4131
300026.SZ,20260521,0.845,1.06,411.3695,1.145,2.0997,0.9174,982358.6317,981433.414
002445.SZ,20260521,5.5224,0.55,159.977,3.672,7.3919,,838942.4584,835306.0085
300412.SZ,20260521,2.2718,1.08,95.6038,2.3253,2.1742,1.232,242407.4822,227848.6216
688186.SH,20260521,2.6768,1.32,38.3529,1.1106,1.0929,1.4565,525076.0744,525076.0744
605183.SH,20260521,0.4354,1.04,14.9253,1.7276,2.9258,1.898,654184.1871,648751.517
002956.SZ,20260521,1.4053,1.17,30.7208,4.2031,2.7883,1.7904,671348.0326,671273.1254
000030.SZ,20260521,0.9704,0.94,12.1471,0.9451,0.46,3.2401,806591.2863,783654.9468
600616.SH,20260521,1.0784,0.9,7579.1984,1.6116,6.1115,1.073,311756.3067,311756.3067
300502.SZ,20260521,3.7057,0.97,52.3863,27.6077,19.3154,0.0567,56260927.0592,50113153.9192
002774.SZ,20260521,2.7436,0.79,71.0999,3.4247,2.8644,,415809.5565,347983.7085
002971.SZ,20260521,11.7469,0.69,138.1763,4.0654,4.3187,0.2875,734789.85,542712.6845
688267.SH,20260521,2.0512,0.74,29.531,2.0227,6.5729,1.9465,578112.2,578112.2
002140.SZ,20260521,0.9502,0.87,13.1508,1.4947,0.7371,1.9417,729254.2882,728170.2163
605016.SH,20260521,1.0136,0.87,27.4022,5.366,7.6609,0.7808,1117232.7712,1117232.7712
002384.SZ,20260521,6.4882,1.01,185.8185,16.7459,8.4883,0.0313,37908781.0898,28692700.7009
002255.SZ,20260521,3.8133,1.17,19.1628,1.8671,3.6358,0.8998,855807.4867,657111.4103
603190.SH,20260521,12.3868,1.26,28.4188,1.5817,1.8519,0.8839,356059.86,117549.4489
300443.SZ,20260521,3.3073,0.69,25.6798,1.3263,3.2917,0.7621,839072.7814,636310.7719
001309.SZ,20260521,8.8492,0.84,36.269,22.7831,8.7162,0.061,14883343.6214,10584626.4162
300904.SZ,20260521,7.8899,1.84,,7.35,4.3123,,429449.7155,130426.5155
300469.SZ,20260521,3.824,0.99,,58.2341,56.6343,,1363079.3826,1362392.8703
301628.SZ,20260521,14.7454,1.53,72.5447,7.3376,8.4527,0.4439,849108.387,314020.887
002086.SZ,20260521,2.0813,1.02,,2.8424,10.0351,,360446.156,290956.4652
002438.SZ,20260521,2.3157,1.29,29.255,2.1629,3.9712,1.0789,823225.7617,760524.4419
688022.SH,20260521,3.3113,1.23,85.8253,2.6225,2.4167,,173064.2708,173064.2708
600715.SH,20260521,0.7987,0.84,,7.2104,30.5519,,779491.872,549575.4703
920510.BJ,20260521,4.1243,0.83,,7.8022,13.8869,,304689.8386,155309.075
605288.SH,20260521,6.5162,2.05,230.3854,3.5873,5.8851,0.3277,803198.7814,797810.6349
300834.SZ,20260521,2.5102,1.02,161.5585,2.9627,6.9859,0.6845,852915.4903,847255.1079
920429.BJ,20260521,1.6312,0.57,75.7908,1.7623,1.321,2.0887,147379.584,134384.4629
300295.SZ,20260521,3.8941,1.16,,1.9994,18.3656,,216349.2477,191179.4974
600079.SH,20260521,1.0406,1.33,15.3775,1.5072,1.2232,1.7847,2926581.1552,2766919.5346
603789.SH,20260521,2.276,1.36,,14.9011,3.5232,,155946.1848,152880.0
920566.BJ,20260521,0.9759,1.08,16.3933,1.7414,3.4329,1.9455,149536.3546,115492.2647
301251.SZ,20260521,11.624,1.39,177.2244,5.9039,5.5183,0.1965,917903.0339,367958.9761
300127.SZ,20260521,2.7492,1.04,51.3614,6.2902,10.7447,1.1464,986565.8371,704681.6754
920168.BJ,20260521,13.8424,2.82,23.0112,1.9787,2.4175,,161848.3302,60659.7286
688281.SH,20260521,2.1257,0.81,67.6299,4.5796,16.819,0.6992,2188742.5203,2188742.5203
600622.SH,20260521,1.5251,1.3,,1.8611,2.9466,,371921.9797,371921.9797
300015.SZ,20260521,1.5662,1.15,25.8925,3.7876,3.8413,2.5558,8728571.2831,7446215.0159
600035.SH,20260521,0.6194,1.17,12.2735,0.6776,0.9611,4.4386,616674.3901,616674.3901
600790.SH,20260521,3.5236,1.78,19.3691,0.9881,6.6344,2.7723,587782.1621,587782.1621
600487.SH,20260521,6.667,1.02,53.3939,5.3196,2.4153,0.3261,17240081.8764,17091816.0638
603958.SH,20260521,4.4789,0.97,,7.8532,3.4347,,511328.16,511328.16
603738.SH,20260521,13.3971,0.84,273.1585,10.0015,18.3247,0.1691,1818687.7498,1818687.7498
300515.SZ,20260521,1.8255,0.93,18.352,3.5905,5.0962,1.7393,346284.8235,339558.3353
688628.SH,20260521,7.2765,0.98,63.8139,8.0409,8.2506,1.343,1076433.64,1076433.64
002189.SZ,20260521,2.1057,1.33,,13.8159,3.818,,577250.3933,577163.4254
002430.SZ,20260521,2.4546,1.14,27.0566,2.6543,1.7229,0.366,2672876.1569,2671725.4385
688519.SH,20260521,2.471,1.09,116.3241,15.2815,7.0344,0.1697,4296309.3366,4296309.3366
300508.SZ,20260521,5.9718,0.61,90.6947,6.0575,9.4469,0.3941,514843.1409,387193.6991
300252.SZ,20260521,8.1687,1.05,309.3254,4.5347,3.8267,,998527.9817,842638.1801
603068.SH,20260521,4.7754,1.4,253.9415,3.1794,5.2504,,558121.972,558121.972
000812.SZ,20260521,2.2098,1.07,,1.9258,2.0521,0.7489,287405.8511,287329.2788
300129.SZ,20260521,4.4009,1.11,66.3759,2.107,2.447,0.4616,1215303.1565,787706.3639
920871.BJ,20260521,1.5194,0.54,102.4005,4.1697,6.9185,1.379,112050.6148,61964.5693
920069.BJ,20260521,10.397,1.2,20.8887,2.5677,5.0162,,203242.674,56761.2801
600706.SH,20260521,2.1009,1.31,,4.9215,2.4959,,220881.7738,219990.1402
300559.SZ,20260521,4.9275,0.88,137.7236,4.2447,11.8326,1.2039,497795.1505,387676.4939
300394.SZ,20260521,5.3795,0.73,120.9751,43.7015,47.3486,0.2536,26274080.6961,26221357.744
300845.SZ,20260521,6.1603,0.89,89.8768,3.6224,8.1519,1.6966,297768.3128,208196.1869
920974.BJ,20260521,2.1831,0.78,37.7773,1.9009,1.0744,,123832.8,97109.5563
603284.SH,20260521,7.7343,1.03,18.6299,1.5167,1.2103,,335746.6896,82243.5902
301219.SZ,20260521,4.0099,0.88,15.4893,2.3831,2.492,1.8706,2351843.1124,1679121.7388
002962.SZ,20260521,9.5619,0.96,190.8723,3.2365,4.711,1.0053,574289.0781,411883.3058
002508.SZ,20260521,0.4624,0.62,13.4804,1.3958,1.6475,5.7339,1647973.4695,1628114.3165
603648.SH,20260521,1.1046,1.13,27.9722,1.8424,2.2434,3.1153,349003.5264,349003.5264
603203.SH,20260521,6.9258,1.03,100.5371,9.987,12.8863,1.0761,1499073.5218,1471250.3428
301595.SZ,20260521,4.9476,0.81,96.9393,5.7814,4.8151,1.0546,513355.48,193586.8825
002639.SZ,20260521,6.5658,0.75,396.0616,4.6584,4.4373,,1194442.9672,1009971.8169
603496.SH,20260521,8.0207,1.27,192.7696,6.7259,8.5245,0.0854,937892.8727,937892.8727
301413.SZ,20260521,14.8535,1.22,186.1761,10.7682,11.5525,0.2158,1367787.5915,816623.1791
920363.BJ,20260521,1.8116,0.57,295.9193,4.3295,7.5317,,151001.9,85884.8341
600857.SH,20260521,8.618,0.87,68.5294,3.6144,8.9339,,319655.8846,319655.8846
688765.SH,20260521,5.2228,1.42,,7.0226,377.6285,,2014512.5,260788.0198
300350.SZ,20260521,3.8175,1.23,,3.1718,5.1139,,278196.0781,233424.8814
601811.SH,20260521,0.3061,1.01,10.2599,1.0326,1.3698,4.6083,1606460.982,1031058.8778
001296.SZ,20260521,3.2566,1.29,28.3566,1.7572,2.7818,1.8455,319227.3775,164524.2938
920809.BJ,20260521,5.7084,0.82,,3.3197,1.2861,,542140.25,416333.1664
000897.SZ,20260521,2.2062,1.36,,1.0533,9.8803,4.8469,316985.3579,316979.1643
300331.SZ,20260521,9.4896,1.26,,9.159,6.6948,,1411004.8621,1207058.865
002903.SZ,20260521,8.1382,0.65,,8.965,17.9986,0.1786,698089.59,475195.4663
920278.BJ,20260521,1.4457,0.97,93.6954,3.3584,4.3002,2.6991,129304.5,54869.568
001285.SZ,20260521,5.3507,1.35,26.1954,2.37,3.7348,,917467.3129,211301.5528
000026.SZ,20260521,11.1918,2.02,88.0193,2.774,2.6376,1.7219,942589.7883,846874.5828
300054.SZ,20260521,7.0711,1.12,83.3449,12.6683,17.9429,0.1365,6919018.8593,5387039.4628
002498.SZ,20260521,5.13,0.6,51.0508,3.3068,2.6189,0.4566,2914273.296,2914273.296
000510.SZ,20260521,9.3401,1.14,,8.5398,5.2684,,880722.1939,823776.9123
000779.SZ,20260521,1.5344,0.93,23.391,0.8929,1.7113,1.0444,356059.3602,356016.1218
002047.SZ,20260521,6.7181,5.87,124.3411,202.2723,12.4043,,823323.0403,823274.3028
603639.SH,20260521,0.5247,0.67,25.8203,1.1197,0.9593,4.3205,393354.2655,382363.128
000915.SZ,20260521,0.7982,0.8,14.0706,2.1939,3.2203,8.9863,651910.1913,651495.5342
600518.SH,20260521,1.4712,1.07,,2.8899,4.1767,,2101992.2969,2100997.5326
300814.SZ,20260521,4.0798,0.94,639.956,14.8731,12.0482,0.0786,2435756.9996,2435756.9996
600707.SH,20260521,5.3834,0.92,713.1526,1.88,3.7004,,4097941.0739,4097118.8339
603229.SH,20260521,1.9005,1.25,79.5455,3.6303,10.8123,0.9639,859357.5451,859357.5451
600795.SH,20260521,1.2374,0.78,12.9496,1.4308,0.5153,4.2857,8739453.3502,8739453.3502
688113.SH,20260521,3.2945,1.6,29.5594,2.838,5.4623,0.9629,286891.1253,286891.1253
000608.SZ,20260521,7.4736,2.76,,1.4461,8.9808,,296965.6704,295189.3134
300718.SZ,20260521,7.5914,1.41,89.8107,13.0177,17.5978,0.5102,2347208.0597,1544939.6624
300439.SZ,20260521,2.8689,2.26,54.6717,1.2182,2.3615,1.4242,363949.9178,276838.4523
000626.SZ,20260521,2.3221,0.96,,1.8249,0.0517,,400741.8494,398435.8131
688500.SH,20260521,5.9467,0.69,,5.9749,8.1438,,434160.8299,422739.5371
600711.SH,20260521,2.9687,0.76,13.7845,2.1219,1.1008,0.4088,3708733.8612,3708733.8612
300700.SZ,20260521,5.368,1.2,,9.8144,16.1296,,757133.9655,516053.9355
688586.SH,20260521,1.4022,0.96,213.06,4.3906,11.8155,0.1896,1084925.9829,1084925.9829
688048.SH,20260521,9.4628,1.48,1864.8805,20.8803,122.658,,6292665.1253,6292665.1253
920158.BJ,20260521,6.0618,0.99,37.4259,4.1711,6.4059,2.3452,212786.392,56919.2406
688265.SH,20260521,0.613,1.03,90.1292,1.7411,6.8943,,298210.4372,298210.4372
301618.SZ,20260521,5.9449,1.95,154.4457,4.995,8.1676,0.6396,473543.0491,180533.3974
002224.SZ,20260521,2.111,1.11,,1.0686,3.1532,0.7874,343706.3194,307230.9206
603163.SH,20260521,5.1684,0.96,70.2354,9.6543,3.9051,0.78,1153900.0,1153900.0
000007.SZ,20260521,3.7747,0.9,,22.4785,9.4926,,402572.6271,402572.6271
002314.SZ,20260521,1.6139,1.09,,0.8923,0.5797,,601127.7179,297107.9367
000420.SZ,20260521,4.3186,0.9,275.3018,2.586,2.0813,,1148291.5162,1147902.6453
000553.SZ,20260521,0.6355,0.81,,0.8349,0.5162,,1495739.1538,1397680.199
600126.SH,20260521,2.8733,0.87,399.9031,1.4142,0.6031,,2749031.9136,2749031.9136
600482.SH,20260521,1.6612,0.9,53.4212,1.9503,1.3672,0.7558,7977422.4763,7977422.4763
605499.SH,20260521,1.0462,0.88,23.0351,5.673,4.9324,2.6123,10809616.4411,9952996.8187
600491.SH,20260521,3.7916,0.78,,0.2906,0.4696,,201928.0501,201928.0501
000655.SZ,20260521,1.148,0.87,17.2431,1.2405,2.5836,2.8533,438170.4093,438170.4093
300522.SZ,20260521,3.2973,1.51,241.2976,5.3001,5.8011,0.3125,412737.929,336775.1949
002771.SZ,20260521,6.0491,1.3,,4.8247,8.0969,0.0749,285698.7042,237688.9601
605188.SH,20260521,2.1131,2.11,342.9121,5.7326,2.4832,0.0706,701794.8245,701794.8245
920000.BJ,20260521,0.7216,0.66,20.7995,2.0665,3.2645,0.4602,139445.28,87600.3599
920978.BJ,20260521,2.8776,0.81,25.9908,5.264,3.7495,2.1031,430808.1239,241537.3306
002475.SZ,20260521,2.6798,1.02,28.7235,5.5977,1.3951,0.5287,49449988.3869,49336565.3732
301199.SZ,20260521,4.2162,0.94,49.6213,2.2057,3.9842,0.6162,428421.42,164553.795
002602.SZ,20260521,1.7763,0.97,16.8941,3.2864,2.6037,,10613782.5437,9787431.7829
688001.SH,20260521,4.8886,1.61,277.7525,7.6691,13.4668,,3148643.6381,3148643.6381
601518.SH,20260521,3.654,3.94,11.69,0.9859,4.1633,2.8289,574728.1634,574728.1634
301130.SZ,20260521,3.2823,1.41,102.5384,2.6487,9.7965,0.8511,233691.2627,180298.0348
600874.SH,20260521,0.8737,0.89,10.4283,0.875,1.9179,2.8961,921835.4159,722255.4159
300637.SZ,20260521,5.8172,1.01,1284.4523,3.6209,2.849,,253764.8905,253481.3594
600901.SH,20260521,0.542,1.04,11.2647,1.4332,5.8252,6.2504,3706794.5158,3705889.5558
000592.SZ,20260521,7.4701,0.7,,10.9017,15.2511,,1931780.892,1915092.449
605100.SH,20260521,2.3949,1.04,394.7901,5.2663,11.0895,0.541,948917.34,944482.056
301225.SZ,20260521,15.1629,1.37,101.6758,8.2441,10.8682,0.3227,1320886.26,381802.314
300458.SZ,20260521,7.7086,1.44,94.939,11.2433,11.3322,0.4654,3547026.5445,2835808.7826
603407.SH,20260521,27.16,0.75,107.1571,13.1545,15.271,,2711962.4109,238778.8348
300318.SZ,20260521,0.9163,1.09,,3.2381,5.0957,,414168.551,401756.5075
600698.SH,20260521,1.5889,0.52,,10.2686,13.3737,,758732.7897,589620.7361
300449.SZ,20260521,10.549,0.62,,11.8072,21.5398,,328516.6266,328516.6266
920578.BJ,20260521,3.2943,0.65,,5.447,8.7042,,144010.1397,66848.4188
301267.SZ,20260521,0.9195,1.27,30.1036,2.5592,3.319,1.853,1392720.0,1075120.787
601168.SH,20260521,2.5241,1.04,16.2085,3.5908,1.1219,3.4586,7165681.0,7165681.0
301139.SZ,20260521,50.8251,4.63,,0.4163,0.5619,0.5255,80972.8128,50727.3206
920035.BJ,20260521,6.8006,1.34,33.6524,3.679,3.5867,1.394,207496.38,46678.6152
603777.SH,20260521,5.0032,1.02,,4.1201,1.6865,,642094.3987,642094.3987
300513.SZ,20260521,3.1214,1.19,,5.1401,3.0593,,277302.981,253963.5865
688779.SH,20260521,2.1701,1.37,49.1663,2.5843,1.6767,,1834687.8396,1834687.8396
920066.BJ,20260521,3.3717,0.77,53.7177,3.2693,3.0056,0.3369,133249.0511,42131.4511
301557.SZ,20260521,8.5487,1.77,67.5388,4.741,4.1628,0.9913,491684.4445,197138.0274
000858.SZ,20260521,0.8415,0.87,26.2918,2.5883,7.1584,6.7335,33129524.3227,33128716.7922
601229.SH,20260521,0.204,0.57,5.3295,0.5105,2.334,5.7202,12915997.2384,12915997.2384
002507.SZ,20260521,0.6122,0.68,17.7842,1.5142,5.5256,5.2365,1366240.1292,1362522.4935
301229.SZ,20260521,2.3247,1.24,157.4015,2.4266,2.7389,0.9965,301028.5097,214088.7398
301325.SZ,20260521,1.9487,1.26,,2.3492,8.9021,,621616.2912,621616.2912
601021.SH,20260521,1.5854,2.92,17.8354,2.5097,2.1062,2.5986,4678390.4288,4678390.4288
300696.SZ,20260521,3.2685,1.07,191.6844,5.3866,20.4692,,1028673.8173,933385.9258
301239.SZ,20260521,1.9332,0.76,,2.8818,2.1173,,608799.9063,577977.2313
002683.SZ,20260521,1.9566,0.73,28.2849,4.0904,1.2991,1.7905,2735586.2268,2399612.8212
603979.SH,20260521,2.1587,1.24,15.7294,3.4601,2.7324,0.7086,3961059.5658,3961059.5658
688383.SH,20260521,5.1717,1.34,,10.7674,17.9755,0.1495,1351898.45,1351898.45
600758.SH,20260521,16.9543,1.08,,1.2288,1.5311,0.6452,655720.6274,655088.7234
603255.SH,20260521,4.4842,1.76,174.0311,2.852,4.7758,,451958.8178,203747.4828
600751.SH,20260521,2.0213,1.13,140.7557,1.3576,5.8261,,1026365.5752,910908.9244
601375.SH,20260521,2.0319,2.18,35.1662,1.2603,8.7353,0.6329,1833939.4565,1361770.2815
600033.SH,20260521,0.9951,1.35,10.2014,0.776,3.214,2.809,977006.4,977006.4
600505.SH,20260521,2.2322,0.65,332.8216,3.7134,3.0407,0.1603,454980.24,454980.24
300130.SZ,20260521,6.5369,2.44,31.9617,2.9649,4.0036,2.1177,1339393.2294,1025055.1433
002748.SZ,20260521,2.38,1.24,38.842,1.955,1.3679,0.4296,279360.0,279360.0
601900.SH,20260521,1.0135,1.26,10.4746,1.1732,1.262,4.5267,1071593.6642,1071593.6642
301387.SZ,20260521,17.705,1.2,,7.4561,7.2486,0.1313,1216811.3784,486558.6093
600418.SH,20260521,2.1221,1.08,,8.1272,2.1248,,10227206.4707,9908852.4218
920191.BJ,20260521,16.7119,1.01,23.3896,2.1865,4.5273,,222276.4362,50013.495
600000.SH,20260521,0.2479,0.65,5.8689,0.3914,1.6899,4.2054,29508972.7338,29508972.7338
600716.SH,20260521,0.9018,0.86,,0.8165,7.6238,,363191.5089,363191.5089
688129.SH,20260521,2.0095,1.16,35.964,3.5559,5.5282,0.4539,367460.34,367460.34
600061.SH,20260521,0.871,1.6,12.2554,0.7444,,1.969,4124120.7417,4124120.7417
601155.SH,20260521,0.934,0.93,45.0905,0.5006,0.6126,,3099225.8041,3099225.8041
605186.SH,20260521,5.679,0.65,109.5714,3.0474,9.7885,,337144.0,337144.0
000599.SZ,20260521,3.1634,1.73,,1.2111,1.2214,,1236714.0414,445124.451
601177.SH,20260521,7.8673,1.92,26.4834,2.3884,2.8224,0.3519,695559.231,682502.36
300203.SZ,20260521,14.8144,6.58,,2.701,2.4492,1.6015,700479.3936,699875.95
300938.SZ,20260521,8.8693,1.19,68.8861,7.3254,16.8745,0.4594,1405460.9207,1219889.6199
002785.SZ,20260521,5.6178,0.82,,14.4872,10.6752,,1152134.5294,983728.6969
688102.SH,20260521,2.5987,0.81,194.5645,15.7775,18.4422,0.1951,3080826.6633,3080826.6633
601083.SH,20260521,5.0276,1.11,10.1948,1.5571,2.1305,4.1888,1507649.8,226149.8
002501.SZ,20260521,1.3449,0.6,,30.7605,21.291,,493450.0,492959.2196
603065.SH,20260521,0.986,1.03,,1.6613,2.5247,1.4398,331822.317,331822.317
600839.SH,20260521,1.3847,1.05,51.6457,2.489,0.3507,0.6024,3831482.7043,3830415.6637
688595.SH,20260521,4.6467,1.38,,7.836,5.8456,,507209.1482,507209.1482
002045.SZ,20260521,3.2468,1.37,,1.4302,0.7862,,605794.3332,604977.6979
603682.SH,20260521,3.4122,1.01,,7.5762,4.438,3.7671,413910.0,413910.0
000677.SZ,20260521,1.2853,0.3,,3.802,1.6836,,195259.0162,195259.0162
603351.SH,20260521,1.1263,1.42,23.6994,1.9641,2.6853,1.5038,360268.0911,360268.0911
002040.SZ,20260521,3.4408,1.06,24.8028,1.4004,4.594,0.9538,485995.1971,484131.1432
603225.SH,20260521,0.9878,0.85,25.8108,1.3248,0.3739,1.2075,2786317.1686,2771454.3745
002382.SZ,20260521,2.2083,1.14,,0.9611,1.1275,,663729.5231,657272.3122
600875.SH,20260521,3.0665,0.72,29.3028,2.6644,1.5911,1.1157,12491597.4975,8175280.1411
603686.SH,20260521,4.2303,0.92,44.3821,1.9901,1.3721,0.9422,696676.7875,696676.7875
688686.SH,20260521,2.5385,1.19,87.13,5.4632,12.3248,0.3903,1674625.7335,1674625.7335
600791.SH,20260521,3.7003,0.76,,,2.9177,,663469.2,662639.5646
002222.SZ,20260521,10.0903,1.17,160.9313,25.8718,38.0514,0.1988,4729774.5,4708669.9394
688067.SH,20260521,1.6283,1.13,60.5994,3.4803,8.2776,0.5704,181628.0,181628.0
002342.SZ,20260521,31.3415,2.01,809.8236,5.0202,4.6475,,1227840.0,1221048.51
002154.SZ,20260521,2.7316,0.92,15.2634,1.2779,1.1745,1.171,623135.5023,503763.2111
605399.SH,20260521,5.5588,1.22,,2.3789,4.0613,0.6374,489850.1596,488786.3776
002676.SZ,20260521,2.1294,0.59,50.416,3.1036,1.4611,0.1724,417600.0,417586.3462
603186.SH,20260521,13.0815,1.23,61.0284,7.6038,3.8595,0.1155,1765147.6516,1765147.6516
600741.SH,20260521,1.0104,1.47,7.4769,0.7883,0.2921,4.6976,5369088.9448,5369088.9448
301016.SZ,20260521,3.5518,1.2,84.1827,5.8773,15.3835,0.558,587059.2,562895.8886
301507.SZ,20260521,3.3472,1.32,40.7054,2.9415,5.846,0.7347,483844.2258,149367.5113
600572.SH,20260521,1.1886,0.9,21.8843,1.4579,1.5804,3.5747,1057926.2023,1055114.8496
301556.SZ,20260521,6.4993,1.04,60.0545,6.5156,12.8781,1.0862,644972.64,222957.24
301026.SZ,20260521,12.2137,1.65,25.0836,3.1606,1.0,0.8388,535757.446,386936.4524
001255.SZ,20260521,2.0875,1.25,262.3816,3.1776,5.9447,0.1099,285995.9008,233561.072
002254.SZ,20260521,6.4555,0.61,271.906,1.7565,3.4629,0.3436,1242732.9154,1233436.8566
600319.SH,20260521,1.5493,1.2,,8.7848,3.577,,296597.6788,296597.6788
301109.SZ,20260521,2.4193,0.99,15.4222,1.6316,4.3267,4.2719,1177338.4563,343640.9805
601112.SH,20260521,6.8268,1.2,44.0476,5.0445,4.4337,,3315397.9291,337661.0709
603109.SH,20260521,1.081,0.9,49.9038,2.2131,1.48,1.4146,436284.224,436284.224
603788.SH,20260521,2.2023,0.73,17.1962,1.7161,2.3905,4.1866,372964.7937,372964.7937
603048.SH,20260521,1.3497,1.19,97.3296,2.5568,4.4005,1.5636,326954.88,326954.88
603075.SH,20260521,15.5806,3.35,31.3778,5.2231,4.6518,2.7559,1022307.1019,104762.4676
920662.BJ,20260521,7.6105,1.32,122.7908,4.3292,5.0896,0.7514,200401.9546,61816.9217
920007.BJ,20260521,2.3418,0.7,30.2333,3.3676,2.2121,1.9896,219544.9785,52469.2505
002175.SZ,20260521,5.3631,0.91,,4.0254,9.5783,,311534.4974,311534.4974
600373.SH,20260521,0.5299,0.93,50.146,0.5971,1.4311,5.2226,1068455.4642,1068455.4642
300523.SZ,20260521,2.8918,0.71,,5.6099,3.6427,,542976.2471,542959.4423
603693.SH,20260521,6.1138,1.75,33.239,2.0973,7.4573,0.8876,1506594.2372,1506594.2372
300578.SZ,20260521,4.369,1.09,,3.3997,9.0001,,391979.276,391873.2594
688712.SH,20260521,15.725,0.8,190.4104,11.3418,33.3643,,2001600.0,178150.56
300106.SZ,20260521,6.4645,0.94,,7.6002,2.9256,,286355.2801,286355.2801
300206.SZ,20260521,2.7146,1.22,22.8781,3.7358,3.7744,2.2801,790660.8039,461549.7267
300419.SZ,20260521,2.0479,0.94,,7.407,11.2627,,246762.7797,246762.7797
600713.SH,20260521,0.8957,0.9,10.5209,0.8903,0.1199,3.3993,654446.474,644901.486
600265.SH,20260521,0.4611,0.83,,12.5684,16.4109,,266090.0,266090.0
002016.SZ,20260521,1.0715,0.89,25.3009,0.779,2.4733,0.2105,384320.4252,384320.4252
002091.SZ,20260521,1.5196,0.93,11.5703,0.9132,0.3638,5.2336,1461688.6088,1435175.3079
000566.SZ,20260521,1.9989,0.97,,1245.6038,6.9879,,553974.9088,553706.1153
301206.SZ,20260521,1.03,1.06,56.6847,1.2305,7.2482,5.7247,524832.8658,337934.9661
920010.BJ,20260521,8.3261,1.27,98.2532,3.941,5.7073,0.4274,274365.0,202992.488
601377.SH,20260521,1.7034,2.2,16.0083,0.8874,4.2908,2.5773,5026144.6051,5026144.6051
002319.SZ,20260521,3.9061,0.91,,13.6435,5.7489,,243826.0016,243826.0016
002712.SZ,20260521,2.8779,1.03,,2.0852,0.3581,,288466.3849,286677.1447
002966.SZ,20260521,0.7535,1.13,6.9393,0.7335,2.9896,4.8235,3800062.7094,3736158.5466
688543.SH,20260521,3.9634,0.98,50.8993,4.9442,8.3961,1.2949,1209613.0262,671652.0662
301220.SZ,20260521,2.9466,1.21,90.794,2.563,4.0958,0.3575,447136.3806,308401.6967
688766.SH,20260521,5.7775,1.1,130.2742,21.2809,17.065,0.079,5734237.8187,5734237.8187
601456.SH,20260521,0.9228,1.96,24.6747,0.9823,6.5952,0.6054,5254548.3456,4048707.9957
605298.SH,20260521,1.028,0.59,181.1831,10.0499,18.6222,0.362,1037871.25,1029036.775
300268.SZ,20260521,3.0443,0.98,,,1.9632,,230466.6,176895.0225
002912.SZ,20260521,2.867,1.49,149.3281,2.4635,5.2355,0.8482,402633.216,382518.8535
301203.SZ,20260521,3.5235,1.15,33.8402,2.5675,10.8322,3.349,358320.0,196370.5575
002023.SZ,20260521,5.9921,0.89,,2.4483,5.6546,,911258.0891,911258.0891
002134.SZ,20260521,6.4428,1.34,450.2149,13.9224,4.7418,,713558.1318,713095.3183
603360.SH,20260521,3.4236,0.88,96.3396,11.7849,11.0908,1.8214,1661744.2579,1661744.2579
300034.SZ,20260521,3.8163,1.74,155.578,4.0274,4.1183,0.5133,1552481.1247,1494226.5042
001338.SZ,20260521,1.2779,0.63,29.4636,1.5673,1.5224,2.5685,586021.6141,586021.6141
601919.SH,20260521,1.2807,1.43,8.9674,0.9531,1.053,10.8848,22463759.6327,18420004.2062
301398.SZ,20260521,8.0893,1.94,389.1546,4.7375,11.5293,0.5746,522144.0,173514.978
600268.SH,20260521,3.5901,0.99,28.4734,3.7099,1.4876,1.0147,1401901.6736,1394947.2947
603308.SH,20260521,2.6399,0.9,129.1721,9.821,15.4746,0.0977,4866735.4751,4866735.4751
600783.SH,20260521,8.6694,1.62,106.0581,4.0234,211.1897,0.2942,1770830.7604,1770830.7604
002553.SZ,20260521,2.8338,0.88,29.3167,4.745,8.6117,0.4667,745694.3383,529188.0
300837.SZ,20260521,3.3711,1.43,42.9109,2.1896,4.691,0.9705,309116.5028,233657.4653
301658.SZ,20260521,16.1551,1.35,233.6767,5.089,6.2953,0.3202,1622680.4162,383334.6397
300882.SZ,20260521,1.7508,1.08,47.5828,3.9791,3.592,0.2786,513731.1325,478057.0189
301630.SZ,20260521,14.1224,1.03,70.9194,5.6402,7.8387,,987200.0,246800.0
001280.SZ,20260521,6.7564,0.99,91.3959,9.2286,7.7881,,15714045.4532,1201146.9939
002397.SZ,20260521,3.7942,0.93,73.005,3.1858,2.2826,,390341.9132,338176.7072
603877.SH,20260521,0.3469,0.99,33.9522,1.3921,1.0045,,635010.0908,632648.1589
601069.SH,20260521,1.4887,0.78,26.2628,4.7901,1.2776,0.1822,2518001.576,2452188.8565
600738.SH,20260521,1.1622,0.97,19.751,1.5225,5.2006,0.3353,328896.822,328607.7967
688301.SH,20260521,7.9249,1.43,53.0431,5.8454,14.812,0.3929,3636925.466,3636925.466
601717.SH,20260521,1.3101,0.97,7.9317,1.2972,0.79,6.1538,3249427.8726,2806741.6286
600503.SH,20260521,1.7344,0.96,,1.0958,9.6252,,378140.44,378140.44
603755.SH,20260521,2.2714,1.46,31.9076,3.5616,5.4919,1.7972,270398.7133,270398.7133
600305.SH,20260521,0.5268,0.97,51.8797,2.324,3.455,1.387,797765.9717,795254.5124
688059.SH,20260521,4.2741,1.31,43.7992,6.7085,12.1761,0.6418,1456807.2098,1363439.7066
920152.BJ,20260521,4.6468,1.32,,10.8967,3.0695,,193734.558,142857.3634
605077.SH,20260521,8.0696,1.14,39.6401,1.8272,1.2297,1.0811,560642.6018,553944.6768
601188.SH,20260521,2.009,0.89,26.4752,0.9285,5.2191,2.205,420361.3126,420361.3126
300859.SZ,20260521,3.1703,1.66,55.9897,6.1313,13.2099,1.0703,434465.0,434465.0
300890.SZ,20260521,11.6871,1.1,51.1564,2.0523,2.3021,,438697.5308,400841.4713
601567.SH,20260521,1.3635,0.7,26.5845,2.1643,1.812,7.6035,2530782.1294,2530782.1294
600979.SH,20260521,4.4315,0.62,,1.3857,1.9171,1.25,575315.5893,566209.0239
600234.SH,20260521,2.6235,1.03,,13.7737,15.6414,,620074.5382,620074.5382
603690.SH,20260521,12.7301,1.1,,3.3268,4.2066,0.1645,1155786.1065,1155786.1065
603365.SH,20260521,0.6813,0.58,11.9941,1.563,1.1052,5.6259,506355.3627,501158.6367
601015.SH,20260521,2.2141,1.23,,1.4817,0.7206,,712831.676,712831.676
603908.SH,20260521,1.4174,1.24,,4.2367,2.176,2.9487,205810.6435,205810.6435
603950.SH,20260521,2.4953,0.87,54.5134,6.9401,9.5279,0.185,2148663.0732,2145189.4772
001400.SZ,20260521,3.8622,0.78,116.0263,7.707,10.3854,0.4854,988920.0,544276.845
603863.SH,20260521,3.5123,1.46,,14.5016,7.6057,,351179.4,351179.4
688108.SH,20260521,5.3453,0.95,124.6932,8.6461,15.1984,,857637.504,857637.504
688180.SH,20260521,2.981,1.85,,6.8086,14.7364,,4014357.3956,2996601.2086
603708.SH,20260521,0.5637,0.75,29.7696,2.6065,0.347,2.3708,626848.5789,626848.5789
603607.SH,20260521,3.555,0.82,38.9076,3.8936,5.1248,2.1432,416479.6944,416479.6944
301353.SZ,20260521,4.2129,1.2,39.8679,2.1124,2.8795,1.3305,277852.9347,90223.9347
601992.SH,20260521,0.6692,0.87,,0.4206,0.1824,3.268,1633698.9835,1275126.2144
603896.SH,20260521,0.7948,0.92,,1.4149,4.9812,1.7045,314018.355,314018.355
688033.SH,20260521,1.8793,0.63,,3.4124,7.9822,,452569.8698,452569.8698
300152.SZ,20260521,10.9691,1.29,,6.5436,5.4907,,138283.2,138277.9281
688680.SH,20260521,3.8078,1.09,,2.6786,3.9506,,436922.7499,436922.7499
000997.SZ,20260521,3.6579,0.95,23.2881,3.0308,2.5243,0.9684,2284535.7983,2271775.8042
002015.SZ,20260521,7.7035,0.58,74.5702,2.7047,3.3709,0.4837,3269375.7726,3269375.7726
601888.SH,20260521,1.671,0.96,29.6856,2.0471,2.2031,2.2767,11864218.8372,11148635.3562
605299.SH,20260521,8.5797,1.35,69.2627,6.0898,4.4547,1.1114,732515.4762,732515.4762
920184.BJ,20260521,2.6208,1.65,87.9624,2.9959,7.5269,,188974.5353,127349.1891
600787.SH,20260521,1.0278,0.9,18.8286,0.7464,0.1444,1.4586,1043808.2789,1043808.2789
002126.SZ,20260521,6.7198,2.04,52.6843,6.7535,3.0606,0.1967,5052045.121,4738289.2315
600185.SH,20260521,1.5334,1.2,,121.8323,3.3132,,1051833.2336,1051833.2336
688566.SH,20260521,0.4835,0.74,20.4007,2.0888,5.232,2.0008,518320.8181,518320.8181
001257.SZ,20260521,18.9824,1.02,48.874,5.7406,12.6046,,4387922.4526,327305.6913
605199.SH,20260521,1.6956,2.44,,7.2365,3.9101,,277675.4739,277675.4739
002436.SZ,20260521,15.057,1.71,392.0649,10.6013,7.6121,0.0895,5658213.2912,5053190.4048
300354.SZ,20260521,4.6345,1.0,38.7996,5.9256,9.9505,0.4654,524925.1628,308567.7271
002765.SZ,20260521,3.1539,1.38,39.5517,2.2544,1.5889,,599957.8428,548191.3288
688332.SH,20260521,2.8699,1.03,11.8075,3.1982,8.5655,1.4968,1611365.6134,1611365.6134
601827.SH,20260521,0.3494,0.86,10.4603,1.0496,2.3692,3.129,1309123.7739,1309123.7739
600630.SH,20260521,1.6099,1.22,61.5339,4.0572,1.775,0.4891,330117.4609,330117.4609
300118.SZ,20260521,6.3535,0.82,,2.298,1.5502,,1906103.1789,1549642.3378
002237.SZ,20260521,2.1008,0.92,29.9475,1.4751,0.1574,0.8144,1987658.8671,1657374.8511
603768.SH,20260521,1.3991,1.26,,1.253,0.755,0.5029,274363.1031,274363.1031
300900.SZ,20260521,10.2305,0.8,,6.5171,12.7811,,1261723.2859,988622.0922
920833.BJ,20260521,1.4578,0.95,55.3792,1.9488,2.8667,2.4022,119998.52,91003.1273
300447.SZ,20260521,4.1621,0.97,197.6045,2.7082,6.4558,0.3441,539047.7073,347707.5587
688389.SH,20260521,0.8731,1.64,32.1456,2.4377,4.8395,2.3058,524038.0478,524038.0478
301070.SZ,20260521,5.4771,0.69,,11.3573,29.8404,,823617.9795,541642.7408
301533.SZ,20260521,3.052,0.83,105.1605,2.6588,3.6898,1.2974,299442.2082,86618.1882
002935.SZ,20260521,2.6965,1.17,131.3135,5.3739,8.7801,0.2457,868137.8339,849691.0375
688358.SH,20260521,1.9097,1.05,31.2327,2.6602,8.6738,3.8532,377639.0646,377133.8646
300329.SZ,20260521,1.9962,1.23,,5.4636,28.3111,,331790.0794,330808.2455
600817.SH,20260521,1.1085,1.27,17.9001,2.0681,1.578,3.7391,541412.3825,536124.5225
002125.SZ,20260521,6.4983,2.13,33.0209,2.5953,4.5936,1.1404,883204.4002,883204.4002
601009.SH,20260521,0.3276,0.99,6.0713,0.7195,2.356,4.5278,13538106.1333,13538106.1333
002213.SZ,20260521,15.7358,1.38,4806.0709,16.4979,7.0571,0.0547,910279.6984,792035.8225
002930.SZ,20260521,3.4737,0.75,,3.2559,5.2404,1.4357,637283.5756,603641.6379
688330.SH,20260521,1.5276,1.2,8.499,1.2211,9.4818,0.8795,536200.0,536200.0
688236.SH,20260521,0.9201,1.55,23.4156,2.1223,6.261,1.5288,646696.491,486289.608
002310.SZ,20260521,3.556,0.45,,7.1117,46.4433,,1703807.4812,1249318.6844
688571.SH,20260521,5.2203,1.32,36.2789,2.3037,3.1017,2.103,392357.8975,392357.8975
002978.SZ,20260521,1.1067,0.95,20.5587,1.5054,6.7396,1.7829,1321099.8924,1033613.4828
688601.SH,20260521,7.3298,1.03,328.8317,6.7796,10.4307,0.628,845606.3275,845606.3275
301151.SZ,20260521,1.4856,1.62,62.801,1.3908,3.7595,1.8268,288320.9946,288047.5313
002534.SZ,20260521,2.7137,1.57,34.5433,2.7007,2.4992,0.9606,1530597.3091,1511239.1898
300791.SZ,20260521,1.0553,1.53,48.7161,2.0346,1.3308,2.673,573857.8015,478558.0887
603897.SH,20260521,5.9169,1.12,37.6136,4.5264,0.8776,3.2374,1147782.3864,1147782.3864
301211.SZ,20260521,0.6272,0.8,131.6946,1.9503,9.698,1.6174,445161.6,445156.4832
920183.BJ,20260521,11.5418,0.89,26.6331,4.6271,8.0287,2.4576,199185.688,45775.5461
002209.SZ,20260521,4.3879,1.12,23.8325,3.062,1.5067,0.3933,263116.4041,206645.6842
603159.SH,20260521,2.5085,1.32,,7.7474,9.8576,0.2369,384160.0,384160.0
300957.SZ,20260521,1.2505,0.93,29.6176,2.5708,2.9112,2.3561,1609256.4,1600491.6587
300721.SZ,20260521,23.2809,0.77,,4.646,2.8611,0.0954,518278.1474,434977.6473
601216.SH,20260521,0.8794,0.85,14.8273,1.5035,1.7868,2.8195,4489025.2515,4489025.2515
300303.SZ,20260521,17.6686,1.95,48.3992,3.5942,4.0454,1.3243,1381385.3888,1295430.5676
600877.SH,20260521,2.4924,1.28,620.9784,7.4068,18.8942,,1854237.1645,1854237.1645
002095.SZ,20260521,1.7459,1.34,,4.3544,7.3556,0.3311,381607.2,380079.7067
600869.SH,20260521,4.9442,1.04,425.3589,10.8344,1.632,,4660640.7666,4660640.7666
002775.SZ,20260521,4.9787,1.7,,63.9081,5.0809,,260236.8496,233853.8956
301535.SZ,20260521,3.3916,2.36,88.5238,6.7612,10.3537,1.1777,787219.4124,314292.6144
600862.SH,20260521,1.2028,1.07,29.325,3.4168,5.78,1.2802,2709480.5131,2709480.5131
600983.SH,20260521,0.3919,0.81,13.593,2.2073,1.5965,3.2768,678298.515,678298.515
002659.SZ,20260521,2.675,1.14,,1.2938,7.8733,,277602.0982,277600.7934
300889.SZ,20260521,6.8787,0.76,,3.578,3.8395,,506522.284,336644.0517
601956.SH,20260521,1.0514,0.97,245.4061,1.3895,0.5414,1.8154,342510.7411,342510.7411
603377.SH,20260521,0.5877,0.47,,,4.1829,,251113.2571,251113.2571
000155.SZ,20260521,4.7524,1.91,49.8592,2.4709,6.6635,1.1822,2654790.0758,2654790.0758
002446.SZ,20260521,5.0895,0.97,132.7837,3.6288,7.7163,,923654.4655,855407.2917
002482.SZ,20260521,0.9675,0.68,,13.0659,3.2313,,581399.1663,580275.0192
002917.SZ,20260521,7.0149,2.94,27.5789,2.7953,2.762,0.7001,488745.561,366325.8918
600589.SH,20260521,20.622,1.27,,29.6904,40.2685,,1843960.0034,1836259.6034
688075.SH,20260521,0.2986,0.79,181.854,0.8838,11.1802,2.2334,455210.6075,455210.6075
002226.SZ,20260521,4.6962,1.55,20.6659,1.5893,1.5188,1.1168,1541673.1016,1541670.3255
002287.SZ,20260521,0.2389,0.94,18.7587,2.4852,5.1812,2.6057,1252938.8646,1250370.4085
603889.SH,20260521,2.3221,1.46,11.1946,1.4656,1.0671,3.9234,558570.4439,554411.5979
002180.SZ,20260521,1.1648,1.08,,2.6724,1.8936,,2438522.3529,2332893.0591
301308.SZ,20260521,6.5903,0.86,41.9377,18.5011,8.024,,22802988.2773,15191816.9788
688225.SH,20260521,2.0398,1.13,,4.1489,0.8406,,644016.1,644016.1
600189.SH,20260521,1.7136,0.82,302.3472,4.8939,4.695,,605057.349,605057.349
603879.SH,20260521,3.0834,1.31,,8.2657,5.6922,,191530.5865,191530.5865
920839.BJ,20260521,0.8951,0.73,30.1737,5.2287,5.0956,,354984.5429,195330.4233
300259.SZ,20260521,11.2675,0.85,31.5968,2.5543,6.9572,1.6293,767389.7945,767213.7995
300380.SZ,20260521,5.0496,1.92,135.2002,12.1572,4.8082,0.138,501426.2391,461317.9967
600094.SH,20260521,1.7855,1.36,73.1588,1.0271,5.4562,,1055527.3204,965308.3973
300979.SZ,20260521,0.2207,1.26,15.4126,2.6595,1.8211,8.833,4359912.0,4359883.4196
688681.SH,20260521,2.1912,1.01,41.0329,3.3068,3.9474,0.5038,205257.87,205257.87
000830.SZ,20260521,2.5472,1.29,27.4481,1.3191,0.8829,2.6141,2557500.4318,2557308.7091
301399.SZ,20260521,10.2146,1.67,169.5613,2.9148,7.9801,0.5374,378735.94,111937.3005
688599.SH,20260521,2.1694,0.96,,1.8918,0.5557,,3860551.5465,3860551.5465
002243.SZ,20260521,1.8612,1.06,59.1329,1.4275,4.2536,0.814,1041119.6283,1035562.3694
002302.SZ,20260521,0.9962,1.5,,0.881,0.3891,2.3105,682933.6785,682933.6785
688011.SH,20260521,3.0948,1.48,,6.0843,44.2237,,638000.0,635846.8967
002205.SZ,20260521,1.9117,1.15,,9.909,3.3797,,254233.5359,254233.5359
002318.SZ,20260521,0.9499,0.76,17.1514,2.8497,2.3199,,2598296.9445,2538517.6495
920017.BJ,20260521,0.917,0.8,19.2815,1.2562,3.1774,0.9171,211715.5469,209472.4173
300397.SZ,20260521,10.5127,1.62,,5.057,11.6931,,724691.443,571427.941
000837.SZ,20260521,5.6736,1.48,261.1701,2.6339,3.0959,0.2366,1297348.9213,1277387.4313
002043.SZ,20260521,1.3094,0.92,14.6087,3.174,1.1771,4.4973,1094446.1591,1065123.267
601288.SH,20260521,0.1006,0.91,7.7419,0.8192,3.0587,3.8326,227838955.0513,207827981.2158
300409.SZ,20260521,3.9068,1.0,33.6457,2.3611,2.2246,0.7225,1920421.1796,1687794.252
301449.SZ,20260521,8.0514,1.54,48.6272,3.92,5.2789,,451630.4396,96349.3324
301232.SZ,20260521,9.7382,0.95,327.7901,10.4146,5.4365,,1473927.1565,875369.6982
603757.SH,20260521,12.0423,1.4,95.4602,5.2612,5.8402,1.1305,1116485.3451,1116485.3451
300999.SZ,20260521,1.8176,1.04,39.0012,1.4557,0.5663,,14247942.5566,1426076.5709
603027.SH,20260521,1.351,1.3,31.7039,3.0239,4.1523,5.7909,1062500.9534,995943.4475
001231.SZ,20260521,3.5516,1.16,34.4146,2.2727,3.0112,0.6435,232560.38,118962.4996
000833.SZ,20260521,10.6529,0.95,35.0198,4.8775,6.0446,0.4828,2026861.7725,1146505.0197
688710.SH,20260521,3.4583,1.4,,3.945,11.3533,0.4892,922147.6617,593229.2185
002309.SZ,20260521,12.1153,0.81,317.9901,6.049,4.2281,,1133889.8501,907111.8801
300440.SZ,20260521,4.3122,1.49,93.9881,4.7356,6.7652,0.2604,782339.548,779322.3857
000819.SZ,20260521,3.1266,0.91,,2.7283,1.519,0.6518,567189.4167,561092.0897
600148.SH,20260521,1.9881,1.6,156.9404,5.3804,3.1872,,258975.1035,258975.1035
600976.SH,20260521,2.0146,2.52,14.2261,1.8418,1.4324,2.8763,479984.2194,479671.3194
603323.SH,20260521,0.9626,1.11,4.6713,0.4982,2.2829,5.3062,964862.8069,964862.8069
300627.SZ,20260521,1.9336,1.07,34.8881,5.8053,6.2704,1.5192,2330775.4399,1919720.3414
688238.SH,20260521,1.5963,1.25,,2.9921,15.285,,405647.9375,400716.0625
000722.SZ,20260521,5.3217,0.8,77.5522,1.9968,17.9624,0.3695,628006.1555,628006.1555
920427.BJ,20260521,6.5796,1.67,,4.0021,11.9754,1.1885,125775.9,62107.7771
600109.SH,20260521,1.2897,1.72,13.6627,0.9029,3.6229,1.3555,3260721.1208,3260721.1208
002719.SZ,20260521,6.4316,0.75,,11.8959,2.2347,,129733.8955,120594.8598
002242.SZ,20260521,2.0469,1.08,76.1432,2.2376,0.9398,1.5182,753860.796,752545.4963
605305.SH,20260521,2.6983,1.07,15.5799,2.8508,4.3669,1.9951,873457.2,873457.2
600467.SH,20260521,1.9102,1.03,106.9887,0.972,3.0488,0.3912,333106.7013,333106.7013
600446.SH,20260521,4.0934,1.1,,3.6755,5.5083,,1299890.3885,1299890.3885
920021.BJ,20260521,7.6663,0.76,213.6449,4.6658,7.7136,,302819.9833,242603.5795
002265.SZ,20260521,1.1563,1.16,99.6747,5.95,4.7701,,2320208.7541,2320208.7541
688661.SH,20260521,4.8397,1.28,,14.5302,21.4677,0.0529,1765240.3138,1765240.3138
002629.SZ,20260521,9.7155,0.72,353.6051,46.5533,10.0307,,293581.522,249592.9991
300313.SZ,20260521,2.8988,1.67,,61.5435,7.6854,,226111.5913,186103.68
301218.SZ,20260521,11.0813,1.64,,4.5218,8.3405,0.0695,410429.96,252177.7408
600958.SH,20260521,1.4127,1.1,14.1733,1.0021,5.8289,2.2612,8199262.7068,7208050.9638
603051.SH,20260521,4.4753,1.19,,2.1887,2.4743,1.1194,372563.8253,372563.8253
688356.SH,20260521,1.8849,0.94,68.1784,3.6782,15.0029,0.1843,492483.684,492483.684
688683.SH,20260521,2.0488,1.52,154.1635,5.7304,6.1563,0.1464,692720.54,667265.0947
002017.SZ,20260521,2.4378,1.36,62.1033,5.5034,7.744,0.9255,1028525.3427,1027912.1829
301633.SZ,20260521,2.249,0.88,47.995,3.3741,5.694,1.7737,313923.84,143828.9996
002297.SZ,20260521,31.91,1.39,73.3077,6.2671,12.6177,,1416142.0077,1416142.0077
002299.SZ,20260521,0.9788,0.9,14.411,1.9071,1.0125,2.8931,2140638.3836,2099010.6936
300970.SZ,20260521,4.1637,0.75,17.5769,2.2022,2.6767,,384256.9194,296969.6258
000695.SZ,20260521,16.5307,1.71,,11.9113,5.1699,,356203.0376,340923.7591
002995.SZ,20260521,7.1522,0.85,,4.512,3.5183,,362007.1392,229331.1043
920242.BJ,20260521,1.1153,0.95,19.4208,2.3792,2.0611,1.6023,164342.7825,92847.8609
301237.SZ,20260521,4.0728,1.17,,4.7915,8.6145,,551200.0,401342.5
688388.SH,20260521,6.3387,1.08,126.924,2.4002,1.7492,,1942993.0406,1942993.0406
301063.SZ,20260521,2.5101,1.25,61.6365,1.4514,1.2563,0.6824,229384.8714,212430.772
300233.SZ,20260521,3.0247,1.28,83.6281,1.5269,2.0239,1.6944,559689.1478,539190.5077
688300.SH,20260521,4.1496,1.0,93.8403,15.91,24.1454,0.3285,2826879.8073,2826879.8073
688720.SH,20260521,21.2024,1.74,149.405,7.5994,12.6294,,793200.006,507458.898
300043.SZ,20260521,2.8951,1.12,15.6064,3.5,3.235,0.1984,625831.7957,625497.351
002732.SZ,20260521,1.2566,1.33,48.6737,1.5799,1.5049,0.9901,238385.25,237197.7491
301330.SZ,20260521,1.7332,0.95,34.7271,1.9797,3.1669,1.4202,687226.526,567418.9581
002526.SZ,20260521,1.349,0.85,69.2262,1.6969,2.6761,0.3236,550883.2953,547265.0913
000911.SZ,20260521,2.401,0.87,,,0.9187,,230183.8954,230183.8954
301226.SZ,20260521,4.6945,1.09,396.7579,4.5635,8.1188,0.2623,414854.4,414854.4
002350.SZ,20260521,4.7204,0.94,426.6519,4.7801,3.831,0.1793,856341.2032,837738.5621
600196.SH,20260521,0.9253,1.29,18.2119,1.2883,1.4963,1.337,6331587.9296,5022937.0041
301135.SZ,20260521,2.5924,1.25,154.2085,2.2107,1.8033,1.1236,262662.8905,204720.8973
300177.SZ,20260521,3.6896,1.49,,4.9992,6.1888,,631055.368,514145.1568
301626.SZ,20260521,4.0556,1.01,284.282,19.8419,28.3661,0.2021,3205492.8,1458072.4346
002355.SZ,20260521,4.8083,1.13,,5.0641,4.4466,,414458.22,383263.323
920122.BJ,20260521,1.3207,0.8,93.5664,6.4779,11.2244,1.134,220458.6381,89326.5798
002412.SZ,20260521,2.3869,0.88,15.279,1.4205,3.3329,,344188.8,340525.98
002418.SZ,20260521,11.6845,1.11,353.3755,4.2142,2.2391,,613656.0,613654.4005
603683.SH,20260521,4.4503,1.46,84.0833,4.7779,3.5707,0.3206,807996.3532,799670.3542
301040.SZ,20260521,6.4046,0.71,,4.5091,4.5711,,316003.3054,298190.6824
301027.SZ,20260521,6.2065,1.24,,3.6979,4.7758,,332514.0,274136.5166
600397.SH,20260521,3.5427,1.18,,65.4813,6.9558,,1264178.7693,1264178.7693
603045.SH,20260521,7.9556,0.68,29.3818,6.9005,1.4475,0.0956,864546.4244,864546.4244
000735.SZ,20260521,1.4012,0.97,,1.6428,1.9313,0.5942,678241.4974,677878.6375
300989.SZ,20260521,3.4439,1.64,,3.2212,10.9726,,311376.2722,240512.0111
002855.SZ,20260521,1.5046,1.11,,14.1215,1.8196,,292500.1625,292271.7244
300894.SZ,20260521,1.9246,1.13,,4.3134,5.486,,418064.2758,302599.3626
300375.SZ,20260521,3.8007,0.73,,1.759,1.2979,0.7504,362395.4162,251974.1548
002661.SZ,20260521,1.0373,0.97,67.2359,1.188,0.6199,1.676,271840.3975,259250.3816
000920.SZ,20260521,1.1186,1.1,23.0944,2.5285,2.5337,1.9238,508540.323,508516.113
600162.SH,20260521,1.5183,1.54,,0.9932,4.27,0.6285,568708.2332,568708.2332
002838.SZ,20260521,2.1559,1.04,64.637,4.5357,2.6281,0.264,1704533.5063,1498710.8326
301280.SZ,20260521,5.3498,1.22,43.7509,4.7462,4.9582,0.2957,925098.7989,271399.2804
603273.SH,20260521,4.7028,1.36,124.7675,3.8962,7.3682,0.465,345687.5142,90422.1992
600667.SH,20260521,15.484,1.13,56.5583,2.9712,0.8484,0.7703,2597695.3851,2597695.3851
301187.SZ,20260521,0.9887,0.51,100.5375,3.7129,2.554,0.8313,543773.2088,543771.4491
300499.SZ,20260521,20.369,1.23,431.2853,9.4574,13.3951,,1316842.3051,1170855.8635
603983.SH,20260521,0.5916,1.47,45.6644,2.8368,2.7866,3.089,973628.0,973628.0
000593.SZ,20260521,8.9602,1.18,265.7012,9.5105,5.8258,,840989.7161,840643.0313
300332.SZ,20260521,4.7732,1.37,,1.1653,1.8937,,451649.9681,433290.1972
601996.SH,20260521,6.297,0.93,,1.3344,1.9217,,327307.0095,327307.0095
002734.SZ,20260521,2.42,0.78,15.9717,1.9643,1.7327,1.2957,804644.8042,734478.7393
688585.SH,20260521,3.2093,1.6,,58.1953,41.0074,0.0165,7568679.4642,7568679.4642
002298.SZ,20260521,11.9867,0.96,,4.1966,4.5217,,783037.3333,699080.8922
688062.SH,20260521,5.178,1.44,,13.0356,20.0671,,1495652.7096,683561.16
301580.SZ,20260521,4.475,0.57,32.21,3.0174,6.0222,0.7559,654519.3863,442328.3649
000985.SZ,20260521,1.7222,1.4,391.8483,3.8138,1.3075,0.3611,233351.1,233351.1
603088.SH,20260521,5.2415,1.03,65.0417,5.1939,6.9421,,596836.9036,520191.7459
300815.SZ,20260521,3.2723,2.2,15.9297,1.9004,1.1448,1.6726,893643.264,875232.6774
688273.SH,20260521,1.2151,0.78,48.5674,3.0374,10.0893,1.645,416200.0,416200.0
001696.SZ,20260521,3.5638,1.51,30.049,3.3025,1.5123,1.2477,1835478.1528,1428911.3547
300365.SZ,20260521,5.3444,1.02,,2.1953,4.729,,350915.4494,299358.9009
003043.SZ,20260521,8.5755,1.04,110.3273,4.6984,8.7761,0.3436,829754.7544,519747.0912
920970.BJ,20260521,2.4077,0.69,,2.9715,4.2579,,73128.528,46247.058
300199.SZ,20260521,6.1517,0.7,212.5971,27.0967,21.0289,,2009374.0394,1695255.9374
000792.SZ,20260521,1.8365,0.82,16.4913,3.8217,9.0789,,17081196.1623,17081043.8976
605376.SH,20260521,7.0174,1.25,150.0593,20.7104,27.7934,0.1076,3645657.6,3645657.6
600881.SH,20260521,1.2412,1.18,,10.8235,0.7471,,465429.7423,465429.7423
688192.SH,20260521,2.1856,2.89,,21.5995,29.9491,,2677494.5866,2654748.3136
002478.SZ,20260521,3.9357,1.31,15.7551,1.1365,1.1477,2.8511,690016.0386,553606.5365
605255.SH,20260521,0.9352,0.74,875.0111,16.1922,42.5625,0.2292,1316129.28,1316129.28
000402.SZ,20260521,2.6651,0.94,,0.4321,1.0492,,857822.8833,857743.6828
002347.SZ,20260521,5.1918,1.24,,3.6845,3.9041,0.2481,406790.0345,397666.6182
688597.SH,20260521,2.2608,1.01,59.0632,3.4956,2.7565,1.2228,278257.9085,278257.9085
001313.SZ,20260521,6.2066,1.65,120.3985,2.5237,0.9126,1.2175,646800.0,646017.6039
300306.SZ,20260521,2.2882,1.28,45.2923,2.2372,8.0404,3.1313,319523.0283,187231.7581
603929.SH,20260521,2.4552,0.96,35.67,17.362,7.2556,1.498,3774338.4,3774338.4
603230.SH,20260521,0.5294,1.09,43.2686,1.26,2.7827,4.7572,356704.707,356704.707
300384.SZ,20260521,1.6505,1.05,22.812,1.5168,5.92,1.6296,430659.8078,297153.2102
688126.SH,20260521,9.508,1.43,,5.4347,22.8803,,9148304.7518,7561231.1626
301479.SZ,20260521,14.7402,2.37,54.1004,7.5974,5.7565,0.9592,993742.7696,568879.4209
000949.SZ,20260521,3.1449,0.73,42.0663,1.7691,1.4702,,1204566.2433,1204235.459
002419.SZ,20260521,1.2912,1.03,71.5053,1.4132,0.5006,1.3967,573904.2453,573831.9332
688613.SH,20260521,2.2186,1.24,178.2914,1.7646,11.0164,,253328.8718,253328.8718
002327.SZ,20260521,1.3491,0.67,17.1325,1.5677,2.2203,8.7943,590963.105,346143.2744
300366.SZ,20260521,1.9503,1.18,,3.0311,5.1931,,348748.7101,304508.4293
301000.SZ,20260521,7.087,0.88,65.1724,6.9093,10.8522,0.5333,909089.8162,858155.0722
001331.SZ,20260521,10.054,2.71,,11.7779,3.366,,1732106.88,1209768.399
000913.SZ,20260521,0.9793,1.01,7.5544,1.2071,1.2605,7.3676,643274.242,635565.4689
600080.SH,20260521,1.5414,0.64,116.4598,1.3353,3.7747,0.4973,212764.0625,212764.0625
301459.SZ,20260521,14.0758,2.08,50.6155,3.358,4.4664,0.9352,427732.4366,107214.655
301288.SZ,20260521,2.9972,0.64,,2.5772,10.6224,,201978.7,146064.9913
002039.SZ,20260521,3.8908,1.14,13.5007,1.8974,2.5672,0.7948,860674.5076,860672.092
000868.SZ,20260521,1.6226,1.06,,4.7982,1.1156,,385201.0414,300664.7539
600628.SH,20260521,1.333,0.86,57.771,0.9795,3.7852,0.6221,415940.8719,415940.8719
002322.SZ,20260521,1.3742,0.99,20.4303,1.5403,3.9153,5.1076,419626.1096,403406.7454
300261.SZ,20260521,1.209,1.01,,2.7821,3.9124,,506700.7817,495928.8372
688287.SH,20260521,5.1049,0.47,,0.2465,1.0119,,14820.624,14820.624
603223.SH,20260521,1.4831,0.94,21.6771,1.68,4.959,0.4625,686764.9938,686764.9938
600586.SH,20260521,6.256,2.09,,1.5356,1.8352,0.2708,773866.3842,773866.3842
300293.SZ,20260521,5.6214,1.23,,9.0326,5.3799,,671799.6404,671799.6404
603023.SH,20260521,4.2568,0.8,25825.4271,3.5586,14.6946,,274035.6468,274035.6468
000029.SZ,20260521,2.5784,1.32,1057.1709,6.9069,20.4537,,2495765.22,2199725.22
300183.SZ,20260521,3.6371,1.69,,1.8993,5.9376,0.7874,587513.604,471206.8452
300488.SZ,20260521,6.2996,0.82,37.7,3.1472,9.4267,0.4942,688586.09,584274.6338
603381.SH,20260521,5.1498,0.9,,1.5615,0.4961,2.5443,522201.1735,312845.0469
300016.SZ,20260521,2.7856,1.08,40.3781,2.022,4.0013,,497344.72,480650.0601
000978.SZ,20260521,2.8875,0.85,244.3264,2.8013,6.6231,,300071.33,300065.0803
601368.SH,20260521,0.7814,0.98,35.2937,0.8637,1.6655,0.6342,417646.2654,417646.2654
603280.SH,20260521,1.2215,1.07,34.9149,2.3947,3.0398,0.8486,332158.0277,332158.0277
002107.SZ,20260521,2.1862,0.77,35.1584,5.6936,4.7057,3.988,384998.8032,381119.8087
300148.SZ,20260521,3.2052,1.04,58.9169,3.0537,5.5773,,315341.5943,304478.9711
688616.SH,20260521,2.1875,1.75,23.72,2.6467,4.1536,2.1935,241084.3882,241084.3882
601618.SH,20260521,0.5345,0.94,43.2231,0.5644,0.1369,1.9929,5823336.9868,5016585.9868
300849.SZ,20260521,3.0363,0.86,,6.8077,12.0653,,366900.0,269720.0849
301181.SZ,20260521,3.0815,1.48,45.1685,3.5783,9.4578,1.5818,511291.9107,399069.945
301051.SZ,20260521,8.459,3.59,,2.7072,3.4775,0.1602,528116.0291,418523.227
600231.SH,20260521,0.3501,0.8,,1.6529,0.3792,,588772.9931,581458.5931
605086.SH,20260521,2.5442,0.78,46.5898,3.2789,19.7958,0.6307,534195.2,534195.2
601000.SH,20260521,0.7516,0.91,13.1414,1.2517,4.6022,4.3197,2743704.9483,2743704.9483
002716.SZ,20260521,5.6116,0.87,59.6331,6.87,2.0282,,2789211.5822,2296955.9792
603663.SH,20260521,4.6154,1.62,137.865,13.9792,16.212,0.1634,1942945.8525,1940742.6525
301041.SZ,20260521,14.439,1.1,154.2826,5.0829,4.7726,0.3048,345749.88,255945.8666
603220.SH,20260521,11.91,0.83,256.5537,4.1666,5.0461,0.2977,1604749.9876,1299309.1334
603126.SH,20260521,3.278,0.51,149.2471,2.3834,1.1598,0.0624,489010.5,489010.5
002967.SZ,20260521,2.9883,1.14,31.3353,2.7805,3.6994,0.6144,1368240.0569,1174895.7056
002989.SZ,20260521,8.936,1.12,,4.4716,18.0462,,623191.4735,566693.4028
301329.SZ,20260521,12.2859,1.95,58.5902,2.8184,4.537,1.4264,447455.8,157592.776
000008.SZ,20260521,1.7855,0.99,,3.285,3.3155,,708974.5753,708953.5045
603339.SH,20260521,1.425,1.17,27.356,1.4984,2.4657,1.7662,404439.6157,404439.6157
603511.SH,20260521,0.3806,0.74,34.8679,1.2484,1.8091,2.9102,558801.9964,555810.1525
688392.SH,20260521,6.0971,1.76,124.9478,9.7061,21.8516,0.3444,1801968.4152,1801968.4152
