ts_code,trade_date,turnover_rate,volume_ratio,pe_ttm,pb,ps_ttm,dv_ttm,total_mv,circ_mv
603051.SH,20260311,3.2256,0.94,,2.1235,2.297,1.1155,373856.8884,373856.8884
000966.SZ,20260311,3.6402,1.46,117.4017,1.2613,1.1619,1.44,1740517.508,1630761.41
600101.SH,20260311,8.2462,0.79,33.5175,2.0,2.042,1.4222,616345.2799,616345.2799
605296.SH,20260311,0.6743,1.02,23.2012,3.0897,2.8548,1.3202,1550154.0908,1530125.9708
002144.SZ,20260311,3.7739,0.65,131.8287,1.3527,5.0497,0.3075,287415.8705,223809.5928
300485.SZ,20260311,1.8226,0.9,65.5432,1.5615,13.2323,,532241.372,302567.9861
688181.SH,20260311,3.0444,0.83,60.0288,2.2404,5.3974,,470147.4848,470147.4848
301609.SZ,20260311,20.1474,0.76,69.4561,7.4903,13.1551,,922389.44,207537.624
301345.SZ,20260311,5.687,1.37,31.4809,6.7875,6.5691,1.4084,2318383.2495,617771.932
600461.SH,20260311,0.5457,0.79,10.7257,1.3346,1.6081,4.6261,1288007.8481,1288007.8481
603117.SH,20260311,2.7076,0.7,482.2084,3.2696,12.8357,,336749.131,336749.131
600405.SH,20260311,11.8148,1.91,,18.0935,8.7726,,375051.7079,373393.071
920906.BJ,20260311,1.8268,1.18,52.0712,3.0025,2.2862,0.3327,173794.75,89226.559
601956.SH,20260311,1.1757,1.01,34.3919,1.7313,0.7045,1.4108,440726.1623,440726.1623
300389.SZ,20260311,8.4653,0.92,27.5633,4.2543,1.6828,1.846,699814.201,442111.7846
301123.SZ,20260311,2.5965,1.04,,4.7581,6.3862,0.1694,1367012.64,1360953.6
000663.SZ,20260311,3.7657,0.9,,2.4572,7.7403,,246115.9521,223906.1743
605588.SH,20260311,2.6007,1.07,,4.0048,2.94,,408364.2556,407383.8535
688248.SH,20260311,2.4502,1.22,92.608,11.9667,10.5792,0.3835,3902077.0,3902077.0
601113.SH,20260311,1.2603,0.75,14.5793,1.2923,1.009,,513430.7851,513430.7851
688429.SH,20260311,5.6355,1.66,,4.6939,6.3383,,645201.2904,193281.3817
000793.SZ,20260311,0.7353,0.53,,49.1729,16.6092,,563223.2189,553004.4294
300444.SZ,20260311,14.7566,0.56,154.2635,7.7677,3.2793,,1383218.6559,1076345.6827
000709.SZ,20260311,1.3829,1.02,27.3017,0.5084,0.2038,1.1811,2625628.7574,2625194.7491
002391.SZ,20260311,1.7259,0.74,,1.0073,1.1222,,429380.6756,306783.8561
003028.SZ,20260311,2.2238,0.98,30.6313,2.5617,3.2184,1.6145,444696.903,216763.8794
001376.SZ,20260311,5.1936,0.55,54.6012,8.1441,8.8915,0.7238,952680.3,441827.0645
600356.SH,20260311,1.9517,0.85,20.3412,1.066,1.0828,1.1439,313389.2153,284093.5405
002349.SZ,20260311,1.0725,0.64,28.4198,2.3607,4.4083,1.0196,638849.6792,626919.2992
300206.SZ,20260311,1.9219,0.77,35.0613,4.0366,4.559,1.3865,865437.3756,505200.6905
688150.SH,20260311,2.8852,0.89,65.6818,7.5362,26.1496,0.8592,1443946.055,1443946.055
688717.SH,20260311,13.4307,1.25,183.9457,4.8754,5.2151,0.7046,2128800.0,1317831.0854
002470.SZ,20260311,17.6281,0.98,,4.8135,1.0691,,989094.3503,989010.5745
600498.SH,20260311,14.4496,1.3,94.2432,4.6605,3.1658,0.2737,7745629.1498,7252057.1636
603334.SH,20260311,7.539,0.69,49.7668,4.6039,2.7329,,768586.0,166323.2316
603890.SH,20260311,2.7871,1.09,22.0008,2.1642,1.5939,0.9726,663063.0839,663063.0839
601827.SH,20260311,1.1565,2.36,12.1871,1.2929,2.7331,2.663,1538178.636,1538178.636
301267.SZ,20260311,0.4865,0.77,33.796,2.5184,3.6237,1.7299,1491840.0,1151637.2242
300514.SZ,20260311,6.0273,1.29,26.542,2.8655,3.9254,1.9815,302800.0,242631.1041
600825.SH,20260311,1.9538,0.62,150.9372,2.6641,4.5012,0.192,653054.9063,653054.9063
688202.SH,20260311,2.9336,1.35,,4.911,8.2349,,956184.4935,956184.4935
000633.SZ,20260311,3.7717,1.47,182.8903,14.6213,8.0169,,287289.3543,287287.2282
002757.SZ,20260311,6.3167,0.96,,3.286,2.0611,1.5766,655912.1269,626159.7046
920719.BJ,20260311,3.0095,1.31,,3.3911,5.3102,,114318.6952,89881.8169
002007.SZ,20260311,0.4764,0.74,29.4553,2.6718,6.5477,4.5782,2794181.2423,2406191.702
301367.SZ,20260311,0.9879,0.64,31.1109,2.195,6.2325,0.5434,654169.6,510657.9535
002084.SZ,20260311,2.321,0.92,,1.8465,0.939,,257130.3039,256564.5079
920438.BJ,20260311,1.9241,0.66,218.4861,6.2031,11.3398,0.2279,619723.5,593818.653
300072.SZ,20260311,7.5605,0.79,,2.1612,5.156,,1304094.7676,1293905.5049
000825.SZ,20260311,0.933,0.79,199.5239,0.8505,0.3029,,2819642.659,2819642.659
300332.SZ,20260311,10.7594,0.53,60.3921,1.2626,1.9539,,537241.2625,515399.4661
301045.SZ,20260311,9.4008,0.82,173.8142,5.4968,9.3173,0.0979,563506.1727,326697.3823
688116.SH,20260311,2.5178,1.1,68.0776,4.2998,12.3569,0.3332,1605410.252,1605410.252
300181.SZ,20260311,0.9682,0.7,19.4325,3.7172,4.1195,3.5858,1158691.8774,996008.8382
603637.SH,20260311,2.559,0.91,32.2996,2.9046,6.1773,1.5936,299550.7756,299550.7756
000968.SZ,20260311,7.3525,0.59,23.2002,1.5046,4.4711,0.3122,929770.0563,929770.0563
605179.SH,20260311,0.555,0.88,190.1465,6.4889,2.5751,0.2194,731023.0,731023.0
600089.SH,20260311,6.1445,0.72,29.4718,2.2793,1.5936,0.8002,15683868.1404,15683868.1404
600756.SH,20260311,1.8286,0.78,,2.3913,3.6333,,568146.7236,526660.4736
300327.SZ,20260311,2.6581,0.9,91.171,5.2751,6.9255,0.7358,922723.5749,915922.9864
002679.SZ,20260311,1.6518,0.69,191.0668,3.7801,18.3377,0.3112,277249.056,277249.056
603313.SH,20260311,1.0468,0.74,32.0653,1.413,0.5738,,520945.826,520945.826
688605.SH,20260311,1.7668,0.8,68.261,7.8976,10.4929,0.3116,1298873.9158,695401.4031
301047.SZ,20260311,0.5464,0.88,65.6311,1.6516,13.2016,6.9784,871527.2564,856795.1495
002176.SZ,20260311,3.0531,0.85,,5.116,7.6001,,1737039.4415,1736727.4601
300829.SZ,20260311,11.1996,0.86,71.2717,2.0063,3.0323,0.1937,484777.8032,337535.3713
000970.SZ,20260311,2.1146,0.73,116.0241,2.5737,2.5311,0.1437,1675270.1152,1675270.1152
600692.SH,20260311,2.2846,0.79,,3.112,5.7947,,287743.0044,208598.6029
603113.SH,20260311,3.1788,1.17,,0.8092,0.3877,4.6195,651640.7931,651640.7931
688060.SH,20260311,1.3575,1.12,,3.3631,8.0294,,301555.5473,301555.5473
600331.SH,20260311,2.9509,0.67,,14.8758,12.419,,4733747.2,3641344.0
688281.SH,20260311,0.5727,0.5,75.431,5.0934,18.8958,0.6473,2364278.035,2364278.035
002675.SZ,20260311,2.6758,1.79,66.2364,2.5154,4.0006,0.2249,1100010.6705,991674.248
920001.BJ,20260311,10.5628,1.16,,4.2724,14.3449,1.0065,305314.8773,176229.0567
603818.SH,20260311,1.3333,0.67,,1.2177,0.7639,,265005.928,265005.928
002485.SZ,20260311,2.647,1.15,,2.5267,3.8892,,297568.0,297568.0
600480.SH,20260311,0.6029,0.68,18.1309,1.7286,0.6887,3.0017,1346957.4386,1326986.5075
002577.SZ,20260311,0.5316,0.95,444.4376,4.1168,11.0768,,478573.04,478547.465
002281.SZ,20260311,13.1559,1.61,80.5458,7.5506,6.4591,0.2842,7380276.455,7131438.3575
603276.SH,20260311,2.0624,0.65,91.6198,2.1444,4.8422,0.6872,373769.0946,136156.1904
002556.SZ,20260311,2.9206,0.7,43.715,1.8388,0.4275,3.4981,656883.5475,656261.0823
300245.SZ,20260311,1.9029,0.79,,3.237,7.491,,381617.5112,380777.5698
002630.SZ,20260311,1.6174,1.02,,12.3794,1.5027,,298742.4,260659.0404
002703.SZ,20260311,9.8265,1.3,102.0718,9.3318,5.7131,0.2588,1906861.8661,1358459.4355
688350.SH,20260311,2.2719,0.91,293.209,2.3347,3.0118,,418274.3138,418274.3138
300876.SZ,20260311,1.4244,0.8,,3.1616,5.9943,,317679.5595,236988.5295
603048.SH,20260311,1.8195,0.92,53.8055,2.6042,4.6512,1.5504,329745.6,329745.6
601015.SH,20260311,6.0656,0.68,,1.7025,0.8717,,959973.8903,959973.8903
603270.SH,20260311,2.9003,0.8,45.1472,2.5537,3.1192,0.9735,562665.9209,181600.4009
301071.SZ,20260311,13.828,1.57,198.789,2.6372,25.3949,0.2734,1395840.4146,1043608.5176
601666.SH,20260311,2.148,0.83,37.4458,0.9526,1.0046,6.4462,2187853.605,2187853.605
300789.SZ,20260311,1.69,1.17,55.8019,3.0228,5.4399,0.6789,322078.0386,221428.0388
301192.SZ,20260311,2.1466,0.88,72.9267,4.7333,6.4819,0.8509,293506.2,140638.3875
003001.SZ,20260311,1.3703,0.93,68.6298,2.7853,4.9287,1.0469,334051.6762,202489.2622
603730.SH,20260311,0.8657,0.7,31.5131,4.3078,3.0873,2.9424,1965955.533,1965955.533
688707.SH,20260311,1.8079,1.36,,1.8591,5.189,,741234.4787,741234.4787
300752.SZ,20260311,4.0933,0.63,58.206,3.6118,2.9922,,440088.9893,302891.5233
920873.BJ,20260311,1.5445,1.0,,4.6442,13.1942,,119641.8616,93448.9881
300445.SZ,20260311,2.3493,0.88,34.7176,3.5588,7.4033,0.4225,452475.9277,302597.9026
000025.SZ,20260311,0.9675,0.65,49.326,4.1523,4.3806,0.5744,750472.5351,683827.0551
300017.SZ,20260311,16.6859,1.02,55.3213,4.7012,9.9011,1.2819,4766413.6678,4469302.477
300867.SZ,20260311,2.2569,1.13,21.4851,1.3642,3.356,0.3498,528264.607,372524.486
300803.SZ,20260311,2.2313,0.81,290.0252,24.1195,42.9378,0.0738,6610144.3586,6561876.7329
300490.SZ,20260311,11.8488,1.12,,3.4549,3.7664,,761460.9873,751112.4889
688176.SH,20260311,8.9826,0.74,,6.0626,34.5231,,956710.5641,729773.9646
300306.SZ,20260311,2.3179,0.91,50.4555,2.4473,8.9532,3.1882,364439.1442,213551.374
600794.SH,20260311,1.8215,0.62,56.3756,1.8183,6.4719,0.7538,477660.5585,477660.5585
300844.SZ,20260311,0.7864,0.85,,5.0582,7.8066,,370886.0915,358268.6825
300665.SZ,20260311,2.1117,0.68,,3.2467,3.0196,,179316.5529,178600.1072
002196.SZ,20260311,6.7417,1.02,,5.2173,2.7715,,738353.3038,727056.971
000090.SZ,20260311,1.2752,1.26,23.76,0.6571,0.336,2.5189,741812.5373,741778.5938
600429.SH,20260311,0.8522,0.72,41.9172,1.5058,1.211,0.2305,785592.581,783222.5338
300077.SZ,20260311,6.8671,1.1,,13.7269,10.1175,,1320198.8488,1282165.2336
301509.SZ,20260311,3.5226,0.8,43.6781,2.036,7.5107,1.0735,448784.2887,211416.6977
300105.SZ,20260311,4.2271,1.28,53.1163,2.1962,3.4579,1.2195,422967.8244,422967.8244
603239.SH,20260311,1.2369,0.96,31.9225,4.9422,4.4047,0.917,619948.8,619948.8
603906.SH,20260311,3.3477,1.87,,4.2317,1.6153,,1266025.8127,1044265.8127
002765.SZ,20260311,1.3148,0.72,38.0614,2.7689,1.9622,,727774.9484,665007.8162
603929.SH,20260311,1.5583,1.01,43.8173,15.0085,6.8804,1.5232,2801416.8,2801416.8
300374.SZ,20260311,3.5593,1.73,,4.6856,1.9536,,381410.0347,302343.5646
002718.SZ,20260311,1.9082,0.92,,8.8034,14.9913,,787819.4873,571967.2949
603350.SH,20260311,1.4209,0.77,35.1362,3.2293,2.1986,1.916,425319.594,160644.0
300835.SZ,20260311,5.695,0.84,76.5061,9.2869,8.7578,0.209,1109002.122,765238.6518
920575.BJ,20260311,1.8743,1.11,,10.2673,1735.9528,,250879.42,167739.9412
300124.SZ,20260311,0.9625,0.8,37.1436,5.6021,4.4479,0.5734,19261931.5744,17065802.5543
603700.SH,20260311,1.2447,0.75,31.0731,1.779,1.7035,1.3894,287745.223,287745.223
002960.SZ,20260311,0.8286,0.77,37.7471,1.5328,2.0279,1.5006,965499.3439,824734.2236
920802.BJ,20260311,3.8493,1.06,49.814,2.8684,6.3544,0.7946,127030.8412,34230.7206
300594.SZ,20260311,4.808,0.73,,3.3625,3.3327,,277825.3128,275178.33
002734.SZ,20260311,8.6648,0.77,24.5438,2.6903,2.2954,1.0111,1031144.4652,941227.3378
002729.SZ,20260311,15.5517,3.25,86.48,6.5519,8.5137,0.1424,359718.8627,344961.6558
000045.SZ,20260311,3.3061,1.01,96.284,2.2625,2.0534,0.5342,673167.5373,607382.0373
688622.SH,20260311,3.6928,0.67,,18.0746,56.2905,,547939.8913,547939.8913
000899.SZ,20260311,8.5659,0.93,16.661,2.4977,2.2561,2.0433,1575719.5824,1575719.5824
600719.SH,20260311,2.0733,0.75,,9.3113,4.5501,,274318.5288,274318.5288
688656.SH,20260311,0.7013,1.04,389.3941,11.1152,22.8887,0.2048,911886.4651,911886.4651
603693.SH,20260311,2.1389,1.54,32.6119,1.7957,6.0472,1.0699,1249849.1838,1249849.1838
600857.SH,20260311,0.9636,0.77,75.5662,3.2208,5.6871,,286905.1764,286905.1764
688333.SH,20260311,2.0183,0.8,130.9877,5.5123,14.7589,0.1098,2749531.15,2749531.15
688062.SH,20260311,2.813,0.88,,40.1014,21.1044,,1398200.4,714390.83
688003.SH,20260311,1.3553,0.59,150.9822,5.9243,6.6288,0.8106,1186715.2935,1186715.2935
605199.SH,20260311,0.4892,0.68,,4.098,2.6557,,282476.7789,282476.7789
302132.SZ,20260311,1.057,0.65,91.2814,9.9739,4.0679,0.8561,19883031.9288,4360943.1421
002023.SZ,20260311,1.9225,0.98,68.0156,1.9921,5.7921,,870510.7761,870510.7761
603998.SH,20260311,1.2658,1.03,17.9134,3.2942,3.144,4.1494,529093.0388,529093.0388
001206.SZ,20260311,2.7752,1.0,19.0512,2.2992,2.3535,3.6318,420818.307,241973.9892
000792.SZ,20260311,1.1523,0.71,33.5607,4.9244,12.8,,20219098.6792,20218981.0115
601865.SH,20260311,1.2939,1.1,107.6948,1.7294,2.2689,,3753294.2839,3045442.5739
603558.SH,20260311,1.1333,1.15,11.2043,1.7311,1.636,4.6466,414934.6773,414934.6773
301377.SZ,20260311,3.6233,0.79,233.0556,31.5005,41.153,0.355,7853550.0,1360464.72
688316.SH,20260311,20.9697,1.26,,148.5273,17.5614,,408954.2254,408954.2254
603126.SH,20260311,1.6466,0.85,,2.4224,1.7042,0.0618,493894.5,493894.5
920090.BJ,20260311,8.9156,0.69,,34.2588,45.5472,,156078.1665,105977.0142
601878.SH,20260311,0.4029,0.77,18.4457,1.3027,4.408,1.6333,4720158.1314,4720158.1314
688375.SH,20260311,0.6164,0.77,133.3478,10.4675,28.3644,0.3523,6767749.1895,6767749.1895
920158.BJ,20260311,26.8686,0.74,55.3246,5.3859,9.0245,,303267.66,81122.5038
688255.SH,20260311,1.3997,0.89,127.7361,3.189,5.1866,0.932,337047.0132,337047.0132
300717.SZ,20260311,1.8242,0.83,40.8858,3.2608,6.5545,1.3233,232990.925,230901.6578
603196.SH,20260311,2.0591,1.72,,5.77,13.9491,,1144691.461,647925.963
600490.SH,20260311,2.6075,0.74,78.1365,3.1308,3.3086,,1987172.5969,1789374.0046
300302.SZ,20260311,5.6898,0.94,,8.9674,24.7901,,962361.7064,740578.3012
002694.SZ,20260311,1.8408,0.83,,22.5646,2.6943,,237319.3728,223540.7977
603130.SH,20260311,0.6441,0.64,70.1344,4.2926,2.1562,0.2345,586498.063,586498.063
688057.SH,20260311,1.0089,0.97,39.2982,1.1897,11.1529,1.8288,377292.0,377292.0
600310.SH,20260311,4.1271,1.25,,2.1202,1.7674,0.6818,644912.7177,644912.7177
603587.SH,20260311,0.2402,0.64,23.3108,1.6845,2.8239,3.8577,607312.8601,607312.8601
300187.SZ,20260311,3.7493,1.08,32.6868,3.4323,4.7895,2.9094,370587.1227,368583.376
300774.SZ,20260311,4.686,0.9,110.9075,6.2391,8.4348,0.8692,940565.1817,448419.9178
000933.SZ,20260311,1.8372,0.62,18.9508,3.3678,1.9651,1.3842,8069427.7836,8064067.2219
600396.SH,20260311,11.7013,1.62,89.52,4.2295,1.2985,,571410.245,571410.245
920008.BJ,20260311,3.4132,0.41,91.0482,5.9137,10.8282,,194756.25,102644.0927
300411.SZ,20260311,2.8931,1.31,740.3808,4.8726,10.3748,,472376.2481,359192.211
000419.SZ,20260311,0.8505,0.59,26.3563,0.9683,1.7003,2.4077,338651.9941,338651.9941
300825.SZ,20260311,1.3326,0.98,,2.2454,4.3452,,473636.4974,460674.1002
600067.SH,20260311,1.5824,0.83,,1.0316,0.5485,5.1687,580325.8642,580325.8642
002039.SZ,20260311,2.9852,0.79,18.5141,1.8996,3.1302,0.829,825187.1832,825184.8672
920273.BJ,20260311,1.9593,1.01,41.9749,4.2833,3.7652,1.3218,278355.0504,185273.5108
301186.SZ,20260311,1.2703,0.8,31.6501,2.6203,5.391,1.4559,412413.911,387324.4058
688721.SH,20260311,1.9829,0.73,102.0386,4.8745,23.9875,0.9025,591672.0,237043.4813
920579.BJ,20260311,4.1932,1.98,,5.8076,5.8997,0.1486,278770.44,95968.7263
300409.SZ,20260311,9.8339,2.04,54.8586,2.9046,3.0523,0.5948,2332666.3778,2050094.1124
000930.SZ,20260311,3.9536,0.7,143.677,1.2762,0.748,,1360772.2763,1360703.1426
002346.SZ,20260311,1.2244,0.72,16.5076,3.2789,11.1953,2.187,945854.5411,842502.21
600351.SH,20260311,0.9927,0.64,20.774,1.777,2.0365,7.5257,462948.0308,462948.0308
300723.SZ,20260311,1.3133,0.87,,8.4233,14.3963,,1474776.881,1363683.3754
002178.SZ,20260311,5.7838,0.54,,11.1704,10.8573,,487112.6527,486859.6801
003035.SZ,20260311,6.2935,1.06,289.2639,5.5036,10.9047,0.0694,3821969.6961,3821969.6961
600803.SH,20260311,0.6273,0.58,14.8851,2.8448,0.4957,5.6744,6590926.4928,6539706.1592
605055.SH,20260311,1.393,1.49,,4.1715,2.8331,0.5999,435600.0,435600.0
603338.SH,20260311,1.1115,0.91,15.4325,2.448,3.2622,1.8612,2720607.1539,2720607.1539
605111.SH,20260311,2.7669,0.82,41.1826,4.2215,9.6831,0.1499,1799220.6802,1799220.6802
301029.SZ,20260311,3.3504,1.42,36.9938,4.2923,6.4192,1.563,1825869.6078,1329754.734
688611.SH,20260311,0.6903,0.67,,10.8472,45.4344,0.2334,938897.7416,938897.7416
003022.SZ,20260311,1.9733,1.73,97.1654,3.7993,4.7762,0.2859,2803357.232,2800972.4007
603257.SH,20260311,14.4871,0.99,48.2414,3.2775,3.4638,0.7491,801000.0,166207.5
000558.SZ,20260311,1.6825,0.72,,5.8515,12.1383,,613670.5997,613413.8734
300334.SZ,20260311,3.0964,0.82,102.2973,4.0884,10.36,,248297.7226,248268.4635
688518.SH,20260311,3.6022,1.01,53.2101,2.8054,2.8108,0.5587,916457.8801,916457.8801
301016.SZ,20260311,1.3232,0.83,83.2441,5.4862,14.4383,1.7081,547965.6,519739.7464
600661.SH,20260311,1.4527,0.82,,22.0848,2.2081,,297151.1367,297151.1367
920159.BJ,20260311,21.3219,0.69,24.3705,3.2852,1.4939,,351120.0,66528.0
603466.SH,20260311,7.2281,0.78,184.4301,3.0096,3.6251,1.8762,634041.8963,634041.8963
300294.SZ,20260311,0.8036,0.7,32.2041,1.3739,5.3668,1.4833,1053879.8624,1053879.8624
002595.SZ,20260311,0.6319,0.94,31.1899,6.5265,7.0615,0.4298,7432000.0,7381502.9137
688285.SH,20260311,0.6187,0.95,68.0753,2.0728,2.9661,0.2148,350325.909,350325.909
600973.SH,20260311,2.6506,0.64,,2.923,0.2152,,1044981.081,1044981.081
600645.SH,20260311,3.9865,0.73,193.6378,3.9,9.8328,,1447365.9168,1446813.1203
600180.SH,20260311,1.3508,0.87,256.6337,0.5232,0.1649,0.9162,411831.8089,411831.8089
603324.SH,20260311,1.1353,1.17,61.9118,2.1777,2.8418,0.5031,366097.6788,366097.6788
002975.SZ,20260311,4.7693,1.17,98.3942,5.5778,8.1526,0.2817,1244108.4243,821571.5438
301456.SZ,20260311,2.6555,1.23,68.9779,2.1173,7.631,0.6456,466087.2999,187429.2107
605378.SH,20260311,2.8652,4.65,62.4826,4.5277,4.1116,1.6496,565814.956,565814.956
920304.BJ,20260311,4.1836,0.82,39.68,4.3107,3.1295,1.3675,227203.2,191035.6448
603090.SH,20260311,3.4008,1.31,107.2453,11.5402,9.4589,0.424,707500.0,707500.0
600217.SH,20260311,0.8531,0.68,,2.2003,1.8928,,676322.6986,676322.6986
002490.SZ,20260311,31.9675,1.19,,19.2455,6.198,,958215.9284,650608.122
300383.SZ,20260311,11.7505,1.55,181.1219,2.3304,4.2827,0.3632,2969623.3832,2962951.4244
688047.SH,20260311,1.8951,0.84,,24.3,95.92,,6093997.0,6093997.0
605003.SH,20260311,1.8585,1.14,55.6893,2.5242,6.7368,1.2424,363000.0,363000.0
002550.SZ,20260311,0.9798,0.67,22.5774,3.5265,6.3253,1.546,970088.4,713460.0564
600834.SH,20260311,0.6998,1.2,115.1348,2.4066,7.1987,0.4302,410548.4383,410548.4383
920665.BJ,20260311,2.5757,0.94,50.2393,2.26,5.0257,1.1943,163267.44,80474.015
688676.SH,20260311,4.6658,1.04,67.3009,8.491,6.0848,0.5192,4441516.9562,4441516.9562
300613.SZ,20260311,1.1239,0.74,64.0329,3.5828,6.055,0.28,986172.6396,930170.1243
601022.SH,20260311,1.6574,0.5,18.3505,2.0782,2.0811,2.2385,1251053.4673,1251053.4673
600883.SH,20260311,1.88,0.79,57.8764,2.123,36.9738,0.6803,208229.616,208229.616
001390.SZ,20260311,1.7017,0.56,26.8702,2.8702,4.7017,,455600.0,113900.0
600368.SH,20260311,1.0357,1.05,10.2091,0.9117,4.2104,3.2266,653519.4663,653519.4663
003023.SZ,20260311,5.1088,0.62,31.3668,1.6585,2.1922,1.6414,256717.4792,256133.8518
920476.BJ,20260311,1.6613,1.25,46.2129,4.3346,5.3789,0.6252,194635.843,184058.4478
300165.SZ,20260311,3.7624,1.33,,2.1573,3.952,,275504.5191,233817.2815
002868.SZ,20260311,1.1491,0.6,,100.1188,12.2448,,632542.4566,435500.1913
002527.SZ,20260311,1.4799,0.82,,8.0276,2.681,,1004537.8559,801859.6969
002133.SZ,20260311,1.5795,0.8,,0.9983,0.5573,1.3195,289529.9215,287931.4552
920395.BJ,20260311,0.7741,1.24,42.069,7.2296,10.2211,1.5913,173032.1883,117102.4238
001338.SZ,20260311,1.3445,0.74,19.7599,1.7656,1.5684,2.2901,657267.3925,657267.3925
002457.SZ,20260311,8.1014,1.63,20.9067,1.743,1.6183,1.2295,429864.4852,429651.6056
000510.SZ,20260311,8.792,0.93,,9.8989,6.8557,,1221856.1217,1142956.5152
601231.SH,20260311,1.6778,0.7,51.8054,4.3592,1.6221,0.5245,9601813.3085,9601813.3085
600207.SH,20260311,2.613,0.78,,2.6372,1.8914,,630711.9688,630711.9688
600226.SH,20260311,1.8119,0.86,87.0206,4.5929,9.8309,,1659704.723,1659704.723
688161.SH,20260311,0.9416,1.59,48.23,3.1036,8.355,0.8341,1286000.0,1286000.0
301381.SZ,20260311,1.3003,0.72,35.9415,3.0847,0.704,1.2285,821037.437,397777.787
603856.SH,20260311,2.0945,0.97,22.7942,1.4728,1.9714,1.5368,398263.1567,398263.1567
301090.SZ,20260311,1.4606,1.08,,1.8891,0.808,,1185331.4479,1184095.2658
002152.SZ,20260311,0.8349,0.79,38.5157,2.6816,2.7327,2.7861,3297932.4885,3296273.5709
002369.SZ,20260311,1.5247,0.78,,14.6141,2.6163,,452998.0677,452406.1102
688109.SH,20260311,2.1328,1.86,215.5132,12.6578,23.2988,0.5193,1019194.4121,1019194.4121
600679.SH,20260311,0.6966,0.9,,2.9405,2.8667,,629174.2878,419650.6878
603260.SH,20260311,0.7493,1.1,,1.8023,2.6799,0.9145,5769169.8721,5769169.8721
300970.SZ,20260311,5.1481,0.89,823.1466,2.0591,2.7274,,317557.569,246402.5741
601339.SH,20260311,1.4683,1.36,20.9056,1.2471,1.5072,5.3735,1144171.147,1144171.147
002019.SZ,20260311,2.606,1.05,40.2802,1.8581,3.1409,0.7413,1640910.2247,1135148.5339
301633.SZ,20260311,1.1037,0.55,46.7211,4.0775,6.3197,1.4948,372499.2,170666.195
600439.SH,20260311,0.7833,0.7,,1.173,2.4404,,309032.0251,309032.0251
002304.SZ,20260311,0.302,0.87,37.3467,1.5917,3.9741,4.5157,7729569.6747,7729387.2676
300771.SZ,20260311,2.1197,0.79,48.5357,1.8406,6.3889,0.9714,362880.0,273973.0967
688639.SH,20260311,3.227,1.44,65.6569,3.2472,2.9763,0.7266,858897.2898,858897.2898
920478.BJ,20260311,1.6641,1.3,27.8199,2.7219,4.8672,1.606,140022.7773,84040.0774
002559.SZ,20260311,8.461,1.67,77.84,3.3099,2.7211,0.6963,585499.7506,536835.8908
600421.SH,20260311,1.981,1.47,,246.2323,10.1467,,151785.6,151785.6
002897.SZ,20260311,15.4311,1.18,85.6347,5.0522,2.1968,0.1399,1387410.2606,1305434.8242
300150.SZ,20260311,2.2749,0.69,80.9403,2.214,3.9966,,348723.2076,274293.0463
603101.SH,20260311,0.8026,0.88,46.2249,2.8845,1.6834,0.5685,409248.0,409248.0
002095.SZ,20260311,1.7182,0.58,,5.1419,7.6929,0.2775,455401.44,453578.5638
301237.SZ,20260311,1.3671,0.92,,3.9327,8.731,0.152,514480.0,423561.7375
600879.SH,20260311,4.1646,0.76,437.2315,4.1157,6.1532,0.1931,8541885.9757,8541885.9757
300461.SZ,20260311,4.4421,0.79,,16.6857,49.5886,,887370.3098,811923.4021
603836.SH,20260311,2.1388,0.87,84.9193,1.6272,0.3134,1.0511,288150.2727,288150.2727
300316.SZ,20260311,3.0846,1.18,139.1357,3.5956,5.5171,0.8335,6273976.4214,5900382.0795
600808.SH,20260311,0.8865,0.72,,1.3476,0.4163,,3241986.7793,2512423.2493
605288.SH,20260311,1.4334,0.8,179.035,3.5758,5.7994,0.3317,793657.9248,788333.7818
301449.SZ,20260311,4.9183,0.9,41.2742,4.3783,5.7267,,498326.0923,106311.2273
688391.SH,20260311,0.8863,0.79,85.9825,1.9826,6.8424,1.8743,368580.992,368580.992
002051.SZ,20260311,1.985,0.94,36.6346,0.9671,0.987,1.3736,1126042.1327,1125977.3225
301369.SZ,20260311,2.8273,0.99,510.7186,6.703,31.3326,0.2866,999771.0881,515123.8961
688363.SH,20260311,0.5458,0.97,74.9311,3.0789,5.1722,0.2413,2181039.0798,2181039.0798
600877.SH,20260311,1.4654,0.78,1094.1936,8.6921,22.3157,,2147883.9185,2147883.9185
300656.SZ,20260311,2.7675,0.62,,4.1766,10.9458,,409160.0472,317758.8598
300477.SZ,20260311,4.3756,1.14,,3.1743,1.9609,,313029.4566,289328.3632
301161.SZ,20260311,1.7463,0.75,56.5885,4.4571,5.3294,0.2454,410760.0,410760.0
300893.SZ,20260311,0.8786,0.77,32.1705,5.5274,4.2907,0.4229,1070401.865,567725.8276
300853.SZ,20260311,3.0268,1.11,,5.5062,14.9941,,335925.4437,252049.2416
301516.SZ,20260311,24.5263,1.72,,4.2193,6.6196,,544561.4047,136140.3517
688301.SH,20260311,1.073,0.74,38.5729,4.3087,11.0952,0.5602,2550710.9638,2417427.118
603886.SH,20260311,0.7319,0.6,24.5457,1.9997,1.5836,7.734,310320.0,310320.0
001324.SZ,20260311,5.3028,1.47,56.9874,2.4199,5.8814,0.6656,274344.0,162327.3568
605099.SH,20260311,1.0583,1.31,28.0759,5.9128,5.6104,1.4467,1776775.1622,1771979.7926
000019.SZ,20260311,3.3252,0.47,26.4788,1.721,1.5636,2.0134,858638.7642,310081.2232
605177.SH,20260311,1.4824,0.78,,1.5138,3.0946,,257330.6849,252525.9479
002315.SZ,20260311,2.2046,0.77,27.3986,5.0378,7.1935,2.6412,1381244.9736,880880.6464
603097.SH,20260311,4.0998,0.81,67.0235,6.2472,3.4374,0.4846,678614.4207,657453.0707
600763.SH,20260311,1.2946,0.61,40.3694,4.8017,7.1164,0.965,2085709.1526,2085709.1526
603000.SH,20260311,2.8674,1.13,126.2545,6.4193,11.5044,0.6191,2357333.3314,2357333.3314
603801.SH,20260311,0.8321,0.82,14.2158,1.2529,0.8927,6.3007,415674.2869,415674.2869
300095.SZ,20260311,3.4651,0.9,,2.7287,3.382,0.872,455797.8279,367518.8807
603060.SH,20260311,0.662,0.73,46.9906,2.781,2.1092,1.6691,549105.1465,549105.1465
600422.SH,20260311,0.7354,0.99,26.4337,1.7251,1.4065,2.455,925024.3751,925024.3751
603320.SH,20260311,3.2485,1.46,49.2317,3.171,3.6238,0.5654,369285.9986,369285.9986
002451.SZ,20260311,12.4541,1.32,389.7499,6.6238,3.1783,0.0856,513380.55,511608.585
300471.SZ,20260311,7.6344,0.67,1060.7594,4.7664,6.9248,,747082.2236,582445.5347
000677.SZ,20260311,7.5203,1.28,543.6569,7.8943,3.7737,,400885.7679,400885.7679
002483.SZ,20260311,1.5489,0.92,15.6906,1.625,0.9171,3.7313,712720.6041,711741.6424
300516.SZ,20260311,2.6912,0.96,353.6069,8.8683,18.7363,0.1078,1151820.0,1151820.0
002267.SZ,20260311,2.0108,0.46,13.1978,1.3535,1.003,4.3695,890772.4314,890772.4314
000698.SZ,20260311,1.7108,0.98,31.5255,2.3021,0.6278,,340098.4739,326071.4739
300184.SZ,20260311,7.0091,1.86,83.3783,3.1486,1.4774,,1284551.8482,1167567.4807
301330.SZ,20260311,3.9667,1.67,47.6798,2.6762,4.5856,1.074,908692.3346,750275.547
601002.SH,20260311,1.6082,0.92,25.1863,1.2537,2.2417,1.7921,532577.9218,532577.9218
688121.SH,20260311,3.3652,0.96,40.9019,1.1795,1.369,,298792.3098,259210.6671
002047.SZ,20260311,3.1029,1.64,,,7.3699,,826355.5377,826313.583
300210.SZ,20260311,1.41,0.88,,10.9305,12.8231,,451292.9962,450860.5435
688237.SH,20260311,1.078,0.81,350.1846,3.6666,11.4058,0.6773,443477.2526,443477.2526
000821.SZ,20260311,3.794,0.97,31.6112,2.0695,1.1818,0.4916,886973.6839,861022.6879
002782.SZ,20260311,4.7122,1.28,46.0202,6.6581,2.5902,0.5131,1427384.4294,1400150.4536
920116.BJ,20260311,1.1978,0.7,162.1735,27.8554,50.3365,0.104,1635137.35,1570663.15
000567.SZ,20260311,0.4607,0.65,,2.0262,23.592,,1092617.0146,1089995.3141
300402.SZ,20260311,2.6691,1.05,91.2703,3.6746,3.9197,0.4034,550589.5988,543512.8668
002849.SZ,20260311,5.0131,0.83,110.4717,3.1478,2.675,0.2049,430677.5992,377843.4086
002358.SZ,20260311,7.4909,0.51,81.9952,2.4873,2.8536,0.2227,834921.7653,834920.6204
300141.SZ,20260311,4.4821,0.69,,6.1584,9.4882,,407394.468,402487.2408
600010.SH,20260311,3.9572,0.84,132.2495,2.5741,2.0218,0.0676,13405431.327,9288716.293
600861.SH,20260311,0.7145,0.85,8.288,1.3424,0.2197,4.1263,958994.9443,620977.7925
300560.SZ,20260311,4.9619,1.44,,3.8765,3.7391,,376090.3092,306061.353
601958.SH,20260311,1.4542,0.74,23.4289,3.9495,5.3143,1.7279,7469589.186,7469589.186
000701.SZ,20260311,2.0795,0.83,,,0.1134,,413685.8126,413335.1646
601208.SH,20260311,6.4135,1.13,142.0507,5.5307,6.4354,0.5869,3235615.9664,3235615.9664
601026.SH,20260311,5.6608,0.57,66.1926,5.4631,3.6568,0.7099,1393312.2,226479.1919
002425.SZ,20260311,1.4556,0.93,,1.1777,6.2198,,340572.7635,340357.6797
688271.SH,20260311,0.4195,0.75,53.7855,4.7029,7.3467,0.1696,10153626.4122,10153626.4122
600592.SH,20260311,1.4145,0.87,117.3239,3.5363,6.1018,0.3776,899395.0883,899395.0883
600997.SH,20260311,1.9392,0.81,29.7046,0.7464,0.5656,3.9394,1047947.9017,1047947.9017
603176.SH,20260311,0.9113,0.82,,2.5559,1.1424,0.3938,277063.2025,269238.7595
600216.SH,20260311,6.1853,1.18,13.6747,1.5388,1.8991,2.0707,1701137.1798,1683007.9813
600419.SH,20260311,0.9889,0.79,281.9692,1.2791,1.1162,0.218,303837.9414,303837.9414
603758.SH,20260311,1.4714,1.38,34.9422,2.4292,4.4023,,615632.2597,615632.2597
688648.SH,20260311,6.8536,1.5,14.1078,4.06,6.4089,,887944.0,453954.3448
300403.SZ,20260311,2.0376,0.85,35.0,3.6743,6.6926,0.7675,785709.0,556463.8617
301105.SZ,20260311,7.3564,1.25,,3.3551,15.5969,,280000.0,92049.9832
301611.SZ,20260311,5.6782,0.94,155.2675,29.6439,49.4512,0.0852,5119076.0,1721027.3398
000885.SZ,20260311,1.86,1.73,7.7405,1.0058,1.3589,2.4808,921382.2959,921382.2959
605098.SH,20260311,1.6808,0.75,22.344,7.1276,8.2055,4.1582,645267.7021,645267.7021
301568.SZ,20260311,19.8324,1.54,61.3871,6.2535,14.2049,0.9108,630702.3072,290736.8909
301095.SZ,20260311,2.9945,0.76,139.5146,4.8741,22.2446,0.3223,1528745.5447,1331991.5891
002400.SZ,20260311,4.2039,0.85,156.375,3.3235,0.7657,0.3056,1654426.9345,1638130.2225
600984.SH,20260311,3.3673,1.28,,2.6514,2.2605,,573212.0298,573212.0298
002077.SZ,20260311,1.9326,0.72,211.9093,2.8072,25.6895,,941325.2881,941325.2881
300256.SZ,20260311,0.9773,0.86,,9.2639,5.5245,,859721.0933,850246.0933
002187.SZ,20260311,1.5135,0.94,,1.1902,1.132,0.5866,480112.8236,480112.8236
002895.SZ,20260311,2.418,1.21,19.8427,3.3552,3.2031,3.3844,2478064.7333,2433044.0211
603129.SH,20260311,1.3414,1.16,21.6731,5.4339,2.1173,1.5009,3913769.6336,3913769.6336
300469.SZ,20260311,6.0208,1.86,,46.8313,65.6832,,1784588.9057,1784543.8307
300532.SZ,20260311,1.4921,0.94,23.4168,2.9689,2.5913,2.5755,528035.4781,502158.727
002154.SZ,20260311,1.2048,0.91,18.0765,1.2587,1.1195,1.2788,570599.488,461291.078
600198.SH,20260311,1.8197,1.25,173.0138,43.4563,11.3999,,1191493.6365,1189982.1209
600556.SH,20260311,2.7907,0.91,540.7787,3.0549,3.1288,0.1323,1175035.9673,1175035.9673
603995.SH,20260311,0.9934,0.76,10.4315,1.2247,0.1648,4.1546,700158.2689,700158.2689
301617.SZ,20260311,3.0257,1.03,49.7508,5.1431,6.2299,0.6627,868660.0,344760.0
300475.SZ,20260311,6.3409,0.76,281.3873,21.5556,2.1343,0.0587,7290803.4839,6984890.8859
920926.BJ,20260311,0.8947,1.3,48.2141,5.1076,3.0029,1.707,141820.5879,128692.7183
300253.SZ,20260311,2.5272,0.73,,3.8012,9.9072,0.1538,2144632.0246,1766364.6598
000985.SZ,20260311,3.3382,0.6,,4.3129,1.399,0.3177,265242.417,265242.417
002137.SZ,20260311,9.0431,2.3,,3.4684,8.3559,,524374.4074,359984.5277
603183.SH,20260311,1.9887,0.79,59.9955,1.5258,2.8922,0.5123,242610.7865,242610.7865
000498.SZ,20260311,1.3433,1.18,4.2091,0.6058,0.1368,3.3029,957856.139,894246.9898
603115.SH,20260311,6.5239,1.17,38.1707,3.7704,3.4915,1.8432,778645.1976,778645.1976
000555.SZ,20260311,5.1652,0.82,,3.2822,1.5162,,1818843.5506,1811628.2396
603986.SH,20260311,3.2418,0.83,145.8133,8.5573,23.1179,0.12,19738137.303,18801834.2603
301058.SZ,20260311,2.1039,0.7,23.6718,2.5579,1.8424,1.3736,559403.4755,559403.4755
600587.SH,20260311,1.3444,1.1,18.3214,1.2027,0.9738,3.2533,932412.6718,932412.6718
688058.SH,20260311,2.2475,0.97,,3.7237,10.5083,,242070.2484,242070.2484
000737.SZ,20260311,2.6214,0.83,40.415,4.586,1.1787,0.6862,3053260.4453,3052974.6705
605208.SH,20260311,2.433,1.15,85.1342,2.0269,0.7851,0.2918,440469.9,440469.9
300345.SZ,20260311,5.8094,0.71,,8.4233,4.4419,,439234.1426,362865.9008
301168.SZ,20260311,2.2104,1.24,108.0047,2.2623,3.3335,0.1509,489000.0,388401.8442
688293.SH,20260311,0.6168,0.51,152.5561,2.4282,17.9237,0.7675,636136.2392,556808.1934
300342.SZ,20260311,5.2349,0.87,305.343,11.5673,20.6829,0.1523,1813624.8272,1787014.7484
300964.SZ,20260311,14.8033,2.12,144.2526,5.0526,6.5844,0.3007,514188.1852,372058.5598
688184.SH,20260311,0.8379,0.56,,1.643,2.6405,,177815.1207,112345.0407
301043.SZ,20260311,2.0561,1.14,43.4042,4.4541,6.3249,2.6584,373456.0,311658.643
300828.SZ,20260311,5.9545,0.94,77.6544,4.5291,5.6545,,352648.218,264320.2246
301448.SZ,20260311,1.8364,0.9,873.6462,6.5594,5.8699,0.4869,448524.8,207035.36
301000.SZ,20260311,1.1439,0.93,57.4451,6.6616,9.9998,0.585,828697.4227,782266.9267
301061.SZ,20260311,0.6034,0.99,20.2763,4.5795,5.745,1.0436,1844427.9578,1225339.0039
300601.SZ,20260311,0.8153,0.89,,1.7246,5.8187,0.6406,1569286.3058,1265025.4068
600418.SH,20260311,1.1526,0.79,,8.5213,2.8018,,11426429.2705,11070745.6306
000030.SZ,20260311,0.6114,0.71,13.7668,1.1354,0.541,2.8245,925258.2346,898947.6674
600557.SH,20260311,0.6304,0.84,33.9417,1.6873,2.5407,,795453.1224,795453.1224
920075.BJ,20260311,2.0277,0.88,69.5718,4.0223,3.1199,1.8612,161000.46,86639.0982
000520.SZ,20260311,2.7812,0.51,,11.0316,6.5269,,444304.6367,444304.6367
002884.SZ,20260311,2.5252,2.45,14.2838,2.8647,3.9082,5.3996,662428.0067,505730.2478
601012.SH,20260311,3.0508,1.47,,2.5018,1.901,,14239182.7051,14239168.5261
300472.SZ,20260311,1.7211,1.24,,,,,202865.6037,195188.0904
605069.SH,20260311,3.148,0.95,,3.4141,8.9563,,290661.0492,290661.0492
603678.SH,20260311,2.297,0.71,64.2216,3.0629,5.5409,0.5615,1855185.4275,1855185.4275
300136.SZ,20260311,6.4864,0.89,107.9526,8.6441,7.5325,0.0717,6637520.8567,5656535.9724
300449.SZ,20260311,5.6593,0.77,,10.6557,18.2178,,330832.8426,330832.8426
600383.SH,20260311,1.2069,0.84,,0.2575,0.2409,,1404035.4909,1404035.4909
002636.SZ,20260311,8.5475,2.27,188.3429,5.9768,4.7849,0.2972,2082080.0,2071542.0926
300303.SZ,20260311,26.1317,1.04,47.9859,4.12,4.5061,1.1835,1545734.83,1450155.0027
000863.SZ,20260311,2.5064,1.15,,1.5412,8.4037,,693070.6417,683042.2504
301589.SZ,20260311,2.065,1.01,28.5747,4.3111,4.9672,0.6641,1650751.488,615406.3258
600683.SH,20260311,7.921,2.03,,,6.5387,,552620.0874,552620.0874
603859.SH,20260311,2.4427,0.93,43.4792,3.4092,6.6572,0.047,1039965.2293,1039965.2293
000728.SZ,20260311,0.4826,0.74,12.9814,0.9384,4.4964,2.25,3491022.3128,3491022.3128
603375.SH,20260311,2.1762,1.15,169.4067,2.4798,7.7389,0.2568,391996.0013,248362.9375
920642.BJ,20260311,1.898,0.58,,6.6992,16.3705,0.3491,147419.1353,142138.6805
688244.SH,20260311,2.1057,1.56,,3.4976,11.5363,0.1486,341474.956,341474.956
002738.SZ,20260311,3.1819,1.13,136.0517,4.7048,8.5474,0.6382,5652167.3644,5570300.623
688009.SH,20260311,0.9329,1.34,18.3967,1.4234,1.9422,2.673,6735124.884,5482967.448
000420.SZ,20260311,5.8693,2.26,,2.535,2.1967,,1121243.9644,1120862.2012
920553.BJ,20260311,5.82,3.13,60.9972,4.1117,3.1883,0.7843,146564.2692,93702.5224
688690.SH,20260311,0.7085,0.74,76.0368,5.4229,11.184,0.2441,1034169.6132,1034169.6132
603284.SH,20260311,11.4364,1.04,26.647,1.7689,1.4501,,367948.8092,90131.7332
300995.SZ,20260311,3.0756,1.37,207.1445,5.3173,9.109,0.5736,329519.1038,235118.5158
300470.SZ,20260311,1.6727,0.81,20.2453,3.0246,4.7414,2.5694,809387.0804,767929.294
002654.SZ,20260311,17.4298,3.01,237.3085,8.6744,2.4515,,1357555.8857,1357459.5257
688573.SH,20260311,4.2636,1.05,,7.1297,8.2855,,216819.2326,118033.5871
603706.SH,20260311,1.1461,0.4,18.3641,2.3678,2.65,4.3373,392969.1316,392969.1316
600513.SH,20260311,5.0358,0.82,,4.9478,2.5422,0.3846,660545.8088,660545.8088
300672.SZ,20260311,3.9022,0.99,882.0206,7.4872,15.6398,0.2127,3046381.6065,2951458.0592
603979.SH,20260311,1.546,0.94,18.2933,3.9322,3.1806,0.6839,4104528.2379,4104528.2379
300603.SZ,20260311,7.0671,0.87,,3.6723,6.1809,,515461.2382,414689.7052
600885.SH,20260311,2.0555,0.91,26.6025,4.0272,3.0171,1.1022,4871826.8973,4871826.8973
600071.SH,20260311,0.7626,0.59,91.9221,11.4613,3.5792,,577508.0463,577508.0463
601599.SH,20260311,2.9123,0.98,39.7862,3.1558,1.4942,,479304.0331,479304.0331
603043.SH,20260311,0.5688,0.64,19.3833,2.4197,1.7575,3.481,945865.8487,937858.5037
301227.SZ,20260311,4.4283,0.84,,2.2181,5.7892,,363780.51,129631.4135
603188.SH,20260311,2.782,0.76,,4.1464,4.4032,,318154.86,318154.86
300032.SZ,20260311,8.1009,0.9,,6.9535,2.9194,,480295.4256,480295.4256
688755.SH,20260311,1.0093,0.59,59.058,2.8317,4.7871,0.2501,351912.0,70382.4
603978.SH,20260311,4.0404,1.69,,3.4916,1.7396,,528157.9361,528157.9361
002272.SZ,20260311,27.362,0.82,,6.7221,6.0495,,1003211.1337,799653.7025
601668.SH,20260311,1.1546,1.44,4.7457,0.4396,0.1,5.2924,21197360.2978,21197360.2978
002297.SZ,20260311,6.9881,0.95,,3.4401,7.9157,,723831.3864,723831.3864
601163.SH,20260311,0.8701,1.17,13.3996,0.8809,1.2247,3.5099,1208000.0,1208000.0
688031.SH,20260311,5.793,0.6,,33.933,65.3981,,2926764.8665,2926764.8665
000417.SZ,20260311,1.4249,0.75,37.506,1.2282,0.8492,1.4845,577894.1922,577259.3412
688143.SH,20260311,9.0488,1.16,334.6035,5.7692,19.5383,0.0767,777578.4825,738896.7842
003032.SZ,20260311,2.049,1.51,,2.1736,8.1593,,272456.9575,187000.8621
600020.SH,20260311,0.7359,1.14,9.1128,0.7808,1.2978,4.1162,928164.5666,928164.5666
300782.SZ,20260311,2.5952,0.75,,4.5483,12.0811,0.1211,4501547.0112,3772002.8808
000636.SZ,20260311,7.1157,0.93,90.1433,2.1666,4.9448,0.6357,2707410.9137,2707410.9137
000826.SZ,20260311,4.1612,0.49,,84.3441,0.7282,,353487.6055,353442.8938
920392.BJ,20260311,1.9444,1.32,86.7851,5.2379,2.4204,0.3267,178624.52,85297.9256
688290.SH,20260311,0.6423,0.77,,4.2372,26.4365,0.2217,527503.3037,527503.3037
688288.SH,20260311,1.435,0.88,95.2484,3.7047,4.0165,,280276.8808,280276.8808
605599.SH,20260311,0.5065,0.51,23.6092,4.6025,0.7557,2.9221,1916444.4992,1916444.4992
603082.SH,20260311,4.582,0.74,38.3674,3.9937,3.1659,1.4781,636580.8787,159145.2756
688758.SH,20260311,0.9172,0.87,62.9991,5.8892,19.7621,0.3504,796279.3286,570127.1809
689009.SH,20260311,1.1177,0.88,19.5724,4.9925,1.6103,3.206,3434066.3016,2640485.2573
002469.SZ,20260311,5.484,1.0,22.8892,2.3574,2.2069,4.1973,618366.0864,599336.8502
600999.SH,20260311,0.4021,0.81,11.3976,1.159,5.6301,3.0769,14018801.2113,11964272.4985
002936.SZ,20260311,0.8025,0.59,9.0889,0.3796,1.3125,1.0471,1736589.4494,1342595.7058
300430.SZ,20260311,4.6543,1.22,85.4305,2.4767,7.1192,0.2169,566572.1017,539197.4837
301062.SZ,20260311,2.8639,1.02,,2.6852,3.2281,1.0067,386455.8052,278578.6963
300463.SZ,20260311,1.0312,0.84,,1.1021,3.1561,0.9077,697180.6175,567045.5845
601177.SH,20260311,0.985,0.78,25.4116,2.3576,2.7542,0.372,658063.675,645296.78
600671.SH,20260311,3.0267,1.1,79.2385,39.4453,10.4421,,262677.0549,262551.1897
603985.SH,20260311,4.3577,0.99,,2.5119,2.1362,,808974.4355,808974.4355
000403.SZ,20260311,0.8944,0.8,24.4149,1.7028,5.7361,1.8723,1366671.4411,1352741.1698
300620.SZ,20260311,6.5051,1.0,318.5016,19.4005,32.0146,0.0619,4028501.871,3994989.9434
601880.SH,20260311,1.0476,1.03,27.3676,1.0155,3.5533,1.3736,4101487.4951,3203870.9112
920670.BJ,20260311,4.6503,0.79,247.4198,8.1128,20.3191,,202489.8368,127098.5388
300836.SZ,20260311,3.4077,1.12,91.7403,9.6449,9.0386,0.3474,549903.7241,375023.9629
300348.SZ,20260311,1.9913,0.78,3428.0642,5.2002,6.148,0.0516,1100578.8374,962336.1112
002210.SZ,20260311,1.939,1.01,858.0057,8.3498,42.9208,,795708.5994,794220.7455
300381.SZ,20260311,1.2929,0.82,528.2857,1.3259,4.1313,1.3989,343251.9612,342049.201
002748.SZ,20260311,3.9913,0.71,72.766,2.2842,1.542,0.3826,313680.0,313680.0
300918.SZ,20260311,0.9521,0.6,43.7189,2.1243,4.7823,1.0518,802729.2012,802729.2012
002395.SZ,20260311,1.1726,0.67,8.9423,3.4026,1.9676,0.7866,511474.563,511431.6193
300843.SZ,20260311,12.954,2.39,85.7055,6.3837,6.2879,0.3724,1011041.2339,970189.1925
300684.SZ,20260311,6.1272,1.23,51.9672,7.9644,9.433,1.1611,1668266.3721,1137967.8882
603667.SH,20260311,6.7138,1.07,301.2916,9.2549,7.9954,0.1593,2760436.4803,2760436.4803
688779.SH,20260311,3.7966,1.63,105.3272,3.5829,2.5716,,2401878.0833,2401878.0833
300267.SZ,20260311,4.1886,0.83,,1.9013,6.5786,,849793.2064,586025.4591
300553.SZ,20260311,2.5379,1.12,118.1053,5.1702,12.9787,,439979.5559,333904.2374
601933.SH,20260311,0.9857,0.73,,10.0321,0.6676,,3702615.0931,3702615.0931
920942.BJ,20260311,4.2617,0.63,86.7357,3.7139,10.4331,0.4967,185207.842,124956.583
601658.SH,20260311,0.2067,0.9,6.9257,0.6047,1.7088,4.2368,60407811.9065,33762564.7856
002819.SZ,20260311,2.9789,2.03,,2.1322,2.8393,0.0834,857184.4961,672561.8201
688718.SH,20260311,1.4382,0.84,61.6156,3.5612,6.7642,0.7058,284088.426,284088.426
603306.SH,20260311,4.3888,0.98,115.4821,9.4476,11.9265,0.0977,2930851.9141,2930851.9141
002424.SZ,20260311,2.0033,1.14,3373.8784,2.2957,2.377,,749112.7424,650282.9784
603328.SH,20260311,3.0779,1.22,27.1679,2.9442,3.1576,1.5554,1271017.4438,1271017.4438
000069.SZ,20260311,0.5662,0.69,,0.4239,0.462,,1945137.4488,1669461.631
601360.SH,20260311,3.4877,1.52,,2.9927,10.4494,1.5936,8784445.1381,8784445.1381
600109.SH,20260311,0.5244,0.8,13.1942,0.9374,3.8336,1.3524,3268131.8506,3268131.8506
001203.SZ,20260311,2.9353,1.3,85.6344,8.7252,14.974,0.5071,5825705.653,4998202.2934
000955.SZ,20260311,2.5872,1.12,,4.4678,6.2575,,289656.51,289503.9736
600527.SH,20260311,3.7047,1.02,149.4205,2.0212,7.8138,2.0565,417354.3774,417354.3774
002719.SZ,20260311,3.3148,0.8,,8.7357,2.6991,,167870.4365,156034.0956
688772.SH,20260311,3.7036,1.54,40.9122,2.7082,1.3416,1.7425,1931508.811,1931508.811
301209.SZ,20260311,0.9632,1.13,173.5538,13.5883,19.5894,0.1543,1037232.0,886120.263
000008.SZ,20260311,1.4305,0.92,,2.6967,3.7131,,790465.9058,790442.413
300134.SZ,20260311,2.1641,1.4,,2.3048,3.7246,,878017.7189,815006.1989
301138.SZ,20260311,1.8649,0.91,39.6702,4.1993,6.3058,1.5377,468240.0,267521.6663
603323.SH,20260311,1.1561,0.77,4.9303,0.5308,2.4034,5.0829,1007252.1771,1007252.1771
300528.SZ,20260311,2.92,0.99,,12.0153,8.8402,,634924.124,634924.124
000691.SZ,20260311,1.2536,0.61,,,9.358,,418473.015,278982.01
002551.SZ,20260311,1.6041,0.73,,1.2363,2.6724,0.2108,320442.4451,231639.7676
301361.SZ,20260311,49.7229,2.25,58.7886,4.8415,20.5108,0.3365,580865.648,152006.892
000096.SZ,20260311,5.1656,0.63,97.8318,2.1257,4.0199,0.6667,594000.0,574704.0
300698.SZ,20260311,2.2193,0.96,119.3166,9.9115,6.9666,,510272.0,451422.9509
688602.SH,20260311,1.7832,0.64,,1.5772,5.5602,,429003.75,214426.429
600712.SH,20260311,0.9771,0.8,,4.2985,5.8937,,342588.2214,338809.8254
300167.SZ,20260311,2.6311,0.59,194.9904,91.5918,5.5634,,263216.824,242611.837
600773.SH,20260311,4.6306,1.06,334.8038,3.4828,9.1526,0.0579,1644342.1027,1644342.1027
920790.BJ,20260311,1.0893,0.74,315.5806,7.8309,12.8645,0.9684,244639.828,168373.0719
605398.SH,20260311,4.1744,1.29,773.8802,5.0289,9.8986,0.0464,517926.2344,517926.2344
603855.SH,20260311,0.5397,0.61,15.3574,3.2326,1.7666,4.9903,676372.044,672407.13
002824.SZ,20260311,3.9101,1.03,51.2944,2.8355,1.7044,0.7391,641961.9428,390228.7929
603278.SH,20260311,1.643,0.71,,1.998,0.7961,,400883.7668,400883.7668
300246.SZ,20260311,14.5268,2.82,,3.8815,4.2491,0.2942,444536.6923,354999.839
300314.SZ,20260311,2.243,0.78,60.8244,3.3229,7.836,0.6188,404928.0,202100.4759
688569.SH,20260311,0.5858,0.96,26.8142,1.5583,3.6014,1.6055,459253.406,459253.406
603325.SH,20260311,1.7697,0.92,13.6756,2.3181,4.0193,1.594,614830.74,262697.892
600805.SH,20260311,1.4987,0.64,60.8092,1.1008,1.6857,1.4414,472246.4442,471902.8292
688246.SH,20260311,1.9343,0.96,,2.4083,7.6915,,313557.5778,313557.5778
603766.SH,20260311,1.0928,0.85,17.3698,3.2818,1.6312,3.9422,3125490.6957,3125490.6957
300841.SZ,20260311,1.4939,0.99,45.2734,2.3479,6.7957,1.5783,823343.5521,753535.8864
002801.SZ,20260311,1.7485,1.07,28.7124,4.3608,5.3607,1.4191,801874.944,404383.0284
920806.BJ,20260311,0.3914,0.59,50.6352,2.5018,2.4438,0.7782,386446.6171,386446.6171
300839.SZ,20260311,7.3128,0.67,,5.6549,1.5212,,425927.4023,418310.9983
002731.SZ,20260311,8.1837,0.81,7.5207,1.1011,0.4581,1.1194,205949.424,184643.7456
300883.SZ,20260311,3.5711,1.3,,1.7304,2.7698,,246006.0,235109.6228
002102.SZ,20260311,3.2795,1.63,,2.6145,0.856,,866469.3765,760513.3319
603131.SH,20260311,2.3546,0.99,,5.0303,8.1564,0.0474,804534.4414,804534.4414
920570.BJ,20260311,6.1213,2.31,178.7391,5.0517,14.5351,0.2587,176296.751,85535.4125
000975.SZ,20260311,1.5055,0.86,30.9754,6.1703,5.3834,1.1011,9204834.3085,8378438.5419
002037.SZ,20260311,0.9684,0.73,,2.2966,0.6289,,431140.2573,431140.2573
600289.SH,20260311,2.8945,1.43,,4.7142,16.4496,,526928.4776,472545.4411
300395.SZ,20260311,6.0254,0.91,142.7064,12.9605,32.5895,0.1147,5897968.8312,5777832.271
601607.SH,20260311,0.2212,0.66,11.2983,0.8466,0.2272,2.3837,6378382.3115,4797436.9086
002458.SZ,20260311,1.5188,0.84,46.4556,2.5973,3.6177,2.4858,1092029.5471,739133.4168
600882.SH,20260311,0.5193,0.57,52.1236,2.3064,2.0475,,1066012.1222,1066012.1222
001283.SZ,20260311,3.3703,1.31,34.4002,1.8816,1.1367,0.5497,649729.8786,518407.4032
000718.SZ,20260311,0.9162,0.75,,0.7411,4.4393,3.0973,685827.8228,515753.0456
002141.SZ,20260311,2.4861,0.74,,5.079,3.1861,,422470.7414,416759.0879
920174.BJ,20260311,1.0098,0.74,47.1786,3.012,6.7042,,939198.178,376713.2865
600500.SH,20260311,2.6699,1.47,,1.5142,0.3497,,1718798.7191,1718798.7191
300542.SZ,20260311,1.6587,1.21,,9.5085,3.8705,,514717.2659,426972.0533
000423.SZ,20260311,0.5961,0.66,20.0999,3.3921,5.3075,4.8454,3374438.5578,3368535.5353
300015.SZ,20260311,0.5578,0.95,29.8097,4.424,4.3292,2.3248,9595833.1734,8186063.3028
300699.SZ,20260311,3.8461,1.54,53.6749,5.6792,11.293,1.2778,3228139.816,3189663.3593
600460.SH,20260311,1.792,0.76,89.8199,4.0621,3.7984,0.1372,4850769.4282,4850769.4282
002389.SZ,20260311,7.2789,0.49,282.3694,3.1126,8.8835,0.2376,2486912.953,2486514.0157
688625.SH,20260311,1.3822,0.97,40.8913,7.6003,11.6588,0.6581,1151582.6154,1151582.6154
000650.SZ,20260311,0.975,0.75,18.577,1.3026,2.2018,2.5381,827363.4963,786849.0279
605058.SH,20260311,1.8487,0.95,32.1053,2.7244,3.5034,1.8051,475079.2098,475079.2098
300809.SZ,20260311,4.9486,2.24,194.2022,5.5888,18.0803,0.3317,917304.8256,544760.4655
002279.SZ,20260311,3.4874,0.82,176.2175,5.4798,2.6413,,767364.1152,702857.3406
002957.SZ,20260311,6.5321,0.86,53.3717,3.69,4.8209,0.6008,1181830.6593,1178162.3177
301067.SZ,20260311,2.81,0.78,2518.6512,4.0449,4.193,0.1436,335464.2,220209.705
002131.SZ,20260311,8.3803,0.9,115.042,4.2618,2.8455,0.401,5627348.1022,4861120.5127
002008.SZ,20260311,3.7037,0.8,65.8528,4.3896,4.2922,0.4838,7449180.6569,6921898.2919
002717.SZ,20260311,3.1705,0.83,,3.6899,10.2406,,316720.6391,281044.8122
601211.SH,20260311,0.4183,0.75,12.5452,1.0299,5.3219,2.3434,32084645.0088,24564376.5513
300258.SZ,20260311,5.8601,1.13,65.5034,1.8818,4.3298,0.4634,887516.6676,864524.5529
001255.SZ,20260311,2.8098,0.78,447.6984,4.0672,8.5339,0.0873,359901.7421,293532.336
300978.SZ,20260311,2.6883,1.0,35.6072,3.1924,2.4825,3.26,518656.2608,234626.1805
688786.SH,20260311,2.3567,0.61,57.8929,6.5105,11.536,0.5935,504738.0105,504738.0105
600711.SH,20260311,2.9083,0.96,21.9039,2.6265,1.4753,1.0482,4394849.6255,4394849.6255
603719.SH,20260311,0.5234,0.7,,2.1172,0.7353,2.3336,427867.0,427867.0
300730.SZ,20260311,2.8797,0.88,,12.7366,12.4668,,319267.9658,255954.4606
000100.SZ,20260311,2.1879,0.75,32.8976,1.666,0.5711,0.9736,10150820.8741,9336409.4847
300272.SZ,20260311,2.7336,0.79,50.6526,3.413,2.6814,2.1269,480003.5355,364610.5318
600239.SH,20260311,0.7111,0.6,,2.8919,1.9642,,370913.676,370913.676
000759.SZ,20260311,2.6837,1.05,,3.3785,0.4651,,409402.4986,405226.3235
000539.SZ,20260311,1.7475,1.18,337.2746,1.1672,0.5224,0.3839,2735397.9567,1331356.5744
002818.SZ,20260311,1.0773,0.64,14.2723,1.6094,6.9562,8.7764,886923.8439,353553.2713
000548.SZ,20260311,1.672,0.91,63.6003,1.4146,5.9045,0.8532,292540.4652,292515.9634
301211.SZ,20260311,0.8168,1.09,136.7001,2.2883,12.0016,1.3927,516988.8,516988.8
920368.BJ,20260311,5.9373,1.02,130.0019,2.4135,4.6553,0.346,1017773.2074,968275.0676
002339.SZ,20260311,14.5731,0.71,141.872,3.8202,2.2484,0.1531,658344.5098,625304.4468
300522.SZ,20260311,0.89,0.67,753.8439,4.8147,5.4521,0.3331,387264.2599,315989.8508
301096.SZ,20260311,3.4603,0.92,,2.1799,9.5475,,563617.9454,427181.8436
002611.SZ,20260311,2.1676,0.87,30.5158,3.8084,4.2744,0.7616,2077907.7824,1710751.4858
603528.SH,20260311,0.9817,0.93,,3.324,15.337,0.5547,631807.4672,631807.4672
688609.SH,20260311,1.5607,1.19,,5.5818,1.822,,435500.0,435500.0
301041.SZ,20260311,12.4672,2.21,131.2197,4.8523,4.5298,0.3255,323773.8,239524.1394
300067.SZ,20260311,5.3819,0.73,,2.3905,5.9584,0.1934,596811.6548,484679.0631
920527.BJ,20260311,1.5771,1.0,60.585,2.7251,2.9034,0.8301,107056.1341,64711.7331
603329.SH,20260311,0.7547,0.53,78.6768,2.0076,0.6196,0.1687,282307.7766,233006.4668
000700.SZ,20260311,4.0884,0.85,25.8544,3.2155,1.7089,2.51,1195256.0365,1195256.0365
603069.SH,20260311,1.0993,0.84,,7.661,9.0784,,619992.0,619992.0
600976.SH,20260311,0.4929,0.6,14.9543,1.8896,1.5366,2.8293,487960.9466,487642.8466
300947.SZ,20260311,2.6425,1.29,125.4344,2.2028,2.2529,,275221.7444,275112.5482
300846.SZ,20260311,23.4058,0.85,,21.33,14.3715,,1825009.6421,1424128.9563
000007.SZ,20260311,1.834,0.8,86.5149,26.8362,10.8242,,490223.9823,490223.9823
003816.SZ,20260311,0.7217,1.23,23.4609,1.7898,2.6191,2.1739,22067949.8869,17189445.7619
000788.SZ,20260311,1.8019,0.83,25.4401,2.4405,2.0795,3.7194,365340.2915,365340.2915
920931.BJ,20260311,3.8187,0.44,121.7177,3.2831,4.1365,0.7289,128871.96,39480.3976
002632.SZ,20260311,11.412,3.16,42.0367,4.0296,5.6994,1.88,863820.5415,804748.3532
301277.SZ,20260311,0.3596,0.66,39.3284,3.1964,7.2575,2.3023,486569.2944,486569.2944
300142.SZ,20260311,1.1403,0.7,387.1328,1.9786,7.9471,0.3356,1906423.4609,1854685.8905
920508.BJ,20260311,6.1314,0.76,631.0867,7.3769,16.2429,0.6942,144060.0,76606.1259
002332.SZ,20260311,0.8949,0.77,32.8912,1.5274,2.508,4.3956,900176.4281,895962.077
002762.SZ,20260311,1.0846,1.1,,3.101,6.8517,0.7396,239320.9,142891.8214
603232.SH,20260311,9.3089,0.68,630.1947,4.4191,13.7654,0.1969,594568.7753,587501.9873
300025.SZ,20260311,1.9627,0.83,,5.7271,4.9188,,308837.3037,307380.0174
300605.SZ,20260311,3.3508,0.99,,5.3217,6.7992,,258112.3258,186757.4902
300033.SZ,20260311,2.5781,1.1,54.453,18.3872,28.9479,0.9549,17452646.4,10166119.5526
301223.SZ,20260311,1.2309,0.68,23.2665,1.2973,1.2367,1.7443,385096.3546,223358.0296
000655.SZ,20260311,1.6182,0.89,22.3133,1.7755,3.6276,2.0408,612605.0967,612605.0967
605009.SH,20260311,0.3497,0.6,21.5703,1.8884,1.7728,2.0329,639391.0991,639307.8551
688458.SH,20260311,1.8378,0.96,,2.4169,7.9464,,441127.3677,336446.0797
603271.SH,20260311,3.7114,1.4,22.9826,3.2017,0.9718,1.1014,901961.2,433630.9417
600674.SH,20260311,0.9011,0.8,18.0402,1.7506,46.7313,2.5094,7770123.2838,7770123.2838
603198.SH,20260311,0.2887,0.79,13.6524,2.8149,4.5053,4.197,2859200.0,2859200.0
002603.SZ,20260311,0.8991,0.97,,2.7838,4.7219,1.7647,2840199.1392,2340639.4563
002351.SZ,20260311,0.7697,0.7,25.5354,3.6478,3.676,2.1186,1049146.26,614846.9945
603605.SH,20260311,0.509,0.71,17.2089,5.1242,2.4898,2.886,2716395.3463,2716395.3463
600986.SH,20260311,5.3163,0.77,128.0276,3.1058,2.1048,,1622725.1016,1622725.1016
600848.SH,20260311,0.2649,0.71,17.0895,1.3804,2.4773,1.8674,2701583.5813,2563880.0444
603456.SH,20260311,0.7704,0.64,20.6959,1.7088,2.7933,2.9468,1496048.2191,1496048.2191
000988.SZ,20260311,12.5258,0.97,84.5284,12.4363,9.8667,0.1483,13562220.512,13555246.5416
603025.SH,20260311,0.6475,0.89,26.3499,7.0021,6.4211,2.1263,1825730.5539,1813500.7539
600023.SH,20260311,0.6427,0.83,10.1816,0.9967,0.9209,6.1483,7415029.2102,7415029.2102
002683.SZ,20260311,1.2827,0.62,39.7666,5.3778,1.8932,1.3667,3584170.5969,3134418.3629
600212.SH,20260311,1.2864,0.62,176.9319,10.0715,3.7497,,542899.8142,409539.9442
000720.SZ,20260311,9.8519,1.35,,2.3449,3.9513,,552873.8912,552873.8912
000969.SZ,20260311,3.0497,0.81,78.7002,4.366,3.2777,0.8505,2470821.6217,2431370.7002
603585.SH,20260311,2.1343,0.86,33.0778,1.5602,1.4529,,396210.4612,387401.8612
600728.SH,20260311,1.4683,0.75,51.0242,1.7344,1.3342,,1362730.9278,1362730.9278
688362.SH,20260311,2.4303,0.74,203.9431,6.5315,3.8115,,1677233.6606,1677233.6606
300791.SZ,20260311,0.4041,0.62,18.6347,2.6222,1.4457,2.3823,643879.3497,536906.6157
002821.SZ,20260311,0.8227,0.6,34.7129,2.0785,5.7294,1.096,3606223.5752,3167780.3305
601127.SH,20260311,1.7513,1.59,24.4927,4.4125,1.1862,1.2608,17684632.5931,15327308.8233
000516.SZ,20260311,9.4315,2.91,,3.5687,2.8328,,1191093.0726,1172983.5351
000902.SZ,20260311,1.9701,0.78,14.6755,2.0081,1.3871,1.6278,2312474.163,2106148.8055
600746.SH,20260311,1.722,1.03,72.894,1.7586,1.567,0.6006,958799.0078,957353.6069
603773.SH,20260311,9.4241,1.55,,8.342,3.9308,0.1138,974119.8327,973781.6247
301072.SZ,20260311,2.6171,1.22,,3.4795,3.3642,,260829.1808,166708.4288
600004.SH,20260311,0.3451,0.66,17.42,1.1421,3.0155,1.5757,2358178.8072,2165547.2289
300901.SZ,20260311,1.0224,1.07,,4.1609,12.0705,,402960.0,402960.0
600590.SH,20260311,9.6705,0.98,,4.3179,2.9528,,1380796.1253,1365739.0577
601083.SH,20260311,6.7516,0.44,10.4747,1.7533,2.2625,4.0565,1556826.36,233526.36
920370.BJ,20260311,2.0441,0.85,,2.0461,3.0071,,118912.2038,103535.9571
688766.SH,20260311,3.0979,0.73,180.9085,15.577,16.2393,0.1202,3767109.4004,3767109.4004
000099.SZ,20260311,2.9946,0.82,45.8886,2.9884,7.0464,0.9004,1619808.0461,1619808.0461
300014.SZ,20260311,6.2722,3.15,38.0752,3.5037,2.3667,1.0774,14097798.8669,13592713.5318
301335.SZ,20260311,2.7932,0.66,73.4939,1.8321,1.1512,0.6973,351393.8532,140149.9002
920108.BJ,20260311,0.7134,0.48,125.8902,4.2936,4.0231,0.6249,210600.6,89239.436
688652.SH,20260311,3.2466,0.79,124.6335,8.3021,12.8052,0.115,1826328.0,1312673.25
688671.SH,20260311,2.0437,0.77,,1.8253,5.7438,,185775.7174,110840.2907
603316.SH,20260311,7.5337,0.72,,8.1553,8.5698,,431543.112,431543.112
301571.SZ,20260311,4.585,0.92,56.4944,5.6398,10.4386,0.1513,1150478.9221,764098.7399
600468.SH,20260311,9.9645,0.86,,4.869,4.5042,,977874.0536,977874.0536
300217.SZ,20260311,7.093,1.35,44.7411,2.0097,2.4428,0.5604,843924.8327,700589.3134
600864.SH,20260311,1.0192,0.79,21.7835,1.0216,8.2283,0.7692,1352370.838,1352370.838
688056.SH,20260311,1.1012,1.04,67.7436,3.2966,6.6324,1.5019,266774.4793,266774.4793
600626.SH,20260311,1.1608,0.95,70.839,1.8829,0.5621,,604901.0575,507454.2492
002930.SZ,20260311,4.0446,0.98,,2.7115,5.1087,1.4461,632708.4957,598451.6632
688052.SH,20260311,1.5761,0.61,,3.5627,8.4561,,2847861.5587,2495957.9187
000407.SZ,20260311,5.9028,0.45,35.4541,1.4915,1.1132,1.1089,452363.5132,450152.057
000668.SZ,20260311,0.6212,0.52,,2.979,7.5228,,210424.4284,210424.4284
603551.SH,20260311,0.7258,0.6,16.6003,3.8989,2.6855,6.5999,490162.1361,483766.6561
603617.SH,20260311,1.8756,1.26,62.7696,2.0205,2.7818,1.0283,303786.7002,298472.9602
603601.SH,20260311,17.0176,1.47,175.2982,5.367,10.4202,0.2167,1422214.5089,1422214.5089
600724.SH,20260311,1.33,1.41,43.9186,3.4926,6.1673,3.1579,961085.3122,960886.8716
300993.SZ,20260311,0.8582,0.78,24.5517,2.6985,5.3438,0.7322,412587.6768,322423.4003
600232.SH,20260311,2.7923,1.39,,3.1519,2.4988,1.2315,296151.4577,296151.4577
603083.SH,20260311,16.8574,1.46,162.3623,5.8697,10.4812,0.2043,4452563.6095,3479578.7975
002749.SZ,20260311,0.6066,0.71,17.4346,3.6607,3.1555,7.1386,654301.0457,636472.3979
001330.SZ,20260311,5.6864,0.92,,2.4971,7.0969,,1046008.9468,1046008.9468
603035.SH,20260311,0.8146,0.71,14.2645,1.0423,0.8385,2.3064,553550.4379,553550.4379
600649.SH,20260311,1.9675,1.11,41.7325,0.5764,0.8382,0.8264,1212178.3717,1212178.3717
002571.SZ,20260311,4.2196,1.22,,5.1379,2.9328,,501696.896,381831.9206
600184.SH,20260311,2.2014,1.06,,3.1644,6.4277,,1072218.5411,1072218.5411
300212.SZ,20260311,3.1104,0.96,,31.9261,19.3832,,868190.2609,842405.1391
000078.SZ,20260311,1.8374,0.91,,4.7502,0.3173,,865639.5516,864099.1344
603970.SH,20260311,1.5346,0.91,20.4101,2.3659,0.3321,3.3015,366374.5826,366374.5826
300882.SZ,20260311,5.0661,0.66,40.7711,5.4506,5.9739,0.2003,714358.1652,664752.2669
300128.SZ,20260311,2.1412,1.05,,13.9881,4.3143,,924970.1733,923974.5303
300491.SZ,20260311,15.8802,1.97,230.4334,4.5977,3.7372,0.2196,541073.2989,480447.9033
002677.SZ,20260311,1.3526,0.84,266.2448,3.921,10.3336,3.3482,578862.2757,479244.1642
688702.SH,20260311,4.0312,0.88,,39.0573,75.7615,,8716600.0,4315605.3066
603717.SH,20260311,2.3327,1.01,,4.3041,3.1269,,222832.3123,222832.3123
001202.SZ,20260311,1.507,0.61,41.3713,3.6194,1.8583,,302711.0558,212152.3023
688533.SH,20260311,1.319,0.79,28.9519,3.149,1.7636,1.3747,533070.913,533070.913
301158.SZ,20260311,11.3354,0.6,32.4919,3.1084,5.9742,1.1472,426150.0253,415238.9015
601118.SH,20260311,1.3515,0.56,114.872,3.421,0.6537,0.1406,3316556.5427,3316556.5427
603285.SH,20260311,4.6256,0.83,43.7263,3.5117,9.4392,0.5435,588800.0,229252.1504
000989.SZ,20260311,2.2077,1.93,60.9903,2.1289,4.0159,3.2667,777195.3469,630291.6077
601179.SH,20260311,10.5107,1.2,81.3994,4.3386,4.0949,0.3603,9816064.7041,9816064.7041
300453.SZ,20260311,2.8522,0.66,19.6709,3.5467,3.1482,3.0343,516341.348,355901.2581
300991.SZ,20260311,5.6315,1.36,336.4461,13.4246,11.9146,0.0504,856800.0,548244.9
301008.SZ,20260311,1.0698,0.81,125.0481,2.8356,3.6974,0.2658,424320.8782,375332.0782
002194.SZ,20260311,8.173,2.21,,3.4916,5.9874,0.5512,867772.9736,648835.0943
002322.SZ,20260311,2.2682,0.9,23.1423,2.0356,4.8966,4.4113,528918.9726,508475.3355
300056.SZ,20260311,5.8374,0.89,,26.147,8.4745,,385875.9334,385535.3932
300567.SZ,20260311,4.1547,0.98,,10.7228,12.6089,,3789153.3393,3075371.0385
688502.SH,20260311,2.8206,1.74,405.0297,14.6866,27.2126,0.0951,1879046.4,1879046.4
600795.SH,20260311,1.6375,1.12,12.3361,1.5395,0.5366,4.0936,9149672.5891,9149672.5891
300965.SZ,20260311,1.1649,0.7,104.6373,2.8596,16.7335,1.0009,347700.0,322861.1813
300922.SZ,20260311,2.72,0.73,80.0668,3.6293,13.6443,0.8253,338640.1139,266357.1187
300614.SZ,20260311,4.8775,1.02,,2.4552,6.326,,259753.4593,259753.4593
001696.SZ,20260311,9.1195,0.66,32.2815,4.8741,2.1107,0.8569,2672492.8313,2080523.4572
000712.SZ,20260311,2.5178,0.85,63.3784,3.9706,12.3559,,1007104.0,1006805.1565
000679.SZ,20260311,3.1627,2.02,,12.7285,4.9636,,251262.0,251262.0
603290.SH,20260311,3.8128,1.57,55.519,3.7428,6.5266,0.5884,2588229.2205,2588229.2205
603207.SH,20260311,1.8386,0.81,21.3854,4.8313,9.0483,7.7367,456567.98,154441.6
603039.SH,20260311,5.4252,2.05,54.3891,5.6826,5.1812,0.3284,1178770.6611,1178770.6611
601929.SH,20260311,2.4057,0.95,,2.2662,5.6021,,1134181.1546,1134181.1546
002101.SZ,20260311,0.8501,0.83,22.3744,1.025,0.8803,2.5954,801237.7442,798627.912
688633.SH,20260311,1.8496,0.99,23.4571,2.4293,4.84,1.2846,390335.14,390335.14
300269.SZ,20260311,19.8238,1.35,154.6206,45.2688,8.4243,,486514.849,465752.1283
301588.SZ,20260311,4.6375,0.83,70.7899,3.441,3.736,0.5172,321775.0101,198583.3084
601828.SH,20260311,0.436,0.92,,0.2541,1.6417,,1097392.6336,910588.6538
001228.SZ,20260311,2.7166,1.23,36.9561,2.0412,0.699,1.7374,342960.9389,263712.9389
600507.SH,20260311,1.3893,1.05,18.9652,1.6037,0.8659,0.4645,1607665.5836,1607665.5836
601187.SH,20260311,0.4891,0.69,7.2842,0.6988,3.2764,4.1265,1918645.9746,1914467.3269
920943.BJ,20260311,2.0658,0.4,32.3798,3.6237,2.4279,1.0593,239590.4521,122266.4859
688331.SH,20260311,5.0659,0.98,94.7271,28.5015,20.6445,,6711637.2729,1939177.1017
920019.BJ,20260311,1.4707,0.61,103.9264,4.8832,2.9657,0.9421,446396.2041,355678.2189
300569.SZ,20260311,5.2371,1.46,,1.3786,1.8006,0.1407,712833.8989,710668.6732
603385.SH,20260311,0.7097,0.6,45.1334,0.7302,0.8574,1.5278,274078.777,274078.777
002812.SZ,20260311,4.6712,1.42,,2.7206,5.5954,,6850003.2354,5737051.1758
000017.SZ,20260311,1.7439,1.13,126.3608,13.6258,5.8081,,509996.8504,326208.2437
600965.SH,20260311,2.5491,1.49,64.0643,2.2542,4.4503,0.6344,490401.872,490401.872
301577.SZ,20260311,22.1284,1.14,116.4166,4.3567,7.6994,0.3997,332227.651,139010.0416
301565.SZ,20260311,3.2059,0.65,147.3839,3.9614,4.3387,,954023.85,305303.85
688559.SH,20260311,3.0733,0.93,,6.0631,3.4381,,1439975.5637,1439975.5637
600780.SH,20260311,2.1822,0.99,12.6968,0.9523,0.7001,,780768.2182,780768.2182
603344.SH,20260311,3.1001,1.06,29.8263,2.7533,2.2467,1.0424,578535.1345,160688.1345
601166.SH,20260311,0.3509,0.88,5.1112,0.4957,1.8612,8.6852,39595703.5666,39595703.5666
600629.SH,20260311,4.7646,1.08,75.0569,4.2147,2.924,0.5295,2235660.2703,2195981.6832
600343.SH,20260311,10.2126,1.33,,16.8562,27.1762,,2286055.1385,2286055.1385
920436.BJ,20260311,0.6462,0.86,,3.9987,0.8958,,153806.928,144677.3498
001296.SZ,20260311,3.5008,0.75,27.9382,2.2708,3.4051,1.4822,397463.5155,204194.0077
301052.SZ,20260311,4.034,0.75,115.0797,5.0568,5.309,0.1439,364368.2862,295281.3738
002294.SZ,20260311,1.0488,1.38,88.9948,6.8229,14.0752,0.9313,5985449.9764,5984103.4366
000014.SZ,20260311,11.3112,3.48,,2.2101,65.5608,,351693.1635,351693.1635
002055.SZ,20260311,2.5458,0.95,,2.7039,0.8454,,386269.1209,379559.6209
603586.SH,20260311,0.6201,0.73,22.4753,1.5375,1.8715,2.7716,353679.2151,353679.2151
002054.SZ,20260311,6.4742,0.6,52.2866,1.8428,1.5387,0.7075,467169.873,372460.0233
600136.SH,20260311,0.7777,0.66,,15.6173,5.3543,,371430.3194,353642.2879
002987.SZ,20260311,0.7792,0.66,47.4634,5.3696,3.2497,0.9907,1564030.6541,1520915.827
603602.SH,20260311,1.9443,0.93,115.0232,3.0117,1.9826,0.4789,325097.8941,325097.8941
001359.SZ,20260311,3.2949,1.13,57.0988,7.3613,12.4525,0.4592,1454159.3104,363572.82
688148.SH,20260311,2.7579,1.23,,13.1038,1.8836,,429055.5376,429055.5376
001207.SZ,20260311,4.8963,1.57,23.1331,2.8767,2.8725,1.8343,677079.8039,616832.5172
002106.SZ,20260311,2.7169,0.8,29.7852,1.5906,1.437,0.7962,886505.097,884350.7404
300895.SZ,20260311,9.0064,0.69,,11.3861,33.7744,,890986.5575,874354.0233
600998.SH,20260311,0.6046,0.85,9.6266,1.0132,0.1701,3.7176,2682594.1645,2682594.1645
600158.SH,20260311,7.5469,1.58,576.5311,4.1177,4.8457,0.1767,1069857.0697,1069857.0697
300155.SZ,20260311,2.1083,0.69,,2.4244,18.5802,,296889.4766,174954.4645
603989.SH,20260311,1.3397,0.83,33.9668,1.994,1.9314,0.7962,751301.2562,751301.2562
603194.SH,20260311,0.7289,0.68,16.5434,2.7984,2.0779,2.437,1448011.0,570635.1828
600884.SH,20260311,5.7563,1.25,,1.4724,1.5987,,3230156.8713,2635217.5953
688325.SH,20260311,1.3928,0.85,99.8672,5.4725,19.69,0.8746,962172.7976,912203.2217
002237.SZ,20260311,2.1427,0.59,39.5533,1.9238,0.2664,0.6458,2506738.1252,2090200.082
300113.SZ,20260311,17.1866,1.26,54.8589,7.8929,10.216,0.3043,1993962.2612,1512238.4354
601808.SH,20260311,1.843,0.51,22.1725,1.8817,1.7479,1.2719,8650896.296,5367328.484
603488.SH,20260311,3.2905,0.67,,3.398,6.6826,0.2857,306589.962,306589.962
603006.SH,20260311,1.1547,0.89,48.0989,2.7279,4.1836,5.4325,355701.6958,355701.6958
600797.SH,20260311,3.6552,0.69,601.1888,2.9696,3.0451,,1036774.1073,1036774.1073
300041.SZ,20260311,2.2785,0.7,44.2716,2.3678,1.6128,1.2255,684748.041,665962.641
300678.SZ,20260311,2.0846,0.83,1179.9537,11.0188,19.3244,0.1589,932431.2778,916361.8307
688180.SH,20260311,1.5732,1.18,,5.3316,12.8705,,3215592.676,2400346.5436
920242.BJ,20260311,0.7299,0.86,20.4434,2.6002,2.2356,1.5098,174409.0875,98035.3588
688251.SH,20260311,4.0605,0.89,99.9849,3.8461,3.2316,0.3892,330277.8926,327982.5011
603127.SH,20260311,2.2101,1.1,112.8574,3.1282,15.2283,0.088,2540290.4658,2136896.7175
000929.SZ,20260311,0.9537,0.84,,4.1182,7.6351,,192453.576,192441.375
920130.BJ,20260311,5.866,0.98,,4.7411,6.4717,,226180.4147,138752.8418
002191.SZ,20260311,0.5623,0.73,,0.8559,2.2315,,572000.8606,567563.1212
600582.SH,20260311,1.0514,0.97,9.1357,0.9979,0.8774,5.1545,2545232.1686,2545232.1686
300845.SZ,20260311,5.6879,0.96,54.472,3.3659,6.9679,1.8739,269595.4821,189582.6927
603565.SH,20260311,0.5802,0.61,10.7406,2.3234,2.1427,11.1619,2295368.9716,2295368.9716
002076.SZ,20260311,1.9293,1.01,,7.5318,10.033,,237352.6411,223046.6856
688409.SH,20260311,1.5662,0.96,,6.6435,8.3983,0.1532,2981880.488,2981880.488
688503.SH,20260311,4.0903,0.76,54.3688,4.4389,1.5233,0.4497,2223805.1119,1846051.1683
002270.SZ,20260311,2.1406,0.73,46.1159,10.4164,13.487,1.6893,3273015.274,3272962.824
920124.BJ,20260311,2.6936,1.3,26.084,2.5105,2.4214,,265488.9673,136608.5651
301112.SZ,20260311,0.6958,0.72,,3.2904,7.5519,0.2769,398282.9592,398282.9592
301109.SZ,20260311,6.0138,1.01,19.2205,1.8471,4.9741,3.5934,1411701.4063,412582.0835
002908.SZ,20260311,1.6168,0.91,267.4366,3.8313,7.0382,0.5034,423666.3104,316041.6086
300195.SZ,20260311,5.5081,1.13,246.2915,1.4607,2.3955,,391082.2588,289741.22
603165.SH,20260311,6.838,1.7,22.515,2.2812,2.1511,8.1999,469399.2857,469399.2857
300085.SZ,20260311,2.8965,0.78,,55.35,36.3574,,2772150.8188,2557846.4498
688112.SH,20260311,1.4317,1.09,50.3986,4.4875,11.9615,1.1275,720101.1361,720101.1361
603408.SH,20260311,0.4759,0.82,12.844,1.6647,1.1249,5.5422,557228.385,557228.385
000004.SZ,20260311,0.6631,0.08,,20.0284,10.0288,,74000.5776,70594.8623
601628.SH,20260311,0.062,0.67,7.0755,1.9453,1.8839,1.6146,120435908.005,88729061.33
301042.SZ,20260311,2.7262,0.57,597.0036,6.3807,14.2372,,670740.8107,635120.3557
002350.SZ,20260311,16.792,1.05,127.1387,5.1059,3.7948,0.1822,842782.9195,824476.9859
600505.SH,20260311,5.6344,0.92,358.4581,4.6145,3.6333,0.1295,562892.22,562892.22
688172.SH,20260311,2.8871,1.37,,3.206,32.0837,,5881786.5596,3207547.6582
688449.SH,20260311,1.812,0.77,152.4092,11.3697,16.2669,,2165680.0,1380405.0676
300750.SZ,20260311,1.3531,1.8,25.0819,5.3717,4.2741,1.3943,181094320.1741,168903428.6157
920056.BJ,20260311,2.5938,0.96,37.9496,3.9032,3.5021,,209294.1354,79022.0231
300315.SZ,20260311,2.8263,0.88,,2.8736,20.2385,,1421495.7766,1356089.5199
000938.SZ,20260311,2.1378,1.24,51.7398,4.9872,0.7401,0.2973,7215981.5221,7215981.5221
001231.SZ,20260311,3.8816,0.74,39.5444,2.584,3.5356,0.5858,255446.64,127557.18
600887.SH,20260311,0.4791,0.6,20.878,3.1393,1.4294,6.4297,16724253.6035,16641150.1823
002354.SZ,20260311,3.7323,0.75,,8.1275,5.5337,,1044043.6524,1025962.637
300307.SZ,20260311,1.7606,1.26,59.5236,1.7457,2.9681,1.3915,570794.8423,562209.0089
300637.SZ,20260311,2.2692,0.67,247.3352,3.95,3.1714,,289446.9103,289144.596
001311.SZ,20260311,2.4155,0.73,38.8625,2.3269,2.7998,1.4986,1067841.5996,468578.462
300762.SZ,20260311,3.9632,0.75,,10.3527,50.2037,,2417668.2222,2417668.2222
000625.SZ,20260311,0.7207,1.24,15.8829,1.4086,0.6594,3.1685,10795174.358,9002885.9655
301136.SZ,20260311,2.3241,0.97,1562.2432,3.1951,7.9269,,465921.7603,465921.7603
002681.SZ,20260311,1.4433,0.9,,4.7421,3.886,,1080380.6437,922673.8296
301234.SZ,20260311,1.825,1.11,111.3343,3.5339,5.5972,0.7589,268804.0,268804.0
000922.SZ,20260311,2.1987,0.77,43.9346,2.3748,2.174,0.7141,1080701.9145,913237.5097
688585.SH,20260311,1.4222,1.06,1274.6034,38.8041,29.0521,0.024,5219500.7603,5219500.7603
688226.SH,20260311,2.1488,0.55,277.1711,5.1444,2.2905,0.3236,881392.9029,881392.9029
600256.SH,20260311,7.1336,0.76,22.8062,1.8862,1.3792,8.8478,4493578.0837,4493578.0837
600030.SH,20260311,0.726,0.84,12.872,1.4017,5.1693,2.1839,38681627.2237,31780798.0421
603057.SH,20260311,0.6184,0.44,67.7237,6.5188,4.0682,1.6599,1297800.0,1297800.0
000828.SZ,20260311,0.5179,0.69,10.5588,1.1048,7.1933,4.3941,1123717.8684,1123716.409
002183.SZ,20260311,2.5125,1.02,170.2394,1.4673,0.1901,0.1912,1358235.7546,1358227.9096
002617.SZ,20260311,4.9877,1.01,63.928,2.7042,4.675,,1726859.3009,1698525.4783
301089.SZ,20260311,1.7649,0.77,,2.3882,9.893,,363562.3485,261374.9472
300688.SZ,20260311,3.6521,0.89,,12.1348,29.3736,,485400.4456,430297.5282
688682.SH,20260311,1.5534,1.06,,7.8256,15.8123,0.3036,479152.001,479152.001
000917.SZ,20260311,3.3668,0.97,89.6913,1.437,3.4451,0.1892,1498357.0493,1498254.5467
600604.SH,20260311,0.3447,0.64,,1.5728,3.6957,0.1916,977865.1077,734691.4077
688267.SH,20260311,1.5032,0.83,25.3639,1.8961,6.2781,2.0946,537233.8,537233.8
301150.SZ,20260311,15.7703,2.93,557.1749,3.5952,2.339,,1279985.2669,1221548.0386
600685.SH,20260311,1.8845,0.76,58.2045,2.7551,2.339,0.431,4919002.1954,2858594.4299
600099.SH,20260311,1.7663,0.8,121.181,4.691,2.3033,0.2618,251111.52,251111.52
920819.BJ,20260311,0.5652,0.91,,1.01,0.8776,,485416.8,479803.5
688466.SH,20260311,1.0523,0.71,45.2518,2.0125,3.9536,,229405.4975,229405.4975
603815.SH,20260311,1.3631,0.71,24.8592,1.7154,0.9542,0.9599,414679.2375,414679.2375
300443.SZ,20260311,4.726,1.73,28.5014,1.4953,3.3791,0.5798,937033.9683,710599.6297
603938.SH,20260311,4.8529,0.77,148.9312,4.6386,5.8384,0.0562,1152464.985,1152464.985
688208.SH,20260311,1.0431,0.68,24.6347,6.2646,4.761,2.6295,2303420.4867,2303420.4867
300422.SZ,20260311,1.4712,0.76,,2.5247,1.4616,,279753.3238,268000.7904
300127.SZ,20260311,2.9384,0.89,63.4121,7.6394,13.7674,0.9989,1132304.8454,808779.7546
002653.SZ,20260311,0.7605,0.62,174.1121,12.725,12.5964,0.2811,5378966.0099,2320992.8729
600169.SH,20260311,0.4316,0.69,39.8049,1.6427,0.8464,,836775.7925,833285.375
002692.SZ,20260311,3.6621,0.98,62.4231,3.506,0.9515,0.3373,425860.578,425601.4222
000688.SZ,20260311,2.4011,1.18,148.0945,10.3561,18.7556,,4233061.8458,4233046.4148
688066.SH,20260311,3.9771,0.92,,,11.6322,,621057.2617,621057.2617
688628.SH,20260311,1.2245,0.87,30.7913,3.7061,3.8453,3.0797,469423.8696,469423.8696
603696.SH,20260311,2.3513,1.11,100.1206,6.9429,6.4971,0.5254,402897.6,402897.6
300429.SZ,20260311,3.2771,0.77,,4.4179,8.0458,,761015.9819,565661.6134
301556.SZ,20260311,5.3894,0.89,59.5584,8.5042,15.1086,0.8514,822866.72,284452.52
688818.SH,20260311,22.7762,0.94,364.8017,22.9049,36.179,,11941351.7438,907612.3306
000425.SZ,20260311,0.9576,0.88,21.7492,2.4142,1.4295,1.4232,14450797.375,11081344.2285
600325.SH,20260311,1.1272,0.77,,0.5872,0.139,3.0501,1114621.607,1114621.607
605376.SH,20260311,2.5676,0.64,166.3233,15.5478,25.0171,0.1532,2561064.0,2561064.0
600996.SH,20260311,1.7437,0.96,,4.4249,8.2482,,1034843.8788,1034843.8788
600132.SH,20260311,1.0278,1.27,22.1049,19.7594,1.8482,3.9132,2720886.0752,2720886.0752
002096.SZ,20260311,0.6778,0.95,21.0835,2.2418,1.8299,1.6243,1756464.1303,1756461.144
600845.SH,20260311,0.9201,0.81,48.0808,6.2662,6.2977,2.5152,6889869.1248,5121729.9672
000153.SZ,20260311,1.3581,0.75,27.4362,1.4861,0.7528,1.4884,312268.6708,308359.63
002086.SZ,20260311,2.3409,0.77,,3.3535,13.1478,,444680.8555,358951.9304
300020.SZ,20260311,2.0893,1.0,,1.422,28.42,,380650.7495,367220.3607
920961.BJ,20260311,4.8393,1.87,994.6985,5.0285,18.6399,0.1873,381241.3159,271297.3697
688353.SH,20260311,6.1848,2.57,1373.0538,5.332,20.9527,,1821809.0,1821809.0
002989.SZ,20260311,2.3556,1.24,,4.0709,20.1925,,609257.3875,554020.516
301153.SZ,20260311,1.2008,0.84,232.5592,4.6188,11.1775,0.8106,776976.9772,724964.4776
002880.SZ,20260311,2.7206,2.57,28.2662,2.7814,5.6701,0.7018,646380.0,646380.0
603031.SH,20260311,6.9602,1.52,66.2715,5.5179,3.1368,0.5449,1497704.2225,1226396.08
002792.SZ,20260311,7.4659,0.92,1487.7425,8.1045,19.3566,0.0578,2256685.6172,1455347.8685
603040.SH,20260311,1.1256,1.01,47.4913,8.6639,15.8438,1.2674,1230832.1819,1224412.1969
300617.SZ,20260311,15.1414,0.72,93.323,3.9207,12.9513,0.3481,1130954.8068,948154.4163
600863.SH,20260311,1.2626,0.92,20.6553,1.8823,2.0529,3.3688,4262343.1206,3550626.9692
301159.SZ,20260311,3.8189,0.67,,6.3025,10.7945,,367644.55,251980.1762
688659.SH,20260311,1.4418,0.83,,3.4092,2.5055,,175040.0,175040.0
301021.SZ,20260311,5.0805,0.68,198.8894,8.4924,17.1829,0.1769,856434.1712,855798.1298
300102.SZ,20260311,5.4443,0.66,234.0683,7.4723,9.5792,0.1307,3165028.1549,3151292.8748
300088.SZ,20260311,4.2306,0.94,48.833,1.9522,1.4992,0.8565,1705952.0345,1697598.9909
002261.SZ,20260311,23.8109,1.08,,19.8508,15.9705,,5175387.6952,4706339.5703
000719.SZ,20260311,1.2136,0.94,10.0112,1.1037,1.4443,4.5455,1350628.9487,880634.7568
300568.SZ,20260311,7.4758,2.0,155.807,2.0462,5.1566,0.3317,2007800.2734,1815977.0859
603068.SH,20260311,1.6854,0.79,282.5199,3.0511,6.013,,526853.7842,526853.7842
000882.SZ,20260311,1.3512,0.8,,0.7415,4.0487,,500935.4063,500599.1107
001238.SZ,20260311,0.4224,1.39,,4.8737,3.5847,,556981.32,521030.8144
600493.SH,20260311,2.3583,1.08,337.2755,1.8999,2.4012,0.7478,213520.0,213520.0
920489.BJ,20260311,2.0932,0.91,,4.7638,4.2475,1.0746,228569.16,145432.7611
301371.SZ,20260311,1.5118,0.92,26.2445,2.2192,6.7105,3.2266,1239927.936,185449.9296
001278.SZ,20260311,8.4566,1.27,,2.3409,1.3628,0.4195,294980.4256,203381.1284
300797.SZ,20260311,0.8616,0.76,40.4299,5.054,5.4088,0.7187,639156.1107,632081.4146
600537.SH,20260311,8.3622,0.89,,17.3239,1.6753,,389442.2409,389442.2409
301631.SZ,20260311,4.8008,1.3,32.8314,3.5544,1.8938,0.8818,888549.7176,298457.4406
301333.SZ,20260311,1.4444,0.94,42.4618,3.346,8.1417,0.238,642748.2587,641833.0631
688368.SH,20260311,1.6141,0.84,326.0921,9.9045,7.396,0.3743,1161037.8102,1161037.8102
301200.SZ,20260311,1.1415,1.44,124.2723,7.0513,14.9527,0.2604,7330294.3643,6388213.7005
002372.SZ,20260311,0.6485,0.96,21.2321,3.9362,3.1457,5.1157,1843579.9901,1703253.6902
300002.SZ,20260311,2.1077,0.83,25.8517,2.7,3.5433,0.9511,2063565.3854,1937556.9815
002063.SZ,20260311,7.652,0.88,47.0057,3.581,5.4579,0.4038,1415358.5733,1306918.5837
920100.BJ,20260311,3.4193,1.26,74.6631,9.7603,8.1591,0.8213,449351.0184,104105.6401
300816.SZ,20260311,7.9944,0.79,81.5729,6.5183,5.8745,0.1027,590560.0,418327.3911
001266.SZ,20260311,10.9688,1.05,94.8399,4.0013,4.9157,0.8114,380035.9079,213100.6639
002190.SZ,20260311,1.9896,1.42,,2.4146,5.5171,,1265597.1221,1265597.1221
002728.SZ,20260311,3.3331,0.89,72.6679,3.2124,6.2679,0.4307,579179.818,425423.3966
300963.SZ,20260311,3.9989,0.87,125.5756,8.7063,10.0426,,960850.8,727940.3901
002444.SZ,20260311,1.8455,1.47,16.1987,2.1956,2.7492,0.7306,4087504.3388,3925146.1663
603648.SH,20260311,0.7153,0.78,30.4475,2.0146,2.4401,2.8986,375097.248,375097.248
601825.SH,20260311,0.1394,0.66,6.6426,0.6525,3.1618,5.0939,8217066.6671,7987024.0754
301232.SZ,20260311,14.0232,1.27,,10.6691,6.0541,,1505877.6221,894908.6543
000753.SZ,20260311,2.1863,0.95,125.7836,2.5842,2.2933,0.2805,706926.0036,706926.0036
603569.SH,20260311,0.6671,0.6,66.0501,1.5703,0.9099,4.918,441767.3077,441767.3077
002291.SZ,20260311,2.9563,0.75,,2.1606,1.9296,,651785.856,605780.3132
300721.SZ,20260311,12.1466,1.65,,2.4434,1.7821,0.1793,275788.5943,231462.3422
002167.SZ,20260311,7.5997,0.68,44.0367,6.4591,9.1493,,1131023.018,1105806.866
920641.BJ,20260311,9.893,1.22,180.4949,4.6042,3.0895,0.4693,159984.825,96793.485
001368.SZ,20260311,5.2997,0.77,30.1543,2.1952,2.7842,2.8447,300301.8583,84643.1292
300169.SZ,20260311,1.8685,0.64,,,4.7479,,220365.4138,203973.3886
603721.SH,20260311,0.4335,0.5,,5.9295,9.9415,,272740.0,272740.0
300171.SZ,20260311,1.417,0.85,69.7081,1.5352,2.3073,0.6691,1205413.335,885622.6768
301203.SZ,20260311,8.2825,2.35,28.2693,2.5561,11.757,1.5371,364320.0,199658.745
301087.SZ,20260311,2.0438,0.99,33.4981,2.5577,3.6747,2.9401,1244817.223,1156284.4792
300959.SZ,20260311,3.0056,0.89,307.7702,5.877,9.1342,0.3993,659257.0634,429469.8615
688661.SH,20260311,2.6982,0.81,460.5115,11.1178,15.7322,0.0685,1364864.0044,1364864.0044
600166.SH,20260311,1.5265,0.97,31.9398,1.5822,0.4236,,2430641.9127,2430641.9127
002955.SZ,20260311,0.8235,0.72,106.2402,1.9126,1.9544,4.7724,628752.2462,521515.3967
301097.SZ,20260311,3.2355,1.23,267.8274,2.9479,7.0489,0.8255,348378.9449,171043.4849
601838.SH,20260311,0.9651,1.3,5.5015,0.8635,3.1165,5.1563,7324016.2952,7324016.2952
002456.SZ,20260311,1.801,0.59,,8.1332,1.4725,,3207245.5786,3164446.0819
000802.SZ,20260311,1.3174,0.9,,3.8669,6.4481,,301394.0074,301210.8724
301225.SZ,20260311,5.0403,0.95,90.0659,8.1467,12.7204,0.3412,1249554.06,361183.734
301170.SZ,20260311,4.2668,1.05,27.5413,1.7516,2.7958,0.9696,309400.0,103882.365
002207.SZ,20260311,20.6428,0.58,,87.7332,9.5086,,310797.6783,309322.9134
600784.SH,20260311,2.7317,1.61,24.7017,1.5803,1.5695,0.865,515522.6874,515522.6874
601996.SH,20260311,2.1618,1.04,,1.1166,1.6095,,284712.2617,284712.2617
001212.SZ,20260311,5.1933,1.07,,5.9934,25.3348,0.1107,1147278.4934,992502.3653
603186.SH,20260311,6.97,0.78,,5.4121,2.5994,,1101296.5984,1101296.5984
688767.SH,20260311,1.1327,0.71,116.0312,2.292,12.11,1.9645,542976.0024,542976.0024
688522.SH,20260311,2.098,0.77,107.6007,5.0519,25.3659,0.3148,1167139.0743,474169.6671
300660.SZ,20260311,1.0073,0.91,67.0049,6.1506,5.2659,0.7935,2133288.4705,2131580.5432
301269.SZ,20260311,0.5227,0.89,872.6104,10.075,40.7849,0.1556,5235110.1616,5235110.1616
301256.SZ,20260311,3.4979,1.68,81.5764,4.2804,4.4383,1.0506,731040.0,731040.0
920566.BJ,20260311,1.2758,0.98,19.5273,1.9654,3.8671,1.773,164082.6926,126726.9208
301085.SZ,20260311,9.7922,0.74,,5.3644,5.2456,0.1796,575583.0523,390761.5847
688261.SH,20260311,2.6887,0.81,250.7072,3.7405,8.8172,0.0437,1104523.0997,1100212.3635
920779.BJ,20260311,32.4419,17.29,49.5697,6.3417,18.5376,2.7376,311250.4366,77869.0562
688508.SH,20260311,3.5428,1.32,46.533,3.1805,7.5864,0.5955,866910.9043,866910.9043
002903.SZ,20260311,45.8692,3.72,1496.361,5.6268,9.3525,0.2729,456774.67,310864.7793
300952.SZ,20260311,4.3006,0.92,66.8346,4.1212,5.4622,0.5333,698113.5615,423869.7009
000948.SZ,20260311,0.9321,0.81,132.3072,2.4042,0.602,0.5487,645655.8097,644396.4499
603889.SH,20260311,1.4286,1.2,14.0141,1.6974,1.2551,3.5897,610481.8463,605866.7919
002438.SZ,20260311,2.6538,1.02,29.9919,2.4627,4.2104,0.9826,903924.218,835076.4679
301155.SZ,20260311,2.9184,1.6,53.8009,3.0493,4.4238,0.1116,1753697.053,995057.9641
300786.SZ,20260311,3.0373,0.95,,2.6421,5.4948,,293321.3111,233261.5271
601112.SH,20260311,8.3725,1.75,45.0856,5.5376,5.174,,3512059.3286,357690.3103
301166.SZ,20260311,1.2864,0.67,,1.4205,2.6998,0.6851,287820.0044,189026.8964
920128.BJ,20260311,2.0218,0.84,116.215,4.4288,4.139,1.4205,228631.04,107669.76
920970.BJ,20260311,2.2159,0.69,,3.2665,5.1574,,86424.624,54655.614
601997.SH,20260311,0.9485,1.01,4.1584,0.3362,1.5818,4.9914,2124251.0822,2124251.0822
600201.SH,20260311,1.6185,0.7,163.3024,3.0086,12.3988,0.2009,1645386.7825,1645386.7825
002399.SZ,20260311,0.1743,0.5,39.7724,1.3511,3.0913,2.1949,1671250.3764,1420562.7409
000630.SZ,20260311,2.4868,0.84,52.356,2.731,0.6009,2.011,9681638.4302,8045254.2669
002899.SZ,20260311,2.2676,1.14,64.1661,2.6733,3.968,0.2361,465560.4744,465560.4744
002780.SZ,20260311,3.3744,0.92,,3.4407,2.9452,,260775.4214,206037.8239
000999.SZ,20260311,0.727,0.8,14.4303,2.2271,1.5611,2.349,4937734.3847,4933213.1069
688160.SH,20260311,1.5407,0.98,146.9979,8.2679,14.81,0.2351,1071729.1986,1071729.1986
600713.SH,20260311,0.4755,0.62,13.2196,1.0069,0.1302,3.1709,701587.6672,691355.4401
002213.SZ,20260311,7.7437,0.99,,11.9717,5.3331,0.0765,651896.1054,566999.1956
603071.SH,20260311,0.6338,0.89,12.208,1.4389,0.1972,4.8611,803454.3965,803454.3965
000531.SZ,20260311,2.564,1.15,17.8626,1.0921,1.8218,1.9159,753974.5644,658655.7333
920169.BJ,20260311,2.8569,0.49,91.6966,8.2138,13.2232,0.2956,276578.7081,173899.3639
603351.SH,20260311,0.3216,0.63,24.3642,2.0442,2.7353,1.5066,359590.8955,359590.8955
600051.SH,20260311,2.0614,0.88,27.4794,0.754,1.5378,1.4563,256165.12,256165.12
002988.SZ,20260311,1.0013,0.66,45.5733,3.0738,1.1107,0.4778,823746.1695,823491.5541
600636.SH,20260311,0.6309,0.86,,1.8394,10.6872,0.5794,378543.5601,378543.5601
605089.SH,20260311,0.6222,0.88,50.6443,3.0012,5.3191,1.3358,368184.0,368184.0
000530.SZ,20260311,1.9484,0.71,52.2369,1.7409,1.2506,0.761,553990.6171,394227.2412
300950.SZ,20260311,2.3551,0.96,50.9111,4.5174,7.6709,0.8349,360475.14,214217.3351
002674.SZ,20260311,2.8611,1.98,60.2494,1.796,1.4611,1.0281,431208.8273,426850.3683
300777.SZ,20260311,4.6468,1.66,44.2932,4.1093,19.0646,0.5249,1837977.5047,1770711.791
301519.SZ,20260311,2.6191,0.74,,1.7904,3.9487,0.6282,253294.3914,118271.8776
301060.SZ,20260311,1.4527,0.86,,2.7035,2.7984,1.8686,426550.605,383596.5532
688432.SH,20260311,1.4123,0.78,94.5729,4.3781,19.689,0.3771,1979227.8412,1979227.8412
000990.SZ,20260311,2.5977,0.8,93.3605,0.6045,0.9368,0.5624,1080346.1686,1080345.3685
301198.SZ,20260311,5.095,1.45,,2.8478,5.8581,,260260.0,239553.7144
920718.BJ,20260311,1.6461,1.97,33.6453,2.2625,1.1472,1.3822,131194.7149,62380.3755
600676.SH,20260311,2.9736,1.05,,1.6455,1.8181,,844392.707,844392.707
300686.SZ,20260311,2.2734,0.6,,4.3655,2.5529,,411004.3949,267969.9619
688055.SH,20260311,1.3096,0.82,,3.636,5.9363,,1483333.363,1483333.363
002119.SZ,20260311,4.5659,0.71,82.2226,5.6717,4.0355,0.1367,823748.38,823748.38
000652.SZ,20260311,1.0338,0.94,133.0185,1.085,0.3315,0.7126,621216.5917,620748.6531
300231.SZ,20260311,3.0087,1.08,,3.1789,3.0133,0.8598,516711.3622,516684.8284
688247.SH,20260311,0.323,0.87,90.4896,3.4243,9.9197,0.6285,442913.18,442913.18
605488.SH,20260311,2.0828,0.95,81.1252,4.8703,3.79,0.2755,1084611.7959,992364.848
300412.SZ,20260311,2.539,0.77,92.2527,2.797,2.1258,1.0345,288698.8495,271359.7547
301622.SZ,20260311,2.9115,0.81,48.4344,5.0363,5.7698,0.177,786018.1464,425918.0881
301196.SZ,20260311,7.1924,1.45,41.8569,3.4276,5.1355,1.3555,1109151.8862,725442.219
300026.SZ,20260311,0.9347,0.83,,1.245,1.9589,0.838,1075487.4316,980393.1951
002973.SZ,20260311,1.3526,0.43,28.935,2.2618,1.5224,0.7174,569679.9482,434276.167
688210.SH,20260311,1.7518,0.83,,6.212,9.3584,0.2932,801848.629,801848.629
300932.SZ,20260311,23.4004,2.13,72.3334,3.0812,2.3378,0.9219,540655.6526,385081.5248
688807.SH,20260311,17.5124,0.86,231.2232,11.539,41.9164,,2037680.0,382973.194
300586.SZ,20260311,1.9769,0.97,,3.8941,4.2759,,730419.4944,549030.5726
688107.SH,20260311,2.1054,1.06,,12.9292,23.4653,,1220185.4731,1220185.4731
002767.SZ,20260311,1.7492,0.83,91.4424,4.0326,5.2341,0.1923,343200.0,297894.216
301172.SZ,20260311,8.2866,1.53,151.1413,3.4045,11.8387,0.2471,498639.68,285532.7373
600469.SH,20260311,1.4336,0.92,27.8546,1.3798,0.8646,0.4579,637264.9254,522286.8236
603708.SH,20260311,0.6635,0.98,50.0263,3.3157,0.4226,1.9848,748771.2658,748771.2658
600552.SH,20260311,4.0885,1.33,83.9321,3.0997,2.3409,0.3584,1317726.6171,1317726.6171
603139.SH,20260311,4.2734,0.9,,3.8404,5.4238,,278365.56,278365.56
301222.SZ,20260311,3.2892,1.1,32.1728,2.3282,5.0446,0.9014,333604.0448,265646.4512
600930.SH,20260311,12.0358,2.99,30.0438,2.4359,6.9003,0.471,26571999.9998,2057391.2677
300891.SZ,20260311,10.6754,1.77,,3.3715,2.433,0.0929,427608.7241,355359.0229
601616.SH,20260311,13.1932,0.77,270.1403,2.1223,5.8533,1.157,516473.568,516473.568
301022.SZ,20260311,2.264,0.83,74.6687,2.3063,4.1476,0.7785,326606.3857,220571.4345
003039.SZ,20260311,0.998,0.84,38.6185,3.7401,4.9021,1.2324,1052251.9159,1052251.9159
002553.SZ,20260311,2.4556,0.92,26.9164,5.7937,10.9468,0.3753,927346.8927,658099.2
920284.BJ,20260311,7.3204,2.66,,12.7704,16.8975,,397451.9515,257022.4608
603286.SH,20260311,3.2319,0.9,,8.6251,6.7576,0.0482,725506.8536,713263.6556
600764.SH,20260311,0.8505,0.71,83.6814,2.3752,6.0475,0.4699,1950677.6646,1950677.6646
300632.SZ,20260311,5.7747,1.24,186.5539,2.5773,5.902,0.613,460824.2462,334027.9426
002093.SZ,20260311,1.102,0.88,50.408,2.8431,19.2777,1.0909,1091122.5,1091122.5
300198.SZ,20260311,1.1299,0.82,,145.5087,31.9384,,269234.1689,267842.5094
300183.SZ,20260311,1.6474,0.82,,2.4634,8.0501,0.6068,762379.8578,669973.1606
003019.SZ,20260311,1.6407,1.19,30.8989,3.3608,2.5317,1.5744,560192.1064,541472.0311
601928.SH,20260311,0.328,0.81,12.8843,1.2702,1.908,6.0606,2519451.0,2519451.0
002269.SZ,20260311,2.006,0.93,,24.1931,9.3802,,454762.5,454762.5
603887.SH,20260311,8.0556,1.26,,3.0032,4.2768,,1072214.3988,1060192.6488
300591.SZ,20260311,3.0158,1.05,,12.4564,6.102,,316425.5461,273346.9651
300057.SZ,20260311,4.8734,0.91,,1.0859,0.9507,0.158,562884.2208,454666.858
002769.SZ,20260311,1.9375,0.82,,3.6131,6.2429,,427449.1718,427096.7134
600609.SH,20260311,0.9985,0.9,21.3128,3.6611,1.3542,,576614.8826,576614.8826
920717.BJ,20260311,5.1253,0.37,391.1909,2.1517,8.0259,0.3905,121331.44,46848.24
600075.SH,20260311,5.0165,1.21,194.6298,1.4255,1.1259,0.2677,1275400.7474,1275400.7474
002377.SZ,20260311,2.9254,0.74,,7.739,3.7451,,342705.6252,326258.3843
002911.SZ,20260311,1.1628,0.67,19.6832,4.4375,0.5835,3.1631,1969664.0272,1922096.649
300349.SZ,20260311,4.713,1.47,24.122,1.4634,2.037,3.1988,649601.1283,575788.3359
300482.SZ,20260311,1.0855,1.0,34.8404,1.676,3.5121,2.1305,903871.9593,831099.6503
002557.SZ,20260311,0.9394,1.08,29.2057,2.2012,1.6621,4.35,1142726.8674,1140283.2507
002226.SZ,20260311,1.5107,0.85,20.6827,1.6249,1.7236,1.0334,1666172.4758,1666138.8325
301005.SZ,20260311,5.253,0.84,1612.8675,28.4196,27.8559,0.0304,2185769.2591,2154993.1401
002566.SZ,20260311,1.706,0.73,69.4718,1.2589,4.3861,1.1806,280316.0052,196326.5264
301111.SZ,20260311,2.1608,0.73,,4.5442,12.2166,0.2353,340000.0,340000.0
000906.SZ,20260311,0.9413,0.74,22.1322,0.9162,0.0193,3.2523,435733.1919,430561.2151
600979.SH,20260311,12.7932,1.25,48.4597,1.5328,2.3322,1.0106,711574.5446,694994.5216
002787.SZ,20260311,4.5616,1.38,45.8459,2.3989,1.9098,0.7423,447795.9363,335149.1123
000768.SZ,20260311,1.5735,1.04,73.1575,3.5969,1.7569,0.4255,7842840.3802,7830098.6417
688586.SH,20260311,1.8309,1.27,203.969,4.5335,11.8424,0.6347,1122118.9232,1122118.9232
600436.SH,20260311,0.2079,0.85,39.3083,6.5721,9.7253,2.0425,9511295.8157,9511295.8157
601788.SH,20260311,0.2905,0.7,20.0432,1.1601,6.8801,1.3455,7474086.7628,6332758.818
688795.SH,20260311,6.2374,1.04,,23.56,178.9543,,26942017.3984,1684198.3655
300509.SZ,20260311,2.1083,0.86,40.8811,6.4555,3.3378,1.1152,398658.0,332354.2384
600707.SH,20260311,0.8998,0.62,59.0435,1.0576,2.0387,,2303746.2079,2303283.9679
920087.BJ,20260311,6.8925,0.6,250.2454,5.7237,9.4691,0.7891,314045.2,311851.6836
600153.SH,20260311,0.4955,0.81,13.1719,0.4866,0.0384,5.4586,2682073.1597,2682073.1597
603839.SH,20260311,0.6917,0.72,,1.6876,1.3857,1.2595,305781.117,305781.117
002698.SZ,20260311,0.6727,0.65,31.5702,3.9266,5.4871,1.6404,1558383.7397,1280981.1754
300671.SZ,20260311,4.549,0.73,,5.5738,11.9055,,925616.7893,922927.6244
000678.SZ,20260311,1.603,0.86,,7.4184,3.8434,,591520.3827,591520.3827
002321.SZ,20260311,1.529,0.7,,5.4407,1.061,,505494.9468,503438.2639
002872.SZ,20260311,3.3646,1.16,,0.8981,3.4131,,176172.0,119064.6462
688696.SH,20260311,1.0138,0.59,45.0599,2.0805,1.8618,,645584.4,645584.4
301190.SZ,20260311,2.1793,1.07,77.0807,2.7541,8.5407,0.572,538522.9785,399819.186
002156.SZ,20260311,4.1231,0.84,72.5104,4.7076,2.655,0.0956,7146363.8586,7145682.5134
920190.BJ,20260311,2.6382,1.29,111.9712,3.0183,0.8511,0.4635,258900.0026,257458.059
000062.SZ,20260311,3.4685,4.96,89.0291,4.1103,1.1745,2.2137,2740282.4236,2737713.98
300556.SZ,20260311,3.858,0.9,,5.4122,4.4498,,240091.4932,211345.0482
600189.SH,20260311,1.3924,0.93,637.8297,4.8494,4.5374,,599335.7665,599335.7665
688136.SH,20260311,0.9604,0.82,38.2088,3.4715,3.9529,0.259,609205.6958,609205.6958
601121.SH,20260311,2.7767,1.07,91.4168,2.0455,5.6018,0.392,765300.9777,668000.0
600995.SH,20260311,2.3813,1.49,34.691,2.3434,7.5333,0.7211,5254233.5434,5254233.5434
300233.SZ,20260311,1.4867,0.79,74.3874,1.5754,2.061,1.6491,575044.1313,556813.0609
688579.SH,20260311,1.7967,0.69,85.0344,3.6335,9.8165,0.509,510812.77,510812.77
300806.SZ,20260311,9.693,1.95,557.18,11.3919,8.8423,0.0175,2584266.1676,1802714.1906
605399.SH,20260311,5.9527,1.84,,2.4479,4.8597,0.5946,525129.3617,523988.9657
600388.SH,20260311,0.8509,0.66,25.9719,2.3532,2.2293,1.4213,2501991.1972,2501991.1972
300364.SZ,20260311,6.7818,0.75,,43.932,15.2481,,2076953.8364,1882832.8244
301626.SZ,20260311,4.8059,0.53,161.8741,19.2792,28.3732,0.2133,3036600.0,1381248.6975
000592.SZ,20260311,10.3286,0.58,,11.5422,15.713,,2213820.9022,2194695.9466
600061.SH,20260311,0.527,1.05,13.4455,0.8574,24.5986,1.7421,4661214.1443,4661214.1443
688252.SH,20260311,1.9976,0.87,36.7835,3.5688,3.9229,0.3407,858944.8161,390190.9746
002467.SZ,20260311,28.958,2.67,131.2329,5.3651,13.2973,0.1312,1048033.3672,1041565.5752
300164.SZ,20260311,32.536,0.79,183.0457,8.0109,9.8139,,1166913.4613,1156506.9728
601236.SH,20260311,0.2045,0.62,38.3526,1.5315,17.3435,1.9267,3745129.4671,3745129.4671
300487.SZ,20260311,0.9351,0.56,43.7319,9.3465,14.195,1.0735,3684601.3685,2229122.6982
605011.SH,20260311,1.3101,0.77,45.3367,3.5691,2.6228,1.0324,852613.1,852613.1
301291.SZ,20260311,19.221,1.35,31.1358,4.4017,2.862,1.1408,2161985.0,1119335.9134
600345.SH,20260311,14.0129,1.69,107.5189,4.1999,16.502,0.1226,1478640.0242,949055.0063
000931.SZ,20260311,1.4571,1.03,76.6966,2.4095,1.5882,,394638.5386,393539.4748
605580.SH,20260311,3.3227,1.91,56.0017,7.0548,7.4742,1.0284,680680.0,680680.0
688084.SH,20260311,3.5178,1.87,,4.1102,21.5667,,633795.9959,633795.9959
603235.SH,20260311,0.1358,0.62,19.1985,2.4756,5.322,2.498,1184632.68,1184632.68
603987.SH,20260311,0.7362,0.67,16.6421,1.521,1.7816,1.6146,405778.7275,405778.7275
688708.SH,20260311,0.7783,0.71,54.7438,6.8255,21.4948,0.1675,2388059.7,849389.8095
603379.SH,20260311,1.1677,0.97,24.2049,5.9015,8.0634,1.0699,4377745.1743,4377745.1743
000762.SZ,20260311,3.4795,0.84,,5.266,65.0081,0.1685,1546312.3236,1546257.0348
002724.SZ,20260311,1.6493,0.56,,2.204,3.4348,0.6418,597910.9454,440035.3621
300163.SZ,20260311,6.9993,1.13,25.4346,4.0222,9.6869,,236052.0,225987.3986
300205.SZ,20260311,0.924,0.81,,2.1882,10.7753,,215028.0,215028.0
002828.SZ,20260311,19.4564,0.57,310.2627,4.013,2.5543,0.36,279171.7764,268857.5833
002362.SZ,20260311,1.8002,0.82,,4.8416,2.6396,,509443.4823,432625.7543
001216.SZ,20260311,7.5555,1.15,24.5797,3.0655,3.7198,1.8174,554358.6067,540462.591
600703.SH,20260311,6.5586,1.49,901.718,2.4049,4.7051,0.1107,8501287.9108,8501287.9108
002441.SZ,20260311,4.0933,0.78,29.1718,1.3731,0.552,4.4366,613700.6473,449762.8546
002607.SZ,20260311,2.2227,0.55,162.9487,21.4554,8.0214,,1751541.4265,1443855.2554
600598.SH,20260311,2.3457,0.6,28.2075,3.773,6.0783,3.1609,3093163.0417,3093163.0417
600281.SH,20260311,4.8663,1.55,,23.4296,6.5946,,306069.2049,306069.2049
688167.SH,20260311,6.6569,0.92,,13.3234,33.6973,,2965364.292,2965364.292
688689.SH,20260311,3.9451,1.34,55.3547,3.6848,4.2396,0.6573,444974.057,444974.057
300644.SZ,20260311,2.946,0.95,27.4139,3.5156,1.2763,0.7663,353618.5788,278614.4065
300222.SZ,20260311,6.5865,0.63,92.8041,6.0208,3.7445,,1033557.4788,841691.06
920184.BJ,20260311,1.4852,0.69,109.0106,3.7559,9.7441,,236185.0157,159126.031
600533.SH,20260311,1.255,0.9,,0.8732,0.5285,,281400.0,281400.0
002736.SZ,20260311,0.2104,0.66,10.0241,1.3009,4.6146,3.5094,12505168.2763,11736776.2693
688220.SH,20260311,1.8287,0.89,,6.3659,9.0974,,3472315.6796,3064225.5949
920418.BJ,20260311,0.8667,0.77,28.7733,4.7764,6.0846,1.0739,441321.7536,423685.9752
300337.SZ,20260311,3.2617,0.81,935.0176,6.5733,1.8717,0.0724,1135915.042,983154.1988
300871.SZ,20260311,2.4772,0.85,23.736,2.425,3.0666,0.8138,511294.3715,511294.3715
920407.BJ,20260311,3.237,1.7,97.5471,6.6995,6.7421,0.3588,183063.296,74527.3589
300500.SZ,20260311,1.7694,0.83,,1.9626,2.4206,1.1971,217990.5109,210000.2376
603125.SH,20260311,4.2428,0.97,50.5769,3.1936,7.7627,0.5485,763521.4033,190890.2641
688300.SH,20260311,7.5157,1.47,82.1497,14.0955,21.5514,0.3863,2404067.2556,2404067.2556
603072.SH,20260311,2.1887,0.91,72.8638,5.085,4.809,,1088305.04,519815.14
300664.SZ,20260311,5.7617,1.24,21.3581,1.0645,2.7052,1.5547,468878.9258,466392.1058
003006.SZ,20260311,1.3773,0.89,27.647,5.5293,2.2862,2.9076,812034.3231,810002.9039
300066.SZ,20260311,5.2809,0.93,56.909,2.9629,6.5136,0.4027,774824.7802,749403.2093
002691.SZ,20260311,2.0,1.01,,3.3122,7.5222,,281180.0,277855.7122
600968.SH,20260311,1.3742,0.46,12.7718,1.705,0.9243,2.8125,4879250.0155,4879250.0155
001277.SZ,20260311,2.0252,0.89,30.2383,2.0216,2.9947,0.9869,312664.0,186704.9256
000831.SZ,20260311,4.3635,1.17,538.0863,12.053,16.3244,,5826102.2304,5826102.2304
603917.SH,20260311,1.7051,0.75,286.5056,1.7271,4.3811,1.0541,290064.32,290064.32
002788.SZ,20260311,2.8883,0.88,18.9739,1.8035,0.2794,2.3271,584329.1709,574217.8767
000848.SZ,20260311,0.3448,0.54,13.3734,2.6149,2.7352,3.7327,843540.0612,836216.1492
600168.SH,20260311,1.6377,1.32,55.7867,1.0236,1.3877,0.4882,549348.8557,549348.8557
601568.SH,20260311,2.3281,1.29,88.4477,1.5808,1.9404,2.193,1811333.3341,1811333.3341
601086.SH,20260311,0.7653,0.65,72.7751,3.8157,8.2987,0.8706,606726.0,606726.0
002189.SZ,20260311,0.9556,0.71,,10.7291,4.3627,,564712.8282,564627.7492
688613.SH,20260311,4.5449,1.52,249.9381,2.2922,14.7058,,328683.593,328683.593
300933.SZ,20260311,4.0326,0.71,242.036,2.4143,1.711,0.2722,517547.5695,517547.5695
600510.SH,20260311,0.9064,0.72,90.2155,0.9108,1.7424,0.4461,948431.395,948431.395
002157.SZ,20260311,2.3702,0.84,,2.671,2.2905,,3135805.1177,2452412.1762
605567.SH,20260311,1.5384,0.67,58.6109,2.1287,0.8865,0.8606,232400.0,232400.0
000506.SZ,20260311,3.494,0.79,412.926,28.9008,35.7048,,1850603.3799,1849984.2663
603527.SH,20260311,3.1568,1.73,26.2974,1.7298,0.343,1.421,356909.5712,356909.5712
688655.SH,20260311,17.5834,1.8,,6.0314,5.7579,,396835.25,396835.25
600988.SH,20260311,3.4091,0.89,29.1865,6.3338,6.9278,0.3834,7930415.8458,6943502.1804
002548.SZ,20260311,4.0065,0.83,,3.8354,1.1713,,546594.6143,530951.1847
301131.SZ,20260311,2.7763,0.68,49.2997,2.2582,1.4667,1.1866,245650.9819,169047.1825
000605.SZ,20260311,1.2482,0.65,151.7211,1.2249,1.5407,0.2703,260967.364,260967.364
000913.SZ,20260311,3.0458,2.08,16.0293,1.8048,1.5361,5.5763,849921.909,745838.277
601233.SH,20260311,2.0898,0.7,29.5494,1.3618,0.5561,0.4626,5152917.2273,5143540.0285
920357.BJ,20260311,2.6173,1.32,30.3001,4.8779,3.28,2.0408,196196.0,109060.77
000967.SZ,20260311,3.7338,3.14,78.8404,1.7598,2.2454,1.9916,3005429.7639,3003998.9566
600062.SH,20260311,0.4047,0.63,11.9443,1.683,1.7242,2.5923,1887422.3939,1876920.8279
601111.SH,20260311,0.7167,0.51,474.2539,2.7706,0.7627,,12842037.856,8565648.5729
601216.SH,20260311,2.5829,0.96,16.1621,1.8852,2.1301,2.3292,5434083.1992,5434083.1992
002175.SZ,20260311,14.1013,4.32,,5.5715,14.8497,,450703.5966,450703.5966
688576.SH,20260311,1.4602,1.06,67.0774,2.0282,10.2215,1.2892,350532.4622,167887.4093
301040.SZ,20260311,13.8709,2.17,,5.919,6.2489,,432504.4591,407555.156
605186.SH,20260311,1.3171,0.82,330.0429,2.726,7.4806,,294440.0,294440.0
688603.SH,20260311,6.6886,0.7,129.0435,9.0498,22.9155,0.2313,1079241.3062,410339.1654
688321.SH,20260311,2.44,1.1,270.314,5.6016,15.1797,,1380647.87,1271137.8851
605368.SH,20260311,1.3379,0.36,19.3938,1.8927,1.4429,9.9765,608869.7996,608869.7996
688359.SH,20260311,2.603,0.74,,14.3622,18.4762,,845934.2546,845934.2546
603058.SH,20260311,4.8376,1.19,42.732,4.6535,5.7386,0.8652,558136.0844,556721.9229
002922.SZ,20260311,10.7102,2.04,74.0817,5.1533,3.7039,0.8241,1927280.6887,1702311.1806
603786.SH,20260311,0.5236,0.96,30.8319,4.5962,3.7408,1.0486,2503507.6833,2503507.6833
301585.SZ,20260311,0.9644,0.76,48.1808,3.2896,6.9532,1.0078,317512.0,207936.5633
920271.BJ,20260311,0.6118,0.78,20.8047,3.2784,5.4725,1.1435,208008.57,92045.7853
003003.SZ,20260311,4.7797,1.05,40.3279,1.9682,2.4609,1.372,254300.08,169508.9117
300424.SZ,20260311,4.7647,0.89,,6.0267,2.632,,458227.3746,457956.1257
002533.SZ,20260311,4.2533,0.69,19.2585,2.7085,0.5924,1.5585,1166966.2886,1013856.2385
000761.SZ,20260311,0.4412,0.82,,1.6766,0.315,,1458423.8698,1316423.8698
300712.SZ,20260311,6.8641,1.05,154.0126,4.7575,3.291,0.1502,612900.4424,610266.3527
688692.SH,20260311,3.4908,1.83,55.9461,7.8159,22.1442,0.235,2891696.64,1867617.4944
000935.SZ,20260311,0.5247,0.75,60.1397,2.7741,17.2793,,2155192.0601,2155192.0601
300311.SZ,20260311,2.1672,0.9,,6.5059,9.1424,,384642.8157,306860.5921
003009.SZ,20260311,3.8462,0.59,,6.8151,14.4622,0.0844,1049329.9923,1049126.6859
002689.SZ,20260311,0.8456,0.72,60.3231,3.37,3.1393,,411064.4257,410907.1405
600578.SH,20260311,0.7636,1.13,10.7416,1.5721,1.0211,2.1505,3735598.5264,3735598.5264
300685.SZ,20260311,0.9915,0.82,27.2227,4.0314,7.0098,1.4874,789728.4024,785817.8812
600621.SH,20260311,1.0046,0.81,29.2423,1.8606,8.2027,0.7486,1658185.5934,1658185.5934
688090.SH,20260311,4.6576,1.62,586.1879,7.7444,7.3896,0.1345,698243.5852,698243.5852
301636.SZ,20260311,35.1542,2.05,64.0374,5.0276,6.278,0.5885,542621.0242,135655.2582
300404.SZ,20260311,1.9961,0.76,531.9428,3.861,5.1199,0.1162,394326.8642,291696.269
601155.SH,20260311,0.5304,0.72,128.1684,0.5629,0.485,,3482681.6897,3482681.6897
603366.SH,20260311,0.9753,0.71,41.1943,1.8023,1.6282,0.5863,748817.301,748817.301
300480.SZ,20260311,8.5164,0.69,,9.0034,17.6861,0.1523,1153752.7985,809425.4348
603616.SH,20260311,7.212,0.68,,11.084,2.9733,,278227.098,273232.323
688789.SH,20260311,1.3306,1.17,26.5561,3.9294,6.0862,1.1499,1404555.5857,1404555.5857
301259.SZ,20260311,2.6951,0.87,,6.8498,21.0882,,566748.0,359198.4811
300452.SZ,20260311,2.3534,0.86,28.1389,3.9081,3.9004,1.9142,364575.9607,308869.566
000571.SZ,20260311,3.3463,1.07,,44.7087,9.8578,,634381.524,615378.1788
600581.SH,20260311,1.3287,0.73,,,0.2399,,443007.4844,443007.4844
000721.SZ,20260311,1.1869,0.82,,22.0414,8.1959,,479792.3615,428333.2175
002165.SZ,20260311,24.9826,1.75,175.9152,4.2907,3.1324,0.3353,877176.9155,868061.9887
300842.SZ,20260311,5.6106,1.0,156.178,8.1026,0.9103,0.2799,1508003.7323,1345688.5272
002263.SZ,20260311,3.8166,1.21,135.2582,2.4845,5.3411,,687479.7966,687474.3066
603885.SH,20260311,1.4379,1.02,36.243,2.7019,1.2026,0.8141,2655750.4059,2655750.4059
603511.SH,20260311,0.3332,0.78,49.6714,1.406,1.9641,2.6566,612136.6772,608859.2777
300676.SZ,20260311,0.8368,0.69,,2.032,5.0552,,1877825.3497,1867632.8507
000607.SZ,20260311,1.5432,0.79,,2.8033,3.6841,,434557.2211,377909.2806
002870.SZ,20260311,2.0201,1.04,42.5375,3.0296,0.859,0.2575,512849.6946,500757.8151
600501.SH,20260311,1.7404,0.89,,6.3927,4.8107,,1101647.315,1101647.315
300579.SZ,20260311,1.8532,1.08,,10.3876,8.5091,0.0997,812160.0,788934.0047
920121.BJ,20260311,2.9156,1.15,25.3056,3.4108,4.4544,,268236.823,48282.6324
688584.SH,20260311,0.8801,0.71,116.21,3.5275,11.1084,0.9137,1456688.3347,749592.9075
300080.SZ,20260311,4.6498,1.27,,2.2321,2.8611,,1077193.7507,1075744.8157
002990.SZ,20260311,1.6851,0.93,55.7296,2.8735,5.5671,0.7805,703072.9905,360046.1168
688593.SH,20260311,3.307,0.68,1690.4456,9.7618,24.609,,1509094.589,1059686.7783
688296.SH,20260311,2.1603,1.01,,2.8472,5.5712,,170911.4774,170110.7654
002673.SZ,20260311,0.4937,0.74,17.9438,1.1648,5.2019,1.2969,3441577.9129,3441577.9129
603926.SH,20260311,1.8844,0.87,47.6454,2.806,2.0109,1.2612,484689.8017,476681.7317
002448.SZ,20260311,9.0197,1.23,33.479,2.6658,2.6766,0.7697,993823.8921,769402.6838
300347.SZ,20260311,1.4353,1.14,79.5412,2.2993,7.4209,0.5263,4869102.3128,3201941.3349
600370.SH,20260311,0.9976,0.67,,1.7758,0.4012,,876753.1613,876753.1613
603690.SH,20260311,1.9423,0.72,,2.0571,3.0964,0.1843,1031705.6895,1031705.6895
600783.SH,20260311,6.3757,3.52,100.7089,3.6701,207.051,0.2998,1738078.9515,1738078.9515
920706.BJ,20260311,11.1322,1.23,52.0187,4.3074,6.8225,0.7215,256147.3391,117385.5236
600511.SH,20260311,1.1427,0.84,11.4688,1.2784,0.444,2.6169,2306515.6649,1691580.0182
920066.BJ,20260311,3.407,0.78,56.1235,3.9521,3.4958,0.2828,158767.5015,50200.0215
002660.SZ,20260311,1.4587,0.81,,2.8663,2.6057,1.0352,344500.7344,331325.1619
600288.SH,20260311,1.6463,0.84,158.7758,3.5984,3.5802,,684902.4,684902.4
603122.SH,20260311,2.3091,0.58,,6.0556,9.7225,0.7729,669524.5287,669524.5287
600079.SH,20260311,0.5814,0.61,22.1648,1.6742,1.3098,1.6495,3166518.3721,2993766.8138
920556.BJ,20260311,15.3455,1.43,69.3589,3.6432,5.8351,0.8361,192126.4032,139941.0279
300996.SZ,20260311,2.7462,1.31,45.3526,3.8807,5.8032,0.6155,488919.787,405940.3343
301202.SZ,20260311,7.4166,1.35,64.8743,5.1678,4.5874,1.3771,594294.8,161993.26
300384.SZ,20260311,2.8189,0.94,22.6167,2.128,7.0707,1.1931,588249.3967,406109.0416
603776.SH,20260311,1.1382,0.68,,1.5941,14.1783,1.0517,568259.3977,568259.3977
603538.SH,20260311,5.0049,1.1,51.8541,2.2964,3.3485,0.2131,515853.3838,505898.3686
002302.SZ,20260311,1.8644,1.08,,0.9689,0.4297,1.9113,825579.7148,825579.7148
688739.SH,20260311,0.387,1.0,76.9552,1.1314,7.6174,3.1095,1059032.35,1059032.35
688523.SH,20260311,11.0284,0.79,659.8643,16.9141,62.9834,,2832698.56,671943.9534
301219.SZ,20260311,1.5869,0.68,25.145,2.2718,2.7807,2.1365,2059188.9506,2018945.256
920871.BJ,20260311,1.8661,1.35,113.4327,4.701,7.4402,1.2457,124037.8202,68333.3549
002356.SZ,20260311,6.564,0.79,145.0588,9.3305,8.2155,,579574.4983,579571.1833
300160.SZ,20260311,1.636,1.03,22.1506,1.765,2.7336,1.6722,462221.8826,455890.9912
600223.SH,20260311,0.4346,0.72,33.6155,1.719,1.9056,0.8475,719730.6927,719730.6927
002685.SZ,20260311,2.475,1.41,56.4597,4.6444,8.4989,,729568.0241,729470.7728
688315.SH,20260311,0.5072,0.66,36.1798,2.27,2.7199,0.337,600992.8,600992.8
301656.SZ,20260311,1.7556,0.77,52.3797,6.5465,3.0287,,6052858.7205,420041.2137
603027.SH,20260311,1.0114,1.05,29.897,3.8264,4.5542,4.8737,1262469.7652,1183385.7525
603990.SH,20260311,2.7225,1.34,,5.3483,13.6509,,445947.6563,445947.6563
301578.SZ,20260311,4.1676,0.7,81.1756,3.1319,3.3955,1.0701,291554.729,82901.9022
300111.SZ,20260311,2.3796,0.64,906.363,8.3675,18.9948,,575383.1892,575383.1892
300607.SZ,20260311,2.4741,1.06,,4.7299,5.7974,,1347447.0639,938039.5663
002011.SZ,20260311,2.3161,1.65,12.4201,2.2553,1.1071,,1446515.4291,1426166.8259
601998.SH,20260311,0.0995,0.75,5.7837,0.5642,1.9223,4.9074,40843549.1018,29920041.4767
002413.SZ,20260311,12.8246,0.72,,5.99,13.6197,,2014633.2871,1978122.3689
300145.SZ,20260311,8.1426,1.17,41.771,3.5598,2.0531,,1046531.9096,1041401.6404
002690.SZ,20260311,0.8276,0.75,23.3825,6.161,6.918,3.6785,1678881.5967,825420.5695
002244.SZ,20260311,1.0602,1.13,10.1428,1.1287,0.3573,0.7607,3354136.5134,2895399.5155
300753.SZ,20260311,17.873,1.74,,6.4434,11.509,0.187,438142.848,305560.4252
605155.SH,20260311,1.7361,1.12,27.1585,2.5269,3.8104,1.4072,334771.675,326949.875
300037.SZ,20260311,4.2086,1.74,39.2998,4.2361,4.4768,0.6908,4315283.5027,3090523.8661
002403.SZ,20260311,0.8106,0.78,,2.3984,1.3893,0.1596,384240.3171,335198.1201
001217.SZ,20260311,7.9093,2.45,157.857,2.0678,2.3773,0.7138,464949.87,460344.8138
000680.SZ,20260311,1.1228,0.81,14.9842,3.2519,1.2762,0.7473,1897680.4042,1663097.7821
605318.SH,20260311,2.2711,1.41,,14.7188,16.3974,0.3965,951265.8258,951265.8258
603231.SH,20260311,1.9078,0.84,20.2447,1.8289,2.1742,1.986,356688.3126,197973.5245
300967.SZ,20260311,7.9096,0.6,16.7009,4.8171,2.9234,0.9405,394837.4181,262535.8652
301328.SZ,20260311,1.5942,0.93,58.9438,3.0046,8.8059,0.9413,583754.7713,583747.6001
301027.SZ,20260311,6.9473,0.61,171.1309,3.5203,4.9258,,335307.0,269710.6772
300969.SZ,20260311,4.4714,0.93,86.7127,11.2488,16.5738,0.2059,1554372.0134,697540.4492
301039.SZ,20260311,0.8895,0.75,20.2516,1.2045,0.8671,2.9979,1750432.2083,1356567.285
600371.SH,20260311,3.938,0.45,140.4278,5.1666,12.8667,1.5464,283800.66,283800.66
300674.SZ,20260311,1.7037,0.89,39.4045,3.5321,4.1219,1.1429,1563710.7303,1561389.1967
600704.SH,20260311,1.627,1.16,7.6096,0.715,0.049,5.5456,2890689.5585,2890689.5585
300539.SZ,20260311,2.9845,0.83,157.7154,6.9566,8.9134,0.3721,808323.4959,656933.0346
000581.SZ,20260311,2.8084,0.77,15.7849,1.2129,2.1153,4.0039,2421798.161,1988636.9577
003002.SZ,20260311,1.1268,0.88,28.9572,3.5136,4.0764,0.5668,527000.0,481802.5696
603709.SH,20260311,1.602,0.92,,4.4794,1.449,,231982.048,230201.0568
002092.SZ,20260311,6.8387,1.22,,0.9719,0.7265,,2097915.8088,2086244.5188
603661.SH,20260311,0.3637,0.69,16.8381,1.2504,0.3968,3.8024,464483.8835,464483.8835
601992.SH,20260311,0.9157,0.89,,0.5024,0.1977,2.6178,2039454.2866,1591824.2284
688550.SH,20260311,2.2791,1.12,25.1903,2.4107,4.6697,1.2969,782995.3488,782995.3488
920396.BJ,20260311,6.7758,0.73,63.7961,7.1753,10.0867,0.5753,260646.0798,185173.2896
603863.SH,20260311,3.1051,0.98,,11.37,8.0287,,414006.95,414006.95
002139.SZ,20260311,1.2089,0.89,29.5723,2.2573,1.4523,0.539,1595948.7846,1370892.7283
688297.SH,20260311,3.1987,0.53,423.3282,6.5485,12.4331,,3749625.0,3749625.0
300503.SZ,20260311,6.4311,1.55,126.6133,11.645,10.564,0.1036,1565483.841,1223912.5278
920060.BJ,20260311,6.356,1.42,43.2796,5.016,4.5747,1.4085,539758.5537,336626.1656
300817.SZ,20260311,1.3426,0.7,67.4604,4.2585,4.7772,1.4092,433758.6029,248894.1097
300955.SZ,20260311,5.33,2.96,,4.2267,3.3978,0.7609,370944.0,370944.0
002060.SZ,20260311,4.2,2.08,14.2247,1.1167,0.2184,3.4146,1539301.2292,640754.0106
002877.SZ,20260311,18.0958,0.78,634.8207,3.122,3.4232,0.188,378617.6915,255907.5897
301600.SZ,20260311,2.1516,0.77,70.8371,10.3702,12.9645,1.8209,1250101.06,385811.66
002250.SZ,20260311,2.0566,0.82,39.6546,2.3301,2.5388,0.1174,1532484.0886,1524143.7125
000503.SZ,20260311,0.8163,0.67,,6.8188,26.1934,,856845.913,856831.038
002492.SZ,20260311,1.8995,0.6,57.612,2.0724,10.5543,0.2251,358425.0,352083.7316
301086.SZ,20260311,6.737,1.78,145.8162,6.1397,13.6937,0.607,1186200.0,623918.9653
688411.SH,20260311,11.413,3.33,51.0331,10.1341,4.1737,0.409,4843227.3874,3565320.0045
688095.SH,20260311,2.4561,0.93,266.2343,2.7931,6.8142,0.3673,732703.3825,732703.3825
300860.SZ,20260311,2.1909,1.13,177.0158,1.6477,12.6623,0.788,502221.1768,291596.0625
301510.SZ,20260311,1.9497,0.77,210.944,9.8272,27.9421,0.1127,1384434.61,966170.1989
000537.SZ,20260311,5.5018,3.24,26.1503,1.1798,5.0824,2.1548,2349726.8742,2349726.8742
600312.SH,20260311,3.8857,0.8,28.7336,2.9668,2.5479,1.0485,3300032.6235,3300032.6235
002786.SZ,20260311,0.9811,0.73,,17.3178,1.6758,,397480.824,396277.824
000421.SZ,20260311,3.0223,0.45,22.6847,1.4229,0.4492,0.8645,399793.3509,399710.2227
605108.SH,20260311,0.7119,0.73,97.7099,2.0508,1.7924,0.6784,458120.0,458120.0
605178.SH,20260311,2.4812,0.85,,5.3867,18.726,,658386.6,658386.6
600433.SH,20260311,5.0518,2.39,,1.5923,0.9422,1.5584,673857.5047,673857.5047
002368.SZ,20260311,1.1701,0.86,57.4948,2.4764,1.5359,0.4488,1284479.6804,1278705.6529
603458.SH,20260311,2.8415,0.89,,1.1452,2.2286,,326940.981,326940.981
600990.SH,20260311,1.5641,0.84,,3.9107,4.5398,,704795.1612,699433.0096
603517.SH,20260311,1.0653,1.38,108.1349,1.1678,1.3547,2.6829,745382.3813,745382.3813
600115.SH,20260311,1.3763,0.89,,6.5522,0.7734,,10513762.6549,8103883.2891
600589.SH,20260311,16.3961,0.87,406.6105,24.9892,43.0981,,1777149.8583,1769728.4583
603222.SH,20260311,2.7246,1.36,,3.4007,7.4592,,475732.0972,475732.0972
000937.SZ,20260311,1.25,0.9,51.1562,1.0771,1.4001,10.327,2052990.7199,1994803.7889
002838.SZ,20260311,0.7315,0.97,72.9833,3.5321,2.1125,0.3557,1264885.3749,1112150.2783
688262.SH,20260311,3.6103,0.78,,6.3569,23.4873,,1249247.6765,1249247.6765
603406.SH,20260311,2.1314,0.9,32.8961,3.3412,4.1158,1.3423,1490037.25,136567.9727
300053.SZ,20260311,3.8292,0.9,,7.556,60.8891,,1285733.1259,1200760.9222
001258.SZ,20260311,13.2453,2.22,176.534,3.1027,9.4438,0.1685,941733.334,941723.4963
603628.SH,20260311,4.6784,1.39,44.3251,3.0249,1.7837,0.445,405832.0328,404446.0406
600459.SH,20260311,2.6477,0.71,27.0139,2.3147,0.3078,1.0646,1714884.6834,1714657.0243
600962.SH,20260311,0.7931,0.8,93.9732,5.6735,2.3471,,534908.4,534908.4
601985.SH,20260311,1.3262,1.25,23.7497,1.6181,2.2747,1.9856,18634609.879,17108256.0895
600642.SH,20260311,0.8197,1.01,11.2071,1.2139,1.5822,4.9396,4458506.3115,4458263.7851
600295.SH,20260311,0.6352,1.09,25.814,2.2515,1.7893,3.5503,4729931.8693,3338723.8693
600444.SH,20260311,1.5573,0.8,48.1937,3.7448,3.1375,0.5711,282008.641,282008.641
605100.SH,20260311,1.2217,0.97,208.4902,3.9992,9.4684,0.7267,706480.74,703178.616
301399.SZ,20260311,17.3339,3.14,102.6341,3.0776,8.2546,0.9486,403528.62,119264.9011
600606.SH,20260311,0.5351,0.97,,0.4048,0.1113,,2318946.0218,2318946.0218
300320.SZ,20260311,4.4453,1.82,32.6391,2.8029,1.9088,0.3478,691419.3197,558655.9125
003036.SZ,20260311,5.6449,1.45,84.9212,3.0678,2.9102,0.6313,424323.6176,424312.7285
301233.SZ,20260311,2.1195,0.79,32.5238,2.9339,6.4187,0.9241,283342.35,155134.3406
300313.SZ,20260311,4.4185,3.35,,52.7748,20.2147,,181512.6985,149396.0613
605118.SH,20260311,0.6556,0.94,65.7369,12.1575,23.1465,1.3829,1811488.512,1792938.864
300890.SZ,20260311,6.9837,1.34,289.4595,1.8445,2.5718,,378995.6898,346230.9604
301309.SZ,20260311,7.1876,1.94,26.5803,1.9384,3.5982,0.9567,313566.7936,79641.7936
002436.SZ,20260311,4.2599,0.61,,7.6972,6.0691,0.1219,4150602.8408,3688634.2992
301290.SZ,20260311,1.7527,0.89,,1.3319,7.0438,2.0849,283991.4019,193243.239
002173.SZ,20260311,17.6096,1.46,,7.5178,16.6709,,1338856.724,1263067.6801
300936.SZ,20260311,26.9171,2.09,,4.2362,18.261,0.1776,423526.4,267296.2688
002268.SZ,20260311,3.1595,1.15,107.6251,3.1613,7.623,0.2982,1701419.799,1700739.3909
688507.SH,20260311,3.9557,1.18,273.2698,3.0784,18.8736,0.3751,879147.2629,485759.7122
001316.SZ,20260311,2.4842,0.66,43.1424,4.643,5.8386,1.2077,580296.8322,561021.132
603838.SH,20260311,1.0075,1.17,,3.1596,8.4468,,295694.784,295694.784
002519.SZ,20260311,8.6501,1.12,,4.4026,210.0003,,1011534.9464,1004669.344
603529.SH,20260311,0.446,0.91,10.4624,2.5744,0.9709,4.3078,2450071.7813,2389272.9311
000900.SZ,20260311,1.1455,0.99,17.898,0.5915,0.9317,3.4562,658737.497,658708.202
600958.SH,20260311,0.5525,1.02,16.1417,1.0687,4.6729,2.2265,8326712.3862,7320093.2067
601156.SH,20260311,1.0068,0.7,11.179,1.5385,1.2402,1.5601,2930627.5564,1743723.3964
600770.SH,20260311,1.7997,0.73,165.4661,2.3583,19.2538,,808600.0,808600.0
300701.SZ,20260311,1.4038,0.74,55.4288,3.6364,8.0621,0.7987,353984.369,311900.5224
300847.SZ,20260311,2.1127,1.13,46.5013,3.6523,4.509,0.753,534594.06,534594.06
002153.SZ,20260311,1.2517,0.82,,4.3762,10.6466,0.0896,3045780.3266,1785336.4053
002410.SZ,20260311,1.4613,0.77,60.7088,3.5536,3.4631,1.1625,2114488.7578,2032743.7811
002929.SZ,20260311,6.8307,0.56,,2.3395,1.4903,0.2498,1478652.4522,1095968.6673
002489.SZ,20260311,1.1237,0.84,11.8876,1.656,1.3268,1.1173,776507.8401,684864.3562
002283.SZ,20260311,7.7232,1.2,30.8851,1.7639,2.8314,2.6415,1061974.0899,935286.6318
600255.SH,20260311,2.0939,0.75,159.0922,4.6274,1.4871,,670080.5203,670080.5203
002583.SZ,20260311,2.7336,1.26,,7.958,3.5584,,2033216.468,1434082.1328
300040.SZ,20260311,19.7915,1.11,,2.0018,3.5568,0.6992,517301.9905,415970.3402
920445.BJ,20260311,2.4989,0.5,66.9157,5.5079,4.473,2.5984,167778.7304,118707.3219
688310.SH,20260311,1.0099,0.69,43.7582,3.3113,6.3825,,285565.4274,285565.4274
000796.SZ,20260311,2.1604,0.71,,10.5018,12.6862,,870857.3814,722606.3778
002948.SZ,20260311,1.0292,0.8,5.9239,0.7185,2.1088,3.0303,3073147.2943,1643400.7482
300611.SZ,20260311,1.9102,0.71,37.9628,4.507,2.9289,0.4509,553859.9603,389147.0195
300951.SZ,20260311,1.6708,1.2,34.057,2.8343,4.9378,1.5223,659645.9247,589529.6262
688011.SH,20260311,1.915,0.99,,6.2947,57.333,,664800.0,662556.4529
688668.SH,20260311,4.4707,1.35,83.6383,10.6104,12.7418,0.4817,2018031.0809,2018031.0809
000723.SZ,20260311,4.5888,0.84,,1.7961,1.3509,,2382290.0468,2377918.9659
688037.SH,20260311,3.5657,1.17,501.5266,12.8752,18.4534,0.0615,3595619.5696,3595619.5696
603590.SH,20260311,1.0479,0.84,110.6538,1.9806,7.2542,1.5114,632066.6461,628938.3211
002258.SZ,20260311,3.1923,1.35,27.4856,1.6681,1.4609,2.4331,1315918.8028,1313803.1672
688369.SH,20260311,3.8473,1.0,,3.276,3.0527,,276292.9343,276292.9343
601107.SH,20260311,0.769,1.24,11.7194,1.0097,2.1095,4.6252,1917403.62,1356037.98
000980.SZ,20260311,1.6837,0.93,,1094.0458,23.2274,,1376615.5327,1373569.1077
920198.BJ,20260311,4.3566,0.49,,3.7827,9.2271,,162977.5107,71170.663
300994.SZ,20260311,2.3209,0.76,21.4011,3.2813,1.0767,2.5707,362684.928,181529.184
000521.SZ,20260311,1.7234,1.22,9.9665,1.0545,0.2097,5.1887,655031.4827,556868.6816
688509.SH,20260311,2.3804,0.95,,3.3415,6.464,,379610.0,189702.5546
300863.SZ,20260311,0.789,0.7,60.0922,7.0776,2.5699,0.3971,1010880.591,971627.3762
300427.SZ,20260311,11.7396,0.61,,6.5007,10.5667,,780070.1371,771609.4982
300743.SZ,20260311,1.6793,0.7,27.0453,4.7656,3.3985,2.5275,295773.9639,249215.7126
002449.SZ,20260311,5.9591,0.91,339.9479,1.4139,1.6496,0.5708,541786.0,541786.0
002846.SZ,20260311,3.2733,1.2,,4.4916,2.9145,,634610.384,388354.3431
003033.SZ,20260311,1.2038,0.86,28.379,3.5533,2.5722,0.8224,497040.0,490921.3434
600008.SH,20260311,2.1242,1.48,13.901,1.1549,1.2112,6.4815,2378351.3793,2378351.3793
000819.SZ,20260311,2.3877,0.52,,2.813,1.6859,0.6195,596749.7772,590334.6742
002661.SZ,20260311,0.7806,0.51,27.5339,1.3838,0.7368,4.3278,315814.5794,298214.0825
300107.SZ,20260311,10.7221,1.2,422.2721,3.2694,9.8267,0.183,491871.7022,303529.3773
000001.SZ,20260311,0.3713,0.92,4.9012,0.4766,1.5564,5.4914,21133044.9176,21132699.1111
002130.SZ,20260311,4.0744,0.79,32.4049,4.2773,4.3534,0.5157,3678903.9873,3007776.8816
603789.SH,20260311,1.4905,1.39,,9.6221,3.7817,,142685.4548,139880.0
002078.SZ,20260311,0.6833,0.79,14.4193,1.5398,1.1989,2.3795,4697613.535,4668801.311
002361.SZ,20260311,22.1973,2.2,368.4917,5.7873,5.0925,0.3712,1281044.1032,1089888.6594
600696.SH,20260311,2.3549,1.62,,2.1997,7.1241,,63214.7225,63214.7225
688403.SH,20260311,3.1529,0.83,90.2521,3.9746,7.8603,0.5599,1401605.0235,1401605.0235
601939.SH,20260311,0.897,0.75,7.0218,0.6994,3.1364,4.2284,236748345.2204,8682260.1334
603727.SH,20260311,5.2854,0.56,175.1371,1.6299,2.3386,0.269,515546.2769,515546.2769
002066.SZ,20260311,1.5371,1.11,250.5183,6.4266,1.1801,0.7631,454075.231,446523.0
688313.SH,20260311,7.1345,0.97,109.4894,24.6367,17.5708,0.0725,3740638.8505,3740638.8505
688336.SH,20260311,0.5278,0.77,12.4849,6.2252,8.7375,0.2068,3668961.4818,3661240.4672
301658.SZ,20260311,50.2977,1.15,121.9569,5.9968,7.8581,0.2743,1894432.9942,189443.3017
002939.SZ,20260311,0.4368,0.75,15.8547,1.2229,7.228,1.7722,3824636.7543,3415321.3302
603272.SH,20260311,1.5201,0.64,115.1171,4.3132,10.4471,0.4118,240725.521,240725.521
000815.SZ,20260311,30.7608,1.4,,9.1282,27.3754,,1232701.3611,1232701.3611
601128.SH,20260311,1.176,0.86,5.7161,0.8063,2.0686,5.2181,2397843.9426,2397843.9426
001239.SZ,20260311,1.5743,0.66,36.5194,2.8055,1.9851,,386640.0,183654.0
000002.SZ,20260311,0.7931,0.83,,0.317,0.1957,,5571641.323,4537558.6267
300929.SZ,20260311,2.9435,0.99,,2.1031,4.5148,,169262.3166,162363.363
301563.SZ,20260311,5.6839,0.87,85.3031,8.1206,3.2926,,974332.1893,208759.4367
600182.SH,20260311,2.7614,2.77,35.845,4.8489,1.036,5.9103,500480.0,250240.0
603187.SH,20260311,1.5461,0.59,17.032,1.5837,2.066,4.7166,651111.1403,644279.7863
301108.SZ,20260311,1.2325,0.59,66.3149,1.8592,4.9609,0.5523,349374.6062,201426.798
688511.SH,20260311,1.5215,1.24,87.6053,3.5346,19.909,,299027.1449,299027.1449
002211.SZ,20260311,0.9971,0.74,,120.1686,3.6009,,163043.3687,163043.3687
301366.SZ,20260311,3.6724,1.1,332.3462,3.4388,7.0601,0.8097,735262.5293,267699.459
688799.SH,20260311,1.2482,0.79,24.1248,2.8474,3.8436,0.9661,582535.52,582535.52
002702.SZ,20260311,4.1521,0.99,,3.226,2.1981,,337346.32,278457.4563
300800.SZ,20260311,1.1359,0.76,76.8158,1.541,3.8622,1.1951,309444.013,306336.6205
920266.BJ,20260311,0.9135,0.95,,1.252,2.5343,,109740.0062,104864.0544
301319.SZ,20260311,3.5182,1.04,68.5737,5.0193,4.1524,1.1558,588528.2919,442348.1205
301283.SZ,20260311,1.2913,0.77,25.4475,2.3783,1.8562,1.4307,389302.6763,306323.2309
300957.SZ,20260311,1.3271,1.15,50.8207,3.0745,3.5319,2.0715,1830375.6,1830375.6
600623.SH,20260311,3.8854,1.04,34.5059,1.094,0.5243,1.5834,2424273.3218,2137643.5366
301115.SZ,20260311,5.0644,1.32,137.9706,1.6703,2.9841,1.4847,421740.1053,355653.9088
002277.SZ,20260311,1.0736,0.8,,1.433,9.0374,0.0724,963373.4048,963373.4048
002219.SZ,20260311,2.8408,0.78,360.3152,4.3025,2.5096,,846845.4383,818010.93
600681.SH,20260311,4.2224,0.56,17.5227,1.6759,1.1121,5.3531,588635.2616,588176.0509
000089.SZ,20260311,0.5866,0.86,25.026,1.2635,2.8595,1.683,1462198.6599,1462179.3333
300479.SZ,20260311,2.683,0.82,179.2619,9.4876,4.0377,,417332.5521,417094.2771
600319.SH,20260311,6.8485,1.8,,8.7371,3.9389,,352040.1207,352040.1207
002891.SZ,20260311,0.7045,0.62,30.5233,4.6984,2.6455,0.7815,1358741.968,1358741.968
301133.SZ,20260311,3.1726,1.34,105.8736,3.5022,4.2894,0.3333,479914.6314,439098.2135
300982.SZ,20260311,10.4243,1.49,635.0167,1.9756,3.3437,2.1154,573500.4196,537288.9916
600081.SH,20260311,0.6584,1.1,125.2924,1.4318,0.9904,0.4212,656442.0638,656442.0638
603662.SH,20260311,0.7501,0.7,53.5016,6.2944,11.8884,0.4518,1733281.9453,1733281.9453
300716.SZ,20260311,3.0514,1.18,,,37.5041,,238429.8,238429.8
601016.SH,20260311,9.709,2.03,28.8334,1.5041,5.6097,2.7186,2595473.4181,2391462.5995
600769.SH,20260311,10.7673,4.12,304.7525,46.8664,71.4494,,563215.7544,563215.7544
688015.SH,20260311,0.6758,0.82,30.3124,1.7709,1.8583,0.9204,471513.1743,471513.1743
003041.SZ,20260311,8.7353,4.82,33.3938,5.7042,8.5235,1.38,834768.0,793165.2498
002174.SZ,20260311,1.3728,0.62,,2.085,7.0984,,1033700.5702,1033118.2893
002214.SZ,20260311,0.6468,0.81,,7.7496,25.2857,,1095552.7172,875502.475
000697.SZ,20260311,1.5203,0.59,,,7.8988,,1440763.1256,674006.7831
000026.SZ,20260311,0.8863,0.87,42.404,1.8552,1.7521,2.5907,626499.6268,562885.2458
603636.SH,20260311,1.2165,0.83,,2.6744,6.1481,,601253.5018,601253.5018
920571.BJ,20260311,14.5378,0.6,218.533,4.5794,6.214,0.8969,619279.3101,313530.5919
002640.SZ,20260311,2.7869,0.75,,6.8664,1.0577,,585823.5401,582146.5139
600021.SH,20260311,1.9783,0.71,22.7352,2.8372,1.4165,1.3155,5995124.2581,5995124.2581
001226.SZ,20260311,2.1417,0.64,156.9519,4.6189,5.1481,0.8873,336597.4836,152941.5636
300910.SZ,20260311,1.0714,0.56,20.1872,4.3905,4.7201,2.1663,1608408.2359,1127686.785
000978.SZ,20260311,2.1802,1.13,,3.0342,7.8471,,336117.34,336109.2625
603683.SH,20260311,4.447,0.63,123.5641,4.9206,3.894,0.327,792243.0112,783781.0171
000037.SZ,20260311,4.403,1.22,128.2938,4.1534,17.4011,,610598.5097,343313.956
002150.SZ,20260311,4.3239,0.82,43.4596,5.3492,3.0423,0.3391,1071058.6073,1064161.4947
301191.SZ,20260311,12.7515,2.27,147.191,5.2974,5.3178,0.7822,880643.4,662919.4641
688439.SH,20260311,1.1502,0.81,85.1518,2.2877,16.1819,0.2833,1150800.0,1150800.0
000915.SZ,20260311,1.4115,1.18,13.8482,2.8277,3.2769,7.5781,773059.569,772558.9458
600243.SH,20260311,1.9755,1.03,,2.4313,6.2197,,154036.35,154036.35
300759.SZ,20260311,1.0979,0.89,33.0051,3.1301,3.6857,0.7358,4991899.6173,3858226.819
601059.SH,20260311,0.2302,0.58,30.7816,2.7916,14.2485,0.4253,5642820.0,5642820.0
600054.SH,20260311,1.6667,0.84,32.7138,1.9589,4.5154,1.9025,927770.6477,652917.6
603579.SH,20260311,1.5202,0.79,27.9394,1.6294,2.8326,1.3687,447743.6146,447743.6146
002528.SZ,20260311,2.636,0.79,,41.8197,7.1545,,423132.3039,370727.5107
002271.SZ,20260311,2.0975,0.88,,1.9312,1.4922,10.9856,4022570.5743,3224829.0531
301152.SZ,20260311,5.8485,1.73,,2.698,1.8551,,353963.9609,211649.1577
688520.SH,20260311,0.3594,0.61,,,11.2893,,1761302.7489,1761302.7489
002823.SZ,20260311,2.4812,0.88,23.3422,2.679,1.8803,2.0204,544435.7174,362966.5364
301070.SZ,20260311,2.7997,0.96,2102.1351,7.35,19.846,,578192.8147,380345.5584
000545.SZ,20260311,14.2075,0.86,,4.1437,2.162,,377957.0758,377409.3858
920062.BJ,20260311,10.6288,0.77,152.0176,3.2439,1.6958,0.2314,241921.4471,171159.8264
600643.SH,20260311,0.574,0.66,,0.626,5.7676,,748790.2657,747465.3065
600875.SH,20260311,5.5026,0.88,43.5287,3.1949,1.8617,0.981,14206944.2192,9297909.9723
002299.SZ,20260311,1.2763,0.79,15.8903,2.17,1.2209,2.5918,2384288.2809,2337922.4798
603613.SH,20260311,0.7175,0.71,13.1264,2.1228,0.3615,0.2518,1884206.381,1884206.381
600688.SH,20260311,1.9496,0.52,,1.4423,0.4374,0.6024,3500149.01,2433166.082
688153.SH,20260311,0.6226,0.62,345.596,3.8598,6.693,,1553429.9589,1475116.099
002806.SZ,20260311,4.0363,0.86,47.6328,2.9074,2.8703,,334867.2019,274390.796
000020.SZ,20260311,1.3024,0.81,95.5686,9.8424,4.6815,,418229.1323,267581.2825
300927.SZ,20260311,13.1122,1.45,18.929,5.3465,4.0348,0.2524,514787.76,502409.9244
600257.SH,20260311,2.7304,0.79,,4.1661,3.5918,,332053.6597,332053.6597
002061.SZ,20260311,1.9435,1.76,9.4962,0.7138,0.232,2.965,1125880.1021,1094237.0559
603816.SH,20260311,0.5104,0.74,17.8448,2.7585,1.4468,3.9808,2848793.8679,2816592.4891
002878.SZ,20260311,2.2938,0.57,,3.4575,1.4189,,444861.9524,400613.9589
605136.SH,20260311,1.8222,1.1,,1.7084,2.4916,,418078.674,418078.674
300291.SZ,20260311,1.3318,0.76,,2.3475,28.8777,,716778.0244,708307.3281
002232.SZ,20260311,0.6619,0.81,779.2738,5.45,8.6458,0.0554,737429.9613,737429.9613
688279.SH,20260311,0.8338,0.84,89.3944,4.023,26.179,0.4366,2026007.808,1646622.208
300326.SZ,20260311,1.3563,1.35,,1.6647,4.5381,,463907.2053,460694.6937
002656.SZ,20260311,2.6251,1.49,,5.1141,4.0596,,217318.5524,206359.8899
002589.SZ,20260311,1.8308,0.86,,0.8889,0.6499,0.1249,475488.5088,431526.9292
002945.SZ,20260311,0.9124,0.73,92.3075,6.2978,28.0101,0.2382,4533300.0,4533300.0
600328.SH,20260311,6.3465,2.22,5518.1701,1.2135,1.205,1.2384,1457511.6758,1457511.6758
600970.SH,20260311,1.0947,1.39,9.9552,1.3466,0.6295,3.9817,2983630.6183,2980120.3674
002892.SZ,20260311,1.2311,0.83,257.637,6.8554,4.9156,0.3474,893444.496,580100.6796
000400.SZ,20260311,5.2344,0.73,29.8969,2.8956,1.9812,1.1765,3359416.1772,3336590.7522
603359.SH,20260311,3.1458,1.31,,1.1198,11.1081,,296207.744,296207.744
301028.SZ,20260311,1.4397,0.91,25.3542,3.5588,4.8199,1.3356,573386.1842,370949.9409
002148.SZ,20260311,1.8613,0.81,371.6309,3.7563,12.5793,0.1947,458928.5979,368889.7586
300220.SZ,20260311,1.2948,0.7,1106.4138,36.7716,9.1257,,231638.4,231361.6411
300655.SZ,20260311,3.4248,0.94,,6.879,11.1933,0.3336,1747876.2587,1737282.888
300013.SZ,20260311,3.8902,0.72,,12.0304,4.6636,,235627.4533,188195.7754
688059.SH,20260311,3.7916,1.07,69.7048,6.984,12.8328,0.7182,1301827.7194,1218392.9293
688385.SH,20260311,2.367,1.03,256.3273,9.5792,14.9549,0.1102,5955446.7975,3899740.8975
002481.SZ,20260311,0.6245,0.73,90.6804,2.451,2.64,0.6112,599576.499,543331.0386
603049.SH,20260311,1.9999,0.53,11.0816,1.8755,1.0375,2.5106,4528086.4264,452808.6437
603866.SH,20260311,0.8791,0.92,21.7253,1.602,1.5244,2.4857,836653.1181,836653.1181
920837.BJ,20260311,0.8231,0.44,30.9742,4.0824,3.8529,1.4351,232575.7025,209695.6775
002678.SZ,20260311,1.1896,0.77,,2.3699,14.3336,,768809.3028,768387.1376
603233.SH,20260311,0.3792,0.93,19.3507,3.308,0.8204,3.3428,2201393.3135,2201393.3135
300827.SZ,20260311,14.8993,1.71,52.6621,5.5601,4.2758,0.1901,2252930.8202,1559084.2608
688455.SH,20260311,3.1284,0.74,126.2346,4.208,1.7546,,401089.1997,279352.1997
301558.SZ,20260311,3.3396,0.78,2124.2097,5.0312,3.8921,,682356.3079,189678.7371
300912.SZ,20260311,8.974,0.8,,6.4912,5.7485,,319946.37,239330.9941
301511.SZ,20260311,20.062,2.4,970.6989,6.1117,2.265,,2483468.68,1476046.3409
688355.SH,20260311,3.9074,1.25,35.2836,2.5546,5.3045,1.9738,281380.2834,281380.2834
600019.SH,20260311,0.5408,0.76,16.2456,0.7508,0.492,3.0752,15334587.6633,15334587.6633
603507.SH,20260311,10.1277,2.04,114.5315,2.6895,1.6647,0.8372,651320.8189,642383.3329
600886.SH,20260311,0.6744,1.1,17.8154,1.7695,2.1717,3.116,11726584.0938,10920373.4026
688171.SH,20260311,1.4563,0.76,395.945,5.8148,34.7932,0.0718,484042.7052,484042.7052
002666.SZ,20260311,2.9169,1.0,66.4798,1.3246,0.8624,1.5218,468071.5848,297396.9114
000409.SZ,20260311,1.2458,0.8,123.5036,4.9178,5.5854,,773313.3262,673742.3969
603666.SH,20260311,1.4941,1.0,,2.8212,11.0585,,597271.4005,597271.4005
001339.SZ,20260311,15.7365,1.0,109.7183,8.4565,4.5091,0.1051,1905472.6294,901876.2676
002006.SZ,20260311,1.9855,1.11,46.8319,4.2604,5.4165,0.7613,1023993.0768,1023993.0768
603353.SH,20260311,6.3869,0.64,927.3934,4.5133,2.6224,0.4688,736617.21,730241.13
002958.SZ,20260311,1.0184,0.96,5.8159,0.4649,1.6272,3.8585,1727798.5869,1691709.6854
603175.SH,20260311,10.4228,0.7,150.7725,11.9546,7.2907,,3468264.6915,349178.5083
002982.SZ,20260311,7.3284,0.69,98.1767,1.947,0.6877,0.4699,308854.8298,197411.3376
002300.SZ,20260311,19.8473,1.3,103.896,4.4315,0.6724,0.9483,837907.092,837833.4413
600657.SH,20260311,0.4311,0.8,,0.4925,1.2637,,912601.1504,912601.1504
002867.SZ,20260311,0.7276,1.03,12.7304,2.2039,1.3394,7.4013,1319936.2539,1312181.7137
300369.SZ,20260311,20.7113,2.13,,3.4436,3.5764,,845478.6281,842802.3329
600858.SH,20260311,1.3611,0.81,81.3722,1.1659,0.5938,0.626,315680.4195,314151.6536
920394.BJ,20260311,0.544,0.39,60.6998,9.5641,17.4019,0.376,777903.75,772174.187
301581.SZ,20260311,1.4008,1.17,56.5094,4.03,4.9181,1.3834,404800.0,247322.68
603095.SH,20260311,1.895,0.7,48.9256,2.259,4.1427,4.2782,523769.9376,523769.9376
600150.SH,20260311,1.0692,0.72,38.2386,1.9494,2.1194,0.4064,27513671.4289,27513671.4289
300536.SZ,20260311,1.8003,0.43,,5.653,14.766,,253107.6588,253089.3097
605319.SH,20260311,1.2455,0.89,19.4072,3.335,3.0945,1.936,865413.3435,744319.9515
300595.SZ,20260311,1.2191,0.87,28.2588,2.85,7.6538,1.8055,1389488.7189,1037503.8675
603255.SH,20260311,1.9578,0.95,,2.6335,4.9215,,418176.3094,188517.9955
000561.SZ,20260311,2.1922,0.96,,2.9748,6.2093,,938323.8065,778006.1874
600428.SH,20260311,2.7291,0.64,13.6754,1.3716,1.0617,3.3777,2266478.2463,2019805.8916
300546.SZ,20260311,3.1231,1.01,123.2174,4.032,7.9529,0.1853,453330.8064,325277.0696
600531.SH,20260311,3.4779,0.71,22.5618,3.0352,0.4363,1.2445,1971098.1977,1971098.1977
002498.SZ,20260311,9.0864,0.96,53.0191,3.5225,3.0004,0.4237,3140495.424,3140495.424
000599.SZ,20260311,2.2839,0.91,,4.228,1.2348,,556212.8701,556203.4213
688796.SH,20260311,3.6258,0.77,209.5419,16.6869,26.3217,,3629262.0688,291443.5326
688560.SH,20260311,2.8412,0.93,,1.3495,4.8563,,349460.1296,349460.1296
002863.SZ,20260311,1.5956,0.74,46.08,1.2828,0.6529,0.2801,363886.5173,363886.5173
688727.SH,20260311,4.6639,0.82,225.116,9.208,35.0439,,2310401.3832,258350.3544
002743.SZ,20260311,1.5244,0.81,103.2551,0.7762,0.7607,,255937.8651,255527.7351
601700.SH,20260311,5.3561,1.39,287.5982,3.0988,2.9202,0.2839,785742.537,785742.537
603378.SH,20260311,1.3552,0.77,,2.7269,3.7531,,272158.8677,272158.8677
002919.SZ,20260311,2.0218,0.79,,7.3673,4.1052,0.2198,605280.6959,600425.5341
601319.SH,20260311,0.0997,0.55,7.0944,1.2182,0.5622,2.2428,37855735.939,30386079.635
001215.SZ,20260311,2.3461,0.99,63.217,1.8928,1.8781,,353469.7025,352096.2375
300211.SZ,20260311,0.9895,1.16,,5.7953,13.5251,,268673.8751,262623.6934
300071.SZ,20260311,7.1014,1.18,,38.4101,5.2079,,538811.3438,528451.1341
000608.SZ,20260311,4.2245,1.13,,1.3104,7.9704,,272218.5312,270590.2039
002687.SZ,20260311,1.6579,0.78,44.9396,1.786,2.0787,,266523.5712,218301.4068
300785.SZ,20260311,6.2532,1.0,121.045,5.4411,7.8349,0.2903,1027485.0406,632101.2506
600831.SH,20260311,1.1455,0.7,,2.0461,2.3273,,300730.5776,300730.5776
603800.SH,20260311,2.5191,1.63,87.133,9.5344,6.8849,0.2455,821600.0,821600.0
300740.SZ,20260311,2.3041,0.67,55.6396,4.0704,1.8316,,842811.8326,775761.7206
603822.SH,20260311,1.8601,0.82,,19.8206,2.7327,,885418.3362,885418.3362
301418.SZ,20260311,3.1821,0.92,188.488,1.8194,8.6559,,294433.336,118186.881
300834.SZ,20260311,1.1762,0.97,74.5411,1.669,3.4334,1.1913,490092.2531,486839.7509
002876.SZ,20260311,7.3724,1.67,103.2963,2.098,1.4866,0.5211,499397.5247,427782.7055
301313.SZ,20260311,6.4665,1.04,,4.7173,6.2784,,339740.9656,247901.8564
301163.SZ,20260311,2.7403,0.88,71.9255,2.2817,3.1611,0.3936,259161.6,173808.6295
300172.SZ,20260311,6.931,0.71,54.2179,2.1959,5.6036,0.7949,425650.59,329289.2914
300666.SZ,20260311,5.154,0.88,82.2849,8.0078,8.599,0.2042,3960176.5145,3300991.0686
000514.SZ,20260311,0.7033,0.63,44.9063,1.1013,14.3228,,417666.6277,417666.6277
600282.SH,20260311,0.7075,1.16,13.508,1.3445,0.6496,3.4626,3625073.5145,3625073.5145
000166.SZ,20260311,0.2905,0.8,13.0848,1.1122,4.5819,1.6531,12269572.8344,11042398.5848
688566.SH,20260311,1.4221,1.15,23.415,2.4954,6.2768,1.7122,605671.537,605671.537
600741.SH,20260311,0.3158,0.75,8.6797,0.926,0.3326,4.2083,5993328.2936,5993328.2936
688631.SH,20260311,5.2853,1.62,206.9092,5.9627,8.9736,0.5722,1142818.77,453506.17
001317.SZ,20260311,2.7848,0.99,,4.0524,2.6101,0.1986,403014.9086,402617.5023
605305.SH,20260311,2.107,0.99,15.9754,2.8849,4.7921,2.1183,822664.92,822664.92
300558.SZ,20260311,0.6795,0.64,61.0134,3.1666,5.668,0.4523,1850387.4415,1844488.9187
000707.SZ,20260311,5.0561,1.17,,1.3717,1.7564,2.1568,390591.0849,367869.9975
603138.SH,20260311,12.4562,1.06,,8.9035,16.2739,,682960.178,670108.7834
600732.SH,20260311,2.933,0.82,,4.9944,2.1749,,3230923.3825,2759803.6335
002599.SZ,20260311,2.0846,0.71,,3.2905,1.9611,0.2614,407500.0371,304475.153
920006.BJ,20260311,3.896,0.42,298.7271,7.4136,20.9967,0.4197,236642.7512,125276.2306
002423.SZ,20260311,0.7139,0.91,26.0,1.116,,1.4616,2490738.1266,2490738.1266
600855.SH,20260311,3.0113,0.89,,5.7553,7.6754,,881328.8714,879630.3284
600379.SH,20260311,2.7916,0.81,64.7435,5.9957,3.6507,0.5782,458319.7708,458319.7708
300733.SZ,20260311,1.0385,0.71,59.711,3.1163,2.7646,0.2844,532793.756,393018.5806
002507.SZ,20260311,1.0437,0.78,19.4884,1.7292,6.1541,4.7803,1496632.9793,1490142.126
002333.SZ,20260311,0.8588,0.68,78.8412,2.0735,2.4017,0.1701,396855.7824,391907.5642
000534.SZ,20260311,6.9446,1.12,105.5987,15.1087,19.0341,0.1021,2364305.1142,2319862.7302
003042.SZ,20260311,3.6549,0.66,,2.0111,1.3233,,264015.44,236008.7255
002475.SZ,20260311,2.32,1.47,23.1222,4.6515,1.1696,0.7153,36553784.5375,36469941.4118
600361.SH,20260311,2.5572,1.08,19.7694,1.6458,0.2292,1.6524,1836719.2877,1836719.2877
603100.SH,20260311,0.9483,0.84,18.5882,2.6034,1.7237,2.5176,1172087.534,1168355.4551
300865.SZ,20260311,1.7425,0.83,,3.2546,9.0476,,283117.12,166448.005
300096.SZ,20260311,1.5862,1.17,57.6502,10.3022,7.1492,,361200.0,361200.0
600038.SH,20260311,1.395,0.8,52.8541,1.7501,1.0975,0.5539,3019666.7035,2463688.4189
600128.SH,20260311,2.5185,0.93,62.0529,1.3313,0.3742,0.8518,289705.2037,284029.3925
603698.SH,20260311,3.7424,0.96,92.6466,5.2637,3.8418,0.4808,1817006.1,1817006.1
920166.BJ,20260311,6.6432,0.82,27.05,3.7985,6.7229,,232131.7658,73266.5917
002730.SZ,20260311,10.7865,1.38,76.6104,4.4834,5.9884,0.6445,730315.118,697942.268
002284.SZ,20260311,1.8994,0.89,29.4251,3.5341,2.1625,0.3268,1130823.5324,1118757.6847
002537.SZ,20260311,3.8156,0.89,50.3593,2.4486,1.5621,,1035482.7691,1031234.1751
600593.SH,20260311,3.3732,0.86,,21.9191,10.451,,529737.145,523056.8
000809.SZ,20260311,3.7969,0.79,,1.1489,7.6614,,306822.361,306822.361
601882.SH,20260311,3.9444,3.46,25.4249,4.0671,3.4361,1.618,1161450.0,1161450.0
000564.SZ,20260311,1.4167,1.24,,2.5471,26.6939,,4008890.0646,3266733.7926
000617.SZ,20260311,0.5964,0.56,26.2414,1.0849,127.2754,1.2528,11302018.6966,11302018.6966
002578.SZ,20260311,3.2585,0.74,,2.6891,2.148,,408304.1296,374605.714
300396.SZ,20260311,0.8553,1.12,,1.8441,6.84,2.0281,349601.6064,349075.9967
002286.SZ,20260311,3.0806,0.75,27.4419,1.7937,1.4674,0.5768,395409.5078,383964.6631
002574.SZ,20260311,1.2874,0.63,,1.0778,1.0548,,321024.0,321024.0
300131.SZ,20260311,3.401,0.88,387.239,8.7783,2.8506,,1551571.636,1424779.6944
600829.SH,20260311,1.0286,0.98,50.2772,2.0014,0.5864,,599024.9207,599024.9207
001225.SZ,20260311,7.0693,0.55,78.7785,2.6556,14.5698,2.1547,366746.3424,117143.8881
301379.SZ,20260311,2.6567,0.74,34.8056,3.8724,3.1151,1.0176,547351.5294,351568.053
300343.SZ,20260311,1.3011,0.81,130.9337,3.7458,8.0318,,721554.1553,719698.0876
300683.SZ,20260311,12.3379,2.02,,2.2087,7.9586,,493340.9597,460061.6319
301182.SZ,20260311,6.4992,1.22,,6.9483,7.8771,,530085.6444,530085.6444
600530.SH,20260311,0.5797,0.64,178.8635,14.3378,14.5942,0.2003,456427.88,456427.88
600097.SH,20260311,2.0795,1.0,27.2438,1.2373,1.2556,0.6717,286955.4418,286955.4418
688089.SH,20260311,0.955,0.63,21.1918,2.0162,5.7764,1.0137,332073.8938,332073.8938
603813.SH,20260311,0.4898,0.52,,6.8517,9.0775,,373748.385,373748.385
300174.SZ,20260311,2.2491,0.98,25.5084,1.8248,3.2991,1.3329,624984.9778,621525.8632
688007.SH,20260311,1.3489,0.91,,2.9041,4.1702,0.1602,712863.8499,712863.8499
002416.SZ,20260311,2.1366,0.81,42.2477,2.8559,0.3489,3.7258,1663116.1837,1642479.576
000953.SZ,20260311,1.8338,0.66,342.6082,17.5536,15.5251,,270564.3021,270564.3021
301428.SZ,20260311,24.9831,2.0,84.0656,2.8994,3.4239,0.2648,368914.6679,228814.3379
600810.SH,20260311,2.5594,0.87,,1.276,0.7049,0.5111,953472.0959,945041.3879
300073.SZ,20260311,3.5113,1.55,58.9468,2.0656,3.1777,0.3367,3008311.103,2796503.4414
603477.SH,20260311,3.6022,0.85,26.738,3.29,1.2617,0.8736,979335.1891,979335.1891
603376.SH,20260311,2.4775,0.79,50.8339,8.5182,5.2586,,1434003.585,111269.7852
301119.SZ,20260311,1.7831,1.1,43.4418,4.9261,10.9512,1.904,502528.0,406419.52
000858.SZ,20260311,0.2777,0.79,13.9491,2.9936,4.8248,5.6244,39662270.5951,39660600.0236
603162.SH,20260311,2.974,0.5,32.1476,2.9322,3.0811,0.7334,1257367.2473,378410.1671
300322.SZ,20260311,11.9292,1.49,,13.5851,5.3704,,1354812.3606,1297068.597
300371.SZ,20260311,2.3034,0.72,43.3981,2.4576,6.3783,0.6209,287338.2987,191938.0241
603180.SH,20260311,0.3703,0.52,21.6264,1.1249,0.9117,1.9152,312370.7085,312370.7085
603001.SH,20260311,1.6554,0.7,,1.654,1.8468,1.5291,393361.38,393361.38
603161.SH,20260311,2.2701,1.39,33.3704,2.0607,1.3578,1.034,307747.397,301955.2713
688323.SH,20260311,2.7312,0.95,,5.5214,10.4586,,404460.5033,404460.5033
301602.SZ,20260311,0.3903,0.61,63.5866,6.947,24.5541,0.4832,904203.8658,440142.2144
002742.SZ,20260311,1.1753,0.9,,,3.2661,,309214.1225,236829.9756
920599.BJ,20260311,1.0953,1.28,10.9379,2.5894,1.4225,3.3755,938463.225,711315.348
688365.SH,20260311,2.9932,1.02,,9.4096,15.7185,,888696.1155,888696.1155
603173.SH,20260311,0.9254,0.63,17.5142,3.6847,2.401,1.1352,697760.0,697760.0
000570.SZ,20260311,4.6801,0.61,267.48,1.2936,1.764,0.1587,444586.2794,350086.2794
003021.SZ,20260311,4.1861,1.4,133.548,6.5674,19.1644,0.2304,3300736.518,2558856.8286
688206.SH,20260311,0.7487,0.76,407.3803,7.482,30.8326,0.0867,1501363.5929,1501363.5929
600259.SH,20260311,4.7954,0.86,289.0812,8.6513,3.5604,,3023213.0873,3023213.0873
300647.SZ,20260311,2.666,0.67,,5.5514,4.0361,,317838.1117,317366.2894
300276.SZ,20260311,1.3987,0.55,229.4246,5.6239,6.8885,,1115230.22,841470.7526
300122.SZ,20260311,0.7464,0.68,,1.318,3.5432,,3865970.4414,2284104.5905
301387.SZ,20260311,11.9404,1.98,159.5589,3.9927,4.2681,0.2429,657562.7766,262935.4358
002798.SZ,20260311,1.5652,0.76,,1.7514,1.356,,332650.3347,285950.4425
002627.SZ,20260311,2.4279,0.96,67.7732,2.0013,7.8113,1.1115,620258.7796,613844.0774
002384.SZ,20260311,6.5908,1.09,154.6052,9.0081,5.1359,0.0619,19195246.9354,14528651.657
003020.SZ,20260311,0.556,0.6,28.8855,2.6666,3.1855,2.032,469559.8074,340041.8473
603992.SH,20260311,1.165,0.96,44.0045,3.9014,4.6768,1.2801,1251237.9789,1251237.9789
001314.SZ,20260311,11.3344,0.97,345.1993,3.3514,1.8538,0.1838,692488.07,251484.3198
300662.SZ,20260311,1.3858,0.76,16.7285,2.2473,0.3498,0.619,508744.438,507393.0853
001308.SZ,20260311,0.3797,0.5,18.8204,1.8465,0.9778,2.5906,1464349.9724,1033566.9903
300749.SZ,20260311,10.2263,0.89,,13.3987,8.2659,,759947.4576,582993.3024
002228.SZ,20260311,1.4973,0.88,47.086,1.6615,0.4819,6.26,512048.7354,510333.7612
000635.SZ,20260311,3.5284,0.8,,2.3827,2.1011,,367726.6703,342242.8883
603070.SH,20260311,3.1122,0.81,73.7868,3.1688,3.4687,0.47,682502.0,682502.0
002923.SZ,20260311,2.7731,0.65,,5.1233,4.5093,0.9363,536499.0442,413451.9025
603810.SH,20260311,1.9803,0.66,100.0853,1.8582,2.4628,,285207.222,285207.222
300840.SZ,20260311,3.4626,0.62,,3.6023,6.8001,0.5211,460560.0,339826.3741
003008.SZ,20260311,2.294,0.97,29.3714,2.4894,11.5865,4.0502,256776.0,192207.5144
688198.SH,20260311,0.2241,1.01,69.0564,11.5534,22.4834,0.7755,1417290.5404,1417290.5404
601126.SH,20260311,3.2145,0.75,51.3003,8.792,5.2039,1.4431,4157515.805,4117176.146
688125.SH,20260311,1.7798,1.28,,11.3455,29.8474,,2073361.9836,2062339.0751
002306.SZ,20260311,2.6245,0.61,,,5.1111,,196566.325,183945.7871
920832.BJ,20260311,2.5533,0.51,,1.3726,2.5888,1.0914,101713.913,90409.3818
600718.SH,20260311,1.2246,0.64,,1.1922,0.9298,1.5774,1130634.7151,1130634.7151
300530.SZ,20260311,3.3179,3.04,,91.3934,38.8444,,489545.5048,450530.6695
688115.SH,20260311,0.8487,0.84,,2.3708,11.6314,0.9765,300415.02,300415.02
600814.SH,20260311,1.624,0.83,30.8808,1.639,3.5572,2.1576,606439.8434,606439.8434
601212.SH,20260311,1.8889,0.82,411.0981,4.7131,0.8045,0.0407,7271488.5698,7271488.5698
603211.SH,20260311,4.7883,3.13,101.6205,5.2023,5.036,0.2552,639020.608,639020.608
300317.SZ,20260311,13.5378,0.6,,3.0209,8.1904,,470716.8256,469993.9006
300118.SZ,20260311,12.7079,1.55,,2.1743,1.4471,,2286867.8092,1859213.1165
603518.SH,20260311,1.2432,0.56,12.3462,0.8796,0.7418,3.3643,319450.5852,318268.4352
600691.SH,20260311,4.5844,0.79,,2.4045,0.8286,,869609.3944,869464.4584
001269.SZ,20260311,3.2883,0.7,,5.643,10.0352,,492958.4833,492958.4833
000789.SZ,20260311,0.8726,1.12,335.275,0.7119,0.8707,2.4828,458509.2636,458509.2636
600435.SH,20260311,3.8713,0.76,98.452,8.6641,5.7314,0.1191,2533199.2296,2533199.2296
688393.SH,20260311,1.611,0.88,,2.071,7.097,0.3797,246457.3192,246457.3192
603168.SH,20260311,1.0264,0.7,,1.6743,5.6766,,269745.2101,268582.5976
920010.BJ,20260311,10.5411,0.64,96.6301,4.4831,6.0698,0.3776,310478.0,229903.9649
002407.SZ,20260311,10.1388,2.66,,4.4113,4.5272,0.6352,3648675.824,3311888.2817
002468.SZ,20260311,1.6615,0.85,18.9486,2.1059,0.4146,0.4647,2166085.0649,2076087.9519
300168.SZ,20260311,1.0941,0.96,,7.2571,4.4313,,894630.3457,893732.3604
001233.SZ,20260311,4.5447,0.97,20.0943,2.8113,5.7919,2.8944,1285075.7379,244516.7072
688816.SH,20260311,7.829,0.95,87.7602,3.8316,15.1144,,671600.0,129512.9693
688238.SH,20260311,2.2991,1.04,,3.6046,19.1561,,512738.993,506505.103
688607.SH,20260311,2.0751,0.7,,5.783,15.334,0.1085,491495.5836,491495.5836
002716.SZ,20260311,6.9189,0.81,202.1422,12.2994,3.5947,,4141471.0437,3410561.1554
002287.SZ,20260311,0.8281,0.73,21.6282,2.8262,5.7851,2.3359,1397684.7699,1394928.0692
688239.SH,20260311,6.2177,1.44,70.6968,6.6741,6.4623,0.2461,1314203.5027,1314203.5027
688383.SH,20260311,1.5825,0.79,,5.7507,10.4255,0.2668,757774.6575,757774.6575
688093.SH,20260311,0.6392,0.7,24.3543,3.4813,8.9399,1.5774,971526.3708,910017.4961
600508.SH,20260311,1.6031,0.75,27.753,0.7473,1.213,2.1887,957601.35,957601.35
603078.SH,20260311,2.6836,0.85,101.2745,4.7637,7.7657,0.3759,923215.5717,923215.5717
300455.SZ,20260311,1.6044,0.81,,10.7131,13.7936,0.0596,1806621.8949,1783602.6714
603598.SH,20260311,5.8646,1.21,,26.428,0.6708,,557995.203,557374.203
002797.SZ,20260311,6.2127,1.43,31.6847,1.9182,7.9546,0.9499,3273669.6,3273669.6
301120.SZ,20260311,15.9798,0.57,,6.6244,24.6892,0.1082,1021462.9013,601204.3483
920371.BJ,20260311,0.748,0.48,25.6586,3.5777,2.4398,0.9302,220853.9512,208450.2389
688256.SH,20260311,1.8217,1.27,225.0513,39.1539,71.328,,46343200.183,45976689.6176
002476.SZ,20260311,3.0286,0.57,54.7303,4.0413,6.4093,0.1577,388008.0,387961.9241
300578.SZ,20260311,3.3464,0.68,268.0866,3.752,9.8836,,446106.915,445986.2588
002495.SZ,20260311,2.5655,0.7,130.9185,2.3787,10.0675,0.2812,261039.5424,195515.8085
688776.SH,20260311,4.1137,1.52,,7.503,47.0086,,1313823.8051,1313823.8051
603023.SH,20260311,2.7391,1.03,1311.4384,3.7697,22.4378,,290221.0516,290221.0516
002327.SZ,20260311,0.764,0.75,14.2925,1.6819,2.1239,8.8953,584257.1407,342190.5246
688305.SH,20260311,4.7276,2.03,97.3293,4.5568,15.6559,0.2899,863893.407,859389.557
001872.SZ,20260311,0.1732,0.55,11.5952,0.8409,3.1797,3.4598,5318482.3669,4932966.4604
000877.SZ,20260311,0.2535,1.04,19.2843,0.4643,0.4718,,3797002.5646,3797001.7636
600664.SH,20260311,1.198,0.65,20.186,1.6025,0.5688,,906663.5554,906663.5554
603085.SH,20260311,1.9042,0.89,606.2887,5.1675,1.7531,,460636.0,460636.0
002978.SZ,20260311,1.8428,1.03,22.9903,2.1597,8.7613,1.2776,1843592.7759,1442405.9535
920175.BJ,20260311,2.1407,0.96,,2.0652,5.7834,,137088.0,91325.7907
601606.SH,20260311,1.8646,0.6,,14.4329,20.8055,,3193847.244,3193847.244
600084.SH,20260311,0.8979,1.01,684.6115,6.2798,51.0208,,812454.4981,812454.4981
300170.SZ,20260311,15.843,1.16,132.2751,4.7286,7.8788,0.1805,2616901.6602,2501394.967
002323.SZ,20260311,8.508,0.94,,14.2536,13.6701,,498400.9584,498289.7521
920405.BJ,20260311,4.092,3.66,57.8885,4.1874,5.7633,0.5648,340691.54,267384.9418
600409.SH,20260311,3.9048,1.42,83.7773,1.3615,0.9734,0.7961,1893008.4438,1893008.4438
688260.SH,20260311,3.9339,0.94,,26.5141,6.4346,,362400.0,362400.0
300761.SZ,20260311,1.5307,0.64,28.5222,2.0473,0.9961,2.695,1846179.5584,1384775.5667
300385.SZ,20260311,4.6971,0.73,,51.544,9.0805,,424761.0633,370594.8571
601609.SH,20260311,1.5482,0.73,24.4816,1.8781,0.1505,0.8562,1866929.2484,1866929.2484
002177.SZ,20260311,29.1985,1.67,701.4463,4.1311,117.2373,0.0757,704101.947,624300.0408
605268.SH,20260311,12.012,9.49,40.4713,4.2746,2.1337,1.2446,717208.1175,707871.4475
002486.SZ,20260311,3.5279,0.94,49.2237,2.4567,2.1941,,266243.4413,265010.8006
300589.SZ,20260311,10.9281,0.65,,8.771,6.9215,0.0548,689621.7607,422914.225
301331.SZ,20260311,0.9369,0.98,55.695,2.7667,3.2628,1.8568,289949.3376,289396.8123
600550.SH,20260311,7.2051,0.66,214.5322,43.2576,5.5794,,3386570.8747,3386570.8747
300270.SZ,20260311,2.795,0.86,,6.1244,23.7887,,345198.8719,297460.4827
000798.SZ,20260311,4.9897,0.46,,9.7735,0.8605,,400249.4309,400224.8159
301282.SZ,20260311,14.7403,1.83,61.1454,3.0667,2.7291,0.7215,517956.6703,402954.0486
603712.SH,20260311,1.3022,0.95,,3.577,8.5969,,1493048.0,1493048.0
688079.SH,20260311,2.4948,0.62,,4.3086,8.6006,,571409.5688,561456.106
601686.SH,20260311,0.4744,0.73,10.9909,1.4217,0.1721,7.0194,907674.7139,907674.7139
002860.SZ,20260311,2.5417,1.13,27.9484,2.1587,2.128,0.7258,490288.1593,476562.8733
000751.SZ,20260311,5.0501,0.67,150.8102,2.8641,0.5797,,1032387.9502,900906.1498
002580.SZ,20260311,5.1285,2.27,31.3438,2.6818,1.8558,0.2909,624069.8654,621965.85
605258.SH,20260311,7.8874,2.09,47.0986,2.7377,3.3907,1.8848,326832.0,326832.0
000028.SZ,20260311,0.5332,0.67,26.8033,0.7767,0.196,1.423,1431485.378,1229554.1473
301004.SZ,20260311,0.3883,0.45,13.4242,4.752,2.852,5.9646,764462.1058,712439.8172
688268.SH,20260311,5.5878,0.96,57.9085,4.5274,5.8686,0.8618,832774.8564,832212.7164
600742.SH,20260311,2.7053,1.49,15.9229,0.9521,0.4031,6.25,796558.0474,796558.0474
300642.SZ,20260311,1.5485,0.74,181.0577,1.9592,7.7164,0.8384,288190.5847,244154.4507
688591.SH,20260311,1.7779,0.83,73.6732,3.8276,9.2953,0.5136,943955.4047,660442.8729
600399.SH,20260311,4.3611,0.85,,2.4223,1.7891,0.2529,1396246.8,1396246.8
600015.SH,20260311,0.3175,0.72,4.0723,0.3608,1.2051,5.819,11076790.2137,10709507.8922
000546.SZ,20260311,3.6012,0.93,,1.211,0.5469,,491473.7016,440317.6902
002169.SZ,20260311,5.2005,0.93,,4.7228,3.8889,0.5025,1246064.9176,1207808.9555
002977.SZ,20260311,2.7535,0.67,,3.4207,44.5864,0.6038,358077.72,198594.7268
688065.SH,20260311,0.7946,0.62,68.0719,2.1751,11.6857,0.7468,3850966.2102,3114655.3502
002563.SZ,20260311,1.2991,1.61,16.1207,1.3406,0.9832,9.0909,1481749.588,1214643.287
300044.SZ,20260311,4.8149,0.91,,81.3612,86.0306,,585123.8286,547979.7035
603219.SH,20260311,0.8786,1.16,62.5499,5.963,3.0622,1.1671,959994.0,959994.0
002264.SZ,20260311,3.542,1.07,26.9011,3.3405,1.9912,1.0624,666545.2638,606328.8821
688687.SH,20260311,1.2915,0.71,121.9581,2.0892,2.7361,1.39,361376.5081,361376.5081
300615.SZ,20260311,28.0209,6.88,223.1927,5.786,6.8648,0.3139,308200.574,199777.6179
688459.SH,20260311,0.9882,0.85,42.3011,1.3579,4.1598,1.3279,469920.0,171897.6837
603688.SH,20260311,4.1928,0.85,186.685,5.0161,30.1,0.352,2908812.4119,2908812.4119
688582.SH,20260311,1.9264,0.66,87.7564,10.493,50.6641,0.5738,2653486.4649,1652696.8649
300489.SZ,20260311,3.9541,1.11,220.5724,9.9469,3.2436,,630128.5658,627799.3122
600000.SH,20260311,0.3029,0.94,6.7055,0.4551,1.9279,3.7001,33538979.1681,33538979.1681
301156.SZ,20260311,2.349,0.73,48.7937,4.0346,5.3225,2.0578,287341.5217,182108.2393
601901.SH,20260311,0.4907,0.72,15.0331,1.2196,5.3444,1.7656,6075290.8295,6075290.8295
002026.SZ,20260311,1.7992,0.88,18.9347,1.6654,3.0588,0.9155,625555.3534,625501.3579
688249.SH,20260311,1.6648,0.73,93.5132,2.9919,5.981,0.2986,6510619.8734,3853391.7393
002412.SZ,20260311,2.1473,0.67,20.3893,1.5513,3.3362,,350730.4,346997.965
601777.SH,20260311,0.5428,0.87,894.0635,4.5626,5.2033,,4769760.5749,4769760.5749
920699.BJ,20260311,1.1814,1.25,30.4058,5.7566,5.3292,1.5018,197466.2984,90348.2984
301360.SZ,20260311,6.6698,1.05,130.1078,3.5674,11.7395,0.4527,412371.54,196831.26
000333.SZ,20260311,0.3669,1.09,13.1569,2.7024,1.304,5.1842,58839466.4145,53025694.3567
605228.SH,20260311,1.6509,1.04,95.7146,2.8623,3.5943,0.1846,619547.8275,616935.9675
300511.SZ,20260311,4.5526,0.82,,3.2247,2.631,,485762.0381,424520.9449
301148.SZ,20260311,3.7355,1.12,114.2879,3.6725,12.3776,0.6937,651451.6714,329218.2634
000610.SZ,20260311,1.8764,0.66,,14.3404,4.2568,,224200.2622,223022.5664
300497.SZ,20260311,5.3653,1.86,,4.0288,8.9208,,865608.8369,708434.198
002570.SZ,20260311,2.3991,0.43,45.8115,3.6606,2.3155,,629665.2631,629637.2791
600793.SH,20260311,1.103,0.7,211.9541,14.5252,1.1994,,345670.4199,345670.4199
920580.BJ,20260311,4.5983,1.48,76.4442,3.9582,9.7015,0.445,135278.0,79335.0981
002229.SZ,20260311,19.2812,1.76,,7.0764,8.7737,,899595.1677,894106.8777
000619.SZ,20260311,2.0064,0.84,,1.1158,0.5874,,284553.896,232200.0
002790.SZ,20260311,0.9816,0.69,29.1434,1.6074,1.6845,2.4661,338894.4353,211425.6725
600395.SH,20260311,2.0465,0.86,251.7347,1.2361,1.3415,0.6612,1298708.0609,1298708.0609
300906.SZ,20260311,1.4531,0.78,39.9893,3.0236,17.0573,1.4689,272320.0,245758.588
601890.SH,20260311,6.9003,0.91,38.1448,3.091,5.5397,1.1735,1144564.2,1144564.2
301498.SZ,20260311,0.8495,0.59,35.3296,5.2681,3.7357,0.8484,2357583.6091,1056423.6747
300535.SZ,20260311,3.5337,0.77,,2.4413,3.1837,,236406.8774,172535.4294
000533.SZ,20260311,35.6647,3.1,119.5315,13.0228,5.2965,,1234488.192,1223920.5888
003031.SZ,20260311,4.1733,1.3,59.6935,5.8172,12.5998,0.5175,3660745.0036,2760711.7447
002009.SZ,20260311,12.2366,0.94,,5.5198,3.8946,,1105336.8528,973128.8196
600106.SH,20260311,0.7394,1.11,34.9304,1.5502,71.0871,0.596,802731.1374,802731.1374
000586.SZ,20260311,9.4193,1.98,392.3051,9.3053,6.224,,315113.76,311448.51
688013.SH,20260311,1.047,0.73,40.012,5.961,10.2979,2.3863,336471.1176,336471.1176
601800.SH,20260311,0.4724,1.43,6.4685,0.4603,0.1792,3.3839,13426581.4856,9717210.7106
603568.SH,20260311,0.3759,0.98,17.4087,3.2483,6.779,1.7122,4749025.6198,4740461.3518
688425.SH,20260311,0.7733,1.25,19.5282,1.5579,2.883,1.5654,2896088.871,2896088.871
688428.SH,20260311,2.2902,0.78,,6.1953,28.9361,,4129266.8477,627961.7378
002273.SZ,20260311,2.7613,0.71,31.2754,3.7576,5.3828,1.1458,3601737.4524,3528128.7019
600487.SH,20260311,6.8748,1.09,44.2817,4.0715,1.8646,0.4486,12531012.0576,12421520.115
002881.SZ,20260311,6.5557,0.93,92.6061,5.5783,4.0705,0.2686,1457484.3342,877969.9052
301092.SZ,20260311,3.3371,0.96,48.7025,2.6307,7.9683,0.6812,510023.2616,230070.4219
920720.BJ,20260311,1.7759,0.87,57.618,7.0623,4.9118,0.8601,353869.5926,98960.9603
600673.SH,20260311,4.6578,1.13,114.5646,11.3902,7.7604,,11090210.3924,11060740.961
688733.SH,20260311,7.3138,2.41,,3.1508,10.5426,0.298,664252.5068,664252.5068
300143.SZ,20260311,5.6817,1.42,77.3753,3.6691,5.4835,,926322.1825,792724.8905
002298.SZ,20260311,38.4364,4.29,,4.1072,4.3615,,936980.4007,836387.3462
300292.SZ,20260311,4.6678,1.09,63.6507,4.7398,1.5086,,664173.6621,552392.6824
688258.SH,20260311,3.2921,0.79,189.9854,17.3194,46.2008,0.1525,1560190.8703,1560190.8703
688073.SH,20260311,2.9263,0.94,34.2809,2.5492,3.9413,1.4923,521759.0045,248207.3815
300855.SZ,20260311,4.1261,1.34,129.1341,8.6643,16.4719,0.579,1707905.017,1264984.6039
301215.SZ,20260311,0.6729,0.66,41.2011,3.1009,15.8519,1.3384,889660.8,888652.8
002839.SZ,20260311,1.161,0.83,5.661,0.6143,2.3394,6.5934,1112176.9632,1111148.2314
601916.SH,20260311,0.7967,1.14,6.0249,0.4737,1.3113,5.098,8404178.6047,6592597.4047
301632.SZ,20260311,1.531,0.69,86.758,3.5542,7.8436,,981523.2,171799.39
000949.SZ,20260311,10.049,1.73,70.9891,1.9676,1.688,,1274156.04,1273806.1458
002380.SZ,20260311,10.4222,0.74,31.6329,4.0304,5.2416,0.0978,981565.8444,579765.2301
603013.SH,20260311,0.4408,0.66,21.4185,2.6603,1.2905,1.7613,1163822.8016,1163822.8016
600610.SH,20260311,5.8987,1.12,254.2016,103.2532,11.1569,,1171974.4179,775347.0153
002215.SZ,20260311,1.6572,0.63,16.3429,2.653,2.0056,3.201,1099069.3881,878473.9777
600694.SH,20260311,0.648,0.74,12.0993,0.6882,0.9318,5.2253,605036.7038,605036.7038
600121.SH,20260311,4.0884,0.72,,3.7122,1.5468,,568998.4217,568998.4217
920367.BJ,20260311,1.7861,0.71,102.9971,3.1222,10.6528,0.4717,150225.85,89024.2654
000752.SZ,20260311,0.9507,0.73,18.4312,4.4109,6.0641,,271143.7287,271143.7287
301272.SZ,20260311,2.964,0.98,65.4148,2.5659,4.5343,1.5287,258755.6729,138565.9555
603014.SH,20260311,1.7632,0.88,34.1324,2.3412,4.3818,0.4065,1619214.7598,152587.7788
301606.SZ,20260311,10.694,2.61,57.9323,11.2014,4.2762,0.7075,3518435.1549,1857258.3003
601162.SH,20260311,1.0571,0.93,60.9178,1.479,11.5802,,4019520.1084,3430590.2191
603216.SH,20260311,1.5415,0.63,109.1867,4.6712,7.6533,0.5322,836869.02,836869.02
920808.BJ,20260311,1.1604,1.0,454.31,21.9179,18.7726,0.0749,1656400.0083,1611446.7865
601881.SH,20260311,0.3457,0.76,11.008,1.3297,4.9622,2.2718,15450310.3877,10234949.1013
002837.SZ,20260311,4.5617,1.17,196.1222,29.5379,17.0397,0.1523,9786066.3432,8519803.7944
600503.SH,20260311,1.0923,0.58,,1.1495,15.755,,408583.95,408583.95
688008.SH,20260311,2.1973,0.79,81.8966,9.5683,33.5548,0.3901,18308556.3146,17173469.2846
603181.SH,20260311,1.1276,0.8,22.8486,3.0778,4.2266,1.1767,1027281.5,1027281.5
688669.SH,20260311,2.2828,1.12,,2.9761,0.8815,,352109.3353,352109.3353
300242.SZ,20260311,3.1283,0.65,,12.6793,1.5629,,335045.1583,335044.9756
002366.SZ,20260311,4.0472,0.64,,3.7147,16.3237,,1695964.1766,1508040.8124
600031.SH,20260311,0.7525,0.92,24.8195,2.4168,2.3894,2.9931,20458884.8723,18855517.8323
603033.SH,20260311,0.7585,0.88,,3.8054,2.2889,,1107469.657,1087458.3133
603499.SH,20260311,3.7051,2.14,56.8064,8.3057,6.9785,0.5952,726226.536,726226.536
603201.SH,20260311,1.053,1.03,13.5973,2.0173,1.1719,2.172,348802.7696,345819.3063
002541.SZ,20260311,1.3262,0.88,25.9888,1.6645,0.7395,1.5531,1593249.5809,1145538.4016
002478.SZ,20260311,8.3811,0.99,18.168,1.8928,1.9423,1.7598,1117898.0469,896900.4071
300638.SZ,20260311,2.7846,0.92,74.3841,3.9162,3.3677,1.2714,2471182.5393,1457672.9836
600660.SH,20260311,0.6413,1.05,17.1616,4.7058,3.5235,4.5203,15587998.1166,11963837.361
600016.SH,20260311,0.8036,0.95,5.7267,0.3093,1.2143,4.9874,17381620.1453,14078462.9156
601619.SH,20260311,5.2535,0.91,28.4316,2.4377,7.7591,2.182,1916600.0168,1602018.3438
300162.SZ,20260311,17.0621,1.09,,4.435,3.3797,,396436.9784,323342.8821
301079.SZ,20260311,11.8778,0.9,,9.8919,17.5069,0.0468,467755.0128,298541.2045
601595.SH,20260311,1.1001,0.66,96.1307,6.863,13.7523,0.1833,1173387.6,1173387.6
600398.SH,20260311,0.8415,1.02,14.3855,1.6879,1.4275,2.8436,3040153.5974,3040153.5974
920885.BJ,20260311,2.7276,0.67,111.6091,9.2551,19.15,0.2021,378366.0785,196034.5791
301175.SZ,20260311,20.2046,1.53,28.6461,2.9516,5.8401,2.6245,1093606.84,462056.84
920985.BJ,20260311,4.0696,1.75,,3.7102,1.5218,3.0107,252532.5792,178963.3729
600838.SH,20260311,1.5078,0.71,100.515,2.7316,47.7386,0.298,430547.2476,430547.2476
300300.SZ,20260311,14.5605,0.62,223.3829,63.7401,52.2158,,904244.6161,904187.0539
002305.SZ,20260311,0.9411,1.01,,,1.7454,,371122.1748,371098.1011
300769.SZ,20260311,9.2395,1.56,,2.373,1.7338,,1234228.2722,1108991.6906
688768.SH,20260311,2.9458,0.82,54.0461,4.1087,7.0244,0.829,453493.8268,449756.3315
688349.SH,20260311,0.6059,1.49,44.8769,2.3788,1.2051,2.2191,3297800.9341,3198523.0541
920564.BJ,20260311,2.8129,0.78,387.6233,7.3833,11.5783,0.155,239510.5332,110182.9935
002833.SZ,20260311,2.8255,1.1,19.7138,2.8819,3.4049,3.7533,791192.9877,538150.8676
600320.SH,20260311,1.7171,0.91,45.1327,1.8186,0.803,1.4011,2818569.123,1777268.7486
688552.SH,20260311,7.9153,0.81,406.8977,5.0291,16.0466,,1300091.04,334720.2091
603116.SH,20260311,0.9546,0.93,,1.313,1.7339,4.126,342839.476,342839.476
000060.SZ,20260311,2.2719,0.68,29.0609,1.7207,0.5216,0.9962,3264261.7566,3264220.4129
688120.SH,20260311,1.0295,0.76,57.1335,8.3133,13.3427,0.2095,6201994.9662,6201994.9662
300873.SZ,20260311,4.2001,1.32,22.0914,1.9654,3.4742,1.483,618012.7677,447130.3558
300641.SZ,20260311,6.3681,2.46,10.5574,3.5048,3.9506,2.8722,1097863.1081,1097863.1081
300232.SZ,20260311,6.8665,0.46,88.2374,1.8659,1.0879,3.0038,867782.8265,704926.7168
002367.SZ,20260311,1.0284,0.75,16.6404,1.8232,1.5431,3.6276,659735.4921,657120.332
300913.SZ,20260311,3.1304,0.99,91.8486,7.3478,9.2048,0.1684,1849646.9235,1380209.7247
603858.SH,20260311,0.3633,0.73,10681.5589,1.6797,1.6203,2.3159,1775893.2563,1775893.2563
002124.SZ,20260311,1.986,0.79,14.9241,1.4285,0.61,,562149.2595,499005.7259
000582.SZ,20260311,1.7317,0.65,26.6267,1.4731,3.807,1.0363,2907232.5744,2491159.6976
002422.SZ,20260311,0.9934,0.79,31.901,2.2604,2.9035,1.8831,5313527.4619,4342065.9791
300505.SZ,20260311,22.5119,0.89,25.7395,3.4443,2.4971,0.8658,952415.9672,753156.6342
002053.SZ,20260311,2.134,0.93,35.1134,1.5787,4.1857,2.5984,1169326.4193,1169318.1325
603237.SH,20260311,0.5193,0.71,32.1097,1.94,1.5641,2.8266,342314.9968,340472.3681
688729.SH,20260311,2.8492,0.97,105.7478,7.9554,13.9734,,7093344.0,516002.2368
300440.SZ,20260311,2.2386,1.01,152.8678,4.7071,7.5085,0.3333,754210.4856,751301.8055
301199.SZ,20260311,2.6614,0.88,38.8941,2.39,4.3623,0.5775,457169.524,175595.749
000632.SZ,20260311,2.818,0.73,,2.6911,0.4188,,236949.4611,236930.1375
001386.SZ,20260311,2.9251,0.73,21.863,2.2961,4.0474,1.3095,2737561.72,224200.0184
000504.SZ,20260311,3.3878,3.59,,13.8232,26.6977,,334973.4445,334059.234
002001.SZ,20260311,2.4248,1.05,16.5074,3.7621,5.2893,1.8072,11884921.6366,11743545.0756
688131.SH,20260311,1.0919,0.81,52.8957,4.3664,4.5692,0.3709,1310590.2947,1310590.2947
603577.SH,20260311,4.1396,0.6,30.372,2.0675,0.9363,0.7337,401201.5553,401201.5553
920016.BJ,20260311,1.9143,1.07,71.8508,3.8776,6.3643,0.3614,149113.9965,66317.4913
300022.SZ,20260311,2.011,0.8,,7.5935,1.4506,,403794.3905,403785.4443
603073.SH,20260311,3.8312,0.75,25.4625,1.7866,3.0663,1.4091,246964.0,108350.8734
301013.SZ,20260311,3.5268,0.73,,7.5629,10.6447,0.2014,580384.008,469886.9872
920964.BJ,20260311,1.0611,0.37,466.2202,1.9977,1.7293,0.2937,177882.648,100581.8184
300354.SZ,20260311,2.1524,0.77,44.153,6.6577,10.2784,0.4459,547886.3162,322063.3408
600455.SH,20260311,2.8033,0.9,47.1795,5.5226,6.0923,,182564.734,182564.734
600525.SH,20260311,1.5946,0.66,,2.0926,1.0093,,787311.7507,787311.7507
600380.SH,20260311,0.484,0.64,15.0778,1.3856,1.3554,1.7762,2059964.5126,2059964.5126
603191.SH,20260311,6.9432,0.85,92.9732,3.4376,2.3181,0.1934,858945.4518,852958.5918
300633.SZ,20260311,0.7862,0.99,167.6597,3.5972,5.4074,0.3831,1122023.2662,1122023.2662
002500.SZ,20260311,0.6089,0.75,23.0564,1.1471,6.0957,1.7094,2100016.355,2100016.355
002312.SZ,20260311,3.8333,0.76,44.9704,2.5485,2.5756,1.0872,2450246.5987,2445197.319
688592.SH,20260311,4.061,1.48,261.5288,4.0535,7.1963,0.1917,381866.074,182824.3347
920415.BJ,20260311,1.4327,0.77,79.3907,3.6152,11.5222,0.2421,201633.9838,155311.9772
301320.SZ,20260311,3.8205,0.56,163.5835,3.2086,3.7152,0.5272,340176.69,127482.9481
601330.SH,20260311,3.8615,2.69,16.9143,1.466,3.4844,3.4545,1197399.1947,827872.2388
603365.SH,20260311,0.6403,0.86,14.0899,1.8566,1.2224,5.195,548354.7707,542727.0047
603281.SH,20260311,0.9116,1.22,23.836,2.37,5.749,3.3129,1113653.3353,1113653.3353
300005.SZ,20260311,2.8072,0.88,349.6214,6.3225,9.226,0.0765,1325553.279,1324971.429
002938.SZ,20260311,0.9035,0.85,30.3763,3.7695,3.1975,1.8825,12313486.997,12267448.6845
002659.SZ,20260311,2.033,0.79,,1.5947,10.0328,,345207.7816,345206.159
002883.SZ,20260311,1.949,0.71,,2.5023,5.417,0.1925,162247.2955,159304.7259
300713.SZ,20260311,8.491,0.55,,6.1366,8.1155,,313156.1581,175811.619
603610.SH,20260311,3.796,2.05,47.8006,2.3013,2.4531,0.4861,726103.7644,726103.7644
301512.SZ,20260311,4.8337,1.34,72.7724,2.6811,4.5834,0.7396,270400.338,125803.938
920748.BJ,20260311,2.6503,0.58,,14.2756,30.7652,0.2433,315401.4,146587.3997
688139.SH,20260311,0.5927,1.07,39.6735,2.3483,4.2717,1.4809,994737.2538,994737.2538
002521.SZ,20260311,0.7253,0.68,42.2671,1.1748,1.3589,4.896,457569.8779,341839.2012
603358.SH,20260311,1.3676,0.9,55.8896,6.2115,4.5098,1.005,2336971.8031,2234999.7704
300731.SZ,20260311,10.4802,0.99,271.4843,14.6126,7.5857,0.1108,913268.5704,866732.3111
000910.SZ,20260311,0.472,0.65,52.6158,0.612,0.8252,2.53,411095.5225,410935.5595
002933.SZ,20260311,2.3275,0.69,130.791,2.6558,10.0575,0.0578,406383.05,395090.3698
600867.SH,20260311,1.9424,1.03,14.7304,2.5332,6.5871,2.6906,1805776.4883,1805776.4883
002419.SZ,20260311,1.1087,0.88,310.2098,1.5858,0.5584,1.0811,648710.5013,648635.3892
300031.SZ,20260311,1.7043,0.74,49.5,2.2061,2.7064,0.4673,896117.9273,753070.0489
600893.SH,20260311,2.0812,1.1,642.2477,3.9075,3.4679,0.1663,15548411.1903,15545672.7134
688029.SH,20260311,0.5449,0.55,25.0413,3.4748,4.4741,1.9637,1427640.4072,1427640.4072
301116.SZ,20260311,0.6159,0.58,,3.3943,0.2614,0.6278,500612.2462,500609.7374
300885.SZ,20260311,2.6632,1.11,87.3002,6.7632,21.0253,0.5046,594571.7128,400174.5889
688199.SH,20260311,1.9784,0.75,159.3037,1.7039,2.9767,,442407.5767,442407.5767
603087.SH,20260311,0.604,0.69,40.965,3.3612,9.8568,1.5756,3792289.2482,3541844.1244
600579.SH,20260311,1.9895,0.91,,2.7004,1.229,,442759.8808,442759.8808
603559.SH,20260311,0.8975,0.71,,3.1836,7.2347,,302964.1191,302964.1191
002658.SZ,20260311,4.624,1.0,32.3308,2.5888,4.5661,2.3212,672635.0576,379358.0659
603867.SH,20260311,3.1033,0.65,32.2422,2.5494,2.5123,1.1468,747066.9622,740883.9622
688658.SH,20260311,1.8659,1.08,,2.4993,3.396,,830700.0,830700.0
601279.SH,20260311,0.4444,0.58,,1.6267,1.572,0.2309,686645.3315,686645.3315
600908.SH,20260311,0.7045,0.76,5.4989,0.577,2.6205,5.6799,1275110.0648,1161600.6584
001335.SZ,20260311,5.4676,0.84,39.9016,4.2719,2.9606,0.3425,410485.5332,102621.3833
301252.SZ,20260311,11.1921,1.28,59.3844,5.2164,5.6145,0.4263,680286.2688,190067.3688
300180.SZ,20260311,2.645,0.88,286.5258,2.5841,2.9809,0.0723,1218653.6273,1185144.1411
605339.SH,20260311,0.3592,1.26,182.2638,2.1677,2.4186,0.9652,741235.7062,741235.7062
601000.SH,20260311,0.7513,1.15,14.3708,1.2239,4.6375,4.6189,2565927.0899,2565927.0899
002262.SZ,20260311,0.9378,1.19,18.655,2.8303,3.808,1.5949,2293646.1044,1995865.3388
600138.SH,20260311,1.0155,0.64,81.9729,1.085,0.6064,0.7368,687648.0,687648.0
300324.SZ,20260311,3.9916,1.49,,3.4014,3.3285,,938081.6931,928525.0305
920592.BJ,20260311,2.8464,1.19,,8.1483,14.9716,0.4459,278742.75,173485.703
603843.SH,20260311,0.7228,0.24,,15.2034,3.5758,,425370.9281,425370.9281
300850.SZ,20260311,11.9016,1.73,27.086,3.0215,4.508,0.169,2072913.69,1505738.1902
300082.SZ,20260311,3.2628,2.11,,2.5962,1.6024,,710702.619,708845.9288
002708.SZ,20260311,1.7904,0.86,101.1346,4.4451,3.0188,,752649.1778,691803.1218
600733.SH,20260311,1.168,0.84,,6.1847,2.4736,,4966380.0904,3815535.2984
600119.SH,20260311,1.0779,0.74,,19.4964,10.352,,232677.2257,232677.2257
301321.SZ,20260311,3.8704,0.75,,4.3404,1.3657,,421715.97,333917.0937
688002.SH,20260311,1.1321,0.73,45.1263,8.259,7.8541,0.1451,4965402.635,4965402.635
000860.SZ,20260311,0.8511,1.12,,1.4953,1.3593,1.0661,1043666.1535,1043666.1535
300257.SZ,20260311,5.7675,2.39,84.9757,5.1971,7.5229,0.2893,3434996.2572,3300364.0214
002184.SZ,20260311,2.8025,1.24,,3.8705,1.72,,452554.1638,309117.7541
601988.SH,20260311,0.0648,0.52,7.2039,0.6546,2.6862,4.0451,172705852.7323,112970315.9575
920834.BJ,20260311,1.74,1.04,36.6695,5.5982,5.5944,1.5994,172560.0072,90301.2793
600236.SH,20260311,0.6231,0.9,30.9244,4.5037,8.1949,1.7068,7850848.2908,7850848.2908
688667.SH,20260311,2.1797,0.82,38.3086,2.9717,4.3243,0.1004,516204.6968,516204.6968
920978.BJ,20260311,2.9159,1.54,28.5771,6.2738,4.4747,1.8469,490577.5753,275047.7333
002745.SZ,20260311,3.1784,0.58,60.6315,1.0026,0.7896,0.5562,1334265.5927,957143.7501
603871.SH,20260311,0.8174,0.91,20.5381,3.9662,2.4837,3.0471,2180605.8009,2180605.8009
300363.SZ,20260311,1.4759,0.94,,2.1967,3.3514,,1149923.6444,1055580.1107
600620.SH,20260311,0.6275,0.75,73.1648,3.064,9.3065,0.2266,454580.2488,454580.2488
600056.SH,20260311,0.6735,0.85,29.1693,1.3365,0.4667,0.9944,1584136.6531,1583577.2152
002431.SZ,20260311,2.3838,1.17,,4.4292,1.8726,,493858.9056,493858.9056
301246.SZ,20260311,6.5815,1.86,594.5548,1.9505,4.7895,0.1408,845614.3752,338330.3735
603699.SH,20260311,1.1485,0.93,31.9682,12.3699,6.2396,2.8774,4608281.5517,4506400.3752
002293.SZ,20260311,0.6846,0.67,16.5173,2.1093,1.7807,5.9248,844682.4333,837328.6489
600098.SH,20260311,1.1949,1.11,11.9153,1.0111,0.5465,4.7258,2745092.2801,2745092.2801
688693.SH,20260311,11.9013,1.77,,4.278,13.3436,,339684.2127,179349.3485
300654.SZ,20260311,2.7503,0.83,114.9467,5.0176,8.1711,0.4701,428366.0768,412145.9948
300288.SZ,20260311,1.8465,0.84,,4.279,15.2553,0.1089,465683.252,353552.6208
002437.SZ,20260311,1.4841,0.64,25.4404,3.4844,3.3159,,745497.3941,701142.2522
002783.SZ,20260311,2.8058,0.83,30.0606,1.9643,1.397,0.9699,514837.7341,475485.2002
002732.SZ,20260311,1.1028,0.73,37.1928,1.8523,1.7332,0.847,278666.85,277159.3943
002752.SZ,20260311,0.8218,0.86,21.0776,1.8055,0.8663,1.5649,624250.9011,624155.0511
603997.SH,20260311,0.4934,0.75,77.0741,3.2173,0.7759,,1666666.9718,1666666.9718
301526.SZ,20260311,12.9569,1.05,622.8802,5.786,5.6656,,4751306.3405,1769535.083
000998.SZ,20260311,3.5373,0.47,,2.7147,1.8253,0.3777,1556145.4966,1392638.5282
300135.SZ,20260311,17.1206,1.62,833.1652,4.5821,3.1885,0.2128,433152.0,433152.0
600410.SH,20260311,37.6922,1.15,60.0727,7.5545,8.0246,0.0202,3583344.624,3583344.624
600654.SH,20260311,1.9073,0.96,50.2081,6.0062,3.0788,,1038798.016,836579.5109
601566.SH,20260311,0.7412,0.78,18.1399,1.5627,2.093,2.7051,637272.5994,637272.5994
688023.SH,20260311,6.9724,1.33,,2.6043,2.8144,,605923.0035,605923.0035
603496.SH,20260311,5.8037,0.86,288.1498,7.2486,9.6183,0.0795,1006737.86,1006737.86
300177.SZ,20260311,1.8228,1.16,,4.648,6.0272,,701751.4292,571743.9657
603966.SH,20260311,2.9205,0.66,22.8841,2.4362,1.9112,1.8655,491561.3257,490391.3937
688098.SH,20260311,0.5984,1.05,,2.6756,12.9062,,372043.464,372043.464
300432.SZ,20260311,3.241,2.05,72.8542,6.5273,2.5664,0.4077,2995499.944,2961853.5706
301221.SZ,20260311,2.6818,0.82,82.7201,2.6279,7.6729,0.3519,526465.1532,356518.5494
002246.SZ,20260311,8.4197,0.75,65.1856,4.5129,5.4274,0.1834,1346782.3497,1346782.3497
000952.SZ,20260311,2.0059,0.96,,2.744,4.3725,,264917.259,262811.4427
603215.SH,20260311,0.7603,1.03,32.9893,2.9892,1.5552,1.5376,363099.2125,361725.2302
301130.SZ,20260311,2.5077,1.26,62.131,2.6668,9.6719,0.8135,244477.0133,188619.4826
920344.BJ,20260311,0.4956,0.58,516.1728,4.4833,9.8173,,280772.05,262143.4065
002832.SZ,20260311,5.0158,1.48,15.2929,1.7883,2.3204,3.0409,975909.1136,665905.2656
605499.SH,20260311,0.2958,0.72,30.6261,7.2335,6.666,2.105,13414950.9311,12351868.789
600630.SH,20260311,1.1998,0.85,114.3203,4.6943,1.9889,0.4465,361557.219,361557.219
688646.SH,20260311,3.0926,1.47,,3.4305,6.1551,,494259.5294,304363.202
600807.SH,20260311,2.564,0.92,,68.1539,9.2075,,299006.5391,266012.2408
601328.SH,20260311,0.477,0.7,6.323,0.5349,2.2783,4.4364,59999009.4874,17703186.4674
688712.SH,20260311,7.4059,0.79,207.771,9.8815,30.8995,,1675089.0,149089.7499
600559.SH,20260311,0.7457,0.85,21.494,2.5717,2.949,3.7087,1356570.4595,1348802.5055
300420.SZ,20260311,2.3707,0.94,,1.9469,4.6065,,459950.0271,459914.3067
300639.SZ,20260311,2.5527,0.86,,1.1193,6.2203,,429922.9482,422384.3067
688382.SH,20260311,2.422,0.91,,7.9628,327.7153,,1223207.0585,1223207.0585
301258.SZ,20260311,1.1986,1.09,41.4309,1.6463,7.1594,0.2625,314703.11,305760.145
688100.SH,20260311,0.9003,0.81,33.002,6.2122,7.3845,1.7119,2198816.1026,2198816.1026
600596.SH,20260311,2.7479,1.36,,1.4235,1.2181,0.7622,1770671.3283,1770671.3283
300961.SZ,20260311,2.7773,1.11,,3.3769,7.6166,,247660.16,213138.52
603296.SH,20260311,2.323,1.6,22.7854,3.6419,0.5565,1.0065,9057285.3114,5093198.3278
600519.SH,20260311,0.1953,0.72,19.4738,7.7209,9.8175,3.6888,175317830.1,175317830.1
300296.SZ,20260311,14.0843,0.95,,2.9439,3.4003,1.1402,2375692.0465,1992186.279
601567.SH,20260311,4.3917,1.49,23.0845,3.8766,2.9852,4.2278,4551473.2466,4551473.2466
605336.SH,20260311,1.2685,0.73,138.9174,1.4245,8.7012,2.2383,266314.8774,266314.8774
002445.SZ,20260311,0.3436,0.09,84.7419,3.8922,7.4622,,881721.394,877927.341
002397.SZ,20260311,1.969,0.96,99.5279,2.6263,1.933,,313320.4246,271454.2174
688496.SH,20260311,3.2589,0.62,,3.2412,4.4875,,301950.0,159661.4976
300083.SZ,20260311,6.3581,2.84,38.1069,2.6932,2.8353,,1461749.3531,1310884.9179
300854.SZ,20260311,3.7611,0.92,,2.6108,4.1091,0.4849,250071.8063,203270.8466
600560.SH,20260311,1.1919,1.01,70.6311,3.7774,5.4804,0.4356,364542.165,364542.165
301180.SZ,20260311,5.4659,0.63,,5.9362,5.8619,,782419.56,321053.9319
920274.BJ,20260311,1.3823,1.03,110.875,4.1639,3.2956,0.3934,204390.6683,204390.6683
688289.SH,20260311,0.6872,1.01,53.5676,1.4912,6.4398,2.9049,1061438.827,1061438.827
300823.SZ,20260311,3.0679,0.92,73.202,2.501,5.7356,1.8151,235244.9777,152281.8091
600586.SH,20260311,4.3131,0.94,,1.6641,1.8845,0.2293,914182.8165,914182.8165
301592.SZ,20260311,3.5156,0.53,132.5202,9.5516,16.5244,0.5851,837410.0,279436.8263
300545.SZ,20260311,12.8472,1.04,46.7967,3.1682,5.103,0.5323,676563.0996,436150.9949
920593.BJ,20260311,1.06,0.77,202.6803,8.1319,21.3795,0.4593,585566.6142,497274.8223
603980.SH,20260311,8.3484,1.0,93.9398,1.3683,3.46,0.8917,531314.1876,531314.1876
002342.SZ,20260311,7.0443,0.85,,5.5722,5.6111,,1356480.0,1348976.97
000830.SZ,20260311,3.1493,1.1,26.235,2.0339,1.2874,1.7252,3875289.1874,3874983.7705
003030.SZ,20260311,2.9369,1.26,135.2792,2.5346,1.3441,0.7215,258169.82,164249.3237
000156.SZ,20260311,0.808,0.79,28.3539,1.0074,1.5936,2.214,1506434.0753,1381999.088
688657.SH,20260311,1.345,0.58,63.2019,2.2414,9.5696,1.4352,317089.1539,198655.5833
300098.SZ,20260311,2.1887,0.76,,3.769,5.7292,,1023553.76,908086.9963
002181.SZ,20260311,3.8135,1.14,67.215,2.9088,20.4556,0.6373,1238849.0717,1210551.09
000927.SZ,20260311,2.1923,1.55,38.9039,1.9185,0.538,0.8852,1845357.8605,1845356.9272
603657.SH,20260311,1.4652,1.06,267.083,4.0877,1.5393,0.1221,385426.8326,385426.8326
603612.SH,20260311,4.0871,1.13,22.4846,2.8435,0.9615,0.6521,1595428.5822,1595428.5822
603779.SH,20260311,1.3598,0.71,,4.1584,5.8006,0.1314,227476.6865,227476.6865
300576.SZ,20260311,2.5254,0.77,119.997,8.2259,13.3135,0.197,1392196.7736,884085.6142
600697.SH,20260311,1.7479,0.63,,0.9145,0.3041,0.7582,209837.1709,204940.9638
300179.SZ,20260311,17.4055,1.05,159.9049,11.1575,24.9376,0.7263,1330397.8443,1024336.3638
301207.SZ,20260311,0.7903,0.81,166.1555,2.2016,11.9906,4.0656,1170801.57,1170062.5962
002629.SZ,20260311,5.5286,0.43,767.9283,76.7452,10.7289,,274833.21,273024.7913
688557.SH,20260311,1.6233,0.76,32.1635,2.9853,2.4471,0.9109,370262.7818,370262.7818
002545.SZ,20260311,1.7115,0.76,35.3739,3.4686,7.3155,1.1394,3275615.4645,2975721.0432
688629.SH,20260311,14.5618,1.13,150.1121,29.6388,21.6632,,5404218.9578,2131042.66
002992.SZ,20260311,2.0936,1.79,,13.5957,6.9143,,996767.0475,870955.6955
000422.SZ,20260311,8.0437,0.88,22.5042,2.9067,0.7795,1.0824,2000200.5813,1944242.2522
300466.SZ,20260311,2.0643,0.55,,7.578,10.2861,,546240.5062,457849.6052
600173.SH,20260311,1.3396,0.82,650.4057,1.447,1.5126,,554100.439,554029.249
688484.SH,20260311,1.5007,0.8,70.7315,4.031,5.1641,0.5035,1684137.5635,1162401.9224
300892.SZ,20260311,2.117,0.94,119.7455,2.835,3.5995,0.3325,297800.0,192267.125
603321.SH,20260311,1.4808,0.81,60.8233,1.9747,3.8714,2.1408,284344.9172,280820.0422
600303.SH,20260311,1.9295,0.75,,2.0926,1.3806,,235159.8486,232407.8486
300097.SZ,20260311,3.937,1.64,,6.076,14.5621,,230839.7352,216007.9584
601918.SH,20260311,2.6787,0.76,10.0265,1.2696,1.6769,2.6283,2069842.8982,2069842.8982
002985.SZ,20260311,3.9285,0.7,216.4276,4.9997,18.5529,0.0583,1308166.8912,692494.266
002538.SZ,20260311,3.6493,0.86,30.385,1.2581,1.5192,1.5171,675162.6085,675158.4858
603053.SH,20260311,0.7126,0.39,18.6859,1.8794,1.7289,2.9412,906667.8,906667.8
603679.SH,20260311,2.6647,0.81,,3.2745,5.6832,,257379.8721,257379.8721
600619.SH,20260311,1.5074,0.72,292.5947,3.176,0.9694,0.0717,1944900.0637,1429984.734
300679.SZ,20260311,2.5059,1.13,30.5807,3.2612,3.0565,1.218,1640654.84,1388162.4744
603757.SH,20260311,7.7648,1.71,43.8718,4.3961,4.3004,1.4266,884793.6494,884793.6494
603516.SH,20260311,2.1568,1.0,6237.6699,22.632,87.0288,0.1604,3150658.3245,3150658.3245
600771.SH,20260311,0.5789,0.66,101.8525,5.0888,6.0419,,838987.8157,838987.8157
000962.SZ,20260311,5.1615,1.04,101.4827,9.8782,17.0037,0.2381,2693450.8698,2676379.4406
002920.SZ,20260311,1.5252,0.99,28.4728,4.5311,2.1458,0.9532,6986043.031,6493096.636
605500.SH,20260311,0.7651,1.06,42.9889,1.4845,1.4304,1.6393,379176.0,379176.0
688039.SH,20260311,1.9772,0.9,,4.9767,15.2229,,530776.2338,530776.2338
300852.SZ,20260311,4.6049,0.93,54.5115,3.6703,4.5683,0.2444,809187.1928,781134.7638
002652.SZ,20260311,5.4445,0.84,,9.9653,8.2972,,249887.232,249887.232
920662.BJ,20260311,8.5196,1.04,130.3183,5.5265,6.5659,0.5935,253719.9058,78263.6256
600575.SH,20260311,1.6935,0.99,36.3129,1.2531,1.0054,,2787882.1541,1511755.5543
000509.SZ,20260311,7.8573,0.88,,34.2826,4.7057,,426031.8366,426030.5488
603081.SH,20260311,1.4122,1.14,51.2698,1.6691,2.251,1.0293,533616.4252,533616.4252
601698.SH,20260311,1.1885,0.75,615.1613,10.0547,60.5466,0.0855,15955503.7011,15955503.7011
002847.SZ,20260311,0.8291,0.63,22.7378,8.4384,2.9109,2.2347,1708798.8486,1527905.9014
920504.BJ,20260311,1.5265,0.83,70.9788,5.1289,8.8358,0.2047,105862.7633,41755.5239
301536.SZ,20260311,6.2796,0.96,105.9595,10.0938,10.9939,0.2577,3267449.6175,1450373.394
300977.SZ,20260311,7.0025,1.44,,2.3062,6.9603,,319676.1267,199084.3743
300185.SZ,20260311,6.8192,1.18,187.3486,1.9973,1.9987,0.3219,1321133.3944,1256665.6213
002746.SZ,20260311,2.3161,0.81,19.469,1.2278,0.9948,3.8462,559350.1726,461289.5476
301003.SZ,20260311,2.6835,1.15,38.1337,4.1821,7.9216,3.7649,464394.4173,359246.0325
600066.SH,20260311,0.915,1.16,13.7106,5.0864,1.7271,4.867,6823360.6853,6823360.6853
301068.SZ,20260311,1.1761,1.32,204.2126,5.2373,3.271,0.7824,414055.1241,295279.0273
300870.SZ,20260311,5.5078,0.8,93.575,12.2343,6.8931,0.3503,3116314.267,3115971.283
920082.BJ,20260311,4.4957,0.38,40.4961,4.7219,3.4285,1.8497,251464.15,68450.9325
600782.SH,20260311,1.7697,0.81,13.3372,0.4899,0.3424,0.2456,1295897.0146,1280280.4246
603268.SH,20260311,4.4916,0.99,47.6172,13.3732,5.8415,,12640504.2834,3037145.5416
603739.SH,20260311,1.8451,0.95,48.2626,2.2735,2.8997,0.6274,403328.0124,403328.0124
301178.SZ,20260311,2.8088,0.61,,4.5432,11.8314,,350241.8192,259206.5557
002446.SZ,20260311,6.8907,1.36,,4.0226,8.5972,,1023434.7794,947815.0169
600515.SH,20260311,0.8065,0.81,146.3212,1.9266,9.9547,0.1259,4535847.912,3642876.9657
300148.SZ,20260311,3.8906,0.85,58.5515,3.8489,7.7719,,396949.0706,383481.557
603878.SH,20260311,4.6585,1.07,66.9243,1.9988,2.2624,0.9581,522419.0153,522419.0153
002443.SZ,20260311,3.389,0.94,29.3548,1.4781,1.152,2.0279,505439.9899,504363.2014
301141.SZ,20260311,8.8872,1.11,178.654,5.5259,9.9226,0.1756,706365.6855,253499.2855
300886.SZ,20260311,2.7509,0.78,77.0823,3.8626,6.2144,0.4989,224394.0,130938.9
600050.SH,20260311,0.7766,1.1,16.6505,0.9354,0.4015,3.4385,15757270.3648,15506480.368
300149.SZ,20260311,1.8021,0.77,,4.0995,4.8094,,513898.8397,489738.664
002197.SZ,20260311,4.2716,1.02,,2.6531,6.8361,,549854.8206,477930.0107
688270.SH,20260311,4.3501,0.89,259.1488,15.315,79.9775,,3452652.308,3452652.308
300093.SZ,20260311,1.2588,0.96,,,38.7686,,954720.0,493272.0
600026.SH,20260311,4.0114,0.65,37.1937,2.74,5.3597,0.769,12438842.6296,7908591.075
002145.SZ,20260311,5.9357,2.02,49.5326,1.7789,2.8662,0.2723,2146963.1112,2103084.3094
300310.SZ,20260311,12.4987,1.99,,3.2769,2.5912,,625095.8985,490550.3262
600338.SH,20260311,6.3067,1.57,38.7021,3.9696,7.9227,0.2907,1729685.6379,1729685.6379
300255.SZ,20260311,1.5091,0.83,,26.2903,42.9815,,3988724.2105,3982800.1105
002116.SZ,20260311,1.2804,0.87,15.2476,1.8852,0.75,2.7589,522620.923,516905.3562
000959.SZ,20260311,0.4878,1.33,34.3013,0.8305,0.4043,0.4084,4187682.3798,4062247.7486
000027.SZ,20260311,1.6263,1.82,18.8063,1.0593,0.8021,2.0576,3468137.2488,3468137.2488
688685.SH,20260311,2.111,0.91,126.9967,8.4433,12.3026,0.3218,709587.2549,709587.2549
688191.SH,20260311,1.907,0.49,194.2279,14.3202,10.4763,0.8092,1246973.9417,1246973.9417
603976.SH,20260311,0.6296,0.86,174.445,2.6127,4.7419,1.2082,307850.835,307850.835
688063.SH,20260311,8.2267,1.57,212.8354,1.9479,5.6691,0.6016,1790386.44,1790386.44
002217.SZ,20260311,3.5391,0.93,7.0591,10.4284,12.441,,1952123.1202,1899903.1441
920689.BJ,20260311,2.9495,0.56,44.473,4.9564,4.162,1.2016,244348.6,126271.024
000532.SZ,20260311,1.2403,0.64,22.8233,3.2575,9.5491,0.4049,510857.7599,509140.7236
002326.SZ,20260311,5.544,1.46,,8.119,4.1884,,2211055.05,1931500.1104
002808.SZ,20260311,2.8436,1.45,,4.6263,5.2844,,120691.2,74087.6617
603903.SH,20260311,1.0571,0.64,,2.0087,2.9299,,314042.9604,314042.9604
300086.SZ,20260311,3.3953,0.92,,3.8588,9.3035,,405060.7258,392207.4446
000883.SZ,20260311,1.0735,1.64,18.4827,0.9415,2.0093,1.8548,3504296.8769,3207394.7997
600408.SH,20260311,4.4527,0.57,,2.7069,0.6924,,367482.0,367482.0
688096.SH,20260311,7.1735,0.98,,2.4906,4.7235,1.0967,223770.095,223770.095
603269.SH,20260311,20.2478,1.49,52.277,5.8275,3.2342,1.1918,555135.6789,555135.6789
301251.SZ,20260311,28.125,2.18,128.6349,6.4345,7.1886,0.1786,1010164.7475,404948.3475
600055.SH,20260311,0.4647,0.77,731.9581,2.252,6.5107,0.8667,1054591.587,1054591.587
001322.SZ,20260311,0.4391,0.89,129.1523,1.8404,1.284,1.4469,869479.501,706265.9072
002669.SZ,20260311,1.947,0.71,,1.5627,0.9079,,424153.2,423199.4844
002510.SZ,20260311,4.5582,1.08,144.6474,3.294,3.5607,0.3699,823277.4922,814930.8732
002041.SZ,20260311,4.3957,0.5,196.0051,2.815,8.6353,0.2502,1019920.0,1019920.0
002370.SZ,20260311,2.3604,1.06,36.9809,4.4494,15.272,,498851.5776,498851.5776
603339.SH,20260311,0.908,0.84,27.398,1.6419,2.5735,1.6704,427647.7039,427647.7039
603508.SH,20260311,0.7746,0.89,16.2667,2.6105,6.4242,12.4887,1003895.4346,1003895.4346
000878.SZ,20260311,1.9873,0.63,40.4014,2.9625,0.28,0.8573,5226925.8795,4634374.9335
920768.BJ,20260311,2.0924,1.39,25.0788,1.9264,0.7464,,136271.16,93934.9832
000888.SZ,20260311,1.8191,0.85,31.6245,2.6544,7.5652,2.4444,711332.6877,711332.6877
600725.SH,20260311,5.2018,1.79,,22.7375,9.796,,637186.99,637186.99
002616.SZ,20260311,4.947,1.48,18.1533,1.5738,1.4415,2.076,536151.0136,366587.6872
002875.SZ,20260311,2.9497,0.91,,6.5418,7.5624,,420282.2885,359947.3368
300034.SZ,20260311,3.752,0.81,124.8535,4.5279,4.5511,0.4615,1727015.707,1661322.0077
688636.SH,20260311,2.5866,0.91,70.3447,5.5232,10.9417,0.2061,775622.5618,747618.2263
000620.SZ,20260311,2.6827,0.84,,3.9126,8.9836,,1749800.8819,1392181.1469
300130.SZ,20260311,2.5462,1.11,41.8599,3.3253,4.7343,1.967,1442074.3707,1103615.1669
600851.SH,20260311,3.8694,1.6,69.3723,2.3212,13.7547,0.4454,1083936.9094,662909.0868
920239.BJ,20260311,2.5737,3.01,23.857,5.4303,1.3222,1.0965,593015.6824,584418.844
301236.SZ,20260311,2.2394,0.75,241.9947,3.5972,1.4265,0.1937,4920254.6478,3722253.0793
600726.SH,20260311,5.2915,3.62,,6.7874,1.6757,,2791289.6821,2638793.6814
600933.SH,20260311,0.7893,0.73,16.6339,1.9472,2.5674,1.6254,1818183.9861,1725068.3276
603767.SH,20260311,0.7226,0.84,726.9989,4.3976,6.8626,1.0096,611399.0015,611399.0015
300940.SZ,20260311,2.4424,0.6,41.9001,4.6605,6.6454,,554384.4863,392123.7608
601778.SH,20260311,22.3108,2.38,45.7766,1.3316,5.2577,0.463,2106890.377,2106890.377
688317.SH,20260311,0.7536,0.78,,1.1534,30.9204,,386237.578,386237.578
600378.SH,20260311,0.5364,0.63,32.3083,2.5747,2.8852,0.7962,4633678.635,3852654.7839
603697.SH,20260311,1.0532,0.87,23.0482,2.7485,3.14,3.8904,483719.7628,483719.7628
300905.SZ,20260311,2.0148,0.85,43.5134,3.1947,4.3011,1.4705,606110.6294,471367.9943
605366.SH,20260311,5.2133,0.69,,3.0914,5.1385,,750683.0981,750683.0981
688558.SH,20260311,1.7146,1.9,27.3481,2.5032,3.3832,1.8305,429396.0,429396.0
603007.SH,20260311,4.6979,1.18,,20.1219,15.204,,623675.5012,490037.7654
300189.SZ,20260311,17.2681,0.49,,11.7274,44.4634,,856064.0,740896.7019
002266.SZ,20260311,1.9561,0.84,27.5877,2.196,1.1822,1.0015,2578320.0726,2419019.7177
300623.SZ,20260311,1.6866,0.69,52.913,4.3703,7.7199,0.484,2578615.669,2378182.5447
603062.SH,20260311,3.1978,1.73,23.2924,2.6952,2.6281,3.3876,550260.0,188887.4445
300585.SZ,20260311,4.5056,1.49,,4.0326,6.4761,,287295.5554,287295.5554
601717.SH,20260311,1.0264,0.76,8.9505,1.747,1.0132,4.9426,4045716.2414,3494547.5442
603030.SH,20260311,1.2954,0.91,,3.9702,4.0773,,351621.2498,351621.2498
300735.SZ,20260311,0.9972,0.64,55.8662,3.6853,2.2873,1.054,1820416.7543,1796593.7905
603202.SH,20260311,1.1973,0.62,13.7333,2.2599,3.4607,3.8205,1461600.0,303848.7171
600699.SH,20260311,1.5813,0.91,35.883,2.3645,0.6749,0.9786,4087831.2041,3571921.4056
600538.SH,20260311,1.7701,0.81,,4.2463,10.3659,,327623.9675,327623.9675
301318.SZ,20260311,1.4492,1.14,32.9961,2.1449,5.4494,1.2556,402784.7806,264307.7293
300474.SZ,20260311,1.8198,0.73,,4.9748,66.7166,0.0904,3468623.7831,2697768.8274
301501.SZ,20260311,1.3077,0.67,24.527,2.8845,3.272,0.8565,595445.4,148861.35
300473.SZ,20260311,5.7384,1.55,72.4884,3.0943,1.3291,,634361.5951,551283.6559
600727.SH,20260311,7.379,1.04,64.1481,1.3463,0.7831,0.6127,431323.8382,431323.8382
002871.SZ,20260311,2.8023,1.74,36.0927,4.747,8.0749,1.6829,520581.8976,308800.5564
301373.SZ,20260311,29.298,0.77,57.4821,5.0391,16.3353,0.9259,820049.008,290853.7859
600846.SH,20260311,0.5903,0.68,32.1712,2.0638,2.3749,1.4602,849675.6618,849675.6618
600928.SH,20260311,0.6421,1.04,6.2213,0.4804,1.6013,2.681,1657777.778,1649911.0666
920974.BJ,20260311,4.046,0.48,57.1893,2.3084,1.3753,,147420.0,115606.6146
002902.SZ,20260311,10.3781,1.86,,6.1261,3.1995,,517254.9455,390968.5734
301019.SZ,20260311,1.6964,1.16,33.662,3.629,7.9517,2.6408,374796.8244,237672.7181
300640.SZ,20260311,3.0369,0.73,195.3025,2.9013,2.3352,0.2639,235733.0177,167327.8405
002460.SZ,20260311,3.621,1.17,,3.5348,7.5041,0.2138,14712504.6329,8500251.797
002520.SZ,20260311,9.3665,1.23,,20.2264,4.2499,,519919.9035,497186.0385
688111.SH,20260311,0.9008,0.72,71.1535,10.7923,22.1184,0.3172,13113431.0243,13113431.0243
600905.SH,20260311,2.1495,2.15,24.0774,1.4387,4.3902,1.4922,12835854.9138,12835854.9138
600346.SH,20260311,0.8115,0.82,22.2453,2.3962,0.7173,2.4091,15486019.5292,15486019.5292
920870.BJ,20260311,12.6622,9.8,142.7425,5.2338,24.4666,0.6225,236778.0,116627.1243
600389.SH,20260311,4.7834,1.35,27.9423,3.4237,2.3624,1.773,1335876.3,1335876.3
002172.SZ,20260311,2.3205,0.67,79.1303,19.0297,1.7783,,332327.8442,332128.0393
300985.SZ,20260311,4.4706,1.01,,4.857,3.5297,,490154.7974,487522.682
600495.SH,20260311,0.7887,0.58,149.2456,1.7892,4.455,0.2893,584764.3888,584764.3888
301263.SZ,20260311,0.5743,0.58,537.131,7.2136,18.5468,0.6771,1250962.65,892543.0017
301103.SZ,20260311,0.6517,0.56,317.7885,1.7676,3.1081,0.6901,337544.5421,337544.5421
300201.SZ,20260311,4.7238,0.92,38.3241,6.0617,5.4437,0.2917,1023170.2175,1017773.2106
605218.SH,20260311,1.4907,1.11,93.0597,2.5368,2.0709,0.2573,455034.7872,398849.904
002245.SZ,20260311,8.6116,1.67,29.4906,2.8641,2.7427,0.3531,2120703.767,1994532.0882
000703.SZ,20260311,2.148,0.96,197.4283,1.9838,0.4036,0.357,4622163.668,4597460.5936
688005.SH,20260311,3.7175,1.65,,2.7393,1.7857,1.1897,2191348.291,2191021.0936
920039.BJ,20260311,0.7098,0.96,51.6105,3.1539,5.8551,1.8165,169355.82,169355.7099
601398.SH,20260311,0.0882,0.81,6.9193,0.6725,3.0376,4.2977,253761255.0474,191963895.3278
002031.SZ,20260311,1.7288,0.72,,7.4621,22.9613,,1585764.2781,1397841.3391
920261.BJ,20260311,1.8017,1.2,24.2855,2.8025,0.616,1.8355,462027.6711,271145.3408
300341.SZ,20260311,0.9822,0.71,46.4908,4.4283,5.8498,0.425,852174.8234,848811.9788
605123.SH,20260311,2.065,0.75,52.4353,2.9262,3.9097,0.6885,1334091.5209,1334091.5209
600717.SH,20260311,0.9747,0.92,15.7404,0.6953,1.1125,2.1712,1386226.4972,1386226.4972
301262.SZ,20260311,3.8825,0.81,27.2927,2.9386,11.3961,2.4276,1065018.0,311780.5512
605068.SH,20260311,1.3297,1.25,,2.9539,3.0734,,444261.6778,444261.6778
688033.SH,20260311,3.1659,0.67,,4.0483,8.6339,,589746.3272,589746.3272
301667.SZ,20260311,9.5784,1.7,68.5092,5.9843,4.2977,,744277.884,149925.5692
603280.SH,20260311,6.0093,0.63,48.8545,3.0057,4.0899,0.6906,408151.1013,105200.3763
600481.SH,20260311,5.6735,0.91,,3.0222,1.8293,,1603853.7419,1603853.7419
002845.SZ,20260311,6.1503,0.98,,2.1886,0.5102,0.2432,520479.6592,397623.9727
002615.SZ,20260311,5.5468,1.1,26.1479,2.4857,1.2434,1.6444,422904.8329,277580.6482
301030.SZ,20260311,3.8928,0.93,,2.9548,,,248526.7292,248185.8119
920223.BJ,20260311,2.741,1.27,,12.0296,6.6424,,292550.1,151745.775
002056.SZ,20260311,2.4648,1.26,15.7837,3.6232,1.6477,3.5883,3713783.6649,3709947.1633
600188.SH,20260311,1.6496,0.81,19.9465,3.8762,1.4715,3.5732,20225523.2962,11936680.8343
002459.SZ,20260311,2.7111,1.11,,1.8113,0.7805,,4104012.6265,4099134.1776
688188.SH,20260311,0.5635,0.89,38.948,7.1698,19.6637,1.4759,4317667.3284,4317667.3284
600416.SH,20260311,2.1456,1.08,76.1129,2.2195,4.3991,,2144311.804,1925815.5646
300897.SZ,20260311,2.7158,1.41,89.262,3.94,6.9822,0.7711,386445.7798,240929.1562
301628.SZ,20260311,8.5688,0.89,66.6277,7.5108,9.422,0.35,861545.394,372890.034
600517.SH,20260311,1.1446,1.01,18.2388,1.8544,5.6193,1.2383,4294545.2437,4294545.2437
000572.SZ,20260311,1.6867,0.71,,6.2209,5.2751,,1045988.7669,1044472.9506
001256.SZ,20260311,1.2072,0.84,35.8584,2.7044,6.3264,0.868,326867.9829,245043.5829
300493.SZ,20260311,2.3813,0.81,202.9117,7.9017,3.2602,0.1951,919462.7583,908860.6668
002127.SZ,20260311,0.8444,0.75,,1.7771,2.5196,1.3245,741370.8617,602409.3651
603333.SH,20260311,2.6248,0.88,,2.7107,3.775,0.1081,559374.8274,559374.8274
600821.SH,20260311,27.0742,1.74,31.9512,2.0839,5.4462,1.9939,1973296.2916,1973296.2916
600653.SH,20260311,0.8285,0.76,636.1182,5.0325,0.8523,,367865.8799,367865.8799
002344.SZ,20260311,0.641,0.63,80.0294,0.7296,5.9048,0.7966,611808.2899,611251.6939
301162.SZ,20260311,3.2876,0.78,83.839,6.3492,14.1822,0.7991,970910.6109,624106.688
920077.BJ,20260311,5.117,3.04,55.9788,4.0578,4.226,,1071931.6342,578129.2342
300283.SZ,20260311,5.2124,0.78,,3.7229,1.1726,,426407.3145,315073.4747
688156.SH,20260311,2.7918,0.88,,3.0437,6.0634,,232045.4177,232045.4177
001369.SZ,20260311,36.5302,3.88,36.7071,2.8573,5.4642,,1943018.0,340543.7833
002105.SZ,20260311,2.1319,0.96,,3.2448,2.191,,271019.043,269708.5215
601728.SH,20260311,0.2263,1.08,15.9204,1.1985,1.0441,4.565,54904283.2194,46577837.2194
002461.SZ,20260311,0.4812,0.97,23.7807,1.9454,3.6527,1.7526,2146928.6256,2146928.6256
300501.SZ,20260311,3.0965,1.05,71.3099,2.1071,2.7253,2.8168,310435.122,161561.8558
002253.SZ,20260311,1.6285,1.05,,2.2384,20.6469,,238261.1563,219969.0705
002360.SZ,20260311,5.7865,1.1,,1.2077,5.2603,,241466.323,196840.8602
300949.SZ,20260311,2.5469,0.86,,3.8016,6.5766,,251460.0,143755.755
301046.SZ,20260311,13.6113,2.07,204.6042,4.3262,4.1101,0.9093,502480.2394,383869.5344
603988.SH,20260311,5.0692,2.09,159.3523,10.092,9.4727,0.1389,677376.0,677376.0
688578.SH,20260311,0.8776,0.49,19.78,6.098,8.3427,0.8344,4314600.0,4314600.0
001391.SZ,20260311,0.8215,0.68,25.9673,2.6715,3.0321,1.1384,6971271.1795,867551.1454
300998.SZ,20260311,1.6434,0.8,,2.6531,2.6958,,334418.5827,262525.254
001218.SZ,20260311,1.9246,1.22,25.682,1.5097,0.7543,1.9333,343410.2499,245089.1145
603619.SH,20260311,10.9799,0.64,34.5367,4.1434,4.3355,1.2993,1763821.2287,1763821.2287
002439.SZ,20260311,4.0111,1.49,,1.5898,7.0149,,1779546.9011,1065528.773
603037.SH,20260311,1.9943,1.03,46.4103,4.1891,5.2077,1.6551,404914.8609,403737.4261
300078.SZ,20260311,2.5046,0.9,,8.5907,6.7989,,496335.2701,494335.0137
002946.SZ,20260311,0.5892,0.65,24.9122,4.8569,1.5626,1.6097,1711026.2676,1691209.4602
001267.SZ,20260311,14.3934,1.23,424.7559,24.2973,29.3142,0.1017,3855158.569,2976242.1041
002739.SZ,20260311,1.4358,0.76,,2.7911,1.7424,,2143455.3886,2131411.1347
300572.SZ,20260311,2.0242,0.88,,3.4854,13.7906,,617353.8372,494977.7843
002125.SZ,20260311,7.6565,1.97,42.1808,3.1542,4.9836,1.0464,962485.3829,962485.3829
003017.SZ,20260311,4.0243,0.88,30.2798,2.6126,2.8427,1.7885,280140.0,231075.44
600748.SH,20260311,0.5163,0.75,,0.8849,3.067,,924126.0089,924126.0089
000965.SZ,20260311,1.3764,0.75,54.8261,0.804,1.3454,0.2513,441712.6962,441712.6962
603275.SH,20260311,3.5356,1.02,34.7792,2.3047,9.4701,0.3719,674382.8006,188282.5203
300838.SZ,20260311,2.0328,0.82,469.5759,2.3372,2.4439,0.8971,230699.216,170134.151
600323.SH,20260311,0.4077,0.54,12.8568,1.7287,1.8784,3.5354,2421581.0236,2421581.0236
002088.SZ,20260311,0.6488,0.83,23.5954,2.1961,2.0636,7.1942,570592.3156,562440.0123
600103.SH,20260311,4.1425,1.57,134.0841,2.126,3.5761,0.3201,844791.6836,834048.0507
920663.BJ,20260311,1.3702,1.07,25.3636,5.1202,5.3476,3.359,208341.9156,99959.3712
600192.SH,20260311,3.0374,0.74,,4.3301,2.8631,,439097.512,439097.512
300815.SZ,20260311,1.444,0.66,19.3143,2.2351,1.2948,1.5152,986515.2,966192.0048
600363.SH,20260311,1.6781,0.82,87.1871,6.2364,8.4103,0.0917,2669259.624,2669259.624
600743.SH,20260311,0.5646,0.87,,7.2286,3.2337,,457489.6704,457489.6704
688339.SH,20260311,4.3494,0.73,,4.0155,30.8229,,807947.2601,657648.9327
002561.SZ,20260311,0.8042,0.82,862.9083,1.6251,9.2787,0.7034,354645.839,353516.9507
002590.SZ,20260311,1.806,1.11,34.2791,2.4164,1.5229,0.4284,725635.3628,691949.6973
688275.SH,20260311,8.6981,1.47,,2.5099,1.1179,,1285147.138,862041.1373
000513.SZ,20260311,0.5164,0.56,14.4513,2.317,2.6135,3.1807,3096132.3053,1981103.4617
603136.SH,20260311,0.8176,0.6,31.1528,2.35,6.1714,1.9882,319289.7712,319289.7712
688117.SH,20260311,1.2946,0.97,35.9904,5.6012,8.0504,0.3475,596807.6286,596807.6286
600938.SH,20260311,4.0405,0.65,16.1045,2.6328,4.877,3.044,198485087.8372,12486240.0
300496.SZ,20260311,4.2156,0.91,65.9776,3.1668,4.6751,0.0834,3196830.1971,2557492.4286
600085.SH,20260311,0.3429,0.75,30.6151,3.0333,2.2917,1.6545,4144583.1318,4144583.1318
002953.SZ,20260311,5.1689,1.09,37.8873,3.0372,1.4402,0.6887,658225.1487,363722.654
920839.BJ,20260311,0.9473,0.54,34.5844,6.6028,6.2682,1.3499,437849.7326,240959.4456
002138.SZ,20260311,2.7346,0.71,31.3361,4.7192,4.7433,1.4797,3199471.2287,3001790.9961
002840.SZ,20260311,1.3176,0.71,88.243,1.9925,0.9199,,799759.8938,794240.5357
300370.SZ,20260311,2.93,0.69,,8.8293,12.227,,449262.9766,448141.9141
600088.SH,20260311,0.7804,0.7,,4.8199,5.436,0.2222,608490.792,608490.792
300380.SZ,20260311,1.4422,0.86,227.121,13.6171,5.0109,0.1314,526899.0243,484753.2567
002409.SZ,20260311,3.3173,0.93,46.9846,5.529,5.1833,0.6393,4317615.8948,2889638.3608
000903.SZ,20260311,1.1065,0.77,,4.0314,1.2057,,535951.9016,531912.4765
301235.SZ,20260311,10.5229,0.98,52.6591,3.1369,2.7696,0.0907,570462.7188,385039.7084
002547.SZ,20260311,10.1076,4.19,,,1.9583,,428661.7238,419826.7231
601965.SH,20260311,0.9982,1.18,17.703,2.3956,3.778,1.8172,1876715.6936,1868017.1152
603729.SH,20260311,3.4332,0.83,,5.6515,4.1496,0.0534,172675.3,172675.3
000995.SZ,20260311,5.5105,0.71,,18.6717,18.8577,,275337.216,275337.216
002357.SZ,20260311,3.5876,0.59,25.3643,2.795,5.7856,0.6575,476816.8238,476799.7125
603701.SH,20260311,2.8528,1.59,139.5315,7.3845,6.7818,0.1764,592768.7915,592768.7915
300864.SZ,20260311,1.2597,0.97,22.9458,2.6833,4.4298,3.7521,354509.4833,354509.4833
600403.SH,20260311,1.7313,0.52,,3.4997,3.8486,,1604235.1217,1604235.1217
601966.SH,20260311,0.7375,0.76,17.9807,0.9438,0.8949,1.7453,2171837.9816,2171837.9816
603444.SH,20260311,1.2738,0.72,18.6624,5.6607,5.225,4.1227,2802254.7467,2802254.7467
000035.SZ,20260311,9.4348,0.89,86.2258,1.9285,3.7117,0.4241,1982067.1983,1919811.3708
600197.SH,20260311,0.4469,0.68,33.4843,1.5961,3.2977,3.4938,609449.0355,609449.0355
603580.SH,20260311,0.6173,0.88,,4.926,9.0013,0.5167,207378.3684,207378.3684
600516.SH,20260311,7.0032,1.18,656.8283,1.728,8.3696,0.2699,2798049.4058,2798049.4058
300436.SZ,20260311,3.8746,0.96,,43.3848,38.5585,,1661791.878,1426557.0245
603557.SH,20260311,3.9675,2.74,,30.2508,9.6428,,236906.0174,236906.0174
603861.SH,20260311,6.3059,0.75,47.365,2.6226,2.1307,0.7035,1044840.537,1021757.662
920471.BJ,20260311,7.3779,0.94,,2.4567,2.9358,0.6608,123968.0,79015.6044
601222.SH,20260311,3.4018,1.26,69.0469,0.9076,2.6525,1.2898,1392674.3495,1392674.3495
301596.SZ,20260311,1.6603,0.69,51.5188,6.4803,8.4144,1.1222,550111.4237,223256.1341
600261.SH,20260311,2.0771,0.5,29.3082,1.5194,1.9463,3.5443,527345.9216,527345.9216
688182.SH,20260311,0.942,0.84,100.1646,5.4141,16.6249,0.374,1203200.0,1203200.0
000629.SZ,20260311,2.1141,1.02,,3.0647,4.0605,,3762833.8772,3762582.8193
300433.SZ,20260311,1.0959,1.01,41.8726,3.2471,2.2178,1.5343,17150629.0866,16144881.4899
000813.SZ,20260311,1.011,0.89,,1.5044,19.2206,,748666.6778,748543.5128
603004.SH,20260311,4.6077,0.95,31.3772,2.6953,7.3915,0.8861,558182.4,139545.6
600722.SH,20260311,20.6791,0.79,191.6723,7.7133,19.1789,,952447.5464,952447.5464
000600.SZ,20260311,4.1742,1.2,10.4558,1.5094,0.7242,2.3683,1754547.0478,1060619.5023
600322.SH,20260311,1.4321,0.89,,,1.0225,,258733.8,258733.8
600448.SH,20260311,2.8112,0.79,,1.9391,0.6985,,218547.4227,218547.4227
688253.SH,20260311,2.3735,1.7,35.0516,2.4944,12.1297,1.4697,511910.3889,511910.3889
603377.SH,20260311,0.9639,1.13,,3.336,4.1786,,270256.1648,270256.1648
002487.SZ,20260311,2.4717,0.82,38.5263,5.1334,6.8852,0.2491,4250599.4111,4205083.5729
301525.SZ,20260311,3.4401,0.78,52.1882,2.4571,6.2468,0.5297,801178.4692,419663.1685
000410.SZ,20260311,3.8875,2.89,155.5646,3.461,6.7092,,2045084.3629,1297667.1088
300234.SZ,20260311,2.4246,0.64,653.9497,2.7335,9.4634,0.2233,315488.2734,215679.8766
603400.SH,20260311,6.4841,0.77,43.757,5.872,4.9997,1.2676,710000.0,142000.0
300599.SZ,20260311,4.9275,1.05,,1.8317,3.7574,,363145.4089,215313.7152
000554.SZ,20260311,17.3074,0.55,29.3534,4.1409,1.4772,1.5021,467331.1051,352498.9075
002038.SZ,20260311,1.3443,0.73,76.2835,1.1225,11.0439,0.3215,639011.7,529890.1777
000158.SZ,20260311,3.1869,0.83,,6.4745,3.7397,,3377877.1315,3355300.8358
002122.SZ,20260311,1.0238,1.02,,2.7875,5.7854,,608456.1748,604418.6028
300223.SZ,20260311,5.3364,0.85,183.8828,4.7088,13.1269,0.0825,5838742.7483,5088901.961
301183.SZ,20260311,10.6686,1.17,129.0438,13.2144,15.0571,0.081,1234617.1643,905087.8803
600177.SH,20260311,0.7432,1.2,12.8869,0.7907,2.6713,4.9433,3356618.8209,3356618.8209
002160.SZ,20260311,3.0422,0.59,115.1278,1.5563,0.6899,,579390.2347,578239.2433
301439.SZ,20260311,10.5699,1.69,35.6235,2.4191,1.8743,1.0864,716336.4304,337357.5871
002817.SZ,20260311,1.7935,0.68,43.7997,2.6797,5.3714,0.8392,253037.0518,245373.2436
603876.SH,20260311,4.57,1.56,49.4108,2.5901,0.7281,0.4912,1893846.5801,1893846.5801
603611.SH,20260311,1.7709,1.07,12.6309,1.9925,0.9119,3.6929,625712.3213,625712.3213
688053.SH,20260311,0.8884,0.64,,2.5375,21.0058,,403100.0,403100.0
601229.SH,20260311,0.3124,0.99,5.7432,0.5862,2.5302,5.3494,13811157.788,13811157.788
603160.SH,20260311,0.7361,0.73,40.5955,3.6341,7.2292,0.7431,3378339.3092,3378339.3092
301217.SZ,20260311,5.1598,1.44,5422.5397,6.7843,5.8697,0.0451,3660103.6268,3660103.6268
300419.SZ,20260311,4.8769,1.58,,6.4673,9.0441,,279125.1114,279125.1114
301073.SZ,20260311,2.1047,1.15,334.7054,5.9776,8.2794,0.7785,561963.5229,514938.755
603991.SH,20260311,4.5108,1.22,,5.1688,29.7735,0.0092,1656747.6438,808630.1933
000803.SZ,20260311,7.2519,0.85,59.9884,3.1634,3.2166,,464430.9684,457948.6289
688105.SH,20260311,0.2463,0.79,,2.1397,5.8944,0.7346,812173.9388,812173.9388
920101.BJ,20260311,2.5035,1.09,28.7267,3.2531,3.7965,,344379.3962,107463.0162
601868.SH,20260311,5.8359,0.94,18.0969,1.3111,0.3092,0.7594,14383451.4544,11187911.0344
600779.SH,20260311,0.4943,0.78,32.5948,3.5098,4.6778,2.6609,1766711.5896,1766711.5896
301687.SZ,20260311,27.293,3.32,72.3052,6.3305,13.5531,,939929.6,189026.08
601456.SH,20260311,0.5003,0.89,30.5875,1.0374,8.035,0.5895,5396563.1657,4149969.8778
002664.SZ,20260311,1.855,0.84,164.5294,2.5863,1.5258,,912735.2,900160.1328
603301.SH,20260311,2.1236,1.33,90.9946,4.4941,5.9129,0.6773,2556008.669,2556008.669
300377.SZ,20260311,3.9895,0.82,,5.9983,11.7198,,1512520.2031,1390715.8536
301018.SZ,20260311,11.4085,1.71,241.8848,11.1934,8.3736,0.1433,2969944.7719,2221430.4585
300259.SZ,20260311,4.8193,1.45,26.1668,2.0816,6.0737,1.8438,616485.3989,616344.0127
603676.SH,20260311,0.2643,0.69,21.3583,3.2423,4.06,2.9805,474326.035,474326.035
605303.SH,20260311,1.4894,0.85,,3.0968,5.092,,284584.0251,284584.0251
301413.SZ,20260311,4.0216,0.74,137.3122,10.2486,11.2416,0.2303,1282079.4626,765452.3689
688539.SH,20260311,2.7638,1.09,123.8907,4.2976,18.4767,0.4876,753905.6,424639.6
688479.SH,20260311,8.0786,1.04,122.0641,2.7808,10.1881,1.3686,520841.4966,224903.4966
000552.SZ,20260311,4.589,1.08,,0.9102,1.8781,2.446,1487803.3568,1035774.4578
688719.SH,20260311,1.6437,0.55,,2.8358,5.3281,0.3902,480003.3389,373244.7597
002709.SZ,20260311,10.872,2.28,72.8631,5.5588,5.96,0.2941,9923357.053,7340201.5334
920857.BJ,20260311,0.8214,1.13,,5.4145,4.9314,0.3805,194490.7955,194490.7955
000068.SZ,20260311,1.2864,0.96,,5.7787,3.5505,,351328.3409,351328.3409
301135.SZ,20260311,2.3575,0.62,77.851,2.4852,2.2261,0.95,310647.744,232975.9053
603026.SH,20260311,7.7223,2.81,,3.2693,2.6249,,1580505.2871,1580505.2871
002079.SZ,20260311,3.0807,0.92,89.9451,2.7927,2.0165,0.1786,861678.0218,860869.251
688335.SH,20260311,2.8933,1.31,523.7019,5.039,16.9704,0.5062,578371.1509,578371.1509
002558.SZ,20260311,3.7061,1.67,40.0297,4.6727,17.4053,0.7733,7088926.2387,7088926.2387
603205.SH,20260311,1.0937,0.92,41.0668,2.9054,4.2875,0.9941,423696.0,112279.44
600458.SH,20260311,1.4845,1.25,23.4684,1.7411,0.608,1.8239,1333769.7942,1235513.7919
002584.SZ,20260311,2.51,0.78,,2.2655,0.7105,,507967.8543,406594.2254
002318.SZ,20260311,1.1393,1.05,19.5315,4.0883,2.4657,2.7599,3334106.4966,3258315.7679
000823.SZ,20260311,3.9381,0.92,34.318,1.7965,1.3615,1.269,846314.3687,846278.5242
920429.BJ,20260311,0.7189,0.85,44.3506,2.0268,1.4926,1.7801,172930.5,157652.0431
000551.SZ,20260311,1.7649,0.74,27.4274,2.51,1.7841,0.572,706256.048,703705.2912
600792.SH,20260311,3.8847,0.64,,1.901,0.9849,,540532.7932,540532.7932
603382.SH,20260311,1.5794,0.74,39.0041,3.1,1.1458,0.6745,537410.3061,107482.1988
300176.SZ,20260311,4.3335,0.86,115.4183,3.1512,1.6379,0.2577,300529.9008,300529.9008
000016.SZ,20260311,2.0228,0.8,,6.6209,0.7851,,837965.002,555614.6424
300339.SZ,20260311,3.448,0.77,289.5988,10.5348,10.0729,0.1479,3735963.2551,3648127.4512
600287.SH,20260311,0.8817,0.63,105.4828,1.1354,0.9416,,262077.6444,262077.6444
688387.SH,20260311,3.6552,1.0,,9.1683,8.9533,,5493931.25,3240960.9604
600151.SH,20260311,2.2913,0.74,,4.4629,5.379,,2071060.3024,2071060.3024
000536.SZ,20260311,1.9678,0.78,,22.7795,8.9102,,1302801.4502,1301411.865
688269.SH,20260311,1.2291,0.64,53.0108,5.5392,2.8747,0.6707,584638.992,584638.992
002885.SZ,20260311,8.6954,0.6,129.7289,5.9693,2.501,0.0674,878854.6442,749064.4263
600298.SH,20260311,0.6488,0.64,24.6829,3.1728,2.2851,1.3002,3672416.9108,3626603.6428
600509.SH,20260311,9.0565,2.32,102.9886,1.706,1.5687,0.5699,1326293.4978,1326293.4978
920020.BJ,20260311,1.8003,0.97,21.7141,3.2664,1.4617,,377231.25,93947.0362
002224.SZ,20260311,1.9595,0.77,443.743,1.3387,4.2456,0.6237,433917.9518,387868.9575
002613.SZ,20260311,1.6599,0.68,,2.0912,3.0265,0.7229,456736.0072,320486.4633
300711.SZ,20260311,3.8657,1.09,77.6394,9.2683,10.6904,0.7265,685966.6783,683918.9914
003007.SZ,20260311,6.8725,1.01,178.1675,5.825,11.2446,0.1419,465521.04,328670.2718
603337.SH,20260311,0.9951,0.87,25.1394,4.4815,3.4602,1.0355,2198639.954,2186243.141
300243.SZ,20260311,18.0279,4.28,358.6654,3.2986,1.7711,0.3534,354354.106,275032.0883
688106.SH,20260311,3.563,0.57,91.8118,3.8051,4.0482,0.424,1125418.0626,1125418.0626
920300.BJ,20260311,1.7295,0.69,,7.0536,13.1243,,118039.7983,91481.027
001379.SZ,20260311,4.2856,0.69,58.9729,3.2659,2.4166,0.8244,485200.0,163267.374
000426.SZ,20260311,1.9794,0.57,56.4406,9.824,17.7341,0.1381,8997146.2895,8994966.0861
688235.SH,20260311,2.7066,0.98,257.977,11.9895,9.6033,,36689095.1555,2739350.6853
002085.SZ,20260311,2.3198,0.78,42.9139,4.7584,2.1546,1.2085,3514057.3956,3514057.3956
600600.SH,20260311,0.6674,0.96,18.5912,2.7468,2.6445,3.4871,8606707.0184,4473875.5744
000568.SZ,20260311,0.4833,0.83,12.2018,3.2353,5.1385,5.6775,15425951.7722,15418767.0406
605388.SH,20260311,0.4349,0.66,,2.345,2.923,1.1649,402324.28,402324.28
605255.SH,20260311,1.4929,0.84,463.429,18.919,45.6544,0.2001,1507595.52,1507595.52
603618.SH,20260311,16.634,0.97,,5.2513,1.5322,0.2913,1424233.769,1424233.769
600790.SH,20260311,0.8046,1.05,68.3571,0.9843,5.9253,2.8578,570192.671,570192.671
603817.SH,20260311,5.1589,1.77,20.3342,1.3713,3.2288,0.7884,433833.9537,433833.9537
002620.SZ,20260311,4.0881,1.33,,,4.9583,,260470.86,217598.6091
603228.SH,20260311,2.4433,0.94,50.7135,4.8183,4.1941,1.2162,6150154.0188,6093564.077
600100.SH,20260311,1.2835,0.7,77.7863,1.9031,1.938,,3075573.3005,3075573.3005
600162.SH,20260311,0.9021,0.8,,1.0683,3.6761,0.5787,617734.8051,617734.8051
920195.BJ,20260311,1.1943,0.71,19.0621,2.542,1.8611,0.9294,210960.56,152273.3357
002889.SZ,20260311,0.6592,0.81,35.2928,2.1593,1.3969,0.3736,541575.1548,360342.049
000012.SZ,20260311,2.8224,1.27,,1.1449,1.0802,1.3931,1516921.9009,967902.3994
301121.SZ,20260311,3.9378,0.86,105.5417,2.4362,3.1749,0.346,404989.1816,207324.5489
301056.SZ,20260311,2.3723,1.31,58.2137,5.519,7.2667,3.7831,423123.6539,279129.3864
600278.SH,20260311,0.5887,0.68,33.4321,0.9086,0.1943,1.2947,696660.53,696660.53
601098.SH,20260311,0.6137,1.02,12.5195,1.2732,1.5899,4.9819,1982784.0,1982784.0
000897.SZ,20260311,1.1439,0.72,23.1179,1.1685,2.4199,4.2793,359034.4359,359027.6427
301270.SZ,20260311,2.6653,0.75,249.5581,3.7554,19.3881,0.2702,369900.0,349529.03
601900.SH,20260311,0.6397,0.7,11.0948,1.4528,1.3981,3.8651,1255043.4438,1255043.4438
600906.SH,20260311,0.6007,0.5,22.1715,1.7849,7.7351,1.9403,2174150.0,1423237.4165
000058.SZ,20260311,0.6499,0.85,114.8233,5.0888,6.2909,0.1452,1060063.7786,847860.5838
600522.SH,20260311,7.1734,1.51,35.7426,2.797,1.9806,0.9941,10242261.9057,10242261.9057
603185.SH,20260311,5.226,2.32,,1.4421,2.2899,,1752091.9971,1741691.9481
300725.SZ,20260311,2.4986,0.85,43.6254,1.2274,4.4322,0.6347,877478.9508,760785.2742
600753.SH,20260311,0.2073,0.08,,123.5561,3.2711,,274756.4598,274756.4598
002972.SZ,20260311,3.1484,1.18,39.1187,2.5836,9.5032,2.3678,310217.0968,169789.4761
300670.SZ,20260311,4.9526,0.51,,4.169,9.0798,,237690.3593,168520.6695
000926.SZ,20260311,1.3938,0.85,,0.4173,0.4805,,360010.0389,355545.2668
688651.SH,20260311,14.5255,2.43,,3.836,11.553,,360331.821,155099.7019
603900.SH,20260311,1.8727,0.72,,1.4401,1.8202,1.224,280250.4773,279208.8023
688697.SH,20260311,3.78,5.3,24.7376,4.0553,2.5874,2.618,748654.7431,748654.7431
920026.BJ,20260311,2.3381,1.0,57.4939,4.7332,7.8806,0.6052,298350.7892,135275.1437
603797.SH,20260311,1.1044,0.78,23.624,0.9244,3.0291,1.7341,299258.0936,299258.0936
603137.SH,20260311,3.8873,1.03,49.6987,2.1159,1.421,0.5563,263058.1343,106028.5343
688623.SH,20260311,1.8153,0.47,93.4528,2.8416,17.8619,1.1639,602664.113,195064.113
688067.SH,20260311,1.6784,0.69,68.6947,3.8651,8.6438,0.5211,198832.0,198832.0
301260.SZ,20260311,0.9566,0.68,,1.7708,1.4975,,789782.2301,334661.3555
603738.SH,20260311,9.9989,0.83,231.422,5.1621,9.5926,0.348,883682.3567,883682.3567
002497.SZ,20260311,2.814,0.82,66.0915,2.6588,3.6805,0.1585,2884863.9876,2649554.004
000711.SZ,20260311,0.1253,0.02,,18.7424,20.5548,,1292274.5389,1039214.1074
002073.SZ,20260311,1.6846,0.67,17.0961,1.2997,1.0018,1.9203,796406.3364,792031.0963
300252.SZ,20260311,9.9088,1.89,674.1338,4.5804,4.129,,999852.2893,843775.8581
603928.SH,20260311,1.17,0.83,53.5301,2.6935,2.6548,1.0044,417493.44,417493.44
301257.SZ,20260311,1.6354,1.05,41.7298,4.0666,6.1924,0.2627,507210.6234,483547.3958
600843.SH,20260311,1.4553,0.84,,2.5727,1.8016,,783056.795,515206.5575
600135.SH,20260311,11.557,2.78,,2.5518,4.5235,,608637.8089,608637.8089
002239.SZ,20260311,2.4161,0.92,85.0351,1.924,1.2642,0.0954,1075140.9664,1058233.2791
603668.SH,20260311,1.0826,0.75,257.3313,2.9937,1.2033,,704978.2412,704978.2412
300227.SZ,20260311,5.5425,0.71,,4.5112,5.5001,,714689.026,556058.964
002149.SZ,20260311,12.5498,1.1,270.6963,8.4234,8.0249,0.6067,2414219.5849,2413848.7099
600543.SH,20260311,1.8261,0.97,,2.2993,7.0915,,174689.28,174689.28
000908.SZ,20260311,0.025,0.01,51.4744,216.0633,20.496,,805873.3055,402936.6528
600104.SH,20260311,0.5501,1.13,57.4399,0.5559,0.2505,0.612,16426751.5532,16426751.5532
300319.SZ,20260311,5.3904,0.74,37.0727,2.5975,3.4074,0.8068,1249724.3602,1186631.0833
603220.SH,20260311,14.1593,1.05,180.5574,3.9696,4.9775,0.31,1540922.6182,1247629.9798
301507.SZ,20260311,2.0465,0.63,44.1268,3.2711,7.121,0.6709,529839.7344,163737.671
300695.SZ,20260311,0.9963,0.74,22.1569,2.7281,11.2538,0.1881,777152.6224,777152.6224
300214.SZ,20260311,5.6503,2.37,,1.5264,0.9403,,369597.5781,369597.5781
920522.BJ,20260311,3.044,1.02,141.382,8.5658,9.4774,0.3644,921694.2336,764620.2648
300446.SZ,20260311,3.6075,0.88,21.7512,3.2464,2.1277,1.2357,1915699.3115,846487.3475
688272.SH,20260311,5.0926,0.91,,6.8635,13.5625,,285000.0,285000.0
605001.SH,20260311,1.1718,0.84,30.3053,1.2042,1.6275,2.4301,323345.178,323345.178
600796.SH,20260311,4.176,0.9,33.0425,1.7615,3.6193,0.4454,603143.6931,216788.6107
002979.SZ,20260311,1.5635,0.67,56.0199,7.3743,7.0075,0.8045,1211955.3877,852545.296
600760.SH,20260311,0.5695,0.75,51.9878,7.1289,4.0037,0.729,15272655.2243,15224663.9335
002907.SZ,20260311,0.4979,1.03,78.8636,3.4842,7.4811,0.6033,588393.2064,422579.5446
002951.SZ,20260311,3.0897,1.55,908.9377,3.7829,10.6449,3.1515,634635.0,628561.974
688101.SH,20260311,0.745,0.82,15.4833,1.3206,3.8472,,584673.2482,584673.2482
605589.SH,20260311,2.284,0.84,27.0306,2.755,2.5863,1.5809,2829476.7488,2820154.7933
920149.BJ,20260311,1.2648,1.51,,7.3869,1.8718,,87726.2075,72545.4594
301486.SZ,20260311,7.1894,0.96,140.0131,9.1491,23.9682,0.2131,2391278.9301,1346408.1292
000589.SZ,20260311,2.0452,0.86,15.2394,0.8698,0.7123,3.421,769539.1295,764686.2485
603396.SH,20260311,6.2078,1.39,123.5273,2.192,2.1923,0.3661,567547.0774,567547.0774
301348.SZ,20260311,8.0865,1.12,,4.4026,9.0255,0.1832,655200.0,423529.9341
301372.SZ,20260311,2.8215,0.77,,2.5202,7.6449,,198857.147,119394.2905
688392.SH,20260311,1.2341,0.81,119.1804,7.6129,17.6946,0.4531,1369588.5822,1369588.5822
000676.SZ,20260311,1.8315,0.88,59.0274,2.4422,2.5822,,1043105.47,1042475.6245
300989.SZ,20260311,1.7727,0.61,,3.2708,10.6064,,325088.6419,232094.8796
920035.BJ,20260311,7.5063,2.81,37.8018,3.8379,4.0618,,223705.95,50325.138
300819.SZ,20260311,4.2704,0.66,137.1686,9.4803,14.3344,0.7366,810183.15,731759.0175
001378.SZ,20260311,2.6027,0.66,43.7638,1.8898,2.35,2.4646,350934.0352,169779.1761
688505.SH,20260311,0.3691,0.66,,4.0213,12.4093,0.3654,851025.6941,583379.6941
605158.SH,20260311,0.7128,1.13,25.4933,1.6887,0.6197,1.8197,417318.72,417318.72
688193.SH,20260311,0.9051,0.81,224.5979,2.3384,13.1783,0.4536,213572.4071,213572.4071
300612.SZ,20260311,4.0911,0.91,,5.9925,5.7475,,293779.9195,292843.8195
300235.SZ,20260311,2.3903,0.9,581.6338,4.7394,46.1582,0.3414,330543.3318,266715.3241
300119.SZ,20260311,1.0011,0.59,21.4437,1.9194,2.3193,1.5223,896976.5826,646476.7005
603937.SH,20260311,1.5539,0.97,,1.7645,1.485,,272182.3357,272182.3357
600580.SH,20260311,1.7014,0.85,67.3359,6.1218,4.0907,0.297,6553082.9586,6534268.3836
600682.SH,20260311,1.1835,0.77,43.7815,0.5464,1.4651,0.2215,967150.0669,836959.3377
603298.SH,20260311,0.3385,0.58,16.0381,3.174,1.9923,2.5964,3531253.2841,3531253.2841
300745.SZ,20260311,3.2039,0.64,,1.9557,1.7072,,444341.3467,375133.1957
603936.SH,20260311,13.0787,1.81,,2.2226,2.7613,,972073.7222,972073.7222
002090.SZ,20260311,3.5335,0.82,62.8387,3.3853,3.0089,0.5043,516343.8445,510466.573
920422.BJ,20260311,1.2487,0.68,59.1942,2.5755,2.2357,1.2,110603.3875,82778.3875
920640.BJ,20260311,2.9619,0.84,96.6106,8.1095,8.5221,0.25,750912.0,722408.94
688615.SH,20260311,2.5026,0.93,60.0516,9.3339,15.0704,0.7334,2727200.0,1883136.3531
603418.SH,20260311,1.6616,0.85,20.8202,2.379,2.2354,,1049713.13,219776.6432
301678.SZ,20260311,3.3875,0.92,95.364,8.4929,17.0814,0.7386,1621790.5116,324358.1064
002536.SZ,20260311,15.6562,1.41,67.2217,6.8001,5.265,0.7335,2350874.2819,2226666.348
688273.SH,20260311,3.99,2.04,45.2471,3.4277,10.6999,1.4826,461800.0,461800.0
301001.SZ,20260311,3.0412,0.91,280.4323,3.2616,7.1922,1.1778,254720.0,160155.2
601226.SH,20260311,8.1177,1.27,107.8979,3.1625,1.5053,0.288,1377235.0845,1377235.0845
688265.SH,20260311,0.6377,0.87,107.8416,2.0452,8.3024,,349744.3193,349744.3193
300112.SZ,20260311,2.5518,0.68,,2.7874,2.5263,,260622.8528,213403.872
002104.SZ,20260311,4.44,0.95,305.9134,5.8438,14.9957,0.4555,1251635.2851,1059668.1401
002415.SZ,20260311,0.4232,1.07,20.4442,3.4806,3.1353,3.4806,29006818.4558,28631962.3503
300016.SZ,20260311,7.7944,0.89,185.5241,2.8054,5.5062,0.3965,620286.2256,619450.3862
002516.SZ,20260311,0.7954,0.78,49.8792,2.423,4.0165,1.2862,914861.6602,908706.9702
002335.SZ,20260311,20.4248,2.36,83.0929,5.5402,4.3414,0.1471,3503269.2367,3090409.9613
301539.SZ,20260311,2.2862,0.95,50.1065,3.7547,2.8927,0.4833,306212.0,155302.8621
603811.SH,20260311,1.2954,1.02,16.8749,2.8892,4.8297,2.0793,381964.1414,381964.1414
301268.SZ,20260311,2.4435,1.41,,5.8594,3.2405,,984976.3248,847956.5142
002586.SZ,20260311,0.8261,0.84,,1.9237,2.3721,,573256.0807,544846.5195
301165.SZ,20260311,2.3163,2.49,88.3811,15.0138,5.3196,0.4623,7448636.3594,7448636.3594
000850.SZ,20260311,0.9563,0.7,16.7749,1.1293,1.5266,1.7763,514297.4299,514151.2991
300241.SZ,20260311,28.4771,1.2,140.1852,2.3938,3.0445,0.2566,535001.5791,447994.2184
688378.SH,20260311,2.2802,0.96,121.9606,5.7193,16.9991,0.5243,980664.597,947938.8863
603193.SH,20260311,1.0447,0.72,29.9478,4.2088,6.0229,1.9027,914380.8896,233540.0696
920000.BJ,20260311,1.239,1.25,24.1969,2.4792,3.8393,0.8366,164382.24,103265.9075
301383.SZ,20260311,2.3378,1.23,155.1652,2.6689,2.6265,1.2147,536321.3856,231826.5828
300465.SZ,20260311,1.5403,0.69,270.3073,11.5473,6.7816,,774786.3773,774786.3773
600689.SH,20260311,2.7634,1.16,158.1256,5.7974,2.0404,0.1098,274554.1745,207910.8593
301550.SZ,20260311,3.3057,1.01,178.2276,19.0803,43.0702,0.2206,3439984.35,2098417.5242
603615.SH,20260311,1.5577,1.35,,4.2307,4.6855,,484123.64,484123.64
300346.SZ,20260311,3.6985,0.79,115.2699,10.2547,14.2741,0.5157,3529047.1467,3352349.8094
601857.SH,20260311,0.2928,0.65,14.0122,1.4245,0.7787,3.8747,222004446.0932,196411480.3932
603707.SH,20260311,0.4816,0.61,24.5144,2.3757,4.2353,1.0142,1593016.3624,1593016.3624
601500.SH,20260311,0.7605,0.82,68.3684,1.1604,0.8699,,712013.4493,709184.3293
001205.SZ,20260311,3.4795,0.51,38.6561,1.4052,2.0198,0.7607,292533.4989,248185.6224
300486.SZ,20260311,3.5649,0.85,,7.0842,12.4556,,1187623.7017,1187266.7567
920050.BJ,20260311,3.8965,1.61,26.1835,2.3256,2.4745,,244660.7924,65441.0834
688389.SH,20260311,0.4152,0.64,30.6695,2.6952,5.4994,2.1171,570742.9924,570742.9924
600977.SH,20260311,1.2256,0.79,,2.322,5.7208,0.08,2567125.0,2567125.0
601218.SH,20260311,8.055,1.64,54.0119,1.9734,4.2065,0.1658,584327.2077,584327.2077
300926.SZ,20260311,0.8941,0.67,14.5797,3.8877,2.3379,0.4947,1271688.6526,872505.0576
300046.SZ,20260311,1.8299,0.82,126.528,7.0189,21.741,0.2358,802550.9418,802550.9418
600053.SH,20260311,0.7081,0.8,,2.9373,27.029,,755228.0736,755228.0736
300224.SZ,20260311,2.5803,0.82,120.9333,3.1314,2.3647,1.0503,1584982.8102,1576018.8994
002514.SZ,20260311,2.5261,1.03,,29.4016,13.9722,,362177.2348,278679.2348
600880.SH,20260311,1.9096,0.87,397.6142,1.885,8.6151,0.1908,572906.0162,572747.8117
300140.SZ,20260311,10.3202,1.78,30.7157,1.8248,4.2045,1.4688,2531937.7521,833439.0613
301503.SZ,20260311,2.1776,0.88,25.0149,2.924,2.1323,2.4384,311680.0,126542.08
300100.SZ,20260311,1.0528,0.86,35.4154,6.1297,3.4126,0.422,1886971.7191,1820342.1229
920180.BJ,20260311,11.7307,1.08,28.7891,2.8698,7.4206,,223843.1722,50364.715
688196.SH,20260311,2.9234,1.12,59.6494,3.1761,3.4488,0.5913,1014728.1625,957360.0
300483.SZ,20260311,16.155,0.71,,2.4289,3.0799,,783334.9243,783087.7243
603370.SH,20260311,1.9747,0.72,45.8567,4.2743,5.0947,,814392.25,162878.45
600367.SH,20260311,9.1417,0.51,55.6989,3.1284,3.5264,0.2204,774026.0166,730557.15
301487.SZ,20260311,5.1386,1.13,,5.8795,5.2499,,1108594.8485,657979.1376
600251.SH,20260311,1.8603,0.78,39.8862,2.3097,2.7749,1.5957,876448.7616,876448.7616
002943.SZ,20260311,7.0296,1.11,,13.0464,14.3875,,1166334.7168,826358.0142
688343.SH,20260311,6.7715,0.76,,8.775,26.1751,,3423424.1776,2519058.0688
688314.SH,20260311,3.5169,2.65,34.1588,4.7001,9.6553,0.9146,337548.7597,337548.7597
002991.SZ,20260311,1.2695,0.88,19.4223,2.9832,2.2684,4.3703,495535.3576,265447.5811
300428.SZ,20260311,3.1225,1.0,19.1371,1.9167,0.5295,1.2612,1701613.4145,1481161.2959
301538.SZ,20260311,5.1264,1.44,34.1823,4.9234,6.7402,0.4972,675808.0,269113.564
600558.SH,20260311,1.8746,0.91,27.2084,2.4112,1.5561,2.3474,573569.487,573569.487
002208.SZ,20260311,5.838,0.95,,2.0217,1.5079,,1299726.2845,1299390.5317
002254.SZ,20260311,4.1036,1.81,,1.5276,2.8765,0.397,1075606.7647,1067462.6304
601068.SH,20260311,0.8554,0.61,211.2187,6.4259,0.813,,1876361.1757,1607422.9389
301057.SZ,20260311,3.8953,0.6,116.4812,5.7023,4.7859,0.5333,433839.6455,306315.0458
300120.SZ,20260311,2.8646,0.9,,1.6825,1.9639,,502020.2939,460988.6797
603880.SH,20260311,5.5774,1.04,,8.2613,3.5325,,210133.534,210133.534
603595.SH,20260311,1.1938,0.99,101.636,2.5983,2.006,0.0868,401660.3393,401660.3393
300218.SZ,20260311,3.0315,0.98,22.6035,2.4193,1.6391,1.4307,373651.614,372427.9505
920119.BJ,20260311,11.0301,1.83,26.2245,3.8816,5.1984,,711568.1522,142070.4
000560.SZ,20260311,5.0228,0.95,70.4986,0.803,0.6333,0.134,756115.7732,724156.2485
301555.SZ,20260311,14.1744,1.37,51.0041,3.4107,1.7653,0.5397,376079.0692,197063.391
688619.SH,20260311,5.1627,2.68,,4.4324,19.3523,,299111.5617,299111.5617
300182.SZ,20260311,6.7554,0.7,195.0601,2.057,6.1623,0.077,1728822.8352,1466027.435
603956.SH,20260311,1.5584,0.74,,1.7925,3.2868,,354481.7099,354481.7099
688287.SH,20260311,3.2487,1.05,,2.3895,12.0736,,149317.7868,149317.7868
001222.SZ,20260311,1.3852,0.97,22.8077,2.7979,2.4003,0.7089,398578.32,224271.8712
300338.SZ,20260311,1.5446,0.78,,,11.2783,,161855.1262,140443.2193
002222.SZ,20260311,3.0025,0.78,114.0671,17.1315,25.8712,0.3144,2991730.5,2978381.2045
002240.SZ,20260311,4.4704,1.44,,3.5902,9.0237,,3770095.4588,3760271.0259
603055.SH,20260311,0.996,0.7,16.7755,1.7141,1.329,2.5221,882280.5493,879066.9345
600285.SH,20260311,0.8757,0.83,15.1635,3.7328,3.205,4.2095,1212492.9091,1209820.4091
002062.SZ,20260311,1.6603,1.13,38.7384,2.1148,1.8172,1.1418,1072713.8608,975115.7323
600854.SH,20260311,1.3451,0.72,23.7149,1.1549,29.2279,2.2018,283104.9032,283104.9032
688308.SH,20260311,7.9351,1.19,141.6356,5.5954,10.0896,0.1607,1470477.3978,1470477.3978
000626.SZ,20260311,8.7824,2.97,,1.7954,0.0502,,426579.8195,424129.3107
603042.SH,20260311,15.3073,0.97,,3.7619,3.7101,,324552.0666,324552.0666
688377.SH,20260311,2.1789,0.68,71.3815,4.6351,7.2714,0.3093,877948.17,877948.17
002017.SZ,20260311,2.4357,1.12,67.851,7.0314,9.7128,0.7653,1243865.581,1243124.0451
000525.SZ,20260311,6.0177,0.63,103.0228,3.5129,3.5151,,925242.5641,789349.6036
300351.SZ,20260311,6.2039,0.56,76.9325,2.9656,3.3166,0.314,741252.8747,502060.4435
001331.SZ,20260311,3.5389,0.81,4651.6271,10.2,2.99,,1544699.52,918783.5912
688327.SH,20260311,3.3427,0.83,,21.5556,32.0357,,1603518.9149,1286832.9658
300139.SZ,20260311,17.3602,0.76,229.615,17.1383,38.64,,1899094.0,1619492.0885
300263.SZ,20260311,4.9365,0.9,76.3169,2.8497,3.852,0.3724,1196467.2851,1127711.6928
603421.SH,20260311,14.9856,4.22,,2.3589,3.4807,,660668.9876,660668.9876
688006.SH,20260311,2.234,1.98,42.8323,3.1172,5.5927,0.6507,1688471.0091,1688471.0091
603258.SH,20260311,4.7945,2.1,,2.2138,11.1617,,480476.499,475442.4595
300146.SZ,20260311,0.9112,0.69,28.426,1.7373,3.2652,3.083,1965728.71,1302391.2818
920505.BJ,20260311,2.2343,0.73,165.3639,8.6109,17.702,0.3324,291515.5786,162202.8004
601801.SH,20260311,0.6367,0.76,15.5942,1.1054,1.4289,2.9586,1323561.5162,1323561.5162
920221.BJ,20260311,1.1955,1.06,30.9248,4.4114,5.2625,2.0886,185199.84,98576.7932
300879.SZ,20260311,1.0351,0.72,40.5633,3.4933,1.3952,0.0869,481506.8237,478246.6778
603190.SH,20260311,2.9998,0.87,30.3711,1.4909,1.8712,0.9465,332521.8,109778.6039
688711.SH,20260311,3.1135,0.92,380.3962,6.3752,4.9255,,663144.7718,663144.7718
920833.BJ,20260311,1.8903,0.42,55.1401,2.5915,3.6235,1.8125,159037.16,120608.8118
601991.SH,20260311,1.5317,1.26,11.3402,2.2586,0.6319,2.8149,7698791.5697,5156773.0681
002129.SZ,20260311,3.8815,1.21,,1.6361,1.5002,,4111848.7411,4108720.4695
300645.SZ,20260311,3.0904,0.89,316.4001,2.6885,2.2913,0.0999,277818.1489,272371.38
600572.SH,20260311,1.1662,0.65,16.2599,1.583,1.7007,3.3806,1118673.6931,1115700.5359
300386.SZ,20260311,1.7087,0.93,,4.527,9.1621,,667198.224,400209.2142
600233.SH,20260311,0.6345,1.02,17.2048,2.0412,0.9227,1.8078,6810923.5953,6810923.5953
603319.SH,20260311,2.8327,1.01,83.5322,5.0906,5.9224,0.5047,1256549.557,1256549.557
603110.SH,20260311,6.5126,1.14,794.8929,5.0855,8.5534,0.2843,353957.8216,353957.8216
600667.SH,20260311,7.3554,0.93,37.8685,2.5635,0.6687,0.9017,2219126.2509,2219126.2509
920278.BJ,20260311,1.8986,1.03,83.5901,4.1195,5.2641,2.2075,158097.0,67087.488
688416.SH,20260311,5.9462,1.08,,6.0295,16.1272,,765478.464,765478.464
002218.SZ,20260311,9.1925,1.02,,2.2462,8.9556,0.1545,911398.2541,898096.8706
603178.SH,20260311,0.5518,0.8,,3.2429,2.2678,0.2401,393862.1937,393862.1937
920493.BJ,20260311,6.0207,0.7,468.1221,23.4336,9.1988,,1021030.8255,748919.2608
600731.SH,20260311,2.3594,0.84,16.5123,1.3707,1.9358,2.574,434142.8572,420887.4307
603600.SH,20260311,0.657,0.59,13.8023,1.5846,0.7493,4.1959,362815.6207,329441.7613
301273.SZ,20260311,4.9983,2.1,,2.6368,7.111,,243008.9585,186513.0785
002771.SZ,20260311,3.5686,0.68,,5.5374,6.7272,0.0627,341286.1907,283935.3437
920427.BJ,20260311,2.5433,1.03,,4.4958,14.8042,1.0677,140003.01,69133.083
600594.SH,20260311,1.0129,0.82,,1.3181,1.6612,,316770.96,316770.96
603993.SH,20260311,0.9972,0.73,23.5199,5.9154,2.2554,1.1872,45954978.258,37505888.994
301037.SZ,20260311,3.0776,0.85,,3.6154,1.2465,,229402.2819,112196.3453
001388.SZ,20260311,6.3316,1.19,52.0752,5.1425,6.9521,1.3058,716820.0,143364.0
002289.SZ,20260311,0.5137,0.72,,36.6178,28.8379,,801245.4226,800387.7226
600901.SH,20260311,0.3765,0.84,11.6515,1.5186,6.1837,6.2897,3683627.0501,3682727.7461
002353.SZ,20260311,4.4091,1.2,40.4301,5.178,7.2916,0.7495,11468209.1854,7765024.8119
300435.SZ,20260311,4.4826,0.55,161.6572,3.3224,3.9025,0.701,1100439.189,1052228.1394
300084.SZ,20260311,14.4103,0.56,,4.7197,9.7355,,588715.503,400785.6968
002365.SZ,20260311,1.6359,0.69,168.2936,2.1634,5.3633,0.6762,427584.3075,356307.7066
300653.SZ,20260311,1.0848,1.2,47.4634,4.1785,10.5122,2.2363,365400.0,365400.0
002206.SZ,20260311,2.0771,0.77,15.5089,2.0951,1.3795,2.473,820518.2973,602229.7803
603045.SH,20260311,11.0257,1.26,77.0355,4.5041,0.9851,0.18,458888.1851,458888.1851
002363.SZ,20260311,4.3809,2.5,73.2354,1.7756,1.7411,0.6623,378540.9333,377508.4156
688535.SH,20260311,8.4755,1.17,520.0952,5.8026,27.5368,0.1273,1261340.1613,689108.5341
600640.SH,20260311,0.895,0.84,480.65,2.5966,5.1133,0.0693,1032813.3301,1032813.3301
002695.SZ,20260311,0.4736,0.62,92.3241,2.066,3.4809,1.0615,579730.8898,529867.467
301315.SZ,20260311,3.4418,0.86,109.724,4.6632,20.1344,0.7421,474320.0,199430.0
000628.SZ,20260311,7.915,1.01,170.2132,8.8347,3.9054,0.0992,1953392.6,1065962.9538
003029.SZ,20260311,2.7754,0.87,,4.4592,13.4671,,481339.8843,430667.1348
300571.SZ,20260311,5.5564,0.85,,3.0891,4.6996,,448862.5218,372004.792
000338.SZ,20260311,3.3727,1.12,19.4812,2.5446,1.0318,2.643,23143271.9222,13298899.9552
688512.SH,20260311,7.1841,1.81,,3.6429,7.3767,,598493.4285,416099.1195
002735.SZ,20260311,4.2286,0.82,,3.7948,2.9274,0.0756,656669.2646,482116.7737
603096.SH,20260311,0.9289,0.73,43.1065,1.5643,4.4306,4.2418,290886.5009,290886.5009
688596.SH,20260311,1.7965,0.84,67.9989,2.603,1.907,0.8716,938278.2505,938278.2505
301491.SZ,20260311,2.6385,0.78,32.6046,3.4052,4.5515,,712080.0,157780.644
300547.SZ,20260311,4.7579,1.05,39.6098,5.9575,5.1573,0.7867,761340.6707,619981.9388
603391.SH,20260311,7.6256,1.48,32.8156,3.2139,6.7823,1.6915,672490.0,168122.5
003043.SZ,20260311,2.3088,0.69,109.7077,4.045,7.1899,0.4083,698195.0854,437320.7428
300062.SZ,20260311,22.1484,1.4,,3.9277,5.7148,,631197.2447,459365.1465
600761.SH,20260311,1.8199,0.53,14.0117,1.7558,0.9956,3.3223,1876689.6474,1876689.6474
300070.SZ,20260311,2.1157,1.1,708.4854,0.5703,1.8983,0.0935,1551161.6074,1443146.7483
300981.SZ,20260311,0.6464,0.56,,1.0297,2.2272,1.7573,552806.9322,506621.959
300407.SZ,20260311,3.2375,0.76,48.0527,2.408,1.7842,0.681,463098.5934,373232.1852
301307.SZ,20260311,11.6795,1.07,,2.9693,2.1812,,848507.4,439127.3176
601727.SH,20260311,2.4115,0.69,137.135,2.6907,1.1992,,14530013.7297,11795623.0597
600897.SH,20260311,0.5476,0.56,15.4491,1.4548,3.459,1.9441,686273.364,686273.364
600567.SH,20260311,1.9243,1.09,,0.6651,0.375,,1078574.5153,1078574.5153
920475.BJ,20260311,1.5385,1.57,,4.402,8.6551,0.3287,153712.26,85477.8059
301280.SZ,20260311,3.1441,0.84,36.8328,4.1781,4.3793,1.5035,779783.5781,228767.6756
920023.BJ,20260311,2.0629,0.98,119.7886,1.1733,2.6336,,141395.328,116125.285
301139.SZ,20260311,5.2871,1.11,175.2105,1.1923,2.077,0.1828,232827.232,145860.0884
688785.SH,20260311,6.1511,0.73,196.0275,10.2535,42.2846,,2242144.5032,421514.8095
301218.SZ,20260311,17.2424,1.34,,5.0115,7.2576,0.062,460037.36,282657.6844
920866.BJ,20260311,2.82,0.37,49.6175,2.0328,3.1603,1.6998,156238.5153,78067.8862
002484.SZ,20260311,3.3796,1.17,38.4312,4.3525,4.9597,0.8216,2671495.6987,2577103.3844
688051.SH,20260311,1.5141,1.29,,4.7528,13.197,,280954.422,280954.422
601138.SH,20260311,0.6144,0.99,30.3285,6.4167,1.1853,1.7992,107015817.0638,107015817.0638
300813.SZ,20260311,3.9566,0.97,198.8167,4.1415,10.2351,0.7407,327237.8913,205337.8971
600238.SH,20260311,2.1766,1.88,,24.6866,13.2218,,250543.8,248906.8132
601975.SH,20260311,8.0203,0.47,16.7559,1.8336,3.5415,,2031269.5903,2031269.5903
300618.SZ,20260311,3.8229,0.88,54.9838,2.6827,2.2591,0.3084,1499863.0117,1319701.3147
002671.SZ,20260311,2.0108,0.86,30.787,1.8703,2.1436,,332866.7705,325600.8699
000923.SZ,20260311,2.1131,0.64,26.2336,1.3445,2.6374,2.3641,1380521.7525,1328011.3637
002427.SZ,20260311,1.2738,0.67,259.8337,7.4633,3.0535,,707540.7339,707018.5389
601799.SH,20260311,0.8487,0.78,25.6312,3.6588,2.7342,1.0583,4029508.205,4029508.205
300357.SZ,20260311,1.2064,0.69,33.1502,5.0101,12.3441,0.89,1294299.648,1196606.7148
002639.SZ,20260311,9.5362,0.64,398.3749,6.6094,6.3629,,1656459.0696,1394927.7921
688630.SH,20260311,2.6988,0.72,85.6422,10.7567,17.6338,0.1956,2483049.0152,2483049.0152
301591.SZ,20260311,6.4349,1.29,55.0142,4.4139,9.2786,0.957,395532.24,159626.905
002947.SZ,20260311,3.1074,0.96,21.9971,3.7362,4.4315,1.2304,1218531.602,916171.865
603015.SH,20260311,1.5598,0.85,123.2917,4.1043,7.0952,0.3531,572374.104,572374.104
301176.SZ,20260311,23.013,1.91,,3.2251,3.0109,,489278.9343,163092.9791
301059.SZ,20260311,2.6524,0.88,51.9904,5.8684,8.2137,1.088,358519.854,320649.1273
600768.SH,20260311,3.4863,0.9,107.5571,6.134,1.4992,0.2815,237535.0272,237535.0272
300051.SZ,20260311,4.7375,1.29,,22.3297,7.4472,,360485.1416,356278.0585
002028.SZ,20260311,1.968,1.13,54.5692,11.1338,8.1389,0.2254,17258894.198,13466826.8251
002965.SZ,20260311,1.8143,0.96,35.9808,2.0991,1.1887,1.2197,895393.3313,672848.5088
300635.SZ,20260311,3.0271,0.84,,5.2084,2.955,,196019.6,168579.9178
300643.SZ,20260311,7.5326,0.98,32.0794,4.2098,4.5187,0.6907,532576.9164,531649.5352
300207.SZ,20260311,7.3176,2.89,29.7339,1.9885,0.8062,0.7793,4940114.5806,4582800.6862
301326.SZ,20260311,8.7562,1.01,,8.8175,9.7376,,1130636.2704,424620.2424
600339.SH,20260311,2.8744,0.5,46.8653,0.9211,0.2674,1.086,2467751.1822,2467751.1822
002307.SZ,20260311,2.3983,0.77,,1.9098,0.6883,,857365.1091,659511.6226
301065.SZ,20260311,2.3143,1.15,37.4375,1.9508,4.0205,0.788,261869.4,213130.125
300265.SZ,20260311,17.7512,0.7,341.4723,3.9529,3.5505,0.1987,922577.434,921986.2738
603172.SH,20260311,6.0229,0.8,54.0948,2.7857,5.2654,0.3965,302772.6,113681.6
600605.SH,20260311,0.8589,0.8,240.9453,4.0939,56.3598,0.497,581097.6025,581097.6025
688521.SH,20260311,4.8168,1.29,,32.6362,36.8472,,11615890.6348,11615890.6348
688187.SH,20260311,0.3423,0.59,19.0229,1.8377,2.7154,2.5039,7809561.3174,4997087.1015
300200.SZ,20260311,2.3035,0.89,35.9161,3.0476,4.0542,1.2484,500359.8922,492172.5364
002866.SZ,20260311,6.587,1.51,,2.8172,2.7361,,585124.4794,366339.6086
002647.SZ,20260311,1.99,0.81,29.643,18.9743,12.9538,,1065865.0326,639105.0367
002890.SZ,20260311,1.9957,1.26,188.3817,4.6932,9.1289,0.1564,282332.5159,268386.757
600129.SH,20260311,0.6895,0.67,,2.6308,0.9271,,930793.8963,930793.8963
603029.SH,20260311,1.6178,0.76,30.0363,2.624,2.5699,0.8557,243897.42,243897.42
688166.SH,20260311,3.2472,1.44,322.745,7.5798,14.7853,0.2241,1809192.0669,1809192.0669
000957.SZ,20260311,2.8475,1.2,20.6902,2.2165,0.957,0.8563,684804.0461,684804.0461
002905.SZ,20260311,1.8588,0.96,102.8491,39.6246,3.4225,,376320.0,349440.0
300878.SZ,20260311,2.885,1.65,,4.3854,33.7709,0.4473,444651.0789,442604.6781
688228.SH,20260311,3.038,0.8,,6.2227,19.4652,0.1227,814594.6148,814594.6148
001287.SZ,20260311,3.2266,1.02,50.765,3.2637,0.2865,0.4848,1755369.2241,1010381.2904
600987.SH,20260311,1.6274,0.76,11.3416,1.2797,0.7549,4.9505,824821.6494,824821.6494
603158.SH,20260311,15.0778,3.03,38.485,2.5879,1.5124,1.2921,601193.4313,601193.4313
603310.SH,20260311,1.048,0.85,33.6262,1.5116,6.0597,1.7281,599510.24,336801.36
301177.SZ,20260311,0.5788,0.72,90.059,1.9574,7.9835,1.6404,1219236.2793,1218428.404
688469.SH,20260311,2.2071,0.92,,4.5786,7.305,,5976855.9536,3158447.4
603221.SH,20260311,1.6132,1.37,46.8011,1.9206,2.5771,1.4265,308609.48,305744.74
600116.SH,20260311,1.6922,1.38,48.5917,1.1982,1.3694,1.2657,1346148.6044,1346148.6044
605555.SH,20260311,0.6091,0.56,28.8961,2.5965,1.7827,1.6629,783707.7758,783707.7758
002100.SZ,20260311,2.9493,0.9,23.3302,1.468,0.5947,2.8534,1052608.9181,1052608.9181
920807.BJ,20260311,1.9409,0.94,112.2124,2.7883,4.3882,0.6944,261907.2,175637.8397
600172.SH,20260311,20.4585,1.28,,16.1984,11.6764,,1599382.5839,1415367.6268
920163.BJ,20260311,4.4849,1.85,50.1408,4.1999,2.5724,0.6769,209162.135,97105.1006
605300.SH,20260311,0.2857,0.57,187.5369,1.7868,2.1327,0.5275,511652.8202,511652.8202
920207.BJ,20260311,12.1401,0.7,4274.5075,11.2892,8.06,,336327.36,205435.1793
600360.SH,20260311,1.7632,1.0,51.9525,2.6823,4.0999,0.7798,911320.2435,911320.2435
300161.SZ,20260311,9.652,6.06,,4.2766,4.2166,0.0302,657289.365,645043.1391
001282.SZ,20260311,12.4468,0.67,39.7547,3.3396,3.2559,0.5866,535689.4816,188455.3328
300779.SZ,20260311,3.8365,0.77,768.5479,15.0644,17.6663,0.0949,2052533.6799,1645029.1161
300434.SZ,20260311,1.1716,0.76,31.8564,1.6504,3.9406,0.6673,415403.1636,353753.2029
000695.SZ,20260311,6.2578,1.11,,18.3516,6.2934,,315182.909,301663.183
920112.BJ,20260311,0.6522,0.89,21.9361,3.5285,2.8212,1.3426,315981.4,86333.492
000905.SZ,20260311,2.3483,0.62,43.9077,1.8017,0.4347,1.1504,902782.2795,902780.454
301332.SZ,20260311,0.9597,0.87,34.8152,1.5181,1.259,1.5532,442638.4375,254036.7025
301278.SZ,20260311,19.1661,1.2,148.7776,3.1349,4.6542,1.0279,446028.887,255570.565
920725.BJ,20260311,15.9357,1.47,,5.7721,20.3977,0.2622,345840.975,159432.6402
920068.BJ,20260311,7.7557,1.23,103.0165,10.7459,22.8473,0.4548,1441664.433,137886.6699
000573.SZ,20260311,1.6417,0.61,43.2349,1.7149,6.4897,1.1312,282120.027,279770.45
300521.SZ,20260311,1.6002,0.81,,8.5853,24.3921,,456826.23,456826.23
600639.SH,20260311,0.414,0.66,12.3025,0.8067,5.55,3.0999,1168431.8216,885096.4078
301149.SZ,20260311,4.9002,1.0,40.9922,2.7511,0.9623,1.1655,553410.0232,336201.3549
600835.SH,20260311,0.7445,0.52,27.7896,1.8147,1.2887,1.6915,2539461.7018,2002550.1769
000973.SZ,20260311,11.1319,2.02,324.8287,4.5598,17.3429,0.0866,3908596.4579,1538202.8419
000501.SZ,20260311,0.7759,0.74,31.8532,0.6433,1.1457,3.2149,699783.3852,699087.9951
000822.SZ,20260311,7.566,0.93,,1.2688,1.2794,,608662.5097,608662.5097
688588.SH,20260311,0.7604,0.83,52.2162,4.3188,5.032,1.4564,530413.264,530413.264
300812.SZ,20260311,18.1102,0.68,,7.155,12.8599,,560728.3471,371110.3522
301205.SZ,20260311,29.2216,1.39,269.8864,19.1416,27.7241,0.0855,3036009.6,1590223.752
600386.SH,20260311,0.9428,0.75,4202.044,1.9329,0.8388,0.2336,345139.2,345139.2
605116.SH,20260311,0.6859,0.85,24.6846,4.1551,6.451,1.1203,1047952.7437,1047952.7437
002651.SZ,20260311,1.2092,0.71,183.9018,3.8138,14.5757,0.5859,1058263.04,579034.7684
300971.SZ,20260311,4.1154,0.83,40.2627,2.8185,5.8271,0.7072,296940.0,232457.8075
300808.SZ,20260311,2.0194,0.97,,5.0512,14.4047,,489760.0,363951.6083
603809.SH,20260311,1.1598,0.87,32.0761,3.0207,4.2993,1.1622,1103426.2796,1103426.2796
603010.SH,20260311,1.3874,0.97,204.8952,1.9655,2.1374,0.6449,710442.2046,710442.2046
600107.SH,20260311,1.0606,1.22,,4.6448,8.6812,,212040.0,212040.0
603279.SH,20260311,1.698,0.95,17.6463,2.4634,1.9403,4.7522,1091650.462,1091650.462
002737.SZ,20260311,1.0027,2.38,,1.9324,3.7397,3.7286,783144.0,783144.0
002193.SZ,20260311,4.53,1.27,,3.1156,5.011,,170638.5386,170637.5606
603393.SH,20260311,4.9934,0.53,15.1747,1.889,4.4883,,1697804.9146,1695001.4307
300221.SZ,20260311,2.9581,0.93,52.3027,3.5319,2.2465,,507391.2676,488903.8338
002426.SZ,20260311,6.2399,0.83,,5.9513,4.2842,,1435908.1366,1435897.154
603919.SH,20260311,1.0768,0.78,25.7325,2.9543,3.2513,3.5672,974953.7142,974953.7142
300778.SZ,20260311,4.5894,1.3,,2.2546,20.1507,,278606.3903,278551.4568
600027.SH,20260311,1.9604,1.32,8.7794,1.2871,0.4942,3.9912,6131016.7692,4865877.6287
300353.SZ,20260311,3.6098,0.93,362.8761,7.4176,15.3111,,1473898.2358,1287809.8757
603755.SH,20260311,1.8992,1.02,35.8806,4.1965,6.4522,1.6084,302152.3186,302152.3186
301023.SZ,20260311,3.9149,1.0,43.3283,4.3964,12.4255,2.5082,349952.0921,187165.7843
600959.SH,20260311,1.1463,0.83,44.7495,0.8974,2.5073,0.5392,2040292.8159,2040292.8159
002163.SZ,20260311,2.7934,0.77,,16.9032,3.2795,,1190545.6346,1132200.3649
002065.SZ,20260311,1.3736,0.77,80.7804,2.3858,2.1363,0.5507,2910577.9965,2640392.8573
688041.SH,20260311,0.8282,0.97,223.2669,26.1713,39.483,0.1063,56760336.1822,56760336.1822
603016.SH,20260311,1.5385,0.98,74.9708,6.024,7.9122,1.4107,496780.48,496780.48
920856.BJ,20260311,1.2629,1.06,81.2796,3.0447,3.4082,0.6009,143926.5882,80279.836
002926.SZ,20260311,0.6014,0.85,15.0493,0.9493,4.4536,1.4221,2307375.0,2307375.0
000776.SZ,20260311,0.5073,0.73,11.0685,1.1781,4.465,2.5602,15281923.283,11530608.3044
600265.SH,20260311,0.2227,1.0,,295.057,10.3583,,256355.0,256355.0
600702.SH,20260311,1.1469,0.92,112.0777,2.3539,3.6287,0.8476,1668785.7782,1668083.6782
002201.SZ,20260311,3.5652,0.92,102.4543,6.9135,4.5752,0.1954,800209.3039,739284.7598
603722.SH,20260311,0.9902,0.64,,4.0118,8.727,0.2498,383160.5944,375240.1744
301398.SZ,20260311,6.3769,1.46,88.5334,5.4712,14.8655,0.4888,613760.0,203960.12
600824.SH,20260311,0.8491,0.79,244.02,1.8922,7.0022,0.4157,456393.7226,456393.7226
600011.SH,20260311,1.2629,1.19,8.3107,1.8104,0.5169,3.5019,12103229.9798,8479234.3475
301208.SZ,20260311,2.0748,1.01,69.6442,2.9436,4.1079,0.5308,452160.2261,248959.5221
600305.SH,20260311,0.4552,0.66,58.0957,2.5766,3.7745,1.2788,865260.7349,862536.7943
600292.SH,20260311,2.9957,1.02,18494.8186,2.3267,14.6786,,6697335.2813,1193869.0248
920781.BJ,20260311,3.633,0.41,,3.8535,5.7751,0.202,139110.3486,91855.6182
600406.SH,20260311,2.0692,0.97,30.8503,5.0101,3.8721,1.8878,24657491.3989,24585033.6212
000055.SZ,20260311,1.0758,0.73,384.8925,0.6948,1.1202,1.269,423106.4454,266285.7782
000997.SZ,20260311,1.2035,1.08,20.9015,3.2259,2.8769,0.9544,2317968.0295,2305021.3037
000049.SZ,20260311,3.3447,2.77,24.4988,1.5351,0.4648,1.2411,1022753.8619,1022478.1981
301213.SZ,20260311,8.3798,0.73,,7.9376,40.0781,,622799.9922,402570.5165
002440.SZ,20260311,11.959,1.23,57.8026,1.7503,2.8727,0.9871,1662395.8595,1399664.4715
920892.BJ,20260311,0.3605,0.71,25.0463,6.1662,4.6022,3.4241,271369.7053,236217.379
605196.SH,20260311,3.0434,0.75,95.129,8.612,4.0761,0.1128,2842708.4707,2809107.9507
600935.SH,20260311,1.8978,1.09,,1.8073,2.2519,,1082016.1549,1055727.9454
002591.SZ,20260311,4.74,0.81,,3.5279,6.2683,,232354.4006,172998.6456
600820.SH,20260311,0.9411,1.18,8.0724,0.6671,0.3414,4.5802,2059382.9416,2059382.9416
301169.SZ,20260311,1.7215,0.68,,10.1056,13.1478,,442400.9316,442262.7591
000690.SZ,20260311,9.1975,2.14,11.7378,0.8736,1.2824,3.9683,1096647.4824,1095933.573
000733.SZ,20260311,2.3062,0.8,30.5171,1.8935,5.3565,0.3445,2895535.277,2895144.9695
600551.SH,20260311,0.8499,1.27,13.843,0.9926,0.7619,4.717,574990.8427,574990.8427
002020.SZ,20260311,1.5126,0.97,19.5029,2.4591,3.476,2.0497,1389701.032,1168484.8927
300757.SZ,20260311,4.6685,0.74,,38.4841,126.6136,0.0118,6408160.9079,5759907.5083
603011.SH,20260311,8.5167,0.92,,6.3663,5.8631,,1336896.6376,1336896.6376
300484.SZ,20260311,1.6589,0.87,71.5559,5.7301,8.2166,0.8585,386982.1652,310746.7035
920183.BJ,20260311,38.3042,0.86,30.0174,4.8715,9.3807,,224591.776,51614.2063
605198.SH,20260311,0.4005,0.86,36.9551,4.6855,7.4715,0.6524,1280608.416,1036693.952
605050.SH,20260311,0.581,0.54,17.1838,1.5062,0.544,2.6758,641170.7645,641170.7645
300166.SZ,20260311,11.3662,1.01,,2.5573,5.4667,,1496311.9129,1190191.7165
600571.SH,20260311,1.329,0.7,69.1756,5.7936,3.3346,0.3156,694347.9621,681592.2858
002091.SZ,20260311,2.5324,1.86,11.7972,0.9885,0.3827,5.0104,1526796.3792,1497821.3482
920914.BJ,20260311,1.8553,1.16,47.6333,2.7303,2.5355,0.3744,264432.69,264223.6088
300321.SZ,20260311,1.4522,1.13,409.8795,5.1507,8.3687,0.117,326428.8,326046.1284
002861.SZ,20260311,7.1531,1.33,335.826,3.2141,4.1668,0.5263,353939.5278,285319.865
300668.SZ,20260311,2.3838,0.97,,3.9987,5.5823,,313472.8349,259602.8166
920058.BJ,20260311,1.6935,1.23,34.0889,4.9242,2.1886,2.8292,170971.1355,84162.8834
920634.BJ,20260311,2.5766,0.87,93.0895,5.5375,1.9489,0.3977,160347.0939,101510.2837
688710.SH,20260311,1.6952,0.91,,3.3658,9.6387,0.5769,782013.9244,503079.4183
301305.SZ,20260311,4.5727,0.57,23.9978,1.726,3.6318,0.7407,651316.1508,334026.3258
001260.SZ,20260311,1.5337,0.97,57.5276,3.099,4.4964,0.565,256450.0,256450.0
603273.SH,20260311,3.4043,0.84,127.9054,4.7029,7.1838,0.3902,411910.3548,107744.2448
688158.SH,20260311,26.9484,1.65,,9.679,13.7433,,2336282.0147,2076026.409
600241.SH,20260311,4.6314,2.09,1210.6787,2.3374,7.1439,,273112.3627,273112.3627
601766.SH,20260311,0.8492,1.28,12.1583,1.1022,0.6613,5.0,18367273.0163,15569790.7507
688420.SH,20260311,1.8694,1.01,173.314,1.6784,4.6769,0.5302,242209.77,114323.121
300960.SZ,20260311,1.7579,1.41,84.4037,6.1929,8.1896,1.2373,373388.425,338320.315
688048.SH,20260311,8.4455,0.94,1690.3284,10.9807,70.4504,,3299960.533,3299960.533
601169.SH,20260311,0.589,0.99,4.3771,0.4139,1.6491,3.6765,11501783.444,11501783.444
001358.SZ,20260311,4.2211,2.0,59.4704,2.644,7.6859,1.5968,378347.2,156548.2419
600171.SH,20260311,2.9632,1.44,60.5835,4.8708,6.9226,0.5507,2188446.2364,2188446.2364
601579.SH,20260311,0.9049,0.76,41.774,2.2945,4.686,2.2544,834745.7951,834745.7951
600476.SH,20260311,2.1155,0.84,,18.573,3.0005,,211001.7,211001.7
300492.SZ,20260311,0.7376,0.99,76.3682,44.1307,4.165,0.8039,1318746.4939,1318746.4939
600352.SH,20260311,2.839,1.1,25.475,1.5471,3.5353,2.7709,5283410.9406,5283410.9406
688230.SH,20260311,0.7183,0.87,72.3971,3.3848,19.5249,1.2242,768516.0,768516.0
600706.SH,20260311,1.6349,0.81,106.4342,4.1356,2.8327,,262456.5188,261397.0604
300260.SZ,20260311,2.7874,0.8,122.3849,10.2184,7.2188,0.1146,2123857.5644,1498013.2096
301517.SZ,20260311,3.2135,0.83,,6.7663,15.8386,0.0667,906516.8557,588353.5375
301193.SZ,20260311,4.4619,0.81,,3.6112,2.2298,,550403.4405,390509.4405
300101.SZ,20260311,1.8067,0.67,228.3061,7.6585,14.5654,0.294,1411813.5702,1407183.9297
000669.SZ,20260311,4.0032,0.48,,,2.3711,,300060.2795,300060.2795
605389.SH,20260311,1.098,1.48,90.2962,4.8699,10.7374,1.0119,1025179.5031,969537.9974
600477.SH,20260311,3.349,1.26,73.4133,1.6566,1.0671,1.7429,825638.9526,825638.9526
000928.SZ,20260311,2.4633,0.85,13.4546,1.1955,0.7103,4.2472,1009989.8132,1009977.458
002969.SZ,20260311,14.3002,2.1,187.0237,9.3785,8.7723,0.1027,2771504.6763,2755845.0511
688337.SH,20260311,1.7771,0.7,108.4223,2.9235,10.2619,0.8389,923811.597,885894.3239
688091.SH,20260311,1.3904,0.63,170.8241,7.6617,34.5509,,1095529.292,1095529.292
002662.SZ,20260311,1.0621,0.69,25.5414,1.366,2.1,1.7955,601500.0,601492.4211
600482.SH,20260311,2.7887,1.1,44.5537,2.0702,1.4749,0.7294,8266207.8628,8266207.8628
603713.SH,20260311,1.0364,0.72,16.6591,2.1495,0.7548,1.124,999047.5864,999047.5864
301210.SZ,20260311,5.8391,1.28,89.6661,2.6201,3.0262,0.738,478171.0014,181331.4659
300798.SZ,20260311,13.8835,1.2,,2.7963,3.997,0.0998,469793.0547,382169.5545
688538.SH,20260311,1.0119,0.78,,4.2634,6.2511,,3438549.9686,1432306.6955
002888.SZ,20260311,3.1912,1.12,178.7199,7.9276,10.3454,0.999,301487.8473,152992.8068
301173.SZ,20260311,1.7592,0.9,24.6064,2.6899,1.6716,0.5062,395607.8131,138852.2801
000791.SZ,20260311,3.8346,0.99,10.5382,1.8831,2.0929,2.1251,2747532.2615,1639471.6527
002625.SZ,20260311,0.8073,0.89,133.6231,10.0929,51.1023,,9631007.7431,9630965.2781
600373.SH,20260311,0.7196,0.83,29.6827,0.7078,1.5739,4.5213,1234180.5866,1234180.5866
300507.SZ,20260311,1.1897,0.66,64.6597,3.474,2.9574,0.6495,735794.5075,712217.4164
605338.SH,20260311,0.761,0.85,22.5527,2.634,3.3118,3.1128,615686.3213,615686.3213
603489.SH,20260311,2.8123,1.02,97.9344,2.8901,5.6474,0.3014,778462.4543,778462.4543
301303.SZ,20260311,3.6944,0.63,20.3295,2.0419,3.9848,2.0821,687192.8,171016.224
002158.SZ,20260311,1.1573,0.79,27.797,2.9856,4.4602,2.3751,1305796.3474,1303019.8179
600060.SH,20260311,0.7863,0.9,11.3989,1.4304,0.4815,3.9286,2923137.849,2912377.935
603156.SH,20260311,0.5767,1.09,24.0797,4.3184,6.7691,6.039,3881654.9033,3881654.9033
601598.SH,20260311,0.3654,0.61,11.2978,1.1136,0.4496,4.8857,4261208.2288,3063537.3148
300275.SZ,20260311,1.3986,0.88,76.8123,3.9754,8.055,0.2417,375458.1779,330911.5112
920608.BJ,20260311,1.4024,1.14,33.8813,2.3995,7.8231,1.6207,115206.24,72951.5472
301630.SZ,20260311,13.6212,0.89,58.2817,4.7361,6.9675,,792800.0,198200.0
301500.SZ,20260311,14.5505,0.69,92.9293,2.9338,0.9715,0.3806,1373410.6953,352059.8326
300598.SZ,20260311,1.8481,0.94,,6.0914,4.1884,,903511.9695,903258.9399
600577.SH,20260311,2.3847,0.78,54.2415,5.4048,1.348,0.5312,3236794.6849,3236794.6849
688798.SH,20260311,1.1928,0.69,53.9825,4.0728,5.9885,0.4493,1708832.9019,994997.9492
920260.BJ,20260311,5.3056,0.5,29.9851,2.8138,4.1016,1.6407,126227.45,120457.873
601003.SH,20260311,0.5671,0.7,25.5046,1.4608,0.2008,,1361892.6556,1324964.0844
601001.SH,20260311,1.7018,0.76,14.8868,1.5313,2.1935,4.3895,2878764.0,2878764.0
300832.SZ,20260311,0.4502,0.63,25.8292,4.8725,9.3673,2.3972,4260952.9711,3704572.0322
600400.SH,20260311,0.7365,0.75,,2.2203,3.2292,,517850.0386,517850.0386
688213.SH,20260311,1.6513,0.75,34.7683,7.1119,3.855,0.317,3481562.8309,2799651.0053
301393.SZ,20260311,1.81,0.97,39.5233,2.3182,9.6935,0.791,541296.0,211029.1323
600111.SH,20260311,2.6233,0.91,88.4728,7.9278,4.5411,0.0668,18935714.8804,18935714.8804
688410.SH,20260311,1.1175,0.7,34.7257,2.798,6.1597,0.6432,496978.9672,496978.9672
300621.SZ,20260311,2.0418,0.91,,2.2472,0.2316,0.1076,193284.6743,188149.4531
300919.SZ,20260311,1.7463,1.23,44.6033,2.4155,1.2921,1.1558,5602114.4868,4904667.8813
301125.SZ,20260311,2.9059,1.12,551.3869,5.6023,5.7263,0.1252,338801.4288,306186.2938
600776.SH,20260311,2.7285,1.14,52.0248,5.664,8.3947,0.3578,2141480.1091,1629980.1091
600231.SH,20260311,1.2188,1.08,,1.3544,0.3997,,638315.8114,630323.4914
301102.SZ,20260311,0.8753,0.94,113.4825,1.5797,7.8498,0.1709,475020.0,475020.0
600155.SH,20260311,0.7974,0.7,93.1147,0.7387,4.5786,,1476432.8322,1476432.8322
600110.SH,20260311,8.9633,1.97,,2.4174,2.2369,,1422848.3642,1422848.3642
300266.SZ,20260311,2.7523,0.83,,130.3154,4.1793,,442835.0845,442569.9062
000705.SZ,20260311,1.7038,0.84,64.8855,1.5187,1.1481,0.6543,306391.0533,258558.0087
603439.SH,20260311,0.4372,0.89,29.7505,3.2423,2.754,2.8792,478039.4225,472089.2125
300204.SZ,20260311,1.793,0.79,,14.2134,50.6383,,1237430.9175,1174991.0576
300328.SZ,20260311,10.8235,1.47,,12.5635,8.4327,,1376014.2348,1367928.8829
688151.SH,20260311,0.9264,0.7,180.4916,1.8218,12.2597,0.1941,770302.0,770302.0
603768.SH,20260311,0.8707,0.72,,1.2,0.8027,0.4893,281977.6905,281977.6905
301590.SZ,20260311,10.8605,0.84,45.9082,4.3791,5.9103,0.5908,853131.8077,174522.5894
000517.SZ,20260311,0.9008,0.88,,1.1454,0.5805,,659071.9544,515841.1881
002546.SZ,20260311,9.7919,0.71,13.411,2.5002,12.2622,1.0676,937471.1839,900584.8759
300899.SZ,20260311,2.6409,0.69,124.2356,4.3034,17.8294,0.9028,275544.5731,176843.8051
301680.SZ,20260311,53.2613,,59.0285,5.7046,9.5635,,1057521.6,214601.2746
600497.SH,20260311,2.9489,1.12,43.9808,3.0252,2.3561,1.6085,5025259.3416,5025259.3416
002917.SZ,20260311,1.5362,0.89,33.2768,2.9562,2.9237,0.6889,496740.6875,372223.1063
002641.SZ,20260311,1.203,1.05,61.3356,0.9896,0.8644,1.1281,539572.2094,497823.6527
600127.SH,20260311,6.2821,0.51,330.5668,6.8709,1.1675,,467218.1827,467218.1827
601011.SH,20260311,4.6686,0.72,,1.1975,10.7481,,689639.234,689639.234
300129.SZ,20260311,11.4488,1.84,64.0511,2.7724,2.8559,0.3513,1596748.6728,1034942.6678
600185.SH,20260311,0.9554,0.57,,21.6973,2.3283,,1242218.8189,1242218.8189
600738.SH,20260311,1.209,0.77,47.6609,1.8919,6.1552,0.2857,385996.9647,385657.7614
603999.SH,20260311,1.3892,0.75,61.0821,2.0976,5.0308,0.443,429120.0,429120.0
600751.SH,20260311,1.5359,0.62,106.3229,1.539,8.7874,,1165533.7888,1034421.9989
920270.BJ,20260311,1.8406,0.43,53.2235,4.693,9.0195,2.7248,191970.36,148870.4617
002622.SZ,20260311,1.7822,0.73,,6.7088,3.2444,,244440.0,244432.7978
002916.SZ,20260311,1.1658,0.95,65.123,9.9126,8.1821,0.4351,17683084.8062,17258453.322
600576.SH,20260311,1.1218,0.72,35.0962,2.2758,6.235,,675965.55,423310.0432
600775.SH,20260311,19.2402,1.72,,4.8233,6.134,,1458486.2923,1072254.2923
300092.SZ,20260311,14.4433,1.41,60.5641,3.0343,4.8329,1.323,492787.9645,377549.3945
600710.SH,20260311,2.1608,0.7,13.6922,2.1812,0.1575,2.5986,1855584.1963,1855584.1963
688519.SH,20260311,1.9322,0.87,111.635,9.3453,5.1433,0.0839,2688832.2859,2688832.2859
300818.SZ,20260311,1.7665,0.74,120.7363,3.9071,7.7352,0.1669,707663.5286,459059.7535
600798.SH,20260311,4.374,0.47,,1.221,1.7304,0.5063,476581.0094,476581.0094
300464.SZ,20260311,3.1215,1.05,,24.0347,2.3243,,333750.5343,259044.8101
601528.SH,20260311,1.3451,1.09,5.3797,0.559,2.442,3.6364,1079188.7673,953951.0959
601588.SH,20260311,1.0543,0.96,,0.8277,0.9176,,622898.7,492100.0
301201.SZ,20260311,2.882,0.98,,3.2381,18.4149,0.4393,689559.5136,483781.9629
603967.SH,20260311,1.2386,0.88,17.7076,1.9592,0.4932,4.5386,458293.3906,458293.3906
000159.SZ,20260311,6.5516,0.61,98.5775,1.6155,2.277,,329269.9052,329260.9146
001396.SZ,20260311,16.8509,0.94,40.7597,3.9164,7.1823,,540712.4201,112323.7344
688030.SH,20260311,1.7551,1.33,,3.837,3.5062,,319558.0876,319558.0876
002418.SZ,20260311,10.8284,2.36,,4.0473,2.0605,,582973.2,582971.8344
601995.SH,20260311,0.3906,0.63,17.5936,1.7025,5.7752,0.5252,16543009.2866,10018979.9419
603019.SH,20260311,2.0198,0.87,60.9786,6.1458,8.6056,0.386,12882734.4781,12879133.9375
601288.SH,20260311,0.0784,0.6,8.041,0.8605,3.2173,3.6953,232038751.4578,211658911.7452
600612.SH,20260311,0.3171,0.46,12.728,1.694,0.4229,4.8009,2233712.8523,1354058.1201
002248.SZ,20260311,12.6361,2.12,213.4733,50.3003,14.6952,,479078.1448,479078.1448
300376.SZ,20260311,2.1354,0.7,238.9782,2.7649,5.7941,0.2613,1850951.1784,1850310.7463
600686.SH,20260311,2.9495,1.42,37.615,3.8064,0.4966,0.522,1236189.7469,1236189.7469
000623.SZ,20260311,0.6365,0.63,8.7185,0.738,9.5615,2.6184,2238716.1645,2229595.7917
300045.SZ,20260311,3.8218,0.84,,10.3411,24.9952,,1660664.1414,1293880.8191
000518.SZ,20260311,0.9871,0.82,,8.3164,8.7328,,298571.3044,298565.351
600167.SH,20260311,0.6604,1.13,22.0093,1.4089,4.536,2.9128,1527417.3125,1527417.3125
603299.SH,20260311,2.4485,0.99,22.4046,1.4754,2.5198,2.9525,1172824.2482,955208.175
002108.SZ,20260311,3.706,1.02,53.2245,1.6551,2.9013,2.0035,830893.4958,830339.0958
300079.SZ,20260311,2.9833,0.78,317.1868,2.0082,11.1345,0.1685,847060.6688,761198.9157
600025.SH,20260311,0.2564,0.86,22.8271,2.8611,7.5296,1.8315,19655804.4411,18990000.0
688132.SH,20260311,1.9491,0.75,,2.2835,21.8402,,282529.9786,201368.0526
688259.SH,20260311,2.2846,0.93,56.02,2.8586,12.2721,0.6122,444007.5,444007.5
301316.SZ,20260311,2.4529,0.93,189.1085,17.4327,8.8983,0.1684,1919404.0,1900447.51
601116.SH,20260311,2.2136,0.8,61.0269,2.5804,2.1314,1.3201,829732.776,829732.776
605016.SH,20260311,0.988,1.06,28.4193,5.3097,7.538,0.8392,1039530.492,1039530.492
600148.SH,20260311,1.4658,0.94,289.2821,5.7605,3.7376,,273551.2979,273551.2979
002352.SZ,20260311,0.3385,0.66,17.3153,1.9145,0.6211,2.4113,18807154.2864,17809173.6914
688312.SH,20260311,5.0988,0.81,56.6595,5.1,12.5799,0.9242,778272.5222,778272.5222
300577.SZ,20260311,0.5957,0.59,14.5208,2.2898,0.995,1.6855,490944.7976,291011.3272
000912.SZ,20260311,8.2109,0.88,,1.4042,2.0233,,885920.0,885920.0
600094.SH,20260311,0.739,0.88,,1.0156,4.5335,,1041577.6202,952551.0176
002778.SZ,20260311,3.7905,1.57,,8.4331,11.872,,266348.2955,263520.3599
300894.SZ,20260311,0.9921,1.03,,4.2102,4.8442,,455442.2285,329653.9217
000011.SZ,20260311,0.6041,0.77,,1.5067,1.6326,,511350.0609,451716.0159
600941.SH,20260311,1.5246,1.26,14.6421,1.5306,2.0035,4.9634,209155272.0164,8719834.8274
002918.SZ,20260311,3.0592,1.12,83.7786,1.6605,1.3483,1.5026,544121.2904,283621.3658
002592.SZ,20260311,2.7123,1.38,25.9173,3.1463,4.2779,1.9474,290981.0982,269809.712
002396.SZ,20260311,7.1469,2.24,38.6296,2.7205,0.9865,0.7797,1878324.1793,1870579.8515
300304.SZ,20260311,3.374,0.82,30.0387,3.8068,5.6628,0.6025,1276820.966,1242465.5864
300935.SZ,20260311,2.6596,0.91,,3.3629,20.2686,,266648.7928,202338.6598
002074.SZ,20260311,4.356,2.07,21.2394,2.4839,1.7792,0.2534,7067787.3804,6764205.4891
301419.SZ,20260311,7.2817,1.5,65.2163,4.8342,11.0679,1.0893,459000.0,303424.245
002693.SZ,20260311,0.6175,0.73,,7.7656,14.0436,,303552.897,300838.5283
600215.SH,20260311,1.5519,0.83,,1.6986,3.1242,0.2038,340834.6285,340834.6285
301287.SZ,20260311,3.5106,0.72,30.9185,2.5406,4.8771,1.5416,294081.37,75125.2849
603718.SH,20260311,1.3382,0.62,18.5295,2.0937,12.8871,1.6191,317477.5889,316053.1139
600273.SH,20260311,1.735,0.71,13.9499,1.4403,1.4781,3.6746,1450504.209,1450504.209
920230.BJ,20260311,1.4725,1.16,107.1015,2.9774,3.7244,0.6207,124486.8238,58398.2165
300481.SZ,20260311,5.8156,1.2,35.9009,2.244,3.8628,2.1645,539348.8494,536059.7532
920765.BJ,20260311,1.4304,0.83,,4.9347,2.8862,1.24,150980.1737,91725.9396
920030.BJ,20260311,1.5737,1.23,,2.6229,0.4813,0.2629,114099.7165,71475.8782
603206.SH,20260311,0.6831,0.79,100.7194,2.1943,1.1989,,497781.1804,497781.1804
601077.SH,20260311,0.7215,1.0,6.4047,0.5895,2.6828,4.673,7620547.0,5930460.6564
300738.SZ,20260311,10.538,1.12,150.5575,7.0103,10.2318,0.052,2462947.4625,2462250.0525
603977.SH,20260311,2.3754,0.75,59.9158,2.7244,4.0495,0.6131,911983.0035,911983.0035
600801.SH,20260311,0.558,0.78,14.6343,1.5558,1.3908,3.4604,4802479.9492,3099321.5692
603335.SH,20260311,3.5806,1.17,,12.6048,2.8639,,272728.1102,272728.1102
603759.SH,20260311,1.184,0.96,18.4223,1.7092,1.9384,,486695.04,486695.04
002004.SZ,20260311,2.1064,1.15,,1.1146,0.913,3.6499,1081035.8783,1027364.2082
301355.SZ,20260311,3.2518,0.79,362.4408,1.6821,1.4778,0.7622,253627.3064,130267.0564
300244.SZ,20260311,4.5493,1.13,,2.0276,1.2489,1.1646,1311831.8362,1052562.569
920786.BJ,20260311,3.2257,0.69,40.2866,2.6784,1.5421,,203826.675,138641.5436
300896.SZ,20260311,1.7779,1.96,29.6697,5.8826,17.2863,3.4665,4347642.7324,2997043.6778
300687.SZ,20260311,2.3817,0.78,119.0788,3.1166,3.9302,0.3321,861340.0855,694043.2999
603203.SH,20260311,3.4454,1.63,42.9913,7.2971,9.9535,1.5146,1065123.0345,1046194.7823
600850.SH,20260311,1.2617,0.81,36.1733,3.7755,1.6297,1.5435,1820211.8309,1820211.8309
603703.SH,20260311,1.75,0.75,,7.007,6.4345,,579730.0216,579730.0216
605151.SH,20260311,1.6364,0.9,,2.0004,1.4613,0.3949,272606.8538,272606.8538
300281.SZ,20260311,1.0689,0.82,1819.1167,2.5167,7.2184,0.5305,315868.3793,299583.7376
300677.SZ,20260311,4.2877,1.0,19.8724,1.863,3.4348,0.2852,3383110.1099,2405823.4147
300058.SZ,20260311,9.3829,1.14,,7.3357,0.8755,,5819748.609,5641128.2377
002032.SZ,20260311,0.1853,1.14,16.8809,5.6226,1.5543,6.325,3539458.8908,3537215.1349
002614.SZ,20260311,1.8839,0.82,60.9105,0.9656,0.8145,1.4941,417281.5275,295206.861
002816.SZ,20260311,2.7125,0.91,,10.5715,13.0691,,244600.0,244600.0
000713.SZ,20260311,3.1774,0.48,114.5331,1.9259,2.1043,0.2137,574718.0213,442090.7856
301009.SZ,20260311,1.2708,0.7,91.2646,2.5382,3.0249,0.551,338465.7,188038.6099
002313.SZ,20260311,1.6069,0.72,,265.8411,1.3312,,355680.0,355654.9913
002385.SZ,20260311,5.0534,0.61,39.0329,2.1334,0.6237,0.701,1831833.4687,1501257.1799
300652.SZ,20260311,1.7187,1.05,38.0132,4.1411,6.0772,0.2457,626535.5167,562315.1031
603609.SH,20260311,0.4306,0.68,37.1378,1.0497,0.1851,0.7411,677585.1852,677585.1852
002238.SZ,20260311,0.8582,0.59,,3.0132,4.9332,0.6274,639639.6505,639639.6505
605183.SH,20260311,1.2769,1.91,16.9789,2.6183,4.2819,1.3083,949045.3369,941163.9935
001400.SZ,20260311,25.6591,1.62,80.1582,7.2317,8.6912,0.5396,889500.0,222375.0
688038.SH,20260311,4.7325,1.86,,4.5787,10.364,,272197.3826,272197.3826
603128.SH,20260311,0.8818,0.53,20.8727,1.285,0.4629,2.9244,778882.6639,778882.6639
688163.SH,20260311,0.8538,0.84,51.1033,2.3753,13.4692,1.3104,264273.24,264273.24
300920.SZ,20260311,2.5953,0.66,121.6277,3.5856,9.625,0.2352,425100.0,235425.9531
600536.SH,20260311,0.9573,0.65,,11.1007,7.1458,,3912565.787,3534918.2001
600268.SH,20260311,13.7563,1.59,39.349,5.1175,1.7924,0.8099,1756440.5752,1747727.4439
300588.SZ,20260311,2.9418,0.83,,17.9227,26.9885,,491123.192,453548.507
600009.SH,20260311,0.3801,0.77,30.8418,1.7577,5.6611,1.7389,7298222.1463,6001737.8175
920419.BJ,20260311,0.7071,0.37,25.0225,2.5077,1.7985,0.6671,154856.2936,144830.8302
603028.SH,20260311,1.5343,0.69,,5.4536,1.5364,,279289.92,276516.87
688691.SH,20260311,10.304,1.5,,10.9668,18.6315,0.151,1351440.0,804838.9426
603112.SH,20260311,2.2031,1.41,17.2635,2.3082,2.3489,1.8536,969770.6762,907336.8957
002421.SZ,20260311,1.9245,0.6,,2.049,2.4365,0.1742,608606.9304,575920.7489
600736.SH,20260311,1.2902,0.85,43.8774,1.0116,1.3718,0.2744,755248.147,755248.147
688311.SH,20260311,1.8975,0.81,,4.7969,14.4481,,758664.6654,758664.6654
601007.SH,20260311,1.6831,0.93,98.7624,1.9649,1.7624,0.8772,311220.0,311220.0
600059.SH,20260311,1.0302,0.92,41.7251,1.4766,4.6878,0.8493,858672.953,858672.953
000932.SZ,20260311,1.0434,1.16,15.2111,0.7635,0.3306,1.6293,4214354.6334,4214354.6334
002841.SZ,20260311,0.7167,0.75,27.3092,1.8862,1.0621,1.9025,2478514.9167,1856511.1332
688475.SH,20260311,0.7568,1.45,38.7102,3.788,3.7165,1.2567,2193187.5,2193187.5
300987.SZ,20260311,2.3598,0.79,145.078,4.0445,9.6906,0.676,320557.432,320557.432
688138.SH,20260311,1.0198,0.68,48.577,3.275,7.3337,0.8953,909142.4,909142.4
688018.SH,20260311,1.4967,0.94,52.4588,5.8576,10.1806,0.2556,2611609.5313,2448480.0313
603920.SH,20260311,3.8544,0.91,51.1739,6.4726,7.7071,1.5511,4180876.6232,4180876.6232
601377.SH,20260311,0.7553,0.81,16.7326,1.0105,4.3919,2.3006,5630663.7157,5630663.7157
300916.SZ,20260311,3.0775,1.02,32.2449,3.2205,2.7616,1.3149,440007.0693,284199.355
300039.SZ,20260311,2.2872,0.95,19.6758,1.5063,5.8056,2.0,679900.0,596002.0469
002534.SZ,20260311,3.572,1.18,86.1105,3.1151,2.82,0.8851,1661003.1967,1638761.8155
600881.SH,20260311,1.0501,0.99,,3.2965,0.8274,,559162.1209,559162.1209
688231.SH,20260311,2.9799,1.01,116.4445,3.1703,4.6867,0.6891,875108.5719,875108.5719
003037.SZ,20260311,0.6365,0.91,53.9841,1.6344,0.7203,0.6506,458292.1287,458292.1287
688386.SH,20260311,1.3137,0.78,77.0566,5.9098,12.0577,0.0804,871080.3377,795795.0
603111.SH,20260311,0.7728,0.72,16.6659,1.528,1.3854,3.5043,606007.5624,599573.653
002984.SZ,20260311,0.7027,0.48,13.6625,1.5248,2.3419,3.031,2016027.6429,1388743.3797
600372.SH,20260311,1.2361,0.89,87.4786,1.8941,3.0053,0.6146,7238989.3585,7238989.3585
301098.SZ,20260311,2.6565,0.75,,1.4548,2.0941,0.5291,173819.1222,141456.4159
603120.SH,20260311,11.655,1.47,45.123,3.5225,6.4843,0.9003,401647.2,100411.8
301469.SZ,20260311,5.0469,1.01,44.4431,2.2646,2.9524,0.9921,311927.28,160560.5759
688012.SH,20260311,1.533,1.11,94.9831,8.8371,16.1938,0.0933,20055434.1832,20055434.1832
600971.SH,20260311,2.5819,0.89,331.165,0.7598,1.7014,3.562,909603.7021,909603.7021
300992.SZ,20260311,7.8714,2.35,182.285,3.702,3.4213,0.2186,320148.9194,260227.0884
002192.SZ,20260311,5.3886,1.27,84.4114,4.3064,22.322,0.2894,1489382.2444,1486313.6278
688373.SH,20260311,1.7104,0.81,,15.3315,28.189,,399643.0834,368833.4781
300736.SZ,20260311,6.1501,0.78,,33.5657,6.4944,,275314.6652,269185.582
688212.SH,20260311,0.7614,0.46,476.0673,4.1564,7.0541,0.1938,545663.593,545663.593
002022.SZ,20260311,0.9322,0.66,,0.9937,1.9253,,308095.3852,308036.9827
300236.SZ,20260311,5.2586,1.9,97.3175,4.6071,13.884,0.3237,2501723.7322,2225077.3776
300909.SZ,20260311,3.0322,0.79,89.3839,3.6711,4.7729,0.5374,740324.3501,523063.2983
600622.SH,20260311,1.0926,0.84,,1.4331,2.6848,,421411.598,421411.598
603588.SH,20260311,7.3135,1.37,40.649,2.4061,1.7448,0.4627,2304653.7334,2304653.7334
002432.SZ,20260311,10.0416,1.23,14.4035,1.2263,17.3375,0.3155,2721038.3231,2565573.3128
688050.SH,20260311,0.6894,0.69,40.9155,3.8979,7.3242,0.6229,1085958.8276,1085958.8276
300592.SZ,20260311,1.6933,0.64,179.1834,2.3494,0.5625,0.369,542653.0914,468202.2931
600684.SH,20260311,2.3549,0.81,161.4826,4.5863,3.5349,,564097.8843,435264.9687
920378.BJ,20260311,0.9527,1.12,60.6855,3.9238,3.8283,0.999,155681.526,111493.6463
002815.SZ,20260311,6.6285,1.28,63.1434,2.1771,2.6743,0.665,1951193.2432,1228661.5241
688068.SH,20260311,1.4812,0.82,,5.0825,31.0396,,1265463.381,1265463.381
002862.SZ,20260311,7.4622,1.15,,7.4412,6.5469,0.1209,297696.0,223711.3072
300408.SZ,20260311,1.266,0.9,43.7251,5.3002,13.0913,0.6525,11131016.7308,10859844.9627
600819.SH,20260311,0.9123,0.79,55.1,2.0781,1.421,0.4087,792149.9862,606154.4303
300580.SZ,20260311,0.7974,0.77,37.5234,3.4576,7.8458,0.7556,1126207.6324,1059552.3222
001896.SZ,20260311,13.4646,0.89,99.0127,7.3416,2.2142,,2531271.2265,2531271.2265
603787.SH,20260311,1.1735,0.93,54.2933,1.9945,0.7454,1.4514,317138.1426,317138.1426
300323.SZ,20260311,30.5517,1.49,,2.8139,3.6027,,1910269.5841,1034888.8623
688499.SH,20260311,3.1361,1.42,183.9346,4.0802,2.9155,,937455.6016,937455.6016
601963.SH,20260311,0.5451,0.48,6.9075,0.7063,2.6015,3.7615,3846372.1307,2084337.4332
301459.SZ,20260311,3.3683,0.9,32.1857,3.3346,4.3629,0.9626,415550.1836,104161.0731
002454.SZ,20260311,1.0662,0.77,27.4601,1.4357,1.0804,2.746,570123.5112,568670.1598
603949.SH,20260311,10.2499,5.79,56.1417,4.0887,10.5777,0.4892,431588.7739,430500.4012
300513.SZ,20260311,2.8714,0.85,,2.3772,3.2978,,313691.155,288277.832
600258.SH,20260311,0.9131,0.77,21.5238,1.4965,2.3589,2.2291,1803314.0485,1803314.0485
300848.SZ,20260311,1.7288,0.66,85.0801,4.7005,4.2735,0.4127,725697.4154,429295.7804
300972.SZ,20260311,0.628,0.65,35.7774,18.5709,0.7888,0.2635,3808268.7086,3490288.1189
600446.SH,20260311,0.9724,0.67,,3.6556,4.5077,,1346012.495,1346012.495
300197.SZ,20260311,2.2129,1.0,,5.7126,8.1366,,560441.3371,560427.1621
300401.SZ,20260311,3.0564,0.74,28.4878,2.7209,6.9259,0.7206,859769.3897,845764.6572
002532.SZ,20260311,2.153,0.98,18.3712,3.1454,2.9227,2.6563,8655738.9661,7679823.4352
002807.SZ,20260311,1.4633,0.91,5.1643,0.5977,2.7237,6.5359,1129779.2902,1128229.5308
601688.SH,20260311,0.7488,0.76,11.5659,1.0541,4.8424,2.6079,17999566.3893,14569675.6634
300251.SZ,20260311,2.7661,0.87,23.0298,4.6427,13.2717,1.1718,4990033.9228,4720895.882
300454.SZ,20260311,6.1543,1.28,79.2666,5.8317,6.8859,0.0476,5516694.3366,3652915.3859
688229.SH,20260311,16.234,2.33,,13.2845,37.6663,,486402.0,486402.0
000056.SZ,20260311,10.0802,1.19,,,0.7068,,243600.8133,186167.6658
920145.BJ,20260311,2.9895,1.0,,5.0381,23.1723,,129247.6,89022.376
600309.SH,20260311,1.9696,1.38,25.2338,2.663,1.5671,0.8185,28002068.6946,28002068.6946
300106.SZ,20260311,2.6418,0.61,,6.0963,2.605,,235212.861,235212.861
600271.SH,20260311,0.8015,0.76,,1.329,2.9292,0.0413,1795445.2142,1795445.2142
600095.SH,20260311,0.5944,0.75,72.095,2.3909,111.8083,,2922089.8733,2922089.8733
301083.SZ,20260311,2.3727,0.47,91.8957,4.2313,9.3986,0.6039,353421.0673,170106.9051
603075.SH,20260311,3.1529,0.86,29.2542,4.4287,4.5135,3.0361,928126.054,95111.1222
002033.SZ,20260311,1.9729,0.89,24.5615,2.0377,6.2108,3.7194,517070.7591,517060.8503
688195.SH,20260311,5.7737,0.91,402.6682,28.7711,48.5463,0.0317,2842595.6,2842595.6
002856.SZ,20260311,5.0373,1.21,,22.8454,4.6209,,189843.8696,173837.9335
002600.SZ,20260311,2.5917,2.19,47.8693,4.7582,2.1784,0.2605,10961021.97,10798281.147
600754.SH,20260311,0.7083,0.77,51.9588,1.8087,2.1202,1.4129,2865143.919,2434540.3973
688356.SH,20260311,1.1077,0.58,99.0219,4.7581,19.8597,0.1446,627734.745,627734.745
002637.SZ,20260311,4.6801,0.96,41.7684,1.8306,0.5355,0.7995,691019.069,650360.3074
601005.SH,20260311,2.007,0.93,,0.8362,0.5331,,1372023.3839,1288613.6679
920171.BJ,20260311,1.7655,0.81,439.3058,9.608,8.6174,,210389.5603,141676.4759
688443.SH,20260311,1.9718,0.75,,6.2309,42.7832,,987102.56,314102.56
301390.SZ,20260311,4.6574,0.98,100.9582,2.6148,3.8179,0.2389,249240.0,127427.7717
300029.SZ,20260311,1.6004,0.93,,,11.5317,,103461.354,103385.889
002910.SZ,20260311,2.5505,0.67,,2.2564,2.7064,,235429.3738,205958.5878
603357.SH,20260311,0.646,0.66,10.6934,1.2375,1.5183,4.1667,470885.4436,466706.4856
688233.SH,20260311,3.3889,1.22,132.6124,7.1308,30.3862,0.0944,1345415.3144,1345415.3144
600563.SH,20260311,2.2326,0.94,23.2221,4.6722,5.0701,1.6819,2675475.0,2675475.0
688016.SH,20260311,2.5222,0.94,24.4242,3.3752,10.1849,1.4512,1375605.2257,1375605.2257
603630.SH,20260311,1.0571,0.75,,2.0819,4.7006,0.5042,397711.2883,397711.2883
300709.SZ,20260311,7.4949,1.32,48.5444,3.6123,2.9091,0.2469,829157.6905,665205.3198
600981.SH,20260311,1.0469,0.81,44.7543,1.4547,0.1289,0.304,737760.5202,737760.5202
300888.SZ,20260311,0.5402,0.86,22.7655,1.7323,1.8421,2.048,1990403.2837,1988242.971
600176.SH,20260311,1.4147,0.66,30.4854,3.4297,5.852,1.5472,10608312.3292,10608312.3292
600637.SH,20260311,1.001,0.8,73.3129,1.2071,4.7379,2.1455,3603956.6038,3603956.6038
300857.SZ,20260311,2.0946,0.75,105.0098,22.2507,8.4517,0.0822,8744048.9872,8718981.7755
600032.SH,20260311,2.2917,2.57,40.8712,1.6919,4.4705,0.5708,2190659.2202,2190659.2202
300138.SZ,20260311,2.3144,0.84,19.3694,2.0815,1.0731,0.8916,704359.9356,580740.7797
300868.SZ,20260311,4.5872,0.67,,3.4227,8.0153,0.1105,516286.32,325583.1453
688078.SH,20260311,0.8677,0.66,,3.0232,13.0307,0.4857,204100.4,204100.4
920017.BJ,20260311,0.666,0.7,21.5234,1.3952,3.4975,0.8513,228068.5756,225652.1854
920627.BJ,20260311,14.4507,6.97,85.6179,4.8338,2.9236,0.5068,223657.6,110792.8
301395.SZ,20260311,5.1574,2.25,72.9229,2.4735,1.6708,0.5237,381518.0381,215903.2181
002230.SZ,20260311,1.5316,0.78,146.5768,6.9555,4.8155,0.1877,12271286.4928,11620541.1922
300984.SZ,20260311,2.4739,0.9,183.7648,7.457,6.2659,0.1697,774003.552,486445.7462
002387.SZ,20260311,0.9329,0.57,,2.9531,1.4581,,1185879.8405,1184351.8952
603918.SH,20260311,2.3045,0.79,,5.4397,7.0894,,544375.3213,544375.3213
001229.SZ,20260311,7.5326,3.02,58.6513,3.9413,18.8686,1.5028,399253.4955,205291.7465
002540.SZ,20260311,1.426,0.65,22.35,1.6768,1.1702,4.0744,909579.4801,633780.1618
600186.SH,20260311,6.9224,0.8,40.3954,6.1508,3.6612,,1172468.0752,1164308.5423
300737.SZ,20260311,4.6089,1.61,,1.6854,1.187,5.117,759219.6572,606643.1034
002155.SZ,20260311,5.3626,0.66,45.8768,7.2653,1.154,0.4987,5544286.8692,5543786.3918
300027.SZ,20260311,2.5223,0.84,,18.2385,17.0776,,479989.524,429901.3302
688215.SH,20260311,0.9229,0.8,117.2476,8.5268,9.5227,0.1254,413554.1571,413554.1571
600800.SH,20260311,8.0728,0.69,,4.9134,1.3851,,583883.7836,583718.0936
600716.SH,20260311,1.2229,0.7,,0.8838,3.9285,,444628.7803,444628.7803
002701.SZ,20260311,0.7792,0.6,12.5022,1.4127,0.6532,2.2222,1382270.6533,1380999.1109
300979.SZ,20260311,0.2521,1.77,17.4868,3.453,2.2448,6.8678,5607435.0,5607385.989
600489.SH,20260311,1.0964,0.69,35.1133,5.3179,2.1127,1.2114,15525942.1425,15525942.1425
920014.BJ,20260311,20.0227,0.77,235.5329,2.6446,3.9489,1.1768,208375.0305,114650.8796
003027.SZ,20260311,1.9636,0.68,36.6922,1.752,3.3966,1.2818,299094.6816,239921.8948
600377.SH,20260311,0.231,0.92,13.1774,1.5257,2.7784,4.0164,6146051.95,4638663.2612
603163.SH,20260311,3.2679,0.67,69.0077,9.117,3.564,0.845,1065100.0,1065100.0
000739.SZ,20260311,1.0163,1.79,24.9102,3.3094,2.0452,3.7849,2146595.9463,2145789.5745
002314.SZ,20260311,2.4476,1.0,,0.7698,0.4659,,706731.2359,349290.3659
301353.SZ,20260311,2.4928,0.68,42.4558,2.2656,3.1817,1.2602,293365.572,95261.172
600744.SH,20260311,18.3457,1.03,90.7502,13.4034,2.2314,,1907225.6933,1907225.6933
002276.SZ,20260311,2.8185,0.82,33.434,2.7343,0.8835,0.3045,1665241.2596,1658950.0078
688352.SH,20260311,2.486,0.75,62.5854,2.7053,7.5948,0.7122,1663463.1659,511867.6911
605077.SH,20260311,0.638,0.42,19.6657,1.6329,1.3424,4.3156,491546.9913,485674.5403
002517.SZ,20260311,4.9435,2.48,22.4383,4.2434,8.2323,0.4929,4334843.3218,3832956.8595
301220.SZ,20260311,6.6274,1.0,34.9771,2.6234,4.6409,0.3474,460105.0272,317566.9224
301212.SZ,20260311,3.0736,1.07,209.1065,2.5188,4.7575,0.3838,337716.0,293156.25
300042.SZ,20260311,12.5089,0.92,,7.8056,7.545,,781960.8,781888.8081
688450.SH,20260311,4.3371,1.0,,2.4947,10.866,,234168.0,173606.0243
601136.SH,20260311,0.2133,0.69,46.2577,3.5688,18.6266,1.1092,4805200.8204,4805200.8204
002773.SZ,20260311,0.8361,1.02,20.5643,2.8053,5.5119,2.1493,2571406.7826,1916953.7749
600329.SH,20260311,0.5655,1.07,9.1202,4.581,6.0811,8.8034,3262889.7864,2402757.6014
920541.BJ,20260311,1.4421,1.28,27.0817,4.1103,5.6748,1.0661,192336.9,126712.5684
600336.SH,20260311,0.7239,0.76,,2.4498,0.8345,0.1346,592924.9734,592924.9734
603150.SH,20260311,3.0911,0.9,39.8606,2.9182,1.2739,0.5575,490672.42,490672.42
920547.BJ,20260311,1.7662,1.23,30.4035,2.686,4.7034,0.8147,190724.04,92598.672
601199.SH,20260311,1.0235,1.02,14.1245,1.2676,3.7079,2.2838,573283.909,573283.909
600936.SH,20260311,1.0341,0.94,,6.8471,1.877,,668410.4956,668410.4956
301629.SZ,20260311,8.5397,0.79,216.2148,9.6814,26.0439,0.3544,1128096.8526,282021.5232
603660.SH,20260311,2.6357,1.03,,5.8594,4.309,,574058.6879,569778.2179
301189.SZ,20260311,2.3178,1.82,,2.3481,5.9908,,493521.0116,473853.3815
600778.SH,20260311,2.3185,0.86,360.7379,9.6028,1.4992,,220847.3686,220651.3513
688665.SH,20260311,0.5985,0.87,37.577,4.2867,4.8176,0.7082,494722.4377,494722.4377
300881.SZ,20260311,6.9864,1.39,29.8779,5.0426,1.8174,1.9823,551430.0,287777.5313
002120.SZ,20260311,0.9019,0.79,16.3019,0.9899,0.3988,2.8703,2014944.7443,1956515.1123
688680.SH,20260311,3.861,0.98,,4.5769,3.7624,,436924.2332,436924.2332
600817.SH,20260311,0.6583,0.92,22.9116,2.7328,1.7633,3.1165,649564.6934,644619.6134
920810.BJ,20260311,1.8088,0.51,833.1004,5.2754,9.426,,121025.8,78758.3218
002542.SZ,20260311,0.8671,0.91,,11.3693,5.7591,,594212.4068,578635.7524
300608.SZ,20260311,3.3323,0.89,,3.1227,5.2833,,417030.7496,362058.9646
300889.SZ,20260311,6.2237,1.08,,4.4001,5.319,,626766.2697,416560.4222
603108.SH,20260311,1.6586,0.72,,2.1789,1.2149,0.2013,899485.8179,899485.8179
002850.SZ,20260311,3.5843,1.8,27.7728,3.6077,3.2437,1.201,4554435.2344,3284364.9624
002777.SZ,20260311,1.4776,0.85,78.5928,4.6231,5.6258,0.8013,764208.5031,757245.5112
600211.SH,20260311,0.7153,0.89,14.0497,3.8817,5.0672,3.762,1378559.2013,1378559.2013
688345.SH,20260311,3.3969,2.22,71.2472,3.5496,1.4555,,398124.432,393600.0
002388.SZ,20260311,2.8743,0.83,,2.7747,1.361,,271691.1232,269310.8993
688788.SH,20260311,1.3747,0.72,,5.4491,35.1049,,999289.979,999289.979
002256.SZ,20260311,10.6866,2.65,186.0889,6.6639,15.9411,,791596.0769,774584.1382
002896.SZ,20260311,3.4074,1.81,217.2428,13.2366,15.8262,0.2484,1582007.4935,1582007.4935
000767.SZ,20260311,7.4657,0.97,18.3606,1.9131,0.751,,1200007.4654,1135776.11
600123.SH,20260311,5.7195,0.91,479.6875,0.6496,1.1206,2.1521,1026848.2946,1026848.2946
000631.SZ,20260311,0.9423,0.96,96.2974,1.6725,20.6139,,917700.0339,917700.0339
300602.SZ,20260311,6.9323,0.82,59.1393,5.532,3.5276,0.1004,2195952.5886,1492254.2167
002097.SZ,20260311,1.3534,0.77,89.3494,2.5664,1.7181,0.1784,1204645.9529,1202495.7348
603669.SH,20260311,0.8162,0.7,,4.9271,7.7215,,332494.4687,332494.4687
300826.SZ,20260311,1.6415,0.86,194.6875,2.0488,4.3808,0.1616,302766.6765,291168.2384
688598.SH,20260311,2.0461,0.95,,1.4096,6.6445,,546747.5875,536218.1725
688266.SH,20260311,0.9731,0.75,,20.3709,27.1374,,2205548.6058,2205548.6058
603195.SH,20260311,0.145,1.03,19.79,5.0434,4.8045,3.9298,7891525.1334,7859899.7743
603200.SH,20260311,2.6635,1.53,110.2035,11.5746,25.6757,0.1257,1256437.5375,1256437.5375
920237.BJ,20260311,3.1513,2.54,46.6766,3.6953,5.5351,1.0321,193174.3008,189452.1434
601366.SH,20260311,1.234,0.92,280.049,1.0481,0.5922,0.4011,424542.6481,424542.6481
920932.BJ,20260311,1.1689,0.86,,2.9415,5.6082,0.1225,187312.9223,154353.7736
301107.SZ,20260311,5.3176,1.87,41.6521,3.5278,4.689,1.5144,335316.9249,195053.9521
300877.SZ,20260311,3.9835,1.11,40.9508,2.2627,3.6548,0.3083,377400.0,377396.6978
600822.SH,20260311,0.672,0.79,211.9009,4.2335,2.384,,518787.668,414370.7118
000637.SZ,20260311,8.8016,0.62,,4.6943,0.8124,,260457.5534,182657.1126
688513.SH,20260311,0.879,0.71,38.1985,3.6902,8.1265,0.6913,1081966.197,1081966.197
688556.SH,20260311,5.6714,1.0,,3.5608,3.8468,0.701,1404007.9485,1404007.9485
603277.SH,20260311,0.132,0.63,17.8754,3.5921,3.3744,4.5194,945096.9297,939008.8785
001965.SZ,20260311,0.2668,0.81,13.3824,1.0408,5.6124,4.0964,6924201.7968,6924201.7968
600120.SH,20260311,1.1494,0.72,16.3005,1.3209,3.6401,1.854,2148274.9585,2148274.9585
688175.SH,20260311,1.3787,0.9,,2.8507,21.4676,0.2625,492697.77,492697.77
603098.SH,20260311,1.5608,1.1,90.4139,3.0675,2.6304,0.3113,866758.1647,865312.7647
600603.SH,20260311,1.5824,0.57,22.0243,1.2217,2.7709,,892610.2049,892610.2049
000925.SZ,20260311,1.5317,0.77,84.0312,1.6627,2.3174,,549212.3247,546674.3781
688326.SH,20260311,1.35,0.79,154.6113,3.9052,2.2473,,1538962.4578,1432224.9101
605222.SH,20260311,1.5372,0.4,58.8519,1.8768,0.3881,0.1887,875354.5678,875354.5678
688536.SH,20260311,2.9771,0.99,140.6789,3.9545,11.361,,2433629.8867,2393933.1814
000505.SZ,20260311,3.0157,0.47,,1.7003,0.642,0.25,523404.1807,455313.8419
688203.SH,20260311,0.9112,0.65,293.019,1.8285,3.1702,0.4477,269967.1866,269967.1866
300722.SZ,20260311,1.7399,0.68,144.2726,14.0002,22.9048,0.5604,888941.8138,888941.8138
688981.SH,20260311,1.4002,0.81,170.0062,5.6801,12.729,,85695596.0734,21415314.8998
300584.SZ,20260311,7.0612,2.46,117.1069,5.0262,8.5214,0.2288,524400.0,358823.96
003040.SZ,20260311,1.5859,1.01,1389.3126,5.8236,7.8576,0.1696,815749.5345,808168.1064
688032.SH,20260311,3.7788,1.77,,2.5827,7.6433,2.6675,1476723.3326,1476723.3326
605128.SH,20260311,0.641,0.97,48.8073,3.6375,3.1733,0.7219,757143.3997,757143.3997
000983.SZ,20260311,2.1215,0.97,24.2013,1.1246,1.0425,3.5408,4104544.0657,4104518.8872
688338.SH,20260311,1.9165,0.86,39.403,2.0349,13.0228,0.9992,343370.664,343370.664
002638.SZ,20260311,9.9206,1.38,,2.8515,14.7184,,587567.0887,553247.0439
301195.SZ,20260311,0.9879,0.89,27.4832,1.887,4.4333,1.8862,455112.6686,302256.6788
002081.SZ,20260311,1.051,0.96,21.0744,0.7021,0.5675,2.7548,963882.4991,959991.5747
300423.SZ,20260311,14.2481,0.57,,4.0371,5.2502,,544277.3513,364696.3684
603102.SH,20260311,0.8603,0.83,22.9412,1.7144,3.3202,1.6738,279040.0,279040.0
300359.SZ,20260311,1.1203,0.59,,6.2992,9.509,,345800.0484,345782.7266
002452.SZ,20260311,19.4916,1.58,29.1848,3.0969,4.3648,0.854,798987.7255,664485.3695
600420.SH,20260311,0.6309,0.56,15.5224,1.0637,1.5656,2.7447,1465901.7524,1465901.7524
301286.SZ,20260311,1.883,1.0,99.0845,10.4433,18.3378,0.159,1994898.6,804139.0784
600423.SH,20260311,2.5041,0.98,520.0514,5.7005,21.4931,,318679.3154,318679.3154
600491.SH,20260311,1.2573,0.71,,0.5145,0.824,,504820.1252,504820.1252
300746.SZ,20260311,1.1926,0.98,,3.833,2.4767,,294814.2564,291950.3577
688282.SH,20260311,1.0559,0.62,,5.4183,22.9182,,689920.0,689920.0
601133.SH,20260311,6.0492,0.76,44.3872,2.8293,1.768,1.3377,827932.8888,234238.4146
301033.SZ,20260311,1.4176,0.82,44.9716,6.0214,13.6099,0.8663,458284.1527,385966.4352
002278.SZ,20260311,10.2598,0.72,107.9769,3.7,6.3971,0.352,514850.0465,440875.5925
301128.SZ,20260311,6.7699,1.49,85.5571,12.8939,6.6977,0.3864,1147370.5668,978662.2008
300869.SZ,20260311,0.9823,0.71,,3.3273,11.7938,1.7385,577792.9973,364333.4257
601633.SH,20260311,0.3192,1.62,17.7167,2.0398,0.7882,2.1932,17560753.8365,12741367.3337
603922.SH,20260311,3.6524,1.11,201.5162,3.8272,5.6951,,397824.0,397824.0
600789.SH,20260311,1.3111,0.6,49.1715,1.8043,1.4993,1.0845,928128.5229,798018.6332
600916.SH,20260311,3.1047,0.74,42.8137,2.4251,0.2926,3.3686,1745520.0,1745520.0
003016.SZ,20260311,0.9421,0.9,,1.3316,2.4722,,356602.327,348428.65
605189.SH,20260311,1.793,1.09,64.2614,1.6619,0.9003,0.9048,293833.4909,293833.4909
301421.SZ,20260311,15.3102,2.05,352.078,9.4101,23.201,0.1545,1123390.344,449562.7724
300213.SZ,20260311,3.918,1.91,238.2367,2.4609,5.4955,0.5501,540277.4759,501969.678
001285.SZ,20260311,4.1361,0.81,29.7732,2.6723,4.3219,,986835.9138,222493.7648
002491.SZ,20260311,18.1822,0.97,3791.8557,5.7216,4.4482,,1419413.653,1357645.0771
688234.SH,20260311,1.4452,1.0,,5.4684,26.7802,,3922987.1137,3478510.9012
301255.SZ,20260311,3.3187,1.01,98.791,3.8974,9.4649,0.5313,409588.48,102397.12
002766.SZ,20260311,1.7499,0.79,294.489,4.1359,4.8023,,475817.7713,471240.8127
002115.SZ,20260311,7.4395,1.0,,5.3914,1.1554,,1118357.0468,1037277.6386
300904.SZ,20260311,5.259,1.42,,6.9184,6.9478,,455941.9784,138472.3784
688700.SH,20260311,6.0582,2.16,101.2756,7.1074,11.8349,0.2274,1310578.7731,1310578.7731
002408.SZ,20260311,2.7038,1.0,,1.5616,0.7096,0.4754,1779625.1586,1722185.9132
301488.SZ,20260311,4.5325,1.03,133.9889,9.4874,7.3644,0.3628,1267852.0,322643.3628
603208.SH,20260311,1.1136,0.74,,2.133,1.2662,1.3017,256723.2046,256723.2046
688122.SH,20260311,1.9649,0.79,64.5908,7.6185,10.3653,0.7779,5428596.5369,5428596.5369
920227.BJ,20260311,3.0587,0.93,59.7696,6.2618,16.7783,1.4948,260518.635,118534.8717
688681.SH,20260311,3.0448,0.92,48.0618,3.6814,4.4685,0.4578,225877.86,225877.86
002935.SZ,20260311,1.4947,0.85,134.0207,5.3763,9.2145,0.2507,850749.631,832672.3113
600496.SH,20260311,1.3003,1.06,13.8313,0.9418,0.4122,1.8391,865704.3598,865704.3598
003026.SZ,20260311,4.4752,0.85,101.1273,6.7528,10.5234,0.436,444593.17,328234.9202
688351.SH,20260311,0.7642,1.0,217.858,6.1835,23.9893,,1114380.8,1114380.8
301099.SZ,20260311,3.2472,1.02,61.3687,4.9346,1.0662,0.5084,639462.7877,391442.4437
300132.SZ,20260311,3.5703,1.02,35.6362,3.3771,2.259,,475770.996,467942.8626
605166.SH,20260311,2.1681,1.01,17.0582,1.8057,0.5674,1.1896,351871.0982,351871.0982
600326.SH,20260311,1.6213,0.89,,3.6707,4.2196,,1479636.3634,1479636.3634
001373.SZ,20260311,4.6822,1.08,,3.3056,5.1391,0.1434,287454.6263,138656.2984
920029.BJ,20260311,1.4757,0.9,17.1187,3.2431,4.0055,1.722,1209841.7562,335257.3562
301337.SZ,20260311,4.2219,0.92,,2.9696,13.1866,,325625.0,115580.5469
300390.SZ,20260311,6.9638,2.49,,3.9003,6.3247,1.1716,4254274.7853,3444059.775
301100.SZ,20260311,2.6286,0.69,,2.1651,3.57,,432000.0,189000.0
300706.SZ,20260311,7.0413,0.84,,8.3557,4.3617,,587298.0427,435418.0477
300069.SZ,20260311,5.4698,1.28,100.5546,8.2703,9.3236,,233532.0,233532.0
600730.SH,20260311,1.2546,0.92,666.5849,3.1466,48.1551,0.1041,563776.4179,563776.4179
301520.SZ,20260311,2.2027,0.76,71.296,1.925,9.8641,,291200.0015,97943.6291
300604.SZ,20260311,3.6171,1.01,84.6604,18.759,16.749,0.0771,8181890.5128,6312506.7452
920675.BJ,20260311,7.342,0.57,41.2793,3.3377,3.6941,1.6639,206941.128,94979.4797
301127.SZ,20260311,2.6406,1.31,42.0325,3.6823,6.2058,0.5426,1192431.7334,1157345.1327
601298.SH,20260311,0.1917,0.57,10.8779,1.3432,3.1068,3.7791,5965320.9,4955316.925
601117.SH,20260311,3.7641,1.47,9.6179,0.9012,0.3119,2.9855,5850186.1832,5832368.5328
688209.SH,20260311,1.0687,0.67,52.877,4.2788,5.8222,0.408,938274.898,938274.898
000722.SZ,20260311,3.8245,0.84,92.2802,2.0648,17.4486,0.3571,649821.5948,649821.5948
300710.SZ,20260311,4.7025,1.11,,6.798,11.0436,,314289.8577,235598.2611
600734.SH,20260311,2.5864,0.89,,29.8306,24.3765,,925778.8201,925587.5701
301618.SZ,20260311,1.4034,0.91,94.4062,4.8181,8.3114,0.6724,450447.789,165539.4698
603607.SH,20260311,1.344,0.82,37.7585,4.0347,4.393,2.1891,407732.3712,407732.3712
300144.SZ,20260311,1.3086,0.63,26.9216,2.5553,9.5649,2.4521,2139114.4771,1922438.0914
000402.SZ,20260311,0.4352,0.8,,0.3466,0.5967,,815977.8646,815906.138
605162.SH,20260311,1.8633,0.75,26.9767,3.1551,5.3397,1.7962,401384.168,401384.168
301322.SZ,20260311,3.954,1.22,56.9382,1.7545,6.3068,0.8594,493235.9821,331741.6309
603392.SH,20260311,0.2551,1.12,,4.172,28.088,,5043662.8952,5043662.8952
600362.SH,20260311,1.5345,0.77,22.5384,2.2459,0.3464,2.1015,18033894.7412,10807888.4852
603041.SH,20260311,1.26,0.77,78.0837,1.645,3.9784,0.8792,247249.3842,247249.3842
002835.SZ,20260311,1.5828,0.73,21.8744,3.0358,3.3934,1.8731,373578.6706,216644.5147
920770.BJ,20260311,8.1268,1.87,55.5563,3.9035,13.1716,0.649,240614.3916,151421.6362
603086.SH,20260311,2.9948,1.26,22.0826,1.674,1.4272,,361764.535,361764.535
300103.SZ,20260311,2.656,0.95,,5.1196,15.524,,248999.184,248792.4408
603982.SH,20260311,1.58,0.65,,1.2927,1.139,,303422.1948,282168.9984
603022.SH,20260311,1.7836,0.69,43.3869,2.776,2.392,0.6854,227600.0,227600.0
300009.SZ,20260311,0.8034,0.7,24.0934,3.8705,6.2512,1.5532,1611153.1625,1185958.3316
603079.SH,20260311,1.5811,1.11,55.4549,2.1499,4.0335,,338741.0862,338741.0862
300681.SZ,20260311,2.4621,0.89,42.4003,2.362,2.25,0.1073,715557.3849,539598.1536
002560.SZ,20260311,7.4489,0.77,69.8858,2.2293,0.7505,,597239.0155,514535.2983
300299.SZ,20260311,2.0582,0.73,,10.6306,11.8957,,456978.6563,456265.6823
002879.SZ,20260311,8.3047,1.22,88.9576,2.6548,3.1283,0.7921,467127.3812,333541.4081
920267.BJ,20260311,2.1389,1.75,,4.4014,2.0952,0.8796,107963.1526,63886.4237
603352.SH,20260311,3.9702,0.97,39.3663,3.1947,2.4891,,917546.668,179821.7619
920057.BJ,20260311,2.154,1.11,132.5948,1.7374,0.8065,,124527.885,79053.5565
300399.SZ,20260311,1.9353,0.82,329.404,9.8287,10.4901,0.1958,504472.8,504423.5909
920076.BJ,20260311,4.956,1.18,24.165,2.0542,1.8364,,195119.2675,46103.3859
688201.SH,20260311,3.4882,0.77,67.5583,3.8882,9.8836,,535672.7952,510974.4418
603387.SH,20260311,0.9093,0.66,20.4308,1.5849,4.0906,2.1403,426516.1078,426516.1078
300767.SZ,20260311,5.6091,1.72,,3.6734,11.325,,593749.4192,515527.9016
300758.SZ,20260311,4.496,1.18,81.5296,3.5546,4.1532,,636668.5185,574359.8974
000528.SZ,20260311,1.7682,0.81,14.8247,1.1887,0.6583,2.4705,2170339.5695,2167485.3363
300133.SZ,20260311,3.2143,0.76,59.3581,2.0712,7.1646,0.163,1495510.617,1276885.2896
300956.SZ,20260311,2.2263,0.82,270.1741,2.5769,1.5914,0.5066,354378.5007,346194.1914
600348.SH,20260311,1.4353,0.72,23.5793,1.3067,1.5407,3.09,3607500.0,3607500.0
002471.SZ,20260311,12.6197,0.69,,7.2256,2.3292,,1260627.96,1236510.4357
300193.SZ,20260311,3.5156,0.75,19.8154,2.0254,3.7936,2.0408,466724.8089,411262.5586
300783.SZ,20260311,2.4178,1.01,34.2272,2.6163,0.6936,0.6441,777632.9264,542594.7824
300700.SZ,20260311,3.1245,1.01,,6.6789,14.1173,,581250.1969,396173.5509
600873.SH,20260311,4.2521,2.06,9.3867,2.1959,1.4384,3.3908,3538952.9623,3538952.9623
002932.SZ,20260311,0.9707,0.84,609.4165,0.7777,12.3128,6.0899,432488.98,290318.3995
002597.SZ,20260311,1.6583,0.73,27.1719,1.9338,3.0464,3.1028,1463423.6859,1459558.4564
920751.BJ,20260311,0.629,0.62,44.7195,5.1736,9.0229,1.2526,207838.1,198778.1144
601869.SH,20260311,6.0712,1.69,361.4697,14.9452,15.0226,0.1072,20698455.6051,10158864.1883
920091.BJ,20260311,29.8197,4.48,105.2319,8.5582,17.0749,,407821.602,90175.6215
600777.SH,20260311,0.7388,0.52,19.5157,1.4223,4.4078,,3345843.9459,3132146.9764
002789.SZ,20260311,2.459,1.61,,,0.3822,,169839.4189,166479.9293
688072.SH,20260311,1.365,0.69,109.2227,16.4965,15.5701,0.0741,10150299.2269,10150299.2269
300240.SZ,20260311,2.8393,0.49,,1.9706,0.4636,,290933.7899,284525.6623
301329.SZ,20260311,5.4807,0.98,59.4092,2.6895,4.8662,1.5306,416990.0,146862.8
300405.SZ,20260311,5.5099,0.93,,5.0476,3.7202,,211288.8946,162585.7557
002393.SZ,20260311,1.8892,0.86,13.9763,1.1954,4.1986,2.8519,584722.1336,568176.1581
920826.BJ,20260311,2.2488,0.68,36.029,4.3076,2.6769,0.8326,168759.4926,75031.8421
300724.SZ,20260311,9.0818,1.66,12.2169,3.1264,2.1321,0.9936,4189256.2482,3460629.3926
001288.SZ,20260311,1.1635,0.86,45.58,3.7486,4.3259,0.5104,822081.3825,531105.26
603214.SH,20260311,2.7604,0.39,21.5837,2.0797,0.6425,2.2177,239258.6422,239258.6422
688677.SH,20260311,0.8651,0.62,28.1733,3.5868,8.0228,1.474,483463.941,483463.941
300780.SZ,20260311,16.9724,2.1,,3.3983,6.1204,,347901.24,255073.0485
300365.SZ,20260311,11.054,1.12,,2.3103,3.8154,,434895.215,371000.3473
300948.SZ,20260311,5.0086,1.36,,3.6303,32.2408,,350853.3534,330559.592
920454.BJ,20260311,1.5381,1.2,58.5564,4.8828,10.6487,1.0471,160592.8,96537.703
605299.SH,20260311,3.3579,1.94,58.6246,4.1036,3.3391,1.5706,522991.4964,522991.4964
300663.SZ,20260311,1.4377,0.67,,9.8396,13.9245,,743991.7731,711489.8146
688597.SH,20260311,3.6521,0.86,46.0903,4.1895,3.4972,0.9698,350846.6442,350846.6442
301489.SZ,20260311,7.8179,0.9,209.4036,14.3453,17.2329,0.0928,1554511.9398,916308.2198
920022.BJ,20260311,2.2538,1.17,25.5539,4.0946,2.6303,1.9938,175473.789,48333.035
600035.SH,20260311,0.7336,0.83,9.565,0.7233,1.1927,4.25,644046.3604,644046.3604
300293.SZ,20260311,1.3138,0.97,,6.9096,5.1358,,645739.9062,534880.9296
002970.SZ,20260311,5.9543,1.03,42.3208,7.5633,5.7005,1.3508,1454852.8142,993140.8179
600183.SH,20260311,1.7108,0.84,46.2656,9.2235,5.4254,1.5749,15424907.1105,15205084.8044
688216.SH,20260311,2.1204,0.98,,4.871,4.6791,,359260.7897,332674.5697
600470.SH,20260311,25.225,1.17,,2.7764,0.7015,,451705.6,451705.6
603248.SH,20260311,17.1924,2.61,56.0089,4.9219,9.2834,,1116880.0,168282.0529
301368.SZ,20260311,2.6193,0.81,3504.8512,7.2601,13.9387,0.1142,704386.5,376072.2456
600847.SH,20260311,1.7097,0.92,,4.3024,3.9808,,221347.0056,221347.0056
300414.SZ,20260311,4.7568,0.87,234.9479,5.0641,10.8872,0.0648,503374.0555,484088.1275
000415.SZ,20260311,1.1898,0.64,,1.0351,0.557,,2987123.7792,2604797.619
000429.SZ,20260311,0.4957,0.92,14.6074,2.3617,5.8858,4.1574,2630234.1065,1639589.0217
601952.SH,20260311,2.192,0.86,25.9882,2.0428,1.4124,2.5862,1438632.0,1438632.0
300192.SZ,20260311,2.4145,1.11,49.9716,6.9194,8.4745,1.0035,655982.6547,647002.9441
300693.SZ,20260311,12.363,1.4,33.1343,7.2548,4.5385,0.9926,1571799.0106,1350986.4506
600708.SH,20260311,1.2638,0.78,,0.9875,1.6397,,902597.8809,901237.4973
003012.SZ,20260311,0.5267,0.63,21.4557,1.0386,1.2588,3.5527,791375.1121,782845.0151
002941.SZ,20260311,2.0116,0.75,20.6153,2.5776,1.431,0.7994,1211386.9455,1211386.9455
000063.SZ,20260311,2.8202,1.09,31.6078,2.3542,1.3261,1.6622,17756481.5005,14950530.0132
600918.SH,20260311,0.4362,0.6,28.3937,1.1143,3.9489,0.3537,4925208.0995,2441877.0324
600520.SH,20260311,5.3932,2.05,490.0025,11.4465,13.9647,,444237.72,444237.72
600483.SH,20260311,1.5624,1.28,9.9879,1.1452,2.1294,3.543,3005328.9618,3005328.9618
688480.SH,20260311,3.2562,0.79,101.5877,9.7216,8.9307,0.5375,1117318.1441,1117318.1441
920701.BJ,20260311,0.6636,0.75,33.5791,2.8268,2.6719,1.228,239414.0,174861.6338
301533.SZ,20260311,2.8305,0.79,61.5636,3.0309,4.2817,1.1317,343286.9964,99300.9564
600528.SH,20260311,1.7281,2.06,13.4237,0.7812,0.6793,1.1867,1939414.5363,1939414.5363
600903.SH,20260311,2.0354,0.46,,2.6217,1.172,0.5166,785456.4257,785456.4257
301298.SZ,20260311,2.1132,0.99,38.0819,2.7006,3.9679,1.7062,253817.2,187085.5667
605056.SH,20260311,2.3439,1.15,37.3756,5.7943,2.205,1.8766,950611.0104,936679.0104
001337.SZ,20260311,5.7773,0.66,55.3718,13.4391,25.8396,0.4512,2327220.0,2327220.0
300284.SZ,20260311,1.0092,1.15,60.905,1.108,2.0362,1.2179,933229.725,884843.3933
603677.SH,20260311,0.8206,0.95,48.5185,2.8519,1.598,1.451,331851.2904,331851.2904
002567.SZ,20260311,1.8044,0.82,,1.1573,0.2455,,634841.7671,634117.6823
601618.SH,20260311,2.2192,1.75,17.3348,0.645,0.1419,1.7231,6735176.2303,5802101.2303
002203.SZ,20260311,1.1339,1.05,42.4343,1.9178,0.377,1.7831,3178664.565,3068239.9401
300398.SZ,20260311,5.7208,0.84,48.8631,3.3081,5.2462,0.3674,1620332.9541,1611483.9888
301020.SZ,20260311,0.8562,0.84,38.0328,3.5164,6.0683,1.3385,339062.4,339062.4
002331.SZ,20260311,1.6312,0.94,,2.2979,2.9087,0.3314,385160.1424,355864.9202
688318.SH,20260311,0.9794,0.96,95.821,7.8605,81.8774,0.3031,3017855.7386,3017855.7386
603869.SH,20260311,0.3109,1.84,130.3393,1.3225,7.4094,0.1259,495104.8212,495104.8212
000807.SZ,20260311,1.4775,0.57,23.3865,3.7389,1.9667,1.4859,11669676.6678,11669554.3366
603135.SH,20260311,1.0982,0.72,157.0536,2.4511,10.7102,0.5661,728127.1278,290050.4151
600438.SH,20260311,3.6098,3.78,,2.0083,0.9491,,8382705.5457,8382705.5457
603012.SH,20260311,6.5062,2.11,35.4207,1.4845,1.7656,1.1525,564394.5,564394.5
002488.SZ,20260311,2.7421,0.84,376.411,3.5239,3.4723,0.0799,1235339.8797,1141824.2428
002345.SZ,20260311,1.8909,0.98,48.0548,2.709,1.185,3.3238,935603.8805,913256.5964
300087.SZ,20260311,2.621,0.45,332.6959,4.8992,1.8605,0.5549,853545.9077,812968.6059
688620.SH,20260311,2.6175,0.99,,3.5197,8.4758,,455112.0,269721.8017
688683.SH,20260311,1.3115,1.4,146.8178,5.2867,6.4822,0.1627,623448.486,600538.5852
600283.SH,20260311,1.3079,0.89,23.0129,1.7317,2.2069,2.6069,537831.0772,521856.3343
003004.SZ,20260311,2.2757,1.55,,4.175,8.0127,,268181.2421,225196.7642
600161.SH,20260311,0.3428,0.61,24.1738,2.7755,4.953,1.5538,3181590.6566,3181590.6566
002185.SZ,20260311,3.5107,0.74,57.3548,2.6171,2.8197,0.4041,4598975.53,4597930.9686
002142.SZ,20260311,0.3062,1.04,7.0126,0.9245,2.8582,3.8523,20570185.3171,20558649.1451
002098.SZ,20260311,0.8605,0.92,17.2403,2.3355,1.2133,1.0537,339742.0,339731.3238
002337.SZ,20260311,1.613,0.77,94.748,3.1156,6.3467,0.3013,410265.1778,409833.5828
002295.SZ,20260311,2.0682,1.14,245.3497,2.2082,0.6476,0.302,298734.272,298350.448
600080.SH,20260311,2.2501,0.6,41.5103,2.052,5.9065,0.3255,325118.4182,325118.4182
601908.SH,20260311,4.3581,1.39,,1.1411,3.2268,,1004474.7902,1004474.7902
300074.SZ,20260311,2.7911,0.85,,2.6865,4.9898,,264592.1356,263149.4723
600179.SH,20260311,1.2696,0.48,17.4113,1.6947,2.2133,,1938039.3564,1768923.5507
920123.BJ,20260311,1.492,1.07,39.9583,3.7224,1.839,1.6626,154817.52,88322.4596
300937.SZ,20260311,2.1626,0.76,,3.6421,0.6903,0.3159,302880.7152,210947.2905
603960.SH,20260311,6.4272,0.85,152.259,5.9977,12.6549,0.2233,670702.2282,670702.2282
603689.SH,20260311,2.7097,0.56,14.4112,1.2682,0.8386,4.3616,449556.3504,445571.0329
603002.SH,20260311,4.1754,1.08,317.7348,3.5426,4.5713,0.1859,1220268.4757,1220268.4757
600584.SH,20260311,5.1295,0.95,56.3313,2.9742,2.1124,0.3204,8376249.6022,8376249.6022
688606.SH,20260311,0.2314,0.48,24.3676,1.3484,5.8367,3.6682,531895.2562,531895.2562
688621.SH,20260311,1.1726,0.83,35.9447,5.8269,5.7876,0.2527,704816.0,704816.0
600535.SH,20260311,0.7828,1.24,19.3805,1.7275,2.601,2.8591,2142324.3072,2142324.3072
920305.BJ,20260311,6.2966,0.69,,2.2522,19.9969,,106827.5329,65448.4061
301275.SZ,20260311,2.3276,3.92,41.401,5.1359,4.9642,0.3126,2054131.2,1427467.4062
002779.SZ,20260311,0.9875,0.75,355.5141,22.2009,16.8324,0.0864,1680756.0,1508026.8068
002962.SZ,20260311,3.9591,1.07,123.6439,2.5958,3.9768,1.256,459664.5948,329673.9919
603065.SH,20260311,4.8238,0.74,103.6884,1.8792,2.7025,1.2614,378746.6851,177792.8033
300770.SZ,20260311,0.872,0.6,13.2008,2.8635,5.971,6.6546,979705.9413,979705.9413
600925.SH,20260311,1.2084,0.85,104.233,2.1745,2.6742,2.5103,3348000.0001,780539.6128
688381.SH,20260311,1.0888,0.89,,2.2887,10.3131,0.8841,579645.0,579645.0
002564.SZ,20260311,0.9841,0.78,80.1627,31.0319,2.2484,,610681.0831,610681.0831
688159.SH,20260311,2.1402,1.01,162.7908,4.6341,1.3211,0.2209,416510.2401,415703.3001
600889.SH,20260311,1.1338,0.78,,16.3419,16.5149,,608500.7226,608500.7226
000593.SZ,20260311,3.7535,0.48,3427.503,5.8365,2.9053,,510331.9258,510121.5495
688183.SH,20260311,1.052,0.84,45.3418,11.6256,7.0357,0.6754,6679524.0353,6679524.0353
300533.SZ,20260311,3.3992,1.09,15.2027,4.7731,2.8515,3.2196,728238.8788,512426.532
603256.SH,20260311,3.4057,1.15,429.4776,25.7261,61.864,,6608908.5672,6427289.115
600588.SH,20260311,1.072,0.74,,6.2498,5.145,,4630031.4892,4630031.4892
002855.SZ,20260311,2.7266,0.86,,9.5315,1.8986,,311720.8977,311477.4485
002865.SZ,20260311,8.2843,0.92,,5.5364,3.7338,,2774936.8536,2004678.5357
002012.SZ,20260311,3.4586,1.13,700.8412,2.207,5.6562,0.0549,340431.3422,339824.1195
000785.SZ,20260311,0.8041,1.21,40.4335,0.8548,1.3936,,1762254.8144,1669018.9503
001328.SZ,20260311,2.0664,0.56,34.0076,4.1688,3.5101,2.1198,609150.9044,162858.3856
603823.SH,20260311,1.5833,0.73,44.1804,3.0483,3.2926,0.8432,740718.1454,731225.0456
002371.SZ,20260311,0.938,1.0,53.2461,9.2909,9.1029,0.1692,33486542.0266,33459776.5435
601669.SH,20260311,9.5252,2.45,10.2883,0.7643,0.1698,1.9898,10990289.6551,8339633.4923
920212.BJ,20260311,1.6029,1.31,133.8423,3.3099,2.8135,0.4535,140370.3,68177.8454
301310.SZ,20260311,2.1826,0.72,47.2618,2.3723,1.5261,1.5052,541984.5724,199419.071
002225.SZ,20260311,4.2532,1.18,66.2921,1.7212,1.3222,0.7028,709454.358,596196.2291
002644.SZ,20260311,1.5871,1.01,77.6195,2.517,5.1194,0.1336,458569.986,458569.986
301296.SZ,20260311,0.8185,0.8,27.9649,1.2912,1.421,0.6797,355545.8586,355537.6978
002998.SZ,20260311,2.8057,0.7,82.4468,1.8722,1.1549,5.4915,308080.8159,234297.7289
603227.SH,20260311,1.2975,0.75,21.099,1.9093,1.6964,2.2075,970953.5762,970953.5762
603368.SH,20260311,0.8182,0.61,8.8485,0.9049,0.3315,4.2959,694325.4485,694325.4485
002292.SZ,20260311,2.2288,0.65,,4.2969,4.8957,,1268724.34,873331.4064
000736.SZ,20260311,0.6665,0.7,,3.2157,0.1916,,401191.8413,401191.8413
002480.SZ,20260311,6.0306,1.37,,5.5831,2.8896,,538418.069,537402.5622
603088.SH,20260311,6.0453,1.18,54.6586,6.0811,8.4821,1.9076,665664.055,580180.188
002995.SZ,20260311,6.6287,0.84,,4.6523,3.6074,,413291.4839,261819.6774
300776.SZ,20260311,8.535,1.71,38.6596,6.5869,10.5086,0.4293,2475343.6621,1518104.3557
600293.SH,20260311,4.04,1.1,,2.4927,3.0071,,419972.5067,419972.5067
301049.SZ,20260311,3.5448,0.85,,3.961,11.0085,,236670.1217,107536.9874
300228.SZ,20260311,9.5617,0.57,25.1209,2.7869,2.1409,0.7017,667921.7638,627818.8243
002791.SZ,20260311,2.4573,0.91,110.9915,1.4707,1.3576,0.8546,817828.265,503115.1966
688388.SH,20260311,11.6582,1.79,348.3736,2.9323,2.1354,,2059755.6728,2059755.6728
300554.SZ,20260311,9.1805,1.18,,4.77,12.9873,,304944.9106,211300.3851
605133.SH,20260311,1.1537,0.93,44.1795,2.1727,3.0394,0.3988,818333.9259,816449.8161
300091.SZ,20260311,0.6854,0.93,,20.0859,9.2215,,832719.2046,479178.5921
601033.SH,20260311,4.9176,1.55,15.9632,1.3685,3.472,3.6855,1465200.0,390720.0
301038.SZ,20260311,0.7901,0.77,69.0605,5.6064,6.3076,0.3151,501037.68,501037.68
301239.SZ,20260311,2.3081,1.67,,2.5253,1.9561,,536384.2871,536384.2871
688088.SH,20260311,1.1839,0.76,71.001,6.6774,19.8244,1.0293,1829738.1944,1829738.1944
002853.SZ,20260311,2.5755,1.3,,5.4962,8.0463,,512164.6544,360373.482
920086.BJ,20260311,10.5057,3.24,30.6188,3.3584,10.117,,279491.2,89326.63
002044.SZ,20260311,2.7599,0.99,81.2031,3.1778,2.3963,0.2103,2512951.0186,2487254.1365
000151.SZ,20260311,0.8645,0.58,,13.4093,3.9234,,446341.4731,407397.6015
002515.SZ,20260311,7.1385,3.12,141.4709,2.9446,24.9777,0.4724,768739.9941,768730.793
002906.SZ,20260311,1.832,1.1,21.9856,2.4277,1.3583,1.532,1644571.3555,1643977.7835
600939.SH,20260311,1.0181,1.1,,0.834,0.245,,625914.2566,625914.2566
603103.SH,20260311,0.8885,0.56,97.2733,12.5088,6.7404,0.5733,1548716.4,1548716.4
301048.SZ,20260311,0.502,0.69,28.8361,2.2192,1.8716,0.5444,608533.4094,608533.4094
603686.SH,20260311,2.5318,0.76,59.7955,2.5263,1.7679,0.7659,857032.9235,857032.9235
603879.SH,20260311,2.1164,0.63,,8.7729,6.6468,,224949.6194,224949.6194
300196.SZ,20260311,6.9709,0.96,24.0564,1.7016,2.5437,1.526,793319.4718,479280.6253
002768.SZ,20260311,1.8069,1.04,19.0413,2.4803,0.7719,0.5194,1586683.75,930932.3744
301566.SZ,20260311,6.1786,0.84,62.4742,6.5945,26.5129,0.3794,948823.72,492191.9166
688306.SH,20260311,0.5244,0.77,1002.1824,6.3911,4.7372,,1222141.386,1222141.386
002135.SZ,20260311,3.8493,1.0,98.944,1.225,0.8707,1.0116,771940.3701,722358.2808
003013.SZ,20260311,0.3394,0.67,12.1387,1.9227,2.3805,2.9786,658026.3903,582722.9072
000526.SZ,20260311,0.7276,0.61,18.1389,4.2757,1.3528,,426392.0204,417988.647
600353.SH,20260311,2.501,0.73,118.6951,7.7917,8.8345,0.3419,1456608.2994,1454563.584
600750.SH,20260311,0.6613,0.8,18.0768,4.6974,3.8819,4.6521,1637975.4458,1620122.1856
002921.SZ,20260311,3.8157,0.61,,2.9848,3.5277,,395068.7768,340786.3228
002328.SZ,20260311,8.6116,2.9,37.9046,1.702,1.3412,1.9372,565707.41,418390.4598
002024.SZ,20260311,0.1937,0.93,165.1181,1.1114,0.2459,,1398979.9103,1397420.639
603806.SH,20260311,1.5889,1.21,63.278,2.9342,2.9595,1.4526,4664425.6735,4664425.6735
000563.SZ,20260311,1.1405,1.06,12.7442,0.9638,6.1836,2.2409,1825687.4178,1825687.4178
600078.SH,20260311,5.8948,0.72,,5.0298,2.4402,,873088.5907,854718.9907
603210.SH,20260311,2.6121,1.36,31.8924,3.5279,3.1832,,644377.2,142714.5913
301080.SZ,20260311,3.3864,1.45,43.7566,2.8609,9.5149,0.6329,755977.5368,569764.5116
603663.SH,20260311,1.9648,0.67,288.2116,16.7404,20.8408,0.1434,2213434.3928,2210924.4728
600815.SH,20260311,1.587,0.82,,3.7522,10.3113,,569484.3281,569484.3281
002050.SZ,20260311,1.8218,0.79,50.2205,6.5187,6.458,0.7667,20286835.1806,17761516.3066
300788.SZ,20260311,5.1046,1.07,49.4999,3.3102,4.2934,1.2291,739499.2418,739499.2418
603788.SH,20260311,0.558,0.75,18.5456,1.7403,2.3529,4.3424,359580.8896,359580.8896
605259.SH,20260311,3.6705,1.25,16.4584,2.2714,1.5943,2.5391,407570.24,407570.24
002117.SZ,20260311,0.8973,0.73,29.2757,4.1649,4.6304,1.8717,587614.9115,587428.351
920925.BJ,20260311,3.3365,1.36,132.3826,5.3937,6.5252,0.1441,200662.7904,112691.318
002634.SZ,20260311,3.6861,1.02,,,5.9105,,333030.5719,323723.0401
000859.SZ,20260311,4.2594,0.94,,3.4185,4.1305,,931815.3218,931762.2818
300966.SZ,20260311,1.8459,0.74,,3.1761,3.93,,246125.1763,163046.2415
920685.BJ,20260311,1.7754,1.37,36.1061,2.2748,7.4846,1.2595,127024.1261,76206.6132
300504.SZ,20260311,15.5845,3.72,,2.4694,4.0244,,523619.4886,421661.9579
002223.SZ,20260311,0.8812,1.09,21.0099,2.7866,4.5232,2.1936,3656033.3601,3428756.8241
002036.SZ,20260311,3.5476,0.64,,5.2171,1.249,,1118729.0594,1116619.3615
688207.SH,20260311,2.146,0.77,,2.3098,27.6047,,429118.5046,429118.5046
002401.SZ,20260311,1.0649,0.49,,3.673,3.4327,0.805,600244.5306,599752.7631
688137.SH,20260311,1.3225,0.7,,1.4664,19.7079,,298596.4929,139033.9929
600644.SH,20260311,10.0731,0.79,328.1772,3.7118,2.2621,,768010.0463,768010.0463
301160.SZ,20260311,4.4199,1.45,33.5427,4.5004,4.8601,1.0497,736636.5914,479578.915
600160.SH,20260311,0.8516,0.89,27.7897,5.5027,4.0732,1.0084,10977167.5653,10977167.5653
002843.SZ,20260311,21.1923,0.79,157.2635,4.6994,4.2667,0.3785,665090.6388,662593.9488
603803.SH,20260311,10.6863,4.66,,3.2735,4.2909,,514109.104,514109.104
600617.SH,20260311,4.0627,0.56,,1.9502,0.4201,,659783.5874,607235.5996
001395.SZ,20260311,0.9399,0.67,20.1428,3.1269,4.6752,1.4449,374346.84,201204.99
600382.SH,20260311,2.8953,1.03,28.6689,2.2917,7.4483,3.1295,621495.2397,621495.2397
603725.SH,20260311,1.9217,0.75,25.472,3.6404,0.9482,1.0,301199.3878,283217.7878
300689.SZ,20260311,2.798,0.99,240.175,8.202,13.449,,566440.0,495792.6526
002046.SZ,20260311,3.9069,0.91,99.1305,6.4452,8.8615,0.4037,2789660.0757,2750748.996
000598.SZ,20260311,1.0536,0.96,10.571,1.0742,2.3365,2.6342,2118646.1919,2115251.6819
920374.BJ,20260311,3.2528,1.24,122.3448,7.2884,7.7596,0.4656,190589.084,79757.4822
002706.SZ,20260311,14.6868,2.16,47.3637,3.5573,3.1336,1.6482,1447708.1508,1179421.5815
000488.SZ,20260311,9.9094,3.76,,2.5763,1.3172,,823607.736,470788.4642
603608.SH,20260311,3.0065,0.4,,4.8661,4.9401,,514573.1278,514573.1278
002064.SZ,20260311,0.9945,0.84,35.0416,2.1874,2.3678,1.6992,5840914.1668,5824473.4482
002045.SZ,20260311,1.3773,0.85,262.8547,1.661,0.8665,,735165.4535,734315.5768
603223.SH,20260311,1.6132,0.64,28.3405,1.6871,4.9784,1.0183,658480.4564,658480.4564
920976.BJ,20260311,3.0922,0.61,34.0317,8.934,7.5824,2.4799,228895.6684,142329.8296
600267.SH,20260311,0.7237,0.65,22.8895,1.4707,1.2048,1.9609,1251597.5166,1251506.6886
001914.SZ,20260311,0.8856,0.7,12.5373,1.056,0.5999,2.2362,1136963.7268,1136960.1661
920247.BJ,20260311,1.9631,1.41,84.4002,7.5567,8.2856,0.482,362036.4935,262585.2213
603171.SH,20260311,1.3147,0.95,213.1139,9.04,10.9303,0.3565,2282033.52,2279478.24
000735.SZ,20260311,1.8334,0.65,,2.0816,3.5597,0.2621,878604.86,878134.8055
603303.SH,20260311,0.495,0.91,24.9127,2.2894,1.611,9.0576,713032.1396,713032.1396
688080.SH,20260311,5.2166,1.41,30.2133,3.8804,5.8425,0.3247,454090.0538,454090.0538
688077.SH,20260311,2.617,0.94,67.2561,3.4711,2.319,0.5789,381442.3753,381442.3753
688178.SH,20260311,2.5435,1.21,,2.5226,4.585,,231874.1184,231874.1184
688396.SH,20260311,1.1628,1.02,103.3308,2.9738,6.1826,0.1632,6834121.3409,6834121.3409
002531.SZ,20260311,3.1583,1.07,,2.21,3.9533,0.181,1985550.9171,1974487.067
603533.SH,20260311,4.8714,0.69,,5.0823,3.7514,0.3736,1174926.8273,1174926.8273
300298.SZ,20260311,0.8462,0.93,33.9397,2.9947,2.0298,1.2713,956936.5586,770821.5922
001220.SZ,20260311,4.8728,0.76,24.1671,2.5692,4.0724,,384387.85,94165.0189
600452.SH,20260311,5.7346,0.76,63.2043,4.5068,8.2597,0.5607,2466149.3547,2466149.3547
688516.SH,20260311,6.5163,1.8,57.2563,6.9823,3.9543,2.6094,2539351.5478,2534763.8906
920821.BJ,20260311,1.8934,0.92,182.4011,6.1044,8.1869,0.3064,322521.5866,169821.3267
600206.SH,20260311,3.5737,0.79,70.2853,4.6209,2.1376,0.4715,1957231.3036,1957231.3036
000559.SZ,20260311,2.8526,1.02,58.8559,6.3099,4.2704,1.0026,5931176.2563,5929719.5988
002981.SZ,20260311,4.6186,1.24,49.5023,3.4223,2.0081,0.963,365163.1214,317171.5918
301053.SZ,20260311,8.3475,5.65,115.0587,4.6889,4.7611,0.7692,318850.5785,292720.1781
603093.SH,20260311,1.456,0.5,34.0016,2.7959,7.0004,0.3523,1533778.0963,1303710.8133
600269.SH,20260311,1.0503,1.06,8.8293,0.5964,1.852,3.4068,1165368.1,1165368.1
300875.SZ,20260311,11.728,0.72,,4.9421,30.8975,,466527.7914,410250.4692
300557.SZ,20260311,4.8738,0.91,104.6892,4.9461,7.012,0.3773,493140.9422,486689.5973
300691.SZ,20260311,3.1597,0.55,,2.9629,2.401,0.451,477292.5109,391589.4249
300563.SZ,20260311,3.0461,0.88,96.4509,5.716,7.3791,0.6707,631649.4722,444409.6101
301357.SZ,20260311,7.5803,0.56,1114.1681,10.5775,65.9115,,1203328.0,300832.0
002725.SZ,20260311,13.8753,1.15,61.3254,4.3662,6.5798,,449792.0,372508.2624
000010.SZ,20260311,5.1881,0.49,110.259,15.2475,5.452,,497799.4424,367198.4341
603218.SH,20260311,1.6821,1.23,27.7752,1.4989,2.4065,2.328,1532117.4388,1528689.9038
301312.SZ,20260311,13.3055,1.08,123.0368,8.4949,16.2367,0.3333,1046515.7652,522933.6785
600036.SH,20260311,0.3342,0.91,6.6332,0.936,2.9514,7.6278,99618390.124,81484330.4946
603790.SH,20260311,2.1688,0.96,81.9499,3.726,5.6226,0.489,469597.44,469597.44
600853.SH,20260311,0.9845,0.52,10.4032,1.1835,0.238,0.9639,420823.1746,420683.8591
002596.SZ,20260311,2.0761,0.67,,7.058,4.0627,,471655.5929,471221.8851
603658.SH,20260311,0.2549,0.69,18.2807,2.2945,4.7574,3.5877,2006843.7852,2006843.7852
002912.SZ,20260311,2.0179,1.11,55.9513,3.2904,7.5969,0.6341,538551.808,511648.2227
002227.SZ,20260311,3.271,0.77,,2.684,8.2556,,256231.5798,254298.616
300822.SZ,20260311,0.7115,0.55,177.1938,3.9301,5.8056,0.6269,494407.9494,458614.4927
601188.SH,20260311,1.6663,0.75,29.5062,1.0202,5.3009,1.9668,471274.6393,471274.6393
600759.SH,20260311,20.0699,0.82,75.5667,3.5681,14.4902,,3136651.0157,3132626.4497
603059.SH,20260311,1.0523,0.67,,3.1405,2.2397,0.2432,330476.223,330476.223
600096.SH,20260311,4.5099,0.88,13.5775,3.1606,1.4605,3.8104,7654738.0795,7654738.0795
601811.SH,20260311,0.3724,0.86,10.436,1.1534,1.4434,4.351,1701466.739,1092035.4781
600355.SH,20260311,12.1536,1.22,,4.7165,1.8587,,49701.0092,49701.0092
300534.SZ,20260311,2.171,0.83,106.6746,4.3388,3.4017,0.4053,299401.515,298124.8187
300525.SZ,20260311,3.3815,1.28,32.3415,3.5293,4.3427,1.0144,888907.4762,729081.1916
300763.SZ,20260311,12.6645,1.88,46.0007,4.4864,5.798,0.1952,4083679.5355,3299206.7368
000088.SZ,20260311,1.1623,0.91,16.6869,1.3369,28.0469,4.7084,2407360.7892,1464420.1387
300548.SZ,20260311,15.5206,1.89,168.5054,25.575,20.778,0.0486,4794664.0245,4428375.957
001336.SZ,20260311,3.2701,0.83,85.4603,2.8588,6.2811,0.5305,225769.1615,130852.0964
002072.SZ,20260311,1.7942,0.97,,11.9084,6.0367,,280539.84,280426.7634
000155.SZ,20260311,2.9313,1.04,61.5845,2.7369,9.5294,1.1463,2737867.6512,2737867.6512
600327.SH,20260311,0.8349,0.64,,1.1501,1.0338,0.7191,364529.1614,364529.1614
600859.SH,20260311,0.8821,0.66,,0.7588,1.4064,0.6042,1488085.2054,1487948.3567
601718.SH,20260311,1.4577,0.85,,1.2091,2.0658,,1478402.5615,1478402.5615
002311.SZ,20260311,0.3977,0.75,18.2322,3.624,0.7277,2.3618,9157279.8349,9150517.2517
688001.SH,20260311,3.771,2.14,197.5994,4.6074,7.156,,1591718.1278,1591718.1278
600266.SH,20260311,1.7397,0.96,,0.5758,0.3391,0.9276,1118825.7503,1118825.7503
688750.SH,20260311,2.8365,0.96,160.6729,3.8653,15.5075,0.408,952287.5,479578.8332
603655.SH,20260311,1.0368,0.86,99.1403,7.3638,15.5618,0.4884,408630.0,408630.0
603267.SH,20260311,3.0546,0.69,55.083,3.1344,7.8213,0.4545,1370078.6087,1370078.6087
603008.SH,20260311,1.5742,1.05,20.0862,1.8649,0.7778,4.2563,696072.7022,696072.7022
920118.BJ,20260311,2.975,0.71,46.8312,2.1547,0.768,4.1615,122303.088,75307.8573
301359.SZ,20260311,2.4417,0.78,63.8789,3.188,8.0085,1.5958,268953.888,153071.7788
603153.SH,20260311,1.442,1.06,22.3801,1.8836,1.4893,1.5086,682418.7415,224775.0
002555.SZ,20260311,3.4712,1.37,16.8314,4.0411,3.1709,4.1884,5251852.2547,3795948.3536
300830.SZ,20260311,19.8625,1.16,463.5643,4.6976,16.1166,0.161,641329.8607,478660.3762
002811.SZ,20260311,2.4575,0.66,33.4009,3.2328,3.3595,2.9731,453947.7874,417308.2304
301499.SZ,20260311,24.1127,1.83,92.7128,3.7856,5.0975,0.3437,490804.7743,122701.1954
002667.SZ,20260311,9.7599,0.7,,18.6042,30.3073,,860212.5415,781052.911
002523.SZ,20260311,1.7366,0.7,52.74,2.5333,3.0859,0.3348,634655.0784,632371.122
600272.SH,20260311,1.1594,0.79,261.6147,4.4682,2.9552,0.2972,346963.2193,211360.0
600969.SH,20260311,2.9174,0.89,,1.0969,0.9849,,399284.4722,399284.4722
301292.SZ,20260311,26.0469,2.4,,5.1732,2.9696,,1400494.2605,534741.515
688110.SH,20260311,5.5943,1.08,,19.0182,70.5545,,6501071.4426,6501071.4426
002005.SZ,20260311,0.8667,1.49,,14.478,7.8863,,534489.5817,534357.9132
002151.SZ,20260311,12.9265,1.35,,4.8044,12.7607,,2478388.3178,2021468.105
300393.SZ,20260311,9.9768,0.9,,4.2129,2.2872,,1246533.6976,1093555.3772
300675.SZ,20260311,1.4035,0.66,,4.355,7.897,0.0631,232466.7195,232466.7195
000557.SZ,20260311,1.3708,1.47,22.4311,1.1751,5.6033,0.9747,748146.2391,747911.0096
688500.SH,20260311,3.1113,1.03,,5.2924,7.5887,,383260.2539,373177.9819
002255.SZ,20260311,5.7948,0.94,23.798,2.4511,4.0266,0.3717,1085130.6578,833191.7494
002059.SZ,20260311,0.7253,0.67,,4.0271,17.5906,,517354.1894,502336.5356
301006.SZ,20260311,1.9824,0.91,30.0264,2.0744,6.9257,1.0389,264910.56,163735.7622
002793.SZ,20260311,1.0906,0.92,,3.6241,2.1141,,526392.8272,525592.7065
688025.SH,20260311,5.0389,0.81,85.3706,10.4204,11.5734,0.1662,2395245.4596,2395245.4596
920252.BJ,20260311,7.8166,2.72,317.0372,11.5965,7.6729,0.1978,306206.9337,203533.7859
002830.SZ,20260311,4.7306,0.91,76.5072,4.7414,4.6611,1.0605,309748.82,155298.3575
601515.SH,20260311,2.24,1.35,,1.7402,7.0412,,910274.6274,910274.6274
002696.SZ,20260311,1.9271,0.73,52.1642,1.9561,0.6879,,268430.7531,259227.3847
002900.SZ,20260311,2.0109,1.04,,1.9976,4.3478,1.6639,380258.1691,193669.1248
002741.SZ,20260311,3.2108,0.93,,5.091,3.4961,,978871.9626,897484.4636
603656.SH,20260311,1.6022,1.05,135.3454,3.141,7.1377,0.2176,413822.3998,413822.3998
600844.SH,20260311,14.2929,1.07,,26.0463,4.1798,,363915.6779,294537.567
600033.SH,20260311,1.7054,1.18,12.9224,0.8504,3.4221,2.6247,1045616.4,1045616.4
688398.SH,20260311,1.1224,0.62,167.1216,4.0519,4.1915,0.4004,417018.041,417018.041
300498.SZ,20260311,0.7989,0.56,21.7984,2.778,1.0985,2.9064,11411485.256,10208608.3827
601168.SH,20260311,1.4426,0.73,23.6129,4.2216,1.2026,3.3376,7425428.0,7425428.0
301388.SZ,20260311,46.6474,1.13,190.9509,4.4055,8.774,0.2381,430279.92,114897.6696
688133.SH,20260311,1.1579,0.7,,1.3676,1.5065,0.3038,378862.795,378862.795
002648.SZ,20260311,4.0797,1.15,15.3382,2.9365,1.9543,1.7838,9408627.4122,9402585.5806
920576.BJ,20260311,2.0281,0.8,352.7643,17.4207,14.6503,0.2801,777903.0,764891.4496
603151.SH,20260311,1.0275,0.73,28.7957,2.4123,0.6457,1.0389,327101.957,327101.957
002785.SZ,20260311,2.9564,0.49,,11.2996,7.7007,,1002792.1504,856215.4768
300209.SZ,20260311,5.1239,0.75,116.9128,8.669,72.9381,,858988.4166,658486.1889
600037.SH,20260311,1.148,0.85,323.272,0.8729,4.9972,0.3388,1109246.9735,1109246.9735
920262.BJ,20260311,1.6946,1.32,40.7394,4.443,2.6594,0.3331,159584.6532,72007.1048
600063.SH,20260311,4.166,1.81,27.4897,1.7956,1.8786,1.9319,1510447.7078,1510447.7078
002961.SZ,20260311,4.2254,1.21,25.8228,3.5231,7.2817,1.3177,1283427.8682,1283421.8135
002670.SZ,20260311,1.2682,0.65,93.8054,2.7081,27632.78,,3061303.921,2568140.703
920146.BJ,20260311,1.5156,0.93,,5.3538,3.3284,,104887.5742,83246.111
688076.SH,20260311,0.92,0.74,31.8565,3.5005,5.3619,1.7269,1041707.0525,1041707.0525
300519.SZ,20260311,2.0333,1.01,45.0643,3.1538,10.1577,1.8382,261120.0,186211.2
300468.SZ,20260311,9.769,1.02,235.2228,11.6809,28.9647,0.276,1922542.3233,1919443.8975
300123.SZ,20260311,4.028,0.86,,5.1125,8.4618,,752069.9145,736308.25
920924.BJ,20260311,2.8813,0.78,136.6985,7.6298,5.0236,0.2209,243348.462,148264.0158
300188.SZ,20260311,3.3301,1.46,,3.914,7.265,,1211003.5298,1205406.6718
603118.SH,20260311,6.9256,1.59,,2.027,1.1514,,1021097.4986,1021097.4986
300781.SZ,20260311,5.1538,0.9,,9.5614,6.7814,,638477.8973,471212.964
002999.SZ,20260311,2.1992,0.62,57.2848,2.2446,0.1996,1.6021,269036.208,266035.3133
603021.SH,20260311,3.9387,0.87,,,6.2068,,244760.2736,244760.2736
000936.SZ,20260311,2.309,1.32,22.2189,1.319,2.1252,0.5019,706152.2709,706052.2076
605287.SH,20260311,7.5161,1.17,,4.5735,2.2729,,710220.0,710220.0
002593.SZ,20260311,2.3738,0.77,47.4476,1.9429,1.3355,0.8547,470256.947,326926.734
688589.SH,20260311,2.4404,1.01,170.1591,3.7216,9.949,1.0174,356054.46,356054.46
000032.SZ,20260311,1.9866,0.98,145.1876,3.1247,0.4399,0.5971,2286967.4633,2141639.2784
600518.SH,20260311,1.1003,1.2,1554.0482,3.5983,4.9022,,2586003.681,2584779.8592
603036.SH,20260311,2.2468,0.67,34.7947,2.9206,9.2711,1.0283,400681.7186,400681.7186
920018.BJ,20260311,6.0734,0.75,37.706,4.2403,1.5095,0.3121,407963.9231,141693.0552
600178.SH,20260311,0.8284,0.87,1384.3613,2.2025,1.0389,0.0416,560237.8694,560237.8694
002474.SZ,20260311,4.1411,0.84,,3.8845,10.8778,,530736.6,452743.3511
300238.SZ,20260311,2.4573,0.96,161.418,7.42,10.8066,,424514.2773,424479.6653
002162.SZ,20260311,6.7317,0.72,,6.1473,4.6469,,504915.8298,504253.2724
920693.BJ,20260311,2.6592,1.01,368.4373,6.6072,7.9809,0.2179,233585.1,117627.93
002554.SZ,20260311,6.8856,0.53,,2.3488,2.1345,,556161.27,556057.2089
688790.SH,20260311,5.1911,0.9,,4.9117,7.265,,1368759.7734,165817.0916
300726.SZ,20260311,3.1828,0.79,60.5512,4.1546,11.5502,1.1834,2088028.0142,1087202.8046
603124.SH,20260311,9.3952,1.19,72.9097,8.36,1.5218,0.3589,1502341.5113,301258.2579
301382.SZ,20260311,7.4402,1.71,59.248,5.6457,5.2431,0.2087,1045844.8728,645568.6262
301515.SZ,20260311,4.6093,1.64,,2.0237,4.0671,0.4676,246500.0,161631.4058
300279.SZ,20260311,8.138,1.22,82.0136,5.1345,2.8984,,532140.2451,529795.2918
301529.SZ,20260311,4.3463,0.96,63.6013,7.1412,5.8363,0.3624,968501.5894,516442.8302
600316.SH,20260311,1.3332,0.67,805.3455,5.5353,5.5476,0.041,2971005.4232,2971005.4232
300502.SZ,20260311,3.8217,0.74,51.986,26.9112,19.523,0.0816,39087428.1758,34817336.5276
601888.SH,20260311,1.1247,0.9,45.2319,2.788,2.8843,1.749,15377829.2741,14512750.7186
002402.SZ,20260311,2.1362,0.76,49.872,5.809,2.8022,0.3019,3051306.3405,2684939.0832
920089.BJ,20260311,2.0053,0.83,18.3077,2.3758,1.5184,0.4993,301788.004,171890.9523
000790.SZ,20260311,1.923,0.72,,2.803,3.97,,261338.4135,260875.5233
603229.SH,20260311,0.4002,0.67,42.4498,3.3427,10.4461,1.0557,784630.802,784630.802
600818.SH,20260311,1.2721,0.66,,5.391,2.8662,0.1067,301196.6917,222966.5617
002317.SZ,20260311,1.8535,0.61,,3.9017,6.4227,1.0831,1572371.3825,1408992.2011
920895.BJ,20260311,2.1385,0.82,,5.5817,16.4686,,108186.936,55002.4266
601137.SH,20260311,2.3311,0.71,17.0375,1.8914,0.9911,2.0982,1936598.1943,1935164.0743
603898.SH,20260311,1.4219,1.09,209.9385,1.3947,2.5364,0.5531,438996.5374,438996.5374
600666.SH,20260311,12.3583,1.36,79.7626,10.3746,27.7219,,1172116.5898,1030814.7503
603909.SH,20260311,0.8853,0.65,28.0898,2.7255,0.431,1.0213,306290.9395,306290.9395
601066.SH,20260311,0.1434,0.88,17.8533,2.2195,7.4178,1.4317,17879181.5071,14972521.7357
603061.SH,20260311,7.6837,2.76,83.0227,9.0786,20.9913,0.0676,1465560.0,1465560.0
605086.SH,20260311,1.0244,1.08,58.8079,5.1363,22.2318,0.5131,656588.8,656588.8
688223.SH,20260311,4.1222,1.71,,3.0682,1.2802,,8384360.9595,8384360.9595
601399.SH,20260311,1.3182,0.94,75.0202,2.4277,2.5872,,3592350.8332,3592350.8332
002820.SZ,20260311,1.8027,0.72,,2.6662,5.0548,1.232,237828.0613,237828.0613
920167.BJ,20260311,6.035,1.05,103.7138,3.6116,0.6962,0.1902,225004.1925,133668.9955
002198.SZ,20260311,5.5618,1.13,103.6008,5.7765,9.9893,,409560.4473,409536.9636
601866.SH,20260311,1.6615,0.46,22.1038,1.2203,1.3719,1.4437,3748134.2529,2769563.4049
688599.SH,20260311,2.6817,1.2,,2.1136,0.6643,,4469619.1449,4469619.1449
600714.SH,20260311,14.056,0.74,110.0183,8.2487,17.7307,0.3236,623325.2785,623325.2785
603665.SH,20260311,1.1862,0.6,,7.2217,3.2328,,514105.3829,511095.153
603121.SH,20260311,7.2385,2.95,303.1592,5.5692,5.7583,1.0204,663526.0814,663526.0814
002937.SZ,20260311,2.7851,0.77,54.4113,5.5157,4.8004,1.4159,841224.8247,838894.1432
300358.SZ,20260311,1.1687,0.63,,1.4013,1.3479,,748701.9313,734261.4895
600369.SH,20260311,0.4869,0.77,31.4196,1.123,8.7272,1.9495,2897267.5781,2897267.5781
301015.SZ,20260311,0.4837,0.76,22.1011,4.8904,1.5371,3.4386,1164782.9546,1164630.0506
300450.SZ,20260311,5.2406,2.16,101.0603,5.1301,6.6235,0.1066,8731064.7783,8132345.903
600359.SH,20260311,3.8601,0.53,3207.3593,4.4705,5.8133,,299106.0509,299106.0509
300606.SZ,20260311,11.9996,0.97,,7.5016,8.8957,0.3279,506353.0432,430688.6188
301031.SZ,20260311,5.7714,1.46,48.7145,10.7021,7.9697,0.3306,1505513.8138,1049730.697
300907.SZ,20260311,1.0343,0.76,43.8082,3.656,2.6656,,292128.0,292128.0
000868.SZ,20260311,0.8274,0.64,867.0072,5.1869,1.2664,,441571.9255,344664.3565
300702.SZ,20260311,1.2222,0.78,41.0668,2.1167,2.6376,0.2209,787472.3108,477865.225
001319.SZ,20260311,3.9426,1.16,28.1786,2.8334,3.3017,1.4514,379941.8,220334.2015
000715.SZ,20260311,1.4862,0.89,29.5075,1.7056,4.4148,1.2407,335069.4656,334175.9086
603535.SH,20260311,0.4705,0.75,25.2223,1.7949,3.6006,0.6574,472599.3674,472599.3674
300001.SZ,20260311,5.8888,1.05,30.3692,4.3754,2.3845,0.4477,3509662.8957,3429924.0525
000887.SZ,20260311,1.0932,0.71,17.4985,1.8685,1.3942,0.9985,2636928.9632,2632684.3278
605577.SH,20260311,0.7058,0.8,22.1197,1.5128,3.891,1.1086,601333.3341,601333.3341
603106.SH,20260311,0.9468,0.76,55.4798,3.9756,11.6659,0.3003,519999.48,519999.48
688568.SH,20260311,2.2767,0.74,1837.9842,15.1033,21.3167,0.1236,5714734.0657,5714734.0657
601101.SH,20260311,2.5617,1.1,26.2731,1.025,1.4399,5.3256,1238398.2164,1238398.2164
000795.SZ,20260311,1.2149,0.64,47.0944,4.3841,2.9454,2.5235,1139352.5235,1139352.5235
603567.SH,20260311,0.9403,0.76,,1.0071,4.602,1.9228,733977.2817,732841.6087
301188.SZ,20260311,2.7133,1.12,101.397,2.4644,4.8536,0.4833,471278.9528,471278.9528
603939.SH,20260311,0.7196,1.02,17.6696,2.6493,1.2029,2.924,2902466.3498,2902466.3498
300441.SZ,20260311,0.9803,0.88,17.5439,2.0612,2.8076,3.7975,509088.5357,494973.8372
301349.SZ,20260311,8.0114,2.31,289.1784,1.9825,4.974,,540600.0,540600.0
603331.SH,20260311,8.8964,0.93,47.5284,2.5558,2.2186,0.477,339048.5416,339048.5416
301248.SZ,20260311,4.9827,0.8,6321.3144,5.1448,10.0092,0.039,785893.665,574336.6431
002565.SZ,20260311,6.2387,0.89,266.0578,8.0878,11.7333,0.2735,1508364.236,1508300.201
603345.SH,20260311,1.4502,1.09,21.9922,2.0167,1.978,2.6555,3050260.3057,2684228.8113
600375.SH,20260311,0.9666,0.85,15.3819,2.6219,1.5672,,876880.0377,800089.1107
601699.SH,20260311,1.2889,0.59,36.0523,0.9295,1.4344,2.8217,4346517.5676,4346517.5676
300667.SZ,20260311,2.8287,0.71,,3.2833,5.1652,,372028.3189,313842.2017
688787.SH,20260311,5.1073,0.9,648.9205,12.3146,24.2279,0.2294,913323.2252,913323.2252
300755.SZ,20260311,0.6689,0.82,,2.0263,0.8709,0.6406,591853.728,591353.1496
600163.SH,20260311,5.5854,2.21,23.268,1.9089,7.6851,1.1908,1326388.3117,1326388.3117
301063.SZ,20260311,5.3108,0.65,47.8255,1.8124,1.5913,0.5509,284174.2515,273516.168
688757.SH,20260311,2.781,0.71,181.2813,12.7105,21.326,0.7107,1129272.1608,98125.3532
688531.SH,20260311,2.8687,0.88,73.3839,3.8029,11.957,0.5318,1281034.7121,827472.2198
300318.SZ,20260311,0.7472,0.73,,3.7936,6.1191,,510562.8094,499087.1775
300610.SZ,20260311,2.8017,0.67,38.9351,2.3628,3.1028,1.5711,272630.1186,204437.1661
688360.SH,20260311,0.7554,0.82,51.8764,3.3407,2.8501,0.5826,485028.2816,463954.0184
688737.SH,20260311,1.8833,0.98,,1.9261,1.9296,,340878.4152,340878.4152
300286.SZ,20260311,5.0284,0.72,39.8227,3.6267,7.476,1.2328,810786.7896,671736.7496
603883.SH,20260311,0.6566,0.7,25.9892,1.6241,0.4889,1.5394,1085213.0375,1085213.0375
300517.SZ,20260311,3.279,0.93,,2.4861,8.3239,0.7886,250917.6682,155280.2365
600638.SH,20260311,1.8634,1.25,26.6556,0.9409,2.0097,0.5745,433667.5302,433667.5302
300417.SZ,20260311,3.2149,0.7,,4.2467,11.6713,,194982.0768,126877.6829
002756.SZ,20260311,5.9843,1.22,66.2746,3.2386,5.4181,1.056,4003907.1376,2887102.4707
920245.BJ,20260311,0.9622,1.34,107.5079,3.9688,4.0469,0.54,138052.71,105552.7824
688022.SH,20260311,3.1374,1.12,81.2528,4.2144,3.8564,,287561.0597,287561.0597
002404.SZ,20260311,2.0828,0.81,24.6609,2.0084,0.8652,4.2313,397076.5426,323153.0511
600057.SH,20260311,0.6299,0.7,10.7847,1.4476,0.0604,4.1777,2332123.8473,1717950.8446
000921.SZ,20260311,0.7781,1.2,9.4527,1.8803,0.3396,5.3482,3182410.971,2109845.42
002496.SZ,20260311,6.1873,1.62,,2.413,9.2485,,319609.0115,235839.8815
601018.SH,20260311,0.2415,0.61,16.1125,1.0311,2.6809,3.2243,8326478.2348,8326478.2348
600749.SH,20260311,1.9025,0.9,129.7934,3.5229,18.5619,,379032.4134,379032.4134
002657.SZ,20260311,1.9894,0.66,,4.9443,7.3014,,859651.4434,849696.2931
001259.SZ,20260311,3.5497,1.03,519.4124,3.5618,6.2669,0.4572,254396.7858,164361.333
000981.SZ,20260311,3.4946,0.9,,27.1412,13.2581,,4568844.1958,4347603.7345
301032.SZ,20260311,12.1212,1.06,38.4394,2.9186,1.5125,0.6849,352054.764,233414.2515
000408.SZ,20260311,0.6364,0.6,37.3779,8.5659,38.8852,1.2121,12943370.816,12943228.6243
600117.SH,20260311,0.9582,1.26,,2.2982,1.5595,,924452.6194,924452.6194
000601.SZ,20260311,24.0374,1.95,141.938,1.8429,1.5756,2.8549,743975.9835,733619.308
600919.SH,20260311,0.5464,1.07,5.6518,0.776,2.255,5.1785,19323944.6595,19323944.6595
300980.SZ,20260311,4.2995,0.81,112.8575,3.6312,8.7688,0.4749,511531.5586,364355.0648
605266.SH,20260311,0.634,0.58,24.3955,1.1882,0.343,5.2232,312022.1716,312022.1716
603326.SH,20260311,1.2109,1.11,17.5319,2.7312,2.1521,4.5872,313112.5683,313112.5683
688236.SH,20260311,0.6349,1.16,28.9659,2.7139,7.5518,1.2543,788233.2675,592719.54
002241.SZ,20260311,2.0015,0.99,30.977,2.5597,0.9059,1.1506,9005938.1273,7971706.3832
603092.SH,20260311,5.4415,1.25,34.3355,5.0651,5.0319,,2684400.6711,224499.4591
300775.SZ,20260311,5.212,0.81,46.1619,3.6033,14.305,0.5195,2108060.8087,2046599.7398
300043.SZ,20260311,3.6612,1.3,183.459,4.396,3.678,0.1644,755228.4294,754828.4771
603685.SH,20260311,1.4004,0.59,327.0459,3.5731,5.8266,0.0192,705672.9972,566521.6806
688526.SH,20260311,0.3327,0.7,17.9454,1.7581,7.8482,2.6747,745804.8896,745804.8896
002099.SZ,20260311,2.0544,0.81,,2.3868,6.5686,,1222130.016,1219851.8866
920726.BJ,20260311,2.8287,0.66,102.9421,4.6168,9.4279,0.8497,203441.67,111890.3272
300997.SZ,20260311,0.8333,0.59,126.0873,9.2018,6.0057,1.342,934880.8161,824897.5061
600548.SH,20260311,0.3081,0.94,18.5843,0.9866,2.4449,2.6843,2306911.2194,1558413.2185
920080.BJ,20260311,2.493,1.0,32.1066,3.9918,5.6566,1.8699,221942.0,60593.9123
600381.SH,20260311,1.2892,1.38,,1.6305,5.8962,,167899.3719,167899.3719
600602.SH,20260311,13.9376,1.41,164.0426,6.4541,5.0105,0.1978,3111457.1101,2444039.3023
002707.SZ,20260311,1.9378,0.88,139.1464,7.422,0.9865,,687900.5231,577645.0575
000603.SZ,20260311,2.6202,0.65,62.8329,9.8055,14.221,0.2139,3226296.6619,3117565.6947
301002.SZ,20260311,4.4138,0.69,,5.4992,6.2778,,581172.2721,366031.153
000042.SZ,20260311,0.9956,1.07,,1.7667,2.3219,,582392.0778,581778.933
601069.SH,20260311,1.8025,0.53,74.3063,7.4591,2.7478,0.1351,3396204.7305,3307438.5155
002205.SZ,20260311,1.7851,0.78,,7.4216,3.601,,267056.7186,267056.7186
301066.SZ,20260311,2.0238,0.7,132.6599,2.9242,5.2158,0.8854,362956.2065,360165.2552
301238.SZ,20260311,1.2243,1.3,280.9388,2.0748,7.5195,0.9862,1487199.9324,1487199.9324
600980.SH,20260311,2.5245,0.88,40.4668,3.1017,3.4296,0.611,449122.3472,449122.3472
600252.SH,20260311,1.136,0.9,,1.4266,3.598,,824698.2351,824698.2351
002136.SZ,20260311,11.428,1.44,,2.7758,1.738,,313284.14,312462.0423
300199.SZ,20260311,3.803,1.35,,24.5862,17.7711,,1596017.0942,1347476.0059
603080.SH,20260311,4.2013,0.61,18.0053,2.1707,2.1158,2.3962,330685.5,330685.5
002827.SZ,20260311,1.1051,0.92,50.7258,9.369,5.469,0.4156,997919.692,994152.0
688433.SH,20260311,1.4323,0.67,587.0029,19.323,55.7286,0.0507,3990516.388,1947275.1232
603868.SH,20260311,0.1444,0.62,35.3703,4.869,4.1202,1.3672,1592989.2,1592989.2
603506.SH,20260311,1.3934,1.14,21.4397,1.9942,1.3545,,248805.5572,248805.5572
688358.SH,20260311,0.7605,0.61,30.8505,2.6331,8.0432,4.0441,359811.0921,359329.7421
605277.SH,20260311,3.2404,1.22,36.9542,4.8148,1.9811,0.6256,777570.8376,763523.4792
605167.SH,20260311,1.1465,0.86,36.7826,4.0612,2.7813,0.6251,802488.09,802488.09
603650.SH,20260311,1.6303,0.94,59.2995,8.555,10.0735,0.8781,3393522.7098,3384519.4211
920469.BJ,20260311,1.9331,1.12,,4.2278,3.4804,0.498,141509.784,103861.9546
300804.SZ,20260311,16.0335,1.03,80.5243,2.7126,4.6783,,369112.0,137170.0
601696.SH,20260311,1.6061,1.21,34.7291,2.0484,11.2164,0.2793,3819750.0,3819750.0
001356.SZ,20260311,0.8472,0.66,53.1836,3.4847,3.4334,0.3148,711309.24,242180.6273
002582.SZ,20260311,4.7101,1.06,,1.633,3.2801,8.5557,509939.2878,392091.8692
001298.SZ,20260311,2.65,1.01,187.9668,5.7162,1.1497,0.1334,920628.7327,510542.2357
688510.SH,20260311,5.2744,1.16,102.1056,8.6411,14.9249,0.4956,1042761.8389,1042761.8389
300983.SZ,20260311,0.9192,0.96,,1.7393,28.2135,,492998.4,337459.8726
301122.SZ,20260311,3.2227,1.27,1064.2474,2.3159,12.1262,0.7379,414168.2893,256270.5493
002010.SZ,20260311,0.9304,0.76,32.0885,0.9967,0.676,2.3438,1768979.7811,1764518.9478
601611.SH,20260311,3.5142,0.86,30.3566,2.3966,0.4798,0.6019,5207905.5183,5207905.5183
600693.SH,20260311,2.43,0.81,239.7189,3.1263,5.9817,0.6299,1104704.7324,1103570.0331
002940.SZ,20260311,1.355,0.67,57.7614,3.9659,4.243,0.7067,624348.7357,573427.5704
000039.SZ,20260311,2.5012,0.82,25.9086,1.4448,0.4236,1.3518,7021061.5413,2996432.0976
002508.SZ,20260311,0.4038,0.57,12.7139,1.7072,1.7509,4.8497,1948464.0448,1924983.7848
603020.SH,20260311,0.7649,0.84,22.3094,1.2296,1.6448,1.6629,406615.2782,406615.2782
688809.SH,20260311,8.822,0.69,115.5686,11.2916,45.4435,,4599355.15,864531.8195
300515.SZ,20260311,1.2342,0.74,22.4706,4.4273,6.2426,1.4621,411920.509,403926.0726
688562.SH,20260311,2.6884,0.92,,4.7981,6.8072,,828000.0,358151.4
301338.SZ,20260311,10.0404,0.97,142.8603,13.4791,20.0214,0.1008,2110550.4,1173299.4
000911.SZ,20260311,4.0011,0.69,57.1123,23.911,1.008,,287029.3095,287029.3095
002980.SZ,20260311,21.1631,0.81,76.5209,6.6243,9.2055,1.3759,714989.379,382747.0386
600425.SH,20260311,1.9915,1.05,28.3254,1.1318,1.8809,2.1692,739768.4089,739768.4089
002606.SZ,20260311,9.556,0.6,35.4434,3.3301,3.8887,0.2224,605921.0436,581176.0359
920703.BJ,20260311,1.8279,0.53,25.6806,2.0611,6.3177,1.8505,232717.856,117753.387
002543.SZ,20260311,0.6873,0.85,9.8109,1.3241,0.8779,2.8776,669983.6,596111.5137
002642.SZ,20260311,1.9331,0.84,233.976,4.785,3.3004,,562343.2661,562343.2661
688123.SH,20260311,3.3181,0.82,57.1897,8.12,16.9974,0.2286,2075249.9289,2075249.9289
688777.SH,20260311,1.7159,0.7,126.37,5.6807,7.0651,0.9808,5687861.5096,5659174.4377
301339.SZ,20260311,2.6504,0.84,37.4812,3.0123,7.7666,2.6492,829296.3143,240158.9818
603808.SH,20260311,1.0556,0.67,,1.3836,1.2413,0.5049,360234.6489,360234.6489
688280.SH,20260311,5.9808,0.99,39.9939,8.6727,2.3727,,646882.947,570516.3829
920160.BJ,20260311,3.3577,0.9,37.7555,5.2672,14.8953,,279121.92,62802.432
600048.SH,20260311,0.7967,0.68,74.5805,0.4079,0.2481,2.6371,7649113.3441,7649113.3441
000881.SZ,20260311,1.66,0.92,,1.5236,1.3783,,796048.5362,760942.6395
300335.SZ,20260311,17.2638,0.88,69.7888,1.8184,3.1321,1.3532,352512.1547,283895.1002
300811.SZ,20260311,5.1468,0.9,69.1377,9.1319,15.2382,0.2183,2646745.9938,2170260.9261
603262.SH,20260311,1.2027,0.74,69.2546,6.9697,10.102,,1068826.72,106901.376
601020.SH,20260311,4.3926,0.85,30.8081,6.4938,12.9378,0.1181,2778040.3968,2778040.3968
603578.SH,20260311,4.0489,1.12,,2.7571,1.86,,270355.191,270355.191
300439.SZ,20260311,0.881,0.74,41.7918,1.3314,2.6746,1.3171,393542.4666,299348.0202
600022.SH,20260311,2.0677,1.24,,0.9525,0.2476,,1797406.7251,1797406.7251
688146.SH,20260311,5.0273,1.13,69.2589,4.1693,10.6352,0.3811,2403529.4131,658167.6227
688698.SH,20260311,2.1386,0.86,59.4473,6.9685,8.1971,0.5565,1595325.7574,1595325.7574
603363.SH,20260311,3.1129,0.66,6.3197,3.4271,1.4014,,1145303.2034,936940.4928
300007.SZ,20260311,4.0951,1.06,197.5169,5.5551,6.8402,0.0811,1614306.9017,1396644.5423
000595.SZ,20260311,1.7944,2.06,729.671,14.6566,13.5483,,745819.9197,745819.9197
300856.SZ,20260311,0.599,0.59,50.6832,2.3914,4.17,1.5932,639799.3149,618344.4129
603283.SH,20260311,4.2129,1.01,26.4844,4.027,3.7463,0.8663,1271535.0407,1271535.0407
603381.SH,20260311,16.4734,2.33,72.9346,1.874,0.5829,1.9823,670249.121,401538.963
002340.SZ,20260311,3.5822,0.83,37.9023,2.2591,1.2963,0.7246,4644033.4914,4618850.5636
688330.SH,20260311,5.9449,0.97,12.3741,1.8075,12.1261,0.5966,790440.0,790440.0
002927.SZ,20260311,7.5699,0.85,283.9784,4.6446,5.585,0.2321,480755.9557,475469.2901
301392.SZ,20260311,17.1524,1.53,609.1978,17.858,32.9549,0.2317,1295000.0,528307.0475
002014.SZ,20260311,0.3709,0.61,15.5035,3.1183,1.9824,7.5314,731927.7799,722397.9166
300902.SZ,20260311,2.046,0.72,,4.3606,11.2516,,357970.8336,238747.4996
001213.SZ,20260311,0.6719,1.2,33.7201,1.0013,1.6123,1.8837,1911111.1109,1911111.1109
002851.SZ,20260311,3.5339,0.87,307.7873,8.1807,8.071,0.0374,7312886.3013,5759300.8225
300447.SZ,20260311,10.8094,1.12,,3.4024,8.7165,0.2272,680211.9968,438402.9009
002761.SZ,20260311,1.5351,1.19,55.0173,1.3368,0.1372,0.4792,1128790.2709,921683.7347
600072.SH,20260311,2.0399,0.81,,2.0329,2.0227,0.229,1973354.3673,1424588.5705
002343.SZ,20260311,1.3961,0.62,,3.3772,6.3555,,321628.9142,321628.9142
002334.SZ,20260311,6.544,1.02,30.0265,2.7762,1.9732,0.5705,845777.3368,754650.2408
600745.SH,20260311,3.2274,0.95,,1.2399,0.8387,,4210656.5015,4210656.5015
000777.SZ,20260311,3.4323,0.7,43.9111,4.3376,5.202,0.7561,988833.9723,988816.5228
920651.BJ,20260311,3.3426,0.96,27.2694,4.0331,6.4024,1.9499,218990.0,54836.7869
600740.SH,20260311,4.0667,0.78,,0.8111,1.8589,0.4149,1234942.3962,1234942.3962
000811.SZ,20260311,2.7604,0.75,34.8605,3.3027,3.1159,0.5643,2029617.4793,2000819.1676
603500.SH,20260311,1.6486,0.6,26.8431,3.8746,5.1733,1.1008,393025.2805,391895.3269
600354.SH,20260311,12.7166,0.52,58.495,5.8681,3.2195,,404296.3933,404296.3933
605006.SH,20260311,6.1835,1.17,500.1366,2.2935,2.5103,,575417.1469,575417.1469
300512.SZ,20260311,2.5362,1.56,121.3202,2.5569,3.6636,0.5819,415785.173,329089.7162
300191.SZ,20260311,18.5956,0.82,,13.6951,26.3623,,1454400.0,1005331.275
300807.SZ,20260311,2.0308,1.01,,7.5293,18.0962,,353805.8524,270095.7428
002247.SZ,20260311,3.1462,0.84,66.3333,3.9511,3.2902,,262918.8451,198854.0676
688232.SH,20260311,0.6041,0.68,227.8835,1.4762,4.3564,1.4516,798515.298,798515.298
601689.SH,20260311,1.1639,1.04,41.2348,4.8422,3.9997,0.8003,11269863.7363,11269863.7363
300705.SZ,20260311,1.1527,0.89,15.8513,2.8203,2.4352,2.0678,743432.6132,548167.5219
002624.SZ,20260311,4.557,1.65,,5.7984,5.9396,1.0651,4106913.1113,3869310.8478
000987.SZ,20260311,0.8251,1.01,12.9158,1.4842,3.6286,2.8066,4630813.2624,4628314.4356
002265.SZ,20260311,0.6782,0.83,223.5975,6.5334,6.3235,,2385290.2998,2385290.2998
603901.SH,20260311,1.0962,0.72,110.2691,2.4713,1.7383,0.1035,702270.0113,653415.4377
001366.SZ,20260311,2.0756,0.84,,2.9027,1.8393,,232986.0,232986.0
601608.SH,20260311,0.8658,0.69,87.8543,3.566,4.0895,0.3972,3297278.4746,3297278.4746
000886.SZ,20260311,1.0078,0.62,564.0563,2.0281,14.9052,,614062.3743,607236.7137
601968.SH,20260311,1.2607,1.73,37.7725,1.6014,0.8263,1.3451,722091.1744,722091.1744
000801.SZ,20260311,1.4488,0.76,93.7249,5.6787,3.7701,0.6329,1615956.3668,1615956.3668
601021.SH,20260311,0.9312,0.74,23.7869,2.6842,2.2925,2.5501,4767418.7703,4767418.7703
000665.SZ,20260311,1.1968,0.79,,1.4986,4.2454,,601552.0829,601536.3636
688545.SH,20260311,2.8795,0.85,89.7106,6.3082,12.6453,0.386,1865160.0,944237.25
688295.SH,20260311,2.7938,5.54,335.5742,6.8692,14.7746,,3243600.0,3243600.0
688626.SH,20260311,3.5921,1.98,138.0856,5.2496,14.1547,0.3405,1086720.0,1086720.0
688775.SH,20260311,3.7157,1.27,87.9723,14.4967,8.6034,,8481150.0,693720.0
300900.SZ,20260311,14.5177,0.96,,6.9708,11.7909,,1370307.0585,1072550.883
603798.SH,20260311,2.4087,0.85,72.8048,3.269,3.8735,0.2674,377750.3345,377750.3345
600862.SH,20260311,1.7671,0.88,34.5005,4.8437,7.2062,0.9603,3612176.3345,3612176.3345
300159.SZ,20260311,1.1635,1.09,,,16.8685,,1033192.2037,575197.5097
000034.SZ,20260311,5.211,1.08,53.7665,2.5623,0.2048,0.6616,2845306.5696,2378573.3102
600721.SH,20260311,2.1949,0.94,70.8578,4.4809,9.0343,,355706.5624,355706.5624
002608.SZ,20260311,0.9152,1.32,9.1541,0.9294,0.9525,1.1641,3245370.4657,3245370.4657
920509.BJ,20260311,3.2382,1.92,77.9446,14.561,23.2267,0.7447,538627.1386,282191.3203
600641.SH,20260311,2.0882,0.81,106.9246,2.0711,12.575,0.2334,1688162.6749,1688162.6749
600993.SH,20260311,0.5225,0.64,19.871,2.6418,3.01,2.3529,1135827.0028,1133858.9872
601139.SH,20260311,1.3058,0.42,14.8052,1.3188,0.699,2.2099,2082761.5171,2082761.5171
300410.SZ,20260311,4.211,0.89,,13.997,4.3175,,337011.3836,337011.3836
300301.SZ,20260311,2.4184,0.66,,15.1816,5.6947,,249790.4995,237752.8924
300285.SZ,20260311,9.2734,1.66,64.6909,5.65,9.0722,0.5007,3959278.7953,3340980.3874
300458.SZ,20260311,1.8086,0.85,121.9213,10.26,11.2589,0.4955,3195229.3957,2615537.1005
605090.SH,20260311,2.0209,0.54,21.6499,2.8558,1.4605,2.6455,3009610.332,3003683.5782
300619.SZ,20260311,5.2198,1.28,,4.7319,4.6583,,746458.5328,624040.7616
300562.SZ,20260311,2.2337,0.73,40.2267,3.0328,3.1257,1.973,307808.0727,228332.9115
300958.SZ,20260311,3.3627,0.91,,1.8563,3.8641,,231186.454,134297.9048
603888.SH,20260311,1.393,0.76,51.3819,3.9319,6.4663,0.4879,1446638.6322,1446638.6322
300802.SZ,20260311,4.3035,1.08,70.2988,4.3803,7.9476,0.7147,612472.7178,419809.4186
000401.SZ,20260311,0.5133,0.77,,0.4997,0.5368,1.9569,1358348.7736,1344621.985
600191.SH,20260311,1.3877,0.63,164.2023,3.8124,12.4895,,645444.492,645444.492
300355.SZ,20260311,4.4048,0.86,115.4627,1.6042,2.6586,0.093,689824.0948,558341.6519
920299.BJ,20260311,12.2366,0.55,103.1085,8.9449,20.4742,0.3825,259154.2778,127691.7282
300476.SZ,20260311,3.06,0.74,68.371,16.3531,14.4892,0.1037,24850432.2742,24406778.239
300416.SZ,20260311,2.6733,1.0,37.0186,3.3338,4.1272,0.8591,887924.4693,881980.4532
600250.SH,20260311,2.3481,1.02,141.1814,5.6699,4.9506,,360335.6974,360335.6974
605358.SH,20260311,1.6514,0.75,,3.5881,7.2767,,2514308.348,2514308.348
603682.SH,20260311,2.0149,0.76,,4.5404,3.5739,4.6089,338310.0,338310.0
605289.SH,20260311,4.7437,1.01,,11.5804,15.269,,1482502.0,1473390.0
301518.SZ,20260311,17.0132,2.62,72.8563,4.5213,2.5816,0.3163,734621.0508,270168.1977
688298.SH,20260311,0.3711,0.56,,0.7886,4.936,,473356.8,473356.8
603505.SH,20260311,2.3573,1.33,74.2685,10.3158,4.8891,0.4932,1799487.9222,1799487.9222
600573.SH,20260311,1.6253,0.67,36.4633,2.2181,4.8319,0.6552,305250.0,305250.0
300249.SZ,20260311,13.3713,0.83,,24.7471,5.4707,,826795.9647,700920.6527
000059.SZ,20260311,2.6718,0.56,,0.9013,0.2249,0.3169,908483.361,908483.361
600830.SH,20260311,1.8765,1.11,52.614,1.8862,10.2595,0.1613,422520.1547,422520.1547
688061.SH,20260311,2.5199,1.0,,1.7391,6.5306,,408087.1168,159914.9756
600868.SH,20260311,9.0438,1.99,,3.8596,24.1207,,747870.5795,747870.5795
605168.SH,20260311,3.0564,1.66,90.1775,2.8991,2.1026,1.9549,776438.9594,776438.9594
920971.BJ,20260311,6.1868,2.15,85.2653,6.8183,11.6076,0.6669,317891.2061,259250.9761
002202.SZ,20260311,12.9149,1.98,48.1498,3.3262,1.8509,0.4628,12772736.8685,10171239.3649
600052.SH,20260311,1.3976,1.01,,1.3647,5.4419,0.4542,367224.7123,367224.7123
601577.SH,20260311,0.3986,0.9,4.7047,0.5523,1.4728,6.4651,3856670.0501,3855835.5964
301035.SZ,20260311,0.606,1.14,23.3448,3.1908,1.6158,0.9075,2330399.0842,2326861.6242
600125.SH,20260311,2.5255,1.04,16.1999,1.1317,0.7543,2.1116,865561.0025,865561.0025
002535.SZ,20260311,1.212,0.83,117.0973,4.3108,1.9967,,305441.2512,284354.9628
002242.SZ,20260311,0.4981,0.59,51.9089,2.2142,0.9302,1.4911,767595.102,766275.9342
603217.SH,20260311,0.9808,0.69,25.842,1.5584,2.4282,1.3718,523548.4016,523548.4016
601949.SH,20260311,0.8276,0.98,22.348,1.3187,2.2957,1.5269,1271850.6601,1271850.6601
603899.SH,20260311,0.2997,0.58,18.1266,2.6859,0.9808,3.8201,2397285.8913,2397285.8913
000862.SZ,20260311,21.8515,1.07,56.2424,1.679,5.7427,,752722.8507,514933.0122
300048.SZ,20260311,5.0361,0.92,126.6795,5.0673,1.1865,,930845.3195,928938.0227
002976.SZ,20260311,7.519,2.45,3169.5323,2.8776,2.1235,,426497.2573,189929.8671
300030.SZ,20260311,2.3209,0.75,,4.1514,5.1441,,261881.6558,230575.4644
920187.BJ,20260311,15.2629,,16.652,1.9641,2.5279,,245544.0,82453.5414
300387.SZ,20260311,3.8278,0.63,34.0045,1.8862,2.1188,0.7231,279807.1934,279710.0324
603687.SH,20260311,2.6884,1.04,48.1973,1.6927,2.4973,0.5778,551681.9596,551681.9596
002722.SZ,20260311,1.1716,0.73,24.7302,1.2276,1.5193,1.3495,350903.0318,350879.3618
301297.SZ,20260311,0.9288,0.63,112.4407,5.2316,11.4187,0.4391,2701486.9187,1319424.2339
002111.SZ,20260311,1.3166,0.67,79.7249,1.9557,1.8575,1.5993,577763.2846,522638.5165
600229.SH,20260311,0.407,0.57,,1.3214,1.9699,1.1058,418228.0273,418228.0273
920351.BJ,20260311,7.2515,0.5,103.8281,4.5469,1.0258,0.4425,198960.0921,89643.6684
688099.SH,20260311,2.2082,0.92,42.2742,5.0149,5.4217,,3683093.2857,3683093.2857
300352.SZ,20260311,16.6779,1.7,,9.2366,44.6486,,1138111.9083,1002139.5424
600248.SH,20260311,1.1129,1.33,12.4896,0.4788,0.1013,2.4324,1383702.0558,1371123.5358
605066.SH,20260311,4.7794,0.75,37.1852,2.5558,1.5802,2.7757,456294.113,454199.545
301502.SZ,20260311,2.8745,0.62,81.1455,3.2259,6.2459,0.745,268178.283,110811.726
003018.SZ,20260311,12.6794,0.74,59.7139,4.4467,8.5794,1.1009,708500.0,266992.5706
301601.SZ,20260311,1.0118,0.93,91.553,3.0084,7.4019,0.6623,381824.64,229616.64
603556.SH,20260311,1.4495,0.84,21.8834,2.7977,4.412,1.6371,2063218.8733,2063218.8733
002727.SZ,20260311,0.8788,0.53,85.6731,1.0564,0.4439,3.7136,772997.445,524452.4116
002959.SZ,20260311,0.4202,0.66,18.6368,2.3722,1.2407,2.3511,658864.131,636392.1969
688435.SH,20260311,10.581,1.77,,3.9656,23.0651,,434784.5,291842.7171
001270.SZ,20260311,2.8392,0.92,280.1771,17.2704,60.9597,,2543251.7634,2510981.0832
002159.SZ,20260311,4.8543,0.9,27.8666,2.3775,5.4136,1.2749,347687.8983,271544.696
688127.SH,20260311,2.9766,0.87,66.4787,11.794,16.8065,0.3124,2581509.372,2581509.372
603192.SH,20260311,1.0517,0.74,34.6036,1.9914,1.7511,1.2268,431457.898,359389.8719
603893.SH,20260311,1.1138,0.92,71.3678,17.7455,17.724,0.5477,7298999.4315,7296953.4295
688257.SH,20260311,3.2653,0.88,86.2187,8.6177,8.1574,0.3121,2039965.5293,2039965.5293
300340.SZ,20260311,2.2547,1.23,,,1.7313,,333372.8052,330890.305
000880.SZ,20260311,8.2969,0.74,64.9422,7.1759,2.6282,0.5835,1476430.8577,722626.3044
605286.SH,20260311,6.5024,1.81,36.901,3.8106,3.6642,0.3738,809088.0,809088.0
603915.SH,20260311,0.9559,0.58,41.2951,3.0931,4.2136,1.4144,1116275.216,1116275.216
300510.SZ,20260311,6.8432,0.7,,1.8863,4.3119,,418118.1849,418118.1849
301226.SZ,20260311,7.2693,0.95,141.907,4.4435,7.9212,0.2686,405062.4,405062.4
600337.SH,20260311,2.0422,0.94,,1.4465,1.156,,363560.5287,363560.5287
920179.BJ,20260311,3.5024,0.8,144.9371,4.495,11.9151,0.2667,337365.0,268733.133
688580.SH,20260311,4.4937,1.61,43.809,3.5385,12.9358,1.2792,598570.55,598570.55
300849.SZ,20260311,2.844,0.83,,5.3862,10.1993,,317400.0,257026.3367
002633.SZ,20260311,6.4008,1.51,515.7234,7.2609,9.8345,,309000.0,307802.625
301607.SZ,20260311,6.323,1.34,53.0524,6.9378,2.3886,0.0253,790623.5697,568957.7431
300543.SZ,20260311,1.4618,0.52,93.1694,2.2835,2.0431,0.9149,334863.8681,273467.2971
920992.BJ,20260311,1.7101,0.94,81.0011,2.4761,5.0161,0.5,154769.4944,77628.7728
002309.SZ,20260311,5.4733,0.93,,5.7056,5.5976,,1061705.8809,849364.7047
688309.SH,20260311,8.0094,1.65,123.8998,5.7643,15.1335,0.1569,445202.9153,445202.9153
002800.SZ,20260311,4.8544,0.54,,7.506,3.2505,0.1236,369518.1936,355246.7856
000755.SZ,20260311,0.4338,0.61,17.1281,1.4931,5.1129,3.6101,812889.8486,812889.8486
002996.SZ,20260311,3.5895,0.76,37.4816,1.6998,0.3559,0.6049,546260.4582,331106.5615
688486.SH,20260311,0.8705,0.69,53.365,6.0754,16.1461,0.7738,917427.7798,917372.1745
600012.SH,20260311,0.5375,1.05,13.0821,2.0249,3.3878,4.0977,2518464.4444,1718094.4
002405.SZ,20260311,3.9354,1.01,,3.1673,7.1394,,2605343.0466,2589080.4897
600105.SH,20260311,9.3464,1.21,124.9163,12.8126,8.7279,0.2986,4162299.2013,4162299.2013
601999.SH,20260311,0.7484,0.75,29.5247,1.5076,1.7212,0.8276,399413.1575,399413.1575
603969.SH,20260311,1.5043,1.06,25.2656,3.2298,2.6154,0.796,861630.72,848027.442
002216.SZ,20260311,1.9828,0.66,20.0838,2.4119,1.678,2.4155,1091946.5876,782963.0162
600547.SH,20260311,0.8924,0.55,44.9675,7.3523,2.1927,0.6832,21772697.1466,17071015.9279
001382.SZ,20260311,9.4285,0.62,74.7353,5.7174,2.9926,1.1322,909696.0,136896.0
002522.SZ,20260311,7.4881,2.12,75.8433,2.5393,3.568,0.3864,586039.2634,585547.8617
300861.SZ,20260311,3.0234,1.0,571.2217,1.8846,6.2818,2.0108,1192516.781,748810.178
600561.SH,20260311,1.4376,0.81,,2.2334,1.3407,,202263.0048,202263.0048
300368.SZ,20260311,2.5664,0.99,,34.3803,47.1444,,640550.5482,640550.5482
000553.SZ,20260311,0.8488,1.36,,0.7803,0.4857,,1439823.6714,1345430.4719
601600.SH,20260311,2.0976,0.68,16.7994,3.3591,0.9987,1.8482,23948339.9725,18390017.7787
300631.SZ,20260311,2.1439,0.77,44.5999,2.7651,5.9746,0.6211,362375.8428,349182.718
603199.SH,20260311,1.4243,0.67,21.443,2.8216,5.2928,1.6469,456997.72,456997.72
301522.SZ,20260311,3.0064,0.88,118.8973,7.1289,5.5476,0.3226,1348760.4012,1020698.2512
688189.SH,20260311,1.1,0.7,,2.8519,15.7377,,223361.6,223361.6
000301.SZ,20260311,0.7727,0.83,,2.34,0.6435,,7821085.465,7817921.4463
920002.BJ,20260311,2.3132,1.06,67.627,5.9516,12.0019,0.3788,423860.1469,296730.3403
002164.SZ,20260311,1.7096,0.86,113.3453,4.8779,4.6798,,698744.0537,629944.8612
301077.SZ,20260311,2.7388,1.01,34.2036,4.481,6.5659,2.8064,513128.165,287829.7317
300248.SZ,20260311,1.8087,0.85,60.5093,2.7269,5.9593,0.6584,578763.2975,497072.4274
605298.SH,20260311,2.6503,1.28,127.6355,9.4153,17.3516,0.2868,982643.35,974278.981
603948.SH,20260311,0.9689,0.81,21.5319,2.2409,2.1576,3.4542,470406.1385,470406.1385
002796.SZ,20260311,9.3917,1.02,1284.4512,19.5398,18.0299,,1672940.4983,1509477.6777
600655.SH,20260311,0.2585,0.67,,0.5577,0.4902,3.8249,1922874.3869,1921584.0589
600307.SH,20260311,2.1093,1.44,,1.7382,0.3605,,1183774.5531,1183774.5531
601006.SH,20260311,1.4701,1.7,16.2144,0.6553,1.4122,4.1045,10798887.2558,10798887.2558
603828.SH,20260311,1.0463,2.39,,6.4561,2.1458,,415980.1903,415965.8583
603955.SH,20260311,1.0684,0.98,,2.538,19.9152,0.1751,387616.32,387616.32
002763.SZ,20260311,1.4309,0.89,41.7605,1.7505,1.0868,5.6462,326709.428,241968.5624
603711.SH,20260311,0.3503,0.66,36.8124,1.6302,1.7751,1.9172,538387.8264,538387.8264
600982.SH,20260311,4.1626,1.17,17.914,1.3403,1.5327,2.8409,590107.3121,590107.3121
300921.SZ,20260311,16.6982,1.48,150.9,6.3419,9.3028,0.248,525293.2178,327815.6495
920275.BJ,20260311,0.9235,1.0,298.553,5.8229,17.6996,0.7034,135949.0928,112523.0864
300953.SZ,20260311,8.2934,1.89,62.662,7.2295,3.5515,0.0829,3092240.5551,2220249.3446
600246.SH,20260311,2.0217,0.63,,3.7847,43.9212,,2110084.3989,2052987.9489
600739.SH,20260311,0.7838,0.8,21.4177,0.6282,1.6616,0.1648,1847889.4577,1847889.4577
300790.SZ,20260311,4.0422,0.68,43.4433,4.0202,3.3253,0.5381,1034813.1014,897908.637
300054.SZ,20260311,2.4142,1.05,63.324,8.4854,11.6438,0.2247,4203394.2439,3270502.2242
688049.SH,20260311,2.4588,1.02,43.3146,4.3316,9.6075,0.5734,886173.1414,886173.1414
301069.SZ,20260311,2.098,0.87,87.9436,4.7738,10.446,0.4003,1050911.0371,989689.4371
688130.SH,20260311,3.4064,1.43,,2.3864,17.0279,,295578.7248,147397.0548
688319.SH,20260311,1.849,0.77,554.7721,12.8814,17.5153,,1233355.056,1232444.272
688395.SH,20260311,1.6321,1.18,59.0252,3.0525,5.3946,0.5439,238836.5118,238836.5118
600963.SH,20260311,2.8787,0.83,,1.3807,1.2129,0.504,1051025.5767,1051025.5767
600599.SH,20260311,0.2035,0.22,,6.6154,2.8441,,76692.0,76692.0
688720.SH,20260311,3.6448,0.83,119.8088,5.8711,10.1711,,604594.6712,386796.4489
600284.SH,20260311,1.58,1.18,20.5559,0.9811,0.5254,2.2785,766502.24,766502.24
000651.SZ,20260311,0.5007,0.91,6.6824,1.525,1.1788,7.9135,21173313.701,20847288.0055
300931.SZ,20260311,3.8577,0.86,,4.9944,7.3767,,319874.472,246387.2834
301528.SZ,20260311,1.7573,0.85,66.2057,2.6093,20.2256,0.2514,398883.6,205241.1229
301167.SZ,20260311,2.6016,0.68,92.0626,2.169,5.9636,0.3286,204512.0,129861.2781
001286.SZ,20260311,2.1434,0.83,14.126,1.5797,1.8237,3.2638,4136250.0,1158150.0
600203.SH,20260311,1.6565,0.67,,4.0943,0.5847,0.1671,709806.7342,709806.7342
000852.SZ,20260311,4.6567,0.59,395.6702,2.4291,1.0565,,761906.2481,753753.8124
002390.SZ,20260311,1.0317,0.7,84.4419,0.9649,1.1358,1.7473,651190.3758,645819.1084
300708.SZ,20260311,23.3845,1.01,53.0899,3.935,3.4289,,1109797.7002,839236.8482
301171.SZ,20260311,6.2415,1.04,98.1759,6.3058,6.7241,0.2315,2360373.2968,1905206.5329
301662.SZ,20260311,10.5136,1.21,106.3733,9.2765,8.0317,0.5979,1338080.0,278116.9508
001309.SZ,20260311,13.5433,1.17,98.4198,20.7209,6.279,0.0716,6774518.7305,4804398.893
603416.SH,20260311,0.8785,0.71,35.3884,3.2634,4.4139,2.7604,829691.9822,735213.6
000550.SZ,20260311,0.7007,0.99,13.2243,1.3427,0.4011,3.9121,1571049.48,943602.9512
300173.SZ,20260311,1.9258,1.06,61.871,3.6181,2.5135,,349729.4322,349729.4322
002455.SZ,20260311,6.6531,0.36,812.5779,5.0229,1.4778,0.4073,875342.6541,764825.3393
600512.SH,20260311,2.5132,1.01,150.0154,0.6517,1.0443,0.7782,409609.4216,407963.1269
601877.SH,20260311,4.0301,1.26,19.4151,2.0237,1.3712,1.4544,8845156.3052,8845156.3052
600126.SH,20260311,2.7611,0.59,,1.5707,0.5027,,3063110.4983,3063110.4983
300151.SZ,20260311,3.5381,0.91,140.9654,6.2688,9.7274,0.4105,972893.6269,673304.5183
000726.SZ,20260311,1.3165,0.77,9.9101,0.6453,1.0344,2.6385,619518.6454,446551.2833
002813.SZ,20260311,1.0737,0.81,,12.9142,7.7404,,322320.0,321933.4175
002274.SZ,20260311,5.532,1.04,,1.1976,0.9944,4.3924,650465.0532,640550.9558
601228.SH,20260311,0.428,0.72,30.135,1.2687,1.7632,1.0924,2693397.6923,2693397.6923
601326.SH,20260311,0.7323,1.0,12.2689,0.9779,2.8305,2.3944,1983531.26,1688933.445
300587.SZ,20260311,4.3305,1.65,,3.6518,5.5018,0.3999,875033.1692,709005.8824
688070.SH,20260311,3.0298,0.64,446.0347,8.1722,8.3622,,519349.4,519349.4
002997.SZ,20260311,0.9053,0.9,15.4762,2.881,2.1212,1.3445,700598.4748,700598.4748
002170.SZ,20260311,6.2755,0.92,15.3014,3.8847,2.9103,3.1132,1364414.6394,1106271.2303
300075.SZ,20260311,1.2735,0.75,,2.4681,16.0381,,860265.2688,713882.2893
000820.SZ,20260311,1.0713,0.93,,14.5042,22.3837,,215949.4298,99186.9369
000901.SZ,20260311,2.8197,0.83,168.6485,4.605,3.3162,,1989916.1052,1989896.0988
300264.SZ,20260311,9.0885,1.13,,463.5952,27.2678,,451107.8213,387839.1138
688456.SH,20260311,3.0696,0.91,89.0981,4.9841,1.6191,0.3281,631807.7,631807.7
300796.SZ,20260311,2.2462,0.86,,2.0534,2.4074,,353197.7288,353197.7288
688506.SH,20260311,0.5003,1.13,,16.8179,44.205,,11140161.3303,10819782.0
605007.SH,20260311,6.85,1.35,38.842,2.445,0.9694,1.4223,838236.2653,707536.4741
000838.SZ,20260311,4.3277,1.65,,6.5988,9.2107,,270713.6938,259226.4003
603052.SH,20260311,4.8596,1.19,334.6812,10.4982,12.7869,0.2903,1142039.68,1142039.68
920168.BJ,20260311,15.3085,0.86,23.2418,2.2924,2.5958,,186054.165,69731.9222
300748.SZ,20260311,2.44,0.79,79.5859,7.1701,6.8121,0.8493,4851703.4505,3987888.5136
001326.SZ,20260311,7.9752,1.38,182.7529,4.0384,3.3047,0.4183,489927.6,161323.581
001279.SZ,20260311,1.3508,0.77,91.4341,5.3472,3.7232,0.5622,533600.0,133400.0
002126.SZ,20260311,3.9275,0.99,51.2742,6.4529,2.9983,0.2278,4363860.6278,4092284.8123
301479.SZ,20260311,17.3683,1.54,45.323,6.8166,5.1667,1.0905,874084.3967,206341.8597
920735.BJ,20260311,1.5864,0.68,17.157,3.1104,3.843,0.885,406499.9054,359518.8054
600366.SH,20260311,2.5741,0.81,48.7194,2.4025,2.7755,0.3659,1470516.9262,1470516.9262
600350.SH,20260311,0.1987,0.96,14.1392,1.5768,1.8343,4.3523,4665360.8461,4665360.8461
688320.SH,20260311,1.8482,1.06,,4.1656,4.9658,,510426.1978,510426.1978
688819.SH,20260311,0.487,1.33,19.4526,1.813,0.6757,1.2851,3094194.3,3094194.3
688170.SH,20260311,9.0004,1.0,217.036,4.3503,6.9476,,546774.4,546774.4
600601.SH,20260311,1.5508,0.74,125.8465,10.2867,10.3422,,4581452.3749,4470554.4037
603778.SH,20260311,22.4102,1.36,,18.7924,9.2508,,1367128.8938,1338428.5696
603927.SH,20260311,0.7588,0.68,63.4055,4.8163,2.1738,2.1417,1513323.84,1513323.84
920111.BJ,20260311,4.5729,0.68,32.7473,4.3245,3.2853,0.7651,405573.863,196803.1588
603107.SH,20260311,0.6002,0.58,26.6566,2.3903,2.2496,2.0,506002.5,327260.997
000006.SZ,20260311,1.4501,0.68,,2.2839,3.5811,,1232545.477,1232538.4925
600635.SH,20260311,3.9776,0.39,32.3329,2.0766,3.0762,0.5643,1883653.3227,1543189.0887
000797.SZ,20260311,1.1063,0.67,,0.9454,1.0856,,477509.282,477454.0306
002251.SZ,20260311,2.2996,0.87,,1.5168,3.0363,,1244867.956,996594.5911
605005.SH,20260311,0.9461,1.33,35.8143,3.8953,4.2997,1.0091,794782.0,794782.0
002842.SZ,20260311,19.7173,0.9,,11.4823,6.2202,,1282515.8942,1052372.2513
301408.SZ,20260311,3.6017,0.76,40.4951,3.6031,1.4651,0.5297,755218.88,432275.3529
600390.SH,20260311,0.6457,0.79,598.7946,0.5956,42.0427,0.107,2523414.7225,2523414.7225
688617.SH,20260311,0.5576,0.94,40.3858,10.7302,12.8262,0.5135,3314206.1515,3314206.1515
603369.SH,20260311,0.334,0.74,12.7274,2.2167,3.4902,4.0886,3659358.1086,3659358.1086
300657.SZ,20260311,8.6323,1.08,175.1434,12.926,2.3256,,1622352.7988,1576515.6672
603409.SH,20260311,9.0667,2.47,31.0778,3.3119,4.0361,1.2755,494037.6,141764.0874
600992.SH,20260311,1.4708,0.72,,2.3932,1.5935,,333322.4,333322.4
300012.SZ,20260311,1.364,0.92,27.0859,3.5753,4.1822,0.939,2672331.2038,2273650.2645
601601.SH,20260311,0.4798,0.86,7.2552,1.3365,0.8663,2.7356,37981108.0643,27024223.6643
002539.SZ,20260311,5.0373,1.09,23.0153,2.0144,0.9072,1.2953,1864725.4885,1360576.2045
300582.SZ,20260311,2.8013,0.62,,3.707,2.0524,0.2279,491092.5228,364433.0746
600895.SH,20260311,1.0072,0.74,54.4474,4.4769,25.7051,0.5752,5923737.5288,5923737.5288
603933.SH,20260311,1.4541,0.92,271.9878,3.5242,2.189,0.2677,465107.3926,465107.3926
605566.SH,20260311,1.331,0.96,118.6899,1.8186,4.5303,0.365,363351.5,363351.5
300219.SZ,20260311,7.7571,0.76,88.6258,2.269,1.3494,1.3923,584761.336,583691.984
002338.SZ,20260311,1.1412,0.81,212.9288,9.2385,17.1595,0.1145,1257840.0,1257840.0
301396.SZ,20260311,31.8669,1.56,306.291,14.9736,9.6622,0.0686,1918662.3024,950861.2629
000783.SZ,20260311,0.8097,0.87,11.108,1.1778,4.0006,1.9789,4191795.2946,4191795.2946
600193.SH,20260311,1.5458,1.0,,21.8766,,,194820.834,194820.834
600690.SH,20260311,0.7336,1.14,11.2705,2.0178,0.745,4.8522,23622249.0884,15751378.5673
002029.SZ,20260311,1.4658,0.88,16.5418,1.0954,2.515,0.9019,747324.9492,705330.3165
301197.SZ,20260311,5.3966,0.85,68.7576,2.2042,6.9819,0.4118,283148.46,255451.9883
300821.SZ,20260311,4.9149,1.54,,3.4116,4.0203,0.1078,1670400.0,1670108.724
920425.BJ,20260311,2.5916,0.78,48.906,6.1415,13.4181,0.615,164785.601,137552.4913
300457.SZ,20260311,2.7551,1.62,52.2218,2.4978,1.8304,0.4624,1616174.4671,1587408.6629
920339.BJ,20260311,1.492,0.35,51.5819,3.3943,3.7085,1.0688,205450.1454,141048.267
688291.SH,20260311,2.743,1.18,121.8841,4.746,17.9243,0.3701,454197.4808,454197.4808
920809.BJ,20260311,5.3822,2.07,,2.8244,1.2655,,442098.9,338821.0752
000960.SZ,20260311,2.7668,0.67,33.726,3.2544,1.3627,0.768,6428702.6365,6428702.6365
300651.SZ,20260311,10.9311,1.27,104.8851,3.9555,11.3394,0.7913,422499.3865,261599.6138
601872.SH,20260311,2.7254,0.73,26.1236,3.2731,5.0988,1.3865,13161497.7583,13161497.7583
002526.SZ,20260311,2.2973,0.8,60.1311,2.1173,3.1389,0.2611,682810.0392,678325.3398
300442.SZ,20260311,3.8201,0.85,29.9017,10.9946,30.4854,0.5788,14892138.6372,14837743.9882
688278.SH,20260311,0.5261,1.07,27.2353,8.1778,7.6478,0.8924,2826303.9595,2826303.9595
920414.BJ,20260311,11.9986,1.57,,4.1643,18.5469,,115315.8553,81088.1908
000686.SZ,20260311,0.6927,0.83,13.8035,1.0276,3.4763,1.9653,2024491.7715,2024491.7715
000893.SZ,20260311,2.2053,0.92,34.199,4.7022,12.4475,,6139396.0864,5393666.1317
600208.SH,20260311,1.3133,1.55,,0.7317,8.9204,,3046200.8064,3045855.5286
000036.SZ,20260311,1.843,0.71,187.7095,1.4307,17.4318,,727178.0996,725796.2092
600872.SH,20260311,0.7843,0.5,20.5591,2.5168,3.029,2.2721,1432456.9795,1418617.828
601008.SH,20260311,1.7764,0.42,41.7787,1.5557,2.5006,1.1605,641409.8491,641409.8491
603383.SH,20260311,0.9183,0.69,34.3317,4.7426,10.7195,2.4413,673027.1763,673018.3284
300565.SZ,20260311,9.9172,0.76,,6.1911,5.4415,,348337.9337,318346.1773
920375.BJ,20260311,36.0568,1.29,230.5129,2.7408,3.0121,,213338.5436,127430.477
688277.SH,20260311,2.628,1.4,,9.5795,40.1327,,1136788.1408,1136788.1408
688686.SH,20260311,0.9048,0.93,66.0445,3.9601,9.5416,0.2517,1210864.4172,1210864.4172
002057.SZ,20260311,1.7856,0.72,35.6614,2.6445,2.749,1.1071,844349.7507,843835.9059
002233.SZ,20260311,0.8818,1.09,17.9629,0.948,2.7732,4.6392,1138925.9928,1138074.6238
688332.SH,20260311,0.7839,0.64,10.9018,2.9207,8.3836,0.7792,1543898.1564,1543898.1564
301376.SZ,20260311,2.011,1.17,21.6715,2.1329,0.8379,2.2569,710357.7409,341779.6726
300488.SZ,20260311,6.6883,2.27,41.6174,3.7441,8.9205,0.5495,610899.9952,508649.1777
301185.SZ,20260311,2.549,1.01,44.456,3.022,15.4838,1.4231,323404.3008,294846.7252
600029.SH,20260311,0.9592,0.99,,3.1119,0.6503,,11524907.8567,8571325.5688
000519.SZ,20260311,4.264,0.79,,2.6679,5.1667,,2725237.9278,2725237.9278
002379.SZ,20260311,1.9649,0.78,,6.2494,138.1868,,40813462.2087,3559122.5944
920009.BJ,20260311,4.5934,2.14,43.0823,6.1797,17.3339,,418416.06,54388.8
300649.SZ,20260311,3.8212,1.46,,4.0318,13.1131,0.3285,201538.0789,161509.7909
920132.BJ,20260311,3.6075,0.44,75.0787,5.1621,4.6292,0.5428,137322.192,46531.6059
688418.SH,20260311,3.3295,0.82,,9.2993,9.2785,,812965.6647,812965.6647
605008.SH,20260311,0.3131,0.95,1075.965,4.1168,2.0382,,828769.7772,828769.7772
603777.SH,20260311,2.7246,0.88,,2.7424,1.1745,,434751.4158,434751.4158
000596.SZ,20260311,0.6985,1.07,12.5799,2.387,2.843,5.3291,5951507.4,4600427.4
600195.SH,20260311,1.286,0.51,37.7625,1.4163,1.2892,0.29,809770.5702,809770.5702
600456.SH,20260311,2.2625,0.72,45.1308,2.5969,3.0385,0.9934,1875754.6181,1875754.6181
300680.SZ,20260311,3.0806,0.95,36.333,5.1531,3.9826,0.4446,1021078.8938,788458.2198
603213.SH,20260311,0.3034,0.5,65.9023,3.2781,2.1297,1.8919,609037.9052,609037.9052
301567.SZ,20260311,6.6758,0.92,117.701,4.6459,8.6355,0.3731,347400.0,102482.2763
000895.SZ,20260311,0.2679,0.88,18.5315,4.7124,1.5863,5.0891,9531282.997,9530047.6714
603882.SH,20260311,0.9856,0.82,,2.0635,2.1689,3.0769,1324918.6665,1315984.8902
000590.SZ,20260311,1.4687,0.63,,5.0199,8.3252,,292873.3595,292751.2552
301380.SZ,20260311,2.0641,0.93,61.7261,4.9371,3.2609,0.6811,359334.7826,286137.648
600219.SH,20260311,1.6618,0.51,16.5101,1.7405,2.3725,5.303,8440520.6459,8440520.6459
000731.SZ,20260311,8.0618,0.71,57.9044,1.1123,0.9872,3.4505,434670.1128,434670.1128
688046.SH,20260311,0.5169,0.45,43.6697,2.8284,7.9493,0.908,630580.0,630580.0
000818.SZ,20260311,6.9245,0.82,,6.8523,3.7535,,1582680.0935,1578391.0307
603155.SH,20260311,10.9763,1.61,62.0114,2.6888,9.5017,2.9746,583889.7932,583889.7932
301327.SZ,20260311,11.4654,2.49,50.0477,1.7968,2.5236,1.2794,1114122.4835,487374.3615
002080.SZ,20260311,1.9764,0.83,43.8543,3.9421,2.6781,0.4883,7732793.4751,7732793.4751
300715.SZ,20260311,2.27,0.57,,2.8554,2.224,,530789.8237,469159.0619
603968.SH,20260311,4.3924,0.79,,1.592,1.0471,,287498.88,287498.88
600308.SH,20260311,1.4974,0.76,,0.6986,0.4973,0.1855,641636.0844,641636.0844
605188.SH,20260311,0.6859,0.82,1451.635,7.3481,3.1256,0.0572,867070.771,867070.771
920005.BJ,20260311,5.9145,3.45,54.2279,5.0686,7.2225,1.5221,327186.0,84753.0
000656.SZ,20260311,0.527,0.6,,,1.2648,,1478137.3468,1057810.8161
002931.SZ,20260311,11.6189,1.58,684.6437,17.9591,33.3977,0.064,1706530.7354,1571790.0537
600391.SH,20260311,7.9701,1.18,341.0135,8.6978,3.5369,,1526848.3224,1526848.3224
300065.SZ,20260311,13.9932,0.75,541.9813,11.6587,28.8704,,2049892.7536,1866228.0895
600698.SH,20260311,1.2823,1.0,1991.0071,10.789,16.8643,,831400.1555,646091.4545
002836.SZ,20260311,1.3536,1.01,57.4479,8.6691,7.6324,1.7035,327398.4,327398.4
300673.SZ,20260311,1.7133,1.05,29.0459,2.2195,2.8735,2.0563,409538.4959,265677.7601
603009.SH,20260311,3.0152,0.75,178.8007,9.1847,8.1059,0.1557,1846950.4936,1804396.628
600662.SH,20260311,0.4416,0.64,11.5007,2.5214,0.5096,4.3089,1271885.7579,1267994.4094
002562.SZ,20260311,4.4831,0.62,70.8312,2.1119,2.1784,,777118.9036,477039.5724
300459.SZ,20260311,3.0247,1.0,,7.9213,17.0832,,1659462.7632,1551555.3103
002180.SZ,20260311,0.3857,0.55,,2.873,1.2808,,2757023.2317,2646920.7581
300833.SZ,20260311,3.1427,0.82,25.9626,1.9061,4.3228,3.5665,461057.8725,296176.1882
600218.SH,20260311,3.2536,0.87,53.6215,1.4952,1.1394,0.7181,485258.3098,485258.3098
601106.SH,20260311,1.0825,0.76,,6.3067,3.4845,,3326024.7196,3326024.7196
002598.SZ,20260311,1.4633,0.64,98.934,2.5587,1.5489,0.994,313919.4279,283132.4336
688197.SH,20260311,1.5047,0.52,,8.5404,670.1945,,580897.7538,250003.0691
688478.SH,20260311,2.1796,1.07,,3.1747,21.1121,0.7143,479715.2548,358520.6186
600785.SH,20260311,3.6888,1.12,32.7856,1.9221,0.7219,1.8041,437724.6832,437724.6832
603123.SH,20260311,8.2416,0.98,,5.9643,4.8595,,1090275.5477,890356.6704
600633.SH,20260311,2.2717,0.91,29.4171,1.6483,5.4601,1.81,1681466.7499,1681466.7499
003038.SZ,20260311,6.2864,1.47,105.1102,1.3642,0.4779,,409408.8852,274220.6628
301301.SZ,20260311,1.5193,0.58,26.2616,3.1006,5.1869,2.4469,2457553.67,680796.1574
688292.SH,20260311,6.4725,1.75,,4.4787,11.8159,0.4137,454302.6154,454302.6154
603912.SH,20260311,6.7643,1.03,,3.0996,6.5063,0.7984,542926.6018,542926.6018
688276.SH,20260311,0.2982,0.83,,2.0363,13.2175,0.8937,782226.5178,782226.5178
002901.SZ,20260311,0.5099,0.89,34.6154,5.6186,7.5514,1.0845,1874680.3232,1306221.1301
002544.SZ,20260311,1.3223,0.86,1919.472,5.3931,4.2828,0.028,2015060.8483,2014868.8452
603330.SH,20260311,1.9961,1.02,,2.1403,3.2463,,326668.605,326668.605
601375.SH,20260311,0.8988,0.73,41.8923,1.3844,10.7669,0.5869,1977868.8822,1468643.3922
301575.SZ,20260311,3.786,1.17,33.0282,3.0806,3.8123,,422949.6,84953.6557
603291.SH,20260311,5.1466,0.64,61.0633,2.8036,4.2498,1.2777,496860.9891,152553.1724
000779.SZ,20260311,3.3495,1.08,21.4934,1.129,2.2074,0.8333,446236.2739,446183.7523
301024.SZ,20260311,2.0146,0.99,,6.3451,18.4641,,253704.15,245624.4
300063.SZ,20260311,10.7064,1.2,73.3782,5.3863,1.3487,,936781.0303,773794.7371
002864.SZ,20260311,3.0505,0.86,29.9425,2.1427,3.285,1.0273,360823.8592,251877.5216
300055.SZ,20260311,7.8039,0.68,163.5401,1.7556,3.4541,0.1384,907036.5729,686008.6889
603983.SH,20260311,0.5742,1.13,32.2449,3.4685,3.2239,2.6901,1117988.0,1117988.0
688517.SH,20260311,3.822,0.82,33.0692,3.2763,3.6768,2.7773,268581.5197,268581.5197
300494.SZ,20260311,2.7687,0.79,,4.2853,5.0527,,617061.6756,501121.8695
300010.SZ,20260311,2.0944,0.72,122.5613,8.1132,14.8213,,1446628.8613,1164332.8074
688286.SH,20260311,2.4568,0.85,109.6617,3.8289,6.6114,,410245.4115,410245.4115
603179.SH,20260311,1.7762,0.87,43.8028,5.5905,2.6553,0.3653,4002063.1506,4002063.1506
002414.SZ,20260311,1.326,0.72,742.1291,9.0552,15.951,,6273711.3427,4992561.6611
002021.SZ,20260311,3.6588,0.81,,6.8025,5.0865,,423198.9723,423185.0134
002755.SZ,20260311,0.7215,0.89,53.8974,4.3152,7.5692,0.8054,1382958.923,1382945.8482
300278.SZ,20260311,1.4327,0.96,640.6324,4.4254,3.2607,,766326.4873,763919.2876
688069.SH,20260311,2.1926,0.96,56.9024,2.375,5.6569,1.466,297642.0,297642.0
688695.SH,20260311,2.1008,1.07,,3.0162,14.9336,0.5067,234996.9574,141656.783
688601.SH,20260311,6.494,0.99,200.874,5.7496,9.3353,0.7402,717395.0282,717395.0282
603315.SH,20260311,5.0314,1.3,108.3074,3.0199,4.3434,0.5185,512906.3887,512906.3887
688299.SH,20260311,3.0382,1.16,,2.8505,5.1314,,553806.1067,553806.1067
300975.SZ,20260311,10.8279,1.55,72.2571,5.0339,1.4201,0.0715,1146612.3531,821270.3193
300941.SZ,20260311,2.8701,0.89,107.1901,3.5837,19.8457,0.564,457002.0,237235.037
920896.BJ,20260311,1.1459,0.78,31.4679,4.3742,4.3643,1.5576,194957.8862,85326.9713
600426.SH,20260311,2.1874,1.08,26.4377,2.6523,2.6176,1.3661,8533087.1946,8518095.8825
002942.SZ,20260311,2.6292,1.41,38.8249,2.7367,3.2243,1.3895,336497.2709,296233.7841
002040.SZ,20260311,5.1041,0.5,29.8339,1.587,5.1434,0.8559,541621.1534,539543.744
688185.SH,20260311,1.4978,0.81,627.9636,3.5334,16.3901,,1750305.3301,810332.0036
300006.SZ,20260311,1.8418,0.59,,2.9518,7.0393,,542738.3594,542691.9416
300694.SZ,20260311,1.7779,0.76,90.4979,2.0337,2.0331,0.6071,283710.9814,283710.9814
002822.SZ,20260311,1.5541,1.42,,4.8134,6.339,,665271.2902,365071.3155
688165.SH,20260311,0.9995,0.71,,8.1578,10.725,,993469.12,993469.12
600791.SH,20260311,2.8677,0.71,,9.5042,0.9324,,374984.64,374515.7403
301446.SZ,20260311,5.398,1.26,53.8488,3.9917,8.775,0.4415,471120.0,143927.16
920045.BJ,20260311,5.9445,0.8,87.0543,26.2683,11.8595,,2627561.7528,776922.851
002429.SZ,20260311,7.3651,1.85,39.4506,2.958,2.6872,0.9981,4852880.3307,4850084.9953
000869.SZ,20260311,0.3112,0.96,48.907,1.2747,4.113,2.0094,1314480.256,910208.59
001367.SZ,20260311,2.7897,0.64,28.6572,2.4714,6.9528,0.4918,354825.9448,92455.9456
603166.SH,20260311,0.8573,0.64,33.4906,3.7461,4.9082,0.6649,957499.9154,950181.3104
600156.SH,20260311,3.4265,1.48,,8.7865,3.6956,0.1159,347021.5358,347021.5358
002549.SZ,20260311,3.2803,0.63,235.7389,6.8526,21.9853,,1417119.0222,1411028.714
002373.SZ,20260311,1.5145,0.77,,1.4968,2.407,0.1846,1708183.4604,1489179.2502
603860.SH,20260311,1.5721,0.93,50.5799,2.7746,8.8175,0.503,221777.68,221777.68
002003.SZ,20260311,1.4305,1.04,18.566,2.612,2.4885,3.9249,1191267.4323,1024145.0697
603230.SH,20260311,0.5873,0.96,17.0004,1.4847,2.4312,4.0886,415036.002,415036.002
301289.SZ,20260311,0.987,0.92,52.8773,4.6699,13.8462,0.6929,461526.0,458572.8253
000920.SZ,20260311,5.9601,1.34,28.3363,3.501,3.4765,1.4276,685300.6211,685267.9961
300019.SZ,20260311,5.2309,1.4,31.929,3.31,2.3922,1.3141,897485.4261,770599.0166
300024.SZ,20260311,1.1271,0.8,,6.0135,6.5796,,2583272.9175,2540879.3916
920061.BJ,20260311,2.0698,0.94,422.1251,7.0592,20.5195,0.5099,197150.15,102388.854
300772.SZ,20260311,2.8464,1.63,36.3792,2.4754,0.6111,0.2888,1635069.531,1450073.9061
600392.SH,20260311,4.1296,0.89,51.8116,3.5352,3.4397,0.5626,4673035.6356,4673035.6356
600475.SH,20260311,3.9939,1.17,36.854,2.4315,2.4473,2.0361,2090697.0493,2062091.0893
688543.SH,20260311,5.9884,0.5,60.2027,6.1693,10.5654,1.0512,1490087.8698,827389.0698
000898.SZ,20260311,0.756,0.88,,0.5244,0.2424,,2398520.642,2037080.6203
600546.SH,20260311,2.5232,0.79,19.5844,1.4744,1.0531,5.665,2414631.5785,2414631.5785
301231.SZ,20260311,9.6402,0.91,,3.7136,9.7368,,312280.0,242094.7
301551.SZ,20260311,2.054,0.95,44.9807,5.4085,21.5914,2.0731,1302432.56,503226.9123
600961.SH,20260311,2.8925,0.83,21.8831,6.3474,1.0859,,2325988.0201,1629929.2789
603596.SH,20260311,2.1076,0.9,23.0163,4.1597,2.5978,0.6954,3043478.2547,3043478.2547
301137.SZ,20260311,6.7828,0.85,228.12,8.2564,6.4815,0.1446,1131970.2284,1131970.2284
605122.SH,20260311,1.1657,0.95,,1.1914,2.0533,,239054.998,239054.998
301012.SZ,20260311,17.5445,1.66,132.2573,5.8316,4.8187,0.2937,680103.4394,680103.4394
600828.SH,20260311,2.1201,0.68,,1.5669,4.5635,,1101540.8993,1101145.0751
600165.SH,20260311,0.5787,0.83,,,12.3142,,601108.7643,272643.8763
000682.SZ,20260311,3.311,0.92,26.8769,3.702,2.5209,0.5398,2036564.3236,2036305.9903
920110.BJ,20260311,1.9795,0.51,31.2753,3.8695,7.1243,2.7189,143442.0,59727.042
688565.SH,20260311,2.3745,0.93,229.1723,4.4549,7.7889,,221600.4,221600.4
002721.SZ,20260311,1.3058,0.86,,4.1082,12.891,,843023.021,843023.021
603583.SH,20260311,0.9414,0.88,36.5002,2.8475,3.2684,0.8544,1346340.633,1334041.873
002809.SZ,20260311,31.547,2.87,1198.3259,1.905,4.0323,2.1396,296680.603,195044.109
688103.SH,20260311,1.8147,1.41,85.0982,5.3506,4.5412,0.3331,600869.2335,600869.2335
600826.SH,20260311,0.6245,0.77,28.5379,1.918,4.6929,2.4881,814971.1723,814971.1723
002182.SZ,20260311,2.8965,0.72,209.1827,3.6302,2.032,0.2541,1951845.7763,1703328.5232
001209.SZ,20260311,6.013,0.54,107.4898,2.1415,1.4905,0.9347,275145.5302,201029.9785
601200.SH,20260311,2.2983,1.53,20.3709,1.0451,1.8493,1.1111,1211607.2259,1211607.2259
300866.SZ,20260311,1.5148,1.26,20.165,5.252,1.7738,2.2577,5193771.0028,2978076.2505
000729.SZ,20260311,0.6504,0.68,23.9697,2.3675,2.4169,2.2171,3686649.458,3282565.5204
000538.SZ,20260311,0.3366,0.8,19.456,2.5462,2.4813,3.8871,10116768.959,10051742.6264
002134.SZ,20260311,2.749,0.88,299.9194,10.5246,4.0872,,541157.7584,540822.9946
300727.SZ,20260311,2.6434,0.93,52.2188,4.8853,4.66,0.6535,635160.7772,570783.9507
000993.SZ,20260311,9.8179,0.81,33.4851,2.5939,10.7584,,691048.7456,663579.0861
600315.SH,20260311,0.8921,0.66,,1.9307,2.2,0.1929,1355879.8017,1355879.8017
301026.SZ,20260311,5.0084,0.8,37.3086,3.1048,1.8844,0.894,502678.1827,363045.8413
000810.SZ,20260311,1.0899,0.99,129.5086,2.0116,1.5208,0.4399,1297420.6131,1252763.7654
301078.SZ,20260311,2.8783,0.5,44.9281,2.8028,1.1773,0.7529,1164090.0146,1157631.2436
000066.SZ,20260311,4.8805,1.08,,4.9436,3.6824,,5483858.4496,5483502.7246
300930.SZ,20260311,3.9041,0.91,59.9839,3.6942,4.9321,0.2952,338700.0,159612.3784
605060.SH,20260311,2.8418,0.74,66.8148,6.0498,12.4282,0.5714,1463280.544,1453235.5128
300903.SZ,20260311,13.2912,0.88,,9.0442,4.9665,,1810772.7155,1365795.4788
002042.SZ,20260311,3.0779,0.99,,1.3995,0.782,,806122.9623,806122.9623
002650.SZ,20260311,0.9887,3.71,,4.4166,5.7292,,729568.24,729543.5275
300289.SZ,20260311,0.9126,0.93,,2.2616,10.9872,,374279.9031,373691.6631
600566.SH,20260311,0.7437,1.8,15.0824,1.7988,4.0535,7.7154,2490393.5348,2481987.4751
601886.SH,20260311,0.3623,0.56,15.3629,1.4495,0.4724,6.1247,1017435.8499,1017435.8499
001234.SZ,20260311,3.8315,1.58,83.4955,3.6487,3.8463,0.9852,333164.7165,278679.9225
600529.SH,20260311,0.5636,0.49,18.9281,1.5737,2.9176,3.0503,1305328.9603,1305328.9603
300729.SZ,20260311,0.6445,0.68,19.4588,1.2797,0.7123,2.1975,465959.7323,434356.2506
601388.SH,20260311,3.0318,0.74,232.102,1.9662,1.1919,,900300.0499,900300.0499
600449.SH,20260311,2.0296,1.1,22.5977,0.8905,1.1135,1.5217,659889.838,659889.838
920526.BJ,20260311,1.5792,1.06,128.2378,8.0737,16.121,0.4474,184834.5,117041.3312
301365.SZ,20260311,2.6892,1.01,81.2079,2.7941,7.1941,2.683,469620.0,264506.5564
600608.SH,20260311,1.3251,1.63,,26.8922,136.178,,104577.9382,101242.1182
688102.SH,20260311,2.3597,0.98,207.4931,17.7531,20.4609,0.1877,3201090.1204,3028850.9014
300081.SZ,20260311,2.7781,0.8,,3.0173,8.65,,320541.571,320493.0363
601678.SH,20260311,7.7719,1.07,52.5472,1.0222,0.8459,0.6881,1168283.0048,1160615.0048
002235.SZ,20260311,12.3058,1.28,3108.8712,8.6062,16.3152,,646802.6689,617793.385
002688.SZ,20260311,1.2456,0.9,37.8724,2.0231,1.7287,1.5823,475326.7892,460437.5881
300506.SZ,20260311,0.8576,0.7,,,61.2318,,747012.6022,384980.9728
688129.SH,20260311,1.5634,0.66,29.701,3.0245,4.4984,0.5591,298305.5088,298305.5088
300018.SZ,20260311,6.2976,0.76,55.5412,4.9358,11.04,0.4925,683352.4347,632631.6494
001221.SZ,20260311,2.3236,0.62,39.7258,10.1703,7.8954,0.5454,2640466.01,237695.409
601858.SH,20260311,2.1731,2.34,32.6039,3.1254,5.6862,1.2644,1713013.5,1713013.5
001313.SZ,20260311,1.0108,0.75,640.803,2.0645,0.8156,1.496,526400.0,525742.64
000702.SZ,20260311,1.6275,0.66,,7.0007,2.175,,246450.338,189577.1835
001387.SZ,20260311,2.9697,0.69,27.7161,2.0811,1.3326,0.8439,260269.2288,161980.4935
301007.SZ,20260311,1.6057,0.89,106.2647,7.9587,8.5009,0.4216,545583.72,544350.873
300622.SZ,20260311,2.9534,0.86,63.8349,8.1275,5.0383,,689258.834,471212.1241
002829.SZ,20260311,3.394,0.86,,3.2527,12.2165,,559007.2699,392871.6594
300229.SZ,20260311,3.7368,0.76,,4.6382,37.16,,1838972.0619,1837728.6405
920455.BJ,20260311,1.8112,0.89,55.4491,4.4723,9.5366,2.0713,154204.05,81353.226
300360.SZ,20260311,3.1621,0.66,16.1257,2.3881,5.6081,3.7037,971813.6681,945522.8439
601789.SH,20260311,48.4509,11.4,41.0374,1.8338,0.5498,0.9766,1112806.0702,793362.9707
300115.SZ,20260311,4.2852,1.58,82.8406,5.9664,2.6362,0.3549,4967233.7175,4952578.0842
300859.SZ,20260311,2.2612,0.86,84.8479,7.3128,18.4785,0.7853,592100.0,592100.0
688551.SH,20260311,5.5307,0.78,59.9769,3.0045,7.5787,1.069,389247.3827,389247.3827
688380.SH,20260311,1.9393,0.77,68.0678,6.0977,17.2683,0.5146,1937766.6,1937766.6
688722.SH,20260311,1.2045,0.8,38.4766,2.9488,4.3184,0.3557,421699.3959,420645.4604
601336.SH,20260311,0.7396,0.83,5.8645,2.2885,1.3831,3.6842,22523126.452,15056872.0348
601615.SH,20260311,2.156,0.84,156.8493,1.8031,1.4321,1.3743,4758189.0694,4758189.0694
000727.SZ,20260311,3.1943,0.76,,5.3836,0.2348,,1245630.9195,1245630.9195
600114.SH,20260311,1.9848,0.9,37.8863,6.258,3.4112,0.9112,2029266.4951,1981056.4951
002285.SZ,20260311,2.2652,1.08,,2.0484,2.6285,,573934.7629,569023.5531
002882.SZ,20260311,2.1241,1.24,114.2203,6.4001,2.8424,0.9585,1354977.0,772287.2795
600611.SH,20260311,0.7814,0.95,150.1386,1.2749,5.9243,0.9141,1293175.2066,855134.0511
002506.SZ,20260311,26.7471,1.16,,19.5942,2.1871,,3486788.5905,3483281.0411
002109.SZ,20260311,5.3211,0.71,,1.456,1.6348,,593465.4807,593465.4807
300035.SZ,20260311,4.0323,1.35,27.0254,2.8722,1.853,1.2165,1408551.8089,1198780.4072
688128.SH,20260311,0.5178,0.88,22.4261,3.6103,2.5063,2.5398,1194488.5,1194488.5
300137.SZ,20260311,4.1561,0.75,,4.3009,7.1561,,701849.5307,693284.6106
300261.SZ,20260311,2.2234,0.93,,3.438,5.4802,,689729.5812,670300.057
920982.BJ,20260311,1.6971,1.52,33.8494,11.6358,13.8162,1.3252,2204191.653,1051761.8657
001332.SZ,20260311,12.8777,1.68,29.1437,2.8535,5.4313,1.2245,719842.35,312742.809
002886.SZ,20260311,5.23,1.42,149.7266,3.4568,3.0794,0.1774,623266.0419,495097.0924
300437.SZ,20260311,29.8444,1.21,,3.7924,5.9742,,528321.1527,367971.5795
603356.SH,20260311,6.4168,0.82,,7.4142,2.9889,,284280.88,284280.88
002869.SZ,20260311,1.2881,0.76,215.121,1.8145,6.7969,0.8939,388328.4052,345752.5675
601518.SH,20260311,1.1225,1.05,10.4779,1.016,3.7523,2.8477,570947.057,570947.057
300308.SZ,20260311,2.1617,0.79,57.0734,20.5411,16.117,0.1623,61631511.7503,61319900.7356
300425.SZ,20260311,1.6798,0.96,58.352,1.5526,2.1873,0.486,364990.2964,363302.6249
603182.SH,20260311,1.2025,0.74,22.8965,2.4014,1.8667,2.5031,262950.9,262950.9
300003.SZ,20260311,2.0698,1.21,75.1913,2.1075,5.1237,1.7122,3205666.59,2745679.0708
002252.SZ,20260311,0.3702,0.78,22.7903,1.2813,5.2332,0.7638,4162016.4928,4159824.9867
300946.SZ,20260311,3.0972,1.69,149.217,6.5703,12.5579,0.47,781287.0624,379627.9344
000812.SZ,20260311,1.5555,0.91,,1.8343,2.3156,0.6527,329769.1314,329541.0561
002612.SZ,20260311,1.4844,0.67,7.5245,2.2857,1.3356,2.2689,780031.1961,449105.2572
301548.SZ,20260311,12.0919,1.31,52.8902,4.6317,11.8018,0.5337,699306.0,210876.7853
920953.BJ,20260311,1.7618,0.87,64.9913,7.2935,13.412,0.3712,438925.3817,205168.5898
300047.SZ,20260311,3.6294,1.2,287.9261,2.5822,0.9615,0.1124,851389.1371,729766.7242
002802.SZ,20260311,1.7281,0.69,55.9657,4.0472,6.2589,0.6968,256134.296,211770.2646
300942.SZ,20260311,0.8495,0.59,124.5962,4.6029,15.4574,0.1798,389271.0822,389271.0822
000157.SZ,20260311,1.0065,0.9,19.7027,1.4976,1.7567,5.102,8475564.5313,6929009.0157
300305.SZ,20260311,2.2305,0.93,,1.2648,2.6968,,259026.2567,221818.3689
601096.SH,20260311,6.2601,0.62,55.1636,4.0265,1.8638,0.5797,1845857.0107,1133653.8133
688501.SH,20260311,2.1032,1.14,19.0514,3.0576,1.688,0.8568,344727.15,344727.15
688141.SH,20260311,2.4274,0.98,,15.8581,9.2852,,2468663.0605,2468663.0605
300203.SZ,20260311,1.5485,1.03,249.4404,2.3543,1.9966,1.6734,670413.9744,669862.5764
603825.SH,20260311,0.5497,0.63,,14.1762,1.9499,,233069.6278,233069.6278
600668.SH,20260311,1.0428,1.08,6.652,0.7916,1.6475,0.7528,457080.9576,457080.9576
603848.SH,20260311,0.5087,1.04,34.0087,2.7333,4.4241,1.1758,684493.4752,684493.4752
300290.SZ,20260311,2.1643,0.9,,13.3787,13.9147,,1038285.9595,1037977.3866
603877.SH,20260311,0.313,0.79,40.3666,1.6878,1.1148,2.6093,722159.1018,719473.0175
920639.BJ,20260311,5.2009,0.57,98.7774,2.12,0.7973,,180633.6,106403.2561
000909.SZ,20260311,0.9176,0.79,,2.764,8.3441,,274446.8316,274444.5274
600615.SH,20260311,2.5886,1.52,314.8164,3.9411,5.2114,,289701.9992,289241.6082
002482.SZ,20260311,1.4297,1.02,,13.9914,4.5442,,671422.263,670097.2044
300541.SZ,20260311,3.8518,0.84,75.3645,4.0186,2.3268,0.1118,692371.6321,622391.3576
688663.SH,20260311,4.6819,1.1,95.9917,6.6767,4.5503,0.9098,913925.916,913925.916
600141.SH,20260311,2.5551,1.09,29.5374,1.9321,1.574,2.3265,4742065.4757,4742065.4757
600280.SH,20260311,1.5341,0.67,,6.3184,1.8323,,389275.5019,389275.5019
688400.SH,20260311,2.1302,0.87,129.6242,4.4294,7.1325,0.0545,2085131.4486,2005709.7653
920037.BJ,20260311,4.7067,0.78,39.3576,9.1792,9.8243,0.7677,781550.5489,252627.0119
301559.SZ,20260311,7.6794,1.05,50.3539,2.4692,4.0956,2.3479,1124400.0,168660.0
300271.SZ,20260311,2.7709,1.22,,1.6868,3.8605,,616202.2508,605107.0605
603728.SH,20260311,1.0374,0.9,328.5516,8.919,10.0561,0.038,2643986.34,2643986.34
600613.SH,20260311,1.4594,0.99,54.4046,1.4536,1.8007,2.3622,339135.4838,304368.186
300518.SZ,20260311,2.3379,1.03,,5.0981,23.2208,,383269.0491,383234.7414
600018.SH,20260311,0.2736,0.79,8.9471,0.8634,3.0399,3.7866,11989179.6596,11972059.9503
301557.SZ,20260311,8.067,0.59,53.4046,4.8082,4.1913,1.0025,486190.2685,194935.1694
600199.SH,20260311,1.232,0.73,,2.773,7.676,,573598.8305,573598.8305
000597.SZ,20260311,0.5756,0.56,20.1539,1.4075,1.1025,1.8904,754929.6922,745528.1571
002857.SZ,20260311,7.405,0.86,308.0963,6.3716,4.1137,0.0576,331940.994,325248.0
002275.SZ,20260311,0.2936,0.66,15.6982,2.6246,3.9433,3.937,820833.3342,780980.7185
600869.SH,20260311,5.418,1.4,,7.5852,1.1507,,3231377.5982,3231377.5982
002234.SZ,20260311,1.6473,0.65,,1.8221,1.5482,,329418.4401,284529.7552
600570.SH,20260311,1.2373,0.85,50.0115,5.8359,8.9503,0.3587,5265683.9215,5265683.9215
600628.SH,20260311,9.309,2.4,82.1248,1.3357,5.1352,0.4561,567309.7118,567309.7118
300021.SZ,20260311,3.3462,0.72,80.3662,1.9857,1.0981,1.0555,500960.0598,427642.2134
603167.SH,20260311,1.2724,0.55,15.5736,1.2817,2.4525,8.342,449909.5784,449909.5784
600159.SH,20260311,1.4675,0.63,,1.5085,3.7063,,258961.0084,258961.0084
688618.SH,20260311,2.3881,1.69,101.326,4.3305,10.3232,0.4765,370554.2737,370090.9128
301117.SZ,20260311,11.2036,1.04,377.9984,5.7153,21.6208,0.0247,745948.7805,458823.0974
002805.SZ,20260311,14.95,1.17,,5.1903,3.046,,512514.3896,509732.9543
688168.SH,20260311,1.4776,1.28,,5.5079,9.8075,,552953.3687,552953.3687
300550.SZ,20260311,1.6568,0.89,67.0336,3.0791,8.4895,0.1908,343953.7847,343634.4329
920792.BJ,20260311,0.6425,0.43,28.1433,2.0266,2.5703,0.7837,211229.04,128057.8773
002186.SZ,20260311,1.6149,1.29,,3.9138,2.6524,,338534.5116,338082.0058
605020.SH,20260311,1.8265,0.81,26.283,2.6698,3.0104,0.7781,1508958.5077,1485637.4576
688081.SH,20260311,1.6299,0.73,,10.4095,28.1409,,412056.96,412056.96
600876.SH,20260311,1.7642,1.72,,1.9969,1.9101,,683124.1109,418624.1109
300990.SZ,20260311,8.3188,1.25,60.5942,7.9481,5.5782,0.531,1599520.6896,723182.2303
603633.SH,20260311,1.3454,0.89,229.1021,1.9038,2.3669,0.3094,369191.3576,369191.3576
001323.SZ,20260311,0.2128,0.55,16.1523,2.604,2.0961,1.6933,1149918.4593,822628.5671
000404.SZ,20260311,1.9226,1.06,11.1877,1.1949,0.4369,4.1096,508077.0647,505685.2876
002052.SZ,20260311,3.5193,2.09,28.8305,27.3538,8.9348,,910452.0297,834158.4576
002034.SZ,20260311,1.2841,0.98,13.1093,1.1467,2.3838,2.7041,786383.1194,782480.4556
300814.SZ,20260311,5.3616,0.86,601.0173,12.7158,11.8425,0.0916,2090225.6113,2090225.6113
001280.SZ,20260311,9.8337,0.87,109.0321,11.3385,9.3633,,18603295.4529,1421994.8947
000065.SZ,20260311,3.3399,0.75,19.5458,1.3632,1.0206,1.0438,1518004.9018,1274275.7104
920249.BJ,20260311,2.589,0.77,110.3113,7.1114,2.2298,,542216.18,160325.0747
300824.SZ,20260311,1.0508,0.83,31.9398,4.7182,3.7174,1.8832,353101.6999,342447.9222
000766.SZ,20260311,1.5572,0.83,356.6529,8.9081,16.4492,,2049935.2735,2048902.2914
000591.SZ,20260311,9.9812,1.46,24.6233,1.0828,4.8625,1.7873,2609754.2578,2609155.2112
002993.SZ,20260311,5.6651,2.1,26.6741,2.9159,1.9741,2.9365,1394830.12,1204872.3524
603259.SH,20260311,1.0122,0.85,18.4862,3.9065,6.2429,1.8248,27716120.2128,22974300.2051
000541.SZ,20260311,1.1163,0.75,28.2248,1.4145,1.0918,1.9417,949110.9461,760469.5213
688152.SH,20260311,1.5132,0.94,,3.3071,12.9602,,402375.1948,402375.1948
600222.SH,20260311,3.0353,0.86,89.71,2.6575,2.3563,0.1838,421232.5317,421232.5317
601318.SH,20260311,0.4852,0.73,8.074,1.1686,1.0425,4.1087,113263300.6787,66678707.0942
300531.SZ,20260311,10.1975,5.29,,4.0706,3.9111,0.278,571841.6367,549899.3124
300696.SZ,20260311,1.5141,0.68,219.1683,4.6843,19.6189,,886494.6206,804041.2024
600479.SH,20260311,1.3743,0.73,19.0326,1.8079,1.5073,2.7502,547829.7478,465798.4212
688218.SH,20260311,4.9169,2.68,,3.0119,5.0228,0.8562,258458.775,258458.775
920122.BJ,20260311,2.4593,1.73,131.223,8.3302,14.5643,0.8845,282629.8189,114517.4228
603309.SH,20260311,2.979,1.22,18.8401,2.4523,2.8065,4.4496,460281.2262,460281.2262
002381.SZ,20260311,1.0915,0.49,43.393,1.3825,1.071,2.805,293454.9564,228442.7644
600983.SH,20260311,0.3566,0.72,19.8238,3.3282,2.0868,2.4086,922792.556,922792.556
688759.SH,20260311,7.388,1.01,,11.2195,,,1873502.6031,193421.2269
600064.SH,20260311,0.9539,0.87,6.5114,0.7689,5.3002,3.4286,1514047.1885,1514047.1885
002355.SZ,20260311,8.597,1.03,,4.1101,5.6096,,502697.712,464861.3208
920950.BJ,20260311,1.1996,1.41,31.2615,4.0853,6.881,2.1091,130362.96,63510.3378
002609.SZ,20260311,1.4616,0.68,98.9224,2.4672,3.4,0.7572,593250.6114,423566.9761
000950.SZ,20260311,0.7107,0.7,26.5606,0.8652,0.1198,1.037,995434.3849,995434.3849
688082.SH,20260311,0.394,0.7,54.6267,5.6613,11.2368,0.378,7625497.0141,6930147.7626
920015.BJ,20260311,3.2054,0.96,31.6257,3.673,5.9661,,615879.3682,171476.957
002462.SZ,20260311,1.0107,0.7,62.9616,1.0121,0.2237,1.1089,447187.015,446824.1523
603659.SH,20260311,3.3803,1.49,26.8515,3.1,4.0318,0.5648,6334423.2603,6334423.2603
300499.SZ,20260311,24.1971,1.2,8205.7818,9.2589,13.9719,,1281738.7202,1139623.8676
688026.SH,20260311,0.6982,0.53,52.4625,2.3287,4.4739,0.3972,252936.5497,252855.7804
301181.SZ,20260311,3.0183,1.41,39.8477,3.4284,8.9069,1.6467,491164.6762,383360.379
920679.BJ,20260311,0.9783,0.79,56.8797,2.1972,9.8697,1.8163,110694.7,73680.85
300943.SZ,20260311,12.2073,0.96,134.6126,7.4823,14.5954,0.3301,740885.7,488326.9432
688179.SH,20260311,6.218,1.56,63.9816,6.6739,9.642,0.7675,661887.8822,661887.8822
300858.SZ,20260311,1.3536,0.74,44.4031,2.4167,12.5575,0.8955,441354.3227,327864.7546
002605.SZ,20260311,1.2847,0.65,19.2669,2.6435,3.757,2.1392,973127.6385,785787.7095
300887.SZ,20260311,5.5327,0.82,,2.2306,4.7407,,640149.7508,424857.3391
600076.SH,20260311,1.7423,1.13,,1.277,12.6023,,486724.6989,486724.6989
300277.SZ,20260311,7.8244,0.93,3892.6323,3.0082,155.5686,0.0194,3451792.4451,1745675.3738
002204.SZ,20260311,1.1468,0.78,23.34,1.7534,0.8859,0.6962,1373204.0928,1373204.0928
300366.SZ,20260311,1.178,0.76,,2.3653,2.6485,,387633.5837,338460.5886
601390.SH,20260311,2.0039,1.24,5.9011,0.4671,0.1316,4.3919,14638929.6039,12143947.3339
603225.SH,20260311,2.4995,0.99,26.2019,1.6024,0.4618,1.0493,3206404.2701,3189295.5029
300551.SZ,20260311,3.7354,1.05,,15.0798,34.7105,,660061.9705,658140.4174
000890.SZ,20260311,28.0054,1.17,,,15.5278,,384265.6347,384253.7981
920433.BJ,20260311,0.7223,1.08,,3.893,11.1074,1.0363,148177.4953,98034.1933
003015.SZ,20260311,2.8566,0.66,55.3157,4.4696,7.6079,1.1342,487088.5339,428747.1322
301082.SZ,20260311,4.1978,0.69,,4.4115,1.9302,0.4958,456465.604,422019.9577
603307.SH,20260311,0.6866,0.72,22.7144,1.9593,3.1363,2.4766,274078.002,269742.0
920729.BJ,20260311,1.9359,0.73,60.7213,3.6489,10.341,1.4428,246288.35,69219.3619
688028.SH,20260311,4.3891,0.78,181.0453,8.5979,22.6372,0.301,1706176.547,1706176.547
002319.SZ,20260311,3.549,1.22,,15.4624,7.0614,,280902.6359,268200.0
603032.SH,20260311,3.648,0.99,,3.8486,7.9812,0.2995,436601.6928,433673.2109
600549.SH,20260311,5.1737,0.95,47.5314,6.3871,2.3638,0.873,10984506.3301,10751655.3696
600917.SH,20260311,1.5821,0.5,34.3711,1.5546,0.8546,1.4437,886670.5837,886670.5837
000683.SZ,20260311,2.941,1.4,34.6427,2.5477,3.2058,3.0136,3701964.2338,3335615.9749
600874.SH,20260311,2.1398,1.67,12.4648,1.0263,2.1217,2.5758,1036475.9361,812075.9361
688372.SH,20260311,5.1891,0.74,73.4449,7.771,13.9954,0.1761,2203761.0688,2203761.0688
000544.SZ,20260311,1.0317,0.71,8.4538,0.9884,1.7063,2.8261,896709.729,896709.729
000681.SZ,20260311,4.7322,1.04,144.5439,4.4558,19.871,0.1039,1615531.5674,1559463.4996
600210.SH,20260311,1.885,1.14,9.0985,1.7014,1.0066,4.0107,1134518.6462,1134518.6462
920363.BJ,20260311,1.8461,0.68,347.2237,4.9261,8.9226,,173337.2,92778.6591
600137.SH,20260311,2.4648,1.06,80.7045,4.0844,5.7978,0.8158,221656.1006,221656.1006
300250.SZ,20260311,4.0284,0.91,,9.7094,21.4722,,504876.2694,371674.983
600909.SH,20260311,1.1535,0.79,13.9979,1.246,5.8164,2.2238,2945254.074,2945254.074
688610.SH,20260311,3.3424,0.91,80.8252,3.4166,11.765,0.2625,518024.0,311824.303
603017.SH,20260311,12.4076,3.17,90.7576,2.5916,3.0967,1.4758,369542.612,369542.612
300194.SZ,20260311,1.2414,0.87,35.3225,1.1463,2.982,1.6317,510386.6119,415419.6687
300350.SZ,20260311,6.2154,0.65,,3.9479,9.442,,364745.9691,306045.9556
000639.SZ,20260311,2.2819,0.68,,1.0593,0.6594,,307637.0071,307636.63
300152.SZ,20260311,7.342,1.81,,7.5668,11.4592,,178200.0,178154.6063
600302.SH,20260311,8.5591,3.25,,6.2855,10.3422,,372998.5687,372998.5687
300448.SZ,20260311,5.4336,0.72,,6.0035,26.7893,0.2991,736727.099,505888.3332
002383.SZ,20260311,6.3575,0.65,,5.2485,7.0298,,888432.366,888432.366
603681.SH,20260311,4.7878,1.07,27.8157,1.5804,0.6155,0.6753,411315.1537,411315.1537
300426.SZ,20260311,3.0004,1.51,,26.4892,16.0009,,390031.5135,346400.0
688045.SH,20260311,1.7147,0.67,270.1463,2.3477,4.7728,,326212.4525,326212.4525
920946.BJ,20260311,0.2999,0.57,33.9716,3.5325,8.0891,1.3372,446983.502,446846.0832
300787.SZ,20260311,3.8535,1.29,35.2654,2.6572,1.3049,1.3041,400567.3996,244045.4231
002296.SZ,20260311,4.9179,0.93,17.9037,2.2559,3.94,1.4378,541906.3642,483254.8826
300406.SZ,20260311,1.0062,1.23,17.0578,1.9865,5.138,7.1333,736403.6368,533066.8791
300625.SZ,20260311,1.2548,0.64,,1.82,1.8869,2.3166,361733.645,209753.424
688448.SH,20260311,3.6089,1.16,440.2649,4.3342,11.9386,0.488,439586.8605,294310.0605
688595.SH,20260311,2.0058,0.88,,7.2918,5.8245,,494239.3056,494239.3056
600618.SH,20260311,4.6226,1.16,22.5286,1.9718,2.2738,1.3583,1787794.3629,1159252.6029
688778.SH,20260311,1.3441,1.13,51.7193,4.2477,1.9489,0.6878,3904290.2181,3904290.2181
605169.SH,20260311,1.9153,0.45,37.9253,1.9539,1.2388,1.8154,381605.12,381605.12
688366.SH,20260311,0.2301,0.71,38.8026,1.793,3.9384,2.3332,973969.0903,821809.6059
000670.SZ,20260311,2.8731,0.72,,111.8877,1.4811,,680848.5555,662421.4611
301608.SZ,20260311,1.6263,0.83,35.5777,3.7238,4.8373,0.9523,787561.5,353443.7775
000800.SZ,20260311,0.3909,1.02,54.0551,1.2912,0.5937,0.7215,3410447.7157,3410156.4533
002672.SZ,20260311,1.7939,0.96,,1.8658,1.6614,,568101.4822,465230.8072
300628.SZ,20260311,1.2093,1.07,17.0485,4.7524,7.3465,5.1318,4432291.3736,2539214.3174
600108.SH,20260311,19.1854,0.81,134.7834,2.9648,2.9575,0.0837,1279123.2345,1279123.2345
600583.SH,20260311,2.6116,0.45,15.6365,1.1714,1.1627,2.8112,3161268.682,3161268.682
603308.SH,20260311,5.2112,1.24,123.9414,8.9267,16.083,0.1085,4381143.1173,4381143.1173
688135.SH,20260311,4.8847,1.27,,5.7812,10.2221,,632129.1949,632129.1949
300626.SZ,20260311,4.3319,1.28,,6.7054,4.4116,,354780.0,354585.9058
688583.SH,20260311,5.9815,0.98,132.2765,10.741,34.084,0.4011,1263059.2,440119.5793
600523.SH,20260311,1.273,0.84,34.0332,1.9411,2.4027,0.8782,607679.914,607279.0639
603895.SH,20260311,1.7479,0.58,,16.2712,7.0569,,315269.36,315269.36
002602.SZ,20260311,1.6349,1.04,33.8068,4.3966,3.7117,,12736539.0524,11744928.5075
002631.SZ,20260311,6.1478,1.66,,2.6683,4.7549,,583611.0689,580894.9617
301091.SZ,20260311,1.5414,1.78,150.7233,5.7039,11.186,0.1532,1350364.08,1350364.08
600058.SH,20260311,1.0822,0.88,133.5087,2.7618,0.2431,,1379549.0851,1379549.0851
002015.SZ,20260311,22.8757,2.15,48.858,2.5551,3.097,0.5017,3152496.4004,3152496.4004
688200.SH,20260311,1.5179,0.97,64.7871,8.5464,25.9034,0.2909,3487676.4789,3487676.4789
301261.SZ,20260311,3.981,1.08,140.6189,4.7229,6.7312,0.7253,727115.5915,310099.5146
002643.SZ,20260311,1.3064,0.73,60.7573,2.1604,4.1395,0.598,1555186.2941,1532163.0355
001211.SZ,20260311,1.7155,0.68,92.1072,2.42,1.373,0.7172,209160.0,194625.0504
002466.SZ,20260311,2.3203,1.17,,2.0768,8.9514,,9305860.1373,8049117.0114
603005.SH,20260311,4.2962,0.7,54.8744,4.4014,13.7613,0.2698,2028254.0057,2028254.0057
002956.SZ,20260311,0.7205,0.78,37.262,3.7442,2.7081,1.5945,584683.5918,584624.4443
600975.SH,20260311,1.001,0.58,289.803,2.393,1.0082,,722304.4857,722304.4857
000710.SZ,20260311,1.8393,0.78,,2.5538,4.3948,,413620.1141,385550.0099
300147.SZ,20260311,1.2697,1.35,,9.2131,4.3381,,638134.2784,634389.4106
603380.SH,20260311,0.6388,0.71,27.2111,3.936,2.5825,2.6638,602296.2648,602296.2648
002753.SZ,20260311,4.2559,1.23,43.762,1.2865,0.8684,1.6243,342083.6044,193762.5763
002655.SZ,20260311,6.7013,0.77,75.2282,8.3583,4.5521,0.1717,628968.4264,628796.4947
600585.SH,20260311,0.846,0.99,15.3281,0.7087,1.6028,3.7313,13492024.3661,10183242.7661
300451.SZ,20260311,1.4874,0.78,,1.8205,7.0256,,783857.0942,772507.0476
301358.SZ,20260311,5.4767,2.18,72.9139,4.4424,1.8216,0.2179,5454955.5096,5448756.3993
605369.SH,20260311,0.4663,0.78,39.0283,2.3243,3.5479,1.5773,398871.7447,398871.7447
002364.SZ,20260311,9.7471,0.98,212.548,8.4543,9.2916,0.2747,2045177.2398,2025358.545
300747.SZ,20260311,5.0469,0.8,109.7924,5.5466,5.2694,0.0556,1826884.8,1656667.1574
601065.SH,20260311,4.5762,1.46,19.2742,1.3059,2.4418,2.4472,577855.695,374214.215
002501.SZ,20260311,1.7511,0.89,,26.3904,23.759,,695800.0,695107.9644
300540.SZ,20260311,3.8223,0.6,80.8339,5.0242,6.6945,0.1478,554614.8098,499452.9249
600230.SH,20260311,6.4746,1.03,186.6137,2.5103,2.1613,0.0861,1010064.8766,1010064.8766
301552.SZ,20260311,2.9402,0.8,24.2593,3.3249,5.7352,3.0199,382799.2,95699.8
688528.SH,20260311,1.2078,0.93,,4.4568,7.5162,,202944.0,202944.0
605028.SH,20260311,3.1267,1.3,29.3147,3.6608,14.7838,1.66,481920.0,481920.0
600237.SH,20260311,10.739,1.4,60.3269,3.5636,4.9057,,685575.4165,678957.3692
002465.SZ,20260311,4.7447,0.95,,3.5852,10.0064,0.3452,4313427.4016,4306567.7954
300732.SZ,20260311,1.0839,0.7,,0.969,1.7181,,282366.7749,282053.9868
605507.SH,20260311,0.4928,0.85,17.1817,1.8133,2.524,2.2336,1499882.274,1499882.274
002082.SZ,20260311,3.2174,1.15,,4.6909,10.1795,,1165267.6498,1053946.8164
601108.SH,20260311,0.6037,0.78,13.4263,1.0642,5.6474,2.0061,3900761.3543,3900761.3543
920519.BJ,20260311,2.2403,0.38,52.883,2.1807,2.5863,0.7716,114250.3731,80632.7731
301229.SZ,20260311,1.5149,0.66,90.1612,2.7924,3.2917,0.8595,349018.5619,248218.8288
301378.SZ,20260311,5.404,0.77,,2.6116,8.3913,,340901.4,162032.3799
920981.BJ,20260311,3.0421,1.32,250.7065,4.774,4.2087,0.4724,242785.9,118458.0372
601100.SH,20260311,0.6006,0.77,54.9215,9.2475,15.0341,0.8706,15400669.9141,15400669.9141
688075.SH,20260311,0.5323,1.12,68.9947,0.9793,11.1624,2.008,506297.8951,506297.8951
600478.SH,20260311,3.3117,0.96,68.7454,4.4817,2.8524,,1300787.4554,1300787.4554
688600.SH,20260311,6.0491,5.96,70.613,5.0782,5.666,0.3115,402374.2596,402374.2596
301336.SZ,20260311,3.4298,0.88,71.7739,2.7303,6.1541,0.3963,226320.0,172174.6204
301285.SZ,20260311,2.8599,0.66,,17.1995,19.9305,0.0589,1752561.6,665678.3718
920036.BJ,20260311,78.6183,,39.1952,5.2586,3.8694,,310204.4139,74449.2789
603266.SH,20260311,2.5764,1.04,37.7364,2.6508,3.1162,0.8122,416269.9678,416269.9678
603076.SH,20260311,3.1092,1.95,223.9414,2.4474,2.1254,1.5215,317323.8334,317323.8334
300880.SZ,20260311,10.9054,0.57,56.9866,4.8395,6.8462,1.7314,507161.7907,507107.7003
300175.SZ,20260311,1.1025,0.94,,6.1028,11.7543,,314965.2,314965.2
301281.SZ,20260311,12.0791,1.88,102.4101,3.9023,12.2829,0.4049,534952.6,340128.88
300508.SZ,20260311,4.6768,1.38,54.5357,5.608,9.1572,0.4273,474787.6915,357655.4638
002058.SZ,20260311,0.7856,0.46,16.53,77.8344,4.9175,,311426.3288,310708.7026
688303.SH,20260311,0.7053,1.4,,1.3023,10.5032,,5081992.3602,5081992.3602
600262.SH,20260311,2.2741,0.79,18.8373,2.6941,1.3689,1.1326,474300.0,474300.0
002375.SZ,20260311,0.9327,0.73,18.0046,0.6918,0.5298,1.6039,566818.5187,561233.7343
000799.SZ,20260311,1.387,0.68,,4.067,15.4238,1.2742,1530090.5668,1529956.3603
300333.SZ,20260311,1.3567,0.8,,5.9325,28.9714,,344064.0,342814.7886
301230.SZ,20260311,2.7924,0.67,155.3839,5.6695,8.5178,1.2096,568536.2422,511633.2756
002386.SZ,20260311,3.1991,1.02,,1.1069,0.7,,831752.4796,831597.4991
300720.SZ,20260311,6.3643,1.39,220.4476,14.5744,38.0642,0.3425,853367.504,764801.0686
600006.SH,20260311,1.1937,1.17,56.9819,1.6707,1.4023,0.0715,1398000.0,1398000.0
603520.SH,20260311,0.8336,0.58,,1.6674,1.8136,1.5167,433587.3723,433587.3723
300703.SZ,20260311,2.9761,0.94,30.8328,4.2262,1.8291,0.6862,394336.5622,370880.2204
002983.SZ,20260311,3.8058,0.89,42.1875,4.3368,5.0439,1.5369,581075.492,332953.2318
002668.SZ,20260311,2.6493,1.69,9.4092,2.9824,0.5704,,1057008.6423,1057008.6423
920694.BJ,20260311,2.2149,0.37,29.6817,2.9752,3.7157,1.1633,263516.5096,124668.4298
002428.SZ,20260311,12.9364,1.4,719.273,20.6422,28.2503,0.0652,3004352.0,3003963.875
600007.SH,20260311,0.1833,0.76,17.0134,2.1239,5.3259,5.5,2014565.068,2014565.068
688701.SH,20260311,1.7312,0.72,,9.6192,10.4205,,136962.9194,136962.9194
000756.SZ,20260311,0.8202,0.75,28.0741,2.0641,1.263,1.601,1072892.4899,768304.9389
688118.SH,20260311,6.0524,0.65,426.2572,3.6465,9.38,0.4327,318303.308,318303.308
300068.SZ,20260311,8.1677,2.04,,3.7879,2.4135,,1456253.3917,1383004.3488
920491.BJ,20260311,2.1247,1.09,38.3961,3.3456,5.2499,1.1802,358785.9636,293791.8305
603829.SH,20260311,3.8075,1.15,43.5023,3.2966,2.17,0.4046,494350.386,494350.386
002646.SZ,20260311,0.696,0.63,627.9039,1.4261,3.5546,0.1299,408199.9938,405492.0396
003025.SZ,20260311,3.0324,1.1,30.1213,3.5166,6.4001,1.1928,436436.6186,348001.2813
300552.SZ,20260311,5.3366,1.33,,3.5544,6.405,,638333.6704,412598.4659
300801.SZ,20260311,3.6615,1.3,50.4355,2.5247,2.2475,0.3399,633447.0,395824.2625
601369.SH,20260311,1.5322,1.07,21.2983,2.4073,2.0787,3.5045,2114703.2017,2093521.2553
002518.SZ,20260311,1.9868,0.92,69.529,7.2189,6.9183,0.3986,3359438.7924,3260860.1888
600597.SH,20260311,0.3991,0.62,15.6966,1.1509,0.4514,2.0279,1087615.799,1087601.2814
603515.SH,20260311,0.2795,0.96,16.3031,2.1033,2.0176,4.7621,1399460.568,1386505.7539
603105.SH,20260311,6.5772,1.58,28.263,2.5678,7.7199,1.8265,547509.9667,547509.9667
603132.SH,20260311,1.1218,0.73,37.8802,5.6807,11.0848,2.2926,1791696.0,1791696.0
002913.SZ,20260311,4.6752,0.98,46.8672,3.7905,3.1622,1.1383,1672807.2166,1590173.2752
600956.SH,20260311,1.9716,1.55,22.3598,1.6314,1.9377,2.4419,3880916.0428,2019356.2622
601818.SH,20260311,0.6377,1.1,4.8236,0.3958,1.5272,5.7751,19439146.2991,15267842.3196
600926.SH,20260311,0.4927,1.29,6.3614,0.9089,3.1201,3.9521,12105834.2552,12105834.2552
002166.SZ,20260311,1.6053,1.03,52.73,2.2587,3.7081,1.0453,694888.0312,693235.1632
920047.BJ,20260311,2.2471,1.41,,24.3381,101.7022,,675806.1439,443782.2361
000529.SZ,20260311,0.9739,0.8,34.0722,1.1162,1.6514,1.9802,353776.94,345349.9325
300559.SZ,20260311,1.672,0.93,135.7784,3.9002,10.9366,1.2701,471826.7036,367452.5998
603189.SH,20260311,1.9858,0.9,940.0827,3.5823,20.3888,0.7418,539905.343,539905.343
688426.SH,20260311,2.7773,0.93,,1.9224,13.4959,,260535.4463,88998.2475
001389.SZ,20260311,7.799,1.42,58.2173,14.5059,10.806,0.3864,5282781.875,1875870.2464
600841.SH,20260311,2.9775,1.02,,4.2391,2.4814,,1340635.8433,1007561.6515
300968.SZ,20260311,1.0563,0.9,214.2842,2.8433,4.2116,0.3831,539460.9,539460.9
300634.SZ,20260311,4.4539,1.1,53.2688,4.2287,6.911,0.5826,1232256.9679,1186820.2285
300295.SZ,20260311,2.2362,0.82,,1.7932,20.5908,,202128.2191,178582.5966
688370.SH,20260311,0.669,0.86,156.0769,1.4132,7.104,1.3201,373893.186,373893.186
301106.SZ,20260311,2.0459,1.3,36.0569,2.7099,3.8146,1.1725,346679.8648,346679.8648
600960.SH,20260311,2.9038,0.71,,1.4637,1.6449,,540843.3297,540843.3297
601099.SH,20260311,1.2606,0.88,83.1823,2.7552,18.3747,,2740159.1807,2740159.1807
600526.SH,20260311,1.1726,0.87,18.2622,1.1666,1.1159,1.7055,521668.5671,512455.1912
300938.SZ,20260311,6.4032,1.11,52.1879,5.4062,12.7309,0.6579,981290.2824,684114.0524
002968.SZ,20260311,1.2594,0.87,26.1896,2.3502,0.9396,2.5973,289635.5622,272839.8822
300793.SZ,20260311,1.8754,1.02,,2.0629,2.8568,0.7325,616864.0383,603152.8098
002378.SZ,20260311,11.616,1.03,244.606,23.5468,11.1517,0.164,5273022.1361,5245387.6885
600488.SH,20260311,0.5808,0.71,280.7594,1.5134,1.5915,2.3389,457500.5189,457500.5189
001268.SZ,20260311,1.6895,0.9,42.0455,3.3084,4.206,1.4166,339666.2021,198051.2021
601198.SH,20260311,0.4021,0.62,19.9216,1.4936,8.9218,1.2242,4383196.1251,4383196.1251
600276.SH,20260311,0.5036,0.65,49.6182,6.2274,11.9598,0.3578,37055486.8965,35613969.6957
605333.SH,20260311,0.3454,0.77,19.205,3.6927,1.5344,0.7965,1261261.8235,1187157.3882
002035.SZ,20260311,0.8739,0.72,12.0162,1.3798,0.8813,6.3356,524697.5895,484081.3159
605081.SH,20260311,1.8962,1.18,,1.2631,12.5557,,112680.8366,112680.8366
301317.SZ,20260311,21.0533,1.04,25.2403,7.4317,11.7641,0.9159,999728.4,331971.2219
301306.SZ,20260311,6.8441,1.2,,9.4615,28.7157,,866028.4,598216.3
688348.SH,20260311,5.6608,1.56,,2.6679,7.9319,0.6757,914848.1045,914848.1045
002114.SZ,20260311,5.4387,1.01,,3.7723,2.5639,,318867.7333,318863.3515
688590.SH,20260311,2.9878,0.94,,2.8769,1.9363,0.2223,409857.2836,409857.2836
002301.SZ,20260311,1.2165,0.84,119.0324,1.7202,0.4954,1.8743,531603.9466,529158.7944
603639.SH,20260311,1.2109,1.1,26.0131,1.4245,1.2319,3.3777,503143.8116,489084.9255
600130.SH,20260311,2.0554,0.81,783.7392,3.6876,7.3984,,354000.0,354000.0
605377.SH,20260311,3.0521,0.96,20.8444,1.4481,1.6636,6.0561,556113.5977,556113.5977
300094.SZ,20260311,3.7802,0.54,,3.9672,1.3711,,408396.5456,400197.2984
300862.SZ,20260311,3.2391,1.1,,2.2364,8.3105,0.0622,445113.7617,365196.5979
000692.SZ,20260311,2.3196,0.64,,,1.0816,,226454.0148,226454.0148
600299.SH,20260311,2.0167,1.28,38.973,2.2832,2.6114,1.0643,4499557.4945,3918257.7599
688408.SH,20260311,2.817,1.12,,2.3406,1.4019,2.2591,960603.9101,960603.9101
300596.SZ,20260311,4.1069,0.92,22.5186,2.3835,1.9157,0.7478,1136158.1123,1103625.6259
920092.BJ,20260311,4.7268,0.73,,6.2827,20.974,0.1385,221934.9275,117808.3585
920185.BJ,20260311,1.1598,2.87,37.9693,2.702,2.0106,1.3098,3414571.194,3352939.269
688529.SH,20260311,1.078,0.96,,2.7836,2.1505,,316002.6157,316002.6157
688616.SH,20260311,3.4613,0.95,26.2809,3.0667,4.6728,1.9382,272834.3411,272834.3411
603289.SH,20260311,4.2358,1.12,32.8183,2.3566,2.9752,1.282,343265.1791,343265.1791
300126.SZ,20260311,1.6114,0.62,,2.6277,5.8542,,274473.7128,190219.3917
920578.BJ,20260311,9.549,2.7,,6.4478,10.3096,,170624.8654,51313.0
301093.SZ,20260311,2.3447,0.7,275.5525,6.4206,23.0749,0.181,1395713.804,1333938.9235
600827.SH,20260311,0.371,0.72,63.7163,0.78,0.616,3.0565,1546873.7574,1391058.0806
300718.SZ,20260311,2.8742,1.26,90.6651,13.4085,18.1491,0.5332,2245921.9685,1457110.5621
600330.SH,20260311,20.0748,1.74,1032.3377,2.8102,7.5883,0.1188,2253484.678,2253484.678
300378.SZ,20260311,3.6682,0.74,77.6512,5.3484,5.1346,0.0665,1217909.9576,1208885.0163
000708.SZ,20260311,0.2328,0.71,15.7617,2.1856,0.8286,4.0297,8857762.2988,8857762.2988
603501.SH,20260311,0.7569,0.81,34.6639,4.5055,5.0389,0.5397,14413806.9521,13833836.1791
603399.SH,20260311,4.2182,0.99,,3.4751,1.1326,,576326.9801,576326.9801
301616.SZ,20260311,3.546,0.93,20.5466,2.8731,4.2485,0.78,410240.0,102560.0
603288.SH,20260311,0.2198,0.68,31.9349,5.7885,7.7783,3.7915,21879973.4656,20791085.434
300158.SZ,20260311,1.7237,0.85,,1.6273,2.0178,,588435.7122,588070.0601
688017.SH,20260311,2.5482,0.93,306.2925,10.8172,67.2482,0.0479,3826099.7088,3826099.7088
002626.SZ,20260311,0.6587,0.54,23.6845,2.58,3.2608,2.1368,1141797.8913,1141624.7313
600816.SH,20260311,0.6233,0.72,423.5037,1.9292,,,2677689.9251,1487605.514
688670.SH,20260311,0.8915,0.83,,2.1191,20.5856,,233094.4,233094.4
301179.SZ,20260311,16.6034,1.18,73.4318,4.386,8.6275,1.0272,1063996.314,624876.8363
002909.SZ,20260311,1.6651,0.67,5405.3926,3.2371,2.4947,1.3272,290940.0,283798.8277
688638.SH,20260311,3.6028,0.99,,2.8002,3.1419,,227416.0,107458.2103
002043.SZ,20260311,1.2072,0.86,18.2248,4.1517,1.4754,3.6891,1334245.2038,1183683.782
688563.SH,20260311,2.8537,0.8,55.7167,2.8689,10.4529,0.802,2987550.0,776689.9245
000833.SZ,20260311,11.6222,0.78,44.3553,5.6552,7.5617,0.4433,2207330.2722,1248587.9756
600833.SH,20260311,1.0045,0.75,40.9278,2.4331,1.3543,1.7378,282427.3153,282427.3153
603680.SH,20260311,0.8267,1.01,23.111,2.1276,2.3439,2.0161,1166173.5253,1166173.5253
002188.SZ,20260311,3.2736,0.85,88.8214,7.2616,5.9319,,235514.7821,185301.365
000778.SZ,20260311,1.512,0.91,51.1668,0.7492,0.5405,0.404,1961775.2311,1927334.7205
920027.BJ,20260311,1.6289,0.95,37.2153,3.5831,4.5031,0.58,163872.0415,87319.0415
300593.SZ,20260311,3.5914,0.91,,6.6459,13.5768,,1586265.5234,1316570.4769
603530.SH,20260311,2.5681,0.66,80.1648,18.2751,18.4994,0.6619,2983372.0978,2954209.0531
688357.SH,20260311,2.5459,1.14,38.562,2.1781,4.5184,0.5267,379927.3454,379927.3454
301389.SZ,20260311,13.0954,1.52,132.5133,6.7296,39.811,0.9954,1474767.0,439928.1825
002107.SZ,20260311,1.1546,0.76,41.9119,6.2726,4.9105,3.8273,401160.672,397118.8411
603833.SH,20260311,0.414,1.11,13.8284,1.8248,1.8181,6.7873,3319883.1252,3319883.1252
600545.SH,20260311,17.0875,1.67,,2.3277,1.9113,,743771.4844,743771.4844
000029.SZ,20260311,0.3907,0.64,,6.0091,20.0554,,2201372.16,1940252.16
002016.SZ,20260311,1.0857,0.67,35.0563,0.9842,3.3234,0.1678,482220.9967,482220.9967
300760.SZ,20260311,0.424,0.82,25.4527,5.8132,6.6192,2.5641,21893054.2515,21892408.2623
301603.SZ,20260311,11.4594,2.73,26.2163,3.8842,3.6044,0.2686,899178.96,280956.195
301216.SZ,20260311,5.4619,1.57,,2.3257,0.8532,0.5435,1409278.2066,1331874.7623
601899.SH,20260311,0.7191,0.52,21.7356,5.8996,3.024,1.3395,99020166.2134,76717726.0534
002887.SZ,20260311,5.0577,1.98,31.4257,1.6272,7.62,2.0525,372692.5996,237024.0375
002392.SZ,20260311,0.8194,0.77,26.0372,1.6101,1.3689,0.4141,928582.8544,892227.4787
300573.SZ,20260311,6.0378,1.84,27.5372,9.4828,7.3904,1.95,1779467.6145,1368605.7845
002713.SZ,20260311,5.855,1.52,,,14.8826,,1050351.3231,581256.9174
000963.SZ,20260311,0.4169,0.74,16.7752,2.5711,1.4395,2.6298,6202967.2314,6200407.3276
600715.SH,20260311,0.8657,0.74,,7.8081,25.4033,,876928.356,618272.4041
300650.SZ,20260311,3.5158,0.84,69.6481,2.9995,1.4156,0.287,380271.8515,296741.584
301370.SZ,20260311,0.7767,0.9,53.98,2.1161,0.7346,0.7396,530366.2,364864.6282
688173.SH,20260311,2.1019,1.13,,4.4044,6.8548,,643996.4263,639640.1825
002511.SZ,20260311,1.9517,1.03,45.8222,2.1199,1.3407,0.6969,1162885.543,1143574.1096
300061.SZ,20260311,1.0941,0.78,,11.9234,13.4828,,624726.0058,589816.8803
603367.SH,20260311,0.8885,0.68,15.7839,1.2819,2.183,2.3749,777831.5936,777831.5936
002966.SZ,20260311,0.5351,0.7,6.8321,0.7449,2.9536,5.0,3665942.849,3604901.2397
000758.SZ,20260311,2.3679,0.67,28.2981,2.595,1.7371,0.5927,1546571.8256,1535482.0076
920106.BJ,20260311,1.1421,0.93,28.3647,6.929,9.539,0.5969,400851.7605,309207.5009
920225.BJ,20260311,4.1867,0.96,41.5745,4.6901,7.3851,0.7407,342681.0138,223511.8158
688379.SH,20260311,4.4774,0.98,24.897,4.0712,1.8665,0.7836,477002.8284,477002.8284
000507.SZ,20260311,2.5398,0.69,17.2242,0.9494,1.1986,1.1328,519650.2157,509830.2671
000757.SZ,20260311,1.623,0.63,60.8505,1.7834,0.9019,,283937.6786,283932.3087
000876.SZ,20260311,0.7856,0.81,37.1365,1.6535,0.3772,0.2707,4011971.9066,4010039.6716
688087.SH,20260311,2.6974,0.82,26.7657,2.8359,2.2749,0.3794,805327.3163,772918.7835
002747.SZ,20260311,1.9211,0.96,,6.7806,4.8656,,2163029.5425,1748675.517
600300.SH,20260311,2.1606,0.75,14.8024,1.7085,1.7929,3.4409,601576.891,601576.891
000609.SZ,20260311,5.1931,0.8,,,19.1878,,298666.991,290476.1555
002705.SZ,20260311,0.5365,0.62,11.0547,1.2832,0.6839,4.3644,1107398.5639,1102253.0376
601368.SH,20260311,1.2005,1.01,55.6135,1.0231,1.9835,0.5338,496230.8693,496230.8693
603348.SH,20260311,0.4648,0.98,305.0322,1.4302,1.0498,0.7637,617633.2051,617633.2051
920046.BJ,20260311,16.009,0.59,237.2099,14.1172,16.9277,0.2273,355946.85,225487.973
002676.SZ,20260311,1.1089,0.78,75.6797,4.0752,1.8522,0.1355,531360.0,531342.6267
600758.SH,20260311,2.5194,0.73,130.9837,0.9831,1.0751,0.7767,544671.1663,544146.2783
000524.SZ,20260311,2.0559,1.13,110.1763,3.8965,1.9913,0.6047,886685.9738,886342.4384
000566.SZ,20260311,1.773,0.81,,26.4254,8.9093,,735606.0264,735249.1039
920753.BJ,20260311,1.9935,1.76,53.8978,4.3834,7.3685,1.4148,177217.3091,70494.5799
920088.BJ,20260311,33.4164,0.78,115.1494,9.3971,14.6432,0.1079,652697.8865,237651.6052
002320.SZ,20260311,0.7906,0.67,112.9904,5.4279,4.4394,0.4079,2185504.46,2185504.46
600499.SH,20260311,1.4987,1.08,23.4754,2.7116,2.049,1.0897,3409948.6632,3409948.6632
002852.SZ,20260311,2.0843,0.74,13.5827,1.7232,0.6227,2.7363,382148.7869,316932.7458
301586.SZ,20260311,3.2427,0.59,62.1199,3.1267,5.2862,0.4156,399278.1204,254608.064
600871.SH,20260311,2.8267,0.45,104.4199,6.8311,0.8014,,6521223.7666,4660172.2487
002067.SZ,20260311,3.7198,0.82,132.2986,1.2412,1.46,,821493.5961,745045.3461
601225.SH,20260311,0.5721,0.83,14.8931,2.5472,1.5579,4.6223,24644690.0,24644690.0
688800.SH,20260311,3.712,0.8,61.0919,7.9397,5.9406,0.2939,1875955.6095,1875955.6095
002398.SZ,20260311,1.9505,0.79,77.6412,1.0954,1.5364,1.3936,395089.2182,322239.438
003010.SZ,20260311,2.4188,1.19,59.1746,11.5193,3.2857,1.6155,903627.7778,656943.0387
000958.SZ,20260311,0.9959,1.03,133.3805,6.079,26.9786,0.805,11970085.6929,3709163.7334
000050.SZ,20260311,1.0513,0.67,198.2389,0.8445,0.6426,,2322571.5396,2322542.2683
300837.SZ,20260311,6.3902,1.33,98.8253,2.9618,6.7891,0.7346,408407.4206,308706.7706
601990.SH,20260311,0.3926,0.82,27.5812,1.4731,11.0517,1.4257,3361315.6354,2816379.83
000048.SZ,20260311,2.7353,1.4,25.2812,2.4527,2.0576,3.6562,1036171.5165,1028506.5607
002075.SZ,20260311,1.6474,0.79,41.3196,1.8255,0.8577,0.9208,1191247.2166,1191245.3026
300669.SZ,20260311,3.2838,1.78,436.6723,8.1576,22.071,0.2688,713010.4462,675249.7669
301265.SZ,20260311,18.8948,1.31,113.6694,3.2829,7.9073,0.1737,694414.5331,386083.3088
600332.SH,20260311,0.5216,0.68,13.7562,1.0838,0.5298,3.1658,4108373.7281,3552686.4281
688485.SH,20260311,4.2091,0.88,,2.9942,16.2446,0.0892,375880.4471,221983.703
600234.SH,20260311,1.2306,1.81,59.3817,7.0774,7.3764,,353878.2716,353878.2716
603881.SH,20260311,7.5023,0.96,188.8365,8.45,15.6004,0.1549,2775090.3471,2775090.3471
002025.SZ,20260311,12.306,3.37,316.2413,3.9522,4.7827,0.4072,2572701.4062,2563949.4783
002915.SZ,20260311,1.8128,1.02,,5.0058,4.8439,,743636.2459,638950.0728
000725.SZ,20260311,1.6007,0.71,24.5843,1.2293,0.7774,1.1505,16262460.0201,15953990.3608
600113.SH,20260311,0.7627,0.87,167.5777,9.4564,31.211,0.2094,2414184.6151,2358323.4091
000543.SZ,20260311,2.6326,1.17,8.367,1.1625,0.681,3.6209,1997106.5946,1997106.5946
603089.SH,20260311,0.9065,0.77,20.504,2.1468,1.1742,0.7063,321164.5126,321164.5126
601860.SH,20260311,1.3567,1.16,6.9189,0.5129,2.389,3.5842,1021420.2533,990893.1011
601919.SH,20260311,1.0369,0.59,6.339,1.0828,1.0638,10.1384,24117482.948,19776027.7355
300052.SZ,20260311,2.7539,1.18,,9.6974,19.0092,,366602.194,366591.694
301560.SZ,20260311,8.6263,0.92,53.1754,4.8726,4.4513,0.2056,473145.6,94629.12
688004.SH,20260311,2.3106,1.07,,3.2458,11.0386,,188767.416,188767.416
600624.SH,20260311,1.1951,1.14,,5.6892,5.3524,,353939.7568,353939.7568
300923.SZ,20260311,2.2303,1.33,47.4199,2.0644,4.4103,1.5045,233599.2,227264.382
600720.SH,20260311,0.8146,0.82,10.9234,1.0902,1.4072,3.1586,1663581.7846,731561.084
300555.SZ,20260311,1.2521,1.05,,5.8961,18.1711,,280200.0,277376.7931
600989.SH,20260311,2.9938,0.9,21.7256,5.0825,5.278,2.1591,23356751.6,23356751.6
600562.SH,20260311,0.8686,0.81,53.9643,5.3585,9.684,0.922,3421318.3492,3421318.3492
001380.SZ,20260311,1.5579,0.8,21.9431,3.2834,2.9875,0.9017,608880.2596,197832.6615
300388.SZ,20260311,1.0901,0.81,16.8194,1.3248,1.6835,2.1763,610213.839,609102.8196
601058.SH,20260311,0.83,0.76,13.1229,2.2989,1.3544,2.5798,4843371.6815,4843371.6815
601798.SH,20260311,3.125,0.7,,2.7309,4.5213,,346019.5212,346019.5212
301055.SZ,20260311,1.8372,1.31,71.1937,4.9844,3.27,0.5571,326196.0,326196.0
000009.SZ,20260311,1.3626,1.3,339.9757,2.3775,1.0695,0.3229,2396089.7735,2393123.012
002848.SZ,20260311,2.501,1.19,,18.0007,13.15,,207767.45,205003.2815
002221.SZ,20260311,3.5464,0.89,36.1197,1.2608,0.4592,,1401177.5849,1298717.9746
603322.SH,20260311,2.8462,1.13,,19.6745,2.3028,,566839.7052,566839.7052
603091.SH,20260311,0.9767,0.68,30.4092,4.1039,5.9774,1.1297,868825.2629,261880.767
688113.SH,20260311,1.306,0.83,30.453,2.761,5.5858,1.0184,271242.5185,271242.5185
300765.SZ,20260311,0.6476,0.89,,12.013,21.1476,0.0629,4430086.1454,4430086.1454
301010.SZ,20260311,6.272,2.24,117.3027,3.0621,2.4967,0.8514,253692.0,253692.0
688205.SH,20260311,8.4137,1.14,402.9136,12.7039,31.5709,0.1767,2948064.2526,2948064.2526
300375.SZ,20260311,3.2448,0.87,90.025,1.8478,1.5466,0.6426,423174.5216,283812.2343
002316.SZ,20260311,6.2225,1.14,366.5723,29.4047,3.8545,,226044.0,195951.375
603305.SH,20260311,1.6953,0.74,46.3896,2.0096,4.1826,1.9853,1823708.1014,1823708.1014
001325.SZ,20260311,31.5809,2.33,27.1713,2.5077,3.0811,,439824.0,109956.0
001230.SZ,20260311,4.2074,1.06,22.9415,1.8117,2.2146,1.6462,347242.8095,203227.6575
600737.SH,20260311,0.6799,0.43,24.9526,3.0231,1.1331,2.5721,3409324.0754,3409324.0754
688390.SH,20260311,7.2632,1.35,182.5681,9.052,2.7955,,2484095.8577,2484095.8577
300394.SZ,20260311,3.4488,0.78,140.428,52.7516,53.8854,0.259,25732465.9921,25680713.9766
920682.BJ,20260311,3.1321,0.63,33.4066,2.7487,0.8389,1.7007,317990.4,184408.8756
688302.SH,20260311,1.1316,0.85,,4.003,206.041,,425965.1026,425965.1026
300564.SZ,20260311,2.2272,0.84,180.525,2.1845,8.087,3.0581,263750.352,185068.5113
600131.SH,20260311,4.693,1.02,39.9334,4.3906,2.5483,0.9797,2708282.3994,2702745.6367
920263.BJ,20260311,1.6008,0.72,88.7579,2.9138,5.326,,169208.9894,122907.2969
002799.SZ,20260311,4.1827,1.51,,2.3985,3.3553,,304678.08,304674.0816
603390.SH,20260311,0.8596,0.69,69.5153,2.7443,4.7687,0.7137,443433.1518,441998.0947
688612.SH,20260311,1.2302,0.89,21.6392,3.3247,1.901,1.2464,1205584.9698,726341.3668
002628.SZ,20260311,4.0119,0.62,,1.4508,5.0986,,415648.1278,413827.8563
301584.SZ,20260311,3.3781,0.99,39.5776,5.7092,0.6146,,1185927.1528,141943.1462
301132.SZ,20260311,11.4298,1.22,45.0122,3.3925,3.9005,1.0072,616038.7958,394095.2746
301314.SZ,20260311,9.4124,1.05,183.6982,2.6194,15.8306,0.4031,274150.5,80632.5
688662.SH,20260311,9.43,0.89,154.6366,8.4422,11.5316,0.5006,616797.6,616797.6
002576.SZ,20260311,5.6181,1.38,38.1553,2.4749,1.7684,0.4085,323265.8,317249.984
600665.SH,20260311,1.0309,0.8,,1.1517,0.2774,,305899.3724,305899.3724
300629.SZ,20260311,24.4789,2.25,374.6759,4.1347,20.2925,0.3555,703482.7404,606701.6355
920690.BJ,20260311,1.1972,0.8,26.3405,3.2059,4.9599,1.368,193861.2,126021.7099
600568.SH,20260311,3.6072,2.7,,3.7273,11.2108,,639711.1676,535770.5966
002601.SZ,20260311,2.1576,1.11,38.1664,2.1028,1.8721,2.9148,4882940.0187,4070610.5057
300382.SZ,20260311,1.2766,0.63,,3.5281,3.9381,,811796.7925,811719.4539
600774.SH,20260311,1.9237,0.88,,1.7121,2.7612,,285886.3975,285702.0249
301362.SZ,20260311,20.1691,0.78,57.524,4.47,6.7902,1.7554,1113898.14,315748.14
600318.SH,20260311,8.7701,0.85,129.0744,4.423,14.6989,0.2121,483502.157,483502.157
603318.SH,20260311,18.1304,0.58,,2.7085,2.0527,0.6032,517510.1124,428313.1721
300110.SZ,20260311,1.1876,0.71,,2.8522,3.0784,,386583.6451,386137.1675
301129.SZ,20260311,10.2535,0.59,57.7766,2.3766,8.5644,0.8288,400489.6378,195334.5275
002171.SZ,20260311,2.0149,0.71,35.9795,2.3593,0.3472,,2046524.6566,2034927.9937
002775.SZ,20260311,2.1315,0.78,,8.0273,4.7279,,285039.3486,211200.8846
001227.SZ,20260311,1.3183,0.8,6.9639,0.4383,1.7107,4.3534,1321401.743,978460.0072
301508.SZ,20260311,2.1887,0.73,48.2779,3.5924,8.3395,0.6504,733420.3888,190865.2816
000750.SZ,20260311,0.7641,0.87,34.0026,1.1553,7.5481,1.0294,2605559.1866,2364851.2226
300190.SZ,20260311,2.9268,1.19,,1.2237,2.0623,,385367.0245,384149.9979
301458.SZ,20260311,3.2883,0.78,78.0188,6.066,13.43,0.5263,1003200.1254,441967.2351
600678.SH,20260311,2.7969,0.89,208.2815,14.0611,7.2686,,396452.64,396452.64
300973.SZ,20260311,2.2347,1.29,20.4645,2.643,1.5013,1.8228,639937.8289,440352.7781
603908.SH,20260311,1.5983,0.95,83.0344,4.3593,2.2285,2.6119,232351.8351,232351.8351
300287.SZ,20260311,1.5911,0.8,,6.5019,15.345,,698978.3445,641974.0984
603169.SH,20260311,2.7994,0.8,204.0281,4.369,2.1272,,1446065.0204,1446065.0204
601009.SH,20260311,0.426,1.39,6.2932,0.756,2.4709,4.4666,13723559.642,13723559.642
603300.SH,20260311,2.831,0.88,22.5716,2.2462,2.4808,0.3431,1461972.0331,1461972.0331
002195.SZ,20260311,12.5988,1.2,351.714,6.0833,94.1496,,6073164.0794,5998951.2936
301295.SZ,20260311,9.9968,1.6,171.5291,3.7641,4.9494,0.6736,359150.4,104752.2
002573.SZ,20260311,1.2896,0.88,,0.9909,0.6603,,588751.1049,587702.9513
002374.SZ,20260311,1.7667,0.71,,4.456,6.4732,,375482.4119,375482.4119
300792.SZ,20260311,3.2445,1.05,115.4844,3.145,8.2392,0.2573,920759.4488,825905.8533
688155.SH,20260311,2.7634,1.57,30.8354,4.707,3.6231,0.6928,1084820.9486,1084820.9486
603332.SH,20260311,1.0854,0.79,54.1193,2.299,1.8746,1.6172,293366.7815,293366.7815
301397.SZ,20260311,4.1629,1.27,42.4503,2.4975,3.4837,1.9463,489404.1513,222399.6369
002645.SZ,20260311,3.8982,1.13,,2.4637,1.4069,,983449.7641,875839.4724
300527.SZ,20260311,0.9628,0.73,744.9237,2.9728,8.3946,0.03,865271.5866,865271.5866
688716.SH,20260311,2.2902,0.93,383.8532,3.8466,14.7316,0.5343,455448.24,261737.3973
000717.SZ,20260311,1.6634,1.24,,0.8407,0.2345,,659286.0005,659208.5825
688793.SH,20260311,1.648,1.26,,7.7911,2.4387,,188048.5768,188048.5768
300908.SZ,20260311,0.473,0.58,22.4173,2.2941,3.7235,2.8923,403836.0,340640.2963
601089.SH,20260311,0.8469,1.84,24.3076,3.0543,3.292,2.0789,1125600.0,1125600.0
002168.SZ,20260311,1.0484,1.28,,139.788,9.4763,,316802.0007,316802.0007
300230.SZ,20260311,2.6832,0.98,19.4402,1.3377,1.8318,1.2127,435882.4044,337584.8595
000782.SZ,20260311,2.6682,0.75,,2.468,1.6022,,424307.3726,326390.287
300600.SZ,20260311,2.2788,0.82,,3.3365,16.7827,,407514.7548,407514.7548
002774.SZ,20260311,1.7314,0.87,37.7447,3.1215,2.645,3.2374,374396.9448,313330.3917
000972.SZ,20260311,1.0598,1.11,,,7.956,,290002.6257,290002.6257
000856.SZ,20260311,2.8111,0.81,135.4126,6.0502,0.9647,,253786.0,253786.0
603896.SH,20260311,1.2195,0.33,30.2489,1.7862,6.1629,1.3366,400452.7002,400452.7002
002430.SZ,20260311,0.9405,0.62,29.5644,2.9333,2.0074,1.3235,2969305.6252,2968136.3156
920152.BJ,20260311,1.5258,1.32,,10.9958,3.8126,,229141.2186,169087.8011
688376.SH,20260311,1.224,0.89,67.0587,4.0142,4.0513,0.3445,780268.4649,780268.4649
002971.SZ,20260311,2.4677,0.88,92.2192,4.1683,4.2266,0.3178,664698.945,505393.2699
301299.SZ,20260311,3.179,0.9,60.4339,7.149,12.0475,2.5204,407266.8772,407266.8772
301386.SZ,20260311,10.9222,0.79,42.0241,2.747,7.6052,1.7182,407400.0,124900.1216
301587.SZ,20260311,3.8896,1.29,80.2988,1.8721,5.6557,1.9285,370382.6926,184660.9426
688221.SH,20260311,3.1614,0.93,,8.3831,51.5972,,741291.1543,741291.1543
603931.SH,20260311,1.0448,0.77,49.7003,3.9309,10.1342,0.6923,634196.5316,634196.5316
688567.SH,20260311,1.6842,1.76,,1.8754,1.9104,,1735387.5167,1735387.5167
920523.BJ,20260311,3.2941,2.78,17.5024,3.6416,4.8987,1.171,259534.1074,206072.4409
002199.SZ,20260311,0.5055,0.47,,10.2634,8.2503,,195727.6599,195727.6599
002758.SZ,20260311,1.8314,0.76,12.6986,1.1614,0.1253,2.751,555637.4764,554997.902
688307.SH,20260311,6.3499,0.72,80.13,5.6299,7.7243,0.7803,508497.472,508497.472
603341.SH,20260311,2.1908,0.72,38.6999,3.1375,0.5223,1.1374,2235120.1844,1138592.2782
300784.SZ,20260311,6.5532,1.29,47.075,3.7525,5.7622,0.7491,300308.784,90400.059
688553.SH,20260311,0.848,0.69,,2.0532,7.7323,2.5294,771799.2,625929.379
300109.SZ,20260311,2.3877,0.62,38.1494,2.4549,6.3157,1.3261,913774.0094,846041.3901
000070.SZ,20260311,17.7337,1.33,,10.432,3.8799,,1572902.2957,1552521.9544
300566.SZ,20260311,3.6307,0.71,28.8359,2.6055,2.5035,0.9588,541770.2557,468548.4509
600227.SH,20260311,31.6812,1.6,,2.8562,3.0474,,683934.7124,517427.9202
688177.SH,20260311,0.3727,0.74,,25.4446,10.1249,,945344.64,945344.64
601186.SH,20260311,0.9337,1.18,4.6918,0.3668,0.0965,4.0706,10008122.0855,8477891.9335
600506.SH,20260311,4.71,0.61,82.9986,9.3339,1.865,,447788.1541,447788.1541
600892.SH,20260311,1.1656,1.02,,270.3299,8.0357,,204204.4286,204151.6306
002290.SZ,20260311,3.6041,1.66,106.5025,17.5323,6.5184,,1663345.0603,1658505.6103
600787.SH,20260311,1.3777,0.89,27.4368,0.913,0.1995,1.1993,1269496.5555,1269496.5555
600985.SH,20260311,0.8744,0.68,20.8341,0.8991,0.9099,5.4269,3722083.5358,3722083.5358
002581.SZ,20260311,1.1553,0.65,,2.901,21.0403,,542302.6517,329450.3343
002803.SZ,20260311,3.2389,1.04,31.3541,3.2183,1.2356,1.8109,824241.677,528449.444
603077.SH,20260311,6.5799,1.46,,1.4736,3.4933,,2675955.7801,2675955.7801
000919.SZ,20260311,0.8895,0.64,122.7282,1.2136,1.3373,1.3552,460224.1507,460107.3787
603629.SH,20260311,20.1141,1.43,88.1986,8.7261,5.1468,0.2029,1656929.7,1622020.38
300581.SZ,20260311,1.876,0.76,,8.6022,54.4921,,821863.6617,821863.6617
603733.SH,20260311,0.5319,0.88,18.0595,2.1031,1.4431,2.0259,1742416.7047,1742416.7047
688660.SH,20260311,1.5419,0.94,,4.6826,1.417,,1938666.7636,1938666.7636
920021.BJ,20260311,10.1609,0.95,311.6439,5.065,7.8828,,325994.9821,261170.18
300616.SZ,20260311,3.4359,1.35,,0.9528,0.831,6.2531,299728.8333,206936.0031
300561.SZ,20260311,8.0566,2.18,,6.9896,43.6356,0.2739,419321.9921,308071.5796
688227.SH,20260311,2.832,1.68,,6.5235,16.8133,,827564.613,827564.613
002826.SZ,20260311,5.4452,0.93,46.6077,4.9895,6.3729,0.4679,400232.5973,365911.0905
002027.SZ,20260311,0.7509,1.07,18.0933,6.8671,7.7896,5.5882,9820695.8137,9820695.8137
688092.SH,20260311,0.9746,0.58,51.5482,3.9778,5.8345,0.8819,262457.3745,262457.3745
002121.SZ,20260311,8.9013,1.17,,22.5632,3.2688,,1670781.5881,1408321.9384
688530.SH,20260311,14.8509,0.81,,6.579,9.7301,0.1962,530228.5019,224549.1899
301363.SZ,20260311,4.8639,1.58,52.8434,4.5397,10.1707,0.5179,1659966.1032,1089006.3773
920533.BJ,20260311,2.0899,0.83,96.9557,9.2675,4.8861,0.5901,340884.3541,190573.2851
600301.SH,20260311,3.335,0.6,64.3348,8.7554,7.3491,,3934569.7194,1712587.9358
600170.SH,20260311,5.455,2.29,13.1482,0.8447,0.1091,2.0,2665781.9232,2665781.9232
603589.SH,20260311,0.3879,0.64,14.7073,1.526,3.311,4.869,1598175.2292,1598175.2292
002442.SZ,20260311,1.972,0.76,36.8989,1.8307,0.7505,1.7991,335694.1352,328540.6436
688169.SH,20260311,0.9126,0.86,25.6233,2.4867,1.8721,0.5671,3484980.6496,3484980.6496
600149.SH,20260311,12.0682,0.71,155.6463,10.7408,12.0374,,250525.44,250525.44
300478.SZ,20260311,2.061,0.7,,64.4201,7.4039,,330869.876,330869.876
002209.SZ,20260311,2.8876,0.98,23.7001,3.7845,1.6396,0.3331,310684.3471,244004.4728
601019.SH,20260311,0.368,0.97,12.2313,1.2242,1.6323,4.0884,1888644.5,1888644.5
300237.SZ,20260311,2.2556,1.49,,,1.9909,,364804.4773,364801.0618
002212.SZ,20260311,8.1809,2.16,623.7469,1.1279,4.3012,0.2216,1049713.9523,1038496.4404
002347.SZ,20260311,3.3695,1.05,,4.123,4.0691,0.2139,471896.6281,461313.0124
688322.SH,20260311,1.2139,0.74,262.4859,11.2035,35.4609,,3335915.4998,2650112.8759
688225.SH,20260311,3.2893,3.4,,4.9955,1.1088,,860021.5,860021.5
300692.SZ,20260311,3.1564,0.53,53.9672,1.541,3.8367,0.3316,375365.2824,335976.8484
300768.SZ,20260311,1.3358,0.89,72.1243,3.4485,9.7092,0.4343,1171125.0219,765194.5627
600865.SH,20260311,1.3941,0.68,183.5706,2.0127,25.0418,1.4646,462399.3484,462399.3484
601898.SH,20260311,0.885,0.94,13.8112,1.5304,1.4881,2.3674,23746266.1494,16391232.7164
301075.SZ,20260311,2.873,0.95,,12.1051,40.7982,,722560.0,722560.0
603170.SH,20260311,0.6039,0.82,22.0028,3.9222,1.9399,2.8179,553613.84,553613.84
688010.SH,20260311,1.9687,0.83,387.6741,2.839,7.2872,0.184,492121.2366,492121.2366
688119.SH,20260311,1.6584,0.95,,2.3385,3.2957,,658125.0,658125.0
301505.SZ,20260311,3.165,0.68,134.5709,2.9759,9.8441,0.8003,284398.3776,186255.6644
301323.SZ,20260311,1.9573,0.74,40.9139,2.7026,6.1965,1.0628,584433.3992,374569.8502
600502.SH,20260311,1.8158,1.31,7.1884,0.7803,0.0978,5.8116,856550.4351,856550.4351
301580.SZ,20260311,9.9199,0.97,51.8311,4.4985,9.4382,0.5276,937767.9256,633749.5296
601010.SH,20260311,0.8088,0.67,41.9084,1.0447,2.649,4.2115,447216.0,447216.0
301126.SZ,20260311,2.9678,1.05,,1.4527,0.47,0.8432,252851.3392,169734.3041
688581.SH,20260311,0.6177,0.77,21.1528,1.8734,7.8921,2.3593,471319.279,241461.8628
688019.SH,20260311,1.4238,0.97,52.4925,12.4683,16.5443,0.1402,4142590.7712,4142590.7712
300125.SZ,20260311,1.5821,0.87,,,58.1486,,591274.7885,320399.5926
002524.SZ,20260311,2.9599,0.77,,21.8349,2.8544,,244782.4977,242657.2289
002282.SZ,20260311,1.2827,0.72,23.0487,1.163,2.4653,2.5031,420943.8401,403501.1028
001223.SZ,20260311,0.7527,0.86,75.0817,2.6183,6.0097,0.1961,510168.68,510168.68
300460.SZ,20260311,1.7233,0.77,,4.7439,4.9915,,264798.4087,264798.4087
000638.SZ,20260311,10.6908,1.79,,4.0627,1.2385,,56672.3523,56446.4994
002069.SZ,20260311,1.8391,0.85,,152.6486,1.8451,,276622.6435,276274.0995
300099.SZ,20260311,5.2577,0.8,74.2489,3.109,12.3645,2.3755,710723.7058,560481.3994
301051.SZ,20260311,2.973,1.34,,2.042,2.5605,0.1879,450350.3854,357115.6686
603109.SH,20260311,0.9067,0.81,23.5469,2.7002,1.7405,1.1494,536949.1336,536949.1336
002873.SZ,20260311,1.5811,0.82,341.5606,2.0289,3.3933,0.5508,256308.9963,250602.2621
688190.SH,20260311,1.7266,0.67,47.9646,5.4181,7.4105,1.2255,1400280.0,1400280.0
920139.BJ,20260311,1.2302,0.83,,5.1291,16.9327,,535511.1879,513286.2472
002310.SZ,20260311,4.1665,1.39,,10.1135,44.5727,,1553824.4283,1087553.8767
300415.SZ,20260311,3.7343,1.18,18.8787,4.1877,2.2929,1.7597,1305882.5281,1262767.7914
002569.SZ,20260311,1.6257,0.81,,74.6718,18.0143,,215438.96,209374.8118
600279.SH,20260311,0.9585,0.59,12.7058,0.9479,1.5201,0.7435,638534.0603,638534.0603
002682.SZ,20260311,8.2649,0.52,,3.3001,1.5194,,355416.9514,355411.6426
600802.SH,20260311,1.9704,0.77,,2.5334,1.6203,,280448.0208,280448.0208
300805.SZ,20260311,3.3178,1.02,121.1377,3.2216,2.0233,0.1687,502963.9501,341696.3521
300520.SZ,20260311,6.4201,0.69,,7.0076,7.519,,1239963.7024,1180423.8065
002330.SZ,20260311,1.5089,0.66,,1.4283,0.9987,,327187.3744,327117.0382
688577.SH,20260311,2.1186,1.84,164.7488,7.6963,8.8729,0.6104,781294.9773,781294.9773
301151.SZ,20260311,1.0621,0.69,42.4607,1.6789,3.8936,1.533,343585.3353,343259.4556
603599.SH,20260311,3.07,1.35,19.3482,1.4071,3.676,1.7521,1402725.0606,1402725.0606
000547.SZ,20260311,18.6915,0.95,,11.3263,22.4112,,5324497.804,5293362.2575
002453.SZ,20260311,2.9753,0.89,,5.6288,14.7931,,515853.125,389104.5914
002493.SZ,20260311,0.8476,0.86,190.628,3.2122,0.4541,0.682,14035166.3669,13153888.8981
002810.SZ,20260311,2.7394,0.77,41.2662,3.0078,3.4334,0.5152,672276.1185,622573.6878
605080.SH,20260311,1.0588,1.47,16.8453,1.5684,3.3494,0.8082,344935.0271,342035.8744
300590.SZ,20260311,2.0393,1.2,65.6097,3.1046,6.6183,1.7764,566158.4893,436220.1427
300697.SZ,20260311,4.3443,0.8,43.8961,5.9444,2.3877,0.8217,728998.4,339512.7798
300400.SZ,20260311,4.6119,1.29,50.3316,8.0488,7.1535,3.5825,548576.9338,542466.8074
600365.SH,20260311,2.055,1.32,,5.5737,1.938,,150283.93,141429.68
603606.SH,20260311,2.1642,0.95,44.2355,5.7121,4.4272,0.7043,4379371.4634,4379371.4634
002140.SZ,20260311,4.549,1.17,19.2662,2.2379,1.0241,1.3793,1026620.1144,1025093.9938
603099.SH,20260311,1.8292,1.17,72.273,6.9338,13.4255,0.2063,1053744.8223,1031746.23
600333.SH,20260311,3.9345,0.53,,1.8668,1.5585,,348974.5819,348974.5819
002594.SZ,20260311,2.5916,1.35,23.5886,4.1145,1.0755,1.3351,90460834.2399,34600413.3678
002950.SZ,20260311,1.5615,1.25,14.5605,1.7652,1.8964,0.5637,658596.0233,470075.0174
300418.SZ,20260311,5.2716,1.06,,4.813,8.8477,,6758841.835,6754177.945
002048.SZ,20260311,2.0279,0.97,73.4266,2.1219,0.8705,1.5974,2386158.7137,2081116.6442
300438.SZ,20260311,17.8337,2.03,,5.4293,2.8592,,2828789.6832,2271403.0176
601636.SH,20260311,1.5766,0.75,34.9915,1.3841,1.3233,0.571,2094726.8394,2094726.8394
002715.SZ,20260311,2.151,0.82,,4.815,4.1992,0.1944,227148.0,227148.0
002858.SZ,20260311,5.0164,1.3,,4.7942,5.3396,,260796.4623,233842.6949
600900.SH,20260311,0.3668,0.62,19.5505,3.093,7.7779,3.4542,66798234.3647,66798234.3647
301017.SZ,20260311,1.8851,1.07,,3.0072,0.602,,598269.5241,359319.5241
600073.SH,20260311,1.269,0.8,2285.445,1.2419,0.2773,1.0542,622652.3694,622652.3694
603916.SH,20260311,1.9496,0.76,45.0814,1.1916,1.3732,0.8615,502175.9494,495143.2894
688328.SH,20260311,11.8001,1.14,162.6363,4.9019,6.0491,,406917.7189,406917.7189
002579.SZ,20260311,8.0035,1.47,241.4684,3.1782,2.3593,,768836.3681,732181.927
605088.SH,20260311,0.9121,0.78,23.1236,2.4333,1.643,1.5917,698796.7047,688418.4771
002568.SZ,20260311,0.5263,0.52,28.5643,4.1758,6.7639,1.5702,1982805.3175,1366735.898
001300.SZ,20260311,1.5517,1.31,,4.0563,8.3563,0.0577,420269.6757,420269.6757
300462.SZ,20260311,2.1213,0.87,60.9642,1.6264,3.2,,232507.7465,177097.6759
603536.SH,20260311,1.4734,0.88,,6.1309,1.4644,,246986.0148,245102.3729
600235.SH,20260311,1.4213,0.69,86.0908,1.6877,2.1566,0.2338,255395.1,255395.1
300820.SZ,20260311,2.9157,0.85,55.7087,4.676,7.4022,0.7433,1185053.0387,596008.8859
003000.SZ,20260311,0.6827,0.65,19.2328,3.6035,1.9595,3.7155,479751.3852,327776.1539
920402.BJ,20260311,1.4084,0.56,,2.7159,8.8515,0.2012,419527.7066,271236.0373
001236.SZ,20260311,1.3332,0.55,653.6014,5.4251,7.502,0.0995,1012816.6669,761868.1669
688653.SH,20260311,2.4611,1.03,,4.21,8.8084,,601912.64,448671.6445
002179.SZ,20260311,4.9162,3.61,37.2025,3.3287,3.7088,2.1451,7900122.2301,7822066.688
688222.SH,20260311,2.24,0.88,95.5869,7.3039,20.7365,0.2199,1089849.6,1089849.6
601702.SH,20260311,0.6198,0.66,17.9427,3.6467,1.8164,1.3399,2235710.0134,2235710.0134
603373.SH,20260311,3.1972,0.65,35.5138,2.5733,1.6759,1.6378,459569.8937,194168.2816
300421.SZ,20260311,4.4936,1.14,137.4816,6.0844,7.1367,0.457,772124.051,604883.5331
600755.SH,20260311,1.2944,0.9,28.5272,0.7201,0.0454,4.1584,1400141.8185,1396563.809
600415.SH,20260311,0.5907,0.75,18.5042,3.505,4.2758,2.3273,7775686.9825,7775686.9825
002472.SZ,20260311,2.1035,0.98,28.401,3.5509,3.9546,1.0173,3363477.0929,2989844.6942
300751.SZ,20260311,3.9304,1.17,87.6274,9.2611,8.8044,0.4207,7278500.4063,5036830.2545
002200.SZ,20260311,1.1038,0.98,,,6.5794,,337893.0602,146598.7515
002068.SZ,20260311,5.6952,1.7,,2.6782,0.7768,,718432.2565,718100.6871
920496.BJ,20260311,6.6619,0.59,169.8615,3.2695,3.0327,1.3514,183788.25,160948.2595
002128.SZ,20260311,0.7742,0.53,14.5174,2.009,2.4122,3.3567,7345636.3366,7345636.3366
002236.SZ,20260311,1.295,0.8,15.562,1.5888,1.8319,3.5064,5998328.9226,3861630.7413
688802.SH,20260311,10.8647,1.45,,16.3193,130.7607,,21498173.2,974643.2972
300254.SZ,20260311,4.6487,0.83,153.3058,10.6218,3.6761,,312196.3383,275410.7057
603486.SH,20260311,0.662,0.68,23.3942,4.3221,1.9612,0.6878,3764146.3316,3727929.5414
301288.SZ,20260311,1.1152,1.02,,2.6626,17.371,,211591.59,153016.7475
301118.SZ,20260311,5.7322,1.37,,2.3408,2.1119,0.4399,313729.1508,299084.3622
300597.SZ,20260311,2.3718,0.97,,2.9389,5.6667,0.0384,277476.2905,276256.9383
002161.SZ,20260311,3.3984,0.85,56.0142,3.6405,10.4114,0.1814,611779.3698,582822.1484
688217.SH,20260311,1.0071,0.65,,2.0003,9.7716,0.5518,170025.3474,170025.3474
601088.SH,20260311,0.2634,0.75,18.3994,2.3961,3.193,6.774,95031130.9448,78876634.5388
603638.SH,20260311,0.9493,1.26,49.4397,5.455,6.1307,0.6643,1876598.533,1876598.533
600860.SH,20260311,7.4224,0.53,,10.958,5.2363,,845865.8515,686043.0175
603317.SH,20260311,0.8105,1.18,23.1924,3.0884,3.8471,4.3127,1355381.9328,1355381.9328
600765.SH,20260311,2.0807,0.89,122.0195,2.1022,2.7912,0.6482,2960606.3498,2960606.3498
603282.SH,20260311,3.9237,0.83,24.0609,2.2242,2.8604,1.0587,294002.54,141013.2564
600729.SH,20260311,1.1041,0.58,10.0023,1.3073,0.694,6.5623,1020970.2325,446175.2324
300467.SZ,20260311,1.8692,0.77,380.3894,9.6151,21.6445,,613881.9938,509211.5248
002529.SZ,20260311,1.4576,1.33,,9.293,5.2482,,179660.0,179660.0
300928.SZ,20260311,4.3187,1.13,,2.4133,2.5984,,264960.0,177478.4151
300773.SZ,20260311,11.8735,0.96,125.9418,6.5074,4.1081,1.4113,2233688.3732,2112588.3824
001301.SZ,20260311,4.9967,2.98,21.9928,3.1602,3.0036,0.9723,2137014.4559,1524517.0611
301050.SZ,20260311,2.8269,0.71,101.3759,4.0387,18.2394,0.6658,1273389.8928,1083593.5456
000829.SZ,20260311,3.3018,1.26,,3.8103,0.1385,0.0923,1111208.8748,1110156.5612
688498.SH,20260311,2.8681,0.7,405.3756,33.1846,128.6855,0.0442,7739592.7263,7639715.93
920510.BJ,20260311,1.5216,1.04,,7.8844,14.6485,,307084.6196,156529.763
603261.SH,20260311,0.6708,0.94,,3.5026,8.1747,,232902.5911,232902.5911
688211.SH,20260311,0.2729,0.74,,1.2633,1.7271,,439573.0513,439573.0513
002726.SZ,20260311,1.1284,0.54,,3.9463,0.4021,,426268.4722,425944.9672
600486.SH,20260311,2.3263,1.26,27.7093,3.0289,2.9484,1.0928,3412838.9671,3401584.4667
002513.SZ,20260311,5.4219,0.6,,70.3712,1.2416,,272681.228,209843.9853
300682.SZ,20260311,5.481,1.33,,3.074,4.9063,1.3001,2073447.4838,1984647.509
002714.SZ,20260311,1.2484,0.76,12.8349,3.496,1.861,3.0015,28466636.5501,18781163.1943
688419.SH,20260311,2.6371,0.82,67.0253,5.2278,18.4116,0.5995,542974.9111,282075.2338
300225.SZ,20260311,1.1566,1.07,87.6216,2.82,3.1394,0.3906,243419.9501,243229.2301
300988.SZ,20260311,10.0582,1.85,39.5781,3.1988,2.1205,0.5755,407142.93,309555.896
002494.SZ,20260311,2.9888,0.74,147.004,1.8032,5.5508,,221104.0807,168047.4767
601512.SH,20260311,0.1635,0.67,17.3876,0.9164,4.1874,1.3883,1381976.58,1381976.58
688571.SH,20260311,0.8388,0.78,31.6656,2.0491,2.75,2.4016,343578.267,343578.267
002575.SZ,20260311,37.3735,2.84,,6.3274,12.4691,,524641.5,498256.6705
600650.SH,20260311,0.6874,0.81,64.5325,1.8708,4.7057,0.7576,800937.8754,567093.2289
300157.SZ,20260311,19.3883,0.66,270.2492,,10.6037,,594102.9131,557765.81
600651.SH,20260311,0.6577,0.84,379.2546,7.5526,9.8433,,1882778.0393,1882778.0393
605033.SH,20260311,3.3754,0.68,106.7829,2.788,3.6482,0.6378,317990.4,317990.4
000816.SZ,20260311,4.4915,0.88,,2.6847,4.4334,,549865.0608,545843.5794
300538.SZ,20260311,2.578,0.8,,3.0473,0.8826,,293252.7397,195028.2198
300766.SZ,20260311,9.7485,0.85,,10.3373,34.4302,,1623211.0008,1473124.1563
688021.SH,20260311,9.4532,4.17,151.6556,2.4411,6.1028,,212812.2018,212812.2018
001210.SZ,20260311,4.2123,1.19,48.1197,2.8025,3.2067,1.2223,363491.783,220903.1794
688468.SH,20260311,0.6257,0.65,68.6464,2.1599,9.1633,1.618,304842.08,304842.08
600663.SH,20260311,0.1867,0.67,26.6469,1.6154,2.0416,1.8736,4038193.2506,2530858.2969
002552.SZ,20260311,1.2996,0.78,40.3568,5.5932,2.5482,1.0288,754243.4835,716370.3938
688401.SH,20260311,1.8508,0.92,41.1493,6.7915,8.9291,0.5587,1031513.9968,1031513.9968
300226.SZ,20260311,5.4176,0.99,44.8335,4.2528,0.1214,0.1762,904531.3956,869437.3744
300627.SZ,20260311,1.3954,0.75,42.0136,7.1267,7.7699,0.976,2860354.0594,2355902.5797
600082.SH,20260311,2.4011,0.5,41.1615,1.3987,3.3163,,248754.593,244219.1336
603958.SH,20260311,4.921,1.14,,6.4293,3.3761,,442668.48,442668.48
301429.SZ,20260311,2.3716,0.76,49.2055,1.8932,2.5773,1.3825,254764.1,94908.6416
605180.SH,20260311,1.2162,0.92,100.4995,2.3492,7.6506,0.8181,268541.0,268541.0
002103.SZ,20260311,1.9134,0.76,27.9434,4.0055,1.682,,480845.6577,339319.782
300609.SZ,20260311,3.7203,0.88,,4.7476,13.0518,,473130.5704,472401.1464
920003.BJ,20260311,2.5481,0.87,19.3545,3.4726,5.2825,1.3201,196084.2866,40343.1956
002479.SZ,20260311,2.1633,0.97,21.6416,1.1577,0.8757,2.6596,487860.0,486773.084
600143.SH,20260311,1.66,0.98,39.6039,2.504,0.6857,0.539,4776939.5888,4776939.5888
600569.SH,20260311,1.588,1.05,,2.6529,0.2517,,723850.1893,723850.1893
688805.SH,20260311,5.6759,0.86,102.7546,6.3141,13.3204,,771831.04,145081.308
002585.SZ,20260311,3.4193,1.02,,0.9938,1.5675,0.3995,857133.2816,665807.9028
600809.SH,20260311,0.3459,0.84,15.5652,4.9359,5.0938,2.2945,19141238.6432,19141238.6432
301228.SZ,20260311,2.0484,1.17,,7.3992,13.1923,,510840.0,508457.3316
002700.SZ,20260311,5.3115,0.51,39.3531,2.1439,4.2404,0.9309,293262.3832,186796.5957
688783.SH,20260311,3.2808,1.08,,7.8077,36.5946,,9694757.8,395246.824
688192.SH,20260311,0.4895,0.92,,15.8067,29.4102,,2356155.6773,2336116.353
300945.SZ,20260311,9.3779,0.87,40.8116,2.9999,1.7376,1.0593,494791.2356,450100.4215
002110.SZ,20260311,1.8082,1.28,44.8184,0.5386,0.2295,,1059077.235,1059077.235
002831.SZ,20260311,3.1521,2.18,21.251,2.7235,1.7916,2.9827,3135268.981,1740442.9039
920007.BJ,20260311,3.9318,1.2,32.7952,4.5891,2.8884,1.4666,297830.7124,71339.0236
300739.SZ,20260311,12.9262,0.89,211.184,4.0582,6.2524,0.4082,1095343.9755,1006482.8745
600894.SH,20260311,0.7523,1.18,12.3181,0.9594,1.1474,7.3235,818462.9059,810261.8116
002623.SZ,20260311,10.7445,2.28,,1.8004,2.517,1.8928,509998.125,508905.7523
688036.SH,20260311,0.7907,0.65,25.1473,3.1778,0.9903,4.0361,6498436.7565,6498436.7565
920346.BJ,20260311,1.1746,0.98,39.5622,4.159,6.6567,1.4296,191873.732,106112.2451
300939.SZ,20260311,7.0002,1.05,57.2923,3.3529,3.7185,1.0192,465360.0,465360.0
603236.SH,20260311,1.7625,0.78,24.1254,3.453,1.0025,1.0901,2328203.6363,2116548.7632
920033.BJ,20260311,0.8283,0.89,89.8054,2.7002,8.1801,,201100.302,139700.4971
000576.SZ,20260311,2.1028,0.74,59.1829,2.796,9.6384,,461730.4704,458976.5461
301076.SZ,20260311,2.2667,0.88,110.1818,6.1754,16.3109,0.4274,724008.168,454619.8253
920957.BJ,20260311,1.8084,1.18,253.0106,3.4538,2.2018,0.7924,135414.2835,53893.3743
000786.SZ,20260311,1.0947,1.0,14.982,1.7226,1.8242,3.1587,4626677.5622,4592082.3146
301665.SZ,20260311,15.4834,1.34,29.4793,3.919,2.6964,1.9621,1376100.0,116968.5
301468.SZ,20260311,9.6315,0.85,180.9444,3.6075,17.6142,0.4173,810609.4537,467266.2354
600467.SH,20260311,2.713,0.85,94.2287,1.1275,2.7953,0.3379,385702.4963,385702.4963
603336.SH,20260311,1.3124,0.59,593.8143,4.027,5.4309,0.053,574021.9651,574021.9651
301595.SZ,20260311,10.6646,0.99,97.6786,8.342,6.7152,0.3756,720711.68,162160.128
300962.SZ,20260311,4.0991,0.82,48.8264,5.02,13.7561,0.768,501867.6062,501867.6062
001979.SZ,20260311,0.6534,1.02,21.905,0.8723,0.452,2.0302,8619326.7555,8043806.1974
688472.SH,20260311,11.0728,3.17,55.6496,2.4199,1.4118,0.592,5683298.5747,2102340.85
603626.SH,20260311,6.6518,1.1,,5.7618,3.825,,1229058.5134,1229058.5134
688627.SH,20260311,4.5815,0.97,327.7934,12.9741,19.9706,0.1325,2255812.0372,1736078.7536
601921.SH,20260311,0.2964,0.73,13.7399,1.2953,1.6234,5.0441,1762222.2228,1762222.2228
002925.SZ,20260311,2.1375,1.14,68.6356,3.8645,4.5147,1.2946,1767893.8004,1674831.2383
002123.SZ,20260311,1.959,0.82,,5.1652,2.8168,,891601.7001,797117.2332
603799.SH,20260311,1.6534,0.73,24.1085,2.7075,1.7339,0.6507,12899643.7071,12813620.7145
001360.SZ,20260311,4.6918,1.07,94.8597,3.4291,6.1446,0.6224,486132.0,194884.4709
002049.SZ,20260311,1.3579,0.79,44.8077,4.8896,10.4302,0.2759,6417215.0343,6416069.0554
301300.SZ,20260311,4.4641,1.25,39.4539,3.9416,6.4965,2.1883,315874.784,188747.0273
000565.SZ,20260311,2.5659,0.74,625.3632,2.9213,9.8597,0.1786,364217.4648,364217.4648
605138.SH,20260311,0.3857,0.73,88.675,1.6828,1.1661,0.737,405567.1198,405567.1198
605365.SH,20260311,0.814,0.6,38.2497,2.7321,1.4951,2.0686,1018584.1254,1018584.1254
002434.SZ,20260311,1.0772,0.86,36.0084,1.9592,1.9686,1.1261,1165588.8,1164470.8524
000523.SZ,20260311,2.6701,1.16,13.2492,3.6198,3.2404,,684629.736,494284.7374
002530.SZ,20260311,1.8686,0.75,169.0838,5.7645,6.8881,,763614.2115,681220.8673
688219.SH,20260311,1.1881,0.79,31.1829,2.1319,0.9902,1.1054,641383.2,641383.2
688575.SH,20260311,0.6307,0.74,342.086,3.0455,4.5418,1.4579,821656.3754,821656.3754
301638.SZ,20260311,47.507,1.24,145.2231,10.51,16.5765,,11208267.0608,828305.0605
688186.SH,20260311,6.8787,0.6,36.3364,1.6479,1.5824,0.9815,779199.431,779199.431
603226.SH,20260311,1.3516,0.79,,14.6549,40.3616,,1330605.6951,1330605.6951
300986.SZ,20260311,3.7765,0.79,84.2799,5.2324,4.0602,0.2308,1114389.6024,1113470.0863
603312.SH,20260311,11.2126,2.63,27.5828,5.0445,2.821,2.2879,802077.4935,255259.4535
000430.SZ,20260311,1.3954,1.24,,22.6477,13.2406,,606416.8936,277546.808
601238.SH,20260311,0.304,1.21,,0.7276,0.8114,0.2533,8035287.9292,5818353.7049
301613.SZ,20260311,1.8013,0.53,33.6932,4.7103,2.716,1.2833,747255.2782,435866.9782
600929.SH,20260311,1.6419,1.42,,1.4322,2.4104,1.3227,1079194.5224,1079194.5224
300008.SZ,20260311,7.4428,0.7,51.8152,6.5079,3.1995,,1520665.637,1449615.2625
600028.SH,20260311,0.4856,0.54,21.837,0.9479,0.279,3.5053,78722509.7585,61683861.4691
002348.SZ,20260311,2.9724,0.67,,18.9135,25.0681,,842060.8,803240.8361
300331.SZ,20260311,4.4166,0.62,,7.6025,6.0947,,1189512.9322,962999.3586
603389.SH,20260311,0.6031,1.53,,49.0773,54.9821,,1147963.488,1147963.488
002825.SZ,20260311,1.4388,0.77,23.3227,2.3452,1.9514,1.0645,379787.0612,285276.9369
605018.SH,20260311,1.4115,1.16,66.3724,2.0728,2.7402,1.2389,561728.6226,561728.6226
002132.SZ,20260311,3.0672,1.05,374.0436,1.6315,1.0849,1.1727,566224.058,565390.791
688020.SH,20260311,4.5895,2.4,,5.706,22.0652,0.1901,789133.34,789133.34
300659.SZ,20260311,5.2747,1.59,,3.3489,4.8771,,402306.224,294064.0663
688347.SH,20260311,6.2894,1.79,3988.2387,4.8318,13.0564,,21503198.3884,5045906.25
688283.SH,20260311,0.665,0.81,118.9675,5.6437,22.9277,0.5652,556382.4,556382.4
002635.SZ,20260311,5.2868,1.17,71.3365,1.7249,2.147,1.3115,1006022.3334,602911.3227
002463.SZ,20260311,3.2953,0.94,38.887,9.8353,7.8457,0.647,14863783.9598,14851788.1939
603959.SH,20260311,3.3103,0.69,,132.3069,2.9764,,314281.6539,314281.6539
688361.SH,20260311,1.845,0.77,1032.6686,11.6431,29.0254,,5959778.2937,4225913.7731
300624.SZ,20260311,6.9026,0.95,,13.8038,9.7474,,1490623.058,1320208.0954
000839.SZ,20260311,14.987,4.84,,10.1721,4.8021,,1560090.8881,1560090.8881
300274.SZ,20260311,9.0943,2.76,23.1332,8.2379,3.7572,1.1759,35435329.659,27171313.9023
301356.SZ,20260311,8.0192,1.86,55.9668,1.6856,3.2457,,505872.0,128365.02
600152.SH,20260311,11.423,1.14,,3.0389,3.5545,,517439.6288,517439.6288
300049.SZ,20260311,1.4707,0.65,120.6887,7.8014,10.111,,1486514.799,1309942.5286
600540.SH,20260311,7.1577,0.92,,7.3442,0.739,,320338.705,320338.705
300741.SZ,20260311,0.2484,0.65,,1.5805,8.4144,0.5721,1076558.24,1076552.4716
002686.SZ,20260311,1.6744,0.79,332.0824,2.4737,2.4059,0.1393,405993.4584,374799.2799
300810.SZ,20260311,2.314,0.67,,6.0828,18.9278,0.0515,452603.7,437039.6729
920876.BJ,20260311,10.8447,0.6,291.0677,7.4962,3.4832,,192221.0737,115504.6878
600927.SH,20260311,0.5382,0.92,34.5608,1.6624,1.9099,0.6007,2180422.2229,2180422.2229
688157.SH,20260311,1.583,1.06,292.8619,4.7372,8.8527,0.4053,639959.5483,639959.5483
002587.SZ,20260311,6.1877,0.95,,3.5084,5.9266,0.2785,466505.6157,381411.5654
920199.BJ,20260311,11.9782,1.36,439.1312,5.7142,11.0251,,302271.2924,168321.1577
603327.SH,20260311,1.0064,0.65,107.2394,4.4358,4.124,1.8016,1061141.2504,1061141.2504
601311.SH,20260311,2.7555,1.61,15.3772,1.1633,0.6988,2.9683,1146163.7573,1146163.7573
002512.SZ,20260311,20.9668,61.7,,12.3764,2.6608,,480598.545,472803.1698
600966.SH,20260311,1.7652,1.12,74.8246,1.5019,0.5709,0.3174,1108243.9148,1108243.9148
600358.SH,20260311,2.2698,1.63,,44.3068,8.1508,,324674.2724,324674.2724
002893.SZ,20260311,2.0397,0.58,37.6438,2.5361,2.5059,0.8718,308458.8,237250.9831
300648.SZ,20260311,2.7973,0.69,,8.0186,9.5715,,1092047.2524,831416.3848
002382.SZ,20260311,2.9907,0.97,,0.8875,1.183,,683846.74,678800.4969
002243.SZ,20260311,1.0671,0.88,54.7016,1.714,5.2079,0.6803,1245711.7414,1239062.4164
688147.SH,20260311,1.2987,1.0,166.8431,12.3327,13.4916,0.0567,3550911.0791,3550911.0791
002898.SZ,20260311,1.4967,1.14,,4.3764,8.2305,,201520.0,115945.6323
002760.SZ,20260311,11.8138,2.25,,3.2229,4.4798,,266516.1264,266516.1264
002963.SZ,20260311,3.2088,1.03,,1.8776,6.999,1.2399,242530.5671,184223.8786
688728.SH,20260311,0.6837,0.59,748.5946,4.7992,4.8457,0.15,3770850.6672,3623386.4009
301668.SZ,20260311,16.1973,0.87,56.5071,6.4065,7.157,0.8664,634810.0,133010.3889
300059.SZ,20260311,1.3479,0.82,26.7901,3.8177,99.4632,0.2791,33931268.8882,28719100.7592
600616.SH,20260311,0.8228,0.63,139.0591,1.869,6.4912,0.9311,359255.6582,359255.6582
300831.SZ,20260311,17.845,0.73,669.0745,7.1891,55.4142,0.2217,658880.0,379853.0502
688126.SH,20260311,1.0571,1.14,,3.8852,17.7079,,6580301.5755,5438732.3861
301011.SZ,20260311,1.3169,1.08,46.5564,4.0087,3.7862,0.7684,381438.4384,347135.5563
000661.SZ,20260311,1.1928,0.86,38.8349,1.6188,2.8907,2.8043,3724469.6398,3648481.0058
301157.SZ,20260311,8.0372,0.94,102.1239,3.2659,13.4423,0.3359,357300.0,123030.6275
301279.SZ,20260311,1.4191,1.14,64.141,2.9079,5.8014,0.6582,391552.2205,295919.3455
000889.SZ,20260311,1.9123,0.91,,46.9616,2.1216,,333319.6373,309666.4847
688679.SH,20260311,1.3885,0.69,,5.2143,4.0802,0.1149,573113.4656,573113.4656
603177.SH,20260311,3.0982,0.78,215.2779,6.9862,2.4405,0.3259,252993.888,252993.888
002967.SZ,20260311,0.8289,0.74,36.0823,3.0807,4.1902,1.1586,1451086.4507,1248680.9356
688709.SH,20260311,3.8453,0.89,130.2856,10.0312,35.9451,0.0415,3065781.5832,1067486.4523
688367.SH,20260311,1.82,0.76,304.532,5.1623,15.5406,0.3139,307036.5984,307036.5984
600017.SH,20260311,1.8228,1.1,18.303,0.7142,1.2707,3.6728,996511.8597,996511.8597
688570.SH,20260311,0.4485,0.94,83.7125,1.9074,5.0704,1.7414,820535.0,356639.0
300570.SZ,20260311,11.3817,1.13,78.4521,17.7561,17.5877,0.6163,2948106.7337,2494665.4385
601038.SH,20260311,1.1725,0.89,19.8183,2.0608,1.4864,2.5587,1615801.9055,1052192.1855
600313.SH,20260311,8.1083,0.48,183.4287,4.1313,1.5783,,981361.0038,914457.8702
301081.SZ,20260311,2.9937,1.12,206.2998,2.744,3.3357,2.2257,295354.6206,283358.2596
688608.SH,20260311,1.4976,0.99,53.3391,4.4523,8.9018,0.4579,3137703.471,3137703.471
601519.SH,20260311,1.0911,0.9,,16.7219,27.7781,,2267642.4,2267642.4
002094.SZ,20260311,2.5192,0.76,131.8821,3.2355,2.9828,,500209.8255,499888.3695
301535.SZ,20260311,9.1206,1.14,99.6093,11.2391,16.2701,0.7433,1247387.6481,187108.1481
603067.SH,20260311,5.8288,1.2,56.5382,8.4409,6.8339,0.3268,2931886.1426,2931886.1426
601677.SH,20260311,2.2074,0.63,11.8813,1.1148,0.5991,1.3161,2069223.3153,2026763.0273
001289.SZ,20260311,0.2919,1.14,28.7962,2.0189,4.6012,1.8081,15156346.7053,9141026.6393
000685.SZ,20260311,1.0173,0.8,12.5063,0.9658,3.1371,0.6932,1736206.0601,1475913.4635
002986.SZ,20260311,11.8511,1.02,,1.6765,0.8691,1.8005,638984.06,507388.74
301325.SZ,20260311,6.4075,1.57,,2.6343,4.6168,,746083.4421,300184.0195
300268.SZ,20260311,1.099,1.07,,,1.1456,,257467.6,197619.685
600202.SH,20260311,2.0682,0.75,,3.1097,1.9432,0.1527,251088.1402,251088.1402
600675.SH,20260311,0.4395,0.77,29.6857,1.1368,1.3244,,1668733.3514,1668733.3514
603018.SH,20260311,1.237,0.88,16.3707,1.0453,1.2863,1.2294,550456.1044,550456.1044
301187.SZ,20260311,0.5055,0.75,29.0007,3.8109,3.0233,2.0962,577934.3012,577932.4309
002795.SZ,20260311,3.8237,0.61,,7.7205,4.4355,,344957.8805,339289.0076
300575.SZ,20260311,3.5025,0.73,,1.6696,1.3105,0.705,329601.7484,236811.3773
300247.SZ,20260311,1.6898,0.86,50.5739,3.4446,4.4995,,389155.5115,388785.2515
603038.SH,20260311,1.1914,1.12,124.6778,3.1339,3.0988,0.3077,436600.2973,436600.2973
002030.SZ,20260311,0.9289,0.76,,1.1223,11.3488,,868733.0938,868733.0938
600157.SH,20260311,10.8408,1.55,145.2016,0.9086,1.8036,,4276281.7724,4276281.7724
001208.SZ,20260311,8.9165,0.75,126.7651,5.0371,3.2914,0.2274,1457354.0363,601337.0564
002772.SZ,20260311,2.8047,0.82,29.8972,2.1848,3.6541,2.3143,728676.2382,722888.9375
603212.SH,20260311,4.8973,1.18,,2.5098,2.344,,641361.2724,641361.2724
920099.BJ,20260311,4.0383,0.6,25.0905,2.9193,4.6417,0.5814,269695.9931,168043.6044
002394.SZ,20260311,5.398,0.99,15.8284,1.2249,1.4878,0.6112,529573.2,528895.2514
002723.SZ,20260311,5.7501,1.08,,3.5577,3.0286,,335008.675,319650.5925
300050.SZ,20260311,3.8506,1.28,,8.4264,13.2523,,345432.8192,345221.9705
603819.SH,20260311,1.8147,0.95,106.112,3.4808,1.8972,0.1559,279347.8299,279347.8299
920656.BJ,20260311,1.3252,1.05,24.5274,2.4223,7.7244,1.1737,170400.0,55169.1828
000612.SZ,20260311,3.813,0.69,17.8466,2.4664,2.591,0.8984,1725112.5231,1723984.9484
301101.SZ,20260311,1.0313,0.85,40.755,4.48,9.4639,1.3038,769776.222,729302.367
605337.SH,20260311,0.7544,0.59,20.9347,3.0402,3.3898,6.363,449007.7162,449007.7162
300239.SZ,20260311,1.0682,0.63,51.907,2.0907,4.5091,0.412,353790.3281,351498.0227
601333.SH,20260311,1.5714,1.42,17.0693,0.7917,0.7886,2.2222,2231314.155,1780454.655
688678.SH,20260311,3.0597,1.11,125.5062,3.054,3.5141,0.3741,693055.2485,693055.2485
301391.SZ,20260311,2.8477,1.29,399.729,4.0498,13.416,0.1315,840596.0329,821316.7301
300583.SZ,20260311,1.2564,0.79,,1.5962,2.9526,0.1346,281897.3592,276617.304
300636.SZ,20260311,1.1494,0.74,36.1689,1.4388,4.1425,0.4914,341840.5169,299029.1548
002952.SZ,20260311,9.7389,0.74,348.4215,4.9567,4.9667,0.1883,431063.82,345304.9189
601969.SH,20260311,2.9582,0.72,51.6083,3.4617,5.7313,0.8977,2437862.8662,2414127.6015
000411.SZ,20260311,1.1253,0.89,13.2474,1.2833,0.1948,3.0622,653135.4061,425167.2191
603238.SH,20260311,1.1365,1.04,25.7796,2.1759,1.163,1.6959,314013.421,314013.421
603386.SH,20260311,2.5084,0.97,,3.5524,1.9256,,483610.0339,483610.0339
300456.SZ,20260311,6.0689,1.03,23.4428,5.25,33.651,,3571735.6677,2914356.6025
000657.SZ,20260311,6.5267,1.27,90.6901,14.506,8.2927,0.2546,14321028.654,9131635.7745
603395.SH,20260311,6.4651,0.62,298.133,5.7879,2.4531,0.3705,809640.0,202410.0
688027.SH,20260311,3.5778,0.79,12628.9199,20.9834,219.3346,,6809398.2662,5320783.294
603429.SH,20260311,1.0736,0.68,,3.8552,26.4891,,475708.3168,475708.3168
300917.SZ,20260311,2.0161,0.64,45.7499,5.1402,2.0492,0.707,597584.0,597584.0
301266.SZ,20260311,6.284,1.17,122.1157,3.0439,1.794,0.2002,548797.3457,520615.0133
688399.SH,20260311,0.8516,0.66,,1.7004,14.6365,5.7239,498198.0227,498198.0227
603737.SH,20260311,0.7818,1.48,53.6495,12.396,2.8895,1.5062,3568823.1169,3568823.1169
601158.SH,20260311,0.2413,0.81,26.7802,1.3052,3.005,3.3691,2236810.7539,2236810.7539
603897.SH,20260311,6.6401,1.01,27.4588,2.9934,0.5571,5.162,719841.2196,719841.2196
600539.SH,20260311,6.7239,1.17,,9.6614,6.5817,,289800.0,289800.0
001299.SZ,20260311,4.608,0.69,33.7074,2.8182,4.7077,5.3452,341635.1572,307508.494
002406.SZ,20260311,2.1306,0.76,46.8011,1.487,4.2687,1.836,596593.892,492007.9377
300121.SZ,20260311,2.8031,0.85,35.9458,1.7446,1.7266,1.0266,600175.4077,578776.0884
003011.SZ,20260311,6.1266,1.23,20.2981,1.994,2.2211,2.1642,281845.62,214353.6627
688334.SH,20260311,4.4769,0.78,31.9862,2.7348,9.1658,1.4763,795564.1981,394301.5061
000021.SZ,20260311,6.4234,0.89,49.189,3.958,3.3044,0.5883,5040379.4212,5039573.422
688371.SH,20260311,0.6265,1.17,233.4171,3.5824,13.393,,707846.6712,707846.6712
603360.SH,20260311,0.911,0.71,89.1807,12.7907,13.0898,1.571,1926578.1281,1926578.1281
002928.SZ,20260311,2.741,1.15,20.6947,3.0147,1.6533,,1202825.2986,1202819.2997
688515.SH,20260311,4.5517,1.02,,6.8486,16.6399,,1028160.0,640278.9288
000875.SZ,20260311,4.3926,0.94,62.2679,1.6774,2.1943,0.709,2916325.5833,2687293.5131
600521.SH,20260311,0.9215,0.82,51.1165,2.5811,2.7474,1.5571,2392608.9133,2392608.9133
300215.SZ,20260311,11.9287,0.77,,4.087,15.0959,0.0467,801530.7801,534861.3237
001306.SZ,20260311,4.6045,1.13,117.5283,3.4762,5.9779,0.217,465785.7966,114870.5
300884.SZ,20260311,3.6186,1.03,,3.0409,5.8187,,384602.1723,289985.9773
688488.SH,20260311,2.1427,0.97,,7.4735,10.0018,,720800.9501,720800.9501
002663.SZ,20260311,2.9891,0.78,,1.6894,2.0487,,399816.9453,299950.9716
600221.SH,20260311,0.7201,0.67,,12.3659,0.9941,,6655207.4104,6598209.2997
002572.SZ,20260311,2.1325,1.21,11.1644,1.7524,1.2823,7.6278,1262554.832,854068.8058
002112.SZ,20260311,29.8975,0.91,95.0857,9.0013,4.0715,0.234,783859.8665,698442.0008
600187.SH,20260311,1.685,0.85,182.0214,1.0552,18.0375,,335666.4694,335666.4694
002759.SZ,20260311,14.2534,2.2,,5.9414,7.6769,,1844085.2212,1842465.0181
000716.SZ,20260311,0.9784,0.67,102.1915,1.7174,1.8653,0.8613,437425.6331,429233.6998
603519.SH,20260311,0.7494,0.6,21.8137,3.0611,2.1253,7.2452,364070.1559,364070.1559
300925.SZ,20260311,2.139,0.85,81.6752,3.9462,1.7948,0.3166,865992.0689,706083.1483
300153.SZ,20260311,11.2651,1.03,245.4177,13.0006,6.7603,,1181440.0,1175274.7957
688035.SH,20260311,6.5715,1.07,98.691,4.474,6.7138,0.4735,1038778.72,1038778.72
301025.SZ,20260311,4.4505,1.1,773.0698,7.6972,12.8805,0.2521,476368.186,329809.3806
002083.SZ,20260311,5.3328,2.06,35.3021,2.3739,2.0994,1.2543,1084848.3078,1084489.0368
301311.SZ,20260311,1.5299,0.63,,2.5001,2.1368,0.2897,447360.0,447360.0
600335.SH,20260311,0.7046,0.69,22.9043,0.8359,0.2723,1.7054,964783.7063,964783.7063
301293.SZ,20260311,18.3183,1.81,202.0044,7.2688,10.335,0.1768,1698980.6688,1327480.0676
300537.SZ,20260311,4.3797,0.93,,5.62,10.5686,,507463.5243,370793.3923
300658.SZ,20260311,14.4132,0.77,259.0683,7.056,5.4866,0.2077,947379.4069,642038.3979
002733.SZ,20260311,21.6198,2.04,122.6338,3.7824,3.1422,0.3635,1039301.3397,997773.7631
688071.SH,20260311,3.9069,1.04,,2.9244,5.8058,,299901.2538,299901.2538
601665.SH,20260311,0.9949,1.17,6.1393,0.7406,2.6705,4.0476,3507690.2393,3507690.2393
300523.SZ,20260311,1.5601,1.11,,5.1985,4.5104,,549257.4633,548598.3241
603197.SH,20260311,0.8815,0.72,29.4505,2.3633,0.9222,2.3847,742040.6382,742040.6382
000977.SZ,20260311,2.8984,1.04,36.926,4.3931,0.6011,0.1849,9155951.9439,9145696.2979
300795.SZ,20260311,0.9573,0.71,31.4962,6.8644,5.2688,2.592,383181.9413,222125.9864
600196.SH,20260311,0.6215,0.93,21.1273,1.444,1.7536,1.2206,6935104.957,5501715.4785
002329.SZ,20260311,2.781,0.79,,3.6328,1.7548,,324637.5542,253651.6804
600757.SH,20260311,0.7988,1.22,9.9366,1.1203,1.6024,4.4907,1108062.6992,1107922.855
301598.SZ,20260311,2.4778,0.73,33.0046,4.0027,6.8218,3.1104,378709.1439,112831.8589
002949.SZ,20260311,1.9306,0.68,34.7867,2.025,2.3403,2.3474,292301.4012,226456.4929
601816.SH,20260311,0.2578,0.76,19.0377,1.227,5.8334,3.0846,24854245.12,24854245.12
688329.SH,20260311,1.617,0.79,109.9436,2.6074,4.5894,,207668.0,207668.0
603050.SH,20260311,1.8007,0.84,38.4298,5.1713,2.0074,0.576,946186.8268,946186.8268
603311.SH,20260311,2.4594,1.17,41.73,2.7547,4.4434,0.7477,378593.6707,378593.6707
603355.SH,20260311,0.3482,0.55,18.614,3.3143,1.8418,,1810784.9785,1810784.9785
000615.SZ,20260311,0.6872,0.96,,,5.7014,,582722.6179,301653.1457
002420.SZ,20260311,2.5769,1.07,54.621,5.4231,1.1333,,333967.48,324442.1922
300154.SZ,20260311,1.5126,0.77,38.7956,2.2606,4.5944,2.2272,403700.5705,282947.3636
300719.SZ,20260311,22.027,1.78,525.7435,4.614,6.7049,0.2124,478709.7235,338224.7086
301308.SZ,20260311,6.0079,0.74,207.9093,18.0742,6.5003,,13605036.2216,8906559.6499
688549.SH,20260311,4.1176,0.86,,4.9246,12.2071,0.05,1478753.276,589908.319
600228.SH,20260311,1.6395,1.21,,5.9537,6.7066,,245836.7319,245461.9344
605598.SH,20260311,2.1253,1.71,198.5129,6.8652,8.4178,0.2235,1247627.1107,1239628.7427
001201.SZ,20260311,1.4406,0.7,170.7675,1.1459,1.895,,389253.8415,306733.323
600376.SH,20260311,7.0228,3.28,,2.2112,0.4378,,1441976.9703,1441976.9703
600463.SH,20260311,1.3012,1.05,,3.5859,5.5736,,329700.0,329700.0
002249.SZ,20260311,1.586,0.69,23.8155,2.6452,2.0306,2.2119,2528128.3179,1899531.1253
300898.SZ,20260311,2.3377,1.03,32.793,3.2152,4.0342,2.3603,315208.0,291655.5794
603402.SH,20260311,3.7231,0.73,28.9529,3.7756,10.2919,,1087693.3427,271923.3427
688726.SH,20260311,8.9225,1.13,45.0078,6.7778,5.0465,0.5444,2755002.1066,1494826.6498
300690.SZ,20260311,3.1004,1.41,30.9877,3.2587,4.9507,0.6737,515392.5805,345305.5583
300851.SZ,20260311,1.5997,0.75,53.0403,2.1541,8.0337,1.3514,276622.0788,172178.0996
601061.SH,20260311,2.2662,0.7,24.0596,2.9707,0.4943,2.0529,6850200.0,700613.0781
301206.SZ,20260311,0.7656,0.52,60.7578,1.3167,8.2334,5.4137,554979.3951,357366.6036
688085.SH,20260311,1.1614,0.98,111.0672,3.3396,12.9504,0.0166,702938.9458,671906.9344
603726.SH,20260311,1.5484,0.86,21.952,3.3596,2.406,1.5711,472111.0016,469707.8666
920799.BJ,20260311,1.2454,0.77,131.348,20.596,17.8443,0.6089,857580.8444,493440.2862
603066.SH,20260311,0.7076,0.78,479.4762,2.1976,2.5653,0.4851,315361.0393,315361.0393
301302.SZ,20260311,12.9946,0.61,,3.1701,19.6565,,497832.81,443934.06
300397.SZ,20260311,5.9981,0.87,,4.971,18.1977,,715373.9816,560408.4739
603297.SH,20260311,1.2409,0.86,61.2421,6.7224,14.6806,0.7019,1343443.437,1340929.401
600133.SH,20260311,2.4762,1.26,26.9571,1.1835,2.7537,1.694,1038517.6383,1038517.6383
300011.SZ,20260311,4.9093,1.09,714.9814,3.7549,3.5987,,586783.17,491531.0679
300872.SZ,20260311,2.7491,1.26,173.2789,2.3772,4.6087,0.2629,866414.9223,749124.0051
301110.SZ,20260311,3.4354,1.12,59.3728,3.9868,4.2564,0.6366,581399.4972,410698.241
301036.SZ,20260311,1.6183,0.74,41.999,1.8535,2.0236,0.6513,307100.0,216301.6931
001219.SZ,20260311,1.7628,0.87,28.5198,2.8359,5.3355,2.6385,295595.365,288225.0596
603950.SH,20260311,4.4419,1.01,45.0027,5.4277,6.8424,0.2528,1572034.38,1569492.98
301088.SZ,20260311,0.9105,0.94,41.4264,1.4045,5.4412,3.7369,348231.2,287034.8
688097.SH,20260311,4.1423,1.74,40.9381,4.8977,3.6843,0.4312,2420830.8863,2411947.5063
000951.SZ,20260311,2.9583,1.53,17.005,1.7881,0.5236,3.1013,2713948.2216,2713948.2216
300529.SZ,20260311,0.6154,0.77,31.295,4.5548,7.3995,4.1087,1507766.7592,967538.0736
920098.BJ,20260311,1.2758,0.53,41.1871,2.4894,4.9231,1.0402,234527.9442,159703.415
003005.SZ,20260311,1.8662,0.78,,2.5788,12.4727,1.1411,463471.5481,254337.3466
688525.SH,20260311,7.3493,0.63,115.3596,21.8461,8.8512,,9998487.1208,9998487.1208
603716.SH,20260311,16.7187,1.83,,4.8219,4.0919,,510573.6771,510573.6771
300549.SZ,20260311,2.4003,0.83,321.8917,4.5635,7.9707,0.2653,251345.9,190488.0624
002259.SZ,20260311,2.9269,0.44,82.6223,15.7957,4.5637,,428827.1122,428827.1122
688108.SH,20260311,1.7179,0.8,191.801,10.0054,17.2619,,906955.84,906955.84
301113.SZ,20260311,2.3343,0.89,343.1721,3.7221,7.4397,1.7109,252434.0,152895.8507
001333.SZ,20260311,4.4918,1.13,26.84,2.028,2.0897,1.326,347520.0,119460.0
300999.SZ,20260311,4.0798,0.7,52.6701,1.7221,0.6775,0.3624,16606334.8748,1662128.0581
300329.SZ,20260311,1.372,0.89,,5.1898,27.5921,,351768.293,350710.7254
600249.SH,20260311,1.0027,0.61,155.602,1.4607,2.972,0.5155,320100.0,320100.0
300707.SZ,20260311,3.447,0.76,130.1038,2.6831,3.8647,0.3413,306828.2337,249029.1232
603826.SH,20260311,1.9969,0.7,441.4556,8.1077,15.323,,1581652.8,1581652.8
600397.SH,20260311,9.983,0.87,,117.2874,4.5475,,1823506.1026,1823506.1026
000428.SZ,20260311,1.2313,0.73,,2.8072,7.1539,,391267.584,391267.584
600866.SH,20260311,7.079,2.3,10.5442,1.6259,0.8126,4.674,1350777.2368,1020940.4604
002146.SZ,20260311,2.1969,0.92,,0.5782,0.2324,,687009.8885,618020.3735
300976.SZ,20260311,1.3951,0.87,27.0509,2.2202,2.5588,1.3201,786118.9142,505171.1685
600648.SH,20260311,0.1933,0.82,20.6476,0.9252,2.177,3.3915,1403429.409,1174179.3531
300911.SZ,20260311,4.9595,0.65,,6.6798,15.7252,1.7524,783943.466,732635.4513
920879.BJ,20260311,2.3293,1.66,47.5868,6.4913,9.6028,1.5077,391694.1889,306089.3932
688114.SH,20260311,0.4954,0.56,,3.0336,8.33,,2315413.3056,2303286.7641
600967.SH,20260311,1.62,1.0,53.3684,2.3482,2.6335,0.4276,2785837.8699,2785837.8699
920403.BJ,20260311,5.9307,0.48,32.0458,4.5891,7.1157,0.5516,257345.1972,153052.3722
688765.SH,20260311,3.1032,1.2,,8.8876,537.9523,,2574715.0,295129.1231
600039.SH,20260311,0.1556,0.49,11.1494,1.744,0.794,4.1292,8626025.9198,8626025.9198
000031.SZ,20260311,0.4045,0.62,,1.3747,0.3874,,1393051.8352,1393049.0278
000738.SZ,20260311,2.5264,0.77,63.6539,2.6529,6.3462,0.6804,3324785.1545,3324785.1545
600888.SH,20260311,3.4925,0.8,15.9718,1.1596,1.7693,2.7556,1375383.3102,1375383.3102
600340.SH,20260311,1.6852,0.8,,,0.4473,,614454.0937,611256.7447
688489.SH,20260311,0.741,0.85,,2.6839,8.9017,0.2577,492866.9939,489106.1186
603209.SH,20260311,3.0311,0.7,18.8778,1.5117,3.2718,1.1135,502450.0,497026.009
603159.SH,20260311,0.5316,0.69,544.3026,7.115,8.0759,0.2551,356720.0,356720.0
600812.SH,20260311,2.8628,0.79,54.1811,1.8014,1.0125,0.519,991692.1539,991692.1539
688561.SH,20260311,1.9031,1.24,,3.2282,5.484,,2408352.1193,2408352.1193
600955.SH,20260311,1.4775,1.31,,1.2584,1.1685,0.1548,1058750.0,1058750.0
002712.SZ,20260311,2.021,0.74,,2.2409,0.4285,,305338.9471,303445.0532
603566.SH,20260311,0.7459,0.61,33.0961,1.8946,4.3076,4.3145,475489.5631,475489.5631
920208.BJ,20260311,0.6954,0.95,17.5372,3.059,3.4056,2.9012,329426.8119,240662.7503
000061.SZ,20260311,0.8052,0.76,55.3257,2.2044,2.61,0.6414,1851968.7977,1583238.4946
600118.SH,20260311,3.0391,0.74,1915.7373,17.3344,16.7195,0.0107,11008973.8469,11008973.8469
300036.SZ,20260311,2.0421,0.82,,3.2272,5.7298,,869240.3124,773474.7986
000837.SZ,20260311,7.9141,5.6,284.7271,2.6461,3.1409,0.2387,1286094.3171,1266305.9946
688699.SH,20260311,3.5761,1.09,,4.5099,8.0789,,537225.5078,537225.5078
300413.SZ,20260311,1.3004,0.8,44.7755,1.8095,3.2572,0.9821,4190414.6256,2288607.9059
920855.BJ,20260311,0.922,1.14,37.4869,2.282,4.9112,1.1932,131530.6661,117984.9634
002324.SZ,20260311,4.1986,1.51,75.0326,4.2166,2.06,0.2844,1928791.054,1346062.5181
300004.SZ,20260311,4.1465,1.1,98.0029,3.6327,10.9029,,646551.3765,646551.3765
300756.SZ,20260311,1.9773,1.09,84.6812,4.7144,10.0595,0.1142,690280.0109,574788.9461
300915.SZ,20260311,6.2885,2.07,428.4165,2.1702,3.1723,1.0739,333725.7387,152761.2678
001318.SZ,20260311,0.735,0.76,35.3324,2.8542,8.3985,1.2363,411552.96,411552.96
300373.SZ,20260311,1.5673,0.68,32.889,4.6498,6.1781,1.0341,4298424.343,4288931.7205
002303.SZ,20260311,1.6576,0.62,18.3473,1.3401,1.4583,5.0904,592622.2661,374204.6217
603119.SH,20260311,5.3589,1.05,119.7663,16.3224,24.8693,0.2212,3197293.4985,1792100.6556
605117.SH,20260311,1.5341,0.82,39.0729,14.2827,9.958,2.2387,11986300.7227,11986300.7227
688162.SH,20260311,0.927,0.72,55.9094,1.8652,1.0436,,452432.5575,452432.5575
301276.SZ,20260311,6.6943,1.81,26.8975,1.7407,3.2377,2.1436,362750.4,202277.032
920204.BJ,20260311,2.7537,0.64,80.2485,3.4021,5.1996,0.3378,167455.1275,88783.5596
600595.SH,20260311,2.5712,0.84,29.6889,2.0708,1.5246,,3454814.2083,3454814.2083
603398.SH,20260311,2.3677,1.87,,6.5673,16.6513,,421933.2029,421933.2029
002588.SZ,20260311,3.0875,1.02,13.0996,1.7476,1.0963,2.7453,1279751.9898,953901.9003
002649.SZ,20260311,1.8632,0.76,58.1714,1.7668,1.1082,1.3339,750411.69,703232.6003
000672.SZ,20260311,1.5549,0.87,18.29,1.5483,2.6258,4.3727,1373633.3527,1373633.3527
688083.SH,20260311,0.8603,0.71,472.66,3.7937,11.3823,0.593,1017707.8298,1017707.8298
000892.SZ,20260311,5.2581,1.04,,7.4563,10.9721,,629789.4637,456357.0035
600839.SH,20260311,3.6299,1.4,34.0784,3.0123,0.4302,0.4955,4657790.42,4656493.2587
603063.SH,20260311,10.9969,1.74,29.3837,3.0868,3.6492,0.354,1532667.1638,1532667.1638
688548.SH,20260311,3.5407,0.66,114.4038,5.4567,13.5016,0.3344,3273427.7306,1714889.534
000659.SZ,20260311,2.9568,1.01,,30.2514,5.1634,,514281.008,514281.008
300076.SZ,20260311,2.719,0.98,,3.6583,27.2303,,329024.0,329024.0
600658.SH,20260311,0.9709,1.02,,1.0189,4.0542,,564885.4477,564885.4477
002697.SZ,20260311,1.7025,0.79,15.1138,1.656,0.8205,2.014,776560.0,653739.3275
002376.SZ,20260311,1.5053,0.88,88.986,1.6557,2.3571,2.5302,627375.4067,604733.7101
300661.SZ,20260311,10.2069,2.9,84.8875,9.6663,12.8057,0.2005,4741651.252,4547578.2071
